Unity Editor version:    2022.3.32f1 (c8300dc0a3fa)
Branch:                  2022.3/staging
Build type:              Release
Batch mode:              YES
macOS version:           Version 14.5 (Build 23F79)
Darwin version:          23.5.0
Architecture:            arm64
Running under Rosetta:   NO
Available memory:        16384 MB
Using pre-set license
Pro License: YES

COMMAND LINE ARGUMENTS:
/Applications/Unity/Hub/Editor/2022.3.32f1/Unity.app/Contents/MacOS/Unity
-adb2
-batchMode
-noUpm
-name
AssetImportWorker0
-projectPath
/Volumes/Alex SSD/Unity/DetectiveBoyPrototype/Detective_Boy_Prototype
-logFile
Logs/AssetImportWorker0.log
-srvPort
50791
Successfully changed project path to: /Volumes/Alex SSD/Unity/DetectiveBoyPrototype/Detective_Boy_Prototype
/Volumes/Alex SSD/Unity/DetectiveBoyPrototype/Detective_Boy_Prototype
[UnityMemory] Configuration Parameters - Can be set up in boot.config
    "memorysetup-bucket-allocator-granularity=16"
    "memorysetup-bucket-allocator-bucket-count=8"
    "memorysetup-bucket-allocator-block-size=33554432"
    "memorysetup-bucket-allocator-block-count=8"
    "memorysetup-main-allocator-block-size=16777216"
    "memorysetup-thread-allocator-block-size=16777216"
    "memorysetup-gfx-main-allocator-block-size=16777216"
    "memorysetup-gfx-thread-allocator-block-size=16777216"
    "memorysetup-cache-allocator-block-size=4194304"
    "memorysetup-typetree-allocator-block-size=2097152"
    "memorysetup-profiler-bucket-allocator-granularity=16"
    "memorysetup-profiler-bucket-allocator-bucket-count=8"
    "memorysetup-profiler-bucket-allocator-block-size=33554432"
    "memorysetup-profiler-bucket-allocator-block-count=8"
    "memorysetup-profiler-allocator-block-size=16777216"
    "memorysetup-profiler-editor-allocator-block-size=1048576"
    "memorysetup-temp-allocator-size-main=16777216"
    "memorysetup-job-temp-allocator-block-size=2097152"
    "memorysetup-job-temp-allocator-block-size-background=1048576"
    "memorysetup-job-temp-allocator-reduction-small-platforms=262144"
    "memorysetup-allocator-temp-initial-block-size-main=262144"
    "memorysetup-allocator-temp-initial-block-size-worker=262144"
    "memorysetup-temp-allocator-size-background-worker=32768"
    "memorysetup-temp-allocator-size-job-worker=262144"
    "memorysetup-temp-allocator-size-preload-manager=33554432"
    "memorysetup-temp-allocator-size-nav-mesh-worker=65536"
    "memorysetup-temp-allocator-size-audio-worker=65536"
    "memorysetup-temp-allocator-size-cloud-worker=32768"
    "memorysetup-temp-allocator-size-gi-baking-worker=262144"
    "memorysetup-temp-allocator-size-gfx=262144"
Player connection [8450542592] Host "[IP] 10.25.100.247 [Port] 0 [Flags] 2 [Guid] 2974856462 [EditorId] 2974856462 [Version] 1048832 [Id] OSXEditor(0,Alexanders-MacBook-Pro.local) [Debug] 1 [PackageName] OSXEditor [ProjectName] Editor" joined multi-casting on [225.0.0.222:54997]...

Player connection [8450542592] Host "[IP] 10.25.100.247 [Port] 0 [Flags] 2 [Guid] 2974856462 [EditorId] 2974856462 [Version] 1048832 [Id] OSXEditor(0,Alexanders-MacBook-Pro.local) [Debug] 1 [PackageName] OSXEditor [ProjectName] Editor" joined alternative multi-casting on [225.0.0.222:34997]...

[PhysX] Initialized MultithreadedTaskDispatcher with 10 workers.
Refreshing native plugins compatible for Editor in 17.30 ms, found 4 plugins.
Preloading 0 native plugins for Editor in 0.00 ms.
Initialize engine version: 2022.3.32f1 (c8300dc0a3fa)
[Subsystems] Discovering subsystems at path /Applications/Unity/Hub/Editor/2022.3.32f1/Unity.app/Contents/Resources/UnitySubsystems
[Subsystems] Discovering subsystems at path /Volumes/Alex SSD/Unity/DetectiveBoyPrototype/Detective_Boy_Prototype/Assets
GfxDevice: creating device client; threaded=0; jobified=0
 preferred device: Apple M1 Pro (high power)
Metal devices available: 1
0: Apple M1 Pro (high power)
Using device Apple M1 Pro (high power)
Initializing Metal device caps: Apple M1 Pro
Initialize mono
Mono path[0] = '/Applications/Unity/Hub/Editor/2022.3.32f1/Unity.app/Contents/Managed'
Mono path[1] = '/Applications/Unity/Hub/Editor/2022.3.32f1/Unity.app/Contents/MonoBleedingEdge/lib/mono/unityjit-macos'
Mono config path = '/Applications/Unity/Hub/Editor/2022.3.32f1/Unity.app/Contents/MonoBleedingEdge/etc'
Using monoOptions --debugger-agent=transport=dt_socket,embedding=1,server=y,suspend=n,address=127.0.0.1:56558
Begin MonoManager ReloadAssembly
Registering precompiled unity dll's ...
Register platform support module: /Applications/Unity/Hub/Editor/2022.3.32f1/PlaybackEngines/WebGLSupport/UnityEditor.WebGL.Extensions.dll
Register platform support module: /Applications/Unity/Hub/Editor/2022.3.32f1/Unity.app/Contents/PlaybackEngines/MacStandaloneSupport/UnityEditor.OSXStandalone.Extensions.dll
Register platform support module: /Applications/Unity/Hub/Editor/2022.3.32f1/PlaybackEngines/AndroidPlayer/UnityEditor.Android.Extensions.dll
Register platform support module: /Applications/Unity/Hub/Editor/2022.3.32f1/PlaybackEngines/iOSSupport/UnityEditor.iOS.Extensions.dll
Register platform support module: /Applications/Unity/Hub/Editor/2022.3.32f1/PlaybackEngines/WindowsStandaloneSupport/UnityEditor.WindowsStandalone.Extensions.dll
Registered in 0.003985 seconds.
- Loaded All Assemblies, in  0.254 seconds
Native extension for WindowsStandalone target not found
[usbmuxd] Start listen thread
[usbmuxd] Listen thread started
[usbmuxd] Send listen message
Native extension for iOS target not found
Native extension for Android target not found
Android Extension - Scanning For ADB Devices 83 ms
Native extension for OSXStandalone target not found
Native extension for WebGL target not found
Mono: successfully reloaded assembly
- Finished resetting the current domain, in  0.352 seconds
Domain Reload Profiling: 606ms
	BeginReloadAssembly (83ms)
		ExecutionOrderSort (0ms)
		DisableScriptedObjects (0ms)
		BackupInstance (0ms)
		ReleaseScriptingObjects (0ms)
		CreateAndSetChildDomain (0ms)
	RebuildCommonClasses (23ms)
	RebuildNativeTypeToScriptingClass (8ms)
	initialDomainReloadingComplete (33ms)
	LoadAllAssembliesAndSetupDomain (107ms)
		LoadAssemblies (84ms)
		RebuildTransferFunctionScriptingTraits (0ms)
		AnalyzeDomain (105ms)
			TypeCache.Refresh (104ms)
				TypeCache.ScanAssembly (94ms)
			ScanForSourceGeneratedMonoScriptInfo (0ms)
			ResolveRequiredComponents (0ms)
	FinalizeReload (353ms)
		ReleaseScriptCaches (0ms)
		RebuildScriptCaches (0ms)
		SetupLoadedEditorAssemblies (315ms)
			LogAssemblyErrors (0ms)
			InitializePlatformSupportModulesInManaged (217ms)
			SetLoadedEditorAssemblies (2ms)
			RefreshPlugins (0ms)
			BeforeProcessingInitializeOnLoad (1ms)
			ProcessInitializeOnLoadAttributes (68ms)
			ProcessInitializeOnLoadMethodAttributes (26ms)
			AfterProcessingInitializeOnLoad (0ms)
			EditorAssembliesLoaded (0ms)
		ExecutionOrderSort2 (0ms)
		AwakeInstancesAfterBackupRestoration (0ms)
========================================================================
Worker process is ready to serve import requests
Begin MonoManager ReloadAssembly
- Loaded All Assemblies, in  0.497 seconds
Refreshing native plugins compatible for Editor in 9.33 ms, found 4 plugins.
Native extension for WindowsStandalone target not found
Native extension for iOS target not found
Native extension for Android target not found
Native extension for OSXStandalone target not found
Native extension for WebGL target not found
Package Manager log level set to [2]
[Package Manager] Server::EnsureServerProcessIsRunning -- launch failed, reason: Unity was launched with the -noUpm command-line argument
[Package Manager] UpmClient::Send -- Unable to send message (not connected to UPM process).
[Package Manager] Cannot connect to Unity Package Manager local server
Mono: successfully reloaded assembly
- Finished resetting the current domain, in  0.552 seconds
Domain Reload Profiling: 1050ms
	BeginReloadAssembly (85ms)
		ExecutionOrderSort (0ms)
		DisableScriptedObjects (3ms)
		BackupInstance (0ms)
		ReleaseScriptingObjects (0ms)
		CreateAndSetChildDomain (18ms)
	RebuildCommonClasses (24ms)
	RebuildNativeTypeToScriptingClass (8ms)
	initialDomainReloadingComplete (24ms)
	LoadAllAssembliesAndSetupDomain (357ms)
		LoadAssemblies (256ms)
		RebuildTransferFunctionScriptingTraits (0ms)
		AnalyzeDomain (141ms)
			TypeCache.Refresh (125ms)
				TypeCache.ScanAssembly (110ms)
			ScanForSourceGeneratedMonoScriptInfo (10ms)
			ResolveRequiredComponents (5ms)
	FinalizeReload (552ms)
		ReleaseScriptCaches (0ms)
		RebuildScriptCaches (0ms)
		SetupLoadedEditorAssemblies (419ms)
			LogAssemblyErrors (0ms)
			InitializePlatformSupportModulesInManaged (24ms)
			SetLoadedEditorAssemblies (3ms)
			RefreshPlugins (0ms)
			BeforeProcessingInitializeOnLoad (45ms)
			ProcessInitializeOnLoadAttributes (333ms)
			ProcessInitializeOnLoadMethodAttributes (13ms)
			AfterProcessingInitializeOnLoad (1ms)
			EditorAssembliesLoaded (0ms)
		ExecutionOrderSort2 (0ms)
		AwakeInstancesAfterBackupRestoration (2ms)
Launching external process: /Applications/Unity/Hub/Editor/2022.3.32f1/Unity.app/Contents/Tools/UnityShaderCompiler
Launched and connected shader compiler UnityShaderCompiler after 0.03 seconds
Refreshing native plugins compatible for Editor in 5.07 ms, found 4 plugins.
Preloading 0 native plugins for Editor in 0.00 ms.
Unloading 3976 Unused Serialized files (Serialized files now loaded: 0)
Unloading 60 unused Assets / (188.2 KB). Loaded Objects now: 4438.
Memory consumption went from 165.7 MB to 165.6 MB.
Total: 2.782750 ms (FindLiveObjects: 0.108958 ms CreateObjectMapping: 0.045250 ms MarkObjects: 2.487750 ms  DeleteObjects: 0.140208 ms)

AssetImportParameters requested are different than current active one (requested -> active):
  custom:container-demuxer-ogg: 62fdf1f143b41e24485cea50d1cbac27 -> 
  custom:video-decoder-ogg-theora: a1e56fd34408186e4bbccfd4996cb3dc -> 
  custom:CustomObjectIndexerAttribute: 9a22284fe3817be447336de3de66b15e -> 
  custom:container-demuxer-webm: 4f35f7cbe854078d1ac9338744f61a02 -> 
  custom:container-muxer-webm: aa71ff27fc2769a1b78a27578f13a17b -> 
  custom:video-decoder-webm-vp8: 9c59270c3fd7afecdb556c50c9e8de78 -> 
  custom:SearchIndexIgnoredProperties: e643bd26f0fe6173181afceb89e7c659 -> 
  custom:AudioImporter_EditorPlatform: 3918e3fc78b5a79bad01e8451be0beb8 -> 
  custom:framework-osx-AVFoundation: e770b220cccbd017edd2c1fefb359320 -> 
  custom:video-encoder-webm-vp8: eb34c28f22e8b96e1ab97ce403110664 -> 
  custom:audio-decoder-ogg-vorbis: bf7c407c2cedff20999df2af8eb42d56 -> 
  custom:audio-encoder-webm-vorbis: bf7c407c2cedff20999df2af8eb42d56 -> 
========================================================================
Received Import Request.
  Time since last request: 8410.478204 seconds.
  path: Assets/Scenes/FinalTestVillage.unity
  artifactKey: Guid(192464d87ffe4564a8a4203eb9afd65a) Importer(815301076,1909f56bfc062723c751e8b465ee728b)
Start importing Assets/Scenes/FinalTestVillage.unity using Guid(192464d87ffe4564a8a4203eb9afd65a) Importer(815301076,1909f56bfc062723c751e8b465ee728b) [PhysX] Initialized MultithreadedTaskDispatcher with 10 workers.
 -> (artifact id: '15c27dcf205494b5aa990748bdcf480f') in 0.002167 seconds
Number of updated asset objects reloaded before import = 0
Number of asset objects unloaded after import = 0
========================================================================
Received Prepare
Begin MonoManager ReloadAssembly
Thread 0x3304c7000 may have been prematurely finalized
- Loaded All Assemblies, in  0.319 seconds
Refreshing native plugins compatible for Editor in 7.23 ms, found 4 plugins.
Native extension for WindowsStandalone target not found
Native extension for iOS target not found
Native extension for Android target not found
Native extension for OSXStandalone target not found
Native extension for WebGL target not found
[Package Manager] Server::EnsureServerProcessIsRunning -- launch failed, reason: Unity was launched with the -noUpm command-line argument
[Package Manager] UpmClient::Send -- Unable to send message (not connected to UPM process).
[Package Manager] Cannot connect to Unity Package Manager local server
Mono: successfully reloaded assembly
- Finished resetting the current domain, in  1.134 seconds
Domain Reload Profiling: 1452ms
	BeginReloadAssembly (89ms)
		ExecutionOrderSort (0ms)
		DisableScriptedObjects (3ms)
		BackupInstance (0ms)
		ReleaseScriptingObjects (0ms)
		CreateAndSetChildDomain (31ms)
	RebuildCommonClasses (22ms)
	RebuildNativeTypeToScriptingClass (8ms)
	initialDomainReloadingComplete (16ms)
	LoadAllAssembliesAndSetupDomain (183ms)
		LoadAssemblies (195ms)
		RebuildTransferFunctionScriptingTraits (0ms)
		AnalyzeDomain (20ms)
			TypeCache.Refresh (9ms)
				TypeCache.ScanAssembly (1ms)
			ScanForSourceGeneratedMonoScriptInfo (5ms)
			ResolveRequiredComponents (5ms)
	FinalizeReload (1134ms)
		ReleaseScriptCaches (0ms)
		RebuildScriptCaches (0ms)
		SetupLoadedEditorAssemblies (328ms)
			LogAssemblyErrors (0ms)
			InitializePlatformSupportModulesInManaged (24ms)
			SetLoadedEditorAssemblies (3ms)
			RefreshPlugins (0ms)
			BeforeProcessingInitializeOnLoad (61ms)
			ProcessInitializeOnLoadAttributes (228ms)
			ProcessInitializeOnLoadMethodAttributes (11ms)
			AfterProcessingInitializeOnLoad (1ms)
			EditorAssembliesLoaded (0ms)
		ExecutionOrderSort2 (0ms)
		AwakeInstancesAfterBackupRestoration (2ms)
Refreshing native plugins compatible for Editor in 3.03 ms, found 4 plugins.
Preloading 0 native plugins for Editor in 0.00 ms.
Unloading 3923 Unused Serialized files (Serialized files now loaded: 0)
Unloading 36 unused Assets / (166.1 KB). Loaded Objects now: 4453.
Memory consumption went from 158.3 MB to 158.1 MB.
Total: 2.761917 ms (FindLiveObjects: 0.130042 ms CreateObjectMapping: 0.050958 ms MarkObjects: 2.476000 ms  DeleteObjects: 0.104209 ms)

Prepare: number of updated asset objects reloaded= 0
AssetImportParameters requested are different than current active one (requested -> active):
  custom:container-demuxer-ogg: 62fdf1f143b41e24485cea50d1cbac27 -> 
  custom:video-decoder-ogg-theora: a1e56fd34408186e4bbccfd4996cb3dc -> 
  custom:CustomObjectIndexerAttribute: 9a22284fe3817be447336de3de66b15e -> 
  custom:container-demuxer-webm: 4f35f7cbe854078d1ac9338744f61a02 -> 
  custom:container-muxer-webm: aa71ff27fc2769a1b78a27578f13a17b -> 
  custom:video-decoder-webm-vp8: 9c59270c3fd7afecdb556c50c9e8de78 -> 
  custom:SearchIndexIgnoredProperties: e643bd26f0fe6173181afceb89e7c659 -> 
  custom:AudioImporter_EditorPlatform: 3918e3fc78b5a79bad01e8451be0beb8 -> 
  custom:framework-osx-AVFoundation: e770b220cccbd017edd2c1fefb359320 -> 
  custom:video-encoder-webm-vp8: eb34c28f22e8b96e1ab97ce403110664 -> 
  custom:audio-decoder-ogg-vorbis: bf7c407c2cedff20999df2af8eb42d56 -> 
  custom:audio-encoder-webm-vorbis: bf7c407c2cedff20999df2af8eb42d56 -> 
========================================================================
Received Prepare
Begin MonoManager ReloadAssembly
Thread 0x16c417000 may have been prematurely finalized
- Loaded All Assemblies, in  0.317 seconds
Refreshing native plugins compatible for Editor in 4.24 ms, found 4 plugins.
Native extension for WindowsStandalone target not found
Native extension for iOS target not found
Native extension for Android target not found
Native extension for OSXStandalone target not found
Native extension for WebGL target not found
[Package Manager] Server::EnsureServerProcessIsRunning -- launch failed, reason: Unity was launched with the -noUpm command-line argument
[Package Manager] UpmClient::Send -- Unable to send message (not connected to UPM process).
[Package Manager] Cannot connect to Unity Package Manager local server
Mono: successfully reloaded assembly
- Finished resetting the current domain, in  1.117 seconds
Domain Reload Profiling: 1434ms
	BeginReloadAssembly (98ms)
		ExecutionOrderSort (0ms)
		DisableScriptedObjects (2ms)
		BackupInstance (0ms)
		ReleaseScriptingObjects (0ms)
		CreateAndSetChildDomain (32ms)
	RebuildCommonClasses (22ms)
	RebuildNativeTypeToScriptingClass (8ms)
	initialDomainReloadingComplete (17ms)
	LoadAllAssembliesAndSetupDomain (173ms)
		LoadAssemblies (190ms)
		RebuildTransferFunctionScriptingTraits (0ms)
		AnalyzeDomain (13ms)
			TypeCache.Refresh (7ms)
				TypeCache.ScanAssembly (0ms)
			ScanForSourceGeneratedMonoScriptInfo (0ms)
			ResolveRequiredComponents (5ms)
	FinalizeReload (1117ms)
		ReleaseScriptCaches (0ms)
		RebuildScriptCaches (0ms)
		SetupLoadedEditorAssemblies (296ms)
			LogAssemblyErrors (0ms)
			InitializePlatformSupportModulesInManaged (23ms)
			SetLoadedEditorAssemblies (3ms)
			RefreshPlugins (0ms)
			BeforeProcessingInitializeOnLoad (39ms)
			ProcessInitializeOnLoadAttributes (220ms)
			ProcessInitializeOnLoadMethodAttributes (11ms)
			AfterProcessingInitializeOnLoad (1ms)
			EditorAssembliesLoaded (0ms)
		ExecutionOrderSort2 (0ms)
		AwakeInstancesAfterBackupRestoration (3ms)
Refreshing native plugins compatible for Editor in 6.35 ms, found 4 plugins.
Preloading 0 native plugins for Editor in 0.00 ms.
Unloading 3924 Unused Serialized files (Serialized files now loaded: 0)
Unloading 36 unused Assets / (150.2 KB). Loaded Objects now: 4468.
Memory consumption went from 164.5 MB to 164.3 MB.
Total: 2.562916 ms (FindLiveObjects: 0.127291 ms CreateObjectMapping: 0.046750 ms MarkObjects: 2.276292 ms  DeleteObjects: 0.111958 ms)

Prepare: number of updated asset objects reloaded= 0
AssetImportParameters requested are different than current active one (requested -> active):
  custom:container-demuxer-ogg: 62fdf1f143b41e24485cea50d1cbac27 -> 
  custom:video-decoder-ogg-theora: a1e56fd34408186e4bbccfd4996cb3dc -> 
  custom:CustomObjectIndexerAttribute: 9a22284fe3817be447336de3de66b15e -> 
  custom:container-demuxer-webm: 4f35f7cbe854078d1ac9338744f61a02 -> 
  custom:container-muxer-webm: aa71ff27fc2769a1b78a27578f13a17b -> 
  custom:video-decoder-webm-vp8: 9c59270c3fd7afecdb556c50c9e8de78 -> 
  custom:SearchIndexIgnoredProperties: e643bd26f0fe6173181afceb89e7c659 -> 
  custom:AudioImporter_EditorPlatform: 3918e3fc78b5a79bad01e8451be0beb8 -> 
  custom:framework-osx-AVFoundation: e770b220cccbd017edd2c1fefb359320 -> 
  custom:video-encoder-webm-vp8: eb34c28f22e8b96e1ab97ce403110664 -> 
  custom:audio-decoder-ogg-vorbis: bf7c407c2cedff20999df2af8eb42d56 -> 
  custom:audio-encoder-webm-vorbis: bf7c407c2cedff20999df2af8eb42d56 -> 
========================================================================
Received Prepare
Begin MonoManager ReloadAssembly
Thread 0x16e8c7000 may have been prematurely finalized
- Loaded All Assemblies, in  0.311 seconds
Refreshing native plugins compatible for Editor in 4.75 ms, found 4 plugins.
Native extension for WindowsStandalone target not found
Native extension for iOS target not found
Native extension for Android target not found
Native extension for OSXStandalone target not found
Native extension for WebGL target not found
[Package Manager] Server::EnsureServerProcessIsRunning -- launch failed, reason: Unity was launched with the -noUpm command-line argument
[Package Manager] UpmClient::Send -- Unable to send message (not connected to UPM process).
[Package Manager] Cannot connect to Unity Package Manager local server
Mono: successfully reloaded assembly
- Finished resetting the current domain, in  1.219 seconds
Domain Reload Profiling: 1531ms
	BeginReloadAssembly (100ms)
		ExecutionOrderSort (0ms)
		DisableScriptedObjects (2ms)
		BackupInstance (0ms)
		ReleaseScriptingObjects (0ms)
		CreateAndSetChildDomain (35ms)
	RebuildCommonClasses (23ms)
	RebuildNativeTypeToScriptingClass (8ms)
	initialDomainReloadingComplete (15ms)
	LoadAllAssembliesAndSetupDomain (165ms)
		LoadAssemblies (181ms)
		RebuildTransferFunctionScriptingTraits (0ms)
		AnalyzeDomain (18ms)
			TypeCache.Refresh (8ms)
				TypeCache.ScanAssembly (1ms)
			ScanForSourceGeneratedMonoScriptInfo (5ms)
			ResolveRequiredComponents (5ms)
	FinalizeReload (1220ms)
		ReleaseScriptCaches (0ms)
		RebuildScriptCaches (0ms)
		SetupLoadedEditorAssemblies (321ms)
			LogAssemblyErrors (0ms)
			InitializePlatformSupportModulesInManaged (25ms)
			SetLoadedEditorAssemblies (4ms)
			RefreshPlugins (0ms)
			BeforeProcessingInitializeOnLoad (43ms)
			ProcessInitializeOnLoadAttributes (237ms)
			ProcessInitializeOnLoadMethodAttributes (11ms)
			AfterProcessingInitializeOnLoad (1ms)
			EditorAssembliesLoaded (0ms)
		ExecutionOrderSort2 (0ms)
		AwakeInstancesAfterBackupRestoration (2ms)
Refreshing native plugins compatible for Editor in 4.65 ms, found 4 plugins.
Preloading 0 native plugins for Editor in 0.00 ms.
Unloading 3924 Unused Serialized files (Serialized files now loaded: 0)
Unloading 36 unused Assets / (150.1 KB). Loaded Objects now: 4483.
Memory consumption went from 170.5 MB to 170.3 MB.
Total: 2.479291 ms (FindLiveObjects: 0.134375 ms CreateObjectMapping: 0.049542 ms MarkObjects: 2.173916 ms  DeleteObjects: 0.120708 ms)

Prepare: number of updated asset objects reloaded= 0
AssetImportParameters requested are different than current active one (requested -> active):
  custom:container-demuxer-ogg: 62fdf1f143b41e24485cea50d1cbac27 -> 
  custom:video-decoder-ogg-theora: a1e56fd34408186e4bbccfd4996cb3dc -> 
  custom:CustomObjectIndexerAttribute: 9a22284fe3817be447336de3de66b15e -> 
  custom:container-demuxer-webm: 4f35f7cbe854078d1ac9338744f61a02 -> 
  custom:container-muxer-webm: aa71ff27fc2769a1b78a27578f13a17b -> 
  custom:video-decoder-webm-vp8: 9c59270c3fd7afecdb556c50c9e8de78 -> 
  custom:SearchIndexIgnoredProperties: e643bd26f0fe6173181afceb89e7c659 -> 
  custom:AudioImporter_EditorPlatform: 3918e3fc78b5a79bad01e8451be0beb8 -> 
  custom:framework-osx-AVFoundation: e770b220cccbd017edd2c1fefb359320 -> 
  custom:video-encoder-webm-vp8: eb34c28f22e8b96e1ab97ce403110664 -> 
  custom:audio-decoder-ogg-vorbis: bf7c407c2cedff20999df2af8eb42d56 -> 
  custom:audio-encoder-webm-vorbis: bf7c407c2cedff20999df2af8eb42d56 -> 
========================================================================
Received Prepare
Begin MonoManager ReloadAssembly
Thread 0x16e8c7000 may have been prematurely finalized
- Loaded All Assemblies, in  0.305 seconds
Refreshing native plugins compatible for Editor in 2.94 ms, found 4 plugins.
Native extension for WindowsStandalone target not found
Native extension for iOS target not found
Native extension for Android target not found
Native extension for OSXStandalone target not found
Native extension for WebGL target not found
[Package Manager] Server::EnsureServerProcessIsRunning -- launch failed, reason: Unity was launched with the -noUpm command-line argument
[Package Manager] UpmClient::Send -- Unable to send message (not connected to UPM process).
[Package Manager] Cannot connect to Unity Package Manager local server
Mono: successfully reloaded assembly
- Finished resetting the current domain, in  0.765 seconds
Domain Reload Profiling: 1070ms
	BeginReloadAssembly (86ms)
		ExecutionOrderSort (0ms)
		DisableScriptedObjects (2ms)
		BackupInstance (0ms)
		ReleaseScriptingObjects (0ms)
		CreateAndSetChildDomain (32ms)
	RebuildCommonClasses (23ms)
	RebuildNativeTypeToScriptingClass (8ms)
	initialDomainReloadingComplete (18ms)
	LoadAllAssembliesAndSetupDomain (170ms)
		LoadAssemblies (186ms)
		RebuildTransferFunctionScriptingTraits (0ms)
		AnalyzeDomain (12ms)
			TypeCache.Refresh (5ms)
				TypeCache.ScanAssembly (0ms)
			ScanForSourceGeneratedMonoScriptInfo (0ms)
			ResolveRequiredComponents (6ms)
	FinalizeReload (765ms)
		ReleaseScriptCaches (0ms)
		RebuildScriptCaches (0ms)
		SetupLoadedEditorAssemblies (325ms)
			LogAssemblyErrors (0ms)
			InitializePlatformSupportModulesInManaged (23ms)
			SetLoadedEditorAssemblies (4ms)
			RefreshPlugins (0ms)
			BeforeProcessingInitializeOnLoad (46ms)
			ProcessInitializeOnLoadAttributes (239ms)
			ProcessInitializeOnLoadMethodAttributes (13ms)
			AfterProcessingInitializeOnLoad (1ms)
			EditorAssembliesLoaded (0ms)
		ExecutionOrderSort2 (0ms)
		AwakeInstancesAfterBackupRestoration (2ms)
Refreshing native plugins compatible for Editor in 3.02 ms, found 4 plugins.
Preloading 0 native plugins for Editor in 0.00 ms.
Unloading 3924 Unused Serialized files (Serialized files now loaded: 0)
Unloading 36 unused Assets / (143.2 KB). Loaded Objects now: 4498.
Memory consumption went from 176.4 MB to 176.3 MB.
Total: 2.623791 ms (FindLiveObjects: 0.143541 ms CreateObjectMapping: 0.049708 ms MarkObjects: 2.314083 ms  DeleteObjects: 0.115916 ms)

Prepare: number of updated asset objects reloaded= 0
AssetImportParameters requested are different than current active one (requested -> active):
  custom:container-demuxer-ogg: 62fdf1f143b41e24485cea50d1cbac27 -> 
  custom:video-decoder-ogg-theora: a1e56fd34408186e4bbccfd4996cb3dc -> 
  custom:CustomObjectIndexerAttribute: 9a22284fe3817be447336de3de66b15e -> 
  custom:container-demuxer-webm: 4f35f7cbe854078d1ac9338744f61a02 -> 
  custom:container-muxer-webm: aa71ff27fc2769a1b78a27578f13a17b -> 
  custom:video-decoder-webm-vp8: 9c59270c3fd7afecdb556c50c9e8de78 -> 
  custom:SearchIndexIgnoredProperties: e643bd26f0fe6173181afceb89e7c659 -> 
  custom:AudioImporter_EditorPlatform: 3918e3fc78b5a79bad01e8451be0beb8 -> 
  custom:framework-osx-AVFoundation: e770b220cccbd017edd2c1fefb359320 -> 
  custom:video-encoder-webm-vp8: eb34c28f22e8b96e1ab97ce403110664 -> 
  custom:audio-decoder-ogg-vorbis: bf7c407c2cedff20999df2af8eb42d56 -> 
  custom:audio-encoder-webm-vorbis: bf7c407c2cedff20999df2af8eb42d56 -> 
========================================================================
Received Import Request.
  Time since last request: 309.961574 seconds.
  path: Assets/Scenes/FinalTestMarketplace.unity
  artifactKey: Guid(6a8c5016edf4c4e288f78f91e5d616bf) Importer(815301076,1909f56bfc062723c751e8b465ee728b)
Start importing Assets/Scenes/FinalTestMarketplace.unity using Guid(6a8c5016edf4c4e288f78f91e5d616bf) Importer(815301076,1909f56bfc062723c751e8b465ee728b) [PhysX] Initialized MultithreadedTaskDispatcher with 10 workers.
 -> (artifact id: 'c8cef06399505046eb2093af32352eff') in 0.002139 seconds
Number of updated asset objects reloaded before import = 0
Number of asset objects unloaded after import = 0
========================================================================
Received Prepare
Begin MonoManager ReloadAssembly
Thread 0x16e8c7000 may have been prematurely finalized
- Loaded All Assemblies, in  0.294 seconds
Refreshing native plugins compatible for Editor in 2.86 ms, found 4 plugins.
Native extension for WindowsStandalone target not found
Native extension for iOS target not found
Native extension for Android target not found
Native extension for OSXStandalone target not found
Native extension for WebGL target not found
[Package Manager] Server::EnsureServerProcessIsRunning -- launch failed, reason: Unity was launched with the -noUpm command-line argument
[Package Manager] UpmClient::Send -- Unable to send message (not connected to UPM process).
[Package Manager] Cannot connect to Unity Package Manager local server
Mono: successfully reloaded assembly
- Finished resetting the current domain, in  1.166 seconds
Domain Reload Profiling: 1460ms
	BeginReloadAssembly (105ms)
		ExecutionOrderSort (0ms)
		DisableScriptedObjects (3ms)
		BackupInstance (0ms)
		ReleaseScriptingObjects (0ms)
		CreateAndSetChildDomain (43ms)
	RebuildCommonClasses (25ms)
	RebuildNativeTypeToScriptingClass (8ms)
	initialDomainReloadingComplete (14ms)
	LoadAllAssembliesAndSetupDomain (142ms)
		LoadAssemblies (163ms)
		RebuildTransferFunctionScriptingTraits (0ms)
		AnalyzeDomain (13ms)
			TypeCache.Refresh (6ms)
				TypeCache.ScanAssembly (0ms)
			ScanForSourceGeneratedMonoScriptInfo (0ms)
			ResolveRequiredComponents (6ms)
	FinalizeReload (1166ms)
		ReleaseScriptCaches (0ms)
		RebuildScriptCaches (0ms)
		SetupLoadedEditorAssemblies (324ms)
			LogAssemblyErrors (0ms)
			InitializePlatformSupportModulesInManaged (25ms)
			SetLoadedEditorAssemblies (4ms)
			RefreshPlugins (0ms)
			BeforeProcessingInitializeOnLoad (51ms)
			ProcessInitializeOnLoadAttributes (233ms)
			ProcessInitializeOnLoadMethodAttributes (11ms)
			AfterProcessingInitializeOnLoad (1ms)
			EditorAssembliesLoaded (0ms)
		ExecutionOrderSort2 (0ms)
		AwakeInstancesAfterBackupRestoration (2ms)
Refreshing native plugins compatible for Editor in 6.08 ms, found 4 plugins.
Preloading 0 native plugins for Editor in 0.00 ms.
Unloading 3923 Unused Serialized files (Serialized files now loaded: 0)
Unloading 36 unused Assets / (150.1 KB). Loaded Objects now: 4513.
Memory consumption went from 182.3 MB to 182.1 MB.
Total: 2.737834 ms (FindLiveObjects: 0.138875 ms CreateObjectMapping: 0.049459 ms MarkObjects: 2.418167 ms  DeleteObjects: 0.130708 ms)

Prepare: number of updated asset objects reloaded= 0
AssetImportParameters requested are different than current active one (requested -> active):
  custom:container-demuxer-ogg: 62fdf1f143b41e24485cea50d1cbac27 -> 
  custom:video-decoder-ogg-theora: a1e56fd34408186e4bbccfd4996cb3dc -> 
  custom:CustomObjectIndexerAttribute: 9a22284fe3817be447336de3de66b15e -> 
  custom:container-demuxer-webm: 4f35f7cbe854078d1ac9338744f61a02 -> 
  custom:container-muxer-webm: aa71ff27fc2769a1b78a27578f13a17b -> 
  custom:video-decoder-webm-vp8: 9c59270c3fd7afecdb556c50c9e8de78 -> 
  custom:SearchIndexIgnoredProperties: e643bd26f0fe6173181afceb89e7c659 -> 
  custom:AudioImporter_EditorPlatform: 3918e3fc78b5a79bad01e8451be0beb8 -> 
  custom:framework-osx-AVFoundation: e770b220cccbd017edd2c1fefb359320 -> 
  custom:video-encoder-webm-vp8: eb34c28f22e8b96e1ab97ce403110664 -> 
  custom:audio-decoder-ogg-vorbis: bf7c407c2cedff20999df2af8eb42d56 -> 
  custom:audio-encoder-webm-vorbis: bf7c407c2cedff20999df2af8eb42d56 -> 
========================================================================
Received Import Request.
  Time since last request: 159.719463 seconds.
  path: Assets/TextMesh Pro/Examples & Extras/Resources/Fonts & Materials/Anton SDF.asset
  artifactKey: Guid(8a89fa14b10d46a99122fd4f73fca9a2) Importer(815301076,1909f56bfc062723c751e8b465ee728b)
Start importing Assets/TextMesh Pro/Examples & Extras/Resources/Fonts & Materials/Anton SDF.asset using Guid(8a89fa14b10d46a99122fd4f73fca9a2) Importer(815301076,1909f56bfc062723c751e8b465ee728b) [PhysX] Initialized MultithreadedTaskDispatcher with 10 workers.
[PhysX] Initialized MultithreadedTaskDispatcher with 10 workers.
[PhysX] Initialized MultithreadedTaskDispatcher with 10 workers.
 -> (artifact id: '3cf9154318fa6c8929940693a41acc85') in 0.093747 seconds
Number of updated asset objects reloaded before import = 0
Number of asset objects unloaded after import = 6
========================================================================
Received Import Request.
  Time since last request: 0.000041 seconds.
  path: Assets/Art/UdemyUI/Font/SyneMono-Regular SDF.asset
  artifactKey: Guid(84bdc42b70bb5e54aa18bb33c1fa834e) Importer(815301076,1909f56bfc062723c751e8b465ee728b)
Start importing Assets/Art/UdemyUI/Font/SyneMono-Regular SDF.asset using Guid(84bdc42b70bb5e54aa18bb33c1fa834e) Importer(815301076,1909f56bfc062723c751e8b465ee728b) [PhysX] Initialized MultithreadedTaskDispatcher with 10 workers.
[PhysX] Initialized MultithreadedTaskDispatcher with 10 workers.
[PhysX] Initialized MultithreadedTaskDispatcher with 10 workers.
 -> (artifact id: '544732c288eb2af62e7a5f500a1490a8') in 0.026448 seconds
Number of updated asset objects reloaded before import = 0
Number of asset objects unloaded after import = 6
========================================================================
Received Import Request.
  Time since last request: 0.000083 seconds.
  path: Assets/TextMesh Pro/Examples & Extras/Resources/Fonts & Materials/Roboto-Bold SDF.asset
  artifactKey: Guid(5302535af1044152a457ed104f1f4b91) Importer(815301076,1909f56bfc062723c751e8b465ee728b)
Start importing Assets/TextMesh Pro/Examples & Extras/Resources/Fonts & Materials/Roboto-Bold SDF.asset using Guid(5302535af1044152a457ed104f1f4b91) Importer(815301076,1909f56bfc062723c751e8b465ee728b) [PhysX] Initialized MultithreadedTaskDispatcher with 10 workers.
[PhysX] Initialized MultithreadedTaskDispatcher with 10 workers.
[PhysX] Initialized MultithreadedTaskDispatcher with 10 workers.
 -> (artifact id: 'ed546b001ce2fe504710b8e5d3df23a7') in 0.030600 seconds
Number of updated asset objects reloaded before import = 0
Number of asset objects unloaded after import = 6
========================================================================
Received Import Request.
  Time since last request: 0.000058 seconds.
  path: Assets/TextMesh Pro/Examples & Extras/Resources/Fonts & Materials/Oswald Bold SDF.asset
  artifactKey: Guid(0161d805a3764c089bef00bfe00793f5) Importer(815301076,1909f56bfc062723c751e8b465ee728b)
Start importing Assets/TextMesh Pro/Examples & Extras/Resources/Fonts & Materials/Oswald Bold SDF.asset using Guid(0161d805a3764c089bef00bfe00793f5) Importer(815301076,1909f56bfc062723c751e8b465ee728b) [PhysX] Initialized MultithreadedTaskDispatcher with 10 workers.
[PhysX] Initialized MultithreadedTaskDispatcher with 10 workers.
[PhysX] Initialized MultithreadedTaskDispatcher with 10 workers.
 -> (artifact id: 'db99dfc5c5fc82eff0634df9e258342c') in 0.033339 seconds
Number of updated asset objects reloaded before import = 0
Number of asset objects unloaded after import = 6
========================================================================
Received Prepare
Begin MonoManager ReloadAssembly
Thread 0x16e8c7000 may have been prematurely finalized
- Loaded All Assemblies, in  0.449 seconds
Refreshing native plugins compatible for Editor in 21.99 ms, found 4 plugins.
Native extension for WindowsStandalone target not found
Native extension for iOS target not found
Native extension for Android target not found
Native extension for OSXStandalone target not found
Native extension for WebGL target not found
[Package Manager] Server::EnsureServerProcessIsRunning -- launch failed, reason: Unity was launched with the -noUpm command-line argument
[Package Manager] UpmClient::Send -- Unable to send message (not connected to UPM process).
[Package Manager] Cannot connect to Unity Package Manager local server
Mono: successfully reloaded assembly
- Finished resetting the current domain, in  1.300 seconds
Domain Reload Profiling: 1750ms
	BeginReloadAssembly (100ms)
		ExecutionOrderSort (0ms)
		DisableScriptedObjects (2ms)
		BackupInstance (0ms)
		ReleaseScriptingObjects (0ms)
		CreateAndSetChildDomain (32ms)
	RebuildCommonClasses (23ms)
	RebuildNativeTypeToScriptingClass (8ms)
	initialDomainReloadingComplete (17ms)
	LoadAllAssembliesAndSetupDomain (300ms)
		LoadAssemblies (301ms)
		RebuildTransferFunctionScriptingTraits (0ms)
		AnalyzeDomain (30ms)
			TypeCache.Refresh (15ms)
				TypeCache.ScanAssembly (1ms)
			ScanForSourceGeneratedMonoScriptInfo (7ms)
			ResolveRequiredComponents (6ms)
	FinalizeReload (1300ms)
		ReleaseScriptCaches (0ms)
		RebuildScriptCaches (0ms)
		SetupLoadedEditorAssemblies (306ms)
			LogAssemblyErrors (0ms)
			InitializePlatformSupportModulesInManaged (24ms)
			SetLoadedEditorAssemblies (3ms)
			RefreshPlugins (0ms)
			BeforeProcessingInitializeOnLoad (38ms)
			ProcessInitializeOnLoadAttributes (229ms)
			ProcessInitializeOnLoadMethodAttributes (11ms)
			AfterProcessingInitializeOnLoad (1ms)
			EditorAssembliesLoaded (0ms)
		ExecutionOrderSort2 (0ms)
		AwakeInstancesAfterBackupRestoration (2ms)
Refreshing native plugins compatible for Editor in 6.35 ms, found 4 plugins.
Preloading 0 native plugins for Editor in 0.00 ms.
Unloading 3923 Unused Serialized files (Serialized files now loaded: 0)
Unloading 36 unused Assets / (150.2 KB). Loaded Objects now: 4571.
Memory consumption went from 189.3 MB to 189.2 MB.
Total: 2.819583 ms (FindLiveObjects: 0.310958 ms CreateObjectMapping: 0.048417 ms MarkObjects: 2.352834 ms  DeleteObjects: 0.106334 ms)

Prepare: number of updated asset objects reloaded= 0
AssetImportParameters requested are different than current active one (requested -> active):
  custom:container-demuxer-ogg: 62fdf1f143b41e24485cea50d1cbac27 -> 
  custom:video-decoder-ogg-theora: a1e56fd34408186e4bbccfd4996cb3dc -> 
  custom:CustomObjectIndexerAttribute: 9a22284fe3817be447336de3de66b15e -> 
  custom:container-demuxer-webm: 4f35f7cbe854078d1ac9338744f61a02 -> 
  custom:container-muxer-webm: aa71ff27fc2769a1b78a27578f13a17b -> 
  custom:video-decoder-webm-vp8: 9c59270c3fd7afecdb556c50c9e8de78 -> 
  custom:SearchIndexIgnoredProperties: e643bd26f0fe6173181afceb89e7c659 -> 
  custom:AudioImporter_EditorPlatform: 3918e3fc78b5a79bad01e8451be0beb8 -> 
  custom:framework-osx-AVFoundation: e770b220cccbd017edd2c1fefb359320 -> 
  custom:video-encoder-webm-vp8: eb34c28f22e8b96e1ab97ce403110664 -> 
  custom:audio-decoder-ogg-vorbis: bf7c407c2cedff20999df2af8eb42d56 -> 
  custom:audio-encoder-webm-vorbis: bf7c407c2cedff20999df2af8eb42d56 -> 
========================================================================
Received Prepare
Begin MonoManager ReloadAssembly
Thread 0x16c417000 may have been prematurely finalized
- Loaded All Assemblies, in  0.350 seconds
Refreshing native plugins compatible for Editor in 3.45 ms, found 4 plugins.
Native extension for WindowsStandalone target not found
Native extension for iOS target not found
Native extension for Android target not found
Native extension for OSXStandalone target not found
Native extension for WebGL target not found
[Package Manager] Server::EnsureServerProcessIsRunning -- launch failed, reason: Unity was launched with the -noUpm command-line argument
[Package Manager] UpmClient::Send -- Unable to send message (not connected to UPM process).
[Package Manager] Cannot connect to Unity Package Manager local server
Mono: successfully reloaded assembly
- Finished resetting the current domain, in  1.219 seconds
Domain Reload Profiling: 1569ms
	BeginReloadAssembly (107ms)
		ExecutionOrderSort (0ms)
		DisableScriptedObjects (3ms)
		BackupInstance (0ms)
		ReleaseScriptingObjects (0ms)
		CreateAndSetChildDomain (32ms)
	RebuildCommonClasses (25ms)
	RebuildNativeTypeToScriptingClass (8ms)
	initialDomainReloadingComplete (17ms)
	LoadAllAssembliesAndSetupDomain (192ms)
		LoadAssemblies (212ms)
		RebuildTransferFunctionScriptingTraits (0ms)
		AnalyzeDomain (14ms)
			TypeCache.Refresh (7ms)
				TypeCache.ScanAssembly (0ms)
			ScanForSourceGeneratedMonoScriptInfo (0ms)
			ResolveRequiredComponents (5ms)
	FinalizeReload (1219ms)
		ReleaseScriptCaches (0ms)
		RebuildScriptCaches (0ms)
		SetupLoadedEditorAssemblies (311ms)
			LogAssemblyErrors (0ms)
			InitializePlatformSupportModulesInManaged (25ms)
			SetLoadedEditorAssemblies (3ms)
			RefreshPlugins (0ms)
			BeforeProcessingInitializeOnLoad (39ms)
			ProcessInitializeOnLoadAttributes (230ms)
			ProcessInitializeOnLoadMethodAttributes (12ms)
			AfterProcessingInitializeOnLoad (1ms)
			EditorAssembliesLoaded (0ms)
		ExecutionOrderSort2 (0ms)
		AwakeInstancesAfterBackupRestoration (2ms)
Refreshing native plugins compatible for Editor in 6.70 ms, found 4 plugins.
Preloading 0 native plugins for Editor in 0.00 ms.
Unloading 3924 Unused Serialized files (Serialized files now loaded: 0)
Unloading 36 unused Assets / (150.2 KB). Loaded Objects now: 4586.
Memory consumption went from 195.6 MB to 195.4 MB.
Total: 2.536000 ms (FindLiveObjects: 0.135458 ms CreateObjectMapping: 0.049542 ms MarkObjects: 2.236833 ms  DeleteObjects: 0.113584 ms)

Prepare: number of updated asset objects reloaded= 0
AssetImportParameters requested are different than current active one (requested -> active):
  custom:container-demuxer-ogg: 62fdf1f143b41e24485cea50d1cbac27 -> 
  custom:video-decoder-ogg-theora: a1e56fd34408186e4bbccfd4996cb3dc -> 
  custom:CustomObjectIndexerAttribute: 9a22284fe3817be447336de3de66b15e -> 
  custom:container-demuxer-webm: 4f35f7cbe854078d1ac9338744f61a02 -> 
  custom:container-muxer-webm: aa71ff27fc2769a1b78a27578f13a17b -> 
  custom:video-decoder-webm-vp8: 9c59270c3fd7afecdb556c50c9e8de78 -> 
  custom:SearchIndexIgnoredProperties: e643bd26f0fe6173181afceb89e7c659 -> 
  custom:AudioImporter_EditorPlatform: 3918e3fc78b5a79bad01e8451be0beb8 -> 
  custom:framework-osx-AVFoundation: e770b220cccbd017edd2c1fefb359320 -> 
  custom:video-encoder-webm-vp8: eb34c28f22e8b96e1ab97ce403110664 -> 
  custom:audio-decoder-ogg-vorbis: bf7c407c2cedff20999df2af8eb42d56 -> 
  custom:audio-encoder-webm-vorbis: bf7c407c2cedff20999df2af8eb42d56 -> 
========================================================================
Received Prepare
Begin MonoManager ReloadAssembly
Thread 0x16e8c7000 may have been prematurely finalized
- Loaded All Assemblies, in  0.317 seconds
Refreshing native plugins compatible for Editor in 8.02 ms, found 4 plugins.
Native extension for WindowsStandalone target not found
Native extension for iOS target not found
Native extension for Android target not found
Native extension for OSXStandalone target not found
Native extension for WebGL target not found
[Package Manager] Server::EnsureServerProcessIsRunning -- launch failed, reason: Unity was launched with the -noUpm command-line argument
[Package Manager] UpmClient::Send -- Unable to send message (not connected to UPM process).
[Package Manager] Cannot connect to Unity Package Manager local server
Mono: successfully reloaded assembly
- Finished resetting the current domain, in  1.219 seconds
Domain Reload Profiling: 1534ms
	BeginReloadAssembly (89ms)
		ExecutionOrderSort (0ms)
		DisableScriptedObjects (3ms)
		BackupInstance (0ms)
		ReleaseScriptingObjects (0ms)
		CreateAndSetChildDomain (31ms)
	RebuildCommonClasses (23ms)
	RebuildNativeTypeToScriptingClass (8ms)
	initialDomainReloadingComplete (16ms)
	LoadAllAssembliesAndSetupDomain (179ms)
		LoadAssemblies (196ms)
		RebuildTransferFunctionScriptingTraits (0ms)
		AnalyzeDomain (14ms)
			TypeCache.Refresh (6ms)
				TypeCache.ScanAssembly (0ms)
			ScanForSourceGeneratedMonoScriptInfo (0ms)
			ResolveRequiredComponents (5ms)
	FinalizeReload (1219ms)
		ReleaseScriptCaches (0ms)
		RebuildScriptCaches (0ms)
		SetupLoadedEditorAssemblies (337ms)
			LogAssemblyErrors (0ms)
			InitializePlatformSupportModulesInManaged (24ms)
			SetLoadedEditorAssemblies (4ms)
			RefreshPlugins (0ms)
			BeforeProcessingInitializeOnLoad (50ms)
			ProcessInitializeOnLoadAttributes (248ms)
			ProcessInitializeOnLoadMethodAttributes (12ms)
			AfterProcessingInitializeOnLoad (1ms)
			EditorAssembliesLoaded (0ms)
		ExecutionOrderSort2 (0ms)
		AwakeInstancesAfterBackupRestoration (2ms)
Refreshing native plugins compatible for Editor in 6.57 ms, found 4 plugins.
Preloading 0 native plugins for Editor in 0.00 ms.
Unloading 3924 Unused Serialized files (Serialized files now loaded: 0)
Unloading 36 unused Assets / (158.3 KB). Loaded Objects now: 4601.
Memory consumption went from 201.5 MB to 201.4 MB.
Total: 2.573583 ms (FindLiveObjects: 0.140833 ms CreateObjectMapping: 0.052875 ms MarkObjects: 2.278333 ms  DeleteObjects: 0.100667 ms)

Prepare: number of updated asset objects reloaded= 0
AssetImportParameters requested are different than current active one (requested -> active):
  custom:container-demuxer-ogg: 62fdf1f143b41e24485cea50d1cbac27 -> 
  custom:video-decoder-ogg-theora: a1e56fd34408186e4bbccfd4996cb3dc -> 
  custom:CustomObjectIndexerAttribute: 9a22284fe3817be447336de3de66b15e -> 
  custom:container-demuxer-webm: 4f35f7cbe854078d1ac9338744f61a02 -> 
  custom:container-muxer-webm: aa71ff27fc2769a1b78a27578f13a17b -> 
  custom:video-decoder-webm-vp8: 9c59270c3fd7afecdb556c50c9e8de78 -> 
  custom:SearchIndexIgnoredProperties: e643bd26f0fe6173181afceb89e7c659 -> 
  custom:AudioImporter_EditorPlatform: 3918e3fc78b5a79bad01e8451be0beb8 -> 
  custom:framework-osx-AVFoundation: e770b220cccbd017edd2c1fefb359320 -> 
  custom:video-encoder-webm-vp8: eb34c28f22e8b96e1ab97ce403110664 -> 
  custom:audio-decoder-ogg-vorbis: bf7c407c2cedff20999df2af8eb42d56 -> 
  custom:audio-encoder-webm-vorbis: bf7c407c2cedff20999df2af8eb42d56 -> 
========================================================================
Received Prepare
Begin MonoManager ReloadAssembly
Thread 0x16e8c7000 may have been prematurely finalized
- Loaded All Assemblies, in  0.346 seconds
Refreshing native plugins compatible for Editor in 4.90 ms, found 4 plugins.
Native extension for WindowsStandalone target not found
Native extension for iOS target not found
Native extension for Android target not found
Native extension for OSXStandalone target not found
Native extension for WebGL target not found
[Package Manager] Server::EnsureServerProcessIsRunning -- launch failed, reason: Unity was launched with the -noUpm command-line argument
[Package Manager] UpmClient::Send -- Unable to send message (not connected to UPM process).
[Package Manager] Cannot connect to Unity Package Manager local server
Mono: successfully reloaded assembly
- Finished resetting the current domain, in  1.222 seconds
Domain Reload Profiling: 1568ms
	BeginReloadAssembly (94ms)
		ExecutionOrderSort (0ms)
		DisableScriptedObjects (3ms)
		BackupInstance (0ms)
		ReleaseScriptingObjects (0ms)
		CreateAndSetChildDomain (36ms)
	RebuildCommonClasses (21ms)
	RebuildNativeTypeToScriptingClass (8ms)
	initialDomainReloadingComplete (18ms)
	LoadAllAssembliesAndSetupDomain (204ms)
		LoadAssemblies (219ms)
		RebuildTransferFunctionScriptingTraits (0ms)
		AnalyzeDomain (17ms)
			TypeCache.Refresh (9ms)
				TypeCache.ScanAssembly (0ms)
			ScanForSourceGeneratedMonoScriptInfo (0ms)
			ResolveRequiredComponents (7ms)
	FinalizeReload (1223ms)
		ReleaseScriptCaches (0ms)
		RebuildScriptCaches (0ms)
		SetupLoadedEditorAssemblies (349ms)
			LogAssemblyErrors (0ms)
			InitializePlatformSupportModulesInManaged (24ms)
			SetLoadedEditorAssemblies (4ms)
			RefreshPlugins (0ms)
			BeforeProcessingInitializeOnLoad (56ms)
			ProcessInitializeOnLoadAttributes (252ms)
			ProcessInitializeOnLoadMethodAttributes (12ms)
			AfterProcessingInitializeOnLoad (1ms)
			EditorAssembliesLoaded (0ms)
		ExecutionOrderSort2 (0ms)
		AwakeInstancesAfterBackupRestoration (2ms)
Refreshing native plugins compatible for Editor in 3.34 ms, found 4 plugins.
Preloading 0 native plugins for Editor in 0.00 ms.
Unloading 3924 Unused Serialized files (Serialized files now loaded: 0)
Unloading 36 unused Assets / (159.0 KB). Loaded Objects now: 4616.
Memory consumption went from 207.5 MB to 207.4 MB.
Total: 2.592083 ms (FindLiveObjects: 0.143791 ms CreateObjectMapping: 0.050334 ms MarkObjects: 2.294625 ms  DeleteObjects: 0.102750 ms)

Prepare: number of updated asset objects reloaded= 0
AssetImportParameters requested are different than current active one (requested -> active):
  custom:container-demuxer-ogg: 62fdf1f143b41e24485cea50d1cbac27 -> 
  custom:video-decoder-ogg-theora: a1e56fd34408186e4bbccfd4996cb3dc -> 
  custom:CustomObjectIndexerAttribute: 9a22284fe3817be447336de3de66b15e -> 
  custom:container-demuxer-webm: 4f35f7cbe854078d1ac9338744f61a02 -> 
  custom:container-muxer-webm: aa71ff27fc2769a1b78a27578f13a17b -> 
  custom:video-decoder-webm-vp8: 9c59270c3fd7afecdb556c50c9e8de78 -> 
  custom:SearchIndexIgnoredProperties: e643bd26f0fe6173181afceb89e7c659 -> 
  custom:AudioImporter_EditorPlatform: 3918e3fc78b5a79bad01e8451be0beb8 -> 
  custom:framework-osx-AVFoundation: e770b220cccbd017edd2c1fefb359320 -> 
  custom:video-encoder-webm-vp8: eb34c28f22e8b96e1ab97ce403110664 -> 
  custom:audio-decoder-ogg-vorbis: bf7c407c2cedff20999df2af8eb42d56 -> 
  custom:audio-encoder-webm-vorbis: bf7c407c2cedff20999df2af8eb42d56 -> 
========================================================================
Received Import Request.
  Time since last request: 513.913507 seconds.
  path: Assets/Scenes/FinalTestVillage.unity
  artifactKey: Guid(192464d87ffe4564a8a4203eb9afd65a) Importer(815301076,1909f56bfc062723c751e8b465ee728b)
Start importing Assets/Scenes/FinalTestVillage.unity using Guid(192464d87ffe4564a8a4203eb9afd65a) Importer(815301076,1909f56bfc062723c751e8b465ee728b) [PhysX] Initialized MultithreadedTaskDispatcher with 10 workers.
 -> (artifact id: 'ba2429f1bd78eeb09ac2b04111dfdb0f') in 0.002013 seconds
Number of updated asset objects reloaded before import = 0
Number of asset objects unloaded after import = 0
========================================================================
Received Prepare
Begin MonoManager ReloadAssembly
Thread 0x16e8c7000 may have been prematurely finalized
- Loaded All Assemblies, in  0.323 seconds
Refreshing native plugins compatible for Editor in 4.16 ms, found 4 plugins.
Native extension for WindowsStandalone target not found
Native extension for iOS target not found
Native extension for Android target not found
Native extension for OSXStandalone target not found
Native extension for WebGL target not found
[Package Manager] Server::EnsureServerProcessIsRunning -- launch failed, reason: Unity was launched with the -noUpm command-line argument
[Package Manager] UpmClient::Send -- Unable to send message (not connected to UPM process).
[Package Manager] Cannot connect to Unity Package Manager local server
Mono: successfully reloaded assembly
- Finished resetting the current domain, in  1.228 seconds
Domain Reload Profiling: 1551ms
	BeginReloadAssembly (104ms)
		ExecutionOrderSort (0ms)
		DisableScriptedObjects (3ms)
		BackupInstance (0ms)
		ReleaseScriptingObjects (0ms)
		CreateAndSetChildDomain (34ms)
	RebuildCommonClasses (22ms)
	RebuildNativeTypeToScriptingClass (8ms)
	initialDomainReloadingComplete (17ms)
	LoadAllAssembliesAndSetupDomain (172ms)
		LoadAssemblies (191ms)
		RebuildTransferFunctionScriptingTraits (0ms)
		AnalyzeDomain (13ms)
			TypeCache.Refresh (7ms)
				TypeCache.ScanAssembly (0ms)
			ScanForSourceGeneratedMonoScriptInfo (0ms)
			ResolveRequiredComponents (5ms)
	FinalizeReload (1228ms)
		ReleaseScriptCaches (0ms)
		RebuildScriptCaches (0ms)
		SetupLoadedEditorAssemblies (345ms)
			LogAssemblyErrors (0ms)
			InitializePlatformSupportModulesInManaged (27ms)
			SetLoadedEditorAssemblies (4ms)
			RefreshPlugins (0ms)
			BeforeProcessingInitializeOnLoad (47ms)
			ProcessInitializeOnLoadAttributes (255ms)
			ProcessInitializeOnLoadMethodAttributes (12ms)
			AfterProcessingInitializeOnLoad (1ms)
			EditorAssembliesLoaded (0ms)
		ExecutionOrderSort2 (0ms)
		AwakeInstancesAfterBackupRestoration (2ms)
Refreshing native plugins compatible for Editor in 6.44 ms, found 4 plugins.
Preloading 0 native plugins for Editor in 0.00 ms.
Unloading 3923 Unused Serialized files (Serialized files now loaded: 0)
Unloading 36 unused Assets / (166.3 KB). Loaded Objects now: 4631.
Memory consumption went from 213.4 MB to 213.2 MB.
Total: 2.567208 ms (FindLiveObjects: 0.159166 ms CreateObjectMapping: 0.051375 ms MarkObjects: 2.249875 ms  DeleteObjects: 0.106250 ms)

Prepare: number of updated asset objects reloaded= 0
AssetImportParameters requested are different than current active one (requested -> active):
  custom:container-demuxer-ogg: 62fdf1f143b41e24485cea50d1cbac27 -> 
  custom:video-decoder-ogg-theora: a1e56fd34408186e4bbccfd4996cb3dc -> 
  custom:CustomObjectIndexerAttribute: 9a22284fe3817be447336de3de66b15e -> 
  custom:container-demuxer-webm: 4f35f7cbe854078d1ac9338744f61a02 -> 
  custom:container-muxer-webm: aa71ff27fc2769a1b78a27578f13a17b -> 
  custom:video-decoder-webm-vp8: 9c59270c3fd7afecdb556c50c9e8de78 -> 
  custom:SearchIndexIgnoredProperties: e643bd26f0fe6173181afceb89e7c659 -> 
  custom:AudioImporter_EditorPlatform: 3918e3fc78b5a79bad01e8451be0beb8 -> 
  custom:framework-osx-AVFoundation: e770b220cccbd017edd2c1fefb359320 -> 
  custom:video-encoder-webm-vp8: eb34c28f22e8b96e1ab97ce403110664 -> 
  custom:audio-decoder-ogg-vorbis: bf7c407c2cedff20999df2af8eb42d56 -> 
  custom:audio-encoder-webm-vorbis: bf7c407c2cedff20999df2af8eb42d56 -> 
========================================================================
Received Import Request.
  Time since last request: 73.726606 seconds.
  path: Assets/Scenes/FinalTestMarketplace.unity
  artifactKey: Guid(6a8c5016edf4c4e288f78f91e5d616bf) Importer(815301076,1909f56bfc062723c751e8b465ee728b)
Start importing Assets/Scenes/FinalTestMarketplace.unity using Guid(6a8c5016edf4c4e288f78f91e5d616bf) Importer(815301076,1909f56bfc062723c751e8b465ee728b) [PhysX] Initialized MultithreadedTaskDispatcher with 10 workers.
 -> (artifact id: '8103a0c843060db1de778862e525787a') in 0.001715 seconds
Number of updated asset objects reloaded before import = 0
Number of asset objects unloaded after import = 0
========================================================================
Received Prepare
Begin MonoManager ReloadAssembly
Thread 0x16c417000 may have been prematurely finalized
- Loaded All Assemblies, in  0.392 seconds
Refreshing native plugins compatible for Editor in 7.27 ms, found 4 plugins.
Native extension for WindowsStandalone target not found
Native extension for iOS target not found
Native extension for Android target not found
Native extension for OSXStandalone target not found
Native extension for WebGL target not found
[Package Manager] Server::EnsureServerProcessIsRunning -- launch failed, reason: Unity was launched with the -noUpm command-line argument
[Package Manager] UpmClient::Send -- Unable to send message (not connected to UPM process).
[Package Manager] Cannot connect to Unity Package Manager local server
Mono: successfully reloaded assembly
- Finished resetting the current domain, in  1.302 seconds
Domain Reload Profiling: 1694ms
	BeginReloadAssembly (148ms)
		ExecutionOrderSort (0ms)
		DisableScriptedObjects (3ms)
		BackupInstance (0ms)
		ReleaseScriptingObjects (0ms)
		CreateAndSetChildDomain (76ms)
	RebuildCommonClasses (24ms)
	RebuildNativeTypeToScriptingClass (8ms)
	initialDomainReloadingComplete (16ms)
	LoadAllAssembliesAndSetupDomain (194ms)
		LoadAssemblies (212ms)
		RebuildTransferFunctionScriptingTraits (0ms)
		AnalyzeDomain (15ms)
			TypeCache.Refresh (8ms)
				TypeCache.ScanAssembly (0ms)
			ScanForSourceGeneratedMonoScriptInfo (0ms)
			ResolveRequiredComponents (6ms)
	FinalizeReload (1302ms)
		ReleaseScriptCaches (0ms)
		RebuildScriptCaches (0ms)
		SetupLoadedEditorAssemblies (332ms)
			LogAssemblyErrors (0ms)
			InitializePlatformSupportModulesInManaged (25ms)
			SetLoadedEditorAssemblies (4ms)
			RefreshPlugins (0ms)
			BeforeProcessingInitializeOnLoad (43ms)
			ProcessInitializeOnLoadAttributes (247ms)
			ProcessInitializeOnLoadMethodAttributes (12ms)
			AfterProcessingInitializeOnLoad (1ms)
			EditorAssembliesLoaded (0ms)
		ExecutionOrderSort2 (0ms)
		AwakeInstancesAfterBackupRestoration (2ms)
Refreshing native plugins compatible for Editor in 6.58 ms, found 4 plugins.
Preloading 0 native plugins for Editor in 0.00 ms.
Unloading 3923 Unused Serialized files (Serialized files now loaded: 0)
Unloading 36 unused Assets / (158.2 KB). Loaded Objects now: 4646.
Memory consumption went from 219.5 MB to 219.3 MB.
Total: 7.037333 ms (FindLiveObjects: 0.146000 ms CreateObjectMapping: 0.050917 ms MarkObjects: 6.700083 ms  DeleteObjects: 0.139666 ms)

Prepare: number of updated asset objects reloaded= 0
AssetImportParameters requested are different than current active one (requested -> active):
  custom:container-demuxer-ogg: 62fdf1f143b41e24485cea50d1cbac27 -> 
  custom:video-decoder-ogg-theora: a1e56fd34408186e4bbccfd4996cb3dc -> 
  custom:CustomObjectIndexerAttribute: 9a22284fe3817be447336de3de66b15e -> 
  custom:container-demuxer-webm: 4f35f7cbe854078d1ac9338744f61a02 -> 
  custom:container-muxer-webm: aa71ff27fc2769a1b78a27578f13a17b -> 
  custom:video-decoder-webm-vp8: 9c59270c3fd7afecdb556c50c9e8de78 -> 
  custom:SearchIndexIgnoredProperties: e643bd26f0fe6173181afceb89e7c659 -> 
  custom:AudioImporter_EditorPlatform: 3918e3fc78b5a79bad01e8451be0beb8 -> 
  custom:framework-osx-AVFoundation: e770b220cccbd017edd2c1fefb359320 -> 
  custom:video-encoder-webm-vp8: eb34c28f22e8b96e1ab97ce403110664 -> 
  custom:audio-decoder-ogg-vorbis: bf7c407c2cedff20999df2af8eb42d56 -> 
  custom:audio-encoder-webm-vorbis: bf7c407c2cedff20999df2af8eb42d56 -> 
========================================================================
Received Prepare
Begin MonoManager ReloadAssembly
Thread 0x16e8c7000 may have been prematurely finalized
- Loaded All Assemblies, in  0.457 seconds
Refreshing native plugins compatible for Editor in 9.93 ms, found 4 plugins.
Native extension for WindowsStandalone target not found
Native extension for iOS target not found
Native extension for Android target not found
Native extension for OSXStandalone target not found
Native extension for WebGL target not found
[Package Manager] Server::EnsureServerProcessIsRunning -- launch failed, reason: Unity was launched with the -noUpm command-line argument
[Package Manager] UpmClient::Send -- Unable to send message (not connected to UPM process).
[Package Manager] Cannot connect to Unity Package Manager local server
Mono: successfully reloaded assembly
- Finished resetting the current domain, in  1.156 seconds
Domain Reload Profiling: 1614ms
	BeginReloadAssembly (112ms)
		ExecutionOrderSort (0ms)
		DisableScriptedObjects (3ms)
		BackupInstance (0ms)
		ReleaseScriptingObjects (0ms)
		CreateAndSetChildDomain (41ms)
	RebuildCommonClasses (22ms)
	RebuildNativeTypeToScriptingClass (8ms)
	initialDomainReloadingComplete (15ms)
	LoadAllAssembliesAndSetupDomain (300ms)
		LoadAssemblies (301ms)
		RebuildTransferFunctionScriptingTraits (0ms)
		AnalyzeDomain (34ms)
			TypeCache.Refresh (11ms)
				TypeCache.ScanAssembly (1ms)
			ScanForSourceGeneratedMonoScriptInfo (7ms)
			ResolveRequiredComponents (15ms)
	FinalizeReload (1157ms)
		ReleaseScriptCaches (0ms)
		RebuildScriptCaches (0ms)
		SetupLoadedEditorAssemblies (285ms)
			LogAssemblyErrors (0ms)
			InitializePlatformSupportModulesInManaged (21ms)
			SetLoadedEditorAssemblies (3ms)
			RefreshPlugins (0ms)
			BeforeProcessingInitializeOnLoad (36ms)
			ProcessInitializeOnLoadAttributes (212ms)
			ProcessInitializeOnLoadMethodAttributes (12ms)
			AfterProcessingInitializeOnLoad (1ms)
			EditorAssembliesLoaded (0ms)
		ExecutionOrderSort2 (0ms)
		AwakeInstancesAfterBackupRestoration (2ms)
Refreshing native plugins compatible for Editor in 5.54 ms, found 4 plugins.
Preloading 0 native plugins for Editor in 0.00 ms.
Unloading 3924 Unused Serialized files (Serialized files now loaded: 0)
Unloading 36 unused Assets / (158.2 KB). Loaded Objects now: 4661.
Memory consumption went from 225.7 MB to 225.5 MB.
Total: 2.435250 ms (FindLiveObjects: 0.140500 ms CreateObjectMapping: 0.051500 ms MarkObjects: 2.128000 ms  DeleteObjects: 0.114584 ms)

Prepare: number of updated asset objects reloaded= 0
AssetImportParameters requested are different than current active one (requested -> active):
  custom:container-demuxer-ogg: 62fdf1f143b41e24485cea50d1cbac27 -> 
  custom:video-decoder-ogg-theora: a1e56fd34408186e4bbccfd4996cb3dc -> 
  custom:CustomObjectIndexerAttribute: 9a22284fe3817be447336de3de66b15e -> 
  custom:container-demuxer-webm: 4f35f7cbe854078d1ac9338744f61a02 -> 
  custom:container-muxer-webm: aa71ff27fc2769a1b78a27578f13a17b -> 
  custom:video-decoder-webm-vp8: 9c59270c3fd7afecdb556c50c9e8de78 -> 
  custom:SearchIndexIgnoredProperties: e643bd26f0fe6173181afceb89e7c659 -> 
  custom:AudioImporter_EditorPlatform: 3918e3fc78b5a79bad01e8451be0beb8 -> 
  custom:framework-osx-AVFoundation: e770b220cccbd017edd2c1fefb359320 -> 
  custom:video-encoder-webm-vp8: eb34c28f22e8b96e1ab97ce403110664 -> 
  custom:audio-decoder-ogg-vorbis: bf7c407c2cedff20999df2af8eb42d56 -> 
  custom:audio-encoder-webm-vorbis: bf7c407c2cedff20999df2af8eb42d56 -> 
========================================================================
Received Import Request.
  Time since last request: 1658.936147 seconds.
  path: Assets/Prefabs/Objects/Door.prefab
  artifactKey: Guid(54153b379cd92394bb5e87397e291a8f) Importer(815301076,1909f56bfc062723c751e8b465ee728b)
Start importing Assets/Prefabs/Objects/Door.prefab using Guid(54153b379cd92394bb5e87397e291a8f) Importer(815301076,1909f56bfc062723c751e8b465ee728b) [PhysX] Initialized MultithreadedTaskDispatcher with 10 workers.
[PhysX] Initialized MultithreadedTaskDispatcher with 10 workers.
 -> (artifact id: '101b77c397fd03910bf8f015bd273b6b') in 0.084911 seconds
Number of updated asset objects reloaded before import = 0
Number of asset objects unloaded after import = 27
========================================================================
Received Import Request.
  Time since last request: 0.000044 seconds.
  path: Assets/Prefabs/Objects/Sign.prefab
  artifactKey: Guid(632b0c7a13c1a944db304a112d02fd46) Importer(815301076,1909f56bfc062723c751e8b465ee728b)
Start importing Assets/Prefabs/Objects/Sign.prefab using Guid(632b0c7a13c1a944db304a112d02fd46) Importer(815301076,1909f56bfc062723c751e8b465ee728b) [PhysX] Initialized MultithreadedTaskDispatcher with 10 workers.
[PhysX] Initialized MultithreadedTaskDispatcher with 10 workers.
 -> (artifact id: '64110903d6a1fdda10e004881bd171b1') in 0.046172 seconds
Number of updated asset objects reloaded before import = 0
Number of asset objects unloaded after import = 61
========================================================================
Received Prepare
Begin MonoManager ReloadAssembly
Thread 0x16bcfb000 may have been prematurely finalized
- Loaded All Assemblies, in  0.337 seconds
Refreshing native plugins compatible for Editor in 2.95 ms, found 4 plugins.
Native extension for WindowsStandalone target not found
Native extension for iOS target not found
Native extension for Android target not found
Native extension for OSXStandalone target not found
Native extension for WebGL target not found
[Package Manager] Server::EnsureServerProcessIsRunning -- launch failed, reason: Unity was launched with the -noUpm command-line argument
[Package Manager] UpmClient::Send -- Unable to send message (not connected to UPM process).
[Package Manager] Cannot connect to Unity Package Manager local server
Mono: successfully reloaded assembly
- Finished resetting the current domain, in  1.187 seconds
Domain Reload Profiling: 1524ms
	BeginReloadAssembly (90ms)
		ExecutionOrderSort (0ms)
		DisableScriptedObjects (3ms)
		BackupInstance (0ms)
		ReleaseScriptingObjects (0ms)
		CreateAndSetChildDomain (35ms)
	RebuildCommonClasses (23ms)
	RebuildNativeTypeToScriptingClass (8ms)
	initialDomainReloadingComplete (16ms)
	LoadAllAssembliesAndSetupDomain (199ms)
		LoadAssemblies (218ms)
		RebuildTransferFunctionScriptingTraits (0ms)
		AnalyzeDomain (11ms)
			TypeCache.Refresh (5ms)
				TypeCache.ScanAssembly (0ms)
			ScanForSourceGeneratedMonoScriptInfo (0ms)
			ResolveRequiredComponents (5ms)
	FinalizeReload (1187ms)
		ReleaseScriptCaches (0ms)
		RebuildScriptCaches (0ms)
		SetupLoadedEditorAssemblies (344ms)
			LogAssemblyErrors (0ms)
			InitializePlatformSupportModulesInManaged (23ms)
			SetLoadedEditorAssemblies (4ms)
			RefreshPlugins (0ms)
			BeforeProcessingInitializeOnLoad (60ms)
			ProcessInitializeOnLoadAttributes (244ms)
			ProcessInitializeOnLoadMethodAttributes (13ms)
			AfterProcessingInitializeOnLoad (1ms)
			EditorAssembliesLoaded (0ms)
		ExecutionOrderSort2 (0ms)
		AwakeInstancesAfterBackupRestoration (2ms)
Refreshing native plugins compatible for Editor in 5.89 ms, found 4 plugins.
Preloading 0 native plugins for Editor in 0.00 ms.
Unloading 3923 Unused Serialized files (Serialized files now loaded: 0)
Unloading 38 unused Assets / (142.9 KB). Loaded Objects now: 4679.
Memory consumption went from 232.3 MB to 232.1 MB.
Total: 2.457792 ms (FindLiveObjects: 0.138167 ms CreateObjectMapping: 0.047250 ms MarkObjects: 2.170917 ms  DeleteObjects: 0.100792 ms)

Prepare: number of updated asset objects reloaded= 0
AssetImportParameters requested are different than current active one (requested -> active):
  custom:container-demuxer-ogg: 62fdf1f143b41e24485cea50d1cbac27 -> 
  custom:video-decoder-ogg-theora: a1e56fd34408186e4bbccfd4996cb3dc -> 
  custom:CustomObjectIndexerAttribute: 9a22284fe3817be447336de3de66b15e -> 
  custom:container-demuxer-webm: 4f35f7cbe854078d1ac9338744f61a02 -> 
  custom:container-muxer-webm: aa71ff27fc2769a1b78a27578f13a17b -> 
  custom:video-decoder-webm-vp8: 9c59270c3fd7afecdb556c50c9e8de78 -> 
  custom:SearchIndexIgnoredProperties: e643bd26f0fe6173181afceb89e7c659 -> 
  custom:AudioImporter_EditorPlatform: 3918e3fc78b5a79bad01e8451be0beb8 -> 
  custom:framework-osx-AVFoundation: e770b220cccbd017edd2c1fefb359320 -> 
  custom:video-encoder-webm-vp8: eb34c28f22e8b96e1ab97ce403110664 -> 
  custom:audio-decoder-ogg-vorbis: bf7c407c2cedff20999df2af8eb42d56 -> 
  custom:audio-encoder-webm-vorbis: bf7c407c2cedff20999df2af8eb42d56 -> 
========================================================================
Received Prepare
Begin MonoManager ReloadAssembly
Thread 0x16bcfb000 may have been prematurely finalized
- Loaded All Assemblies, in  0.335 seconds
Refreshing native plugins compatible for Editor in 3.58 ms, found 4 plugins.
Native extension for WindowsStandalone target not found
Native extension for iOS target not found
Native extension for Android target not found
Native extension for OSXStandalone target not found
Native extension for WebGL target not found
[Package Manager] Server::EnsureServerProcessIsRunning -- launch failed, reason: Unity was launched with the -noUpm command-line argument
[Package Manager] UpmClient::Send -- Unable to send message (not connected to UPM process).
[Package Manager] Cannot connect to Unity Package Manager local server
Mono: successfully reloaded assembly
- Finished resetting the current domain, in  1.268 seconds
Domain Reload Profiling: 1603ms
	BeginReloadAssembly (102ms)
		ExecutionOrderSort (0ms)
		DisableScriptedObjects (3ms)
		BackupInstance (0ms)
		ReleaseScriptingObjects (0ms)
		CreateAndSetChildDomain (33ms)
	RebuildCommonClasses (24ms)
	RebuildNativeTypeToScriptingClass (8ms)
	initialDomainReloadingComplete (16ms)
	LoadAllAssembliesAndSetupDomain (185ms)
		LoadAssemblies (192ms)
		RebuildTransferFunctionScriptingTraits (0ms)
		AnalyzeDomain (24ms)
			TypeCache.Refresh (12ms)
				TypeCache.ScanAssembly (1ms)
			ScanForSourceGeneratedMonoScriptInfo (6ms)
			ResolveRequiredComponents (5ms)
	FinalizeReload (1268ms)
		ReleaseScriptCaches (0ms)
		RebuildScriptCaches (0ms)
		SetupLoadedEditorAssemblies (302ms)
			LogAssemblyErrors (0ms)
			InitializePlatformSupportModulesInManaged (24ms)
			SetLoadedEditorAssemblies (3ms)
			RefreshPlugins (0ms)
			BeforeProcessingInitializeOnLoad (47ms)
			ProcessInitializeOnLoadAttributes (216ms)
			ProcessInitializeOnLoadMethodAttributes (11ms)
			AfterProcessingInitializeOnLoad (1ms)
			EditorAssembliesLoaded (0ms)
		ExecutionOrderSort2 (0ms)
		AwakeInstancesAfterBackupRestoration (2ms)
Refreshing native plugins compatible for Editor in 5.06 ms, found 4 plugins.
Preloading 0 native plugins for Editor in 0.00 ms.
Unloading 3924 Unused Serialized files (Serialized files now loaded: 0)
Unloading 36 unused Assets / (142.2 KB). Loaded Objects now: 4694.
Memory consumption went from 238.5 MB to 238.4 MB.
Total: 2.647667 ms (FindLiveObjects: 0.177000 ms CreateObjectMapping: 0.052584 ms MarkObjects: 2.306208 ms  DeleteObjects: 0.110958 ms)

Prepare: number of updated asset objects reloaded= 0
AssetImportParameters requested are different than current active one (requested -> active):
  custom:container-demuxer-ogg: 62fdf1f143b41e24485cea50d1cbac27 -> 
  custom:video-decoder-ogg-theora: a1e56fd34408186e4bbccfd4996cb3dc -> 
  custom:CustomObjectIndexerAttribute: 9a22284fe3817be447336de3de66b15e -> 
  custom:container-demuxer-webm: 4f35f7cbe854078d1ac9338744f61a02 -> 
  custom:container-muxer-webm: aa71ff27fc2769a1b78a27578f13a17b -> 
  custom:video-decoder-webm-vp8: 9c59270c3fd7afecdb556c50c9e8de78 -> 
  custom:SearchIndexIgnoredProperties: e643bd26f0fe6173181afceb89e7c659 -> 
  custom:AudioImporter_EditorPlatform: 3918e3fc78b5a79bad01e8451be0beb8 -> 
  custom:framework-osx-AVFoundation: e770b220cccbd017edd2c1fefb359320 -> 
  custom:video-encoder-webm-vp8: eb34c28f22e8b96e1ab97ce403110664 -> 
  custom:audio-decoder-ogg-vorbis: bf7c407c2cedff20999df2af8eb42d56 -> 
  custom:audio-encoder-webm-vorbis: bf7c407c2cedff20999df2af8eb42d56 -> 
========================================================================
Received Prepare
Begin MonoManager ReloadAssembly
Thread 0x16bcfb000 may have been prematurely finalized
- Loaded All Assemblies, in  0.328 seconds
Refreshing native plugins compatible for Editor in 10.17 ms, found 4 plugins.
Native extension for WindowsStandalone target not found
Native extension for iOS target not found
Native extension for Android target not found
Native extension for OSXStandalone target not found
Native extension for WebGL target not found
[Package Manager] Server::EnsureServerProcessIsRunning -- launch failed, reason: Unity was launched with the -noUpm command-line argument
[Package Manager] UpmClient::Send -- Unable to send message (not connected to UPM process).
[Package Manager] Cannot connect to Unity Package Manager local server
Mono: successfully reloaded assembly
- Finished resetting the current domain, in  0.538 seconds
Domain Reload Profiling: 866ms
	BeginReloadAssembly (100ms)
		ExecutionOrderSort (0ms)
		DisableScriptedObjects (3ms)
		BackupInstance (0ms)
		ReleaseScriptingObjects (0ms)
		CreateAndSetChildDomain (36ms)
	RebuildCommonClasses (23ms)
	RebuildNativeTypeToScriptingClass (8ms)
	initialDomainReloadingComplete (15ms)
	LoadAllAssembliesAndSetupDomain (183ms)
		LoadAssemblies (203ms)
		RebuildTransferFunctionScriptingTraits (0ms)
		AnalyzeDomain (15ms)
			TypeCache.Refresh (8ms)
				TypeCache.ScanAssembly (0ms)
			ScanForSourceGeneratedMonoScriptInfo (0ms)
			ResolveRequiredComponents (6ms)
	FinalizeReload (538ms)
		ReleaseScriptCaches (0ms)
		RebuildScriptCaches (0ms)
		SetupLoadedEditorAssemblies (298ms)
			LogAssemblyErrors (0ms)
			InitializePlatformSupportModulesInManaged (24ms)
			SetLoadedEditorAssemblies (3ms)
			RefreshPlugins (0ms)
			BeforeProcessingInitializeOnLoad (38ms)
			ProcessInitializeOnLoadAttributes (218ms)
			ProcessInitializeOnLoadMethodAttributes (12ms)
			AfterProcessingInitializeOnLoad (2ms)
			EditorAssembliesLoaded (0ms)
		ExecutionOrderSort2 (0ms)
		AwakeInstancesAfterBackupRestoration (2ms)
Refreshing native plugins compatible for Editor in 3.01 ms, found 4 plugins.
Preloading 0 native plugins for Editor in 0.00 ms.
Unloading 3924 Unused Serialized files (Serialized files now loaded: 0)
Unloading 36 unused Assets / (142.0 KB). Loaded Objects now: 4709.
Memory consumption went from 244.5 MB to 244.3 MB.
Total: 2.731792 ms (FindLiveObjects: 0.146417 ms CreateObjectMapping: 0.051833 ms MarkObjects: 2.426958 ms  DeleteObjects: 0.105958 ms)

Prepare: number of updated asset objects reloaded= 0
AssetImportParameters requested are different than current active one (requested -> active):
  custom:container-demuxer-ogg: 62fdf1f143b41e24485cea50d1cbac27 -> 
  custom:video-decoder-ogg-theora: a1e56fd34408186e4bbccfd4996cb3dc -> 
  custom:CustomObjectIndexerAttribute: 9a22284fe3817be447336de3de66b15e -> 
  custom:container-demuxer-webm: 4f35f7cbe854078d1ac9338744f61a02 -> 
  custom:container-muxer-webm: aa71ff27fc2769a1b78a27578f13a17b -> 
  custom:video-decoder-webm-vp8: 9c59270c3fd7afecdb556c50c9e8de78 -> 
  custom:SearchIndexIgnoredProperties: e643bd26f0fe6173181afceb89e7c659 -> 
  custom:AudioImporter_EditorPlatform: 3918e3fc78b5a79bad01e8451be0beb8 -> 
  custom:framework-osx-AVFoundation: e770b220cccbd017edd2c1fefb359320 -> 
  custom:video-encoder-webm-vp8: eb34c28f22e8b96e1ab97ce403110664 -> 
  custom:audio-decoder-ogg-vorbis: bf7c407c2cedff20999df2af8eb42d56 -> 
  custom:audio-encoder-webm-vorbis: bf7c407c2cedff20999df2af8eb42d56 -> 
========================================================================
Received Prepare
Begin MonoManager ReloadAssembly
Thread 0x16bcfb000 may have been prematurely finalized
- Loaded All Assemblies, in  0.295 seconds
Refreshing native plugins compatible for Editor in 3.27 ms, found 4 plugins.
Native extension for WindowsStandalone target not found
Native extension for iOS target not found
Native extension for Android target not found
Native extension for OSXStandalone target not found
Native extension for WebGL target not found
[Package Manager] Server::EnsureServerProcessIsRunning -- launch failed, reason: Unity was launched with the -noUpm command-line argument
[Package Manager] UpmClient::Send -- Unable to send message (not connected to UPM process).
[Package Manager] Cannot connect to Unity Package Manager local server
Mono: successfully reloaded assembly
- Finished resetting the current domain, in  1.203 seconds
Domain Reload Profiling: 1499ms
	BeginReloadAssembly (103ms)
		ExecutionOrderSort (0ms)
		DisableScriptedObjects (5ms)
		BackupInstance (0ms)
		ReleaseScriptingObjects (0ms)
		CreateAndSetChildDomain (39ms)
	RebuildCommonClasses (23ms)
	RebuildNativeTypeToScriptingClass (8ms)
	initialDomainReloadingComplete (12ms)
	LoadAllAssembliesAndSetupDomain (149ms)
		LoadAssemblies (171ms)
		RebuildTransferFunctionScriptingTraits (0ms)
		AnalyzeDomain (13ms)
			TypeCache.Refresh (7ms)
				TypeCache.ScanAssembly (0ms)
			ScanForSourceGeneratedMonoScriptInfo (0ms)
			ResolveRequiredComponents (5ms)
	FinalizeReload (1203ms)
		ReleaseScriptCaches (0ms)
		RebuildScriptCaches (0ms)
		SetupLoadedEditorAssemblies (352ms)
			LogAssemblyErrors (0ms)
			InitializePlatformSupportModulesInManaged (24ms)
			SetLoadedEditorAssemblies (3ms)
			RefreshPlugins (0ms)
			BeforeProcessingInitializeOnLoad (59ms)
			ProcessInitializeOnLoadAttributes (252ms)
			ProcessInitializeOnLoadMethodAttributes (12ms)
			AfterProcessingInitializeOnLoad (1ms)
			EditorAssembliesLoaded (0ms)
		ExecutionOrderSort2 (0ms)
		AwakeInstancesAfterBackupRestoration (2ms)
Refreshing native plugins compatible for Editor in 6.35 ms, found 4 plugins.
Preloading 0 native plugins for Editor in 0.00 ms.
Unloading 3924 Unused Serialized files (Serialized files now loaded: 0)
Unloading 36 unused Assets / (150.3 KB). Loaded Objects now: 4724.
Memory consumption went from 250.4 MB to 250.3 MB.
Total: 2.700291 ms (FindLiveObjects: 0.146166 ms CreateObjectMapping: 0.051083 ms MarkObjects: 2.398667 ms  DeleteObjects: 0.103834 ms)

Prepare: number of updated asset objects reloaded= 0
AssetImportParameters requested are different than current active one (requested -> active):
  custom:container-demuxer-ogg: 62fdf1f143b41e24485cea50d1cbac27 -> 
  custom:video-decoder-ogg-theora: a1e56fd34408186e4bbccfd4996cb3dc -> 
  custom:CustomObjectIndexerAttribute: 9a22284fe3817be447336de3de66b15e -> 
  custom:container-demuxer-webm: 4f35f7cbe854078d1ac9338744f61a02 -> 
  custom:container-muxer-webm: aa71ff27fc2769a1b78a27578f13a17b -> 
  custom:video-decoder-webm-vp8: 9c59270c3fd7afecdb556c50c9e8de78 -> 
  custom:SearchIndexIgnoredProperties: e643bd26f0fe6173181afceb89e7c659 -> 
  custom:AudioImporter_EditorPlatform: 3918e3fc78b5a79bad01e8451be0beb8 -> 
  custom:framework-osx-AVFoundation: e770b220cccbd017edd2c1fefb359320 -> 
  custom:video-encoder-webm-vp8: eb34c28f22e8b96e1ab97ce403110664 -> 
  custom:audio-decoder-ogg-vorbis: bf7c407c2cedff20999df2af8eb42d56 -> 
  custom:audio-encoder-webm-vorbis: bf7c407c2cedff20999df2af8eb42d56 -> 
========================================================================
Received Import Request.
  Time since last request: 1812.345161 seconds.
  path: Assets/RPGPP_LT/Models/Nature/rpgpp_lt_bush_01.fbx
  artifactKey: Guid(d28a5d39d87b52c49824501fac8b689c) Importer(815301076,1909f56bfc062723c751e8b465ee728b)
Start importing Assets/RPGPP_LT/Models/Nature/rpgpp_lt_bush_01.fbx using Guid(d28a5d39d87b52c49824501fac8b689c) Importer(815301076,1909f56bfc062723c751e8b465ee728b) [PhysX] Initialized MultithreadedTaskDispatcher with 10 workers.
[PhysX] Initialized MultithreadedTaskDispatcher with 10 workers.
[PhysX] Initialized MultithreadedTaskDispatcher with 10 workers.
 -> (artifact id: 'df526c5cf2c3975dc2d5046cfa364b6f') in 0.092119 seconds
Number of updated asset objects reloaded before import = 0
Number of asset objects unloaded after import = 7
========================================================================
Received Import Request.
  Time since last request: 0.000051 seconds.
  path: Assets/RPGPP_LT/Models/Nature/rpgpp_lt_flower_01.fbx
  artifactKey: Guid(7d350a824190e0647822f95e9f7bbc97) Importer(815301076,1909f56bfc062723c751e8b465ee728b)
Start importing Assets/RPGPP_LT/Models/Nature/rpgpp_lt_flower_01.fbx using Guid(7d350a824190e0647822f95e9f7bbc97) Importer(815301076,1909f56bfc062723c751e8b465ee728b) [PhysX] Initialized MultithreadedTaskDispatcher with 10 workers.
[PhysX] Initialized MultithreadedTaskDispatcher with 10 workers.
[PhysX] Initialized MultithreadedTaskDispatcher with 10 workers.
 -> (artifact id: 'f518cb6f67c8c2cc35e47b19f7bdcf1c') in 0.017514 seconds
Number of updated asset objects reloaded before import = 0
Number of asset objects unloaded after import = 7
========================================================================
Received Import Request.
  Time since last request: 0.000124 seconds.
  path: Assets/RPGPP_LT/Models/Nature/rpgpp_lt_cloud_01.fbx
  artifactKey: Guid(b36c73269c1668c4bbfb76bf41a74b15) Importer(815301076,1909f56bfc062723c751e8b465ee728b)
Start importing Assets/RPGPP_LT/Models/Nature/rpgpp_lt_cloud_01.fbx using Guid(b36c73269c1668c4bbfb76bf41a74b15) Importer(815301076,1909f56bfc062723c751e8b465ee728b) [PhysX] Initialized MultithreadedTaskDispatcher with 10 workers.
[PhysX] Initialized MultithreadedTaskDispatcher with 10 workers.
[PhysX] Initialized MultithreadedTaskDispatcher with 10 workers.
 -> (artifact id: 'b20f3b83ab91694b9a16840e3af82823') in 0.013195 seconds
Number of updated asset objects reloaded before import = 0
Number of asset objects unloaded after import = 7
========================================================================
Received Import Request.
  Time since last request: 0.000061 seconds.
  path: Assets/RPGPP_LT/Models/Nature/rpgpp_lt_flower_02.fbx
  artifactKey: Guid(7710c12951e94d24eb1b65f105f6823e) Importer(815301076,1909f56bfc062723c751e8b465ee728b)
Start importing Assets/RPGPP_LT/Models/Nature/rpgpp_lt_flower_02.fbx using Guid(7710c12951e94d24eb1b65f105f6823e) Importer(815301076,1909f56bfc062723c751e8b465ee728b) [PhysX] Initialized MultithreadedTaskDispatcher with 10 workers.
[PhysX] Initialized MultithreadedTaskDispatcher with 10 workers.
[PhysX] Initialized MultithreadedTaskDispatcher with 10 workers.
 -> (artifact id: 'b139891a1682dd506e587c85bfec157a') in 0.011872 seconds
Number of updated asset objects reloaded before import = 0
Number of asset objects unloaded after import = 7
========================================================================
Received Import Request.
  Time since last request: 0.000072 seconds.
  path: Assets/RPGPP_LT/Models/Nature/rpgpp_lt_hill_small_01.fbx
  artifactKey: Guid(3602432658d7f1540978cbbd6875ad2d) Importer(815301076,1909f56bfc062723c751e8b465ee728b)
Start importing Assets/RPGPP_LT/Models/Nature/rpgpp_lt_hill_small_01.fbx using Guid(3602432658d7f1540978cbbd6875ad2d) Importer(815301076,1909f56bfc062723c751e8b465ee728b) [PhysX] Initialized MultithreadedTaskDispatcher with 10 workers.
[PhysX] Initialized MultithreadedTaskDispatcher with 10 workers.
[PhysX] Initialized MultithreadedTaskDispatcher with 10 workers.
 -> (artifact id: 'bbd8559ef22c03256241ce1cb91a5ec6') in 0.011280 seconds
Number of updated asset objects reloaded before import = 0
Number of asset objects unloaded after import = 7
========================================================================
Received Import Request.
  Time since last request: 0.000095 seconds.
  path: Assets/RPGPP_LT/Models/Nature/rpgpp_lt_grass_small_01a.fbx
  artifactKey: Guid(c191cc4231bc1a940986671275027664) Importer(815301076,1909f56bfc062723c751e8b465ee728b)
Start importing Assets/RPGPP_LT/Models/Nature/rpgpp_lt_grass_small_01a.fbx using Guid(c191cc4231bc1a940986671275027664) Importer(815301076,1909f56bfc062723c751e8b465ee728b) [PhysX] Initialized MultithreadedTaskDispatcher with 10 workers.
[PhysX] Initialized MultithreadedTaskDispatcher with 10 workers.
[PhysX] Initialized MultithreadedTaskDispatcher with 10 workers.
 -> (artifact id: 'baa002dcf9864da83bb2746c333156ea') in 0.013891 seconds
Number of updated asset objects reloaded before import = 0
Number of asset objects unloaded after import = 7
========================================================================
Received Import Request.
  Time since last request: 0.813283 seconds.
  path: Assets/RPGPP_LT/Models/Nature/rpgpp_lt_mountain_01.fbx
  artifactKey: Guid(9d123ff5b15c0bd4fbd33779e2acdbd9) Importer(815301076,1909f56bfc062723c751e8b465ee728b)
Start importing Assets/RPGPP_LT/Models/Nature/rpgpp_lt_mountain_01.fbx using Guid(9d123ff5b15c0bd4fbd33779e2acdbd9) Importer(815301076,1909f56bfc062723c751e8b465ee728b) [PhysX] Initialized MultithreadedTaskDispatcher with 10 workers.
[PhysX] Initialized MultithreadedTaskDispatcher with 10 workers.
[PhysX] Initialized MultithreadedTaskDispatcher with 10 workers.
 -> (artifact id: '43d5f121d3691469f4da32d7a776bb10') in 0.010518 seconds
Number of updated asset objects reloaded before import = 0
Number of asset objects unloaded after import = 7
========================================================================
Received Import Request.
  Time since last request: 0.028301 seconds.
  path: Assets/RPGPP_LT/Models/Nature/rpgpp_lt_plant_01.fbx
  artifactKey: Guid(82188904581423c4a9ed3fbf3286ccdd) Importer(815301076,1909f56bfc062723c751e8b465ee728b)
Start importing Assets/RPGPP_LT/Models/Nature/rpgpp_lt_plant_01.fbx using Guid(82188904581423c4a9ed3fbf3286ccdd) Importer(815301076,1909f56bfc062723c751e8b465ee728b) [PhysX] Initialized MultithreadedTaskDispatcher with 10 workers.
[PhysX] Initialized MultithreadedTaskDispatcher with 10 workers.
[PhysX] Initialized MultithreadedTaskDispatcher with 10 workers.
 -> (artifact id: '23b10745a6cd3ede93a92565064b1ca0') in 0.013626 seconds
Number of updated asset objects reloaded before import = 0
Number of asset objects unloaded after import = 7
========================================================================
Received Import Request.
  Time since last request: 0.000829 seconds.
  path: Assets/RPGPP_LT/Models/Nature/rpgpp_lt_plant_02.fbx
  artifactKey: Guid(2ef20853860a4694c9c08c312d121b56) Importer(815301076,1909f56bfc062723c751e8b465ee728b)
Start importing Assets/RPGPP_LT/Models/Nature/rpgpp_lt_plant_02.fbx using Guid(2ef20853860a4694c9c08c312d121b56) Importer(815301076,1909f56bfc062723c751e8b465ee728b) [PhysX] Initialized MultithreadedTaskDispatcher with 10 workers.
[PhysX] Initialized MultithreadedTaskDispatcher with 10 workers.
[PhysX] Initialized MultithreadedTaskDispatcher with 10 workers.
 -> (artifact id: '78050fa4eadec6228c90a7a16900dbb9') in 0.023426 seconds
Number of updated asset objects reloaded before import = 0
Number of asset objects unloaded after import = 7
========================================================================
Received Import Request.
  Time since last request: 0.000782 seconds.
  path: Assets/RPGPP_LT/Models/Nature/rpgpp_lt_rock_01.fbx
  artifactKey: Guid(305f277e1529222439b495a441de2f0b) Importer(815301076,1909f56bfc062723c751e8b465ee728b)
Start importing Assets/RPGPP_LT/Models/Nature/rpgpp_lt_rock_01.fbx using Guid(305f277e1529222439b495a441de2f0b) Importer(815301076,1909f56bfc062723c751e8b465ee728b) [PhysX] Initialized MultithreadedTaskDispatcher with 10 workers.
[PhysX] Initialized MultithreadedTaskDispatcher with 10 workers.
[PhysX] Initialized MultithreadedTaskDispatcher with 10 workers.
 -> (artifact id: '8d9ce24c7ed9bcad3ea3f684bcfe5fdd') in 0.013981 seconds
Number of updated asset objects reloaded before import = 0
Number of asset objects unloaded after import = 7
========================================================================
Received Import Request.
  Time since last request: 0.017529 seconds.
  path: Assets/RPGPP_LT/Models/Nature/rpgpp_lt_rock_02.fbx
  artifactKey: Guid(d1fd41beb70267947bc1c996df07593d) Importer(815301076,1909f56bfc062723c751e8b465ee728b)
Start importing Assets/RPGPP_LT/Models/Nature/rpgpp_lt_rock_02.fbx using Guid(d1fd41beb70267947bc1c996df07593d) Importer(815301076,1909f56bfc062723c751e8b465ee728b) [PhysX] Initialized MultithreadedTaskDispatcher with 10 workers.
[PhysX] Initialized MultithreadedTaskDispatcher with 10 workers.
[PhysX] Initialized MultithreadedTaskDispatcher with 10 workers.
 -> (artifact id: 'a37e6a5c80a351d06355a406ea327494') in 0.017483 seconds
Number of updated asset objects reloaded before import = 0
Number of asset objects unloaded after import = 7
========================================================================
Received Import Request.
  Time since last request: 0.037061 seconds.
  path: Assets/RPGPP_LT/Models/Nature/rpgpp_lt_rock_small_01.fbx
  artifactKey: Guid(274fdec0feeaa784f96a62f99c4be287) Importer(815301076,1909f56bfc062723c751e8b465ee728b)
Start importing Assets/RPGPP_LT/Models/Nature/rpgpp_lt_rock_small_01.fbx using Guid(274fdec0feeaa784f96a62f99c4be287) Importer(815301076,1909f56bfc062723c751e8b465ee728b) [PhysX] Initialized MultithreadedTaskDispatcher with 10 workers.
[PhysX] Initialized MultithreadedTaskDispatcher with 10 workers.
[PhysX] Initialized MultithreadedTaskDispatcher with 10 workers.
 -> (artifact id: '93a7cdc45a19d93c27f871f49f487d8f') in 0.015521 seconds
Number of updated asset objects reloaded before import = 0
Number of asset objects unloaded after import = 7
========================================================================
Received Import Request.
  Time since last request: 0.008635 seconds.
  path: Assets/RPGPP_LT/Models/Nature/rpgpp_lt_rock_small_02.fbx
  artifactKey: Guid(7110966a22a1bd74c894def7bbb4b8cb) Importer(815301076,1909f56bfc062723c751e8b465ee728b)
Start importing Assets/RPGPP_LT/Models/Nature/rpgpp_lt_rock_small_02.fbx using Guid(7110966a22a1bd74c894def7bbb4b8cb) Importer(815301076,1909f56bfc062723c751e8b465ee728b) [PhysX] Initialized MultithreadedTaskDispatcher with 10 workers.
[PhysX] Initialized MultithreadedTaskDispatcher with 10 workers.
[PhysX] Initialized MultithreadedTaskDispatcher with 10 workers.
 -> (artifact id: '46153c79ea000816edc7ae74259fcc96') in 0.016855 seconds
Number of updated asset objects reloaded before import = 0
Number of asset objects unloaded after import = 7
========================================================================
Received Import Request.
  Time since last request: 0.023072 seconds.
  path: Assets/RPGPP_LT/Models/Nature/rpgpp_lt_rocks_tiny_01.fbx
  artifactKey: Guid(2e716c43576f71b4aa87e6cb4ebeaeab) Importer(815301076,1909f56bfc062723c751e8b465ee728b)
Start importing Assets/RPGPP_LT/Models/Nature/rpgpp_lt_rocks_tiny_01.fbx using Guid(2e716c43576f71b4aa87e6cb4ebeaeab) Importer(815301076,1909f56bfc062723c751e8b465ee728b) [PhysX] Initialized MultithreadedTaskDispatcher with 10 workers.
[PhysX] Initialized MultithreadedTaskDispatcher with 10 workers.
[PhysX] Initialized MultithreadedTaskDispatcher with 10 workers.
 -> (artifact id: 'bd357479ad5c52d6e15be2db1fbd102e') in 0.017151 seconds
Number of updated asset objects reloaded before import = 0
Number of asset objects unloaded after import = 7
========================================================================
Received Import Request.
  Time since last request: 0.023651 seconds.
  path: Assets/RPGPP_LT/Models/Nature/rpgpp_lt_sky_01.fbx
  artifactKey: Guid(092e8eab260eaf84e890e2e5dbc513b1) Importer(815301076,1909f56bfc062723c751e8b465ee728b)
Start importing Assets/RPGPP_LT/Models/Nature/rpgpp_lt_sky_01.fbx using Guid(092e8eab260eaf84e890e2e5dbc513b1) Importer(815301076,1909f56bfc062723c751e8b465ee728b) [PhysX] Initialized MultithreadedTaskDispatcher with 10 workers.
[PhysX] Initialized MultithreadedTaskDispatcher with 10 workers.
[PhysX] Initialized MultithreadedTaskDispatcher with 10 workers.
 -> (artifact id: '268f1e9c90270589d4a1171ca607cb24') in 0.017178 seconds
Number of updated asset objects reloaded before import = 0
Number of asset objects unloaded after import = 7
========================================================================
Received Import Request.
  Time since last request: 0.257893 seconds.
  path: Assets/RPGPP_LT/Models/Nature/rpgpp_lt_terrain_grass_01.fbx
  artifactKey: Guid(264414c28ea0fbb41b924fd17d9228b3) Importer(815301076,1909f56bfc062723c751e8b465ee728b)
Start importing Assets/RPGPP_LT/Models/Nature/rpgpp_lt_terrain_grass_01.fbx using Guid(264414c28ea0fbb41b924fd17d9228b3) Importer(815301076,1909f56bfc062723c751e8b465ee728b) [PhysX] Initialized MultithreadedTaskDispatcher with 10 workers.
[PhysX] Initialized MultithreadedTaskDispatcher with 10 workers.
[PhysX] Initialized MultithreadedTaskDispatcher with 10 workers.
 -> (artifact id: '46c8efb46f47d23aacc05bad5921e58a') in 0.016909 seconds
Number of updated asset objects reloaded before import = 0
Number of asset objects unloaded after import = 7
========================================================================
Received Import Request.
  Time since last request: 0.052878 seconds.
  path: Assets/RPGPP_LT/Models/Nature/rpgpp_lt_terrain_grass_02.fbx
  artifactKey: Guid(a90ec1b8be596134b912428bfce1f226) Importer(815301076,1909f56bfc062723c751e8b465ee728b)
Start importing Assets/RPGPP_LT/Models/Nature/rpgpp_lt_terrain_grass_02.fbx using Guid(a90ec1b8be596134b912428bfce1f226) Importer(815301076,1909f56bfc062723c751e8b465ee728b) [PhysX] Initialized MultithreadedTaskDispatcher with 10 workers.
[PhysX] Initialized MultithreadedTaskDispatcher with 10 workers.
[PhysX] Initialized MultithreadedTaskDispatcher with 10 workers.
 -> (artifact id: 'ae8b0d6b04b6af02ea1cf5abab503a93') in 0.015701 seconds
Number of updated asset objects reloaded before import = 0
Number of asset objects unloaded after import = 7
========================================================================
Received Import Request.
  Time since last request: 0.024075 seconds.
  path: Assets/RPGPP_LT/Models/Nature/rpgpp_lt_terrain_path_01a.fbx
  artifactKey: Guid(46a54c5b0997d8b47bf6519139a81b86) Importer(815301076,1909f56bfc062723c751e8b465ee728b)
Start importing Assets/RPGPP_LT/Models/Nature/rpgpp_lt_terrain_path_01a.fbx using Guid(46a54c5b0997d8b47bf6519139a81b86) Importer(815301076,1909f56bfc062723c751e8b465ee728b) [PhysX] Initialized MultithreadedTaskDispatcher with 10 workers.
[PhysX] Initialized MultithreadedTaskDispatcher with 10 workers.
[PhysX] Initialized MultithreadedTaskDispatcher with 10 workers.
 -> (artifact id: '57254a2b0b1820a94a42b9c1aa31c835') in 0.017218 seconds
Number of updated asset objects reloaded before import = 0
Number of asset objects unloaded after import = 7
========================================================================
Received Import Request.
  Time since last request: 0.019567 seconds.
  path: Assets/RPGPP_LT/Models/Nature/rpgpp_lt_terrain_path_01b.fbx
  artifactKey: Guid(70fbff8150321794f8532fef4f4d7c98) Importer(815301076,1909f56bfc062723c751e8b465ee728b)
Start importing Assets/RPGPP_LT/Models/Nature/rpgpp_lt_terrain_path_01b.fbx using Guid(70fbff8150321794f8532fef4f4d7c98) Importer(815301076,1909f56bfc062723c751e8b465ee728b) [PhysX] Initialized MultithreadedTaskDispatcher with 10 workers.
[PhysX] Initialized MultithreadedTaskDispatcher with 10 workers.
[PhysX] Initialized MultithreadedTaskDispatcher with 10 workers.
 -> (artifact id: '4812977e3c0d48c69f0724a5bd31cf09') in 0.016474 seconds
Number of updated asset objects reloaded before import = 0
Number of asset objects unloaded after import = 7
========================================================================
Received Import Request.
  Time since last request: 0.017965 seconds.
  path: Assets/RPGPP_LT/Models/Nature/rpgpp_lt_terrain_sand_01.fbx
  artifactKey: Guid(b75a02a185084be49bc0ead09438de21) Importer(815301076,1909f56bfc062723c751e8b465ee728b)
Start importing Assets/RPGPP_LT/Models/Nature/rpgpp_lt_terrain_sand_01.fbx using Guid(b75a02a185084be49bc0ead09438de21) Importer(815301076,1909f56bfc062723c751e8b465ee728b) [PhysX] Initialized MultithreadedTaskDispatcher with 10 workers.
[PhysX] Initialized MultithreadedTaskDispatcher with 10 workers.
[PhysX] Initialized MultithreadedTaskDispatcher with 10 workers.
 -> (artifact id: 'b80b4a334a05897796b6820b10c60f66') in 0.016856 seconds
Number of updated asset objects reloaded before import = 0
Number of asset objects unloaded after import = 7
========================================================================
Received Import Request.
  Time since last request: 0.032304 seconds.
  path: Assets/RPGPP_LT/Models/Nature/rpgpp_lt_tree_01.fbx
  artifactKey: Guid(15977c94193725642b83e5c7be73b2e8) Importer(815301076,1909f56bfc062723c751e8b465ee728b)
Start importing Assets/RPGPP_LT/Models/Nature/rpgpp_lt_tree_01.fbx using Guid(15977c94193725642b83e5c7be73b2e8) Importer(815301076,1909f56bfc062723c751e8b465ee728b) [PhysX] Initialized MultithreadedTaskDispatcher with 10 workers.
[PhysX] Initialized MultithreadedTaskDispatcher with 10 workers.
[PhysX] Initialized MultithreadedTaskDispatcher with 10 workers.
 -> (artifact id: '853f32e353e20969a196566c198e7963') in 0.016448 seconds
Number of updated asset objects reloaded before import = 0
Number of asset objects unloaded after import = 7
========================================================================
Received Import Request.
  Time since last request: 0.051473 seconds.
  path: Assets/RPGPP_LT/Models/Nature/rpgpp_lt_tree_02.fbx
  artifactKey: Guid(7dca68918011bd644a4dc268eea79b44) Importer(815301076,1909f56bfc062723c751e8b465ee728b)
Start importing Assets/RPGPP_LT/Models/Nature/rpgpp_lt_tree_02.fbx using Guid(7dca68918011bd644a4dc268eea79b44) Importer(815301076,1909f56bfc062723c751e8b465ee728b) [PhysX] Initialized MultithreadedTaskDispatcher with 10 workers.
[PhysX] Initialized MultithreadedTaskDispatcher with 10 workers.
[PhysX] Initialized MultithreadedTaskDispatcher with 10 workers.
 -> (artifact id: '2e9589c1ce4d3e7752cf7d0ef942505f') in 0.015043 seconds
Number of updated asset objects reloaded before import = 0
Number of asset objects unloaded after import = 7
========================================================================
Received Import Request.
  Time since last request: 0.179100 seconds.
  path: Assets/RPGPP_LT/Models/Nature/rpgpp_lt_tree_pine_01.fbx
  artifactKey: Guid(58c79ebc04f48c74fa4869c3f7d941fd) Importer(815301076,1909f56bfc062723c751e8b465ee728b)
Start importing Assets/RPGPP_LT/Models/Nature/rpgpp_lt_tree_pine_01.fbx using Guid(58c79ebc04f48c74fa4869c3f7d941fd) Importer(815301076,1909f56bfc062723c751e8b465ee728b) [PhysX] Initialized MultithreadedTaskDispatcher with 10 workers.
[PhysX] Initialized MultithreadedTaskDispatcher with 10 workers.
[PhysX] Initialized MultithreadedTaskDispatcher with 10 workers.
 -> (artifact id: '523077ba426184c0f80c4f7009f9cc18') in 0.016517 seconds
Number of updated asset objects reloaded before import = 0
Number of asset objects unloaded after import = 7
========================================================================
Received Import Request.
  Time since last request: 3.608021 seconds.
  path: Assets/RPGPP_LT/Textures/rpgpp_lt_sky_a.tga
  artifactKey: Guid(5c4fa0e44769f8f46a06d96031e56a4e) Importer(815301076,1909f56bfc062723c751e8b465ee728b)
Start importing Assets/RPGPP_LT/Textures/rpgpp_lt_sky_a.tga using Guid(5c4fa0e44769f8f46a06d96031e56a4e) Importer(815301076,1909f56bfc062723c751e8b465ee728b) [PhysX] Initialized MultithreadedTaskDispatcher with 10 workers.
[PhysX] Initialized MultithreadedTaskDispatcher with 10 workers.
 -> (artifact id: '8ee4ba5afffa6a17bec1b3f7297fd2e5') in 0.038159 seconds
Number of updated asset objects reloaded before import = 0
Number of asset objects unloaded after import = 2
========================================================================
Received Import Request.
  Time since last request: 3.884122 seconds.
  path: Assets/RPGPP_LT/Prefabs/Nature/Vegetation
  artifactKey: Guid(1f67d8c4e62c4144392c50846992f7be) Importer(815301076,1909f56bfc062723c751e8b465ee728b)
Start importing Assets/RPGPP_LT/Prefabs/Nature/Vegetation using Guid(1f67d8c4e62c4144392c50846992f7be) Importer(815301076,1909f56bfc062723c751e8b465ee728b) [PhysX] Initialized MultithreadedTaskDispatcher with 10 workers.
 -> (artifact id: 'c063d1cc5d6788841bace73e15e0fb5a') in 0.000344 seconds
Number of updated asset objects reloaded before import = 0
Number of asset objects unloaded after import = 0
========================================================================
Received Import Request.
  Time since last request: 3.009236 seconds.
  path: Assets/RPGPP_LT/Prefabs/Nature/Vegetation/Flowers
  artifactKey: Guid(cedcb6555bd89b940a6868c072ed473d) Importer(815301076,1909f56bfc062723c751e8b465ee728b)
Start importing Assets/RPGPP_LT/Prefabs/Nature/Vegetation/Flowers using Guid(cedcb6555bd89b940a6868c072ed473d) Importer(815301076,1909f56bfc062723c751e8b465ee728b) [PhysX] Initialized MultithreadedTaskDispatcher with 10 workers.
 -> (artifact id: '1b84c2c3166f27a86e8274258126172b') in 0.000560 seconds
Number of updated asset objects reloaded before import = 0
Number of asset objects unloaded after import = 0
========================================================================
Received Import Request.
  Time since last request: 0.104113 seconds.
  path: Assets/RPGPP_LT/Prefabs/Nature/Vegetation/Flowers/rpgpp_lt_flower_01.prefab
  artifactKey: Guid(1aad01ae01d836647b215e40f1f4c1a7) Importer(815301076,1909f56bfc062723c751e8b465ee728b)
Start importing Assets/RPGPP_LT/Prefabs/Nature/Vegetation/Flowers/rpgpp_lt_flower_01.prefab using Guid(1aad01ae01d836647b215e40f1f4c1a7) Importer(815301076,1909f56bfc062723c751e8b465ee728b) [PhysX] Initialized MultithreadedTaskDispatcher with 10 workers.
[PhysX] Initialized MultithreadedTaskDispatcher with 10 workers.
 -> (artifact id: 'c67e997cd35a3fe834abc4a4d967ba2e') in 0.017660 seconds
Number of updated asset objects reloaded before import = 0
Number of asset objects unloaded after import = 9
========================================================================
Received Import Request.
  Time since last request: 0.000034 seconds.
  path: Assets/RPGPP_LT/Prefabs/Nature/Vegetation/Flowers/rpgpp_lt_flower_03.prefab
  artifactKey: Guid(f71e980e020ab924ebed9a227a648ec8) Importer(815301076,1909f56bfc062723c751e8b465ee728b)
Start importing Assets/RPGPP_LT/Prefabs/Nature/Vegetation/Flowers/rpgpp_lt_flower_03.prefab using Guid(f71e980e020ab924ebed9a227a648ec8) Importer(815301076,1909f56bfc062723c751e8b465ee728b) [PhysX] Initialized MultithreadedTaskDispatcher with 10 workers.
[PhysX] Initialized MultithreadedTaskDispatcher with 10 workers.
 -> (artifact id: '08d2c1e38ec0472aa9399e8881dcaab7') in 0.012422 seconds
Number of updated asset objects reloaded before import = 0
Number of asset objects unloaded after import = 9
========================================================================
Received Prepare
Begin MonoManager ReloadAssembly
Thread 0x16c38b000 may have been prematurely finalized
- Loaded All Assemblies, in  0.362 seconds
Refreshing native plugins compatible for Editor in 4.33 ms, found 4 plugins.
Native extension for WindowsStandalone target not found
Native extension for iOS target not found
Native extension for Android target not found
Native extension for OSXStandalone target not found
Native extension for WebGL target not found
[Package Manager] Server::EnsureServerProcessIsRunning -- launch failed, reason: Unity was launched with the -noUpm command-line argument
[Package Manager] UpmClient::Send -- Unable to send message (not connected to UPM process).
[Package Manager] Cannot connect to Unity Package Manager local server
Mono: successfully reloaded assembly
- Finished resetting the current domain, in  1.174 seconds
Domain Reload Profiling: 1536ms
	BeginReloadAssembly (119ms)
		ExecutionOrderSort (0ms)
		DisableScriptedObjects (3ms)
		BackupInstance (0ms)
		ReleaseScriptingObjects (0ms)
		CreateAndSetChildDomain (41ms)
	RebuildCommonClasses (26ms)
	RebuildNativeTypeToScriptingClass (9ms)
	initialDomainReloadingComplete (17ms)
	LoadAllAssembliesAndSetupDomain (191ms)
		LoadAssemblies (226ms)
		RebuildTransferFunctionScriptingTraits (0ms)
		AnalyzeDomain (12ms)
			TypeCache.Refresh (6ms)
				TypeCache.ScanAssembly (0ms)
			ScanForSourceGeneratedMonoScriptInfo (0ms)
			ResolveRequiredComponents (5ms)
	FinalizeReload (1175ms)
		ReleaseScriptCaches (0ms)
		RebuildScriptCaches (0ms)
		SetupLoadedEditorAssemblies (309ms)
			LogAssemblyErrors (0ms)
			InitializePlatformSupportModulesInManaged (25ms)
			SetLoadedEditorAssemblies (4ms)
			RefreshPlugins (0ms)
			BeforeProcessingInitializeOnLoad (43ms)
			ProcessInitializeOnLoadAttributes (224ms)
			ProcessInitializeOnLoadMethodAttributes (11ms)
			AfterProcessingInitializeOnLoad (2ms)
			EditorAssembliesLoaded (0ms)
		ExecutionOrderSort2 (0ms)
		AwakeInstancesAfterBackupRestoration (2ms)
Refreshing native plugins compatible for Editor in 4.98 ms, found 4 plugins.
Preloading 0 native plugins for Editor in 0.00 ms.
Unloading 3923 Unused Serialized files (Serialized files now loaded: 0)
Unloading 35 unused Assets / (141.3 KB). Loaded Objects now: 4745.
Memory consumption went from 257.0 MB to 256.9 MB.
Total: 2.923333 ms (FindLiveObjects: 0.166375 ms CreateObjectMapping: 0.054125 ms MarkObjects: 2.594709 ms  DeleteObjects: 0.107541 ms)

Prepare: number of updated asset objects reloaded= 0
AssetImportParameters requested are different than current active one (requested -> active):
  custom:container-demuxer-ogg: 62fdf1f143b41e24485cea50d1cbac27 -> 
  custom:video-decoder-ogg-theora: a1e56fd34408186e4bbccfd4996cb3dc -> 
  custom:CustomObjectIndexerAttribute: 9a22284fe3817be447336de3de66b15e -> 
  custom:container-demuxer-webm: 4f35f7cbe854078d1ac9338744f61a02 -> 
  custom:container-muxer-webm: aa71ff27fc2769a1b78a27578f13a17b -> 
  custom:video-decoder-webm-vp8: 9c59270c3fd7afecdb556c50c9e8de78 -> 
  custom:SearchIndexIgnoredProperties: e643bd26f0fe6173181afceb89e7c659 -> 
  custom:AudioImporter_EditorPlatform: 3918e3fc78b5a79bad01e8451be0beb8 -> 
  custom:framework-osx-AVFoundation: e770b220cccbd017edd2c1fefb359320 -> 
  custom:video-encoder-webm-vp8: eb34c28f22e8b96e1ab97ce403110664 -> 
  custom:audio-decoder-ogg-vorbis: bf7c407c2cedff20999df2af8eb42d56 -> 
  custom:audio-encoder-webm-vorbis: bf7c407c2cedff20999df2af8eb42d56 -> 
========================================================================
Received Prepare
Begin MonoManager ReloadAssembly
Thread 0x16c38b000 may have been prematurely finalized
- Loaded All Assemblies, in  0.291 seconds
Refreshing native plugins compatible for Editor in 6.47 ms, found 4 plugins.
Native extension for WindowsStandalone target not found
Native extension for iOS target not found
Native extension for Android target not found
Native extension for OSXStandalone target not found
Native extension for WebGL target not found
[Package Manager] Server::EnsureServerProcessIsRunning -- launch failed, reason: Unity was launched with the -noUpm command-line argument
[Package Manager] UpmClient::Send -- Unable to send message (not connected to UPM process).
[Package Manager] Cannot connect to Unity Package Manager local server
Mono: successfully reloaded assembly
- Finished resetting the current domain, in  1.185 seconds
Domain Reload Profiling: 1476ms
	BeginReloadAssembly (102ms)
		ExecutionOrderSort (0ms)
		DisableScriptedObjects (3ms)
		BackupInstance (0ms)
		ReleaseScriptingObjects (0ms)
		CreateAndSetChildDomain (35ms)
	RebuildCommonClasses (25ms)
	RebuildNativeTypeToScriptingClass (8ms)
	initialDomainReloadingComplete (14ms)
	LoadAllAssembliesAndSetupDomain (142ms)
		LoadAssemblies (165ms)
		RebuildTransferFunctionScriptingTraits (0ms)
		AnalyzeDomain (11ms)
			TypeCache.Refresh (5ms)
				TypeCache.ScanAssembly (0ms)
			ScanForSourceGeneratedMonoScriptInfo (0ms)
			ResolveRequiredComponents (5ms)
	FinalizeReload (1185ms)
		ReleaseScriptCaches (0ms)
		RebuildScriptCaches (0ms)
		SetupLoadedEditorAssemblies (305ms)
			LogAssemblyErrors (0ms)
			InitializePlatformSupportModulesInManaged (24ms)
			SetLoadedEditorAssemblies (3ms)
			RefreshPlugins (0ms)
			BeforeProcessingInitializeOnLoad (44ms)
			ProcessInitializeOnLoadAttributes (220ms)
			ProcessInitializeOnLoadMethodAttributes (10ms)
			AfterProcessingInitializeOnLoad (1ms)
			EditorAssembliesLoaded (1ms)
		ExecutionOrderSort2 (0ms)
		AwakeInstancesAfterBackupRestoration (2ms)
Refreshing native plugins compatible for Editor in 9.97 ms, found 4 plugins.
Preloading 0 native plugins for Editor in 0.00 ms.
Unloading 3923 Unused Serialized files (Serialized files now loaded: 0)
Unloading 35 unused Assets / (141.4 KB). Loaded Objects now: 4760.
Memory consumption went from 263.0 MB to 262.8 MB.
Total: 2.356041 ms (FindLiveObjects: 0.140458 ms CreateObjectMapping: 0.047584 ms MarkObjects: 2.081458 ms  DeleteObjects: 0.086083 ms)

Prepare: number of updated asset objects reloaded= 0
AssetImportParameters requested are different than current active one (requested -> active):
  custom:container-demuxer-ogg: 62fdf1f143b41e24485cea50d1cbac27 -> 
  custom:video-decoder-ogg-theora: a1e56fd34408186e4bbccfd4996cb3dc -> 
  custom:CustomObjectIndexerAttribute: 9a22284fe3817be447336de3de66b15e -> 
  custom:container-demuxer-webm: 4f35f7cbe854078d1ac9338744f61a02 -> 
  custom:container-muxer-webm: aa71ff27fc2769a1b78a27578f13a17b -> 
  custom:video-decoder-webm-vp8: 9c59270c3fd7afecdb556c50c9e8de78 -> 
  custom:SearchIndexIgnoredProperties: e643bd26f0fe6173181afceb89e7c659 -> 
  custom:AudioImporter_EditorPlatform: 3918e3fc78b5a79bad01e8451be0beb8 -> 
  custom:framework-osx-AVFoundation: e770b220cccbd017edd2c1fefb359320 -> 
  custom:video-encoder-webm-vp8: eb34c28f22e8b96e1ab97ce403110664 -> 
  custom:audio-decoder-ogg-vorbis: bf7c407c2cedff20999df2af8eb42d56 -> 
  custom:audio-encoder-webm-vorbis: bf7c407c2cedff20999df2af8eb42d56 -> 
========================================================================
Received Prepare
Begin MonoManager ReloadAssembly
Thread 0x16c417000 may have been prematurely finalized
- Loaded All Assemblies, in  0.312 seconds
Refreshing native plugins compatible for Editor in 3.59 ms, found 4 plugins.
Native extension for WindowsStandalone target not found
Native extension for iOS target not found
Native extension for Android target not found
Native extension for OSXStandalone target not found
Native extension for WebGL target not found
[Package Manager] Server::EnsureServerProcessIsRunning -- launch failed, reason: Unity was launched with the -noUpm command-line argument
[Package Manager] UpmClient::Send -- Unable to send message (not connected to UPM process).
[Package Manager] Cannot connect to Unity Package Manager local server
Mono: successfully reloaded assembly
- Finished resetting the current domain, in  1.144 seconds
Domain Reload Profiling: 1456ms
	BeginReloadAssembly (105ms)
		ExecutionOrderSort (0ms)
		DisableScriptedObjects (3ms)
		BackupInstance (0ms)
		ReleaseScriptingObjects (0ms)
		CreateAndSetChildDomain (43ms)
	RebuildCommonClasses (24ms)
	RebuildNativeTypeToScriptingClass (8ms)
	initialDomainReloadingComplete (14ms)
	LoadAllAssembliesAndSetupDomain (161ms)
		LoadAssemblies (178ms)
		RebuildTransferFunctionScriptingTraits (0ms)
		AnalyzeDomain (13ms)
			TypeCache.Refresh (7ms)
				TypeCache.ScanAssembly (0ms)
			ScanForSourceGeneratedMonoScriptInfo (0ms)
			ResolveRequiredComponents (5ms)
	FinalizeReload (1145ms)
		ReleaseScriptCaches (0ms)
		RebuildScriptCaches (0ms)
		SetupLoadedEditorAssemblies (314ms)
			LogAssemblyErrors (0ms)
			InitializePlatformSupportModulesInManaged (25ms)
			SetLoadedEditorAssemblies (4ms)
			RefreshPlugins (0ms)
			BeforeProcessingInitializeOnLoad (51ms)
			ProcessInitializeOnLoadAttributes (219ms)
			ProcessInitializeOnLoadMethodAttributes (12ms)
			AfterProcessingInitializeOnLoad (2ms)
			EditorAssembliesLoaded (0ms)
		ExecutionOrderSort2 (0ms)
		AwakeInstancesAfterBackupRestoration (2ms)
Refreshing native plugins compatible for Editor in 6.31 ms, found 4 plugins.
Preloading 0 native plugins for Editor in 0.00 ms.
Unloading 3923 Unused Serialized files (Serialized files now loaded: 0)
Unloading 35 unused Assets / (141.2 KB). Loaded Objects now: 4775.
Memory consumption went from 268.9 MB to 268.8 MB.
Total: 2.427084 ms (FindLiveObjects: 0.152125 ms CreateObjectMapping: 0.048875 ms MarkObjects: 2.114000 ms  DeleteObjects: 0.111417 ms)

Prepare: number of updated asset objects reloaded= 0
AssetImportParameters requested are different than current active one (requested -> active):
  custom:container-demuxer-ogg: 62fdf1f143b41e24485cea50d1cbac27 -> 
  custom:video-decoder-ogg-theora: a1e56fd34408186e4bbccfd4996cb3dc -> 
  custom:CustomObjectIndexerAttribute: 9a22284fe3817be447336de3de66b15e -> 
  custom:container-demuxer-webm: 4f35f7cbe854078d1ac9338744f61a02 -> 
  custom:container-muxer-webm: aa71ff27fc2769a1b78a27578f13a17b -> 
  custom:video-decoder-webm-vp8: 9c59270c3fd7afecdb556c50c9e8de78 -> 
  custom:SearchIndexIgnoredProperties: e643bd26f0fe6173181afceb89e7c659 -> 
  custom:AudioImporter_EditorPlatform: 3918e3fc78b5a79bad01e8451be0beb8 -> 
  custom:framework-osx-AVFoundation: e770b220cccbd017edd2c1fefb359320 -> 
  custom:video-encoder-webm-vp8: eb34c28f22e8b96e1ab97ce403110664 -> 
  custom:audio-decoder-ogg-vorbis: bf7c407c2cedff20999df2af8eb42d56 -> 
  custom:audio-encoder-webm-vorbis: bf7c407c2cedff20999df2af8eb42d56 -> 
========================================================================
Received Prepare
Begin MonoManager ReloadAssembly
Thread 0x16c417000 may have been prematurely finalized
- Loaded All Assemblies, in  0.304 seconds
Refreshing native plugins compatible for Editor in 3.34 ms, found 4 plugins.
Native extension for WindowsStandalone target not found
Native extension for iOS target not found
Native extension for Android target not found
Native extension for OSXStandalone target not found
Native extension for WebGL target not found
[Package Manager] Server::EnsureServerProcessIsRunning -- launch failed, reason: Unity was launched with the -noUpm command-line argument
[Package Manager] UpmClient::Send -- Unable to send message (not connected to UPM process).
[Package Manager] Cannot connect to Unity Package Manager local server
Mono: successfully reloaded assembly
- Finished resetting the current domain, in  1.162 seconds
Domain Reload Profiling: 1466ms
	BeginReloadAssembly (92ms)
		ExecutionOrderSort (0ms)
		DisableScriptedObjects (3ms)
		BackupInstance (0ms)
		ReleaseScriptingObjects (0ms)
		CreateAndSetChildDomain (32ms)
	RebuildCommonClasses (22ms)
	RebuildNativeTypeToScriptingClass (8ms)
	initialDomainReloadingComplete (17ms)
	LoadAllAssembliesAndSetupDomain (166ms)
		LoadAssemblies (186ms)
		RebuildTransferFunctionScriptingTraits (0ms)
		AnalyzeDomain (12ms)
			TypeCache.Refresh (6ms)
				TypeCache.ScanAssembly (0ms)
			ScanForSourceGeneratedMonoScriptInfo (0ms)
			ResolveRequiredComponents (5ms)
	FinalizeReload (1162ms)
		ReleaseScriptCaches (0ms)
		RebuildScriptCaches (0ms)
		SetupLoadedEditorAssemblies (314ms)
			LogAssemblyErrors (0ms)
			InitializePlatformSupportModulesInManaged (23ms)
			SetLoadedEditorAssemblies (3ms)
			RefreshPlugins (0ms)
			BeforeProcessingInitializeOnLoad (55ms)
			ProcessInitializeOnLoadAttributes (220ms)
			ProcessInitializeOnLoadMethodAttributes (12ms)
			AfterProcessingInitializeOnLoad (1ms)
			EditorAssembliesLoaded (0ms)
		ExecutionOrderSort2 (0ms)
		AwakeInstancesAfterBackupRestoration (2ms)
Refreshing native plugins compatible for Editor in 6.78 ms, found 4 plugins.
Preloading 0 native plugins for Editor in 0.00 ms.
Unloading 3923 Unused Serialized files (Serialized files now loaded: 0)
Unloading 35 unused Assets / (141.3 KB). Loaded Objects now: 4790.
Memory consumption went from 274.9 MB to 274.8 MB.
Total: 2.661500 ms (FindLiveObjects: 0.166625 ms CreateObjectMapping: 0.053125 ms MarkObjects: 2.336500 ms  DeleteObjects: 0.104667 ms)

Prepare: number of updated asset objects reloaded= 0
AssetImportParameters requested are different than current active one (requested -> active):
  custom:container-demuxer-ogg: 62fdf1f143b41e24485cea50d1cbac27 -> 
  custom:video-decoder-ogg-theora: a1e56fd34408186e4bbccfd4996cb3dc -> 
  custom:CustomObjectIndexerAttribute: 9a22284fe3817be447336de3de66b15e -> 
  custom:container-demuxer-webm: 4f35f7cbe854078d1ac9338744f61a02 -> 
  custom:container-muxer-webm: aa71ff27fc2769a1b78a27578f13a17b -> 
  custom:video-decoder-webm-vp8: 9c59270c3fd7afecdb556c50c9e8de78 -> 
  custom:SearchIndexIgnoredProperties: e643bd26f0fe6173181afceb89e7c659 -> 
  custom:AudioImporter_EditorPlatform: 3918e3fc78b5a79bad01e8451be0beb8 -> 
  custom:framework-osx-AVFoundation: e770b220cccbd017edd2c1fefb359320 -> 
  custom:video-encoder-webm-vp8: eb34c28f22e8b96e1ab97ce403110664 -> 
  custom:audio-decoder-ogg-vorbis: bf7c407c2cedff20999df2af8eb42d56 -> 
  custom:audio-encoder-webm-vorbis: bf7c407c2cedff20999df2af8eb42d56 -> 
========================================================================
Received Prepare
Begin MonoManager ReloadAssembly
Thread 0x16e8c7000 may have been prematurely finalized
- Loaded All Assemblies, in  0.318 seconds
Refreshing native plugins compatible for Editor in 3.18 ms, found 4 plugins.
Native extension for WindowsStandalone target not found
Native extension for iOS target not found
Native extension for Android target not found
Native extension for OSXStandalone target not found
Native extension for WebGL target not found
[Package Manager] Server::EnsureServerProcessIsRunning -- launch failed, reason: Unity was launched with the -noUpm command-line argument
[Package Manager] UpmClient::Send -- Unable to send message (not connected to UPM process).
[Package Manager] Cannot connect to Unity Package Manager local server
Mono: successfully reloaded assembly
- Finished resetting the current domain, in  1.191 seconds
Domain Reload Profiling: 1509ms
	BeginReloadAssembly (100ms)
		ExecutionOrderSort (0ms)
		DisableScriptedObjects (3ms)
		BackupInstance (0ms)
		ReleaseScriptingObjects (0ms)
		CreateAndSetChildDomain (37ms)
	RebuildCommonClasses (23ms)
	RebuildNativeTypeToScriptingClass (8ms)
	initialDomainReloadingComplete (17ms)
	LoadAllAssembliesAndSetupDomain (170ms)
		LoadAssemblies (190ms)
		RebuildTransferFunctionScriptingTraits (0ms)
		AnalyzeDomain (12ms)
			TypeCache.Refresh (5ms)
				TypeCache.ScanAssembly (0ms)
			ScanForSourceGeneratedMonoScriptInfo (0ms)
			ResolveRequiredComponents (5ms)
	FinalizeReload (1191ms)
		ReleaseScriptCaches (0ms)
		RebuildScriptCaches (0ms)
		SetupLoadedEditorAssemblies (308ms)
			LogAssemblyErrors (0ms)
			InitializePlatformSupportModulesInManaged (25ms)
			SetLoadedEditorAssemblies (4ms)
			RefreshPlugins (0ms)
			BeforeProcessingInitializeOnLoad (41ms)
			ProcessInitializeOnLoadAttributes (227ms)
			ProcessInitializeOnLoadMethodAttributes (11ms)
			AfterProcessingInitializeOnLoad (1ms)
			EditorAssembliesLoaded (0ms)
		ExecutionOrderSort2 (0ms)
		AwakeInstancesAfterBackupRestoration (2ms)
Refreshing native plugins compatible for Editor in 6.38 ms, found 4 plugins.
Preloading 0 native plugins for Editor in 0.00 ms.
Unloading 3923 Unused Serialized files (Serialized files now loaded: 0)
Unloading 35 unused Assets / (141.2 KB). Loaded Objects now: 4805.
Memory consumption went from 280.9 MB to 280.7 MB.
Total: 2.443875 ms (FindLiveObjects: 0.152375 ms CreateObjectMapping: 0.050666 ms MarkObjects: 2.148958 ms  DeleteObjects: 0.091292 ms)

Prepare: number of updated asset objects reloaded= 0
AssetImportParameters requested are different than current active one (requested -> active):
  custom:container-demuxer-ogg: 62fdf1f143b41e24485cea50d1cbac27 -> 
  custom:video-decoder-ogg-theora: a1e56fd34408186e4bbccfd4996cb3dc -> 
  custom:CustomObjectIndexerAttribute: 9a22284fe3817be447336de3de66b15e -> 
  custom:container-demuxer-webm: 4f35f7cbe854078d1ac9338744f61a02 -> 
  custom:container-muxer-webm: aa71ff27fc2769a1b78a27578f13a17b -> 
  custom:video-decoder-webm-vp8: 9c59270c3fd7afecdb556c50c9e8de78 -> 
  custom:SearchIndexIgnoredProperties: e643bd26f0fe6173181afceb89e7c659 -> 
  custom:AudioImporter_EditorPlatform: 3918e3fc78b5a79bad01e8451be0beb8 -> 
  custom:framework-osx-AVFoundation: e770b220cccbd017edd2c1fefb359320 -> 
  custom:video-encoder-webm-vp8: eb34c28f22e8b96e1ab97ce403110664 -> 
  custom:audio-decoder-ogg-vorbis: bf7c407c2cedff20999df2af8eb42d56 -> 
  custom:audio-encoder-webm-vorbis: bf7c407c2cedff20999df2af8eb42d56 -> 
========================================================================
Received Import Request.
  Time since last request: 853.048201 seconds.
  path: Assets/Prefabs/Objects/Door.prefab
  artifactKey: Guid(54153b379cd92394bb5e87397e291a8f) Importer(815301076,1909f56bfc062723c751e8b465ee728b)
Start importing Assets/Prefabs/Objects/Door.prefab using Guid(54153b379cd92394bb5e87397e291a8f) Importer(815301076,1909f56bfc062723c751e8b465ee728b) [PhysX] Initialized MultithreadedTaskDispatcher with 10 workers.
[PhysX] Initialized MultithreadedTaskDispatcher with 10 workers.
 -> (artifact id: '86c58446a3dde50a51b21c1621e8f468') in 0.075263 seconds
Number of updated asset objects reloaded before import = 0
Number of asset objects unloaded after import = 27
========================================================================
Received Import Request.
  Time since last request: 0.000049 seconds.
  path: Assets/Prefabs/Objects/Sign.prefab
  artifactKey: Guid(632b0c7a13c1a944db304a112d02fd46) Importer(815301076,1909f56bfc062723c751e8b465ee728b)
Start importing Assets/Prefabs/Objects/Sign.prefab using Guid(632b0c7a13c1a944db304a112d02fd46) Importer(815301076,1909f56bfc062723c751e8b465ee728b) [PhysX] Initialized MultithreadedTaskDispatcher with 10 workers.
[PhysX] Initialized MultithreadedTaskDispatcher with 10 workers.
 -> (artifact id: '1434e5ba1dfc5db5edf9fbeabbea7f88') in 0.042761 seconds
Number of updated asset objects reloaded before import = 0
Number of asset objects unloaded after import = 61
========================================================================
Received Import Request.
  Time since last request: 2.253113 seconds.
  path: Assets/Prefabs/Objects/FlowerPot1.prefab
  artifactKey: Guid(8156fd9c42c764bfd9c359c979fbe1a9) Importer(815301076,1909f56bfc062723c751e8b465ee728b)
Start importing Assets/Prefabs/Objects/FlowerPot1.prefab using Guid(8156fd9c42c764bfd9c359c979fbe1a9) Importer(815301076,1909f56bfc062723c751e8b465ee728b) [PhysX] Initialized MultithreadedTaskDispatcher with 10 workers.
[PhysX] Initialized MultithreadedTaskDispatcher with 10 workers.
 -> (artifact id: '20605017b53aad1652774d5ae99f4b2d') in 0.037397 seconds
Number of updated asset objects reloaded before import = 0
Number of asset objects unloaded after import = 61
========================================================================
Received Import Request.
  Time since last request: 99.345014 seconds.
  path: Assets/RPGPP_LT/Models/Structures/rpgpp_lt_building_05.fbx
  artifactKey: Guid(7d1c542ac0453aa40a248ffb042193c2) Importer(815301076,1909f56bfc062723c751e8b465ee728b)
Start importing Assets/RPGPP_LT/Models/Structures/rpgpp_lt_building_05.fbx using Guid(7d1c542ac0453aa40a248ffb042193c2) Importer(815301076,1909f56bfc062723c751e8b465ee728b) [PhysX] Initialized MultithreadedTaskDispatcher with 10 workers.
[PhysX] Initialized MultithreadedTaskDispatcher with 10 workers.
[PhysX] Initialized MultithreadedTaskDispatcher with 10 workers.
 -> (artifact id: 'cf29bd4cb94d883f5d14047b78def530') in 0.031560 seconds
Number of updated asset objects reloaded before import = 0
Number of asset objects unloaded after import = 7
========================================================================
Received Import Request.
  Time since last request: 0.000077 seconds.
  path: Assets/RPGPP_LT/Models/Props/rpgpp_lt_ladder_01.fbx
  artifactKey: Guid(5a5a8e9d7228e204a91c0fb79c12479b) Importer(815301076,1909f56bfc062723c751e8b465ee728b)
Start importing Assets/RPGPP_LT/Models/Props/rpgpp_lt_ladder_01.fbx using Guid(5a5a8e9d7228e204a91c0fb79c12479b) Importer(815301076,1909f56bfc062723c751e8b465ee728b) [PhysX] Initialized MultithreadedTaskDispatcher with 10 workers.
[PhysX] Initialized MultithreadedTaskDispatcher with 10 workers.
[PhysX] Initialized MultithreadedTaskDispatcher with 10 workers.
 -> (artifact id: '06541c81fb0c35808970eea7d897c0e0') in 0.018632 seconds
Number of updated asset objects reloaded before import = 0
Number of asset objects unloaded after import = 7
========================================================================
Received Import Request.
  Time since last request: 0.000107 seconds.
  path: Assets/RPGPP_LT/Models/Props/rpgpp_lt_hanger_wood_01.fbx
  artifactKey: Guid(dc53ddfef4a2d414f83c0332e80bfbb6) Importer(815301076,1909f56bfc062723c751e8b465ee728b)
Start importing Assets/RPGPP_LT/Models/Props/rpgpp_lt_hanger_wood_01.fbx using Guid(dc53ddfef4a2d414f83c0332e80bfbb6) Importer(815301076,1909f56bfc062723c751e8b465ee728b) [PhysX] Initialized MultithreadedTaskDispatcher with 10 workers.
[PhysX] Initialized MultithreadedTaskDispatcher with 10 workers.
[PhysX] Initialized MultithreadedTaskDispatcher with 10 workers.
 -> (artifact id: 'd3b596759ef6705a19fc8e2910a36a27') in 0.010491 seconds
Number of updated asset objects reloaded before import = 0
Number of asset objects unloaded after import = 7
========================================================================
Received Import Request.
  Time since last request: 0.000086 seconds.
  path: Assets/RPGPP_LT/Models/Props/rpgpp_lt_hanger_clothes_01.fbx
  artifactKey: Guid(30c389f0d35cc414d9e841ff82ce1424) Importer(815301076,1909f56bfc062723c751e8b465ee728b)
Start importing Assets/RPGPP_LT/Models/Props/rpgpp_lt_hanger_clothes_01.fbx using Guid(30c389f0d35cc414d9e841ff82ce1424) Importer(815301076,1909f56bfc062723c751e8b465ee728b) [PhysX] Initialized MultithreadedTaskDispatcher with 10 workers.
[PhysX] Initialized MultithreadedTaskDispatcher with 10 workers.
[PhysX] Initialized MultithreadedTaskDispatcher with 10 workers.
 -> (artifact id: '0851bbfda9bb55a4d4329145083b0ad5') in 0.025944 seconds
Number of updated asset objects reloaded before import = 0
Number of asset objects unloaded after import = 7
========================================================================
Received Import Request.
  Time since last request: 0.000063 seconds.
  path: Assets/RPGPP_LT/Models/Props/rpgpp_lt_rake_01.fbx
  artifactKey: Guid(7deee4ad3618a17429fa704cea48558c) Importer(815301076,1909f56bfc062723c751e8b465ee728b)
Start importing Assets/RPGPP_LT/Models/Props/rpgpp_lt_rake_01.fbx using Guid(7deee4ad3618a17429fa704cea48558c) Importer(815301076,1909f56bfc062723c751e8b465ee728b) [PhysX] Initialized MultithreadedTaskDispatcher with 10 workers.
[PhysX] Initialized MultithreadedTaskDispatcher with 10 workers.
[PhysX] Initialized MultithreadedTaskDispatcher with 10 workers.
 -> (artifact id: '01d62d4e952536db39963b15330d5406') in 0.014569 seconds
Number of updated asset objects reloaded before import = 0
Number of asset objects unloaded after import = 7
========================================================================
Received Import Request.
  Time since last request: 151.740553 seconds.
  path: Assets/RPGPP_LT/Models/Props/rpgpp_lt_sack_01.fbx
  artifactKey: Guid(8f07894e139232f4fb48b79133ad05fa) Importer(815301076,1909f56bfc062723c751e8b465ee728b)
Start importing Assets/RPGPP_LT/Models/Props/rpgpp_lt_sack_01.fbx using Guid(8f07894e139232f4fb48b79133ad05fa) Importer(815301076,1909f56bfc062723c751e8b465ee728b) [PhysX] Initialized MultithreadedTaskDispatcher with 10 workers.
[PhysX] Initialized MultithreadedTaskDispatcher with 10 workers.
[PhysX] Initialized MultithreadedTaskDispatcher with 10 workers.
 -> (artifact id: '14347ba0a95e1861e19eb4a393561900') in 0.027868 seconds
Number of updated asset objects reloaded before import = 0
Number of asset objects unloaded after import = 7
========================================================================
Received Import Request.
  Time since last request: 0.034541 seconds.
  path: Assets/RPGPP_LT/Models/Props/rpgpp_lt_sack_open_01.fbx
  artifactKey: Guid(1716e599fb056014ca8f5786b3a82fcf) Importer(815301076,1909f56bfc062723c751e8b465ee728b)
Start importing Assets/RPGPP_LT/Models/Props/rpgpp_lt_sack_open_01.fbx using Guid(1716e599fb056014ca8f5786b3a82fcf) Importer(815301076,1909f56bfc062723c751e8b465ee728b) [PhysX] Initialized MultithreadedTaskDispatcher with 10 workers.
[PhysX] Initialized MultithreadedTaskDispatcher with 10 workers.
[PhysX] Initialized MultithreadedTaskDispatcher with 10 workers.
 -> (artifact id: '61257ccfbed72f2ca8dfd57f484d5d5c') in 0.014246 seconds
Number of updated asset objects reloaded before import = 0
Number of asset objects unloaded after import = 7
========================================================================
Received Import Request.
  Time since last request: 0.000041 seconds.
  path: Assets/RPGPP_LT/Models/Props/rpgpp_lt_shield_wall_01b.fbx
  artifactKey: Guid(ea48d15a3d30c4943927bc8edcd3ff96) Importer(815301076,1909f56bfc062723c751e8b465ee728b)
Start importing Assets/RPGPP_LT/Models/Props/rpgpp_lt_shield_wall_01b.fbx using Guid(ea48d15a3d30c4943927bc8edcd3ff96) Importer(815301076,1909f56bfc062723c751e8b465ee728b) [PhysX] Initialized MultithreadedTaskDispatcher with 10 workers.
[PhysX] Initialized MultithreadedTaskDispatcher with 10 workers.
[PhysX] Initialized MultithreadedTaskDispatcher with 10 workers.
 -> (artifact id: '7be670c757d43b8bba6be456412e4306') in 0.018234 seconds
Number of updated asset objects reloaded before import = 0
Number of asset objects unloaded after import = 7
========================================================================
Received Import Request.
  Time since last request: 0.042058 seconds.
  path: Assets/RPGPP_LT/Models/Props/rpgpp_lt_trough_01.fbx
  artifactKey: Guid(8b3f67c33dd9e9c4ea594b19207b4fbe) Importer(815301076,1909f56bfc062723c751e8b465ee728b)
Start importing Assets/RPGPP_LT/Models/Props/rpgpp_lt_trough_01.fbx using Guid(8b3f67c33dd9e9c4ea594b19207b4fbe) Importer(815301076,1909f56bfc062723c751e8b465ee728b) [PhysX] Initialized MultithreadedTaskDispatcher with 10 workers.
[PhysX] Initialized MultithreadedTaskDispatcher with 10 workers.
[PhysX] Initialized MultithreadedTaskDispatcher with 10 workers.
 -> (artifact id: 'ff1202d1e4c3d52c8cfcf93252d834a7') in 0.024127 seconds
Number of updated asset objects reloaded before import = 0
Number of asset objects unloaded after import = 7
========================================================================
Received Import Request.
  Time since last request: 0.000050 seconds.
  path: Assets/RPGPP_LT/Models/Props/rpgpp_lt_wagon_01.fbx
  artifactKey: Guid(f34a4e9b86005de4da2625205407868e) Importer(815301076,1909f56bfc062723c751e8b465ee728b)
Start importing Assets/RPGPP_LT/Models/Props/rpgpp_lt_wagon_01.fbx using Guid(f34a4e9b86005de4da2625205407868e) Importer(815301076,1909f56bfc062723c751e8b465ee728b) [PhysX] Initialized MultithreadedTaskDispatcher with 10 workers.
[PhysX] Initialized MultithreadedTaskDispatcher with 10 workers.
[PhysX] Initialized MultithreadedTaskDispatcher with 10 workers.
 -> (artifact id: 'd8d21fa00dc14ea7946506a9703ac4e2') in 0.017134 seconds
Number of updated asset objects reloaded before import = 0
Number of asset objects unloaded after import = 7
========================================================================
Received Import Request.
  Time since last request: 0.000148 seconds.
  path: Assets/RPGPP_LT/Models/Props/rpgpp_lt_wood_path_01b.fbx
  artifactKey: Guid(f867a2534aa85914d9e6b62f681cdf69) Importer(815301076,1909f56bfc062723c751e8b465ee728b)
Start importing Assets/RPGPP_LT/Models/Props/rpgpp_lt_wood_path_01b.fbx using Guid(f867a2534aa85914d9e6b62f681cdf69) Importer(815301076,1909f56bfc062723c751e8b465ee728b) [PhysX] Initialized MultithreadedTaskDispatcher with 10 workers.
[PhysX] Initialized MultithreadedTaskDispatcher with 10 workers.
[PhysX] Initialized MultithreadedTaskDispatcher with 10 workers.
 -> (artifact id: 'ceb24ed59f644264f4511e0a451b759a') in 0.012026 seconds
Number of updated asset objects reloaded before import = 0
Number of asset objects unloaded after import = 7
========================================================================
Received Import Request.
  Time since last request: 0.000082 seconds.
  path: Assets/RPGPP_LT/Models/Props/rpgpp_lt_wood_path_01a.fbx
  artifactKey: Guid(d4d6eed92fb93e948b95c2fc4d1f6f8d) Importer(815301076,1909f56bfc062723c751e8b465ee728b)
Start importing Assets/RPGPP_LT/Models/Props/rpgpp_lt_wood_path_01a.fbx using Guid(d4d6eed92fb93e948b95c2fc4d1f6f8d) Importer(815301076,1909f56bfc062723c751e8b465ee728b) [PhysX] Initialized MultithreadedTaskDispatcher with 10 workers.
[PhysX] Initialized MultithreadedTaskDispatcher with 10 workers.
[PhysX] Initialized MultithreadedTaskDispatcher with 10 workers.
 -> (artifact id: 'f7773396b514757789f424dc82ea23de') in 0.012992 seconds
Number of updated asset objects reloaded before import = 0
Number of asset objects unloaded after import = 7
========================================================================
Received Import Request.
  Time since last request: 4.836161 seconds.
  path: Assets/RPGPP_LT/Models/Props/rpgpp_lt_bucket_01.fbx
  artifactKey: Guid(e978333221b12f44ba9099ca8d181f25) Importer(815301076,1909f56bfc062723c751e8b465ee728b)
Start importing Assets/RPGPP_LT/Models/Props/rpgpp_lt_bucket_01.fbx using Guid(e978333221b12f44ba9099ca8d181f25) Importer(815301076,1909f56bfc062723c751e8b465ee728b) [PhysX] Initialized MultithreadedTaskDispatcher with 10 workers.
[PhysX] Initialized MultithreadedTaskDispatcher with 10 workers.
[PhysX] Initialized MultithreadedTaskDispatcher with 10 workers.
 -> (artifact id: '0fa86eb69f38557b7c8ff1f143a62403') in 0.019672 seconds
Number of updated asset objects reloaded before import = 0
Number of asset objects unloaded after import = 7
========================================================================
Received Import Request.
  Time since last request: 0.000089 seconds.
  path: Assets/RPGPP_LT/Models/Structures/rpgpp_lt_building_03.fbx
  artifactKey: Guid(52eeab1f0ce4d934591972b6df5d179b) Importer(815301076,1909f56bfc062723c751e8b465ee728b)
Start importing Assets/RPGPP_LT/Models/Structures/rpgpp_lt_building_03.fbx using Guid(52eeab1f0ce4d934591972b6df5d179b) Importer(815301076,1909f56bfc062723c751e8b465ee728b) [PhysX] Initialized MultithreadedTaskDispatcher with 10 workers.
[PhysX] Initialized MultithreadedTaskDispatcher with 10 workers.
[PhysX] Initialized MultithreadedTaskDispatcher with 10 workers.
 -> (artifact id: 'b9cac7db4558a9478d586e2e718d4caa') in 0.019050 seconds
Number of updated asset objects reloaded before import = 0
Number of asset objects unloaded after import = 7
========================================================================
Received Import Request.
  Time since last request: 0.000056 seconds.
  path: Assets/RPGPP_LT/Models/Structures/rpgpp_lt_building_02.fbx
  artifactKey: Guid(3ad660daf3a1e02458b9f3eca418861a) Importer(815301076,1909f56bfc062723c751e8b465ee728b)
Start importing Assets/RPGPP_LT/Models/Structures/rpgpp_lt_building_02.fbx using Guid(3ad660daf3a1e02458b9f3eca418861a) Importer(815301076,1909f56bfc062723c751e8b465ee728b) [PhysX] Initialized MultithreadedTaskDispatcher with 10 workers.
[PhysX] Initialized MultithreadedTaskDispatcher with 10 workers.
[PhysX] Initialized MultithreadedTaskDispatcher with 10 workers.
 -> (artifact id: '05b8fd32b7d75a17dcf89f357c593245') in 0.016498 seconds
Number of updated asset objects reloaded before import = 0
Number of asset objects unloaded after import = 7
========================================================================
Received Import Request.
  Time since last request: 0.016300 seconds.
  path: Assets/RPGPP_LT/Models/Props/rpgpp_lt_bench_wood_01.fbx
  artifactKey: Guid(6bc5a23d8cb251f40b96a1fbf4ddb4fc) Importer(815301076,1909f56bfc062723c751e8b465ee728b)
Start importing Assets/RPGPP_LT/Models/Props/rpgpp_lt_bench_wood_01.fbx using Guid(6bc5a23d8cb251f40b96a1fbf4ddb4fc) Importer(815301076,1909f56bfc062723c751e8b465ee728b) [PhysX] Initialized MultithreadedTaskDispatcher with 10 workers.
[PhysX] Initialized MultithreadedTaskDispatcher with 10 workers.
[PhysX] Initialized MultithreadedTaskDispatcher with 10 workers.
 -> (artifact id: '61a6cfaac0976dcebfb9519d3e2e7161') in 0.016722 seconds
Number of updated asset objects reloaded before import = 0
Number of asset objects unloaded after import = 7
========================================================================
Received Import Request.
  Time since last request: 0.000135 seconds.
  path: Assets/RPGPP_LT/Models/Props/rpgpp_lt_bowl_metal_01.fbx
  artifactKey: Guid(09cc238bd856b5d468789a6d2d0f48ed) Importer(815301076,1909f56bfc062723c751e8b465ee728b)
Start importing Assets/RPGPP_LT/Models/Props/rpgpp_lt_bowl_metal_01.fbx using Guid(09cc238bd856b5d468789a6d2d0f48ed) Importer(815301076,1909f56bfc062723c751e8b465ee728b) [PhysX] Initialized MultithreadedTaskDispatcher with 10 workers.
[PhysX] Initialized MultithreadedTaskDispatcher with 10 workers.
[PhysX] Initialized MultithreadedTaskDispatcher with 10 workers.
 -> (artifact id: '716a72e9c3c3ffe589b77d075f65bcff') in 0.014588 seconds
Number of updated asset objects reloaded before import = 0
Number of asset objects unloaded after import = 7
========================================================================
Received Import Request.
  Time since last request: 0.000101 seconds.
  path: Assets/RPGPP_LT/Models/Props/rpgpp_lt_broom_01.fbx
  artifactKey: Guid(752014a26efd03145b74d57634ef9245) Importer(815301076,1909f56bfc062723c751e8b465ee728b)
Start importing Assets/RPGPP_LT/Models/Props/rpgpp_lt_broom_01.fbx using Guid(752014a26efd03145b74d57634ef9245) Importer(815301076,1909f56bfc062723c751e8b465ee728b) [PhysX] Initialized MultithreadedTaskDispatcher with 10 workers.
[PhysX] Initialized MultithreadedTaskDispatcher with 10 workers.
[PhysX] Initialized MultithreadedTaskDispatcher with 10 workers.
 -> (artifact id: '8ca6f06f98325e5e79cfd14596866d11') in 0.018855 seconds
Number of updated asset objects reloaded before import = 0
Number of asset objects unloaded after import = 7
========================================================================
Received Import Request.
  Time since last request: 0.049167 seconds.
  path: Assets/Art/Environment/Stall1CW/StallCW.obj
  artifactKey: Guid(2d0bd982a36744a4295b6ba1e2b442e0) Importer(815301076,1909f56bfc062723c751e8b465ee728b)
Start importing Assets/Art/Environment/Stall1CW/StallCW.obj using Guid(2d0bd982a36744a4295b6ba1e2b442e0) Importer(815301076,1909f56bfc062723c751e8b465ee728b) [PhysX] Initialized MultithreadedTaskDispatcher with 10 workers.
[PhysX] Initialized MultithreadedTaskDispatcher with 10 workers.
[PhysX] Initialized MultithreadedTaskDispatcher with 10 workers.
[PhysX] Initialized MultithreadedTaskDispatcher with 10 workers.
[PhysX] Initialized MultithreadedTaskDispatcher with 10 workers.
[PhysX] Initialized MultithreadedTaskDispatcher with 10 workers.
[PhysX] Initialized MultithreadedTaskDispatcher with 10 workers.
[PhysX] Initialized MultithreadedTaskDispatcher with 10 workers.
[PhysX] Initialized MultithreadedTaskDispatcher with 10 workers.
[PhysX] Initialized MultithreadedTaskDispatcher with 10 workers.
[PhysX] Initialized MultithreadedTaskDispatcher with 10 workers.
[PhysX] Initialized MultithreadedTaskDispatcher with 10 workers.
[PhysX] Initialized MultithreadedTaskDispatcher with 10 workers.
[PhysX] Initialized MultithreadedTaskDispatcher with 10 workers.
[PhysX] Initialized MultithreadedTaskDispatcher with 10 workers.
[PhysX] Initialized MultithreadedTaskDispatcher with 10 workers.
[PhysX] Initialized MultithreadedTaskDispatcher with 10 workers.
[PhysX] Initialized MultithreadedTaskDispatcher with 10 workers.
[PhysX] Initialized MultithreadedTaskDispatcher with 10 workers.
[PhysX] Initialized MultithreadedTaskDispatcher with 10 workers.
[PhysX] Initialized MultithreadedTaskDispatcher with 10 workers.
[PhysX] Initialized MultithreadedTaskDispatcher with 10 workers.
[PhysX] Initialized MultithreadedTaskDispatcher with 10 workers.
[PhysX] Initialized MultithreadedTaskDispatcher with 10 workers.
[PhysX] Initialized MultithreadedTaskDispatcher with 10 workers.
[PhysX] Initialized MultithreadedTaskDispatcher with 10 workers.
[PhysX] Initialized MultithreadedTaskDispatcher with 10 workers.
[PhysX] Initialized MultithreadedTaskDispatcher with 10 workers.
[PhysX] Initialized MultithreadedTaskDispatcher with 10 workers.
[PhysX] Initialized MultithreadedTaskDispatcher with 10 workers.
[PhysX] Initialized MultithreadedTaskDispatcher with 10 workers.
[PhysX] Initialized MultithreadedTaskDispatcher with 10 workers.
[PhysX] Initialized MultithreadedTaskDispatcher with 10 workers.
[PhysX] Initialized MultithreadedTaskDispatcher with 10 workers.
[PhysX] Initialized MultithreadedTaskDispatcher with 10 workers.
 -> (artifact id: 'd8f15803ab6b9c15e0bb3e66047f12c5') in 0.201878 seconds
Number of updated asset objects reloaded before import = 0
Number of asset objects unloaded after import = 81
========================================================================
Received Import Request.
  Time since last request: 0.030822 seconds.
  path: Assets/Art/Environment/Stall2CW/StallCW.obj
  artifactKey: Guid(738007822cb66a5478d40efe9fd26337) Importer(815301076,1909f56bfc062723c751e8b465ee728b)
Start importing Assets/Art/Environment/Stall2CW/StallCW.obj using Guid(738007822cb66a5478d40efe9fd26337) Importer(815301076,1909f56bfc062723c751e8b465ee728b) [PhysX] Initialized MultithreadedTaskDispatcher with 10 workers.
[PhysX] Initialized MultithreadedTaskDispatcher with 10 workers.
[PhysX] Initialized MultithreadedTaskDispatcher with 10 workers.
[PhysX] Initialized MultithreadedTaskDispatcher with 10 workers.
[PhysX] Initialized MultithreadedTaskDispatcher with 10 workers.
[PhysX] Initialized MultithreadedTaskDispatcher with 10 workers.
[PhysX] Initialized MultithreadedTaskDispatcher with 10 workers.
[PhysX] Initialized MultithreadedTaskDispatcher with 10 workers.
[PhysX] Initialized MultithreadedTaskDispatcher with 10 workers.
[PhysX] Initialized MultithreadedTaskDispatcher with 10 workers.
[PhysX] Initialized MultithreadedTaskDispatcher with 10 workers.
[PhysX] Initialized MultithreadedTaskDispatcher with 10 workers.
[PhysX] Initialized MultithreadedTaskDispatcher with 10 workers.
[PhysX] Initialized MultithreadedTaskDispatcher with 10 workers.
[PhysX] Initialized MultithreadedTaskDispatcher with 10 workers.
[PhysX] Initialized MultithreadedTaskDispatcher with 10 workers.
[PhysX] Initialized MultithreadedTaskDispatcher with 10 workers.
[PhysX] Initialized MultithreadedTaskDispatcher with 10 workers.
[PhysX] Initialized MultithreadedTaskDispatcher with 10 workers.
[PhysX] Initialized MultithreadedTaskDispatcher with 10 workers.
[PhysX] Initialized MultithreadedTaskDispatcher with 10 workers.
[PhysX] Initialized MultithreadedTaskDispatcher with 10 workers.
[PhysX] Initialized MultithreadedTaskDispatcher with 10 workers.
[PhysX] Initialized MultithreadedTaskDispatcher with 10 workers.
[PhysX] Initialized MultithreadedTaskDispatcher with 10 workers.
[PhysX] Initialized MultithreadedTaskDispatcher with 10 workers.
[PhysX] Initialized MultithreadedTaskDispatcher with 10 workers.
[PhysX] Initialized MultithreadedTaskDispatcher with 10 workers.
[PhysX] Initialized MultithreadedTaskDispatcher with 10 workers.
[PhysX] Initialized MultithreadedTaskDispatcher with 10 workers.
[PhysX] Initialized MultithreadedTaskDispatcher with 10 workers.
[PhysX] Initialized MultithreadedTaskDispatcher with 10 workers.
[PhysX] Initialized MultithreadedTaskDispatcher with 10 workers.
[PhysX] Initialized MultithreadedTaskDispatcher with 10 workers.
[PhysX] Initialized MultithreadedTaskDispatcher with 10 workers.
 -> (artifact id: '996162a8cb9df798003525e3ff4bfac6') in 0.220427 seconds
Number of updated asset objects reloaded before import = 0
Number of asset objects unloaded after import = 81
========================================================================
Received Import Request.
  Time since last request: 13.407171 seconds.
  path: Assets/Art/Environment/RedCW_House/RedCW_House1.obj
  artifactKey: Guid(77d6f3bdfff250a43849409969e41ccb) Importer(815301076,1909f56bfc062723c751e8b465ee728b)
Start importing Assets/Art/Environment/RedCW_House/RedCW_House1.obj using Guid(77d6f3bdfff250a43849409969e41ccb) Importer(815301076,1909f56bfc062723c751e8b465ee728b) [PhysX] Initialized MultithreadedTaskDispatcher with 10 workers.
[PhysX] Initialized MultithreadedTaskDispatcher with 10 workers.
[PhysX] Initialized MultithreadedTaskDispatcher with 10 workers.
[PhysX] Initialized MultithreadedTaskDispatcher with 10 workers.
[PhysX] Initialized MultithreadedTaskDispatcher with 10 workers.
[PhysX] Initialized MultithreadedTaskDispatcher with 10 workers.
[PhysX] Initialized MultithreadedTaskDispatcher with 10 workers.
[PhysX] Initialized MultithreadedTaskDispatcher with 10 workers.
[PhysX] Initialized MultithreadedTaskDispatcher with 10 workers.
[PhysX] Initialized MultithreadedTaskDispatcher with 10 workers.
[PhysX] Initialized MultithreadedTaskDispatcher with 10 workers.
 -> (artifact id: 'a2d42221d5e4fdc973d08b99fbc2b462') in 0.105242 seconds
Number of updated asset objects reloaded before import = 0
Number of asset objects unloaded after import = 23
========================================================================
Received Import Request.
  Time since last request: 0.203848 seconds.
  path: Assets/Supercyan Character Pack Free Sample/Models/CommonPeople_FreeSample_anniversy_hat_1_onGround_meshCollider.fbx
  artifactKey: Guid(86bb0cdd6e1b4884ab0b61980fbc9095) Importer(815301076,1909f56bfc062723c751e8b465ee728b)
Start importing Assets/Supercyan Character Pack Free Sample/Models/CommonPeople_FreeSample_anniversy_hat_1_onGround_meshCollider.fbx using Guid(86bb0cdd6e1b4884ab0b61980fbc9095) Importer(815301076,1909f56bfc062723c751e8b465ee728b) [PhysX] Initialized MultithreadedTaskDispatcher with 10 workers.
[PhysX] Initialized MultithreadedTaskDispatcher with 10 workers.
[PhysX] Initialized MultithreadedTaskDispatcher with 10 workers.
 -> (artifact id: 'd3dd57c309417f510a539ddd82674229') in 0.023077 seconds
Number of updated asset objects reloaded before import = 0
Number of asset objects unloaded after import = 7
========================================================================
Received Import Request.
  Time since last request: 0.000062 seconds.
  path: Assets/Art/Environment/OrangeCW_House/OrangeCW_House1.obj
  artifactKey: Guid(129e34cc47a6beb4bafda3e2afb0b8c5) Importer(815301076,1909f56bfc062723c751e8b465ee728b)
Start importing Assets/Art/Environment/OrangeCW_House/OrangeCW_House1.obj using Guid(129e34cc47a6beb4bafda3e2afb0b8c5) Importer(815301076,1909f56bfc062723c751e8b465ee728b) [PhysX] Initialized MultithreadedTaskDispatcher with 10 workers.
[PhysX] Initialized MultithreadedTaskDispatcher with 10 workers.
[PhysX] Initialized MultithreadedTaskDispatcher with 10 workers.
[PhysX] Initialized MultithreadedTaskDispatcher with 10 workers.
[PhysX] Initialized MultithreadedTaskDispatcher with 10 workers.
[PhysX] Initialized MultithreadedTaskDispatcher with 10 workers.
[PhysX] Initialized MultithreadedTaskDispatcher with 10 workers.
[PhysX] Initialized MultithreadedTaskDispatcher with 10 workers.
[PhysX] Initialized MultithreadedTaskDispatcher with 10 workers.
[PhysX] Initialized MultithreadedTaskDispatcher with 10 workers.
[PhysX] Initialized MultithreadedTaskDispatcher with 10 workers.
 -> (artifact id: '31049cb4b4312a1bf976f7d098b05501') in 0.089606 seconds
Number of updated asset objects reloaded before import = 0
Number of asset objects unloaded after import = 23
========================================================================
Received Import Request.
  Time since last request: 0.392975 seconds.
  path: Assets/Supercyan Character Pack Free Sample/Models/CommonPeople_FreeSample_anniversy_gifBox_1.fbx
  artifactKey: Guid(9347fb2c8462fba4d9d1c075d0931f95) Importer(815301076,1909f56bfc062723c751e8b465ee728b)
Start importing Assets/Supercyan Character Pack Free Sample/Models/CommonPeople_FreeSample_anniversy_gifBox_1.fbx using Guid(9347fb2c8462fba4d9d1c075d0931f95) Importer(815301076,1909f56bfc062723c751e8b465ee728b) [PhysX] Initialized MultithreadedTaskDispatcher with 10 workers.
[PhysX] Initialized MultithreadedTaskDispatcher with 10 workers.
[PhysX] Initialized MultithreadedTaskDispatcher with 10 workers.
[PhysX] Initialized MultithreadedTaskDispatcher with 10 workers.
[PhysX] Initialized MultithreadedTaskDispatcher with 10 workers.
[PhysX] Initialized MultithreadedTaskDispatcher with 10 workers.
[PhysX] Initialized MultithreadedTaskDispatcher with 10 workers.
 -> (artifact id: 'bc957a5918dceb3054ae1f9681bcc616') in 0.020254 seconds
Number of updated asset objects reloaded before import = 0
Number of asset objects unloaded after import = 17
========================================================================
Received Import Request.
  Time since last request: 0.048367 seconds.
  path: Assets/Supercyan Character Pack Free Sample/Models/common_people_male_1.FBX
  artifactKey: Guid(ce5762145e8637f40b72246b1ef29e97) Importer(815301076,1909f56bfc062723c751e8b465ee728b)
Start importing Assets/Supercyan Character Pack Free Sample/Models/common_people_male_1.FBX using Guid(ce5762145e8637f40b72246b1ef29e97) Importer(815301076,1909f56bfc062723c751e8b465ee728b) [PhysX] Initialized MultithreadedTaskDispatcher with 10 workers.
[PhysX] Initialized MultithreadedTaskDispatcher with 10 workers.
[PhysX] Initialized MultithreadedTaskDispatcher with 10 workers.
[PhysX] Initialized MultithreadedTaskDispatcher with 10 workers.
 -> (artifact id: '08aca4605c774587fdc028b13de849c6') in 0.021078 seconds
Number of updated asset objects reloaded before import = 0
Number of asset objects unloaded after import = 68
========================================================================
Received Import Request.
  Time since last request: 0.025720 seconds.
  path: Assets/Supercyan Character Pack Animal People Sample/Models/animal_people_beanie_wolf_1_onGround.fbx
  artifactKey: Guid(5f568dfc92914a44db3f1f022ed6c0f2) Importer(815301076,1909f56bfc062723c751e8b465ee728b)
Start importing Assets/Supercyan Character Pack Animal People Sample/Models/animal_people_beanie_wolf_1_onGround.fbx using Guid(5f568dfc92914a44db3f1f022ed6c0f2) Importer(815301076,1909f56bfc062723c751e8b465ee728b) [PhysX] Initialized MultithreadedTaskDispatcher with 10 workers.
[PhysX] Initialized MultithreadedTaskDispatcher with 10 workers.
[PhysX] Initialized MultithreadedTaskDispatcher with 10 workers.
 -> (artifact id: '508732140c5fa8f679b93e670e8eadab') in 0.012566 seconds
Number of updated asset objects reloaded before import = 0
Number of asset objects unloaded after import = 7
========================================================================
Received Import Request.
  Time since last request: 0.000051 seconds.
  path: Assets/Supercyan Character Pack Animal People Sample/Animations/Crying.fbx
  artifactKey: Guid(4075855b0ddd24ac18b611e371a42009) Importer(815301076,1909f56bfc062723c751e8b465ee728b)
Start importing Assets/Supercyan Character Pack Animal People Sample/Animations/Crying.fbx using Guid(4075855b0ddd24ac18b611e371a42009) Importer(815301076,1909f56bfc062723c751e8b465ee728b) [PhysX] Initialized MultithreadedTaskDispatcher with 10 workers.
[PhysX] Initialized MultithreadedTaskDispatcher with 10 workers.
[PhysX] Initialized MultithreadedTaskDispatcher with 10 workers.
[PhysX] Initialized MultithreadedTaskDispatcher with 10 workers.
 -> (artifact id: 'be9f0b41f9c8d838c18767309bf654e9') in 0.019338 seconds
Number of updated asset objects reloaded before import = 0
Number of asset objects unloaded after import = 70
========================================================================
Received Import Request.
  Time since last request: 0.029966 seconds.
  path: Assets/Supercyan Character Pack Animal People Sample/Models/animal_people_backpack_1_freeSample_onGround.fbx
  artifactKey: Guid(aa8b73cb909bf154ab50f2b4e329cd20) Importer(815301076,1909f56bfc062723c751e8b465ee728b)
Start importing Assets/Supercyan Character Pack Animal People Sample/Models/animal_people_backpack_1_freeSample_onGround.fbx using Guid(aa8b73cb909bf154ab50f2b4e329cd20) Importer(815301076,1909f56bfc062723c751e8b465ee728b) [PhysX] Initialized MultithreadedTaskDispatcher with 10 workers.
[PhysX] Initialized MultithreadedTaskDispatcher with 10 workers.
[PhysX] Initialized MultithreadedTaskDispatcher with 10 workers.
 -> (artifact id: '3da329a6f20e593e45354b20c52213e1') in 0.011458 seconds
Number of updated asset objects reloaded before import = 0
Number of asset objects unloaded after import = 7
========================================================================
Received Import Request.
  Time since last request: 0.000128 seconds.
  path: Assets/Supercyan Character Pack Animal People Sample/Models/animal_people_backpack_1_freeSample_onWear.fbx
  artifactKey: Guid(3aaccd48457982d4cbd5f6648f9b1e99) Importer(815301076,1909f56bfc062723c751e8b465ee728b)
Start importing Assets/Supercyan Character Pack Animal People Sample/Models/animal_people_backpack_1_freeSample_onWear.fbx using Guid(3aaccd48457982d4cbd5f6648f9b1e99) Importer(815301076,1909f56bfc062723c751e8b465ee728b) [PhysX] Initialized MultithreadedTaskDispatcher with 10 workers.
[PhysX] Initialized MultithreadedTaskDispatcher with 10 workers.
[PhysX] Initialized MultithreadedTaskDispatcher with 10 workers.
[PhysX] Initialized MultithreadedTaskDispatcher with 10 workers.
 -> (artifact id: 'adb785a1b460482f03b5d2b73c17a72c') in 0.017958 seconds
Number of updated asset objects reloaded before import = 0
Number of asset objects unloaded after import = 64
========================================================================
Received Import Request.
  Time since last request: 119.172861 seconds.
  path: Assets/Prefabs/Objects/KeyPadOne.prefab
  artifactKey: Guid(b852d0a25a66e41f4a264241defa8c1c) Importer(815301076,1909f56bfc062723c751e8b465ee728b)
Start importing Assets/Prefabs/Objects/KeyPadOne.prefab using Guid(b852d0a25a66e41f4a264241defa8c1c) Importer(815301076,1909f56bfc062723c751e8b465ee728b) [PhysX] Initialized MultithreadedTaskDispatcher with 10 workers.
 -> (artifact id: 'ecbe839ac5cc8a05c523532c6d181cca') in 0.048056 seconds
Number of updated asset objects reloaded before import = 0
Number of asset objects unloaded after import = 134
========================================================================
Received Prepare
Begin MonoManager ReloadAssembly
Thread 0x16e8c7000 may have been prematurely finalized
- Loaded All Assemblies, in  0.334 seconds
Refreshing native plugins compatible for Editor in 5.84 ms, found 4 plugins.
Native extension for WindowsStandalone target not found
Native extension for iOS target not found
Native extension for Android target not found
Native extension for OSXStandalone target not found
Native extension for WebGL target not found
[Package Manager] Server::EnsureServerProcessIsRunning -- launch failed, reason: Unity was launched with the -noUpm command-line argument
[Package Manager] UpmClient::Send -- Unable to send message (not connected to UPM process).
[Package Manager] Cannot connect to Unity Package Manager local server
Mono: successfully reloaded assembly
- Finished resetting the current domain, in  1.372 seconds
Domain Reload Profiling: 1706ms
	BeginReloadAssembly (109ms)
		ExecutionOrderSort (0ms)
		DisableScriptedObjects (3ms)
		BackupInstance (0ms)
		ReleaseScriptingObjects (0ms)
		CreateAndSetChildDomain (34ms)
	RebuildCommonClasses (23ms)
	RebuildNativeTypeToScriptingClass (8ms)
	initialDomainReloadingComplete (17ms)
	LoadAllAssembliesAndSetupDomain (177ms)
		LoadAssemblies (196ms)
		RebuildTransferFunctionScriptingTraits (0ms)
		AnalyzeDomain (13ms)
			TypeCache.Refresh (7ms)
				TypeCache.ScanAssembly (0ms)
			ScanForSourceGeneratedMonoScriptInfo (0ms)
			ResolveRequiredComponents (5ms)
	FinalizeReload (1372ms)
		ReleaseScriptCaches (0ms)
		RebuildScriptCaches (0ms)
		SetupLoadedEditorAssemblies (325ms)
			LogAssemblyErrors (0ms)
			InitializePlatformSupportModulesInManaged (24ms)
			SetLoadedEditorAssemblies (4ms)
			RefreshPlugins (0ms)
			BeforeProcessingInitializeOnLoad (43ms)
			ProcessInitializeOnLoadAttributes (242ms)
			ProcessInitializeOnLoadMethodAttributes (11ms)
			AfterProcessingInitializeOnLoad (1ms)
			EditorAssembliesLoaded (0ms)
		ExecutionOrderSort2 (0ms)
		AwakeInstancesAfterBackupRestoration (2ms)
Refreshing native plugins compatible for Editor in 6.36 ms, found 4 plugins.
Preloading 0 native plugins for Editor in 0.00 ms.
Unloading 3923 Unused Serialized files (Serialized files now loaded: 0)
Unloading 38 unused Assets / (167.1 KB). Loaded Objects now: 4821.
Memory consumption went from 289.3 MB to 289.1 MB.
Total: 2.677625 ms (FindLiveObjects: 0.148958 ms CreateObjectMapping: 0.050667 ms MarkObjects: 2.363750 ms  DeleteObjects: 0.113708 ms)

Prepare: number of updated asset objects reloaded= 0
AssetImportParameters requested are different than current active one (requested -> active):
  custom:container-demuxer-ogg: 62fdf1f143b41e24485cea50d1cbac27 -> 
  custom:video-decoder-ogg-theora: a1e56fd34408186e4bbccfd4996cb3dc -> 
  custom:CustomObjectIndexerAttribute: 9a22284fe3817be447336de3de66b15e -> 
  custom:container-demuxer-webm: 4f35f7cbe854078d1ac9338744f61a02 -> 
  custom:container-muxer-webm: aa71ff27fc2769a1b78a27578f13a17b -> 
  custom:video-decoder-webm-vp8: 9c59270c3fd7afecdb556c50c9e8de78 -> 
  custom:SearchIndexIgnoredProperties: e643bd26f0fe6173181afceb89e7c659 -> 
  custom:AudioImporter_EditorPlatform: 3918e3fc78b5a79bad01e8451be0beb8 -> 
  custom:framework-osx-AVFoundation: e770b220cccbd017edd2c1fefb359320 -> 
  custom:video-encoder-webm-vp8: eb34c28f22e8b96e1ab97ce403110664 -> 
  custom:audio-decoder-ogg-vorbis: bf7c407c2cedff20999df2af8eb42d56 -> 
  custom:audio-encoder-webm-vorbis: bf7c407c2cedff20999df2af8eb42d56 -> 
========================================================================
Received Prepare
Begin MonoManager ReloadAssembly
Thread 0x16e8c7000 may have been prematurely finalized
- Loaded All Assemblies, in  0.288 seconds
Refreshing native plugins compatible for Editor in 2.86 ms, found 4 plugins.
Native extension for WindowsStandalone target not found
Native extension for iOS target not found
Native extension for Android target not found
Native extension for OSXStandalone target not found
Native extension for WebGL target not found
[Package Manager] Server::EnsureServerProcessIsRunning -- launch failed, reason: Unity was launched with the -noUpm command-line argument
[Package Manager] UpmClient::Send -- Unable to send message (not connected to UPM process).
[Package Manager] Cannot connect to Unity Package Manager local server
Mono: successfully reloaded assembly
- Finished resetting the current domain, in  1.165 seconds
Domain Reload Profiling: 1453ms
	BeginReloadAssembly (100ms)
		ExecutionOrderSort (0ms)
		DisableScriptedObjects (3ms)
		BackupInstance (0ms)
		ReleaseScriptingObjects (0ms)
		CreateAndSetChildDomain (40ms)
	RebuildCommonClasses (23ms)
	RebuildNativeTypeToScriptingClass (8ms)
	initialDomainReloadingComplete (14ms)
	LoadAllAssembliesAndSetupDomain (143ms)
		LoadAssemblies (163ms)
		RebuildTransferFunctionScriptingTraits (0ms)
		AnalyzeDomain (11ms)
			TypeCache.Refresh (5ms)
				TypeCache.ScanAssembly (0ms)
			ScanForSourceGeneratedMonoScriptInfo (0ms)
			ResolveRequiredComponents (5ms)
	FinalizeReload (1165ms)
		ReleaseScriptCaches (0ms)
		RebuildScriptCaches (0ms)
		SetupLoadedEditorAssemblies (334ms)
			LogAssemblyErrors (0ms)
			InitializePlatformSupportModulesInManaged (25ms)
			SetLoadedEditorAssemblies (3ms)
			RefreshPlugins (0ms)
			BeforeProcessingInitializeOnLoad (51ms)
			ProcessInitializeOnLoadAttributes (242ms)
			ProcessInitializeOnLoadMethodAttributes (12ms)
			AfterProcessingInitializeOnLoad (1ms)
			EditorAssembliesLoaded (0ms)
		ExecutionOrderSort2 (0ms)
		AwakeInstancesAfterBackupRestoration (2ms)
Refreshing native plugins compatible for Editor in 1.26 ms, found 4 plugins.
Preloading 0 native plugins for Editor in 0.00 ms.
Unloading 3923 Unused Serialized files (Serialized files now loaded: 0)
Unloading 35 unused Assets / (157.3 KB). Loaded Objects now: 4836.
Memory consumption went from 295.2 MB to 295.1 MB.
Total: 2.480708 ms (FindLiveObjects: 0.156167 ms CreateObjectMapping: 0.052875 ms MarkObjects: 2.174333 ms  DeleteObjects: 0.096791 ms)

Prepare: number of updated asset objects reloaded= 0
AssetImportParameters requested are different than current active one (requested -> active):
  custom:container-demuxer-ogg: 62fdf1f143b41e24485cea50d1cbac27 -> 
  custom:video-decoder-ogg-theora: a1e56fd34408186e4bbccfd4996cb3dc -> 
  custom:CustomObjectIndexerAttribute: 9a22284fe3817be447336de3de66b15e -> 
  custom:container-demuxer-webm: 4f35f7cbe854078d1ac9338744f61a02 -> 
  custom:container-muxer-webm: aa71ff27fc2769a1b78a27578f13a17b -> 
  custom:video-decoder-webm-vp8: 9c59270c3fd7afecdb556c50c9e8de78 -> 
  custom:SearchIndexIgnoredProperties: e643bd26f0fe6173181afceb89e7c659 -> 
  custom:AudioImporter_EditorPlatform: 3918e3fc78b5a79bad01e8451be0beb8 -> 
  custom:framework-osx-AVFoundation: e770b220cccbd017edd2c1fefb359320 -> 
  custom:video-encoder-webm-vp8: eb34c28f22e8b96e1ab97ce403110664 -> 
  custom:audio-decoder-ogg-vorbis: bf7c407c2cedff20999df2af8eb42d56 -> 
  custom:audio-encoder-webm-vorbis: bf7c407c2cedff20999df2af8eb42d56 -> 
========================================================================
Received Import Request.
  Time since last request: 182.959510 seconds.
  path: Assets/Prefabs/Environment/BlueCWHouse.prefab
  artifactKey: Guid(4026907255d21ff47b1ecf2fe0930919) Importer(815301076,1909f56bfc062723c751e8b465ee728b)
Start importing Assets/Prefabs/Environment/BlueCWHouse.prefab using Guid(4026907255d21ff47b1ecf2fe0930919) Importer(815301076,1909f56bfc062723c751e8b465ee728b) [PhysX] Initialized MultithreadedTaskDispatcher with 10 workers.
[PhysX] Initialized MultithreadedTaskDispatcher with 10 workers.
 -> (artifact id: '577c05895bf729d9cc1497ec5a2d3b38') in 0.153887 seconds
Number of updated asset objects reloaded before import = 0
Number of asset objects unloaded after import = 29
========================================================================
Received Import Request.
  Time since last request: 2.825779 seconds.
  path: Assets/Prefabs/UI/ItemDisplay.prefab
  artifactKey: Guid(e98060d3dbd044beb81c669812d47dd4) Importer(815301076,1909f56bfc062723c751e8b465ee728b)
Start importing Assets/Prefabs/UI/ItemDisplay.prefab using Guid(e98060d3dbd044beb81c669812d47dd4) Importer(815301076,1909f56bfc062723c751e8b465ee728b) [PhysX] Initialized MultithreadedTaskDispatcher with 10 workers.
 -> (artifact id: '2252b0cc6a18f5b2eb636215d9044179') in 0.032943 seconds
Number of updated asset objects reloaded before import = 0
Number of asset objects unloaded after import = 21
========================================================================
Received Import Request.
  Time since last request: 1.053985 seconds.
  path: Assets/Prefabs/Managers/AudioManager.prefab
  artifactKey: Guid(dc9f0db58d472457e92fe187f44ebdcc) Importer(815301076,1909f56bfc062723c751e8b465ee728b)
Start importing Assets/Prefabs/Managers/AudioManager.prefab using Guid(dc9f0db58d472457e92fe187f44ebdcc) Importer(815301076,1909f56bfc062723c751e8b465ee728b) [PhysX] Initialized MultithreadedTaskDispatcher with 10 workers.
 -> (artifact id: '50c2a132305eb56fd3c9edd33cdb2071') in 0.005562 seconds
Number of updated asset objects reloaded before import = 0
Number of asset objects unloaded after import = 7
========================================================================
Received Import Request.
  Time since last request: 0.000057 seconds.
  path: Assets/Prefabs/Managers/DialogueManager.prefab
  artifactKey: Guid(b9e914bbd19953348b877fd21f17dd9e) Importer(815301076,1909f56bfc062723c751e8b465ee728b)
Start importing Assets/Prefabs/Managers/DialogueManager.prefab using Guid(b9e914bbd19953348b877fd21f17dd9e) Importer(815301076,1909f56bfc062723c751e8b465ee728b) [PhysX] Initialized MultithreadedTaskDispatcher with 10 workers.
 -> (artifact id: '5d166c7fd0dd28a5ac67a8c4860d965f') in 0.047254 seconds
Number of updated asset objects reloaded before import = 0
Number of asset objects unloaded after import = 58
========================================================================
Received Import Request.
  Time since last request: 8.871733 seconds.
  path: Assets/Prefabs/Objects/KeyPadOne 1.prefab
  artifactKey: Guid(6339ba5ecb49f44e68c86918677a4891) Importer(815301076,1909f56bfc062723c751e8b465ee728b)
Start importing Assets/Prefabs/Objects/KeyPadOne 1.prefab using Guid(6339ba5ecb49f44e68c86918677a4891) Importer(815301076,1909f56bfc062723c751e8b465ee728b) [PhysX] Initialized MultithreadedTaskDispatcher with 10 workers.
 -> (artifact id: '19bb1b3c829207bca064bcb05443cf87') in 0.036344 seconds
Number of updated asset objects reloaded before import = 0
Number of asset objects unloaded after import = 134
========================================================================
Received Import Request.
  Time since last request: 0.023341 seconds.
  path: Assets/Prefabs/Objects/FlowerPot1.prefab
  artifactKey: Guid(8156fd9c42c764bfd9c359c979fbe1a9) Importer(815301076,1909f56bfc062723c751e8b465ee728b)
Start importing Assets/Prefabs/Objects/FlowerPot1.prefab using Guid(8156fd9c42c764bfd9c359c979fbe1a9) Importer(815301076,1909f56bfc062723c751e8b465ee728b) [PhysX] Initialized MultithreadedTaskDispatcher with 10 workers.
[PhysX] Initialized MultithreadedTaskDispatcher with 10 workers.
 -> (artifact id: 'da35eb446622795e1e629c9d92bb6d9a') in 0.045117 seconds
Number of updated asset objects reloaded before import = 0
Number of asset objects unloaded after import = 61
========================================================================
Received Import Request.
  Time since last request: 14.486639 seconds.
  path: Assets/Prefabs/Objects/KeyPadFlower.prefab
  artifactKey: Guid(6339ba5ecb49f44e68c86918677a4891) Importer(815301076,1909f56bfc062723c751e8b465ee728b)
Start importing Assets/Prefabs/Objects/KeyPadFlower.prefab using Guid(6339ba5ecb49f44e68c86918677a4891) Importer(815301076,1909f56bfc062723c751e8b465ee728b) [PhysX] Initialized MultithreadedTaskDispatcher with 10 workers.
 -> (artifact id: '45ee6876c0e51fe2ce58c50513b223d6') in 0.043068 seconds
Number of updated asset objects reloaded before import = 0
Number of asset objects unloaded after import = 134
========================================================================
Received Import Request.
  Time since last request: 8.142620 seconds.
  path: Assets/Prefabs/Objects/KeyPadFlower.prefab
  artifactKey: Guid(6339ba5ecb49f44e68c86918677a4891) Importer(815301076,1909f56bfc062723c751e8b465ee728b)
Start importing Assets/Prefabs/Objects/KeyPadFlower.prefab using Guid(6339ba5ecb49f44e68c86918677a4891) Importer(815301076,1909f56bfc062723c751e8b465ee728b) [PhysX] Initialized MultithreadedTaskDispatcher with 10 workers.
 -> (artifact id: 'ce7a81ee66c8c9094b39f94c5700e3a1') in 0.031085 seconds
Number of updated asset objects reloaded before import = 0
Number of asset objects unloaded after import = 134
========================================================================
Received Import Request.
  Time since last request: 11.975511 seconds.
  path: Assets/Supercyan Character Pack Free Sample/Prefabs/Base/High Quality/FreeSample_backpack_1_onGround.prefab
  artifactKey: Guid(fbff0dee921a40840a57635dc3221d7b) Importer(815301076,1909f56bfc062723c751e8b465ee728b)
Start importing Assets/Supercyan Character Pack Free Sample/Prefabs/Base/High Quality/FreeSample_backpack_1_onGround.prefab using Guid(fbff0dee921a40840a57635dc3221d7b) Importer(815301076,1909f56bfc062723c751e8b465ee728b) [PhysX] Initialized MultithreadedTaskDispatcher with 10 workers.
[PhysX] Initialized MultithreadedTaskDispatcher with 10 workers.
 -> (artifact id: 'bd9dc621cf37194c4242c02bc21b93d0') in 0.025312 seconds
Number of updated asset objects reloaded before import = 0
Number of asset objects unloaded after import = 16
========================================================================
Received Import Request.
  Time since last request: 0.000036 seconds.
  path: Assets/Supercyan Character Pack Animal People Sample/Prefabs/AccessoryLogic/Mobile/Mobile_animal_people_backpack_1_AccessoryLogic.prefab
  artifactKey: Guid(9ad274d43e74bb94d966e467d81bd936) Importer(815301076,1909f56bfc062723c751e8b465ee728b)
Start importing Assets/Supercyan Character Pack Animal People Sample/Prefabs/AccessoryLogic/Mobile/Mobile_animal_people_backpack_1_AccessoryLogic.prefab using Guid(9ad274d43e74bb94d966e467d81bd936) Importer(815301076,1909f56bfc062723c751e8b465ee728b) [PhysX] Initialized MultithreadedTaskDispatcher with 10 workers.
[PhysX] Initialized MultithreadedTaskDispatcher with 10 workers.
 -> (artifact id: '6e0dd282cfa4080ae81b04a75cea1dcf') in 0.199870 seconds
Number of updated asset objects reloaded before import = 0
Number of asset objects unloaded after import = 195
========================================================================
Received Import Request.
  Time since last request: 0.000070 seconds.
  path: Assets/Supercyan Character Pack Animal People Sample/Prefabs/Base/Mobile/Mobile_animal_people_beanie_wolf_1_onWear.prefab
  artifactKey: Guid(94b0dbdf073d1624f84edde5cb8cecaa) Importer(815301076,1909f56bfc062723c751e8b465ee728b)
Start importing Assets/Supercyan Character Pack Animal People Sample/Prefabs/Base/Mobile/Mobile_animal_people_beanie_wolf_1_onWear.prefab using Guid(94b0dbdf073d1624f84edde5cb8cecaa) Importer(815301076,1909f56bfc062723c751e8b465ee728b) [PhysX] Initialized MultithreadedTaskDispatcher with 10 workers.
[PhysX] Initialized MultithreadedTaskDispatcher with 10 workers.
 -> (artifact id: 'c3dbb95cb3cc3464e2247f867344e254') in 0.029715 seconds
Number of updated asset objects reloaded before import = 0
Number of asset objects unloaded after import = 130
========================================================================
Received Import Request.
  Time since last request: 0.000072 seconds.
  path: Assets/Supercyan Character Pack Animal People Sample/Prefabs/Base/Mobile/Mobile_animal_people_backpack_1_freeSample_onGround.prefab
  artifactKey: Guid(eb4d3736c0f5bcc459a6c5b204135004) Importer(815301076,1909f56bfc062723c751e8b465ee728b)
Start importing Assets/Supercyan Character Pack Animal People Sample/Prefabs/Base/Mobile/Mobile_animal_people_backpack_1_freeSample_onGround.prefab using Guid(eb4d3736c0f5bcc459a6c5b204135004) Importer(815301076,1909f56bfc062723c751e8b465ee728b) [PhysX] Initialized MultithreadedTaskDispatcher with 10 workers.
[PhysX] Initialized MultithreadedTaskDispatcher with 10 workers.
 -> (artifact id: '7c568e077994f8f1685a3f77ed5665cc') in 0.021547 seconds
Number of updated asset objects reloaded before import = 0
Number of asset objects unloaded after import = 16
========================================================================
Received Import Request.
  Time since last request: 0.000049 seconds.
  path: Assets/Supercyan Character Pack Free Sample/Prefabs/Base/Mobile/Mobile_FreeSample_anniversy_hat_1_onGround_blue.prefab
  artifactKey: Guid(eaf00fca4d3d00645bdbe17492b783cb) Importer(815301076,1909f56bfc062723c751e8b465ee728b)
Start importing Assets/Supercyan Character Pack Free Sample/Prefabs/Base/Mobile/Mobile_FreeSample_anniversy_hat_1_onGround_blue.prefab using Guid(eaf00fca4d3d00645bdbe17492b783cb) Importer(815301076,1909f56bfc062723c751e8b465ee728b) [PhysX] Initialized MultithreadedTaskDispatcher with 10 workers.
[PhysX] Initialized MultithreadedTaskDispatcher with 10 workers.
 -> (artifact id: '9d43aae6b43eaa098c072217559ffa5c') in 0.031309 seconds
Number of updated asset objects reloaded before import = 0
Number of asset objects unloaded after import = 26
========================================================================
Received Import Request.
  Time since last request: 0.000040 seconds.
  path: Assets/Supercyan Character Pack Free Sample/Prefabs/Base/Mobile/Mobile_FreeSample_anniversy_balloon_1_white.prefab
  artifactKey: Guid(c56758ad2b929dd42b8b43fc378395a7) Importer(815301076,1909f56bfc062723c751e8b465ee728b)
Start importing Assets/Supercyan Character Pack Free Sample/Prefabs/Base/Mobile/Mobile_FreeSample_anniversy_balloon_1_white.prefab using Guid(c56758ad2b929dd42b8b43fc378395a7) Importer(815301076,1909f56bfc062723c751e8b465ee728b) [PhysX] Initialized MultithreadedTaskDispatcher with 10 workers.
[PhysX] Initialized MultithreadedTaskDispatcher with 10 workers.
 -> (artifact id: '57eec1cff983ea2b36859021f5ae62e3') in 0.029441 seconds
Number of updated asset objects reloaded before import = 0
Number of asset objects unloaded after import = 26
========================================================================
Received Import Request.
  Time since last request: 0.000043 seconds.
  path: Assets/Supercyan Character Pack Free Sample/Prefabs/Base/High Quality/FreeSample_male_1.prefab
  artifactKey: Guid(d674b564acadde849a2cd28ce63525a8) Importer(815301076,1909f56bfc062723c751e8b465ee728b)
Start importing Assets/Supercyan Character Pack Free Sample/Prefabs/Base/High Quality/FreeSample_male_1.prefab using Guid(d674b564acadde849a2cd28ce63525a8) Importer(815301076,1909f56bfc062723c751e8b465ee728b) [PhysX] Initialized MultithreadedTaskDispatcher with 10 workers.
[PhysX] Initialized MultithreadedTaskDispatcher with 10 workers.
 -> (artifact id: '84eed5e3240ecaf1b7f261953126ca23') in 0.031687 seconds
Number of updated asset objects reloaded before import = 0
Number of asset objects unloaded after import = 142
========================================================================
Received Import Request.
  Time since last request: 0.000051 seconds.
  path: Assets/Supercyan Character Pack Free Sample/Prefabs/Base/Mobile/Mobile_FreeSample_anniversy_balloon_1_blue.prefab
  artifactKey: Guid(4caa4558de5326b4abf8e92ce935ac88) Importer(815301076,1909f56bfc062723c751e8b465ee728b)
Start importing Assets/Supercyan Character Pack Free Sample/Prefabs/Base/Mobile/Mobile_FreeSample_anniversy_balloon_1_blue.prefab using Guid(4caa4558de5326b4abf8e92ce935ac88) Importer(815301076,1909f56bfc062723c751e8b465ee728b) [PhysX] Initialized MultithreadedTaskDispatcher with 10 workers.
[PhysX] Initialized MultithreadedTaskDispatcher with 10 workers.
 -> (artifact id: '73dfcffc513fd6d7ee1fa1cfdd9ca3cb') in 0.023059 seconds
Number of updated asset objects reloaded before import = 0
Number of asset objects unloaded after import = 26
========================================================================
Received Import Request.
  Time since last request: 0.000073 seconds.
  path: Assets/Supercyan Character Pack Free Sample/Prefabs/Base/Mobile/Mobile_FreeSample_anniversy_gifBox_1_blue.prefab
  artifactKey: Guid(4c5e37663f364ef4a979e5e0f07ceb2f) Importer(815301076,1909f56bfc062723c751e8b465ee728b)
Start importing Assets/Supercyan Character Pack Free Sample/Prefabs/Base/Mobile/Mobile_FreeSample_anniversy_gifBox_1_blue.prefab using Guid(4c5e37663f364ef4a979e5e0f07ceb2f) Importer(815301076,1909f56bfc062723c751e8b465ee728b) [PhysX] Initialized MultithreadedTaskDispatcher with 10 workers.
[PhysX] Initialized MultithreadedTaskDispatcher with 10 workers.
 -> (artifact id: '5f9aa1d57ee38cb05bae262bbe557c33') in 0.025306 seconds
Number of updated asset objects reloaded before import = 0
Number of asset objects unloaded after import = 52
========================================================================
Received Import Request.
  Time since last request: 0.000066 seconds.
  path: Assets/Supercyan Character Pack Animal People Sample/Prefabs/Base/Mobile/Mobile_animal_people_backpack_1_freeSample_onWear.prefab
  artifactKey: Guid(c461fbd14dda40647ac1a81d1f8c84b0) Importer(815301076,1909f56bfc062723c751e8b465ee728b)
Start importing Assets/Supercyan Character Pack Animal People Sample/Prefabs/Base/Mobile/Mobile_animal_people_backpack_1_freeSample_onWear.prefab using Guid(c461fbd14dda40647ac1a81d1f8c84b0) Importer(815301076,1909f56bfc062723c751e8b465ee728b) [PhysX] Initialized MultithreadedTaskDispatcher with 10 workers.
[PhysX] Initialized MultithreadedTaskDispatcher with 10 workers.
 -> (artifact id: 'eb609494793a4bde0864e97060708f14') in 0.025436 seconds
Number of updated asset objects reloaded before import = 0
Number of asset objects unloaded after import = 130
========================================================================
Received Import Request.
  Time since last request: 0.000045 seconds.
  path: Assets/Supercyan Character Pack Free Sample/Prefabs/Base/Mobile/Mobile_FreeSample_anniversy_gifBox_1_pink.prefab
  artifactKey: Guid(f6484a2b110173f4eb8acf62bdf0a4ab) Importer(815301076,1909f56bfc062723c751e8b465ee728b)
Start importing Assets/Supercyan Character Pack Free Sample/Prefabs/Base/Mobile/Mobile_FreeSample_anniversy_gifBox_1_pink.prefab using Guid(f6484a2b110173f4eb8acf62bdf0a4ab) Importer(815301076,1909f56bfc062723c751e8b465ee728b) [PhysX] Initialized MultithreadedTaskDispatcher with 10 workers.
[PhysX] Initialized MultithreadedTaskDispatcher with 10 workers.
 -> (artifact id: 'c99248906ee54f77caec26ed2ea25295') in 0.024972 seconds
Number of updated asset objects reloaded before import = 0
Number of asset objects unloaded after import = 52
========================================================================
Received Prepare
Begin MonoManager ReloadAssembly
Thread 0x16e8c7000 may have been prematurely finalized
- Loaded All Assemblies, in  0.324 seconds
Refreshing native plugins compatible for Editor in 5.33 ms, found 4 plugins.
Native extension for WindowsStandalone target not found
Native extension for iOS target not found
Native extension for Android target not found
Native extension for OSXStandalone target not found
Native extension for WebGL target not found
[Package Manager] Server::EnsureServerProcessIsRunning -- launch failed, reason: Unity was launched with the -noUpm command-line argument
[Package Manager] UpmClient::Send -- Unable to send message (not connected to UPM process).
[Package Manager] Cannot connect to Unity Package Manager local server
Mono: successfully reloaded assembly
- Finished resetting the current domain, in  1.183 seconds
Domain Reload Profiling: 1497ms
	BeginReloadAssembly (91ms)
		ExecutionOrderSort (0ms)
		DisableScriptedObjects (2ms)
		BackupInstance (0ms)
		ReleaseScriptingObjects (0ms)
		CreateAndSetChildDomain (33ms)
	RebuildCommonClasses (24ms)
	RebuildNativeTypeToScriptingClass (8ms)
	initialDomainReloadingComplete (17ms)
	LoadAllAssembliesAndSetupDomain (175ms)
		LoadAssemblies (192ms)
		RebuildTransferFunctionScriptingTraits (0ms)
		AnalyzeDomain (14ms)
			TypeCache.Refresh (7ms)
				TypeCache.ScanAssembly (0ms)
			ScanForSourceGeneratedMonoScriptInfo (0ms)
			ResolveRequiredComponents (6ms)
	FinalizeReload (1183ms)
		ReleaseScriptCaches (0ms)
		RebuildScriptCaches (0ms)
		SetupLoadedEditorAssemblies (299ms)
			LogAssemblyErrors (0ms)
			InitializePlatformSupportModulesInManaged (23ms)
			SetLoadedEditorAssemblies (4ms)
			RefreshPlugins (0ms)
			BeforeProcessingInitializeOnLoad (41ms)
			ProcessInitializeOnLoadAttributes (220ms)
			ProcessInitializeOnLoadMethodAttributes (11ms)
			AfterProcessingInitializeOnLoad (1ms)
			EditorAssembliesLoaded (0ms)
		ExecutionOrderSort2 (0ms)
		AwakeInstancesAfterBackupRestoration (2ms)
Refreshing native plugins compatible for Editor in 5.48 ms, found 4 plugins.
Preloading 0 native plugins for Editor in 0.00 ms.
Unloading 3923 Unused Serialized files (Serialized files now loaded: 0)
Unloading 38 unused Assets / (159.0 KB). Loaded Objects now: 4853.
Memory consumption went from 302.3 MB to 302.2 MB.
Total: 2.870375 ms (FindLiveObjects: 0.167625 ms CreateObjectMapping: 0.053667 ms MarkObjects: 2.519833 ms  DeleteObjects: 0.128750 ms)

Prepare: number of updated asset objects reloaded= 0
AssetImportParameters requested are different than current active one (requested -> active):
  custom:container-demuxer-ogg: 62fdf1f143b41e24485cea50d1cbac27 -> 
  custom:video-decoder-ogg-theora: a1e56fd34408186e4bbccfd4996cb3dc -> 
  custom:CustomObjectIndexerAttribute: 9a22284fe3817be447336de3de66b15e -> 
  custom:container-demuxer-webm: 4f35f7cbe854078d1ac9338744f61a02 -> 
  custom:container-muxer-webm: aa71ff27fc2769a1b78a27578f13a17b -> 
  custom:video-decoder-webm-vp8: 9c59270c3fd7afecdb556c50c9e8de78 -> 
  custom:SearchIndexIgnoredProperties: e643bd26f0fe6173181afceb89e7c659 -> 
  custom:AudioImporter_EditorPlatform: 3918e3fc78b5a79bad01e8451be0beb8 -> 
  custom:framework-osx-AVFoundation: e770b220cccbd017edd2c1fefb359320 -> 
  custom:video-encoder-webm-vp8: eb34c28f22e8b96e1ab97ce403110664 -> 
  custom:audio-decoder-ogg-vorbis: bf7c407c2cedff20999df2af8eb42d56 -> 
  custom:audio-encoder-webm-vorbis: bf7c407c2cedff20999df2af8eb42d56 -> 
========================================================================
Received Prepare
Begin MonoManager ReloadAssembly
Thread 0x16e8c7000 may have been prematurely finalized
- Loaded All Assemblies, in  0.322 seconds
Refreshing native plugins compatible for Editor in 3.64 ms, found 4 plugins.
Native extension for WindowsStandalone target not found
Native extension for iOS target not found
Native extension for Android target not found
Native extension for OSXStandalone target not found
Native extension for WebGL target not found
[Package Manager] Server::EnsureServerProcessIsRunning -- launch failed, reason: Unity was launched with the -noUpm command-line argument
[Package Manager] UpmClient::Send -- Unable to send message (not connected to UPM process).
[Package Manager] Cannot connect to Unity Package Manager local server
Mono: successfully reloaded assembly
- Finished resetting the current domain, in  1.207 seconds
Domain Reload Profiling: 1530ms
	BeginReloadAssembly (103ms)
		ExecutionOrderSort (0ms)
		DisableScriptedObjects (3ms)
		BackupInstance (0ms)
		ReleaseScriptingObjects (0ms)
		CreateAndSetChildDomain (33ms)
	RebuildCommonClasses (23ms)
	RebuildNativeTypeToScriptingClass (8ms)
	initialDomainReloadingComplete (16ms)
	LoadAllAssembliesAndSetupDomain (172ms)
		LoadAssemblies (194ms)
		RebuildTransferFunctionScriptingTraits (0ms)
		AnalyzeDomain (11ms)
			TypeCache.Refresh (5ms)
				TypeCache.ScanAssembly (0ms)
			ScanForSourceGeneratedMonoScriptInfo (0ms)
			ResolveRequiredComponents (5ms)
	FinalizeReload (1207ms)
		ReleaseScriptCaches (0ms)
		RebuildScriptCaches (0ms)
		SetupLoadedEditorAssemblies (303ms)
			LogAssemblyErrors (0ms)
			InitializePlatformSupportModulesInManaged (24ms)
			SetLoadedEditorAssemblies (4ms)
			RefreshPlugins (0ms)
			BeforeProcessingInitializeOnLoad (40ms)
			ProcessInitializeOnLoadAttributes (224ms)
			ProcessInitializeOnLoadMethodAttributes (11ms)
			AfterProcessingInitializeOnLoad (1ms)
			EditorAssembliesLoaded (0ms)
		ExecutionOrderSort2 (0ms)
		AwakeInstancesAfterBackupRestoration (2ms)
Refreshing native plugins compatible for Editor in 5.67 ms, found 4 plugins.
Preloading 0 native plugins for Editor in 0.00 ms.
Unloading 3923 Unused Serialized files (Serialized files now loaded: 0)
Unloading 35 unused Assets / (149.3 KB). Loaded Objects now: 4868.
Memory consumption went from 308.3 MB to 308.1 MB.
Total: 2.442125 ms (FindLiveObjects: 0.159750 ms CreateObjectMapping: 0.048917 ms MarkObjects: 2.135500 ms  DeleteObjects: 0.097291 ms)

Prepare: number of updated asset objects reloaded= 0
AssetImportParameters requested are different than current active one (requested -> active):
  custom:container-demuxer-ogg: 62fdf1f143b41e24485cea50d1cbac27 -> 
  custom:video-decoder-ogg-theora: a1e56fd34408186e4bbccfd4996cb3dc -> 
  custom:CustomObjectIndexerAttribute: 9a22284fe3817be447336de3de66b15e -> 
  custom:container-demuxer-webm: 4f35f7cbe854078d1ac9338744f61a02 -> 
  custom:container-muxer-webm: aa71ff27fc2769a1b78a27578f13a17b -> 
  custom:video-decoder-webm-vp8: 9c59270c3fd7afecdb556c50c9e8de78 -> 
  custom:SearchIndexIgnoredProperties: e643bd26f0fe6173181afceb89e7c659 -> 
  custom:AudioImporter_EditorPlatform: 3918e3fc78b5a79bad01e8451be0beb8 -> 
  custom:framework-osx-AVFoundation: e770b220cccbd017edd2c1fefb359320 -> 
  custom:video-encoder-webm-vp8: eb34c28f22e8b96e1ab97ce403110664 -> 
  custom:audio-decoder-ogg-vorbis: bf7c407c2cedff20999df2af8eb42d56 -> 
  custom:audio-encoder-webm-vorbis: bf7c407c2cedff20999df2af8eb42d56 -> 
========================================================================
Received Import Request.
  Time since last request: 229.934738 seconds.
  path: ProjectSettings/TagManager.asset
  artifactKey: Guid(00000000000000003000000000000000) Importer(815301076,1909f56bfc062723c751e8b465ee728b)
Start importing ProjectSettings/TagManager.asset using Guid(00000000000000003000000000000000) Importer(815301076,1909f56bfc062723c751e8b465ee728b) [PhysX] Initialized MultithreadedTaskDispatcher with 10 workers.
 -> (artifact id: '1b286f9ed6ca72c338f1a5e0041cdbf3') in 0.007869 seconds
Number of updated asset objects reloaded before import = 0
Number of asset objects unloaded after import = 0
========================================================================
Received Prepare
Begin MonoManager ReloadAssembly
Thread 0x16e8c7000 may have been prematurely finalized
- Loaded All Assemblies, in  0.321 seconds
Refreshing native plugins compatible for Editor in 5.80 ms, found 4 plugins.
Native extension for WindowsStandalone target not found
Native extension for iOS target not found
Native extension for Android target not found
Native extension for OSXStandalone target not found
Native extension for WebGL target not found
[Package Manager] Server::EnsureServerProcessIsRunning -- launch failed, reason: Unity was launched with the -noUpm command-line argument
[Package Manager] UpmClient::Send -- Unable to send message (not connected to UPM process).
[Package Manager] Cannot connect to Unity Package Manager local server
Mono: successfully reloaded assembly
- Finished resetting the current domain, in  1.157 seconds
Domain Reload Profiling: 1478ms
	BeginReloadAssembly (95ms)
		ExecutionOrderSort (0ms)
		DisableScriptedObjects (3ms)
		BackupInstance (0ms)
		ReleaseScriptingObjects (0ms)
		CreateAndSetChildDomain (36ms)
	RebuildCommonClasses (23ms)
	RebuildNativeTypeToScriptingClass (8ms)
	initialDomainReloadingComplete (18ms)
	LoadAllAssembliesAndSetupDomain (178ms)
		LoadAssemblies (196ms)
		RebuildTransferFunctionScriptingTraits (0ms)
		AnalyzeDomain (14ms)
			TypeCache.Refresh (7ms)
				TypeCache.ScanAssembly (0ms)
			ScanForSourceGeneratedMonoScriptInfo (0ms)
			ResolveRequiredComponents (5ms)
	FinalizeReload (1157ms)
		ReleaseScriptCaches (0ms)
		RebuildScriptCaches (0ms)
		SetupLoadedEditorAssemblies (316ms)
			LogAssemblyErrors (0ms)
			InitializePlatformSupportModulesInManaged (25ms)
			SetLoadedEditorAssemblies (4ms)
			RefreshPlugins (0ms)
			BeforeProcessingInitializeOnLoad (47ms)
			ProcessInitializeOnLoadAttributes (228ms)
			ProcessInitializeOnLoadMethodAttributes (12ms)
			AfterProcessingInitializeOnLoad (1ms)
			EditorAssembliesLoaded (0ms)
		ExecutionOrderSort2 (0ms)
		AwakeInstancesAfterBackupRestoration (2ms)
Refreshing native plugins compatible for Editor in 5.94 ms, found 4 plugins.
Preloading 0 native plugins for Editor in 0.00 ms.
Unloading 3923 Unused Serialized files (Serialized files now loaded: 0)
Unloading 35 unused Assets / (141.3 KB). Loaded Objects now: 4883.
Memory consumption went from 314.4 MB to 314.3 MB.
Total: 2.536459 ms (FindLiveObjects: 0.166792 ms CreateObjectMapping: 0.055084 ms MarkObjects: 2.220292 ms  DeleteObjects: 0.093625 ms)

Prepare: number of updated asset objects reloaded= 0
AssetImportParameters requested are different than current active one (requested -> active):
  custom:container-demuxer-ogg: 62fdf1f143b41e24485cea50d1cbac27 -> 
  custom:video-decoder-ogg-theora: a1e56fd34408186e4bbccfd4996cb3dc -> 
  custom:CustomObjectIndexerAttribute: 9a22284fe3817be447336de3de66b15e -> 
  custom:container-demuxer-webm: 4f35f7cbe854078d1ac9338744f61a02 -> 
  custom:container-muxer-webm: aa71ff27fc2769a1b78a27578f13a17b -> 
  custom:video-decoder-webm-vp8: 9c59270c3fd7afecdb556c50c9e8de78 -> 
  custom:SearchIndexIgnoredProperties: e643bd26f0fe6173181afceb89e7c659 -> 
  custom:AudioImporter_EditorPlatform: 3918e3fc78b5a79bad01e8451be0beb8 -> 
  custom:framework-osx-AVFoundation: e770b220cccbd017edd2c1fefb359320 -> 
  custom:video-encoder-webm-vp8: eb34c28f22e8b96e1ab97ce403110664 -> 
  custom:audio-decoder-ogg-vorbis: bf7c407c2cedff20999df2af8eb42d56 -> 
  custom:audio-encoder-webm-vorbis: bf7c407c2cedff20999df2af8eb42d56 -> 
========================================================================
Received Prepare
Begin MonoManager ReloadAssembly
Thread 0x16c417000 may have been prematurely finalized
- Loaded All Assemblies, in  0.330 seconds
Refreshing native plugins compatible for Editor in 3.74 ms, found 4 plugins.
Native extension for WindowsStandalone target not found
Native extension for iOS target not found
Native extension for Android target not found
Native extension for OSXStandalone target not found
Native extension for WebGL target not found
[Package Manager] Server::EnsureServerProcessIsRunning -- launch failed, reason: Unity was launched with the -noUpm command-line argument
[Package Manager] UpmClient::Send -- Unable to send message (not connected to UPM process).
[Package Manager] Cannot connect to Unity Package Manager local server
Mono: successfully reloaded assembly
- Finished resetting the current domain, in  1.174 seconds
Domain Reload Profiling: 1504ms
	BeginReloadAssembly (104ms)
		ExecutionOrderSort (0ms)
		DisableScriptedObjects (3ms)
		BackupInstance (0ms)
		ReleaseScriptingObjects (0ms)
		CreateAndSetChildDomain (32ms)
	RebuildCommonClasses (22ms)
	RebuildNativeTypeToScriptingClass (8ms)
	initialDomainReloadingComplete (17ms)
	LoadAllAssembliesAndSetupDomain (179ms)
		LoadAssemblies (197ms)
		RebuildTransferFunctionScriptingTraits (0ms)
		AnalyzeDomain (16ms)
			TypeCache.Refresh (9ms)
				TypeCache.ScanAssembly (0ms)
			ScanForSourceGeneratedMonoScriptInfo (0ms)
			ResolveRequiredComponents (6ms)
	FinalizeReload (1174ms)
		ReleaseScriptCaches (0ms)
		RebuildScriptCaches (0ms)
		SetupLoadedEditorAssemblies (309ms)
			LogAssemblyErrors (0ms)
			InitializePlatformSupportModulesInManaged (24ms)
			SetLoadedEditorAssemblies (3ms)
			RefreshPlugins (0ms)
			BeforeProcessingInitializeOnLoad (44ms)
			ProcessInitializeOnLoadAttributes (226ms)
			ProcessInitializeOnLoadMethodAttributes (11ms)
			AfterProcessingInitializeOnLoad (1ms)
			EditorAssembliesLoaded (0ms)
		ExecutionOrderSort2 (0ms)
		AwakeInstancesAfterBackupRestoration (2ms)
Refreshing native plugins compatible for Editor in 6.25 ms, found 4 plugins.
Preloading 0 native plugins for Editor in 0.00 ms.
Unloading 3923 Unused Serialized files (Serialized files now loaded: 0)
Unloading 35 unused Assets / (149.3 KB). Loaded Objects now: 4898.
Memory consumption went from 320.4 MB to 320.2 MB.
Total: 2.688625 ms (FindLiveObjects: 0.162416 ms CreateObjectMapping: 0.054208 ms MarkObjects: 2.370375 ms  DeleteObjects: 0.101084 ms)

Prepare: number of updated asset objects reloaded= 0
AssetImportParameters requested are different than current active one (requested -> active):
  custom:container-demuxer-ogg: 62fdf1f143b41e24485cea50d1cbac27 -> 
  custom:video-decoder-ogg-theora: a1e56fd34408186e4bbccfd4996cb3dc -> 
  custom:CustomObjectIndexerAttribute: 9a22284fe3817be447336de3de66b15e -> 
  custom:container-demuxer-webm: 4f35f7cbe854078d1ac9338744f61a02 -> 
  custom:container-muxer-webm: aa71ff27fc2769a1b78a27578f13a17b -> 
  custom:video-decoder-webm-vp8: 9c59270c3fd7afecdb556c50c9e8de78 -> 
  custom:SearchIndexIgnoredProperties: e643bd26f0fe6173181afceb89e7c659 -> 
  custom:AudioImporter_EditorPlatform: 3918e3fc78b5a79bad01e8451be0beb8 -> 
  custom:framework-osx-AVFoundation: e770b220cccbd017edd2c1fefb359320 -> 
  custom:video-encoder-webm-vp8: eb34c28f22e8b96e1ab97ce403110664 -> 
  custom:audio-decoder-ogg-vorbis: bf7c407c2cedff20999df2af8eb42d56 -> 
  custom:audio-encoder-webm-vorbis: bf7c407c2cedff20999df2af8eb42d56 -> 
========================================================================
Received Prepare
Begin MonoManager ReloadAssembly
Thread 0x16e8c7000 may have been prematurely finalized
- Loaded All Assemblies, in  0.314 seconds
Refreshing native plugins compatible for Editor in 2.28 ms, found 4 plugins.
Native extension for WindowsStandalone target not found
Native extension for iOS target not found
Native extension for Android target not found
Native extension for OSXStandalone target not found
Native extension for WebGL target not found
[Package Manager] Server::EnsureServerProcessIsRunning -- launch failed, reason: Unity was launched with the -noUpm command-line argument
[Package Manager] UpmClient::Send -- Unable to send message (not connected to UPM process).
[Package Manager] Cannot connect to Unity Package Manager local server
Mono: successfully reloaded assembly
- Finished resetting the current domain, in  1.187 seconds
Domain Reload Profiling: 1501ms
	BeginReloadAssembly (105ms)
		ExecutionOrderSort (0ms)
		DisableScriptedObjects (3ms)
		BackupInstance (0ms)
		ReleaseScriptingObjects (0ms)
		CreateAndSetChildDomain (34ms)
	RebuildCommonClasses (24ms)
	RebuildNativeTypeToScriptingClass (8ms)
	initialDomainReloadingComplete (17ms)
	LoadAllAssembliesAndSetupDomain (158ms)
		LoadAssemblies (179ms)
		RebuildTransferFunctionScriptingTraits (0ms)
		AnalyzeDomain (11ms)
			TypeCache.Refresh (6ms)
				TypeCache.ScanAssembly (0ms)
			ScanForSourceGeneratedMonoScriptInfo (0ms)
			ResolveRequiredComponents (5ms)
	FinalizeReload (1188ms)
		ReleaseScriptCaches (0ms)
		RebuildScriptCaches (0ms)
		SetupLoadedEditorAssemblies (348ms)
			LogAssemblyErrors (0ms)
			InitializePlatformSupportModulesInManaged (24ms)
			SetLoadedEditorAssemblies (4ms)
			RefreshPlugins (0ms)
			BeforeProcessingInitializeOnLoad (55ms)
			ProcessInitializeOnLoadAttributes (253ms)
			ProcessInitializeOnLoadMethodAttributes (12ms)
			AfterProcessingInitializeOnLoad (1ms)
			EditorAssembliesLoaded (0ms)
		ExecutionOrderSort2 (0ms)
		AwakeInstancesAfterBackupRestoration (2ms)
Refreshing native plugins compatible for Editor in 6.42 ms, found 4 plugins.
Preloading 0 native plugins for Editor in 0.00 ms.
Unloading 3923 Unused Serialized files (Serialized files now loaded: 0)
Unloading 35 unused Assets / (157.4 KB). Loaded Objects now: 4913.
Memory consumption went from 326.3 MB to 326.2 MB.
Total: 2.600750 ms (FindLiveObjects: 0.162334 ms CreateObjectMapping: 0.054000 ms MarkObjects: 2.271917 ms  DeleteObjects: 0.111875 ms)

Prepare: number of updated asset objects reloaded= 0
AssetImportParameters requested are different than current active one (requested -> active):
  custom:container-demuxer-ogg: 62fdf1f143b41e24485cea50d1cbac27 -> 
  custom:video-decoder-ogg-theora: a1e56fd34408186e4bbccfd4996cb3dc -> 
  custom:CustomObjectIndexerAttribute: 9a22284fe3817be447336de3de66b15e -> 
  custom:container-demuxer-webm: 4f35f7cbe854078d1ac9338744f61a02 -> 
  custom:container-muxer-webm: aa71ff27fc2769a1b78a27578f13a17b -> 
  custom:video-decoder-webm-vp8: 9c59270c3fd7afecdb556c50c9e8de78 -> 
  custom:SearchIndexIgnoredProperties: e643bd26f0fe6173181afceb89e7c659 -> 
  custom:AudioImporter_EditorPlatform: 3918e3fc78b5a79bad01e8451be0beb8 -> 
  custom:framework-osx-AVFoundation: e770b220cccbd017edd2c1fefb359320 -> 
  custom:video-encoder-webm-vp8: eb34c28f22e8b96e1ab97ce403110664 -> 
  custom:audio-decoder-ogg-vorbis: bf7c407c2cedff20999df2af8eb42d56 -> 
  custom:audio-encoder-webm-vorbis: bf7c407c2cedff20999df2af8eb42d56 -> 
========================================================================
Received Prepare
Begin MonoManager ReloadAssembly
Thread 0x16e8c7000 may have been prematurely finalized
- Loaded All Assemblies, in  0.315 seconds
Refreshing native plugins compatible for Editor in 3.43 ms, found 4 plugins.
Native extension for WindowsStandalone target not found
Native extension for iOS target not found
Native extension for Android target not found
Native extension for OSXStandalone target not found
Native extension for WebGL target not found
[Package Manager] Server::EnsureServerProcessIsRunning -- launch failed, reason: Unity was launched with the -noUpm command-line argument
[Package Manager] UpmClient::Send -- Unable to send message (not connected to UPM process).
[Package Manager] Cannot connect to Unity Package Manager local server
Mono: successfully reloaded assembly
- Finished resetting the current domain, in  1.164 seconds
Domain Reload Profiling: 1479ms
	BeginReloadAssembly (103ms)
		ExecutionOrderSort (0ms)
		DisableScriptedObjects (3ms)
		BackupInstance (0ms)
		ReleaseScriptingObjects (0ms)
		CreateAndSetChildDomain (32ms)
	RebuildCommonClasses (25ms)
	RebuildNativeTypeToScriptingClass (9ms)
	initialDomainReloadingComplete (18ms)
	LoadAllAssembliesAndSetupDomain (160ms)
		LoadAssemblies (182ms)
		RebuildTransferFunctionScriptingTraits (0ms)
		AnalyzeDomain (11ms)
			TypeCache.Refresh (5ms)
				TypeCache.ScanAssembly (0ms)
			ScanForSourceGeneratedMonoScriptInfo (0ms)
			ResolveRequiredComponents (5ms)
	FinalizeReload (1165ms)
		ReleaseScriptCaches (0ms)
		RebuildScriptCaches (0ms)
		SetupLoadedEditorAssemblies (340ms)
			LogAssemblyErrors (0ms)
			InitializePlatformSupportModulesInManaged (31ms)
			SetLoadedEditorAssemblies (4ms)
			RefreshPlugins (0ms)
			BeforeProcessingInitializeOnLoad (49ms)
			ProcessInitializeOnLoadAttributes (243ms)
			ProcessInitializeOnLoadMethodAttributes (13ms)
			AfterProcessingInitializeOnLoad (1ms)
			EditorAssembliesLoaded (0ms)
		ExecutionOrderSort2 (0ms)
		AwakeInstancesAfterBackupRestoration (2ms)
Refreshing native plugins compatible for Editor in 5.95 ms, found 4 plugins.
Preloading 0 native plugins for Editor in 0.00 ms.
Unloading 3923 Unused Serialized files (Serialized files now loaded: 0)
Unloading 35 unused Assets / (141.3 KB). Loaded Objects now: 4928.
Memory consumption went from 332.3 MB to 332.1 MB.
Total: 2.552750 ms (FindLiveObjects: 0.163000 ms CreateObjectMapping: 0.054042 ms MarkObjects: 2.222791 ms  DeleteObjects: 0.112083 ms)

Prepare: number of updated asset objects reloaded= 0
AssetImportParameters requested are different than current active one (requested -> active):
  custom:container-demuxer-ogg: 62fdf1f143b41e24485cea50d1cbac27 -> 
  custom:video-decoder-ogg-theora: a1e56fd34408186e4bbccfd4996cb3dc -> 
  custom:CustomObjectIndexerAttribute: 9a22284fe3817be447336de3de66b15e -> 
  custom:container-demuxer-webm: 4f35f7cbe854078d1ac9338744f61a02 -> 
  custom:container-muxer-webm: aa71ff27fc2769a1b78a27578f13a17b -> 
  custom:video-decoder-webm-vp8: 9c59270c3fd7afecdb556c50c9e8de78 -> 
  custom:SearchIndexIgnoredProperties: e643bd26f0fe6173181afceb89e7c659 -> 
  custom:AudioImporter_EditorPlatform: 3918e3fc78b5a79bad01e8451be0beb8 -> 
  custom:framework-osx-AVFoundation: e770b220cccbd017edd2c1fefb359320 -> 
  custom:video-encoder-webm-vp8: eb34c28f22e8b96e1ab97ce403110664 -> 
  custom:audio-decoder-ogg-vorbis: bf7c407c2cedff20999df2af8eb42d56 -> 
  custom:audio-encoder-webm-vorbis: bf7c407c2cedff20999df2af8eb42d56 -> 
========================================================================
Received Prepare
Begin MonoManager ReloadAssembly
Thread 0x16c417000 may have been prematurely finalized
- Loaded All Assemblies, in  0.319 seconds
Refreshing native plugins compatible for Editor in 3.04 ms, found 4 plugins.
Native extension for WindowsStandalone target not found
Native extension for iOS target not found
Native extension for Android target not found
Native extension for OSXStandalone target not found
Native extension for WebGL target not found
[Package Manager] Server::EnsureServerProcessIsRunning -- launch failed, reason: Unity was launched with the -noUpm command-line argument
[Package Manager] UpmClient::Send -- Unable to send message (not connected to UPM process).
[Package Manager] Cannot connect to Unity Package Manager local server
Mono: successfully reloaded assembly
- Finished resetting the current domain, in  1.175 seconds
Domain Reload Profiling: 1495ms
	BeginReloadAssembly (96ms)
		ExecutionOrderSort (0ms)
		DisableScriptedObjects (3ms)
		BackupInstance (0ms)
		ReleaseScriptingObjects (0ms)
		CreateAndSetChildDomain (36ms)
	RebuildCommonClasses (24ms)
	RebuildNativeTypeToScriptingClass (8ms)
	initialDomainReloadingComplete (19ms)
	LoadAllAssembliesAndSetupDomain (172ms)
		LoadAssemblies (191ms)
		RebuildTransferFunctionScriptingTraits (0ms)
		AnalyzeDomain (14ms)
			TypeCache.Refresh (8ms)
				TypeCache.ScanAssembly (0ms)
			ScanForSourceGeneratedMonoScriptInfo (0ms)
			ResolveRequiredComponents (5ms)
	FinalizeReload (1175ms)
		ReleaseScriptCaches (0ms)
		RebuildScriptCaches (0ms)
		SetupLoadedEditorAssemblies (339ms)
			LogAssemblyErrors (0ms)
			InitializePlatformSupportModulesInManaged (24ms)
			SetLoadedEditorAssemblies (4ms)
			RefreshPlugins (0ms)
			BeforeProcessingInitializeOnLoad (60ms)
			ProcessInitializeOnLoadAttributes (237ms)
			ProcessInitializeOnLoadMethodAttributes (13ms)
			AfterProcessingInitializeOnLoad (1ms)
			EditorAssembliesLoaded (0ms)
		ExecutionOrderSort2 (0ms)
		AwakeInstancesAfterBackupRestoration (2ms)
Refreshing native plugins compatible for Editor in 1.29 ms, found 4 plugins.
Preloading 0 native plugins for Editor in 0.00 ms.
Unloading 3923 Unused Serialized files (Serialized files now loaded: 0)
Unloading 35 unused Assets / (149.5 KB). Loaded Objects now: 4943.
Memory consumption went from 338.2 MB to 338.1 MB.
Total: 2.648625 ms (FindLiveObjects: 0.187917 ms CreateObjectMapping: 0.053708 ms MarkObjects: 2.287583 ms  DeleteObjects: 0.118750 ms)

Prepare: number of updated asset objects reloaded= 0
AssetImportParameters requested are different than current active one (requested -> active):
  custom:container-demuxer-ogg: 62fdf1f143b41e24485cea50d1cbac27 -> 
  custom:video-decoder-ogg-theora: a1e56fd34408186e4bbccfd4996cb3dc -> 
  custom:CustomObjectIndexerAttribute: 9a22284fe3817be447336de3de66b15e -> 
  custom:container-demuxer-webm: 4f35f7cbe854078d1ac9338744f61a02 -> 
  custom:container-muxer-webm: aa71ff27fc2769a1b78a27578f13a17b -> 
  custom:video-decoder-webm-vp8: 9c59270c3fd7afecdb556c50c9e8de78 -> 
  custom:SearchIndexIgnoredProperties: e643bd26f0fe6173181afceb89e7c659 -> 
  custom:AudioImporter_EditorPlatform: 3918e3fc78b5a79bad01e8451be0beb8 -> 
  custom:framework-osx-AVFoundation: e770b220cccbd017edd2c1fefb359320 -> 
  custom:video-encoder-webm-vp8: eb34c28f22e8b96e1ab97ce403110664 -> 
  custom:audio-decoder-ogg-vorbis: bf7c407c2cedff20999df2af8eb42d56 -> 
  custom:audio-encoder-webm-vorbis: bf7c407c2cedff20999df2af8eb42d56 -> 
========================================================================
Received Import Request.
  Time since last request: 332.248639 seconds.
  path: Assets/Scenes/FinalTestMarketplace.unity
  artifactKey: Guid(6a8c5016edf4c4e288f78f91e5d616bf) Importer(815301076,1909f56bfc062723c751e8b465ee728b)
Start importing Assets/Scenes/FinalTestMarketplace.unity using Guid(6a8c5016edf4c4e288f78f91e5d616bf) Importer(815301076,1909f56bfc062723c751e8b465ee728b) [PhysX] Initialized MultithreadedTaskDispatcher with 10 workers.
 -> (artifact id: '5928bed43e70a08990bf846ed7d70f69') in 0.001398 seconds
Number of updated asset objects reloaded before import = 0
Number of asset objects unloaded after import = 0
