{"cameraMode":{"drawMode":0,"name":"Shaded","section":"Shading Mode"},"sceneLighting":true,"audioPlay":false,"sceneViewState":{"m_AlwaysRefresh":false,"showFog":true,"showSkybox":true,"showFlares":true,"showImageEffects":true,"showParticleSystems":true,"showVisualEffectGraphs":true,"m_FxEnabled":true},"in2DMode":false,"pivot":{"x":-3.0080983638763429,"y":2.7894773483276369,"z":21.078340530395509},"rotation":{"x":-0.2009049654006958,"y":-0.10207472741603852,"z":0.021049529314041139,"w":-0.9740775227546692},"size":5.717318534851074,"orthographic":true}