{"cameraMode":{"drawMode":0,"name":"Shaded","section":"Shading Mode"},"sceneLighting":true,"audioPlay":false,"sceneViewState":{"m_AlwaysRefresh":false,"showFog":true,"showSkybox":true,"showFlares":true,"showImageEffects":true,"showParticleSystems":true,"showVisualEffectGraphs":true,"m_FxEnabled":true},"in2DMode":false,"pivot":{"x":-18.23318099975586,"y":0.4999985694885254,"z":20.620838165283204},"rotation":{"x":-0.13646401464939118,"y":-0.020716877654194833,"z":0.0028849621303379537,"w":-0.9905925393104553},"size":1.3906822204589844,"orthographic":true}