{"cameraMode":{"drawMode":0,"name":"Shaded","section":"Shading Mode"},"sceneLighting":true,"audioPlay":false,"sceneViewState":{"m_AlwaysRefresh":false,"showFog":true,"showSkybox":true,"showFlares":true,"showImageEffects":true,"showParticleSystems":true,"showVisualEffectGraphs":true,"m_FxEnabled":true},"in2DMode":false,"pivot":{"x":1.3950080871582032,"y":0.820000171661377,"z":6.767608165740967},"rotation":{"x":-0.14969633519649507,"y":0.04605473205447197,"z":-0.00694957235828042,"w":-0.9878028631210327},"size":2.5808298587799074,"orthographic":true}