{"cameraMode":{"drawMode":0,"name":"Shaded","section":"Shading Mode"},"sceneLighting":true,"audioPlay":false,"sceneViewState":{"m_AlwaysRefresh":false,"showFog":true,"showSkybox":true,"showFlares":true,"showImageEffects":true,"showParticleSystems":true,"showVisualEffectGraphs":true,"m_FxEnabled":true},"in2DMode":false,"pivot":{"x":1.9195348024368287,"y":-1.8875132923312777e-7,"z":20.929460525512697},"rotation":{"x":0.3684614598751068,"y":-0.013943877071142197,"z":0.005527337547391653,"w":0.929521918296814},"size":43.33744812011719,"orthographic":true}