# Apple ModelIO OBJ File: EllieTextur
mtllib EllieTextur.mtl
g Hair2_standardSurface8SG
v 0.476475 8.29495 -2.44637
v -0.387388 8.29495 -2.44637
v -0.5663 8.40436 -3.35759
v 0.655386 8.40436 -3.35759
v -0.81932 8.96401 -2.11162
v -1.17714 9.35054 -2.88418
v -0.387388 9.63307 -1.77687
v -0.5663 10.2967 -2.41077
v 0.476474 9.63307 -1.77687
v 0.655386 10.2967 -2.41077
v 0.908406 8.96401 -2.11162
v 1.26623 9.35054 -2.88418
v -0.387388 9.06803 -3.89026
v 0.476475 9.06803 -3.89026
v -0.81932 9.73708 -3.55551
v -0.387388 10.4061 -3.22076
v 0.476474 10.4061 -3.22076
v 0.908406 9.73708 -3.55551
v 0.044543 9.84827 -3.86652
vn 0 -0.992869 -0.119208
vn -0.815164 -0.571976 0.091379
vn -0.815165 0.26981 0.512551
vn -0 0.690704 0.723137
vn 0.815165 0.26981 0.512551
vn 0.815165 -0.571976 0.091378
vn 1e-06 -0.625937 -0.779874
vn -0.79559 -0.234031 -0.558807
vn -0.811834 0.57497 -0.101659
vn -1e-06 0.991001 0.133853
vn 0.811834 0.57497 -0.10166
vn 0.79559 -0.234031 -0.558807
vn 0.79559 -0.23403 -0.558807
vn -0 -0.447451 0.894308
vn 1e-06 0.030408 -0.999538
vn -0.355545 0.224426 -0.907315
vn -0.340055 0.587093 -0.734632
vn 0 0.75673 -0.653727
vn 0.340055 0.587093 -0.734632
vn 0.355545 0.224425 -0.907316
vn 0.355544 0.224425 -0.907316
vt 0.149762 0.276621
vt 0.119094 0.276387
vt 0.11299 0.243757
vt 0.156362 0.244087
vt 0.103557 0.30283
vt 0.094218 0.254405
vt 0.072246 0.291801
vt 0.118689 0.329507
vt 0.093482 0.351108
vt 0.072082 0.313382
vt 0.149358 0.329741
vt 0.155461 0.362371
vt 0.112089 0.362041
vt 0.164895 0.303297
vt 0.196205 0.314327
vt 0.174233 0.351723
vt 0.19637 0.292746
vt 0.17497 0.25502
vt 0.119572 0.213593
vt 0.150241 0.213827
vt 0.048991 0.272385
vt 0.064527 0.245942
vt 0.050428 0.334569
vt 0.06556 0.361245
vt 0.148889 0.39134
vt 0.11822 0.391107
vt 0.217534 0.335841
vt 0.201997 0.362285
vt 0.219918 0.273687
vt 0.204786 0.24701
vt 0.135117 0.185997
vt 0.03293 0.243746
vt 0.031604 0.361472
vt 0.133324 0.421519
vt 0.235946 0.363028
vt 0.236413 0.245296
usemtl standardSurface8SG
f 1/1/1 2/2/1 3/3/1
f 1/1/1 3/3/1 4/4/1
f 2/2/2 5/5/2 3/6/2
f 5/5/2 6/7/2 3/6/2
f 5/5/3 7/8/3 8/9/3
f 5/5/3 8/9/3 6/10/3
f 7/8/4 9/11/4 10/12/4
f 7/8/4 10/12/4 8/13/4
f 9/11/5 11/14/5 12/15/5
f 9/11/5 12/15/5 10/16/5
f 11/14/6 1/1/6 12/17/6
f 1/1/6 4/18/6 12/17/6
f 4/4/7 3/3/7 13/19/7
f 4/4/7 13/19/7 14/20/7
f 3/6/8 6/7/8 15/21/8
f 3/6/8 15/21/8 13/22/8
f 6/10/9 8/9/9 15/23/9
f 8/9/9 16/24/9 15/23/9
f 8/13/10 10/12/10 17/25/10
f 8/13/10 17/25/10 16/26/10
f 10/16/11 12/15/11 18/27/11
f 10/16/11 18/27/11 17/28/11
f 12/17/12 4/18/12 18/29/13
f 4/18/12 14/30/13 18/29/13
f 5/5/14 2/2/14 1/1/14
f 7/8/14 5/5/14 1/1/14
f 9/11/14 7/8/14 1/1/14
f 11/14/14 9/11/14 1/1/14
f 14/20/15 13/19/15 19/31/15
f 13/22/16 15/21/16 19/32/16
f 15/23/17 16/24/17 19/33/17
f 16/26/18 17/25/18 19/34/18
f 17/28/19 18/27/19 19/35/19
f 18/29/20 14/30/20 19/36/21
s off
g Head_uv_standardSurface8SG
v -1.96231 10.0375 1.44449
v -1.12051 10.681 1.55503
v -1.25066 11.0895 0.479166
v -2.26655 10.4613 0.471285
v 0 10.9059 1.60173
v 0 11.5101 0.490707
v 1.12051 10.681 1.55503
v 1.25066 11.0895 0.479166
v 1.96231 10.0375 1.44449
v 2.26655 10.4613 0.471285
v -1.26719 11.2164 -0.703166
v -2.26881 10.5328 -0.63763
v 0 11.6882 -0.735507
v 1.26719 11.2164 -0.703166
v 2.26881 10.5328 -0.63763
v -1.17248 11.0478 -1.50479
v -1.98838 10.3143 -1.48366
v 0 11.5468 -1.56744
v 1.17247 11.0478 -1.50479
v 1.98838 10.3143 -1.48366
v -2.44442 9.48017 1.40861
v -2.87993 9.75724 0.484209
v 2.44442 9.48017 1.40861
v 2.87993 9.75724 0.484209
v -2.84727 9.76385 -0.632786
v 2.84727 9.76386 -0.632785
v -2.54804 9.46792 -1.50103
v 2.54804 9.46792 -1.50103
v -1.59032 9.66629 2.24864
v -0.868487 10.0331 2.48716
v 0 10.1887 2.57555
v 0.868487 10.0331 2.48716
v 1.59032 9.66629 2.24864
v -2.11909 9.23308 1.97483
v 2.11909 9.23308 1.97483
v -3.19251 8.94742 0.449919
v -2.68592 8.61242 1.26713
v 3.19251 8.94742 0.449919
v 2.68592 8.61242 1.26713
v -3.14945 8.83715 -0.63181
v 3.14945 8.83715 -0.63181
v -2.78139 8.67306 -1.55562
v 2.78139 8.67306 -1.55562
v -3.01117 8.17133 0.375181
v -3.00003 7.81052 -0.563051
v 3.01117 8.17133 0.375181
v 3.00003 7.81052 -0.563051
v -2.52751 7.33629 -1.58517
v 2.52751 7.33629 -1.58517
v -1.60689 9.77454 -2.12426
v -0.862698 10.6118 -2.00473
v 0 11.172 -2.02031
v 0.862699 10.6118 -2.00473
v 1.60689 9.77454 -2.12426
v -1.67809 8.78903 -2.52977
v 1.67809 8.78903 -2.52977
v -1.82458 7.99359 -2.53789
v 1.82458 7.99359 -2.53789
v -1.89256 6.90453 -2.13958
v 1.89256 6.90453 -2.13958
v -1.17427 7.88468 -2.75293
v -0.697382 7.19547 -2.915
v 1.17427 7.88468 -2.75293
v 0.697382 7.19547 -2.915
v -0.92996 6.50438 -2.50842
v 0.92996 6.50438 -2.50842
v -0.076959 6.9417 -2.95158
v -0.195875 6.36654 -2.62203
v 0.076959 6.9417 -2.95158
v 0.195875 6.36654 -2.62203
v -1.90139 9.97547 1.39347
v -2.19943 10.3873 0.445363
v -1.20733 11.0008 0.452148
v -1.08137 10.6022 1.50344
v 0 11.4061 0.468864
v 0 10.8142 1.55431
v 1.08137 10.6022 1.50344
v 1.20733 11.0008 0.452148
v 1.90139 9.97547 1.39347
v 2.19943 10.3873 0.445363
v -2.19768 10.4595 -0.620711
v -1.21887 11.1262 -0.695193
v 0 11.5802 -0.726393
v 1.21887 11.1262 -0.695193
v 2.19768 10.4595 -0.620711
v -1.92448 10.2571 -1.42628
v -1.12359 10.9713 -1.45333
v 0 11.4482 -1.51349
v 1.12359 10.9713 -1.45333
v 1.92448 10.2571 -1.42628
v -2.36663 9.44289 1.35398
v -2.79015 9.70819 0.457454
v 2.79015 9.70819 0.457454
v 2.36663 9.44289 1.35398
v -2.75828 9.71646 -0.610187
v 2.75828 9.71646 -0.610187
v -2.47234 9.43189 -1.44174
v 2.47234 9.43189 -1.44174
v -0.830941 9.95962 2.4275
v -1.53006 9.60932 2.19199
v 0 10.1071 2.51452
v 0.830941 9.95962 2.4275
v 1.53006 9.60932 2.19199
v -2.04153 9.19975 1.91755
v 2.04153 9.19975 1.91755
v -2.57029 8.60282 1.26213
v -3.08877 8.94372 0.423325
v 3.08877 8.94372 0.423325
v 2.57029 8.60282 1.26213
v -3.04696 8.82955 -0.610458
v 3.04696 8.82955 -0.610458
v -2.69471 8.66895 -1.49808
v 2.69471 8.66895 -1.49808
v -2.91398 8.19359 0.351363
v -2.90131 7.82829 -0.546084
v 2.90131 7.82829 -0.546084
v 2.91398 8.19359 0.351363
v -2.4415 7.35277 -1.53356
v 2.4415 7.35277 -1.53356
v -1.55325 9.73018 -2.05184
v -0.820695 10.5534 -1.93468
v 0 11.0972 -1.94325
v 0.820695 10.5534 -1.93468
v 1.55325 9.73018 -2.05184
v -1.63124 8.76594 -2.44072
v 1.63124 8.76594 -2.44072
v -1.76576 7.99966 -2.45234
v 1.76576 7.99966 -2.45234
v -1.83019 6.9279 -2.06284
v 1.83019 6.9279 -2.06284
v -0.670373 7.2167 -2.81762
v -1.14365 7.88054 -2.65783
v 1.14365 7.88054 -2.65783
v 0.670373 7.2167 -2.81762
v -0.89464 6.54213 -2.42161
v 0.89464 6.54213 -2.42161
v -0.184513 6.41416 -2.53406
v -0.065597 6.98932 -2.86361
v 0.065597 6.98932 -2.86361
v 0.184513 6.41416 -2.53406
vn -0.532256 0.739012 0.412995
vn -0.384393 0.821313 0.421529
vn -0.412148 0.874765 0.254795
vn -0.545628 0.801262 0.245497
vn 0 0.901539 0.432698
vn 0 0.963401 0.268065
vn 0.384393 0.821313 0.421529
vn 0.412148 0.874765 0.254795
vn 0.532256 0.739012 0.412995
vn 0.545628 0.801262 0.245497
vn -0.456103 0.888838 -0.044009
vn -0.573156 0.816037 -0.074674
vn 0 0.999959 -0.009038
vn 0.456103 0.888838 -0.044009
vn 0.573155 0.816037 -0.074673
vn -0.482523 0.838746 -0.252342
vn -0.593791 0.74264 -0.309673
vn -0 0.977995 -0.208626
vn 0.482523 0.838746 -0.252342
vn 0.593791 0.74264 -0.309674
vn -0.669599 0.572934 0.472634
vn -0.6696 0.572934 0.472634
vn 0.669599 0.572934 0.472634
vn -0.777273 0.629059 0.01146
vn 0.777273 0.629059 0.011461
vn -0.744131 0.527484 -0.409914
vn 0.744132 0.527484 -0.409914
vn -0.533637 0.631539 0.562486
vn -0.190298 0.78603 0.588169
vn 0.190298 0.78603 0.588169
vn 0.533637 0.631538 0.562486
vn -0.660599 0.498699 0.561167
vn 0.660599 0.498699 0.561167
vn -0.824452 0.217568 0.522439
vn 0.824452 0.217568 0.522439
vn -0.941285 0.334158 -0.048173
vn 0.941285 0.334158 -0.048173
vn -0.872503 0.283801 -0.397737
vn -0.872504 0.283801 -0.397737
vn 0.872504 0.283801 -0.397737
vn -0.98345 -0.180498 0.015703
vn 0.98345 -0.180498 0.015702
vn -0.92406 -0.163417 -0.345555
vn 0.92406 -0.163417 -0.345554
vn -0.468629 0.510616 -0.720873
vn -0.468629 0.510616 -0.720874
vn -0.36301 0.648051 -0.669518
vn 0.36301 0.648051 -0.669517
vn 0.468629 0.510616 -0.720873
vn 0.468629 0.510615 -0.720873
vn -0.593731 0.369482 -0.71482
vn -0.593731 0.369481 -0.71482
vn 0.593731 0.369482 -0.71482
vn -0.661196 0.186576 -0.726642
vn 0.661196 0.186576 -0.726642
vn -0.740282 -0.15613 -0.653915
vn 0.740282 -0.15613 -0.653916
vn -0.307577 0.040523 -0.95066
vn 0.307577 0.040523 -0.95066
vn -0.467643 -0.2974 -0.832384
vn 0.467643 -0.2974 -0.832384
vn -0.224219 -0.442523 -0.868274
vn 0.22422 -0.442523 -0.868274
vn -1e-06 -0.497142 -0.867669
vn -0.865849 -0.24436 0.436571
vn -0.865849 -0.24436 0.43657
vn 0.865849 -0.24436 0.43657
vn -0.829899 0.143046 0.539264
vn 0.829899 0.143046 0.539264
vn 0.532451 -0.739151 -0.412495
vn 0.545276 -0.801232 -0.246375
vn 0.412509 -0.874488 -0.255159
vn 0.384679 -0.821236 -0.421418
vn 0 -0.963026 -0.269409
vn 0 -0.901434 -0.432916
vn -0.384679 -0.821236 -0.421418
vn -0.41251 -0.874488 -0.255159
vn -0.532451 -0.739151 -0.412495
vn -0.545276 -0.801232 -0.246375
vn 0.57214 -0.817087 0.070888
vn 0.456329 -0.888818 0.042033
vn 0 -0.999987 0.005121
vn -0.456329 -0.888818 0.042033
vn -0.57214 -0.817086 0.070888
vn 0.593845 -0.742613 0.309634
vn 0.482805 -0.838888 0.25133
vn 0 -0.978526 0.206122
vn -0.482805 -0.838888 0.25133
vn -0.593845 -0.742613 0.309634
vn 0.669759 -0.573004 -0.472323
vn -0.669759 -0.573004 -0.472323
vn 0.777094 -0.62928 -0.011498
vn -0.777094 -0.62928 -0.011498
vn 0.743893 -0.527083 0.410861
vn -0.743893 -0.527083 0.410861
vn -0.743893 -0.527083 0.410862
vn 0.533946 -0.631329 -0.562428
vn 0.190171 -0.785995 -0.588257
vn -0.190171 -0.785995 -0.588257
vn -0.533946 -0.631329 -0.562428
vn 0.661043 -0.498389 -0.560919
vn -0.661043 -0.498389 -0.560919
vn 0.824165 -0.216917 -0.523163
vn -0.824165 -0.216917 -0.523163
vn 0.940686 -0.335591 0.049895
vn -0.940686 -0.335591 0.049895
vn 0.872595 -0.28393 0.397443
vn -0.872595 -0.28393 0.397443
vn 0.983516 0.180024 -0.016953
vn -0.983516 0.180024 -0.016953
vn 0.924319 0.163388 0.344876
vn -0.924319 0.163388 0.344876
vn 0.469008 -0.510072 0.721012
vn 0.36413 -0.648566 0.66841
vn -0.36413 -0.648566 0.66841
vn -0.469008 -0.510072 0.721012
vn 0.594177 -0.36927 0.714558
vn -0.594177 -0.36927 0.714558
vn 0.661138 -0.186592 0.726691
vn -0.661138 -0.186592 0.726691
vn -0.661139 -0.186592 0.726691
vn 0.740356 0.155486 0.653985
vn 0.740356 0.155486 0.653986
vn -0.740356 0.155486 0.653985
vn -0.740356 0.155486 0.653986
vn 0.306203 -0.041466 0.951063
vn -0.306203 -0.041466 0.951063
vn 0.467745 0.297106 0.832431
vn -0.467745 0.297106 0.832431
vn 0.224218 0.442522 0.868274
vn -0.224218 0.442522 0.868274
vn 0 0.497142 0.867669
vn 0.866151 0.243687 -0.436347
vn -0.866151 0.243687 -0.436347
vn 0.829652 -0.142103 -0.539894
vn -0.829652 -0.142103 -0.539894
vn 0.114728 -0.654789 0.747053
vn 0.04684 -0.624078 0.779957
vn 0.043942 -0.622042 0.78175
vn 0.103717 -0.650932 0.752018
vn -0 -0.610208 0.792241
vn -0 -0.610209 0.792241
vn -0.04684 -0.624078 0.779957
vn -0.043942 -0.622042 0.78175
vn -0.114728 -0.654789 0.747054
vn -0.103717 -0.650931 0.752018
vn 0.082181 -0.731457 0.676917
vn 0.095864 -0.72138 0.685872
vn -0.082173 -0.731454 0.676921
vn -0.095857 -0.721378 0.685875
vn 0.099612 -0.911109 0.399947
vn 0.151438 -0.913342 0.377986
vn 0.149759 -0.913402 0.378508
vn 0.087649 -0.910501 0.404111
vn -0.151432 -0.913342 0.377988
vn -0.099612 -0.911109 0.399947
vn -0.149754 -0.913402 0.378511
vn -0.087649 -0.910501 0.404112
vn -0.06654 -0.890598 0.449897
vn -0.083964 -0.886961 0.454149
vn 0.06654 -0.890598 0.449897
vn 0.083964 -0.88696 0.454149
vn 0.508816 -0.510658 -0.693062
vn 0.583692 -0.42008 -0.694864
vn 0.491444 -0.529593 -0.691386
vn 0.397515 -0.620893 -0.675628
vn -0.508815 -0.510657 -0.693064
vn -0.397513 -0.620892 -0.67563
vn -0.491442 -0.529592 -0.691388
vn -0.583691 -0.420079 -0.694866
vn 0.865317 0.130917 -0.483825
vn 0.861307 0.332007 -0.384605
vn 0.861698 0.329031 -0.386283
vn -0.861308 0.332007 -0.384604
vn -0.865318 0.130916 -0.483824
vn -0.861699 0.329031 -0.386282
vn -0.186201 -0.868838 0.458748
vn -0.187389 -0.870068 0.455924
vn 0.1862 -0.868838 0.458748
vn 0.187388 -0.870068 0.455924
vn 0.788961 0.551083 -0.27175
vn 0.787039 0.553627 -0.272152
vn 0.753589 0.595442 -0.278482
vn -0.753589 0.595442 -0.278481
vn -0.788961 0.551083 -0.27175
vn -0.787039 0.553627 -0.272152
vn -0.154938 -0.880299 0.448406
vn -0.148295 -0.880956 0.44936
vn 0.154938 -0.880299 0.448406
vn 0.148295 -0.880956 0.44936
vn 0.31432 0.866821 -0.387072
vn 0.263141 0.875552 -0.405174
vn 0.257935 0.876286 -0.406931
vn -0.061428 -0.883976 0.463479
vn -0.059377 -0.88388 0.463929
vn 0.061428 -0.883977 0.463478
vn 0.059377 -0.883881 0.463928
vn -0.26314 0.875552 -0.405174
vn -0.314319 0.866821 -0.387073
vn -0.257934 0.876286 -0.406932
vn 0.069022 -0.834956 0.545971
vn 0.080713 -0.861348 0.501562
vn -0.06901 -0.834952 0.545978
vn -0.080703 -0.861348 0.501565
vt 0.563755 0.649653
vt 0.52598 0.650087
vt 0.523224 0.610036
vt 0.565315 0.611138
vt 0.485522 0.657375
vt 0.476533 0.611218
vt 0.969805 0.651851
vt 0.929349 0.644552
vt 0.978807 0.605697
vt 0.932116 0.604501
vt 0.891574 0.644108
vt 0.890025 0.605592
vt 0.52314 0.568594
vt 0.565103 0.572611
vt 0.475791 0.565395
vt 0.979562 0.559874
vt 0.932212 0.56306
vt 0.890248 0.567065
vt 0.524838 0.539966
vt 0.56366 0.540346
vt 0.480317 0.534783
vt 0.930522 0.534431
vt 0.975044 0.529261
vt 0.8917 0.5348
vt 0.589532 0.652888
vt 0.597937 0.614819
vt 0.865796 0.647335
vt 0.857402 0.609263
vt 0.599054 0.573347
vt 0.856297 0.567791
vt 0.598763 0.538146
vt 0.856598 0.532591
vt 0.558219 0.683025
vt 0.529221 0.690192
vt 0.499966 0.699784
vt 0.926097 0.684656
vt 0.955348 0.694256
vt 0.8971 0.677481
vt 0.583885 0.67787
vt 0.871436 0.672319
vt 0.640038 0.408196
vt 0.610779 0.436738
vt 0.593734 0.412724
vt 0.61596 0.38606
vt 0.840337 0.432642
vt 0.811067 0.404111
vt 0.857374 0.408622
vt 0.835138 0.381966
vt 0.57238 0.457415
vt 0.558794 0.425627
vt 0.878743 0.453305
vt 0.892318 0.421513
vt 0.534967 0.462307
vt 0.525049 0.434131
vt 0.916158 0.458184
vt 0.926066 0.430005
vt 0.579662 0.38853
vt 0.545111 0.391749
vt 0.871437 0.384423
vt 0.905989 0.38763
vt 0.502666 0.391838
vt 0.948434 0.387704
vt 0.568219 0.507927
vt 0.525761 0.514252
vt 0.487922 0.514646
vt 0.967445 0.509121
vt 0.929607 0.508717
vt 0.88715 0.502379
vt 0.599072 0.485485
vt 0.856303 0.479929
vt 0.47869 0.457492
vt 0.470833 0.428619
vt 0.972433 0.453349
vt 0.98028 0.424473
vt 0.470267 0.385691
vt 0.98083 0.381544
vt 0.802247 0.556781
vt 0.808543 0.584753
vt 0.778106 0.562303
vt 0.752023 0.546158
vt 0.641769 0.586084
vt 0.64765 0.558025
vt 0.671871 0.563178
vt 0.697723 0.546631
vt 0.794999 0.516474
vt 0.756505 0.516834
vt 0.654287 0.517647
vt 0.692765 0.517438
vt 0.727743 0.54076
vt 0.731058 0.516562
vt 0.721966 0.540768
vt 0.718141 0.516721
vt 0.654042 0.386906
vt 0.797056 0.382825
vt 0.638688 0.849122
vt 0.635023 0.812141
vt 0.67428 0.805129
vt 0.675845 0.845582
vt 0.718569 0.798416
vt 0.71542 0.846515
vt 0.746568 0.844176
vt 0.743326 0.796082
vt 0.786141 0.843166
vt 0.787627 0.80271
vt 0.823305 0.846634
vt 0.826898 0.809646
vt 0.629095 0.776273
vt 0.66727 0.764437
vt 0.710701 0.752036
vt 0.751104 0.749688
vt 0.794559 0.762004
vt 0.832756 0.773766
vt 0.622855 0.746639
vt 0.659448 0.737827
vt 0.69962 0.723604
vt 0.76213 0.721234
vt 0.802329 0.735379
vt 0.83894 0.74412
vt 0.612946 0.852421
vt 0.605626 0.818304
vt 0.856307 0.815752
vt 0.849053 0.849883
vt 0.598844 0.783134
vt 0.863021 0.780569
vt 0.589016 0.753579
vt 0.872791 0.750995
vt 0.676389 0.886246
vt 0.645513 0.881957
vt 0.706997 0.889881
vt 0.785676 0.88383
vt 0.755074 0.887525
vt 0.816543 0.879483
vt 0.618127 0.876553
vt 0.843919 0.874025
vt 0.580854 0.859238
vt 0.578316 0.822987
vt 0.883626 0.820382
vt 0.881158 0.856638
vt 0.567733 0.788928
vt 0.894143 0.786302
vt 0.561251 0.756281
vt 0.900562 0.753643
vt 0.551593 0.827702
vt 0.53284 0.793432
vt 0.929045 0.790739
vt 0.910358 0.825045
vt 0.515248 0.751295
vt 0.946555 0.748568
vt 0.608413 0.718046
vt 0.652145 0.713637
vt 0.687928 0.706325
vt 0.773788 0.703933
vt 0.809585 0.711175
vt 0.853326 0.7155
vt 0.569601 0.706538
vt 0.892116 0.703916
vt 0.540163 0.70922
vt 0.921558 0.706541
vt 0.500358 0.721957
vt 0.961388 0.719202
vt 0.65424 0.658671
vt 0.699819 0.639306
vt 0.677876 0.659008
vt 0.653315 0.686275
vt 0.795205 0.686266
vt 0.770641 0.659002
vt 0.794276 0.658662
vt 0.748696 0.639303
vt 0.654329 0.618129
vt 0.691866 0.611538
vt 0.756644 0.611533
vt 0.794183 0.61812
vt 0.717706 0.609465
vt 0.721928 0.632995
vt 0.726585 0.632995
vt 0.730805 0.609464
vt 0.558918 0.686486
vt 0.53026 0.693584
vt 0.501931 0.702909
vt 0.953382 0.69738
vt 0.925056 0.688048
vt 0.896401 0.680941
vt 0.583945 0.68153
vt 0.871375 0.675978
vt 0.545096 0.388189
vt 0.579449 0.384967
vt 0.871648 0.38086
vt 0.906003 0.38407
vt 0.503083 0.388272
vt 0.948015 0.384138
vt 0.525541 0.510706
vt 0.566818 0.50458
vt 0.489448 0.511123
vt 0.929827 0.505171
vt 0.965921 0.505598
vt 0.888552 0.499033
vt 0.596597 0.482841
vt 0.858779 0.477286
vt 0.471546 0.382256
vt 0.979551 0.378111
vt 0.805766 0.587141
vt 0.776106 0.565246
vt 0.750768 0.549614
vt 0.699026 0.550068
vt 0.673914 0.566092
vt 0.644581 0.588431
vt 0.756461 0.513294
vt 0.79418 0.512938
vt 0.655049 0.514099
vt 0.692746 0.513898
vt 0.72736 0.544315
vt 0.731093 0.51298
vt 0.718023 0.513175
vt 0.72238 0.544326
vt 0.617137 0.382233
vt 0.83396 0.378139
vt 0.653372 0.383284
vt 0.797725 0.379204
usemtl standardSurface8SG
f 20/37/22 21/38/23 22/39/24
f 20/37/22 22/39/24 23/40/25
f 21/38/23 24/41/26 25/42/27
f 21/38/23 25/42/27 22/39/24
f 24/43/26 26/44/28 25/45/27
f 26/44/28 27/46/29 25/45/27
f 26/44/28 28/47/30 27/46/29
f 28/47/30 29/48/31 27/46/29
f 23/40/25 22/39/24 30/49/32
f 23/40/25 30/49/32 31/50/33
f 22/39/24 25/42/27 32/51/34
f 22/39/24 32/51/34 30/49/32
f 25/45/27 27/46/29 32/52/34
f 27/46/29 33/53/35 32/52/34
f 27/46/29 29/48/31 33/53/35
f 29/48/31 34/54/36 33/53/35
f 31/50/33 30/49/32 35/55/37
f 31/50/33 35/55/37 36/56/38
f 30/49/32 32/51/34 35/55/37
f 32/51/34 37/57/39 35/55/37
f 32/52/34 33/53/35 38/58/40
f 32/52/34 38/58/40 37/59/39
f 33/53/35 34/54/36 38/58/40
f 34/54/36 39/60/41 38/58/40
f 20/37/42 23/40/43 40/61/43
f 23/40/43 41/62/43 40/61/43
f 29/48/44 28/47/44 42/63/44
f 29/48/44 42/63/44 43/64/44
f 23/40/45 31/50/45 44/65/45
f 23/40/45 44/65/45 41/62/45
f 34/54/46 29/48/46 45/66/46
f 29/48/46 43/64/46 45/66/46
f 31/50/47 36/56/47 46/67/47
f 31/50/47 46/67/47 44/65/47
f 39/60/48 34/54/48 47/68/48
f 34/54/48 45/66/48 47/68/48
f 21/38/49 20/37/49 48/69/49
f 21/38/49 48/69/49 49/70/49
f 24/41/50 21/38/50 49/70/50
f 24/41/50 49/70/50 50/71/50
f 26/44/51 24/43/51 51/72/51
f 24/43/51 50/73/51 51/72/51
f 28/47/52 26/44/52 52/74/52
f 26/44/52 51/72/52 52/74/52
f 20/37/53 40/61/53 53/75/53
f 20/37/53 53/75/53 48/69/53
f 42/63/54 28/47/54 54/76/54
f 28/47/54 52/74/54 54/76/54
f 40/77/55 41/78/55 55/79/55
f 40/77/55 55/79/55 56/80/55
f 43/81/56 42/82/56 57/83/56
f 42/82/56 58/84/56 57/83/56
f 41/78/57 44/85/57 55/79/57
f 44/85/57 59/86/57 55/79/57
f 45/87/58 43/81/58 57/83/58
f 45/87/58 57/83/58 60/88/58
f 44/85/59 46/89/60 59/86/60
f 46/89/60 61/90/59 59/86/60
f 47/91/61 45/87/61 60/88/61
f 47/91/61 60/88/61 62/92/61
f 55/79/62 59/86/62 63/93/62
f 59/86/62 64/94/62 63/93/62
f 60/88/63 57/83/63 65/95/63
f 60/88/63 65/95/63 66/96/63
f 59/86/64 61/90/64 67/97/64
f 59/86/64 67/97/64 64/94/64
f 62/92/65 60/88/65 68/98/65
f 60/88/65 66/96/65 68/98/65
f 36/56/66 35/55/67 69/99/66
f 35/55/67 70/100/67 69/99/66
f 35/55/68 37/57/68 71/101/68
f 35/55/68 71/101/68 70/100/68
f 37/59/69 38/58/69 71/102/69
f 38/58/69 72/103/69 71/102/69
f 38/58/70 39/60/71 73/104/70
f 38/58/70 73/104/70 72/103/70
f 46/67/72 36/56/73 69/99/73
f 46/67/72 69/99/73 74/105/73
f 39/60/74 47/68/74 73/104/74
f 47/68/74 75/106/74 73/104/74
f 61/90/75 46/89/75 74/107/75
f 61/90/75 74/107/75 76/108/75
f 47/91/76 62/92/76 75/109/76
f 62/92/76 77/110/76 75/109/76
f 67/97/77 61/90/77 76/108/77
f 67/97/77 76/108/77 78/111/77
f 62/92/78 68/98/78 77/110/78
f 68/98/78 79/112/78 77/110/78
f 76/113/79 74/114/79 80/115/79
f 76/113/79 80/115/79 81/116/79
f 75/117/80 77/118/80 82/119/80
f 77/118/80 83/120/80 82/119/80
f 78/121/81 76/113/81 84/122/81
f 76/113/81 81/116/81 84/122/81
f 77/118/82 79/123/82 85/124/82
f 77/118/82 85/124/82 83/120/82
f 84/122/83 81/116/83 86/125/83
f 84/122/83 86/125/83 87/126/83
f 83/120/84 85/124/84 88/127/84
f 85/124/84 89/128/84 88/127/84
f 87/126/85 86/125/85 88/127/85
f 87/126/85 88/127/85 89/128/85
f 56/80/86 55/79/87 63/93/87
f 57/83/88 58/84/88 65/95/88
f 53/129/89 40/77/89 56/80/89
f 42/82/90 54/130/90 58/84/90
f 90/131/91 91/132/92 92/133/93
f 90/131/91 92/133/93 93/134/94
f 93/134/94 92/133/93 94/135/95
f 93/134/94 94/135/95 95/136/96
f 95/137/96 94/138/95 96/139/97
f 94/138/95 97/140/98 96/139/97
f 96/139/97 97/140/98 98/141/99
f 97/140/98 99/142/100 98/141/99
f 91/132/92 100/143/101 101/144/102
f 91/132/92 101/144/102 92/133/93
f 92/133/93 101/144/102 102/145/103
f 92/133/93 102/145/103 94/135/95
f 94/138/95 102/146/103 97/140/98
f 102/146/103 103/147/104 97/140/98
f 97/140/98 103/147/104 99/142/100
f 103/147/104 104/148/105 99/142/100
f 100/143/101 105/149/106 106/150/107
f 100/143/101 106/150/107 101/144/102
f 101/144/102 106/150/107 102/145/103
f 106/150/107 107/151/108 102/145/103
f 102/146/103 107/152/108 108/153/109
f 102/146/103 108/153/109 103/147/104
f 103/147/104 108/153/109 104/148/105
f 108/153/109 109/154/110 104/148/105
f 90/131/111 110/155/111 91/132/111
f 110/155/111 111/156/111 91/132/111
f 99/142/112 112/157/112 113/158/112
f 99/142/112 113/158/112 98/141/112
f 91/132/113 111/156/113 114/159/113
f 91/132/113 114/159/113 100/143/113
f 104/148/114 115/160/114 99/142/114
f 115/160/114 112/157/114 99/142/114
f 100/143/115 114/159/115 116/161/115
f 100/143/115 116/161/115 105/149/115
f 109/154/116 117/162/116 104/148/116
f 117/162/116 115/160/117 104/148/116
f 93/134/118 118/163/118 119/164/118
f 93/134/118 119/164/118 90/131/118
f 95/136/119 120/165/119 118/163/119
f 95/136/119 118/163/119 93/134/119
f 96/139/120 121/166/120 95/137/120
f 121/166/120 120/167/120 95/137/120
f 98/141/121 122/168/121 96/139/121
f 122/168/121 121/166/121 96/139/121
f 90/131/122 119/164/122 123/169/122
f 90/131/122 123/169/122 110/155/122
f 113/158/123 124/170/123 98/141/123
f 124/170/123 122/168/123 98/141/123
f 110/155/124 125/171/124 111/156/124
f 125/171/124 126/172/124 111/156/124
f 112/157/125 127/173/125 128/174/125
f 112/157/125 128/174/125 113/158/125
f 111/156/126 126/172/126 114/159/126
f 126/172/126 129/175/126 114/159/126
f 115/160/127 130/176/127 127/173/127
f 115/160/127 127/173/127 112/157/127
f 114/159/128 129/175/128 116/161/128
f 129/175/128 131/177/128 116/161/128
f 117/162/129 132/178/129 130/176/129
f 117/162/129 130/176/129 115/160/129
f 126/172/130 133/179/130 129/175/130
f 133/179/130 134/180/130 129/175/130
f 130/176/131 135/181/131 136/182/131
f 130/176/131 136/182/131 127/173/131
f 129/175/132 134/180/132 137/183/132
f 129/175/132 137/183/132 131/177/132
f 132/178/133 138/184/133 130/176/133
f 138/184/133 135/181/133 130/176/133
f 105/149/134 139/185/134 106/150/134
f 139/185/134 140/186/134 106/150/134
f 106/150/135 140/186/135 141/187/135
f 106/150/135 141/187/135 107/151/135
f 107/152/136 141/188/136 108/153/136
f 141/188/136 142/189/136 108/153/136
f 108/153/137 142/189/137 143/190/137
f 108/153/137 143/190/137 109/154/137
f 116/161/138 144/191/138 139/185/138
f 116/161/138 139/185/138 105/149/138
f 109/154/139 143/190/139 117/162/139
f 143/190/139 145/192/139 117/162/139
f 131/177/140 146/193/140 144/191/140
f 131/177/140 144/191/140 116/161/140
f 117/162/141 145/192/141 132/178/142
f 145/192/141 147/194/141 132/178/142
f 137/183/143 148/195/144 146/193/144
f 137/183/143 146/193/144 131/177/144
f 132/178/145 147/194/146 138/184/145
f 147/194/146 149/196/146 138/184/145
f 146/197/147 150/198/147 151/199/147
f 146/197/147 151/199/147 144/200/147
f 145/201/148 152/202/148 147/203/148
f 152/202/148 153/204/148 147/203/148
f 148/205/149 154/206/149 146/197/149
f 154/206/149 150/198/149 146/197/149
f 147/203/150 153/204/150 155/207/150
f 147/203/150 155/207/150 149/208/150
f 154/206/151 156/209/151 157/210/151
f 154/206/151 157/210/151 150/198/151
f 153/204/152 158/211/152 155/207/152
f 158/211/152 159/212/152 155/207/152
f 156/209/153 159/212/153 158/211/153
f 156/209/153 158/211/153 157/210/153
f 125/171/154 133/179/154 126/172/154
f 127/173/155 136/182/155 128/174/155
f 123/169/156 125/171/156 110/155/156
f 113/158/157 128/174/157 124/170/157
f 119/213/158 118/214/159 49/70/160
f 119/213/158 49/70/160 48/69/161
f 118/214/159 120/215/162 49/70/160
f 120/215/162 50/71/163 49/70/160
f 120/216/162 121/217/164 51/72/165
f 120/216/162 51/72/165 50/73/163
f 121/217/164 122/218/166 51/72/165
f 122/218/166 52/74/167 51/72/165
f 123/219/168 119/213/158 53/75/169
f 119/213/158 48/69/161 53/75/169
f 122/218/166 124/220/170 54/76/171
f 122/218/166 54/76/171 52/74/167
f 134/221/172 133/222/173 63/93/174
f 134/221/172 63/93/174 64/94/175
f 136/223/176 135/224/177 65/95/178
f 135/224/177 66/96/179 65/95/178
f 137/225/180 134/221/172 67/97/181
f 134/221/172 64/94/175 67/97/181
f 135/224/177 138/226/182 68/98/183
f 135/224/177 68/98/183 66/96/179
f 140/227/184 139/228/185 70/100/186
f 139/228/185 69/99/185 70/100/186
f 141/229/187 140/227/184 70/100/186
f 141/229/187 70/100/186 71/101/187
f 142/230/188 141/231/189 72/103/190
f 141/231/189 71/102/189 72/103/190
f 143/232/191 142/230/188 72/103/190
f 143/232/191 72/103/190 73/104/191
f 139/228/192 144/233/193 74/105/194
f 139/228/192 74/105/194 69/99/192
f 145/234/195 143/232/196 75/106/197
f 143/232/196 73/104/196 75/106/197
f 148/235/198 137/225/180 78/111/199
f 137/225/180 67/97/181 78/111/199
f 138/226/182 149/236/200 79/112/201
f 138/226/182 79/112/201 68/98/183
f 144/237/193 151/238/202 74/114/194
f 151/238/202 80/115/203 74/114/194
f 151/238/202 150/239/204 81/116/204
f 151/238/202 81/116/204 80/115/203
f 153/240/205 152/241/206 83/120/205
f 152/241/206 82/119/207 83/120/205
f 152/241/206 145/242/195 75/117/197
f 152/241/206 75/117/197 82/119/207
f 154/243/208 148/244/198 84/122/209
f 148/244/198 78/121/199 84/122/209
f 149/245/200 155/246/210 85/124/211
f 149/245/200 85/124/211 79/123/201
f 150/239/212 157/247/213 81/116/212
f 157/247/213 86/125/214 81/116/212
f 156/248/215 154/243/208 87/126/216
f 154/243/208 84/122/209 87/126/216
f 155/246/210 159/249/217 89/128/218
f 155/246/210 89/128/218 85/124/211
f 158/250/219 153/240/220 83/120/220
f 158/250/219 83/120/220 88/127/221
f 157/247/213 158/250/219 88/127/221
f 157/247/213 88/127/221 86/125/214
f 159/249/217 156/248/215 87/126/216
f 159/249/217 87/126/216 89/128/218
f 133/222/173 125/251/222 63/93/174
f 125/251/222 56/80/223 63/93/174
f 128/252/224 136/223/176 65/95/178
f 128/252/224 65/95/178 58/84/225
f 125/251/222 123/253/168 56/80/223
f 123/253/168 53/129/169 56/80/223
f 124/254/170 128/252/224 58/84/225
f 124/254/170 58/84/225 54/130/171
s off
g Head_uv_standardSurface8SG_1
v -2.08027 7.66709 1.96407
v -1.09689 7.98846 2.6021
v -2.02938 8.69712 2.08663
v -1.06181 9.08459 2.73544
v 0 8.76642 2.82621
v 0 9.46862 2.89687
v 1.09689 7.98846 2.6021
v 1.06181 9.08459 2.73544
v 2.08027 7.66709 1.96407
v 2.02938 8.69712 2.08663
v -1.72988 9.56268 1.90435
v -0.997925 9.87807 2.34742
v 0 10.0294 2.53496
v 0.997925 9.87807 2.34742
v 1.72988 9.56268 1.90435
v -1.07691 10.6132 1.24515
v -2.10054 9.90167 1.17617
v 0 10.8021 1.27855
v 1.07691 10.6132 1.24515
v 2.10054 9.90167 1.17617
v -1.23828 10.8803 0.050812
v -2.31007 10.2196 0.050374
v 0 11.1149 0.064124
v 1.23828 10.8803 0.050812
v 2.31007 10.2196 0.050374
v -2.08446 9.96914 -1.0275
v -1.19914 10.6163 -1.14379
v 0 10.8479 -1.20193
v 1.19914 10.6163 -1.14379
v 2.08446 9.96914 -1.0275
v -1.77668 9.7105 -1.68396
v -1.09592 9.99419 -1.98436
v 0 10.1838 -2.18197
v 1.09592 9.99419 -1.98436
v 1.77668 9.7105 -1.68396
v -1.14343 9.12784 -2.53096
v -2.03729 9.03385 -1.92324
v 0 9.16 -2.70001
v 1.14343 9.12784 -2.53096
v 2.03729 9.03385 -1.92324
v -1.14116 7.98083 -2.66756
v -2.14694 7.97045 -1.978
v 0 7.99193 -2.89951
v 1.14116 7.98083 -2.66756
v 2.14694 7.97045 -1.978
v -2.03665 7.16097 -1.84069
v -1.11337 7.10302 -2.48503
v -1.98426 6.86307 -1.80676
v -1.10152 6.7546 -2.38353
v 0 7.08273 -2.6889
v 0 6.69523 -2.5543
v 1.11337 7.10302 -2.48503
v 1.10152 6.7546 -2.38353
v 2.03665 7.16097 -1.84069
v 1.98426 6.86307 -1.80676
v 2.47109 7.17445 -1.20044
v 2.77781 7.95086 -0.68131
v 2.59468 8.91705 -0.859176
v 2.91626 7.99265 0.093818
v 2.77512 8.84574 0.024908
v 2.60583 7.79099 1.13733
v 2.57532 8.741 1.06849
v -2.47109 7.17445 -1.20044
v -2.77781 7.95086 -0.68131
v -2.59468 8.91705 -0.859176
v -2.91626 7.99265 0.093818
v -2.77512 8.84574 0.024908
v -2.60583 7.79099 1.13733
v -2.57532 8.741 1.06849
v -2.12195 7.51239 -1.91588
v -2.63934 7.46398 -1.05709
v -1.12849 7.50567 -2.58741
v 0 7.47202 -2.81903
v 1.12849 7.50567 -2.58741
v 2.12195 7.51239 -1.91588
v 2.63934 7.46398 -1.05709
v -1.60053 6.64385 -1.79364
v -1.06207 6.48913 -2.12379
v 0 6.31533 -2.31157
v 1.06207 6.48913 -2.12379
v 1.60053 6.64385 -1.79364
v 2.72446 7.00982 0.414472
v 2.43176 6.75887 1.23068
v 2.55254 6.41197 0.579903
v 2.14403 6.09015 1.29555
v -2.80955 7.3968 0.307407
v -2.5118 7.20367 1.18725
v -2.72446 7.00982 0.414472
v -2.43176 6.75887 1.23068
v 2.80955 7.3968 0.307407
v 2.5118 7.20367 1.18725
v -2.55254 6.41197 0.579903
v -2.14403 6.09015 1.29555
v -1.93785 7.67316 1.82521
v -1.8828 8.66362 1.95328
v -1.03235 8.00812 2.41637
v -0.979021 9.04871 2.55076
v 0 9.41755 2.69566
v 0 8.78844 2.63334
v 1.03235 8.00812 2.41637
v 0.979021 9.04871 2.55076
v 1.8828 8.66362 1.95328
v 1.93785 7.67316 1.82521
v -1.89607 7.28949 -1.71897
v -1.84946 6.95966 -1.6933
v -1.59842 7.03573 -2.0089
v -1.02648 6.85489 -2.22455
v 1.59842 7.03573 -2.0089
v 1.02648 6.85489 -2.22455
v 1.84946 6.95966 -1.6933
v 1.89607 7.28949 -1.71897
v 2.30903 7.22729 -1.1097
v 2.59655 7.93695 -0.610158
v 2.4159 8.86803 -0.795218
v 2.23775 8.71323 -1.25197
v 1.99617 7.96996 -1.84623
v 2.71605 7.99865 0.089546
v 2.582 8.79747 0.020543
v 2.42315 7.78872 1.06902
v 2.39766 8.70164 0.994024
v -2.30903 7.22729 -1.1097
v -1.99617 7.96996 -1.84623
v -2.23775 8.71323 -1.25197
v -2.59655 7.93695 -0.610158
v -2.4159 8.86803 -0.795218
v -2.71605 7.99865 0.089546
v -2.582 8.79747 0.020543
v -2.42315 7.78872 1.06902
v -2.39766 8.70164 0.994024
v -1.9764 7.55211 -1.78546
v -2.4721 7.49936 -0.967953
v 2.4721 7.49936 -0.967953
v 1.9764 7.55211 -1.78546
v -1.50924 6.78446 -1.69827
v -0.994613 6.62356 -1.99813
v 0 6.70682 -2.37982
v 0 6.43706 -2.15702
v 0.994613 6.62356 -1.99813
v 1.50924 6.78446 -1.69827
v 2.54458 7.04932 0.355494
v 2.37716 6.4646 0.5193
v 2.25188 6.79837 1.1717
v 1.96865 6.14278 1.23495
v -2.32844 7.22618 1.13168
v -2.62619 7.41931 0.251844
v -2.25188 6.79837 1.1717
v -2.54458 7.04932 0.355494
v 2.62619 7.41931 0.251844
v 2.32844 7.22618 1.13168
v -1.96865 6.14278 1.23495
v -2.37716 6.4646 0.5193
vn -0.528314 -0.080367 0.845237
vn -0.423079 -0.090175 0.901594
vn -0.565159 0.05557 0.823108
vn -0.393311 0.135224 0.909407
vn -0 -0.11044 0.993883
vn -0 0.230792 0.973003
vn 0.423079 -0.090175 0.901594
vn 0.393311 0.135224 0.909407
vn 0.528314 -0.080367 0.845237
vn 0.565159 0.055571 0.823108
vn -0.605819 0.374068 0.702179
vn -0.437476 0.435147 0.786931
vn 0 0.494359 0.869258
vn 0.437476 0.435147 0.786932
vn 0.605819 0.374068 0.70218
vn -0.539086 0.661908 0.520831
vn -0.325835 0.777505 0.537883
vn -0.350676 0.85012 0.392839
vn -0.539257 0.750853 0.381342
vn -0 0.839579 0.543238
vn -0 0.917933 0.396736
vn 0.325835 0.777505 0.537883
vn 0.350676 0.85012 0.392839
vn 0.539086 0.661908 0.520831
vn 0.539257 0.750853 0.381342
vn -0.376606 0.926148 0.020458
vn -0.559631 0.827869 0.038022
vn -0 0.999955 0.009493
vn 0.376606 0.926148 0.020458
vn 0.559631 0.827869 0.038022
vn -0.54973 0.76223 -0.341763
vn -0.355126 0.857241 -0.372858
vn 0 0.922044 -0.387084
vn 0.355126 0.857241 -0.372858
vn 0.54973 0.76223 -0.341764
vn -0.532589 0.657451 -0.533017
vn -0.3239 0.757527 -0.566782
vn 0 0.810976 -0.585079
vn 0.3239 0.757527 -0.566782
vn 0.532589 0.65745 -0.533018
vn -0.523114 0.467424 -0.712648
vn -0.313637 0.486544 -0.815418
vn -0.352924 0.284237 -0.891434
vn -0.560167 0.227554 -0.796513
vn 0 0.494409 -0.869229
vn 0 0.313838 -0.949477
vn 0.313637 0.486544 -0.815418
vn 0.352924 0.284238 -0.891433
vn 0.523114 0.467425 -0.712647
vn 0.560167 0.227555 -0.796513
vn -0.37317 0.039054 -0.92694
vn -0.565917 0.019198 -0.824239
vn -0 0.053121 -0.998588
vn 0.37317 0.039054 -0.92694
vn 0.565917 0.019198 -0.824238
vn -0.555618 -0.245044 -0.794507
vn -0.365203 -0.274815 -0.88944
vn -0.554564 -0.346042 -0.756779
vn -0.334534 -0.457476 -0.823895
vn 0 -0.295824 -0.955242
vn -0 -0.473206 -0.880952
vn 0.365203 -0.274815 -0.88944
vn 0.334534 -0.457476 -0.823895
vn 0.555619 -0.245044 -0.794507
vn 0.554564 -0.346041 -0.756779
vn 0.811258 -0.261688 -0.522858
vn 0.811905 -0.205048 -0.546595
vn 0.811687 -0.248395 -0.528644
vn 0.928979 0.105703 -0.354719
vn 0.889517 0.073602 -0.450934
vn 0.911424 0.240736 -0.333696
vn 0.867522 0.219813 -0.446192
vn 0.988692 0.128936 0.076569
vn 0.963502 0.265298 0.035799
vn 0.912851 0.058914 0.40402
vn 0.909128 0.213691 0.357522
vn 0.863663 0.021841 0.503596
vn 0.844172 0.179915 0.50498
vn 0.813172 0.380654 -0.440289
vn 0.875964 0.366783 -0.313302
vn 0.937162 0.348106 0.023439
vn 0.881379 0.329658 0.338373
vn 0.805743 0.326101 0.494406
vn -0.811905 -0.205049 -0.546594
vn -0.811258 -0.261688 -0.522858
vn -0.811687 -0.248396 -0.528644
vn -0.889517 0.073602 -0.450934
vn -0.928979 0.105703 -0.354719
vn -0.911424 0.240736 -0.333696
vn -0.867522 0.219813 -0.446192
vn -0.988692 0.128936 0.076569
vn -0.963502 0.265298 0.0358
vn -0.912851 0.058914 0.40402
vn -0.909128 0.213691 0.357522
vn -0.863663 0.02184 0.503595
vn -0.844172 0.179915 0.50498
vn -0.813172 0.380654 -0.440289
vn -0.875964 0.366783 -0.313302
vn -0.937162 0.348106 0.023439
vn -0.881379 0.329658 0.338373
vn -0.805743 0.326101 0.494405
vn -0.868201 -0.079278 -0.489838
vn -0.874485 -0.047704 -0.482702
vn -0.555634 -0.196453 -0.807885
vn -0.379346 -0.2077 -0.901641
vn -0 -0.216678 -0.976243
vn 0.379346 -0.2077 -0.901641
vn 0.555634 -0.196453 -0.807884
vn 0.874485 -0.047704 -0.482702
vn 0.868201 -0.079278 -0.489838
vn -0.468726 -0.707214 -0.529287
vn -0.302039 -0.657788 -0.689991
vn 0 -0.621791 -0.783183
vn 0.302039 -0.657788 -0.689991
vn 0.468726 -0.707214 -0.529287
vn 0.934451 -0.187784 0.302553
vn 0.921761 -0.23404 0.309163
vn 0.909296 -0.272866 0.314205
vn -0.954435 -0.099255 0.281427
vn -0.952648 -0.107512 0.284435
vn -0.950571 -0.11668 0.287751
vn -0.934451 -0.187783 0.302553
vn -0.921761 -0.23404 0.309164
vn 0.954435 -0.099256 0.281427
vn 0.952648 -0.107513 0.284435
vn 0.950571 -0.116681 0.287751
vn -0.909296 -0.272866 0.314206
vn 0.524372 0.081548 -0.847575
vn 0.427224 0.091149 -0.89954
vn 0.290995 0.102111 -0.95126
vn -0 0.11341 -0.993548
vn -0.427224 0.091149 -0.89954
vn -0.290995 0.102111 -0.95126
vn -0.524372 0.081548 -0.847575
vn 0.608418 0.511082 0.607143
vn 0.562975 0.586531 0.582271
vn 0.327674 0.679602 0.656331
vn -0.608418 0.511081 0.607144
vn -0.327674 0.679603 0.656331
vn -0.562975 0.586531 0.582271
vn -0.798838 0.2761 0.534441
vn -0.802555 0.248103 0.54254
vn -0.809737 0.15839 0.565013
vn -0.940089 -0.096912 0.326866
vn -0.940579 -0.104555 0.323077
vn -0.90438 -0.069964 0.420954
vn -0.893687 -0.041403 0.446776
vn -0.988389 -0.129576 -0.079355
vn -0.990317 -0.133398 -0.03842
vn -0.911275 -0.058462 -0.407627
vn -0.92308 -0.068756 -0.378413
vn -0.862802 -0.022423 -0.505045
vn 0.809737 0.15839 0.565013
vn 0.802555 0.248103 0.54254
vn 0.798837 0.2761 0.534441
vn 0.893687 -0.041404 0.446776
vn 0.90438 -0.069964 0.420954
vn 0.940089 -0.096912 0.326866
vn 0.940579 -0.104555 0.323077
vn 0.988389 -0.129576 -0.079355
vn 0.990317 -0.133398 -0.03842
vn 0.911275 -0.058462 -0.407627
vn 0.92308 -0.068756 -0.378413
vn 0.862802 -0.022424 -0.505045
vn 0.86685 0.073828 0.493073
vn 0.873821 0.039235 0.484662
vn -0.873821 0.039236 0.484662
vn -0.86685 0.073828 0.493073
vn 0.466894 0.712598 0.523654
vn 0.316246 0.687029 0.654202
vn -0 0.675457 0.7374
vn -0.316247 0.687029 0.654201
vn -0.466894 0.712598 0.523654
vn -0.934322 0.188301 -0.30263
vn -0.909296 0.272866 -0.314205
vn -0.921624 0.234496 -0.309225
vn 0.954386 0.098751 -0.281773
vn 0.950458 0.116825 -0.288066
vn 0.952533 0.107491 -0.284828
vn 0.954386 0.098751 -0.281772
vn 0.921624 0.234496 -0.309226
vn 0.934322 0.188301 -0.30263
vn -0.954386 0.098751 -0.281772
vn -0.952533 0.107491 -0.284828
vn -0.950458 0.116825 -0.288066
vn 0.909296 0.272866 -0.314206
vn 0.126016 -0.992021 0.003877
vn 0.445597 -0.893696 0.052454
vn 0.124498 -0.992216 0.002916
vn 0.449649 -0.891727 0.051366
vn 0.588995 -0.808055 0.011461
vn -0.588996 -0.808055 0.011461
vn -0.445597 -0.893696 0.052454
vn -0.449649 -0.891727 0.051366
vn -0.126016 -0.992021 0.003876
vn -0.124499 -0.992215 0.002916
vn -0.094163 -0.863686 0.495156
vn 0.031979 -0.997412 0.064399
vn 0.059716 -0.991922 -0.111912
vn 0.094163 -0.863686 0.495156
vn 0.094163 -0.863686 0.495155
vn -0.031979 -0.997412 0.064399
vn -0.059718 -0.991922 -0.111911
vn -0.283469 -0.615504 0.735391
vn -0.286495 -0.644209 0.709165
vn -0.283019 -0.611481 0.738913
vn 0.286496 -0.644209 0.709165
vn 0.283469 -0.615504 0.735391
vn 0.283019 -0.61148 0.738912
vn -0.276711 -0.559761 0.781088
vn 0.276712 -0.559762 0.781087
vn 0.073639 -0.720606 0.689424
vn 0.2127 -0.683714 0.698064
vn 0.067283 -0.721927 0.688691
vn -0.270005 -0.478312 0.835652
vn 0 -0.736276 0.676681
vn 0 -0.736277 0.676681
vn -0.073639 -0.720606 0.689424
vn -0.067283 -0.721927 0.688691
vn 0.270004 -0.478312 0.835653
vn -0.2127 -0.683714 0.698064
vn -0.268563 0.181233 0.946059
vn -0.26406 0.205026 0.942463
vn -0.268882 0.17951 0.946297
vn -0.106671 -0.882629 -0.457808
vn 0.22631 -0.32098 -0.91965
vn 0.230899 -0.316059 -0.920213
vn 0.230554 -0.31643 -0.920172
vn -0.122649 -0.3209 -0.939138
vn -0.167096 -0.316735 -0.933679
vn -0.168326 -0.316611 -0.933501
vn 0.295208 0.141868 0.944842
vn 0.310179 0.142934 0.939872
vn 0.295601 0.141896 0.944714
vn -0.2309 -0.316059 -0.920213
vn -0.230554 -0.31643 -0.920172
vn 0.268563 0.181233 0.946059
vn 0.268882 0.17951 0.946297
vn -0.310179 0.142934 0.939872
vn -0.295208 0.141868 0.944842
vn -0.295602 0.141896 0.944714
vn 0.167098 -0.316735 -0.933679
vn 0.12265 -0.3209 -0.939138
vn 0.168327 -0.316611 -0.933501
vn -0.226311 -0.32098 -0.91965
vn 0.106668 -0.88263 -0.457806
vn 0.26406 0.205027 0.942463
vt 0.159786 0.508271
vt 0.200719 0.508271
vt 0.170799 0.542177
vt 0.212949 0.543278
vt 0.249151 0.522706
vt 0.249219 0.54919
vt 0.297456 0.50811
vt 0.285459 0.543135
vt 0.338302 0.50779
vt 0.32764 0.541779
vt 0.183151 0.572752
vt 0.215073 0.573624
vt 0.249276 0.572928
vt 0.283493 0.573473
vt 0.315435 0.572434
vt 0.206347 0.619161
vt 0.162237 0.595156
vt 0.249376 0.626044
vt 0.292381 0.618978
vt 0.336408 0.594756
vt 0.237951 0.874975
vt 0.238732 0.924648
vt 0.19586 0.923411
vt 0.196796 0.879956
vt 0.237803 0.964722
vt 0.191618 0.966981
vt 0.254842 0.962965
vt 0.253904 0.922892
vt 0.301028 0.965213
vt 0.296776 0.921644
vt 0.254674 0.873219
vt 0.295829 0.878189
vt 0.159734 0.880393
vt 0.153727 0.917352
vt 0.141395 0.959082
vt 0.338907 0.915576
vt 0.35125 0.957303
vt 0.332892 0.878618
vt 0.134147 0.881898
vt 0.11942 0.905486
vt 0.098689 0.938256
vt 0.373212 0.903702
vt 0.39395 0.936466
vt 0.358479 0.880117
vt 0.093814 0.881122
vt 0.123123 0.858679
vt 0.063308 0.90879
vt 0.429325 0.906992
vt 0.398812 0.879331
vt 0.369497 0.856895
vt 0.070951 0.848401
vt 0.108192 0.825727
vt 0.036923 0.87042
vt 0.4557 0.868616
vt 0.421667 0.846605
vt 0.384421 0.82394
vt 0.094641 0.800662
vt 0.058 0.82014
vt 0.088506 0.791601
vt 0.053043 0.808542
vt 0.021691 0.838101
vt 0.016158 0.823937
vt 0.470925 0.836294
vt 0.434612 0.818341
vt 0.439566 0.806742
vt 0.476454 0.822129
vt 0.397966 0.798871
vt 0.404099 0.789808
vt 0.371589 0.785916
vt 0.336012 0.801828
vt 0.332407 0.837186
vt 0.304659 0.798178
vt 0.301704 0.828514
vt 0.265082 0.789809
vt 0.264267 0.824518
vt 0.37233 0.517196
vt 0.366018 0.554231
vt 0.121015 0.787701
vt 0.156596 0.803605
vt 0.160209 0.838962
vt 0.187948 0.799947
vt 0.190909 0.830282
vt 0.227523 0.791569
vt 0.228346 0.826277
vt 0.125925 0.518022
vt 0.13246 0.554874
vt 0.101377 0.811638
vt 0.133876 0.793653
vt 0.06379 0.833295
vt 0.027692 0.852374
vt 0.428825 0.831497
vt 0.464927 0.850568
vt 0.391233 0.809849
vt 0.358729 0.791872
vt 0.072445 0.787708
vt 0.048952 0.796101
vt 0.011001 0.808557
vt 0.443655 0.7943
vt 0.481608 0.806748
vt 0.42016 0.785912
vt 0.405157 0.63553
vt 0.379444 0.616613
vt 0.40571 0.612916
vt 0.383194 0.590987
vt 0.12912 0.654766
vt 0.094989 0.673845
vt 0.095867 0.651119
vt 0.124941 0.634112
vt 0.095865 0.63664
vt 0.122 0.61831
vt 0.405192 0.672744
vt 0.371501 0.652899
vt 0.404828 0.650005
vt 0.376146 0.632345
vt 0.095824 0.61402
vt 0.11883 0.592605
vt 0.17605 0.474238
vt 0.178094 0.438796
vt 0.213682 0.460153
vt 0.21569 0.422918
vt 0.250649 0.409386
vt 0.250648 0.431824
vt 0.28761 0.460158
vt 0.285607 0.422923
vt 0.3232 0.438806
vt 0.325239 0.474248
vt 0.175912 0.686321
vt 0.176196 0.674052
vt 0.190151 0.680357
vt 0.211399 0.675054
vt 0.303862 0.680635
vt 0.282641 0.675229
vt 0.317848 0.674399
vt 0.31807 0.686672
vt 0.343132 0.688048
vt 0.364175 0.71611
vt 0.344831 0.746932
vt 0.330868 0.738181
vt 0.313955 0.710558
vt 0.385986 0.732048
vt 0.370324 0.755474
vt 0.421046 0.745191
vt 0.401753 0.77142
vt 0.357357 0.472724
vt 0.361828 0.440509
vt 0.150855 0.687598
vt 0.179895 0.710183
vt 0.162986 0.737643
vt 0.129576 0.715585
vt 0.149122 0.746361
vt 0.10791 0.731833
vt 0.123858 0.755027
vt 0.073033 0.745499
vt 0.092704 0.771438
vt 0.143933 0.47271
vt 0.139467 0.440494
vt 0.177292 0.696232
vt 0.142901 0.697802
vt 0.351032 0.69828
vt 0.316635 0.696589
vt 0.1886 0.667013
vt 0.210006 0.663308
vt 0.24703 0.670744
vt 0.247061 0.658465
vt 0.284091 0.66349
vt 0.305479 0.667299
vt 0.411993 0.635999
vt 0.412512 0.613843
vt 0.438871 0.617599
vt 0.434326 0.592354
vt 0.056605 0.653671
vt 0.060019 0.63355
vt 0.088984 0.650999
vt 0.088039 0.672618
vt 0.062565 0.617952
vt 0.08902 0.636955
vt 0.412168 0.671675
vt 0.411712 0.65004
vt 0.444023 0.653443
vt 0.441064 0.63325
vt 0.067679 0.592816
vt 0.089002 0.614793
vt 0.159466 0.501511
vt 0.201373 0.50171
vt 0.249134 0.515506
vt 0.296758 0.501553
vt 0.338526 0.501115
vt 0.321444 0.668144
vt 0.347242 0.682915
vt 0.391348 0.727708
vt 0.368758 0.710877
vt 0.371818 0.509679
vt 0.172631 0.66778
vt 0.146774 0.682443
vt 0.102284 0.727467
vt 0.125142 0.710341
vt 0.126362 0.510708
vt 0.138169 0.692588
vt 0.355804 0.693103
vt 0.186491 0.660938
vt 0.209038 0.656438
vt 0.247078 0.65147
vt 0.285092 0.656624
vt 0.307617 0.661234
vt 0.441029 0.591603
vt 0.445762 0.616858
vt 0.387629 0.585775
vt 0.410144 0.6077
vt 0.0497 0.653469
vt 0.053284 0.632658
vt 0.055692 0.617056
vt 0.45093 0.653397
vt 0.447817 0.63251
vt 0.091508 0.608705
vt 0.114513 0.587295
vt 0.060995 0.591914
usemtl standardSurface8SG
f 160/255/226 161/256/227 162/257/228
f 161/256/227 163/258/229 162/257/228
f 161/256/227 164/259/230 165/260/231
f 161/256/227 165/260/231 163/258/229
f 164/259/230 166/261/232 165/260/231
f 166/261/232 167/262/233 165/260/231
f 166/261/232 168/263/234 169/264/235
f 166/261/232 169/264/235 167/262/233
f 162/257/228 163/258/229 170/265/236
f 163/258/229 171/266/237 170/265/236
f 163/258/229 165/260/231 172/267/238
f 163/258/229 172/267/238 171/266/237
f 165/260/231 167/262/233 172/267/238
f 167/262/233 173/268/239 172/267/238
f 167/262/233 169/264/235 174/269/240
f 167/262/233 174/269/240 173/268/239
f 170/265/241 171/266/242 175/270/243
f 170/265/241 175/270/243 176/271/244
f 171/266/242 172/267/245 177/272/246
f 171/266/242 177/272/246 175/270/243
f 172/267/245 173/268/247 177/272/246
f 173/268/247 178/273/248 177/272/246
f 173/268/247 174/269/249 178/273/248
f 174/269/249 179/274/250 178/273/248
f 176/275/244 175/276/243 180/277/251
f 176/275/244 180/277/251 181/278/252
f 175/276/243 177/279/246 182/280/253
f 175/276/243 182/280/253 180/277/251
f 177/281/246 178/282/248 182/283/253
f 178/282/248 183/284/254 182/283/253
f 178/282/248 179/285/250 183/284/254
f 179/285/250 184/286/255 183/284/254
f 181/278/252 180/277/251 185/287/256
f 180/277/251 186/288/257 185/287/256
f 180/277/251 182/280/253 186/288/257
f 182/280/253 187/289/258 186/288/257
f 182/283/253 183/284/254 188/290/259
f 182/283/253 188/290/259 187/291/258
f 183/284/254 184/286/255 189/292/260
f 183/284/254 189/292/260 188/290/259
f 185/287/256 186/288/257 190/293/261
f 186/288/257 191/294/262 190/293/261
f 186/288/257 187/289/258 191/294/262
f 187/289/258 192/295/263 191/294/262
f 187/291/258 188/290/259 193/296/264
f 187/291/258 193/296/264 192/297/263
f 188/290/259 189/292/260 194/298/265
f 188/290/259 194/298/265 193/296/264
f 190/293/266 191/294/267 195/299/268
f 190/293/266 195/299/268 196/300/269
f 191/294/267 192/295/270 197/301/271
f 191/294/267 197/301/271 195/299/268
f 192/297/270 193/296/272 197/302/271
f 193/296/272 198/303/273 197/302/271
f 193/296/272 194/298/274 198/303/273
f 194/298/274 199/304/275 198/303/273
f 196/300/269 195/299/268 200/305/276
f 196/300/269 200/305/276 201/306/277
f 195/299/268 197/301/271 202/307/278
f 195/299/268 202/307/278 200/305/276
f 197/302/271 198/303/273 202/308/278
f 198/303/273 203/309/279 202/308/278
f 198/303/273 199/304/275 203/309/279
f 199/304/275 204/310/280 203/309/279
f 205/311/281 206/312/282 207/313/283
f 206/312/282 208/314/284 207/313/283
f 206/312/282 209/315/285 208/314/284
f 209/315/285 210/316/286 208/314/284
f 209/317/285 211/318/287 212/319/288
f 209/317/285 212/319/288 210/320/286
f 211/318/287 213/321/289 214/322/290
f 211/318/287 214/322/290 212/319/288
f 215/323/291 214/322/292 213/321/293
f 216/324/294 204/310/295 217/325/296
f 204/310/295 199/304/297 217/325/296
f 218/326/298 216/324/294 217/325/296
f 218/326/298 217/325/296 219/327/299
f 220/328/300 218/326/298 219/327/299
f 220/328/300 219/327/299 221/329/301
f 168/263/302 220/330/300 169/264/303
f 220/330/300 221/331/301 169/264/303
f 217/325/296 199/304/297 194/298/304
f 217/325/296 194/298/304 189/292/305
f 219/327/299 217/325/296 184/286/306
f 217/325/296 189/292/305 184/286/306
f 221/329/301 219/327/299 184/286/306
f 221/329/301 184/286/306 179/285/307
f 169/264/303 221/331/301 174/269/308
f 221/331/301 179/274/307 174/269/308
f 207/313/309 222/332/310 205/311/311
f 201/306/312 223/333/313 224/334/314
f 201/306/312 224/334/314 196/300/315
f 223/333/313 225/335/316 224/334/314
f 225/335/316 226/336/317 224/334/314
f 225/335/316 227/337/318 226/336/317
f 227/337/318 228/338/319 226/336/317
f 227/339/318 160/255/320 162/257/321
f 227/339/318 162/257/321 228/340/319
f 196/300/315 224/334/314 190/293/322
f 224/334/314 185/287/323 190/293/322
f 224/334/314 226/336/317 181/278/324
f 224/334/314 181/278/324 185/287/323
f 226/336/317 228/338/319 181/278/324
f 228/338/319 176/275/325 181/278/324
f 228/340/319 162/257/321 170/265/326
f 228/340/319 170/265/326 176/271/325
f 229/341/327 230/342/328 223/333/313
f 229/341/327 223/333/313 201/306/312
f 201/306/277 200/305/276 229/341/329
f 200/305/276 231/343/330 229/341/329
f 200/305/276 202/307/278 231/343/330
f 202/307/278 232/344/331 231/343/330
f 202/308/278 203/309/279 233/345/332
f 202/308/278 233/345/332 232/346/331
f 203/309/279 204/310/280 234/347/333
f 203/309/279 234/347/333 233/345/332
f 235/348/334 234/347/335 216/324/294
f 234/347/335 204/310/295 216/324/294
f 205/311/311 222/332/310 229/341/327
f 222/332/310 230/342/328 229/341/327
f 229/341/329 231/343/330 205/311/281
f 231/343/330 206/312/282 205/311/281
f 231/343/330 232/344/331 209/315/285
f 231/343/330 209/315/285 206/312/282
f 232/346/331 233/345/332 209/317/285
f 233/345/332 211/318/287 209/317/285
f 233/345/332 234/347/333 213/321/289
f 233/345/332 213/321/289 211/318/287
f 215/323/291 213/321/293 234/347/335
f 215/323/291 234/347/335 235/348/334
f 207/313/283 208/314/284 236/349/336
f 208/314/284 237/350/337 236/349/336
f 208/314/284 210/316/286 237/350/337
f 210/316/286 238/351/338 237/350/337
f 210/320/286 212/319/288 239/352/339
f 210/320/286 239/352/339 238/353/338
f 212/319/288 214/322/290 240/354/340
f 212/319/288 240/354/340 239/352/339
f 241/355/341 242/356/342 243/357/343
f 242/356/342 244/358/343 243/357/343
f 227/359/344 225/360/344 245/361/345
f 227/359/344 245/361/345 246/362/346
f 246/362/346 245/361/345 247/363/347
f 246/362/346 247/363/347 248/364/348
f 218/365/349 220/366/349 249/367/350
f 220/366/349 250/368/351 249/367/350
f 248/364/348 247/363/347 251/369/352
f 248/364/348 251/369/352 252/370/352
f 249/367/350 250/368/351 241/355/341
f 250/368/351 242/356/342 241/355/341
f 253/371/353 254/372/353 255/373/354
f 254/372/353 256/374/355 255/373/354
f 255/373/354 256/374/355 257/375/356
f 255/373/354 257/375/356 258/376/356
f 258/376/356 257/375/356 259/377/357
f 257/375/356 260/378/358 259/377/357
f 259/377/357 260/378/358 261/379/359
f 259/377/357 261/379/359 262/380/359
f 263/381/360 264/382/361 265/383/360
f 264/382/361 266/384/362 265/383/360
f 267/385/363 268/386/364 269/387/365
f 267/385/363 269/387/365 270/388/363
f 271/389/366 270/388/367 269/387/368
f 272/390/369 273/391/370 274/392/371
f 272/390/369 274/392/371 275/393/372
f 276/394/373 277/395/374 273/391/370
f 276/394/373 273/391/370 272/390/369
f 278/396/375 279/397/376 277/395/374
f 278/396/375 277/395/374 276/394/373
f 262/380/377 261/379/377 278/398/375
f 261/379/377 279/399/376 278/398/375
f 264/382/378 263/381/379 280/400/380
f 281/401/381 282/402/382 283/403/383
f 282/402/382 284/404/384 283/403/383
f 283/403/383 284/404/384 285/405/385
f 284/404/384 286/406/386 285/405/385
f 285/405/385 286/406/386 287/407/387
f 286/406/386 288/408/388 287/407/387
f 287/409/387 288/410/388 254/372/389
f 287/409/387 254/372/389 253/371/389
f 289/411/390 281/401/381 283/403/383
f 289/411/390 283/403/383 290/412/391
f 291/413/392 272/390/369 292/414/393
f 272/390/369 275/393/372 292/414/393
f 263/381/379 289/411/390 290/412/391
f 263/381/379 290/412/391 280/400/380
f 271/389/366 291/413/392 270/388/367
f 291/413/392 292/414/393 270/388/367
f 264/382/361 293/415/394 266/384/362
f 293/415/394 294/416/395 266/384/362
f 266/384/362 294/416/395 295/417/396
f 294/416/395 296/418/396 295/417/396
f 295/417/396 296/418/396 297/419/397
f 295/417/396 297/419/397 268/386/364
f 268/386/364 297/419/397 298/420/398
f 268/386/364 298/420/398 269/387/365
f 299/421/399 300/422/400 301/423/401
f 300/422/400 302/424/400 301/423/401
f 287/425/402 303/426/403 304/427/404
f 287/425/402 304/427/404 285/428/405
f 303/426/403 305/429/406 306/430/407
f 303/426/403 306/430/407 304/427/404
f 276/431/408 307/432/409 278/433/408
f 307/432/409 308/434/410 278/433/408
f 305/429/406 309/435/411 310/436/411
f 305/429/406 310/436/411 306/430/407
f 307/432/409 299/421/399 308/434/410
f 299/421/399 301/423/401 308/434/410
f 253/437/412 255/438/413 160/255/414
f 255/438/413 161/256/415 160/255/414
f 255/438/413 258/439/416 161/256/415
f 258/439/416 164/259/416 161/256/415
f 258/439/417 259/440/418 166/261/419
f 258/439/417 166/261/419 164/259/417
f 259/440/418 262/441/420 168/263/421
f 259/440/418 168/263/421 166/261/419
f 271/389/422 269/387/422 214/442/422
f 271/389/422 214/442/422 215/443/422
f 276/394/423 272/390/423 218/444/423
f 272/390/423 216/445/423 218/444/423
f 262/441/420 278/446/424 168/263/421
f 278/446/424 220/330/424 168/263/421
f 264/382/425 280/400/426 207/447/425
f 280/400/426 222/448/425 207/447/425
f 283/403/427 285/405/427 225/449/427
f 283/403/427 225/449/427 223/450/427
f 287/451/428 253/437/412 160/255/414
f 287/451/428 160/255/414 227/339/428
f 290/412/429 283/403/430 223/450/430
f 290/412/429 223/450/430 230/452/431
f 272/390/432 291/413/433 216/445/432
f 291/413/433 235/453/434 216/445/432
f 280/400/435 290/412/429 222/448/435
f 290/412/429 230/452/431 222/448/435
f 291/413/433 271/389/436 215/443/436
f 291/413/433 215/443/436 235/453/434
f 294/416/437 293/415/438 236/454/438
f 294/416/437 236/454/438 237/455/439
f 293/415/440 264/382/440 236/454/440
f 264/382/440 207/447/440 236/454/440
f 296/418/441 294/416/437 237/455/439
f 296/418/441 237/455/439 238/456/442
f 297/419/443 296/418/441 239/457/444
f 296/418/441 238/456/442 239/457/444
f 269/387/445 298/420/445 240/458/445
f 269/387/445 240/458/445 214/442/445
f 298/420/446 297/419/443 240/458/446
f 297/419/443 239/457/444 240/458/446
f 301/423/447 302/424/448 244/459/448
f 301/423/447 244/459/448 242/460/449
f 302/461/450 300/462/450 244/358/450
f 300/462/450 243/357/450 244/358/450
f 300/422/451 299/421/452 241/355/453
f 300/422/451 241/355/453 243/357/451
f 285/428/454 304/427/455 225/360/454
f 304/427/455 245/361/456 225/360/454
f 303/426/457 287/425/458 227/463/458
f 303/426/457 227/463/458 246/464/459
f 304/427/455 306/430/460 245/361/456
f 306/430/460 247/363/461 245/361/456
f 305/429/462 303/426/457 248/465/463
f 303/426/457 246/464/459 248/465/463
f 278/433/464 308/434/465 220/466/464
f 308/434/465 250/467/466 220/466/464
f 307/432/467 276/431/468 218/365/468
f 307/432/467 218/365/468 249/367/469
f 306/430/460 310/436/470 247/363/461
f 310/436/470 251/369/470 247/363/461
f 310/468/471 309/469/471 252/370/471
f 310/468/471 252/370/471 251/369/471
f 309/435/472 305/429/462 252/470/472
f 305/429/462 248/465/463 252/470/472
f 308/434/465 301/423/447 242/460/449
f 308/434/465 242/460/449 250/467/466
f 299/421/452 307/432/467 249/367/469
f 299/421/452 249/367/469 241/355/453
s off
g Body_standardSurface9SG
v 1.19174 0.387767 -0.605449
v 0 0.382761 -0.7808
v 0 0.577971 -0.789776
v 1.20372 0.577971 -0.559925
v -1.19174 0.387767 -0.605449
v -1.20372 0.577971 -0.559925
v -1.45018 0.383632 0.048856
v -1.44857 0.577971 0.055129
v -1.18419 0.392041 0.820189
v -1.19976 0.577971 0.822121
v 0 0.382761 1.18594
v 0 0.577971 1.25451
v 1.18419 0.392041 0.820189
v 1.19976 0.577971 0.822121
v 1.45018 0.383632 0.048856
v 1.44857 0.577971 0.055129
v 1.7498 4.64836 -0.003798
v 1.72115 4.56622 -0.722388
v 0.79182 4.95481 -0.026169
v 0.791818 4.96237 -0.480496
v 1.58608 4.55073 0.695785
v 0.641391 4.85365 0.532154
v 0 3.94521 1.41122
v 0 4.44226 1.08154
v -1.58608 4.55073 0.695785
v -0.641391 4.85365 0.532153
v -1.7498 4.64836 -0.003798
v -0.79182 4.95481 -0.026169
v -1.72115 4.56622 -0.722388
v -0.791818 4.96237 -0.480496
v 0 4.66769 -1.0983
v 0 4.99646 -0.634015
v 0 3.12589 1.548
v 1.49133 3.24585 0.756274
v -1.49133 3.24585 0.756274
v 0 3.12589 -1.02368
v -1.70377 3.27496 -0.668801
v 1.70377 3.27496 -0.668801
v 1.54134 1.28056 0.120152
v 1.3596 1.28056 -0.537247
v 1.7498 2.9123 0.063186
v 1.29289 1.28056 0.801657
v 0 1.28056 1.43493
v -1.29289 1.28056 0.801657
v -1.54134 1.28056 0.120152
v -1.7498 2.9123 0.063186
v -1.3596 1.28056 -0.537247
v 0 1.28056 -0.845282
v 1.89172 3.01694 0.042485
v 1.9415 3.33061 -0.601794
v 1.9501 4.42835 -0.593977
v 1.9259 4.64217 -0.008947
v 1.74946 3.33304 0.656068
v 1.82481 4.45046 0.6183
v -1.89172 3.01694 0.042485
v -1.74946 3.33304 0.656069
v -1.82481 4.45046 0.6183
v -1.9259 4.64217 -0.008947
v -1.9415 3.33061 -0.601794
v -1.9501 4.42835 -0.593977
v 3.2031 3.33061 -0.601794
v 3.2031 3.01694 0.042485
v 3.2031 4.31104 -0.593977
v 3.2031 4.57586 -0.008947
v 3.2031 3.33304 0.656068
v 3.2031 4.36912 0.6183
v -3.2031 3.33304 0.656069
v -3.2031 3.01694 0.042485
v -3.2031 4.36912 0.6183
v -3.2031 4.57586 -0.008947
v -3.2031 3.33061 -0.601794
v -3.2031 4.31104 -0.593977
v 1.83769 -1.98278 -1.21207
v 0.71812 -2.25355 -1.25463
v 0.6682 -1.88599 -1.22761
v 1.74503 -1.39956 -1.12546
v 2.32688 -1.82846 -0.163051
v 2.15975 -1.17044 -0.135136
v 1.75934 -2.01246 0.792243
v 1.65487 -1.44923 0.827665
v 0.725656 -2.26126 0.868488
v 0.729339 -1.781 0.949403
v 0.154272 -2.38219 -0.153751
v 0.09013 -2.00977 -0.156058
v 0.393786 -1.49904 -1.22134
v 1.39608 -0.263217 -0.853516
v 1.82792 -0.263214 -0.034323
v 1.4013 -0.279518 0.812137
v 0.60768 -1.62138 0.973881
v 0 -1.86724 -0.16547
v 0 -1.31788 -1.23371
v 0 -1.40901 1.00889
v 0 -0.263217 1.20359
v 0 -0.182206 -1.01311
v -0.752797 -2.57851 -1.25937
v -1.87811 -2.4404 -1.209
v -0.71812 -2.25355 -1.25463
v -1.80421 -1.98091 -1.21167
v -2.40664 -2.41374 -0.154788
v -2.32688 -1.82846 -0.163051
v -1.79269 -2.4335 0.822299
v -1.75934 -2.01246 0.792243
v -0.707945 -2.62871 0.856837
v -0.725656 -2.26126 0.868488
v -0.179742 -2.62871 -0.154788
v -0.154272 -2.38219 -0.153751
v -0.6682 -1.88599 -1.22761
v -1.66182 -1.39265 -1.12458
v -1.40329 -0.263217 -0.892799
v -0.531541 -1.51518 -1.24598
v -2.15975 -1.17044 -0.135136
v -1.82792 -0.263214 -0.034323
v -1.65487 -1.44923 0.827665
v -1.4013 -0.279518 0.812137
v -0.729339 -1.781 0.949403
v -0.60768 -1.62138 0.973881
v -0.09013 -2.00977 -0.156058
v 0.179742 -2.62871 -0.154788
v 0.752797 -2.57851 -1.25937
v 0.707945 -2.62871 0.856837
v 1.79269 -2.4335 0.822299
v 2.40664 -2.41374 -0.154788
v 1.87811 -2.43918 -1.209
v 0.758154 -4.30541 -1.2601
v 1.87811 -4.21844 -1.209
v 2.40664 -4.09885 -0.154788
v 1.79269 -4.21844 0.798719
v 0.707945 -4.30541 0.798719
v 0.190985 -4.2728 -0.154788
v -0.758154 -4.30541 -1.2601
v -1.87811 -4.21844 -1.209
v -2.40664 -4.09885 -0.154788
v -1.79269 -4.21844 0.798719
v -0.707945 -4.30541 0.798719
v -0.190985 -4.2728 -0.154788
v 1.87811 -4.5805 -1.209
v 0.758154 -4.69808 -1.2601
v 2.40664 -4.42173 -0.154788
v 1.79269 -4.5805 0.798719
v 0.707945 -4.69808 0.798719
v 0.190985 -4.63486 -0.154788
v -0.758154 -4.69808 -1.2601
v -1.87811 -4.5805 -1.209
v -2.40664 -4.42173 -0.154788
v -1.79269 -4.5805 0.798719
v -0.707945 -4.69808 0.798719
v -0.190985 -4.63486 -0.154788
v 1.87811 -4.92606 -1.209
v 0.758154 -5.00892 -1.2601
v 2.40664 -4.75433 -0.154788
v 1.79269 -4.92606 0.798719
v 0.707945 -5.00892 0.798719
v 0.190985 -4.94387 -0.154788
v -0.758154 -5.00892 -1.2601
v -1.87811 -4.92606 -1.209
v -2.40664 -4.75433 -0.154788
v -1.79269 -4.92606 0.798719
v -0.707945 -5.00892 0.798719
v -0.190985 -4.94387 -0.154788
v 1.87811 -5.64234 -1.209
v 0.758154 -5.68912 -1.2601
v 2.40664 -5.62845 -0.154788
v 1.79269 -5.68968 0.798719
v 0.707945 -5.73317 0.798719
v 0.190985 -5.66794 -0.154788
v -0.758154 -5.68912 -1.2601
v -1.87811 -5.64234 -1.209
v -2.40664 -5.62845 -0.154788
v -1.79269 -5.68968 0.798719
v -0.707945 -5.73317 0.798719
v -0.190985 -5.66794 -0.154788
v 0.787331 -9.41425 -0.615484
v 0.794554 -9.23612 -0.611976
v 1.30364 -9.23612 -0.611976
v 1.29504 -9.41425 -0.615484
v 1.57113 -9.23612 -0.096961
v 1.56551 -9.41425 -0.105918
v 1.58089 -9.23612 1.09241
v 1.29894 -9.23612 1.34147
v 1.57823 -9.41425 1.09631
v 1.29624 -9.41425 1.3351
v 0.778122 -9.23612 1.34147
v 0.779893 -9.41425 1.3351
v 0.496345 -9.23612 1.09262
v 0.500086 -9.41425 1.09658
v 0.524402 -9.23612 -0.096961
v 0.519559 -9.41425 -0.105917
v -0.823716 -6.09078 -0.686967
v -0.845306 -7.69597 -0.583976
v -1.33034 -7.69595 -0.579397
v -1.40987 -6.09071 -0.674054
v -1.56553 -7.69445 -0.114577
v -1.68228 -6.09047 -0.099692
v -1.30899 -7.70481 0.292079
v -1.34965 -6.09047 0.393718
v -0.847359 -7.69935 0.287412
v -0.829508 -6.0905 0.380555
v -0.614918 -7.69441 -0.098863
v -0.564846 -6.09043 -0.05537
v -1.39844 -5.71174 -0.607834
v -0.807095 -5.71888 -0.615003
v -1.66879 -5.71267 -0.077539
v -1.35868 -5.71377 0.412886
v -0.812279 -5.72036 0.405628
v -0.546925 -5.72043 -0.054762
v -5.50882 3.66356 0.002387
v -5.50882 3.81755 0.343931
v -5.61724 3.82288 0.338336
v -5.61724 3.67158 0.002152
v -5.50882 4.21018 0.342982
v -5.61724 4.20871 0.338336
v -5.50881 4.36348 0.002046
v -5.61724 4.35847 0.002152
v -5.50882 3.81757 -0.337897
v -5.61724 3.82288 -0.334032
v -5.50882 4.20869 -0.338856
v -5.61724 4.20717 -0.334032
v 0 4.36416 1.07192
v 0 4.73259 0.57146
v -0.600913 4.81418 0.537472
v 0.600913 4.81418 0.537472
v 0.782126 4.90612 -0.45785
v 0 4.92048 -0.621951
v 0 5.05547 -0.407095
v 0.29877 5.04657 -0.332044
v -0.782125 4.90612 -0.45785
v -0.29877 5.04657 -0.332044
v -0.763612 4.90485 -0.01409
v -0.373183 5.01921 -0.15251
v -0.29877 4.98666 0.023137
v 0 4.98666 0.093962
v 0.29877 4.98666 0.023137
v 0.763612 4.90485 -0.01409
v 0.373183 5.01921 -0.15251
v 0 5.87284 -0.306853
v 0.29877 5.87284 -0.238633
v -0.29877 5.87284 -0.238633
v -0.373183 5.87284 -0.073936
v -0.29877 5.87284 0.090761
v 0 5.87284 0.15898
v 0.29877 5.87284 0.090761
v 0.373183 5.87284 -0.073936
v 3.20379 3.49301 0.007374
v 3.20379 3.70457 -0.420057
v 3.38601 3.71351 -0.413562
v 3.38601 3.50649 0.00698
v 3.20379 3.70416 0.462874
v 3.38601 3.71313 0.453471
v 3.20379 4.24157 0.441761
v 3.38601 4.23909 0.433952
v 3.20354 4.47009 -0.000203
v 3.38578 4.46166 -2.5e-05
v 3.20379 4.24113 -0.441407
v 3.38601 4.23857 -0.4333
v 5.61724 3.67158 0.002152
v 5.61724 3.82288 -0.334032
v 5.83605 3.66344 -0.038306
v 5.80536 3.82196 -0.544691
v 5.61724 4.20717 -0.334032
v 5.80536 4.21616 -0.544691
v 5.61724 4.35847 0.002152
v 5.83605 4.37467 -0.038306
v 5.61724 3.82288 0.338336
v 5.79932 3.8517 0.471
v 5.61724 4.20871 0.338336
v 5.80536 4.23223 0.468079
v -5.83605 3.66344 -0.038306
v -5.79932 3.8517 0.471
v -5.80536 4.23223 0.468079
v -5.83605 4.37467 -0.038306
v -5.80536 3.82196 -0.544691
v -5.80536 4.21615 -0.544691
v 6.18092 3.87171 -0.544691
v 6.24229 3.85142 -0.038306
v 6.18092 4.21616 -0.544691
v 6.24229 4.3494 -0.038306
v 6.16907 3.85543 0.470959
v 6.17533 4.23728 0.467567
v 6.3623 3.83621 1.06605
v 6.34598 3.626 1.03171
v 6.52626 3.87818 0.929694
v 6.4942 3.66777 0.894292
v -6.16907 3.85543 0.470959
v -6.24229 3.85142 -0.038306
v -6.34598 3.626 1.03171
v -6.3623 3.83621 1.06605
v -6.52626 3.87818 0.929694
v -6.4942 3.66777 0.894292
v -6.17533 4.23728 0.467567
v -6.24229 4.3494 -0.038306
v -6.18092 3.87171 -0.544691
v -6.18092 4.21615 -0.544691
v 6.72176 3.92173 -0.291498
v 6.75437 3.93106 -0.038306
v 6.66378 4.19982 -0.544691
v 6.66378 3.90199 -0.544691
v 6.72176 4.25756 -0.291499
v 6.66378 3.9043 0.468079
v 6.72176 3.92288 0.214886
v 6.72176 4.25873 0.214886
v 6.75437 4.29423 -0.038306
v 6.66378 4.20217 0.468079
v -6.72176 3.92288 0.214886
v -6.75437 3.93106 -0.038306
v -6.66378 4.20217 0.468079
v -6.66378 3.9043 0.468079
v -6.72176 4.25873 0.214886
v -6.66378 3.90199 -0.544691
v -6.72176 3.92173 -0.291498
v -6.72176 4.25756 -0.291499
v -6.75437 4.29423 -0.038306
v -6.66378 4.19982 -0.544691
v 5.93716 3.8042 0.692161
v 5.98347 4.14286 0.717825
v 6.25625 3.80185 0.636339
v 6.26671 4.16771 0.638325
v -6.11981 3.71854 0.856433
v -6.14324 4.02478 0.8997
v -6.41903 4.01604 0.812706
v -6.38182 3.72589 0.791711
v 6.11981 3.71854 0.856433
v 6.14324 4.02478 0.8997
v 6.41903 4.01604 0.812706
v 6.38182 3.72589 0.791711
v -5.93716 3.8042 0.692161
v -5.98347 4.14286 0.717825
v -6.26671 4.16771 0.638325
v -6.25625 3.80185 0.636339
v 7.71532 3.98813 0.002401
v 7.71532 4.23452 0.002401
v 7.68732 4.21044 0.174179
v 7.68732 3.98258 0.174179
v -7.55614 3.95776 0.242723
v -7.49816 3.94327 0.440242
v -7.49816 4.17563 0.440242
v -7.55614 4.21976 0.242723
v 7.55614 3.95776 0.242723
v 7.55614 4.21976 0.242723
v 7.49816 4.17563 0.440242
v 7.49816 3.94327 0.440242
v -7.64904 3.99292 -0.082575
v -7.64904 4.2291 -0.082575
v -7.62173 4.20525 -0.24723
v -7.62173 3.98686 -0.24723
v 7.41987 4.00162 -0.332477
v 7.36947 3.98827 -0.503713
v 7.36947 4.1897 -0.503713
v 7.41987 4.22875 -0.332477
v 7.62173 3.98686 -0.24723
v 7.62173 4.20525 -0.24723
v 7.64904 4.2291 -0.082575
v 7.64904 3.99292 -0.082575
v -7.68732 3.98258 0.174179
v -7.68732 4.21044 0.174179
v -7.71532 4.23452 0.002401
v -7.71532 3.98813 0.002401
v -7.41987 4.00162 -0.332477
v -7.41987 4.22875 -0.332477
v -7.36947 4.1897 -0.503713
v -7.36947 3.98827 -0.503713
v -6.72588 3.94017 0.228684
v -6.65966 3.92361 0.454281
v -6.65966 4.18901 0.454281
v -6.72588 4.23942 0.228684
v 6.72588 4.23942 0.228684
v 6.72588 3.94017 0.228684
v 6.65966 4.18901 0.454281
v 6.65966 3.92361 0.454281
v 6.75643 4.27385 -0.024416
v 6.75643 3.95054 -0.024416
v 6.7197 4.24225 0.200996
v 6.7197 3.94325 0.200996
v -6.7197 4.24225 0.200996
v -6.7197 3.94325 0.200996
v -6.75643 4.27385 -0.024416
v -6.75643 3.95054 -0.024416
v -6.75693 4.27528 -0.051184
v -6.75693 3.94906 -0.051184
v -6.7192 4.24234 -0.278621
v -6.7192 3.94067 -0.278621
v 6.7192 3.94067 -0.278621
v 6.7192 4.24234 -0.278621
v 6.75693 4.27528 -0.051184
v 6.75693 3.94906 -0.051184
v 6.72604 3.93865 -0.305057
v 6.6595 3.92103 -0.531133
v 6.6595 4.18696 -0.531133
v 6.72604 4.23852 -0.305057
v -6.72604 4.23852 -0.305057
v -6.72604 3.93865 -0.305057
v -6.6595 4.18696 -0.531133
v -6.6595 3.92103 -0.531133
v 7.17581 4.26468 -0.013033
v 7.17581 3.97402 -0.013033
v 7.14278 4.23628 0.189613
v 7.14278 3.96747 0.189613
v -7.08103 3.95963 0.231683
v -7.01657 3.94352 0.451282
v -7.12049 3.9618 0.232016
v -7.05622 3.94573 0.450949
v -7.01657 4.20186 0.451282
v -7.05622 4.20329 0.450949
v -7.08103 4.25092 0.231683
v -7.12049 4.2522 0.232016
v 7.08103 4.25092 0.231683
v 7.08103 3.95963 0.231683
v 7.01657 4.20186 0.451282
v 7.01657 3.94352 0.451282
v -7.11652 3.98607 -0.06507
v -7.11652 4.27246 -0.06507
v -7.15647 4.27214 -0.066613
v -7.15647 3.99018 -0.066613
v -7.08339 4.24354 -0.264735
v -7.12386 4.24367 -0.263192
v -7.08339 3.97871 -0.264735
v -7.12386 3.98293 -0.263192
v 6.94759 3.96118 -0.518048
v 7.00642 3.97676 -0.318141
v 6.94759 4.19633 -0.518048
v 7.00642 4.24192 -0.318141
v 7.08339 4.24354 -0.264735
v 7.08339 3.97871 -0.264735
v 7.11652 4.27246 -0.06507
v 7.11652 3.98607 -0.06507
v -7.14278 3.96747 0.189613
v -7.14278 4.23628 0.189613
v -7.18979 4.23561 0.188348
v -7.18979 3.97017 0.188348
v -7.17581 4.26468 -0.013033
v -7.22241 4.26367 -0.011768
v -7.17581 3.97402 -0.013033
v -7.22241 3.97663 -0.011768
v -7.00642 3.97676 -0.318141
v -7.00642 4.24192 -0.318141
v -7.03757 4.24229 -0.319595
v -7.03757 3.98099 -0.319595
v -6.94759 4.19633 -0.518048
v -6.9796 4.19737 -0.516595
v -6.94759 3.96118 -0.518048
v -6.9796 3.96564 -0.516595
v 7.22241 3.97663 -0.011768
v 7.22241 4.26367 -0.011768
v 7.2717 4.26075 -0.010351
v 7.2717 3.97778 -0.010351
v 7.18979 4.23561 0.188348
v 7.23955 4.2331 0.186931
v 7.18979 3.97017 0.188348
v 7.23955 3.97141 0.186931
v -7.16405 3.96139 0.233087
v -7.10042 3.94548 0.449878
v -7.10042 4.20052 0.449878
v -7.16405 4.24896 0.233087
v 7.12049 3.9618 0.232016
v 7.12049 4.2522 0.232016
v 7.16405 4.24896 0.233087
v 7.16405 3.96139 0.233087
v 7.05622 4.20329 0.450949
v 7.10042 4.20052 0.449878
v 7.05622 3.94573 0.450949
v 7.10042 3.94548 0.449878
v -7.20573 3.99045 -0.068209
v -7.20573 4.26784 -0.068209
v -7.17365 4.23983 -0.261596
v -7.17365 3.98333 -0.261596
v 7.03757 3.98099 -0.319595
v 6.9796 3.96564 -0.516595
v 7.01859 3.9679 -0.515306
v 7.0758 3.98306 -0.320883
v 6.9796 4.19737 -0.516595
v 7.01859 4.1966 -0.515306
v 7.03757 4.24229 -0.319595
v 7.0758 4.24094 -0.320883
v 7.12386 3.98293 -0.263192
v 7.12386 4.24367 -0.263192
v 7.17365 4.23983 -0.261596
v 7.17365 3.98333 -0.261596
v 7.15647 4.27214 -0.066613
v 7.20573 4.26784 -0.068209
v 7.15647 3.99018 -0.066613
v 7.20573 3.99045 -0.068209
v -7.23955 3.97141 0.186931
v -7.23955 4.2331 0.186931
v -7.2717 4.26075 -0.010351
v -7.2717 3.97778 -0.010351
v -7.0758 3.98306 -0.320883
v -7.0758 4.24094 -0.320883
v -7.01859 4.1966 -0.515306
v -7.01859 3.9679 -0.515306
v 5.50882 3.66356 0.002387
v 5.50882 3.81757 -0.337897
v 5.50882 3.81755 0.343931
v 5.50882 4.21018 0.342982
v 5.50881 4.36348 0.002046
v 5.50882 4.20869 -0.338856
v -3.77198 3.73242 -0.399804
v -3.77198 3.53505 0.006145
v -3.77198 3.73211 0.433555
v -3.77198 4.23384 0.417412
v -3.77178 4.44381 0.000351
v -3.77198 4.23314 -0.416128
v 3.57899 3.52077 0.006563
v 3.57899 3.72297 -0.406683
v 3.77198 3.73242 -0.399804
v 3.77198 3.53505 0.006145
v 3.57899 3.72262 0.443513
v 3.77198 3.73211 0.433555
v 3.57899 4.23646 0.425682
v 3.77198 4.23384 0.417412
v 3.57878 4.45273 0.000163
v 3.77178 4.44381 0.000351
v 3.57899 4.23585 -0.424714
v 3.77198 4.23314 -0.416128
v -3.38601 3.71351 -0.413562
v -3.38601 3.50649 0.00698
v -3.57899 3.72297 -0.406683
v -3.57899 3.52077 0.006563
v -3.38601 3.71313 0.453471
v -3.57899 3.72262 0.443513
v -3.38601 4.23909 0.433952
v -3.57899 4.23646 0.425682
v -3.38578 4.46166 -2.5e-05
v -3.57878 4.45273 0.000163
v -3.38601 4.23857 -0.4333
v -3.57899 4.23585 -0.424714
v 1.31442 -8.39241 -0.558453
v 1.55228 -8.51624 -0.106866
v 1.63056 -8.50609 -0.09015
v 1.35189 -8.38282 -0.615259
v 1.31108 -8.22859 0.286876
v 1.35189 -8.22262 0.36972
v 0.836748 -8.21981 0.286145
v 0.794548 -8.21163 0.36972
v 0.599327 -8.5162 -0.104403
v 0.515879 -8.50605 -0.09015
v 0.836425 -8.39241 -0.559171
v 0.794548 -8.38282 -0.615259
v -1.30364 -9.23612 -0.611976
v -1.57113 -9.23612 -0.096961
v -1.35189 -8.38282 -0.615259
v -1.63056 -8.50609 -0.09015
v -1.58089 -9.23612 1.09241
v -1.29894 -9.23612 1.34147
v -1.30825 -8.8566 1.3194
v -1.59008 -8.82101 1.09701
v -0.778122 -9.23612 1.34147
v -0.772025 -8.85656 1.3194
v -0.496345 -9.23612 1.09262
v -0.483468 -8.82463 1.09701
v -0.524402 -9.23612 -0.096961
v -0.794554 -9.23612 -0.611976
v -0.794548 -8.38282 -0.615259
v -0.515879 -8.50605 -0.09015
v 1.59008 -8.82101 1.09701
v 1.30709 -8.69177 1.09701
v 1.30825 -8.8566 1.3194
v 1.61049 -9.23612 0.377714
v 1.60638 -9.41425 0.377582
v 0.790644 -8.69157 1.09701
v 0.772025 -8.85656 1.3194
v 0.483468 -8.82463 1.09701
v 0.475181 -9.23612 0.377715
v 0.478007 -9.41425 0.377583
v -1.30628 -8.75472 0.849671
v -1.65313 -8.92975 0.849669
v -1.30709 -8.69177 1.09701
v -1.64697 -9.23612 0.849669
v -0.80363 -8.75279 0.849671
v -0.790644 -8.69157 1.09701
v -0.462172 -9.23612 0.849669
v -0.450869 -8.93132 0.849669
v 1.30547 -8.62168 0.574203
v 1.62461 -8.77297 0.378167
v 0.816617 -8.61803 0.574203
v 0.465453 -8.77249 0.378167
v 0.462172 -9.23612 0.849669
v 0.465455 -9.41425 0.849669
v 0.80363 -8.75279 0.849671
v 0.450869 -8.93132 0.849669
v 1.30628 -8.75472 0.849671
v 1.65313 -8.92975 0.849669
v 1.64697 -9.23612 0.849669
v 1.64518 -9.41425 0.849669
v -0.475181 -9.23612 0.377715
v -0.465453 -8.77249 0.378167
v -0.794548 -8.21163 0.36972
v -0.816617 -8.61803 0.574203
v -1.35189 -8.22262 0.36972
v -1.30547 -8.62168 0.574203
v -1.62461 -8.77297 0.378167
v -1.61049 -9.23612 0.377714
v 1.34552 -7.87577 -0.613624
v 1.60194 -7.87385 -0.113608
v 1.32891 -7.88739 0.325548
v 0.822878 -7.88025 0.321918
v 0.568596 -7.87381 -0.101387
v 0.821281 -7.87578 -0.617185
v -1.31442 -8.39241 -0.558453
v -1.55228 -8.51624 -0.106866
v -1.31108 -8.22859 0.286876
v -0.836748 -8.21981 0.286145
v -0.599327 -8.5162 -0.104403
v -0.836425 -8.39241 -0.559171
v 1.33034 -7.69595 -0.579397
v 1.56553 -7.69445 -0.114577
v 1.6571 -7.68729 -0.109421
v 1.3748 -7.68926 -0.663287
v 1.30899 -7.70481 0.292079
v 1.35318 -7.70108 0.376167
v 0.847359 -7.69935 0.287412
v 0.797433 -7.69381 0.371443
v 0.614918 -7.69441 -0.098863
v 0.517911 -7.68724 -0.093514
v 0.845306 -7.69597 -0.583976
v 0.795354 -7.68928 -0.667921
v -1.34552 -7.87577 -0.613624
v -1.60194 -7.87385 -0.113608
v -1.3748 -7.68926 -0.663287
v -1.6571 -7.68729 -0.109421
v -1.32891 -7.88739 0.325548
v -1.35318 -7.70108 0.376167
v -0.822878 -7.88025 0.321918
v -0.797433 -7.69381 0.371443
v -0.568596 -7.87381 -0.101387
v -0.517911 -7.68724 -0.093514
v -0.821281 -7.87578 -0.617185
v -0.795354 -7.68928 -0.667921
v 1.40987 -6.09071 -0.674054
v 1.68228 -6.09047 -0.099692
v 1.34965 -6.09047 0.393718
v 0.829508 -6.0905 0.380555
v 0.564846 -6.09043 -0.05537
v 0.823716 -6.09078 -0.686967
v -1.29504 -9.41425 -0.615484
v -1.56551 -9.41425 -0.105918
v -1.60638 -9.41425 0.377582
v -1.64518 -9.41425 0.849669
v -1.57823 -9.41425 1.09631
v -1.29624 -9.41425 1.3351
v -0.779893 -9.41425 1.3351
v -0.500086 -9.41425 1.09658
v -0.465455 -9.41425 0.849669
v -0.478007 -9.41425 0.377583
v -0.519559 -9.41425 -0.105917
v -0.787331 -9.41425 -0.615484
v -3.20379 4.24113 -0.441407
v -3.20379 3.70457 -0.420057
v -3.20354 4.47009 -0.000203
v -3.20379 4.24157 0.441761
v -3.20379 3.70416 0.462874
v -3.20379 3.49301 0.007374
v 0.546925 -5.72043 -0.054762
v 0.807095 -5.71888 -0.615003
v 0.812279 -5.72036 0.405628
v 1.35868 -5.71377 0.412886
v 1.66879 -5.71267 -0.077539
v 1.39844 -5.71174 -0.607834
vn 0.16596 0.08798 -0.9822
vn 0.197589 -0.018797 -0.980105
vn 0.198655 -0.022544 -0.97981
vn -0.16596 0.08798 -0.9822
vn -0.197589 -0.018797 -0.980105
vn -0.198655 -0.022544 -0.97981
vn -0.929343 0.024549 -0.3684
vn -0.938613 -0.103138 -0.329195
vn -0.93863 -0.112492 -0.326066
vn -0.947419 -0.041643 0.317276
vn -0.940333 -0.112917 0.320972
vn -0.940326 -0.11297 0.320974
vn -0.312636 -0.185111 0.931661
vn -0.375953 -0.13986 0.916023
vn -0.375998 -0.139827 0.91601
vn 0.312636 -0.185111 0.931661
vn 0.375953 -0.13986 0.916023
vn 0.375998 -0.139827 0.91601
vn 0.947419 -0.041643 0.317276
vn 0.940333 -0.112917 0.320972
vn 0.940326 -0.11297 0.320974
vn 0.929343 0.024549 -0.3684
vn 0.938612 -0.103138 -0.329195
vn 0.93863 -0.112492 -0.326067
vn 0.341124 0.937559 -0.067944
vn 0.341124 0.93756 -0.067944
vn 0.278379 0.935551 0.217372
vn 0.379547 0.193497 0.904712
vn 0.363885 0.231816 0.902136
vn 0.141264 0.635108 0.759396
vn -0.363885 0.231816 0.902136
vn -0.379547 0.193497 0.904712
vn -0.141264 0.635108 0.759396
vn -0.278379 0.935551 0.217372
vn -0.341124 0.93756 -0.067944
vn -0.2161 0.145419 -0.965481
vn -0.212854 0.031881 -0.976564
vn -0.16702 0.789473 -0.590624
vn 0.212854 0.031881 -0.976564
vn 0.2161 0.145419 -0.965481
vn 0.16702 0.789473 -0.590624
vn 0.446783 -0.003378 0.894636
vn 0.444448 0.004898 0.895791
vn -0.444448 0.004898 0.895791
vn -0.446783 -0.003378 0.894636
vn -0.212544 -0.075304 -0.974246
vn -0.212085 -0.071274 -0.974649
vn 0.212085 -0.071274 -0.974649
vn 0.212544 -0.075304 -0.974246
vn 0.960936 -0.155064 -0.229254
vn 0.960297 -0.154796 -0.232094
vn 0.967068 -0.157764 -0.199722
vn 0.967069 -0.157764 -0.199722
vn 0.930048 -0.106582 0.351639
vn 0.929802 -0.105733 0.352545
vn 0.926386 -0.094421 0.364546
vn 0.44189 -0.060147 0.895051
vn 0.442565 -0.059213 0.89478
vn -0.442565 -0.059212 0.89478
vn -0.44189 -0.060147 0.895051
vn -0.929802 -0.105733 0.352545
vn -0.930048 -0.106582 0.351639
vn -0.926386 -0.094421 0.364546
vn -0.960297 -0.154796 -0.232093
vn -0.960936 -0.155064 -0.229254
vn -0.967068 -0.157764 -0.199722
vn -0.212817 -0.085762 -0.973321
vn -0.21317 -0.087655 -0.973075
vn 0.21317 -0.087655 -0.973075
vn 0.212817 -0.085762 -0.973321
vn 0.397185 -0.824086 -0.403889
vn 0.382869 -0.021858 -0.923544
vn 0.382919 0.900574 -0.205767
vn 0.492555 -0.709595 0.503849
vn 0.28813 0.922019 0.258577
vn 0.337042 0.014518 0.941378
vn -0.508331 -0.848815 0.145299
vn -0.492554 -0.709596 0.50385
vn -0.495363 -0.868648 0.008149
vn -0.337042 0.014518 0.941378
vn -0.288132 0.922019 0.258577
vn -0.342351 0.93864 0.041843
vn -0.349796 0.936812 0.005127
vn -0.397184 -0.824086 -0.403889
vn -0.382921 0.900573 -0.205766
vn -0.382869 -0.021858 -0.923544
vn 0 -0.89911 -0.437723
vn 0.000351 0.007521 -0.999972
vn 0.067056 0.923954 -0.376581
vn 0.067056 0.923953 -0.376581
vn 0 -0.88897 0.457966
vn 0 -0.888969 0.457966
vn 0.05285 0.950512 0.306159
vn 0.001006 0.035019 0.999386
vn 0 -0.888969 0.457967
vn -0.001006 0.03502 0.999386
vn -0.05285 0.950513 0.306158
vn -0.067056 0.923954 -0.37658
vn -0.000351 0.007521 -0.999972
vn 0.030294 0.074671 -0.996748
vn 0.031558 0.066045 -0.997317
vn 0.02329 0.122083 -0.992247
vn 0.884528 0.167788 -0.435268
vn 0.885712 0.159491 -0.435978
vn 0.875033 0.222801 -0.429742
vn 0.843513 0.138956 0.518822
vn 0.843614 0.141155 0.518064
vn 0.844327 0.161272 0.510984
vn 0.086433 -0.034238 0.995669
vn 0.095729 -0.048143 0.994243
vn 0.128649 -0.097601 0.986876
vn -0.866731 -0.071496 0.493625
vn -0.865103 -0.077498 0.495572
vn -0.856466 -0.107276 0.504933
vn -0.877299 -0.105563 -0.46819
vn -0.877449 -0.105075 -0.46802
vn -0.873145 -0.118795 -0.472764
vn 0.05461 0.200977 -0.978073
vn 0.828725 0.354994 -0.43266
vn 0.852053 0.220667 0.47467
vn 0.133228 0.030938 0.990602
vn -0.698763 -0.514579 0.496929
vn -0.733304 -0.507572 -0.452368
vn -0.367191 -0.827174 -0.425386
vn -0.291408 -0.891162 0.347723
vn 0 -0.931595 0.363499
vn 0.198721 -0.076342 0.977078
vn 0.12148 0.190372 -0.974167
vn -0.040637 0.008257 -0.99914
vn -0.032367 0.066737 -0.997246
vn -0.031444 0.073194 -0.996822
vn -0.883125 0.125156 -0.452135
vn -0.864019 0.197349 -0.463167
vn -0.865927 0.190944 -0.462289
vn -0.842101 0.114722 0.526977
vn -0.843513 0.138956 0.518822
vn -0.843614 0.141155 0.518064
vn -0.04714 0.024245 0.998594
vn -0.086433 -0.034238 0.995669
vn -0.095729 -0.048143 0.994243
vn 0.878955 -0.020954 0.476444
vn 0.865103 -0.077498 0.495572
vn 0.866731 -0.071496 0.493625
vn 0.882455 -0.088209 -0.462053
vn 0.877449 -0.105075 -0.46802
vn 0.877299 -0.105563 -0.46819
vn -0.087887 0.162941 -0.982714
vn -0.833241 0.315659 -0.453948
vn -0.852053 0.220667 0.47467
vn -0.133228 0.030938 0.990602
vn 0.698764 -0.514578 0.496929
vn 0.787798 -0.374507 -0.488999
vn 0.787798 -0.374506 -0.488999
vn 0.322452 -0.841795 -0.432905
vn 0.291408 -0.891162 0.347723
vn -0.198721 -0.076341 0.977078
vn -0.083789 0.203812 -0.975418
vn 0.805769 0.457405 -0.376188
vn 0.856661 0.361015 0.36851
vn 0.275477 0.040786 0.960442
vn 0.284919 0.063003 0.956479
vn 0.293477 0.083459 0.952316
vn 0.129627 0.383097 -0.914567
vn 0.129627 0.383098 -0.914567
vn -0.80536 0.469137 -0.362362
vn -0.80536 0.469136 -0.362362
vn -0.856661 0.361015 0.36851
vn -0.284919 0.063003 0.956479
vn -0.275477 0.040786 0.960442
vn -0.293477 0.083459 0.952316
vn -0.115156 0.407247 -0.906029
vn 0.873145 -0.118795 -0.472764
vn 0.856466 -0.107276 0.504933
vn -0.128649 -0.097601 0.986876
vn -0.844327 0.161271 0.510984
vn -0.845524 0.253367 -0.469994
vn -0.024225 0.123319 -0.992071
vn -0.882455 -0.088209 -0.462053
vn -0.878955 -0.020954 0.476444
vn 0.04714 0.024245 0.998594
vn 0.842101 0.114723 0.526977
vn 0.892489 0.098179 -0.440254
vn 0.040269 0.006003 -0.999171
vn 0.04512 0.000277 -0.998982
vn 0.893943 0 -0.44818
vn 0.843904 -0.003646 0.536481
vn 0.018981 -0.02359 0.999542
vn -0.882917 -0.011204 0.469396
vn -0.888659 -0.004276 -0.458549
vn -0.04512 0.000277 -0.998982
vn -0.893943 0 -0.44818
vn -0.843904 -0.003646 0.536481
vn -0.018981 -0.02359 0.999542
vn 0.882917 -0.011204 0.469396
vn 0.888659 -0.004276 -0.458549
vn 0.045581 0 -0.998961
vn 0.840784 0 0.541371
vn 0 0 1
vn -0.879108 0 0.476623
vn -0.889706 0 -0.456535
vn -0.045581 0 -0.998961
vn -0.840784 0 0.541371
vn 0.879108 0 0.476623
vn 0.889706 0 -0.456535
vn 0.840783 0 0.541372
vn -0.840783 0 0.541372
vn -0.889705 0 -0.456535
vn 0 0.019689 -0.999806
vn 0 0.000145 -1
vn 0 -0.000151 -1
vn 0.881849 -0.051443 -0.468717
vn 0.881775 -0.052064 -0.468787
vn 0.885219 -0.019078 -0.464784
vn 0.645393 -0.00332 0.763843
vn 0.645535 -0.003509 0.763723
vn 0.654166 -0.015119 0.7562
vn 1e-06 0.029019 0.999579
vn 1e-06 0.028845 0.999584
vn -0 -0.035761 0.99936
vn -0.642809 -0.0035 0.766019
vn -0.642601 -0.003307 0.766194
vn -0.655362 -0.015259 0.755161
vn -0.655362 -0.015259 0.75516
vn -0.88444 0.005118 -0.466625
vn -0.884444 0.005309 -0.466616
vn -0.884446 0.046202 -0.464351
vn -0.016301 -0.061733 -0.99796
vn -0.016371 0.007512 -0.999838
vn -0.01637 0.00381 -0.999859
vn -0.898533 0.000154 -0.438906
vn -0.898531 -0.003234 -0.438898
vn -0.896638 -0.065727 -0.437858
vn -0.836165 0.002527 0.548473
vn -0.836135 0.00439 0.548507
vn -0.835467 -0.060642 0.546184
vn 0.017643 0.010146 0.999793
vn 0.017634 0.010893 0.999785
vn 0.018458 -0.060181 0.998017
vn 0.855008 0.031215 0.517674
vn 0.854971 0.032348 0.517667
vn 0.855173 -0.040058 0.516793
vn 0.915351 0.036436 -0.401005
vn 0.915264 0.038946 -0.400967
vn 0.915609 -0.027882 -0.401102
vn -0.01566 0.181538 -0.983259
vn -0.894601 0.080784 -0.439502
vn -0.894601 0.080784 -0.439503
vn -0.836928 -0.024991 0.546743
vn 0.018742 -0.059327 0.998063
vn 0.859298 -0.058439 0.508125
vn 0.916824 -0.003629 -0.399276
vn -0.067041 -0.907744 0.414134
vn -0.067041 -0.907744 0.414133
vn -0.067043 -0.909715 0.409786
vn -0.046844 0.018218 0.998736
vn -0.046845 0.01818 0.998737
vn -0.047153 0.001217 0.998887
vn -0.03601 0.901769 0.430716
vn -0.03601 0.901778 0.430697
vn -0.035854 0.912163 0.408257
vn -0.062663 -0.903301 -0.424406
vn -0.062662 -0.903292 -0.424425
vn -0.062821 -0.909669 -0.410555
vn -0.037007 0.900574 -0.433126
vn -0.037007 0.900563 -0.433148
vn -0.036824 0.910599 -0.411648
vn -0.04035 -0.018443 -0.999015
vn -0.04035 -0.018481 -0.999015
vn -0.040056 -0.001236 -0.999197
vn 0.075582 0.802999 0.591168
vn -0.075582 0.803 0.591167
vn 0.130136 0.853152 -0.505171
vn 0.130136 0.853152 -0.50517
vn -0.130136 0.853153 -0.505168
vn -0.279656 0.959912 0.01901
vn -0.186271 0.956888 0.222864
vn 0.035818 0.91405 0.404016
vn 0.035818 0.914051 0.404016
vn -0.035818 0.91405 0.404017
vn 0.186272 0.956888 0.222865
vn 0.279656 0.959912 0.019012
vn 0.233248 0.113783 -0.965738
vn -0.233248 0.113783 -0.965738
vn -0.918304 0.040318 -0.393819
vn -0.916888 -0.033423 0.397743
vn -0.22604 -0.0727 0.971401
vn 0.22604 -0.0727 0.971402
vn 0.22604 -0.0727 0.971401
vn 0.916888 -0.033423 0.397743
vn 0.918304 0.040318 -0.393818
vn 0.06244 -0.894956 -0.441763
vn 0.062454 -0.895466 -0.440727
vn 0.062454 -0.895458 -0.440743
vn 0.067034 -0.905349 0.419343
vn 0.067034 -0.905489 0.419042
vn 0.046464 0.038141 0.998192
vn 0.046486 0.036988 0.998234
vn 0.046486 0.037017 0.998233
vn 0.036174 0.888467 0.457513
vn 0.036164 0.88926 0.455971
vn 0.036164 0.889264 0.455962
vn 0.037206 0.887722 -0.458874
vn 0.037194 0.888487 -0.457392
vn 0.037194 0.888493 -0.457381
vn 0.040679 -0.038643 -0.998425
vn 0.040661 -0.037503 -0.998469
vn 0.04066 -0.03748 -0.99847
vn -0.223597 -0.917407 -0.329193
vn -0.745876 1e-06 -0.666085
vn -0.257058 0.910016 -0.325256
vn -0.037485 -0.927869 0.371018
vn -0.161022 0.934269 0.31814
vn -0.578986 0.007675 0.815302
vn -0.578985 0.007675 0.815302
vn 0.037485 -0.927868 0.371019
vn 0.578985 0.007675 0.815302
vn 0.161022 0.934269 0.31814
vn 0.223598 -0.917407 -0.329194
vn 0.257058 0.910015 -0.325259
vn 0.257058 0.910016 -0.325259
vn 0.745876 1e-06 -0.666085
vn 0.285539 -0.938993 -0.191731
vn -0 0 -1
vn 0.031025 0.959704 -0.279294
vn 0.190594 -0.974073 0.121889
vn 0.234775 -0.950248 0.204716
vn 0.165934 -0.983159 0.076581
vn 0.025402 0.96891 0.246106
vn 0.02035 0.96315 0.268193
vn 0.017519 0.959698 0.280486
vn 0.675746 -0.195557 0.710721
vn -0.234776 -0.950249 0.204714
vn -0.190594 -0.974072 0.121888
vn -0.165935 -0.983159 0.076581
vn -0.675747 -0.195557 0.710721
vn -0.02035 0.96315 0.268193
vn -0.025402 0.96891 0.246106
vn -0.017519 0.959698 0.280486
vn -0.285539 -0.938993 -0.19173
vn -0.031025 0.959704 -0.279295
vn 0.106214 -0.994266 -0.012395
vn 0.109818 -0.993899 -0.010198
vn 0.153648 -0.987986 0.016636
vn 0.042969 0.967302 -0.249962
vn 0.050632 0.969771 -0.238706
vn 0.054183 0.970854 -0.233469
vn 0.122072 -0.992519 0.002028
vn 0.12575 -0.992062 0.000384
vn 0.127894 -0.991788 -0.000576
vn 0.071501 0.973336 0.217956
vn 0.073765 0.974124 0.213636
vn 0.105891 0.982783 0.151409
vn 0.002339 0.00497 0.999985
vn -0.12575 -0.992062 0.000383
vn -0.127894 -0.991788 -0.000576
vn -0.153658 -0.98805 -0.012128
vn -0.002339 0.00497 0.999985
vn -0.066793 0.971623 0.226909
vn -0.071501 0.973336 0.217956
vn -0.073765 0.974124 0.213636
vn -0.099677 -0.994885 -0.016376
vn -0.106214 -0.994266 -0.012395
vn -0.109818 -0.9939 -0.010197
vn -0.050631 0.969771 -0.238707
vn -0.054182 0.970853 -0.23347
vn -0.105817 0.982096 -0.15585
vn -0.823966 0.042111 0.565073
vn -0.77266 0.022737 0.634413
vn -0.784784 0.027131 0.619175
vn -0.050114 -0.942473 -0.330503
vn -0.034106 -0.957164 -0.287531
vn 0.879806 -0.02056 -0.474889
vn 0.808663 -0.027432 -0.587632
vn 0.839663 -0.024666 -0.542548
vn 0.074308 0.889305 0.451238
vn 0.050318 0.906084 0.420094
vn 0.670251 -0.035532 0.741284
vn 0.684102 -0.023058 0.729022
vn 0.633691 -0.067036 0.770676
vn -0.168232 0.819466 0.547881
vn -0.198018 0.799251 0.567439
vn -0.245534 0.763679 0.597083
vn -0.741686 -0.028279 -0.670151
vn -0.730331 -0.024982 -0.682636
vn -0.699636 -0.01633 -0.714313
vn 0.079971 -0.915972 -0.393193
vn 0.076449 -0.916416 -0.392857
vn 0.084341 -0.915404 -0.393602
vn -0.670251 -0.035532 0.741284
vn -0.684102 -0.023057 0.729022
vn 0.168232 0.819466 0.547881
vn 0.198017 0.799251 0.567439
vn 0.730331 -0.024982 -0.682636
vn 0.741685 -0.028279 -0.670151
vn -0.079971 -0.915972 -0.393193
vn -0.076449 -0.916416 -0.392858
vn 0.823966 0.042111 0.565073
vn 0.77266 0.022736 0.634413
vn 0.784784 0.027131 0.619175
vn -0.074308 0.889305 0.451238
vn -0.050318 0.906084 0.420095
vn -0.879806 -0.02056 -0.474889
vn -0.808663 -0.027433 -0.587632
vn -0.839663 -0.024666 -0.542548
vn 0.050114 -0.942474 -0.330503
vn 0.034106 -0.957164 -0.28753
vn -0.633691 -0.067036 0.770676
vn 0.245534 0.763679 0.597082
vn 0.699636 -0.01633 -0.714313
vn -0.084341 -0.915404 -0.393602
vn 0.066793 0.971623 0.226909
vn -0.105891 0.982783 0.151409
vn 0.105817 0.982096 -0.155852
vn -0.042968 0.967301 -0.249964
vn 0.153659 -0.98805 -0.012128
vn -0.122072 -0.992519 0.002028
vn 0.099678 -0.994885 -0.016377
vn -0.153648 -0.987986 0.016636
vn 0.986979 0 0.160848
vn -0.959519 0 0.281646
vn 0.959519 0 0.281646
vn -0.986516 0 -0.163667
vn 0.959319 2e-06 -0.282325
vn 0.986516 0 -0.163667
vn -0.986979 3e-06 0.160848
vn -0.959319 3e-06 -0.282325
vn -0.967964 -3e-05 0.251089
vn -0.958169 0 -0.286202
vn -0.967965 -3.2e-05 0.251084
vn 0.958169 0 -0.286202
vn 0.967965 -2.6e-05 0.251085
vn 0.967965 2e-05 0.251084
vn 0.989166 0 -0.146799
vn 0.989665 1.7e-05 0.143399
vn 0.989665 -3.4e-05 0.1434
vn -0.989166 0 -0.146799
vn -0.989665 2.3e-05 0.1434
vn -0.989665 1.7e-05 0.143398
vn -0.980813 -2e-06 0.19495
vn -0.989458 0 -0.144822
vn -0.980813 2e-06 0.194951
vn -0.989459 1.2e-05 -0.144814
vn 0.980813 2e-06 0.194951
vn 0.989458 -1.6e-05 -0.144821
vn 0.980813 0 0.19495
vn 0.989459 5e-05 -0.144815
vn 0.96787 3e-06 -0.251451
vn 0.953631 0 0.300977
vn 0.967872 -1.5e-05 -0.251442
vn 0.953642 0 0.300945
vn -0.953642 2e-06 0.300945
vn -0.967872 -2.3e-05 -0.251445
vn -0.953632 0 0.300976
vn -0.96787 -3.2e-05 -0.251449
vn -0.967871 -3.2e-05 -0.251449
vn 0.027134 0 -0.999632
vn 0.017795 0.989757 0.141647
vn 0.026896 0 0.999638
vn 0.056524 -0.998136 -0.023034
vn -0.055113 -0.996853 -0.056984
vn -0.055118 -0.996852 -0.056985
vn -0.008403 -0 0.999965
vn 0.03343 0.977438 0.20856
vn 0.033431 0.977438 0.20856
vn 0.033438 0.977438 0.20856
vn -0.008444 0 -0.999964
vn -0.008445 0 -0.999964
vn 0.008444 0 -0.999964
vn -0.033429 0.977438 0.20856
vn -0.033431 0.977438 0.208559
vn 0.008402 -0 0.999965
vn 0.055112 -0.996853 -0.056981
vn -0.038587 -0 0.999255
vn -0.002222 0.989622 -0.14368
vn -0.002221 0.989622 -0.14368
vn -0.002224 0.989622 -0.143679
vn -0.0381 -1e-06 -0.999274
vn -0.103113 -0.994477 0.019557
vn -0.103113 -0.994477 0.019554
vn 0.136281 -0.989977 0.037065
vn 0.136282 -0.989977 0.037065
vn 0.045372 0 -0.99897
vn -0.021915 0.976115 -0.216148
vn 0.046615 0 0.998913
vn 0.0381 -1e-06 -0.999274
vn 0.002221 0.989622 -0.143681
vn 0.002222 0.989622 -0.143681
vn 0.038587 0 0.999255
vn 0.103112 -0.994477 0.019557
vn 0.103112 -0.994478 0.019557
vn -0.026896 0 0.999638
vn -0.017795 0.989757 0.141647
vn -0.017793 0.989757 0.141649
vn -0.027134 -0 -0.999632
vn -0.056524 -0.998136 -0.023033
vn -0.05652 -0.998136 -0.023036
vn -0.046615 0 0.998913
vn -0.046613 0 0.998913
vn 0.021916 0.976116 -0.216144
vn -0.045372 0 -0.99897
vn -0.045371 0 -0.99897
vn -0.136281 -0.989977 0.037065
vn -0.136286 -0.989976 0.037063
vn 0.028734 0 -0.999587
vn 0.054166 0.987611 0.147278
vn 0.05416 0.987611 0.147277
vn 0.05416 0.987611 0.147276
vn 0.028467 0 0.999595
vn 0.024137 -0.999307 -0.028352
vn 0.024135 -0.999307 -0.028349
vn 0.00738 -0.99713 -0.07535
vn 0.007379 -0.99713 -0.07535
vn -0.024221 -0 0.999707
vn -0.066385 0.969464 0.236079
vn -0.066384 0.969464 0.236078
vn -0.02457 0 -0.999698
vn 0.024569 0 -0.999698
vn 0.02457 0 -0.999698
vn 0.066387 0.969462 0.236086
vn 0.066385 0.969464 0.236078
vn 0.066384 0.969464 0.236078
vn 0.024221 -0 0.999707
vn -0.007385 -0.99713 -0.075344
vn -0.00738 -0.99713 -0.075345
vn -0.032388 -0 0.999475
vn -0.080973 0.984434 -0.155992
vn -0.080974 0.984434 -0.155993
vn -0.032044 -1e-06 -0.999487
vn -0.006725 -0.999339 0.035729
vn -0.006727 -0.999339 0.035729
vn 0.055836 -0.996559 0.061252
vn 0.055836 -0.996559 0.061251
vn 0.055836 -0.99656 0.06125
vn 0.033022 0 -0.999455
vn 0.026723 0.972889 -0.229722
vn 0.026729 0.972888 -0.229728
vn 0.033677 0 0.999433
vn 0.033677 1e-06 0.999433
vn 0.032044 -1e-06 -0.999487
vn 0.080971 0.984433 -0.155995
vn 0.080973 0.984434 -0.155991
vn 0.032389 0 0.999475
vn 0.032388 0 0.999475
vn 0.006717 -0.999339 0.035728
vn 0.006726 -0.999339 0.035729
vn 0.006725 -0.999339 0.035729
vn -0.028467 0 0.999595
vn -0.05416 0.987611 0.147277
vn -0.054159 0.987612 0.147276
vn -0.028734 -0 -0.999587
vn -0.024135 -0.999307 -0.028349
vn -0.033677 1e-06 0.999433
vn -0.026729 0.972888 -0.229728
vn -0.02673 0.972888 -0.229729
vn -0.033022 0 -0.999455
vn -0.055836 -0.996559 0.061251
vn -0.055836 -0.99656 0.06125
vn 0.008446 0 -0.999964
vn 0.055111 -0.996853 -0.056979
vn 0.008403 -0 0.999965
vn -0.033438 0.977438 0.208558
vn -0.008402 -0 0.999965
vn 0.066384 0.969464 0.236077
vn -0.024569 0 -0.999698
vn 0.007385 -0.99713 -0.075348
vn -0.066387 0.969462 0.236085
vn 0.056525 -0.998136 -0.023034
vn 0.017793 0.989757 0.141649
vn 0.024134 -0.999307 -0.028349
vn 0.054159 0.987611 0.147276
vn 0.054159 0.987612 0.147276
vn -0.024137 -0.999307 -0.028352
vn -0.054167 0.987611 0.147279
vn 0.038099 -1e-06 -0.999274
vn 0.103113 -0.994477 0.019554
vn 0.002224 0.989622 -0.14368
vn -0.103112 -0.994478 0.019557
vn -0.103112 -0.994477 0.019557
vn 0.006727 -0.999339 0.035729
vn 0.080974 0.984434 -0.155991
vn -0.006716 -0.999339 0.035726
vn -0.080968 0.984435 -0.15599
vn 0.136288 -0.989976 0.037065
vn 0.046613 0 0.998913
vn -0.021915 0.976116 -0.216143
vn 0.02673 0.972888 -0.229729
vn 0.033023 0 -0.999455
vn -0.055836 -0.996559 0.061254
vn -0.033677 0 0.999433
vn -0.026723 0.97289 -0.229721
vn -0.033021 0 -0.999455
vn 0.062662 -0.903292 -0.424426
vn 0.062663 -0.9033 -0.424408
vn 0.062821 -0.90967 -0.410553
vn 0.067041 -0.907744 0.414134
vn 0.067041 -0.907743 0.414135
vn 0.067044 -0.909714 0.409788
vn 0.046845 0.01818 0.998737
vn 0.046844 0.018218 0.998736
vn 0.047153 0.001217 0.998887
vn 0.03601 0.901778 0.430697
vn 0.03601 0.901769 0.430716
vn 0.035854 0.912163 0.408257
vn 0.037007 0.900563 -0.433148
vn 0.037007 0.900574 -0.433125
vn 0.036824 0.910599 -0.411648
vn 0.04035 -0.018481 -0.999015
vn 0.04035 -0.018443 -0.999015
vn 0.040056 -0.001236 -0.999197
vn -0.062636 -0.902296 -0.426542
vn -0.062636 -0.902279 -0.426579
vn -0.06704 -0.907443 0.414793
vn -0.06704 -0.907444 0.414791
vn -0.046796 0.020784 0.998688
vn -0.046797 0.020712 0.99869
vn -0.036033 0.900137 0.434113
vn -0.036033 0.900149 0.434089
vn -0.037033 0.899002 -0.436376
vn -0.037034 0.898987 -0.436406
vn -0.040393 -0.021014 -0.998963
vn -0.040394 -0.021075 -0.998962
vn 0.062481 -0.896479 -0.438659
vn 0.062481 -0.896487 -0.438642
vn 0.062636 -0.902296 -0.426543
vn 0.062636 -0.902279 -0.42658
vn 0.067035 -0.905773 0.418427
vn 0.067035 -0.905773 0.418428
vn 0.06704 -0.907443 0.414792
vn 0.06704 -0.907443 0.414794
vn 0.046532 0.034652 0.998316
vn 0.046531 0.034682 0.998315
vn 0.046797 0.020712 0.99869
vn 0.046796 0.020784 0.998688
vn 0.036146 0.890878 0.452803
vn 0.036146 0.890873 0.452813
vn 0.036033 0.900137 0.434113
vn 0.036033 0.900149 0.434089
vn 0.037171 0.890045 -0.454355
vn 0.037171 0.890051 -0.454343
vn 0.037034 0.898987 -0.436406
vn 0.037033 0.899002 -0.436376
vn 0.040623 -0.035143 -0.998556
vn 0.040623 -0.035118 -0.998557
vn 0.040394 -0.021075 -0.998962
vn 0.040393 -0.021014 -0.998963
vn -0.062454 -0.895466 -0.440727
vn -0.062454 -0.895458 -0.440743
vn -0.062482 -0.896488 -0.438641
vn -0.062481 -0.896479 -0.438658
vn -0.067034 -0.905489 0.419042
vn -0.067035 -0.905774 0.418426
vn -0.067035 -0.905774 0.418427
vn -0.046486 0.037017 0.998233
vn -0.046486 0.036988 0.998234
vn -0.046532 0.034652 0.998316
vn -0.046531 0.034682 0.998315
vn -0.036164 0.88926 0.455971
vn -0.036164 0.889264 0.455962
vn -0.036146 0.890873 0.452812
vn -0.036146 0.890878 0.452803
vn -0.037194 0.888493 -0.457381
vn -0.037194 0.888487 -0.457392
vn -0.037171 0.890045 -0.454355
vn -0.037171 0.890051 -0.454343
vn -0.04066 -0.03748 -0.99847
vn -0.040661 -0.037503 -0.998469
vn -0.040623 -0.035143 -0.998556
vn -0.040623 -0.035118 -0.998557
vn 0 1 0
vn 0.894896 0.034485 -0.444941
vn 0.897353 0.090397 -0.431956
vn 0.88632 -0.020623 -0.462614
vn 0.888166 -0.004608 -0.459501
vn 0.896181 0.187699 0.402031
vn 0.880777 0.075289 0.467509
vn 0.243912 0.868129 -0.432272
vn 2.6e-05 0.216602 0.97626
vn -4.3e-05 0.213096 0.977031
vn 0.019155 0.996239 -0.084504
vn -0.888624 0.099564 0.4477
vn -0.901959 0.235587 0.361895
vn -0.230458 0.859099 -0.456987
vn -0.900883 0.128794 -0.414514
vn -0.900409 0.068208 -0.429665
vn -0.887985 0.039002 -0.458215
vn -0.889209 0.060154 -0.453528
vn -5e-06 0.038566 -0.999256
vn -5e-06 0.03464 -0.9994
vn 0.004363 0.047246 -0.998874
vn 0.00436 0.039915 -0.999194
vn -0.88185 -0.051443 -0.468716
vn -0.881776 -0.052064 -0.468787
vn -0.888166 -0.004608 -0.459501
vn -0.88632 -0.020623 -0.462614
vn -0.645393 -0.00332 0.763843
vn -0.645535 -0.003509 0.763723
vn -0.641428 0.001937 0.767181
vn -1e-06 0.029019 0.999579
vn -1e-06 0.028845 0.999584
vn -2e-06 0.058038 0.998314
vn 0.642809 -0.0035 0.766019
vn 0.642601 -0.003307 0.766194
vn 0.6369 0.001951 0.770944
vn 0.88444 0.005118 -0.466625
vn 0.884444 0.005309 -0.466616
vn 0.889209 0.060154 -0.453528
vn 0.887985 0.039002 -0.458215
vn 5e-06 0.038566 -0.999256
vn 5e-06 0.03464 -0.9994
vn 0.428985 0.895221 -0.120626
vn 0.429822 0.902825 -0.01267
vn 0.344805 0.754991 0.557762
vn 0.996199 -0.025065 -0.083418
vn 0.996816 -0.052467 -0.060036
vn 0.99699 -0.040356 -0.066204
vn 0.996459 -0.020804 -0.081467
vn 0.00116 0.974947 0.222433
vn 0.001124 0.971162 0.238417
vn 0.000182 0.803256 0.595634
vn -0.418934 0.90663 -0.050171
vn -0.418029 0.896878 -0.14444
vn -0.333654 0.77025 0.543498
vn -0.997076 -0.015495 -0.074825
vn -0.994366 -0.009146 -0.105604
vn -0.99551 0.008043 -0.09431
vn -0.998123 -0.004414 -0.061078
vn -0.482478 0.869279 0.107565
vn -0.483509 0.867041 0.120246
vn -0.429822 0.902825 -0.012669
vn -0.428985 0.895221 -0.120625
vn -0.998817 -0.025172 0.041613
vn -0.998998 -0.021652 0.039179
vn -0.965535 -0.022193 0.259326
vn -0.965356 -0.017863 0.260323
vn -0.003851 0.99268 0.120711
vn -0.003894 0.991439 0.130513
vn -0.00116 0.974947 0.222434
vn -0.001124 0.971162 0.238419
vn 0.989569 -0.028813 0.141146
vn 0.999328 -0.025775 0.026045
vn 0.989247 -0.034264 0.142183
vn 0.99923 -0.029764 0.02556
vn 0.471727 0.875217 0.107096
vn 0.471857 0.874909 0.109019
vn 0.418934 0.90663 -0.05017
vn 0.418029 0.896878 -0.14444
vn 0.793683 0.400344 0.458031
vn 0.686441 0.604973 0.403493
vn 0.720147 0.551538 0.420944
vn 0.006337 0.452569 0.891707
vn 0.006158 0.653392 0.756995
vn 0.006147 0.658864 0.752237
vn -0.776166 0.461893 0.42921
vn -0.668836 0.633613 0.388836
vn -0.694431 0.598828 0.398961
vn -0.344804 0.754991 0.557763
vn -0.000182 0.803255 0.595635
vn 0.333654 0.770249 0.543499
vn -0.999328 -0.025775 0.026045
vn -0.999391 -0.017474 0.030189
vn -0.471857 0.874909 0.10902
vn -0.471727 0.875217 0.107096
vn 0.003851 0.99268 0.12071
vn 0.003894 0.991439 0.130512
vn 0.482478 0.869279 0.107565
vn 0.483509 0.867041 0.120245
vn 0.998998 -0.021652 0.039178
vn 0.999086 -0.01412 0.040343
vn 0.997076 -0.015495 -0.074825
vn 0.994366 -0.009146 -0.105604
vn 0.995928 -0.018087 -0.088316
vn 0.993921 -0.014532 -0.109135
vn 0.776166 0.461893 0.42921
vn 0.668836 0.633613 0.388835
vn 0.694432 0.598828 0.39896
vn -0.006337 0.452569 0.891707
vn -0.006158 0.653393 0.756994
vn -0.006147 0.658865 0.752236
vn -0.793683 0.400344 0.458032
vn -0.68644 0.604973 0.403494
vn -0.720147 0.551538 0.420944
vn -0.996742 -0.061123 -0.052622
vn -0.996816 -0.052468 -0.060036
vn -0.996973 -0.051407 -0.058327
vn -0.99699 -0.040356 -0.066204
vn -0.989569 -0.028813 0.141146
vn -0.990119 -0.017974 0.139072
vn 0.965356 -0.017863 0.260323
vn 0.964943 -0.009207 0.2623
vn 0.87711 -0.134712 -0.461011
vn 0.877169 -0.133888 -0.461138
vn 0.836069 -0.13402 0.532004
vn 0.836136 -0.132542 0.532269
vn -0.008191 -0.169704 0.985461
vn -0.008224 -0.170706 0.985288
vn -0.844178 -0.120717 0.522294
vn -0.844224 -0.119487 0.522502
vn -0.887566 -0.107389 -0.447989
vn -0.887497 -0.109066 -0.447721
vn 0.005173 -0.156434 -0.987675
vn 0.005191 -0.157326 -0.987533
vn -0.894896 0.034485 -0.444941
vn -0.897353 0.090397 -0.431956
vn -0.243913 0.86813 -0.432269
vn -0.896181 0.187699 0.402032
vn -0.880776 0.075289 0.467509
vn -0.019155 0.996239 -0.084509
vn -2.6e-05 0.216602 0.97626
vn 4.3e-05 0.213095 0.977031
vn 0.230458 0.859099 -0.456987
vn 0.888624 0.099564 0.447699
vn 0.90196 0.235587 0.361895
vn 0.900409 0.068208 -0.429665
vn 0.900883 0.128794 -0.414514
vn -0.00436 0.039915 -0.999194
vn -0.004363 0.047246 -0.998874
vn 0.898533 0.000154 -0.438906
vn 0.898531 -0.003234 -0.438898
vn 0.889526 0.042989 -0.454857
vn 0.89022 0.019237 -0.455124
vn 0.836165 0.002527 0.548473
vn 0.836134 0.00439 0.548507
vn 0.84719 0.048133 0.529105
vn 0.84648 0.060349 0.528989
vn -0.017643 0.010146 0.999793
vn -0.017634 0.010893 0.999785
vn -0.007529 0.047657 0.998835
vn -0.007465 0.052617 0.998587
vn -0.855008 0.031215 0.517674
vn -0.854971 0.032348 0.517667
vn -0.853988 0.08071 0.513995
vn -0.854324 0.076123 0.514135
vn -0.915351 0.036436 -0.401005
vn -0.915264 0.038946 -0.400967
vn -0.895248 0.093011 -0.435753
vn -0.896783 0.072923 -0.43642
vn 0.007371 0.065707 -0.997812
vn 0.007384 0.042328 -0.999077
vn 0.016371 0.007512 -0.999838
vn 0.01637 0.00381 -0.999859
vn -0.877109 -0.134712 -0.461012
vn -0.877169 -0.133887 -0.461139
vn -0.890219 0.019237 -0.455126
vn -0.889526 0.042989 -0.454858
vn -0.836069 -0.13402 0.532003
vn -0.836136 -0.132542 0.532269
vn -0.84719 0.048133 0.529105
vn -0.84648 0.060349 0.528989
vn 0.008191 -0.169704 0.985461
vn 0.008224 -0.170705 0.985288
vn 0.007465 0.052618 0.998587
vn 0.007529 0.047658 0.998835
vn 0.844178 -0.120717 0.522294
vn 0.844225 -0.119487 0.522501
vn 0.853989 0.08071 0.513993
vn 0.854325 0.076123 0.514134
vn 0.887566 -0.107389 -0.44799
vn 0.887497 -0.109066 -0.447721
vn 0.896782 0.072924 -0.436422
vn 0.895247 0.093011 -0.435754
vn -0.007371 0.065707 -0.997812
vn -0.007384 0.042328 -0.999077
vn -0.005191 -0.157326 -0.987533
vn -0.005173 -0.156434 -0.987675
vn 0.896638 -0.065727 -0.437858
vn 0.835467 -0.060642 0.546184
vn -0.018458 -0.060181 0.998017
vn -0.855173 -0.040058 0.516793
vn -0.915609 -0.027882 -0.401102
vn 0.016301 -0.061733 -0.99796
vn 0.996973 -0.051407 -0.058327
vn 0.996742 -0.061123 -0.052622
vn 0.998817 -0.025172 0.041613
vn 0.965535 -0.022193 0.259326
vn 0.641428 0.001937 0.767181
vn 2e-06 0.058038 0.998314
vn -0.6369 0.001951 0.770944
vn -0.99923 -0.029764 0.025561
vn -0.989247 -0.034264 0.142183
vn -0.995928 -0.018087 -0.088316
vn -0.993921 -0.014532 -0.109135
vn -0.885219 -0.019079 -0.464784
vn -0.996199 -0.025065 -0.083418
vn -0.996459 -0.020804 -0.081466
vn -0.999086 -0.01412 0.040343
vn -0.964942 -0.009207 0.262301
vn -0.654166 -0.015119 0.7562
vn 0.655362 -0.015259 0.75516
vn 0.655362 -0.015259 0.755161
vn 0.999391 -0.017474 0.03019
vn 0.990119 -0.017974 0.139072
vn 0.998123 -0.004414 -0.061078
vn 0.99551 0.008043 -0.09431
vn 0.884446 0.046202 -0.464351
vn 0 -1 0
vn 0 -1 -1e-06
vn -0.040679 -0.038643 -0.998425
vn -0.037206 0.887722 -0.458874
vn -0.036174 0.888467 0.457513
vn -0.046464 0.038141 0.998192
vn -0.067034 -0.905349 0.419344
vn -0.06244 -0.894956 -0.441763
vn -0.916824 -0.003629 -0.399276
vn -0.859298 -0.058439 0.508125
vn -0.859299 -0.058439 0.508125
vn -0.018742 -0.059327 0.998063
vn 0.836928 -0.024992 0.546743
vn 0.894601 0.080785 -0.439503
vn 0.01566 0.181538 -0.983259
vn -0.733271 0.275208 -0.621751
vn -0.733271 0.275209 -0.621751
vn -0.733271 0.275209 -0.62175
vn 0.733271 0.27521 -0.62175
vn -0.798489 0.589219 -0.123437
vn 0.798487 0.589221 -0.123437
vn -0.943377 0.331327 -0.016186
vn 0.943376 0.33133 -0.016185
vn -0.183135 0.262127 0.947497
vn 0.183135 0.262127 0.947497
vn 0.999992 0.003869 0.001342
vn 0.999993 0.000143 0.003827
vn -0.999993 0.000143 0.003827
vn -0.999992 0.003869 0.001342
vn 0.999999 -0.001435 0.000709
vn 0.999999 -0.001493 -0.00073
vn 0.999992 -3.6e-05 -0.004081
vn 0.999988 0.004597 -0.001968
vn 0.999987 0.004597 -0.001968
vn -0.999987 0.004598 -0.001968
vn -0.999988 0.004598 -0.001968
vn -0.999992 -3.6e-05 -0.004081
vn -0.999999 -0.001493 -0.00073
vn -0.999999 -0.001436 0.000709
vn 0.030679 -0.999528 0.001479
vn -0.030679 -0.999528 0.001479
vn 0.088463 -0.995986 0.013623
vn -0.088463 -0.995986 0.013623
vn 0.101438 -0.993911 -0.04302
vn -0.101438 -0.993911 -0.04302
vn 0.033725 -0.997136 -0.067687
vn 0.033725 -0.997137 -0.067687
vn -0.033725 -0.997136 -0.067687
vn -0.116528 -0.992113 -0.04619
vn 0.116528 -0.992113 -0.04619
vn -0.085121 -0.99637 0.001182
vn 0.085121 -0.99637 0.001182
vn -0.269239 0.026306 0.962714
vn 0.269239 0.026306 0.962714
vt 0.108386 0.440742
vt 0.149575 0.442207
vt 0.149576 0.449192
vt 0.106826 0.447574
vt 0.190764 0.44073
vt 0.192326 0.447563
vt 0.214648 0.437763
vt 0.215416 0.444501
vt 0.080179 0.644569
vt 0.108337 0.649361
vt 0.107282 0.655954
vt 0.079363 0.651454
vt 0.15119 0.65149
vt 0.151189 0.658813
vt 0.194043 0.64937
vt 0.195097 0.655963
vt 0.222203 0.644584
vt 0.223017 0.651469
vt 0.084501 0.437781
vt 0.083735 0.444519
vt 0.082409 0.615574
vt 0.090273 0.592856
vt 0.112899 0.628269
vt 0.120784 0.613439
vt 0.211655 0.799505
vt 0.222068 0.822665
vt 0.189174 0.834604
vt 0.179409 0.816579
vt 0.151177 0.776939
vt 0.151175 0.797805
vt 0.090694 0.799492
vt 0.122936 0.816573
vt 0.080276 0.822649
vt 0.113167 0.834596
vt 0.208919 0.592839
vt 0.216789 0.615555
vt 0.186303 0.628259
vt 0.178414 0.61343
vt 0.149596 0.592112
vt 0.149599 0.611153
vt 0.15118 0.74873
vt 0.213017 0.751836
vt 0.089342 0.751822
vt 0.149588 0.54002
vt 0.215346 0.545184
vt 0.083832 0.545202
vt 0.076926 0.467574
vt 0.100752 0.472945
vt 0.06458 0.52163
vt 0.200327 0.681042
vt 0.225393 0.676571
vt 0.235356 0.73206
vt 0.151187 0.684102
vt 0.102048 0.681032
vt 0.076982 0.676556
vt 0.067008 0.732042
vt 0.198407 0.472931
vt 0.222231 0.467554
vt 0.234592 0.521606
vt 0.149579 0.474233
vt 0.061963 0.526066
vt 0.074483 0.549371
vt 0.080349 0.591017
vt 0.077427 0.614193
vt 0.238939 0.734988
vt 0.223652 0.756118
vt 0.227443 0.821908
vt 0.2211 0.798182
vt 0.063424 0.734969
vt 0.078707 0.756102
vt 0.08125 0.798166
vt 0.074901 0.821892
vt 0.23721 0.526042
vt 0.224697 0.54935
vt 0.22177 0.614173
vt 0.218842 0.590998
vt 0.029111 0.562691
vt 0.020746 0.540643
vt 0.036385 0.593258
vt 0.036303 0.614528
vt 0.281865 0.743508
vt 0.275013 0.766432
vt 0.271364 0.800206
vt 0.271661 0.823244
vt 0.027343 0.766405
vt 0.020497 0.74348
vt 0.030985 0.80018
vt 0.030683 0.823218
vt 0.278431 0.540608
vt 0.270072 0.562657
vt 0.262895 0.614496
vt 0.262807 0.593226
vt 0.390977 0.291291
vt 0.431759 0.29533
vt 0.428041 0.309963
vt 0.386073 0.309763
vt 0.353631 0.289121
vt 0.350405 0.310306
vt 0.317582 0.282106
vt 0.314595 0.3012
vt 0.281595 0.273777
vt 0.28196 0.291268
vt 0.279184 0.073184
vt 0.294849 0.109797
vt 0.283437 0.12045
vt 0.26445 0.073153
vt 0.296209 0.034013
vt 0.284735 0.029838
vt 0.430134 0.328184
vt 0.375038 0.349776
vt 0.34385 0.34212
vt 0.310363 0.342769
vt 0.278107 0.297168
vt 0.277318 0.122785
vt 0.255823 0.072866
vt 0.270335 0.025552
vt 0.257066 0.022958
vt 0.25617 0.124807
vt 0.257204 0.346744
vt 0.25719 0.305178
vt 0.439278 0.341413
vt 0.417144 0.378203
vt 0.079907 0.281528
vt 0.120375 0.276226
vt 0.082302 0.294641
vt 0.12243 0.291403
vt 0.158723 0.270604
vt 0.160602 0.289061
vt 0.196288 0.267937
vt 0.196786 0.28211
vt 0.233366 0.26049
vt 0.232753 0.273815
vt 0.207171 0.103886
vt 0.225234 0.073131
vt 0.21724 0.109954
vt 0.232949 0.073106
vt 0.206931 0.038197
vt 0.21654 0.033801
vt 0.085933 0.309472
vt 0.126307 0.311201
vt 0.138735 0.349786
vt 0.087638 0.325166
vt 0.163825 0.310389
vt 0.170608 0.34219
vt 0.199736 0.301215
vt 0.204042 0.342807
vt 0.232395 0.291278
vt 0.236259 0.297175
vt 0.228761 0.120603
vt 0.248098 0.073127
vt 0.234918 0.122909
vt 0.227476 0.029584
vt 0.238899 0.023752
vt 0.074642 0.341841
vt 0.097024 0.378653
vt 0.36565 0.374568
vt 0.338408 0.369184
vt 0.305202 0.368943
vt 0.257224 0.370982
vt 0.404511 0.397186
vt 0.148729 0.374688
vt 0.176047 0.369268
vt 0.209258 0.368963
vt 0.109861 0.397627
vt 0.286934 0.073253
vt 0.305441 0.038347
vt 0.304836 0.103748
vt 0.318076 0.267961
vt 0.281004 0.260415
vt 0.355593 0.270725
vt 0.393884 0.276643
vt 0.434284 0.282184
vt 0.446146 0.218353
vt 0.404509 0.214654
vt 0.36192 0.213442
vt 0.322093 0.206244
vt 0.283897 0.201169
vt 0.402826 0.122215
vt 0.367548 0.125287
vt 0.36676 0.065511
vt 0.404732 0.065001
vt 0.323991 0.124016
vt 0.322738 0.06391
vt 0.068606 0.217676
vt 0.110106 0.214306
vt 0.15265 0.213292
vt 0.192449 0.206242
vt 0.230617 0.201282
vt 0.143879 0.127093
vt 0.108579 0.124536
vt 0.143965 0.067346
vt 0.106056 0.067386
vt 0.187397 0.12543
vt 0.188001 0.065373
vt 0.406462 0.201491
vt 0.448544 0.203587
vt 0.363104 0.202017
vt 0.322881 0.193326
vt 0.28454 0.187346
vt 0.405858 0.050557
vt 0.366677 0.052242
vt 0.322184 0.049825
vt 0.066312 0.202934
vt 0.108348 0.201081
vt 0.151556 0.201869
vt 0.191723 0.193374
vt 0.23 0.18747
vt 0.14378 0.054065
vt 0.104719 0.052941
vt 0.1883 0.05112
vt 0.408087 0.188695
vt 0.450356 0.191873
vt 0.364224 0.190074
vt 0.323569 0.180875
vt 0.284929 0.176356
vt 0.366688 0.040967
vt 0.40649 0.038808
vt 0.322175 0.038514
vt 0.064601 0.191251
vt 0.106677 0.188406
vt 0.150443 0.189972
vt 0.191049 0.180909
vt 0.229635 0.176497
vt 0.143712 0.04279
vt 0.103905 0.041185
vt 0.188303 0.039784
vt 0.411511 0.161975
vt 0.454167 0.166088
vt 0.367116 0.157894
vt 0.32501 0.153044
vt 0.285708 0.150312
vt 0.366604 0.014494
vt 0.406734 0.011173
vt 0.322206 0.013889
vt 0.060989 0.165571
vt 0.103484 0.161716
vt 0.147704 0.157858
vt 0.189689 0.153161
vt 0.228905 0.150511
vt 0.103223 0.013609
vt 0.143504 0.016368
vt 0.187947 0.015151
vt 0.944762 0.025258
vt 0.944762 0.03161
vt 0.926612 0.032102
vt 0.926786 0.025766
vt 0.905908 0.032134
vt 0.906344 0.02582
vt 0.863281 0.030812
vt 0.849996 0.030238
vt 0.863352 0.024472
vt 0.850208 0.023925
vt 0.831647 0.029592
vt 0.831837 0.023298
vt 0.818363 0.029294
vt 0.818753 0.022964
vt 0.965493 0.031256
vt 0.965204 0.024939
vt 0.588393 0.217645
vt 0.583454 0.274115
vt 0.565894 0.272827
vt 0.568237 0.216281
vt 0.546937 0.27231
vt 0.546376 0.215083
vt 0.529744 0.273058
vt 0.525495 0.215408
vt 0.51336 0.274328
vt 0.507138 0.216994
vt 0.497488 0.27652
vt 0.489236 0.219717
vt 0.60245 0.2764
vt 0.612313 0.219545
vt 0.56841 0.202614
vt 0.590607 0.204645
vt 0.546228 0.201723
vt 0.525101 0.202005
vt 0.50563 0.203847
vt 0.486963 0.206739
vt 0.612984 0.206202
vt 0.606092 0.396952
vt 0.60423 0.383782
vt 0.608064 0.383345
vt 0.609896 0.396304
vt 0.603333 0.369873
vt 0.607181 0.369677
vt 0.603105 0.356604
vt 0.606959 0.356614
vt 0.604355 0.329464
vt 0.60609 0.316318
vt 0.608184 0.329922
vt 0.609898 0.316947
vt 0.603384 0.343316
vt 0.607231 0.34353
vt 0.149938 0.841053
vt 0.149989 0.863072
vt 0.128563 0.865571
vt 0.171428 0.865471
vt 0.121986 0.898728
vt 0.149978 0.894079
vt 0.149979 0.903087
vt 0.139239 0.905176
vt 0.17797 0.898722
vt 0.160718 0.905174
vt 0.179133 0.914446
vt 0.164228 0.911192
vt 0.122695 0.885334
vt 0.136835 0.890966
vt 0.139452 0.884622
vt 0.150035 0.88234
vt 0.160628 0.884573
vt 0.177388 0.885206
vt 0.163274 0.890905
vt 0.120827 0.914453
vt 0.135731 0.911196
vt 0.174465 0.920426
vt 0.185399 0.920808
vt 0.184348 0.950025
vt 0.173469 0.94993
vt 0.114159 0.920832
vt 0.125093 0.920443
vt 0.115229 0.950048
vt 0.126109 0.949946
vt 0.132043 0.919954
vt 0.13251 0.950384
vt 0.138879 0.91927
vt 0.138911 0.950821
vt 0.149778 0.91945
vt 0.149789 0.950995
vt 0.160678 0.919262
vt 0.160667 0.950814
vt 0.167514 0.919942
vt 0.167068 0.950372
vt 0.726908 0.297141
vt 0.729089 0.313931
vt 0.722654 0.314701
vt 0.720508 0.298199
vt 0.729315 0.387297
vt 0.726829 0.404946
vt 0.722872 0.38656
vt 0.720435 0.403855
vt 0.730514 0.368243
vt 0.724047 0.367912
vt 0.730864 0.350585
vt 0.724388 0.350602
vt 0.730451 0.332945
vt 0.723985 0.333306
vt 0.87931 0.207618
vt 0.892479 0.207494
vt 0.880865 0.215216
vt 0.899385 0.214841
vt 0.973396 0.60247
vt 0.963472 0.602509
vt 0.963183 0.595234
vt 0.973419 0.595183
vt 0.849731 0.299674
vt 0.862833 0.300341
vt 0.861286 0.308067
vt 0.842537 0.3067
vt 0.866241 0.208424
vt 0.861911 0.215302
vt 0.875909 0.300495
vt 0.879914 0.307629
vt 0.974616 0.205702
vt 0.984215 0.209657
vt 0.981195 0.214949
vt 0.971682 0.211117
vt 0.798019 0.20846
vt 0.811102 0.209001
vt 0.796618 0.216087
vt 0.81557 0.21579
vt 0.914427 0.208692
vt 0.923262 0.205396
vt 0.916984 0.213588
vt 0.925752 0.210404
vt 0.793992 0.302222
vt 0.807061 0.30176
vt 0.80879 0.309448
vt 0.790156 0.309448
vt 0.78485 0.208601
vt 0.778094 0.216087
vt 0.820144 0.300787
vt 0.827501 0.307642
vt 0.934286 0.600234
vt 0.925446 0.600227
vt 0.925409 0.593747
vt 0.934513 0.593751
vt 0.899197 0.228423
vt 0.881157 0.230849
vt 0.963005 0.585453
vt 0.97218 0.585388
vt 0.842362 0.320077
vt 0.860915 0.322433
vt 0.862954 0.228475
vt 0.879376 0.320782
vt 0.972798 0.236291
vt 0.978938 0.237766
vt 0.969964 0.242449
vt 0.976875 0.243697
vt 0.814794 0.228981
vt 0.796642 0.231723
vt 0.918429 0.234101
vt 0.923986 0.232811
vt 0.926673 0.238295
vt 0.920319 0.239571
vt 0.791003 0.322585
vt 0.809498 0.323802
vt 0.778556 0.229662
vt 0.82799 0.32101
vt 0.926458 0.585059
vt 0.934611 0.585058
vt 0.890418 0.247821
vt 0.881441 0.249157
vt 0.963117 0.5724
vt 0.971476 0.572323
vt 0.842147 0.337249
vt 0.851354 0.339384
vt 0.863401 0.246106
vt 0.872428 0.248103
vt 0.869578 0.339851
vt 0.860443 0.340645
vt 0.957302 0.264264
vt 0.971921 0.263624
vt 0.95903 0.28311
vt 0.970597 0.282888
vt 0.805719 0.248797
vt 0.796729 0.250033
vt 0.925286 0.258233
vt 0.939398 0.258713
vt 0.937924 0.277101
vt 0.926491 0.276844
vt 0.791916 0.339974
vt 0.801246 0.341418
vt 0.778714 0.246807
vt 0.787727 0.248879
vt 0.819454 0.340523
vt 0.810397 0.341997
vt 0.926982 0.573431
vt 0.934409 0.573454
vt 0.9798 0.22198
vt 0.970739 0.219683
vt 0.857033 0.231987
vt 0.85432 0.220816
vt 0.973424 0.256423
vt 0.959767 0.256819
vt 0.885802 0.324241
vt 0.889095 0.314294
vt 0.918174 0.226377
vt 0.925715 0.224708
vt 0.773836 0.322494
vt 0.776951 0.332273
vt 0.771048 0.336828
vt 0.765802 0.331178
vt 0.931406 0.243382
vt 0.921671 0.24451
vt 0.826618 0.237187
vt 0.829391 0.228038
vt 0.830514 0.241436
vt 0.835879 0.236478
vt 0.979455 0.229176
vt 0.971071 0.227062
vt 0.896537 0.320288
vt 0.893652 0.330137
vt 0.975512 0.248984
vt 0.965142 0.248091
vt 0.851298 0.236919
vt 0.84834 0.227828
vt 0.91805 0.219984
vt 0.926281 0.218193
vt 0.78466 0.326194
vt 0.781135 0.316327
vt 0.923793 0.251448
vt 0.936833 0.251553
vt 0.820784 0.232373
vt 0.823271 0.221149
vt 0.899661 0.334552
vt 0.904772 0.32878
vt 0.847489 0.241246
vt 0.842024 0.236396
vt 0.878872 0.338188
vt 0.828609 0.338172
vt 0.814703 0.246618
vt 0.899387 0.245568
vt 0.96782 0.400127
vt 0.95845 0.400239
vt 0.959288 0.393638
vt 0.967939 0.39352
vt 0.928104 0.320209
vt 0.927276 0.311789
vt 0.936813 0.311733
vt 0.938587 0.320052
vt 0.968628 0.323853
vt 0.958589 0.323747
vt 0.960364 0.31597
vt 0.969218 0.315981
vt 0.929173 0.470962
vt 0.9383 0.471066
vt 0.937461 0.477599
vt 0.928691 0.477503
vt 0.969342 0.541597
vt 0.969622 0.54862
vt 0.962152 0.54871
vt 0.960193 0.541742
vt 0.968685 0.477497
vt 0.960463 0.477587
vt 0.95949 0.471313
vt 0.968403 0.471222
vt 0.929449 0.392314
vt 0.938553 0.392451
vt 0.939288 0.399386
vt 0.929644 0.399241
vt 0.928631 0.544769
vt 0.937479 0.544884
vt 0.935526 0.551544
vt 0.928458 0.551457
vt 0.806259 0.249384
vt 0.814386 0.247412
vt 0.937439 0.277659
vt 0.927195 0.277423
vt 0.79214 0.340629
vt 0.800576 0.341948
vt 0.940529 0.353177
vt 0.927395 0.353301
vt 0.928068 0.352737
vt 0.939764 0.352621
vt 0.969763 0.356188
vt 0.956892 0.356281
vt 0.957625 0.355713
vt 0.969103 0.35564
vt 0.878663 0.338848
vt 0.870261 0.340365
vt 0.96986 0.283467
vt 0.959547 0.283655
vt 0.871899 0.248701
vt 0.863734 0.246894
vt 0.970403 0.436995
vt 0.956716 0.437157
vt 0.957478 0.436622
vt 0.969661 0.436475
vt 0.869244 0.340544
vt 0.861077 0.341255
vt 0.968983 0.356731
vt 0.957536 0.356818
vt 0.880903 0.249819
vt 0.872847 0.248875
vt 0.939894 0.353733
vt 0.928193 0.35384
vt 0.801597 0.342103
vt 0.809778 0.342622
vt 0.941022 0.436738
vt 0.927258 0.436641
vt 0.927996 0.436111
vt 0.940254 0.436196
vt 0.79728 0.250684
vt 0.805315 0.249578
vt 0.940298 0.437232
vt 0.927936 0.437145
vt 0.8192 0.34119
vt 0.811027 0.342523
vt 0.939454 0.515739
vt 0.925261 0.515573
vt 0.926072 0.515022
vt 0.938824 0.515168
vt 0.79623 0.250648
vt 0.788107 0.249604
vt 0.971988 0.51245
vt 0.958676 0.512662
vt 0.971218 0.511949
vt 0.959282 0.51214
vt 0.851624 0.340045
vt 0.859827 0.341185
vt 0.969727 0.437498
vt 0.957438 0.437645
vt 0.881952 0.249761
vt 0.890052 0.248553
vt 0.890949 0.248397
vt 0.899082 0.246354
vt 0.963444 0.571992
vt 0.970963 0.571929
vt 0.842314 0.337909
vt 0.850657 0.339858
vt 0.959427 0.513215
vt 0.971338 0.513027
vt 0.938643 0.516339
vt 0.925975 0.516189
vt 0.828457 0.338836
vt 0.820163 0.34098
vt 0.927423 0.573073
vt 0.934114 0.573093
vt 0.787207 0.249466
vt 0.779035 0.247587
vt 0.95757 0.420788
vt 0.968572 0.420639
vt 0.860438 0.356125
vt 0.867763 0.355488
vt 0.968225 0.372852
vt 0.957986 0.372983
vt 0.881184 0.264688
vt 0.873962 0.263842
vt 0.805734 0.261961
vt 0.813627 0.260048
vt 0.805675 0.263358
vt 0.813544 0.261451
vt 0.92739 0.291722
vt 0.937814 0.291895
vt 0.937887 0.293523
vt 0.92741 0.293399
vt 0.793919 0.353178
vt 0.802123 0.354455
vt 0.802295 0.355845
vt 0.794116 0.354572
vt 0.940026 0.338797
vt 0.928636 0.338958
vt 0.928676 0.337426
vt 0.940066 0.337253
vt 0.957155 0.341978
vt 0.968332 0.342017
vt 0.869009 0.352905
vt 0.87718 0.351435
vt 0.969213 0.297449
vt 0.959206 0.297541
vt 0.872679 0.261265
vt 0.864749 0.259511
vt 0.929225 0.450755
vt 0.940091 0.450855
vt 0.940065 0.452359
vt 0.929368 0.452256
vt 0.81152 0.355277
vt 0.818679 0.35411
vt 0.818622 0.355546
vt 0.811574 0.356694
vt 0.939013 0.499692
vt 0.927893 0.499566
vt 0.928123 0.497865
vt 0.939006 0.497987
vt 0.78912 0.262535
vt 0.79623 0.263452
vt 0.789231 0.263972
vt 0.796231 0.264875
vt 0.898122 0.256619
vt 0.890948 0.258422
vt 0.962702 0.563496
vt 0.97008 0.563426
vt 0.843361 0.348095
vt 0.850731 0.349812
vt 0.970121 0.524426
vt 0.959307 0.524602
vt 0.959145 0.497963
vt 0.969352 0.497808
vt 0.852449 0.352949
vt 0.859633 0.353948
vt 0.968468 0.451085
vt 0.957666 0.451187
vt 0.889301 0.261503
vt 0.88221 0.262563
vt 0.929169 0.37044
vt 0.939833 0.370436
vt 0.939834 0.372331
vt 0.929242 0.372288
vt 0.803428 0.357008
vt 0.810766 0.357473
vt 0.810877 0.359123
vt 0.80363 0.358664
vt 0.940062 0.420255
vt 0.928923 0.420163
vt 0.929025 0.418378
vt 0.94005 0.418486
vt 0.797299 0.265556
vt 0.804503 0.264564
vt 0.797301 0.267208
vt 0.804415 0.266229
vt 0.927536 0.528065
vt 0.938547 0.528209
vt 0.938504 0.529495
vt 0.927737 0.529374
vt 0.820322 0.350934
vt 0.82765 0.349044
vt 0.82034 0.35204
vt 0.82756 0.350178
vt 0.934878 0.565437
vt 0.928104 0.565372
vt 0.928115 0.564429
vt 0.935049 0.564501
vt 0.780202 0.257831
vt 0.787411 0.259489
vt 0.787435 0.260603
vt 0.78033 0.258969
vt 0.968456 0.418882
vt 0.957575 0.419024
vt 0.957651 0.417146
vt 0.968398 0.417013
vt 0.860366 0.357778
vt 0.8676 0.357149
vt 0.867434 0.358908
vt 0.860303 0.359529
vt 0.958046 0.374771
vt 0.968141 0.374635
vt 0.968113 0.376518
vt 0.958178 0.376656
vt 0.874084 0.265505
vt 0.881216 0.26634
vt 0.874215 0.267263
vt 0.881246 0.268086
vt 0.805642 0.264901
vt 0.813433 0.263012
vt 0.805339 0.27878
vt 0.812438 0.277059
vt 0.927349 0.295271
vt 0.937791 0.295335
vt 0.794326 0.356129
vt 0.802424 0.35739
vt 0.803592 0.371291
vt 0.796213 0.370142
vt 0.939935 0.335548
vt 0.928607 0.335728
vt 0.968243 0.340519
vt 0.957126 0.340451
vt 0.957255 0.338764
vt 0.968289 0.338862
vt 0.868869 0.354299
vt 0.877016 0.352833
vt 0.876843 0.354395
vt 0.868776 0.355846
vt 0.959174 0.299075
vt 0.969123 0.298998
vt 0.969121 0.300721
vt 0.959313 0.300782
vt 0.86486 0.260913
vt 0.872766 0.262661
vt 0.865003 0.262471
vt 0.872831 0.264202
vt 0.929358 0.454105
vt 0.939886 0.454214
vt 0.811651 0.358447
vt 0.818584 0.357318
vt 0.818245 0.373263
vt 0.812343 0.374225
vt 0.938817 0.495913
vt 0.928216 0.495797
vt 0.789351 0.265732
vt 0.796238 0.266619
vt 0.790437 0.281563
vt 0.7963 0.282319
vt 0.890947 0.259537
vt 0.898017 0.257759
vt 0.897911 0.259138
vt 0.890935 0.260892
vt 0.970045 0.562392
vt 0.962541 0.562463
vt 0.962413 0.561163
vt 0.970098 0.561089
vt 0.843477 0.349227
vt 0.850739 0.350919
vt 0.843585 0.350606
vt 0.850752 0.352276
vt 0.959309 0.52588
vt 0.969968 0.52571
vt 0.969938 0.527302
vt 0.959365 0.527476
vt 0.969126 0.496271
vt 0.959152 0.496414
vt 0.9593 0.494513
vt 0.969057 0.494385
vt 0.852539 0.354383
vt 0.859612 0.355366
vt 0.859576 0.35712
vt 0.852619 0.356153
vt 0.957681 0.45269
vt 0.968334 0.452589
vt 0.968337 0.454439
vt 0.95786 0.454539
vt 0.882239 0.263985
vt 0.88922 0.262942
vt 0.882267 0.26573
vt 0.889134 0.264703
vt 0.929244 0.374265
vt 0.939749 0.374355
vt 0.803838 0.36042
vt 0.810982 0.360872
vt 0.811926 0.376613
vt 0.805706 0.37622
vt 0.939979 0.416604
vt 0.929069 0.416477
vt 0.797307 0.268954
vt 0.804319 0.267989
vt 0.797359 0.284667
vt 0.803465 0.283826
vt 0.927853 0.530947
vt 0.938375 0.531087
vt 0.820359 0.353397
vt 0.827485 0.35156
vt 0.820527 0.365615
vt 0.826803 0.363997
vt 0.935204 0.563309
vt 0.928034 0.563226
vt 0.780464 0.260345
vt 0.787474 0.261958
vt 0.787834 0.274155
vt 0.78166 0.272735
vt 0.873414 0.278072
vt 0.866282 0.276495
vt 0.867935 0.369771
vt 0.875285 0.368449
vt 0.881512 0.283796
vt 0.87539 0.28308
vt 0.859728 0.375288
vt 0.865937 0.374748
vt 0.888369 0.280553
vt 0.882523 0.281427
vt 0.853333 0.372087
vt 0.859256 0.37291
vt 0.890822 0.273094
vt 0.896966 0.271549
vt 0.850871 0.364494
vt 0.844559 0.363024
vt 0.645953 0.310514
vt 0.647687 0.32366
vt 0.643858 0.324118
vt 0.642145 0.311143
vt 0.647808 0.377978
vt 0.645945 0.391148
vt 0.643974 0.377541
vt 0.64214 0.390499
vt 0.648706 0.364069
vt 0.644858 0.363873
vt 0.648935 0.3508
vt 0.645081 0.35081
vt 0.648657 0.337512
vt 0.64481 0.337726
vt 0.54302 0.32213
vt 0.545091 0.306239
vt 0.545145 0.407342
vt 0.542814 0.390797
vt 0.54169 0.373011
vt 0.541371 0.356436
vt 0.541752 0.33987
vt 0.713731 0.29932
vt 0.715839 0.315516
vt 0.709023 0.316331
vt 0.706953 0.30044
vt 0.716048 0.385779
vt 0.713663 0.402699
vt 0.709224 0.384998
vt 0.706891 0.401543
vt 0.717198 0.367562
vt 0.710349 0.367212
vt 0.717528 0.35062
vt 0.710669 0.350638
vt 0.717137 0.333689
vt 0.710289 0.334072
vt 0.52939 0.320499
vt 0.531536 0.303997
vt 0.536205 0.321314
vt 0.538314 0.305118
vt 0.531601 0.409653
vt 0.529166 0.392358
vt 0.53599 0.391577
vt 0.538373 0.408498
vt 0.527992 0.37371
vt 0.534841 0.37336
vt 0.527653 0.356399
vt 0.534512 0.356418
vt 0.528057 0.339104
vt 0.534905 0.339487
vt 0.138672 0.961576
vt 0.149298 0.959239
vt 0.159886 0.961747
vt 0.135983 0.967402
vt 0.138578 0.97327
vt 0.149165 0.975777
vt 0.159792 0.973441
vt 0.162481 0.967615
vt 0.675777 0.153028
vt 0.696738 0.157023
vt 0.698431 0.159082
vt 0.676458 0.155338
vt 0.715083 0.146646
vt 0.716329 0.148929
vt 0.734029 0.140501
vt 0.73418 0.143148
vt 0.754943 0.1427
vt 0.755346 0.145833
vt 0.637052 0.143968
vt 0.656119 0.147247
vt 0.637229 0.146303
vt 0.656516 0.149408
vt 0.602903 0.029198
vt 0.623577 0.029549
vt 0.603231 0.059584
vt 0.624313 0.055539
vt 0.666286 0.029207
vt 0.679593 0.028944
vt 0.679281 0.042397
vt 0.666544 0.043963
vt 0.697968 0.028726
vt 0.698455 0.042219
vt 0.711267 0.028739
vt 0.711414 0.043384
vt 0.564072 0.027721
vt 0.584775 0.028413
vt 0.583546 0.058712
vt 0.56272 0.053524
vt 0.850175 0.06412
vt 0.840097 0.066044
vt 0.840655 0.056189
vt 0.888988 0.03163
vt 0.889193 0.025313
vt 0.82316 0.065659
vt 0.822297 0.055916
vt 0.812302 0.0635
vt 0.792927 0.028211
vt 0.776017 0.027433
vt 0.776006 0.021105
vt 0.7932 0.021898
vt 0.692524 0.075499
vt 0.679018 0.072386
vt 0.693477 0.066573
vt 0.683399 0.064648
vt 0.657436 0.040193
vt 0.657351 0.029316
vt 0.711121 0.075482
vt 0.710415 0.066189
vt 0.719982 0.028602
vt 0.720206 0.039431
vt 0.724853 0.072095
vt 0.721273 0.064032
vt 0.862171 0.105719
vt 0.841213 0.102607
vt 0.841203 0.086156
vt 0.855895 0.087827
vt 0.822951 0.102342
vt 0.82264 0.086264
vt 0.801864 0.105717
vt 0.806914 0.087499
vt 0.692921 0.056717
vt 0.711278 0.056446
vt 0.809662 0.028954
vt 0.809929 0.02264
vt 0.822453 0.074951
vt 0.80872 0.071563
vt 0.84105 0.074971
vt 0.854555 0.071858
vt 0.872201 0.031127
vt 0.872403 0.024811
vt 0.736744 0.02825
vt 0.753683 0.027867
vt 0.737067 0.04471
vt 0.754 0.053786
vt 0.731707 0.10625
vt 0.71062 0.102872
vt 0.710932 0.086795
vt 0.726658 0.088031
vt 0.692358 0.103136
vt 0.692369 0.086685
vt 0.671399 0.106246
vt 0.677677 0.088355
vt 0.640727 0.045859
vt 0.640535 0.029434
vt 0.677632 0.133806
vt 0.696244 0.135922
vt 0.713623 0.134183
vt 0.730448 0.128607
vt 0.745975 0.120657
vt 0.642085 0.120921
vt 0.66056 0.129133
vt 0.847941 0.152651
vt 0.82722 0.157084
vt 0.847293 0.150724
vt 0.827093 0.155041
vt 0.810213 0.149245
vt 0.809352 0.145937
vt 0.790004 0.142556
vt 0.789206 0.139443
vt 0.768377 0.14354
vt 0.768332 0.140635
vt 0.888923 0.143929
vt 0.867162 0.146953
vt 0.866509 0.144889
vt 0.88674 0.141583
vt 0.679716 0.12402
vt 0.696239 0.126267
vt 0.696227 0.129066
vt 0.678975 0.126809
vt 0.71166 0.124765
vt 0.712354 0.127732
vt 0.726118 0.119454
vt 0.727564 0.122226
vt 0.740165 0.111881
vt 0.743284 0.113812
vt 0.647256 0.111892
vt 0.664163 0.120063
vt 0.644221 0.113929
vt 0.663169 0.122935
vt 0.844444 0.131903
vt 0.825964 0.134008
vt 0.843108 0.124956
vt 0.82598 0.127201
vt 0.80871 0.132286
vt 0.809968 0.125882
vt 0.792004 0.126754
vt 0.794866 0.120418
vt 0.776587 0.118864
vt 0.779258 0.112067
vt 0.879733 0.119102
vt 0.861392 0.12726
vt 0.8588 0.121106
vt 0.87761 0.11216
vt 0.675257 0.216097
vt 0.697109 0.214765
vt 0.696898 0.271995
vt 0.677944 0.272628
vt 0.717992 0.214963
vt 0.714095 0.272638
vt 0.736358 0.216437
vt 0.730487 0.273808
vt 0.754277 0.219051
vt 0.746372 0.275903
vt 0.631202 0.21963
vt 0.655109 0.217584
vt 0.641411 0.276424
vt 0.660392 0.274023
vt 0.842372 0.122187
vt 0.825968 0.124422
vt 0.810656 0.122935
vt 0.796302 0.117666
vt 0.782354 0.110149
vt 0.857812 0.118255
vt 0.874596 0.110138
vt 0.925755 0.062504
vt 0.904708 0.058089
vt 0.888443 0.048057
vt 0.871866 0.041994
vt 0.86268 0.045546
vt 0.849994 0.043684
vt 0.830846 0.043058
vt 0.817875 0.043919
vt 0.809185 0.039765
vt 0.79222 0.044644
vt 0.775095 0.053315
vt 0.96642 0.057108
vt 0.945485 0.06196
vt 0.602822 0.022867
vt 0.623269 0.023221
vt 0.640483 0.023114
vt 0.657297 0.022992
vt 0.666363 0.022863
vt 0.679528 0.022622
vt 0.697925 0.022424
vt 0.711025 0.022396
vt 0.719862 0.022278
vt 0.736618 0.021926
vt 0.753841 0.021535
vt 0.564463 0.021417
vt 0.584876 0.022069
vt 0.583776 0.145516
vt 0.574266 0.127426
vt 0.601801 0.145513
vt 0.6114 0.12742
vt 0.572788 0.110261
vt 0.612849 0.110254
vt 0.57234 0.0935
vt 0.614223 0.093493
vt 0.573568 0.084734
vt 0.611845 0.084737
vt 0.5835 0.076264
vt 0.601832 0.076261
vt 0.933591 0.148947
vt 0.923992 0.130854
vt 0.961127 0.130861
vt 0.951616 0.148951
vt 0.922544 0.113688
vt 0.962605 0.113695
vt 0.921169 0.096928
vt 0.963053 0.096935
vt 0.923548 0.088172
vt 0.961825 0.088169
vt 0.933561 0.079696
vt 0.951893 0.079699
vt 0.521591 0.338742
vt 0.522955 0.319728
vt 0.521176 0.356382
vt 0.521525 0.37404
vt 0.522722 0.393094
vt 0.525207 0.410744
vt 0.525137 0.302938
vt 0.630449 0.206291
vt 0.652816 0.204597
vt 0.737787 0.203281
vt 0.756471 0.206059
vt 0.718305 0.201558
vt 0.697176 0.201406
vt 0.675 0.202431
vt 0.177531 0.816629
vt 0.151174 0.799872
vt 0.124814 0.816623
vt 0.187086 0.834648
vt 0.115255 0.834641
vt 0.121635 0.615561
vt 0.114359 0.6298
vt 0.177564 0.615552
vt 0.184843 0.629789
vt 0.149599 0.613855
vt 0.267802 0.684847
vt 0.245484 0.677656
vt 0.267467 0.681094
vt 0.251722 0.673086
vt 0.243898 0.640882
vt 0.250845 0.654012
vt 0.294537 0.458077
vt 0.292963 0.494851
vt 0.287594 0.471209
vt 0.286724 0.490283
vt 0.270648 0.50205
vt 0.270982 0.498297
vt 0.265606 0.629514
vt 0.266966 0.646407
vt 0.288554 0.640497
vt 0.282191 0.653817
vt 0.288509 0.675307
vt 0.283076 0.672861
vt 0.249937 0.492517
vt 0.25537 0.490069
vt 0.24988 0.457707
vt 0.256248 0.471025
vt 0.272824 0.446716
vt 0.271471 0.46361
vt 0.477573 0.100292
vt 0.439032 0.100293
vt 0.462135 0.086596
vt 0.442726 0.086332
vt 0.070908 0.102166
vt 0.032424 0.100266
vt 0.048506 0.087347
vt 0.06789 0.088043
vt 0.499499 0.066429
vt 0.473142 0.069199
vt 0.012183 0.065407
vt 0.038379 0.069415
vt 0.480716 0.028983
vt 0.463586 0.05037
vt 0.03266 0.028899
vt 0.048809 0.051043
vt 0.440898 0.02716
vt 0.442615 0.050091
vt 0.072485 0.028853
vt 0.06979 0.05168
vt 0.420595 0.066375
vt 0.433368 0.069941
vt 0.091099 0.068831
vt 0.078211 0.071922
vt 0.090914 0.069195
vt 0.077985 0.072112
usemtl standardSurface9SG
f 311/471/473 312/472/473 313/473/474
f 311/471/473 313/473/474 314/474/475
f 312/472/476 315/475/476 313/473/477
f 315/475/476 316/476/478 313/473/477
f 315/475/479 317/477/479 316/476/480
f 317/477/479 318/478/481 316/476/480
f 317/479/482 319/480/482 320/481/483
f 317/479/482 320/481/483 318/482/484
f 319/480/485 321/483/485 322/484/486
f 319/480/485 322/484/486 320/481/487
f 321/483/488 323/485/488 322/484/489
f 323/485/488 324/486/490 322/484/489
f 323/485/491 325/487/491 324/486/492
f 325/487/491 326/488/493 324/486/492
f 325/489/494 311/471/494 314/474/495
f 325/489/494 314/474/495 326/490/496
f 327/491/497 328/492/497 329/493/498
f 328/492/497 330/494/497 329/493/498
f 331/495/499 327/496/499 329/497/499
f 331/495/499 329/497/499 332/498/499
f 333/499/500 331/495/501 334/500/502
f 331/495/501 332/498/502 334/500/502
f 335/501/503 333/499/504 334/500/505
f 335/501/503 334/500/505 336/502/505
f 337/503/506 335/501/506 338/504/506
f 335/501/506 336/502/506 338/504/506
f 339/505/507 337/506/507 338/507/507
f 339/505/507 338/507/507 340/508/507
f 341/509/508 339/505/509 340/508/510
f 341/509/508 340/508/510 342/510/510
f 328/492/511 341/509/512 330/494/513
f 341/509/512 342/510/513 330/494/513
f 343/511/514 344/512/515 331/495/501
f 343/511/514 331/495/501 333/499/500
f 345/513/516 343/511/517 335/501/503
f 343/511/517 333/499/504 335/501/503
f 346/514/518 347/515/519 341/509/508
f 347/515/519 339/505/509 341/509/508
f 348/516/520 346/514/521 341/509/512
f 348/516/520 341/509/512 328/492/511
f 349/517/522 350/518/523 348/516/524
f 349/517/522 348/516/524 351/519/525
f 352/520/526 349/521/527 344/512/528
f 349/521/527 351/522/528 344/512/528
f 353/523/529 352/520/530 344/512/515
f 353/523/529 344/512/515 343/511/514
f 354/524/531 353/523/532 345/513/516
f 353/523/532 343/511/517 345/513/516
f 355/525/533 354/524/534 345/513/535
f 355/525/533 345/513/535 356/526/535
f 357/527/536 355/528/537 347/515/538
f 355/528/537 356/529/538 347/515/538
f 358/530/539 357/527/540 347/515/519
f 358/530/539 347/515/519 346/514/518
f 350/518/541 358/530/542 348/516/520
f 358/530/542 346/514/521 348/516/520
f 326/490/496 314/474/495 350/518/523
f 326/490/496 350/518/523 349/517/522
f 324/486/492 326/488/493 352/520/526
f 326/488/493 349/521/527 352/520/526
f 322/484/489 324/486/490 353/523/529
f 324/486/490 352/520/530 353/523/529
f 320/481/487 322/484/486 353/523/532
f 320/481/487 353/523/532 354/524/531
f 318/482/484 320/481/483 354/524/534
f 318/482/484 354/524/534 355/525/533
f 316/476/480 318/478/481 357/527/536
f 318/478/481 355/528/537 357/527/536
f 313/473/477 316/476/478 358/530/539
f 316/476/478 357/527/540 358/530/539
f 314/474/475 313/473/474 358/530/542
f 314/474/475 358/530/542 350/518/541
f 351/519/543 348/516/543 359/531/543
f 348/516/543 360/532/543 359/531/543
f 348/516/544 328/492/544 360/532/544
f 328/492/544 361/533/544 360/532/544
f 328/492/545 327/491/545 362/534/545
f 328/492/545 362/534/545 361/533/545
f 344/512/546 351/522/546 359/535/546
f 344/512/546 359/535/546 363/536/546
f 327/496/547 331/495/547 362/537/547
f 331/495/547 364/538/547 362/537/547
f 331/495/548 344/512/548 364/538/548
f 344/512/548 363/536/548 364/538/548
f 356/526/549 345/513/550 365/539/551
f 345/513/550 366/540/550 365/539/551
f 345/513/552 335/501/552 367/541/552
f 345/513/552 367/541/552 366/540/552
f 335/501/553 337/503/554 368/542/555
f 335/501/553 368/542/555 367/541/553
f 347/515/556 356/529/549 365/543/551
f 347/515/556 365/543/551 369/544/556
f 337/506/554 339/505/557 368/545/555
f 339/505/557 370/546/557 368/545/555
f 339/505/558 347/515/558 369/544/558
f 339/505/558 369/544/558 370/546/558
f 359/531/559 360/532/559 371/547/559
f 359/531/559 371/547/559 372/548/559
f 360/532/560 361/533/560 373/549/560
f 360/532/560 373/549/560 371/547/560
f 361/533/561 362/534/561 374/550/561
f 361/533/561 374/550/561 373/549/562
f 363/536/563 359/535/564 372/551/563
f 363/536/563 372/551/563 375/552/563
f 362/537/565 364/538/565 376/553/565
f 362/537/565 376/553/565 374/554/565
f 364/538/566 363/536/566 376/553/566
f 363/536/566 375/552/566 376/553/566
f 365/539/567 366/540/567 377/555/567
f 365/539/567 377/555/567 378/556/567
f 366/540/568 367/541/568 379/557/568
f 366/540/568 379/557/568 377/555/568
f 367/541/569 368/542/569 379/557/569
f 368/542/569 380/558/569 379/557/569
f 369/544/559 365/543/559 378/559/559
f 369/544/559 378/559/559 381/560/559
f 368/545/570 370/546/570 380/561/570
f 370/546/570 382/562/570 380/561/570
f 370/546/571 369/544/571 382/562/571
f 369/544/571 381/560/571 382/562/571
f 383/563/572 384/564/573 385/565/574
f 383/563/572 385/565/574 386/566/574
f 387/567/575 383/563/576 386/566/577
f 387/567/575 386/566/577 388/568/577
f 389/569/578 387/567/579 390/570/580
f 387/567/579 388/568/580 390/570/580
f 391/571/581 389/569/582 392/572/583
f 389/569/582 390/570/583 392/572/583
f 393/573/584 391/574/585 392/575/586
f 393/573/584 392/575/586 394/576/586
f 384/577/587 393/573/588 385/578/589
f 393/573/588 394/576/589 385/578/589
f 385/565/590 395/579/590 396/580/590
f 385/565/590 396/580/590 386/566/590
f 386/566/591 396/580/591 397/581/591
f 386/566/591 397/581/591 388/568/591
f 388/568/592 397/581/592 390/570/592
f 397/581/592 398/582/592 390/570/592
f 390/570/593 398/582/593 392/572/593
f 398/582/593 399/583/593 392/572/593
f 392/575/594 399/584/594 394/576/594
f 399/584/594 400/585/594 394/576/594
f 394/576/595 400/585/595 385/578/595
f 400/585/595 395/586/595 385/578/595
f 400/585/596 401/587/596 395/586/596
f 399/584/597 402/588/598 400/585/598
f 398/582/599 403/589/599 402/590/599
f 398/582/599 402/590/599 399/583/599
f 395/579/600 401/591/600 396/580/600
f 401/591/600 404/592/600 396/580/600
f 405/593/601 406/594/601 407/595/602
f 406/594/601 408/596/603 407/595/602
f 406/594/604 409/597/604 410/598/605
f 406/594/604 410/598/605 408/596/606
f 409/597/607 411/599/607 412/600/608
f 409/597/607 412/600/608 410/598/609
f 411/599/610 413/601/610 414/602/611
f 411/599/610 414/602/611 412/600/612
f 413/603/613 415/604/613 414/605/614
f 415/604/613 416/606/615 414/605/614
f 415/604/616 405/607/616 416/606/617
f 405/607/616 407/608/618 416/606/617
f 417/609/619 418/610/619 419/611/619
f 417/609/619 419/611/619 420/612/619
f 418/610/620 421/613/620 422/614/620
f 418/610/620 422/614/620 419/611/620
f 421/613/621 423/615/621 422/614/621
f 423/615/621 424/616/621 422/614/621
f 423/615/622 425/617/622 424/616/622
f 425/617/622 426/618/622 424/616/622
f 425/619/623 427/620/623 426/621/623
f 427/620/623 400/585/623 426/621/623
f 427/620/624 417/622/624 420/623/625
f 427/620/624 420/623/625 400/585/624
f 400/585/626 420/623/626 401/587/626
f 426/621/627 400/585/598 402/588/598
f 424/616/628 426/618/628 402/590/628
f 424/616/628 402/590/628 403/589/628
f 420/612/629 419/611/629 401/624/629
f 419/611/629 404/625/629 401/624/629
f 397/581/630 396/580/630 311/626/630
f 397/581/630 311/626/630 325/627/630
f 398/582/631 397/581/631 323/628/631
f 397/581/631 325/627/631 323/628/631
f 321/629/632 398/582/633 323/628/634
f 396/580/635 404/592/636 312/630/636
f 396/580/635 312/630/636 311/626/636
f 419/611/637 422/614/637 315/631/638
f 422/614/637 317/632/637 315/631/638
f 422/614/639 424/616/639 319/633/639
f 422/614/639 319/633/639 317/632/639
f 424/616/640 321/629/641 319/633/642
f 404/625/643 419/611/643 312/634/643
f 419/611/643 315/631/643 312/634/643
f 416/606/617 407/608/618 417/622/644
f 416/606/617 417/622/644 427/620/644
f 414/605/614 416/606/615 425/619/645
f 416/606/615 427/620/645 425/619/645
f 412/600/612 414/602/611 425/617/646
f 412/600/612 425/617/646 423/615/646
f 410/598/609 412/600/608 423/615/647
f 410/598/609 423/615/647 421/613/647
f 408/596/606 410/598/605 418/610/648
f 410/598/605 421/613/648 418/610/648
f 407/595/602 408/596/603 417/609/649
f 408/596/603 418/610/649 417/609/649
f 428/635/650 393/573/588 429/636/650
f 393/573/588 384/577/587 429/636/650
f 430/637/651 391/574/585 428/635/651
f 391/574/585 393/573/584 428/635/651
f 431/638/652 389/569/582 391/571/581
f 431/638/652 391/571/581 430/639/652
f 432/640/653 387/567/579 389/569/578
f 432/640/653 389/569/578 431/638/653
f 433/641/654 383/563/576 432/640/654
f 383/563/576 387/567/575 432/640/654
f 429/642/655 384/564/573 383/563/572
f 429/642/655 383/563/572 433/641/655
f 429/642/656 433/641/656 434/643/656
f 433/641/656 435/644/656 434/643/656
f 433/641/657 432/640/657 436/645/657
f 433/641/657 436/645/657 435/644/657
f 432/640/658 431/638/658 436/645/658
f 431/638/658 437/646/658 436/645/658
f 431/638/659 430/639/659 438/647/659
f 431/638/659 438/647/659 437/646/659
f 430/648/660 428/649/660 439/650/660
f 430/648/660 439/650/660 438/651/660
f 428/649/661 429/652/661 439/650/661
f 429/652/661 434/653/661 439/650/661
f 406/594/662 405/593/662 440/654/662
f 406/594/662 440/654/662 441/655/662
f 409/597/663 406/594/663 441/655/663
f 409/597/663 441/655/663 442/656/663
f 411/599/664 409/597/664 442/656/664
f 411/599/664 442/656/664 443/657/664
f 413/601/665 411/599/665 444/658/665
f 411/599/665 443/657/665 444/658/665
f 415/659/666 413/660/666 445/661/666
f 413/660/666 444/662/666 445/661/666
f 405/663/667 415/659/667 445/661/667
f 405/663/667 445/661/667 440/664/667
f 434/643/668 435/644/668 446/665/668
f 434/643/668 446/665/668 447/666/668
f 435/644/657 436/645/657 448/667/657
f 435/644/657 448/667/657 446/665/657
f 436/645/669 437/646/669 449/668/669
f 436/645/669 449/668/669 448/667/669
f 437/646/670 438/647/670 449/668/670
f 438/647/670 450/669/670 449/668/670
f 438/651/671 439/650/671 450/670/671
f 439/650/671 451/671/671 450/670/671
f 439/650/672 434/653/672 447/672/672
f 439/650/672 447/672/672 451/671/672
f 441/655/673 440/654/673 452/673/673
f 441/655/673 452/673/673 453/674/673
f 442/656/663 441/655/663 453/674/663
f 442/656/663 453/674/663 454/675/663
f 443/657/674 442/656/674 455/676/674
f 442/656/674 454/675/674 455/676/674
f 444/658/670 443/657/670 455/676/670
f 444/658/670 455/676/670 456/677/670
f 445/661/675 444/662/675 457/678/675
f 444/662/675 456/679/675 457/678/675
f 440/664/676 445/661/676 457/678/676
f 440/664/676 457/678/676 452/680/676
f 447/666/668 446/665/668 458/681/668
f 447/666/668 458/681/668 459/682/668
f 446/665/657 448/667/657 460/683/657
f 446/665/657 460/683/657 458/681/657
f 448/667/677 449/668/677 461/684/677
f 448/667/677 461/684/677 460/683/677
f 449/668/670 450/669/670 462/685/670
f 449/668/670 462/685/670 461/684/670
f 450/670/671 451/671/671 463/686/671
f 450/670/671 463/686/671 462/687/671
f 451/671/672 447/672/672 459/688/672
f 451/671/672 459/688/672 463/686/672
f 453/674/673 452/673/673 464/689/673
f 453/674/673 464/689/673 465/690/673
f 454/675/663 453/674/663 465/690/663
f 454/675/663 465/690/663 466/691/663
f 455/676/678 454/675/678 466/691/678
f 455/676/678 466/691/678 467/692/678
f 456/677/670 455/676/670 467/692/670
f 456/677/670 467/692/670 468/693/670
f 457/678/675 456/679/675 469/694/675
f 456/679/675 468/695/675 469/694/675
f 452/680/676 457/678/676 469/694/676
f 452/680/676 469/694/676 464/696/676
f 459/682/668 458/681/668 470/697/668
f 459/682/668 470/697/668 471/698/668
f 458/681/657 460/683/657 472/699/657
f 458/681/657 472/699/657 470/697/657
f 460/683/677 461/684/677 473/700/677
f 460/683/677 473/700/677 472/699/677
f 461/684/670 462/685/670 473/700/670
f 462/685/670 474/701/670 473/700/670
f 462/687/671 463/686/671 475/702/671
f 462/687/671 475/702/671 474/703/671
f 463/686/672 459/688/672 471/704/679
f 463/686/672 471/704/679 475/702/672
f 465/690/673 464/689/673 476/705/673
f 465/690/673 476/705/673 477/706/673
f 466/691/663 465/690/663 477/706/663
f 466/691/663 477/706/663 478/707/663
f 467/692/678 466/691/678 478/707/678
f 467/692/678 478/707/678 479/708/678
f 468/693/670 467/692/670 479/708/670
f 468/693/670 479/708/670 480/709/670
f 469/694/675 468/695/675 480/710/675
f 469/694/675 480/710/675 481/711/675
f 464/696/676 469/694/676 476/712/676
f 469/694/676 481/711/676 476/712/676
f 482/713/680 483/714/681 484/715/682
f 482/713/680 484/715/682 485/716/680
f 484/715/683 486/717/684 487/718/685
f 484/715/683 487/718/685 485/716/685
f 488/719/686 489/720/687 490/721/688
f 489/720/687 491/722/688 490/721/688
f 489/720/689 492/723/690 493/724/691
f 489/720/689 493/724/691 491/722/691
f 492/723/692 494/725/693 495/726/694
f 492/723/692 495/726/694 493/724/695
f 496/727/696 483/714/697 482/713/698
f 496/727/696 482/713/698 497/728/698
f 498/729/699 499/730/700 500/731/701
f 498/729/699 500/731/701 501/732/699
f 500/731/702 502/733/703 501/732/704
f 502/733/703 503/734/704 501/732/704
f 502/733/705 504/735/706 505/736/707
f 502/733/705 505/736/707 503/734/707
f 504/735/708 506/737/709 505/736/710
f 506/737/709 507/738/710 505/736/710
f 506/737/711 508/739/712 507/738/713
f 508/739/712 509/740/713 507/738/713
f 508/741/714 499/730/715 498/729/716
f 508/741/714 498/729/716 509/742/716
f 498/729/717 501/732/717 510/743/717
f 498/729/717 510/743/717 511/744/717
f 501/732/718 503/734/719 512/745/719
f 501/732/718 512/745/719 510/743/719
f 503/734/720 505/736/720 513/746/720
f 503/734/720 513/746/720 512/745/720
f 505/736/721 507/738/721 513/746/721
f 507/738/721 514/747/721 513/746/721
f 507/738/722 509/740/722 514/747/722
f 509/740/722 515/748/722 514/747/722
f 509/742/723 498/729/723 515/749/723
f 498/729/723 511/744/723 515/749/723
f 516/750/724 517/751/725 518/752/726
f 516/750/724 518/752/726 519/753/726
f 517/751/727 520/754/728 521/755/729
f 517/751/727 521/755/729 518/752/729
f 520/754/730 522/756/731 521/755/732
f 522/756/731 523/757/732 521/755/732
f 524/758/733 516/759/734 525/760/735
f 516/759/734 519/761/735 525/760/735
f 522/756/736 526/762/737 527/763/738
f 522/756/736 527/763/738 523/757/738
f 526/762/739 524/758/740 525/760/741
f 526/762/739 525/760/741 527/763/741
f 528/764/742 529/765/742 530/766/742
f 528/764/743 531/767/743 529/765/743
f 532/768/744 533/769/745 534/770/744
f 532/768/744 534/770/744 535/771/745
f 533/769/746 536/772/746 534/770/746
f 536/772/746 537/773/746 534/770/746
f 536/772/747 538/774/747 539/775/747
f 536/772/747 539/775/747 537/773/747
f 538/776/748 530/766/748 539/777/748
f 530/766/748 540/778/748 539/777/748
f 530/766/749 529/765/749 541/779/750
f 530/766/749 541/779/750 540/778/750
f 529/765/751 531/767/751 541/779/751
f 531/767/751 542/780/751 541/779/751
f 531/767/752 543/781/752 544/782/752
f 531/767/752 544/782/752 542/780/752
f 543/783/753 532/768/753 544/784/753
f 532/768/753 535/771/753 544/784/753
f 535/785/754 534/786/754 545/787/754
f 535/785/754 545/787/754 546/788/754
f 534/789/755 537/790/755 545/791/755
f 537/790/755 547/792/755 545/791/755
f 537/790/756 539/793/756 547/792/756
f 539/793/756 548/794/756 547/792/756
f 539/793/757 540/795/757 548/794/757
f 540/795/757 549/796/757 548/794/757
f 540/795/758 541/797/758 550/798/758
f 540/795/758 550/798/758 549/796/758
f 541/797/759 542/799/760 550/798/759
f 542/799/760 551/800/760 550/798/759
f 542/799/761 544/801/761 552/802/761
f 542/799/761 552/802/761 551/800/761
f 544/801/762 535/785/762 546/788/762
f 544/801/762 546/788/762 552/802/762
f 553/803/763 554/804/763 555/805/764
f 553/803/763 555/805/764 556/806/765
f 557/807/766 553/808/766 558/809/767
f 553/808/766 556/810/767 558/809/767
f 559/811/768 557/807/768 560/812/769
f 557/807/768 558/809/770 560/812/769
f 561/813/771 559/811/771 560/812/772
f 561/813/771 560/812/772 562/814/773
f 563/815/774 561/813/774 564/816/775
f 561/813/774 562/814/776 564/816/775
f 554/804/777 563/815/777 555/805/778
f 563/815/777 564/816/779 555/805/778
f 565/817/780 566/818/780 567/819/780
f 566/818/780 568/820/780 567/819/780
f 566/821/781 569/822/781 570/823/781
f 566/821/781 570/823/781 568/824/781
f 569/825/782 571/826/782 572/827/782
f 569/825/782 572/827/782 570/828/782
f 573/829/783 565/817/783 567/819/783
f 573/829/783 567/819/783 574/830/783
f 571/826/784 575/831/784 572/827/784
f 575/831/784 576/832/784 572/827/784
f 575/833/785 573/834/785 574/835/786
f 575/833/785 574/835/786 576/836/785
f 519/837/787 518/838/787 577/839/787
f 518/838/787 578/840/787 577/839/787
f 518/841/788 521/842/788 578/843/788
f 521/842/788 579/844/788 578/843/788
f 521/845/789 523/846/789 580/847/789
f 521/845/789 580/847/789 579/848/789
f 525/849/790 519/837/790 577/839/790
f 525/849/790 577/839/790 581/850/790
f 523/846/791 527/851/792 580/847/792
f 527/851/792 582/852/792 580/847/792
f 527/853/793 525/854/793 581/855/793
f 527/853/793 581/855/793 582/856/793
f 567/819/794 568/820/794 583/857/794
f 567/819/794 583/857/794 584/858/794
f 568/824/795 570/823/795 585/859/795
f 568/824/795 585/859/795 583/860/795
f 570/828/796 572/827/796 585/861/796
f 572/827/796 586/862/796 585/861/796
f 574/830/797 567/819/798 587/863/799
f 567/819/798 584/858/798 587/863/799
f 572/827/800 576/832/801 588/864/802
f 572/827/800 588/864/802 586/862/800
f 589/865/803 590/866/803 591/867/803
f 590/866/803 592/868/803 591/867/803
f 577/839/804 578/840/805 593/869/806
f 577/839/804 593/869/806 594/870/804
f 595/871/807 596/872/807 597/873/807
f 595/871/807 597/873/807 598/874/807
f 579/848/808 580/847/809 599/875/810
f 580/847/809 600/876/809 599/875/810
f 581/850/811 577/839/811 601/877/811
f 577/839/811 594/870/811 601/877/811
f 580/847/812 582/852/812 602/878/812
f 580/847/812 602/878/812 600/876/812
f 582/856/795 581/855/795 601/879/795
f 582/856/795 601/879/795 602/880/795
f 584/858/813 603/881/814 604/882/815
f 583/860/795 585/859/795 605/883/795
f 583/860/795 605/883/795 606/884/795
f 585/861/816 586/862/817 605/885/816
f 586/862/817 607/886/818 605/885/816
f 587/863/819 584/858/820 608/887/819
f 584/858/820 609/888/821 608/887/819
f 586/862/822 610/889/823 611/890/824
f 588/891/825 587/892/825 612/893/825
f 587/892/825 608/894/825 612/893/825
f 594/870/826 613/895/827 614/896/828
f 593/897/829 599/898/829 615/899/829
f 593/897/829 615/899/829 616/900/829
f 599/875/830 600/876/831 615/901/830
f 600/876/831 617/902/832 615/901/830
f 601/877/833 594/870/834 618/903/833
f 594/870/834 619/904/835 618/903/833
f 600/876/836 620/905/837 621/906/838
f 602/880/795 601/879/795 618/907/795
f 602/880/795 618/907/795 622/908/795
f 576/836/839 574/835/839 623/909/840
f 576/836/839 623/909/840 624/910/841
f 574/830/797 587/863/799 625/911/842
f 574/830/797 625/911/842 623/912/843
f 587/892/844 588/891/844 625/913/845
f 588/891/844 626/914/846 625/913/845
f 588/864/802 576/832/801 626/915/847
f 576/832/801 624/916/848 626/915/847
f 627/917/849 628/918/850 595/871/851
f 628/918/850 596/872/851 595/871/851
f 628/919/852 629/920/853 597/921/854
f 628/919/852 597/921/854 596/922/854
f 629/923/855 630/924/856 598/874/857
f 629/923/855 598/874/857 597/873/857
f 630/925/858 627/926/859 598/927/860
f 627/926/859 595/928/860 598/927/860
f 624/910/841 623/909/840 631/929/861
f 624/910/841 631/929/861 632/930/862
f 626/915/847 624/916/848 632/931/863
f 626/915/847 632/931/863 633/932/864
f 625/913/845 626/914/846 634/933/865
f 626/914/846 633/934/866 634/933/865
f 623/912/843 625/911/842 634/935/867
f 623/912/843 634/935/867 631/936/868
f 578/843/869 579/844/869 635/937/870
f 579/844/869 636/938/871 635/937/870
f 579/848/808 599/875/810 637/939/872
f 579/848/808 637/939/872 636/940/873
f 599/898/874 593/897/874 638/941/875
f 599/898/874 638/941/875 637/942/876
f 593/869/806 578/840/805 638/943/877
f 578/840/805 635/944/878 638/943/877
f 632/930/862 631/929/861 590/866/879
f 632/930/862 590/866/879 589/865/879
f 633/932/864 632/931/863 591/945/880
f 632/931/863 589/946/880 591/945/880
f 634/933/865 633/934/866 592/868/881
f 633/934/866 591/867/881 592/868/881
f 631/936/868 634/935/867 592/947/882
f 631/936/868 592/947/882 590/948/882
f 635/937/870 636/938/871 627/917/849
f 636/938/871 628/918/850 627/917/849
f 636/940/873 637/939/872 628/919/852
f 637/939/872 629/920/853 628/919/852
f 637/942/876 638/941/875 630/924/856
f 637/942/876 630/924/856 629/923/855
f 638/943/877 635/944/878 630/925/858
f 635/944/878 627/926/859 630/925/858
f 586/862/822 588/864/883 612/949/883
f 586/862/822 612/949/883 610/889/823
f 617/902/832 600/876/831 621/906/884
f 607/886/818 586/862/817 611/890/885
f 600/876/836 602/878/886 622/950/886
f 600/876/836 622/950/886 620/905/837
f 609/888/821 584/858/820 604/882/887
f 594/870/826 593/869/888 616/951/888
f 594/870/826 616/951/888 613/895/827
f 584/858/813 583/857/889 606/952/889
f 584/858/813 606/952/889 603/881/814
f 619/904/835 594/870/834 614/896/890
f 639/953/891 640/954/891 641/955/891
f 639/953/891 641/955/891 642/956/891
f 643/957/892 644/958/892 645/959/892
f 643/957/892 645/959/892 646/960/892
f 647/961/893 648/962/893 649/963/893
f 647/961/893 649/963/893 650/964/893
f 651/965/894 652/966/894 653/967/894
f 651/965/894 653/967/894 654/968/894
f 655/969/895 656/970/895 657/971/895
f 655/969/895 657/971/895 658/972/895
f 659/973/896 660/974/896 661/975/896
f 659/973/896 661/975/896 662/976/896
f 663/977/897 664/978/897 665/979/897
f 663/977/897 665/979/897 666/980/897
f 667/981/898 668/982/898 669/983/898
f 667/981/898 669/983/898 670/984/898
f 613/895/899 616/951/899 671/985/899
f 616/951/899 672/986/899 671/985/899
f 616/900/900 615/899/900 673/987/900
f 616/900/900 673/987/900 672/988/900
f 615/901/901 617/902/901 673/989/901
f 617/902/901 674/990/901 673/989/901
f 617/991/900 613/992/900 671/993/900
f 617/991/900 671/993/900 674/994/900
f 609/995/902 610/996/902 675/997/902
f 609/995/902 675/997/902 676/998/902
f 610/889/903 612/949/903 677/999/903
f 610/889/903 677/999/903 675/1000/903
f 612/893/902 608/894/902 678/1001/902
f 612/893/902 678/1001/902 677/1002/902
f 608/887/904 609/888/904 676/1003/904
f 608/887/904 676/1003/904 678/1004/904
f 604/1005/905 611/1006/905 679/1007/905
f 604/1005/905 679/1007/905 680/1008/905
f 611/890/906 610/889/906 681/1009/906
f 611/890/906 681/1009/906 679/1010/906
f 610/996/905 609/995/905 682/1011/905
f 610/996/905 682/1011/905 681/1012/905
f 609/888/907 604/882/907 680/1013/907
f 609/888/907 680/1013/907 682/1014/907
f 613/992/908 617/991/908 683/1015/908
f 613/992/908 683/1015/908 684/1016/908
f 617/902/909 621/906/909 683/1017/909
f 621/906/909 685/1018/909 683/1017/909
f 621/1019/908 614/1020/908 686/1021/908
f 621/1019/908 686/1021/908 685/1022/908
f 614/896/910 613/895/910 686/1023/910
f 613/895/910 684/1024/910 686/1023/910
f 614/1020/911 621/1019/911 687/1025/911
f 614/1020/911 687/1025/911 688/1026/911
f 621/906/912 620/905/912 689/1027/912
f 621/906/912 689/1027/912 687/1028/912
f 620/1029/913 619/1030/913 690/1031/913
f 620/1029/913 690/1031/913 689/1032/913
f 619/904/914 614/896/914 688/1033/914
f 619/904/914 688/1033/914 690/1034/914
f 603/1035/915 607/1036/915 691/1037/915
f 607/1036/915 692/1038/915 691/1037/915
f 607/886/916 611/890/916 692/1039/916
f 611/890/916 693/1040/916 692/1039/916
f 611/1006/917 604/1005/917 694/1041/917
f 611/1006/917 694/1041/917 693/1042/917
f 604/882/918 603/881/918 694/1043/918
f 603/881/918 691/1044/918 694/1043/918
f 603/881/919 606/952/919 695/1045/919
f 606/952/919 696/1046/919 695/1045/919
f 606/884/920 605/883/920 697/1047/920
f 606/884/920 697/1047/920 696/1048/920
f 605/885/921 607/886/921 697/1049/921
f 607/886/921 698/1050/921 697/1049/921
f 607/1036/922 603/1035/922 698/1051/922
f 603/1035/922 695/1052/922 698/1051/922
f 619/1030/923 620/1029/923 699/1053/923
f 619/1030/923 699/1053/923 700/1054/923
f 620/905/924 622/950/924 701/1055/924
f 620/905/924 701/1055/924 699/1056/924
f 622/908/925 618/907/925 702/1057/925
f 622/908/925 702/1057/925 701/1058/925
f 618/903/926 619/904/927 700/1059/926
f 618/903/926 700/1059/926 702/1060/926
f 680/1008/928 679/1007/928 703/1061/928
f 680/1008/928 703/1061/928 704/1062/928
f 679/1010/929 681/1009/929 703/1063/929
f 681/1009/929 705/1064/929 703/1063/929
f 681/1012/930 682/1011/930 706/1065/930
f 681/1012/930 706/1065/930 705/1066/930
f 682/1014/931 680/1013/931 704/1067/931
f 682/1014/931 704/1067/931 706/1068/931
f 707/1069/932 708/1070/932 709/1071/933
f 708/1070/932 710/1072/933 709/1071/933
f 708/1073/934 711/1074/934 712/1075/934
f 708/1073/934 712/1075/934 710/1076/934
f 711/1077/935 713/1078/936 714/1079/937
f 711/1077/935 714/1079/937 712/1080/937
f 713/1081/938 707/1082/938 709/1083/939
f 713/1081/938 709/1083/939 714/1084/939
f 676/998/940 675/997/940 715/1085/940
f 676/998/940 715/1085/940 716/1086/940
f 675/1000/941 677/999/941 715/1087/942
f 677/999/941 717/1088/941 715/1087/942
f 677/1002/943 678/1001/943 718/1089/943
f 677/1002/943 718/1089/943 717/1090/943
f 678/1004/944 676/1003/944 716/1091/944
f 678/1004/944 716/1091/944 718/1092/944
f 719/1093/945 720/1094/945 721/1095/945
f 719/1093/945 721/1095/945 722/1096/945
f 720/1097/946 723/1098/947 724/1099/948
f 720/1097/946 724/1099/948 721/1100/948
f 723/1101/949 725/1102/949 726/1103/949
f 723/1101/949 726/1103/949 724/1104/949
f 725/1105/950 719/1106/950 726/1107/951
f 719/1106/950 722/1108/951 726/1107/951
f 695/1045/952 696/1046/952 727/1109/952
f 695/1045/952 727/1109/952 728/1110/953
f 696/1048/954 697/1047/954 729/1111/954
f 696/1048/954 729/1111/954 727/1112/954
f 697/1049/955 698/1050/955 729/1113/955
f 698/1050/955 730/1114/955 729/1113/955
f 698/1051/956 695/1052/956 728/1115/956
f 698/1051/956 728/1115/956 730/1116/956
f 691/1037/957 692/1038/957 731/1117/957
f 691/1037/957 731/1117/957 732/1118/957
f 692/1039/958 693/1040/958 731/1119/958
f 693/1040/958 733/1120/959 731/1119/958
f 693/1042/960 694/1041/960 734/1121/960
f 693/1042/960 734/1121/960 733/1122/960
f 694/1043/961 691/1044/961 732/1123/962
f 694/1043/961 732/1123/962 734/1124/962
f 735/1125/963 736/1126/963 737/1127/963
f 735/1125/963 737/1127/963 738/1128/963
f 736/1129/964 739/1130/964 740/1131/965
f 736/1129/964 740/1131/965 737/1132/965
f 739/1133/966 741/1134/966 742/1135/966
f 739/1133/966 742/1135/966 740/1136/966
f 741/1137/967 735/1138/967 742/1139/968
f 735/1138/967 738/1140/968 742/1139/968
f 743/1141/969 744/1142/969 745/1143/970
f 743/1141/969 745/1143/970 746/1144/970
f 744/1145/971 747/1146/971 745/1147/971
f 747/1146/971 748/1148/971 745/1147/971
f 747/1149/972 749/1150/972 750/1151/973
f 747/1149/972 750/1151/973 748/1152/973
f 749/1153/974 743/1154/974 746/1155/975
f 749/1153/974 746/1155/975 750/1156/975
f 751/1157/976 752/1158/976 753/1159/976
f 751/1157/976 753/1159/976 754/1160/976
f 752/1161/977 755/1162/977 756/1163/978
f 752/1161/977 756/1163/978 753/1164/979
f 755/1165/980 757/1166/980 758/1167/980
f 755/1165/980 758/1167/980 756/1168/980
f 757/1169/981 751/1170/981 758/1171/982
f 751/1170/981 754/1172/982 758/1171/982
f 759/1173/983 760/1174/983 643/1175/984
f 760/1174/983 644/1176/984 643/1175/984
f 760/1177/985 761/1178/985 645/959/985
f 760/1177/985 645/959/985 644/958/985
f 761/1179/986 762/1180/986 646/1181/987
f 761/1179/986 646/1181/987 645/1182/987
f 762/1183/988 759/1184/988 643/957/988
f 762/1183/988 643/957/988 646/960/988
f 763/1185/989 764/1186/989 765/1187/990
f 763/1185/989 765/1187/990 766/1188/990
f 764/1189/991 767/1190/991 768/1191/992
f 764/1189/991 768/1191/992 765/1192/993
f 767/1193/994 769/1194/994 770/1195/994
f 767/1193/994 770/1195/994 768/1196/994
f 769/1197/995 763/1198/995 770/1199/996
f 763/1198/995 766/1200/996 770/1199/996
f 771/1201/997 772/1202/997 652/966/997
f 771/1201/997 652/966/997 651/965/997
f 772/1203/998 773/1204/998 653/1205/999
f 772/1203/998 653/1205/999 652/1206/999
f 773/1207/1000 774/1208/1000 654/968/1000
f 773/1207/1000 654/968/1000 653/967/1000
f 774/1209/1001 771/1210/1001 654/1211/1002
f 771/1210/1001 651/1212/1002 654/1211/1002
f 775/1213/1003 776/1214/1003 777/1215/1004
f 775/1213/1003 777/1215/1004 778/1216/1005
f 776/1217/1006 779/1218/1006 780/1219/1006
f 776/1217/1006 780/1219/1006 777/1220/1006
f 779/1221/1007 781/1222/1007 780/1223/1008
f 781/1222/1007 782/1224/1008 780/1223/1008
f 781/1225/1009 775/1226/1009 778/1227/1010
f 781/1225/1009 778/1227/1010 782/1228/1010
f 783/1229/1011 784/1230/1011 785/1231/1011
f 783/1229/1011 785/1231/1011 786/1232/1011
f 784/1233/1012 787/1234/1012 788/1235/1013
f 784/1233/1012 788/1235/1013 785/1236/1013
f 787/1237/1014 789/1238/1014 790/1239/1015
f 787/1237/1014 790/1239/1015 788/1240/1015
f 789/1241/1016 783/1242/1016 790/1243/1017
f 783/1242/1016 786/1244/1018 790/1243/1017
f 791/1245/1019 792/1246/1019 664/978/1019
f 791/1245/1019 664/978/1019 663/977/1019
f 792/1247/1020 793/1248/1020 665/1249/1021
f 792/1247/1020 665/1249/1021 664/1250/1021
f 793/1251/1022 794/1252/1022 666/980/1022
f 793/1251/1022 666/980/1022 665/979/1022
f 794/1253/1023 791/1254/1023 666/1255/1023
f 791/1254/1023 663/1256/1023 666/1255/1023
f 795/1257/1024 796/1258/1024 668/982/1024
f 795/1257/1024 668/982/1024 667/981/1024
f 796/1259/1025 797/1260/1025 668/1261/1026
f 797/1260/1025 669/1262/1026 668/1261/1026
f 797/1263/1027 798/1264/1027 670/984/1027
f 797/1263/1027 670/984/1027 669/983/1027
f 798/1265/1028 795/1266/1028 667/1267/1029
f 798/1265/1028 667/1267/1029 670/1268/1029
f 716/1086/940 715/1085/940 764/1186/1030
f 716/1086/940 764/1186/1030 763/1185/1030
f 718/1092/944 716/1091/944 763/1198/1031
f 718/1092/944 763/1198/1031 769/1197/1031
f 717/1090/943 718/1089/943 769/1194/1032
f 717/1090/943 769/1194/1032 767/1193/1032
f 715/1087/942 717/1088/941 764/1189/1033
f 717/1088/941 767/1190/1033 764/1189/1033
f 674/994/938 671/993/938 707/1082/938
f 674/994/938 707/1082/938 713/1081/938
f 671/985/932 672/986/932 707/1069/932
f 672/986/932 708/1070/932 707/1069/932
f 672/988/1034 673/987/1034 711/1074/934
f 672/988/1034 711/1074/934 708/1073/934
f 673/989/935 674/990/935 713/1078/936
f 673/989/935 713/1078/936 711/1077/935
f 766/1188/990 765/1187/990 648/962/990
f 766/1188/990 648/962/990 647/961/990
f 770/1199/996 766/1200/996 647/1269/996
f 770/1199/996 647/1269/996 650/1270/996
f 768/1196/994 770/1195/994 650/964/994
f 768/1196/994 650/964/994 649/963/994
f 765/1192/993 768/1191/992 648/1271/1035
f 768/1191/992 649/1272/1035 648/1271/1035
f 714/1084/1036 709/1083/1036 759/1184/988
f 714/1084/1036 759/1184/988 762/1183/988
f 709/1071/1037 710/1072/1037 760/1174/983
f 709/1071/1037 760/1174/983 759/1173/983
f 710/1076/985 712/1075/985 761/1178/985
f 710/1076/985 761/1178/985 760/1177/985
f 712/1080/1038 714/1079/1038 761/1179/986
f 714/1079/1038 762/1180/986 761/1179/986
f 706/1068/931 704/1067/931 751/1170/1039
f 706/1068/931 751/1170/1039 757/1169/1039
f 705/1066/930 706/1065/930 757/1166/930
f 705/1066/930 757/1166/930 755/1165/930
f 703/1063/929 705/1064/929 752/1161/1040
f 705/1064/929 755/1162/1040 752/1161/1040
f 704/1062/928 703/1061/928 752/1158/928
f 704/1062/928 752/1158/928 751/1157/928
f 686/1023/967 684/1024/967 741/1137/967
f 684/1024/967 735/1138/967 741/1137/967
f 684/1016/963 683/1015/963 736/1126/963
f 684/1016/963 736/1126/963 735/1125/963
f 683/1017/964 685/1018/964 739/1130/964
f 683/1017/964 739/1130/964 736/1129/964
f 685/1022/966 686/1021/966 741/1134/966
f 685/1022/966 741/1134/966 739/1133/966
f 758/1171/982 754/1172/982 639/1273/1041
f 758/1171/982 639/1273/1041 642/1274/1041
f 756/1168/980 758/1167/980 642/956/980
f 756/1168/980 642/956/980 641/955/980
f 753/1164/979 756/1163/978 640/1275/1042
f 756/1163/978 641/1276/1043 640/1275/1042
f 754/1160/976 753/1159/976 640/954/976
f 754/1160/976 640/954/976 639/953/976
f 742/1139/1044 738/1140/1044 791/1254/1023
f 742/1139/1044 791/1254/1023 794/1253/1023
f 738/1128/1019 737/1127/1019 792/1246/1019
f 738/1128/1019 792/1246/1019 791/1245/1019
f 737/1132/1045 740/1131/1045 792/1247/1020
f 740/1131/1045 793/1248/1020 792/1247/1020
f 740/1136/1022 742/1135/1022 794/1252/1022
f 740/1136/1022 794/1252/1022 793/1251/1022
f 732/1118/957 731/1117/957 784/1230/1046
f 732/1118/957 784/1230/1046 783/1229/1046
f 734/1124/962 732/1123/962 783/1242/1047
f 734/1124/962 783/1242/1047 789/1241/1047
f 733/1122/960 734/1121/960 789/1238/960
f 733/1122/960 789/1238/960 787/1237/960
f 731/1119/958 733/1120/959 784/1233/1048
f 733/1120/959 787/1234/1048 784/1233/1048
f 689/1032/949 690/1031/949 725/1102/949
f 689/1032/949 725/1102/949 723/1101/949
f 690/1034/1049 688/1033/1050 725/1105/950
f 688/1033/1050 719/1106/950 725/1105/950
f 688/1026/945 687/1025/945 720/1094/945
f 688/1026/945 720/1094/945 719/1093/945
f 687/1028/947 689/1027/947 723/1098/947
f 687/1028/947 723/1098/947 720/1097/946
f 786/1232/1011 785/1231/1011 660/974/1011
f 786/1232/1011 660/974/1011 659/973/1011
f 790/1243/1017 786/1244/1018 659/1277/1051
f 790/1243/1017 659/1277/1051 662/1278/1051
f 788/1240/1015 790/1239/1015 662/976/1015
f 788/1240/1015 662/976/1015 661/975/1015
f 785/1236/1013 788/1235/1013 660/1279/1052
f 788/1235/1013 661/1280/1052 660/1279/1052
f 724/1104/1000 726/1103/1000 774/1208/1000
f 724/1104/1000 774/1208/1000 773/1207/1000
f 726/1107/1053 722/1108/1053 771/1210/1001
f 726/1107/1053 771/1210/1001 774/1209/1001
f 722/1096/997 721/1095/997 772/1202/997
f 722/1096/997 772/1202/997 771/1201/997
f 721/1100/1054 724/1099/1054 772/1203/998
f 724/1099/1054 773/1204/998 772/1203/998
f 728/1110/953 727/1109/952 775/1213/1055
f 727/1109/952 776/1214/1055 775/1213/1055
f 730/1116/956 728/1115/956 775/1226/1056
f 730/1116/956 775/1226/1056 781/1225/1056
f 729/1113/955 730/1114/955 781/1222/1057
f 729/1113/955 781/1222/1057 779/1221/1057
f 727/1112/954 729/1111/954 779/1218/954
f 727/1112/954 779/1218/954 776/1217/954
f 702/1060/974 700/1059/974 749/1153/974
f 700/1059/974 743/1154/974 749/1153/974
f 700/1054/969 699/1053/969 744/1142/969
f 700/1054/969 744/1142/969 743/1141/969
f 699/1056/971 701/1055/971 747/1146/971
f 699/1056/971 747/1146/971 744/1145/971
f 701/1058/972 702/1057/972 749/1150/972
f 701/1058/972 749/1150/972 747/1149/972
f 778/1216/1005 777/1215/1004 655/1281/1005
f 777/1215/1004 656/1282/1005 655/1281/1005
f 782/1228/1010 778/1227/1010 655/969/1010
f 782/1228/1010 655/969/1010 658/972/1010
f 780/1223/1008 782/1224/1008 658/1283/1058
f 780/1223/1008 658/1283/1058 657/1284/1058
f 777/1220/1006 780/1219/1006 657/971/1059
f 777/1220/1006 657/971/1059 656/970/1059
f 750/1156/1060 746/1155/1060 798/1265/1028
f 746/1155/1060 795/1266/1028 798/1265/1028
f 746/1144/1061 745/1143/1061 796/1258/1024
f 746/1144/1061 796/1258/1024 795/1257/1024
f 745/1147/1062 748/1148/1062 797/1260/1025
f 745/1147/1062 797/1260/1025 796/1259/1025
f 748/1152/1063 750/1151/1063 798/1264/1027
f 748/1152/1063 798/1264/1027 797/1263/1027
f 799/1285/1064 800/1286/1065 566/1287/1066
f 799/1285/1064 566/1287/1066 565/1288/1066
f 801/1289/1067 799/1290/1068 573/1291/1069
f 799/1290/1068 565/1292/1069 573/1291/1069
f 802/1293/1070 801/1289/1071 575/1294/1072
f 801/1289/1071 573/1291/1072 575/1294/1072
f 803/1295/1073 802/1293/1074 575/1294/1075
f 803/1295/1073 575/1294/1075 571/1296/1075
f 804/1297/1076 803/1295/1077 569/1298/1078
f 803/1295/1077 571/1296/1078 569/1298/1078
f 800/1286/1079 804/1297/1080 566/1287/1081
f 804/1297/1080 569/1298/1081 566/1287/1081
f 805/1299/1082 806/1300/1083 524/758/733
f 806/1300/1083 516/759/734 524/758/733
f 806/1301/1084 807/1302/1085 517/751/725
f 806/1301/1084 517/751/725 516/750/724
f 807/1302/1086 808/1303/1087 520/754/728
f 807/1302/1086 520/754/728 517/751/727
f 808/1303/1088 809/1304/1089 520/754/730
f 809/1304/1089 522/756/731 520/754/730
f 809/1304/1090 810/1305/1091 526/762/737
f 809/1304/1090 526/762/737 522/756/736
f 810/1305/1092 805/1299/1093 524/758/740
f 810/1305/1092 524/758/740 526/762/739
f 811/1306/1094 812/1307/1095 813/1308/1096
f 811/1306/1094 813/1308/1096 814/1309/1097
f 815/1310/1098 811/1311/1099 816/1312/1100
f 811/1311/1099 814/1313/1101 816/1312/1100
f 817/1314/1102 815/1310/1103 818/1315/1104
f 815/1310/1103 816/1312/1105 818/1315/1104
f 819/1316/1106 817/1314/1107 818/1315/1108
f 819/1316/1106 818/1315/1108 820/1317/1109
f 821/1318/1110 819/1316/1111 822/1319/1112
f 819/1316/1111 820/1317/1113 822/1319/1112
f 812/1307/1114 821/1318/1115 813/1308/1116
f 821/1318/1115 822/1319/1117 813/1308/1116
f 823/1320/1118 824/1321/1119 825/1322/1120
f 824/1321/1119 826/1323/1121 825/1322/1120
f 824/1324/1122 827/1325/1122 828/1326/1123
f 824/1324/1122 828/1326/1123 826/1327/1124
f 827/1325/1125 829/1328/1126 830/1329/1127
f 827/1325/1125 830/1329/1127 828/1326/1128
f 829/1328/1129 831/1330/1130 830/1329/1131
f 831/1330/1130 832/1331/1132 830/1329/1131
f 831/1330/1133 833/1332/1134 834/1333/1135
f 831/1330/1133 834/1333/1135 832/1331/1136
f 833/1332/1137 823/1320/1138 825/1322/1139
f 833/1332/1137 825/1322/1139 834/1333/1140
f 556/806/765 555/805/764 812/1307/1095
f 556/806/765 812/1307/1095 811/1306/1094
f 558/809/767 556/810/767 815/1310/1098
f 556/810/767 811/1311/1099 815/1310/1098
f 560/812/769 558/809/770 817/1314/1102
f 558/809/770 815/1310/1103 817/1314/1102
f 562/814/773 560/812/772 817/1314/1107
f 562/814/773 817/1314/1107 819/1316/1106
f 564/816/775 562/814/776 821/1318/1110
f 562/814/776 819/1316/1111 821/1318/1110
f 555/805/778 564/816/779 812/1307/1114
f 564/816/779 821/1318/1115 812/1307/1114
f 814/1309/1097 813/1308/1096 800/1286/1065
f 814/1309/1097 800/1286/1065 799/1285/1064
f 816/1312/1100 814/1313/1101 801/1289/1067
f 814/1313/1101 799/1290/1068 801/1289/1067
f 818/1315/1104 816/1312/1105 802/1293/1070
f 816/1312/1105 801/1289/1071 802/1293/1070
f 820/1317/1109 818/1315/1108 802/1293/1074
f 820/1317/1109 802/1293/1074 803/1295/1073
f 822/1319/1112 820/1317/1113 804/1297/1076
f 820/1317/1113 803/1295/1077 804/1297/1076
f 813/1308/1116 822/1319/1117 800/1286/1079
f 822/1319/1117 804/1297/1080 800/1286/1079
f 825/1322/1120 826/1323/1121 805/1299/1082
f 826/1323/1121 806/1300/1083 805/1299/1082
f 826/1327/1124 828/1326/1123 807/1302/1085
f 826/1327/1124 807/1302/1085 806/1301/1084
f 828/1326/1128 830/1329/1127 808/1303/1087
f 828/1326/1128 808/1303/1087 807/1302/1086
f 830/1329/1131 832/1331/1132 808/1303/1088
f 832/1331/1132 809/1304/1089 808/1303/1088
f 832/1331/1136 834/1333/1135 810/1305/1091
f 832/1331/1136 810/1305/1091 809/1304/1090
f 834/1333/1140 825/1322/1139 805/1299/1093
f 834/1333/1140 805/1299/1093 810/1305/1092
f 546/1334/1141 545/1335/1141 547/1336/1141
f 552/1337/1141 546/1334/1141 547/1336/1141
f 551/1338/1141 552/1337/1141 547/1336/1141
f 550/1339/1141 551/1338/1141 547/1336/1141
f 549/1340/1141 550/1339/1141 547/1336/1141
f 548/1341/1141 549/1340/1141 547/1336/1141
f 835/1342/1142 836/1343/1143 837/1344/1144
f 835/1342/1142 837/1344/1144 838/1345/1145
f 836/1343/1146 839/1346/1147 840/1347/1148
f 836/1343/1146 840/1347/1148 837/1344/1148
f 839/1346/1149 841/1348/1150 842/1349/1151
f 839/1346/1149 842/1349/1151 840/1347/1151
f 841/1348/1152 843/1350/1153 844/1351/1154
f 841/1348/1152 844/1351/1154 842/1349/1154
f 843/1352/1155 845/1353/1156 844/1354/1157
f 845/1353/1156 846/1355/1158 844/1354/1157
f 838/1345/1159 846/1355/1160 845/1353/1161
f 838/1345/1159 845/1353/1161 835/1342/1162
f 847/1356/1163 848/1357/1164 849/1358/1165
f 848/1357/1164 850/1359/1166 849/1358/1165
f 851/1360/1167 852/1361/1168 853/1362/1169
f 851/1360/1167 853/1362/1169 854/1363/1169
f 852/1361/1170 855/1364/1171 856/1365/1172
f 852/1361/1170 856/1365/1172 853/1362/1172
f 855/1364/1173 857/1366/1174 856/1365/1175
f 857/1366/1174 858/1367/1175 856/1365/1175
f 859/1368/1176 860/1369/1177 861/1370/1178
f 859/1368/1176 861/1370/1178 862/1371/1179
f 849/1358/1180 861/1370/1181 860/1369/681
f 849/1358/1180 860/1369/681 847/1356/682
f 863/1372/1182 864/1373/1183 865/1374/1184
f 487/718/1185 486/717/1186 866/1375/1187
f 487/718/1185 866/1375/1187 867/1376/1188
f 864/1373/1189 868/1377/1190 869/1378/1191
f 864/1373/1189 869/1378/1191 865/1374/1191
f 868/1377/1192 870/1379/1193 869/1378/1194
f 871/1380/1195 496/1381/1196 497/1382/1197
f 871/1380/1195 497/1382/1197 872/1383/1198
f 873/1384/1199 874/1385/1200 875/1386/1201
f 874/1385/1200 854/1387/1202 875/1386/1201
f 874/1388/1203 876/1389/1204 854/1363/1205
f 876/1389/1204 851/1360/1206 854/1363/1205
f 877/1390/1207 873/1384/1208 875/1386/1209
f 877/1390/1207 875/1386/1209 878/1391/1210
f 857/1366/1211 879/1392/1212 858/1367/1213
f 879/1392/1212 880/1393/1214 858/1367/1213
f 880/1394/1215 877/1390/1216 878/1391/1217
f 880/1394/1215 878/1391/1217 858/1395/1218
f 837/1396/1219 840/1397/1219 881/1398/1220
f 837/1396/1219 881/1398/1220 882/1399/1221
f 840/1397/1222 842/1400/1222 881/1398/1223
f 842/1400/1222 883/1401/1224 881/1398/1223
f 842/1400/1225 844/1402/1225 883/1401/1226
f 844/1402/1225 884/1403/1227 883/1401/1226
f 875/1386/1201 854/1387/1202 853/1404/1228
f 878/1391/1210 875/1386/1209 856/1405/1229
f 875/1386/1209 853/1404/1229 856/1405/1229
f 858/1395/1218 878/1391/1217 856/1405/1230
f 885/1406/1231 871/1380/1195 886/1407/1232
f 871/1380/1195 872/1383/1198 886/1407/1232
f 883/1401/1226 884/1403/1227 887/1408/1233
f 884/1403/1227 888/1409/1234 887/1408/1233
f 881/1398/1223 883/1401/1224 887/1408/1235
f 881/1398/1223 887/1408/1235 889/1410/1236
f 882/1399/1221 881/1398/1220 889/1410/1237
f 882/1399/1221 889/1410/1237 890/1411/1238
f 867/1376/1188 866/1375/1187 891/1412/1239
f 867/1376/1188 891/1412/1239 892/1413/1240
f 893/1414/1241 859/1415/1242 894/1416/1243
f 859/1415/1242 862/1417/1244 894/1416/1243
f 862/1418/1245 895/1419/1245 896/1420/1246
f 862/1418/1245 896/1420/1246 894/1421/1247
f 895/1419/1248 897/1422/1248 898/1423/1249
f 895/1419/1248 898/1423/1249 896/1420/1250
f 897/1422/1251 850/1424/1251 898/1423/1252
f 850/1424/1251 899/1425/1253 898/1423/1252
f 850/1359/1254 848/1357/1255 899/1426/1256
f 848/1357/1255 900/1427/1257 899/1426/1256
f 494/725/1258 885/1406/1231 886/1407/1232
f 494/725/1258 886/1407/1232 495/726/1259
f 887/1408/1233 888/1409/1234 868/1377/1192
f 888/1409/1234 870/1379/1193 868/1377/1192
f 889/1410/1236 887/1408/1235 864/1373/1189
f 887/1408/1235 868/1377/1190 864/1373/1189
f 890/1411/1238 889/1410/1237 864/1373/1183
f 890/1411/1238 864/1373/1183 863/1372/1182
f 892/1413/1240 891/1412/1239 488/719/1260
f 892/1413/1240 488/719/1260 490/721/1261
f 879/1392/1212 893/1414/1241 880/1393/1214
f 893/1414/1241 894/1416/1243 880/1393/1214
f 894/1421/1247 896/1420/1246 877/1390/1216
f 894/1421/1247 877/1390/1216 880/1394/1215
f 896/1420/1250 898/1423/1249 877/1390/1207
f 898/1423/1249 873/1384/1208 877/1390/1207
f 898/1423/1252 899/1425/1253 873/1384/1199
f 899/1425/1253 874/1385/1200 873/1384/1199
f 899/1426/1256 900/1427/1257 874/1388/1203
f 900/1427/1257 876/1389/1204 874/1388/1203
f 901/1428/1262 902/1429/1263 835/1342/1142
f 902/1429/1263 836/1343/1143 835/1342/1142
f 902/1429/1264 903/1430/1265 839/1346/1147
f 902/1429/1264 839/1346/1147 836/1343/1146
f 903/1430/1266 904/1431/1267 841/1348/1150
f 903/1430/1266 841/1348/1150 839/1346/1149
f 904/1431/1268 905/1432/1269 841/1348/1152
f 905/1432/1269 843/1350/1153 841/1348/1152
f 905/1433/1270 906/1434/1271 845/1353/1156
f 905/1433/1270 845/1353/1156 843/1352/1155
f 835/1342/1162 845/1353/1161 906/1434/1272
f 835/1342/1162 906/1434/1272 901/1428/1273
f 849/1435/1165 850/1436/1166 907/1437/1274
f 850/1436/1166 908/1438/1275 907/1437/1274
f 850/1436/1276 897/1439/1276 908/1438/1277
f 897/1439/1276 909/1440/1278 908/1438/1277
f 897/1439/1279 895/1441/1279 909/1440/1280
f 895/1441/1279 910/1442/1281 909/1440/1280
f 895/1441/1282 862/1443/1282 910/1442/1283
f 862/1443/1282 911/1444/1284 910/1442/1283
f 862/1445/1179 861/1446/1178 912/1447/1285
f 862/1445/1179 912/1447/1285 911/1448/1286
f 907/1437/1287 912/1447/1288 849/1435/1180
f 912/1447/1288 861/1446/1181 849/1435/1180
f 913/1449/1289 914/1450/1290 915/1451/1291
f 913/1449/1289 915/1451/1291 916/1452/1292
f 914/1450/1293 917/1453/1294 918/1454/1295
f 914/1450/1293 918/1454/1295 915/1451/1296
f 917/1453/1297 919/1455/1298 920/1456/1299
f 917/1453/1297 920/1456/1299 918/1454/1300
f 919/1455/1301 921/1457/1302 920/1456/1303
f 921/1457/1302 922/1458/1304 920/1456/1303
f 921/1459/1305 923/1460/1306 922/1461/1307
f 923/1460/1306 924/1462/1308 922/1461/1307
f 916/1452/1309 924/1462/1310 923/1460/1311
f 916/1452/1309 923/1460/1311 913/1449/1312
f 925/1463/1313 926/1464/1314 927/1465/1315
f 926/1464/1314 928/1466/1316 927/1465/1315
f 926/1464/1317 929/1467/1318 930/1468/1319
f 926/1464/1317 930/1468/1319 928/1466/1320
f 929/1467/1321 931/1469/1322 930/1468/1323
f 931/1469/1322 932/1470/1324 930/1468/1323
f 931/1469/1325 933/1471/1326 932/1470/1327
f 933/1471/1326 934/1472/1328 932/1470/1327
f 933/1473/1329 935/1474/1330 936/1475/1331
f 933/1473/1329 936/1475/1331 934/1476/1332
f 927/1465/1333 936/1475/1334 925/1463/1335
f 936/1475/1334 935/1474/1336 925/1463/1335
f 916/1452/1292 915/1451/1291 902/1429/1263
f 916/1452/1292 902/1429/1263 901/1428/1262
f 915/1451/1296 918/1454/1295 902/1429/1264
f 918/1454/1295 903/1430/1265 902/1429/1264
f 918/1454/1300 920/1456/1299 904/1431/1267
f 918/1454/1300 904/1431/1267 903/1430/1266
f 920/1456/1303 922/1458/1304 905/1432/1269
f 920/1456/1303 905/1432/1269 904/1431/1268
f 922/1461/1307 924/1462/1308 905/1433/1270
f 924/1462/1308 906/1434/1271 905/1433/1270
f 901/1428/1273 906/1434/1272 924/1462/1310
f 901/1428/1273 924/1462/1310 916/1452/1309
f 907/1437/1274 908/1438/1275 926/1464/1314
f 907/1437/1274 926/1464/1314 925/1463/1313
f 908/1438/1277 909/1440/1278 926/1464/1317
f 909/1440/1278 929/1467/1318 926/1464/1317
f 909/1440/1280 910/1442/1281 929/1467/1321
f 910/1442/1281 931/1469/1322 929/1467/1321
f 910/1442/1283 911/1444/1284 933/1471/1326
f 910/1442/1283 933/1471/1326 931/1469/1325
f 911/1448/1286 912/1447/1285 933/1473/1329
f 912/1447/1285 935/1474/1330 933/1473/1329
f 925/1463/1335 935/1474/1336 907/1437/1287
f 935/1474/1336 912/1447/1288 907/1437/1287
f 937/1477/1337 938/1478/1337 914/1479/1290
f 937/1477/1337 914/1479/1290 913/1480/1289
f 938/1478/1338 939/1481/1338 914/1479/1293
f 939/1481/1338 917/1482/1294 914/1479/1293
f 939/1481/1339 940/1483/1339 919/1484/1298
f 939/1481/1339 919/1484/1298 917/1482/1297
f 940/1483/1340 941/1485/1340 921/1486/1302
f 940/1483/1340 921/1486/1302 919/1484/1301
f 941/1487/1341 942/1488/1341 921/1489/1305
f 942/1488/1341 923/1490/1306 921/1489/1305
f 913/1480/1312 923/1490/1311 942/1488/1342
f 913/1480/1312 942/1488/1342 937/1477/1342
f 927/1465/1315 928/1466/1316 500/1491/702
f 928/1466/1316 502/1492/703 500/1491/702
f 928/1466/1320 930/1468/1319 502/1492/705
f 930/1468/1319 504/1493/706 502/1492/705
f 930/1468/1323 932/1470/1324 504/1493/708
f 932/1470/1324 506/1494/709 504/1493/708
f 932/1470/1327 934/1472/1328 508/1495/712
f 932/1470/1327 508/1495/712 506/1494/711
f 934/1476/1332 936/1475/1331 499/1496/715
f 934/1476/1332 499/1496/715 508/1497/714
f 500/1491/701 499/1496/700 927/1465/1333
f 499/1496/700 936/1475/1334 927/1465/1333
f 838/1498/1145 837/1499/1144 486/717/684
f 838/1498/1145 486/717/684 484/715/683
f 866/1375/1187 486/717/1186 882/1500/1343
f 486/717/1186 837/1499/1344 882/1500/1343
f 891/1412/1239 866/1375/1187 890/1501/1345
f 866/1375/1187 882/1500/1343 890/1501/1345
f 488/719/1260 891/1412/1239 863/1502/1346
f 891/1412/1239 890/1501/1345 863/1502/1346
f 863/1502/1347 865/1503/1347 488/719/686
f 865/1503/1347 489/720/687 488/719/686
f 865/1503/1348 869/1504/1348 489/720/689
f 869/1504/1348 492/723/690 489/720/689
f 869/1504/1349 870/1505/1349 494/725/693
f 869/1504/1349 494/725/693 492/723/692
f 888/1506/1350 885/1406/1231 870/1505/1351
f 885/1406/1231 494/725/1258 870/1505/1351
f 884/1507/1352 871/1380/1195 888/1506/1350
f 871/1380/1195 885/1406/1231 888/1506/1350
f 844/1508/1353 496/1381/1196 884/1507/1352
f 496/1381/1196 871/1380/1195 884/1507/1352
f 844/1509/1157 846/1510/1158 496/727/696
f 846/1510/1158 483/714/697 496/727/696
f 484/715/682 483/714/681 846/1510/1160
f 484/715/682 846/1510/1160 838/1498/1159
f 943/1511/1354 944/1512/1354 847/1356/1163
f 944/1512/1354 848/1357/1164 847/1356/1163
f 900/1427/1257 848/1357/1255 944/1512/1355
f 900/1427/1257 944/1512/1355 945/1513/1356
f 876/1389/1204 900/1427/1257 945/1513/1356
f 876/1389/1204 945/1513/1356 946/1514/1357
f 851/1360/1206 876/1389/1204 946/1514/1357
f 851/1360/1206 946/1514/1357 947/1515/1358
f 947/1515/1359 948/1516/1359 852/1361/1168
f 947/1515/1359 852/1361/1168 851/1360/1167
f 948/1516/691 949/1517/691 852/1361/1170
f 949/1517/691 855/1364/1171 852/1361/1170
f 949/1517/1360 950/1518/1361 855/1364/1173
f 950/1518/1361 857/1366/1174 855/1364/1173
f 951/1519/1362 879/1392/1212 857/1366/1211
f 951/1519/1362 857/1366/1211 950/1518/1363
f 952/1520/1364 893/1414/1241 951/1519/1362
f 893/1414/1241 879/1392/1212 951/1519/1362
f 953/1521/1365 859/1415/1242 893/1414/1241
f 953/1521/1365 893/1414/1241 952/1520/1364
f 953/1522/1366 954/1523/1366 859/1368/1176
f 954/1523/1366 860/1369/1177 859/1368/1176
f 847/1356/682 860/1369/681 954/1523/680
f 847/1356/682 954/1523/680 943/1511/680
f 954/1524/1367 953/1525/1367 943/1526/1367
f 953/1525/1367 944/1527/1367 943/1526/1367
f 953/1525/1367 952/1528/1367 945/1529/1367
f 953/1525/1367 945/1529/1367 944/1527/1367
f 952/1528/1367 951/1530/1367 946/1531/1367
f 952/1528/1367 946/1531/1367 945/1529/1367
f 951/1530/1367 950/1532/1367 947/1533/1367
f 951/1530/1367 947/1533/1367 946/1531/1367
f 950/1532/1367 949/1534/1367 947/1533/1367
f 949/1534/1367 948/1535/1367 947/1533/1367
f 485/1536/1368 487/1537/1368 497/1538/1368
f 485/1536/1368 497/1538/1368 482/1539/1368
f 487/1537/1367 867/1540/1367 497/1538/1367
f 867/1540/1367 872/1541/1367 497/1538/1367
f 867/1540/1367 892/1542/1367 872/1541/1367
f 892/1542/1367 886/1543/1367 872/1541/1367
f 892/1542/1367 490/1544/1367 886/1543/1367
f 490/1544/1367 495/1545/1367 886/1543/1367
f 490/1544/1367 491/1546/1367 493/1547/1367
f 490/1544/1367 493/1547/1367 495/1545/1367
f 955/1548/1369 956/1549/1369 823/1320/1138
f 955/1548/1369 823/1320/1138 833/1332/1137
f 957/1550/1370 955/1548/1370 833/1332/1134
f 957/1550/1370 833/1332/1134 831/1330/1133
f 958/1551/1371 957/1550/1371 829/1328/1129
f 957/1550/1371 831/1330/1130 829/1328/1129
f 959/1552/1372 958/1551/1372 829/1328/1126
f 959/1552/1372 829/1328/1126 827/1325/1125
f 960/1553/1373 959/1552/1373 827/1325/1122
f 960/1553/1373 827/1325/1122 824/1324/1122
f 956/1549/1374 960/1554/1374 823/1320/1118
f 960/1554/1374 824/1321/1119 823/1320/1118
f 941/1487/1375 961/1555/1375 942/1488/1375
f 961/1555/1375 962/1556/1375 942/1488/1375
f 940/1483/1376 963/1557/1377 941/1485/1376
f 963/1557/1377 961/1558/1376 941/1485/1376
f 939/1481/1378 964/1559/1378 940/1483/1378
f 964/1559/1378 963/1557/1378 940/1483/1378
f 938/1478/1379 965/1560/1379 964/1559/1379
f 938/1478/1379 964/1559/1379 939/1481/1379
f 937/1477/1380 966/1561/1380 965/1560/1380
f 937/1477/1380 965/1560/1380 938/1478/1380
f 942/1488/1381 962/1556/1381 966/1561/1381
f 942/1488/1381 966/1561/1381 937/1477/1381
f 334/500/1382 332/498/1383 531/1562/1383
f 334/500/1382 531/1562/1383 528/1563/1384
f 336/502/1385 334/500/1385 530/1564/1385
f 334/500/1385 528/1563/1385 530/1564/1385
f 332/498/1386 329/497/1386 543/1565/1386
f 332/498/1386 543/1565/1386 531/1562/1386
f 338/504/1387 336/502/1387 538/1566/1387
f 336/502/1387 530/1564/1387 538/1566/1387
f 329/493/1388 330/494/1388 532/1567/1388
f 329/493/1388 532/1567/1388 543/1568/1388
f 340/508/1389 338/507/1389 536/1569/1389
f 338/507/1389 538/1570/1389 536/1569/1389
f 330/494/1390 342/510/1390 532/1567/1390
f 342/510/1390 533/1571/1390 532/1567/1390
f 342/510/1391 340/508/1391 536/1569/1391
f 342/510/1391 536/1569/1391 533/1571/1391
f 374/1572/1392 376/1573/1392 561/1574/1392
f 376/1573/1392 559/1575/1392 561/1574/1392
f 376/1573/1393 375/1576/1393 557/1577/1393
f 376/1573/1393 557/1577/1393 559/1575/1393
f 377/1578/1394 379/1579/1394 959/1580/1394
f 379/1579/1394 958/1581/1394 959/1580/1394
f 379/1579/1395 380/1582/1395 957/1583/1395
f 379/1579/1395 957/1583/1395 958/1581/1395
f 375/1576/1396 372/1584/1396 557/1577/1396
f 372/1584/1396 553/1585/1396 557/1577/1396
f 372/1584/1397 371/1586/1397 553/1585/1397
f 371/1586/1397 554/1587/1397 553/1585/1397
f 371/1586/1398 373/1588/1398 563/1589/1398
f 371/1586/1398 563/1589/1398 554/1587/1398
f 373/1588/1399 374/1572/1400 561/1574/1399
f 373/1588/1399 561/1574/1399 563/1589/1400
f 380/1582/1401 382/1590/1402 957/1583/1401
f 382/1590/1402 955/1591/1401 957/1583/1401
f 382/1590/1403 381/1592/1403 955/1591/1403
f 381/1592/1403 956/1593/1403 955/1591/1403
f 381/1592/1404 378/1594/1404 960/1595/1404
f 381/1592/1404 960/1595/1404 956/1593/1404
f 378/1594/1405 377/1578/1405 959/1580/1405
f 378/1594/1405 959/1580/1405 960/1595/1405
f 473/1596/1406 474/1597/1406 964/1598/1406
f 474/1597/1406 963/1599/1406 964/1598/1406
f 480/1600/1407 479/1601/1407 513/1602/1407
f 480/1600/1407 513/1602/1407 514/1603/1407
f 472/1604/1408 473/1596/1408 964/1598/1408
f 472/1604/1408 964/1598/1408 965/1605/1408
f 479/1601/1409 478/1606/1409 513/1602/1409
f 478/1606/1409 512/1607/1409 513/1602/1409
f 470/1608/1410 472/1604/1410 965/1605/1410
f 470/1608/1410 965/1605/1410 966/1609/1410
f 478/1606/1411 477/1610/1411 512/1607/1411
f 477/1610/1411 510/1611/1411 512/1607/1411
f 471/1612/1412 470/1608/1412 966/1609/1413
f 471/1612/1412 966/1609/1413 962/1613/1413
f 477/1610/1414 476/1614/1414 510/1611/1414
f 476/1614/1414 511/1615/1414 510/1611/1414
f 475/1616/1415 471/1612/1415 962/1613/1415
f 475/1616/1415 962/1613/1415 961/1617/1415
f 476/1614/1416 481/1618/1416 511/1615/1416
f 481/1618/1416 515/1619/1416 511/1615/1416
f 474/1597/1417 475/1616/1417 961/1617/1417
f 474/1597/1417 961/1617/1417 963/1599/1417
f 481/1620/1418 480/1600/1418 515/1621/1418
f 480/1600/1418 514/1603/1418 515/1621/1418
f 424/616/640 403/589/1419 321/629/641
f 403/589/1420 398/582/633 321/629/632
s off
g Head_uv_standardSurface8SG_2
v 2.2228 7.76482 -0.106388
v 2.0426 7.19324 0.067495
v 2.32041 7.81743 0.167737
v 2.14022 7.24586 0.34162
v 2.2574 6.70444 0.012771
v 2.35502 6.75705 0.286896
v 2.88659 6.69747 -0.167089
v 2.93479 6.75009 0.107036
v 3.10493 7.37729 -0.35413
v 3.19745 7.42991 -0.080005
v 2.82015 7.84759 -0.334993
v 2.91777 7.90021 -0.060869
v -2.2228 7.76482 -0.106388
v -2.32041 7.81743 0.167737
v -2.0426 7.19324 0.067495
v -2.14022 7.24586 0.34162
v -2.35502 6.75705 0.286896
v -2.2574 6.70444 0.012771
v -2.93479 6.75009 0.107035
v -2.88659 6.69747 -0.167089
v -3.19745 7.42991 -0.080005
v -3.10493 7.37729 -0.354131
v -2.82015 7.84759 -0.334994
v -2.91777 7.90021 -0.060869
vn -0.898688 0.359676 0.250983
vn -0.832595 -0.407837 0.374772
vn 0.041541 -0.983211 0.177679
vn 0.914917 -0.368809 -0.164035
vn 0.790555 0.489408 -0.368106
vn -0.182049 0.975636 -0.122446
vn -0.329256 -0.136774 -0.934282
vn 0.33582 0.129807 0.932939
vn 0.898688 0.359677 0.250982
vn 0.832596 -0.407836 0.374771
vn -0.041542 -0.983211 0.17768
vn -0.914917 -0.368809 -0.164035
vn -0.914916 -0.368809 -0.164035
vn -0.790554 0.489408 -0.368108
vn 0.18205 0.975636 -0.122444
vn 0.329257 -0.136774 -0.934282
vn -0.33582 0.129807 0.932939
vt 0.212098 0.140539
vt 0.212272 0.119471
vt 0.222948 0.140564
vt 0.222889 0.119154
vt 0.208255 0.099662
vt 0.219515 0.09933
vt 0.209476 0.074262
vt 0.22033 0.076304
vt 0.214866 0.045464
vt 0.226341 0.047346
vt 0.211232 0.189967
vt 0.211517 0.166359
vt 0.223606 0.189709
vt 0.223646 0.166308
vt 0.193383 0.150617
vt 0.199703 0.106925
vt 0.179373 0.114516
vt 0.179317 0.13906
vt 0.241787 0.151292
vt 0.256255 0.139842
vt 0.255513 0.114337
vt 0.236329 0.106568
vt 0.316479 0.143767
vt 0.305492 0.143751
vt 0.315853 0.122629
vt 0.306072 0.122637
vt 0.307549 0.104608
vt 0.318416 0.10442
vt 0.305629 0.080971
vt 0.317111 0.078722
vt 0.299249 0.049113
vt 0.311859 0.047166
vt 0.316071 0.191198
vt 0.304422 0.190532
vt 0.31682 0.169085
vt 0.305222 0.168818
vt 0.336119 0.153312
vt 0.350106 0.141024
vt 0.349021 0.116329
vt 0.328256 0.109561
vt 0.285722 0.153346
vt 0.293671 0.109547
vt 0.274382 0.115801
vt 0.271875 0.140959
usemtl standardSurface8SG
f 967/1622/1421 968/1623/1421 969/1624/1421
f 968/1623/1421 970/1625/1421 969/1624/1421
f 968/1623/1422 971/1626/1422 972/1627/1422
f 968/1623/1422 972/1627/1422 970/1625/1422
f 971/1626/1423 973/1628/1423 974/1629/1423
f 971/1626/1423 974/1629/1423 972/1627/1423
f 973/1628/1424 975/1630/1424 976/1631/1424
f 973/1628/1424 976/1631/1424 974/1629/1424
f 975/1632/1425 977/1633/1425 976/1634/1425
f 977/1633/1425 978/1635/1425 976/1634/1425
f 977/1633/1426 967/1622/1426 969/1624/1426
f 977/1633/1426 969/1624/1426 978/1635/1426
f 968/1623/1427 967/1622/1427 977/1636/1427
f 971/1637/1427 968/1623/1427 977/1636/1427
f 973/1638/1427 971/1637/1427 977/1636/1427
f 975/1639/1427 973/1638/1427 977/1636/1427
f 978/1640/1428 969/1624/1428 970/1625/1428
f 976/1641/1428 978/1640/1428 970/1625/1428
f 974/1642/1428 976/1641/1428 970/1625/1428
f 972/1643/1428 974/1642/1428 970/1625/1428
f 979/1644/1429 980/1645/1429 981/1646/1429
f 980/1645/1429 982/1647/1429 981/1646/1429
f 981/1646/1430 982/1647/1430 983/1648/1430
f 981/1646/1430 983/1648/1430 984/1649/1430
f 984/1649/1431 983/1648/1431 985/1650/1431
f 984/1649/1431 985/1650/1431 986/1651/1431
f 986/1651/1432 985/1650/1433 987/1652/1432
f 986/1651/1432 987/1652/1432 988/1653/1432
f 988/1654/1434 987/1655/1434 989/1656/1434
f 987/1655/1434 990/1657/1434 989/1656/1434
f 989/1656/1435 990/1657/1435 979/1644/1435
f 990/1657/1435 980/1645/1435 979/1644/1435
f 989/1658/1436 979/1644/1436 981/1646/1436
f 988/1659/1436 989/1658/1436 981/1646/1436
f 986/1660/1436 988/1659/1436 981/1646/1436
f 984/1661/1436 986/1660/1436 981/1646/1436
f 982/1647/1437 980/1645/1437 990/1662/1437
f 983/1663/1437 982/1647/1437 990/1662/1437
f 985/1664/1437 983/1663/1437 990/1662/1437
f 987/1665/1437 985/1664/1437 990/1662/1437
s off
g Head_uv_standardSurface8SG_3
v -1.49909 6.14595 1.70769
v -0.932178 5.86615 1.90204
v -0.94273 6.37069 2.26195
v -1.63769 6.42525 1.81887
v 0 6.87577 2.71365
v -0.167244 6.84384 2.59586
v -0.093999 6.80736 2.55722
v 0 6.77125 2.54543
v 0.093999 6.80736 2.55722
v 0.167244 6.84384 2.59586
v 0.932178 5.86615 1.90204
v 1.49909 6.14595 1.70769
v 0.94273 6.37069 2.26195
v 1.63769 6.42525 1.81887
v -1.74026 6.84419 1.90127
v -0.958559 6.84524 2.45609
v -1.7884 7.08856 1.85458
v -0.969355 7.08331 2.46079
v 0 6.99323 2.65202
v 0.958559 6.84524 2.45609
v 1.74026 6.84419 1.90127
v 1.7884 7.08856 1.85458
v 0.969355 7.08331 2.46079
v -1.90073 7.65874 1.74563
v -0.994544 7.63879 2.32788
v -1.81386 8.62189 1.88175
v -0.94317 8.64396 2.45735
v 0 7.65597 2.53691
v 0 8.7069 2.59694
v 0.994544 7.63879 2.32788
v 0.94317 8.64396 2.45735
v 1.90073 7.65874 1.74563
v 1.81386 8.62189 1.88175
v -1.61553 9.41742 1.72347
v -0.880555 9.66385 2.13084
v 0 9.81446 2.29417
v 0.880555 9.66385 2.13084
v 1.61553 9.41742 1.72347
v -0.966513 10.3587 1.12155
v -1.87108 9.83271 1.05489
v 0 10.5247 1.15543
v 0.966513 10.3587 1.12155
v 1.87108 9.83271 1.05489
v -1.11856 10.5949 0.045172
v -2.06698 10.0151 0.045447
v 0 10.8077 0.059209
v 1.11856 10.5949 0.045172
v 2.06698 10.0151 0.045447
v -1.86657 9.78756 -0.917276
v -1.08163 10.3616 -1.02421
v 0 10.5687 -1.07715
v 1.08163 10.3616 -1.02421
v 1.86657 9.78756 -0.917276
v -1.59048 9.55131 -1.51308
v -0.983943 9.8033 -1.77952
v 0 9.97381 -1.95894
v 0.983943 9.8033 -1.77952
v 1.59048 9.55131 -1.51308
v -1.02893 9.02777 -2.26963
v -1.82164 8.94416 -1.73093
v 0 9.05498 -2.41974
v 1.02893 9.02777 -2.26963
v 1.82164 8.94416 -1.73093
v -1.02561 7.98599 -2.39305
v -1.95511 7.97916 -1.87953
v 0 7.99497 -2.60195
v 1.02561 7.98599 -2.39305
v 1.95511 7.97916 -1.87953
v -1.84646 7.33981 -1.78044
v -1.00707 7.33928 -2.26937
v -1.79989 7.0658 -1.73797
v -0.999131 7.06212 -2.21637
v 0 7.28591 -2.44926
v 0 6.98202 -2.38382
v 1.00707 7.33928 -2.26937
v 0.999131 7.06212 -2.21637
v 1.84646 7.33981 -1.78044
v 1.79989 7.0658 -1.73797
v -1.65021 6.75644 -1.59703
v -0.95819 6.67503 -1.92021
v -1.55042 6.55021 -1.50307
v -0.930897 6.41697 -1.72277
v 0 6.49535 -2.07803
v 0 6.1709 -1.87417
v 0.95819 6.67503 -1.92021
v 0.930897 6.41697 -1.72277
v 1.65021 6.75644 -1.59703
v 1.55042 6.55021 -1.50307
v -0.961065 5.89462 -0.928243
v -1.81125 6.37114 -0.925469
v 0 5.65695 -0.949484
v 0.961065 5.89462 -0.928243
v 1.81125 6.37114 -0.925469
v -1.93438 6.08789 0.050215
v -0.985586 5.64362 0.046816
v 0 5.45837 0.051105
v 0.985586 5.64354 0.046816
v 1.93438 6.08782 0.050215
v -0.963641 5.63882 1.05823
v -1.79364 6.06025 1.07037
v 0 5.40351 1.0495
v 0.963641 5.63882 1.05823
v 1.79364 6.06025 1.07037
v 0 5.68083 1.93023
v 2.01522 6.6205 -0.96288
v 2.1785 6.42227 0.04711
v 2.09799 6.3853 0.983983
v 2.32117 6.99454 -1.019
v 2.37526 7.25664 -1.02059
v 2.54469 6.92396 0.042452
v 2.58675 7.18363 0.037388
v 2.37173 6.87289 0.976414
v 2.40915 7.1282 0.963871
v 2.50146 7.86822 -1.02432
v 2.34715 8.90366 -1.00312
v 2.68489 7.78954 0.025571
v 2.58533 8.76552 0.029167
v 2.49647 7.72392 0.934606
v 2.39778 8.66617 0.924507
v -2.01522 6.6205 -0.96288
v -2.1785 6.42232 0.04711
v -2.09799 6.3853 0.983983
v -2.32117 6.99454 -1.019
v -2.37526 7.25664 -1.02059
v -2.54469 6.92396 0.042452
v -2.58675 7.18363 0.037388
v -2.37173 6.87289 0.976414
v -2.40915 7.1282 0.963871
v -2.50146 7.86822 -1.02432
v -2.34715 8.90366 -1.00312
v -2.68489 7.78954 0.025571
v -2.58533 8.76552 0.029167
v -2.49647 7.72392 0.934606
v -2.39778 8.66617 0.924507
v -0.98015 7.32137 2.4171
v -0.111496 7.3282 2.47782
v 0 6.26308 2.31374
v 0.111496 7.3282 2.47782
v 0.98015 7.32137 2.4171
v 0 7.34908 2.55664
v 0 7.11892 2.60977
v 0.195118 7.08238 2.46953
v -0.195118 7.08238 2.46953
v 0 6.73291 2.43751
v -0.13937 6.77113 2.47339
v 0.13937 6.77113 2.47339
v 0.27874 6.85471 2.47296
v -0.27874 6.85471 2.47296
v -1.83654 7.33292 1.80789
v -2.44657 7.38351 0.951329
v -2.62881 7.44331 0.032324
v -2.42935 7.51875 -1.02219
v -1.89302 7.61382 -1.82291
v -1.01502 7.61644 -2.32237
v 0 7.58979 -2.5147
v 1.01502 7.61644 -2.32237
v 1.89302 7.61382 -1.82291
v 2.42935 7.51875 -1.02219
v 2.62881 7.44331 0.032324
v 2.44657 7.38351 0.951329
v 1.83654 7.33292 1.80789
vn -0.491255 -0.515458 0.70212
vn -0.23723 -0.556342 0.79637
vn -0.270217 -0.445939 0.8533
vn -0.524151 -0.392772 0.755642
vn 0 -0.312009 0.950079
vn -0.641716 -0.055203 0.764953
vn -0.259912 -0.853667 0.451329
vn 0 -0.889208 0.457503
vn 0.259912 -0.853667 0.451329
vn 0.641716 -0.055203 0.764953
vn 0.23723 -0.556342 0.79637
vn 0.491255 -0.515458 0.70212
vn 0.270217 -0.445939 0.8533
vn 0.524151 -0.392772 0.755642
vn -0.566013 -0.187266 0.802846
vn -0.311181 -0.231777 0.921654
vn -0.586205 0.047207 0.808787
vn -0.357395 0.042446 0.932988
vn 0 0.369124 0.92938
vn 0.311181 -0.231777 0.921654
vn 0.566013 -0.187266 0.802845
vn 0.586205 0.047208 0.808787
vn 0.357395 0.042446 0.932988
vn -0.548512 -0.028969 0.835641
vn -0.383507 -0.036054 0.922834
vn -0.549275 0.078306 0.831965
vn -0.360185 0.094746 0.928057
vn 0 -0.058354 0.998296
vn -0 0.109744 0.99396
vn 0.383507 -0.036054 0.922834
vn 0.360185 0.094746 0.928057
vn 0.548512 -0.028969 0.835641
vn 0.549275 0.078306 0.831965
vn -0.53453 0.288925 0.794229
vn -0.337496 0.290806 0.895281
vn -0 0.288859 0.957372
vn 0.337496 0.290806 0.895281
vn 0.53453 0.288925 0.794229
vn -0.480755 0.683087 0.549789
vn -0.306934 0.775776 0.551329
vn -0.331116 0.857209 0.394404
vn -0.500372 0.777659 0.380624
vn -0 0.83314 0.553061
vn -0 0.915486 0.40235
vn 0.306934 0.775776 0.551329
vn 0.331116 0.857209 0.394404
vn 0.480754 0.683087 0.549789
vn 0.500372 0.777659 0.380624
vn -0.363476 0.931567 0.008206
vn -0.541721 0.840514 0.008645
vn -0 0.999947 0.010329
vn 0.363476 0.931567 0.008206
vn 0.541721 0.840514 0.008645
vn -0.549176 0.761972 -0.343228
vn -0.353214 0.858014 -0.372897
vn 0 0.92245 -0.386117
vn 0.353214 0.858014 -0.372897
vn 0.549176 0.761972 -0.343228
vn -0.532989 0.656654 -0.533599
vn -0.322937 0.758037 -0.566649
vn 0 0.811477 -0.584385
vn 0.322937 0.758037 -0.566649
vn 0.532989 0.656654 -0.533599
vn -0.522301 0.468984 -0.712219
vn -0.312071 0.486427 -0.816089
vn -0.337126 0.296078 -0.893691
vn -0.528808 0.2615 -0.807453
vn 0 0.493265 -0.869879
vn 0 0.311973 -0.950091
vn 0.312071 0.486427 -0.816089
vn 0.337126 0.296078 -0.893691
vn 0.522301 0.468984 -0.712219
vn 0.528808 0.2615 -0.807453
vn -0.343102 0.053168 -0.937792
vn -0.515821 0.054669 -0.85495
vn -0 0.051947 -0.99865
vn 0.343102 0.053168 -0.937792
vn 0.515821 0.054669 -0.85495
vn -0.49349 -0.195602 -0.847471
vn -0.334457 -0.200033 -0.920937
vn -0.463434 -0.40015 -0.790638
vn -0.31254 -0.420421 -0.851801
vn -0 -0.202173 -0.97935
vn -0 -0.448345 -0.89386
vn 0.334457 -0.200033 -0.920937
vn 0.31254 -0.420421 -0.851801
vn 0.49349 -0.195602 -0.847471
vn 0.463434 -0.40015 -0.790638
vn -0.409555 -0.562745 -0.718041
vn -0.297496 -0.563755 -0.770504
vn -0.392994 -0.563579 -0.726591
vn -0.302167 -0.56044 -0.771105
vn -0 -0.574711 -0.818357
vn 0 -0.575664 -0.817686
vn 0.297496 -0.563755 -0.770504
vn 0.302167 -0.56044 -0.771105
vn 0.409554 -0.562745 -0.718041
vn 0.392994 -0.563579 -0.726591
vn -0.396913 -0.780423 -0.483115
vn -0.307354 -0.811684 -0.496691
vn -0.323251 -0.876154 -0.357579
vn -0.427382 -0.835556 -0.345241
vn -0 -0.854375 -0.519657
vn -1e-05 -0.929817 -0.368021
vn 0.307354 -0.811684 -0.496691
vn 0.323239 -0.876147 -0.357606
vn 0.396913 -0.780423 -0.483115
vn 0.427375 -0.835543 -0.345281
vn -0.443314 -0.886452 -0.132946
vn -0.328548 -0.936237 -0.124566
vn -1.9e-05 -0.992145 -0.125095
vn 0.328529 -0.936243 -0.124566
vn 0.443314 -0.886452 -0.132949
vn -0.322209 -0.939413 0.116976
vn -0.447556 -0.888571 0.100676
vn -1.1e-05 -0.993325 0.115346
vn 0.322199 -0.939413 0.117007
vn 0.447554 -0.888566 0.100725
vn -0.459633 -0.843034 0.27934
vn -0.305548 -0.909808 0.280873
vn 0 -0.958686 0.284468
vn 0.305548 -0.909808 0.280873
vn 0.459633 -0.843034 0.27934
vn 0.732289 -0.597161 -0.327339
vn 0.654627 -0.577211 -0.48815
vn 0.728955 -0.598637 -0.332052
vn 0.645382 -0.575215 -0.502603
vn 0.775922 -0.626591 -0.073002
vn 0.798014 -0.597691 -0.077065
vn 0.759257 -0.597837 0.257138
vn 0.811454 -0.52502 0.256702
vn 0.724376 -0.548085 0.418188
vn 0.770403 -0.432198 0.468705
vn 0.815968 -0.454412 -0.357359
vn 0.724941 -0.41 -0.553498
vn 0.794952 -0.196428 -0.573993
vn 0.902188 -0.191641 -0.386433
vn 0.889767 -0.452349 -0.060792
vn 0.985606 -0.16653 -0.02911
vn 0.878439 -0.360674 0.313463
vn 0.913654 -0.10933 0.391513
vn 0.80725 -0.280498 0.519296
vn 0.820231 -0.073201 0.56733
vn 0.931918 0.055123 -0.358456
vn 0.830519 0.07601 -0.551779
vn 0.795818 0.283157 -0.535253
vn 0.892362 0.290639 -0.345281
vn 0.999123 0.041605 -0.004718
vn 0.961202 0.275648 0.010437
vn 0.915959 0.024364 0.400532
vn 0.901643 0.22225 0.371006
vn 0.8257 0.012738 0.563966
vn 0.826361 0.176365 0.534811
vn 0.731333 0.452949 -0.509892
vn 0.84601 0.436926 -0.305552
vn 0.912975 0.407229 0.025318
vn 0.870911 0.350568 0.344407
vn 0.808009 0.305743 0.50363
vn -0.654627 -0.577211 -0.48815
vn -0.732284 -0.597179 -0.32732
vn -0.728947 -0.598651 -0.332043
vn -0.645382 -0.575215 -0.502603
vn -0.775905 -0.626611 -0.073012
vn -0.798 -0.59771 -0.077067
vn -0.759252 -0.597849 0.257126
vn -0.811449 -0.525033 0.256691
vn -0.724376 -0.548086 0.418188
vn -0.770403 -0.432198 0.468705
vn -0.724941 -0.41 -0.553498
vn -0.815965 -0.454419 -0.357356
vn -0.794952 -0.196427 -0.573993
vn -0.902188 -0.191641 -0.386433
vn -0.889762 -0.452359 -0.060792
vn -0.985607 -0.16653 -0.02911
vn -0.878437 -0.36068 0.313461
vn -0.913655 -0.10933 0.391513
vn -0.80725 -0.280498 0.519296
vn -0.820231 -0.073201 0.56733
vn -0.830519 0.07601 -0.551779
vn -0.931918 0.055123 -0.358456
vn -0.795818 0.283158 -0.535253
vn -0.892362 0.290639 -0.345281
vn -0.999123 0.041605 -0.004719
vn -0.961202 0.275648 0.010437
vn -0.915959 0.024364 0.400532
vn -0.901643 0.222251 0.371006
vn -0.8257 0.012738 0.563966
vn -0.826361 0.176365 0.534811
vn -0.731332 0.452949 -0.509892
vn -0.84601 0.436926 -0.305552
vn -0.912975 0.407229 0.025318
vn -0.870911 0.350568 0.344407
vn -0.808009 0.305743 0.50363
vn -0.362668 0.091946 0.927371
vn -0.173594 0.082293 0.981373
vn 0 -0.565403 0.824815
vn 0 -0.476216 0.879328
vn 0.173594 0.082293 0.981373
vn 0.362668 0.091946 0.927371
vn 0 0.168557 0.985692
vn 0 0.292914 0.956139
vn 0.163156 0.099145 0.981606
vn -0.163156 0.099145 0.981606
vn 0 -0.914357 0.404909
vn -0.317457 -0.859274 0.401085
vn 0.317457 -0.859274 0.401085
vn 0.128403 0.017408 0.991569
vn -0.128403 0.017408 0.991569
vn -0.564624 0.110495 0.817919
vn -0.910379 -0.108104 0.399403
vn -0.814179 -0.071109 0.576243
vn -0.985898 -0.166298 -0.018723
vn -0.905731 -0.192229 -0.377755
vn -0.805381 -0.197154 -0.55901
vn -0.482776 -0.195607 -0.853619
vn -0.334839 -0.199638 -0.920884
vn 0 -0.202252 -0.979333
vn 0.334839 -0.199638 -0.920884
vn 0.482776 -0.195607 -0.853619
vn 0.905731 -0.192229 -0.377756
vn 0.805381 -0.197154 -0.55901
vn 0.985898 -0.166298 -0.018723
vn 0.910379 -0.108104 0.399403
vn 0.814179 -0.071109 0.576243
vn 0.564624 0.110495 0.817919
vn 0.054935 -0.339249 0.939091
vn -0.054935 -0.339249 0.939091
vn 0 -0.342498 0.939519
vt 0.597364 0.109709
vt 0.615277 0.096462
vt 0.621552 0.110274
vt 0.59783 0.120269
vt 0.669573 0.131856
vt 0.661714 0.130508
vt 0.663631 0.128381
vt 0.665548 0.126253
vt 0.68971 0.125089
vt 0.69184 0.127003
vt 0.684197 0.129511
vt 0.687581 0.123175
vt 0.739722 0.093918
vt 0.756534 0.109052
vt 0.732695 0.106735
vt 0.755482 0.119413
vt 0.598529 0.13611
vt 0.630966 0.130992
vt 0.596861 0.144328
vt 0.631194 0.139721
vt 0.669287 0.135979
vt 0.684461 0.133779
vt 0.721271 0.127112
vt 0.753905 0.134956
vt 0.755249 0.14357
vt 0.721185 0.136504
vt 0.592971 0.163503
vt 0.631728 0.160089
vt 0.600481 0.195241
vt 0.636887 0.19544
vt 0.667664 0.159339
vt 0.670161 0.199447
vt 0.685954 0.157963
vt 0.720984 0.158418
vt 0.716485 0.196151
vt 0.68402 0.200467
vt 0.758385 0.163671
vt 0.750948 0.196695
vt 0.603486 0.22347
vt 0.632778 0.232436
vt 0.662611 0.243563
vt 0.720009 0.234516
vt 0.690212 0.24559
vt 0.74813 0.22545
vt 0.607804 0.267816
vt 0.581346 0.24167
vt 0.636439 0.28831
vt 0.715889 0.292606
vt 0.743448 0.270584
vt 0.768479 0.244047
vt 0.577255 0.293394
vt 0.54991 0.2601
vt 0.609627 0.3206
vt 0.745939 0.323252
vt 0.774273 0.294645
vt 0.798939 0.262201
vt 0.393606 0.097083
vt 0.420992 0.06402
vt 0.424575 0.115962
vt 0.448641 0.091619
vt 0.452562 0.035949
vt 0.480601 0.068615
vt 0.907637 0.039885
vt 0.937215 0.070063
vt 0.907735 0.095708
vt 0.877422 0.070562
vt 0.962271 0.104926
vt 0.930074 0.12164
vt 0.445856 0.127807
vt 0.468461 0.117925
vt 0.501921 0.103793
vt 0.886164 0.120594
vt 0.853741 0.104201
vt 0.908037 0.132002
vt 0.476811 0.148256
vt 0.444273 0.150597
vt 0.51334 0.142849
vt 0.839682 0.142389
vt 0.875759 0.150285
vt 0.908053 0.154844
vt 0.478555 0.183598
vt 0.442989 0.181739
vt 0.515911 0.185656
vt 0.834191 0.18492
vt 0.871602 0.185424
vt 0.907203 0.186005
vt 0.442292 0.202394
vt 0.47496 0.205642
vt 0.441993 0.211246
vt 0.473419 0.215089
vt 0.510306 0.214056
vt 0.507903 0.226227
vt 0.837837 0.213636
vt 0.873679 0.20766
vt 0.874569 0.21719
vt 0.8394 0.225943
vt 0.906485 0.206658
vt 0.906177 0.215509
vt 0.441785 0.22355
vt 0.467159 0.230989
vt 0.441647 0.231753
vt 0.462986 0.241589
vt 0.498582 0.246996
vt 0.492368 0.260842
vt 0.847276 0.247302
vt 0.879724 0.233479
vt 0.883161 0.244339
vt 0.852527 0.261541
vt 0.905541 0.227796
vt 0.905117 0.235988
vt 0.441089 0.267688
vt 0.420194 0.240152
vt 0.466799 0.292644
vt 0.875857 0.295016
vt 0.903214 0.271877
vt 0.925939 0.245835
vt 0.389235 0.259752
vt 0.413853 0.291943
vt 0.439534 0.318819
vt 0.901264 0.322997
vt 0.928723 0.297943
vt 0.955484 0.267518
vt 0.538324 0.095506
vt 0.55834 0.058526
vt 0.58982 0.07651
vt 0.572889 0.105102
vt 0.580435 0.027676
vt 0.610878 0.047861
vt 0.781598 0.029467
vt 0.800593 0.061064
vt 0.749366 0.04627
vt 0.767224 0.076755
vt 0.817836 0.098393
vt 0.781367 0.106215
vt 0.635541 0.07122
vt 0.722254 0.066751
vt 0.929938 0.235436
vt 0.962467 0.252614
vt 0.821319 0.11482
vt 0.78589 0.119239
vt 0.935936 0.219836
vt 0.937446 0.21104
vt 0.97294 0.23026
vt 0.97463 0.219865
vt 0.792674 0.138774
vt 0.826543 0.139461
vt 0.792942 0.14793
vt 0.826365 0.150184
vt 0.940969 0.190516
vt 0.938793 0.155558
vt 0.978572 0.19561
vt 0.977024 0.156244
vt 0.793568 0.169293
vt 0.82595 0.175206
vt 0.78796 0.202964
vt 0.817865 0.214
vt 0.416916 0.229501
vt 0.383288 0.244405
vt 0.533574 0.111765
vt 0.567545 0.118021
vt 0.411998 0.213526
vt 0.411094 0.204646
vt 0.374369 0.221385
vt 0.373395 0.210899
vt 0.526448 0.136154
vt 0.559529 0.1374
vt 0.558758 0.146496
vt 0.525854 0.14671
vt 0.408984 0.183928
vt 0.413551 0.149201
vt 0.371123 0.186432
vt 0.375368 0.147269
vt 0.524468 0.17134
vt 0.55696 0.16772
vt 0.561357 0.201013
vt 0.530151 0.210032
vt 0.631423 0.14845
vt 0.662141 0.147268
vt 0.709738 0.086786
vt 0.691366 0.144576
vt 0.721099 0.145896
vt 0.645934 0.090992
vt 0.685251 0.146582
vt 0.668428 0.148346
vt 0.684788 0.138167
vt 0.695424 0.134536
vt 0.668801 0.140253
vt 0.657998 0.138214
vt 0.661523 0.12065
vt 0.657689 0.124905
vt 0.690965 0.116839
vt 0.695224 0.120667
vt 0.699483 0.124495
vt 0.653855 0.12916
vt 0.595194 0.152545
vt 0.557988 0.155592
vt 0.52526 0.157265
vt 0.41019 0.195767
vt 0.372421 0.200413
vt 0.44259 0.193542
vt 0.476501 0.196194
vt 0.512708 0.201884
vt 0.872789 0.19813
vt 0.836275 0.201329
vt 0.906793 0.197807
vt 0.938956 0.202244
vt 0.976319 0.20947
vt 0.79321 0.157085
vt 0.826187 0.160908
vt 0.756593 0.152185
usemtl standardSurface8SG
f 991/1666/1438 992/1667/1439 993/1668/1440
f 991/1666/1438 993/1668/1440 994/1669/1441
f 995/1670/1442 996/1671/1443 997/1672/1444
f 995/1670/1442 997/1672/1444 998/1673/1445
f 999/1674/1446 1000/1675/1447 995/1676/1442
f 999/1674/1446 995/1676/1442 998/1677/1445
f 1001/1678/1448 1002/1679/1449 1003/1680/1450
f 1002/1679/1449 1004/1681/1451 1003/1680/1450
f 1005/1682/1452 1006/1683/1453 1007/1684/1454
f 1006/1683/1453 1008/1685/1455 1007/1684/1454
f 1009/1686/1456 996/1671/1443 995/1670/1442
f 995/1676/1442 1000/1675/1447 1009/1687/1456
f 1010/1688/1457 1011/1689/1458 1012/1690/1459
f 1010/1688/1457 1012/1690/1459 1013/1691/1460
f 1014/1692/1461 1015/1693/1462 1016/1694/1463
f 1015/1693/1462 1017/1695/1464 1016/1694/1463
f 1015/1693/1462 1018/1696/1465 1017/1695/1464
f 1018/1696/1465 1019/1697/1466 1017/1695/1464
f 1018/1698/1465 1020/1699/1467 1021/1700/1468
f 1018/1698/1465 1021/1700/1468 1019/1701/1466
f 1020/1699/1467 1022/1702/1469 1023/1703/1470
f 1020/1699/1467 1023/1703/1470 1021/1700/1468
f 1016/1694/1463 1017/1695/1464 1024/1704/1471
f 1017/1695/1464 1025/1705/1472 1024/1704/1471
f 1017/1695/1464 1019/1697/1466 1025/1705/1472
f 1019/1697/1466 1026/1706/1473 1025/1705/1472
f 1019/1701/1466 1021/1700/1468 1027/1707/1474
f 1019/1701/1466 1027/1707/1474 1026/1708/1473
f 1021/1700/1468 1023/1703/1470 1028/1709/1475
f 1021/1700/1468 1028/1709/1475 1027/1707/1474
f 1024/1704/1476 1025/1705/1477 1029/1710/1478
f 1024/1704/1476 1029/1710/1478 1030/1711/1479
f 1025/1705/1477 1026/1706/1480 1031/1712/1481
f 1025/1705/1477 1031/1712/1481 1029/1710/1478
f 1026/1708/1480 1027/1707/1482 1031/1713/1481
f 1027/1707/1482 1032/1714/1483 1031/1713/1481
f 1027/1707/1482 1028/1709/1484 1032/1714/1483
f 1028/1709/1484 1033/1715/1485 1032/1714/1483
f 1030/1711/1479 1029/1710/1478 1034/1716/1486
f 1030/1711/1479 1034/1716/1486 1035/1717/1487
f 1029/1710/1478 1031/1712/1481 1036/1718/1488
f 1029/1710/1478 1036/1718/1488 1034/1716/1486
f 1031/1713/1481 1032/1714/1483 1036/1719/1488
f 1032/1714/1483 1037/1720/1489 1036/1719/1488
f 1032/1714/1483 1033/1715/1485 1037/1720/1489
f 1033/1715/1485 1038/1721/1490 1037/1720/1489
f 1035/1722/1487 1034/1723/1486 1039/1724/1491
f 1034/1723/1486 1040/1725/1492 1039/1724/1491
f 1034/1723/1486 1036/1726/1488 1040/1725/1492
f 1036/1726/1488 1041/1727/1493 1040/1725/1492
f 1036/1728/1488 1037/1729/1489 1042/1730/1494
f 1036/1728/1488 1042/1730/1494 1041/1731/1493
f 1037/1729/1489 1038/1732/1490 1043/1733/1495
f 1037/1729/1489 1043/1733/1495 1042/1730/1494
f 1039/1724/1491 1040/1725/1492 1044/1734/1496
f 1040/1725/1492 1045/1735/1497 1044/1734/1496
f 1040/1725/1492 1041/1727/1493 1045/1735/1497
f 1041/1727/1493 1046/1736/1498 1045/1735/1497
f 1041/1731/1493 1042/1730/1494 1047/1737/1499
f 1041/1731/1493 1047/1737/1499 1046/1738/1498
f 1042/1730/1494 1043/1733/1495 1048/1739/1500
f 1042/1730/1494 1048/1739/1500 1047/1737/1499
f 1044/1734/1501 1045/1735/1502 1049/1740/1503
f 1044/1734/1501 1049/1740/1503 1050/1741/1504
f 1045/1735/1502 1046/1736/1505 1051/1742/1506
f 1045/1735/1502 1051/1742/1506 1049/1740/1503
f 1046/1738/1505 1047/1737/1507 1051/1743/1506
f 1047/1737/1507 1052/1744/1508 1051/1743/1506
f 1047/1737/1507 1048/1739/1509 1052/1744/1508
f 1048/1739/1509 1053/1745/1510 1052/1744/1508
f 1050/1741/1504 1049/1740/1503 1054/1746/1511
f 1050/1741/1504 1054/1746/1511 1055/1747/1512
f 1049/1740/1503 1051/1742/1506 1056/1748/1513
f 1049/1740/1503 1056/1748/1513 1054/1746/1511
f 1051/1743/1506 1052/1744/1508 1056/1749/1513
f 1052/1744/1508 1057/1750/1514 1056/1749/1513
f 1052/1744/1508 1053/1745/1510 1057/1750/1514
f 1053/1745/1510 1058/1751/1515 1057/1750/1514
f 1059/1752/1516 1060/1753/1517 1061/1754/1518
f 1060/1753/1517 1062/1755/1519 1061/1754/1518
f 1060/1753/1517 1063/1756/1520 1062/1755/1519
f 1063/1756/1520 1064/1757/1521 1062/1755/1519
f 1063/1758/1520 1065/1759/1522 1066/1760/1523
f 1063/1758/1520 1066/1760/1523 1064/1761/1521
f 1065/1759/1522 1067/1762/1524 1068/1763/1525
f 1065/1759/1522 1068/1763/1525 1066/1760/1523
f 1069/1764/1526 1070/1765/1527 1071/1766/1528
f 1070/1765/1527 1072/1767/1529 1071/1766/1528
f 1070/1765/1527 1073/1768/1530 1072/1767/1529
f 1073/1768/1530 1074/1769/1531 1072/1767/1529
f 1073/1770/1530 1075/1771/1532 1076/1772/1533
f 1073/1770/1530 1076/1772/1533 1074/1773/1531
f 1075/1771/1532 1077/1774/1534 1078/1775/1535
f 1075/1771/1532 1078/1775/1535 1076/1772/1533
f 1071/1766/1536 1072/1767/1537 1079/1776/1538
f 1071/1766/1536 1079/1776/1538 1080/1777/1539
f 1072/1767/1537 1074/1769/1540 1081/1778/1541
f 1072/1767/1537 1081/1778/1541 1079/1776/1538
f 1074/1773/1540 1076/1772/1542 1081/1779/1541
f 1076/1772/1542 1082/1780/1543 1081/1779/1541
f 1076/1772/1542 1078/1775/1544 1082/1780/1543
f 1078/1775/1544 1083/1781/1545 1082/1780/1543
f 1080/1777/1539 1079/1776/1538 1084/1782/1546
f 1079/1776/1538 1085/1783/1547 1084/1782/1546
f 1079/1776/1538 1081/1778/1541 1086/1784/1548
f 1079/1776/1538 1086/1784/1548 1085/1783/1547
f 1081/1779/1541 1082/1780/1543 1086/1785/1548
f 1082/1780/1543 1087/1786/1549 1086/1785/1548
f 1082/1780/1543 1083/1781/1545 1088/1787/1550
f 1082/1780/1543 1088/1787/1550 1087/1786/1549
f 1084/1788/1546 1085/1789/1547 1089/1790/1551
f 1084/1788/1546 1089/1790/1551 1090/1791/1552
f 1085/1789/1547 1086/1792/1548 1091/1793/1553
f 1085/1789/1547 1091/1793/1553 1089/1790/1551
f 1086/1794/1548 1087/1795/1549 1091/1796/1553
f 1087/1795/1549 1092/1797/1554 1091/1796/1553
f 1087/1795/1549 1088/1798/1550 1092/1797/1554
f 1088/1798/1550 1093/1799/1555 1092/1797/1554
f 1090/1791/1552 1089/1790/1551 991/1666/1556
f 1089/1790/1551 992/1667/1557 991/1666/1556
f 1089/1790/1551 1091/1793/1553 992/1667/1557
f 1091/1793/1553 1094/1800/1558 992/1667/1557
f 1091/1796/1553 1092/1797/1554 1001/1678/1559
f 1091/1796/1553 1001/1678/1559 1094/1801/1558
f 1092/1797/1554 1093/1799/1555 1002/1679/1560
f 1092/1797/1554 1002/1679/1560 1001/1678/1559
f 1083/1781/1561 1078/1775/1562 1095/1802/1563
f 1078/1775/1562 1077/1774/1564 1095/1802/1563
f 1088/1787/1565 1083/1781/1561 1096/1803/1566
f 1083/1781/1561 1095/1802/1563 1096/1803/1566
f 1093/1799/1567 1088/1798/1565 1096/1804/1566
f 1093/1799/1567 1096/1804/1566 1097/1805/1568
f 1002/1679/1569 1093/1799/1567 1097/1805/1568
f 1002/1679/1569 1097/1805/1568 1004/1681/1570
f 1098/1806/1571 1068/1763/1572 1067/1762/1573
f 1098/1806/1571 1067/1762/1573 1099/1807/1574
f 1100/1808/1575 1098/1806/1571 1101/1809/1576
f 1098/1806/1571 1099/1807/1574 1101/1809/1576
f 1102/1810/1577 1100/1811/1575 1103/1812/1578
f 1100/1811/1575 1101/1813/1576 1103/1812/1578
f 1011/1689/1579 1102/1810/1577 1012/1690/1580
f 1102/1810/1577 1103/1812/1578 1012/1690/1580
f 1104/1814/1581 1058/1751/1582 1053/1745/1583
f 1104/1814/1581 1053/1745/1583 1105/1815/1584
f 1106/1816/1585 1104/1814/1581 1107/1817/1586
f 1104/1814/1581 1105/1815/1584 1107/1817/1586
f 1108/1818/1587 1106/1819/1585 1109/1820/1588
f 1106/1819/1585 1107/1821/1586 1109/1820/1588
f 1022/1702/1589 1108/1818/1587 1023/1703/1590
f 1108/1818/1587 1109/1820/1588 1023/1703/1590
f 1105/1815/1584 1053/1745/1583 1048/1739/1591
f 1105/1815/1584 1048/1739/1591 1043/1733/1592
f 1107/1817/1586 1105/1815/1584 1043/1733/1592
f 1107/1817/1586 1043/1733/1592 1038/1732/1593
f 1109/1820/1588 1107/1821/1586 1038/1721/1593
f 1109/1820/1588 1038/1721/1593 1033/1715/1594
f 1023/1703/1590 1109/1820/1588 1028/1709/1595
f 1109/1820/1588 1033/1715/1594 1028/1709/1595
f 1071/1766/1596 1080/1777/1597 1110/1822/1598
f 1071/1766/1596 1110/1822/1598 1069/1764/1599
f 1080/1777/1597 1084/1782/1600 1111/1823/1601
f 1080/1777/1597 1111/1823/1601 1110/1822/1598
f 1084/1788/1600 1090/1791/1602 1111/1824/1601
f 1090/1791/1602 1112/1825/1603 1111/1824/1601
f 1090/1791/1602 991/1666/1604 1112/1825/1603
f 991/1666/1604 994/1669/1605 1112/1825/1603
f 1061/1754/1606 1113/1826/1607 1059/1752/1608
f 1113/1826/1607 1114/1827/1609 1059/1752/1608
f 1113/1826/1607 1115/1828/1610 1116/1829/1611
f 1113/1826/1607 1116/1829/1611 1114/1827/1609
f 1115/1830/1610 1117/1831/1612 1118/1832/1613
f 1115/1830/1610 1118/1832/1613 1116/1833/1611
f 1117/1831/1612 1005/1682/1614 1007/1684/1615
f 1117/1831/1612 1007/1684/1615 1118/1832/1613
f 1055/1747/1616 1119/1834/1617 1050/1741/1618
f 1119/1834/1617 1120/1835/1619 1050/1741/1618
f 1119/1834/1617 1121/1836/1620 1122/1837/1621
f 1119/1834/1617 1122/1837/1621 1120/1835/1619
f 1121/1838/1620 1123/1839/1622 1124/1840/1623
f 1121/1838/1620 1124/1840/1623 1122/1841/1621
f 1123/1839/1622 1014/1692/1624 1016/1694/1625
f 1123/1839/1622 1016/1694/1625 1124/1840/1623
f 1050/1741/1618 1120/1835/1619 1044/1734/1626
f 1120/1835/1619 1039/1724/1627 1044/1734/1626
f 1120/1835/1619 1122/1837/1621 1039/1724/1627
f 1122/1837/1621 1035/1722/1628 1039/1724/1627
f 1122/1841/1621 1124/1840/1623 1035/1717/1628
f 1124/1840/1623 1030/1711/1629 1035/1717/1628
f 1124/1840/1623 1016/1694/1625 1024/1704/1630
f 1124/1840/1623 1024/1704/1630 1030/1711/1629
f 1125/1842/1631 1126/1843/1632 1015/1693/1462
f 1126/1843/1632 1018/1696/1465 1015/1693/1462
f 1094/1801/1633 1001/1678/1448 1127/1844/1634
f 1001/1678/1448 1003/1680/1450 1127/1844/1634
f 1128/1845/1635 1129/1846/1636 1020/1699/1467
f 1128/1845/1635 1020/1699/1467 1018/1698/1465
f 992/1667/1439 1094/1800/1633 1127/1847/1634
f 992/1667/1439 1127/1847/1634 993/1668/1440
f 1130/1848/1637 1128/1845/1635 1018/1698/1465
f 1018/1696/1465 1126/1843/1632 1130/1849/1637
f 1131/1850/1638 1132/1851/1639 1128/1845/1635
f 1131/1850/1638 1128/1845/1635 1130/1848/1637
f 1130/1849/1637 1126/1843/1632 1131/1852/1638
f 1126/1843/1632 1133/1853/1640 1131/1852/1638
f 998/1673/1445 997/1672/1444 1134/1854/1641
f 997/1672/1444 1135/1855/1642 1134/1854/1641
f 1134/1856/1641 1136/1857/1643 999/1674/1446
f 1134/1856/1641 999/1674/1446 998/1677/1445
f 1000/1675/1447 999/1674/1446 1137/1858/1644
f 999/1674/1446 1136/1857/1643 1137/1858/1644
f 1009/1687/1456 1000/1675/1447 1131/1850/1638
f 1131/1852/1638 996/1671/1443 1009/1686/1456
f 1138/1859/1645 1135/1855/1642 997/1672/1444
f 1138/1859/1645 997/1672/1444 996/1671/1443
f 1132/1851/1639 1131/1850/1638 1137/1858/1644
f 1131/1850/1638 1000/1675/1447 1137/1858/1644
f 996/1671/1443 1131/1852/1638 1138/1859/1645
f 1131/1852/1638 1133/1853/1640 1138/1859/1645
f 1139/1860/1646 1125/1842/1631 1014/1692/1461
f 1125/1842/1631 1015/1693/1462 1014/1692/1461
f 1140/1861/1647 1139/1860/1648 1014/1692/1624
f 1140/1861/1647 1014/1692/1624 1123/1839/1622
f 1141/1862/1649 1140/1861/1647 1123/1839/1622
f 1141/1862/1649 1123/1839/1622 1121/1838/1620
f 1142/1863/1650 1141/1864/1649 1121/1836/1620
f 1142/1863/1650 1121/1836/1620 1119/1834/1617
f 1143/1865/1651 1142/1863/1650 1055/1747/1616
f 1142/1863/1650 1119/1834/1617 1055/1747/1616
f 1055/1747/1512 1054/1746/1511 1143/1865/1652
f 1054/1746/1511 1144/1866/1653 1143/1865/1652
f 1054/1746/1511 1056/1748/1513 1144/1866/1653
f 1056/1748/1513 1145/1867/1654 1144/1866/1653
f 1056/1749/1513 1057/1750/1514 1146/1868/1655
f 1056/1749/1513 1146/1868/1655 1145/1869/1654
f 1057/1750/1514 1058/1751/1515 1147/1870/1656
f 1057/1750/1514 1147/1870/1656 1146/1868/1655
f 1148/1871/1657 1147/1870/1658 1058/1751/1582
f 1148/1871/1657 1058/1751/1582 1104/1814/1581
f 1149/1872/1659 1148/1871/1657 1106/1816/1585
f 1148/1871/1657 1104/1814/1581 1106/1816/1585
f 1150/1873/1660 1149/1874/1659 1108/1818/1587
f 1149/1874/1659 1106/1819/1585 1108/1818/1587
f 1151/1875/1661 1150/1873/1660 1022/1702/1589
f 1150/1873/1660 1108/1818/1587 1022/1702/1589
f 1129/1846/1636 1151/1875/1662 1022/1702/1469
f 1129/1846/1636 1022/1702/1469 1020/1699/1467
f 1007/1684/1454 1008/1685/1455 1139/1860/1646
f 1008/1685/1455 1125/1842/1631 1139/1860/1646
f 1118/1832/1613 1007/1684/1615 1139/1860/1648
f 1118/1832/1613 1139/1860/1648 1140/1861/1647
f 1116/1833/1611 1118/1832/1613 1140/1861/1647
f 1116/1833/1611 1140/1861/1647 1141/1862/1649
f 1114/1827/1609 1116/1829/1611 1141/1864/1649
f 1114/1827/1609 1141/1864/1649 1142/1863/1650
f 1059/1752/1608 1114/1827/1609 1143/1865/1651
f 1114/1827/1609 1142/1863/1650 1143/1865/1651
f 1143/1865/1652 1144/1866/1653 1059/1752/1516
f 1144/1866/1653 1060/1753/1517 1059/1752/1516
f 1144/1866/1653 1145/1867/1654 1060/1753/1517
f 1145/1867/1654 1063/1756/1520 1060/1753/1517
f 1145/1869/1654 1146/1868/1655 1065/1759/1522
f 1145/1869/1654 1065/1759/1522 1063/1758/1520
f 1146/1868/1655 1147/1870/1656 1067/1762/1524
f 1146/1868/1655 1067/1762/1524 1065/1759/1522
f 1099/1807/1574 1067/1762/1573 1147/1870/1658
f 1099/1807/1574 1147/1870/1658 1148/1871/1657
f 1101/1809/1576 1099/1807/1574 1149/1872/1659
f 1099/1807/1574 1148/1871/1657 1149/1872/1659
f 1103/1812/1578 1101/1813/1576 1150/1873/1660
f 1101/1813/1576 1149/1874/1659 1150/1873/1660
f 1012/1690/1580 1103/1812/1578 1151/1875/1661
f 1103/1812/1578 1150/1873/1660 1151/1875/1661
f 1013/1691/1460 1012/1690/1459 1151/1875/1662
f 1013/1691/1460 1151/1875/1662 1129/1846/1636
f 1138/1859/1645 1133/1853/1640 1008/1685/1455
f 1138/1859/1645 1008/1685/1455 1006/1683/1453
f 1008/1685/1455 1133/1853/1640 1126/1843/1632
f 1008/1685/1455 1126/1843/1632 1125/1842/1631
f 1132/1851/1639 1013/1691/1460 1128/1845/1635
f 1013/1691/1460 1129/1846/1636 1128/1845/1635
f 1137/1858/1644 1010/1688/1457 1013/1691/1460
f 1137/1858/1644 1013/1691/1460 1132/1851/1639
f 994/1669/1441 993/1668/1440 1006/1683/1453
f 994/1669/1441 1006/1683/1453 1005/1682/1452
f 1112/1825/1603 994/1669/1605 1117/1831/1612
f 994/1669/1605 1005/1682/1614 1117/1831/1612
f 1111/1824/1601 1112/1825/1603 1115/1830/1610
f 1112/1825/1603 1117/1831/1612 1115/1830/1610
f 1110/1822/1598 1111/1823/1601 1115/1828/1610
f 1110/1822/1598 1115/1828/1610 1113/1826/1607
f 1069/1764/1599 1110/1822/1598 1113/1826/1607
f 1069/1764/1599 1113/1826/1607 1061/1754/1606
f 1061/1754/1518 1062/1755/1519 1069/1764/1526
f 1062/1755/1519 1070/1765/1527 1069/1764/1526
f 1062/1755/1519 1064/1757/1521 1070/1765/1527
f 1064/1757/1521 1073/1768/1530 1070/1765/1527
f 1064/1761/1521 1066/1760/1523 1075/1771/1532
f 1064/1761/1521 1075/1771/1532 1073/1770/1530
f 1066/1760/1523 1068/1763/1525 1077/1774/1534
f 1066/1760/1523 1077/1774/1534 1075/1771/1532
f 1095/1802/1563 1077/1774/1564 1098/1806/1571
f 1077/1774/1564 1068/1763/1572 1098/1806/1571
f 1096/1803/1566 1095/1802/1563 1100/1808/1575
f 1095/1802/1563 1098/1806/1571 1100/1808/1575
f 1097/1805/1568 1096/1804/1566 1100/1811/1575
f 1097/1805/1568 1100/1811/1575 1102/1810/1577
f 1004/1681/1570 1097/1805/1568 1102/1810/1577
f 1004/1681/1570 1102/1810/1577 1011/1689/1579
f 1003/1680/1450 1004/1681/1451 1010/1688/1457
f 1004/1681/1451 1011/1689/1458 1010/1688/1457
f 1136/1857/1663 1010/1688/1457 1137/1858/1644
f 1006/1683/1453 993/1668/1440 1127/1847/1634
f 1135/1855/1664 1006/1683/1453 1127/1847/1634
f 1134/1854/1665 1135/1855/1664 1127/1847/1634
f 1006/1683/1453 1135/1855/1664 1138/1859/1645
f 1134/1856/1665 1127/1844/1634 1003/1680/1450
f 1136/1857/1663 1134/1856/1665 1003/1680/1450
f 1010/1688/1457 1136/1857/1663 1003/1680/1450
s off
g body_standardSurface9SG
v -2.44533 -3.17357 1.00812
v -1.17874 -3.3509 1.62168
v -2.14755 -1.83494 1.01997
v -1.09794 -1.96368 1.60597
v 0 -3.43158 1.70481
v 0 -2.00295 1.70491
v 1.17874 -3.3509 1.62168
v 1.09794 -1.96368 1.60597
v 2.44533 -3.17357 1.00812
v 2.14755 -1.83494 1.01997
v -1.8614 -0.948332 1.02673
v -0.971834 -1.03765 1.59207
v -1.45572 0.117463 0.934294
v -0.683142 0.085825 1.53183
v 0 -1.04476 1.70516
v 0 0.059526 1.64709
v 0.971834 -1.03765 1.59207
v 0.683142 0.085825 1.53183
v 1.8614 -0.948332 1.02673
v 1.45572 0.117463 0.934294
v -1.33616 0.609784 0.846703
v -0.568619 0.635077 1.4021
v 0 0.638232 1.58267
v 0.568619 0.635077 1.4021
v 1.33616 0.609784 0.846703
v -0.66835 2.06865 1.58009
v -1.50196 2.06336 1.1493
v 0 2.06847 1.70772
v 0.66835 2.06865 1.58009
v 1.50196 2.06336 1.1493
v -1.0423 4.01554 1.2805
v -0.519842 4.01158 1.44167
v 0 3.98741 1.58492
v 0.519843 4.01158 1.44166
v 1.0423 4.01554 1.2805
v -2.52435 -1.71221 -0.104085
v -2.83903 -3.0216 -0.180973
v 2.52435 -1.71221 -0.104085
v 2.83903 -3.0216 -0.180973
v -1.80226 0.142425 -0.008996
v -2.22353 -0.850724 -0.041778
v 1.80226 0.142425 -0.008996
v 2.22353 -0.850724 -0.041778
v -1.59501 0.682323 0.02168
v 1.59501 0.682323 0.02168
v -2.28647 -1.70554 -1.06912
v -2.63793 -3.02101 -1.12722
v 2.28647 -1.70554 -1.06912
v 2.63793 -3.02101 -1.12722
v -1.5789 0.04255 -0.831995
v -1.9605 -0.840099 -0.965526
v 1.5789 0.042549 -0.831995
v 1.9605 -0.8401 -0.965526
v -1.29589 0.616012 -0.676336
v 1.29589 0.616012 -0.676336
v -0.713175 0.534987 -0.876004
v -0.907379 -0.068444 -0.976508
v 0.713175 0.534988 -0.876004
v 0.907379 -0.068445 -0.976508
v -0.252723 0.493541 -0.99355
v -0.323106 -0.08617 -1.09568
v 0.252723 0.493542 -0.99355
v 0.323106 -0.086172 -1.09568
v -0.536752 4.68493 0.962452
v -1.07547 4.65329 0.91375
v 0.536752 4.68493 0.962451
v 1.07547 4.65329 0.91375
v -0.5442 5.01804 0.572496
v -1.11192 4.90508 0.523795
v 0.5442 5.01804 0.572495
v 1.11192 4.90508 0.523795
v -0.583926 5.12354 0.022018
v -1.15165 5.00912 -0.000661
v 0.583926 5.12354 0.022018
v 1.15165 5.00912 -0.000661
v -0.643863 5.10226 -0.610753
v -1.21179 4.98853 -0.606303
v 0.643863 5.10226 -0.610754
v 1.21179 4.98853 -0.606303
v -1.20132 4.68965 -0.989328
v -0.676392 4.77829 -1.08595
v 1.20132 4.68965 -0.989327
v 0.676393 4.77829 -1.08595
v -1.16148 4.22342 -1.07338
v -0.640516 4.22342 -1.17247
v 1.16148 4.22342 -1.07338
v 0.640517 4.22342 -1.17247
v -0.498003 2.77691 -1.1307
v -1.00593 2.77691 -1.02571
v 0.498003 2.77691 -1.1307
v 1.00593 2.77691 -1.02571
v -2.36566 -3.18899 0.937292
v -2.06808 -1.85417 0.950714
v -1.15114 -3.35462 1.52358
v -1.06844 -1.96893 1.50824
v 0 -3.43236 1.6045
v 0 -2.00403 1.6045
v 1.06844 -1.96893 1.50824
v 1.15114 -3.35462 1.52358
v 2.06808 -1.85417 0.950714
v 2.36566 -3.18899 0.937292
v -1.78277 -0.976088 0.961762
v -1.37703 0.085388 0.873754
v -0.937996 -1.04898 1.49562
v -0.644044 0.065404 1.43901
v 0 0.046159 1.54601
v 0 -1.04898 1.6045
v 0.937997 -1.04898 1.49562
v 0.644044 0.065404 1.43901
v 1.37703 0.085388 0.873754
v 1.78277 -0.976088 0.961762
v -1.24732 0.611596 0.78216
v -0.526791 0.63032 1.30727
v 0 0.635432 1.47863
v 0.526791 0.63032 1.30727
v 1.24732 0.611596 0.78216
v -1.45262 2.07042 1.06172
v -0.632791 2.07042 1.48504
v 0 2.07042 1.6045
v 0.632791 2.07042 1.48504
v 1.45262 2.07042 1.06172
v -0.998873 3.97962 1.1922
v -0.499437 3.97962 1.34591
v 0 3.97962 1.4827
v 0.499437 3.97962 1.34591
v 0.998873 3.97962 1.1922
v -2.73815 -3.04609 -0.187219
v -2.42452 -1.74195 -0.109808
v 2.42452 -1.74195 -0.109808
v 2.73815 -3.04609 -0.187219
v -2.12628 -0.889129 -0.046087
v -1.70516 0.101038 -0.010258
v 1.70516 0.101038 -0.010258
v 2.12628 -0.889129 -0.046087
v -1.4969 0.641475 0.022653
v 1.4969 0.641475 0.022653
v -2.54356 -3.04609 -1.10566
v -2.19373 -1.73577 -1.04643
v 2.19373 -1.73577 -1.04643
v 2.54356 -3.04609 -1.10566
v -1.87134 -0.877852 -0.940312
v -1.49958 -0.003678 -0.768264
v 1.49958 -0.003679 -0.768265
v 1.87134 -0.877852 -0.940312
v -1.23122 0.571612 -0.597287
v 1.23122 0.571613 -0.597287
v -0.886963 -0.093776 -0.88185
v -0.691458 0.520669 -0.777993
v 0.691458 0.52067 -0.777993
v 0.886963 -0.093777 -0.88185
v -0.312735 -0.10562 -0.997563
v -0.237931 0.483362 -0.893706
v 0.237931 0.483363 -0.893706
v 0.312735 -0.105621 -0.997564
v -1.05829 4.58551 0.840123
v -0.519568 4.61715 0.888824
v 0.519568 4.61715 0.888824
v 1.05829 4.58551 0.840123
v -1.09303 4.81356 0.481805
v -0.525312 4.92652 0.530506
v 0.525312 4.92652 0.530506
v 1.09303 4.81356 0.481805
v -1.13135 4.91105 -0.010161
v -0.563624 5.02548 0.012518
v 0.563625 5.02548 0.012518
v 1.13135 4.91105 -0.010161
v -1.19006 4.89135 -0.574224
v -0.622139 5.00508 -0.578674
v 0.62214 5.00508 -0.578675
v 1.19006 4.89135 -0.574223
v -1.17828 4.63454 -0.899214
v -0.653355 4.72318 -0.995836
v 0.653355 4.72318 -0.995837
v 1.17828 4.63454 -0.899214
v -1.14188 4.21851 -0.974937
v -0.620908 4.21851 -1.07403
v 0.620908 4.21851 -1.07403
v 1.14188 4.21851 -0.974936
v -0.984899 2.78382 -0.92816
v -0.476968 2.78382 -1.03315
v 0.476968 2.78382 -1.03315
v 0.984899 2.78382 -0.928159
vn -0.452246 0.064069 0.889589
vn -0.290126 0.039527 0.956172
vn -0.464074 0.077574 0.882393
vn -0.298155 0.050949 0.953157
vn 0 0.007826 0.999969
vn 0 0.010162 0.999948
vn 0.290126 0.039527 0.956172
vn 0.298155 0.050949 0.953157
vn 0.452246 0.064069 0.889589
vn 0.464074 0.077574 0.882393
vn -0.519642 0.165332 0.838235
vn -0.351693 0.118945 0.928528
vn -0.555322 0.248408 0.793669
vn -0.35902 0.173965 0.916974
vn -0 0.041172 0.999152
vn -0 0.101505 0.994835
vn 0.351693 0.118945 0.928528
vn 0.35902 0.173965 0.916974
vn 0.519642 0.165332 0.838235
vn 0.555322 0.248408 0.793669
vn -0.545495 -0.038661 0.837222
vn -0.439912 -0.0444 0.896942
vn 0 -0.024666 0.999696
vn 0.439912 -0.0444 0.896942
vn 0.545495 -0.038661 0.837222
vn -0.354572 -0.050436 0.933667
vn -0.501197 -0.124433 0.85634
vn 0 -0.005891 0.999983
vn 0.354572 -0.050436 0.933667
vn 0.501197 -0.124433 0.85634
vn -0.406845 0.062101 0.911384
vn -0.24274 0.079215 0.966852
vn 0 0.076129 0.997098
vn 0.242739 0.079215 0.966852
vn 0.406844 0.062101 0.911384
vn -0.921728 0.202094 0.331021
vn -0.912639 0.238978 0.331631
vn -0.915409 0.228325 0.331504
vn 0.915409 0.228325 0.331503
vn 0.912639 0.238978 0.331631
vn 0.921728 0.202094 0.33102
vn -0.885628 0.326002 0.330737
vn -0.878327 0.347545 0.32826
vn -0.878654 0.346785 0.328189
vn -0.887653 0.320259 0.330918
vn 0.878327 0.347545 0.328259
vn 0.885628 0.326002 0.330737
vn 0.878654 0.346785 0.328189
vn 0.887653 0.320259 0.330918
vn -0.896762 0.301777 0.323649
vn 0.896762 0.301777 0.323649
vn -0.943732 0.2506 -0.215801
vn -0.928097 0.296199 -0.225614
vn -0.931723 0.286247 -0.223506
vn 0.931723 0.286247 -0.223506
vn 0.928097 0.296199 -0.225614
vn 0.943732 0.2506 -0.215801
vn -0.877793 0.399186 -0.26482
vn -0.877793 0.399187 -0.26482
vn 0.877793 0.399187 -0.264819
vn 0.877793 0.399187 -0.26482
vn -0.840277 0.426118 -0.335199
vn 0.840277 0.426118 -0.3352
vn 0.905703 0.351491 -0.236973
vn -0.905703 0.351492 -0.236972
vn -0.211914 0.289124 -0.933541
vn -0.211914 0.289125 -0.933541
vn 0.211914 0.289124 -0.933541
vn -0.204769 0.209543 -0.956118
vn 0.204769 0.209542 -0.956118
vn 0 0.173496 -0.984834
vn -0.177929 0.528707 0.829946
vn 0.177928 0.528708 0.829946
vn -0.155405 0.786076 0.598276
vn 0.155404 0.786076 0.598276
vn -0.204506 0.957833 0.201824
vn 0.204504 0.957833 0.201825
vn -0.196731 0.980357 -0.01407
vn 0.19673 0.980357 -0.01407
vn -0.200196 0.79538 -0.572094
vn 0.200197 0.795381 -0.572093
vn -0.193996 0.147623 -0.969831
vn 0.193998 0.147623 -0.969831
vn -0.194321 -0.050305 -0.979647
vn 0.194323 -0.050306 -0.979647
vn -0.226684 -0.088437 -0.969945
vn 0.226685 -0.088437 -0.969945
vn 0.451648 -0.06376 -0.889915
vn 0.463298 -0.076834 -0.882865
vn 0.288175 -0.039102 -0.956779
vn 0.295742 -0.050209 -0.953948
vn 0 -0.007784 -0.99997
vn 0 -0.010032 -0.99995
vn -0.295742 -0.050209 -0.953948
vn -0.288175 -0.039102 -0.956779
vn -0.463298 -0.076834 -0.882865
vn -0.451649 -0.06376 -0.889915
vn 0.51947 -0.1642 -0.838564
vn 0.556426 -0.248177 -0.792968
vn 0.349973 -0.118041 -0.929293
vn 0.35861 -0.173506 -0.917221
vn 0 -0.101489 -0.994837
vn 0 -0.040518 -0.999179
vn -0.349973 -0.118041 -0.929293
vn -0.35861 -0.173506 -0.917221
vn -0.556426 -0.248177 -0.792968
vn -0.51947 -0.1642 -0.838564
vn 0.54602 0.042341 -0.836701
vn 0.443095 0.043226 -0.895432
vn 0 0.02361 -0.999721
vn -0.443095 0.043226 -0.895432
vn -0.54602 0.042341 -0.836701
vn 0.501335 0.123486 -0.856396
vn 0.356949 0.051666 -0.932694
vn -0 0.006081 -0.999982
vn -0.356949 0.051666 -0.932694
vn -0.501335 0.123486 -0.856396
vn 0.40736 -0.061652 -0.911185
vn 0.24276 -0.079043 -0.966861
vn -0 -0.076018 -0.997106
vn -0.24276 -0.079043 -0.966861
vn -0.407359 -0.061652 -0.911185
vn 0.921709 -0.202083 -0.331081
vn 0.915466 -0.228024 -0.331553
vn 0.912587 -0.239104 -0.331684
vn -0.915466 -0.228024 -0.331553
vn -0.921709 -0.202083 -0.33108
vn -0.912587 -0.239104 -0.331684
vn 0.885452 -0.326475 -0.33074
vn 0.887698 -0.320107 -0.330944
vn 0.878666 -0.34678 -0.328162
vn 0.878515 -0.34713 -0.328195
vn -0.878515 -0.34713 -0.328195
vn -0.878666 -0.34678 -0.328162
vn -0.885452 -0.326475 -0.33074
vn -0.887698 -0.320107 -0.330944
vn 0.896739 -0.30193 -0.323571
vn 0.896738 -0.30193 -0.323571
vn -0.896738 -0.30193 -0.323571
vn -0.896739 -0.30193 -0.323571
vn 0.943742 -0.250757 0.215575
vn 0.931821 -0.286134 0.223243
vn 0.928038 -0.29651 0.225448
vn -0.931821 -0.286134 0.223244
vn -0.943742 -0.250757 0.215575
vn -0.928038 -0.29651 0.225448
vn 0.875792 -0.402219 0.266848
vn -0.875792 -0.402219 0.266848
vn 0.840445 -0.42131 0.340807
vn -0.840445 -0.42131 0.340807
vn -0.90552 -0.352023 0.236884
vn 0.90552 -0.352023 0.236883
vn 0.202435 -0.294667 0.933912
vn -0.202436 -0.294667 0.933912
vn -0.202436 -0.294666 0.933912
vn 0.205113 -0.211031 0.955717
vn -0.205113 -0.21103 0.955717
vn 0 -0.173654 0.984807
vn 0.17793 -0.528708 -0.829945
vn -0.177929 -0.528707 -0.829946
vn 0.155405 -0.786076 -0.598275
vn -0.155403 -0.786077 -0.598275
vn 0.204504 -0.957833 -0.201825
vn 0.204504 -0.957834 -0.201825
vn -0.204504 -0.957834 -0.201825
vn -0.204504 -0.957833 -0.201825
vn 0.19673 -0.980357 0.01407
vn -0.19673 -0.980357 0.01407
vn 0.200195 -0.795381 0.572094
vn -0.200196 -0.79538 0.572094
vn 0.193995 -0.147624 0.969831
vn -0.193998 -0.147624 0.969831
vn 0.194321 0.050306 0.979647
vn -0.194323 0.050306 0.979647
vn 0.22611 0.087948 0.970123
vn -0.226111 0.087948 0.970123
vn -0.198972 -0.979807 -0.019727
vn -0.115957 -0.993111 0.016888
vn -0.102884 -0.994568 0.01583
vn -0.171142 -0.985246 0.00088
vn 0 -0.999914 0.013091
vn 0.115956 -0.993111 0.016888
vn 0.102884 -0.994568 0.015829
vn 0.198972 -0.979807 -0.019727
vn 0.171142 -0.985246 0.00088
vn -0.79707 0.130621 -0.589591
vn -0.740814 0.039638 -0.67054
vn -0.821911 0.179676 -0.540536
vn 0.740814 0.039638 -0.670539
vn 0.797072 0.130621 -0.589588
vn 0.821914 0.179676 -0.540532
vn -0.909357 0.084896 -0.407263
vn -0.871636 0.17809 -0.456657
vn -0 0.981904 -0.18938
vn 0.075098 0.979131 -0.188846
vn -0.075098 0.979131 -0.188846
vn 0.90936 0.084897 -0.407256
vn 0.871639 0.178091 -0.45665
vn -0.237826 -0.970088 -0.048672
vn -0.237472 -0.970187 -0.048415
vn 0.237825 -0.970088 -0.048672
vn 0.237471 -0.970187 -0.048415
vn 0.20371 0.979029 -0.002083
vn 0.31012 0.949808 0.041109
vn 0.308326 0.950424 0.04037
vn -0.31012 0.949808 0.041109
vn -0.20371 0.979029 -0.002083
vn -0.308325 0.950424 0.040371
vn 0.246283 0.004061 -0.969189
vn 0.225425 -0.016682 -0.974118
vn 0.233785 -0.008394 -0.972252
vn -0.241912 -0.968923 -0.051637
vn 0.241909 -0.968924 -0.051637
vn -0.225424 -0.016682 -0.974118
vn -0.246283 0.00406 -0.96919
vn -0.233784 -0.008394 -0.972252
vn 0.451425 -0.038516 -0.891478
vn 0.402047 -0.023107 -0.915327
vn 0.31873 0.002182 -0.947843
vn -0.402048 -0.023108 -0.915327
vn -0.451425 -0.038518 -0.891477
vn -0.318731 0.002181 -0.947843
vn 0.350111 0.926717 0.13645
vn 0.269087 0.945705 0.182303
vn -0.35011 0.926717 0.13645
vn -0.269087 0.945705 0.182304
vn 0.188626 0.955932 0.224977
vn -0.14748 -0.95409 -0.260693
vn -0.205097 -0.933919 -0.292797
vn -0.128403 -0.959726 -0.249879
vn 0.205097 -0.93392 -0.292795
vn 0.14748 -0.954091 -0.260692
vn 0.128403 -0.959726 -0.249878
vn -0.188626 0.955932 0.224977
vn -0.035234 -0.97806 -0.205324
vn -0.0303 -0.97854 -0.203818
vn 0.035232 -0.97806 -0.205324
vn 0.030298 -0.97854 -0.203818
vn -2e-06 0.994843 0.101423
vn 0.981446 0.12903 0.141825
vn 0.983209 0.141001 0.11584
vn 0.98171 0.130527 0.138595
vn -0.97601 -0.199591 -0.086989
vn -0.956615 -0.202094 -0.209871
vn 0.976011 -0.19959 -0.086988
vn 0.956616 -0.202092 -0.209867
vn -0.983209 0.141 0.115839
vn -0.981446 0.129031 0.141827
vn -0.98171 0.130528 0.138596
vn 0.980258 0.197692 -0.003431
vn 0.984167 0.158982 0.078355
vn -0.977793 -0.208538 0.020812
vn -0.979502 -0.200533 -0.019053
vn 0.977793 -0.208537 0.020813
vn 0.979502 -0.200533 -0.019052
vn -0.980258 0.197691 -0.003432
vn -0.984168 0.158981 0.078354
vn 0.976331 0.202847 -0.075038
vn 0.976791 0.205296 -0.061103
vn -0.976074 -0.202658 0.078795
vn -0.976572 -0.205323 0.064416
vn 0.976074 -0.202658 0.078795
vn 0.976572 -0.205323 0.064417
vn -0.976331 0.202847 -0.075038
vn -0.976791 0.205296 -0.061103
vn 0.975334 0.187372 -0.116687
vn 0.974844 0.161324 -0.153798
vn -0.974546 -0.196116 0.10862
vn -0.974449 -0.192652 0.11547
vn 0.974546 -0.196116 0.10862
vn 0.974449 -0.192653 0.11547
vn -0.975334 0.187373 -0.116687
vn -0.974844 0.161324 -0.153798
vn 0.975224 0.132824 -0.176907
vn 0.976877 0.100655 -0.188628
vn -0.975776 -0.170206 0.137445
vn -0.976348 -0.12864 0.17377
vn 0.975776 -0.170207 0.137445
vn 0.976348 -0.12864 0.173771
vn -0.975224 0.132824 -0.176908
vn -0.976876 0.100656 -0.18863
vn 0.975611 0.091624 -0.19947
vn 0.975387 0.091456 -0.200641
vn -0.974743 -0.104203 0.19753
vn -0.974533 -0.102297 0.199551
vn 0.974743 -0.104203 0.197531
vn 0.974533 -0.102297 0.199552
vn -0.97561 0.091624 -0.199472
vn -0.975386 0.091456 -0.200643
vn 0.978351 0.09231 -0.185222
vn 0.977778 0.092102 -0.188328
vn -0.972466 -0.108093 0.206458
vn -0.972802 -0.106327 0.205792
vn 0.972466 -0.108092 0.206459
vn 0.972802 -0.106326 0.205793
vn -0.978351 0.09231 -0.185223
vn -0.977778 0.092102 -0.18833
vn 0.979939 0.092898 -0.176324
vn -0.971599 -0.11257 0.208143
vn 0.971599 -0.11257 0.208145
vn -0.979939 0.092898 -0.176325
vt 0.600577 0.695257
vt 0.644327 0.689881
vt 0.609543 0.73374
vt 0.647422 0.729671
vt 0.682048 0.687227
vt 0.682235 0.729129
vt 0.719788 0.689544
vt 0.717042 0.729335
vt 0.76356 0.694556
vt 0.754917 0.733065
vt 0.617678 0.76115
vt 0.651043 0.756556
vt 0.627967 0.797903
vt 0.65919 0.793084
vt 0.682374 0.757753
vt 0.682571 0.79383
vt 0.713674 0.756233
vt 0.705921 0.792791
vt 0.747028 0.760495
vt 0.737114 0.797192
vt 0.632212 0.813098
vt 0.661749 0.814045
vt 0.682681 0.811156
vt 0.703628 0.813751
vt 0.733034 0.812396
vt 0.663229 0.857996
vt 0.637684 0.86
vt 0.683046 0.856794
vt 0.702869 0.857649
vt 0.728383 0.859204
vt 0.653477 0.913339
vt 0.666517 0.910206
vt 0.683549 0.907895
vt 0.700613 0.909857
vt 0.713687 0.912738
vt 0.573548 0.743179
vt 0.562313 0.703675
vt 0.79093 0.742209
vt 0.801857 0.702675
vt 0.595945 0.804021
vt 0.583185 0.770653
vt 0.769053 0.803049
vt 0.781518 0.769702
vt 0.603441 0.820023
vt 0.761684 0.819059
vt 0.542724 0.752259
vt 0.531533 0.712936
vt 0.821765 0.751055
vt 0.832673 0.711703
vt 0.568134 0.811617
vt 0.552809 0.781459
vt 0.796794 0.810475
vt 0.811895 0.780283
vt 0.5777 0.832844
vt 0.787411 0.831677
vt 0.53216 0.643881
vt 0.521328 0.672331
vt 0.4809 0.66369
vt 0.489139 0.64108
vt 0.349177 0.672323
vt 0.338347 0.643881
vt 0.389591 0.663675
vt 0.38137 0.641058
vt 0.451192 0.661161
vt 0.453239 0.640693
vt 0.419297 0.661205
vt 0.417261 0.640708
vt 0.897958 0.937665
vt 0.874805 0.943445
vt 0.877022 0.909261
vt 0.899766 0.90911
vt 0.952688 0.939728
vt 0.93139 0.931821
vt 0.95302 0.906808
vt 0.930706 0.905033
vt 0.877763 0.884132
vt 0.903747 0.883448
vt 0.953951 0.882116
vt 0.92848 0.880254
vt 0.877936 0.852681
vt 0.905109 0.850384
vt 0.954671 0.84933
vt 0.928413 0.847227
vt 0.878569 0.817758
vt 0.903669 0.813469
vt 0.953357 0.813197
vt 0.927924 0.809928
vt 0.897859 0.789328
vt 0.879073 0.790097
vt 0.931211 0.786262
vt 0.951672 0.785519
vt 0.89464 0.779969
vt 0.878761 0.779153
vt 0.933976 0.777469
vt 0.950884 0.775404
vt 0.87852 0.752424
vt 0.89041 0.753637
vt 0.950752 0.751484
vt 0.936432 0.753154
vt 0.891958 0.710926
vt 0.880997 0.708636
vt 0.937701 0.71248
vt 0.950439 0.71041
vt 0.770389 0.457305
vt 0.765441 0.491072
vt 0.722493 0.458726
vt 0.723039 0.490605
vt 0.687377 0.460259
vt 0.687374 0.494005
vt 0.651709 0.490598
vt 0.652262 0.458718
vt 0.609307 0.491055
vt 0.604366 0.457288
vt 0.759693 0.514883
vt 0.750167 0.547623
vt 0.719886 0.512068
vt 0.712135 0.542157
vt 0.687369 0.542772
vt 0.687371 0.515919
vt 0.654858 0.512061
vt 0.662602 0.542152
vt 0.624569 0.54761
vt 0.615051 0.514868
vt 0.745921 0.562449
vt 0.710265 0.559912
vt 0.687368 0.55791
vt 0.664469 0.559907
vt 0.628812 0.562436
vt 0.738089 0.600121
vt 0.708224 0.597075
vt 0.687364 0.595048
vt 0.666502 0.597071
vt 0.636636 0.60011
vt 0.725559 0.64145
vt 0.706391 0.640375
vt 0.687359 0.638329
vt 0.668326 0.640371
vt 0.649158 0.641442
vt 0.816152 0.468697
vt 0.80818 0.503112
vt 0.566566 0.503087
vt 0.558601 0.468669
vt 0.80164 0.529246
vt 0.791934 0.561619
vt 0.5828 0.561596
vt 0.5731 0.529222
vt 0.78579 0.577112
vt 0.58894 0.577091
vt 0.853264 0.478651
vt 0.846918 0.512688
vt 0.527826 0.512654
vt 0.521487 0.478616
vt 0.842522 0.540558
vt 0.833003 0.572664
vt 0.541728 0.572633
vt 0.532216 0.540526
vt 0.823675 0.594362
vt 0.551051 0.594334
vt 0.530528 0.635033
vt 0.490508 0.630088
vt 0.522791 0.605343
vt 0.483568 0.606465
vt 0.347697 0.605337
vt 0.386924 0.606435
vt 0.380001 0.630066
vt 0.339979 0.635022
vt 0.454039 0.62942
vt 0.450968 0.60905
vt 0.419536 0.608931
vt 0.416469 0.629436
vt 0.847895 0.932907
vt 0.848716 0.904647
vt 0.871506 0.908308
vt 0.868713 0.941127
vt 0.958911 0.937598
vt 0.958423 0.90586
vt 0.978921 0.929606
vt 0.980353 0.902868
vt 0.847877 0.88044
vt 0.873985 0.883825
vt 0.957468 0.881795
vt 0.982254 0.87906
vt 0.848691 0.849262
vt 0.875825 0.852637
vt 0.956652 0.849289
vt 0.982642 0.84666
vt 0.849557 0.813919
vt 0.875371 0.817913
vt 0.956362 0.813419
vt 0.981654 0.809977
vt 0.854097 0.790592
vt 0.87373 0.791497
vt 0.957535 0.786925
vt 0.97746 0.787186
vt 0.857847 0.781243
vt 0.874554 0.780189
vt 0.956341 0.776668
vt 0.974538 0.778429
vt 0.863673 0.752916
vt 0.8755 0.752274
vt 0.95521 0.751276
vt 0.968831 0.752744
vt 0.866824 0.708943
vt 0.877794 0.707888
vt 0.955135 0.709379
vt 0.967908 0.711301
vt 0.599289 0.687519
vt 0.643386 0.681157
vt 0.682008 0.677967
vt 0.720655 0.680818
vt 0.764785 0.686811
vt 0.631364 0.860606
vt 0.627037 0.817067
vt 0.738246 0.81624
vt 0.734703 0.859701
vt 0.64675 0.913559
vt 0.683656 0.917917
vt 0.665656 0.920034
vt 0.70169 0.919654
vt 0.720407 0.912822
vt 0.561006 0.69841
vt 0.803125 0.6974
vt 0.60552 0.824911
vt 0.759635 0.823966
vt 0.53828 0.755121
vt 0.526889 0.71578
vt 0.529768 0.707507
vt 0.834403 0.706265
vt 0.837341 0.714506
vt 0.826233 0.753879
vt 0.561603 0.816604
vt 0.548729 0.784899
vt 0.816006 0.783687
vt 0.803352 0.815426
vt 0.584643 0.838872
vt 0.780514 0.837731
vt 0.518734 0.682098
vt 0.47977 0.674651
vt 0.390732 0.674634
vt 0.351771 0.682092
vt 0.45054 0.672263
vt 0.420026 0.672344
vt 0.905397 0.90911
vt 0.904039 0.936171
vt 0.9256 0.929463
vt 0.925279 0.904263
vt 0.907568 0.883668
vt 0.924924 0.880007
vt 0.907286 0.850393
vt 0.926425 0.847207
vt 0.906964 0.813119
vt 0.92492 0.81002
vt 0.903898 0.788791
vt 0.924997 0.786712
vt 0.898959 0.78022
vt 0.928404 0.778277
vt 0.893304 0.753435
vt 0.932076 0.752744
vt 0.895275 0.710334
vt 0.932862 0.71144
usemtl standardSurface9SG
f 1152/1876/1666 1153/1877/1667 1154/1878/1668
f 1153/1877/1667 1155/1879/1669 1154/1878/1668
f 1153/1877/1667 1156/1880/1670 1155/1879/1669
f 1156/1880/1670 1157/1881/1671 1155/1879/1669
f 1156/1880/1670 1158/1882/1672 1159/1883/1673
f 1156/1880/1670 1159/1883/1673 1157/1881/1671
f 1158/1882/1672 1160/1884/1674 1161/1885/1675
f 1158/1882/1672 1161/1885/1675 1159/1883/1673
f 1162/1886/1676 1163/1887/1677 1164/1888/1678
f 1163/1887/1677 1165/1889/1679 1164/1888/1678
f 1163/1887/1677 1166/1890/1680 1167/1891/1681
f 1163/1887/1677 1167/1891/1681 1165/1889/1679
f 1166/1890/1680 1168/1892/1682 1167/1891/1681
f 1168/1892/1682 1169/1893/1683 1167/1891/1681
f 1168/1892/1682 1170/1894/1684 1171/1895/1685
f 1168/1892/1682 1171/1895/1685 1169/1893/1683
f 1164/1888/1678 1165/1889/1679 1172/1896/1686
f 1165/1889/1679 1173/1897/1687 1172/1896/1686
f 1165/1889/1679 1167/1891/1681 1173/1897/1687
f 1167/1891/1681 1174/1898/1688 1173/1897/1687
f 1167/1891/1681 1169/1893/1683 1175/1899/1689
f 1167/1891/1681 1175/1899/1689 1174/1898/1688
f 1169/1893/1683 1171/1895/1685 1176/1900/1690
f 1169/1893/1683 1176/1900/1690 1175/1899/1689
f 1172/1896/1686 1173/1897/1687 1177/1901/1691
f 1172/1896/1686 1177/1901/1691 1178/1902/1692
f 1173/1897/1687 1174/1898/1688 1177/1901/1691
f 1174/1898/1688 1179/1903/1693 1177/1901/1691
f 1174/1898/1688 1175/1899/1689 1180/1904/1694
f 1174/1898/1688 1180/1904/1694 1179/1903/1693
f 1175/1899/1689 1176/1900/1690 1180/1904/1694
f 1176/1900/1690 1181/1905/1695 1180/1904/1694
f 1178/1902/1692 1177/1901/1691 1182/1906/1696
f 1177/1901/1691 1183/1907/1697 1182/1906/1696
f 1177/1901/1691 1179/1903/1693 1184/1908/1698
f 1177/1901/1691 1184/1908/1698 1183/1907/1697
f 1179/1903/1693 1180/1904/1694 1184/1908/1698
f 1180/1904/1694 1185/1909/1699 1184/1908/1698
f 1180/1904/1694 1186/1910/1700 1185/1909/1699
f 1180/1904/1694 1181/1905/1695 1186/1910/1700
f 1152/1876/1701 1154/1878/1702 1187/1911/1703
f 1152/1876/1701 1187/1911/1703 1188/1912/1701
f 1189/1913/1704 1161/1885/1705 1160/1884/1706
f 1189/1913/1704 1160/1884/1706 1190/1914/1706
f 1162/1886/1707 1164/1888/1708 1191/1915/1709
f 1162/1886/1707 1191/1915/1709 1192/1916/1710
f 1171/1895/1711 1170/1894/1712 1193/1917/1713
f 1170/1894/1712 1194/1918/1714 1193/1917/1713
f 1164/1888/1708 1172/1896/1715 1191/1915/1709
f 1172/1896/1715 1195/1919/1715 1191/1915/1709
f 1176/1900/1716 1171/1895/1711 1193/1917/1713
f 1176/1900/1716 1193/1917/1713 1196/1920/1716
f 1188/1912/1717 1187/1911/1718 1197/1921/1719
f 1188/1912/1717 1197/1921/1719 1198/1922/1717
f 1199/1923/1720 1189/1913/1721 1190/1914/1722
f 1199/1923/1720 1190/1914/1722 1200/1924/1722
f 1192/1916/1723 1191/1915/1724 1201/1925/1723
f 1192/1916/1723 1201/1925/1723 1202/1926/1723
f 1193/1917/1725 1194/1918/1725 1203/1927/1725
f 1194/1918/1725 1204/1928/1726 1203/1927/1725
f 1191/1915/1727 1195/1919/1727 1201/1925/1727
f 1195/1919/1727 1205/1929/1727 1201/1925/1727
f 1196/1920/1728 1193/1917/1728 1203/1927/1728
f 1196/1920/1728 1203/1927/1728 1206/1930/1728
f 1194/1918/1729 1189/1913/1721 1199/1923/1720
f 1194/1918/1729 1199/1923/1720 1204/1928/1729
f 1170/1894/1712 1161/1885/1705 1194/1918/1714
f 1161/1885/1705 1189/1913/1704 1194/1918/1714
f 1159/1883/1673 1161/1885/1675 1170/1894/1684
f 1159/1883/1673 1170/1894/1684 1168/1892/1682
f 1157/1881/1671 1159/1883/1673 1168/1892/1682
f 1157/1881/1671 1168/1892/1682 1166/1890/1680
f 1155/1879/1669 1157/1881/1671 1163/1887/1677
f 1157/1881/1671 1166/1890/1680 1163/1887/1677
f 1154/1878/1668 1155/1879/1669 1162/1886/1676
f 1155/1879/1669 1163/1887/1677 1162/1886/1676
f 1187/1911/1703 1154/1878/1702 1192/1916/1710
f 1154/1878/1702 1162/1886/1707 1192/1916/1710
f 1197/1921/1719 1187/1911/1718 1192/1916/1730
f 1197/1921/1719 1192/1916/1730 1202/1926/1730
f 1201/1931/1731 1205/1932/1732 1207/1933/1731
f 1201/1931/1731 1207/1933/1731 1208/1934/1731
f 1206/1935/1733 1203/1936/1733 1209/1937/1733
f 1203/1936/1733 1210/1938/1733 1209/1937/1733
f 1208/1934/1734 1207/1933/1734 1211/1939/1734
f 1208/1934/1734 1211/1939/1734 1212/1940/1734
f 1209/1937/1735 1210/1938/1735 1213/1941/1735
f 1210/1938/1735 1214/1942/1735 1213/1941/1735
f 1212/1940/1736 1211/1939/1736 1214/1942/1736
f 1211/1939/1736 1213/1941/1736 1214/1942/1736
f 1182/1943/1737 1183/1944/1737 1215/1945/1737
f 1182/1943/1737 1215/1945/1737 1216/1946/1737
f 1185/1947/1738 1186/1948/1738 1217/1949/1738
f 1186/1948/1738 1218/1950/1738 1217/1949/1738
f 1216/1946/1739 1215/1945/1739 1219/1951/1739
f 1216/1946/1739 1219/1951/1739 1220/1952/1739
f 1217/1949/1740 1218/1950/1740 1221/1953/1740
f 1218/1950/1740 1222/1954/1740 1221/1953/1740
f 1220/1952/1741 1219/1951/1741 1223/1955/1741
f 1220/1952/1741 1223/1955/1741 1224/1956/1741
f 1221/1953/1742 1222/1954/1742 1225/1957/1742
f 1222/1954/1742 1226/1958/1742 1225/1957/1742
f 1224/1956/1743 1223/1955/1743 1227/1959/1743
f 1224/1956/1743 1227/1959/1743 1228/1960/1743
f 1225/1957/1744 1226/1958/1744 1229/1961/1744
f 1226/1958/1744 1230/1962/1744 1229/1961/1744
f 1228/1960/1745 1227/1959/1745 1231/1963/1745
f 1227/1959/1745 1232/1964/1745 1231/1963/1745
f 1229/1961/1746 1230/1962/1746 1233/1965/1746
f 1229/1961/1746 1233/1965/1746 1234/1966/1746
f 1231/1963/1747 1232/1964/1747 1235/1967/1747
f 1232/1964/1747 1236/1968/1747 1235/1967/1747
f 1234/1966/1748 1233/1965/1748 1237/1969/1748
f 1234/1966/1748 1237/1969/1748 1238/1970/1748
f 1235/1967/1749 1236/1968/1749 1239/1971/1749
f 1235/1967/1749 1239/1971/1749 1240/1972/1749
f 1238/1970/1750 1237/1969/1750 1241/1973/1750
f 1237/1969/1750 1242/1974/1750 1241/1973/1750
f 1240/1972/1751 1239/1971/1751 1207/1975/1751
f 1239/1971/1751 1211/1976/1751 1207/1975/1751
f 1241/1973/1752 1242/1974/1752 1209/1977/1752
f 1241/1973/1752 1209/1977/1752 1213/1978/1752
f 1243/1979/1753 1244/1980/1754 1245/1981/1755
f 1244/1980/1754 1246/1982/1756 1245/1981/1755
f 1245/1981/1755 1246/1982/1756 1247/1983/1757
f 1246/1982/1756 1248/1984/1758 1247/1983/1757
f 1247/1983/1757 1248/1984/1758 1249/1985/1759
f 1247/1983/1757 1249/1985/1759 1250/1986/1760
f 1250/1986/1760 1249/1985/1759 1251/1987/1761
f 1250/1986/1760 1251/1987/1761 1252/1988/1762
f 1253/1989/1763 1254/1990/1764 1255/1991/1765
f 1254/1990/1764 1256/1992/1766 1255/1991/1765
f 1255/1991/1765 1256/1992/1766 1257/1993/1767
f 1255/1991/1765 1257/1993/1767 1258/1994/1768
f 1258/1994/1768 1257/1993/1767 1259/1995/1769
f 1257/1993/1767 1260/1996/1770 1259/1995/1769
f 1259/1995/1769 1260/1996/1770 1261/1997/1771
f 1259/1995/1769 1261/1997/1771 1262/1998/1772
f 1254/1990/1764 1263/1999/1773 1256/1992/1766
f 1263/1999/1773 1264/2000/1774 1256/1992/1766
f 1256/1992/1766 1264/2000/1774 1257/1993/1767
f 1264/2000/1774 1265/2001/1775 1257/1993/1767
f 1257/1993/1767 1265/2001/1775 1266/2002/1776
f 1257/1993/1767 1266/2002/1776 1260/1996/1770
f 1260/1996/1770 1266/2002/1776 1267/2003/1777
f 1260/1996/1770 1267/2003/1777 1261/1997/1771
f 1263/1999/1773 1268/2004/1778 1264/2000/1774
f 1268/2004/1778 1269/2005/1779 1264/2000/1774
f 1264/2000/1774 1269/2005/1779 1265/2001/1775
f 1269/2005/1779 1270/2006/1780 1265/2001/1775
f 1265/2001/1775 1270/2006/1780 1271/2007/1781
f 1265/2001/1775 1271/2007/1781 1266/2002/1776
f 1266/2002/1776 1271/2007/1781 1272/2008/1782
f 1266/2002/1776 1272/2008/1782 1267/2003/1777
f 1268/2004/1778 1273/2009/1783 1269/2005/1779
f 1269/2005/1779 1273/2009/1783 1274/2010/1784
f 1269/2005/1779 1274/2010/1784 1275/2011/1785
f 1269/2005/1779 1275/2011/1785 1270/2006/1780
f 1270/2006/1780 1275/2011/1785 1271/2007/1781
f 1275/2011/1785 1276/2012/1786 1271/2007/1781
f 1271/2007/1781 1276/2012/1786 1277/2013/1787
f 1271/2007/1781 1277/2013/1787 1272/2008/1782
f 1243/1979/1788 1278/2014/1788 1279/2015/1789
f 1243/1979/1788 1279/2015/1789 1244/1980/1790
f 1280/2016/1791 1281/2017/1792 1252/1988/1792
f 1280/2016/1791 1252/1988/1792 1251/1987/1793
f 1253/1989/1794 1282/2018/1795 1283/2019/1796
f 1253/1989/1794 1283/2019/1796 1254/1990/1797
f 1261/1997/1798 1284/2020/1799 1262/1998/1800
f 1284/2020/1799 1285/2021/1801 1262/1998/1800
f 1254/1990/1797 1283/2019/1796 1263/1999/1802
f 1283/2019/1796 1286/2022/1803 1263/1999/1802
f 1267/2003/1804 1287/2023/1805 1284/2020/1799
f 1267/2003/1804 1284/2020/1799 1261/1997/1798
f 1278/2014/1806 1288/2024/1806 1289/2025/1807
f 1278/2014/1806 1289/2025/1807 1279/2015/1808
f 1290/2026/1809 1291/2027/1810 1281/2017/1810
f 1290/2026/1809 1281/2017/1810 1280/2016/1811
f 1282/2018/1812 1292/2028/1812 1293/2029/1812
f 1282/2018/1812 1293/2029/1812 1283/2019/1812
f 1284/2020/1813 1294/2030/1813 1285/2021/1813
f 1294/2030/1813 1295/2031/1813 1285/2021/1813
f 1283/2019/1814 1293/2029/1814 1286/2022/1814
f 1293/2029/1814 1296/2032/1814 1286/2022/1814
f 1287/2023/1815 1297/2033/1815 1294/2030/1815
f 1287/2023/1815 1294/2030/1815 1284/2020/1815
f 1285/2021/1816 1295/2031/1816 1290/2026/1809
f 1285/2021/1816 1290/2026/1809 1280/2016/1811
f 1262/1998/1800 1285/2021/1801 1251/1987/1793
f 1285/2021/1801 1280/2016/1791 1251/1987/1793
f 1249/1985/1759 1259/1995/1769 1262/1998/1772
f 1249/1985/1759 1262/1998/1772 1251/1987/1761
f 1248/1984/1758 1258/1994/1768 1259/1995/1769
f 1248/1984/1758 1259/1995/1769 1249/1985/1759
f 1246/1982/1756 1255/1991/1765 1248/1984/1758
f 1255/1991/1765 1258/1994/1768 1248/1984/1758
f 1244/1980/1754 1253/1989/1763 1246/1982/1756
f 1253/1989/1763 1255/1991/1765 1246/1982/1756
f 1279/2015/1789 1282/2018/1795 1244/1980/1790
f 1282/2018/1795 1253/1989/1794 1244/1980/1790
f 1289/2025/1807 1292/2028/1817 1282/2018/1817
f 1289/2025/1807 1282/2018/1817 1279/2015/1808
f 1293/2034/1818 1298/2035/1818 1296/2036/1818
f 1298/2035/1818 1299/2037/1818 1296/2036/1818
f 1297/2038/1819 1300/2039/1820 1301/2040/1819
f 1297/2038/1819 1301/2040/1819 1294/2041/1819
f 1298/2035/1821 1302/2042/1821 1303/2043/1821
f 1298/2035/1821 1303/2043/1821 1299/2037/1821
f 1300/2039/1822 1304/2044/1822 1301/2040/1822
f 1304/2044/1822 1305/2045/1822 1301/2040/1822
f 1302/2042/1823 1305/2045/1823 1303/2043/1823
f 1305/2045/1823 1304/2044/1823 1303/2043/1823
f 1273/2046/1824 1306/2047/1824 1307/2048/1824
f 1273/2046/1824 1307/2048/1824 1274/2049/1824
f 1276/2050/1825 1308/2051/1825 1277/2052/1825
f 1308/2051/1825 1309/2053/1825 1277/2052/1825
f 1306/2047/1826 1310/2054/1826 1311/2055/1826
f 1306/2047/1826 1311/2055/1826 1307/2048/1826
f 1308/2051/1827 1312/2056/1827 1309/2053/1827
f 1312/2056/1827 1313/2057/1827 1309/2053/1827
f 1310/2054/1828 1314/2058/1828 1315/2059/1829
f 1310/2054/1828 1315/2059/1829 1311/2055/1828
f 1312/2056/1830 1316/2060/1831 1313/2057/1831
f 1316/2060/1831 1317/2061/1830 1313/2057/1831
f 1314/2058/1832 1318/2062/1832 1319/2063/1832
f 1314/2058/1832 1319/2063/1832 1315/2059/1832
f 1316/2060/1833 1320/2064/1833 1317/2061/1833
f 1320/2064/1833 1321/2065/1833 1317/2061/1833
f 1318/2062/1834 1322/2066/1834 1319/2063/1834
f 1322/2066/1834 1323/2067/1834 1319/2063/1834
f 1320/2064/1835 1324/2068/1835 1325/2069/1835
f 1320/2064/1835 1325/2069/1835 1321/2065/1835
f 1322/2066/1836 1326/2070/1836 1323/2067/1836
f 1326/2070/1836 1327/2071/1836 1323/2067/1836
f 1324/2068/1837 1328/2072/1837 1329/2073/1837
f 1324/2068/1837 1329/2073/1837 1325/2069/1837
f 1326/2070/1838 1330/2074/1838 1331/2075/1838
f 1326/2070/1838 1331/2075/1838 1327/2071/1838
f 1328/2072/1839 1332/2076/1839 1329/2073/1839
f 1332/2076/1839 1333/2077/1839 1329/2073/1839
f 1330/2074/1840 1299/2078/1840 1331/2075/1840
f 1299/2078/1840 1303/2079/1840 1331/2075/1840
f 1332/2076/1841 1304/2080/1841 1300/2081/1841
f 1332/2076/1841 1300/2081/1841 1333/2077/1841
f 1243/2082/1842 1245/2083/1843 1153/1877/1844
f 1243/2082/1842 1153/1877/1844 1152/1876/1845
f 1245/2083/1843 1247/2084/1846 1156/1880/1846
f 1245/2083/1843 1156/1880/1846 1153/1877/1844
f 1247/2084/1846 1250/2085/1847 1156/1880/1846
f 1250/2085/1847 1158/1882/1848 1156/1880/1846
f 1250/2085/1847 1252/2086/1849 1158/1882/1848
f 1252/2086/1849 1160/1884/1850 1158/1882/1848
f 1268/2087/1851 1263/2088/1852 1178/1902/1853
f 1263/2088/1852 1172/1896/1852 1178/1902/1853
f 1267/2089/1854 1272/2090/1855 1181/1905/1856
f 1267/2089/1854 1181/1905/1856 1176/1900/1854
f 1273/2091/1857 1268/2087/1851 1182/1906/1858
f 1268/2087/1851 1178/1902/1853 1182/1906/1858
f 1275/2092/1859 1274/2093/1860 1183/1907/1860
f 1275/2092/1859 1183/1907/1860 1184/1908/1859
f 1276/2094/1861 1275/2092/1859 1185/1909/1861
f 1275/2092/1859 1184/1908/1859 1185/1909/1861
f 1272/2090/1855 1277/2095/1862 1186/1910/1863
f 1272/2090/1855 1186/1910/1863 1181/1905/1856
f 1278/2096/1864 1243/2082/1842 1188/1912/1865
f 1243/2082/1842 1152/1876/1845 1188/1912/1865
f 1252/2086/1849 1281/2097/1866 1190/1914/1867
f 1252/2086/1849 1190/1914/1867 1160/1884/1850
f 1263/2088/1868 1286/2098/1869 1172/1896/1868
f 1286/2098/1869 1195/1919/1870 1172/1896/1868
f 1287/2099/1871 1267/2089/1872 1176/1900/1872
f 1287/2099/1871 1176/1900/1872 1196/1920/1873
f 1289/2100/1874 1288/2101/1875 1197/1921/1876
f 1288/2101/1875 1198/1922/1875 1197/1921/1876
f 1288/2102/1877 1278/2096/1864 1188/1912/1865
f 1288/2102/1877 1188/1912/1865 1198/1922/1877
f 1281/2097/1866 1291/2103/1878 1190/1914/1867
f 1291/2103/1878 1200/1924/1878 1190/1914/1867
f 1291/2104/1879 1290/2105/1880 1199/1923/1881
f 1291/2104/1879 1199/1923/1881 1200/1924/1879
f 1293/2106/1882 1292/2107/1883 1201/1925/1882
f 1292/2107/1883 1202/1926/1884 1201/1925/1882
f 1295/2108/1885 1294/2109/1886 1203/1927/1886
f 1295/2108/1885 1203/1927/1886 1204/1928/1887
f 1286/2098/1869 1296/2110/1888 1205/1929/1889
f 1286/2098/1869 1205/1929/1889 1195/1919/1870
f 1297/2111/1890 1287/2099/1871 1206/1930/1891
f 1287/2099/1871 1196/1920/1873 1206/1930/1891
f 1290/2105/1880 1295/2108/1885 1204/1928/1887
f 1290/2105/1880 1204/1928/1887 1199/1923/1881
f 1292/2107/1883 1289/2100/1874 1202/1926/1884
f 1289/2100/1874 1197/1921/1876 1202/1926/1884
f 1296/2112/1888 1299/2113/1892 1205/1932/1889
f 1299/2113/1892 1207/1933/1892 1205/1932/1889
f 1298/2035/1893 1293/2034/1894 1208/1934/1895
f 1293/2034/1894 1201/1931/1894 1208/1934/1895
f 1294/2041/1896 1301/2040/1897 1210/1938/1898
f 1294/2041/1896 1210/1938/1898 1203/1936/1896
f 1300/2114/1899 1297/2115/1890 1206/1935/1891
f 1300/2114/1899 1206/1935/1891 1209/1937/1899
f 1302/2042/1900 1298/2035/1893 1212/1940/1901
f 1298/2035/1893 1208/1934/1895 1212/1940/1901
f 1301/2040/1897 1305/2045/1902 1214/1942/1903
f 1301/2040/1897 1214/1942/1903 1210/1938/1898
f 1303/2116/1904 1304/2117/1904 1211/1939/1904
f 1304/2117/1904 1213/1941/1904 1211/1939/1904
f 1305/2045/1902 1302/2042/1900 1212/1940/1901
f 1305/2045/1902 1212/1940/1901 1214/1942/1903
f 1274/2049/1905 1307/2048/1906 1215/1945/1907
f 1274/2049/1905 1215/1945/1907 1183/1944/1905
f 1306/2118/1908 1273/2119/1857 1182/1943/1858
f 1306/2118/1908 1182/1943/1858 1216/1946/1909
f 1277/2120/1862 1309/2121/1910 1186/1948/1863
f 1309/2121/1910 1218/1950/1911 1186/1948/1863
f 1308/2051/1912 1276/2050/1913 1217/1949/1914
f 1276/2050/1913 1185/1947/1913 1217/1949/1914
f 1307/2048/1906 1311/2055/1915 1215/1945/1907
f 1311/2055/1915 1219/1951/1916 1215/1945/1907
f 1310/2122/1917 1306/2118/1908 1220/1952/1918
f 1306/2118/1908 1216/1946/1909 1220/1952/1918
f 1309/2121/1910 1313/2123/1919 1222/1954/1920
f 1309/2121/1910 1222/1954/1920 1218/1950/1911
f 1312/2056/1921 1308/2051/1912 1217/1949/1914
f 1312/2056/1921 1217/1949/1914 1221/1953/1922
f 1311/2055/1915 1315/2059/1923 1223/1955/1924
f 1311/2055/1915 1223/1955/1924 1219/1951/1916
f 1314/2124/1925 1310/2122/1917 1220/1952/1918
f 1314/2124/1925 1220/1952/1918 1224/1956/1926
f 1313/2123/1919 1317/2125/1927 1222/1954/1920
f 1317/2125/1927 1226/1958/1928 1222/1954/1920
f 1316/2060/1929 1312/2056/1921 1225/1957/1930
f 1312/2056/1921 1221/1953/1922 1225/1957/1930
f 1315/2059/1923 1319/2063/1931 1227/1959/1932
f 1315/2059/1923 1227/1959/1932 1223/1955/1924
f 1318/2126/1933 1314/2124/1925 1224/1956/1926
f 1318/2126/1933 1224/1956/1926 1228/1960/1934
f 1317/2125/1927 1321/2127/1935 1226/1958/1928
f 1321/2127/1935 1230/1962/1936 1226/1958/1928
f 1320/2064/1937 1316/2060/1929 1229/1961/1938
f 1316/2060/1929 1225/1957/1930 1229/1961/1938
f 1319/2063/1931 1323/2067/1939 1227/1959/1932
f 1323/2067/1939 1232/1964/1940 1227/1959/1932
f 1322/2128/1941 1318/2126/1933 1231/1963/1942
f 1318/2126/1933 1228/1960/1934 1231/1963/1942
f 1321/2127/1935 1325/2129/1943 1233/1965/1944
f 1321/2127/1935 1233/1965/1944 1230/1962/1936
f 1324/2068/1945 1320/2064/1937 1229/1961/1938
f 1324/2068/1945 1229/1961/1938 1234/1966/1946
f 1323/2067/1939 1327/2071/1947 1236/1968/1948
f 1323/2067/1939 1236/1968/1948 1232/1964/1940
f 1326/2130/1949 1322/2128/1941 1231/1963/1942
f 1326/2130/1949 1231/1963/1942 1235/1967/1950
f 1325/2129/1943 1329/2131/1951 1233/1965/1944
f 1329/2131/1951 1237/1969/1952 1233/1965/1944
f 1328/2072/1953 1324/2068/1945 1238/1970/1954
f 1324/2068/1945 1234/1966/1946 1238/1970/1954
f 1327/2071/1947 1331/2075/1955 1236/1968/1948
f 1331/2075/1955 1239/1971/1956 1236/1968/1948
f 1330/2132/1957 1326/2130/1949 1240/1972/1958
f 1326/2130/1949 1235/1967/1950 1240/1972/1958
f 1329/2131/1951 1333/2133/1959 1242/1974/1960
f 1329/2131/1951 1242/1974/1960 1237/1969/1952
f 1332/2076/1961 1328/2072/1953 1238/1970/1954
f 1332/2076/1961 1238/1970/1954 1241/1973/1962
f 1331/2075/1955 1303/2079/1963 1211/1976/1963
f 1331/2075/1955 1211/1976/1963 1239/1971/1956
f 1299/2134/1964 1330/2132/1957 1207/1975/1964
f 1330/2132/1957 1240/1972/1958 1207/1975/1964
f 1333/2133/1959 1300/2135/1965 1209/1977/1965
f 1333/2133/1959 1209/1977/1965 1242/1974/1960
f 1304/2080/1966 1332/2076/1961 1213/1978/1966
f 1332/2076/1961 1241/1973/1962 1213/1978/1966
s off
