# Apple ModelIO OBJ File: NPC2_G_Texture
mtllib NPC2_G_Texture.mtl
g Body_standardSurface11SG
v 1.7498 4.64836 -0.003798
v 1.72115 4.56622 -0.722388
v 0.79182 4.95481 -0.026169
v 0.791818 4.96237 -0.480496
v 1.58608 4.55073 0.695785
v 0.641391 4.85365 0.532154
v 0 3.94521 1.41122
v 0 4.44226 1.08154
v -1.58608 4.55073 0.695785
v -0.641391 4.85365 0.532153
v -1.7498 4.64836 -0.003798
v -0.79182 4.95481 -0.026169
v -1.72115 4.56622 -0.722388
v -0.791818 4.96237 -0.480496
v 0 4.66769 -1.0983
v 0 4.99646 -0.634015
v 0 3.12589 1.548
v 1.49133 3.24585 0.801338
v -1.49133 3.24585 0.801338
v 0 3.12589 -1.02368
v -1.70377 3.27496 -0.668801
v 1.70377 3.27496 -0.668801
v 1.54134 1.28056 0.087057
v 1.28708 1.28056 -0.553679
v 1.7498 2.9123 0.063186
v 1.13941 1.28056 0.922904
v 0 1.28056 1.43493
v -1.13941 1.28056 0.922904
v -1.54134 1.28056 0.087057
v -1.7498 2.9123 0.063186
v -1.28708 1.28056 -0.553679
v 0 1.28056 -0.845282
v 1.46519 0.594759 0.146961
v 1.07975 0.556037 -0.596015
v 1.08992 0.562096 0.999532
v -8.4e-05 0.534771 1.25904
v -1.09856 0.562106 0.970577
v -1.47172 0.596899 0.118006
v -1.07826 0.556387 -0.596015
v -8.5e-05 0.52755 -0.827755
v 1.89172 3.01694 0.042485
v 1.9415 3.33061 -0.601794
v 1.9501 4.42835 -0.593977
v 1.9259 4.64217 -0.008947
v 1.74946 3.33304 0.656068
v 1.82481 4.45046 0.6183
v -1.89172 3.01694 0.042485
v -1.74946 3.33304 0.656069
v -1.82481 4.45046 0.6183
v -1.9259 4.64217 -0.008947
v -1.9415 3.33061 -0.601794
v -1.9501 4.42835 -0.593977
v 3.2031 3.33061 -0.601794
v 3.2031 3.01694 0.042485
v 3.2031 4.31104 -0.593977
v 3.2031 4.57586 -0.008947
v 3.2031 3.33304 0.656068
v 3.2031 4.36912 0.6183
v -3.2031 3.33304 0.656069
v -3.2031 3.01694 0.042485
v -3.2031 4.36912 0.6183
v -3.2031 4.57586 -0.008947
v -3.2031 3.33061 -0.601794
v -3.2031 4.31104 -0.593977
v 0.787331 -9.41425 -0.615484
v 0.794554 -9.23612 -0.611976
v 1.30364 -9.23612 -0.611976
v 1.29504 -9.41425 -0.615484
v 1.57113 -9.23612 -0.096961
v 1.56551 -9.41425 -0.105918
v 1.58089 -9.23612 1.09241
v 1.29894 -9.23612 1.34147
v 1.57823 -9.41425 1.09631
v 1.29624 -9.41425 1.3351
v 0.778122 -9.23612 1.34147
v 0.779893 -9.41425 1.3351
v 0.496345 -9.23612 1.09262
v 0.500086 -9.41425 1.09658
v 0.524402 -9.23612 -0.096961
v 0.519559 -9.41425 -0.105917
v -5.50882 3.66356 0.002387
v -5.50882 3.81755 0.343931
v -5.61724 3.82288 0.338336
v -5.61724 3.67158 0.002152
v -5.50882 4.21018 0.342982
v -5.61724 4.20871 0.338336
v -5.50881 4.36348 0.002046
v -5.61724 4.35847 0.002152
v -5.50882 3.81757 -0.337897
v -5.61724 3.82288 -0.334032
v -5.50882 4.20869 -0.338856
v -5.61724 4.20717 -0.334032
v 0 4.36416 1.07192
v 0 4.73259 0.57146
v -0.600913 4.81418 0.537471
v 0.600913 4.81418 0.537466
v 0.782126 4.90612 -0.45785
v 0 4.92048 -0.621951
v 0 5.05547 -0.407095
v 0.29877 5.04657 -0.332044
v -0.782125 4.90612 -0.45785
v -0.29877 5.04657 -0.332044
v -0.763612 4.90485 -0.01409
v -0.373183 5.01921 -0.15251
v -0.29877 4.98666 0.023137
v 0 4.98666 0.093962
v 0.29877 4.98666 0.023137
v 0.763612 4.90485 -0.01409
v 0.373183 5.01921 -0.15251
v 0 5.87284 -0.306853
v 0.29877 5.87284 -0.238633
v -0.29877 5.87284 -0.238633
v -0.373183 5.87284 -0.073936
v -0.29877 5.87284 0.090761
v 0 5.87284 0.15898
v 0.29877 5.87284 0.090761
v 0.373183 5.87284 -0.073936
v 3.20379 3.49301 0.007374
v 3.20379 3.70457 -0.420057
v 3.38601 3.71351 -0.413562
v 3.38601 3.50649 0.00698
v 3.20379 3.70416 0.462874
v 3.38601 3.71313 0.453471
v 3.20379 4.24157 0.441761
v 3.38601 4.23909 0.433952
v 3.20354 4.47009 -0.000203
v 3.38578 4.46166 -2.5e-05
v 3.20379 4.24113 -0.441407
v 3.38601 4.23857 -0.4333
v 5.61724 3.67158 0.002152
v 5.61724 3.82288 -0.334032
v 5.83605 3.66344 -0.038306
v 5.80536 3.82196 -0.544691
v 5.61724 4.20717 -0.334032
v 5.80536 4.21616 -0.544691
v 5.61724 4.35847 0.002152
v 5.83605 4.37467 -0.038306
v 5.61724 3.82288 0.338336
v 5.79932 3.8517 0.471
v 5.61724 4.20871 0.338336
v 5.80536 4.23223 0.468079
v -5.83605 3.66344 -0.038306
v -5.79932 3.8517 0.471
v -5.80536 4.23223 0.468079
v -5.83605 4.37467 -0.038306
v -5.80536 3.82196 -0.544691
v -5.80536 4.21615 -0.544691
v 6.18092 3.87171 -0.544691
v 6.24229 3.85142 -0.038306
v 6.18092 4.21616 -0.544691
v 6.24229 4.3494 -0.038306
v 6.16907 3.85543 0.470959
v 6.17533 4.23728 0.467567
v 6.3623 3.83621 1.06605
v 6.34598 3.626 1.03171
v 6.52626 3.87818 0.929694
v 6.4942 3.66777 0.894292
v -6.16907 3.85543 0.470959
v -6.24229 3.85142 -0.038306
v -6.34598 3.626 1.03171
v -6.3623 3.83621 1.06605
v -6.52626 3.87818 0.929694
v -6.4942 3.66777 0.894292
v -6.17533 4.23728 0.467567
v -6.24229 4.3494 -0.038306
v -6.18092 3.87171 -0.544691
v -6.18092 4.21615 -0.544691
v 6.72176 3.92173 -0.291498
v 6.75437 3.93106 -0.038306
v 6.66378 4.19982 -0.544691
v 6.66378 3.90199 -0.544691
v 6.72176 4.25756 -0.291499
v 6.66378 3.9043 0.468079
v 6.72176 3.92288 0.214886
v 6.72176 4.25873 0.214886
v 6.75437 4.29423 -0.038306
v 6.66378 4.20217 0.468079
v -6.72176 3.92288 0.214886
v -6.75437 3.93106 -0.038306
v -6.66378 4.20217 0.468079
v -6.66378 3.9043 0.468079
v -6.72176 4.25873 0.214886
v -6.66378 3.90199 -0.544691
v -6.72176 3.92173 -0.291498
v -6.72176 4.25756 -0.291499
v -6.75437 4.29423 -0.038306
v -6.66378 4.19982 -0.544691
v 5.93716 3.8042 0.692161
v 5.98347 4.14286 0.717825
v 6.25625 3.80185 0.636339
v 6.26671 4.16771 0.638325
v -6.11981 3.71854 0.856433
v -6.14324 4.02478 0.8997
v -6.41903 4.01604 0.812706
v -6.38182 3.72589 0.791711
v 6.11981 3.71854 0.856433
v 6.14324 4.02478 0.8997
v 6.41903 4.01604 0.812706
v 6.38182 3.72589 0.791711
v -5.93716 3.8042 0.692161
v -5.98347 4.14286 0.717825
v -6.26671 4.16771 0.638325
v -6.25625 3.80185 0.636339
v 7.71532 3.98813 0.002401
v 7.71532 4.23452 0.002401
v 7.68732 4.21044 0.174179
v 7.68732 3.98258 0.174179
v -7.55614 3.95776 0.242723
v -7.49816 3.94327 0.440242
v -7.49816 4.17563 0.440242
v -7.55614 4.21976 0.242723
v 7.55614 3.95776 0.242723
v 7.55614 4.21976 0.242723
v 7.49816 4.17563 0.440242
v 7.49816 3.94327 0.440242
v -7.64904 3.99292 -0.082575
v -7.64904 4.2291 -0.082575
v -7.62173 4.20525 -0.24723
v -7.62173 3.98686 -0.24723
v 7.41987 4.00162 -0.332477
v 7.36947 3.98827 -0.503713
v 7.36947 4.1897 -0.503713
v 7.41987 4.22875 -0.332477
v 7.62173 3.98686 -0.24723
v 7.62173 4.20525 -0.24723
v 7.64904 4.2291 -0.082575
v 7.64904 3.99292 -0.082575
v -7.68732 3.98258 0.174179
v -7.68732 4.21044 0.174179
v -7.71532 4.23452 0.002401
v -7.71532 3.98813 0.002401
v -7.41987 4.00162 -0.332477
v -7.41987 4.22875 -0.332477
v -7.36947 4.1897 -0.503713
v -7.36947 3.98827 -0.503713
v -6.72588 3.94017 0.228684
v -6.65966 3.92361 0.454281
v -6.65966 4.18901 0.454281
v -6.72588 4.23942 0.228684
v 6.72588 4.23942 0.228684
v 6.72588 3.94017 0.228684
v 6.65966 4.18901 0.454281
v 6.65966 3.92361 0.454281
v 6.75643 4.27385 -0.024416
v 6.75643 3.95054 -0.024416
v 6.7197 4.24225 0.200996
v 6.7197 3.94325 0.200996
v -6.7197 4.24225 0.200996
v -6.7197 3.94325 0.200996
v -6.75643 4.27385 -0.024416
v -6.75643 3.95054 -0.024416
v -6.75693 4.27528 -0.051184
v -6.75693 3.94906 -0.051184
v -6.7192 4.24234 -0.278621
v -6.7192 3.94067 -0.278621
v 6.7192 3.94067 -0.278621
v 6.7192 4.24234 -0.278621
v 6.75693 4.27528 -0.051184
v 6.75693 3.94906 -0.051184
v 6.72604 3.93865 -0.305057
v 6.6595 3.92103 -0.531133
v 6.6595 4.18696 -0.531133
v 6.72604 4.23852 -0.305057
v -6.72604 4.23852 -0.305057
v -6.72604 3.93865 -0.305057
v -6.6595 4.18696 -0.531133
v -6.6595 3.92103 -0.531133
v 7.17581 4.26468 -0.013033
v 7.17581 3.97402 -0.013033
v 7.14278 4.23628 0.189613
v 7.14278 3.96747 0.189613
v -7.08103 3.95963 0.231683
v -7.01657 3.94352 0.451282
v -7.12049 3.9618 0.232016
v -7.05622 3.94573 0.450949
v -7.01657 4.20186 0.451282
v -7.05622 4.20329 0.450949
v -7.08103 4.25092 0.231683
v -7.12049 4.2522 0.232016
v 7.08103 4.25092 0.231683
v 7.08103 3.95963 0.231683
v 7.01657 4.20186 0.451282
v 7.01657 3.94352 0.451282
v -7.11652 3.98607 -0.06507
v -7.11652 4.27246 -0.06507
v -7.15647 4.27214 -0.066613
v -7.15647 3.99018 -0.066613
v -7.08339 4.24354 -0.264735
v -7.12386 4.24367 -0.263192
v -7.08339 3.97871 -0.264735
v -7.12386 3.98293 -0.263192
v 6.94759 3.96118 -0.518048
v 7.00642 3.97676 -0.318141
v 6.94759 4.19633 -0.518048
v 7.00642 4.24192 -0.318141
v 7.08339 4.24354 -0.264735
v 7.08339 3.97871 -0.264735
v 7.11652 4.27246 -0.06507
v 7.11652 3.98607 -0.06507
v -7.14278 3.96747 0.189613
v -7.14278 4.23628 0.189613
v -7.18979 4.23561 0.188348
v -7.18979 3.97017 0.188348
v -7.17581 4.26468 -0.013033
v -7.22241 4.26367 -0.011768
v -7.17581 3.97402 -0.013033
v -7.22241 3.97663 -0.011768
v -7.00642 3.97676 -0.318141
v -7.00642 4.24192 -0.318141
v -7.03757 4.24229 -0.319595
v -7.03757 3.98099 -0.319595
v -6.94759 4.19633 -0.518048
v -6.9796 4.19737 -0.516595
v -6.94759 3.96118 -0.518048
v -6.9796 3.96564 -0.516595
v 7.22241 3.97663 -0.011768
v 7.22241 4.26367 -0.011768
v 7.2717 4.26075 -0.010351
v 7.2717 3.97778 -0.010351
v 7.18979 4.23561 0.188348
v 7.23955 4.2331 0.186931
v 7.18979 3.97017 0.188348
v 7.23955 3.97141 0.186931
v -7.16405 3.96139 0.233087
v -7.10042 3.94548 0.449878
v -7.10042 4.20052 0.449878
v -7.16405 4.24896 0.233087
v 7.12049 3.9618 0.232016
v 7.12049 4.2522 0.232016
v 7.16405 4.24896 0.233087
v 7.16405 3.96139 0.233087
v 7.05622 4.20329 0.450949
v 7.10042 4.20052 0.449878
v 7.05622 3.94573 0.450949
v 7.10042 3.94548 0.449878
v -7.20573 3.99045 -0.068209
v -7.20573 4.26784 -0.068209
v -7.17365 4.23983 -0.261596
v -7.17365 3.98333 -0.261596
v 7.03757 3.98099 -0.319595
v 6.9796 3.96564 -0.516595
v 7.01859 3.9679 -0.515306
v 7.0758 3.98306 -0.320883
v 6.9796 4.19737 -0.516595
v 7.01859 4.1966 -0.515306
v 7.03757 4.24229 -0.319595
v 7.0758 4.24094 -0.320883
v 7.12386 3.98293 -0.263192
v 7.12386 4.24367 -0.263192
v 7.17365 4.23983 -0.261596
v 7.17365 3.98333 -0.261596
v 7.15647 4.27214 -0.066613
v 7.20573 4.26784 -0.068209
v 7.15647 3.99018 -0.066613
v 7.20573 3.99045 -0.068209
v -7.23955 3.97141 0.186931
v -7.23955 4.2331 0.186931
v -7.2717 4.26075 -0.010351
v -7.2717 3.97778 -0.010351
v -7.0758 3.98306 -0.320883
v -7.0758 4.24094 -0.320883
v -7.01859 4.1966 -0.515306
v -7.01859 3.9679 -0.515306
v 5.50882 3.66356 0.002387
v 5.50882 3.81757 -0.337897
v 5.50882 3.81755 0.343931
v 5.50882 4.21018 0.342982
v 5.50881 4.36348 0.002046
v 5.50882 4.20869 -0.338856
v -3.77198 3.73242 -0.399804
v -3.77198 3.53505 0.006145
v -3.77198 3.73211 0.433555
v -3.77198 4.23384 0.417412
v -3.77178 4.44381 0.000351
v -3.77198 4.23314 -0.416128
v 3.57899 3.52077 0.006563
v 3.57899 3.72297 -0.406683
v 3.77198 3.73242 -0.399804
v 3.77198 3.53505 0.006145
v 3.57899 3.72262 0.443513
v 3.77198 3.73211 0.433555
v 3.57899 4.23646 0.425682
v 3.77198 4.23384 0.417412
v 3.57878 4.45273 0.000163
v 3.77178 4.44381 0.000351
v 3.57899 4.23585 -0.424714
v 3.77198 4.23314 -0.416128
v -3.38601 3.71351 -0.413562
v -3.38601 3.50649 0.00698
v -3.57899 3.72297 -0.406683
v -3.57899 3.52077 0.006563
v -3.38601 3.71313 0.453471
v -3.57899 3.72262 0.443513
v -3.38601 4.23909 0.433952
v -3.57899 4.23646 0.425682
v -3.38578 4.46166 -2.5e-05
v -3.57878 4.45273 0.000163
v -3.38601 4.23857 -0.4333
v -3.57899 4.23585 -0.424714
v 1.31442 -8.39241 -0.558453
v 1.55228 -8.51624 -0.106866
v 1.63056 -8.50609 -0.09015
v 1.35189 -8.38282 -0.615259
v 1.31108 -8.22859 0.286876
v 1.35189 -8.22262 0.36972
v 0.836748 -8.21981 0.286145
v 0.794548 -8.21163 0.36972
v 0.599327 -8.5162 -0.104403
v 0.515879 -8.50605 -0.09015
v 0.836425 -8.39241 -0.559171
v 0.794548 -8.38282 -0.615259
v -1.30364 -9.23612 -0.611976
v -1.57113 -9.23612 -0.096961
v -1.35189 -8.38282 -0.615259
v -1.63056 -8.50609 -0.09015
v -1.58089 -9.23612 1.09241
v -1.29894 -9.23612 1.34147
v -1.30825 -8.8566 1.3194
v -1.59008 -8.82101 1.09701
v -0.778122 -9.23612 1.34147
v -0.772025 -8.85656 1.3194
v -0.496345 -9.23612 1.09262
v -0.483468 -8.82463 1.09701
v -0.524402 -9.23612 -0.096961
v -0.794554 -9.23612 -0.611976
v -0.794548 -8.38282 -0.615259
v -0.515879 -8.50605 -0.09015
v 1.59008 -8.82101 1.09701
v 1.30709 -8.69177 1.09701
v 1.30825 -8.8566 1.3194
v 1.61049 -9.23612 0.377714
v 1.60638 -9.41425 0.377582
v 0.790644 -8.69157 1.09701
v 0.772025 -8.85656 1.3194
v 0.483468 -8.82463 1.09701
v 0.475181 -9.23612 0.377715
v 0.478007 -9.41425 0.377583
v -1.30628 -8.75472 0.849671
v -1.65313 -8.92975 0.849669
v -1.30709 -8.69177 1.09701
v -1.64697 -9.23612 0.849669
v -0.80363 -8.75279 0.849671
v -0.790644 -8.69157 1.09701
v -0.462172 -9.23612 0.849669
v -0.450869 -8.93132 0.849669
v 1.30547 -8.62168 0.574203
v 1.62461 -8.77297 0.378167
v 0.816617 -8.61803 0.574203
v 0.465453 -8.77249 0.378167
v 0.462172 -9.23612 0.849669
v 0.465455 -9.41425 0.849669
v 0.80363 -8.75279 0.849671
v 0.450869 -8.93132 0.849669
v 1.30628 -8.75472 0.849671
v 1.65313 -8.92975 0.849669
v 1.64697 -9.23612 0.849669
v 1.64518 -9.41425 0.849669
v -0.475181 -9.23612 0.377715
v -0.465453 -8.77249 0.378167
v -0.794548 -8.21163 0.36972
v -0.816617 -8.61803 0.574203
v -1.35189 -8.22262 0.36972
v -1.30547 -8.62168 0.574203
v -1.62461 -8.77297 0.378167
v -1.61049 -9.23612 0.377714
v 1.34552 -7.87577 -0.613624
v 1.60194 -7.87385 -0.113608
v 1.32891 -7.88739 0.325548
v 0.822878 -7.88025 0.321918
v 0.568596 -7.87381 -0.101387
v 0.821281 -7.87578 -0.617185
v -1.31442 -8.39241 -0.558453
v -1.55228 -8.51624 -0.106866
v -1.31108 -8.22859 0.286876
v -0.836748 -8.21981 0.286145
v -0.599327 -8.5162 -0.104403
v -0.836425 -8.39241 -0.559171
v 1.33034 -7.69595 -0.579397
v 1.56553 -7.69445 -0.114577
v 1.6571 -7.68729 -0.109421
v 1.3748 -7.68926 -0.663287
v 1.30899 -7.70481 0.292079
v 1.35318 -7.70108 0.376167
v 0.847359 -7.69935 0.287412
v 0.797433 -7.69381 0.371443
v 0.614918 -7.69441 -0.098863
v 0.517911 -7.68724 -0.093514
v 0.845306 -7.69597 -0.583976
v 0.795354 -7.68928 -0.667921
v -1.34552 -7.87577 -0.613624
v -1.60194 -7.87385 -0.113608
v -1.3748 -7.68926 -0.663287
v -1.6571 -7.68729 -0.109421
v -1.32891 -7.88739 0.325548
v -1.35318 -7.70108 0.376167
v -0.822878 -7.88025 0.321918
v -0.797433 -7.69381 0.371443
v -0.568596 -7.87381 -0.101387
v -0.517911 -7.68724 -0.093514
v -0.821281 -7.87578 -0.617185
v -0.795354 -7.68928 -0.667921
v -1.33034 -7.69595 -0.579397
v -1.56553 -7.69445 -0.114577
v -1.30899 -7.70481 0.292079
v -0.847359 -7.69935 0.287412
v -0.614918 -7.69441 -0.098863
v -0.845306 -7.69597 -0.583976
v -1.29504 -9.41425 -0.615484
v -1.56551 -9.41425 -0.105918
v -1.60638 -9.41425 0.377582
v -1.64518 -9.41425 0.849669
v -1.57823 -9.41425 1.09631
v -1.29624 -9.41425 1.3351
v -0.779893 -9.41425 1.3351
v -0.500086 -9.41425 1.09658
v -0.465455 -9.41425 0.849669
v -0.478007 -9.41425 0.377583
v -0.519559 -9.41425 -0.105917
v -0.787331 -9.41425 -0.615484
v -3.20379 4.24113 -0.441407
v -3.20379 3.70457 -0.420057
v -3.20354 4.47009 -0.000203
v -3.20379 4.24157 0.441761
v -3.20379 3.70416 0.462874
v -3.20379 3.49301 0.007374
v 0.68567 -2.58583 -1.35055
v 0.040629 -2.60744 -0.170232
v 0.573938 -1.96586 -1.43616
v 0.035745 -2.01845 -0.189719
v 0.68567 -2.58583 0.973931
v 0.549401 -1.96625 1.03264
v 1.90604 -2.3923 0.86487
v 1.80006 -1.81552 0.924128
v 2.38898 -2.18214 -0.168297
v 2.30936 -1.66224 -0.175067
v 1.91185 -2.34622 -1.36941
v 1.78911 -1.77681 -1.39502
v 1.72627 -1.51403 -1.37929
v 0.526191 -1.81528 -1.47127
v 1.66475 -1.10162 -1.29917
v 0.471565 -1.45327 -1.48948
v 2.25361 -1.45769 -0.157828
v 2.12848 -0.982771 -0.112761
v 1.75679 -1.5941 0.938955
v 1.66095 -1.17172 0.954396
v 0.528874 -1.83901 1.04552
v 0.438127 -1.61837 1.0631
v 0.022332 -1.95041 -0.190836
v 0 -1.74121 -0.207223
v 1.35052 -0.197367 -0.85446
v 1.79578 -0.17409 0.022628
v 1.2482 -0.215624 1.02764
v 0.316596 -1.49531 1.07259
v 0 -1.36054 -1.50206
v 0 -1.53588 1.09015
v 0 -0.235312 1.31807
v 0 -0.232411 -0.98423
v -0.573938 -1.96586 -1.43594
v -1.78901 -1.78028 -1.39854
v -1.72615 -1.51444 -1.38256
v -0.526664 -1.81526 -1.47027
v -2.31175 -1.66194 -0.172172
v -2.25942 -1.45746 -0.155196
v -1.8117 -1.81456 0.924006
v -1.75797 -1.59408 0.938942
v -0.549401 -1.96633 1.03264
v -0.528767 -1.83905 1.04552
v -0.035745 -2.01845 -0.189719
v -0.022332 -1.95041 -0.190836
v -0.474035 -1.45327 -1.48718
v -1.60512 -1.10162 -1.29851
v -1.35242 -0.197854 -0.894991
v -2.12855 -0.98268 -0.109394
v -1.79573 -0.172645 0.022628
v -1.66102 -1.17172 0.954396
v -1.2482 -0.215624 1.02764
v -0.438127 -1.61837 1.0631
v -0.316596 -1.49531 1.07259
v 1.58089 0.25842 0.109643
v 1.12398 0.216947 -0.605855
v 1.08725 0.217991 1.04716
v 0.422236 0.196959 1.22581
v 0 0.182937 1.30324
v 0.939368 0.210006 -0.647482
v 0 0.182242 -0.813988
v -1.58089 0.261088 0.109643
v -1.14281 0.216253 -0.676171
v -1.11021 0.217991 1.04716
v -0.422236 0.196959 1.22581
v -0.957192 0.213785 1.08289
v -0.839974 0.208478 -0.700511
v -0.040629 -2.60744 -0.170232
v -0.68567 -2.58583 -1.35055
v -0.68567 -2.58583 0.970315
v -1.90604 -2.3923 0.86487
v -2.38898 -2.18214 -0.168371
v -1.91185 -2.34622 -1.36703
v -0.33044 -2.64836 -0.121286
v -0.718734 -2.59729 -0.822598
v -0.718734 -2.59729 0.563882
v -1.45449 -2.50126 0.563882
v -1.83152 -2.45018 -0.121286
v -1.45813 -2.50126 -0.803383
v 0.33044 -2.64836 -0.121286
v 0.718734 -2.59729 -0.822598
v 0.718734 -2.59729 0.563882
v 1.45449 -2.50126 0.563882
v 1.83152 -2.45018 -0.121286
v 1.45813 -2.50126 -0.803383
v 1.59552 0.262972 0.114487
v 1.23195 0.222404 -0.680149
v 1.15479 0.56133 -0.682602
v 1.56224 0.600177 0.140691
v 1.15848 0.221312 1.10691
v 1.17237 0.561786 1.08013
v 0.958391 0.590524 1.17704
v 0.932261 0.172957 1.20527
v 1.21128 0.594572 1.11097
v 1.19276 0.177731 1.14377
v 0.943229 0.55544 -0.728542
v 0.976647 0.215422 -0.716276
v 0.001401 0.187493 -0.897936
v 0.001401 0.53188 -0.912304
v -1.1261 0.227303 -0.731216
v -1.59568 0.267571 0.115211
v -1.58727 0.604303 0.111689
v -1.15184 0.567283 -0.68193
v -1.16199 0.221312 1.10691
v -1.18771 0.561797 1.0504
v -0.345092 0.220025 1.4143
v -0.422309 0.201817 1.40373
v 0 0.20493 1.45237
v 0 0.1898 1.45307
v -0.955462 0.602654 -0.76933
v -0.922101 0.177821 -0.814891
v -1.14723 0.187745 -0.773332
v -1.17205 0.611479 -0.711905
v 1.10855 0.555873 -0.617596
v 1.50424 0.595625 0.145135
v 1.11898 0.562092 1.02038
v 0.878811 0.168515 1.11436
v 1.11516 0.173666 1.07061
v 0.434248 0.580856 1.34994
v 0.421378 0.577473 1.24992
v 0 0.576959 1.40302
v 0 0.570096 1.28678
v 0 0.526628 -0.855499
v 0.90595 0.550023 -0.665177
v -1.51076 0.59782 0.11541
v -1.10684 0.556232 -0.617596
v -1.12768 0.562103 0.990651
v -0.422309 0.148658 1.35806
v -0.422236 0.143799 1.22581
v 0 0.13664 1.4074
v 0 0.129777 1.30324
v -0.434248 0.545258 1.34994
v -0.421378 0.541421 1.24992
v -0.939618 0.555156 1.06628
v -1.0311 0.55849 1.10437
v -0.854745 0.164282 -0.735064
v -1.10122 0.173972 -0.693151
v -1.12604 0.597706 -0.631723
v -0.918945 0.590327 -0.691025
v -0.998633 0.217413 1.15714
v -0.422309 0.201817 1.35806
v 0.345079 0.220022 1.4142
v 0.422309 0.201817 1.40373
v 0.434248 0.545253 1.39561
v 0.353263 0.50599 1.409
v 0.422236 0.143799 1.22581
v 0.422309 0.148658 1.35806
v 0 0.505077 1.44956
v 0 0.534231 1.44868
v -0.434248 0.545258 1.39561
v -0.353363 0.506006 1.40948
v 0 0.20493 1.4067
v 0.345079 0.220022 1.36854
v 0 0.505077 1.4039
v 0.353263 0.50599 1.36334
v -0.353363 0.506006 1.36382
v -0.345092 0.220025 1.36864
v -0.422309 0.148658 1.40373
v 0 0.13664 1.45307
v 0.422309 0.201817 1.35806
v 0.422309 0.148658 1.40373
v -0.421378 0.577477 1.24992
v -0.434248 0.580861 1.34994
v 1.12024 0.590507 1.03782
v 0.946809 0.586442 1.09403
v 0.434248 0.545253 1.34994
v 0.421378 0.541417 1.24992
v 0.434248 0.580856 1.39561
v 0 0.576959 1.44868
v -0.434248 0.580861 1.39561
v -1.03128 0.590536 1.14732
v -0.929934 0.586455 1.09403
v -1.15372 0.590521 1.0081
v -1.21712 0.594586 1.08125
v -1.19627 0.177731 1.14377
v -1.00218 0.172957 1.20527
v -1.13287 0.173666 1.07061
v -0.951449 0.168515 1.11436
v 0.959424 0.55848 1.13409
v 0.956494 0.555146 1.06628
v 0.934676 0.217413 1.15714
v 0.885356 0.213785 1.08289
v -0.939969 0.560202 -0.728005
v -0.904245 0.550311 -0.665177
v -0.905865 0.219341 -0.76456
v 0.958757 0.596718 -0.77
v 0.92065 0.589968 -0.691025
v 1.17502 0.60406 -0.712743
v 1.12775 0.597258 -0.631723
v 1.21773 0.181639 -0.698109
v 0.992918 0.172936 -0.754712
v 1.14411 0.174837 -0.617089
v 0.928469 0.166186 -0.66897
v 0 0.534041 1.28678
v 1.39844 -5.71174 -0.607834
v 0.807095 -5.71888 -0.615003
v 1.38448 -5.24907 -0.526989
v 0.786803 -5.26486 -0.527147
v 1.66879 -5.71267 -0.077539
v 1.65233 -5.25145 -0.050493
v 1.35868 -5.71377 0.412886
v 1.36969 -5.25388 0.436286
v 0.812279 -5.72036 0.405628
v 0.791245 -5.26847 0.436237
v 0.546925 -5.72043 -0.054762
v 0.525047 -5.26872 -0.054019
v 0.777635 -5.03258 -0.527988
v 0.772803 -4.80325 -0.547243
v 1.38347 -4.78501 -0.547243
v 1.38296 -5.02323 -0.527961
v 1.6656 -4.78501 -0.053557
v 1.65027 -5.02358 -0.050093
v 1.39231 -4.78501 0.45548
v 1.38093 -5.02456 0.442362
v 0.778506 -5.0331 0.442362
v 0.772803 -4.80325 0.45548
v 0.494301 -4.80325 -0.053557
v 0.511819 -5.03384 -0.050177
v -0.823716 -6.09078 -0.686967
v -1.40987 -6.09072 -0.674054
v -1.68228 -6.09047 -0.099692
v -1.34965 -6.09047 0.393719
v -0.829508 -6.0905 0.380555
v -0.564846 -6.09043 -0.05537
v -1.39844 -5.71174 -0.607834
v -0.807095 -5.71888 -0.615003
v -1.66879 -5.71267 -0.077539
v -1.35868 -5.71377 0.412886
v -0.812279 -5.72036 0.405628
v -0.546925 -5.72043 -0.054762
v -0.777635 -5.03258 -0.527988
v -1.38296 -5.02323 -0.527961
v -1.38347 -4.78501 -0.547243
v -0.772803 -4.80325 -0.547243
v -1.65027 -5.02358 -0.050093
v -1.6656 -4.78501 -0.053557
v -1.38093 -5.02456 0.442362
v -1.39231 -4.78501 0.45548
v -0.778506 -5.0331 0.442362
v -0.772803 -4.80325 0.45548
v -0.511819 -5.03384 -0.050177
v -0.494301 -4.80325 -0.053557
v -0.525047 -5.26872 -0.054019
v -0.786803 -5.26486 -0.527147
v -0.791245 -5.26847 0.436237
v -1.36969 -5.25388 0.436286
v -1.65233 -5.25145 -0.050493
v -1.38448 -5.24907 -0.526989
v -0.73901 -3.42452 -0.707331
v -0.391888 -3.45645 -0.095887
v -0.73901 -3.42452 0.523231
v -1.43117 -3.35766 0.523231
v -1.7693 -3.32574 -0.095888
v -1.42625 -3.35766 -0.707331
v 1.40987 -6.09072 -0.674054
v 1.68228 -6.09047 -0.099692
v 1.34965 -6.09047 0.393719
v 0.829508 -6.0905 0.380555
v 0.564846 -6.09043 -0.05537
v 0.823716 -6.09078 -0.686967
v 0.391888 -3.45645 -0.095887
v 0.73901 -3.42452 -0.707331
v 0.73901 -3.42452 0.523231
v 1.43117 -3.35766 0.523231
v 1.7693 -3.32574 -0.095888
v 1.42625 -3.35766 -0.707331
vn 0.341124 0.937559 -0.067944
vn 0.341124 0.93756 -0.067944
vn 0.278379 0.935551 0.217372
vn 0.365715 0.21023 0.906673
vn 0.350151 0.248659 0.903085
vn 0.141264 0.635108 0.759396
vn -0.350151 0.248659 0.903085
vn -0.365715 0.21023 0.906673
vn -0.141264 0.635108 0.759396
vn -0.278379 0.935551 0.217372
vn -0.341124 0.93756 -0.067944
vn -0.2161 0.145419 -0.965481
vn -0.212854 0.031881 -0.976564
vn -0.16702 0.789473 -0.590624
vn 0.212854 0.031881 -0.976564
vn 0.2161 0.145419 -0.965481
vn 0.16702 0.789473 -0.590624
vn 0.425651 0.006661 0.904863
vn 0.423584 0.018795 0.905662
vn -0.423584 0.018795 0.905662
vn -0.425651 0.006661 0.904863
vn -0.212438 -0.074923 -0.974298
vn -0.211948 -0.070537 -0.974732
vn 0.211948 -0.070537 -0.974732
vn 0.212438 -0.074923 -0.974298
vn 0.937033 -0.17755 -0.300743
vn 0.935862 -0.177816 -0.30421
vn 0.951452 -0.173769 -0.254053
vn 0.906837 -0.097197 0.410122
vn 0.906595 -0.102264 0.409424
vn 0.905241 -0.124603 0.406218
vn 0.40948 -0.046305 0.911143
vn 0.411317 -0.045648 0.910349
vn -0.412817 -0.049303 0.909479
vn -0.411425 -0.050091 0.910066
vn -0.906561 -0.103862 0.409096
vn -0.906758 -0.100088 0.409599
vn -0.905241 -0.124603 0.406218
vn -0.935445 -0.174038 -0.307659
vn -0.936918 -0.174037 -0.303142
vn -0.951452 -0.173769 -0.254053
vn -0.215338 -0.07845 -0.973383
vn -0.215255 -0.082484 -0.973068
vn 0.215229 -0.082414 -0.97308
vn 0.215304 -0.078384 -0.973396
vn 0.894019 -0.184784 -0.408148
vn 0.907927 -0.040675 0.417149
vn 0.326942 -0.074935 0.942069
vn -0.336381 -0.091442 0.937276
vn -0.908131 -0.048234 0.415899
vn -0.890622 -0.172747 -0.420655
vn -0.216182 -0.014152 -0.976251
vn 0.216033 -0.013934 -0.976287
vn 0.397185 -0.824086 -0.403889
vn 0.382869 -0.021858 -0.923544
vn 0.382919 0.900574 -0.205767
vn 0.533759 -0.689486 0.489602
vn 0.533759 -0.689486 0.489603
vn 0.28813 0.922019 0.258577
vn 0.409514 0.025202 0.911956
vn -0.535307 -0.83252 0.142673
vn -0.533759 -0.689486 0.489603
vn -0.516719 -0.856117 0.008032
vn -0.409514 0.025202 0.911956
vn -0.288132 0.922019 0.258577
vn -0.342351 0.93864 0.041843
vn -0.349796 0.936812 0.005127
vn -0.397184 -0.824086 -0.403889
vn -0.382921 0.900573 -0.205766
vn -0.382869 -0.021858 -0.923544
vn 0 -0.89911 -0.437723
vn 0.000351 0.007521 -0.999972
vn 0.067056 0.923954 -0.376581
vn 0.067056 0.923953 -0.376581
vn 0 -0.88897 0.457966
vn 0 -0.888969 0.457966
vn 0.05285 0.950512 0.306159
vn 0.001006 0.035019 0.999386
vn 0 -0.888969 0.457967
vn -0.001006 0.03502 0.999386
vn -0.05285 0.950513 0.306158
vn -0.067056 0.923954 -0.37658
vn -0.000351 0.007521 -0.999972
vn 0 0.019689 -0.999806
vn 0 0.000145 -1
vn 0 -0.000151 -1
vn 0.881849 -0.051443 -0.468717
vn 0.881775 -0.052064 -0.468787
vn 0.885219 -0.019078 -0.464784
vn 0.645393 -0.00332 0.763843
vn 0.645535 -0.003509 0.763723
vn 0.654166 -0.015119 0.7562
vn 1e-06 0.029019 0.999579
vn 1e-06 0.028845 0.999584
vn -0 -0.035761 0.99936
vn -0.642809 -0.0035 0.766019
vn -0.642601 -0.003307 0.766194
vn -0.655362 -0.015259 0.755161
vn -0.655362 -0.015259 0.75516
vn -0.88444 0.005118 -0.466625
vn -0.884444 0.005309 -0.466616
vn -0.884446 0.046202 -0.464351
vn -0.067041 -0.907744 0.414134
vn -0.067041 -0.907744 0.414133
vn -0.067043 -0.909715 0.409786
vn -0.046844 0.018218 0.998736
vn -0.046845 0.01818 0.998737
vn -0.047153 0.001217 0.998887
vn -0.03601 0.901769 0.430716
vn -0.03601 0.901778 0.430697
vn -0.035854 0.912163 0.408257
vn -0.062663 -0.903301 -0.424406
vn -0.062662 -0.903292 -0.424425
vn -0.062821 -0.909669 -0.410555
vn -0.037007 0.900574 -0.433126
vn -0.037007 0.900563 -0.433148
vn -0.036824 0.910599 -0.411648
vn -0.04035 -0.018443 -0.999015
vn -0.04035 -0.018481 -0.999015
vn -0.040056 -0.001236 -0.999197
vn 0.075582 0.802998 0.59117
vn -0.075576 0.803 0.591168
vn 0.130136 0.853152 -0.505171
vn 0.130136 0.853152 -0.50517
vn -0.130136 0.853153 -0.505168
vn -0.279655 0.959912 0.019008
vn -0.18627 0.956888 0.222865
vn 0.035818 0.914051 0.404014
vn -0.035815 0.91405 0.404018
vn 0.186272 0.956887 0.222867
vn 0.279656 0.959912 0.019012
vn 0.233248 0.113783 -0.965738
vn -0.233248 0.113783 -0.965738
vn -0.918304 0.040318 -0.393819
vn -0.916888 -0.033423 0.397743
vn -0.22604 -0.0727 0.971401
vn 0.22604 -0.0727 0.971402
vn 0.22604 -0.0727 0.971401
vn 0.916888 -0.033423 0.397743
vn 0.918304 0.040318 -0.393818
vn 0.06244 -0.894956 -0.441763
vn 0.062454 -0.895466 -0.440727
vn 0.062454 -0.895458 -0.440743
vn 0.067034 -0.905349 0.419343
vn 0.067034 -0.905489 0.419042
vn 0.046464 0.038141 0.998192
vn 0.046486 0.036988 0.998234
vn 0.046486 0.037017 0.998233
vn 0.036174 0.888467 0.457513
vn 0.036164 0.88926 0.455971
vn 0.036164 0.889264 0.455962
vn 0.037206 0.887722 -0.458874
vn 0.037194 0.888487 -0.457392
vn 0.037194 0.888493 -0.457381
vn 0.040679 -0.038643 -0.998425
vn 0.040661 -0.037503 -0.998469
vn 0.04066 -0.03748 -0.99847
vn -0.223597 -0.917407 -0.329193
vn -0.745876 0 -0.666085
vn -0.257058 0.910016 -0.325256
vn -0.037485 -0.927869 0.371018
vn -0.161022 0.934269 0.31814
vn -0.578986 0.007675 0.815302
vn -0.578985 0.007675 0.815302
vn 0.037485 -0.927868 0.371019
vn 0.578985 0.007675 0.815302
vn 0.161022 0.934269 0.31814
vn 0.223598 -0.917407 -0.329194
vn 0.257058 0.910015 -0.325259
vn 0.257058 0.910016 -0.325259
vn 0.745876 1e-06 -0.666085
vn 0.285539 -0.938993 -0.191731
vn -0 1e-06 -1
vn 0.031025 0.959704 -0.279294
vn 0.190594 -0.974073 0.121889
vn 0.234775 -0.950248 0.204716
vn 0.165934 -0.983159 0.076581
vn 0.025402 0.96891 0.246106
vn 0.02035 0.96315 0.268193
vn 0.017519 0.959698 0.280486
vn 0.675746 -0.195557 0.710721
vn -0.234776 -0.950249 0.204714
vn -0.190594 -0.974072 0.121888
vn -0.165935 -0.983159 0.076581
vn -0.675747 -0.195557 0.710721
vn -0.02035 0.96315 0.268193
vn -0.025402 0.96891 0.246106
vn -0.017519 0.959698 0.280486
vn -0.285539 -0.938993 -0.19173
vn -0.031025 0.959704 -0.279295
vn 0 0 -1
vn 0.106214 -0.994266 -0.012395
vn 0.109818 -0.993899 -0.010198
vn 0.153648 -0.987986 0.016636
vn 0.042969 0.967302 -0.249962
vn 0.050632 0.969771 -0.238706
vn 0.054183 0.970854 -0.233469
vn 0.122072 -0.992519 0.002028
vn 0.12575 -0.992062 0.000384
vn 0.127894 -0.991788 -0.000576
vn 0.071501 0.973336 0.217956
vn 0.073765 0.974124 0.213636
vn 0.105891 0.982783 0.151409
vn 0.002339 0.00497 0.999985
vn -0.12575 -0.992062 0.000383
vn -0.127894 -0.991788 -0.000576
vn -0.153658 -0.98805 -0.012128
vn -0.002339 0.00497 0.999985
vn -0.066793 0.971623 0.226909
vn -0.071501 0.973336 0.217956
vn -0.073765 0.974124 0.213636
vn -0.099677 -0.994885 -0.016376
vn -0.106214 -0.994266 -0.012395
vn -0.109818 -0.9939 -0.010197
vn -0.050631 0.969771 -0.238707
vn -0.054182 0.970853 -0.23347
vn -0.105817 0.982096 -0.15585
vn -0.823966 0.042111 0.565073
vn -0.77266 0.022737 0.634413
vn -0.784784 0.027131 0.619175
vn -0.050114 -0.942473 -0.330503
vn -0.034106 -0.957164 -0.287531
vn 0.879806 -0.02056 -0.474889
vn 0.808663 -0.027432 -0.587632
vn 0.839663 -0.024666 -0.542548
vn 0.074308 0.889305 0.451238
vn 0.050318 0.906084 0.420094
vn 0.670251 -0.035532 0.741284
vn 0.684102 -0.023058 0.729022
vn 0.633691 -0.067036 0.770676
vn -0.168232 0.819466 0.547881
vn -0.198018 0.799251 0.567439
vn -0.245534 0.763679 0.597083
vn -0.741686 -0.028279 -0.670151
vn -0.730331 -0.024982 -0.682636
vn -0.699636 -0.01633 -0.714313
vn 0.079971 -0.915972 -0.393193
vn 0.076449 -0.916416 -0.392857
vn 0.084341 -0.915404 -0.393602
vn -0.670251 -0.035532 0.741284
vn -0.684102 -0.023057 0.729022
vn 0.168232 0.819466 0.547881
vn 0.198017 0.799251 0.567439
vn 0.730331 -0.024982 -0.682636
vn 0.741685 -0.028279 -0.670151
vn -0.079971 -0.915972 -0.393193
vn -0.076449 -0.916416 -0.392858
vn 0.823966 0.042111 0.565073
vn 0.77266 0.022736 0.634413
vn 0.784784 0.027131 0.619175
vn -0.074308 0.889305 0.451238
vn -0.050318 0.906084 0.420095
vn -0.879806 -0.02056 -0.474889
vn -0.808663 -0.027433 -0.587632
vn -0.839663 -0.024666 -0.542548
vn 0.050114 -0.942474 -0.330503
vn 0.034106 -0.957164 -0.28753
vn -0.633691 -0.067036 0.770676
vn 0.245534 0.763679 0.597082
vn 0.699636 -0.01633 -0.714313
vn -0.084341 -0.915404 -0.393602
vn 0.066793 0.971623 0.226909
vn -0.105891 0.982783 0.151409
vn 0.105817 0.982096 -0.155852
vn -0.042968 0.967301 -0.249964
vn 0.153659 -0.98805 -0.012128
vn -0.122072 -0.992519 0.002028
vn 0.099678 -0.994885 -0.016377
vn -0.153648 -0.987986 0.016636
vn 0.986979 0 0.160848
vn -0.959519 0 0.281646
vn 0.959519 0 0.281646
vn -0.986516 0 -0.163667
vn 0.959319 2e-06 -0.282325
vn 0.986516 0 -0.163667
vn -0.986979 3e-06 0.160848
vn -0.959319 3e-06 -0.282325
vn -0.967964 -3e-05 0.251089
vn -0.958169 0 -0.286202
vn -0.967965 -3.2e-05 0.251084
vn 0.958169 0 -0.286202
vn 0.967965 -2.6e-05 0.251085
vn 0.967965 2e-05 0.251084
vn 0.989166 0 -0.146799
vn 0.989665 1.7e-05 0.143399
vn 0.989665 -3.4e-05 0.1434
vn -0.989166 0 -0.146799
vn -0.989665 2.3e-05 0.1434
vn -0.989665 1.7e-05 0.143398
vn -0.980813 -2e-06 0.19495
vn -0.989458 0 -0.144822
vn -0.980813 2e-06 0.194951
vn -0.989459 1.2e-05 -0.144814
vn 0.980813 2e-06 0.194951
vn 0.989458 -1.6e-05 -0.144821
vn 0.980813 0 0.19495
vn 0.989459 5e-05 -0.144815
vn 0.96787 3e-06 -0.251451
vn 0.953631 0 0.300977
vn 0.967872 -1.5e-05 -0.251442
vn 0.953642 0 0.300945
vn -0.953642 2e-06 0.300945
vn -0.967872 -2.3e-05 -0.251445
vn -0.953632 0 0.300976
vn -0.96787 -3.2e-05 -0.251449
vn -0.967871 -3.2e-05 -0.251449
vn 0.027134 0 -0.999632
vn 0.017795 0.989757 0.141647
vn 0.026896 0 0.999638
vn 0.056524 -0.998136 -0.023034
vn -0.055113 -0.996853 -0.056984
vn -0.055118 -0.996852 -0.056985
vn -0.008403 -0 0.999965
vn 0.03343 0.977438 0.20856
vn 0.033431 0.977438 0.20856
vn 0.033438 0.977438 0.20856
vn -0.008444 0 -0.999964
vn -0.008445 0 -0.999964
vn 0.008444 0 -0.999964
vn -0.033429 0.977438 0.20856
vn -0.033431 0.977438 0.208559
vn 0.008402 -0 0.999965
vn 0.055112 -0.996853 -0.056981
vn -0.038587 -0 0.999255
vn -0.002222 0.989622 -0.14368
vn -0.002221 0.989622 -0.14368
vn -0.002224 0.989622 -0.143679
vn -0.0381 -1e-06 -0.999274
vn -0.103113 -0.994477 0.019557
vn -0.103113 -0.994477 0.019554
vn 0.136281 -0.989977 0.037065
vn 0.136282 -0.989977 0.037065
vn 0.045372 0 -0.99897
vn -0.021915 0.976115 -0.216148
vn 0.046615 0 0.998913
vn 0.0381 -1e-06 -0.999274
vn 0.002221 0.989622 -0.143681
vn 0.002222 0.989622 -0.143681
vn 0.038587 0 0.999255
vn 0.103112 -0.994477 0.019557
vn 0.103112 -0.994478 0.019557
vn -0.026896 0 0.999638
vn -0.017795 0.989757 0.141647
vn -0.017793 0.989757 0.141649
vn -0.027134 -0 -0.999632
vn -0.056524 -0.998136 -0.023033
vn -0.05652 -0.998136 -0.023036
vn -0.046615 0 0.998913
vn -0.046613 0 0.998913
vn 0.021916 0.976116 -0.216144
vn -0.045372 0 -0.99897
vn -0.045371 0 -0.99897
vn -0.136281 -0.989977 0.037065
vn -0.136286 -0.989976 0.037063
vn 0.028734 0 -0.999587
vn 0.054166 0.987611 0.147278
vn 0.05416 0.987611 0.147277
vn 0.05416 0.987611 0.147276
vn 0.028467 0 0.999595
vn 0.024137 -0.999307 -0.028352
vn 0.024135 -0.999307 -0.028349
vn 0.00738 -0.99713 -0.07535
vn 0.007379 -0.99713 -0.07535
vn -0.024221 -0 0.999707
vn -0.066385 0.969464 0.236079
vn -0.066384 0.969464 0.236078
vn -0.02457 0 -0.999698
vn 0.024569 0 -0.999698
vn 0.02457 0 -0.999698
vn 0.066387 0.969462 0.236086
vn 0.066385 0.969464 0.236078
vn 0.066384 0.969464 0.236078
vn 0.024221 -0 0.999707
vn -0.007385 -0.99713 -0.075344
vn -0.00738 -0.99713 -0.075345
vn -0.032388 -0 0.999475
vn -0.080973 0.984434 -0.155992
vn -0.080974 0.984434 -0.155993
vn -0.032044 -1e-06 -0.999487
vn -0.006725 -0.999339 0.035729
vn -0.006727 -0.999339 0.035729
vn 0.055836 -0.996559 0.061252
vn 0.055836 -0.996559 0.061251
vn 0.055836 -0.99656 0.06125
vn 0.033022 0 -0.999455
vn 0.026723 0.972889 -0.229722
vn 0.026729 0.972888 -0.229728
vn 0.033677 0 0.999433
vn 0.033677 1e-06 0.999433
vn 0.032044 -1e-06 -0.999487
vn 0.080971 0.984433 -0.155995
vn 0.080973 0.984434 -0.155991
vn 0.032389 0 0.999475
vn 0.032388 0 0.999475
vn 0.006717 -0.999339 0.035728
vn 0.006726 -0.999339 0.035729
vn 0.006725 -0.999339 0.035729
vn -0.028467 0 0.999595
vn -0.05416 0.987611 0.147277
vn -0.054159 0.987612 0.147276
vn -0.028734 -0 -0.999587
vn -0.024135 -0.999307 -0.028349
vn -0.033677 1e-06 0.999433
vn -0.026729 0.972888 -0.229728
vn -0.02673 0.972888 -0.229729
vn -0.033022 0 -0.999455
vn -0.055836 -0.996559 0.061251
vn -0.055836 -0.99656 0.06125
vn 0.008446 0 -0.999964
vn 0.055111 -0.996853 -0.056979
vn 0.008403 -0 0.999965
vn -0.033438 0.977438 0.208558
vn -0.008402 -0 0.999965
vn 0.066384 0.969464 0.236077
vn -0.024569 0 -0.999698
vn 0.007385 -0.99713 -0.075348
vn -0.066387 0.969462 0.236085
vn 0.056525 -0.998136 -0.023034
vn 0.017793 0.989757 0.141649
vn 0.024134 -0.999307 -0.028349
vn 0.054159 0.987611 0.147276
vn 0.054159 0.987612 0.147276
vn -0.024137 -0.999307 -0.028352
vn -0.054167 0.987611 0.147279
vn 0.038099 -1e-06 -0.999274
vn 0.103113 -0.994477 0.019554
vn 0.002224 0.989622 -0.14368
vn -0.103112 -0.994478 0.019557
vn -0.103112 -0.994477 0.019557
vn 0.006727 -0.999339 0.035729
vn 0.080974 0.984434 -0.155991
vn -0.006716 -0.999339 0.035726
vn -0.080968 0.984435 -0.15599
vn 0.136288 -0.989976 0.037065
vn 0.046613 0 0.998913
vn -0.021915 0.976116 -0.216143
vn 0.02673 0.972888 -0.229729
vn 0.033023 0 -0.999455
vn -0.055836 -0.996559 0.061254
vn -0.033677 0 0.999433
vn -0.026723 0.97289 -0.229721
vn -0.033021 0 -0.999455
vn 0.062662 -0.903292 -0.424426
vn 0.062663 -0.9033 -0.424408
vn 0.062821 -0.90967 -0.410553
vn 0.067041 -0.907744 0.414134
vn 0.067041 -0.907743 0.414135
vn 0.067044 -0.909714 0.409788
vn 0.046845 0.01818 0.998737
vn 0.046844 0.018218 0.998736
vn 0.047153 0.001217 0.998887
vn 0.03601 0.901778 0.430697
vn 0.03601 0.901769 0.430716
vn 0.035854 0.912163 0.408257
vn 0.037007 0.900563 -0.433148
vn 0.037007 0.900574 -0.433125
vn 0.036824 0.910599 -0.411648
vn 0.04035 -0.018481 -0.999015
vn 0.04035 -0.018443 -0.999015
vn 0.040056 -0.001236 -0.999197
vn -0.062636 -0.902296 -0.426542
vn -0.062636 -0.902279 -0.426579
vn -0.06704 -0.907443 0.414793
vn -0.06704 -0.907444 0.414791
vn -0.046796 0.020784 0.998688
vn -0.046797 0.020712 0.99869
vn -0.036033 0.900137 0.434113
vn -0.036033 0.900149 0.434089
vn -0.037033 0.899002 -0.436376
vn -0.037034 0.898987 -0.436406
vn -0.040393 -0.021014 -0.998963
vn -0.040394 -0.021075 -0.998962
vn 0.062481 -0.896479 -0.438659
vn 0.062481 -0.896487 -0.438642
vn 0.062636 -0.902296 -0.426543
vn 0.062636 -0.902279 -0.42658
vn 0.067035 -0.905773 0.418427
vn 0.067035 -0.905773 0.418428
vn 0.06704 -0.907443 0.414792
vn 0.06704 -0.907443 0.414794
vn 0.046532 0.034652 0.998316
vn 0.046531 0.034682 0.998315
vn 0.046797 0.020712 0.99869
vn 0.046796 0.020784 0.998688
vn 0.036146 0.890878 0.452803
vn 0.036146 0.890873 0.452813
vn 0.036033 0.900137 0.434113
vn 0.036033 0.900149 0.434089
vn 0.037171 0.890045 -0.454355
vn 0.037171 0.890051 -0.454343
vn 0.037034 0.898987 -0.436406
vn 0.037033 0.899002 -0.436376
vn 0.040623 -0.035143 -0.998556
vn 0.040623 -0.035118 -0.998557
vn 0.040394 -0.021075 -0.998962
vn 0.040393 -0.021014 -0.998963
vn -0.062454 -0.895466 -0.440727
vn -0.062454 -0.895458 -0.440743
vn -0.062482 -0.896488 -0.438641
vn -0.062481 -0.896479 -0.438658
vn -0.067034 -0.905489 0.419042
vn -0.067035 -0.905774 0.418426
vn -0.067035 -0.905774 0.418427
vn -0.046486 0.037017 0.998233
vn -0.046486 0.036988 0.998234
vn -0.046532 0.034652 0.998316
vn -0.046531 0.034682 0.998315
vn -0.036164 0.88926 0.455971
vn -0.036164 0.889264 0.455962
vn -0.036146 0.890873 0.452812
vn -0.036146 0.890878 0.452803
vn -0.037194 0.888493 -0.457381
vn -0.037194 0.888487 -0.457392
vn -0.037171 0.890045 -0.454355
vn -0.037171 0.890051 -0.454343
vn -0.04066 -0.03748 -0.99847
vn -0.040661 -0.037503 -0.998469
vn -0.040623 -0.035143 -0.998556
vn -0.040623 -0.035118 -0.998557
vn 0 1 0
vn 0.894896 0.034485 -0.444941
vn 0.897353 0.090397 -0.431956
vn 0.88632 -0.020623 -0.462614
vn 0.888166 -0.004608 -0.459501
vn 0.896181 0.187699 0.402031
vn 0.880777 0.075289 0.467509
vn 0.243912 0.868129 -0.432272
vn 2.6e-05 0.216602 0.97626
vn -4.3e-05 0.213096 0.977031
vn 0.019155 0.996239 -0.084504
vn -0.888624 0.099564 0.4477
vn -0.901959 0.235587 0.361895
vn -0.230458 0.859099 -0.456987
vn -0.900883 0.128794 -0.414514
vn -0.900409 0.068208 -0.429665
vn -0.887985 0.039002 -0.458215
vn -0.889209 0.060154 -0.453528
vn -5e-06 0.038566 -0.999256
vn -5e-06 0.03464 -0.9994
vn 0.004363 0.047246 -0.998874
vn 0.00436 0.039915 -0.999194
vn -0.88185 -0.051443 -0.468716
vn -0.881776 -0.052064 -0.468787
vn -0.888166 -0.004608 -0.459501
vn -0.88632 -0.020623 -0.462614
vn -0.645393 -0.00332 0.763843
vn -0.645535 -0.003509 0.763723
vn -0.641428 0.001937 0.767181
vn -1e-06 0.029019 0.999579
vn -1e-06 0.028845 0.999584
vn -2e-06 0.058038 0.998314
vn 0.642809 -0.0035 0.766019
vn 0.642601 -0.003307 0.766194
vn 0.6369 0.001951 0.770944
vn 0.88444 0.005118 -0.466625
vn 0.884444 0.005309 -0.466616
vn 0.889209 0.060154 -0.453528
vn 0.887985 0.039002 -0.458215
vn 5e-06 0.038566 -0.999256
vn 5e-06 0.03464 -0.9994
vn 0.428985 0.895221 -0.120626
vn 0.429822 0.902825 -0.01267
vn 0.344805 0.754991 0.557762
vn 0.996199 -0.025065 -0.083418
vn 0.996816 -0.052467 -0.060036
vn 0.99699 -0.040356 -0.066204
vn 0.996459 -0.020804 -0.081467
vn 0.00116 0.974947 0.222433
vn 0.001124 0.971162 0.238417
vn 0.000182 0.803256 0.595634
vn -0.418934 0.90663 -0.050171
vn -0.418029 0.896878 -0.14444
vn -0.333654 0.77025 0.543498
vn -0.997076 -0.015495 -0.074825
vn -0.994366 -0.009146 -0.105604
vn -0.99551 0.008043 -0.09431
vn -0.998123 -0.004414 -0.061078
vn -0.482478 0.869279 0.107565
vn -0.483509 0.867041 0.120246
vn -0.429822 0.902825 -0.012669
vn -0.428985 0.895221 -0.120625
vn -0.998817 -0.025172 0.041613
vn -0.998998 -0.021652 0.039179
vn -0.965535 -0.022193 0.259326
vn -0.965356 -0.017863 0.260323
vn -0.003851 0.99268 0.120711
vn -0.003894 0.991439 0.130513
vn -0.00116 0.974947 0.222434
vn -0.001124 0.971162 0.238419
vn 0.989569 -0.028813 0.141146
vn 0.999328 -0.025775 0.026045
vn 0.989247 -0.034264 0.142183
vn 0.99923 -0.029764 0.02556
vn 0.471727 0.875217 0.107096
vn 0.471857 0.874909 0.109019
vn 0.418934 0.90663 -0.05017
vn 0.418029 0.896878 -0.14444
vn 0.793683 0.400344 0.458031
vn 0.686441 0.604973 0.403493
vn 0.720147 0.551538 0.420944
vn 0.006337 0.452569 0.891707
vn 0.006158 0.653392 0.756995
vn 0.006147 0.658864 0.752237
vn -0.776166 0.461893 0.42921
vn -0.668836 0.633613 0.388836
vn -0.694431 0.598828 0.398961
vn -0.344804 0.754991 0.557763
vn -0.000182 0.803255 0.595635
vn 0.333654 0.770249 0.543499
vn -0.999328 -0.025775 0.026045
vn -0.999391 -0.017474 0.030189
vn -0.471857 0.874909 0.10902
vn -0.471727 0.875217 0.107096
vn 0.003851 0.99268 0.12071
vn 0.003894 0.991439 0.130512
vn 0.482478 0.869279 0.107565
vn 0.483509 0.867041 0.120245
vn 0.998998 -0.021652 0.039178
vn 0.999086 -0.01412 0.040343
vn 0.997076 -0.015495 -0.074825
vn 0.994366 -0.009146 -0.105604
vn 0.995928 -0.018087 -0.088316
vn 0.993921 -0.014532 -0.109135
vn 0.776166 0.461893 0.42921
vn 0.668836 0.633613 0.388835
vn 0.694432 0.598828 0.39896
vn -0.006337 0.452569 0.891707
vn -0.006158 0.653393 0.756994
vn -0.006147 0.658865 0.752236
vn -0.793683 0.400344 0.458032
vn -0.68644 0.604973 0.403494
vn -0.720147 0.551538 0.420944
vn -0.996742 -0.061123 -0.052622
vn -0.996816 -0.052468 -0.060036
vn -0.996973 -0.051407 -0.058327
vn -0.99699 -0.040356 -0.066204
vn -0.989569 -0.028813 0.141146
vn -0.990119 -0.017974 0.139072
vn 0.965356 -0.017863 0.260323
vn 0.964943 -0.009207 0.2623
vn 0.87711 -0.134712 -0.461011
vn 0.877169 -0.133888 -0.461138
vn 0.836069 -0.13402 0.532004
vn 0.836136 -0.132542 0.532269
vn -0.008191 -0.169704 0.985461
vn -0.008224 -0.170706 0.985288
vn -0.844178 -0.120717 0.522294
vn -0.844224 -0.119487 0.522502
vn -0.887566 -0.107389 -0.447989
vn -0.887497 -0.109066 -0.447721
vn 0.005173 -0.156434 -0.987675
vn 0.005191 -0.157326 -0.987533
vn -0.894896 0.034485 -0.444941
vn -0.897353 0.090397 -0.431956
vn -0.243913 0.86813 -0.432269
vn -0.896181 0.187699 0.402032
vn -0.880776 0.075289 0.467509
vn -0.019155 0.996239 -0.084509
vn -2.6e-05 0.216602 0.97626
vn 4.3e-05 0.213095 0.977031
vn 0.230458 0.859099 -0.456987
vn 0.888624 0.099564 0.447699
vn 0.90196 0.235587 0.361895
vn 0.900409 0.068208 -0.429665
vn 0.900883 0.128794 -0.414514
vn -0.00436 0.039915 -0.999194
vn -0.004363 0.047246 -0.998874
vn -0.079934 0.996106 0.037204
vn 0.889526 0.042989 -0.454857
vn 0.89022 0.019237 -0.455124
vn -0.069215 0.997466 -0.016478
vn 0.84719 0.048133 0.529105
vn 0.84648 0.060349 0.528989
vn 0.012991 0.998422 -0.05464
vn -0.007529 0.047657 0.998835
vn -0.007465 0.052617 0.998587
vn 0.069174 0.997208 -0.028123
vn -0.853988 0.08071 0.513995
vn -0.854324 0.076123 0.514135
vn 0.07627 0.996535 0.033167
vn -0.895248 0.093011 -0.435753
vn -0.896783 0.072923 -0.43642
vn 0.007371 0.065707 -0.997812
vn 0.007384 0.042328 -0.999077
vn -0.000729 0.996832 0.079532
vn -0.877109 -0.134712 -0.461012
vn -0.877169 -0.133887 -0.461139
vn -0.890219 0.019237 -0.455126
vn -0.889526 0.042989 -0.454858
vn -0.836069 -0.13402 0.532003
vn -0.836136 -0.132542 0.532269
vn -0.84719 0.048133 0.529105
vn -0.84648 0.060349 0.528989
vn 0.008191 -0.169704 0.985461
vn 0.008224 -0.170705 0.985288
vn 0.007465 0.052618 0.998587
vn 0.007529 0.047658 0.998835
vn 0.844178 -0.120717 0.522294
vn 0.844225 -0.119487 0.522501
vn 0.853989 0.08071 0.513993
vn 0.854325 0.076123 0.514134
vn 0.887566 -0.107389 -0.44799
vn 0.887497 -0.109066 -0.447721
vn 0.896782 0.072924 -0.436422
vn 0.895247 0.093011 -0.435754
vn -0.007371 0.065707 -0.997812
vn -0.007384 0.042328 -0.999077
vn -0.005191 -0.157326 -0.987533
vn -0.005173 -0.156434 -0.987675
vn 0.079934 0.996106 0.037202
vn 0.069215 0.997466 -0.016478
vn -0.012991 0.998422 -0.05464
vn -0.069174 0.997208 -0.028125
vn -0.07627 0.996536 0.033165
vn 0.000729 0.996832 0.079532
vn 0.996973 -0.051407 -0.058327
vn 0.996742 -0.061123 -0.052622
vn 0.998817 -0.025172 0.041613
vn 0.965535 -0.022193 0.259326
vn 0.641428 0.001937 0.767181
vn 2e-06 0.058038 0.998314
vn -0.6369 0.001951 0.770944
vn -0.99923 -0.029764 0.025561
vn -0.989247 -0.034264 0.142183
vn -0.995928 -0.018087 -0.088316
vn -0.993921 -0.014532 -0.109135
vn -0.885219 -0.019079 -0.464784
vn -0.996199 -0.025065 -0.083418
vn -0.996459 -0.020804 -0.081466
vn -0.999086 -0.01412 0.040343
vn -0.964942 -0.009207 0.262301
vn -0.654166 -0.015119 0.7562
vn 0.655362 -0.015259 0.75516
vn 0.655362 -0.015259 0.755161
vn 0.999391 -0.017474 0.03019
vn 0.990119 -0.017974 0.139072
vn 0.998123 -0.004414 -0.061078
vn 0.99551 0.008043 -0.09431
vn 0.884446 0.046202 -0.464351
vn 0 -1 0
vn 0 -1 -1e-06
vn -0.040679 -0.038643 -0.998425
vn -0.037206 0.887722 -0.458874
vn -0.036174 0.888467 0.457513
vn -0.046464 0.038141 0.998192
vn -0.067034 -0.905349 0.419344
vn -0.06244 -0.894956 -0.441763
vn -0.733278 0.275242 -0.621728
vn 0.73327 0.275212 -0.62175
vn -0.798485 0.589224 -0.123436
vn 0.798484 0.589225 -0.123437
vn -0.943377 0.331327 -0.016186
vn 0.943376 0.33133 -0.016185
vn -0.183135 0.262127 0.947497
vn 0.183135 0.262127 0.947497
vn 0.999992 0.003869 0.001342
vn 0.999993 0.000143 0.003827
vn -0.999993 0.000143 0.003827
vn -0.999992 0.003869 0.001342
vn 0.999999 -0.001435 0.000709
vn 0.999999 -0.001493 -0.00073
vn 0.999992 -3.6e-05 -0.004081
vn 0.999988 0.004597 -0.001968
vn 0.999987 0.004597 -0.001968
vn -0.999987 0.004598 -0.001968
vn -0.999988 0.004598 -0.001968
vn -0.999992 -3.6e-05 -0.004081
vn -0.999999 -0.001493 -0.00073
vn -0.999999 -0.001436 0.000709
vn -0.890418 -0.123962 -0.437938
vn -0.890362 -0.118256 0.439627
vn 0.098214 -0.077942 0.992108
vn 0.890334 0.129797 0.436414
vn 0.906692 0.156801 -0.391564
vn 0.024587 -0.088271 -0.995793
vn 0.08156 0.051857 -0.995319
vn 0.080955 0.049389 -0.995493
vn 0.091575 0.092992 -0.991447
vn 0.888203 0.245234 -0.388531
vn 0.887958 0.245544 -0.388894
vn 0.891017 0.241637 -0.384319
vn 0.886104 0.18456 0.425156
vn 0.886119 0.184128 0.425312
vn 0.885918 0.189619 0.423313
vn 0.094756 -0.03586 0.994855
vn 0.094807 -0.036872 0.994813
vn 0.094142 -0.023796 0.995274
vn -0.902537 -0.220798 0.369696
vn -0.902497 -0.221437 0.369411
vn -0.90129 -0.238111 0.361911
vn -0.907568 -0.186554 -0.37619
vn -0.905273 -0.196073 -0.376876
vn -0.916313 -0.146045 -0.372883
vn 0.01183 0.44459 -0.895656
vn 0.811334 0.437661 -0.387543
vn 0.811334 0.437662 -0.387543
vn 0.842089 0.302948 0.446217
vn 0.094575 -0.029456 0.995082
vn 0.094574 -0.029456 0.995082
vn -0.668012 -0.682574 0.2964
vn -0.178242 -0.944034 -0.277542
vn 0.133996 -0.978798 0.154917
vn 0.196403 -0.13973 0.970516
vn 0.083938 0.408555 -0.908866
vn -0.057507 -0.028773 -0.99793
vn -0.077291 0.057981 -0.995321
vn -0.077205 0.057596 -0.99535
vn -0.884216 0.244446 -0.398006
vn -0.872087 0.282489 -0.399581
vn -0.871649 0.283777 -0.399623
vn -0.883531 0.188303 0.428853
vn -0.883418 0.192838 0.427067
vn -0.883412 0.193049 0.426984
vn -0.095251 -0.059122 0.993696
vn -0.09446 -0.035104 0.99491
vn -0.094501 -0.03631 0.994862
vn 0.904099 -0.180927 0.38713
vn 0.902522 -0.2214 0.369371
vn 0.902561 -0.220771 0.369655
vn 0.872356 -0.3042 -0.382698
vn 0.907947 -0.182932 -0.377052
vn 0.905713 -0.192416 -0.377704
vn -0.023443 0.413044 -0.910409
vn -0.819642 0.406249 -0.403916
vn -0.841563 0.303348 0.446937
vn -0.094569 -0.029453 0.995082
vn -0.094569 -0.029453 0.995083
vn 0.668014 -0.682572 0.2964
vn 0.176037 -0.944415 -0.277654
vn -0.133996 -0.978798 0.154917
vn -0.196403 -0.13973 0.970516
vn -0.064866 0.401534 -0.913544
vn 0.719563 0.545439 -0.429798
vn 0.719563 0.545439 -0.429797
vn 0.833871 0.305282 0.459849
vn 0.833872 0.305282 0.459849
vn 0.218096 0.005085 0.975914
vn 0.215095 -0.001685 0.976592
vn 0.231892 0.036568 0.972054
vn 0.086825 0.504709 -0.858913
vn 0.121051 0.4378 -0.890886
vn 0.150996 0.375444 -0.914463
vn -0.748502 0.522164 -0.408765
vn -0.843114 0.287129 0.45466
vn -0.230007 0.018175 0.973019
vn -0.217642 0.001693 0.976027
vn -0.249808 0.044832 0.967257
vn -0.079856 0.430109 -0.899238
vn -0.04785 0.479686 -0.876135
vn -0.052916 0.471986 -0.880017
vn 0.890412 -0.123884 -0.437972
vn 0.889941 -0.119547 0.44013
vn 0.889941 -0.119547 0.440129
vn -0.096932 -0.081961 0.991911
vn -0.893809 0.117861 0.432683
vn -0.906962 0.154322 -0.391925
vn -0.024763 -0.093215 -0.995338
vn 0.916543 -0.142076 -0.373849
vn 0.901365 -0.237884 0.361875
vn 0.901364 -0.237884 0.361875
vn -0.094066 -0.023687 0.995284
vn -0.883349 0.195237 0.426118
vn -0.864569 0.30392 -0.400191
vn -0.08792 0.105536 -0.990521
vn -0.871533 -0.307135 -0.382227
vn -0.871533 -0.307136 -0.382227
vn -0.904169 -0.180479 0.387177
vn 0.09601 -0.061384 0.993486
vn 0.886415 0.173753 0.429043
vn 0.882798 0.251996 -0.39644
vn 0.06116 -0.030401 -0.997665
vn -0.131945 -0.987871 -0.081858
vn 0.056299 -0.99835 -0.011297
vn 0.059319 -0.998222 0.005903
vn -0.069061 -0.994719 -0.075925
vn -0.101758 -0.99162 0.079593
vn -0.037668 -0.996068 0.080189
vn -0.298066 -0.953652 0.041279
vn -0.244071 -0.968176 0.055352
vn -0.351959 -0.935767 -0.021578
vn -0.351054 -0.93622 -0.015937
vn -0.28338 -0.956655 -0.067129
vn -0.265183 -0.961649 -0.070069
vn -0.056175 -0.998358 -0.011227
vn 0.131951 -0.98788 -0.081747
vn -0.059136 -0.998233 0.005888
vn 0.069098 -0.994722 -0.075856
vn 0.102057 -0.991626 0.079133
vn 0.037966 -0.996092 0.079748
vn 0.297732 -0.953757 0.041259
vn 0.243841 -0.968244 0.055179
vn 0.351932 -0.935777 -0.021563
vn 0.351029 -0.936229 -0.015924
vn 0.283191 -0.956718 -0.067031
vn 0.265207 -0.961652 -0.069932
vn 0.888003 0.160177 -0.431039
vn 0.918597 0.02662 0.394299
vn 0.239797 0.058035 0.969087
vn 0.239797 0.058036 0.969087
vn 0.187916 -0.029032 -0.981756
vn -0.875292 0.010267 -0.483486
vn -0.917863 0.011694 0.396726
vn -0.139451 0.001443 0.990228
vn -0.148977 0.013245 0.988752
vn -0.114145 -0.029717 0.99302
vn -0.213033 0.107828 -0.971077
vn 0.08755 -0.996147 0.005045
vn 0.085647 -0.996297 0.007591
vn 0.088589 -0.996062 0.003655
vn -0.096034 0.995378 -0.000698
vn -0.070127 0.997488 0.009985
vn -0.071566 0.997392 0.009392
vn 0.090398 -0.995905 0.001234
vn -0.047624 0.99868 0.019239
vn 0.026456 -0.999179 0.030679
vn -0.018021 0.998767 -0.046246
vn 5e-06 0.99893 -0.046254
vn 0.039846 -0.997429 -0.059569
vn -0.000687 -0.997305 -0.073362
vn -0.00051 -0.99731 -0.073302
vn 0.005423 0.9956 0.093547
vn -0.040581 0.996328 0.075386
vn 0.003976 0.99566 0.092979
vn -0.591549 -0.752417 -0.289721
vn -0.27654 -0.957912 -0.077006
vn -0.194734 -0.980544 -0.024728
vn 0.088886 0.99583 0.020527
vn 0.131199 0.991132 0.021098
vn 0.088898 0.995829 0.020527
vn -0.130851 -0.991282 0.015427
vn 0.053381 0.998374 0.020021
vn -0.038198 -0.998045 0.049475
vn 0 -0.998774 0.049511
vn 0.034184 0.999076 -0.026039
vn -0.063178 -0.990236 -0.124266
vn 0.072358 0.98948 0.125276
vn -0.353767 0.060091 0.933401
vn -0.039387 -0.998675 0.033127
vn 0.136868 0.002921 0.990585
vn 0.14541 0.014112 0.989271
vn 0.141867 0.025201 0.989565
vn 0.134615 0.037754 0.990179
vn 0.038198 -0.998045 0.049475
vn 0.116765 0.068413 0.9908
vn -0.144842 0.02597 0.989114
vn -0.136512 0.040614 0.989806
vn -0.115965 0.076395 0.990311
vn 0.111735 0.012018 0.993665
vn -0.110919 0.01137 0.993764
vn -0.110919 0.01137 0.993765
vn 0.114178 -0.026638 0.993103
vn -1 0 -0.000548
vn -0.11604 0 0.993245
vn 1 0 -0.000548
vn 0.11604 0 0.993245
vn 0.018032 0.998767 -0.046247
vn -0.028575 0.999035 -0.033342
vn 0.991824 0 -0.127612
vn 0.121316 0 0.992614
vn -0.991824 0 -0.127613
vn -0.121316 0 0.992614
vn 0.0437 0.999045 0
vn 0.999396 -0.034743 0
vn -0.999591 0.028609 0
vn 0.002584 -0.999997 0
vn -0.002628 -0.999997 0
vn -0.999396 -0.034742 0
vn 0.999582 0.02891 0
vn -0.043693 0.999045 0
vn -1 0 0
vn -0.028445 -0.999595 0
vn 0.028445 -0.999595 0
vn 1 0 0
vn -0.008975 0.99996 0
vn 0.008985 0.99996 0
vn 0.029448 0.999228 -0.026009
vn -0.313656 0.117261 0.942269
vn -0.034244 -0.999022 0.027981
vn -0.040033 0.998442 -0.038884
vn -0.040033 0.998441 -0.038884
vn 0.372118 0.022314 0.927917
vn 0.04395 -0.998567 0.030529
vn 0.050525 0.99252 0.111134
vn -0.16857 0.023516 -0.985409
vn -0.045579 -0.995034 -0.088482
vn -0.050316 0.997071 0.0576
vn 0.250325 -0.011495 -0.968094
vn -0.99747 0.064941 -0.028914
vn 0.66957 -0.086688 -0.737673
vn -0.758007 0.473546 0.44853
vn -0.758007 0.473546 0.448531
vn -0.138821 -0.541397 -0.829227
vn 0.66665 -0.038996 -0.74435
vn -0.954381 -0.279313 0.105557
vn 0.668796 0.137566 -0.730608
vn 0.266936 -0.735277 0.622988
vn -0.728435 -0.129014 -0.672858
vn 0.994679 0.088432 0.052857
vn -0.707703 -0.151965 -0.689974
vn 0.18051 -0.538585 -0.823009
vn 0.18051 -0.538585 -0.823008
vn 0.807712 0.402148 0.431136
vn -0.754074 0.038749 -0.655646
vn 0.049252 -0.997972 -0.040326
vn 0.938806 0.117444 -0.323806
vn 0.938806 0.117443 -0.323806
vn -0.863922 -0.127824 0.487134
vn 0.717783 0.341318 -0.606869
vn 0.089075 -0.489347 0.867528
vn -0.931916 -0.334369 0.140466
vn 0.885655 -0.051628 -0.461465
vn -0.849039 -0.126484 0.512966
vn -0.879706 -0.063163 -0.471304
vn 0.840809 -0.115906 0.528778
vn -0.925392 -0.095111 -0.366884
vn 0.979158 0.15703 0.128803
vn -0.806991 0.302109 -0.507441
vn 0.643327 -0.213127 0.735327
vn -0.215095 -0.001685 0.976592
vn 0.255622 0.092164 0.962374
vn -0.112394 0.377392 -0.919208
vn 0.081155 0.515363 -0.853121
vn -0.257759 0.559663 -0.787615
vn -0.087157 0 -0.996195
vn 0.087157 0 -0.996195
vn 0.299091 0.626532 -0.719723
vn 0.233223 0.504754 0.831162
vn -0.232955 0.505458 0.83081
vn -0.232955 0.505458 0.830809
vn -0.023985 0.998927 -0.039619
vn -0.020778 0.999359 0.029141
vn 0.026382 0.998764 -0.042129
vn 0.021508 0.999277 0.031365
vn 0.012929 0.999007 0.042632
vn -0.010069 0.998404 0.055573
vn 0.017987 0.999044 -0.039835
vn -0.017616 0.999047 -0.039928
vn -0.030588 0.998614 0.04282
vn -0.015192 0.999537 0.026347
vn 0.015211 0.99954 0.026255
vn 0.02327 0.999154 0.033915
vn 0.020986 0.999168 -0.03498
vn -0.020603 0.999171 -0.035106
vn 0.008495 0.181294 -0.983392
vn 0.008308 0.181288 -0.983395
vn 0.001795 0.119683 -0.992811
vn 0.00179 0.119288 -0.992858
vn 0.886226 0.082419 -0.455863
vn 0.887091 0.082254 -0.454206
vn 0.877374 0.058835 -0.476186
vn 0.87748 0.06029 -0.475809
vn 0.84691 -0.02408 0.531191
vn 0.846374 -0.02413 0.532043
vn 0.860237 -0.023705 0.509344
vn 0.86004 -0.023691 0.509676
vn -0.011077 -0.05925 0.998182
vn -0.011063 -0.05925 0.998182
vn -0.003232 -0.047136 0.998883
vn -0.003294 -0.047486 0.998866
vn -0.866193 -0.058356 0.49629
vn -0.866241 -0.058355 0.496206
vn -0.873548 -0.058379 0.483225
vn -0.873546 -0.058378 0.483229
vn -0.906042 -0.000788 -0.423186
vn -0.90443 -0.000377 -0.426621
vn -0.886616 -0.011252 -0.462369
vn -0.887206 -0.009928 -0.461268
vn 0.001886 -0.082129 -0.99662
vn 0.006681 -0.109149 -0.994003
vn 0.006724 -0.109387 -0.993977
vn 0.869246 -0.052319 -0.491604
vn 0.868766 -0.075356 -0.489455
vn 0.868773 -0.075144 -0.489476
vn 0.877747 -0.058633 0.475522
vn 0.878632 -0.048921 0.474987
vn 0.878629 -0.048957 0.474989
vn 0.001223 -0.055819 0.99844
vn 0.002891 -0.049187 0.998785
vn 0.002871 -0.049266 0.998782
vn -0.876996 -0.054325 0.477417
vn -0.873449 -0.048924 0.484452
vn -0.873437 -0.048905 0.484476
vn -0.870443 -0.066306 -0.487784
vn -0.866972 -0.078183 -0.492187
vn -0.86694 -0.07829 -0.492226
vn -0.873695 -0.038772 -0.484926
vn -0.877558 -0.058546 0.475883
vn 0.000472 -0.026247 0.999655
vn 0.870915 -0.024445 0.490826
vn 0.872222 0.00626 -0.489071
vn 0.000236 -0.003953 -0.999992
vn -0.016301 -0.061733 -0.99796
vn -0.896638 -0.065727 -0.437858
vn -0.835467 -0.060642 0.546184
vn 0.018458 -0.060181 0.998017
vn 0.855173 -0.040058 0.516793
vn 0.915609 -0.027882 -0.401102
vn -0.01566 0.181538 -0.983259
vn -0.008495 0.181294 -0.983392
vn -0.008308 0.181288 -0.983395
vn -0.894601 0.080785 -0.439503
vn -0.886226 0.082419 -0.455862
vn -0.887091 0.082254 -0.454206
vn -0.836928 -0.024991 0.546742
vn -0.84691 -0.02408 0.531191
vn -0.846374 -0.02413 0.532043
vn 0.018742 -0.059327 0.998063
vn 0.011063 -0.05925 0.998182
vn 0.011077 -0.05925 0.998182
vn 0.859298 -0.058439 0.508125
vn 0.866241 -0.058355 0.496206
vn 0.866193 -0.058356 0.49629
vn 0.916824 -0.003629 -0.399275
vn 0.904431 -0.000377 -0.426621
vn 0.906043 -0.000788 -0.423186
vn -0.001886 -0.082129 -0.99662
vn -0.006724 -0.109387 -0.993977
vn -0.006681 -0.109149 -0.994003
vn -0.869246 -0.05232 -0.491603
vn -0.869246 -0.05232 -0.491604
vn -0.868773 -0.075144 -0.489476
vn -0.868766 -0.075356 -0.489455
vn -0.877747 -0.058633 0.475522
vn -0.877747 -0.058633 0.475523
vn -0.878629 -0.048957 0.474989
vn -0.878632 -0.048921 0.474987
vn -0.001223 -0.055819 0.99844
vn -0.002891 -0.049187 0.998785
vn -0.002871 -0.049266 0.998782
vn 0.876996 -0.054325 0.477417
vn 0.873437 -0.048905 0.484475
vn 0.873449 -0.048924 0.484452
vn 0.870443 -0.066306 -0.487784
vn 0.866972 -0.078183 -0.492187
vn 0.86694 -0.07829 -0.492226
vn 0.886616 -0.011252 -0.462369
vn 0.887206 -0.009928 -0.461267
vn 0.873695 -0.038772 -0.484926
vn 0.873548 -0.058379 0.483225
vn 0.873546 -0.058378 0.483229
vn 0.877558 -0.058546 0.475883
vn 0.003232 -0.047136 0.998883
vn 0.003294 -0.047487 0.998866
vn -0.000472 -0.026247 0.999655
vn -0.86004 -0.023691 0.509676
vn -0.860237 -0.023705 0.509344
vn -0.870915 -0.024445 0.490826
vn -0.87748 0.06029 -0.475809
vn -0.877374 0.058835 -0.476186
vn -0.872222 0.00626 -0.489071
vn -0.00179 0.119288 -0.992858
vn -0.001795 0.119683 -0.992811
vn -0.000236 -0.003953 -0.999992
vn 0.866671 -0.082505 -0.492011
vn 0.866645 -0.082191 -0.492109
vn 0.87113 -0.048092 0.488691
vn 0.871203 -0.048094 0.488561
vn -0.004158 -0.04824 0.998827
vn -0.004016 -0.04824 0.998828
vn -0.878026 -0.047557 0.476244
vn -0.878088 -0.047559 0.47613
vn -0.871013 -0.079539 -0.484779
vn -0.87098 -0.079523 -0.48484
vn -0.016262 -0.118337 -0.99284
vn -0.015014 -0.117638 -0.992943
vn 0.896638 -0.065727 -0.437858
vn 0.835467 -0.060642 0.546184
vn -0.018458 -0.060181 0.998017
vn -0.855173 -0.040058 0.516793
vn -0.915609 -0.027882 -0.401102
vn 0.016301 -0.061733 -0.99796
vn 0.866913 -0.085563 -0.491061
vn 0.868759 -0.048012 0.492902
vn -0.005503 -0.048242 0.998821
vn -0.877116 -0.047527 0.477922
vn -0.874102 -0.081074 -0.478929
vn -0.027593 -0.124676 -0.991814
vn -0.866645 -0.082191 -0.492109
vn -0.866671 -0.082505 -0.492011
vn -0.87113 -0.048092 0.488692
vn -0.871203 -0.048094 0.488561
vn 0.004158 -0.04824 0.998827
vn 0.004016 -0.04824 0.998828
vn 0.878026 -0.047557 0.476244
vn 0.878088 -0.047559 0.47613
vn 0.87098 -0.079523 -0.48484
vn 0.871013 -0.079539 -0.484779
vn 0.015014 -0.117638 -0.992943
vn 0.016262 -0.118337 -0.99284
vn -0.916824 -0.003629 -0.399275
vn -0.859298 -0.058439 0.508125
vn -0.859298 -0.058439 0.508126
vn -0.018742 -0.059327 0.998063
vn 0.836928 -0.024991 0.546742
vn 0.894601 0.080785 -0.439503
vn 0.01566 0.181538 -0.983259
vn -0.866913 -0.085563 -0.491061
vn -0.868759 -0.048012 0.492902
vn -0.86876 -0.048012 0.492902
vn 0.005503 -0.048242 0.998821
vn 0.877116 -0.047527 0.477922
vn 0.874102 -0.081074 -0.478929
vn 0.027593 -0.124676 -0.991814
vt 0.08334 0.614478
vt 0.091095 0.592075
vt 0.113407 0.626997
vt 0.121183 0.612373
vt 0.211168 0.799055
vt 0.221498 0.822028
vt 0.188868 0.833871
vt 0.179182 0.815991
vt 0.151177 0.77667
vt 0.151175 0.797368
vt 0.091181 0.799042
vt 0.123164 0.815985
vt 0.080847 0.822013
vt 0.113473 0.833863
vt 0.208097 0.592058
vt 0.215858 0.614459
vt 0.185794 0.626987
vt 0.178015 0.612364
vt 0.149596 0.591341
vt 0.149599 0.610118
vt 0.15118 0.748688
vt 0.21252 0.751769
vt 0.08984 0.751755
vt 0.149588 0.539971
vt 0.214434 0.545063
vt 0.084744 0.545082
vt 0.077933 0.468529
vt 0.101429 0.473825
vt 0.065758 0.521836
vt 0.199932 0.681545
vt 0.224796 0.67711
vt 0.234679 0.732152
vt 0.151187 0.68458
vt 0.102443 0.681535
vt 0.077579 0.677095
vt 0.067685 0.732134
vt 0.19773 0.473812
vt 0.221224 0.468509
vt 0.233414 0.521812
vt 0.14958 0.475096
vt 0.081058 0.445744
vt 0.10887 0.450871
vt 0.195221 0.656595
vt 0.220298 0.653231
vt 0.150941 0.6577
vt 0.106815 0.656377
vt 0.08392 0.653078
vt 0.189791 0.444464
vt 0.216938 0.445627
vt 0.149579 0.449427
vt 0.063178 0.526211
vt 0.075524 0.549192
vt 0.081309 0.590262
vt 0.078427 0.613116
vt 0.238233 0.735057
vt 0.223069 0.756016
vt 0.22683 0.821278
vt 0.220537 0.797742
vt 0.06413 0.735038
vt 0.07929 0.756001
vt 0.081812 0.797726
vt 0.075515 0.821261
vt 0.235995 0.526187
vt 0.223656 0.549171
vt 0.22077 0.613096
vt 0.217882 0.590242
vt 0.030781 0.562328
vt 0.022532 0.540586
vt 0.037954 0.592471
vt 0.037873 0.613446
vt 0.280814 0.743508
vt 0.274017 0.766247
vt 0.270398 0.79975
vt 0.270692 0.822602
vt 0.028339 0.766221
vt 0.021548 0.74348
vt 0.031952 0.799724
vt 0.031652 0.822576
vt 0.276645 0.540551
vt 0.268402 0.562295
vt 0.261324 0.613415
vt 0.261237 0.59244
vt 0.944039 0.02542
vt 0.944039 0.03171
vt 0.926067 0.032197
vt 0.926239 0.025923
vt 0.905564 0.032228
vt 0.905997 0.025976
vt 0.863354 0.030919
vt 0.850199 0.030351
vt 0.863424 0.024642
vt 0.850408 0.024099
vt 0.832029 0.029711
vt 0.832217 0.023479
vt 0.818874 0.029416
vt 0.819261 0.023148
vt 0.964568 0.031359
vt 0.964282 0.025104
vt 0.605696 0.39656
vt 0.603852 0.383519
vt 0.607649 0.383086
vt 0.609463 0.395918
vt 0.602964 0.369745
vt 0.606775 0.369552
vt 0.602738 0.356606
vt 0.606554 0.356616
vt 0.603976 0.329732
vt 0.605694 0.316714
vt 0.607768 0.330185
vt 0.609465 0.317337
vt 0.603014 0.343448
vt 0.606824 0.34366
vt 0.149939 0.841297
vt 0.14999 0.8631
vt 0.128773 0.865575
vt 0.171219 0.865476
vt 0.12226 0.898782
vt 0.149978 0.894179
vt 0.149979 0.903098
vt 0.139344 0.905167
vt 0.177696 0.898776
vt 0.160613 0.905165
vt 0.178847 0.914347
vt 0.164088 0.911125
vt 0.122962 0.885146
vt 0.136964 0.890723
vt 0.139555 0.88444
vt 0.150035 0.88218
vt 0.160524 0.884391
vt 0.177121 0.885019
vt 0.163145 0.890662
vt 0.121112 0.914354
vt 0.135871 0.911128
vt 0.174224 0.920569
vt 0.185051 0.920948
vt 0.184011 0.949879
vt 0.173238 0.949785
vt 0.114507 0.920972
vt 0.125334 0.920586
vt 0.115567 0.949902
vt 0.12634 0.949801
vt 0.132217 0.920102
vt 0.132678 0.950235
vt 0.138986 0.919424
vt 0.139017 0.950668
vt 0.149778 0.919603
vt 0.149789 0.95084
vt 0.160571 0.919417
vt 0.160561 0.950661
vt 0.167341 0.92009
vt 0.166899 0.950223
vt 0.726514 0.297668
vt 0.728673 0.314294
vt 0.722301 0.315056
vt 0.720176 0.298716
vt 0.728897 0.386943
vt 0.726435 0.40442
vt 0.722517 0.386213
vt 0.720103 0.403339
vt 0.730085 0.368075
vt 0.72368 0.367747
vt 0.730431 0.350589
vt 0.724018 0.350606
vt 0.730022 0.333122
vt 0.723619 0.333479
vt 0.879226 0.20799
vt 0.892266 0.207866
vt 0.880766 0.215513
vt 0.899105 0.215142
vt 0.973367 0.60053
vt 0.96354 0.600569
vt 0.963254 0.593365
vt 0.97339 0.593315
vt 0.849963 0.300044
vt 0.862937 0.300704
vt 0.861405 0.308355
vt 0.842839 0.307001
vt 0.866284 0.208787
vt 0.861997 0.215598
vt 0.875885 0.300857
vt 0.879851 0.307921
vt 0.974576 0.207642
vt 0.984081 0.211558
vt 0.98109 0.216798
vt 0.97167 0.213004
vt 0.798107 0.208832
vt 0.811061 0.209368
vt 0.796719 0.216385
vt 0.815486 0.21609
vt 0.914557 0.210594
vt 0.923305 0.20733
vt 0.917089 0.215442
vt 0.925771 0.212289
vt 0.794023 0.302578
vt 0.806965 0.302121
vt 0.808677 0.309734
vt 0.790225 0.309734
vt 0.785066 0.208972
vt 0.778376 0.216385
vt 0.81992 0.301157
vt 0.827205 0.307945
vt 0.934221 0.5983
vt 0.925468 0.598293
vt 0.925432 0.591877
vt 0.934446 0.591881
vt 0.898919 0.228591
vt 0.881055 0.230994
vt 0.963078 0.58368
vt 0.972163 0.583615
vt 0.842666 0.320247
vt 0.861038 0.32258
vt 0.86303 0.228643
vt 0.879318 0.320946
vt 0.972775 0.237932
vt 0.978855 0.239392
vt 0.969969 0.24403
vt 0.976812 0.245266
vt 0.814717 0.229153
vt 0.796743 0.231868
vt 0.91852 0.235754
vt 0.924023 0.234476
vt 0.926684 0.239907
vt 0.920391 0.24117
vt 0.791064 0.322742
vt 0.809378 0.323947
vt 0.778834 0.229827
vt 0.827689 0.321183
vt 0.926471 0.583273
vt 0.934544 0.583272
vt 0.890225 0.2478
vt 0.881336 0.249123
vt 0.963189 0.570754
vt 0.971466 0.570679
vt 0.842453 0.337251
vt 0.85157 0.339365
vt 0.863472 0.246101
vt 0.872411 0.248079
vt 0.869616 0.339828
vt 0.86057 0.340614
vt 0.957431 0.265631
vt 0.971907 0.264997
vt 0.959141 0.284293
vt 0.970596 0.284073
vt 0.805731 0.248775
vt 0.796829 0.249999
vt 0.925309 0.259649
vt 0.939284 0.260124
vt 0.937824 0.278332
vt 0.926503 0.278078
vt 0.791967 0.339961
vt 0.801207 0.341391
vt 0.77899 0.246805
vt 0.787915 0.248856
vt 0.819237 0.340505
vt 0.810269 0.341965
vt 0.92699 0.571759
vt 0.934343 0.571782
vt 0.979709 0.223761
vt 0.970736 0.221486
vt 0.857167 0.232121
vt 0.85448 0.221058
vt 0.973395 0.257867
vt 0.959871 0.258259
vt 0.885681 0.324371
vt 0.888942 0.314521
vt 0.918268 0.228106
vt 0.925734 0.226453
vt 0.774064 0.322652
vt 0.777149 0.332336
vt 0.771303 0.336846
vt 0.766109 0.331251
vt 0.93137 0.244944
vt 0.92173 0.246061
vt 0.826426 0.237279
vt 0.829172 0.228219
vt 0.830284 0.241486
vt 0.835597 0.236576
vt 0.979368 0.230886
vt 0.971065 0.228793
vt 0.896311 0.320456
vt 0.893454 0.330209
vt 0.975463 0.2505
vt 0.965194 0.249616
vt 0.851488 0.237004
vt 0.848559 0.228002
vt 0.918145 0.221775
vt 0.926295 0.220002
vt 0.784783 0.326316
vt 0.781292 0.316546
vt 0.923832 0.252931
vt 0.936743 0.253035
vt 0.820649 0.232511
vt 0.823112 0.221397
vt 0.899405 0.334581
vt 0.904466 0.328865
vt 0.847715 0.241289
vt 0.842304 0.236487
vt 0.878819 0.338181
vt 0.828302 0.338177
vt 0.814628 0.246617
vt 0.899106 0.245568
vt 0.967846 0.400166
vt 0.958567 0.400277
vt 0.959397 0.393741
vt 0.967964 0.393623
vt 0.928101 0.321018
vt 0.92728 0.312681
vt 0.936724 0.312625
vt 0.938481 0.320863
vt 0.968646 0.324637
vt 0.958705 0.324533
vt 0.960463 0.316831
vt 0.96923 0.316842
vt 0.929159 0.470294
vt 0.938197 0.470397
vt 0.937366 0.476866
vt 0.928681 0.476771
vt 0.969353 0.540253
vt 0.96963 0.547207
vt 0.962233 0.547296
vt 0.960294 0.540396
vt 0.968702 0.47678
vt 0.96056 0.476868
vt 0.959597 0.470656
vt 0.968423 0.470566
vt 0.929432 0.392417
vt 0.938447 0.392553
vt 0.939174 0.39942
vt 0.929625 0.399276
vt 0.928622 0.543378
vt 0.937383 0.543492
vt 0.93545 0.550087
vt 0.928451 0.550001
vt 0.806266 0.249356
vt 0.814314 0.247404
vt 0.937344 0.278885
vt 0.9272 0.278652
vt 0.792189 0.340611
vt 0.800543 0.341917
vt 0.940403 0.353664
vt 0.927398 0.353786
vt 0.928065 0.353227
vt 0.939646 0.353113
vt 0.96977 0.356656
vt 0.957025 0.356748
vt 0.95775 0.356186
vt 0.969116 0.356114
vt 0.878613 0.338835
vt 0.870292 0.340337
vt 0.969866 0.284646
vt 0.959654 0.284833
vt 0.871888 0.248671
vt 0.863802 0.246881
vt 0.970403 0.436673
vt 0.95685 0.436834
vt 0.957605 0.436304
vt 0.969669 0.436159
vt 0.869285 0.340514
vt 0.861198 0.341218
vt 0.968997 0.357194
vt 0.957663 0.35728
vt 0.880804 0.249778
vt 0.872827 0.248844
vt 0.939775 0.354213
vt 0.928188 0.354319
vt 0.801554 0.34207
vt 0.809655 0.342584
vt 0.940892 0.436405
vt 0.927263 0.43631
vt 0.927993 0.435785
vt 0.940132 0.435869
vt 0.797374 0.250644
vt 0.805331 0.249548
vt 0.940174 0.436895
vt 0.927934 0.436809
vt 0.818985 0.341166
vt 0.810892 0.342486
vt 0.939339 0.514633
vt 0.925285 0.514469
vt 0.926088 0.513922
vt 0.938715 0.514067
vt 0.796336 0.250608
vt 0.788292 0.249574
vt 0.971973 0.511391
vt 0.958791 0.5116
vt 0.97121 0.510895
vt 0.959392 0.511084
vt 0.851837 0.34002
vt 0.85996 0.341149
vt 0.969735 0.437171
vt 0.957566 0.437317
vt 0.881842 0.249721
vt 0.889863 0.248525
vt 0.890751 0.24837
vt 0.898805 0.246347
vt 0.963513 0.57035
vt 0.970959 0.570288
vt 0.842619 0.337905
vt 0.85088 0.339834
vt 0.959535 0.512149
vt 0.97133 0.511962
vt 0.938536 0.515227
vt 0.925992 0.515078
vt 0.828152 0.338835
vt 0.819939 0.340958
vt 0.927426 0.571405
vt 0.934051 0.571424
vt 0.7874 0.249438
vt 0.779308 0.247577
vt 0.957696 0.420624
vt 0.968591 0.420478
vt 0.860565 0.355943
vt 0.867819 0.355312
vt 0.968247 0.373158
vt 0.958108 0.373287
vt 0.881082 0.264502
vt 0.87393 0.263665
vt 0.805746 0.26181
vt 0.813562 0.259916
vt 0.805688 0.263194
vt 0.81348 0.261306
vt 0.927393 0.292811
vt 0.937715 0.292982
vt 0.937788 0.294593
vt 0.927413 0.294471
vt 0.793951 0.353036
vt 0.802075 0.354302
vt 0.802245 0.355678
vt 0.794146 0.354417
vt 0.939906 0.339424
vt 0.928627 0.339583
vt 0.928667 0.338067
vt 0.939946 0.337896
vt 0.957285 0.342585
vt 0.968352 0.342624
vt 0.869052 0.352755
vt 0.877144 0.351299
vt 0.969225 0.298492
vt 0.959316 0.298582
vt 0.87266 0.261112
vt 0.864807 0.259376
vt 0.92921 0.450285
vt 0.93997 0.450384
vt 0.939945 0.451874
vt 0.929352 0.451771
vt 0.81138 0.355115
vt 0.818469 0.35396
vt 0.818413 0.355381
vt 0.811434 0.356519
vt 0.938902 0.498743
vt 0.927892 0.498618
vt 0.928119 0.496934
vt 0.938895 0.497054
vt 0.789294 0.262379
vt 0.796336 0.263287
vt 0.789404 0.263802
vt 0.796336 0.264696
vt 0.897854 0.256511
vt 0.89075 0.258298
vt 0.962778 0.561938
vt 0.970084 0.561869
vt 0.843655 0.347992
vt 0.850953 0.349692
vt 0.970124 0.52325
vt 0.959416 0.523424
vt 0.959255 0.497045
vt 0.969363 0.496892
vt 0.852654 0.352798
vt 0.859768 0.353787
vt 0.968487 0.450626
vt 0.957792 0.450727
vt 0.88912 0.261348
vt 0.882098 0.262398
vt 0.929155 0.370757
vt 0.939715 0.370754
vt 0.939715 0.37263
vt 0.929227 0.372588
vt 0.803367 0.35683
vt 0.810634 0.35729
vt 0.810743 0.358924
vt 0.803568 0.358469
vt 0.939941 0.420084
vt 0.928911 0.419993
vt 0.929012 0.418226
vt 0.93993 0.418332
vt 0.797394 0.26537
vt 0.804528 0.264388
vt 0.797395 0.267006
vt 0.80444 0.266037
vt 0.927538 0.526838
vt 0.938441 0.526981
vt 0.938399 0.528254
vt 0.927736 0.528134
vt 0.820097 0.350814
vt 0.827352 0.348943
vt 0.820114 0.35191
vt 0.827264 0.350066
vt 0.934808 0.563844
vt 0.9281 0.563779
vt 0.928111 0.562846
vt 0.934977 0.562917
vt 0.780464 0.257721
vt 0.787603 0.259363
vt 0.787626 0.260466
vt 0.780591 0.258847
vt 0.968476 0.418738
vt 0.957701 0.418878
vt 0.957777 0.417018
vt 0.968418 0.416887
vt 0.860494 0.357579
vt 0.867657 0.356956
vt 0.867493 0.358699
vt 0.860431 0.359313
vt 0.958167 0.375058
vt 0.968164 0.374923
vt 0.968136 0.376788
vt 0.958298 0.376925
vt 0.874051 0.265311
vt 0.881114 0.266138
vt 0.874181 0.267052
vt 0.881143 0.267867
vt 0.805655 0.264721
vt 0.81337 0.262851
vt 0.805355 0.278465
vt 0.812384 0.276761
vt 0.927353 0.296325
vt 0.937693 0.296388
vt 0.794354 0.355959
vt 0.802373 0.357207
vt 0.80353 0.370973
vt 0.796223 0.369835
vt 0.939815 0.336207
vt 0.928598 0.336385
vt 0.968265 0.34114
vt 0.957257 0.341074
vt 0.957384 0.339403
vt 0.96831 0.3395
vt 0.868914 0.354134
vt 0.876981 0.352683
vt 0.87681 0.35423
vt 0.868822 0.355666
vt 0.959285 0.300102
vt 0.969136 0.300026
vt 0.969134 0.301732
vt 0.959422 0.301792
vt 0.864917 0.260764
vt 0.872746 0.262494
vt 0.865058 0.262307
vt 0.87281 0.264021
vt 0.929342 0.453603
vt 0.939766 0.453711
vt 0.81151 0.358255
vt 0.818375 0.357136
vt 0.81804 0.372926
vt 0.812195 0.373878
vt 0.938708 0.495001
vt 0.928212 0.494886
vt 0.789524 0.265544
vt 0.796343 0.266423
vt 0.790599 0.281221
vt 0.796404 0.281969
vt 0.890749 0.259401
vt 0.89775 0.257641
vt 0.897646 0.259006
vt 0.890737 0.260743
vt 0.970049 0.560844
vt 0.962618 0.560915
vt 0.962492 0.559628
vt 0.970102 0.559554
vt 0.84377 0.349112
vt 0.850961 0.350787
vt 0.843877 0.350478
vt 0.850974 0.352131
vt 0.959418 0.52469
vt 0.969973 0.524521
vt 0.969943 0.526097
vt 0.959473 0.526269
vt 0.969139 0.49537
vt 0.959263 0.495512
vt 0.959409 0.493629
vt 0.96907 0.493503
vt 0.852744 0.354218
vt 0.859747 0.355191
vt 0.859712 0.356928
vt 0.852823 0.355971
vt 0.957806 0.452215
vt 0.968355 0.452115
vt 0.968358 0.453947
vt 0.957983 0.454046
vt 0.882126 0.263806
vt 0.889039 0.262773
vt 0.882154 0.265534
vt 0.888954 0.264517
vt 0.929229 0.374545
vt 0.939631 0.374633
vt 0.803773 0.360208
vt 0.810847 0.360656
vt 0.811783 0.376243
vt 0.805623 0.375853
vt 0.939859 0.416469
vt 0.929056 0.416343
vt 0.797401 0.268735
vt 0.804345 0.267779
vt 0.797453 0.284294
vt 0.803499 0.283462
vt 0.927852 0.529692
vt 0.938271 0.52983
vt 0.820133 0.353254
vt 0.827189 0.351434
vt 0.820299 0.365352
vt 0.826514 0.36375
vt 0.935131 0.561737
vt 0.928031 0.561654
vt 0.780723 0.260211
vt 0.787665 0.261807
vt 0.788022 0.273886
vt 0.781907 0.272479
vt 0.873387 0.277755
vt 0.866325 0.276194
vt 0.867989 0.369455
vt 0.875267 0.368146
vt 0.881406 0.283424
vt 0.875344 0.282714
vt 0.859863 0.374918
vt 0.866011 0.374384
vt 0.888197 0.280212
vt 0.882407 0.281078
vt 0.853529 0.371748
vt 0.859395 0.372564
vt 0.890625 0.272826
vt 0.896709 0.271296
vt 0.851092 0.36423
vt 0.844842 0.362774
vt 0.646349 0.31091
vt 0.648066 0.323928
vt 0.644275 0.324381
vt 0.642578 0.311532
vt 0.648186 0.377715
vt 0.646341 0.390756
vt 0.64439 0.377282
vt 0.642574 0.390114
vt 0.649075 0.363941
vt 0.645264 0.363747
vt 0.649302 0.350802
vt 0.645486 0.350812
vt 0.649027 0.337644
vt 0.645217 0.337856
vt 0.54324 0.322469
vt 0.545291 0.306733
vt 0.545344 0.406849
vt 0.543035 0.390465
vt 0.541923 0.372853
vt 0.541607 0.35644
vt 0.541985 0.340036
vt 0.713465 0.299825
vt 0.715552 0.315863
vt 0.708803 0.31667
vt 0.706754 0.300934
vt 0.715759 0.38544
vt 0.713398 0.402195
vt 0.709002 0.384666
vt 0.706692 0.40105
vt 0.716898 0.367401
vt 0.710116 0.367054
vt 0.717225 0.350624
vt 0.710433 0.350642
vt 0.716838 0.333858
vt 0.710057 0.334238
vt 0.529743 0.320853
vt 0.531868 0.304513
vt 0.536491 0.321661
vt 0.53858 0.305623
vt 0.531933 0.409137
vt 0.529521 0.392011
vt 0.536278 0.391238
vt 0.538638 0.407993
vt 0.528358 0.373545
vt 0.535141 0.373199
vt 0.528023 0.356404
vt 0.534815 0.356422
vt 0.528423 0.339277
vt 0.535204 0.339657
vt 0.138775 0.961634
vt 0.149298 0.95932
vt 0.159782 0.961803
vt 0.136113 0.967403
vt 0.138682 0.973214
vt 0.149166 0.975696
vt 0.159688 0.973383
vt 0.162351 0.967614
vt 0.895191 0.067249
vt 0.880493 0.078305
vt 0.877744 0.077551
vt 0.894904 0.064856
vt 0.880471 0.097237
vt 0.877744 0.099078
vt 0.895157 0.104771
vt 0.895375 0.108094
vt 0.910168 0.093171
vt 0.912615 0.094928
vt 0.910193 0.074697
vt 0.912402 0.073576
vt 0.603444 0.029308
vt 0.623917 0.029656
vt 0.603769 0.059397
vt 0.624645 0.055392
vt 0.666208 0.029317
vt 0.679385 0.029057
vt 0.679077 0.042379
vt 0.666464 0.043929
vt 0.697581 0.028841
vt 0.698064 0.042202
vt 0.710751 0.028854
vt 0.710896 0.043356
vt 0.564993 0.027846
vt 0.585493 0.028531
vt 0.584276 0.058534
vt 0.563654 0.053396
vt 0.849998 0.064283
vt 0.840018 0.066188
vt 0.84057 0.056429
vt 0.88881 0.031729
vt 0.889013 0.025474
vt 0.823246 0.065807
vt 0.822392 0.056159
vt 0.812494 0.06367
vt 0.793687 0.028343
vt 0.776942 0.027573
vt 0.776932 0.021307
vt 0.793958 0.022092
vt 0.692612 0.075557
vt 0.679238 0.072473
vt 0.693556 0.066717
vt 0.683576 0.064811
vt 0.657445 0.040196
vt 0.657361 0.029425
vt 0.711027 0.075539
vt 0.710328 0.066337
vt 0.71938 0.028718
vt 0.719602 0.039442
vt 0.724626 0.072185
vt 0.72108 0.064201
vt 0.861877 0.105476
vt 0.841123 0.102394
vt 0.841114 0.086104
vt 0.855662 0.087759
vt 0.823039 0.102132
vt 0.822732 0.086211
vt 0.802159 0.105474
vt 0.807159 0.087434
vt 0.693005 0.056958
vt 0.711183 0.056689
vt 0.810258 0.02908
vt 0.810523 0.022827
vt 0.822546 0.075009
vt 0.808948 0.071653
vt 0.840961 0.075028
vt 0.854335 0.071946
vt 0.872187 0.031232
vt 0.872387 0.024977
vt 0.735979 0.028369
vt 0.752752 0.02799
vt 0.736299 0.044669
vt 0.753066 0.053657
vt 0.731412 0.106006
vt 0.710532 0.102662
vt 0.710841 0.086741
vt 0.726413 0.087965
vt 0.692448 0.102923
vt 0.692459 0.086633
vt 0.671694 0.106003
vt 0.67791 0.088286
vt 0.640899 0.045807
vt 0.640709 0.029542
vt 0.677529 0.133802
vt 0.696246 0.135929
vt 0.675664 0.153131
vt 0.696742 0.157148
vt 0.713721 0.13418
vt 0.71519 0.146713
vt 0.73064 0.128574
vt 0.734241 0.140534
vt 0.746254 0.120579
vt 0.755272 0.142745
vt 0.641784 0.120845
vt 0.660362 0.129103
vt 0.655897 0.147317
vt 0.636723 0.14402
vt 0.646382 0.102794
vt 0.62918 0.090174
vt 0.646667 0.100402
vt 0.631929 0.089412
vt 0.629164 0.068642
vt 0.631893 0.07048
vt 0.646782 0.059618
vt 0.646572 0.06294
vt 0.664067 0.072738
vt 0.661623 0.074499
vt 0.663885 0.094084
vt 0.661674 0.092965
vt 0.679327 0.125225
vt 0.696195 0.127234
vt 0.696228 0.129035
vt 0.678881 0.126765
vt 0.711955 0.125426
vt 0.712446 0.127694
vt 0.727087 0.120712
vt 0.72774 0.122157
vt 0.740283 0.112647
vt 0.743548 0.113696
vt 0.647478 0.112038
vt 0.663644 0.121034
vt 0.643932 0.113814
vt 0.662986 0.12287
vt 0.844585 0.131897
vt 0.825951 0.13402
vt 0.843238 0.124892
vt 0.825967 0.127156
vt 0.808553 0.132283
vt 0.809821 0.125825
vt 0.791707 0.126704
vt 0.794593 0.120316
vt 0.776162 0.118749
vt 0.778855 0.111895
vt 0.880168 0.118988
vt 0.861675 0.127215
vt 0.859061 0.12101
vt 0.878028 0.111989
vt 0.847458 0.150874
vt 0.827089 0.155228
vt 0.809201 0.146047
vt 0.788886 0.139499
vt 0.767838 0.140701
vt 0.887234 0.141657
vt 0.866834 0.144991
vt 0.842776 0.123451
vt 0.826007 0.125758
vt 0.810287 0.123941
vt 0.795224 0.118903
vt 0.782016 0.11055
vt 0.858321 0.118884
vt 0.874703 0.110109
vt 0.925217 0.062302
vt 0.904377 0.05793
vt 0.888271 0.047995
vt 0.871856 0.041992
vt 0.862759 0.045509
vt 0.850196 0.043665
vt 0.831235 0.043046
vt 0.818391 0.043898
vt 0.809786 0.039785
vt 0.792987 0.044617
vt 0.77603 0.053203
vt 0.965486 0.056958
vt 0.944755 0.061763
vt 0.603364 0.023039
vt 0.623612 0.02339
vt 0.640658 0.023284
vt 0.657308 0.023163
vt 0.666285 0.023035
vt 0.679322 0.022796
vt 0.697538 0.022601
vt 0.71051 0.022572
vt 0.719261 0.022456
vt 0.735854 0.022108
vt 0.752909 0.02172
vt 0.56538 0.021603
vt 0.585594 0.022249
vt 0.583869 0.145178
vt 0.574452 0.127265
vt 0.601718 0.145175
vt 0.611223 0.127259
vt 0.572988 0.110267
vt 0.612658 0.11026
vt 0.572544 0.09367
vt 0.614019 0.093663
vt 0.57376 0.084989
vt 0.611664 0.084993
vt 0.583596 0.076603
vt 0.601749 0.0766
vt 0.933674 0.148609
vt 0.924169 0.130693
vt 0.960941 0.130699
vt 0.951523 0.148613
vt 0.922735 0.113695
vt 0.962405 0.113701
vt 0.921374 0.097098
vt 0.962849 0.097105
vt 0.923729 0.088427
vt 0.961633 0.088424
vt 0.933644 0.080034
vt 0.951797 0.080037
vt 0.52202 0.338919
vt 0.523371 0.320091
vt 0.521609 0.356386
vt 0.521954 0.373872
vt 0.52314 0.39274
vt 0.525601 0.410217
vt 0.525531 0.303465
vt 0.177319 0.81604
vt 0.151174 0.799419
vt 0.125026 0.816034
vt 0.186798 0.833915
vt 0.115544 0.833907
vt 0.122022 0.614465
vt 0.114847 0.628507
vt 0.177176 0.614456
vt 0.184354 0.628496
vt 0.149599 0.612783
vt 0.267787 0.684577
vt 0.245687 0.677457
vt 0.267455 0.680861
vt 0.251863 0.672931
vt 0.244116 0.641041
vt 0.250995 0.654043
vt 0.294319 0.458236
vt 0.29276 0.494651
vt 0.287444 0.47124
vt 0.286582 0.490128
vt 0.270663 0.50178
vt 0.270994 0.498063
vt 0.265613 0.629784
vt 0.266959 0.646513
vt 0.288336 0.64066
vt 0.282035 0.65385
vt 0.288292 0.67513
vt 0.282912 0.672708
vt 0.250155 0.492339
vt 0.255534 0.489916
vt 0.250098 0.45787
vt 0.256404 0.471058
vt 0.272818 0.446987
vt 0.271478 0.463715
vt 0.172305 0.028647
vt 0.218115 0.029009
vt 0.170318 0.050932
vt 0.217662 0.050389
vt 0.262753 0.028733
vt 0.26383 0.051027
vt 0.273261 0.109619
vt 0.269724 0.153948
vt 0.248093 0.105548
vt 0.248108 0.151209
vt 0.26646 0.199539
vt 0.246643 0.195887
vt 0.251831 0.252433
vt 0.231768 0.243692
vt 0.223254 0.290778
vt 0.201671 0.27777
vt 0.222741 0.239426
vt 0.195837 0.275138
vt 0.210559 0.230956
vt 0.182584 0.267274
vt 0.238838 0.193688
vt 0.221166 0.188513
vt 0.239653 0.150223
vt 0.223812 0.148375
vt 0.243065 0.105194
vt 0.233591 0.10315
vt 0.217649 0.052937
vt 0.263866 0.05561
vt 0.26362 0.064069
vt 0.217331 0.060633
vt 0.170149 0.056645
vt 0.170444 0.069594
vt 0.1845 0.209836
vt 0.190325 0.178557
vt 0.186115 0.140357
vt 0.227502 0.100178
vt 0.262715 0.070142
vt 0.177655 0.085087
vt 0.258157 0.080496
vt 0.174984 0.097782
vt 0.224671 0.088682
vt 0.160863 0.268496
vt 0.15919 0.235729
vt 0.121556 0.277086
vt 0.090789 0.24393
vt 0.099623 0.239438
vt 0.127157 0.274388
vt 0.074789 0.195799
vt 0.08254 0.193558
vt 0.072635 0.151182
vt 0.08105 0.149899
vt 0.071689 0.105551
vt 0.076624 0.105163
vt 0.059703 0.05155
vt 0.106031 0.050861
vt 0.059655 0.05614
vt 0.10606 0.053412
vt 0.153286 0.050721
vt 0.153591 0.056418
vt 0.139483 0.266652
vt 0.112377 0.232145
vt 0.134932 0.212628
vt 0.100005 0.1883
vt 0.130581 0.178814
vt 0.096674 0.147887
vt 0.133594 0.139067
vt 0.085744 0.103222
vt 0.091537 0.100164
vt 0.060026 0.064616
vt 0.106432 0.061124
vt 0.061031 0.070665
vt 0.153487 0.069346
vt 0.146144 0.084776
vt 0.065586 0.080977
vt 0.142679 0.095639
vt 0.0928 0.088664
vt 0.172704 0.17398
vt 0.167876 0.201108
vt 0.16892 0.140817
vt 0.162509 0.115898
vt 0.158874 0.099898
vt 0.164592 0.206897
vt 0.159447 0.214604
vt 0.148546 0.174459
vt 0.151373 0.204419
vt 0.151314 0.137365
vt 0.154798 0.113913
vt 0.152286 0.131747
vt 0.155653 0.213393
vt 0.105228 0.029499
vt 0.151209 0.028627
vt 0.060504 0.029214
vt 0.051108 0.153454
vt 0.047191 0.109637
vt 0.054827 0.199771
vt 0.071177 0.253496
vt 0.101526 0.290779
vt 0.367513 0.021944
vt 0.390739 0.06374
vt 0.383585 0.066418
vt 0.366851 0.041507
vt 0.373877 0.106416
vt 0.372484 0.092404
vt 0.329167 0.106409
vt 0.34586 0.094185
vt 0.30859 0.069893
vt 0.328567 0.07026
vt 0.321935 0.024747
vt 0.340208 0.044192
vt 0.415688 0.062904
vt 0.438959 0.020875
vt 0.42203 0.065381
vt 0.438817 0.040574
vt 0.432094 0.106127
vt 0.433831 0.091536
vt 0.477071 0.106114
vt 0.460374 0.093649
vt 0.497697 0.069435
vt 0.478105 0.069775
vt 0.484817 0.023836
vt 0.466495 0.043431
vt 0.073499 0.349493
vt 0.103862 0.351845
vt 0.103447 0.364035
vt 0.072235 0.361482
vt 0.036066 0.350434
vt 0.037314 0.362374
vt 0.214507 0.329883
vt 0.214991 0.316054
vt 0.223218 0.329976
vt 0.223929 0.317138
vt 0.1324 0.362826
vt 0.1315 0.350115
vt 0.163772 0.350459
vt 0.163787 0.363226
vt 0.224003 0.349603
vt 0.25555 0.34937
vt 0.256222 0.361786
vt 0.225366 0.361602
vt 0.292525 0.350722
vt 0.290695 0.362472
vt 0.149121 0.288024
vt 0.146274 0.287559
vt 0.16195 0.28667
vt 0.161935 0.286128
vt 0.205995 0.362495
vt 0.206507 0.349227
vt 0.214538 0.35014
vt 0.214379 0.362756
vt 0.07357 0.348943
vt 0.103549 0.347207
vt 0.102225 0.366598
vt 0.072055 0.363533
vt 0.036593 0.347212
vt 0.038325 0.365045
vt 0.213471 0.312619
vt 0.224099 0.31353
vt 0.178158 0.301554
vt 0.178613 0.30498
vt 0.16212 0.302374
vt 0.162238 0.306508
vt 0.132302 0.347327
vt 0.163717 0.347377
vt 0.163984 0.36529
vt 0.133634 0.365432
vt 0.22573 0.348775
vt 0.255471 0.348801
vt 0.256154 0.364477
vt 0.226364 0.364263
vt 0.292224 0.348013
vt 0.289656 0.36531
vt 0.145913 0.284905
vt 0.144499 0.280712
vt 0.161843 0.28254
vt 0.161744 0.278821
vt 0.135228 0.331391
vt 0.133722 0.335175
vt 0.115852 0.334851
vt 0.114812 0.332078
vt 0.204443 0.346209
vt 0.21469 0.34697
vt 0.213637 0.365979
vt 0.205485 0.365584
vt 0.114531 0.319467
vt 0.135638 0.318727
vt 0.114866 0.316364
vt 0.133775 0.314216
vt 0.174808 0.287314
vt 0.177626 0.28669
vt 0.177902 0.299382
vt 0.174973 0.298005
vt 0.179029 0.279744
vt 0.177854 0.283992
vt 0.162022 0.298161
vt 0.162048 0.299201
vt 0.146246 0.300253
vt 0.149109 0.298729
vt 0.161449 0.32007
vt 0.173543 0.32084
vt 0.161419 0.330687
vt 0.173554 0.330983
vt 0.149105 0.330986
vt 0.149121 0.320704
vt 0.144788 0.286632
vt 0.142727 0.281696
vt 0.147093 0.285966
vt 0.161892 0.284202
vt 0.180858 0.280661
vt 0.179149 0.285699
vt 0.176877 0.285136
vt 0.145832 0.305899
vt 0.146097 0.302488
vt 0.222175 0.333756
vt 0.214457 0.332843
vt 0.17918 0.300624
vt 0.179829 0.304521
vt 0.177174 0.300408
vt 0.162077 0.300716
vt 0.144588 0.305527
vt 0.144953 0.301581
vt 0.146847 0.301263
vt 0.161994 0.288279
vt 0.150277 0.289281
vt 0.17376 0.296731
vt 0.173691 0.288617
vt 0.161971 0.296552
vt 0.150279 0.297422
vt 0.104365 0.333152
vt 0.106679 0.336368
vt 0.0974 0.335607
vt 0.097362 0.332341
vt 0.09871 0.31992
vt 0.105737 0.319244
vt 0.098781 0.316605
vt 0.10602 0.315601
vt 0.206681 0.330744
vt 0.206803 0.333249
vt 0.188135 0.334176
vt 0.187359 0.330747
vt 0.186578 0.318778
vt 0.206565 0.318804
vt 0.188196 0.314452
vt 0.206151 0.315879
vt 0.195277 0.362842
vt 0.195509 0.365143
vt 0.195762 0.35002
vt 0.193753 0.347284
vt 0.122471 0.361662
vt 0.122928 0.364748
vt 0.114162 0.361895
vt 0.115017 0.365073
vt 0.112467 0.349667
vt 0.1212 0.349138
vt 0.213166 0.331349
vt 0.212723 0.315993
vt 0.226054 0.315816
vt 0.224308 0.331812
vt 0.211364 0.312815
vt 0.1668 0.133506
vt 0.164743 0.133765
vt 0.167053 0.141841
vt 0.225797 0.312197
vt 0.213248 0.333946
vt 0.223045 0.334674
vt 0.106123 0.332377
vt 0.10804 0.335578
vt 0.096517 0.33688
vt 0.096041 0.333726
vt 0.107691 0.31818
vt 0.096883 0.318354
vt 0.099389 0.31468
vt 0.105058 0.313781
vt 0.107955 0.315014
vt 0.097156 0.315433
vt 0.114497 0.346197
vt 0.122828 0.345753
vt 0.204432 0.36393
vt 0.204159 0.349286
vt 0.216445 0.34915
vt 0.215499 0.364408
vt 0.202333 0.34635
vt 0.153573 0.20422
vt 0.157593 0.212433
vt 0.21692 0.347093
vt 0.203958 0.366579
vt 0.214801 0.367276
vt 0.124039 0.363017
vt 0.124466 0.365666
vt 0.113833 0.366312
vt 0.113057 0.363496
vt 0.12321 0.348864
vt 0.111078 0.348878
vt 0.124539 0.346317
vt 0.113453 0.344831
vt 0.221716 0.33496
vt 0.215303 0.33427
vt 0.178558 0.306275
vt 0.162436 0.307787
vt 0.16211 0.307797
vt 0.145948 0.307191
vt 0.098179 0.336976
vt 0.10573 0.337664
vt 0.212846 0.367555
vt 0.205225 0.367393
vt 0.115724 0.366646
vt 0.123213 0.366524
vt 0.578767 0.191705
vt 0.608852 0.192778
vt 0.608607 0.194014
vt 0.578274 0.192981
vt 0.545145 0.194557
vt 0.544965 0.195804
vt 0.602511 0.250418
vt 0.573425 0.250425
vt 0.602539 0.249167
vt 0.572948 0.249137
vt 0.539778 0.246465
vt 0.539889 0.245233
vt 0.534116 0.242103
vt 0.519295 0.229644
vt 0.51161 0.216917
vt 0.522188 0.206438
vt 0.539974 0.197523
vt 0.634466 0.224873
vt 0.608333 0.245973
vt 0.633376 0.224751
vt 0.613544 0.1984
vt 0.510536 0.216783
vt 0.424262 0.212131
vt 0.443992 0.210031
vt 0.42463 0.22844
vt 0.44683 0.226016
vt 0.404432 0.213288
vt 0.40448 0.229393
vt 0.38492 0.213474
vt 0.384486 0.229325
vt 0.366579 0.211793
vt 0.364576 0.227105
vt 0.348986 0.2087
vt 0.345739 0.223723
vt 0.464713 0.208506
vt 0.466024 0.224015
vt 0.447872 0.234657
vt 0.448678 0.243242
vt 0.426075 0.246098
vt 0.425227 0.237002
vt 0.404948 0.246568
vt 0.40471 0.237729
vt 0.384032 0.245898
vt 0.38437 0.237398
vt 0.363284 0.235129
vt 0.362263 0.243087
vt 0.34211 0.239601
vt 0.344063 0.231697
vt 0.467289 0.231825
vt 0.468815 0.239485
vt 0.366229 0.426655
vt 0.372686 0.365178
vt 0.38701 0.366572
vt 0.383945 0.428321
vt 0.402877 0.367206
vt 0.403446 0.429473
vt 0.417881 0.366306
vt 0.422408 0.429326
vt 0.432173 0.364952
vt 0.439298 0.427826
vt 0.446428 0.362734
vt 0.455714 0.425135
vt 0.355806 0.362738
vt 0.344675 0.42446
vt 0.383722 0.440377
vt 0.363997 0.439099
vt 0.403431 0.441727
vt 0.422784 0.441843
vt 0.440934 0.440095
vt 0.458295 0.436957
vt 0.343302 0.437441
vt 0.360403 0.46341
vt 0.382946 0.465405
vt 0.38219 0.474477
vt 0.359709 0.471927
vt 0.40332 0.46598
vt 0.403154 0.474759
vt 0.423479 0.465526
vt 0.423879 0.473938
vt 0.444326 0.463133
vt 0.445397 0.470993
vt 0.46328 0.459601
vt 0.465286 0.467378
vt 0.341063 0.460839
vt 0.339681 0.46845
vt 0.34218 0.453028
vt 0.361339 0.454843
vt 0.442997 0.455214
vt 0.461569 0.451754
vt 0.423305 0.457533
vt 0.403485 0.457705
vt 0.383465 0.456847
vt 0.354062 0.52182
vt 0.329692 0.515557
vt 0.452469 0.51908
vt 0.476842 0.513463
vt 0.428489 0.524479
vt 0.403538 0.52741
vt 0.378424 0.526518
vt 0.423988 0.19944
vt 0.404359 0.200843
vt 0.404696 0.14236
vt 0.420717 0.141652
vt 0.38524 0.200811
vt 0.389579 0.141447
vt 0.36818 0.199371
vt 0.374875 0.140141
vt 0.351579 0.196705
vt 0.36033 0.137933
vt 0.463365 0.195742
vt 0.441819 0.198129
vt 0.452841 0.138062
vt 0.435538 0.140438
vt 0.350797 0.551427
vt 0.323282 0.543644
vt 0.456892 0.547976
vt 0.483839 0.541157
vt 0.43161 0.554686
vt 0.404207 0.558614
vt 0.376702 0.557217
vt 0.47946 0.286893
vt 0.454943 0.293507
vt 0.355552 0.291751
vt 0.330856 0.2863
vt 0.379837 0.296977
vt 0.40507 0.299694
vt 0.430411 0.298523
vt 0.458617 0.32338
vt 0.48628 0.315179
vt 0.351365 0.321007
vt 0.324052 0.314368
vt 0.376985 0.32753
vt 0.404721 0.331218
vt 0.432486 0.329499
usemtl standardSurface11SG
f 1/1/1 2/2/1 3/3/2
f 2/2/1 4/4/1 3/3/2
f 5/5/3 1/6/3 3/7/3
f 5/5/3 3/7/3 6/8/3
f 7/9/4 5/5/5 8/10/6
f 5/5/5 6/8/6 8/10/6
f 9/11/7 7/9/8 8/10/9
f 9/11/7 8/10/9 10/12/9
f 11/13/10 9/11/10 12/14/10
f 9/11/10 10/12/10 12/14/10
f 13/15/11 11/16/11 12/17/11
f 13/15/11 12/17/11 14/18/11
f 15/19/12 13/15/13 14/18/14
f 15/19/12 14/18/14 16/20/14
f 2/2/15 15/19/16 4/4/17
f 15/19/16 16/20/17 4/4/17
f 17/21/18 18/22/19 5/5/5
f 17/21/18 5/5/5 7/9/4
f 19/23/20 17/21/21 9/11/7
f 17/21/21 7/9/8 9/11/7
f 20/24/22 21/25/23 15/19/12
f 21/25/23 13/15/13 15/19/12
f 22/26/24 20/24/25 15/19/16
f 22/26/24 15/19/16 2/2/15
f 23/27/26 24/28/27 22/26/28
f 23/27/26 22/26/28 25/29/28
f 26/30/29 23/31/30 25/32/31
f 26/30/29 25/32/31 18/22/31
f 27/33/32 26/30/33 18/22/19
f 27/33/32 18/22/19 17/21/18
f 28/34/34 27/33/35 19/23/20
f 27/33/35 17/21/21 19/23/20
f 29/35/36 28/34/37 30/36/38
f 28/34/37 19/23/38 30/36/38
f 31/37/39 29/38/40 21/25/41
f 29/38/40 30/39/41 21/25/41
f 32/40/42 31/37/43 21/25/23
f 32/40/42 21/25/23 20/24/22
f 24/28/44 32/40/45 22/26/24
f 32/40/45 20/24/25 22/26/24
f 33/41/46 34/42/46 23/27/26
f 34/42/46 24/28/27 23/27/26
f 35/43/47 33/44/47 23/31/30
f 35/43/47 23/31/30 26/30/29
f 36/45/48 35/43/48 27/33/32
f 35/43/48 26/30/33 27/33/32
f 37/46/49 36/45/49 27/33/35
f 37/46/49 27/33/35 28/34/34
f 38/47/50 37/46/50 29/35/36
f 37/46/50 28/34/37 29/35/36
f 39/48/51 38/49/51 29/38/40
f 39/48/51 29/38/40 31/37/39
f 40/50/52 39/48/52 32/40/42
f 39/48/52 31/37/43 32/40/42
f 34/42/53 40/50/53 32/40/45
f 34/42/53 32/40/45 24/28/44
f 25/29/54 22/26/54 41/51/54
f 22/26/54 42/52/54 41/51/54
f 22/26/55 2/2/55 42/52/55
f 2/2/55 43/53/55 42/52/55
f 2/2/56 1/1/56 44/54/56
f 2/2/56 44/54/56 43/53/56
f 18/22/57 25/32/57 41/55/58
f 18/22/57 41/55/58 45/56/57
f 1/6/59 5/5/59 44/57/59
f 5/5/59 46/58/59 44/57/59
f 5/5/60 18/22/60 46/58/60
f 18/22/60 45/56/60 46/58/60
f 30/36/61 19/23/62 47/59/63
f 19/23/62 48/60/62 47/59/63
f 19/23/64 9/11/64 49/61/64
f 19/23/64 49/61/64 48/60/64
f 9/11/65 11/13/66 50/62/67
f 9/11/65 50/62/67 49/61/65
f 21/25/68 30/39/61 47/63/63
f 21/25/68 47/63/63 51/64/68
f 11/16/66 13/15/69 50/65/67
f 13/15/69 52/66/69 50/65/67
f 13/15/70 21/25/70 51/64/70
f 13/15/70 51/64/70 52/66/70
f 41/51/71 42/52/71 53/67/71
f 41/51/71 53/67/71 54/68/71
f 42/52/72 43/53/72 55/69/72
f 42/52/72 55/69/72 53/67/72
f 43/53/73 44/54/73 56/70/73
f 43/53/73 56/70/73 55/69/74
f 45/56/75 41/55/76 54/71/75
f 45/56/75 54/71/75 57/72/75
f 44/57/77 46/58/77 58/73/77
f 44/57/77 58/73/77 56/74/77
f 46/58/78 45/56/78 58/73/78
f 45/56/78 57/72/78 58/73/78
f 47/59/79 48/60/79 59/75/79
f 47/59/79 59/75/79 60/76/79
f 48/60/80 49/61/80 61/77/80
f 48/60/80 61/77/80 59/75/80
f 49/61/81 50/62/81 61/77/81
f 50/62/81 62/78/81 61/77/81
f 51/64/71 47/63/71 60/79/71
f 51/64/71 60/79/71 63/80/71
f 50/65/82 52/66/82 62/81/82
f 52/66/82 64/82/82 62/81/82
f 52/66/83 51/64/83 64/82/83
f 51/64/83 63/80/83 64/82/83
f 65/83/84 66/84/85 67/85/86
f 65/83/84 67/85/86 68/86/84
f 67/85/87 69/87/88 70/88/89
f 67/85/87 70/88/89 68/86/89
f 71/89/90 72/90/91 73/91/92
f 72/90/91 74/92/92 73/91/92
f 72/90/93 75/93/94 76/94/95
f 72/90/93 76/94/95 74/92/95
f 75/93/96 77/95/97 78/96/98
f 75/93/96 78/96/98 76/94/99
f 79/97/100 66/84/101 65/83/102
f 79/97/100 65/83/102 80/98/102
f 81/99/103 82/100/104 83/101/105
f 81/99/103 83/101/105 84/102/105
f 82/100/106 85/103/107 86/104/108
f 82/100/106 86/104/108 83/101/108
f 85/103/109 87/105/110 86/104/111
f 87/105/110 88/106/111 86/104/111
f 89/107/112 81/108/113 90/109/114
f 81/108/113 84/110/114 90/109/114
f 87/105/115 91/111/116 92/112/117
f 87/105/115 92/112/117 88/106/117
f 91/111/118 89/107/119 90/109/120
f 91/111/118 90/109/120 92/112/120
f 93/113/121 94/114/121 95/115/121
f 93/113/122 96/116/122 94/114/122
f 97/117/123 98/118/124 99/119/123
f 97/117/123 99/119/123 100/120/124
f 98/118/125 101/121/125 99/119/125
f 101/121/125 102/122/125 99/119/125
f 101/121/126 103/123/126 104/124/126
f 101/121/126 104/124/126 102/122/126
f 103/125/127 95/115/127 104/126/127
f 95/115/127 105/127/127 104/126/127
f 95/115/128 94/114/128 106/128/128
f 95/115/128 106/128/128 105/127/128
f 94/114/129 96/116/129 106/128/129
f 96/116/129 107/129/129 106/128/129
f 96/116/130 108/130/130 109/131/130
f 96/116/130 109/131/130 107/129/130
f 108/132/131 97/117/131 109/133/131
f 97/117/131 100/120/131 109/133/131
f 100/134/132 99/135/132 110/136/132
f 100/134/132 110/136/132 111/137/132
f 99/138/133 102/139/133 110/140/133
f 102/139/133 112/141/133 110/140/133
f 102/139/134 104/142/134 112/141/134
f 104/142/134 113/143/134 112/141/134
f 104/142/135 105/144/135 113/143/135
f 105/144/135 114/145/135 113/143/135
f 105/144/136 106/146/136 115/147/136
f 105/144/136 115/147/136 114/145/136
f 106/146/137 107/148/138 115/147/137
f 107/148/138 116/149/138 115/147/137
f 107/148/139 109/150/139 117/151/139
f 107/148/139 117/151/139 116/149/139
f 109/150/140 100/134/140 111/137/140
f 109/150/140 111/137/140 117/151/140
f 118/152/141 119/153/141 120/154/142
f 118/152/141 120/154/142 121/155/143
f 122/156/144 118/157/144 123/158/145
f 118/157/144 121/159/145 123/158/145
f 124/160/146 122/156/146 125/161/147
f 122/156/146 123/158/148 125/161/147
f 126/162/149 124/160/149 125/161/150
f 126/162/149 125/161/150 127/163/151
f 128/164/152 126/162/152 129/165/153
f 126/162/152 127/163/154 129/165/153
f 119/153/155 128/164/155 120/154/156
f 128/164/155 129/165/157 120/154/156
f 130/166/158 131/167/158 132/168/158
f 131/167/158 133/169/158 132/168/158
f 131/170/159 134/171/159 135/172/159
f 131/170/159 135/172/159 133/173/159
f 134/174/160 136/175/160 137/176/160
f 134/174/160 137/176/160 135/177/160
f 138/178/161 130/166/161 132/168/161
f 138/178/161 132/168/161 139/179/161
f 136/175/162 140/180/162 137/176/162
f 140/180/162 141/181/162 137/176/162
f 140/182/163 138/183/163 139/184/164
f 140/182/163 139/184/164 141/185/163
f 84/186/165 83/187/165 142/188/165
f 83/187/165 143/189/165 142/188/165
f 83/190/166 86/191/166 143/192/166
f 86/191/166 144/193/166 143/192/166
f 86/194/167 88/195/167 145/196/167
f 86/194/167 145/196/167 144/197/167
f 90/198/168 84/186/168 142/188/168
f 90/198/168 142/188/168 146/199/168
f 88/195/169 92/200/170 145/196/170
f 92/200/170 147/201/170 145/196/170
f 92/202/171 90/203/171 146/204/171
f 92/202/171 146/204/171 147/205/171
f 132/168/172 133/169/172 148/206/172
f 132/168/172 148/206/172 149/207/172
f 133/173/173 135/172/173 150/208/173
f 133/173/173 150/208/173 148/209/173
f 135/177/174 137/176/174 150/210/174
f 137/176/174 151/211/174 150/210/174
f 139/179/175 132/168/176 152/212/177
f 132/168/176 149/207/176 152/212/177
f 137/176/178 141/181/179 153/213/180
f 137/176/178 153/213/180 151/211/178
f 154/214/181 155/215/181 156/216/181
f 155/215/181 157/217/181 156/216/181
f 142/188/182 143/189/183 158/218/184
f 142/188/182 158/218/184 159/219/182
f 160/220/185 161/221/185 162/222/185
f 160/220/185 162/222/185 163/223/185
f 144/197/186 145/196/187 164/224/188
f 145/196/187 165/225/187 164/224/188
f 146/199/189 142/188/189 166/226/189
f 142/188/189 159/219/189 166/226/189
f 145/196/190 147/201/190 167/227/190
f 145/196/190 167/227/190 165/225/190
f 147/205/191 146/204/191 166/228/191
f 147/205/191 166/228/191 167/229/191
f 149/207/192 168/230/193 169/231/194
f 148/209/191 150/208/191 170/232/191
f 148/209/191 170/232/191 171/233/191
f 150/210/195 151/211/196 170/234/195
f 151/211/196 172/235/197 170/234/195
f 152/212/198 149/207/199 173/236/198
f 149/207/199 174/237/200 173/236/198
f 151/211/201 175/238/202 176/239/203
f 153/240/204 152/241/204 177/242/204
f 152/241/204 173/243/204 177/242/204
f 159/219/205 178/244/206 179/245/207
f 158/246/208 164/247/208 180/248/208
f 158/246/208 180/248/208 181/249/208
f 164/224/209 165/225/210 180/250/209
f 165/225/210 182/251/211 180/250/209
f 166/226/212 159/219/213 183/252/212
f 159/219/213 184/253/214 183/252/212
f 165/225/215 185/254/216 186/255/217
f 167/229/191 166/228/191 183/256/191
f 167/229/191 183/256/191 187/257/191
f 141/185/218 139/184/218 188/258/219
f 141/185/218 188/258/219 189/259/220
f 139/179/175 152/212/177 190/260/221
f 139/179/175 190/260/221 188/261/222
f 152/241/223 153/240/223 190/262/224
f 153/240/223 191/263/225 190/262/224
f 153/213/180 141/181/179 191/264/226
f 141/181/179 189/265/227 191/264/226
f 192/266/228 193/267/229 160/220/230
f 193/267/229 161/221/230 160/220/230
f 193/268/231 194/269/232 162/270/233
f 193/268/231 162/270/233 161/271/233
f 194/272/234 195/273/235 163/223/236
f 194/272/234 163/223/236 162/222/236
f 195/274/237 192/275/238 163/276/239
f 192/275/238 160/277/239 163/276/239
f 189/259/220 188/258/219 196/278/240
f 189/259/220 196/278/240 197/279/241
f 191/264/226 189/265/227 197/280/242
f 191/264/226 197/280/242 198/281/243
f 190/262/224 191/263/225 199/282/244
f 191/263/225 198/283/245 199/282/244
f 188/261/222 190/260/221 199/284/246
f 188/261/222 199/284/246 196/285/247
f 143/192/248 144/193/248 200/286/249
f 144/193/248 201/287/250 200/286/249
f 144/197/186 164/224/188 202/288/251
f 144/197/186 202/288/251 201/289/252
f 164/247/253 158/246/253 203/290/254
f 164/247/253 203/290/254 202/291/255
f 158/218/184 143/189/183 203/292/256
f 143/189/183 200/293/257 203/292/256
f 197/279/241 196/278/240 155/215/258
f 197/279/241 155/215/258 154/214/258
f 198/281/243 197/280/242 156/294/259
f 197/280/242 154/295/259 156/294/259
f 199/282/244 198/283/245 157/217/260
f 198/283/245 156/216/260 157/217/260
f 196/285/247 199/284/246 157/296/261
f 196/285/247 157/296/261 155/297/261
f 200/286/249 201/287/250 192/266/228
f 201/287/250 193/267/229 192/266/228
f 201/289/252 202/288/251 193/268/231
f 202/288/251 194/269/232 193/268/231
f 202/291/255 203/290/254 195/273/235
f 202/291/255 195/273/235 194/272/234
f 203/292/256 200/293/257 195/274/237
f 200/293/257 192/275/238 195/274/237
f 151/211/201 153/213/262 177/298/262
f 151/211/201 177/298/262 175/238/202
f 182/251/211 165/225/210 186/255/263
f 172/235/197 151/211/196 176/239/264
f 165/225/215 167/227/265 187/299/265
f 165/225/215 187/299/265 185/254/216
f 174/237/200 149/207/199 169/231/266
f 159/219/205 158/218/267 181/300/267
f 159/219/205 181/300/267 178/244/206
f 149/207/192 148/206/268 171/301/268
f 149/207/192 171/301/268 168/230/193
f 184/253/214 159/219/213 179/245/269
f 204/302/270 205/303/270 206/304/270
f 204/302/270 206/304/270 207/305/270
f 208/306/271 209/307/271 210/308/271
f 208/306/271 210/308/271 211/309/271
f 212/310/272 213/311/272 214/312/272
f 212/310/272 214/312/272 215/313/272
f 216/314/273 217/315/273 218/316/273
f 216/314/273 218/316/273 219/317/273
f 220/318/274 221/319/274 222/320/274
f 220/318/274 222/320/274 223/321/274
f 224/322/275 225/323/275 226/324/275
f 224/322/275 226/324/275 227/325/275
f 228/326/276 229/327/276 230/328/276
f 228/326/276 230/328/276 231/329/276
f 232/330/277 233/331/277 234/332/277
f 232/330/277 234/332/277 235/333/277
f 178/244/278 181/300/278 236/334/278
f 181/300/278 237/335/278 236/334/278
f 181/249/279 180/248/279 238/336/279
f 181/249/279 238/336/279 237/337/279
f 180/250/280 182/251/280 238/338/280
f 182/251/280 239/339/280 238/338/280
f 182/340/279 178/341/279 236/342/279
f 182/340/279 236/342/279 239/343/279
f 174/344/281 175/345/281 240/346/281
f 174/344/281 240/346/281 241/347/281
f 175/238/282 177/298/282 242/348/282
f 175/238/282 242/348/282 240/349/282
f 177/242/281 173/243/281 243/350/281
f 177/242/281 243/350/281 242/351/281
f 173/236/283 174/237/283 241/352/283
f 173/236/283 241/352/283 243/353/283
f 169/354/284 176/355/284 244/356/284
f 169/354/284 244/356/284 245/357/284
f 176/239/285 175/238/285 246/358/285
f 176/239/285 246/358/285 244/359/285
f 175/345/284 174/344/284 247/360/284
f 175/345/284 247/360/284 246/361/284
f 174/237/286 169/231/286 245/362/286
f 174/237/286 245/362/286 247/363/286
f 178/341/287 182/340/287 248/364/287
f 178/341/287 248/364/287 249/365/287
f 182/251/288 186/255/288 248/366/288
f 186/255/288 250/367/288 248/366/288
f 186/368/287 179/369/287 251/370/287
f 186/368/287 251/370/287 250/371/287
f 179/245/289 178/244/289 251/372/289
f 178/244/289 249/373/289 251/372/289
f 179/369/290 186/368/290 252/374/290
f 179/369/290 252/374/290 253/375/290
f 186/255/291 185/254/291 254/376/291
f 186/255/291 254/376/291 252/377/291
f 185/378/292 184/379/292 255/380/292
f 185/378/292 255/380/292 254/381/292
f 184/253/293 179/245/293 253/382/293
f 184/253/293 253/382/293 255/383/293
f 168/384/294 172/385/294 256/386/294
f 172/385/294 257/387/294 256/386/294
f 172/235/295 176/239/295 257/388/295
f 176/239/295 258/389/295 257/388/295
f 176/355/296 169/354/296 259/390/296
f 176/355/296 259/390/296 258/391/296
f 169/231/297 168/230/297 259/392/297
f 168/230/297 256/393/297 259/392/297
f 168/230/298 171/301/298 260/394/298
f 171/301/298 261/395/298 260/394/298
f 171/233/299 170/232/299 262/396/299
f 171/233/299 262/396/299 261/397/299
f 170/234/300 172/235/300 262/398/300
f 172/235/300 263/399/300 262/398/300
f 172/385/301 168/384/301 263/400/301
f 168/384/301 260/401/301 263/400/301
f 184/379/302 185/378/302 264/402/302
f 184/379/302 264/402/302 265/403/302
f 185/254/303 187/299/303 266/404/303
f 185/254/303 266/404/303 264/405/303
f 187/257/304 183/256/304 267/406/304
f 187/257/304 267/406/304 266/407/304
f 183/252/305 184/253/306 265/408/305
f 183/252/305 265/408/305 267/409/305
f 245/357/307 244/356/307 268/410/307
f 245/357/307 268/410/307 269/411/307
f 244/359/308 246/358/308 268/412/308
f 246/358/308 270/413/308 268/412/308
f 246/361/309 247/360/309 271/414/309
f 246/361/309 271/414/309 270/415/309
f 247/363/310 245/362/310 269/416/310
f 247/363/310 269/416/310 271/417/310
f 272/418/311 273/419/311 274/420/312
f 273/419/311 275/421/312 274/420/312
f 273/422/313 276/423/313 277/424/313
f 273/422/313 277/424/313 275/425/313
f 276/426/314 278/427/315 279/428/316
f 276/426/314 279/428/316 277/429/316
f 278/430/317 272/431/317 274/432/318
f 278/430/317 274/432/318 279/433/318
f 241/347/319 240/346/319 280/434/319
f 241/347/319 280/434/319 281/435/319
f 240/349/320 242/348/320 280/436/321
f 242/348/320 282/437/320 280/436/321
f 242/351/322 243/350/322 283/438/322
f 242/351/322 283/438/322 282/439/322
f 243/353/323 241/352/323 281/440/323
f 243/353/323 281/440/323 283/441/323
f 284/442/324 285/443/324 286/444/324
f 284/442/324 286/444/324 287/445/324
f 285/446/325 288/447/326 289/448/327
f 285/446/325 289/448/327 286/449/327
f 288/450/328 290/451/328 291/452/328
f 288/450/328 291/452/328 289/453/328
f 290/454/329 284/455/329 291/456/330
f 284/455/329 287/457/330 291/456/330
f 260/394/331 261/395/331 292/458/331
f 260/394/331 292/458/331 293/459/332
f 261/397/333 262/396/333 294/460/333
f 261/397/333 294/460/333 292/461/333
f 262/398/334 263/399/334 294/462/334
f 263/399/334 295/463/334 294/462/334
f 263/400/335 260/401/335 293/464/335
f 263/400/335 293/464/335 295/465/335
f 256/386/336 257/387/336 296/466/336
f 256/386/336 296/466/336 297/467/336
f 257/388/337 258/389/337 296/468/337
f 258/389/337 298/469/338 296/468/337
f 258/391/339 259/390/339 299/470/339
f 258/391/339 299/470/339 298/471/339
f 259/392/340 256/393/340 297/472/341
f 259/392/340 297/472/341 299/473/341
f 300/474/342 301/475/342 302/476/342
f 300/474/342 302/476/342 303/477/342
f 301/478/343 304/479/343 305/480/344
f 301/478/343 305/480/344 302/481/344
f 304/482/345 306/483/345 307/484/345
f 304/482/345 307/484/345 305/485/345
f 306/486/346 300/487/346 307/488/347
f 300/487/346 303/489/347 307/488/347
f 308/490/348 309/491/348 310/492/349
f 308/490/348 310/492/349 311/493/349
f 309/494/350 312/495/350 310/496/350
f 312/495/350 313/497/350 310/496/350
f 312/498/351 314/499/351 315/500/352
f 312/498/351 315/500/352 313/501/352
f 314/502/353 308/503/353 311/504/354
f 314/502/353 311/504/354 315/505/354
f 316/506/355 317/507/355 318/508/355
f 316/506/355 318/508/355 319/509/355
f 317/510/356 320/511/356 321/512/357
f 317/510/356 321/512/357 318/513/358
f 320/514/359 322/515/359 323/516/359
f 320/514/359 323/516/359 321/517/359
f 322/518/360 316/519/360 323/520/361
f 316/519/360 319/521/361 323/520/361
f 324/522/362 325/523/362 208/524/363
f 325/523/362 209/525/363 208/524/363
f 325/526/364 326/527/364 210/308/364
f 325/526/364 210/308/364 209/307/364
f 326/528/365 327/529/365 211/530/366
f 326/528/365 211/530/366 210/531/366
f 327/532/367 324/533/367 208/306/367
f 327/532/367 208/306/367 211/309/367
f 328/534/368 329/535/368 330/536/369
f 328/534/368 330/536/369 331/537/369
f 329/538/370 332/539/370 333/540/371
f 329/538/370 333/540/371 330/541/372
f 332/542/373 334/543/373 335/544/373
f 332/542/373 335/544/373 333/545/373
f 334/546/374 328/547/374 335/548/375
f 328/547/374 331/549/375 335/548/375
f 336/550/376 337/551/376 217/315/376
f 336/550/376 217/315/376 216/314/376
f 337/552/377 338/553/377 218/554/378
f 337/552/377 218/554/378 217/555/378
f 338/556/379 339/557/379 219/317/379
f 338/556/379 219/317/379 218/316/379
f 339/558/380 336/559/380 219/560/381
f 336/559/380 216/561/381 219/560/381
f 340/562/382 341/563/382 342/564/383
f 340/562/382 342/564/383 343/565/384
f 341/566/385 344/567/385 345/568/385
f 341/566/385 345/568/385 342/569/385
f 344/570/386 346/571/386 345/572/387
f 346/571/386 347/573/387 345/572/387
f 346/574/388 340/575/388 343/576/389
f 346/574/388 343/576/389 347/577/389
f 348/578/390 349/579/390 350/580/390
f 348/578/390 350/580/390 351/581/390
f 349/582/391 352/583/391 353/584/392
f 349/582/391 353/584/392 350/585/392
f 352/586/393 354/587/393 355/588/394
f 352/586/393 355/588/394 353/589/394
f 354/590/395 348/591/395 355/592/396
f 348/591/395 351/593/397 355/592/396
f 356/594/398 357/595/398 229/327/398
f 356/594/398 229/327/398 228/326/398
f 357/596/399 358/597/399 230/598/400
f 357/596/399 230/598/400 229/599/400
f 358/600/401 359/601/401 231/329/401
f 358/600/401 231/329/401 230/328/401
f 359/602/402 356/603/402 231/604/402
f 356/603/402 228/605/402 231/604/402
f 360/606/403 361/607/403 233/331/403
f 360/606/403 233/331/403 232/330/403
f 361/608/404 362/609/404 233/610/405
f 362/609/404 234/611/405 233/610/405
f 362/612/406 363/613/406 235/333/406
f 362/612/406 235/333/406 234/332/406
f 363/614/407 360/615/407 232/616/408
f 363/614/407 232/616/408 235/617/408
f 281/435/319 280/434/319 329/535/409
f 281/435/319 329/535/409 328/534/409
f 283/441/323 281/440/323 328/547/410
f 283/441/323 328/547/410 334/546/410
f 282/439/322 283/438/322 334/543/411
f 282/439/322 334/543/411 332/542/411
f 280/436/321 282/437/320 329/538/412
f 282/437/320 332/539/412 329/538/412
f 239/343/317 236/342/317 272/431/317
f 239/343/317 272/431/317 278/430/317
f 236/334/311 237/335/311 272/418/311
f 237/335/311 273/419/311 272/418/311
f 237/337/413 238/336/413 276/423/313
f 237/337/413 276/423/313 273/422/313
f 238/338/314 239/339/314 278/427/315
f 238/338/314 278/427/315 276/426/314
f 331/537/369 330/536/369 213/311/369
f 331/537/369 213/311/369 212/310/369
f 335/548/375 331/549/375 212/618/375
f 335/548/375 212/618/375 215/619/375
f 333/545/373 335/544/373 215/313/373
f 333/545/373 215/313/373 214/312/373
f 330/541/372 333/540/371 213/620/414
f 333/540/371 214/621/414 213/620/414
f 279/433/415 274/432/415 324/533/367
f 279/433/415 324/533/367 327/532/367
f 274/420/416 275/421/416 325/523/362
f 274/420/416 325/523/362 324/522/362
f 275/425/364 277/424/364 326/527/364
f 275/425/364 326/527/364 325/526/364
f 277/429/417 279/428/417 326/528/365
f 279/428/417 327/529/365 326/528/365
f 271/417/310 269/416/310 316/519/418
f 271/417/310 316/519/418 322/518/418
f 270/415/309 271/414/309 322/515/309
f 270/415/309 322/515/309 320/514/309
f 268/412/308 270/413/308 317/510/419
f 270/413/308 320/511/419 317/510/419
f 269/411/307 268/410/307 317/507/307
f 269/411/307 317/507/307 316/506/307
f 251/372/346 249/373/346 306/486/346
f 249/373/346 300/487/346 306/486/346
f 249/365/342 248/364/342 301/475/342
f 249/365/342 301/475/342 300/474/342
f 248/366/343 250/367/343 304/479/343
f 248/366/343 304/479/343 301/478/343
f 250/371/345 251/370/345 306/483/345
f 250/371/345 306/483/345 304/482/345
f 323/520/361 319/521/361 204/622/420
f 323/520/361 204/622/420 207/623/420
f 321/517/359 323/516/359 207/305/359
f 321/517/359 207/305/359 206/304/359
f 318/513/358 321/512/357 205/624/421
f 321/512/357 206/625/422 205/624/421
f 319/509/355 318/508/355 205/303/355
f 319/509/355 205/303/355 204/302/355
f 307/488/423 303/489/423 356/603/402
f 307/488/423 356/603/402 359/602/402
f 303/477/398 302/476/398 357/595/398
f 303/477/398 357/595/398 356/594/398
f 302/481/424 305/480/424 357/596/399
f 305/480/424 358/597/399 357/596/399
f 305/485/401 307/484/401 359/601/401
f 305/485/401 359/601/401 358/600/401
f 297/467/336 296/466/336 349/579/425
f 297/467/336 349/579/425 348/578/425
f 299/473/341 297/472/341 348/591/426
f 299/473/341 348/591/426 354/590/426
f 298/471/339 299/470/339 354/587/339
f 298/471/339 354/587/339 352/586/339
f 296/468/337 298/469/338 349/582/427
f 298/469/338 352/583/427 349/582/427
f 254/381/328 255/380/328 290/451/328
f 254/381/328 290/451/328 288/450/328
f 255/383/428 253/382/429 290/454/329
f 253/382/429 284/455/329 290/454/329
f 253/375/324 252/374/324 285/443/324
f 253/375/324 285/443/324 284/442/324
f 252/377/326 254/376/326 288/447/326
f 252/377/326 288/447/326 285/446/325
f 351/581/390 350/580/390 225/323/390
f 351/581/390 225/323/390 224/322/390
f 355/592/396 351/593/397 224/626/430
f 355/592/396 224/626/430 227/627/430
f 353/589/394 355/588/394 227/325/394
f 353/589/394 227/325/394 226/324/394
f 350/585/392 353/584/392 225/628/431
f 353/584/392 226/629/431 225/628/431
f 289/453/379 291/452/379 339/557/379
f 289/453/379 339/557/379 338/556/379
f 291/456/432 287/457/432 336/559/380
f 291/456/432 336/559/380 339/558/380
f 287/445/376 286/444/376 337/551/376
f 287/445/376 337/551/376 336/550/376
f 286/449/433 289/448/433 337/552/377
f 289/448/433 338/553/377 337/552/377
f 293/459/332 292/458/331 340/562/434
f 292/458/331 341/563/434 340/562/434
f 295/465/335 293/464/335 340/575/435
f 295/465/335 340/575/435 346/574/435
f 294/462/334 295/463/334 346/571/436
f 294/462/334 346/571/436 344/570/436
f 292/461/333 294/460/333 344/567/333
f 292/461/333 344/567/333 341/566/333
f 267/409/353 265/408/353 314/502/353
f 265/408/353 308/503/353 314/502/353
f 265/403/348 264/402/348 309/491/348
f 265/403/348 309/491/348 308/490/348
f 264/405/350 266/404/350 312/495/350
f 264/405/350 312/495/350 309/494/350
f 266/407/351 267/406/351 314/499/351
f 266/407/351 314/499/351 312/498/351
f 343/565/384 342/564/383 220/630/384
f 342/564/383 221/631/384 220/630/384
f 347/577/389 343/576/389 220/318/389
f 347/577/389 220/318/389 223/321/389
f 345/572/387 347/573/387 223/632/437
f 345/572/387 223/632/437 222/633/437
f 342/569/385 345/568/385 222/320/438
f 342/569/385 222/320/438 221/319/438
f 315/505/439 311/504/439 363/614/407
f 311/504/439 360/615/407 363/614/407
f 311/493/440 310/492/440 361/607/403
f 311/493/440 361/607/403 360/606/403
f 310/496/441 313/497/441 362/609/404
f 310/496/441 362/609/404 361/608/404
f 313/501/442 315/500/442 363/613/406
f 313/501/442 363/613/406 362/612/406
f 364/634/443 365/635/444 131/636/445
f 364/634/443 131/636/445 130/637/445
f 366/638/446 364/639/447 138/640/448
f 364/639/447 130/641/448 138/640/448
f 367/642/449 366/638/450 140/643/451
f 366/638/450 138/640/451 140/643/451
f 368/644/452 367/642/453 140/643/454
f 368/644/452 140/643/454 136/645/454
f 369/646/455 368/644/456 134/647/457
f 368/644/456 136/645/457 134/647/457
f 365/635/458 369/646/459 131/636/460
f 369/646/459 134/647/460 131/636/460
f 370/648/461 371/649/462 89/107/112
f 371/649/462 81/108/113 89/107/112
f 371/650/463 372/651/464 82/100/104
f 371/650/463 82/100/104 81/99/103
f 372/651/465 373/652/466 85/103/107
f 372/651/465 85/103/107 82/100/106
f 373/652/467 374/653/468 85/103/109
f 374/653/468 87/105/110 85/103/109
f 374/653/469 375/654/470 91/111/116
f 374/653/469 91/111/116 87/105/115
f 375/654/471 370/648/472 89/107/119
f 375/654/471 89/107/119 91/111/118
f 376/655/473 377/656/474 378/657/475
f 376/655/473 378/657/475 379/658/476
f 380/659/477 376/660/478 381/661/479
f 376/660/478 379/662/480 381/661/479
f 382/663/481 380/659/482 383/664/483
f 380/659/482 381/661/484 383/664/483
f 384/665/485 382/663/486 383/664/487
f 384/665/485 383/664/487 385/666/488
f 386/667/489 384/665/490 387/668/491
f 384/665/490 385/666/492 387/668/491
f 377/656/493 386/667/494 378/657/495
f 386/667/494 387/668/496 378/657/495
f 388/669/497 389/670/498 390/671/499
f 389/670/498 391/672/500 390/671/499
f 389/673/501 392/674/501 393/675/502
f 389/673/501 393/675/502 391/676/503
f 392/674/504 394/677/505 395/678/506
f 392/674/504 395/678/506 393/675/507
f 394/677/508 396/679/509 395/678/510
f 396/679/509 397/680/511 395/678/510
f 396/679/512 398/681/513 399/682/514
f 396/679/512 399/682/514 397/680/515
f 398/681/516 388/669/517 390/671/518
f 398/681/516 390/671/518 399/682/519
f 121/155/143 120/154/142 377/656/474
f 121/155/143 377/656/474 376/655/473
f 123/158/145 121/159/145 380/659/477
f 121/159/145 376/660/478 380/659/477
f 125/161/147 123/158/148 382/663/481
f 123/158/148 380/659/482 382/663/481
f 127/163/151 125/161/150 382/663/486
f 127/163/151 382/663/486 384/665/485
f 129/165/153 127/163/154 386/667/489
f 127/163/154 384/665/490 386/667/489
f 120/154/156 129/165/157 377/656/493
f 129/165/157 386/667/494 377/656/493
f 379/658/476 378/657/475 365/635/444
f 379/658/476 365/635/444 364/634/443
f 381/661/479 379/662/480 366/638/446
f 379/662/480 364/639/447 366/638/446
f 383/664/483 381/661/484 367/642/449
f 381/661/484 366/638/450 367/642/449
f 385/666/488 383/664/487 367/642/453
f 385/666/488 367/642/453 368/644/452
f 387/668/491 385/666/492 369/646/455
f 385/666/492 368/644/456 369/646/455
f 378/657/495 387/668/496 365/635/458
f 387/668/496 369/646/459 365/635/458
f 390/671/499 391/672/500 370/648/461
f 391/672/500 371/649/462 370/648/461
f 391/676/503 393/675/502 372/651/464
f 391/676/503 372/651/464 371/650/463
f 393/675/507 395/678/506 373/652/466
f 393/675/507 373/652/466 372/651/465
f 395/678/510 397/680/511 373/652/467
f 397/680/511 374/653/468 373/652/467
f 397/680/515 399/682/514 375/654/470
f 397/680/515 375/654/470 374/653/469
f 399/682/519 390/671/518 370/648/472
f 399/682/519 370/648/472 375/654/471
f 111/683/520 110/684/520 112/685/520
f 117/686/520 111/683/520 112/685/520
f 116/687/520 117/686/520 112/685/520
f 115/688/520 116/687/520 112/685/520
f 114/689/520 115/688/520 112/685/520
f 113/690/520 114/689/520 112/685/520
f 400/691/521 401/692/522 402/693/523
f 400/691/521 402/693/523 403/694/524
f 401/692/525 404/695/526 405/696/527
f 401/692/525 405/696/527 402/693/527
f 404/695/528 406/697/529 407/698/530
f 404/695/528 407/698/530 405/696/530
f 406/697/531 408/699/532 409/700/533
f 406/697/531 409/700/533 407/698/533
f 408/699/534 410/701/535 409/700/536
f 410/701/535 411/702/537 409/700/536
f 403/694/538 411/702/539 410/701/540
f 403/694/538 410/701/540 400/691/541
f 412/703/542 413/704/543 414/705/544
f 413/704/543 415/706/545 414/705/544
f 416/707/546 417/708/547 418/709/548
f 416/707/546 418/709/548 419/710/548
f 417/708/549 420/711/550 421/712/551
f 417/708/549 421/712/551 418/709/551
f 420/711/552 422/713/553 421/712/554
f 422/713/553 423/714/554 421/712/554
f 424/715/555 425/716/556 426/717/557
f 424/715/555 426/717/557 427/718/558
f 414/705/559 426/717/560 425/716/85
f 414/705/559 425/716/85 412/703/86
f 428/719/561 429/720/562 430/721/563
f 70/88/564 69/87/565 431/722/566
f 70/88/564 431/722/566 432/723/567
f 429/720/568 433/724/569 434/725/570
f 429/720/568 434/725/570 430/721/570
f 433/724/571 435/726/572 434/725/573
f 436/727/574 79/728/575 80/729/576
f 436/727/574 80/729/576 437/730/577
f 438/731/578 439/732/579 440/733/580
f 439/732/579 419/734/581 440/733/580
f 439/735/582 441/736/583 419/710/584
f 441/736/583 416/707/585 419/710/584
f 442/737/586 438/731/587 440/733/588
f 442/737/586 440/733/588 443/738/589
f 422/713/590 444/739/591 423/714/592
f 444/739/591 445/740/593 423/714/592
f 445/741/594 442/737/595 443/738/596
f 445/741/594 443/738/596 423/742/597
f 402/743/598 405/744/598 446/745/599
f 402/743/598 446/745/599 447/746/600
f 405/744/601 407/747/601 446/745/602
f 407/747/601 448/748/603 446/745/602
f 407/747/604 409/749/604 448/748/605
f 409/749/604 449/750/606 448/748/605
f 440/733/580 419/734/581 418/751/607
f 443/738/589 440/733/588 421/752/608
f 440/733/588 418/751/608 421/752/608
f 423/742/597 443/738/596 421/752/609
f 450/753/610 436/727/574 451/754/611
f 436/727/574 437/730/577 451/754/611
f 448/748/605 449/750/606 452/755/612
f 449/750/606 453/756/613 452/755/612
f 446/745/602 448/748/603 452/755/614
f 446/745/602 452/755/614 454/757/615
f 447/746/600 446/745/599 454/757/616
f 447/746/600 454/757/616 455/758/617
f 432/723/567 431/722/566 456/759/618
f 432/723/567 456/759/618 457/760/619
f 458/761/620 424/762/621 459/763/622
f 424/762/621 427/764/623 459/763/622
f 427/765/624 460/766/624 461/767/625
f 427/765/624 461/767/625 459/768/626
f 460/766/627 462/769/627 463/770/628
f 460/766/627 463/770/628 461/767/629
f 462/769/630 415/771/630 463/770/631
f 415/771/630 464/772/632 463/770/631
f 415/706/633 413/704/634 464/773/635
f 413/704/634 465/774/636 464/773/635
f 77/95/637 450/753/610 451/754/611
f 77/95/637 451/754/611 78/96/638
f 452/755/612 453/756/613 433/724/571
f 453/756/613 435/726/572 433/724/571
f 454/757/615 452/755/614 429/720/568
f 452/755/614 433/724/569 429/720/568
f 455/758/617 454/757/616 429/720/562
f 455/758/617 429/720/562 428/719/561
f 457/760/619 456/759/618 71/89/639
f 457/760/619 71/89/639 73/91/640
f 444/739/591 458/761/620 445/740/593
f 458/761/620 459/763/622 445/740/593
f 459/768/626 461/767/625 442/737/595
f 459/768/626 442/737/595 445/741/594
f 461/767/629 463/770/628 442/737/586
f 463/770/628 438/731/587 442/737/586
f 463/770/631 464/772/632 438/731/578
f 464/772/632 439/732/579 438/731/578
f 464/773/635 465/774/636 439/735/582
f 465/774/636 441/736/583 439/735/582
f 466/775/641 467/776/642 400/777/521
f 467/776/642 401/778/522 400/777/521
f 467/776/643 468/779/644 404/780/526
f 467/776/643 404/780/526 401/778/525
f 468/779/645 469/781/646 406/782/529
f 468/779/645 406/782/529 404/780/528
f 469/781/647 470/783/648 406/782/531
f 470/783/648 408/784/532 406/782/531
f 470/785/649 471/786/650 410/787/535
f 470/785/649 410/787/535 408/788/534
f 400/777/541 410/787/540 471/786/651
f 400/777/541 471/786/651 466/775/652
f 414/789/544 415/790/545 472/791/653
f 415/790/545 473/792/654 472/791/653
f 415/790/655 462/793/655 473/792/656
f 462/793/655 474/794/657 473/792/656
f 462/793/658 460/795/658 474/794/659
f 460/795/658 475/796/660 474/794/659
f 460/795/661 427/797/661 475/796/662
f 427/797/661 476/798/663 475/796/662
f 427/797/558 426/799/557 477/800/664
f 427/797/558 477/800/664 476/798/665
f 472/791/666 477/800/667 414/789/559
f 477/800/667 426/799/560 414/789/559
f 478/801/668 479/802/668 480/803/669
f 478/801/668 480/803/669 481/804/670
f 479/802/671 482/805/671 483/806/672
f 479/802/671 483/806/672 480/803/673
f 482/805/674 484/807/674 485/808/675
f 482/805/674 485/808/675 483/806/676
f 484/807/677 486/809/677 485/808/678
f 486/809/677 487/810/679 485/808/678
f 486/811/680 488/812/680 487/813/681
f 488/812/680 489/814/682 487/813/681
f 481/804/683 489/814/684 488/812/685
f 481/804/683 488/812/685 478/801/685
f 490/815/686 491/816/687 492/817/688
f 491/816/687 493/818/689 492/817/688
f 491/816/690 494/819/691 495/820/692
f 491/816/690 495/820/692 493/818/693
f 494/819/694 496/821/695 495/820/696
f 496/821/695 497/822/697 495/820/696
f 496/821/698 498/823/699 497/822/700
f 498/823/699 499/824/701 497/822/700
f 498/825/702 500/826/703 501/827/704
f 498/825/702 501/827/704 499/828/705
f 492/817/706 501/827/707 490/815/708
f 501/827/707 500/826/709 490/815/708
f 481/804/670 480/803/669 467/776/642
f 481/804/670 467/776/642 466/775/641
f 480/803/673 483/806/672 467/776/643
f 483/806/672 468/779/644 467/776/643
f 483/806/676 485/808/675 469/781/646
f 483/806/676 469/781/646 468/779/645
f 485/808/678 487/810/679 470/783/648
f 485/808/678 470/783/648 469/781/647
f 487/813/681 489/814/682 470/785/649
f 489/814/682 471/786/650 470/785/649
f 466/775/652 471/786/651 489/814/684
f 466/775/652 489/814/684 481/804/683
f 472/829/653 473/830/654 491/816/687
f 472/829/653 491/816/687 490/815/686
f 473/830/656 474/831/657 491/816/690
f 474/831/657 494/819/691 491/816/690
f 474/831/659 475/832/660 494/819/694
f 475/832/660 496/821/695 494/819/694
f 475/832/662 476/833/663 498/823/699
f 475/832/662 498/823/699 496/821/698
f 476/834/665 477/835/664 498/825/702
f 477/835/664 500/826/703 498/825/702
f 490/815/708 500/826/709 472/829/666
f 500/826/709 477/835/667 472/829/666
f 492/817/688 493/818/689 502/836/710
f 493/818/689 503/837/710 502/836/710
f 493/818/693 495/820/692 503/837/711
f 495/820/692 504/838/711 503/837/711
f 495/820/696 497/822/697 504/838/712
f 497/822/697 505/839/712 504/838/712
f 497/822/700 499/824/701 506/840/713
f 497/822/700 506/840/713 505/839/713
f 499/828/705 501/827/704 507/841/714
f 499/828/705 507/841/714 506/842/714
f 502/836/715 507/841/715 492/817/706
f 507/841/715 501/827/707 492/817/706
f 403/843/524 402/844/523 69/87/88
f 403/843/524 69/87/88 67/85/87
f 431/722/566 69/87/565 447/845/716
f 69/87/565 402/844/717 447/845/716
f 456/759/618 431/722/566 455/846/718
f 431/722/566 447/845/716 455/846/718
f 71/89/639 456/759/618 428/847/719
f 456/759/618 455/846/718 428/847/719
f 428/847/720 430/848/720 71/89/90
f 430/848/720 72/90/91 71/89/90
f 430/848/721 434/849/721 72/90/93
f 434/849/721 75/93/94 72/90/93
f 434/849/722 435/850/722 77/95/97
f 434/849/722 77/95/97 75/93/96
f 453/851/723 450/753/610 435/850/724
f 450/753/610 77/95/637 435/850/724
f 449/852/725 436/727/574 453/851/723
f 436/727/574 450/753/610 453/851/723
f 409/853/726 79/728/575 449/852/725
f 79/728/575 436/727/574 449/852/725
f 409/854/536 411/855/537 79/97/100
f 411/855/537 66/84/101 79/97/100
f 67/85/86 66/84/85 411/855/539
f 67/85/86 411/855/539 403/843/538
f 508/856/727 509/857/727 412/703/542
f 509/857/727 413/704/543 412/703/542
f 465/774/636 413/704/634 509/857/728
f 465/774/636 509/857/728 510/858/729
f 441/736/583 465/774/636 510/858/729
f 441/736/583 510/858/729 511/859/730
f 416/707/585 441/736/583 511/859/730
f 416/707/585 511/859/730 512/860/731
f 512/860/732 513/861/732 417/708/547
f 512/860/732 417/708/547 416/707/546
f 513/861/95 514/862/95 417/708/549
f 514/862/95 420/711/550 417/708/549
f 514/862/733 515/863/734 420/711/552
f 515/863/734 422/713/553 420/711/552
f 516/864/735 444/739/591 422/713/590
f 516/864/735 422/713/590 515/863/736
f 517/865/737 458/761/620 516/864/735
f 458/761/620 444/739/591 516/864/735
f 518/866/738 424/762/621 458/761/620
f 518/866/738 458/761/620 517/865/737
f 518/867/739 519/868/739 424/715/555
f 519/868/739 425/716/556 424/715/555
f 412/703/86 425/716/85 519/868/84
f 412/703/86 519/868/84 508/856/84
f 519/869/740 518/870/740 508/871/740
f 518/870/740 509/872/740 508/871/740
f 518/870/740 517/873/740 510/874/740
f 518/870/740 510/874/740 509/872/740
f 517/873/740 516/875/740 511/876/740
f 517/873/740 511/876/740 510/874/740
f 516/875/740 515/877/740 512/878/740
f 516/875/740 512/878/740 511/876/740
f 515/877/740 514/879/740 512/878/740
f 514/879/740 513/880/740 512/878/740
f 68/881/741 70/882/741 80/883/741
f 68/881/741 80/883/741 65/884/741
f 70/882/740 432/885/740 80/883/740
f 432/885/740 437/886/740 80/883/740
f 432/885/740 457/887/740 437/886/740
f 457/887/740 451/888/740 437/886/740
f 457/887/740 73/889/740 451/888/740
f 73/889/740 78/890/740 451/888/740
f 73/889/740 74/891/740 76/892/740
f 73/889/740 76/892/740 78/890/740
f 520/893/742 521/894/742 388/669/517
f 520/893/742 388/669/517 398/681/516
f 522/895/743 520/893/743 398/681/513
f 522/895/743 398/681/513 396/679/512
f 523/896/744 522/895/744 394/677/508
f 522/895/744 396/679/509 394/677/508
f 524/897/745 523/896/745 394/677/505
f 524/897/745 394/677/505 392/674/504
f 525/898/746 524/897/746 392/674/501
f 525/898/746 392/674/501 389/673/501
f 521/894/747 525/899/747 388/669/497
f 525/899/747 389/670/498 388/669/497
f 8/10/748 6/8/748 96/900/748
f 8/10/748 96/900/748 93/901/748
f 10/12/749 8/10/749 95/902/749
f 8/10/749 93/901/749 95/902/749
f 6/8/750 3/7/750 108/903/750
f 6/8/750 108/903/750 96/900/750
f 12/14/751 10/12/751 103/904/751
f 10/12/751 95/902/751 103/904/751
f 3/3/752 4/4/752 97/905/752
f 3/3/752 97/905/752 108/906/752
f 14/18/753 12/17/753 101/907/753
f 12/17/753 103/908/753 101/907/753
f 4/4/754 16/20/754 97/905/754
f 16/20/754 98/909/754 97/905/754
f 16/20/755 14/18/755 101/907/755
f 16/20/755 101/907/755 98/909/755
f 56/910/756 58/911/756 126/912/756
f 58/911/756 124/913/756 126/912/756
f 58/911/757 57/914/757 122/915/757
f 58/911/757 122/915/757 124/913/757
f 59/916/758 61/917/758 524/918/758
f 61/917/758 523/919/758 524/918/758
f 61/917/759 62/920/759 522/921/759
f 61/917/759 522/921/759 523/919/759
f 57/914/760 54/922/760 122/915/760
f 54/922/760 118/923/760 122/915/760
f 54/922/761 53/924/761 118/923/761
f 53/924/761 119/925/761 118/923/761
f 53/924/762 55/926/762 128/927/762
f 53/924/762 128/927/762 119/925/762
f 55/926/763 56/910/764 126/912/763
f 55/926/763 126/912/763 128/927/764
f 62/920/765 64/928/766 522/921/765
f 64/928/766 520/929/765 522/921/765
f 64/928/767 63/930/767 520/929/767
f 63/930/767 521/931/767 520/929/767
f 63/930/768 60/932/768 525/933/768
f 63/930/768 525/933/768 521/931/768
f 60/932/769 59/916/769 524/918/769
f 60/932/769 524/918/769 525/933/769
f 526/934/770 527/935/770 528/936/770
f 527/935/770 529/937/770 528/936/770
f 527/935/771 530/938/771 531/939/771
f 527/935/771 531/939/771 529/937/771
f 530/940/772 532/941/772 531/942/772
f 532/941/772 533/943/772 531/942/772
f 532/941/773 534/944/773 533/943/773
f 534/944/773 535/945/773 533/943/773
f 534/944/774 536/946/774 537/947/774
f 534/944/774 537/947/774 535/945/774
f 536/946/775 526/948/775 537/947/775
f 526/948/775 528/949/775 537/947/775
f 538/950/776 539/951/777 540/952/778
f 539/951/777 541/953/778 540/952/778
f 542/954/779 538/950/780 540/952/781
f 542/954/779 540/952/781 543/955/781
f 544/956/782 542/954/783 545/957/784
f 542/954/783 543/955/784 545/957/784
f 546/958/785 544/956/786 545/957/787
f 546/958/785 545/957/787 547/959/787
f 548/960/788 546/961/789 547/962/790
f 548/960/788 547/962/790 549/963/790
f 539/964/791 548/960/792 549/963/793
f 539/964/791 549/963/793 541/965/793
f 541/953/794 550/966/794 540/952/794
f 540/952/795 550/966/795 551/967/796
f 540/952/795 551/967/796 543/955/795
f 543/955/797 551/967/797 545/957/797
f 551/967/797 552/968/797 545/957/797
f 545/957/798 552/968/798 547/959/799
f 552/968/798 553/969/799 547/959/799
f 547/962/800 553/970/800 549/963/800
f 549/963/801 554/971/801 541/965/801
f 553/970/802 555/972/802 549/963/802
f 552/968/803 556/973/803 553/969/803
f 556/973/803 555/974/803 553/969/803
f 541/953/804 554/975/804 550/966/804
f 554/975/804 557/976/804 550/966/804
f 558/977/805 559/978/805 560/979/806
f 558/977/805 560/979/806 561/980/807
f 559/978/808 562/981/808 560/979/809
f 562/981/808 563/982/810 560/979/809
f 562/981/811 564/983/811 563/982/812
f 564/983/811 565/984/813 563/982/812
f 564/983/814 566/985/814 567/986/815
f 564/983/814 567/986/815 565/984/816
f 566/987/817 568/988/817 567/989/818
f 568/988/817 569/990/819 567/989/818
f 568/988/820 558/991/820 561/992/821
f 568/988/820 561/992/821 569/990/822
f 570/993/823 571/994/823 572/995/823
f 571/994/824 573/996/824 574/997/824
f 571/994/824 574/997/824 572/995/824
f 573/996/825 575/998/825 574/997/825
f 575/998/825 576/999/825 574/997/825
f 575/998/826 577/1000/827 576/999/827
f 577/1000/827 578/1001/826 576/999/827
f 577/1002/828 549/1003/828 578/1004/828
f 549/1003/829 570/1005/829 554/1006/829
f 578/1004/830 549/1003/830 555/1007/830
f 576/999/831 578/1001/831 556/1008/831
f 578/1001/831 555/1009/831 556/1008/831
f 570/993/832 572/995/832 554/975/832
f 572/995/832 557/976/832 554/975/832
f 551/967/833 550/966/833 579/1010/834
f 550/966/833 580/1011/833 579/1010/834
f 552/968/835 551/967/835 581/1012/836
f 551/967/835 579/1010/835 581/1012/836
f 582/1013/837 583/1014/838 552/968/839
f 583/1014/838 556/973/838 552/968/839
f 584/1015/840 557/976/841 585/1016/842
f 572/995/843 574/997/843 586/1017/843
f 572/995/843 586/1017/843 587/1018/843
f 574/997/844 576/999/844 588/1019/844
f 574/997/844 588/1019/844 586/1017/844
f 576/999/845 589/1020/846 590/1021/847
f 576/999/845 590/1021/847 588/1019/847
f 557/976/848 572/995/849 591/1022/850
f 572/995/849 587/1018/849 591/1022/850
f 592/1023/851 593/1024/851 558/991/851
f 592/1023/851 558/991/851 568/988/851
f 594/1025/852 592/1023/853 566/987/853
f 592/1023/853 568/988/852 566/987/853
f 595/1026/854 594/1027/854 566/985/854
f 595/1026/854 566/985/854 564/983/854
f 596/1028/855 595/1026/855 564/983/855
f 596/1028/855 564/983/855 562/981/855
f 597/1029/856 596/1028/856 559/978/856
f 596/1028/856 562/981/856 559/978/856
f 593/1030/857 597/1029/857 559/978/857
f 593/1030/857 559/978/857 558/977/857
f 569/990/822 561/992/821 549/1003/858
f 561/992/821 570/1005/858 549/1003/858
f 567/989/818 569/990/819 577/1002/859
f 569/990/819 549/1003/860 577/1002/859
f 565/984/816 567/986/815 575/998/861
f 567/986/815 577/1000/861 575/998/861
f 563/982/812 565/984/813 575/998/862
f 563/982/812 575/998/862 573/996/862
f 560/979/809 563/982/810 571/994/863
f 563/982/810 573/996/863 571/994/863
f 561/980/807 560/979/806 570/993/864
f 560/979/806 571/994/864 570/993/864
f 529/937/865 548/960/792 539/964/791
f 529/937/865 539/964/791 528/936/866
f 531/939/867 546/961/789 529/937/867
f 546/961/789 548/960/788 529/937/867
f 533/943/868 544/956/786 546/958/785
f 533/943/868 546/958/785 531/942/868
f 535/945/869 542/954/783 533/943/869
f 542/954/783 544/956/782 533/943/869
f 537/947/870 538/950/780 535/945/870
f 538/950/780 542/954/779 535/945/870
f 528/949/871 539/951/777 538/950/776
f 528/949/871 538/950/776 537/947/871
f 593/1031/872 592/1032/873 598/1033/874
f 593/1031/872 598/1033/874 599/1034/875
f 592/1032/873 594/1035/876 600/1036/877
f 592/1032/873 600/1036/877 598/1033/874
f 594/1035/876 595/1037/878 601/1038/879
f 594/1035/876 601/1038/879 600/1036/877
f 595/1037/878 596/1039/880 602/1040/881
f 595/1037/878 602/1040/881 601/1038/879
f 596/1039/880 597/1041/882 602/1040/881
f 597/1041/882 603/1042/883 602/1040/881
f 597/1041/882 593/1031/872 599/1034/875
f 597/1041/882 599/1034/875 603/1042/883
f 527/1043/884 526/1044/885 604/1045/886
f 526/1044/885 605/1046/887 604/1045/886
f 530/1047/888 527/1043/884 606/1048/889
f 527/1043/884 604/1045/886 606/1048/889
f 532/1049/890 530/1047/888 607/1050/891
f 530/1047/888 606/1048/889 607/1050/891
f 534/1051/892 532/1049/890 608/1052/893
f 532/1049/890 607/1050/891 608/1052/893
f 536/1053/894 534/1051/892 608/1052/893
f 536/1053/894 608/1052/893 609/1054/895
f 526/1044/885 536/1053/894 605/1046/887
f 536/1053/894 609/1054/895 605/1046/887
f 610/1055/896 611/1056/896 612/1057/896
f 610/1055/896 612/1057/896 613/1058/896
f 614/1059/897 610/1055/897 613/1058/897
f 614/1059/897 613/1058/897 615/1060/897
f 616/1061/898 617/1062/899 618/1063/898
f 617/1062/899 619/1064/898 618/1063/898
f 620/1065/900 621/1066/900 622/1067/900
f 620/1065/900 622/1067/900 623/1068/900
f 624/1069/901 625/1070/901 626/1071/901
f 624/1069/901 626/1071/901 627/1072/901
f 625/1070/902 628/1073/902 626/1071/902
f 628/1073/902 629/1074/902 626/1071/902
f 630/1075/903 631/1076/904 632/1077/905
f 631/1076/904 633/1078/905 632/1077/905
f 634/1079/906 635/1080/906 636/1081/906
f 634/1079/906 636/1081/906 637/1082/906
f 579/1083/907 580/1084/908 611/1056/908
f 579/1083/907 611/1056/908 610/1055/909
f 638/1085/910 639/1086/911 612/1057/910
f 639/1086/911 613/1058/912 612/1057/910
f 581/1087/913 579/1083/907 614/1059/913
f 579/1083/907 610/1055/909 614/1059/913
f 639/1086/911 640/1088/914 615/1060/914
f 639/1086/911 615/1060/914 613/1058/912
f 617/1062/915 641/1089/915 642/1090/915
f 617/1062/915 642/1090/915 619/1064/915
f 643/1091/916 644/1092/916 645/1093/917
f 644/1092/916 646/1094/917 645/1093/917
f 621/1066/918 584/1095/918 622/1067/919
f 584/1095/918 585/1096/920 622/1067/919
f 647/1097/921 648/1098/922 620/1065/922
f 647/1097/921 620/1065/922 623/1068/923
f 587/1099/924 586/1100/925 624/1069/924
f 586/1100/925 625/1070/926 624/1069/924
f 649/1101/927 650/1102/928 627/1072/928
f 649/1101/927 627/1072/928 626/1071/929
f 586/1100/925 588/1103/930 628/1073/930
f 586/1100/925 628/1073/930 625/1070/926
f 651/1104/931 649/1101/927 629/1074/931
f 649/1101/927 626/1071/929 629/1074/931
f 652/1105/932 653/1106/932 654/1107/933
f 653/1106/932 655/1108/933 654/1107/933
f 656/1109/934 657/1110/934 658/1111/934
f 656/1109/934 658/1111/934 659/1112/934
f 635/1080/935 660/1113/935 636/1081/935
f 660/1113/935 661/1114/935 636/1081/935
f 662/1115/936 663/1116/936 637/1082/936
f 663/1116/936 634/1079/936 637/1082/936
f 659/1112/937 664/1117/937 656/1109/937
f 664/1117/937 665/1118/937 656/1109/937
f 664/1117/938 590/1119/938 665/1118/938
f 590/1119/938 589/1120/938 665/1118/938
f 666/1121/939 667/1122/940 668/1123/941
f 666/1121/939 668/1123/941 669/1124/942
f 655/1108/933 670/1125/943 654/1107/933
f 670/1125/943 671/1126/943 654/1107/933
f 672/1127/944 669/1124/942 668/1123/941
f 672/1127/944 668/1123/941 673/1128/944
f 674/1129/945 675/1130/946 672/1127/947
f 674/1129/945 672/1127/947 673/1128/947
f 676/1131/948 677/1132/948 678/1133/948
f 677/1132/948 679/1134/948 678/1133/948
f 680/1135/949 681/1136/950 678/1133/949
f 681/1136/950 676/1131/950 678/1133/949
f 674/1129/945 631/1076/904 630/1075/903
f 674/1129/945 630/1075/903 675/1130/946
f 633/1078/951 667/1122/940 632/1077/951
f 667/1122/940 666/1121/939 632/1077/951
f 665/1137/952 589/1138/952 653/1106/952
f 665/1137/952 653/1106/952 652/1105/952
f 633/1078/953 631/1076/953 682/1139/953
f 633/1078/953 682/1139/953 683/1140/953
f 582/1141/954 684/1142/954 671/1126/954
f 582/1141/954 671/1126/954 670/1125/954
f 667/1122/955 633/1078/955 683/1140/955
f 667/1122/955 683/1140/955 685/1143/955
f 646/1094/917 686/1144/956 645/1093/917
f 686/1144/956 687/1145/956 645/1093/917
f 688/1146/957 689/1147/957 618/1063/957
f 689/1147/957 616/1061/957 618/1063/957
f 690/1148/958 691/1149/958 644/1092/958
f 690/1148/958 644/1092/958 643/1091/958
f 673/1128/959 668/1123/959 692/1150/959
f 673/1128/959 692/1150/959 693/1151/959
f 657/1152/960 656/1153/960 687/1145/960
f 657/1152/960 687/1145/960 686/1144/960
f 674/1129/961 673/1128/961 693/1151/961
f 674/1129/961 693/1151/961 694/1154/961
f 676/1155/962 681/1156/962 630/1075/962
f 676/1155/962 630/1075/962 632/1077/962
f 684/1142/963 690/1148/963 667/1122/963
f 690/1148/963 668/1123/963 667/1122/963
f 679/1157/964 677/1158/964 666/1121/964
f 679/1157/964 666/1121/964 669/1124/964
f 678/1159/965 679/1157/965 669/1124/965
f 678/1159/965 669/1124/965 672/1127/965
f 680/1160/966 678/1159/966 672/1127/966
f 680/1160/966 672/1127/966 675/1130/966
f 656/1153/967 665/1137/967 631/1076/967
f 656/1153/967 631/1076/967 674/1129/967
f 681/1156/968 680/1160/968 675/1130/968
f 681/1156/968 675/1130/968 630/1075/968
f 677/1158/969 676/1155/969 666/1121/969
f 676/1155/969 632/1077/969 666/1121/969
f 665/1137/970 652/1105/970 682/1139/970
f 665/1137/970 682/1139/970 631/1076/970
f 652/1105/971 654/1107/971 683/1140/971
f 652/1105/971 683/1140/971 682/1139/971
f 654/1107/972 671/1126/972 685/1143/972
f 654/1107/972 685/1143/972 683/1140/972
f 671/1126/973 684/1142/973 667/1122/973
f 671/1126/973 667/1122/973 685/1143/973
f 690/1148/973 643/1091/973 692/1150/973
f 690/1148/973 692/1150/973 668/1123/973
f 643/1091/974 645/1093/974 693/1151/974
f 643/1091/974 693/1151/974 692/1150/974
f 645/1093/975 687/1145/975 694/1154/975
f 645/1093/975 694/1154/975 693/1151/975
f 687/1145/970 656/1153/970 674/1129/970
f 687/1145/970 674/1129/970 694/1154/970
f 695/1161/976 696/1162/976 697/1163/976
f 695/1161/976 697/1163/976 698/1164/976
f 699/1165/977 700/1166/977 695/1161/977
f 699/1165/977 695/1161/977 698/1164/977
f 701/1167/978 702/1168/978 700/1166/978
f 701/1167/978 700/1166/978 699/1165/978
f 703/1169/979 704/1170/979 691/1171/980
f 703/1169/979 691/1171/980 690/1172/979
f 690/1172/981 684/1173/981 705/1174/981
f 690/1172/981 705/1174/981 703/1169/981
f 684/1173/982 582/1175/982 706/1176/982
f 684/1173/982 706/1176/982 705/1174/982
f 707/1177/983 708/1178/983 647/1097/921
f 707/1177/983 647/1097/921 623/1068/923
f 622/1067/984 709/1179/984 623/1068/984
f 709/1179/984 707/1177/984 623/1068/984
f 585/1096/920 591/1180/985 622/1067/919
f 591/1180/985 709/1179/985 622/1067/919
f 710/1181/986 711/1182/986 712/1183/986
f 711/1182/986 713/1184/986 712/1183/986
f 714/1185/987 715/1186/987 712/1183/987
f 715/1186/987 710/1181/987 712/1183/987
f 703/1187/988 705/1188/988 616/1061/988
f 705/1188/988 617/1062/988 616/1061/988
f 614/1189/989 615/1190/989 618/1063/989
f 614/1189/989 618/1063/989 619/1064/989
f 705/1188/990 706/1191/991 617/1062/990
f 706/1191/991 641/1089/991 617/1062/990
f 706/1192/992 581/1012/992 641/1193/992
f 581/1012/992 642/1194/992 641/1193/992
f 581/1195/993 614/1189/993 642/1090/993
f 614/1189/993 619/1064/993 642/1090/993
f 704/1196/994 703/1187/994 689/1147/994
f 703/1187/994 616/1061/994 689/1147/994
f 615/1190/995 640/1197/995 618/1063/995
f 640/1197/995 688/1146/995 618/1063/995
f 659/1198/996 658/1199/996 695/1161/996
f 658/1199/996 696/1162/996 695/1161/996
f 651/1200/997 629/1201/997 698/1164/997
f 651/1200/997 698/1164/997 697/1163/997
f 664/1202/998 659/1198/998 695/1161/998
f 664/1202/998 695/1161/998 700/1166/998
f 629/1201/999 628/1203/999 699/1165/999
f 629/1201/999 699/1165/999 698/1164/999
f 588/1204/1000 590/1205/1001 702/1168/1001
f 588/1204/1000 702/1168/1001 701/1167/1001
f 590/1206/1002 664/1202/1002 702/1168/1002
f 664/1202/1002 700/1166/1002 702/1168/1002
f 628/1203/1003 588/1207/1003 699/1165/1003
f 588/1207/1003 701/1167/1003 699/1165/1003
f 716/1208/1004 717/1209/1004 715/1186/1004
f 716/1208/1004 715/1186/1004 714/1185/1004
f 707/1210/1005 709/1211/1005 635/1080/1006
f 707/1210/1005 635/1080/1006 634/1079/1006
f 624/1212/1007 627/1213/1007 636/1081/1007
f 627/1213/1007 637/1082/1007 636/1081/1007
f 709/1211/1008 591/1214/1008 635/1080/1008
f 591/1214/1008 660/1113/1008 635/1080/1008
f 591/1022/1009 587/1018/1009 661/1215/1009
f 591/1022/1009 661/1215/1009 660/1216/1009
f 587/1217/1010 624/1212/1010 661/1114/1010
f 624/1212/1010 636/1081/1010 661/1114/1010
f 708/1218/1011 707/1210/1011 634/1079/1011
f 708/1218/1011 634/1079/1011 663/1116/1011
f 627/1213/1012 650/1219/1012 662/1115/1012
f 627/1213/1012 662/1115/1012 637/1082/1012
f 620/1220/1013 648/1221/1013 710/1181/1013
f 648/1221/1013 711/1182/1013 710/1181/1013
f 638/1222/1014 612/1223/1014 713/1184/1014
f 612/1223/1014 712/1183/1014 713/1184/1014
f 621/1224/1015 620/1220/1015 710/1181/1015
f 621/1224/1015 710/1181/1015 715/1186/1015
f 612/1223/1016 611/1225/1016 712/1183/1016
f 611/1225/1016 714/1185/1016 712/1183/1016
f 584/1226/1017 621/1224/1017 717/1209/1017
f 621/1224/1017 715/1186/1017 717/1209/1017
f 611/1225/1018 580/1227/1018 716/1208/1018
f 611/1225/1018 716/1208/1018 714/1185/1018
f 556/1008/1019 583/1014/1019 576/999/845
f 583/1014/1019 589/1020/846 576/999/845
f 582/1013/837 552/968/839 706/1192/1020
f 552/968/839 581/1012/1020 706/1192/1020
f 557/976/848 591/1022/850 585/1016/1021
f 550/966/1022 557/976/841 584/1015/840
f 550/966/1022 584/1015/840 580/1011/1022
f 689/1147/1023 688/1146/1023 640/1228/1023
f 689/1147/1023 640/1228/1023 704/1229/1023
f 646/1094/1024 644/1092/1024 691/1230/1024
f 646/1094/1024 691/1230/1024 718/1231/1024
f 686/1144/1025 646/1094/1025 718/1232/1025
f 686/1144/1025 718/1232/1025 657/1233/1025
f 697/1163/1026 696/1162/1026 651/1234/1026
f 696/1162/1026 658/1235/1026 651/1234/1026
f 663/1116/1027 662/1115/1027 650/1236/1027
f 663/1116/1027 650/1236/1027 708/1237/1027
f 713/1184/1028 711/1182/1029 638/1238/1028
f 711/1182/1029 648/1239/1028 638/1238/1028
f 639/1240/1030 638/1241/1030 34/1242/1030
f 639/1240/1030 34/1242/1030 33/1243/1030
f 640/1244/1031 639/1240/1031 35/1245/1031
f 639/1240/1031 33/1243/1031 35/1245/1031
f 650/1246/1032 649/1247/1032 39/1248/1032
f 649/1247/1032 38/1249/1032 39/1248/1032
f 649/1247/1033 651/1250/1033 38/1249/1033
f 651/1250/1033 37/1251/1033 38/1249/1033
f 658/1252/1034 657/1253/1034 36/1254/1034
f 658/1252/1034 36/1254/1034 37/1251/1034
f 691/1255/1035 704/1256/1035 36/1254/1035
f 704/1256/1035 35/1245/1035 36/1254/1035
f 647/1257/1036 708/1258/1036 39/1248/1036
f 647/1257/1036 39/1248/1036 40/1259/1036
f 648/1260/1037 647/1257/1037 34/1242/1037
f 647/1257/1037 40/1259/1037 34/1242/1037
f 704/1256/1038 640/1244/1038 35/1245/1038
f 718/1261/1039 691/1255/1039 36/1254/1039
f 657/1253/1040 718/1261/1040 36/1254/1040
f 651/1250/1041 658/1252/1041 37/1251/1041
f 708/1258/1042 650/1246/1042 39/1248/1042
f 638/1241/1043 648/1260/1043 34/1242/1043
f 719/1262/1044 720/1263/1045 721/1264/1046
f 720/1263/1045 722/1265/1047 721/1264/1046
f 723/1266/1048 719/1262/1049 724/1267/1050
f 719/1262/1049 721/1264/1051 724/1267/1050
f 725/1268/1052 723/1266/1053 726/1269/1054
f 723/1266/1053 724/1267/1055 726/1269/1054
f 727/1270/1056 725/1268/1057 726/1269/1058
f 727/1270/1056 726/1269/1058 728/1271/1059
f 729/1272/1060 727/1270/1061 728/1271/1062
f 729/1272/1060 728/1271/1062 730/1273/1063
f 720/1263/1064 729/1274/1065 730/1275/1066
f 720/1263/1064 730/1275/1066 722/1265/1067
f 731/1276/1068 732/1277/1069 733/1278/1070
f 731/1276/1068 733/1278/1070 734/1279/1068
f 734/1279/1071 733/1278/1072 735/1280/1073
f 734/1279/1071 735/1280/1073 736/1281/1071
f 736/1281/1074 735/1280/1075 737/1282/1076
f 736/1281/1074 737/1282/1076 738/1283/1074
f 738/1283/1077 737/1282/1078 739/1284/1077
f 737/1282/1078 740/1285/1079 739/1284/1077
f 739/1284/1080 740/1285/1081 741/1286/1082
f 739/1284/1080 741/1286/1082 742/1287/1080
f 742/1288/1083 741/1289/1084 731/1276/1083
f 741/1289/1084 732/1277/1085 731/1276/1083
f 730/1275/1066 742/1288/1086 722/1265/1067
f 742/1288/1086 731/1276/1086 722/1265/1067
f 728/1271/1062 739/1284/1087 730/1273/1063
f 739/1284/1087 742/1287/1087 730/1273/1063
f 726/1269/1058 738/1283/1088 739/1284/1088
f 726/1269/1058 739/1284/1088 728/1271/1059
f 724/1267/1055 736/1281/1089 726/1269/1054
f 736/1281/1089 738/1283/1089 726/1269/1054
f 721/1264/1051 734/1279/1090 736/1281/1090
f 721/1264/1051 736/1281/1090 724/1267/1050
f 722/1265/1047 731/1276/1091 721/1264/1046
f 731/1276/1091 734/1279/1091 721/1264/1046
f 743/1290/1092 507/1291/1092 502/1292/1092
f 743/1290/1092 502/1292/1092 744/1293/1092
f 502/1292/1093 503/1294/1093 744/1293/1093
f 503/1294/1093 745/1295/1093 744/1293/1093
f 503/1294/1094 504/1296/1094 746/1297/1094
f 503/1294/1094 746/1297/1094 745/1295/1094
f 504/1296/1095 505/1298/1095 746/1297/1095
f 505/1298/1095 747/1299/1095 746/1297/1095
f 505/1298/1096 506/1300/1096 747/1299/1096
f 506/1300/1096 748/1301/1096 747/1299/1096
f 506/1302/1097 507/1291/1097 743/1290/1097
f 506/1302/1097 743/1290/1097 748/1303/1097
f 743/1290/1098 744/1293/1098 749/1304/1099
f 743/1290/1098 749/1304/1099 750/1305/1100
f 744/1293/1101 745/1295/1101 751/1306/1102
f 744/1293/1101 751/1306/1102 749/1304/1103
f 745/1295/1104 746/1297/1104 752/1307/1105
f 745/1295/1104 752/1307/1105 751/1306/1106
f 746/1297/1107 747/1299/1107 752/1307/1108
f 747/1299/1107 753/1308/1109 752/1307/1108
f 747/1299/1110 748/1301/1110 753/1308/1111
f 748/1301/1110 754/1309/1112 753/1308/1111
f 748/1303/1113 743/1290/1113 754/1310/1114
f 743/1290/1113 750/1305/1115 754/1310/1114
f 755/1311/1116 756/1312/1116 757/1313/1117
f 755/1311/1116 757/1313/1117 758/1314/1118
f 756/1312/1119 759/1315/1120 760/1316/1121
f 756/1312/1119 760/1316/1121 757/1313/1122
f 759/1315/1123 761/1317/1124 762/1318/1125
f 759/1315/1123 762/1318/1125 760/1316/1126
f 761/1317/1127 763/1319/1127 762/1318/1128
f 763/1319/1127 764/1320/1129 762/1318/1128
f 763/1319/1130 765/1321/1130 766/1322/1131
f 763/1319/1130 766/1322/1131 764/1320/1132
f 765/1323/1133 755/1311/1133 766/1324/1134
f 755/1311/1133 758/1314/1135 766/1324/1134
f 767/1325/1136 768/1326/1137 765/1323/1138
f 768/1326/1137 755/1311/1138 765/1323/1138
f 769/1327/1139 767/1328/1140 763/1319/1141
f 767/1328/1140 765/1321/1141 763/1319/1141
f 770/1329/1142 769/1327/1143 763/1319/1144
f 770/1329/1142 763/1319/1144 761/1317/1144
f 771/1330/1145 770/1329/1146 759/1315/1147
f 770/1329/1146 761/1317/1147 759/1315/1147
f 772/1331/1148 771/1330/1149 759/1315/1150
f 772/1331/1148 759/1315/1150 756/1312/1150
f 768/1326/1151 772/1331/1152 755/1311/1153
f 772/1331/1152 756/1312/1153 755/1311/1153
f 766/1324/1134 758/1314/1135 773/1332/1154
f 766/1324/1134 773/1332/1154 774/1333/1155
f 764/1320/1132 766/1322/1131 775/1334/1156
f 766/1322/1131 774/1335/1157 775/1334/1156
f 762/1318/1128 764/1320/1129 776/1336/1158
f 764/1320/1129 775/1334/1159 776/1336/1158
f 760/1316/1126 762/1318/1125 777/1337/1160
f 762/1318/1125 776/1336/1161 777/1337/1160
f 757/1313/1122 760/1316/1121 777/1337/1162
f 757/1313/1122 777/1337/1162 778/1338/1163
f 758/1314/1118 757/1313/1117 778/1338/1164
f 758/1314/1118 778/1338/1164 773/1332/1165
f 779/1339/1166 780/1340/1166 479/1341/1166
f 779/1339/1166 479/1341/1166 478/1342/1166
f 780/1340/1167 781/1343/1167 479/1341/1167
f 781/1343/1167 482/1344/1167 479/1341/1167
f 781/1343/1168 782/1345/1168 484/1346/1168
f 781/1343/1168 484/1346/1168 482/1344/1168
f 782/1345/1169 783/1347/1169 486/1348/1169
f 782/1345/1169 486/1348/1169 484/1346/1169
f 783/1349/1170 784/1350/1170 486/1351/1170
f 784/1350/1170 488/1352/1170 486/1351/1170
f 478/1342/1171 488/1352/1171 784/1350/1171
f 478/1342/1171 784/1350/1171 779/1339/1171
f 774/1333/1155 773/1332/1154 599/1353/1172
f 774/1333/1155 599/1353/1172 598/1354/1172
f 775/1334/1156 774/1335/1157 600/1355/1173
f 774/1335/1157 598/1356/1173 600/1355/1173
f 776/1336/1158 775/1334/1159 601/1357/1174
f 775/1334/1159 600/1355/1174 601/1357/1174
f 777/1337/1160 776/1336/1161 602/1358/1175
f 776/1336/1161 601/1357/1175 602/1358/1175
f 778/1338/1163 777/1337/1162 602/1358/1176
f 778/1338/1163 602/1358/1176 603/1359/1176
f 773/1332/1165 778/1338/1164 603/1359/1177
f 773/1332/1165 603/1359/1177 599/1353/1177
f 741/1289/1084 785/1360/1178 786/1361/1179
f 741/1289/1084 786/1361/1179 732/1277/1085
f 740/1285/1081 787/1362/1180 741/1286/1082
f 787/1362/1180 785/1363/1181 741/1286/1082
f 737/1282/1078 788/1364/1182 740/1285/1079
f 788/1364/1182 787/1362/1183 740/1285/1079
f 735/1280/1075 789/1365/1184 737/1282/1076
f 789/1365/1184 788/1364/1185 737/1282/1076
f 733/1278/1072 790/1366/1186 789/1365/1187
f 733/1278/1072 789/1365/1187 735/1280/1073
f 732/1277/1069 786/1361/1188 790/1366/1189
f 732/1277/1069 790/1366/1189 733/1278/1070
f 754/1310/1114 750/1305/1115 767/1325/1136
f 750/1305/1115 768/1326/1137 767/1325/1136
f 753/1308/1111 754/1309/1112 769/1327/1139
f 754/1309/1112 767/1328/1140 769/1327/1139
f 752/1307/1108 753/1308/1109 770/1329/1142
f 753/1308/1109 769/1327/1143 770/1329/1142
f 751/1306/1106 752/1307/1105 770/1329/1146
f 751/1306/1106 770/1329/1146 771/1330/1145
f 749/1304/1103 751/1306/1102 771/1330/1149
f 749/1304/1103 771/1330/1149 772/1331/1148
f 750/1305/1100 749/1304/1099 772/1331/1152
f 750/1305/1100 772/1331/1152 768/1326/1151
f 783/1349/1190 729/1274/1065 784/1350/1190
f 729/1274/1065 720/1263/1064 784/1350/1190
f 782/1345/1191 727/1270/1061 783/1347/1192
f 727/1270/1061 729/1272/1060 783/1347/1192
f 781/1343/1193 725/1268/1057 782/1345/1193
f 725/1268/1057 727/1270/1056 782/1345/1193
f 780/1340/1194 723/1266/1053 725/1268/1052
f 780/1340/1194 725/1268/1052 781/1343/1194
f 779/1339/1195 719/1262/1049 723/1266/1048
f 779/1339/1195 723/1266/1048 780/1340/1195
f 784/1350/1196 720/1263/1045 719/1262/1044
f 784/1350/1196 719/1262/1044 779/1339/1196
f 786/1361/1179 785/1360/1178 605/1367/1197
f 785/1360/1178 604/1368/1197 605/1367/1197
f 785/1363/1181 787/1362/1180 606/1369/1198
f 785/1363/1181 606/1369/1198 604/1370/1199
f 787/1362/1183 788/1364/1182 607/1371/1200
f 787/1362/1183 607/1371/1200 606/1369/1200
f 788/1364/1185 789/1365/1184 608/1372/1201
f 788/1364/1185 608/1372/1201 607/1371/1201
f 789/1365/1187 790/1366/1186 608/1372/1202
f 790/1366/1186 609/1373/1202 608/1372/1202
f 790/1366/1189 786/1361/1188 609/1373/1203
f 786/1361/1188 605/1367/1203 609/1373/1203
s off
g ears_standardSurface10SG
v 2.2228 7.76482 -0.106388
v 2.0426 7.19324 0.067495
v 2.32041 7.81743 0.167737
v 2.14022 7.24586 0.34162
v 2.2574 6.70444 0.012771
v 2.35502 6.75705 0.286896
v 2.88659 6.69747 -0.167089
v 2.93479 6.75009 0.107036
v 3.10493 7.37729 -0.35413
v 3.19745 7.42991 -0.080005
v 2.82015 7.84759 -0.334993
v 2.91777 7.90021 -0.060869
v -2.2228 7.76482 -0.106388
v -2.32041 7.81743 0.167737
v -2.0426 7.19324 0.067495
v -2.14022 7.24586 0.34162
v -2.35502 6.75705 0.286896
v -2.2574 6.70444 0.012771
v -2.93479 6.75009 0.107035
v -2.88659 6.69747 -0.167089
v -3.19745 7.42991 -0.080005
v -3.10493 7.37729 -0.354131
v -2.82015 7.84759 -0.334994
v -2.91777 7.90021 -0.060869
vn -0.898688 0.359676 0.250983
vn -0.832595 -0.407837 0.374772
vn 0.041541 -0.983211 0.177679
vn 0.914917 -0.368809 -0.164035
vn 0.790555 0.489408 -0.368106
vn -0.182049 0.975636 -0.122446
vn -0.329256 -0.136774 -0.934282
vn 0.33582 0.129807 0.932939
vn 0.898688 0.359677 0.250982
vn 0.832596 -0.407836 0.374771
vn -0.041542 -0.983211 0.17768
vn -0.914917 -0.368809 -0.164035
vn -0.914916 -0.368809 -0.164035
vn -0.790554 0.489408 -0.368108
vn 0.18205 0.975636 -0.122444
vn 0.329257 -0.136774 -0.934282
vn -0.33582 0.129807 0.932939
vt 0.212098 0.140539
vt 0.212272 0.119471
vt 0.222948 0.140564
vt 0.222889 0.119154
vt 0.208255 0.099662
vt 0.219515 0.09933
vt 0.209476 0.074262
vt 0.22033 0.076304
vt 0.214866 0.045464
vt 0.226341 0.047346
vt 0.211232 0.189967
vt 0.211517 0.166359
vt 0.223606 0.189709
vt 0.223646 0.166308
vt 0.193383 0.150617
vt 0.199703 0.106925
vt 0.179373 0.114516
vt 0.179317 0.13906
vt 0.241787 0.151292
vt 0.256255 0.139842
vt 0.255513 0.114337
vt 0.236329 0.106568
vt 0.316479 0.143767
vt 0.305492 0.143751
vt 0.315853 0.122629
vt 0.306072 0.122637
vt 0.307549 0.104608
vt 0.318416 0.10442
vt 0.305629 0.080971
vt 0.317111 0.078722
vt 0.299249 0.049113
vt 0.311859 0.047166
vt 0.316071 0.191198
vt 0.304422 0.190532
vt 0.31682 0.169085
vt 0.305222 0.168818
vt 0.336119 0.153312
vt 0.350106 0.141024
vt 0.349021 0.116329
vt 0.328256 0.109561
vt 0.285722 0.153346
vt 0.293671 0.109547
vt 0.274382 0.115801
vt 0.271875 0.140959
usemtl standardSurface10SG
f 791/1374/1204 792/1375/1204 793/1376/1204
f 792/1375/1204 794/1377/1204 793/1376/1204
f 792/1375/1205 795/1378/1205 796/1379/1205
f 792/1375/1205 796/1379/1205 794/1377/1205
f 795/1378/1206 797/1380/1206 798/1381/1206
f 795/1378/1206 798/1381/1206 796/1379/1206
f 797/1380/1207 799/1382/1207 800/1383/1207
f 797/1380/1207 800/1383/1207 798/1381/1207
f 799/1384/1208 801/1385/1208 800/1386/1208
f 801/1385/1208 802/1387/1208 800/1386/1208
f 801/1385/1209 791/1374/1209 793/1376/1209
f 801/1385/1209 793/1376/1209 802/1387/1209
f 792/1375/1210 791/1374/1210 801/1388/1210
f 795/1389/1210 792/1375/1210 801/1388/1210
f 797/1390/1210 795/1389/1210 801/1388/1210
f 799/1391/1210 797/1390/1210 801/1388/1210
f 802/1392/1211 793/1376/1211 794/1377/1211
f 800/1393/1211 802/1392/1211 794/1377/1211
f 798/1394/1211 800/1393/1211 794/1377/1211
f 796/1395/1211 798/1394/1211 794/1377/1211
f 803/1396/1212 804/1397/1212 805/1398/1212
f 804/1397/1212 806/1399/1212 805/1398/1212
f 805/1398/1213 806/1399/1213 807/1400/1213
f 805/1398/1213 807/1400/1213 808/1401/1213
f 808/1401/1214 807/1400/1214 809/1402/1214
f 808/1401/1214 809/1402/1214 810/1403/1214
f 810/1403/1215 809/1402/1216 811/1404/1215
f 810/1403/1215 811/1404/1215 812/1405/1215
f 812/1406/1217 811/1407/1217 813/1408/1217
f 811/1407/1217 814/1409/1217 813/1408/1217
f 813/1408/1218 814/1409/1218 803/1396/1218
f 814/1409/1218 804/1397/1218 803/1396/1218
f 813/1410/1219 803/1396/1219 805/1398/1219
f 812/1411/1219 813/1410/1219 805/1398/1219
f 810/1412/1219 812/1411/1219 805/1398/1219
f 808/1413/1219 810/1412/1219 805/1398/1219
f 806/1399/1220 804/1397/1220 814/1414/1220
f 807/1415/1220 806/1399/1220 814/1414/1220
f 809/1416/1220 807/1415/1220 814/1414/1220
f 811/1417/1220 809/1416/1220 814/1414/1220
s off
g Head_uv_standardSurface10SG
v -1.49909 6.14595 1.70769
v -0.932178 5.86615 1.90204
v -0.94273 6.37069 2.26195
v -1.63769 6.42525 1.81887
v 0 6.87577 2.71365
v -0.167244 6.84384 2.59586
v -0.093999 6.80736 2.55722
v 0 6.77125 2.54543
v 0.093999 6.80736 2.55722
v 0.167244 6.84384 2.59586
v 0.932178 5.86615 1.90204
v 1.49909 6.14595 1.70769
v 0.94273 6.37069 2.26195
v 1.63769 6.42525 1.81887
v -1.74026 6.84419 1.90127
v -0.958559 6.84524 2.45609
v -1.7884 7.08856 1.85458
v -0.969355 7.08331 2.46079
v 0 6.99323 2.65202
v 0.958559 6.84524 2.45609
v 1.74026 6.84419 1.90127
v 1.7884 7.08856 1.85458
v 0.969355 7.08331 2.46079
v -1.90073 7.65874 1.74563
v -0.994544 7.63879 2.32788
v -1.81386 8.62189 1.88175
v -0.94317 8.64396 2.45735
v 0 7.65597 2.53691
v 0 8.7069 2.59694
v 0.994544 7.63879 2.32788
v 0.94317 8.64396 2.45735
v 1.90073 7.65874 1.74563
v 1.81386 8.62189 1.88175
v -1.61553 9.41742 1.72347
v -0.880555 9.66385 2.13084
v 0 9.81446 2.29417
v 0.880555 9.66385 2.13084
v 1.61553 9.41742 1.72347
v -0.966513 10.3587 1.12155
v -1.87108 9.83271 1.05489
v 0 10.5247 1.15543
v 0.966513 10.3587 1.12155
v 1.87108 9.83271 1.05489
v -1.11856 10.5949 0.045172
v -2.06698 10.0151 0.045447
v 0 10.8077 0.059209
v 1.11856 10.5949 0.045172
v 2.06698 10.0151 0.045447
v -1.86657 9.78756 -0.917276
v -1.08163 10.3616 -1.02421
v 0 10.5687 -1.07715
v 1.08163 10.3616 -1.02421
v 1.86657 9.78756 -0.917276
v -1.59048 9.55131 -1.51308
v -0.983943 9.8033 -1.77952
v 0 9.97381 -1.95894
v 0.983943 9.8033 -1.77952
v 1.59048 9.55131 -1.51308
v -1.02893 9.02777 -2.26963
v -1.82164 8.94416 -1.73093
v 0 9.05498 -2.41974
v 1.02893 9.02777 -2.26963
v 1.82164 8.94416 -1.73093
v -1.02561 7.98599 -2.39305
v -1.95511 7.97916 -1.87953
v 0 7.99497 -2.60195
v 1.02561 7.98599 -2.39305
v 1.95511 7.97916 -1.87953
v -1.84646 7.33981 -1.78044
v -1.00707 7.33928 -2.26937
v -1.79989 7.0658 -1.73797
v -0.999131 7.06212 -2.21637
v 0 7.28591 -2.44926
v 0 6.98202 -2.38382
v 1.00707 7.33928 -2.26937
v 0.999131 7.06212 -2.21637
v 1.84646 7.33981 -1.78044
v 1.79989 7.0658 -1.73797
v -1.65021 6.75644 -1.59703
v -0.95819 6.67503 -1.92021
v -1.55042 6.55021 -1.50307
v -0.930897 6.41697 -1.72277
v 0 6.49535 -2.07803
v 0 6.1709 -1.87417
v 0.95819 6.67503 -1.92021
v 0.930897 6.41697 -1.72277
v 1.65021 6.75644 -1.59703
v 1.55042 6.55021 -1.50307
v -0.961065 5.89462 -0.928243
v -1.81125 6.37114 -0.925469
v 0 5.65695 -0.949484
v 0.961065 5.89462 -0.928243
v 1.81125 6.37114 -0.925469
v -1.93438 6.08789 0.050215
v -0.985586 5.64362 0.046816
v 0 5.45837 0.051105
v 0.985586 5.64354 0.046816
v 1.93438 6.08782 0.050215
v -0.963641 5.63882 1.05823
v -1.79364 6.06025 1.07037
v 0 5.40351 1.0495
v 0.963641 5.63882 1.05823
v 1.79364 6.06025 1.07037
v 0 5.68083 1.93023
v 2.01522 6.6205 -0.96288
v 2.1785 6.42227 0.04711
v 2.09799 6.3853 0.983983
v 2.32117 6.99454 -1.019
v 2.37526 7.25664 -1.02059
v 2.54469 6.92396 0.042452
v 2.58675 7.18363 0.037388
v 2.37173 6.87289 0.976414
v 2.40915 7.1282 0.963871
v 2.50146 7.86822 -1.02432
v 2.34715 8.90366 -1.00312
v 2.68489 7.78954 0.025571
v 2.58533 8.76552 0.029167
v 2.49647 7.72392 0.934606
v 2.39778 8.66617 0.924507
v -2.01522 6.6205 -0.96288
v -2.1785 6.42232 0.04711
v -2.09799 6.3853 0.983983
v -2.32117 6.99454 -1.019
v -2.37526 7.25664 -1.02059
v -2.54469 6.92396 0.042452
v -2.58675 7.18363 0.037388
v -2.37173 6.87289 0.976414
v -2.40915 7.1282 0.963871
v -2.50146 7.86822 -1.02432
v -2.34715 8.90366 -1.00312
v -2.68489 7.78954 0.025571
v -2.58533 8.76552 0.029167
v -2.49647 7.72392 0.934606
v -2.39778 8.66617 0.924507
v -0.98015 7.32137 2.4171
v -0.111496 7.3282 2.47782
v 0 6.26308 2.31374
v 0.111496 7.3282 2.47782
v 0.98015 7.32137 2.4171
v 0 7.34908 2.55664
v 0 7.11892 2.60977
v 0.195118 7.08238 2.46953
v -0.195118 7.08238 2.46953
v 0 6.73291 2.43751
v -0.13937 6.77113 2.47339
v 0.13937 6.77113 2.47339
v 0.27874 6.85471 2.47296
v -0.27874 6.85471 2.47296
v -1.83654 7.33292 1.80789
v -2.44657 7.38351 0.951329
v -2.62881 7.44331 0.032324
v -2.42935 7.51875 -1.02219
v -1.89302 7.61382 -1.82291
v -1.01502 7.61644 -2.32237
v 0 7.58979 -2.5147
v 1.01502 7.61644 -2.32237
v 1.89302 7.61382 -1.82291
v 2.42935 7.51875 -1.02219
v 2.62881 7.44331 0.032324
v 2.44657 7.38351 0.951329
v 1.83654 7.33292 1.80789
vn -0.491255 -0.515458 0.70212
vn -0.23723 -0.556342 0.79637
vn -0.270217 -0.445939 0.8533
vn -0.524151 -0.392772 0.755642
vn 0 -0.312009 0.950079
vn -0.641716 -0.055203 0.764953
vn -0.259912 -0.853667 0.451329
vn 0 -0.889208 0.457503
vn 0.259912 -0.853667 0.451329
vn 0.641716 -0.055203 0.764953
vn 0.23723 -0.556342 0.79637
vn 0.491255 -0.515458 0.70212
vn 0.270217 -0.445939 0.8533
vn 0.524151 -0.392772 0.755642
vn -0.566013 -0.187266 0.802846
vn -0.311181 -0.231777 0.921654
vn -0.586205 0.047207 0.808787
vn -0.357395 0.042446 0.932988
vn 0 0.369124 0.92938
vn 0.311181 -0.231777 0.921654
vn 0.566013 -0.187266 0.802845
vn 0.586205 0.047208 0.808787
vn 0.357395 0.042446 0.932988
vn -0.548512 -0.028969 0.835641
vn -0.383507 -0.036054 0.922834
vn -0.549275 0.078306 0.831965
vn -0.360185 0.094746 0.928057
vn 0 -0.058354 0.998296
vn -0 0.109744 0.99396
vn 0.383507 -0.036054 0.922834
vn 0.360185 0.094746 0.928057
vn 0.548512 -0.028969 0.835641
vn 0.549275 0.078306 0.831965
vn -0.53453 0.288925 0.794229
vn -0.337496 0.290806 0.895281
vn -0 0.288859 0.957372
vn 0.337496 0.290806 0.895281
vn 0.53453 0.288925 0.794229
vn -0.480755 0.683087 0.549789
vn -0.306934 0.775776 0.551329
vn -0.331116 0.857209 0.394404
vn -0.500372 0.777659 0.380624
vn -0 0.83314 0.553061
vn -0 0.915486 0.40235
vn 0.306934 0.775776 0.551329
vn 0.331116 0.857209 0.394404
vn 0.480754 0.683087 0.549789
vn 0.500372 0.777659 0.380624
vn -0.363476 0.931567 0.008206
vn -0.541721 0.840514 0.008645
vn -0 0.999947 0.010329
vn 0.363476 0.931567 0.008206
vn 0.541721 0.840514 0.008645
vn -0.549176 0.761972 -0.343228
vn -0.353214 0.858014 -0.372897
vn 0 0.92245 -0.386117
vn 0.353214 0.858014 -0.372897
vn 0.549176 0.761972 -0.343228
vn -0.532989 0.656654 -0.533599
vn -0.322937 0.758037 -0.566649
vn 0 0.811477 -0.584385
vn 0.322937 0.758037 -0.566649
vn 0.532989 0.656654 -0.533599
vn -0.522301 0.468984 -0.712219
vn -0.312071 0.486427 -0.816089
vn -0.337126 0.296078 -0.893691
vn -0.528808 0.2615 -0.807453
vn 0 0.493265 -0.869879
vn 0 0.311973 -0.950091
vn 0.312071 0.486427 -0.816089
vn 0.337126 0.296078 -0.893691
vn 0.522301 0.468984 -0.712219
vn 0.528808 0.2615 -0.807453
vn -0.343102 0.053168 -0.937792
vn -0.515821 0.054669 -0.85495
vn -0 0.051947 -0.99865
vn 0.343102 0.053168 -0.937792
vn 0.515821 0.054669 -0.85495
vn -0.49349 -0.195602 -0.847471
vn -0.334457 -0.200033 -0.920937
vn -0.463434 -0.40015 -0.790638
vn -0.31254 -0.420421 -0.851801
vn -0 -0.202173 -0.97935
vn -0 -0.448345 -0.89386
vn 0.334457 -0.200033 -0.920937
vn 0.31254 -0.420421 -0.851801
vn 0.49349 -0.195602 -0.847471
vn 0.463434 -0.40015 -0.790638
vn -0.409555 -0.562745 -0.718041
vn -0.297496 -0.563755 -0.770504
vn -0.392994 -0.563579 -0.726591
vn -0.302167 -0.56044 -0.771105
vn -0 -0.574711 -0.818357
vn 0 -0.575664 -0.817686
vn 0.297496 -0.563755 -0.770504
vn 0.302167 -0.56044 -0.771105
vn 0.409554 -0.562745 -0.718041
vn 0.392994 -0.563579 -0.726591
vn -0.396913 -0.780423 -0.483115
vn -0.307354 -0.811684 -0.496691
vn -0.323251 -0.876154 -0.357579
vn -0.427382 -0.835556 -0.345241
vn -0 -0.854375 -0.519657
vn -1e-05 -0.929817 -0.368021
vn 0.307354 -0.811684 -0.496691
vn 0.323239 -0.876147 -0.357606
vn 0.396913 -0.780423 -0.483115
vn 0.427375 -0.835543 -0.345281
vn -0.443314 -0.886452 -0.132946
vn -0.328548 -0.936237 -0.124566
vn -1.9e-05 -0.992145 -0.125095
vn 0.328529 -0.936243 -0.124566
vn 0.443314 -0.886452 -0.132949
vn -0.322209 -0.939413 0.116976
vn -0.447556 -0.888571 0.100676
vn -1.1e-05 -0.993325 0.115346
vn 0.322199 -0.939413 0.117007
vn 0.447554 -0.888566 0.100725
vn -0.459633 -0.843034 0.27934
vn -0.305548 -0.909808 0.280873
vn 0 -0.958686 0.284468
vn 0.305548 -0.909808 0.280873
vn 0.459633 -0.843034 0.27934
vn 0.732289 -0.597161 -0.327339
vn 0.654627 -0.577211 -0.48815
vn 0.728955 -0.598637 -0.332052
vn 0.645382 -0.575215 -0.502603
vn 0.775922 -0.626591 -0.073002
vn 0.798014 -0.597691 -0.077065
vn 0.759257 -0.597837 0.257138
vn 0.811454 -0.52502 0.256702
vn 0.724376 -0.548085 0.418188
vn 0.770403 -0.432198 0.468705
vn 0.815968 -0.454412 -0.357359
vn 0.724941 -0.41 -0.553498
vn 0.794952 -0.196428 -0.573993
vn 0.902188 -0.191641 -0.386433
vn 0.889767 -0.452349 -0.060792
vn 0.985606 -0.16653 -0.02911
vn 0.878439 -0.360674 0.313463
vn 0.913654 -0.10933 0.391513
vn 0.80725 -0.280498 0.519296
vn 0.820231 -0.073201 0.56733
vn 0.931918 0.055123 -0.358456
vn 0.830519 0.07601 -0.551779
vn 0.795818 0.283157 -0.535253
vn 0.892362 0.290639 -0.345281
vn 0.999123 0.041605 -0.004718
vn 0.961202 0.275648 0.010437
vn 0.915959 0.024364 0.400532
vn 0.901643 0.22225 0.371006
vn 0.8257 0.012738 0.563966
vn 0.826361 0.176365 0.534811
vn 0.731333 0.452949 -0.509892
vn 0.84601 0.436926 -0.305552
vn 0.912975 0.407229 0.025318
vn 0.870911 0.350568 0.344407
vn 0.808009 0.305743 0.50363
vn -0.654627 -0.577211 -0.48815
vn -0.732284 -0.597179 -0.32732
vn -0.728947 -0.598651 -0.332043
vn -0.645382 -0.575215 -0.502603
vn -0.775905 -0.626611 -0.073012
vn -0.798 -0.59771 -0.077067
vn -0.759252 -0.597849 0.257126
vn -0.811449 -0.525033 0.256691
vn -0.724376 -0.548086 0.418188
vn -0.770403 -0.432198 0.468705
vn -0.724941 -0.41 -0.553498
vn -0.815965 -0.454419 -0.357356
vn -0.794952 -0.196427 -0.573993
vn -0.902188 -0.191641 -0.386433
vn -0.889762 -0.452359 -0.060792
vn -0.985607 -0.16653 -0.02911
vn -0.878437 -0.36068 0.313461
vn -0.913655 -0.10933 0.391513
vn -0.80725 -0.280498 0.519296
vn -0.820231 -0.073201 0.56733
vn -0.830519 0.07601 -0.551779
vn -0.931918 0.055123 -0.358456
vn -0.795818 0.283158 -0.535253
vn -0.892362 0.290639 -0.345281
vn -0.999123 0.041605 -0.004719
vn -0.961202 0.275648 0.010437
vn -0.915959 0.024364 0.400532
vn -0.901643 0.222251 0.371006
vn -0.8257 0.012738 0.563966
vn -0.826361 0.176365 0.534811
vn -0.731332 0.452949 -0.509892
vn -0.84601 0.436926 -0.305552
vn -0.912975 0.407229 0.025318
vn -0.870911 0.350568 0.344407
vn -0.808009 0.305743 0.50363
vn -0.362668 0.091946 0.927371
vn -0.173594 0.082293 0.981373
vn 0 -0.565403 0.824815
vn 0 -0.476216 0.879328
vn 0.173594 0.082293 0.981373
vn 0.362668 0.091946 0.927371
vn 0 0.168557 0.985692
vn 0 0.292914 0.956139
vn 0.163156 0.099145 0.981606
vn -0.163156 0.099145 0.981606
vn 0 -0.914357 0.404909
vn -0.317457 -0.859274 0.401085
vn 0.317457 -0.859274 0.401085
vn 0.128403 0.017408 0.991569
vn -0.128403 0.017408 0.991569
vn -0.564624 0.110495 0.817919
vn -0.910379 -0.108104 0.399403
vn -0.814179 -0.071109 0.576243
vn -0.985898 -0.166298 -0.018723
vn -0.905731 -0.192229 -0.377755
vn -0.805381 -0.197154 -0.55901
vn -0.482776 -0.195607 -0.853619
vn -0.334839 -0.199638 -0.920884
vn 0 -0.202252 -0.979333
vn 0.334839 -0.199638 -0.920884
vn 0.482776 -0.195607 -0.853619
vn 0.905731 -0.192229 -0.377756
vn 0.805381 -0.197154 -0.55901
vn 0.985898 -0.166298 -0.018723
vn 0.910379 -0.108104 0.399403
vn 0.814179 -0.071109 0.576243
vn 0.564624 0.110495 0.817919
vn 0.054935 -0.339249 0.939091
vn -0.054935 -0.339249 0.939091
vn 0 -0.342498 0.939519
vt 0.597364 0.109709
vt 0.615277 0.096462
vt 0.621552 0.110274
vt 0.59783 0.120269
vt 0.669573 0.131856
vt 0.661714 0.130508
vt 0.663631 0.128381
vt 0.665548 0.126253
vt 0.68971 0.125089
vt 0.69184 0.127003
vt 0.684197 0.129511
vt 0.687581 0.123175
vt 0.739722 0.093918
vt 0.756534 0.109052
vt 0.732695 0.106735
vt 0.755482 0.119413
vt 0.598529 0.13611
vt 0.630966 0.130992
vt 0.596861 0.144328
vt 0.631194 0.139721
vt 0.669287 0.135979
vt 0.684461 0.133779
vt 0.721271 0.127112
vt 0.753905 0.134956
vt 0.755249 0.14357
vt 0.721185 0.136504
vt 0.592971 0.163503
vt 0.631728 0.160089
vt 0.600481 0.195241
vt 0.636887 0.19544
vt 0.667664 0.159339
vt 0.670161 0.199447
vt 0.685954 0.157963
vt 0.720984 0.158418
vt 0.716485 0.196151
vt 0.68402 0.200467
vt 0.758385 0.163671
vt 0.750948 0.196695
vt 0.603486 0.22347
vt 0.632778 0.232436
vt 0.662611 0.243563
vt 0.720009 0.234516
vt 0.690212 0.24559
vt 0.74813 0.22545
vt 0.607804 0.267816
vt 0.581346 0.24167
vt 0.636439 0.28831
vt 0.715889 0.292606
vt 0.743448 0.270584
vt 0.768479 0.244047
vt 0.577255 0.293394
vt 0.54991 0.2601
vt 0.609627 0.3206
vt 0.745939 0.323252
vt 0.774273 0.294645
vt 0.798939 0.262201
vt 0.393606 0.097083
vt 0.420992 0.06402
vt 0.424575 0.115962
vt 0.448641 0.091619
vt 0.452562 0.035949
vt 0.480601 0.068615
vt 0.907637 0.039885
vt 0.937215 0.070063
vt 0.907735 0.095708
vt 0.877422 0.070562
vt 0.962271 0.104926
vt 0.930074 0.12164
vt 0.445856 0.127807
vt 0.468461 0.117925
vt 0.501921 0.103793
vt 0.886164 0.120594
vt 0.853741 0.104201
vt 0.908037 0.132002
vt 0.476811 0.148256
vt 0.444273 0.150597
vt 0.51334 0.142849
vt 0.839682 0.142389
vt 0.875759 0.150285
vt 0.908053 0.154844
vt 0.478555 0.183598
vt 0.442989 0.181739
vt 0.515911 0.185656
vt 0.834191 0.18492
vt 0.871602 0.185424
vt 0.907203 0.186005
vt 0.442292 0.202394
vt 0.47496 0.205642
vt 0.441993 0.211246
vt 0.473419 0.215089
vt 0.510306 0.214056
vt 0.507903 0.226227
vt 0.837837 0.213636
vt 0.873679 0.20766
vt 0.874569 0.21719
vt 0.8394 0.225943
vt 0.906485 0.206658
vt 0.906177 0.215509
vt 0.441785 0.22355
vt 0.467159 0.230989
vt 0.441647 0.231753
vt 0.462986 0.241589
vt 0.498582 0.246996
vt 0.492368 0.260842
vt 0.847276 0.247302
vt 0.879724 0.233479
vt 0.883161 0.244339
vt 0.852527 0.261541
vt 0.905541 0.227796
vt 0.905117 0.235988
vt 0.441089 0.267688
vt 0.420194 0.240152
vt 0.466799 0.292644
vt 0.875857 0.295016
vt 0.903214 0.271877
vt 0.925939 0.245835
vt 0.389235 0.259752
vt 0.413853 0.291943
vt 0.439534 0.318819
vt 0.901264 0.322997
vt 0.928723 0.297943
vt 0.955484 0.267518
vt 0.538324 0.095506
vt 0.55834 0.058526
vt 0.58982 0.07651
vt 0.572889 0.105102
vt 0.580435 0.027676
vt 0.610878 0.047861
vt 0.781598 0.029467
vt 0.800593 0.061064
vt 0.749366 0.04627
vt 0.767224 0.076755
vt 0.817836 0.098393
vt 0.781367 0.106215
vt 0.635541 0.07122
vt 0.722254 0.066751
vt 0.929938 0.235436
vt 0.962467 0.252614
vt 0.821319 0.11482
vt 0.78589 0.119239
vt 0.935936 0.219836
vt 0.937446 0.21104
vt 0.97294 0.23026
vt 0.97463 0.219865
vt 0.792674 0.138774
vt 0.826543 0.139461
vt 0.792942 0.14793
vt 0.826365 0.150184
vt 0.940969 0.190516
vt 0.938793 0.155558
vt 0.978572 0.19561
vt 0.977024 0.156244
vt 0.793568 0.169293
vt 0.82595 0.175206
vt 0.78796 0.202964
vt 0.817865 0.214
vt 0.416916 0.229501
vt 0.383288 0.244405
vt 0.533574 0.111765
vt 0.567545 0.118021
vt 0.411998 0.213526
vt 0.411094 0.204646
vt 0.374369 0.221385
vt 0.373395 0.210899
vt 0.526448 0.136154
vt 0.559529 0.1374
vt 0.558758 0.146496
vt 0.525854 0.14671
vt 0.408984 0.183928
vt 0.413551 0.149201
vt 0.371123 0.186432
vt 0.375368 0.147269
vt 0.524468 0.17134
vt 0.55696 0.16772
vt 0.561357 0.201013
vt 0.530151 0.210032
vt 0.631423 0.14845
vt 0.662141 0.147268
vt 0.709738 0.086786
vt 0.691366 0.144576
vt 0.721099 0.145896
vt 0.645934 0.090992
vt 0.685251 0.146582
vt 0.668428 0.148346
vt 0.684788 0.138167
vt 0.695424 0.134536
vt 0.668801 0.140253
vt 0.657998 0.138214
vt 0.661523 0.12065
vt 0.657689 0.124905
vt 0.690965 0.116839
vt 0.695224 0.120667
vt 0.699483 0.124495
vt 0.653855 0.12916
vt 0.595194 0.152545
vt 0.557988 0.155592
vt 0.52526 0.157265
vt 0.41019 0.195767
vt 0.372421 0.200413
vt 0.44259 0.193542
vt 0.476501 0.196194
vt 0.512708 0.201884
vt 0.872789 0.19813
vt 0.836275 0.201329
vt 0.906793 0.197807
vt 0.938956 0.202244
vt 0.976319 0.20947
vt 0.79321 0.157085
vt 0.826187 0.160908
vt 0.756593 0.152185
usemtl standardSurface10SG
f 815/1418/1221 816/1419/1222 817/1420/1223
f 815/1418/1221 817/1420/1223 818/1421/1224
f 819/1422/1225 820/1423/1226 821/1424/1227
f 819/1422/1225 821/1424/1227 822/1425/1228
f 823/1426/1229 824/1427/1230 819/1428/1225
f 823/1426/1229 819/1428/1225 822/1429/1228
f 825/1430/1231 826/1431/1232 827/1432/1233
f 826/1431/1232 828/1433/1234 827/1432/1233
f 829/1434/1235 830/1435/1236 831/1436/1237
f 830/1435/1236 832/1437/1238 831/1436/1237
f 833/1438/1239 820/1423/1226 819/1422/1225
f 819/1428/1225 824/1427/1230 833/1439/1239
f 834/1440/1240 835/1441/1241 836/1442/1242
f 834/1440/1240 836/1442/1242 837/1443/1243
f 838/1444/1244 839/1445/1245 840/1446/1246
f 839/1445/1245 841/1447/1247 840/1446/1246
f 839/1445/1245 842/1448/1248 841/1447/1247
f 842/1448/1248 843/1449/1249 841/1447/1247
f 842/1450/1248 844/1451/1250 845/1452/1251
f 842/1450/1248 845/1452/1251 843/1453/1249
f 844/1451/1250 846/1454/1252 847/1455/1253
f 844/1451/1250 847/1455/1253 845/1452/1251
f 840/1446/1246 841/1447/1247 848/1456/1254
f 841/1447/1247 849/1457/1255 848/1456/1254
f 841/1447/1247 843/1449/1249 849/1457/1255
f 843/1449/1249 850/1458/1256 849/1457/1255
f 843/1453/1249 845/1452/1251 851/1459/1257
f 843/1453/1249 851/1459/1257 850/1460/1256
f 845/1452/1251 847/1455/1253 852/1461/1258
f 845/1452/1251 852/1461/1258 851/1459/1257
f 848/1456/1259 849/1457/1260 853/1462/1261
f 848/1456/1259 853/1462/1261 854/1463/1262
f 849/1457/1260 850/1458/1263 855/1464/1264
f 849/1457/1260 855/1464/1264 853/1462/1261
f 850/1460/1263 851/1459/1265 855/1465/1264
f 851/1459/1265 856/1466/1266 855/1465/1264
f 851/1459/1265 852/1461/1267 856/1466/1266
f 852/1461/1267 857/1467/1268 856/1466/1266
f 854/1463/1262 853/1462/1261 858/1468/1269
f 854/1463/1262 858/1468/1269 859/1469/1270
f 853/1462/1261 855/1464/1264 860/1470/1271
f 853/1462/1261 860/1470/1271 858/1468/1269
f 855/1465/1264 856/1466/1266 860/1471/1271
f 856/1466/1266 861/1472/1272 860/1471/1271
f 856/1466/1266 857/1467/1268 861/1472/1272
f 857/1467/1268 862/1473/1273 861/1472/1272
f 859/1474/1270 858/1475/1269 863/1476/1274
f 858/1475/1269 864/1477/1275 863/1476/1274
f 858/1475/1269 860/1478/1271 864/1477/1275
f 860/1478/1271 865/1479/1276 864/1477/1275
f 860/1480/1271 861/1481/1272 866/1482/1277
f 860/1480/1271 866/1482/1277 865/1483/1276
f 861/1481/1272 862/1484/1273 867/1485/1278
f 861/1481/1272 867/1485/1278 866/1482/1277
f 863/1476/1274 864/1477/1275 868/1486/1279
f 864/1477/1275 869/1487/1280 868/1486/1279
f 864/1477/1275 865/1479/1276 869/1487/1280
f 865/1479/1276 870/1488/1281 869/1487/1280
f 865/1483/1276 866/1482/1277 871/1489/1282
f 865/1483/1276 871/1489/1282 870/1490/1281
f 866/1482/1277 867/1485/1278 872/1491/1283
f 866/1482/1277 872/1491/1283 871/1489/1282
f 868/1486/1284 869/1487/1285 873/1492/1286
f 868/1486/1284 873/1492/1286 874/1493/1287
f 869/1487/1285 870/1488/1288 875/1494/1289
f 869/1487/1285 875/1494/1289 873/1492/1286
f 870/1490/1288 871/1489/1290 875/1495/1289
f 871/1489/1290 876/1496/1291 875/1495/1289
f 871/1489/1290 872/1491/1292 876/1496/1291
f 872/1491/1292 877/1497/1293 876/1496/1291
f 874/1493/1287 873/1492/1286 878/1498/1294
f 874/1493/1287 878/1498/1294 879/1499/1295
f 873/1492/1286 875/1494/1289 880/1500/1296
f 873/1492/1286 880/1500/1296 878/1498/1294
f 875/1495/1289 876/1496/1291 880/1501/1296
f 876/1496/1291 881/1502/1297 880/1501/1296
f 876/1496/1291 877/1497/1293 881/1502/1297
f 877/1497/1293 882/1503/1298 881/1502/1297
f 883/1504/1299 884/1505/1300 885/1506/1301
f 884/1505/1300 886/1507/1302 885/1506/1301
f 884/1505/1300 887/1508/1303 886/1507/1302
f 887/1508/1303 888/1509/1304 886/1507/1302
f 887/1510/1303 889/1511/1305 890/1512/1306
f 887/1510/1303 890/1512/1306 888/1513/1304
f 889/1511/1305 891/1514/1307 892/1515/1308
f 889/1511/1305 892/1515/1308 890/1512/1306
f 893/1516/1309 894/1517/1310 895/1518/1311
f 894/1517/1310 896/1519/1312 895/1518/1311
f 894/1517/1310 897/1520/1313 896/1519/1312
f 897/1520/1313 898/1521/1314 896/1519/1312
f 897/1522/1313 899/1523/1315 900/1524/1316
f 897/1522/1313 900/1524/1316 898/1525/1314
f 899/1523/1315 901/1526/1317 902/1527/1318
f 899/1523/1315 902/1527/1318 900/1524/1316
f 895/1518/1319 896/1519/1320 903/1528/1321
f 895/1518/1319 903/1528/1321 904/1529/1322
f 896/1519/1320 898/1521/1323 905/1530/1324
f 896/1519/1320 905/1530/1324 903/1528/1321
f 898/1525/1323 900/1524/1325 905/1531/1324
f 900/1524/1325 906/1532/1326 905/1531/1324
f 900/1524/1325 902/1527/1327 906/1532/1326
f 902/1527/1327 907/1533/1328 906/1532/1326
f 904/1529/1322 903/1528/1321 908/1534/1329
f 903/1528/1321 909/1535/1330 908/1534/1329
f 903/1528/1321 905/1530/1324 910/1536/1331
f 903/1528/1321 910/1536/1331 909/1535/1330
f 905/1531/1324 906/1532/1326 910/1537/1331
f 906/1532/1326 911/1538/1332 910/1537/1331
f 906/1532/1326 907/1533/1328 912/1539/1333
f 906/1532/1326 912/1539/1333 911/1538/1332
f 908/1540/1329 909/1541/1330 913/1542/1334
f 908/1540/1329 913/1542/1334 914/1543/1335
f 909/1541/1330 910/1544/1331 915/1545/1336
f 909/1541/1330 915/1545/1336 913/1542/1334
f 910/1546/1331 911/1547/1332 915/1548/1336
f 911/1547/1332 916/1549/1337 915/1548/1336
f 911/1547/1332 912/1550/1333 916/1549/1337
f 912/1550/1333 917/1551/1338 916/1549/1337
f 914/1543/1335 913/1542/1334 815/1418/1339
f 913/1542/1334 816/1419/1340 815/1418/1339
f 913/1542/1334 915/1545/1336 816/1419/1340
f 915/1545/1336 918/1552/1341 816/1419/1340
f 915/1548/1336 916/1549/1337 825/1430/1342
f 915/1548/1336 825/1430/1342 918/1553/1341
f 916/1549/1337 917/1551/1338 826/1431/1343
f 916/1549/1337 826/1431/1343 825/1430/1342
f 907/1533/1344 902/1527/1345 919/1554/1346
f 902/1527/1345 901/1526/1347 919/1554/1346
f 912/1539/1348 907/1533/1344 920/1555/1349
f 907/1533/1344 919/1554/1346 920/1555/1349
f 917/1551/1350 912/1550/1348 920/1556/1349
f 917/1551/1350 920/1556/1349 921/1557/1351
f 826/1431/1352 917/1551/1350 921/1557/1351
f 826/1431/1352 921/1557/1351 828/1433/1353
f 922/1558/1354 892/1515/1355 891/1514/1356
f 922/1558/1354 891/1514/1356 923/1559/1357
f 924/1560/1358 922/1558/1354 925/1561/1359
f 922/1558/1354 923/1559/1357 925/1561/1359
f 926/1562/1360 924/1563/1358 927/1564/1361
f 924/1563/1358 925/1565/1359 927/1564/1361
f 835/1441/1362 926/1562/1360 836/1442/1363
f 926/1562/1360 927/1564/1361 836/1442/1363
f 928/1566/1364 882/1503/1365 877/1497/1366
f 928/1566/1364 877/1497/1366 929/1567/1367
f 930/1568/1368 928/1566/1364 931/1569/1369
f 928/1566/1364 929/1567/1367 931/1569/1369
f 932/1570/1370 930/1571/1368 933/1572/1371
f 930/1571/1368 931/1573/1369 933/1572/1371
f 846/1454/1372 932/1570/1370 847/1455/1373
f 932/1570/1370 933/1572/1371 847/1455/1373
f 929/1567/1367 877/1497/1366 872/1491/1374
f 929/1567/1367 872/1491/1374 867/1485/1375
f 931/1569/1369 929/1567/1367 867/1485/1375
f 931/1569/1369 867/1485/1375 862/1484/1376
f 933/1572/1371 931/1573/1369 862/1473/1376
f 933/1572/1371 862/1473/1376 857/1467/1377
f 847/1455/1373 933/1572/1371 852/1461/1378
f 933/1572/1371 857/1467/1377 852/1461/1378
f 895/1518/1379 904/1529/1380 934/1574/1381
f 895/1518/1379 934/1574/1381 893/1516/1382
f 904/1529/1380 908/1534/1383 935/1575/1384
f 904/1529/1380 935/1575/1384 934/1574/1381
f 908/1540/1383 914/1543/1385 935/1576/1384
f 914/1543/1385 936/1577/1386 935/1576/1384
f 914/1543/1385 815/1418/1387 936/1577/1386
f 815/1418/1387 818/1421/1388 936/1577/1386
f 885/1506/1389 937/1578/1390 883/1504/1391
f 937/1578/1390 938/1579/1392 883/1504/1391
f 937/1578/1390 939/1580/1393 940/1581/1394
f 937/1578/1390 940/1581/1394 938/1579/1392
f 939/1582/1393 941/1583/1395 942/1584/1396
f 939/1582/1393 942/1584/1396 940/1585/1394
f 941/1583/1395 829/1434/1397 831/1436/1398
f 941/1583/1395 831/1436/1398 942/1584/1396
f 879/1499/1399 943/1586/1400 874/1493/1401
f 943/1586/1400 944/1587/1402 874/1493/1401
f 943/1586/1400 945/1588/1403 946/1589/1404
f 943/1586/1400 946/1589/1404 944/1587/1402
f 945/1590/1403 947/1591/1405 948/1592/1406
f 945/1590/1403 948/1592/1406 946/1593/1404
f 947/1591/1405 838/1444/1407 840/1446/1408
f 947/1591/1405 840/1446/1408 948/1592/1406
f 874/1493/1401 944/1587/1402 868/1486/1409
f 944/1587/1402 863/1476/1410 868/1486/1409
f 944/1587/1402 946/1589/1404 863/1476/1410
f 946/1589/1404 859/1474/1411 863/1476/1410
f 946/1593/1404 948/1592/1406 859/1469/1411
f 948/1592/1406 854/1463/1412 859/1469/1411
f 948/1592/1406 840/1446/1408 848/1456/1413
f 948/1592/1406 848/1456/1413 854/1463/1412
f 949/1594/1414 950/1595/1415 839/1445/1245
f 950/1595/1415 842/1448/1248 839/1445/1245
f 918/1553/1416 825/1430/1231 951/1596/1417
f 825/1430/1231 827/1432/1233 951/1596/1417
f 952/1597/1418 953/1598/1419 844/1451/1250
f 952/1597/1418 844/1451/1250 842/1450/1248
f 816/1419/1222 918/1552/1416 951/1599/1417
f 816/1419/1222 951/1599/1417 817/1420/1223
f 954/1600/1420 952/1597/1418 842/1450/1248
f 842/1448/1248 950/1595/1415 954/1601/1420
f 955/1602/1421 956/1603/1422 952/1597/1418
f 955/1602/1421 952/1597/1418 954/1600/1420
f 954/1601/1420 950/1595/1415 955/1604/1421
f 950/1595/1415 957/1605/1423 955/1604/1421
f 822/1425/1228 821/1424/1227 958/1606/1424
f 821/1424/1227 959/1607/1425 958/1606/1424
f 958/1608/1424 960/1609/1426 823/1426/1229
f 958/1608/1424 823/1426/1229 822/1429/1228
f 824/1427/1230 823/1426/1229 961/1610/1427
f 823/1426/1229 960/1609/1426 961/1610/1427
f 833/1439/1239 824/1427/1230 955/1602/1421
f 955/1604/1421 820/1423/1226 833/1438/1239
f 962/1611/1428 959/1607/1425 821/1424/1227
f 962/1611/1428 821/1424/1227 820/1423/1226
f 956/1603/1422 955/1602/1421 961/1610/1427
f 955/1602/1421 824/1427/1230 961/1610/1427
f 820/1423/1226 955/1604/1421 962/1611/1428
f 955/1604/1421 957/1605/1423 962/1611/1428
f 963/1612/1429 949/1594/1414 838/1444/1244
f 949/1594/1414 839/1445/1245 838/1444/1244
f 964/1613/1430 963/1612/1431 838/1444/1407
f 964/1613/1430 838/1444/1407 947/1591/1405
f 965/1614/1432 964/1613/1430 947/1591/1405
f 965/1614/1432 947/1591/1405 945/1590/1403
f 966/1615/1433 965/1616/1432 945/1588/1403
f 966/1615/1433 945/1588/1403 943/1586/1400
f 967/1617/1434 966/1615/1433 879/1499/1399
f 966/1615/1433 943/1586/1400 879/1499/1399
f 879/1499/1295 878/1498/1294 967/1617/1435
f 878/1498/1294 968/1618/1436 967/1617/1435
f 878/1498/1294 880/1500/1296 968/1618/1436
f 880/1500/1296 969/1619/1437 968/1618/1436
f 880/1501/1296 881/1502/1297 970/1620/1438
f 880/1501/1296 970/1620/1438 969/1621/1437
f 881/1502/1297 882/1503/1298 971/1622/1439
f 881/1502/1297 971/1622/1439 970/1620/1438
f 972/1623/1440 971/1622/1441 882/1503/1365
f 972/1623/1440 882/1503/1365 928/1566/1364
f 973/1624/1442 972/1623/1440 930/1568/1368
f 972/1623/1440 928/1566/1364 930/1568/1368
f 974/1625/1443 973/1626/1442 932/1570/1370
f 973/1626/1442 930/1571/1368 932/1570/1370
f 975/1627/1444 974/1625/1443 846/1454/1372
f 974/1625/1443 932/1570/1370 846/1454/1372
f 953/1598/1419 975/1627/1445 846/1454/1252
f 953/1598/1419 846/1454/1252 844/1451/1250
f 831/1436/1237 832/1437/1238 963/1612/1429
f 832/1437/1238 949/1594/1414 963/1612/1429
f 942/1584/1396 831/1436/1398 963/1612/1431
f 942/1584/1396 963/1612/1431 964/1613/1430
f 940/1585/1394 942/1584/1396 964/1613/1430
f 940/1585/1394 964/1613/1430 965/1614/1432
f 938/1579/1392 940/1581/1394 965/1616/1432
f 938/1579/1392 965/1616/1432 966/1615/1433
f 883/1504/1391 938/1579/1392 967/1617/1434
f 938/1579/1392 966/1615/1433 967/1617/1434
f 967/1617/1435 968/1618/1436 883/1504/1299
f 968/1618/1436 884/1505/1300 883/1504/1299
f 968/1618/1436 969/1619/1437 884/1505/1300
f 969/1619/1437 887/1508/1303 884/1505/1300
f 969/1621/1437 970/1620/1438 889/1511/1305
f 969/1621/1437 889/1511/1305 887/1510/1303
f 970/1620/1438 971/1622/1439 891/1514/1307
f 970/1620/1438 891/1514/1307 889/1511/1305
f 923/1559/1357 891/1514/1356 971/1622/1441
f 923/1559/1357 971/1622/1441 972/1623/1440
f 925/1561/1359 923/1559/1357 973/1624/1442
f 923/1559/1357 972/1623/1440 973/1624/1442
f 927/1564/1361 925/1565/1359 974/1625/1443
f 925/1565/1359 973/1626/1442 974/1625/1443
f 836/1442/1363 927/1564/1361 975/1627/1444
f 927/1564/1361 974/1625/1443 975/1627/1444
f 837/1443/1243 836/1442/1242 975/1627/1445
f 837/1443/1243 975/1627/1445 953/1598/1419
f 962/1611/1428 957/1605/1423 832/1437/1238
f 962/1611/1428 832/1437/1238 830/1435/1236
f 832/1437/1238 957/1605/1423 950/1595/1415
f 832/1437/1238 950/1595/1415 949/1594/1414
f 956/1603/1422 837/1443/1243 952/1597/1418
f 837/1443/1243 953/1598/1419 952/1597/1418
f 961/1610/1427 834/1440/1240 837/1443/1243
f 961/1610/1427 837/1443/1243 956/1603/1422
f 818/1421/1224 817/1420/1223 830/1435/1236
f 818/1421/1224 830/1435/1236 829/1434/1235
f 936/1577/1386 818/1421/1388 941/1583/1395
f 818/1421/1388 829/1434/1397 941/1583/1395
f 935/1576/1384 936/1577/1386 939/1582/1393
f 936/1577/1386 941/1583/1395 939/1582/1393
f 934/1574/1381 935/1575/1384 939/1580/1393
f 934/1574/1381 939/1580/1393 937/1578/1390
f 893/1516/1382 934/1574/1381 937/1578/1390
f 893/1516/1382 937/1578/1390 885/1506/1389
f 885/1506/1301 886/1507/1302 893/1516/1309
f 886/1507/1302 894/1517/1310 893/1516/1309
f 886/1507/1302 888/1509/1304 894/1517/1310
f 888/1509/1304 897/1520/1313 894/1517/1310
f 888/1513/1304 890/1512/1306 899/1523/1315
f 888/1513/1304 899/1523/1315 897/1522/1313
f 890/1512/1306 892/1515/1308 901/1526/1317
f 890/1512/1306 901/1526/1317 899/1523/1315
f 919/1554/1346 901/1526/1347 922/1558/1354
f 901/1526/1347 892/1515/1355 922/1558/1354
f 920/1555/1349 919/1554/1346 924/1560/1358
f 919/1554/1346 922/1558/1354 924/1560/1358
f 921/1557/1351 920/1556/1349 924/1563/1358
f 921/1557/1351 924/1563/1358 926/1562/1360
f 828/1433/1353 921/1557/1351 926/1562/1360
f 828/1433/1353 926/1562/1360 835/1441/1362
f 827/1432/1233 828/1433/1234 834/1440/1240
f 828/1433/1234 835/1441/1241 834/1440/1240
f 960/1609/1446 834/1440/1240 961/1610/1427
f 830/1435/1236 817/1420/1223 951/1599/1417
f 959/1607/1447 830/1435/1236 951/1599/1417
f 958/1606/1448 959/1607/1447 951/1599/1417
f 830/1435/1236 959/1607/1447 962/1611/1428
f 958/1608/1448 951/1596/1417 827/1432/1233
f 960/1609/1446 958/1608/1448 827/1432/1233
f 834/1440/1240 960/1609/1446 827/1432/1233
s off
g Head_uv_standardSurface10SG_1
v -2.08027 7.66709 1.96407
v -1.09689 7.98846 2.6021
v -2.02938 8.69712 2.08663
v -1.06181 9.08459 2.73544
v 0 8.76642 2.82621
v 0 9.46862 2.89687
v 1.09689 7.98846 2.6021
v 1.06181 9.08459 2.73544
v 2.08027 7.66709 1.96407
v 2.02938 8.69712 2.08663
v -1.72988 9.56268 1.90435
v -0.997925 9.87807 2.34742
v 0 10.0294 2.53496
v 0.997925 9.87807 2.34742
v 1.72988 9.56268 1.90435
v -1.07691 10.6132 1.24515
v -2.10054 9.90167 1.17617
v 0 10.8021 1.27855
v 1.07691 10.6132 1.24515
v 2.10054 9.90167 1.17617
v -1.23828 10.8803 0.050812
v -2.31007 10.2196 0.050374
v 0 11.1149 0.064124
v 1.23828 10.8803 0.050812
v 2.31007 10.2196 0.050374
v -2.08446 9.96914 -1.0275
v -1.19914 10.6163 -1.14379
v 0 10.8479 -1.20193
v 1.19914 10.6163 -1.14379
v 2.08446 9.96914 -1.0275
v -1.77668 9.7105 -1.68396
v -1.09592 9.99419 -1.98436
v 0 10.1838 -2.18197
v 1.09592 9.99419 -1.98436
v 1.77668 9.7105 -1.68396
v -1.14343 9.12784 -2.53096
v -2.03729 9.03385 -1.92324
v 0 9.16 -2.70001
v 1.14343 9.12784 -2.53096
v 2.03729 9.03385 -1.92324
v -1.14116 7.98083 -2.66756
v -2.14694 7.97045 -1.978
v 0 7.99193 -2.89951
v 1.14116 7.98083 -2.66756
v 2.14694 7.97045 -1.978
v -2.03665 7.16097 -1.84069
v -1.11337 7.10302 -2.48503
v -1.98426 6.86307 -1.80676
v -1.10152 6.7546 -2.38353
v 0 7.08273 -2.6889
v 0 6.69523 -2.5543
v 1.11337 7.10302 -2.48503
v 1.10152 6.7546 -2.38353
v 2.03665 7.16097 -1.84069
v 1.98426 6.86307 -1.80676
v 2.47109 7.17445 -1.20044
v 2.77781 7.95086 -0.68131
v 2.59468 8.91705 -0.859176
v 2.91626 7.99265 0.093818
v 2.77512 8.84574 0.024908
v 2.60583 7.79099 1.13733
v 2.57532 8.741 1.06849
v -2.47109 7.17445 -1.20044
v -2.77781 7.95086 -0.68131
v -2.59468 8.91705 -0.859176
v -2.91626 7.99265 0.093818
v -2.77512 8.84574 0.024908
v -2.60583 7.79099 1.13733
v -2.57532 8.741 1.06849
v -2.12195 7.51239 -1.91588
v -2.63934 7.46398 -1.05709
v -1.12849 7.50567 -2.58741
v 0 7.47202 -2.81903
v 1.12849 7.50567 -2.58741
v 2.12195 7.51239 -1.91588
v 2.63934 7.46398 -1.05709
v -1.60053 6.64385 -1.79364
v -1.06207 6.48913 -2.12379
v 0 6.31533 -2.31157
v 1.06207 6.48913 -2.12379
v 1.60053 6.64385 -1.79364
v 2.72446 7.00982 0.414472
v 2.43176 6.75887 1.23068
v 2.55254 6.41197 0.579903
v 2.14403 6.09015 1.29555
v -2.80955 7.3968 0.307407
v -2.5118 7.20367 1.18725
v -2.72446 7.00982 0.414472
v -2.43176 6.75887 1.23068
v 2.80955 7.3968 0.307407
v 2.5118 7.20367 1.18725
v -2.55254 6.41197 0.579903
v -2.14403 6.09015 1.29555
v -1.93785 7.67316 1.82521
v -1.8828 8.66362 1.95328
v -1.03235 8.00812 2.41637
v -0.979021 9.04871 2.55076
v 0 9.41755 2.69566
v 0 8.78844 2.63334
v 1.03235 8.00812 2.41637
v 0.979021 9.04871 2.55076
v 1.8828 8.66362 1.95328
v 1.93785 7.67316 1.82521
v -1.89607 7.28949 -1.71897
v -1.84946 6.95966 -1.6933
v -1.59842 7.03573 -2.0089
v -1.02648 6.85489 -2.22455
v 1.59842 7.03573 -2.0089
v 1.02648 6.85489 -2.22455
v 1.84946 6.95966 -1.6933
v 1.89607 7.28949 -1.71897
v 2.30903 7.22729 -1.1097
v 2.59655 7.93695 -0.610158
v 2.4159 8.86803 -0.795218
v 2.23775 8.71323 -1.25197
v 1.99617 7.96996 -1.84623
v 2.71605 7.99865 0.089546
v 2.582 8.79747 0.020543
v 2.42315 7.78872 1.06902
v 2.39766 8.70164 0.994024
v -2.30903 7.22729 -1.1097
v -1.99617 7.96996 -1.84623
v -2.23775 8.71323 -1.25197
v -2.59655 7.93695 -0.610158
v -2.4159 8.86803 -0.795218
v -2.71605 7.99865 0.089546
v -2.582 8.79747 0.020543
v -2.42315 7.78872 1.06902
v -2.39766 8.70164 0.994024
v -1.9764 7.55211 -1.78546
v -2.4721 7.49936 -0.967953
v 2.4721 7.49936 -0.967953
v 1.9764 7.55211 -1.78546
v -1.50924 6.78446 -1.69827
v -0.994613 6.62356 -1.99813
v 0 6.70682 -2.37982
v 0 6.43706 -2.15702
v 0.994613 6.62356 -1.99813
v 1.50924 6.78446 -1.69827
v 2.54458 7.04932 0.355494
v 2.37716 6.4646 0.5193
v 2.25188 6.79837 1.1717
v 1.96865 6.14278 1.23495
v -2.32844 7.22618 1.13168
v -2.62619 7.41931 0.251844
v -2.25188 6.79837 1.1717
v -2.54458 7.04932 0.355494
v 2.62619 7.41931 0.251844
v 2.32844 7.22618 1.13168
v -1.96865 6.14278 1.23495
v -2.37716 6.4646 0.5193
vn -0.528314 -0.080367 0.845237
vn -0.423079 -0.090175 0.901594
vn -0.565159 0.05557 0.823108
vn -0.393311 0.135224 0.909407
vn -0 -0.11044 0.993883
vn -0 0.230792 0.973003
vn 0.423079 -0.090175 0.901594
vn 0.393311 0.135224 0.909407
vn 0.528314 -0.080367 0.845237
vn 0.565159 0.055571 0.823108
vn -0.605819 0.374068 0.702179
vn -0.437476 0.435147 0.786931
vn 0 0.494359 0.869258
vn 0.437476 0.435147 0.786932
vn 0.605819 0.374068 0.70218
vn -0.539086 0.661908 0.520831
vn -0.325835 0.777505 0.537883
vn -0.350676 0.85012 0.392839
vn -0.539257 0.750853 0.381342
vn -0 0.839579 0.543238
vn -0 0.917933 0.396736
vn 0.325835 0.777505 0.537883
vn 0.350676 0.85012 0.392839
vn 0.539086 0.661908 0.520831
vn 0.539257 0.750853 0.381342
vn -0.376606 0.926148 0.020458
vn -0.559631 0.827869 0.038022
vn -0 0.999955 0.009493
vn 0.376606 0.926148 0.020458
vn 0.559631 0.827869 0.038022
vn -0.54973 0.76223 -0.341763
vn -0.355126 0.857241 -0.372858
vn 0 0.922044 -0.387084
vn 0.355126 0.857241 -0.372858
vn 0.54973 0.76223 -0.341764
vn -0.532589 0.657451 -0.533017
vn -0.3239 0.757527 -0.566782
vn 0 0.810976 -0.585079
vn 0.3239 0.757527 -0.566782
vn 0.532589 0.65745 -0.533018
vn -0.523114 0.467424 -0.712648
vn -0.313637 0.486544 -0.815418
vn -0.352924 0.284237 -0.891434
vn -0.560167 0.227554 -0.796513
vn 0 0.494409 -0.869229
vn 0 0.313838 -0.949477
vn 0.313637 0.486544 -0.815418
vn 0.352924 0.284238 -0.891433
vn 0.523114 0.467425 -0.712647
vn 0.560167 0.227555 -0.796513
vn -0.37317 0.039054 -0.92694
vn -0.565917 0.019198 -0.824239
vn -0 0.053121 -0.998588
vn 0.37317 0.039054 -0.92694
vn 0.565917 0.019198 -0.824238
vn -0.555618 -0.245044 -0.794507
vn -0.365203 -0.274815 -0.88944
vn -0.554564 -0.346042 -0.756779
vn -0.334534 -0.457476 -0.823895
vn 0 -0.295824 -0.955242
vn -0 -0.473206 -0.880952
vn 0.365203 -0.274815 -0.88944
vn 0.334534 -0.457476 -0.823895
vn 0.555619 -0.245044 -0.794507
vn 0.554564 -0.346041 -0.756779
vn 0.811258 -0.261688 -0.522858
vn 0.811905 -0.205048 -0.546595
vn 0.811687 -0.248395 -0.528644
vn 0.928979 0.105703 -0.354719
vn 0.889517 0.073602 -0.450934
vn 0.911424 0.240736 -0.333696
vn 0.867522 0.219813 -0.446192
vn 0.988692 0.128936 0.076569
vn 0.963502 0.265298 0.035799
vn 0.912851 0.058914 0.40402
vn 0.909128 0.213691 0.357522
vn 0.863663 0.021841 0.503596
vn 0.844172 0.179915 0.50498
vn 0.813172 0.380654 -0.440289
vn 0.875964 0.366783 -0.313302
vn 0.937162 0.348106 0.023439
vn 0.881379 0.329658 0.338373
vn 0.805743 0.326101 0.494406
vn -0.811905 -0.205049 -0.546594
vn -0.811258 -0.261688 -0.522858
vn -0.811687 -0.248396 -0.528644
vn -0.889517 0.073602 -0.450934
vn -0.928979 0.105703 -0.354719
vn -0.911424 0.240736 -0.333696
vn -0.867522 0.219813 -0.446192
vn -0.988692 0.128936 0.076569
vn -0.963502 0.265298 0.0358
vn -0.912851 0.058914 0.40402
vn -0.909128 0.213691 0.357522
vn -0.863663 0.02184 0.503595
vn -0.844172 0.179915 0.50498
vn -0.813172 0.380654 -0.440289
vn -0.875964 0.366783 -0.313302
vn -0.937162 0.348106 0.023439
vn -0.881379 0.329658 0.338373
vn -0.805743 0.326101 0.494405
vn -0.868201 -0.079278 -0.489838
vn -0.874485 -0.047704 -0.482702
vn -0.555634 -0.196453 -0.807885
vn -0.379346 -0.2077 -0.901641
vn -0 -0.216678 -0.976243
vn 0.379346 -0.2077 -0.901641
vn 0.555634 -0.196453 -0.807884
vn 0.874485 -0.047704 -0.482702
vn 0.868201 -0.079278 -0.489838
vn -0.468726 -0.707214 -0.529287
vn -0.302039 -0.657788 -0.689991
vn 0 -0.621791 -0.783183
vn 0.302039 -0.657788 -0.689991
vn 0.468726 -0.707214 -0.529287
vn 0.934451 -0.187784 0.302553
vn 0.921761 -0.23404 0.309163
vn 0.909296 -0.272866 0.314205
vn -0.954435 -0.099255 0.281427
vn -0.952648 -0.107512 0.284435
vn -0.950571 -0.11668 0.287751
vn -0.934451 -0.187783 0.302553
vn -0.921761 -0.23404 0.309164
vn 0.954435 -0.099256 0.281427
vn 0.952648 -0.107513 0.284435
vn 0.950571 -0.116681 0.287751
vn -0.909296 -0.272866 0.314206
vn 0.524372 0.081548 -0.847575
vn 0.427224 0.091149 -0.89954
vn 0.290995 0.102111 -0.95126
vn -0 0.11341 -0.993548
vn -0.427224 0.091149 -0.89954
vn -0.290995 0.102111 -0.95126
vn -0.524372 0.081548 -0.847575
vn 0.608418 0.511082 0.607143
vn 0.562975 0.586531 0.582271
vn 0.327674 0.679602 0.656331
vn -0.608418 0.511081 0.607144
vn -0.327674 0.679603 0.656331
vn -0.562975 0.586531 0.582271
vn -0.798838 0.2761 0.534441
vn -0.802555 0.248103 0.54254
vn -0.809737 0.15839 0.565013
vn -0.940089 -0.096912 0.326866
vn -0.940579 -0.104555 0.323077
vn -0.90438 -0.069964 0.420954
vn -0.893687 -0.041403 0.446776
vn -0.988389 -0.129576 -0.079355
vn -0.990317 -0.133398 -0.03842
vn -0.911275 -0.058462 -0.407627
vn -0.92308 -0.068756 -0.378413
vn -0.862802 -0.022423 -0.505045
vn 0.809737 0.15839 0.565013
vn 0.802555 0.248103 0.54254
vn 0.798837 0.2761 0.534441
vn 0.893687 -0.041404 0.446776
vn 0.90438 -0.069964 0.420954
vn 0.940089 -0.096912 0.326866
vn 0.940579 -0.104555 0.323077
vn 0.988389 -0.129576 -0.079355
vn 0.990317 -0.133398 -0.03842
vn 0.911275 -0.058462 -0.407627
vn 0.92308 -0.068756 -0.378413
vn 0.862802 -0.022424 -0.505045
vn 0.86685 0.073828 0.493073
vn 0.873821 0.039235 0.484662
vn -0.873821 0.039236 0.484662
vn -0.86685 0.073828 0.493073
vn 0.466894 0.712598 0.523654
vn 0.316246 0.687029 0.654202
vn -0 0.675457 0.7374
vn -0.316247 0.687029 0.654201
vn -0.466894 0.712598 0.523654
vn -0.934322 0.188301 -0.30263
vn -0.909296 0.272866 -0.314205
vn -0.921624 0.234496 -0.309225
vn 0.954386 0.098751 -0.281773
vn 0.950458 0.116825 -0.288066
vn 0.952533 0.107491 -0.284828
vn 0.954386 0.098751 -0.281772
vn 0.921624 0.234496 -0.309226
vn 0.934322 0.188301 -0.30263
vn -0.954386 0.098751 -0.281772
vn -0.952533 0.107491 -0.284828
vn -0.950458 0.116825 -0.288066
vn 0.909296 0.272866 -0.314206
vn 0.126016 -0.992021 0.003877
vn 0.445597 -0.893696 0.052454
vn 0.124498 -0.992216 0.002916
vn 0.449649 -0.891727 0.051366
vn 0.588995 -0.808055 0.011461
vn -0.588996 -0.808055 0.011461
vn -0.445597 -0.893696 0.052454
vn -0.449649 -0.891727 0.051366
vn -0.126016 -0.992021 0.003876
vn -0.124499 -0.992215 0.002916
vn -0.094163 -0.863686 0.495156
vn 0.031979 -0.997412 0.064399
vn 0.059716 -0.991922 -0.111912
vn 0.094163 -0.863686 0.495156
vn 0.094163 -0.863686 0.495155
vn -0.031979 -0.997412 0.064399
vn -0.059718 -0.991922 -0.111911
vn -0.283469 -0.615504 0.735391
vn -0.286495 -0.644209 0.709165
vn -0.283019 -0.611481 0.738913
vn 0.286496 -0.644209 0.709165
vn 0.283469 -0.615504 0.735391
vn 0.283019 -0.61148 0.738912
vn -0.276711 -0.559761 0.781088
vn 0.276712 -0.559762 0.781087
vn 0.073639 -0.720606 0.689424
vn 0.2127 -0.683714 0.698064
vn 0.067283 -0.721927 0.688691
vn -0.270005 -0.478312 0.835652
vn 0 -0.736276 0.676681
vn 0 -0.736277 0.676681
vn -0.073639 -0.720606 0.689424
vn -0.067283 -0.721927 0.688691
vn 0.270004 -0.478312 0.835653
vn -0.2127 -0.683714 0.698064
vn -0.268563 0.181233 0.946059
vn -0.26406 0.205026 0.942463
vn -0.268882 0.17951 0.946297
vn -0.106671 -0.882629 -0.457808
vn 0.22631 -0.32098 -0.91965
vn 0.230899 -0.316059 -0.920213
vn 0.230554 -0.31643 -0.920172
vn -0.122649 -0.3209 -0.939138
vn -0.167096 -0.316735 -0.933679
vn -0.168326 -0.316611 -0.933501
vn 0.295208 0.141868 0.944842
vn 0.310179 0.142934 0.939872
vn 0.295601 0.141896 0.944714
vn -0.2309 -0.316059 -0.920213
vn -0.230554 -0.31643 -0.920172
vn 0.268563 0.181233 0.946059
vn 0.268882 0.17951 0.946297
vn -0.310179 0.142934 0.939872
vn -0.295208 0.141868 0.944842
vn -0.295602 0.141896 0.944714
vn 0.167098 -0.316735 -0.933679
vn 0.12265 -0.3209 -0.939138
vn 0.168327 -0.316611 -0.933501
vn -0.226311 -0.32098 -0.91965
vn 0.106668 -0.88263 -0.457806
vn 0.26406 0.205027 0.942463
vt 0.159786 0.508271
vt 0.200719 0.508271
vt 0.170799 0.542177
vt 0.212949 0.543278
vt 0.249151 0.522706
vt 0.249219 0.54919
vt 0.297456 0.50811
vt 0.285459 0.543135
vt 0.338302 0.50779
vt 0.32764 0.541779
vt 0.183151 0.572752
vt 0.215073 0.573624
vt 0.249276 0.572928
vt 0.283493 0.573473
vt 0.315435 0.572434
vt 0.206347 0.619161
vt 0.162237 0.595156
vt 0.249376 0.626044
vt 0.292381 0.618978
vt 0.336408 0.594756
vt 0.237951 0.874975
vt 0.238732 0.924648
vt 0.19586 0.923411
vt 0.196796 0.879956
vt 0.237803 0.964722
vt 0.191618 0.966981
vt 0.254842 0.962965
vt 0.253904 0.922892
vt 0.301028 0.965213
vt 0.296776 0.921644
vt 0.254674 0.873219
vt 0.295829 0.878189
vt 0.159734 0.880393
vt 0.153727 0.917352
vt 0.141395 0.959082
vt 0.338907 0.915576
vt 0.35125 0.957303
vt 0.332892 0.878618
vt 0.134147 0.881898
vt 0.11942 0.905486
vt 0.098689 0.938256
vt 0.373212 0.903702
vt 0.39395 0.936466
vt 0.358479 0.880117
vt 0.093814 0.881122
vt 0.123123 0.858679
vt 0.063308 0.90879
vt 0.429325 0.906992
vt 0.398812 0.879331
vt 0.369497 0.856895
vt 0.070951 0.848401
vt 0.108192 0.825727
vt 0.036923 0.87042
vt 0.4557 0.868616
vt 0.421667 0.846605
vt 0.384421 0.82394
vt 0.094641 0.800662
vt 0.058 0.82014
vt 0.088506 0.791601
vt 0.053043 0.808542
vt 0.021691 0.838101
vt 0.016158 0.823937
vt 0.470925 0.836294
vt 0.434612 0.818341
vt 0.439566 0.806742
vt 0.476454 0.822129
vt 0.397966 0.798871
vt 0.404099 0.789808
vt 0.371589 0.785916
vt 0.336012 0.801828
vt 0.332407 0.837186
vt 0.304659 0.798178
vt 0.301704 0.828514
vt 0.265082 0.789809
vt 0.264267 0.824518
vt 0.37233 0.517196
vt 0.366018 0.554231
vt 0.121015 0.787701
vt 0.156596 0.803605
vt 0.160209 0.838962
vt 0.187948 0.799947
vt 0.190909 0.830282
vt 0.227523 0.791569
vt 0.228346 0.826277
vt 0.125925 0.518022
vt 0.13246 0.554874
vt 0.101377 0.811638
vt 0.133876 0.793653
vt 0.06379 0.833295
vt 0.027692 0.852374
vt 0.428825 0.831497
vt 0.464927 0.850568
vt 0.391233 0.809849
vt 0.358729 0.791872
vt 0.072445 0.787708
vt 0.048952 0.796101
vt 0.011001 0.808557
vt 0.443655 0.7943
vt 0.481608 0.806748
vt 0.42016 0.785912
vt 0.405157 0.63553
vt 0.379444 0.616613
vt 0.40571 0.612916
vt 0.383194 0.590987
vt 0.12912 0.654766
vt 0.094989 0.673845
vt 0.095867 0.651119
vt 0.124941 0.634112
vt 0.095865 0.63664
vt 0.122 0.61831
vt 0.405192 0.672744
vt 0.371501 0.652899
vt 0.404828 0.650005
vt 0.376146 0.632345
vt 0.095824 0.61402
vt 0.11883 0.592605
vt 0.17605 0.474238
vt 0.178094 0.438796
vt 0.213682 0.460153
vt 0.21569 0.422918
vt 0.250649 0.409386
vt 0.250648 0.431824
vt 0.28761 0.460158
vt 0.285607 0.422923
vt 0.3232 0.438806
vt 0.325239 0.474248
vt 0.175912 0.686321
vt 0.176196 0.674052
vt 0.190151 0.680357
vt 0.211399 0.675054
vt 0.303862 0.680635
vt 0.282641 0.675229
vt 0.317848 0.674399
vt 0.31807 0.686672
vt 0.343132 0.688048
vt 0.364175 0.71611
vt 0.344831 0.746932
vt 0.330868 0.738181
vt 0.313955 0.710558
vt 0.385986 0.732048
vt 0.370324 0.755474
vt 0.421046 0.745191
vt 0.401753 0.77142
vt 0.357357 0.472724
vt 0.361828 0.440509
vt 0.150855 0.687598
vt 0.179895 0.710183
vt 0.162986 0.737643
vt 0.129576 0.715585
vt 0.149122 0.746361
vt 0.10791 0.731833
vt 0.123858 0.755027
vt 0.073033 0.745499
vt 0.092704 0.771438
vt 0.143933 0.47271
vt 0.139467 0.440494
vt 0.177292 0.696232
vt 0.142901 0.697802
vt 0.351032 0.69828
vt 0.316635 0.696589
vt 0.1886 0.667013
vt 0.210006 0.663308
vt 0.24703 0.670744
vt 0.247061 0.658465
vt 0.284091 0.66349
vt 0.305479 0.667299
vt 0.411993 0.635999
vt 0.412512 0.613843
vt 0.438871 0.617599
vt 0.434326 0.592354
vt 0.056605 0.653671
vt 0.060019 0.63355
vt 0.088984 0.650999
vt 0.088039 0.672618
vt 0.062565 0.617952
vt 0.08902 0.636955
vt 0.412168 0.671675
vt 0.411712 0.65004
vt 0.444023 0.653443
vt 0.441064 0.63325
vt 0.067679 0.592816
vt 0.089002 0.614793
vt 0.159466 0.501511
vt 0.201373 0.50171
vt 0.249134 0.515506
vt 0.296758 0.501553
vt 0.338526 0.501115
vt 0.321444 0.668144
vt 0.347242 0.682915
vt 0.391348 0.727708
vt 0.368758 0.710877
vt 0.371818 0.509679
vt 0.172631 0.66778
vt 0.146774 0.682443
vt 0.102284 0.727467
vt 0.125142 0.710341
vt 0.126362 0.510708
vt 0.138169 0.692588
vt 0.355804 0.693103
vt 0.186491 0.660938
vt 0.209038 0.656438
vt 0.247078 0.65147
vt 0.285092 0.656624
vt 0.307617 0.661234
vt 0.441029 0.591603
vt 0.445762 0.616858
vt 0.387629 0.585775
vt 0.410144 0.6077
vt 0.0497 0.653469
vt 0.053284 0.632658
vt 0.055692 0.617056
vt 0.45093 0.653397
vt 0.447817 0.63251
vt 0.091508 0.608705
vt 0.114513 0.587295
vt 0.060995 0.591914
usemtl standardSurface10SG
f 976/1628/1449 977/1629/1450 978/1630/1451
f 977/1629/1450 979/1631/1452 978/1630/1451
f 977/1629/1450 980/1632/1453 981/1633/1454
f 977/1629/1450 981/1633/1454 979/1631/1452
f 980/1632/1453 982/1634/1455 981/1633/1454
f 982/1634/1455 983/1635/1456 981/1633/1454
f 982/1634/1455 984/1636/1457 985/1637/1458
f 982/1634/1455 985/1637/1458 983/1635/1456
f 978/1630/1451 979/1631/1452 986/1638/1459
f 979/1631/1452 987/1639/1460 986/1638/1459
f 979/1631/1452 981/1633/1454 988/1640/1461
f 979/1631/1452 988/1640/1461 987/1639/1460
f 981/1633/1454 983/1635/1456 988/1640/1461
f 983/1635/1456 989/1641/1462 988/1640/1461
f 983/1635/1456 985/1637/1458 990/1642/1463
f 983/1635/1456 990/1642/1463 989/1641/1462
f 986/1638/1464 987/1639/1465 991/1643/1466
f 986/1638/1464 991/1643/1466 992/1644/1467
f 987/1639/1465 988/1640/1468 993/1645/1469
f 987/1639/1465 993/1645/1469 991/1643/1466
f 988/1640/1468 989/1641/1470 993/1645/1469
f 989/1641/1470 994/1646/1471 993/1645/1469
f 989/1641/1470 990/1642/1472 994/1646/1471
f 990/1642/1472 995/1647/1473 994/1646/1471
f 992/1648/1467 991/1649/1466 996/1650/1474
f 992/1648/1467 996/1650/1474 997/1651/1475
f 991/1649/1466 993/1652/1469 998/1653/1476
f 991/1649/1466 998/1653/1476 996/1650/1474
f 993/1654/1469 994/1655/1471 998/1656/1476
f 994/1655/1471 999/1657/1477 998/1656/1476
f 994/1655/1471 995/1658/1473 999/1657/1477
f 995/1658/1473 1000/1659/1478 999/1657/1477
f 997/1651/1475 996/1650/1474 1001/1660/1479
f 996/1650/1474 1002/1661/1480 1001/1660/1479
f 996/1650/1474 998/1653/1476 1002/1661/1480
f 998/1653/1476 1003/1662/1481 1002/1661/1480
f 998/1656/1476 999/1657/1477 1004/1663/1482
f 998/1656/1476 1004/1663/1482 1003/1664/1481
f 999/1657/1477 1000/1659/1478 1005/1665/1483
f 999/1657/1477 1005/1665/1483 1004/1663/1482
f 1001/1660/1479 1002/1661/1480 1006/1666/1484
f 1002/1661/1480 1007/1667/1485 1006/1666/1484
f 1002/1661/1480 1003/1662/1481 1007/1667/1485
f 1003/1662/1481 1008/1668/1486 1007/1667/1485
f 1003/1664/1481 1004/1663/1482 1009/1669/1487
f 1003/1664/1481 1009/1669/1487 1008/1670/1486
f 1004/1663/1482 1005/1665/1483 1010/1671/1488
f 1004/1663/1482 1010/1671/1488 1009/1669/1487
f 1006/1666/1489 1007/1667/1490 1011/1672/1491
f 1006/1666/1489 1011/1672/1491 1012/1673/1492
f 1007/1667/1490 1008/1668/1493 1013/1674/1494
f 1007/1667/1490 1013/1674/1494 1011/1672/1491
f 1008/1670/1493 1009/1669/1495 1013/1675/1494
f 1009/1669/1495 1014/1676/1496 1013/1675/1494
f 1009/1669/1495 1010/1671/1497 1014/1676/1496
f 1010/1671/1497 1015/1677/1498 1014/1676/1496
f 1012/1673/1492 1011/1672/1491 1016/1678/1499
f 1012/1673/1492 1016/1678/1499 1017/1679/1500
f 1011/1672/1491 1013/1674/1494 1018/1680/1501
f 1011/1672/1491 1018/1680/1501 1016/1678/1499
f 1013/1675/1494 1014/1676/1496 1018/1681/1501
f 1014/1676/1496 1019/1682/1502 1018/1681/1501
f 1014/1676/1496 1015/1677/1498 1019/1682/1502
f 1015/1677/1498 1020/1683/1503 1019/1682/1502
f 1021/1684/1504 1022/1685/1505 1023/1686/1506
f 1022/1685/1505 1024/1687/1507 1023/1686/1506
f 1022/1685/1505 1025/1688/1508 1024/1687/1507
f 1025/1688/1508 1026/1689/1509 1024/1687/1507
f 1025/1690/1508 1027/1691/1510 1028/1692/1511
f 1025/1690/1508 1028/1692/1511 1026/1693/1509
f 1027/1691/1510 1029/1694/1512 1030/1695/1513
f 1027/1691/1510 1030/1695/1513 1028/1692/1511
f 1031/1696/1514 1030/1695/1515 1029/1694/1516
f 1032/1697/1517 1020/1683/1518 1033/1698/1519
f 1020/1683/1518 1015/1677/1520 1033/1698/1519
f 1034/1699/1521 1032/1697/1517 1033/1698/1519
f 1034/1699/1521 1033/1698/1519 1035/1700/1522
f 1036/1701/1523 1034/1699/1521 1035/1700/1522
f 1036/1701/1523 1035/1700/1522 1037/1702/1524
f 984/1636/1525 1036/1703/1523 985/1637/1526
f 1036/1703/1523 1037/1704/1524 985/1637/1526
f 1033/1698/1519 1015/1677/1520 1010/1671/1527
f 1033/1698/1519 1010/1671/1527 1005/1665/1528
f 1035/1700/1522 1033/1698/1519 1000/1659/1529
f 1033/1698/1519 1005/1665/1528 1000/1659/1529
f 1037/1702/1524 1035/1700/1522 1000/1659/1529
f 1037/1702/1524 1000/1659/1529 995/1658/1530
f 985/1637/1526 1037/1704/1524 990/1642/1531
f 1037/1704/1524 995/1647/1530 990/1642/1531
f 1023/1686/1532 1038/1705/1533 1021/1684/1534
f 1017/1679/1535 1039/1706/1536 1040/1707/1537
f 1017/1679/1535 1040/1707/1537 1012/1673/1538
f 1039/1706/1536 1041/1708/1539 1040/1707/1537
f 1041/1708/1539 1042/1709/1540 1040/1707/1537
f 1041/1708/1539 1043/1710/1541 1042/1709/1540
f 1043/1710/1541 1044/1711/1542 1042/1709/1540
f 1043/1712/1541 976/1628/1543 978/1630/1544
f 1043/1712/1541 978/1630/1544 1044/1713/1542
f 1012/1673/1538 1040/1707/1537 1006/1666/1545
f 1040/1707/1537 1001/1660/1546 1006/1666/1545
f 1040/1707/1537 1042/1709/1540 997/1651/1547
f 1040/1707/1537 997/1651/1547 1001/1660/1546
f 1042/1709/1540 1044/1711/1542 997/1651/1547
f 1044/1711/1542 992/1648/1548 997/1651/1547
f 1044/1713/1542 978/1630/1544 986/1638/1549
f 1044/1713/1542 986/1638/1549 992/1644/1548
f 1045/1714/1550 1046/1715/1551 1039/1706/1536
f 1045/1714/1550 1039/1706/1536 1017/1679/1535
f 1017/1679/1500 1016/1678/1499 1045/1714/1552
f 1016/1678/1499 1047/1716/1553 1045/1714/1552
f 1016/1678/1499 1018/1680/1501 1047/1716/1553
f 1018/1680/1501 1048/1717/1554 1047/1716/1553
f 1018/1681/1501 1019/1682/1502 1049/1718/1555
f 1018/1681/1501 1049/1718/1555 1048/1719/1554
f 1019/1682/1502 1020/1683/1503 1050/1720/1556
f 1019/1682/1502 1050/1720/1556 1049/1718/1555
f 1051/1721/1557 1050/1720/1558 1032/1697/1517
f 1050/1720/1558 1020/1683/1518 1032/1697/1517
f 1021/1684/1534 1038/1705/1533 1045/1714/1550
f 1038/1705/1533 1046/1715/1551 1045/1714/1550
f 1045/1714/1552 1047/1716/1553 1021/1684/1504
f 1047/1716/1553 1022/1685/1505 1021/1684/1504
f 1047/1716/1553 1048/1717/1554 1025/1688/1508
f 1047/1716/1553 1025/1688/1508 1022/1685/1505
f 1048/1719/1554 1049/1718/1555 1025/1690/1508
f 1049/1718/1555 1027/1691/1510 1025/1690/1508
f 1049/1718/1555 1050/1720/1556 1029/1694/1512
f 1049/1718/1555 1029/1694/1512 1027/1691/1510
f 1031/1696/1514 1029/1694/1516 1050/1720/1558
f 1031/1696/1514 1050/1720/1558 1051/1721/1557
f 1023/1686/1506 1024/1687/1507 1052/1722/1559
f 1024/1687/1507 1053/1723/1560 1052/1722/1559
f 1024/1687/1507 1026/1689/1509 1053/1723/1560
f 1026/1689/1509 1054/1724/1561 1053/1723/1560
f 1026/1693/1509 1028/1692/1511 1055/1725/1562
f 1026/1693/1509 1055/1725/1562 1054/1726/1561
f 1028/1692/1511 1030/1695/1513 1056/1727/1563
f 1028/1692/1511 1056/1727/1563 1055/1725/1562
f 1057/1728/1564 1058/1729/1565 1059/1730/1566
f 1058/1729/1565 1060/1731/1566 1059/1730/1566
f 1043/1732/1567 1041/1733/1567 1061/1734/1568
f 1043/1732/1567 1061/1734/1568 1062/1735/1569
f 1062/1735/1569 1061/1734/1568 1063/1736/1570
f 1062/1735/1569 1063/1736/1570 1064/1737/1571
f 1034/1738/1572 1036/1739/1572 1065/1740/1573
f 1036/1739/1572 1066/1741/1574 1065/1740/1573
f 1064/1737/1571 1063/1736/1570 1067/1742/1575
f 1064/1737/1571 1067/1742/1575 1068/1743/1575
f 1065/1740/1573 1066/1741/1574 1057/1728/1564
f 1066/1741/1574 1058/1729/1565 1057/1728/1564
f 1069/1744/1576 1070/1745/1576 1071/1746/1577
f 1070/1745/1576 1072/1747/1578 1071/1746/1577
f 1071/1746/1577 1072/1747/1578 1073/1748/1579
f 1071/1746/1577 1073/1748/1579 1074/1749/1579
f 1074/1749/1579 1073/1748/1579 1075/1750/1580
f 1073/1748/1579 1076/1751/1581 1075/1750/1580
f 1075/1750/1580 1076/1751/1581 1077/1752/1582
f 1075/1750/1580 1077/1752/1582 1078/1753/1582
f 1079/1754/1583 1080/1755/1584 1081/1756/1583
f 1080/1755/1584 1082/1757/1585 1081/1756/1583
f 1083/1758/1586 1084/1759/1587 1085/1760/1588
f 1083/1758/1586 1085/1760/1588 1086/1761/1586
f 1087/1762/1589 1086/1761/1590 1085/1760/1591
f 1088/1763/1592 1089/1764/1593 1090/1765/1594
f 1088/1763/1592 1090/1765/1594 1091/1766/1595
f 1092/1767/1596 1093/1768/1597 1089/1764/1593
f 1092/1767/1596 1089/1764/1593 1088/1763/1592
f 1094/1769/1598 1095/1770/1599 1093/1768/1597
f 1094/1769/1598 1093/1768/1597 1092/1767/1596
f 1078/1753/1600 1077/1752/1600 1094/1771/1598
f 1077/1752/1600 1095/1772/1599 1094/1771/1598
f 1080/1755/1601 1079/1754/1602 1096/1773/1603
f 1097/1774/1604 1098/1775/1605 1099/1776/1606
f 1098/1775/1605 1100/1777/1607 1099/1776/1606
f 1099/1776/1606 1100/1777/1607 1101/1778/1608
f 1100/1777/1607 1102/1779/1609 1101/1778/1608
f 1101/1778/1608 1102/1779/1609 1103/1780/1610
f 1102/1779/1609 1104/1781/1611 1103/1780/1610
f 1103/1782/1610 1104/1783/1611 1070/1745/1612
f 1103/1782/1610 1070/1745/1612 1069/1744/1612
f 1105/1784/1613 1097/1774/1604 1099/1776/1606
f 1105/1784/1613 1099/1776/1606 1106/1785/1614
f 1107/1786/1615 1088/1763/1592 1108/1787/1616
f 1088/1763/1592 1091/1766/1595 1108/1787/1616
f 1079/1754/1602 1105/1784/1613 1106/1785/1614
f 1079/1754/1602 1106/1785/1614 1096/1773/1603
f 1087/1762/1589 1107/1786/1615 1086/1761/1590
f 1107/1786/1615 1108/1787/1616 1086/1761/1590
f 1080/1755/1584 1109/1788/1617 1082/1757/1585
f 1109/1788/1617 1110/1789/1618 1082/1757/1585
f 1082/1757/1585 1110/1789/1618 1111/1790/1619
f 1110/1789/1618 1112/1791/1619 1111/1790/1619
f 1111/1790/1619 1112/1791/1619 1113/1792/1620
f 1111/1790/1619 1113/1792/1620 1084/1759/1587
f 1084/1759/1587 1113/1792/1620 1114/1793/1621
f 1084/1759/1587 1114/1793/1621 1085/1760/1588
f 1115/1794/1622 1116/1795/1623 1117/1796/1624
f 1116/1795/1623 1118/1797/1623 1117/1796/1624
f 1103/1798/1625 1119/1799/1626 1120/1800/1627
f 1103/1798/1625 1120/1800/1627 1101/1801/1628
f 1119/1799/1626 1121/1802/1629 1122/1803/1630
f 1119/1799/1626 1122/1803/1630 1120/1800/1627
f 1092/1804/1631 1123/1805/1632 1094/1806/1631
f 1123/1805/1632 1124/1807/1633 1094/1806/1631
f 1121/1802/1629 1125/1808/1634 1126/1809/1634
f 1121/1802/1629 1126/1809/1634 1122/1803/1630
f 1123/1805/1632 1115/1794/1622 1124/1807/1633
f 1115/1794/1622 1117/1796/1624 1124/1807/1633
f 1069/1810/1635 1071/1811/1636 976/1628/1637
f 1071/1811/1636 977/1629/1638 976/1628/1637
f 1071/1811/1636 1074/1812/1639 977/1629/1638
f 1074/1812/1639 980/1632/1639 977/1629/1638
f 1074/1812/1640 1075/1813/1641 982/1634/1642
f 1074/1812/1640 982/1634/1642 980/1632/1640
f 1075/1813/1641 1078/1814/1643 984/1636/1644
f 1075/1813/1641 984/1636/1644 982/1634/1642
f 1087/1762/1645 1085/1760/1645 1030/1815/1645
f 1087/1762/1645 1030/1815/1645 1031/1816/1645
f 1092/1767/1646 1088/1763/1646 1034/1817/1646
f 1088/1763/1646 1032/1818/1646 1034/1817/1646
f 1078/1814/1643 1094/1819/1647 984/1636/1644
f 1094/1819/1647 1036/1703/1647 984/1636/1644
f 1080/1755/1648 1096/1773/1649 1023/1820/1648
f 1096/1773/1649 1038/1821/1648 1023/1820/1648
f 1099/1776/1650 1101/1778/1650 1041/1822/1650
f 1099/1776/1650 1041/1822/1650 1039/1823/1650
f 1103/1824/1651 1069/1810/1635 976/1628/1637
f 1103/1824/1651 976/1628/1637 1043/1712/1651
f 1106/1785/1652 1099/1776/1653 1039/1823/1653
f 1106/1785/1652 1039/1823/1653 1046/1825/1654
f 1088/1763/1655 1107/1786/1656 1032/1818/1655
f 1107/1786/1656 1051/1826/1657 1032/1818/1655
f 1096/1773/1658 1106/1785/1652 1038/1821/1658
f 1106/1785/1652 1046/1825/1654 1038/1821/1658
f 1107/1786/1656 1087/1762/1659 1031/1816/1659
f 1107/1786/1656 1031/1816/1659 1051/1826/1657
f 1110/1789/1660 1109/1788/1661 1052/1827/1661
f 1110/1789/1660 1052/1827/1661 1053/1828/1662
f 1109/1788/1663 1080/1755/1663 1052/1827/1663
f 1080/1755/1663 1023/1820/1663 1052/1827/1663
f 1112/1791/1664 1110/1789/1660 1053/1828/1662
f 1112/1791/1664 1053/1828/1662 1054/1829/1665
f 1113/1792/1666 1112/1791/1664 1055/1830/1667
f 1112/1791/1664 1054/1829/1665 1055/1830/1667
f 1085/1760/1668 1114/1793/1668 1056/1831/1668
f 1085/1760/1668 1056/1831/1668 1030/1815/1668
f 1114/1793/1669 1113/1792/1666 1056/1831/1669
f 1113/1792/1666 1055/1830/1667 1056/1831/1669
f 1117/1796/1670 1118/1797/1671 1060/1832/1671
f 1117/1796/1670 1060/1832/1671 1058/1833/1672
f 1118/1834/1673 1116/1835/1673 1060/1731/1673
f 1116/1835/1673 1059/1730/1673 1060/1731/1673
f 1116/1795/1674 1115/1794/1675 1057/1728/1676
f 1116/1795/1674 1057/1728/1676 1059/1730/1674
f 1101/1801/1677 1120/1800/1678 1041/1733/1677
f 1120/1800/1678 1061/1734/1679 1041/1733/1677
f 1119/1799/1680 1103/1798/1681 1043/1836/1681
f 1119/1799/1680 1043/1836/1681 1062/1837/1682
f 1120/1800/1678 1122/1803/1683 1061/1734/1679
f 1122/1803/1683 1063/1736/1684 1061/1734/1679
f 1121/1802/1685 1119/1799/1680 1064/1838/1686
f 1119/1799/1680 1062/1837/1682 1064/1838/1686
f 1094/1806/1687 1124/1807/1688 1036/1839/1687
f 1124/1807/1688 1066/1840/1689 1036/1839/1687
f 1123/1805/1690 1092/1804/1691 1034/1738/1691
f 1123/1805/1690 1034/1738/1691 1065/1740/1692
f 1122/1803/1683 1126/1809/1693 1063/1736/1684
f 1126/1809/1693 1067/1742/1693 1063/1736/1684
f 1126/1841/1694 1125/1842/1694 1068/1743/1694
f 1126/1841/1694 1068/1743/1694 1067/1742/1694
f 1125/1808/1695 1121/1802/1685 1068/1843/1695
f 1121/1802/1685 1064/1838/1686 1068/1843/1695
f 1124/1807/1688 1117/1796/1670 1058/1833/1672
f 1124/1807/1688 1058/1833/1672 1066/1840/1689
f 1115/1794/1675 1123/1805/1690 1065/1740/1692
f 1115/1794/1675 1065/1740/1692 1057/1728/1676
s off
g Head_uv_standardSurface10SG_2
v 0.307494 5.99794 -4.02257
v 0.195337 5.31063 -3.62888
v -0.155898 5.30037 -3.62645
v -0.319865 5.97962 -4.01822
v 0.372138 5.3471 -3.32741
v 0.612688 6.0609 -3.50216
v -0.330331 5.32658 -3.32254
v -0.609515 6.02315 -3.51357
v -0.144357 5.39683 -3.04317
v -0.275029 6.09599 -3.03036
v 0.195304 5.41128 -3.03148
v 0.32728 6.08669 -3.04494
v 0.327929 6.5617 -4.15762
v -0.359512 6.53442 -4.14081
v -0.704609 6.58414 -3.56428
v -0.345438 6.62629 -3.03977
v 0.322234 6.66394 -3.04535
v 0.660449 6.61944 -3.62108
v 0.020903 5.33684 -3.32497
v 0.315299 6.91726 -4.17478
v -0.349381 6.90045 -4.15484
v 0.301058 8.31853 -4.09907
v -0.3703 8.29745 -4.09809
v -0.712635 6.94015 -3.58481
v -0.72337 8.33966 -3.49186
v -0.353675 7.05946 -3.01721
v -0.357109 8.37247 -2.92241
v 0.333732 7.08592 -3.04625
v 0.31222 8.39236 -2.94068
v 0.668989 6.99599 -3.60955
v 0.665806 8.38181 -3.49425
v 0.351358 10.2497 -1.99106
v -0.351358 10.2497 -1.99106
v -0.351358 9.83831 -1.41436
v 0.351358 9.83831 -1.41436
v -0.702715 9.67684 -2.23592
v -0.702715 9.34288 -1.76778
v -0.351358 9.25886 -2.38296
v -0.351358 8.84745 -2.13749
v 0.351358 9.25886 -2.38616
v 0.351358 8.84745 -2.14241
v 0.702715 9.67684 -2.23592
v 0.702715 9.34288 -1.76778
v 0 9.34288 -1.76792
v -0.33732 10.4067 -2.35788
v -0.676896 9.83228 -2.50135
v -0.323983 9.40818 -2.56634
v 0.33517 9.40516 -2.53074
v 0.67559 9.82862 -2.45562
v 0.321833 10.4037 -2.32025
v -0.687241 8.659 -3.47955
v -0.350868 8.65585 -4.04203
v -0.365308 8.68976 -2.91195
v 0.292998 8.71738 -2.91227
v 0.629371 8.71424 -3.46854
v 0.307438 8.68347 -4.03309
v -0.658422 9.02796 -3.41989
v -0.341354 9.12684 -3.94322
v -0.347722 8.95489 -2.88857
v 0.280046 8.98069 -2.88484
v 0.597115 9.07957 -3.4061
v 0.286415 9.15265 -3.93531
v -0.637516 9.4023 -3.28969
v -0.335619 9.62272 -3.76855
v -0.327175 9.21037 -2.80864
v 0.285065 9.23886 -2.80447
v 0.586963 9.45928 -3.27642
v 0.276621 9.65121 -3.7613
v -0.628924 9.69845 -3.11749
v -0.332369 10.086 -3.47477
v -0.3123 9.356 -2.73912
v 0.300881 9.40105 -2.7159
v 0.599737 9.79797 -3.04616
v 0.280811 10.131 -3.45028
v -0.636402 9.88137 -2.92783
v -0.330537 10.4165 -2.95454
v -0.313781 9.38338 -2.66389
v 0.315536 9.41202 -2.62174
v 0.631862 9.92933 -2.73397
v 0.299388 10.4502 -2.88439
vn 0.008531 -0.49806 -0.8671
vn 0.816838 -0.381262 -0.432914
vn -0.796814 -0.434513 -0.419864
vn -0.80075 -0.161485 0.57682
vn 0.003058 0.000469 0.999995
vn 0.834202 -0.151873 0.530134
vn -0.007891 -0.224581 -0.974423
vn -0.007891 -0.224581 -0.974424
vn -0.855121 -0.178842 -0.486604
vn -0.815272 -0.092152 0.571699
vn 0.01565 0.009923 0.999828
vn 0.856535 0.021957 0.515622
vn 0.852802 -0.164018 -0.495809
vn 0.029746 -0.994254 0.102828
vn 0.029747 -0.994254 0.102828
vn 0.030505 -0.985998 0.163945
vn 0.029923 -0.986498 0.161014
vn 0.031793 -0.973632 0.225901
vn 0.03171 -0.973149 0.22798
vn 0.029936 -0.985687 0.165907
vn -0.01697 0.047061 -0.998748
vn -0.853381 0.018228 -0.520968
vn -0.839823 -0.04185 0.541244
vn 0.037335 -0.075867 0.996419
vn 0.849172 -0.035441 0.526925
vn 0.849196 0.041389 -0.526453
vn 0 0.814085 0.580746
vn -0.866026 0.407042 0.290373
vn -0.819514 -0.396299 -0.413937
vn -0.004966 -0.511049 -0.859537
vn 0.820981 -0.394348 -0.412892
vn 0.866025 0.407042 0.290374
vn -7.8e-05 -0.580857 0.814006
vn 7.7e-05 -0.580856 0.814007
vn 0.000927 -0.59082 0.806803
vn 0.000154 -0.589539 0.80774
vn 0.002909 -0.599259 0.80055
vn 0.002749 -0.601769 0.798666
vn -0.000154 -0.592165 0.805816
vn -0.869695 0.488707 0.069255
vn -0.869858 0.487727 0.073958
vn -0.868498 0.463951 0.174531
vn -0.779694 -0.567746 -0.264087
vn -0.778777 -0.56602 -0.27042
vn -0.741658 -0.51081 -0.434759
vn 0.015245 -0.869399 -0.493875
vn 0.015155 -0.854643 -0.518996
vn 0.014275 -0.742959 -0.669185
vn 0.758733 -0.514054 -0.40009
vn 0.762084 -0.52027 -0.385417
vn 0.736844 -0.477647 -0.47845
vn 0.858588 0.501953 0.104261
vn 0.856833 0.507828 0.089155
vn 0.863754 0.472826 0.174252
vn -0.019898 0.976995 0.212331
vn -0.020747 0.980466 0.195591
vn -0.009255 0.912883 0.408118
vn -0.852891 0.121153 -0.507838
vn -0.853677 0.128118 -0.504798
vn -0.853597 0.127385 -0.50512
vn -0.855823 0.019058 0.516918
vn -0.861596 0.008091 0.507531
vn -0.860587 0.010036 0.509204
vn 0.016103 -0.059707 0.998086
vn 0.009848 -0.074983 0.997136
vn 0.00961 -0.075564 0.997095
vn 0.84908 0.028457 0.527497
vn 0.852598 0.0072 0.522517
vn 0.852029 0.010819 0.523383
vn 0.853987 0.103829 -0.509829
vn 0.856759 0.129338 -0.499235
vn 0.856324 0.124902 -0.501108
vn -0.00019 0.166365 -0.986064
vn 0.002213 0.186891 -0.982378
vn 0.00237 0.188226 -0.982123
vn -0.858297 0.163492 -0.486412
vn -0.858107 0.161906 -0.487277
vn -0.864321 -0.058687 0.499506
vn -0.864788 -0.051259 0.499513
vn 0.004196 -0.198431 0.980106
vn 0.003946 -0.189462 0.98188
vn 0.860041 -0.084586 0.503165
vn 0.859886 -0.07988 0.504199
vn 0.858834 0.168112 -0.483884
vn 0.858811 0.1662 -0.484583
vn 0.000551 0.270607 -0.96269
vn 0.000712 0.267806 -0.963473
vn -0.864033 0.230288 -0.447677
vn -0.864038 0.2304 -0.447609
vn -0.855954 -0.157878 0.49236
vn -0.856307 -0.154333 0.492869
vn 0.00722 -0.354987 0.934843
vn 0.007262 -0.365922 0.930617
vn 0.863225 -0.222798 0.452994
vn 0.863238 -0.224391 0.452182
vn 0.857187 0.233023 -0.459272
vn 0.857414 0.229038 -0.46085
vn -0.006784 0.437233 -0.899323
vn -0.007019 0.443634 -0.896181
vn -0.861918 0.341264 -0.375015
vn -0.861114 0.34959 -0.369148
vn -0.859088 -0.309104 0.407949
vn -0.859011 -0.3078 0.409095
vn 0.021276 -0.671009 0.741144
vn 0.025032 -0.725237 0.688044
vn 0.869923 -0.409468 0.274901
vn 0.869894 -0.410691 0.273163
vn 0.854832 0.361302 -0.372456
vn 0.853671 0.379288 -0.356912
vn -0.0136 0.738539 -0.674074
vn -0.013336 0.720556 -0.693268
vn -0.867645 0.471124 -0.158853
vn -0.868569 0.480369 -0.121793
vn -0.841905 -0.533497 0.081097
vn -0.835278 -0.547787 0.047323
vn 0.026832 -0.989425 0.142543
vn 0.029508 -0.987824 0.152751
vn 0.832221 -0.548987 -0.077603
vn 0.828722 -0.550786 -0.099276
vn 0.855263 0.497191 -0.146034
vn 0.855748 0.504656 -0.114094
vn -0.022979 0.97483 -0.221763
vn -0.021894 0.962559 -0.270187
vn 0.858975 -0.028355 0.511233
vn 0.848789 0.000677 -0.528731
vn 0.84879 0.000677 -0.528731
vn -0.025734 -0.043236 -0.998733
vn -0.851307 -0.022601 -0.524181
vn -0.834137 -0.018601 0.551243
vn -0.834137 -0.018601 0.551244
vn 0.026735 -0.025404 0.99932
vt 0.09899 0.182674
vt 0.099562 0.154843
vt 0.116129 0.153913
vt 0.12015 0.181878
vt 0.083134 0.153793
vt 0.078224 0.181013
vt 0.1318 0.151275
vt 0.139961 0.178457
vt 0.14497 0.146866
vt 0.160505 0.171609
vt 0.037375 0.170135
vt 0.05521 0.146876
vt 0.067746 0.151914
vt 0.059536 0.17663
vt 0.09859 0.200356
vt 0.121206 0.199337
vt 0.143804 0.198148
vt 0.167 0.194522
vt 0.05302 0.197675
vt 0.028546 0.191691
vt 0.077044 0.200032
vt 0.235034 0.261723
vt 0.245432 0.268392
vt 0.234449 0.274058
vt 0.22406 0.267395
vt 0.224095 0.27945
vt 0.233875 0.286335
vt 0.224097 0.279447
vt 0.244856 0.280732
vt 0.098371 0.21127
vt 0.121025 0.210758
vt 0.096148 0.252401
vt 0.119235 0.252492
vt 0.144493 0.210695
vt 0.142481 0.258923
vt 0.169326 0.213691
vt 0.165837 0.267334
vt 0.025359 0.2099
vt 0.051236 0.213635
vt 0.0486 0.262906
vt 0.023652 0.263051
vt 0.075079 0.212508
vt 0.071608 0.257811
vt 0.089157 0.346833
vt 0.115036 0.348457
vt 0.118813 0.372278
vt 0.083764 0.370601
vt 0.140997 0.339686
vt 0.150536 0.358487
vt 0.159672 0.327898
vt 0.175542 0.33827
vt 0.023895 0.309308
vt 0.045581 0.32349
vt 0.012524 0.320911
vt 0.031675 0.336084
vt 0.063441 0.336227
vt 0.053669 0.354404
vt 0.263202 0.283566
vt 0.263276 0.258861
vt 0.284637 0.271277
vt 0.284708 0.246572
vt 0.306403 0.25899
vt 0.306433 0.283695
vt 0.28456 0.295982
vt 0.113364 0.337013
vt 0.136028 0.330367
vt 0.154945 0.318976
vt 0.029619 0.304784
vt 0.050465 0.316032
vt 0.068483 0.328836
vt 0.092135 0.336845
vt 0.140224 0.270008
vt 0.118221 0.263538
vt 0.161906 0.280694
vt 0.024916 0.27567
vt 0.049355 0.276133
vt 0.072146 0.269256
vt 0.095149 0.263578
vt 0.137745 0.282934
vt 0.116879 0.277747
vt 0.158788 0.292123
vt 0.050674 0.287284
vt 0.027396 0.285495
vt 0.073047 0.282011
vt 0.095232 0.277641
vt 0.135484 0.296501
vt 0.115457 0.292567
vt 0.156019 0.30421
vt 0.030258 0.294304
vt 0.052033 0.299467
vt 0.074041 0.295771
vt 0.095429 0.292505
vt 0.132993 0.307952
vt 0.113815 0.306879
vt 0.154654 0.311366
vt 0.031767 0.299365
vt 0.052225 0.308088
vt 0.075493 0.309394
vt 0.095691 0.307368
vt 0.131183 0.316992
vt 0.112699 0.321922
vt 0.154974 0.314667
vt 0.051416 0.312183
vt 0.031333 0.302001
vt 0.073823 0.320554
vt 0.094738 0.322999
usemtl standardSurface10SG
f 1127/1844/1696 1128/1845/1696 1129/1846/1696
f 1127/1844/1696 1129/1846/1696 1130/1847/1696
f 1128/1845/1697 1127/1844/1697 1131/1848/1697
f 1127/1844/1697 1132/1849/1697 1131/1848/1697
f 1130/1847/1698 1129/1846/1698 1133/1850/1698
f 1130/1847/1698 1133/1850/1698 1134/1851/1698
f 1134/1851/1699 1133/1850/1699 1135/1852/1699
f 1134/1851/1699 1135/1852/1699 1136/1853/1699
f 1136/1854/1700 1135/1855/1700 1137/1856/1700
f 1136/1854/1700 1137/1856/1700 1138/1857/1700
f 1138/1857/1701 1137/1856/1701 1132/1849/1701
f 1137/1856/1701 1131/1848/1701 1132/1849/1701
f 1127/1844/1702 1130/1847/1703 1139/1858/1702
f 1130/1847/1703 1140/1859/1702 1139/1858/1702
f 1130/1847/1704 1134/1851/1704 1141/1860/1704
f 1130/1847/1704 1141/1860/1704 1140/1859/1704
f 1134/1851/1705 1136/1853/1705 1141/1860/1705
f 1136/1853/1705 1142/1861/1705 1141/1860/1705
f 1136/1854/1706 1138/1857/1706 1143/1862/1706
f 1136/1854/1706 1143/1862/1706 1142/1863/1706
f 1138/1857/1707 1132/1849/1707 1143/1862/1707
f 1132/1849/1707 1144/1864/1707 1143/1862/1707
f 1132/1849/1708 1127/1844/1708 1139/1858/1708
f 1132/1849/1708 1139/1858/1708 1144/1864/1708
f 1129/1865/1709 1128/1866/1710 1145/1867/1711
f 1133/1868/1712 1129/1865/1709 1145/1867/1711
f 1135/1869/1713 1133/1868/1712 1145/1867/1711
f 1137/1870/1714 1135/1871/1713 1145/1867/1711
f 1131/1872/1715 1137/1870/1714 1145/1867/1711
f 1128/1866/1710 1131/1872/1715 1145/1867/1711
f 1146/1873/1716 1147/1874/1716 1148/1875/1716
f 1147/1874/1716 1149/1876/1716 1148/1875/1716
f 1147/1874/1717 1150/1877/1717 1151/1878/1717
f 1147/1874/1717 1151/1878/1717 1149/1876/1717
f 1150/1877/1718 1152/1879/1718 1151/1878/1718
f 1152/1879/1718 1153/1880/1718 1151/1878/1718
f 1152/1881/1719 1154/1882/1719 1155/1883/1719
f 1152/1881/1719 1155/1883/1719 1153/1884/1719
f 1154/1882/1720 1156/1885/1720 1157/1886/1720
f 1154/1882/1720 1157/1886/1720 1155/1883/1720
f 1156/1885/1721 1146/1873/1721 1148/1875/1721
f 1156/1885/1721 1148/1875/1721 1157/1886/1721
f 1158/1887/1722 1159/1888/1722 1160/1889/1722
f 1158/1887/1722 1160/1889/1722 1161/1890/1722
f 1159/1888/1723 1162/1891/1723 1160/1889/1723
f 1162/1891/1723 1163/1892/1723 1160/1889/1723
f 1162/1891/1724 1164/1893/1724 1163/1892/1724
f 1164/1893/1724 1165/1894/1724 1163/1892/1724
f 1164/1895/1725 1166/1896/1725 1165/1897/1725
f 1166/1896/1725 1167/1898/1725 1165/1897/1725
f 1166/1896/1726 1168/1899/1726 1169/1900/1726
f 1166/1896/1726 1169/1900/1726 1167/1898/1726
f 1168/1899/1727 1158/1887/1727 1161/1890/1727
f 1168/1899/1727 1161/1890/1727 1169/1900/1727
f 1161/1901/1728 1160/1902/1729 1170/1903/1730
f 1160/1902/1729 1163/1904/1731 1170/1903/1730
f 1163/1904/1731 1165/1905/1732 1170/1903/1730
f 1165/1905/1732 1167/1906/1733 1170/1903/1730
f 1167/1906/1733 1169/1907/1734 1170/1903/1730
f 1169/1907/1734 1161/1901/1728 1170/1903/1730
f 1171/1908/1735 1172/1909/1736 1159/1888/1737
f 1172/1909/1736 1162/1891/1737 1159/1888/1737
f 1172/1909/1738 1173/1910/1739 1162/1891/1740
f 1173/1910/1739 1164/1893/1740 1162/1891/1740
f 1173/1911/1741 1174/1912/1742 1164/1895/1743
f 1174/1912/1742 1166/1896/1743 1164/1895/1743
f 1174/1912/1744 1175/1913/1745 1168/1899/1746
f 1174/1912/1744 1168/1899/1746 1166/1896/1746
f 1175/1913/1747 1176/1914/1748 1158/1887/1749
f 1175/1913/1747 1158/1887/1749 1168/1899/1749
f 1176/1914/1750 1171/1908/1751 1159/1888/1752
f 1176/1914/1750 1159/1888/1752 1158/1887/1752
f 1149/1876/1753 1151/1878/1753 1177/1915/1754
f 1149/1876/1753 1177/1915/1754 1178/1916/1755
f 1151/1878/1756 1153/1880/1756 1179/1917/1757
f 1151/1878/1756 1179/1917/1757 1177/1915/1758
f 1153/1884/1759 1155/1883/1759 1179/1918/1760
f 1155/1883/1759 1180/1919/1761 1179/1918/1760
f 1155/1883/1762 1157/1886/1762 1180/1919/1763
f 1157/1886/1762 1181/1920/1764 1180/1919/1763
f 1157/1886/1765 1148/1875/1765 1181/1920/1766
f 1148/1875/1765 1182/1921/1767 1181/1920/1766
f 1148/1875/1768 1149/1876/1768 1178/1916/1769
f 1148/1875/1768 1178/1916/1769 1182/1921/1770
f 1178/1916/1755 1177/1915/1754 1183/1922/1771
f 1178/1916/1755 1183/1922/1771 1184/1923/1772
f 1177/1915/1758 1179/1917/1757 1185/1924/1773
f 1177/1915/1758 1185/1924/1773 1183/1922/1774
f 1179/1918/1760 1180/1919/1761 1186/1925/1775
f 1179/1918/1760 1186/1925/1775 1185/1926/1776
f 1180/1919/1763 1181/1920/1764 1186/1925/1777
f 1181/1920/1764 1187/1927/1778 1186/1925/1777
f 1181/1920/1766 1182/1921/1767 1187/1927/1779
f 1182/1921/1767 1188/1928/1780 1187/1927/1779
f 1182/1921/1770 1178/1916/1769 1188/1928/1781
f 1178/1916/1769 1184/1923/1782 1188/1928/1781
f 1184/1923/1772 1183/1922/1771 1189/1929/1783
f 1184/1923/1772 1189/1929/1783 1190/1930/1784
f 1183/1922/1774 1185/1924/1773 1191/1931/1785
f 1183/1922/1774 1191/1931/1785 1189/1929/1786
f 1185/1926/1776 1186/1925/1775 1191/1932/1787
f 1186/1925/1775 1192/1933/1788 1191/1932/1787
f 1186/1925/1777 1187/1927/1778 1192/1933/1789
f 1187/1927/1778 1193/1934/1790 1192/1933/1789
f 1187/1927/1779 1188/1928/1780 1193/1934/1791
f 1188/1928/1780 1194/1935/1792 1193/1934/1791
f 1188/1928/1781 1184/1923/1782 1190/1930/1793
f 1188/1928/1781 1190/1930/1793 1194/1935/1794
f 1190/1930/1784 1189/1929/1783 1195/1936/1795
f 1190/1930/1784 1195/1936/1795 1196/1937/1796
f 1189/1929/1786 1191/1931/1785 1197/1938/1797
f 1189/1929/1786 1197/1938/1797 1195/1936/1798
f 1191/1932/1787 1192/1933/1788 1197/1939/1799
f 1192/1933/1788 1198/1940/1800 1197/1939/1799
f 1192/1933/1789 1193/1934/1790 1198/1940/1801
f 1193/1934/1790 1199/1941/1802 1198/1940/1801
f 1193/1934/1791 1194/1935/1792 1200/1942/1803
f 1193/1934/1791 1200/1942/1803 1199/1941/1804
f 1194/1935/1794 1190/1930/1793 1200/1942/1805
f 1190/1930/1793 1196/1937/1806 1200/1942/1805
f 1196/1937/1796 1195/1936/1795 1201/1943/1807
f 1196/1937/1796 1201/1943/1807 1202/1944/1808
f 1195/1936/1798 1197/1938/1797 1201/1943/1809
f 1197/1938/1797 1203/1945/1810 1201/1943/1809
f 1197/1939/1799 1198/1940/1800 1204/1946/1811
f 1197/1939/1799 1204/1946/1811 1203/1947/1812
f 1198/1940/1801 1199/1941/1802 1205/1948/1813
f 1198/1940/1801 1205/1948/1813 1204/1946/1814
f 1199/1941/1804 1200/1942/1803 1206/1949/1815
f 1199/1941/1804 1206/1949/1815 1205/1948/1816
f 1200/1942/1805 1196/1937/1806 1206/1949/1817
f 1196/1937/1806 1202/1944/1818 1206/1949/1817
f 1202/1944/1808 1201/1943/1807 1171/1908/1735
f 1201/1943/1807 1172/1909/1736 1171/1908/1735
f 1201/1943/1809 1203/1945/1810 1173/1910/1739
f 1201/1943/1809 1173/1910/1739 1172/1909/1738
f 1203/1947/1812 1204/1946/1811 1173/1911/1741
f 1204/1946/1811 1174/1912/1742 1173/1911/1741
f 1204/1946/1814 1205/1948/1813 1174/1912/1744
f 1205/1948/1813 1175/1913/1745 1174/1912/1744
f 1205/1948/1816 1206/1949/1815 1176/1914/1748
f 1205/1948/1816 1176/1914/1748 1175/1913/1747
f 1206/1949/1817 1202/1944/1818 1171/1908/1751
f 1206/1949/1817 1171/1908/1751 1176/1914/1750
f 1143/1862/1819 1144/1864/1819 1156/1885/1819
f 1143/1862/1819 1156/1885/1819 1154/1882/1819
f 1144/1864/1820 1139/1858/1821 1156/1885/1821
f 1139/1858/1821 1146/1873/1821 1156/1885/1821
f 1139/1858/1822 1140/1859/1822 1146/1873/1822
f 1140/1859/1822 1147/1874/1822 1146/1873/1822
f 1140/1859/1823 1141/1860/1823 1147/1874/1823
f 1141/1860/1823 1150/1877/1823 1147/1874/1823
f 1141/1860/1824 1142/1861/1824 1152/1879/1825
f 1141/1860/1824 1152/1879/1825 1150/1877/1825
f 1142/1863/1826 1143/1862/1826 1152/1881/1826
f 1143/1862/1826 1154/1882/1826 1152/1881/1826
s off
g Head_uv_standardSurface10SG_3
v -0.189911 9.4375 -2.35805
v 0.189911 9.4375 -2.35805
v 0.284866 9.50594 -2.71938
v -0.284866 9.50594 -2.71938
v -0.379821 9.69919 -2.15876
v -0.569732 9.89848 -2.42046
v -0.189911 9.96089 -1.95948
v -0.284866 10.291 -2.12153
v 0.189911 9.96089 -1.95948
v 0.284866 10.291 -2.12153
v 0.379821 9.69919 -2.15876
v 0.569732 9.89848 -2.42046
v 0.474777 9.24424 -2.91867
v -0.474777 9.24424 -2.91867
v -0.949554 9.89848 -2.42046
v -0.474777 10.5527 -1.92225
v 0.474777 10.5527 -1.92225
v 0.949554 9.89848 -2.42046
v 0.569733 8.91411 -2.75662
v -0.569732 8.91411 -2.75662
v -1.13946 9.69919 -2.15876
v -0.569732 10.4843 -1.56091
v 0.569732 10.4843 -1.56091
v 1.13946 9.69919 -2.15876
v 0.474777 8.84567 -2.39528
v -0.474777 8.84567 -2.39528
v -0.949554 9.49991 -1.89707
v -0.474777 10.1541 -1.39886
v 0.474777 10.1541 -1.39886
v 0.949554 9.49991 -1.89707
v 0.284866 9.10737 -2.196
v -0.284866 9.10737 -2.196
v -0.569732 9.49991 -1.89707
v -0.284866 9.89245 -1.59814
v 0.284866 9.89245 -1.59814
v 0.569732 9.49991 -1.89707
vn 0 0.982532 0.186092
vn 0.774597 0.626738 -0.084851
vn 0.774597 -0.084852 -0.626738
vn 0.774596 -0.084852 -0.626738
vn 0 -0.440646 -0.897681
vn -0.774596 -0.084852 -0.626738
vn -0.774597 -0.084852 -0.626738
vn -0.774597 0.626737 -0.084852
vn 0 0.605847 -0.795581
vn -1e-06 0.605848 -0.795581
vn 0 0.605849 -0.79558
vn 1e-06 0.605848 -0.795581
vn 0 -0.440647 -0.89768
vn 0 -0.440647 -0.897681
vn -0.774596 0.626738 -0.084852
vn 0 0.982533 0.18609
vn 0 0.982533 0.186089
vn 0.774596 0.626738 -0.084852
vn 0 -0.982533 -0.186091
vn -0.774597 -0.626738 0.084851
vn -0.774596 0.084851 0.626738
vn 0 0.440647 0.897681
vn 0.774596 0.084851 0.626738
vn 0.774597 -0.626738 0.084851
vn 0.774597 -0.626738 0.084852
vn 0 -0.605847 0.795581
vn -1e-06 -0.605846 0.795582
vn 0 -0.605845 0.795582
vn 0 -0.605845 0.795583
vn 1e-06 -0.605846 0.795582
vn 0 0.440646 0.897681
vn 0.774596 0.084852 0.626738
vn 0.774598 -0.626737 0.084851
vn 0 -0.982532 -0.186093
vn -0.774598 -0.626737 0.084851
vn -0.774597 0.084851 0.626738
vt 0.100037 0.095756
vt 0.079008 0.09569
vt 0.077213 0.083457
vt 0.099946 0.08351
vt 0.120963 0.095493
vt 0.122853 0.083327
vt 0.140833 0.095002
vt 0.146495 0.082704
vt 0.158452 0.09708
vt 0.16898 0.08573
vt 0.058825 0.095681
vt 0.041203 0.098576
vt 0.053749 0.082852
vt 0.031036 0.085696
vt 0.076776 0.070492
vt 0.100219 0.070894
vt 0.123513 0.070707
vt 0.149794 0.070332
vt 0.181373 0.073544
vt 0.050951 0.069844
vt 0.018384 0.072659
vt 0.076906 0.056518
vt 0.100279 0.05665
vt 0.123651 0.056783
vt 0.150307 0.056868
vt 0.187858 0.057283
vt 0.012696 0.056017
vt 0.050248 0.056433
vt 0.077044 0.042595
vt 0.100339 0.042407
vt 0.123781 0.04281
vt 0.149603 0.043458
vt 0.182169 0.040642
vt 0.019182 0.039756
vt 0.050762 0.042968
vt 0.077703 0.029971
vt 0.100611 0.029789
vt 0.123344 0.029842
vt 0.146805 0.030448
vt 0.169518 0.027603
vt 0.031576 0.027571
vt 0.054061 0.030597
vt 0.079594 0.017809
vt 0.100519 0.017545
vt 0.121548 0.01761
vt 0.14173 0.017619
vt 0.159351 0.014724
vt 0.059724 0.018299
vt 0.042104 0.016221
usemtl standardSurface10SG
f 1207/1950/1827 1208/1951/1827 1209/1952/1827
f 1207/1950/1827 1209/1952/1827 1210/1953/1827
f 1211/1954/1828 1207/1950/1828 1212/1955/1828
f 1207/1950/1828 1210/1953/1828 1212/1955/1828
f 1213/1956/1829 1211/1954/1829 1212/1955/1830
f 1213/1956/1829 1212/1955/1830 1214/1957/1829
f 1215/1958/1831 1213/1956/1831 1214/1957/1831
f 1215/1958/1831 1214/1957/1831 1216/1959/1831
f 1217/1960/1832 1215/1961/1832 1218/1962/1833
f 1215/1961/1832 1216/1963/1832 1218/1962/1833
f 1208/1951/1834 1217/1960/1834 1218/1962/1834
f 1208/1951/1834 1218/1962/1834 1209/1952/1834
f 1210/1953/1835 1209/1952/1835 1219/1964/1835
f 1210/1953/1835 1219/1964/1835 1220/1965/1835
f 1212/1955/1835 1210/1953/1835 1221/1966/1835
f 1210/1953/1835 1220/1965/1835 1221/1966/1835
f 1214/1957/1836 1212/1955/1836 1221/1966/1836
f 1214/1957/1836 1221/1966/1836 1222/1967/1836
f 1216/1959/1837 1214/1957/1837 1222/1967/1837
f 1216/1959/1837 1222/1967/1837 1223/1968/1837
f 1218/1962/1838 1216/1963/1838 1224/1969/1838
f 1216/1963/1838 1223/1970/1838 1224/1969/1838
f 1209/1952/1835 1218/1962/1835 1224/1969/1835
f 1209/1952/1835 1224/1969/1835 1219/1964/1835
f 1220/1965/1839 1219/1964/1840 1225/1971/1840
f 1220/1965/1839 1225/1971/1840 1226/1972/1840
f 1221/1966/1833 1220/1965/1833 1226/1972/1833
f 1221/1966/1833 1226/1972/1833 1227/1973/1833
f 1222/1967/1841 1221/1966/1841 1228/1974/1841
f 1221/1966/1841 1227/1973/1841 1228/1974/1841
f 1223/1968/1842 1222/1967/1842 1228/1974/1843
f 1223/1968/1842 1228/1974/1843 1229/1975/1842
f 1224/1969/1844 1223/1970/1844 1229/1976/1844
f 1224/1969/1844 1229/1976/1844 1230/1977/1844
f 1219/1964/1829 1224/1969/1829 1225/1971/1829
f 1224/1969/1829 1230/1977/1829 1225/1971/1829
f 1226/1972/1845 1225/1971/1845 1231/1978/1845
f 1226/1972/1845 1231/1978/1845 1232/1979/1845
f 1227/1973/1846 1226/1972/1846 1233/1980/1846
f 1226/1972/1846 1232/1979/1846 1233/1980/1846
f 1228/1974/1847 1227/1973/1847 1234/1981/1847
f 1227/1973/1847 1233/1980/1847 1234/1981/1847
f 1229/1975/1848 1228/1974/1848 1234/1981/1848
f 1229/1975/1848 1234/1981/1848 1235/1982/1848
f 1230/1977/1849 1229/1976/1849 1235/1983/1849
f 1230/1977/1849 1235/1983/1849 1236/1984/1849
f 1225/1971/1850 1230/1977/1850 1236/1984/1851
f 1225/1971/1850 1236/1984/1851 1231/1978/1850
f 1232/1979/1852 1231/1978/1852 1237/1985/1852
f 1232/1979/1852 1237/1985/1852 1238/1986/1852
f 1233/1980/1852 1232/1979/1852 1238/1986/1852
f 1233/1980/1852 1238/1986/1852 1239/1987/1852
f 1234/1981/1853 1233/1980/1853 1240/1988/1853
f 1233/1980/1853 1239/1987/1853 1240/1988/1853
f 1235/1982/1854 1234/1981/1855 1240/1988/1854
f 1235/1982/1854 1240/1988/1854 1241/1989/1855
f 1236/1984/1856 1235/1983/1856 1241/1990/1856
f 1236/1984/1856 1241/1990/1856 1242/1991/1856
f 1231/1978/1852 1236/1984/1852 1237/1985/1852
f 1236/1984/1852 1242/1991/1852 1237/1985/1852
f 1238/1986/1857 1237/1985/1857 1208/1992/1857
f 1238/1986/1857 1208/1992/1857 1207/1993/1857
f 1239/1987/1858 1238/1986/1858 1207/1993/1858
f 1239/1987/1858 1207/1993/1858 1211/1994/1858
f 1240/1988/1859 1239/1987/1859 1211/1994/1859
f 1240/1988/1859 1211/1994/1859 1213/1995/1859
f 1241/1989/1860 1240/1988/1860 1213/1995/1860
f 1241/1989/1860 1213/1995/1860 1215/1996/1860
f 1242/1991/1861 1241/1990/1861 1217/1997/1861
f 1241/1990/1861 1215/1998/1861 1217/1997/1861
f 1237/1985/1862 1242/1991/1862 1208/1992/1862
f 1242/1991/1862 1217/1997/1862 1208/1992/1862
s off
