# This file uses centimeters as units for non-parametric coordinates.

mtllib EllieTextur.mtl
g default
v 0.476475 8.294953 -2.446372
v -0.387388 8.294953 -2.446372
v -0.819320 8.964008 -2.111622
v -0.387388 9.633066 -1.776871
v 0.476474 9.633066 -1.776871
v 0.908406 8.964008 -2.111621
v 0.655386 8.404357 -3.357589
v -0.566300 8.404357 -3.357589
v -1.177143 9.350545 -2.884181
v -0.566300 10.296733 -2.410773
v 0.655386 10.296734 -2.410773
v 1.266229 9.350545 -2.884181
v 0.476475 9.068026 -3.890258
v -0.387388 9.068026 -3.890258
v -0.819320 9.737082 -3.555508
v -0.387388 10.406138 -3.220758
v 0.476474 10.406138 -3.220758
v 0.908406 9.737082 -3.555508
v 0.044543 9.848274 -3.866521
vt 0.149762 0.276621
vt 0.119094 0.276387
vt 0.094218 0.254405
vt 0.156362 0.244087
vt 0.103557 0.302830
vt 0.072082 0.313382
vt 0.118689 0.329507
vt 0.112089 0.362041
vt 0.149358 0.329741
vt 0.174233 0.351723
vt 0.164895 0.303297
vt 0.196370 0.292746
vt 0.064527 0.245942
vt 0.150241 0.213827
vt 0.050428 0.334569
vt 0.118220 0.391107
vt 0.201997 0.362285
vt 0.219918 0.273687
vt 0.235946 0.363028
vt 0.217534 0.335841
vt 0.133324 0.421519
vt 0.031604 0.361472
vt 0.032930 0.243746
vt 0.135117 0.185997
vt 0.236413 0.245296
vt 0.148889 0.391340
vt 0.065560 0.361245
vt 0.048991 0.272385
vt 0.119572 0.213593
vt 0.204786 0.247010
vt 0.196205 0.314327
vt 0.155461 0.362371
vt 0.093482 0.351108
vt 0.072246 0.291801
vt 0.112990 0.243757
vt 0.174970 0.255020
vn 0.000000 -0.992869 -0.119208
vn 0.000000 -0.992869 -0.119208
vn 0.000000 -0.992869 -0.119208
vn 0.000000 -0.992869 -0.119208
vn -0.815164 -0.571976 0.091379
vn -0.815164 -0.571976 0.091379
vn -0.815164 -0.571976 0.091379
vn -0.815164 -0.571976 0.091379
vn -0.815165 0.269810 0.512551
vn -0.815165 0.269810 0.512551
vn -0.815165 0.269810 0.512551
vn -0.815165 0.269810 0.512551
vn -0.000000 0.690704 0.723137
vn -0.000000 0.690704 0.723137
vn -0.000000 0.690704 0.723137
vn -0.000000 0.690704 0.723137
vn 0.815165 0.269810 0.512551
vn 0.815165 0.269810 0.512551
vn 0.815165 0.269810 0.512551
vn 0.815165 0.269810 0.512551
vn 0.815165 -0.571976 0.091378
vn 0.815165 -0.571976 0.091378
vn 0.815165 -0.571976 0.091378
vn 0.815165 -0.571976 0.091378
vn 0.000001 -0.625937 -0.779874
vn 0.000001 -0.625937 -0.779874
vn 0.000001 -0.625937 -0.779874
vn 0.000001 -0.625937 -0.779874
vn -0.795590 -0.234031 -0.558807
vn -0.795590 -0.234031 -0.558807
vn -0.795590 -0.234031 -0.558807
vn -0.795590 -0.234031 -0.558807
vn -0.811834 0.574970 -0.101659
vn -0.811834 0.574970 -0.101659
vn -0.811834 0.574970 -0.101659
vn -0.811834 0.574970 -0.101659
vn -0.000001 0.991001 0.133853
vn -0.000001 0.991001 0.133853
vn -0.000001 0.991001 0.133853
vn -0.000001 0.991001 0.133853
vn 0.811834 0.574970 -0.101660
vn 0.811834 0.574970 -0.101660
vn 0.811834 0.574970 -0.101660
vn 0.811834 0.574970 -0.101660
vn 0.795590 -0.234031 -0.558807
vn 0.795590 -0.234031 -0.558807
vn 0.795590 -0.234030 -0.558807
vn 0.795590 -0.234030 -0.558807
vn -0.000000 -0.447451 0.894308
vn -0.000000 -0.447451 0.894308
vn -0.000000 -0.447451 0.894308
vn -0.000000 -0.447451 0.894308
vn -0.000000 -0.447451 0.894308
vn -0.000000 -0.447451 0.894308
vn 0.000001 0.030408 -0.999538
vn 0.000001 0.030408 -0.999538
vn 0.000001 0.030408 -0.999538
vn -0.355545 0.224426 -0.907315
vn -0.355545 0.224426 -0.907315
vn -0.355545 0.224426 -0.907315
vn -0.340055 0.587093 -0.734632
vn -0.340055 0.587093 -0.734632
vn -0.340055 0.587093 -0.734632
vn 0.000000 0.756730 -0.653727
vn 0.000000 0.756730 -0.653727
vn 0.000000 0.756730 -0.653727
vn 0.340055 0.587093 -0.734632
vn 0.340055 0.587093 -0.734632
vn 0.340055 0.587093 -0.734632
vn 0.355545 0.224425 -0.907316
vn 0.355545 0.224425 -0.907316
vn 0.355544 0.224425 -0.907316
s off
g Hair2 Head_uv
usemtl standardSurface8SG
f 1/1/1 2/2/2 8/35/3 7/4/4
f 2/2/5 3/5/6 9/34/7 8/3/8
f 3/5/9 4/7/10 10/33/11 9/6/12
f 4/7/13 5/9/14 11/32/15 10/8/16
f 5/9/17 6/11/18 12/31/19 11/10/20
f 6/11/21 1/1/22 7/36/23 12/12/24
f 7/4/25 8/35/26 14/29/27 13/14/28
f 8/3/29 9/34/30 15/28/31 14/13/32
f 9/6/33 10/33/34 16/27/35 15/15/36
f 10/8/37 11/32/38 17/26/39 16/16/40
f 11/10/41 12/31/42 18/20/43 17/17/44
f 12/12/45 7/36/46 13/30/47 18/18/48
f 2/2/49 1/1/50 6/11/51 5/9/52 4/7/53 3/5/54
f 13/14/55 14/29/56 19/24/57
f 14/13/58 15/28/59 19/23/60
f 15/15/61 16/27/62 19/22/63
f 16/16/64 17/26/65 19/21/66
f 17/17/67 18/20/68 19/19/69
f 18/18/70 13/30/71 19/25/72
g default
v -1.901393 9.975466 1.393467
v -1.081369 10.602210 1.503442
v 0.000000 10.814183 1.554307
v 1.081369 10.602210 1.503442
v 1.901393 9.975466 1.393467
v -2.199428 10.387289 0.445363
v -1.207333 11.000754 0.452148
v 0.000000 11.406054 0.468864
v 1.207333 11.000754 0.452148
v 2.199428 10.387289 0.445363
v -2.197682 10.459522 -0.620711
v -1.218867 11.126164 -0.695193
v 0.000000 11.580169 -0.726393
v 1.218867 11.126164 -0.695193
v 2.197682 10.459522 -0.620711
v -1.924482 10.257076 -1.426283
v -1.123591 10.971280 -1.453325
v 0.000000 11.448205 -1.513487
v 1.123591 10.971280 -1.453325
v 1.924482 10.257076 -1.426283
v -2.366633 9.442887 1.353976
v -2.790150 9.708188 0.457454
v 2.366633 9.442887 1.353976
v 2.790150 9.708188 0.457454
v -2.758275 9.716458 -0.610187
v 2.758275 9.716458 -0.610187
v -2.472343 9.431892 -1.441738
v 2.472343 9.431892 -1.441738
v -1.530063 9.609321 2.191993
v -0.830941 9.959622 2.427495
v 0.000000 10.107134 2.514517
v 0.830941 9.959622 2.427495
v 1.530063 9.609321 2.191993
v -2.041529 9.199753 1.917555
v 2.041529 9.199753 1.917555
v -2.570288 8.602820 1.262130
v -3.088769 8.943721 0.423325
v 2.570288 8.602820 1.262130
v 3.088769 8.943721 0.423325
v -3.046963 8.829547 -0.610458
v 3.046963 8.829547 -0.610458
v -2.694708 8.668954 -1.498080
v 2.694708 8.668954 -1.498080
v -2.913977 8.193591 0.351363
v -2.901309 7.828291 -0.546084
v 2.913977 8.193591 0.351363
v 2.901309 7.828291 -0.546084
v -2.441497 7.352772 -1.533560
v 2.441497 7.352772 -1.533560
v -1.553254 9.730177 -2.051840
v -0.820695 10.553352 -1.934683
v 0.000000 11.097191 -1.943251
v 0.820695 10.553352 -1.934683
v 1.553254 9.730177 -2.051840
v -1.631235 8.765943 -2.440717
v 1.631235 8.765943 -2.440717
v -1.765759 7.999656 -2.452338
v 1.765759 7.999656 -2.452338
v -1.830185 6.927899 -2.062841
v 1.830185 6.927899 -2.062841
v -1.143645 7.880535 -2.657827
v -0.670373 7.216701 -2.817621
v 1.143645 7.880535 -2.657827
v 0.670373 7.216701 -2.817621
v -0.894640 6.542131 -2.421611
v 0.894640 6.542131 -2.421611
v -0.065597 6.989321 -2.863612
v -0.184513 6.414156 -2.534063
v 0.065597 6.989321 -2.863612
v 0.184513 6.414156 -2.534063
v -1.962306 10.037514 1.444495
v -1.120514 10.681042 1.555026
v -1.250661 11.089534 0.479166
v -2.266546 10.461285 0.471285
v -0.000000 10.905914 1.601735
v 0.000000 11.510071 0.490707
v 1.120514 10.681042 1.555026
v 1.250660 11.089533 0.479166
v 1.962306 10.037514 1.444495
v 2.266546 10.461285 0.471285
v -1.267186 11.216375 -0.703166
v -2.268806 10.532795 -0.637630
v 0.000000 11.688200 -0.735507
v 1.267186 11.216375 -0.703166
v 2.268806 10.532795 -0.637630
v -1.172476 11.047788 -1.504788
v -1.988380 10.314272 -1.483665
v -0.000000 11.546792 -1.567437
v 1.172475 11.047788 -1.504788
v 1.988381 10.314272 -1.483665
v -2.879932 9.757242 0.484209
v -2.444419 9.480167 1.408611
v 2.444419 9.480167 1.408611
v 2.879932 9.757242 0.484209
v -2.847265 9.763855 -0.632786
v 2.847265 9.763856 -0.632785
v -2.548038 9.467919 -1.501030
v 2.548038 9.467919 -1.501030
v -1.590322 9.666289 2.248640
v -0.868487 10.033111 2.487159
v 0.000000 10.188682 2.575550
v 0.868487 10.033111 2.487159
v 1.590322 9.666289 2.248640
v -2.119085 9.233076 1.974826
v 2.119085 9.233076 1.974826
v -3.192512 8.947418 0.449919
v -2.685921 8.612417 1.267131
v 2.685923 8.612418 1.267128
v 3.192512 8.947418 0.449919
v -3.149449 8.837152 -0.631810
v 3.149449 8.837152 -0.631810
v -2.781390 8.673064 -1.555617
v 2.781391 8.673064 -1.555617
v -3.000025 7.810522 -0.563051
v -3.011168 8.171327 0.375181
v 3.011168 8.171327 0.375181
v 3.000025 7.810522 -0.563051
v -2.527514 7.336294 -1.585173
v 2.527514 7.336294 -1.585173
v -0.862698 10.611765 -2.004731
v -1.606890 9.774538 -2.124262
v -0.000000 11.171961 -2.020309
v 0.862699 10.611766 -2.004731
v 1.606890 9.774538 -2.124262
v -1.678090 8.789034 -2.529770
v 1.678090 8.789034 -2.529770
v -1.824577 7.993586 -2.537888
v 1.824577 7.993586 -2.537888
v -1.892559 6.904532 -2.139584
v 1.892559 6.904532 -2.139584
v -1.174265 7.884681 -2.752933
v -0.697382 7.195469 -2.914996
v 0.697382 7.195469 -2.914996
v 1.174265 7.884681 -2.752933
v -0.929960 6.504379 -2.508420
v 0.929960 6.504379 -2.508420
v -0.076959 6.941703 -2.951581
v -0.195875 6.366537 -2.622032
v 0.195875 6.366537 -2.622032
v 0.076959 6.941703 -2.951581
vt 0.563755 0.649653
vt 0.525980 0.650087
vt 0.523224 0.610036
vt 0.565315 0.611138
vt 0.485522 0.657375
vt 0.978807 0.605697
vt 0.929349 0.644552
vt 0.932116 0.604501
vt 0.891574 0.644108
vt 0.890025 0.605592
vt 0.523140 0.568594
vt 0.565103 0.572611
vt 0.979562 0.559874
vt 0.932212 0.563060
vt 0.890248 0.567065
vt 0.524838 0.539966
vt 0.563660 0.540346
vt 0.975044 0.529261
vt 0.930522 0.534431
vt 0.891700 0.534800
vt 0.610779 0.436738
vt 0.640038 0.408196
vt 0.811067 0.404111
vt 0.840337 0.432642
vt 0.572380 0.457415
vt 0.878743 0.453305
vt 0.598763 0.538146
vt 0.916158 0.458184
vt 0.558219 0.683025
vt 0.529221 0.690192
vt 0.955348 0.694256
vt 0.926097 0.684656
vt 0.897100 0.677481
vt 0.654042 0.386906
vt 0.797056 0.382825
vt 0.593734 0.412724
vt 0.615960 0.386060
vt 0.835138 0.381966
vt 0.857374 0.408622
vt 0.558794 0.425627
vt 0.892318 0.421513
vt 0.525049 0.434131
vt 0.926066 0.430005
vt 0.545111 0.391749
vt 0.579662 0.388530
vt 0.871437 0.384423
vt 0.905989 0.387630
vt 0.502666 0.391838
vt 0.948434 0.387704
vt 0.525761 0.514252
vt 0.568219 0.507927
vt 0.967445 0.509121
vt 0.929607 0.508717
vt 0.887150 0.502379
vt 0.808543 0.584753
vt 0.641769 0.586084
vt 0.802247 0.556781
vt 0.647650 0.558025
vt 0.794999 0.516474
vt 0.654287 0.517647
vt 0.778106 0.562303
vt 0.752023 0.546158
vt 0.697723 0.546631
vt 0.671871 0.563178
vt 0.756505 0.516834
vt 0.692765 0.517438
vt 0.727743 0.540760
vt 0.731058 0.516562
vt 0.718141 0.516721
vt 0.721966 0.540768
vt 0.638688 0.849122
vt 0.635023 0.812141
vt 0.674280 0.805129
vt 0.675845 0.845582
vt 0.718569 0.798416
vt 0.746568 0.844176
vt 0.787627 0.802710
vt 0.786141 0.843166
vt 0.826898 0.809646
vt 0.823305 0.846634
vt 0.629095 0.776273
vt 0.667270 0.764437
vt 0.710701 0.752036
vt 0.794559 0.762004
vt 0.832756 0.773766
vt 0.622855 0.746639
vt 0.659448 0.737827
vt 0.699620 0.723604
vt 0.802329 0.735379
vt 0.838940 0.744120
vt 0.612946 0.852421
vt 0.605626 0.818304
vt 0.856307 0.815752
vt 0.849053 0.849883
vt 0.598844 0.783134
vt 0.863021 0.780569
vt 0.589016 0.753579
vt 0.872791 0.750995
vt 0.530260 0.693584
vt 0.558918 0.686486
vt 0.953382 0.697380
vt 0.925056 0.688048
vt 0.896401 0.680941
vt 0.583945 0.681530
vt 0.797725 0.379204
vt 0.617137 0.382233
vt 0.578316 0.822987
vt 0.883626 0.820382
vt 0.833960 0.378139
vt 0.567733 0.788928
vt 0.894143 0.786302
vt 0.561251 0.756281
vt 0.900562 0.753643
vt 0.579449 0.384967
vt 0.545096 0.388189
vt 0.906003 0.384070
vt 0.871648 0.380860
vt 0.503083 0.388272
vt 0.948015 0.384138
vt 0.566818 0.504580
vt 0.525541 0.510706
vt 0.489448 0.511123
vt 0.929827 0.505171
vt 0.888552 0.499033
vt 0.805766 0.587141
vt 0.858779 0.477286
vt 0.654240 0.658671
vt 0.794276 0.658662
vt 0.471546 0.382256
vt 0.655049 0.514099
vt 0.750768 0.549614
vt 0.776106 0.565246
vt 0.673914 0.566092
vt 0.699026 0.550068
vt 0.756461 0.513294
vt 0.692746 0.513898
vt 0.731093 0.512980
vt 0.727360 0.544315
vt 0.722380 0.544326
vt 0.718023 0.513175
vt 0.980280 0.424473
vt 0.980830 0.381544
vt 0.961388 0.719202
vt 0.470833 0.428619
vt 0.470267 0.385691
vt 0.654329 0.618129
vt 0.921558 0.706541
vt 0.540163 0.709220
vt 0.480317 0.534783
vt 0.487922 0.514646
vt 0.773788 0.703933
vt 0.969805 0.651851
vt 0.499966 0.699784
vt 0.706997 0.889881
vt 0.475791 0.565395
vt 0.476533 0.611218
vt 0.762130 0.721234
vt 0.715420 0.846515
vt 0.751104 0.749688
vt 0.743326 0.796082
vt 0.721928 0.632995
vt 0.726585 0.632995
vt 0.748696 0.639303
vt 0.699819 0.639306
vt 0.770641 0.659002
vt 0.892116 0.703916
vt 0.795205 0.686266
vt 0.677876 0.659008
vt 0.653315 0.686275
vt 0.569601 0.706538
vt 0.853326 0.715500
vt 0.608413 0.718046
vt 0.809585 0.711175
vt 0.687928 0.706325
vt 0.965921 0.505598
vt 0.652145 0.713637
vt 0.881158 0.856638
vt 0.843919 0.874025
vt 0.580854 0.859238
vt 0.618127 0.876553
vt 0.910358 0.825045
vt 0.551593 0.827702
vt 0.717706 0.609465
vt 0.730805 0.609464
vt 0.756644 0.611533
vt 0.691866 0.611538
vt 0.794183 0.618120
vt 0.979551 0.378111
vt 0.500358 0.721957
vt 0.794180 0.512938
vt 0.946555 0.748568
vt 0.515248 0.751295
vt 0.929045 0.790739
vt 0.532840 0.793432
vt 0.816543 0.879483
vt 0.645513 0.881957
vt 0.785676 0.883830
vt 0.755074 0.887525
vt 0.501931 0.702909
vt 0.676389 0.886246
vt 0.644581 0.588431
vt 0.972433 0.453349
vt 0.596597 0.482841
vt 0.599072 0.485485
vt 0.856598 0.532591
vt 0.856303 0.479929
vt 0.534967 0.462307
vt 0.478690 0.457492
vt 0.865796 0.647335
vt 0.871436 0.672319
vt 0.871375 0.675978
vt 0.589532 0.652888
vt 0.583885 0.677870
vt 0.653372 0.383284
vt 0.856297 0.567791
vt 0.599054 0.573347
vt 0.857402 0.609263
vt 0.597937 0.614819
vn -0.532256 0.739012 0.412995
vn -0.384393 0.821313 0.421529
vn -0.412148 0.874765 0.254795
vn -0.545628 0.801262 0.245497
vn 0.000000 0.901539 0.432698
vn 0.000000 0.963401 0.268065
vn 0.384393 0.821313 0.421529
vn 0.412148 0.874765 0.254795
vn 0.532256 0.739012 0.412995
vn 0.545628 0.801262 0.245497
vn -0.456103 0.888838 -0.044009
vn -0.573156 0.816037 -0.074674
vn 0.000000 0.999959 -0.009038
vn 0.456103 0.888838 -0.044009
vn 0.573155 0.816037 -0.074673
vn -0.482523 0.838746 -0.252342
vn -0.593791 0.742640 -0.309673
vn -0.000000 0.977995 -0.208626
vn 0.482523 0.838746 -0.252342
vn 0.593791 0.742640 -0.309674
vn -0.669599 0.572934 0.472634
vn -0.669600 0.572934 0.472634
vn -0.669600 0.572934 0.472634
vn -0.669600 0.572934 0.472634
vn 0.669599 0.572934 0.472634
vn 0.669599 0.572934 0.472634
vn 0.669599 0.572934 0.472634
vn 0.669599 0.572934 0.472634
vn -0.777273 0.629059 0.011460
vn -0.777273 0.629059 0.011460
vn -0.777273 0.629059 0.011460
vn -0.777273 0.629059 0.011460
vn 0.777273 0.629059 0.011461
vn 0.777273 0.629059 0.011461
vn 0.777273 0.629059 0.011461
vn 0.777273 0.629059 0.011461
vn -0.744131 0.527484 -0.409914
vn -0.744131 0.527484 -0.409914
vn -0.744131 0.527484 -0.409914
vn -0.744131 0.527484 -0.409914
vn 0.744132 0.527484 -0.409914
vn 0.744132 0.527484 -0.409914
vn 0.744132 0.527484 -0.409914
vn 0.744132 0.527484 -0.409914
vn -0.533637 0.631539 0.562486
vn -0.533637 0.631539 0.562486
vn -0.533637 0.631539 0.562486
vn -0.533637 0.631539 0.562486
vn -0.190298 0.786030 0.588169
vn -0.190298 0.786030 0.588169
vn -0.190298 0.786030 0.588169
vn -0.190298 0.786030 0.588169
vn 0.190298 0.786030 0.588169
vn 0.190298 0.786030 0.588169
vn 0.190298 0.786030 0.588169
vn 0.190298 0.786030 0.588169
vn 0.533637 0.631538 0.562486
vn 0.533637 0.631538 0.562486
vn 0.533637 0.631538 0.562486
vn 0.533637 0.631538 0.562486
vn -0.660599 0.498699 0.561167
vn -0.660599 0.498699 0.561167
vn -0.660599 0.498699 0.561167
vn -0.660599 0.498699 0.561167
vn 0.660599 0.498699 0.561167
vn 0.660599 0.498699 0.561167
vn 0.660599 0.498699 0.561167
vn 0.660599 0.498699 0.561167
vn -0.824452 0.217568 0.522439
vn -0.824452 0.217568 0.522439
vn -0.824452 0.217568 0.522439
vn -0.824452 0.217568 0.522439
vn 0.824452 0.217568 0.522439
vn 0.824452 0.217568 0.522439
vn 0.824452 0.217568 0.522439
vn 0.824452 0.217568 0.522439
vn -0.941285 0.334158 -0.048173
vn -0.941285 0.334158 -0.048173
vn -0.941285 0.334158 -0.048173
vn -0.941285 0.334158 -0.048173
vn 0.941285 0.334158 -0.048173
vn 0.941285 0.334158 -0.048173
vn 0.941285 0.334158 -0.048173
vn 0.941285 0.334158 -0.048173
vn -0.872503 0.283801 -0.397737
vn -0.872504 0.283801 -0.397737
vn -0.872503 0.283801 -0.397737
vn -0.872504 0.283801 -0.397737
vn 0.872504 0.283801 -0.397737
vn 0.872504 0.283801 -0.397737
vn 0.872504 0.283801 -0.397737
vn 0.872504 0.283801 -0.397737
vn -0.983450 -0.180498 0.015703
vn -0.983450 -0.180498 0.015703
vn -0.983450 -0.180498 0.015703
vn -0.983450 -0.180498 0.015703
vn 0.983450 -0.180498 0.015702
vn 0.983450 -0.180498 0.015702
vn 0.983450 -0.180498 0.015702
vn 0.983450 -0.180498 0.015702
vn -0.924060 -0.163417 -0.345555
vn -0.924060 -0.163417 -0.345555
vn -0.924060 -0.163417 -0.345555
vn -0.924060 -0.163417 -0.345555
vn 0.924060 -0.163417 -0.345554
vn 0.924060 -0.163417 -0.345554
vn 0.924060 -0.163417 -0.345554
vn 0.924060 -0.163417 -0.345554
vn -0.468629 0.510616 -0.720873
vn -0.468629 0.510616 -0.720874
vn -0.468629 0.510616 -0.720874
vn -0.468629 0.510616 -0.720873
vn -0.363010 0.648051 -0.669518
vn -0.363010 0.648051 -0.669518
vn -0.363010 0.648051 -0.669518
vn -0.363010 0.648051 -0.669518
vn 0.363010 0.648051 -0.669517
vn 0.363010 0.648051 -0.669517
vn 0.363010 0.648051 -0.669517
vn 0.363010 0.648051 -0.669517
vn 0.468629 0.510616 -0.720873
vn 0.468629 0.510615 -0.720873
vn 0.468629 0.510616 -0.720873
vn 0.468629 0.510616 -0.720873
vn -0.593731 0.369482 -0.714820
vn -0.593731 0.369481 -0.714820
vn -0.593731 0.369481 -0.714820
vn -0.593731 0.369481 -0.714820
vn 0.593731 0.369482 -0.714820
vn 0.593731 0.369482 -0.714820
vn 0.593731 0.369482 -0.714820
vn 0.593731 0.369482 -0.714820
vn -0.661196 0.186576 -0.726642
vn -0.661196 0.186576 -0.726642
vn -0.661196 0.186576 -0.726642
vn -0.661196 0.186576 -0.726642
vn 0.661196 0.186576 -0.726642
vn 0.661196 0.186576 -0.726642
vn 0.661196 0.186576 -0.726642
vn 0.661196 0.186576 -0.726642
vn -0.740282 -0.156130 -0.653915
vn -0.740282 -0.156130 -0.653915
vn -0.740282 -0.156130 -0.653915
vn -0.740282 -0.156130 -0.653915
vn 0.740282 -0.156130 -0.653916
vn 0.740282 -0.156130 -0.653916
vn 0.740282 -0.156130 -0.653916
vn 0.740282 -0.156130 -0.653916
vn -0.307577 0.040523 -0.950660
vn -0.307577 0.040523 -0.950660
vn -0.307577 0.040523 -0.950660
vn -0.307577 0.040523 -0.950660
vn 0.307577 0.040523 -0.950660
vn 0.307577 0.040523 -0.950660
vn 0.307577 0.040523 -0.950660
vn 0.307577 0.040523 -0.950660
vn -0.467643 -0.297400 -0.832384
vn -0.467643 -0.297400 -0.832384
vn -0.467643 -0.297400 -0.832384
vn -0.467643 -0.297400 -0.832384
vn 0.467643 -0.297400 -0.832384
vn 0.467643 -0.297400 -0.832384
vn 0.467643 -0.297400 -0.832384
vn 0.467643 -0.297400 -0.832384
vn -0.224219 -0.442523 -0.868274
vn -0.224219 -0.442523 -0.868274
vn -0.224219 -0.442523 -0.868274
vn -0.224219 -0.442523 -0.868274
vn 0.224220 -0.442523 -0.868274
vn 0.224220 -0.442523 -0.868274
vn 0.224220 -0.442523 -0.868274
vn 0.224220 -0.442523 -0.868274
vn -0.000001 -0.497142 -0.867669
vn -0.000001 -0.497142 -0.867669
vn -0.000001 -0.497142 -0.867669
vn -0.000001 -0.497142 -0.867669
vn -0.865849 -0.244360 0.436571
vn -0.865849 -0.244360 0.436570
vn -0.865849 -0.244360 0.436570
vn 0.865849 -0.244360 0.436570
vn 0.865849 -0.244360 0.436570
vn 0.865849 -0.244359 0.436570
vn -0.829899 0.143046 0.539264
vn -0.829899 0.143046 0.539264
vn -0.829899 0.143046 0.539264
vn 0.829899 0.143046 0.539264
vn 0.829899 0.143046 0.539264
vn 0.829899 0.143046 0.539264
vn 0.532451 -0.739151 -0.412495
vn 0.545276 -0.801232 -0.246375
vn 0.412509 -0.874488 -0.255159
vn 0.384679 -0.821236 -0.421418
vn 0.000000 -0.963026 -0.269409
vn 0.000000 -0.901434 -0.432916
vn -0.412510 -0.874488 -0.255159
vn -0.384679 -0.821236 -0.421418
vn -0.545276 -0.801232 -0.246375
vn -0.532451 -0.739151 -0.412495
vn 0.572140 -0.817087 0.070888
vn 0.456329 -0.888818 0.042033
vn 0.000000 -0.999987 0.005121
vn -0.456329 -0.888818 0.042033
vn -0.572140 -0.817086 0.070888
vn 0.593845 -0.742613 0.309634
vn 0.482805 -0.838888 0.251330
vn 0.000000 -0.978526 0.206122
vn -0.482805 -0.838888 0.251330
vn -0.593845 -0.742613 0.309634
vn 0.669759 -0.573004 -0.472323
vn 0.669759 -0.573004 -0.472323
vn 0.669759 -0.573004 -0.472323
vn 0.669759 -0.573004 -0.472323
vn -0.669759 -0.573004 -0.472323
vn -0.669759 -0.573004 -0.472323
vn -0.669759 -0.573004 -0.472323
vn -0.669759 -0.573004 -0.472323
vn 0.777094 -0.629280 -0.011498
vn 0.777094 -0.629280 -0.011498
vn 0.777094 -0.629280 -0.011498
vn 0.777094 -0.629280 -0.011498
vn -0.777094 -0.629280 -0.011498
vn -0.777094 -0.629280 -0.011498
vn -0.777094 -0.629280 -0.011498
vn -0.777094 -0.629280 -0.011498
vn 0.743893 -0.527083 0.410861
vn 0.743893 -0.527083 0.410861
vn 0.743893 -0.527083 0.410861
vn 0.743893 -0.527083 0.410861
vn -0.743893 -0.527083 0.410861
vn -0.743893 -0.527083 0.410861
vn -0.743893 -0.527083 0.410862
vn -0.743893 -0.527083 0.410861
vn 0.533946 -0.631329 -0.562428
vn 0.533946 -0.631329 -0.562428
vn 0.533946 -0.631329 -0.562428
vn 0.533946 -0.631329 -0.562428
vn 0.190171 -0.785995 -0.588257
vn 0.190171 -0.785995 -0.588257
vn 0.190171 -0.785995 -0.588257
vn 0.190171 -0.785995 -0.588257
vn -0.190171 -0.785995 -0.588257
vn -0.190171 -0.785995 -0.588257
vn -0.190171 -0.785995 -0.588257
vn -0.190171 -0.785995 -0.588257
vn -0.533946 -0.631329 -0.562428
vn -0.533946 -0.631329 -0.562428
vn -0.533946 -0.631329 -0.562428
vn -0.533946 -0.631329 -0.562428
vn 0.661043 -0.498389 -0.560919
vn 0.661043 -0.498389 -0.560919
vn 0.661043 -0.498389 -0.560919
vn 0.661043 -0.498389 -0.560919
vn -0.661043 -0.498389 -0.560919
vn -0.661043 -0.498389 -0.560919
vn -0.661043 -0.498389 -0.560919
vn -0.661043 -0.498389 -0.560919
vn 0.824165 -0.216917 -0.523163
vn 0.824165 -0.216917 -0.523163
vn 0.824165 -0.216917 -0.523163
vn 0.824165 -0.216917 -0.523163
vn -0.824165 -0.216917 -0.523163
vn -0.824165 -0.216917 -0.523163
vn -0.824165 -0.216917 -0.523163
vn -0.824165 -0.216917 -0.523163
vn 0.940686 -0.335591 0.049895
vn 0.940686 -0.335591 0.049895
vn 0.940686 -0.335591 0.049895
vn 0.940686 -0.335591 0.049895
vn -0.940686 -0.335591 0.049895
vn -0.940686 -0.335591 0.049895
vn -0.940686 -0.335591 0.049895
vn -0.940686 -0.335591 0.049895
vn 0.872595 -0.283930 0.397443
vn 0.872595 -0.283930 0.397443
vn 0.872595 -0.283930 0.397443
vn 0.872595 -0.283930 0.397443
vn -0.872595 -0.283930 0.397443
vn -0.872595 -0.283930 0.397443
vn -0.872595 -0.283930 0.397443
vn -0.872595 -0.283930 0.397443
vn 0.983516 0.180024 -0.016953
vn 0.983516 0.180024 -0.016953
vn 0.983516 0.180024 -0.016953
vn 0.983516 0.180024 -0.016953
vn -0.983516 0.180024 -0.016953
vn -0.983516 0.180024 -0.016953
vn -0.983516 0.180024 -0.016953
vn -0.983516 0.180024 -0.016953
vn 0.924319 0.163388 0.344876
vn 0.924319 0.163388 0.344876
vn 0.924319 0.163388 0.344876
vn 0.924319 0.163388 0.344876
vn -0.924319 0.163388 0.344876
vn -0.924319 0.163388 0.344876
vn -0.924319 0.163388 0.344876
vn -0.924319 0.163388 0.344876
vn 0.469008 -0.510072 0.721012
vn 0.469008 -0.510072 0.721012
vn 0.469008 -0.510072 0.721012
vn 0.469008 -0.510072 0.721012
vn 0.364130 -0.648566 0.668410
vn 0.364130 -0.648566 0.668410
vn 0.364130 -0.648566 0.668410
vn 0.364130 -0.648566 0.668410
vn -0.364130 -0.648566 0.668410
vn -0.364130 -0.648566 0.668410
vn -0.364130 -0.648566 0.668410
vn -0.364130 -0.648566 0.668410
vn -0.469008 -0.510072 0.721012
vn -0.469008 -0.510072 0.721012
vn -0.469008 -0.510072 0.721012
vn -0.469008 -0.510072 0.721012
vn 0.594177 -0.369270 0.714558
vn 0.594177 -0.369270 0.714558
vn 0.594177 -0.369270 0.714558
vn 0.594177 -0.369270 0.714558
vn -0.594177 -0.369270 0.714558
vn -0.594177 -0.369270 0.714558
vn -0.594177 -0.369270 0.714558
vn -0.594177 -0.369270 0.714558
vn 0.661138 -0.186592 0.726691
vn 0.661138 -0.186592 0.726691
vn 0.661138 -0.186592 0.726691
vn 0.661138 -0.186592 0.726691
vn -0.661138 -0.186592 0.726691
vn -0.661138 -0.186592 0.726691
vn -0.661138 -0.186592 0.726691
vn -0.661139 -0.186592 0.726691
vn 0.740356 0.155486 0.653985
vn 0.740356 0.155486 0.653986
vn 0.740356 0.155486 0.653986
vn 0.740356 0.155486 0.653986
vn -0.740356 0.155486 0.653985
vn -0.740356 0.155486 0.653986
vn -0.740356 0.155486 0.653986
vn -0.740356 0.155486 0.653985
vn 0.306203 -0.041466 0.951063
vn 0.306203 -0.041466 0.951063
vn 0.306203 -0.041466 0.951063
vn 0.306203 -0.041466 0.951063
vn -0.306203 -0.041466 0.951063
vn -0.306203 -0.041466 0.951063
vn -0.306203 -0.041466 0.951063
vn -0.306203 -0.041466 0.951063
vn 0.467745 0.297106 0.832431
vn 0.467745 0.297106 0.832431
vn 0.467745 0.297106 0.832431
vn 0.467745 0.297106 0.832431
vn -0.467745 0.297106 0.832431
vn -0.467745 0.297106 0.832431
vn -0.467745 0.297106 0.832431
vn -0.467745 0.297106 0.832431
vn 0.224218 0.442522 0.868274
vn 0.224218 0.442522 0.868274
vn 0.224218 0.442522 0.868274
vn 0.224218 0.442522 0.868274
vn -0.224218 0.442522 0.868274
vn -0.224218 0.442522 0.868274
vn -0.224218 0.442522 0.868274
vn -0.224218 0.442522 0.868274
vn 0.000000 0.497142 0.867669
vn 0.000000 0.497142 0.867669
vn 0.000000 0.497142 0.867669
vn 0.000000 0.497142 0.867669
vn 0.866151 0.243687 -0.436347
vn 0.866151 0.243687 -0.436347
vn 0.866151 0.243687 -0.436347
vn -0.866151 0.243687 -0.436347
vn -0.866151 0.243687 -0.436347
vn -0.866151 0.243687 -0.436347
vn 0.829652 -0.142103 -0.539894
vn 0.829652 -0.142103 -0.539894
vn 0.829652 -0.142103 -0.539894
vn -0.829652 -0.142103 -0.539894
vn -0.829652 -0.142103 -0.539894
vn -0.829652 -0.142103 -0.539894
vn 0.114728 -0.654789 0.747053
vn 0.046840 -0.624078 0.779957
vn 0.043942 -0.622042 0.781750
vn 0.103717 -0.650932 0.752018
vn -0.000000 -0.610208 0.792241
vn -0.000000 -0.610209 0.792241
vn -0.046840 -0.624078 0.779957
vn -0.043942 -0.622042 0.781750
vn -0.114728 -0.654789 0.747054
vn -0.103717 -0.650931 0.752018
vn 0.082181 -0.731457 0.676917
vn 0.095864 -0.721380 0.685872
vn -0.082173 -0.731454 0.676921
vn -0.095857 -0.721378 0.685875
vn 0.099612 -0.911109 0.399947
vn 0.151438 -0.913342 0.377986
vn 0.149759 -0.913402 0.378508
vn 0.087649 -0.910501 0.404111
vn -0.151432 -0.913342 0.377988
vn -0.099612 -0.911109 0.399947
vn -0.087649 -0.910501 0.404112
vn -0.149754 -0.913402 0.378511
vn -0.066540 -0.890598 0.449897
vn -0.083964 -0.886961 0.454149
vn 0.066540 -0.890598 0.449897
vn 0.083964 -0.886960 0.454149
vn 0.508816 -0.510658 -0.693062
vn 0.583692 -0.420080 -0.694864
vn 0.583692 -0.420080 -0.694864
vn 0.491444 -0.529593 -0.691386
vn 0.397515 -0.620893 -0.675628
vn 0.397515 -0.620893 -0.675628
vn -0.508815 -0.510657 -0.693064
vn -0.397513 -0.620892 -0.675630
vn -0.397513 -0.620892 -0.675630
vn -0.491442 -0.529592 -0.691388
vn -0.583691 -0.420079 -0.694866
vn -0.583691 -0.420079 -0.694866
vn 0.865317 0.130917 -0.483825
vn 0.861307 0.332007 -0.384605
vn 0.861698 0.329031 -0.386283
vn 0.865317 0.130917 -0.483825
vn -0.861308 0.332007 -0.384604
vn -0.865318 0.130916 -0.483824
vn -0.865318 0.130916 -0.483824
vn -0.861699 0.329031 -0.386282
vn -0.186201 -0.868838 0.458748
vn -0.187389 -0.870068 0.455924
vn 0.186200 -0.868838 0.458748
vn 0.187388 -0.870068 0.455924
vn 0.788961 0.551083 -0.271750
vn 0.787039 0.553627 -0.272152
vn 0.753589 0.595442 -0.278482
vn 0.753589 0.595442 -0.278482
vn -0.753589 0.595442 -0.278481
vn -0.788961 0.551083 -0.271750
vn -0.787039 0.553627 -0.272152
vn -0.753589 0.595442 -0.278481
vn -0.154938 -0.880299 0.448406
vn -0.148295 -0.880956 0.449360
vn 0.154938 -0.880299 0.448406
vn 0.148295 -0.880956 0.449360
vn 0.314320 0.866821 -0.387072
vn 0.263141 0.875552 -0.405174
vn 0.257935 0.876286 -0.406931
vn 0.314320 0.866821 -0.387072
vn -0.061428 -0.883976 0.463479
vn -0.059377 -0.883880 0.463929
vn 0.061428 -0.883977 0.463478
vn 0.059377 -0.883881 0.463928
vn -0.263140 0.875552 -0.405174
vn -0.314319 0.866821 -0.387073
vn -0.314319 0.866821 -0.387073
vn -0.257934 0.876286 -0.406932
vn 0.069022 -0.834956 0.545971
vn 0.080713 -0.861348 0.501562
vn -0.069010 -0.834952 0.545978
vn -0.080703 -0.861348 0.501565
s 1
g Head_uv HairScarf
usemtl standardSurface8SG
f 90/37/73 91/38/74 92/39/75 93/40/76
f 91/38/74 94/41/77 95/192/78 92/39/75
f 94/188/77 96/43/79 97/44/80 95/42/78
f 96/43/79 98/45/81 99/46/82 97/44/80
f 93/40/76 92/39/75 100/47/83 101/48/84
f 92/39/75 95/192/78 102/191/85 100/47/83
f 95/42/78 97/44/80 103/50/86 102/49/85
f 97/44/80 99/46/82 104/51/87 103/50/86
f 101/48/84 100/47/83 105/52/88 106/53/89
f 100/47/83 102/191/85 107/185/90 105/52/88
f 102/49/85 103/50/86 108/55/91 107/54/90
f 103/50/86 104/51/87 109/56/92 108/55/91
s off
f 90/37/93 93/40/94 110/254/95 111/248/96
f 99/46/97 98/45/98 112/245/99 113/253/100
f 93/40/101 101/48/102 114/252/103 110/254/104
f 104/51/105 99/46/106 113/253/107 115/251/108
f 101/48/109 106/53/110 116/63/111 114/252/112
f 109/56/113 104/51/114 115/251/115 117/241/116
f 91/38/117 90/37/118 118/65/119 119/66/120
f 94/41/121 91/38/122 119/66/123 120/189/124
f 96/43/125 94/188/126 120/67/127 121/68/128
f 98/45/129 96/43/130 121/68/131 122/69/132
f 90/37/133 111/248/134 123/249/135 118/65/136
f 112/245/137 98/45/138 122/69/139 124/246/140
f 111/58/141 110/57/142 125/72/143 126/73/144
f 113/60/145 112/59/146 127/74/147 128/75/148
f 110/57/149 114/61/150 129/76/151 125/72/152
f 115/62/153 113/60/154 128/75/155 130/77/156
f 114/61/157 116/243/158 131/78/159 129/76/160
f 117/64/161 115/62/162 130/77/163 132/79/164
f 125/72/165 129/76/166 133/80/167 134/81/168
f 130/77/169 128/75/170 135/82/171 136/83/172
f 129/76/173 131/78/174 137/84/175 133/80/176
f 132/79/177 130/77/178 136/83/179 138/85/180
f 106/53/181 105/52/182 139/86/183 140/87/184
f 105/52/185 107/185/186 141/186/187 139/86/188
f 107/54/189 108/55/190 142/89/191 141/88/192
f 108/55/193 109/56/194 143/90/195 142/89/196
f 116/63/197 106/53/198 140/87/199 144/240/200
f 109/56/201 117/241/202 145/242/203 143/90/204
f 131/78/205 116/243/206 144/244/207 146/180/208
f 117/64/209 132/79/210 147/177/211 145/238/212
f 137/84/213 131/78/214 146/180/215 148/181/216
f 132/79/217 138/85/218 149/178/219 147/177/220
f 146/93/221 144/91/222 150/97/223 151/98/224
f 145/92/225 147/94/226 152/99/227 153/100/228
f 148/95/229 146/93/230 151/98/231 154/101/232
f 147/94/233 149/96/234 155/102/235 152/99/236
f 154/101/237 151/98/238 156/103/239 157/104/240
f 152/99/241 155/102/242 158/105/243 159/106/244
f 157/104/245 156/103/246 159/106/247 158/105/248
f 126/73/249 125/72/250 134/81/251
f 128/75/252 127/74/253 135/82/254
f 123/70/255 111/58/256 126/73/257
f 112/59/258 124/71/259 127/74/260
s 2
f 20/107/261 25/108/262 26/109/263 21/110/264
f 21/110/264 26/109/263 27/111/265 22/194/266
f 22/112/266 27/196/265 28/113/267 23/114/268
f 23/114/268 28/113/267 29/115/269 24/116/270
f 25/108/262 30/117/271 31/118/272 26/109/263
f 26/109/263 31/118/272 32/119/273 27/111/265
f 27/196/265 32/195/273 33/120/274 28/113/267
f 28/113/267 33/120/274 34/121/275 29/115/269
f 30/117/271 35/122/276 36/123/277 31/118/272
f 31/118/272 36/123/277 37/124/278 32/119/273
f 32/195/273 37/193/278 38/125/279 33/120/274
f 33/120/274 38/125/279 39/126/280 34/121/275
s off
f 20/107/281 40/127/282 41/128/283 25/108/284
f 29/115/285 43/129/286 42/130/287 24/116/288
f 25/108/289 41/128/290 44/131/291 30/117/292
f 34/121/293 45/132/294 43/129/295 29/115/296
f 30/117/297 44/131/298 46/133/299 35/122/300
f 39/126/301 47/134/302 45/132/303 34/121/304
f 21/110/305 49/236/306 48/232/307 20/107/308
f 22/194/309 50/190/310 49/236/311 21/110/312
f 23/114/313 51/233/314 50/234/315 22/112/316
f 24/116/317 52/231/318 51/233/319 23/114/320
f 20/107/321 48/232/322 53/216/323 40/127/324
f 42/130/325 54/214/326 52/231/327 24/116/328
f 40/127/329 55/215/330 56/143/331 41/128/332
f 43/129/333 58/144/334 57/213/335 42/130/336
f 41/128/337 56/143/338 59/146/339 44/131/340
f 45/132/341 60/147/342 58/144/343 43/129/344
f 44/131/345 59/146/346 61/148/347 46/133/348
f 47/134/349 62/149/350 60/147/351 45/132/352
f 56/143/353 63/218/354 64/230/355 59/146/356
f 60/147/357 66/229/358 65/217/359 58/144/360
f 59/146/361 64/230/362 67/228/363 61/148/364
f 62/149/365 68/227/366 66/229/367 60/147/368
f 35/122/369 69/208/370 70/212/371 36/123/372
f 36/123/373 70/212/374 71/210/375 37/124/376
f 37/193/377 71/187/378 72/209/379 38/125/380
f 38/125/381 72/209/382 73/207/383 39/126/384
f 46/133/385 74/206/386 69/208/387 35/122/388
f 39/126/389 73/207/390 75/202/391 47/134/392
f 61/148/393 76/184/394 74/206/395 46/133/396
f 47/134/397 75/202/398 77/183/399 62/149/400
f 67/228/401 78/225/402 76/184/403 61/148/404
f 62/149/405 77/183/406 79/179/407 68/227/408
f 76/163/409 81/200/410 80/204/411 74/205/412
f 75/203/413 82/201/414 83/199/415 77/164/416
f 78/182/417 84/222/418 81/200/419 76/163/420
f 77/164/421 83/199/422 85/221/423 79/223/424
f 84/222/425 87/219/426 86/197/427 81/200/428
f 83/199/429 88/198/430 89/220/431 85/221/432
f 87/219/433 89/220/434 88/198/435 86/197/436
f 55/215/437 63/218/438 56/143/439
f 58/144/440 65/217/441 57/213/442
f 53/216/443 55/215/444 40/127/445
f 42/130/446 57/213/447 54/214/448
s 3
f 48/136/449 49/135/450 119/66/451 118/65/452
f 49/135/450 50/235/453 120/189/454 119/66/451
f 50/137/453 51/138/455 121/68/456 120/67/454
f 51/138/455 52/139/457 122/69/458 121/68/456
f 53/140/459 48/136/449 118/65/452 123/249/460
f 52/139/457 54/247/461 124/246/462 122/69/458
f 64/151/463 63/150/464 134/81/465 133/80/466
f 65/153/467 66/152/468 136/83/469 135/82/470
f 67/154/471 64/151/463 133/80/466 137/84/472
f 66/152/468 68/155/473 138/85/474 136/83/469
s 6
f 70/157/475 69/156/476 140/87/477 139/86/478
f 71/158/479 70/157/475 139/86/478 141/186/480
s 7
f 72/159/481 71/211/482 141/88/483 142/89/484
f 73/160/485 72/159/481 142/89/484 143/90/486
s 8
f 69/156/487 74/239/488 144/240/489 140/87/490
s 9
f 75/162/491 73/160/492 143/90/493 145/242/494
s 3
f 78/165/495 67/154/471 137/84/472 148/181/496
f 68/155/473 79/224/497 149/178/498 138/85/474
s 8
f 74/161/488 80/168/499 150/97/500 144/91/489
f 80/168/499 81/167/501 151/98/502 150/97/500
s 9
f 83/170/503 82/169/504 153/100/505 152/99/506
f 82/169/504 75/237/491 145/92/494 153/100/505
s 3
f 84/171/507 78/226/495 148/95/496 154/101/508
f 79/166/497 85/172/509 155/102/510 149/96/498
s 10
f 81/167/511 86/174/512 156/103/513 151/98/514
s 3
f 87/173/515 84/171/507 154/101/508 157/104/516
f 85/172/509 89/176/517 158/105/518 155/102/510
s 10
f 88/175/519 83/170/520 152/99/521 159/106/522
f 86/174/512 88/175/519 159/106/522 156/103/513
s 3
f 89/176/517 87/173/515 157/104/516 158/105/518
f 63/150/464 55/142/523 126/73/524 134/81/465
f 57/145/525 65/153/467 135/82/470 127/74/526
f 55/142/523 53/250/459 123/70/460 126/73/524
f 54/141/461 57/145/525 127/74/526 124/71/462
g default
v -1.937854 7.673164 1.825206
v -1.032348 8.008124 2.416366
v 0.000000 8.788438 2.633343
v 1.032348 8.008124 2.416366
v 1.937854 7.673164 1.825206
v -1.882805 8.663623 1.953280
v -0.979021 9.048706 2.550756
v 0.000000 9.417546 2.695658
v 0.979021 9.048706 2.550756
v 1.882805 8.663623 1.953280
v -2.237754 8.713231 -1.251974
v 2.237754 8.713231 -1.251974
v -1.996167 7.969961 -1.846229
v 1.996167 7.969961 -1.846229
v -1.849461 6.959658 -1.693303
v -1.026482 6.854894 -2.224545
v 0.000000 6.706820 -2.379824
v 1.026482 6.854894 -2.224545
v 1.849461 6.959658 -1.693303
v 2.309034 7.227288 -1.109700
v 2.596549 7.936948 -0.610158
v 2.716047 7.998650 0.089546
v 2.423150 7.788719 1.069016
v 2.415897 8.868031 -0.795218
v 2.582003 8.797473 0.020543
v 2.397661 8.701644 0.994024
v -2.309034 7.227288 -1.109700
v -2.596549 7.936948 -0.610158
v -2.716047 7.998650 0.089546
v -2.423150 7.788719 1.069016
v -2.415897 8.868031 -0.795218
v -2.582003 8.797473 0.020543
v -2.397661 8.701644 0.994024
v -2.472098 7.499357 -0.967953
v -1.976400 7.552112 -1.785459
v 1.976400 7.552112 -1.785459
v 2.472098 7.499357 -0.967953
v -1.896073 7.289492 -1.718965
v -1.598421 7.035727 -2.008904
v 1.598421 7.035727 -2.008904
v 1.896073 7.289492 -1.718965
v -1.509239 6.784464 -1.698272
v -0.994613 6.623563 -1.998130
v 0.000000 6.437055 -2.157023
v 0.994613 6.623563 -1.998130
v 1.509239 6.784464 -1.698272
v 2.377159 6.464604 0.519300
v 1.968648 6.142777 1.234951
v -2.377159 6.464603 0.519300
v -1.968648 6.142777 1.234951
v -2.626189 7.419311 0.251844
v -2.328439 7.226183 1.131682
v 2.626189 7.419311 0.251844
v 2.328439 7.226183 1.131682
v -2.544584 7.049325 0.355494
v -2.251881 6.798369 1.171703
v 2.544584 7.049325 0.355494
v 2.251881 6.798369 1.171703
v -2.080270 7.667094 1.964075
v -1.096895 7.988462 2.602102
v -1.061809 9.084588 2.735441
v -2.029384 8.697121 2.086632
v 0.000000 8.766422 2.826214
v 0.000000 9.468617 2.896872
v 1.096895 7.988462 2.602103
v 1.061809 9.084587 2.735441
v 2.080270 7.667094 1.964075
v 2.029384 8.697121 2.086632
v -0.997925 9.878072 2.347422
v -1.729884 9.562684 1.904352
v 0.000000 10.029413 2.534960
v 0.997925 9.878072 2.347422
v 1.729884 9.562684 1.904352
v -1.076913 10.613190 1.245152
v -2.100537 9.901672 1.176171
v 0.000000 10.802056 1.278546
v 1.076913 10.613190 1.245152
v 2.100538 9.901672 1.176171
v -1.238280 10.880338 0.050812
v -2.310072 10.219638 0.050374
v 0.000000 11.114853 0.064124
v 1.238280 10.880338 0.050812
v 2.310072 10.219638 0.050374
v -1.199137 10.616296 -1.143787
v -2.084462 9.969144 -1.027495
v -0.000000 10.847941 -1.201930
v 1.199137 10.616296 -1.143787
v 2.084462 9.969144 -1.027495
v -1.095916 9.994185 -1.984361
v -1.776685 9.710496 -1.683963
v -0.000000 10.183816 -2.181966
v 1.095916 9.994185 -1.984361
v 1.776684 9.710496 -1.683963
v -1.143431 9.127839 -2.530962
v -2.037286 9.033850 -1.923237
v -0.000000 9.160004 -2.700011
v 1.143431 9.127839 -2.530962
v 2.037286 9.033850 -1.923237
v -1.141164 7.980826 -2.667562
v -2.146944 7.970446 -1.978003
v -0.000000 7.991930 -2.899510
v 1.141164 7.980826 -2.667563
v 2.146944 7.970448 -1.978003
v -2.036654 7.160968 -1.840694
v -1.113368 7.103022 -2.485030
v -1.101522 6.754598 -2.383526
v -1.984261 6.863067 -1.806764
v -0.000000 7.082730 -2.688896
v -0.000000 6.695230 -2.554298
v 1.113368 7.103022 -2.485030
v 1.101522 6.754598 -2.383526
v 2.036654 7.160969 -1.840694
v 1.984261 6.863067 -1.806763
v 2.471091 7.174445 -1.200443
v 2.777805 7.950858 -0.681310
v 2.594681 8.917053 -0.859176
v 2.916259 7.992652 0.093818
v 2.775116 8.845744 0.024908
v 2.605828 7.790986 1.137333
v 2.575323 8.741005 1.068487
v -2.471091 7.174445 -1.200442
v -2.777805 7.950858 -0.681310
v -2.594680 8.917053 -0.859176
v -2.916259 7.992652 0.093818
v -2.775115 8.845744 0.024908
v -2.605828 7.790986 1.137332
v -2.575323 8.741005 1.068487
v -2.639343 7.463978 -1.057094
v -2.121947 7.512388 -1.915884
v -1.128489 7.505675 -2.587410
v -0.000000 7.472017 -2.819031
v 1.128490 7.505675 -2.587410
v 2.121947 7.512388 -1.915884
v 2.639343 7.463978 -1.057094
v -1.062070 6.489126 -2.123791
v -1.600533 6.643851 -1.793636
v -0.000000 6.315333 -2.311570
v 1.062070 6.489126 -2.123791
v 1.600533 6.643851 -1.793636
v 2.724465 7.009822 0.414472
v 2.431762 6.758867 1.230681
v 2.144029 6.090148 1.295553
v 2.552540 6.411975 0.579903
v -2.809548 7.396798 0.307407
v -2.511799 7.203670 1.187245
v -2.724465 7.009822 0.414472
v -2.431762 6.758867 1.230681
v 2.511799 7.203670 1.187245
v 2.809549 7.396798 0.307407
v -2.552540 6.411975 0.579903
v -2.144029 6.090148 1.295554
vt 0.159786 0.508271
vt 0.200719 0.508271
vt 0.212949 0.543278
vt 0.170799 0.542177
vt 0.249151 0.522706
vt 0.249219 0.549190
vt 0.297456 0.508110
vt 0.285459 0.543135
vt 0.338302 0.507790
vt 0.327640 0.541779
vt 0.215073 0.573624
vt 0.183151 0.572752
vt 0.249276 0.572928
vt 0.283493 0.573473
vt 0.315435 0.572434
vt 0.238732 0.924648
vt 0.237951 0.874975
vt 0.254842 0.962965
vt 0.253904 0.922892
vt 0.336408 0.594756
vt 0.195860 0.923411
vt 0.196796 0.879956
vt 0.301028 0.965213
vt 0.296776 0.921644
vt 0.295829 0.878189
vt 0.153727 0.917352
vt 0.159734 0.880393
vt 0.351250 0.957303
vt 0.338907 0.915576
vt 0.332892 0.878618
vt 0.119420 0.905486
vt 0.134147 0.881898
vt 0.393950 0.936466
vt 0.373212 0.903702
vt 0.358479 0.880117
vt 0.093814 0.881122
vt 0.123123 0.858679
vt 0.429325 0.906992
vt 0.398812 0.879331
vt 0.369497 0.856895
vt 0.070951 0.848401
vt 0.108192 0.825727
vt 0.455700 0.868616
vt 0.421667 0.846605
vt 0.384421 0.823940
vt 0.094641 0.800662
vt 0.058000 0.820140
vt 0.053043 0.808542
vt 0.088506 0.791601
vt 0.021691 0.838101
vt 0.476454 0.822129
vt 0.434612 0.818341
vt 0.439566 0.806742
vt 0.397966 0.798871
vt 0.321444 0.668144
vt 0.371589 0.785916
vt 0.368758 0.710877
vt 0.332407 0.837186
vt 0.405192 0.672744
vt 0.301704 0.828514
vt 0.450930 0.653397
vt 0.264267 0.824518
vt 0.146774 0.682443
vt 0.156596 0.803605
vt 0.160209 0.838962
vt 0.094989 0.673845
vt 0.190909 0.830282
vt 0.129120 0.654766
vt 0.132460 0.554874
vt 0.101377 0.811638
vt 0.133876 0.793653
vt 0.063790 0.833295
vt 0.464927 0.850568
vt 0.428825 0.831497
vt 0.391233 0.809849
vt 0.355804 0.693103
vt 0.048952 0.796101
vt 0.186491 0.660938
vt 0.481608 0.806748
vt 0.443655 0.794300
vt 0.307617 0.661234
vt 0.405157 0.635530
vt 0.379444 0.616613
vt 0.383194 0.590987
vt 0.405710 0.612916
vt 0.095867 0.651119
vt 0.124941 0.634112
vt 0.095865 0.636640
vt 0.122000 0.618310
vt 0.447817 0.632510
vt 0.404828 0.650005
vt 0.095824 0.614020
vt 0.060995 0.591914
vt 0.159466 0.501511
vt 0.178094 0.438796
vt 0.215690 0.422918
vt 0.201373 0.501710
vt 0.250649 0.409386
vt 0.249134 0.515506
vt 0.285607 0.422923
vt 0.296758 0.501553
vt 0.323200 0.438806
vt 0.338526 0.501115
vt 0.175912 0.686321
vt 0.176196 0.674052
vt 0.211399 0.675054
vt 0.190151 0.680357
vt 0.303862 0.680635
vt 0.282641 0.675229
vt 0.317848 0.674399
vt 0.318070 0.686672
vt 0.343132 0.688048
vt 0.364175 0.716110
vt 0.344831 0.746932
vt 0.330868 0.738181
vt 0.313955 0.710558
vt 0.385986 0.732048
vt 0.370324 0.755474
vt 0.444023 0.653443
vt 0.361828 0.440509
vt 0.150855 0.687598
vt 0.179895 0.710183
vt 0.162986 0.737643
vt 0.149122 0.746361
vt 0.129576 0.715585
vt 0.123858 0.755027
vt 0.088039 0.672618
vt 0.092704 0.771438
vt 0.126362 0.510708
vt 0.177292 0.696232
vt 0.142901 0.697802
vt 0.351032 0.698280
vt 0.316635 0.696589
vt 0.188600 0.667013
vt 0.210006 0.663308
vt 0.247061 0.658465
vt 0.247030 0.670744
vt 0.284091 0.663490
vt 0.305479 0.667299
vt 0.411993 0.635999
vt 0.412512 0.613843
vt 0.387629 0.585775
vt 0.438871 0.617599
vt 0.060019 0.633550
vt 0.088984 0.650999
vt 0.062565 0.617952
vt 0.089020 0.636955
vt 0.411712 0.650040
vt 0.441064 0.633250
vt 0.067679 0.592816
vt 0.091508 0.608705
vt 0.228346 0.826277
vt 0.162237 0.595156
vt 0.125925 0.518022
vt 0.143933 0.472710
vt 0.366018 0.554231
vt 0.254674 0.873219
vt 0.372330 0.517196
vt 0.371818 0.509679
vt 0.292381 0.618978
vt 0.249376 0.626044
vt 0.206347 0.619161
vt 0.176050 0.474238
vt 0.213682 0.460153
vt 0.287610 0.460158
vt 0.325239 0.474248
vt 0.250648 0.431824
vt 0.102284 0.727467
vt 0.227523 0.791569
vt 0.107910 0.731833
vt 0.304659 0.798178
vt 0.265082 0.789809
vt 0.412168 0.671675
vt 0.056605 0.653671
vt 0.421046 0.745191
vt 0.376146 0.632345
vt 0.445762 0.616858
vt 0.055692 0.617056
vt 0.118830 0.592605
vt 0.114513 0.587295
vt 0.089002 0.614793
vt 0.371501 0.652899
vt 0.053284 0.632658
vt 0.049700 0.653469
vt 0.410144 0.607700
vt 0.441029 0.591603
vt 0.434326 0.592354
vt 0.285092 0.656624
vt 0.420160 0.785912
vt 0.404099 0.789808
vt 0.247078 0.651470
vt 0.209038 0.656438
vt 0.172631 0.667780
vt 0.072445 0.787708
vt 0.347242 0.682915
vt 0.358729 0.791872
vt 0.121015 0.787701
vt 0.138169 0.692588
vt 0.336012 0.801828
vt 0.125142 0.710341
vt 0.187948 0.799947
vt 0.391348 0.727708
vt 0.073033 0.745499
vt 0.139467 0.440494
vt 0.357357 0.472724
vt 0.401753 0.771420
vt 0.016158 0.823937
vt 0.011001 0.808557
vt 0.027692 0.852374
vt 0.470925 0.836294
vt 0.036923 0.870420
vt 0.063308 0.908790
vt 0.098689 0.938256
vt 0.141395 0.959082
vt 0.191618 0.966981
vt 0.237803 0.964722
vn -0.528314 -0.080367 0.845237
vn -0.423079 -0.090175 0.901594
vn -0.393311 0.135224 0.909407
vn -0.565159 0.055570 0.823108
vn -0.000000 -0.110440 0.993883
vn -0.000000 0.230792 0.973003
vn 0.423079 -0.090175 0.901594
vn 0.393311 0.135224 0.909407
vn 0.528314 -0.080367 0.845237
vn 0.565159 0.055571 0.823108
vn -0.437476 0.435147 0.786931
vn -0.605819 0.374068 0.702179
vn 0.000000 0.494359 0.869258
vn 0.437476 0.435147 0.786932
vn 0.605819 0.374068 0.702180
vn -0.539086 0.661908 0.520831
vn -0.325835 0.777505 0.537883
vn -0.350676 0.850120 0.392839
vn -0.539257 0.750853 0.381342
vn -0.000000 0.839579 0.543238
vn -0.000000 0.917933 0.396736
vn 0.325835 0.777505 0.537883
vn 0.350676 0.850120 0.392839
vn 0.539086 0.661908 0.520831
vn 0.539257 0.750853 0.381342
vn -0.376606 0.926148 0.020458
vn -0.559631 0.827869 0.038022
vn -0.000000 0.999955 0.009493
vn 0.376606 0.926148 0.020458
vn 0.559631 0.827869 0.038022
vn -0.355126 0.857241 -0.372858
vn -0.549730 0.762230 -0.341763
vn 0.000000 0.922044 -0.387084
vn 0.355126 0.857241 -0.372858
vn 0.549730 0.762230 -0.341764
vn -0.323900 0.757527 -0.566782
vn -0.532589 0.657451 -0.533017
vn 0.000000 0.810976 -0.585079
vn 0.323900 0.757527 -0.566782
vn 0.532589 0.657450 -0.533018
vn -0.523114 0.467424 -0.712648
vn -0.313637 0.486544 -0.815418
vn -0.352924 0.284237 -0.891434
vn -0.560167 0.227554 -0.796513
vn 0.000000 0.494409 -0.869229
vn 0.000000 0.313838 -0.949477
vn 0.313637 0.486544 -0.815418
vn 0.352924 0.284238 -0.891433
vn 0.523114 0.467425 -0.712647
vn 0.560167 0.227555 -0.796513
vn -0.373170 0.039054 -0.926940
vn -0.565917 0.019198 -0.824239
vn -0.000000 0.053121 -0.998588
vn 0.373170 0.039054 -0.926940
vn 0.565917 0.019198 -0.824238
vn -0.555618 -0.245044 -0.794507
vn -0.365203 -0.274815 -0.889440
vn -0.334534 -0.457476 -0.823895
vn -0.554564 -0.346042 -0.756779
vn 0.000000 -0.295824 -0.955242
vn -0.000000 -0.473206 -0.880952
vn 0.365203 -0.274815 -0.889440
vn 0.334534 -0.457476 -0.823895
vn 0.555619 -0.245044 -0.794507
vn 0.554564 -0.346041 -0.756779
vn 0.811258 -0.261688 -0.522858
vn 0.811905 -0.205048 -0.546595
vn 0.811687 -0.248395 -0.528644
vn 0.928979 0.105703 -0.354719
vn 0.889517 0.073602 -0.450934
vn 0.867522 0.219813 -0.446192
vn 0.911424 0.240736 -0.333696
vn 0.988692 0.128936 0.076569
vn 0.963502 0.265298 0.035799
vn 0.912851 0.058914 0.404020
vn 0.909128 0.213691 0.357522
vn 0.863663 0.021841 0.503596
vn 0.844172 0.179915 0.504980
vn 0.813172 0.380654 -0.440289
vn 0.875964 0.366783 -0.313302
vn 0.937162 0.348106 0.023439
vn 0.881379 0.329658 0.338373
vn 0.805743 0.326101 0.494406
vn -0.811905 -0.205049 -0.546594
vn -0.811258 -0.261688 -0.522858
vn -0.811687 -0.248396 -0.528644
vn -0.889517 0.073602 -0.450934
vn -0.928979 0.105703 -0.354719
vn -0.911424 0.240736 -0.333696
vn -0.867522 0.219813 -0.446192
vn -0.988692 0.128936 0.076569
vn -0.963502 0.265298 0.035800
vn -0.912851 0.058914 0.404020
vn -0.909128 0.213691 0.357522
vn -0.863663 0.021840 0.503595
vn -0.844172 0.179915 0.504980
vn -0.875964 0.366783 -0.313302
vn -0.813172 0.380654 -0.440289
vn -0.937162 0.348106 0.023439
vn -0.881379 0.329658 0.338373
vn -0.805743 0.326101 0.494405
vn -0.868201 -0.079278 -0.489838
vn -0.874485 -0.047704 -0.482702
vn -0.379346 -0.207700 -0.901641
vn -0.555634 -0.196453 -0.807885
vn -0.000000 -0.216678 -0.976243
vn 0.379346 -0.207700 -0.901641
vn 0.555634 -0.196453 -0.807884
vn 0.874485 -0.047704 -0.482702
vn 0.868201 -0.079278 -0.489838
vn -0.302039 -0.657788 -0.689991
vn -0.468726 -0.707214 -0.529287
vn 0.000000 -0.621791 -0.783183
vn 0.302039 -0.657788 -0.689991
vn 0.468726 -0.707214 -0.529287
vn 0.934451 -0.187784 0.302553
vn 0.921761 -0.234040 0.309163
vn 0.909296 -0.272866 0.314205
vn 0.909296 -0.272866 0.314205
vn -0.954435 -0.099255 0.281427
vn -0.954435 -0.099255 0.281427
vn -0.952648 -0.107512 0.284435
vn -0.950571 -0.116680 0.287751
vn -0.934451 -0.187783 0.302553
vn -0.921761 -0.234040 0.309164
vn 0.954435 -0.099256 0.281427
vn 0.954435 -0.099256 0.281427
vn 0.950571 -0.116681 0.287751
vn 0.952648 -0.107513 0.284435
vn -0.909296 -0.272866 0.314206
vn -0.909296 -0.272866 0.314206
vn 0.524372 0.081548 -0.847575
vn 0.524372 0.081548 -0.847575
vn 0.290995 0.102111 -0.951260
vn 0.427224 0.091149 -0.899540
vn -0.000000 0.113410 -0.993548
vn -0.000000 0.113410 -0.993548
vn -0.290995 0.102111 -0.951260
vn -0.427224 0.091149 -0.899540
vn -0.524372 0.081548 -0.847575
vn -0.524372 0.081548 -0.847575
vn 0.608418 0.511082 0.607143
vn 0.562975 0.586531 0.582271
vn 0.327674 0.679602 0.656331
vn 0.608418 0.511082 0.607143
vn -0.608418 0.511081 0.607144
vn -0.327674 0.679603 0.656331
vn -0.562975 0.586531 0.582271
vn -0.608418 0.511081 0.607144
vn -0.798838 0.276100 0.534441
vn -0.802555 0.248103 0.542540
vn -0.809737 0.158390 0.565013
vn -0.940089 -0.096912 0.326866
vn -0.940579 -0.104555 0.323077
vn -0.904380 -0.069964 0.420954
vn -0.893687 -0.041403 0.446776
vn -0.988389 -0.129576 -0.079355
vn -0.990317 -0.133398 -0.038420
vn -0.911275 -0.058462 -0.407627
vn -0.923080 -0.068756 -0.378413
vn -0.862802 -0.022423 -0.505045
vn -0.862802 -0.022423 -0.505045
vn 0.809737 0.158390 0.565013
vn 0.802555 0.248103 0.542540
vn 0.798837 0.276100 0.534441
vn 0.893687 -0.041404 0.446776
vn 0.904380 -0.069964 0.420954
vn 0.940579 -0.104555 0.323077
vn 0.940089 -0.096912 0.326866
vn 0.990317 -0.133398 -0.038420
vn 0.988389 -0.129576 -0.079355
vn 0.923080 -0.068756 -0.378413
vn 0.911275 -0.058462 -0.407627
vn 0.862802 -0.022424 -0.505045
vn 0.862802 -0.022424 -0.505045
vn 0.866850 0.073828 0.493073
vn 0.873821 0.039235 0.484662
vn -0.873821 0.039236 0.484662
vn -0.866850 0.073828 0.493073
vn 0.466894 0.712598 0.523654
vn 0.316246 0.687029 0.654202
vn -0.000000 0.675457 0.737400
vn -0.000000 0.675457 0.737400
vn -0.316247 0.687029 0.654201
vn -0.466894 0.712598 0.523654
vn -0.934322 0.188301 -0.302630
vn -0.909296 0.272866 -0.314205
vn -0.909296 0.272866 -0.314205
vn -0.921624 0.234496 -0.309225
vn 0.954386 0.098751 -0.281773
vn 0.950458 0.116825 -0.288066
vn 0.952533 0.107491 -0.284828
vn 0.954386 0.098751 -0.281772
vn 0.921624 0.234496 -0.309226
vn 0.934322 0.188301 -0.302630
vn -0.954386 0.098751 -0.281772
vn -0.952533 0.107491 -0.284828
vn -0.950458 0.116825 -0.288066
vn -0.954386 0.098751 -0.281772
vn 0.909296 0.272866 -0.314206
vn 0.909296 0.272866 -0.314206
vn 0.126016 -0.992021 0.003877
vn 0.445597 -0.893696 0.052454
vn 0.449649 -0.891727 0.051366
vn 0.124498 -0.992216 0.002916
vn 0.588995 -0.808055 0.011461
vn 0.588995 -0.808055 0.011461
vn -0.588996 -0.808055 0.011461
vn -0.445597 -0.893696 0.052454
vn -0.449649 -0.891727 0.051366
vn -0.588996 -0.808055 0.011461
vn -0.126016 -0.992021 0.003876
vn -0.124499 -0.992215 0.002916
vn -0.094163 -0.863686 0.495156
vn -0.094163 -0.863686 0.495156
vn -0.094163 -0.863686 0.495156
vn -0.094163 -0.863686 0.495156
vn 0.031979 -0.997412 0.064399
vn 0.031979 -0.997412 0.064399
vn 0.031979 -0.997412 0.064399
vn 0.031979 -0.997412 0.064399
vn 0.059716 -0.991922 -0.111912
vn 0.059716 -0.991922 -0.111911
vn 0.094163 -0.863686 0.495156
vn 0.094163 -0.863686 0.495155
vn 0.094163 -0.863686 0.495156
vn 0.094163 -0.863686 0.495156
vn -0.031979 -0.997412 0.064399
vn -0.031979 -0.997412 0.064399
vn -0.031979 -0.997412 0.064399
vn -0.031979 -0.997412 0.064399
vn -0.059718 -0.991922 -0.111911
vn -0.059718 -0.991922 -0.111911
vn -0.283469 -0.615504 0.735391
vn -0.286495 -0.644209 0.709165
vn -0.286495 -0.644209 0.709165
vn -0.283019 -0.611481 0.738913
vn 0.286496 -0.644209 0.709165
vn 0.283469 -0.615504 0.735391
vn 0.283019 -0.611480 0.738912
vn 0.286496 -0.644209 0.709165
vn -0.276711 -0.559761 0.781088
vn -0.276711 -0.559761 0.781088
vn 0.276712 -0.559762 0.781087
vn 0.276712 -0.559762 0.781087
vn 0.073639 -0.720606 0.689424
vn 0.212700 -0.683714 0.698064
vn 0.212700 -0.683714 0.698064
vn 0.067283 -0.721927 0.688691
vn -0.270005 -0.478312 0.835652
vn -0.270005 -0.478312 0.835652
vn -0.270005 -0.478312 0.835652
vn -0.270005 -0.478312 0.835652
vn 0.000000 -0.736276 0.676681
vn 0.000000 -0.736277 0.676681
vn -0.073639 -0.720606 0.689424
vn -0.067283 -0.721927 0.688691
vn 0.270004 -0.478312 0.835653
vn 0.270004 -0.478312 0.835653
vn 0.270004 -0.478312 0.835653
vn 0.270004 -0.478312 0.835653
vn -0.212700 -0.683714 0.698064
vn -0.212700 -0.683714 0.698064
vn -0.268563 0.181233 0.946059
vn -0.264060 0.205026 0.942463
vn -0.264060 0.205026 0.942463
vn -0.268882 0.179510 0.946297
vn -0.106671 -0.882629 -0.457808
vn -0.106671 -0.882629 -0.457808
vn -0.106671 -0.882629 -0.457808
vn -0.106671 -0.882629 -0.457808
vn 0.226310 -0.320980 -0.919650
vn 0.230899 -0.316059 -0.920213
vn 0.230554 -0.316430 -0.920172
vn 0.226310 -0.320980 -0.919650
vn -0.122649 -0.320900 -0.939138
vn -0.167096 -0.316735 -0.933679
vn -0.168326 -0.316611 -0.933501
vn -0.122649 -0.320900 -0.939138
vn 0.295208 0.141868 0.944842
vn 0.310179 0.142934 0.939872
vn 0.310179 0.142934 0.939872
vn 0.295601 0.141896 0.944714
vn -0.230900 -0.316059 -0.920213
vn -0.230554 -0.316430 -0.920172
vn 0.268563 0.181233 0.946059
vn 0.268882 0.179510 0.946297
vn -0.310179 0.142934 0.939872
vn -0.295208 0.141868 0.944842
vn -0.295602 0.141896 0.944714
vn -0.310179 0.142934 0.939872
vn 0.167098 -0.316735 -0.933679
vn 0.122650 -0.320900 -0.939138
vn 0.122650 -0.320900 -0.939138
vn 0.168327 -0.316611 -0.933501
vn -0.226311 -0.320980 -0.919650
vn -0.226311 -0.320980 -0.919650
vn 0.106668 -0.882630 -0.457806
vn 0.106668 -0.882630 -0.457806
vn 0.106668 -0.882630 -0.457806
vn 0.106668 -0.882630 -0.457806
vn 0.264060 0.205027 0.942463
vn 0.264060 0.205027 0.942463
s 1
g Head_uv Hair
usemtl standardSurface8SG
f 218/255/527 219/256/528 220/257/529 221/258/530
f 219/256/528 222/259/531 223/260/532 220/257/529
f 222/259/531 224/261/533 225/262/534 223/260/532
f 224/261/533 226/263/535 227/264/536 225/262/534
f 221/258/530 220/257/529 228/265/537 229/266/538
f 220/257/529 223/260/532 230/267/539 228/265/537
f 223/260/532 225/262/534 231/268/540 230/267/539
f 225/262/534 227/264/536 232/269/541 231/268/540
s 2
f 229/266/542 228/265/543 233/416/544 234/407/545
f 228/265/543 230/267/546 235/415/547 233/416/544
f 230/267/546 231/268/548 236/414/549 235/415/547
f 231/268/548 232/269/550 237/274/551 236/414/549
f 234/271/545 233/270/544 238/275/552 239/276/553
f 233/270/544 235/470/547 240/469/554 238/275/552
f 235/272/547 236/273/549 241/278/555 240/277/554
f 236/273/549 237/411/551 242/279/556 241/278/555
f 239/276/553 238/275/552 243/280/557 244/281/558
f 238/275/552 240/469/554 245/468/559 243/280/557
f 240/277/554 241/278/555 246/283/560 245/282/559
f 241/278/555 242/279/556 247/284/561 246/283/560
f 244/281/558 243/280/557 248/285/562 249/286/563
f 243/280/557 245/468/559 250/467/564 248/285/562
f 245/282/559 246/283/560 251/288/565 250/287/564
f 246/283/560 247/284/561 252/289/566 251/288/565
s 3
f 249/286/567 248/285/568 253/290/569 254/291/570
f 248/285/568 250/467/571 255/466/572 253/290/569
f 250/287/571 251/288/573 256/293/574 255/292/572
f 251/288/573 252/289/575 257/294/576 256/293/574
f 254/291/570 253/290/569 258/295/577 259/296/578
f 253/290/569 255/466/572 260/465/579 258/295/577
f 255/292/572 256/293/574 261/298/580 260/297/579
f 256/293/574 257/294/576 262/299/581 261/298/580
f 263/300/582 264/301/583 265/302/584 266/303/585
f 264/301/583 267/304/586 268/461/587 265/302/584
f 267/464/586 269/306/588 270/307/589 268/305/587
f 269/306/588 271/308/590 272/444/591 270/307/589
s 5
f 273/310/592 272/444/593 271/308/594
f 274/453/595 262/299/596 257/294/597 275/312/598
f 276/425/599 274/453/595 275/312/598 277/314/600
f 278/426/601 276/425/599 277/314/600 279/316/602
f 226/263/603 278/412/601 279/410/602 227/264/604
f 275/312/598 257/294/597 252/289/605 247/284/606
f 277/314/600 275/312/598 247/284/606 242/279/607
f 279/316/602 277/314/600 242/279/607 237/411/608
f 227/264/604 279/410/602 237/274/608 232/269/609
s 7
f 266/303/610 280/451/611 263/300/612
f 259/296/613 281/318/614 282/319/615 254/291/616
f 281/318/614 283/455/617 284/321/618 282/319/615
f 283/455/617 285/423/619 286/406/620 284/321/618
f 285/408/619 218/255/621 221/258/622 286/323/620
f 254/291/616 282/319/615 244/281/623 249/286/624
f 282/319/615 284/321/618 239/276/625 244/281/623
f 284/321/618 286/406/620 234/271/626 239/276/625
f 286/323/620 221/258/622 229/266/627 234/407/626
f 288/324/628 287/325/629 281/318/614 259/296/613
s 3
f 259/296/578 258/295/577 289/326/630 288/324/631
f 258/295/577 260/465/579 290/463/632 289/326/630
f 260/297/579 261/298/580 291/328/633 290/327/632
f 261/298/580 262/299/581 292/329/634 291/328/633
s 5
f 293/450/635 292/329/636 262/299/596 274/453/595
s 7
f 263/300/612 280/451/611 287/325/629 288/324/628
s 3
f 288/324/631 289/326/630 264/301/583 263/300/582
f 289/326/630 290/463/632 267/304/586 264/301/583
f 290/327/632 291/328/633 269/306/588 267/464/586
f 291/328/633 292/329/634 271/308/590 269/306/588
s 5
f 273/310/592 271/308/594 292/329/636 293/450/635
s 3
f 266/303/585 265/302/584 294/331/637 295/448/638
f 265/302/584 268/461/587 296/462/639 294/331/637
f 268/305/587 270/307/589 297/334/640 296/333/639
f 270/307/589 272/444/591 298/443/641 297/334/640
s 9
f 299/336/642 300/337/643 301/338/644 302/339/645
s 10
f 285/322/646 283/320/647 303/340/648 304/341/649
f 304/341/649 303/340/648 305/342/650 306/343/651
s 9
f 276/313/652 278/436/653 307/430/654 308/345/655
s 10
f 306/343/651 305/342/650 309/346/656 310/433/657
s 9
f 308/345/655 307/430/654 300/337/643 299/336/642
s 11
f 160/417/658 165/349/659 166/350/660 161/418/661
f 161/418/661 166/350/660 167/352/662 162/421/663
f 162/421/663 167/352/662 168/354/664 163/419/665
f 163/419/665 168/354/664 169/356/666 164/420/667
s 12
f 197/358/668 174/359/669 175/360/670 198/361/671
f 199/362/672 177/363/673 178/364/674 200/365/675
s 14
f 179/366/676 200/365/677 178/364/678
f 180/367/679 183/368/680 171/369/681 173/370/682
f 181/371/683 184/372/684 183/368/680 180/367/679
f 182/429/685 185/460/686 184/372/684 181/371/683
f 164/420/687 169/356/688 185/374/686 182/459/685
s 16
f 174/359/689 197/358/690 186/375/691
f 172/376/692 170/377/693 190/378/694 187/379/695
f 187/379/695 190/378/694 191/380/696 188/424/697
f 188/424/697 191/380/696 192/382/698 189/457/699
f 189/409/699 192/458/698 165/349/700 160/417/701
f 194/384/702 172/376/692 187/379/695 193/385/703
s 14
f 196/386/704 180/367/679 173/370/682 195/387/705
s 16
f 197/358/690 194/384/702 193/385/703 186/375/691
s 14
f 179/366/676 196/386/704 195/387/705 200/365/677
s 12
f 174/359/669 201/388/706 202/389/707 175/360/670
f 175/360/670 202/389/707 203/390/708 176/391/709
f 176/391/709 203/390/708 204/392/710 177/363/673
f 177/363/673 204/392/710 205/393/711 178/364/674
s 18
f 216/394/712 206/395/713 207/441/714 217/397/715
s 19
f 189/428/716 211/398/717 210/399/718 188/381/719
f 211/398/717 215/400/720 214/401/721 210/399/718
s 18
f 181/427/722 212/402/723 213/403/724 182/373/725
s 19
f 215/400/720 209/404/726 208/435/727 214/401/721
s 18
f 212/402/723 216/394/712 217/397/715 213/403/724
s 20
f 160/348/728 161/351/729 219/256/730 218/255/731
f 161/351/729 162/353/732 222/259/733 219/256/730
s 21
f 162/353/734 163/355/735 224/261/736 222/259/737
f 163/355/735 164/357/738 226/263/739 224/261/736
s off
f 179/366/740 178/364/741 272/309/742 273/449/743
f 181/371/744 180/367/745 274/311/746 276/456/747
s 21
f 164/357/738 182/413/748 278/412/749 226/263/739
s off
f 174/359/750 186/375/751 280/317/752 266/447/753
f 187/379/754 188/424/755 283/422/756 281/454/757
s 20
f 189/383/758 160/348/728 218/255/731 285/408/759
s 22
f 193/385/760 187/379/761 281/454/762 287/452/763
s 23
f 180/367/764 196/386/765 293/330/766 274/311/767
s 22
f 186/375/768 193/385/760 287/452/763 280/317/769
s 23
f 196/386/765 179/366/770 273/449/771 293/330/766
s 24
f 202/389/772 201/388/773 295/332/774 294/446/775
s off
f 201/388/776 174/359/777 266/447/778 295/332/779
s 24
f 203/390/780 202/389/772 294/446/775 296/445/781
f 204/392/782 203/390/780 296/445/781 297/442/783
s off
f 178/364/784 205/393/785 298/335/786 272/309/787
s 24
f 205/393/788 204/392/782 297/442/783 298/335/789
s 25
f 217/397/790 207/441/791 301/440/792 300/431/793
s off
f 207/396/794 206/439/795 302/339/796 301/338/797
s 26
f 206/395/798 216/394/799 299/336/800 302/339/801
s 27
f 188/381/802 210/399/803 303/340/804 283/320/805
s 28
f 211/398/806 189/428/807 285/438/808 304/437/809
s 27
f 210/399/803 214/401/810 305/342/811 303/340/804
s 28
f 215/400/812 211/398/806 304/437/809 306/432/813
s 25
f 182/373/814 213/403/815 307/344/816 278/315/817
s 26
f 212/402/818 181/427/819 276/313/820 308/345/821
s 27
f 214/401/810 208/435/822 309/346/823 305/342/811
s off
f 208/405/824 209/434/825 310/433/826 309/346/827
s 28
f 209/404/828 215/400/812 306/432/813 310/347/829
s 25
f 213/403/815 217/397/790 300/431/793 307/344/816
s 26
f 216/394/799 212/402/818 308/345/821 299/336/800
g default
v 1.191739 0.387767 -0.605449
v 0.000000 0.382761 -0.780800
v -1.191739 0.387767 -0.605449
v -1.450176 0.383632 0.048856
v -1.184193 0.392041 0.820189
v 0.000000 0.382761 1.185938
v 1.184193 0.392041 0.820189
v 1.450176 0.383632 0.048856
v 0.791818 4.962372 -0.480496
v 0.000000 4.996462 -0.634015
v -0.791818 4.962372 -0.480496
v -0.791820 4.954807 -0.026169
v -0.641391 4.853651 0.532153
v 0.000000 4.442262 1.081543
v 0.641391 4.853651 0.532154
v 0.791820 4.954807 -0.026169
v 1.721152 4.566223 -0.722388
v 1.749799 4.648363 -0.003798
v 1.586079 4.550728 0.695785
v 0.000000 3.945212 1.411223
v -1.586079 4.550728 0.695785
v -1.749799 4.648363 -0.003798
v -1.721152 4.566223 -0.722388
v 0.000000 4.667691 -1.098305
v 1.703766 3.274964 -0.668801
v 1.749802 2.912300 0.063186
v 1.491331 3.245851 0.756274
v 0.000000 3.125891 1.547996
v -1.491331 3.245851 0.756274
v -1.749802 2.912300 0.063186
v -1.703766 3.274964 -0.668801
v 0.000000 3.125891 -1.023683
v 1.359601 1.280557 -0.537247
v 1.541343 1.280557 0.120152
v 1.292889 1.280557 0.801657
v 0.000000 1.280557 1.434933
v -1.292889 1.280557 0.801657
v -1.541343 1.280557 0.120152
v -1.359601 1.280557 -0.537247
v 0.000000 1.280557 -0.845282
v 1.203716 0.577971 -0.559925
v 1.448573 0.577971 0.055129
v 1.199763 0.577971 0.822121
v 0.000000 0.577971 1.254510
v -1.199763 0.577971 0.822121
v -1.448573 0.577971 0.055129
v -1.203716 0.577971 -0.559925
v 0.000000 0.577971 -0.789776
v 1.941503 3.330605 -0.601794
v 1.891715 3.016944 0.042485
v 1.950101 4.428349 -0.593977
v 1.925904 4.642173 -0.008947
v 1.749460 3.333041 0.656068
v 1.824811 4.450457 0.618300
v -1.749460 3.333041 0.656069
v -1.891715 3.016943 0.042485
v -1.824810 4.450457 0.618300
v -1.925904 4.642172 -0.008947
v -1.941503 3.330605 -0.601794
v -1.950101 4.428349 -0.593977
v 3.203104 3.330605 -0.601794
v 3.203103 3.016944 0.042485
v 3.203103 4.311035 -0.593977
v 3.203102 4.575857 -0.008947
v 3.203101 3.333041 0.656068
v 3.203101 4.369123 0.618300
v -3.203101 3.333041 0.656069
v -3.203103 3.016943 0.042485
v -3.203101 4.369123 0.618300
v -3.203102 4.575856 -0.008947
v -3.203104 3.330605 -0.601794
v -3.203103 4.311035 -0.593977
v 0.752797 -2.578511 -1.259369
v 1.878113 -2.439177 -1.208998
v 2.406644 -2.413740 -0.154788
v 1.792691 -2.433499 0.822299
v 0.707945 -2.628711 0.856837
v 0.179742 -2.628712 -0.154788
v 0.668200 -1.885987 -1.227608
v 1.745027 -1.399565 -1.125458
v 2.159752 -1.170444 -0.135136
v 1.654870 -1.449230 0.827665
v 0.729339 -1.780995 0.949403
v 0.090130 -2.009768 -0.156058
v 0.393786 -1.499044 -1.221344
v 1.396079 -0.263217 -0.853516
v 1.827917 -0.263214 -0.034323
v 1.401302 -0.279518 0.812137
v 0.607680 -1.621383 0.973881
v -0.000000 -1.867237 -0.165470
v 0.000000 -1.317878 -1.233712
v -0.000000 -1.409014 1.008888
v -0.000000 -0.263217 1.203589
v 0.000000 -0.182206 -1.013113
v -0.752797 -2.578511 -1.259369
v -1.878113 -2.440402 -1.208998
v -2.406644 -2.413740 -0.154788
v -1.792691 -2.433499 0.822299
v -0.707945 -2.628711 0.856837
v -0.179742 -2.628712 -0.154788
v -0.668200 -1.885987 -1.227608
v -1.661816 -1.392646 -1.124575
v -2.159752 -1.170444 -0.135136
v -1.654870 -1.449230 0.827665
v -0.729339 -1.780995 0.949403
v -0.090130 -2.009768 -0.156058
v -0.531541 -1.515180 -1.245976
v -1.403291 -0.263217 -0.892799
v -1.827917 -0.263214 -0.034323
v -1.401302 -0.279518 0.812137
v -0.607680 -1.621383 0.973881
v -0.718120 -2.253550 -1.254633
v -0.154272 -2.382188 -0.153751
v -0.725656 -2.261260 0.868488
v -1.759335 -2.012456 0.792243
v -2.326884 -1.828460 -0.163051
v -1.804212 -1.980912 -1.211667
v 0.718120 -2.253550 -1.254633
v 0.154272 -2.382188 -0.153751
v 0.725656 -2.261260 0.868488
v 1.759335 -2.012456 0.792243
v 2.326884 -1.828460 -0.163051
v 1.837693 -1.982783 -1.212066
v 0.758154 -4.305408 -1.260100
v 1.878113 -4.218436 -1.208998
v 2.406644 -4.098851 -0.154788
v 1.792691 -4.218436 0.798719
v 0.707945 -4.305408 0.798719
v 0.190985 -4.272795 -0.154788
v -0.758154 -4.305408 -1.260100
v -1.878113 -4.218436 -1.208998
v -2.406644 -4.098851 -0.154788
v -1.792691 -4.218436 0.798719
v -0.707945 -4.305408 0.798719
v -0.190985 -4.272795 -0.154788
v 0.758154 -4.698077 -1.260100
v 1.878113 -4.580503 -1.208998
v 2.406644 -4.421729 -0.154788
v 1.792691 -4.580503 0.798719
v 0.707945 -4.698077 0.798719
v 0.190985 -4.634862 -0.154788
v -0.758154 -4.698077 -1.260100
v -1.878113 -4.580503 -1.208998
v -2.406644 -4.421729 -0.154788
v -1.792691 -4.580503 0.798719
v -0.707945 -4.698077 0.798719
v -0.190985 -4.634862 -0.154788
v 0.758154 -5.008919 -1.260100
v 1.878113 -4.926059 -1.208998
v 2.406644 -4.754328 -0.154788
v 1.792691 -4.926059 0.798719
v 0.707945 -5.008919 0.798719
v 0.190985 -4.943875 -0.154788
v -0.758154 -5.008919 -1.260100
v -1.878113 -4.926059 -1.208998
v -2.406644 -4.754328 -0.154788
v -1.792691 -4.926059 0.798719
v -0.707945 -5.008919 0.798719
v -0.190985 -4.943875 -0.154788
v 0.758154 -5.689119 -1.260100
v 1.878113 -5.642337 -1.208998
v 2.406644 -5.628453 -0.154788
v 1.792691 -5.689683 0.798719
v 0.707945 -5.733171 0.798719
v 0.190985 -5.667943 -0.154788
v -0.758154 -5.689119 -1.260100
v -1.878113 -5.642337 -1.208998
v -2.406644 -5.628453 -0.154788
v -1.792691 -5.689683 0.798719
v -0.707945 -5.733171 0.798719
v -0.190985 -5.667943 -0.154788
v 0.787331 -9.414248 -0.615484
v 1.295041 -9.414248 -0.615484
v 1.565508 -9.414248 -0.105918
v 0.519559 -9.414248 -0.105917
v 0.823716 -6.090775 -0.686967
v 1.409874 -6.090715 -0.674054
v 1.682282 -6.090469 -0.099692
v 1.349653 -6.090469 0.393718
v 0.829508 -6.090501 0.380555
v 0.564846 -6.090425 -0.055370
v -0.787331 -9.414248 -0.615484
v -1.295041 -9.414248 -0.615484
v -1.565508 -9.414248 -0.105918
v -0.519559 -9.414248 -0.105917
v -0.823716 -6.090775 -0.686967
v -1.409874 -6.090715 -0.674054
v -1.682282 -6.090469 -0.099692
v -1.349653 -6.090469 0.393718
v -0.829508 -6.090501 0.380555
v -0.564846 -6.090425 -0.055370
v 0.000000 4.364156 1.071918
v 5.617241 3.822882 -0.334032
v 5.617241 3.671583 0.002152
v 5.617241 4.207167 -0.334032
v 5.617241 4.358466 0.002152
v 5.617241 3.822882 0.338336
v 5.617241 4.208706 0.338336
v -5.617241 3.822882 0.338336
v -5.617241 3.671583 0.002152
v -5.617241 4.208706 0.338336
v -5.617241 4.358466 0.002152
v -5.617241 3.822882 -0.334032
v -5.617241 4.207167 -0.334032
v 0.782126 4.906117 -0.457850
v -0.000000 4.920480 -0.621951
v -0.782125 4.906117 -0.457850
v -0.763612 4.904846 -0.014090
v -0.600913 4.814177 0.537472
v -0.000000 4.732594 0.571460
v 0.600913 4.814177 0.537472
v 0.763612 4.904846 -0.014090
v 0.298770 5.046568 -0.332044
v 0.000000 5.055472 -0.407095
v -0.298770 5.046568 -0.332044
v -0.373183 5.019208 -0.152510
v -0.298770 4.986663 0.023137
v 0.000000 4.986663 0.093962
v 0.298770 4.986663 0.023137
v 0.373183 5.019208 -0.152510
v 0.298770 5.872837 -0.238633
v 0.000000 5.872837 -0.306853
v -0.298770 5.872837 -0.238633
v -0.373183 5.872837 -0.073936
v -0.298770 5.872837 0.090761
v 0.000000 5.872837 0.158980
v 0.298770 5.872837 0.090761
v 0.373183 5.872837 -0.073936
v 5.805364 3.821956 -0.544691
v 5.836049 3.663437 -0.038306
v 5.805364 4.216155 -0.544691
v 5.836049 4.374673 -0.038306
v 5.799321 3.851702 0.471000
v 5.805364 4.232230 0.468079
v -5.799321 3.851702 0.471000
v -5.836049 3.663437 -0.038306
v -5.805364 4.232230 0.468079
v -5.836049 4.374673 -0.038306
v -5.805364 3.821956 -0.544691
v -5.805364 4.216154 -0.544691
v 6.180921 3.871707 -0.544691
v 6.242292 3.851424 -0.038306
v 6.180921 4.216155 -0.544691
v 6.242292 4.349399 -0.038306
v 6.169070 3.855429 0.470959
v 6.175327 4.237284 0.467567
v -6.169070 3.855429 0.470959
v -6.242292 3.851425 -0.038306
v -6.175327 4.237284 0.467567
v -6.242292 4.349399 -0.038306
v -6.180921 3.871707 -0.544691
v -6.180921 4.216154 -0.544691
v 6.663782 3.901989 -0.544691
v 6.754371 3.931061 -0.038306
v 6.663782 4.199820 -0.544691
v 6.754371 4.294225 -0.038306
v 6.663782 3.904299 0.468079
v 6.663782 4.202165 0.468079
v -6.663782 3.904299 0.468079
v -6.754371 3.931061 -0.038306
v -6.663782 4.202165 0.468079
v -6.754371 4.294225 -0.038306
v -6.663782 3.901989 -0.544691
v -6.663782 4.199820 -0.544691
v 6.345979 3.626003 1.031713
v 6.362297 3.836205 1.066051
v 6.494203 3.667773 0.894292
v 6.526258 3.878183 0.929694
v -6.345979 3.626003 1.031713
v -6.362297 3.836205 1.066051
v -6.526258 3.878183 0.929694
v -6.494203 3.667773 0.894292
v 5.937164 3.804197 0.692161
v 5.983473 4.142864 0.717825
v 6.266706 4.167712 0.638325
v 6.256248 3.801848 0.636339
v -5.937164 3.804197 0.692161
v -5.983473 4.142864 0.717825
v -6.266706 4.167712 0.638325
v -6.256248 3.801848 0.636339
v 6.119813 3.718545 0.856433
v 6.143243 4.024779 0.899700
v 6.419034 4.016040 0.812706
v 6.381824 3.725895 0.791711
v -6.119813 3.718545 0.856433
v -6.143243 4.024779 0.899700
v -6.419034 4.016040 0.812706
v -6.381824 3.725895 0.791711
v 6.721758 4.258731 0.214886
v -6.721758 4.258731 0.214886
v 6.721758 4.257558 -0.291499
v -6.721758 4.257558 -0.291499
v 6.721758 3.922882 0.214886
v -6.721758 3.922882 0.214886
v 6.721758 3.921726 -0.291498
v -6.721758 3.921726 -0.291498
v -6.659660 3.923614 0.454281
v -6.725880 3.940171 0.228684
v -6.659660 4.189015 0.454281
v -6.725880 4.239417 0.228684
v 6.725880 4.239417 0.228684
v 6.725880 3.940170 0.228684
v 6.659660 4.189015 0.454281
v 6.659660 3.923614 0.454281
v 6.756433 3.950535 -0.024416
v 6.756433 4.273853 -0.024416
v 6.719697 4.242254 0.200996
v 6.719697 3.943253 0.200996
v -6.719697 4.242254 0.200996
v -6.719697 3.943253 0.200996
v -6.756433 4.273853 -0.024416
v -6.756433 3.950535 -0.024416
v -6.756931 3.949058 -0.051184
v -6.756931 4.275279 -0.051184
v -6.719199 4.242342 -0.278621
v -6.719199 3.940672 -0.278621
v 6.719199 4.242342 -0.278621
v 6.719199 3.940672 -0.278621
v 6.756931 4.275279 -0.051184
v 6.756931 3.949058 -0.051184
v 6.659503 3.921029 -0.531133
v 6.726037 3.938653 -0.305057
v 6.659503 4.186963 -0.531133
v 6.726037 4.238518 -0.305057
v -6.726037 4.238518 -0.305057
v -6.726037 3.938653 -0.305057
v -6.659503 4.186963 -0.531133
v -6.659503 3.921029 -0.531133
v 7.222407 3.976632 -0.011768
v 7.222407 4.263665 -0.011768
v 7.189794 4.235612 0.188348
v 7.189794 3.970166 0.188348
v -7.056223 3.945729 0.450949
v -7.120486 3.961797 0.232016
v -7.056223 4.203290 0.450949
v -7.120486 4.252203 0.232016
v 7.120486 4.252203 0.232016
v 7.120486 3.961796 0.232016
v 7.056223 4.203290 0.450949
v 7.056223 3.945729 0.450949
v -7.156473 3.990180 -0.066613
v -7.156473 4.272141 -0.066613
v -7.123860 4.243674 -0.263192
v -7.123860 3.982934 -0.263192
v 6.979598 3.965638 -0.516595
v 7.037575 3.980995 -0.319595
v 6.979598 4.197369 -0.516595
v 7.037575 4.242293 -0.319595
v 7.123860 4.243674 -0.263192
v 7.123860 3.982934 -0.263192
v 7.156473 4.272141 -0.066613
v 7.156473 3.990180 -0.066613
v -7.189794 4.235612 0.188348
v -7.189794 3.970166 0.188348
v -7.222407 4.263665 -0.011768
v -7.222407 3.976632 -0.011768
v -7.037575 4.242293 -0.319595
v -7.037575 3.980995 -0.319595
v -6.979598 4.197369 -0.516595
v -6.979598 3.965638 -0.516595
v 7.715317 3.988134 0.002401
v 7.715317 4.234521 0.002401
v 7.687322 4.210441 0.174179
v 7.687322 3.982584 0.174179
v -7.498159 3.943267 0.440242
v -7.556136 3.957764 0.242723
v -7.498159 4.175635 0.440242
v -7.556136 4.219764 0.242723
v 7.556136 4.219764 0.242723
v 7.556136 3.957763 0.242723
v 7.498159 4.175635 0.440242
v 7.498159 3.943267 0.440242
v -7.649044 3.992925 -0.082575
v -7.649044 4.229096 -0.082575
v -7.621727 4.205252 -0.247230
v -7.621727 3.986855 -0.247230
v 7.369471 3.988274 -0.503713
v 7.419866 4.001622 -0.332477
v 7.369471 4.189699 -0.503713
v 7.419866 4.228749 -0.332477
v 7.621727 4.205252 -0.247230
v 7.621727 3.986855 -0.247230
v 7.649044 4.229096 -0.082575
v 7.649044 3.992925 -0.082575
v -7.687322 4.210441 0.174179
v -7.687322 3.982584 0.174179
v -7.715317 4.234521 0.002401
v -7.715317 3.988134 0.002401
v -7.419866 4.228749 -0.332477
v -7.419866 4.001622 -0.332477
v -7.369471 4.189699 -0.503713
v -7.369471 3.988274 -0.503713
v 7.081026 4.250923 0.231683
v 7.081026 3.959633 0.231683
v 7.016567 3.943517 0.451282
v 7.016567 4.201862 0.451282
v -7.081026 4.250923 0.231683
v -7.081026 3.959634 0.231683
v -7.016567 3.943517 0.451282
v -7.016567 4.201862 0.451282
v 7.164052 4.248959 0.233087
v 7.164052 3.961392 0.233087
v 7.100417 3.945482 0.449878
v 7.100417 4.200524 0.449878
v -7.164052 4.248959 0.233087
v -7.164052 3.961393 0.233087
v -7.100417 3.945482 0.449878
v -7.100417 4.200524 0.449878
v 7.175810 3.974022 -0.013033
v 7.142784 3.967475 0.189613
v 7.142784 4.236276 0.189613
v 7.175810 4.264684 -0.013033
v -7.175810 3.974022 -0.013033
v -7.142784 3.967475 0.189613
v -7.142784 4.236276 0.189613
v -7.175810 4.264684 -0.013033
v 7.271698 3.977782 -0.010351
v 7.239547 3.971408 0.186931
v 7.239547 4.233095 0.186931
v 7.271698 4.260750 -0.010351
v -7.271698 3.977782 -0.010351
v -7.239547 3.971408 0.186931
v -7.239547 4.233095 0.186931
v -7.271698 4.260750 -0.010351
v 7.083394 4.243541 -0.264735
v 7.083394 3.978707 -0.264735
v 7.116519 3.986068 -0.065070
v 7.116519 4.272455 -0.065070
v -7.083394 4.243541 -0.264735
v -7.083394 3.978707 -0.264735
v -7.116519 3.986068 -0.065070
v -7.116519 4.272455 -0.065070
v 7.173647 4.239832 -0.261596
v 7.173647 3.983325 -0.261596
v 7.205730 3.990455 -0.068209
v 7.205730 4.267837 -0.068209
v -7.173647 4.239832 -0.261596
v -7.173647 3.983325 -0.261596
v -7.205730 3.990455 -0.068209
v -7.205730 4.267837 -0.068209
v 6.947588 3.961177 -0.518048
v 7.006421 3.976760 -0.318141
v 7.006421 4.241916 -0.318141
v 6.947588 4.196329 -0.518048
v -6.947588 3.961177 -0.518048
v -7.006421 3.976760 -0.318141
v -7.006421 4.241916 -0.318141
v -6.947588 4.196329 -0.518048
v 7.018585 3.967902 -0.515306
v 7.075804 3.983057 -0.320883
v 7.075804 4.240939 -0.320883
v 7.018585 4.196602 -0.515306
v -7.018585 3.967902 -0.515306
v -7.075804 3.983057 -0.320883
v -7.075804 4.240939 -0.320883
v -7.018585 4.196602 -0.515306
v 5.508817 3.817567 -0.337897
v 5.508817 3.663561 0.002387
v 5.508817 3.817549 0.343931
v 5.508817 4.210183 0.342982
v 5.508806 4.363481 0.002046
v 5.508817 4.208694 -0.338856
v -5.508817 3.817567 -0.337897
v -5.508817 3.663561 0.002387
v -5.508817 3.817549 0.343931
v -5.508817 4.210183 0.342982
v -5.508806 4.363481 0.002046
v -5.508817 4.208694 -0.338856
v 3.578993 3.722965 -0.406683
v 3.578993 3.520773 0.006563
v 3.578993 3.722621 0.443513
v 3.578993 4.236464 0.425682
v 3.578781 4.452734 0.000163
v 3.578993 4.235852 -0.424714
v -3.578993 3.722965 -0.406683
v -3.578993 3.520773 0.006563
v -3.578993 3.722621 0.443513
v -3.578993 4.236464 0.425682
v -3.578781 4.452734 0.000163
v -3.578993 4.235852 -0.424714
v 3.386010 3.713505 -0.413562
v 3.386010 3.506494 0.006980
v 3.386010 3.713129 0.453471
v 3.386010 4.239091 0.433952
v 3.385778 4.461659 -0.000025
v 3.386010 4.238567 -0.433300
v -3.386010 3.713505 -0.413562
v -3.386010 3.506494 0.006980
v -3.386010 3.713129 0.453471
v -3.386010 4.239091 0.433952
v -3.385778 4.461659 -0.000025
v -3.386010 4.238567 -0.433300
v 3.771975 3.732425 -0.399804
v 3.771975 3.535052 0.006145
v 3.771975 3.732114 0.433555
v 3.771975 4.233835 0.417412
v 3.771783 4.443809 0.000351
v 3.771975 4.233136 -0.416128
v -3.771975 3.732425 -0.399804
v -3.771975 3.535052 0.006145
v -3.771975 3.732114 0.433555
v -3.771975 4.233835 0.417412
v -3.771783 4.443809 0.000351
v -3.771975 4.233136 -0.416128
v 1.351886 -8.382815 -0.615259
v 1.630555 -8.506087 -0.090150
v 1.351886 -8.222622 0.369720
v 0.794548 -8.211630 0.369720
v 0.515879 -8.506045 -0.090150
v 0.794548 -8.382815 -0.615259
v -1.351886 -8.382815 -0.615259
v -1.630555 -8.506087 -0.090150
v -1.351886 -8.222622 0.369720
v -0.794548 -8.211630 0.369720
v -0.515879 -8.506045 -0.090150
v -0.794548 -8.382815 -0.615259
v 1.590080 -8.821012 1.097007
v 1.308251 -8.856600 1.319404
v 1.296239 -9.414248 1.335096
v 1.578225 -9.414248 1.096309
v 0.772025 -8.856562 1.319404
v 0.779893 -9.414248 1.335096
v 0.483468 -8.824630 1.097007
v 0.500086 -9.414248 1.096577
v -1.578225 -9.414248 1.096309
v -1.296239 -9.414248 1.335096
v -1.308251 -8.856600 1.319404
v -1.590080 -8.821012 1.097007
v -0.779893 -9.414248 1.335096
v -0.772025 -8.856562 1.319404
v -0.500086 -9.414248 1.096577
v -0.483468 -8.824630 1.097007
v 1.307088 -8.691770 1.097007
v 0.790644 -8.691569 1.097007
v -1.307088 -8.691770 1.097007
v -0.790644 -8.691569 1.097007
v 0.478007 -9.414248 0.377583
v 0.465453 -8.772491 0.378167
v 0.816617 -8.618026 0.574203
v 1.305466 -8.621682 0.574203
v 1.624614 -8.772972 0.378167
v 1.606383 -9.414248 0.377582
v -0.478007 -9.414248 0.377583
v -0.465453 -8.772491 0.378167
v -0.816617 -8.618026 0.574203
v -1.305466 -8.621682 0.574203
v -1.624614 -8.772972 0.378167
v -1.606383 -9.414248 0.377582
v 0.465455 -9.414248 0.849669
v 0.450869 -8.931323 0.849669
v 0.803630 -8.752789 0.849671
v 1.306277 -8.754717 0.849671
v 1.653133 -8.929753 0.849669
v 1.645179 -9.414248 0.849669
v -0.465455 -9.414248 0.849669
v -0.450869 -8.931323 0.849669
v -0.803630 -8.752789 0.849671
v -1.306277 -8.754717 0.849671
v -1.653133 -8.929753 0.849669
v -1.645179 -9.414248 0.849669
v 1.314425 -8.392406 -0.558453
v 1.552276 -8.516236 -0.106866
v 1.311078 -8.228589 0.286876
v 0.836748 -8.219807 0.286145
v 0.599327 -8.516201 -0.104403
v 0.836425 -8.392409 -0.559171
v -1.314425 -8.392406 -0.558453
v -1.552276 -8.516236 -0.106866
v -1.311078 -8.228589 0.286876
v -0.836748 -8.219807 0.286145
v -0.599327 -8.516201 -0.104403
v -0.836425 -8.392409 -0.559171
v 1.374796 -7.689260 -0.663287
v 1.657099 -7.687286 -0.109421
v 1.353184 -7.701076 0.376167
v 0.797433 -7.693809 0.371443
v 0.517911 -7.687243 -0.093514
v 0.795354 -7.689282 -0.667921
v -1.374796 -7.689260 -0.663287
v -1.657099 -7.687286 -0.109421
v -1.353184 -7.701076 0.376167
v -0.797433 -7.693809 0.371443
v -0.517911 -7.687243 -0.093514
v -0.795354 -7.689282 -0.667921
v 1.345518 -7.875767 -0.613624
v 1.601937 -7.873847 -0.113608
v 1.328912 -7.887394 0.325548
v 0.822878 -7.880253 0.321918
v 0.568596 -7.873807 -0.101387
v 0.821281 -7.875783 -0.617185
v -1.345518 -7.875767 -0.613624
v -1.601937 -7.873847 -0.113608
v -1.328912 -7.887394 0.325548
v -0.822878 -7.880253 0.321918
v -0.568596 -7.873807 -0.101387
v -0.821281 -7.875783 -0.617185
v 1.330338 -7.695953 -0.579397
v 1.565526 -7.694450 -0.114577
v 1.308987 -7.704808 0.292079
v 0.847359 -7.699352 0.287412
v 0.614918 -7.694413 -0.098863
v 0.845306 -7.695975 -0.583976
v -1.330338 -7.695953 -0.579397
v -1.565526 -7.694450 -0.114577
v -1.308987 -7.704808 0.292079
v -0.847359 -7.699352 0.287412
v -0.614918 -7.694413 -0.098863
v -0.845306 -7.695975 -0.583976
v 1.303642 -9.236122 -0.611976
v 1.571129 -9.236123 -0.096961
v 1.610487 -9.236124 0.377714
v 1.646969 -9.236125 0.849669
v 1.580894 -9.236124 1.092411
v 1.298943 -9.236124 1.341470
v 0.778122 -9.236125 1.341470
v 0.496345 -9.236124 1.092619
v 0.462172 -9.236124 0.849669
v 0.475181 -9.236124 0.377715
v 0.524402 -9.236123 -0.096961
v 0.794554 -9.236122 -0.611976
v -1.303642 -9.236122 -0.611976
v -1.571129 -9.236123 -0.096961
v -1.610487 -9.236124 0.377714
v -1.646969 -9.236125 0.849669
v -1.580894 -9.236124 1.092411
v -1.298943 -9.236124 1.341470
v -0.778122 -9.236125 1.341470
v -0.496345 -9.236124 1.092619
v -0.462172 -9.236124 0.849669
v -0.475181 -9.236124 0.377715
v -0.524402 -9.236123 -0.096961
v -0.794554 -9.236122 -0.611976
v -3.203791 3.704572 -0.420057
v -3.203791 4.241132 -0.441407
v -3.203540 4.470088 -0.000203
v -3.203791 4.241572 0.441761
v -3.203791 3.704165 0.462874
v -3.203791 3.493012 0.007374
v 3.203791 3.704572 -0.420057
v 3.203791 4.241132 -0.441407
v 3.203540 4.470088 -0.000203
v 3.203791 4.241572 0.441761
v 3.203791 3.704165 0.462874
v 3.203791 3.493012 0.007374
v -0.807095 -5.718882 -0.615003
v -0.546925 -5.720427 -0.054762
v -0.812279 -5.720357 0.405628
v -1.358677 -5.713768 0.412886
v -1.668794 -5.712673 -0.077539
v -1.398441 -5.711740 -0.607834
v 0.807095 -5.718882 -0.615003
v 0.546925 -5.720427 -0.054762
v 0.812279 -5.720357 0.405628
v 1.358677 -5.713768 0.412886
v 1.668794 -5.712673 -0.077539
v 1.398441 -5.711740 -0.607834
vt 0.365650 0.374568
vt 0.404511 0.397186
vt 0.149576 0.449192
vt 0.106826 0.447574
vt 0.148729 0.374688
vt 0.192326 0.447563
vt 0.176047 0.369268
vt 0.215416 0.444501
vt 0.209258 0.368963
vt 0.107282 0.655954
vt 0.257224 0.370982
vt 0.151189 0.658813
vt 0.305202 0.368943
vt 0.195097 0.655963
vt 0.338408 0.369184
vt 0.223017 0.651469
vt 0.222068 0.822665
vt 0.090273 0.592856
vt 0.120784 0.613439
vt 0.112899 0.628269
vt 0.211655 0.799505
vt 0.179409 0.816579
vt 0.151177 0.776939
vt 0.151175 0.797805
vt 0.090694 0.799492
vt 0.122936 0.816573
vt 0.216789 0.615555
vt 0.113167 0.834596
vt 0.208919 0.592839
vt 0.178414 0.613430
vt 0.149596 0.592112
vt 0.149599 0.611153
vt 0.151180 0.748730
vt 0.213017 0.751836
vt 0.089342 0.751822
vt 0.149588 0.540020
vt 0.215346 0.545184
vt 0.083832 0.545202
vt 0.225393 0.676571
vt 0.100752 0.472945
vt 0.064580 0.521630
vt 0.200327 0.681042
vt 0.151187 0.684102
vt 0.102048 0.681032
vt 0.222231 0.467554
vt 0.067008 0.732042
vt 0.198407 0.472931
vt 0.149579 0.474233
vt 0.074483 0.549371
vt 0.061963 0.526066
vt 0.080349 0.591017
vt 0.227443 0.821908
vt 0.223652 0.756118
vt 0.221100 0.798182
vt 0.078707 0.756102
vt 0.063424 0.734969
vt 0.081250 0.798166
vt 0.221770 0.614173
vt 0.224697 0.549350
vt 0.218842 0.590998
vt 0.288554 0.640497
vt 0.265606 0.629514
vt 0.288509 0.675307
vt 0.267802 0.684847
vt 0.243898 0.640882
vt 0.245484 0.677656
vt 0.294537 0.458077
vt 0.272824 0.446716
vt 0.292963 0.494851
vt 0.270648 0.502050
vt 0.249880 0.457707
vt 0.249937 0.492517
vt 0.390977 0.291291
vt 0.431759 0.295330
vt 0.428041 0.309963
vt 0.386073 0.309763
vt 0.353631 0.289121
vt 0.350405 0.310306
vt 0.317582 0.282106
vt 0.314595 0.301200
vt 0.281595 0.273777
vt 0.283437 0.120450
vt 0.279184 0.073184
vt 0.264450 0.073153
vt 0.270335 0.025552
vt 0.375038 0.349776
vt 0.343850 0.342120
vt 0.310363 0.342769
vt 0.278107 0.297168
vt 0.255823 0.072866
vt 0.257066 0.022958
vt 0.257190 0.305178
vt 0.257204 0.346744
vt 0.097024 0.378653
vt 0.187397 0.125430
vt 0.120375 0.276226
vt 0.122430 0.291403
vt 0.082302 0.294641
vt 0.158723 0.270604
vt 0.160602 0.289061
vt 0.196288 0.267937
vt 0.196786 0.282110
vt 0.233366 0.260490
vt 0.232753 0.273815
vt 0.143879 0.127093
vt 0.232949 0.073106
vt 0.227476 0.029584
vt 0.126307 0.311201
vt 0.138735 0.349786
vt 0.087638 0.325166
vt 0.163825 0.310389
vt 0.170608 0.342190
vt 0.199736 0.301215
vt 0.204042 0.342807
vt 0.232395 0.291278
vt 0.234918 0.122909
vt 0.248098 0.073127
vt 0.367548 0.125287
vt 0.434284 0.282184
vt 0.402826 0.122215
vt 0.318076 0.267961
vt 0.355593 0.270725
vt 0.393884 0.276643
vt 0.404509 0.214654
vt 0.446146 0.218353
vt 0.361920 0.213442
vt 0.322093 0.206244
vt 0.404732 0.065001
vt 0.366760 0.065511
vt 0.188001 0.065373
vt 0.110106 0.214306
vt 0.152650 0.213292
vt 0.192449 0.206242
vt 0.230617 0.201282
vt 0.143965 0.067346
vt 0.406462 0.201491
vt 0.448544 0.203587
vt 0.363104 0.202017
vt 0.322881 0.193326
vt 0.405858 0.050557
vt 0.366677 0.052242
vt 0.188300 0.051120
vt 0.108348 0.201081
vt 0.151556 0.201869
vt 0.191723 0.193374
vt 0.230000 0.187470
vt 0.143780 0.054065
vt 0.408087 0.188695
vt 0.450356 0.191873
vt 0.364224 0.190074
vt 0.323569 0.180875
vt 0.406490 0.038808
vt 0.366688 0.040967
vt 0.188303 0.039784
vt 0.106677 0.188406
vt 0.150443 0.189972
vt 0.191049 0.180909
vt 0.229635 0.176497
vt 0.143712 0.042790
vt 0.480716 0.028983
vt 0.440898 0.027160
vt 0.499499 0.066429
vt 0.477573 0.100292
vt 0.439032 0.100293
vt 0.420595 0.066375
vt 0.072485 0.028853
vt 0.032660 0.028899
vt 0.012183 0.065407
vt 0.032424 0.100266
vt 0.070908 0.102166
vt 0.090914 0.069195
vt 0.944762 0.025258
vt 0.944762 0.031610
vt 0.926612 0.032102
vt 0.926786 0.025766
vt 0.905908 0.032134
vt 0.923992 0.130854
vt 0.863281 0.030812
vt 0.849996 0.030238
vt 0.850208 0.023925
vt 0.923548 0.088172
vt 0.831647 0.029592
vt 0.831837 0.023298
vt 0.818363 0.029294
vt 0.961825 0.088169
vt 0.965493 0.031256
vt 0.961127 0.130861
vt 0.588393 0.217645
vt 0.857812 0.118255
vt 0.565894 0.272827
vt 0.568237 0.216281
vt 0.825968 0.124422
vt 0.546376 0.215083
vt 0.810656 0.122935
vt 0.525495 0.215408
vt 0.796302 0.117666
vt 0.507138 0.216994
vt 0.874596 0.110138
vt 0.489236 0.219717
vt 0.048809 0.051043
vt 0.069790 0.051680
vt 0.038379 0.069415
vt 0.048506 0.087347
vt 0.067890 0.088043
vt 0.078211 0.071922
vt 0.606090 0.316318
vt 0.604230 0.383782
vt 0.608064 0.383345
vt 0.609898 0.316947
vt 0.603333 0.369873
vt 0.607181 0.369677
vt 0.603105 0.356604
vt 0.606959 0.356614
vt 0.604355 0.329464
vt 0.608184 0.329922
vt 0.603384 0.343316
vt 0.607231 0.343530
vt 0.151174 0.799872
vt 0.149989 0.863072
vt 0.124814 0.816623
vt 0.177531 0.816629
vt 0.121635 0.615561
vt 0.149599 0.613855
vt 0.114159 0.920832
vt 0.174465 0.920426
vt 0.177564 0.615552
vt 0.125093 0.920443
vt 0.184843 0.629789
vt 0.132043 0.919954
vt 0.138879 0.919270
vt 0.149778 0.919450
vt 0.160678 0.919262
vt 0.187086 0.834648
vt 0.167514 0.919942
vt 0.115229 0.950048
vt 0.138672 0.961576
vt 0.126109 0.949946
vt 0.132510 0.950384
vt 0.138911 0.950821
vt 0.149789 0.950995
vt 0.160667 0.950814
vt 0.167068 0.950372
vt 0.266966 0.646407
vt 0.282191 0.653817
vt 0.722654 0.314701
vt 0.720435 0.403855
vt 0.250845 0.654012
vt 0.722872 0.386560
vt 0.251722 0.673086
vt 0.724047 0.367912
vt 0.267467 0.681094
vt 0.724388 0.350602
vt 0.283076 0.672861
vt 0.723985 0.333306
vt 0.642140 0.390499
vt 0.643858 0.324118
vt 0.973419 0.595183
vt 0.880865 0.215216
vt 0.644810 0.337726
vt 0.842537 0.306700
vt 0.645081 0.350810
vt 0.861286 0.308067
vt 0.643974 0.377541
vt 0.861911 0.215302
vt 0.644858 0.363873
vt 0.971682 0.211117
vt 0.916984 0.213588
vt 0.796618 0.216087
vt 0.790156 0.309448
vt 0.808790 0.309448
vt 0.778094 0.216087
vt 0.934513 0.593751
vt 0.972180 0.585388
vt 0.881157 0.230849
vt 0.842362 0.320077
vt 0.860915 0.322433
vt 0.971921 0.263624
vt 0.879376 0.320782
vt 0.904772 0.328780
vt 0.978938 0.237766
vt 0.847489 0.241246
vt 0.969964 0.242449
vt 0.814794 0.228981
vt 0.796642 0.231723
vt 0.835879 0.236478
vt 0.923986 0.232811
vt 0.771048 0.336828
vt 0.920319 0.239571
vt 0.809498 0.323802
vt 0.939398 0.258713
vt 0.778556 0.229662
vt 0.934611 0.585058
vt 0.890418 0.247821
vt 0.881441 0.249157
vt 0.842147 0.337249
vt 0.971476 0.572323
vt 0.958676 0.512662
vt 0.872428 0.248103
vt 0.863401 0.246106
vt 0.956892 0.356281
vt 0.956716 0.437157
vt 0.959030 0.283110
vt 0.927395 0.353301
vt 0.927258 0.436641
vt 0.791916 0.339974
vt 0.926491 0.276844
vt 0.801246 0.341418
vt 0.925261 0.515573
vt 0.778714 0.246807
vt 0.819454 0.340523
vt 0.810397 0.341997
vt 0.934409 0.573454
vt 0.854320 0.220816
vt 0.889095 0.314294
vt 0.857033 0.231987
vt 0.959767 0.256819
vt 0.829391 0.228038
vt 0.773836 0.322494
vt 0.931406 0.243382
vt 0.826618 0.237187
vt 0.848340 0.227828
vt 0.896537 0.320288
vt 0.965142 0.248091
vt 0.851298 0.236919
vt 0.781135 0.316327
vt 0.823271 0.221149
vt 0.936833 0.251553
vt 0.820784 0.232373
vt 0.881512 0.283796
vt 0.958450 0.400239
vt 0.865937 0.374748
vt 0.967939 0.393520
vt 0.928104 0.320209
vt 0.812438 0.277059
vt 0.936813 0.311733
vt 0.803592 0.371291
vt 0.873414 0.278072
vt 0.958589 0.323747
vt 0.875285 0.368449
vt 0.969218 0.315981
vt 0.796300 0.282319
vt 0.938300 0.471066
vt 0.818245 0.373263
vt 0.928691 0.477503
vt 0.969342 0.541597
vt 0.896966 0.271549
vt 0.962152 0.548710
vt 0.850871 0.364494
vt 0.888369 0.280553
vt 0.960463 0.477587
vt 0.859256 0.372910
vt 0.968403 0.471222
vt 0.803465 0.283826
vt 0.938553 0.392451
vt 0.811926 0.376613
vt 0.929644 0.399241
vt 0.787834 0.274155
vt 0.937479 0.544884
vt 0.826803 0.363997
vt 0.928458 0.551457
vt 0.927195 0.277423
vt 0.806259 0.249384
vt 0.792140 0.340629
vt 0.939764 0.352621
vt 0.870261 0.340365
vt 0.969103 0.355640
vt 0.959547 0.283655
vt 0.863734 0.246894
vt 0.861077 0.341255
vt 0.969661 0.436475
vt 0.957536 0.356818
vt 0.872847 0.248875
vt 0.801597 0.342103
vt 0.928193 0.353840
vt 0.940254 0.436196
vt 0.797280 0.250684
vt 0.811027 0.342523
vt 0.927936 0.437145
vt 0.938824 0.515168
vt 0.788107 0.249604
vt 0.851624 0.340045
vt 0.971218 0.511949
vt 0.957438 0.437645
vt 0.881952 0.249761
vt 0.970963 0.571929
vt 0.890949 0.248397
vt 0.842314 0.337909
vt 0.959427 0.513215
vt 0.820163 0.340980
vt 0.925975 0.516189
vt 0.934114 0.573093
vt 0.779035 0.247587
vt 0.957570 0.420788
vt 0.968572 0.420639
vt 0.867763 0.355488
vt 0.968225 0.372852
vt 0.805734 0.261961
vt 0.927390 0.291722
vt 0.813544 0.261451
vt 0.928676 0.337426
vt 0.793919 0.353178
vt 0.937887 0.293523
vt 0.802123 0.354455
vt 0.802295 0.355845
vt 0.869009 0.352905
vt 0.872679 0.261265
vt 0.877180 0.351435
vt 0.969213 0.297449
vt 0.929225 0.450755
vt 0.811520 0.355277
vt 0.940065 0.452359
vt 0.796231 0.264875
vt 0.818679 0.354110
vt 0.818622 0.355546
vt 0.789120 0.262535
vt 0.928123 0.497865
vt 0.970080 0.563426
vt 0.970121 0.524426
vt 0.962702 0.563496
vt 0.850731 0.349812
vt 0.852449 0.352949
vt 0.889301 0.261503
vt 0.859633 0.353948
vt 0.968468 0.451085
vt 0.929169 0.370440
vt 0.803428 0.357008
vt 0.939834 0.372331
vt 0.804415 0.266229
vt 0.940062 0.420255
vt 0.810877 0.359123
vt 0.928923 0.420163
vt 0.929025 0.418378
vt 0.927536 0.528065
vt 0.820322 0.350934
vt 0.938504 0.529495
vt 0.787435 0.260603
vt 0.934878 0.565437
vt 0.827560 0.350178
vt 0.928104 0.565372
vt 0.928115 0.564429
vt 0.881216 0.266340
vt 0.957575 0.419024
vt 0.957651 0.417146
vt 0.968398 0.417013
vt 0.867600 0.357149
vt 0.867434 0.358908
vt 0.968141 0.374635
vt 0.968113 0.376518
vt 0.805642 0.264901
vt 0.927349 0.295271
vt 0.794326 0.356129
vt 0.802424 0.357390
vt 0.872766 0.262661
vt 0.957126 0.340451
vt 0.868776 0.355846
vt 0.872831 0.264202
vt 0.877016 0.352833
vt 0.876843 0.354395
vt 0.969123 0.298998
vt 0.969121 0.300721
vt 0.929358 0.454105
vt 0.811651 0.358447
vt 0.818584 0.357318
vt 0.789351 0.265732
vt 0.969968 0.525710
vt 0.898017 0.257759
vt 0.970098 0.561089
vt 0.969938 0.527302
vt 0.962541 0.562463
vt 0.962413 0.561163
vt 0.850739 0.350919
vt 0.850752 0.352276
vt 0.889220 0.262942
vt 0.959152 0.496414
vt 0.852619 0.356153
vt 0.889134 0.264703
vt 0.859612 0.355366
vt 0.859576 0.357120
vt 0.968334 0.452589
vt 0.968337 0.454439
vt 0.929244 0.374265
vt 0.803838 0.360420
vt 0.939979 0.416604
vt 0.929069 0.416477
vt 0.927853 0.530947
vt 0.820359 0.353397
vt 0.935204 0.563309
vt 0.928034 0.563226
vt 0.645945 0.391148
vt 0.647687 0.323660
vt 0.647808 0.377978
vt 0.648706 0.364069
vt 0.648935 0.350800
vt 0.648657 0.337512
vt 0.543020 0.322130
vt 0.545145 0.407342
vt 0.542814 0.390797
vt 0.541690 0.373011
vt 0.541371 0.356436
vt 0.541752 0.339870
vt 0.713663 0.402699
vt 0.715839 0.315516
vt 0.709023 0.316331
vt 0.706891 0.401543
vt 0.716048 0.385779
vt 0.709224 0.384998
vt 0.717198 0.367562
vt 0.710349 0.367212
vt 0.717528 0.350620
vt 0.710669 0.350638
vt 0.717137 0.333689
vt 0.710289 0.334072
vt 0.529390 0.320499
vt 0.531536 0.303997
vt 0.538314 0.305118
vt 0.536205 0.321314
vt 0.529166 0.392358
vt 0.535990 0.391577
vt 0.527992 0.373710
vt 0.534841 0.373360
vt 0.527653 0.356399
vt 0.534512 0.356418
vt 0.528057 0.339104
vt 0.534905 0.339487
vt 0.675777 0.153028
vt 0.696738 0.157023
vt 0.904708 0.058089
vt 0.925755 0.062504
vt 0.715083 0.146646
vt 0.841213 0.102607
vt 0.734029 0.140501
vt 0.822951 0.102342
vt 0.637052 0.143968
vt 0.966420 0.057108
vt 0.656119 0.147247
vt 0.945485 0.061960
vt 0.602903 0.029198
vt 0.623577 0.029549
vt 0.624313 0.055539
vt 0.603231 0.059584
vt 0.666286 0.029207
vt 0.679593 0.028944
vt 0.679281 0.042397
vt 0.666544 0.043963
vt 0.697968 0.028726
vt 0.698455 0.042219
vt 0.711267 0.028739
vt 0.711414 0.043384
vt 0.564072 0.027721
vt 0.584775 0.028413
vt 0.583546 0.058712
vt 0.754000 0.053786
vt 0.862680 0.045546
vt 0.840097 0.066044
vt 0.849994 0.043684
vt 0.888988 0.031630
vt 0.922544 0.113688
vt 0.823160 0.065659
vt 0.830846 0.043058
vt 0.817875 0.043919
vt 0.792927 0.028211
vt 0.962605 0.113695
vt 0.692524 0.075499
vt 0.657436 0.040193
vt 0.693477 0.066573
vt 0.657351 0.029316
vt 0.711121 0.075482
vt 0.710415 0.066189
vt 0.719982 0.028602
vt 0.720206 0.039431
vt 0.841203 0.086156
vt 0.888443 0.048057
vt 0.822640 0.086264
vt 0.792220 0.044644
vt 0.809662 0.028954
vt 0.963053 0.096935
vt 0.809185 0.039765
vt 0.822453 0.074951
vt 0.841050 0.074971
vt 0.871866 0.041994
vt 0.872201 0.031127
vt 0.921169 0.096928
vt 0.736744 0.028250
vt 0.737067 0.044710
vt 0.710620 0.102872
vt 0.710932 0.086795
vt 0.692358 0.103136
vt 0.692369 0.086685
vt 0.640727 0.045859
vt 0.640535 0.029434
vt 0.677632 0.133806
vt 0.696244 0.135922
vt 0.713623 0.134183
vt 0.730448 0.128607
vt 0.642085 0.120921
vt 0.660560 0.129133
vt 0.827093 0.155041
vt 0.847293 0.150724
vt 0.809352 0.145937
vt 0.789206 0.139443
vt 0.886740 0.141583
vt 0.866509 0.144889
vt 0.679716 0.124020
vt 0.696898 0.271995
vt 0.696227 0.129066
vt 0.678975 0.126809
vt 0.714095 0.272638
vt 0.712354 0.127732
vt 0.730487 0.273808
vt 0.727564 0.122226
vt 0.641411 0.276424
vt 0.644221 0.113929
vt 0.660392 0.274023
vt 0.663169 0.122935
vt 0.844444 0.131903
vt 0.825964 0.134008
vt 0.825980 0.127201
vt 0.843108 0.124956
vt 0.808710 0.132286
vt 0.809968 0.125882
vt 0.792004 0.126754
vt 0.794866 0.120418
vt 0.879733 0.119102
vt 0.779258 0.112067
vt 0.861392 0.127260
vt 0.858800 0.121106
vt 0.675257 0.216097
vt 0.697109 0.214765
vt 0.717992 0.214963
vt 0.736358 0.216437
vt 0.631202 0.219630
vt 0.655109 0.217584
vt 0.602822 0.022867
vt 0.611400 0.127420
vt 0.612849 0.110254
vt 0.614223 0.093493
vt 0.611845 0.084737
vt 0.601832 0.076261
vt 0.583500 0.076264
vt 0.573568 0.084734
vt 0.572340 0.093500
vt 0.572788 0.110261
vt 0.574266 0.127426
vt 0.584876 0.022069
vt 0.255370 0.490069
vt 0.256248 0.471025
vt 0.270982 0.498297
vt 0.286724 0.490283
vt 0.287594 0.471209
vt 0.271471 0.463610
vt 0.433368 0.069941
vt 0.442615 0.050091
vt 0.442726 0.086332
vt 0.462135 0.086596
vt 0.473142 0.069199
vt 0.463586 0.050370
vt 0.135731 0.911196
vt 0.139239 0.905176
vt 0.160628 0.884573
vt 0.150035 0.882340
vt 0.139452 0.884622
vt 0.136835 0.890966
vt 0.160718 0.905174
vt 0.149979 0.903087
vt 0.135983 0.967402
vt 0.138578 0.973270
vt 0.149165 0.975777
vt 0.159792 0.973441
vt 0.162481 0.967615
vt 0.159886 0.961747
vt 0.184348 0.950025
vt 0.185399 0.920808
vt 0.726829 0.404946
vt 0.729089 0.313931
vt 0.729315 0.387297
vt 0.730514 0.368243
vt 0.730864 0.350585
vt 0.730451 0.332945
vt 0.525137 0.302938
vt 0.522955 0.319728
vt 0.522722 0.393094
vt 0.521525 0.374040
vt 0.521176 0.356382
vt 0.521591 0.338742
vt 0.925446 0.600227
vt 0.820144 0.300787
vt 0.807061 0.301760
vt 0.798019 0.208460
vt 0.923262 0.205396
vt 0.811102 0.209001
vt 0.984215 0.209657
vt 0.875909 0.300495
vt 0.862833 0.300341
vt 0.879310 0.207618
vt 0.963472 0.602509
vt 0.892479 0.207494
vt 0.222203 0.644584
vt 0.108386 0.440742
vt 0.194043 0.649370
vt 0.151190 0.651490
vt 0.108337 0.649361
vt 0.214648 0.437763
vt 0.190764 0.440730
vt 0.149575 0.442207
vt 0.675000 0.202431
vt 0.652816 0.204597
vt 0.697176 0.201406
vt 0.718305 0.201558
vt 0.737787 0.203281
vt 0.756471 0.206059
vt 0.568410 0.202614
vt 0.590607 0.204645
vt 0.546228 0.201723
vt 0.525101 0.202005
vt 0.505630 0.203847
vt 0.612984 0.206202
vt 0.583454 0.274115
vt 0.842372 0.122187
vt 0.497488 0.276520
vt 0.513360 0.274328
vt 0.529744 0.273058
vt 0.546937 0.272310
vt 0.664163 0.120063
vt 0.677944 0.272628
vt 0.740165 0.111881
vt 0.726118 0.119454
vt 0.711660 0.124765
vt 0.696239 0.126267
vt 0.768332 0.140635
vt 0.754943 0.142700
vt 0.602450 0.276400
vt 0.612313 0.219545
vt 0.746372 0.275903
vt 0.754277 0.219051
vt 0.486963 0.206739
vt 0.630449 0.206291
vt 0.525207 0.410744
vt 0.531601 0.409653
vt 0.545091 0.306239
vt 0.606092 0.396952
vt 0.538373 0.408498
vt 0.609896 0.396304
vt 0.726908 0.297141
vt 0.720508 0.298199
vt 0.706953 0.300440
vt 0.645953 0.310514
vt 0.713731 0.299320
vt 0.642145 0.311143
vt 0.177388 0.885206
vt 0.121986 0.898728
vt 0.171428 0.865471
vt 0.149938 0.841053
vt 0.179133 0.914446
vt 0.128563 0.865571
vt 0.177970 0.898722
vt 0.149978 0.894079
vt 0.186303 0.628259
vt 0.115255 0.834641
vt 0.074901 0.821892
vt 0.080276 0.822649
vt 0.270072 0.562657
vt 0.262807 0.593226
vt 0.262895 0.614496
vt 0.030683 0.823218
vt 0.020497 0.743480
vt 0.030985 0.800180
vt 0.027343 0.766405
vt 0.189174 0.834604
vt 0.114359 0.629800
vt 0.077427 0.614193
vt 0.082409 0.615574
vt 0.275013 0.766432
vt 0.271364 0.800206
vt 0.271661 0.823244
vt 0.036303 0.614528
vt 0.020746 0.540643
vt 0.036385 0.593258
vt 0.029111 0.562691
vt 0.237210 0.526042
vt 0.278431 0.540608
vt 0.238939 0.734988
vt 0.281865 0.743508
vt 0.234592 0.521606
vt 0.235356 0.732060
vt 0.079363 0.651454
vt 0.076982 0.676556
vt 0.083735 0.444519
vt 0.076926 0.467574
vt 0.084501 0.437781
vt 0.080179 0.644569
vt 0.143504 0.016368
vt 0.187947 0.015151
vt 0.228905 0.150511
vt 0.189689 0.153161
vt 0.147704 0.157858
vt 0.103484 0.161716
vt 0.366604 0.014494
vt 0.454167 0.166088
vt 0.406734 0.011173
vt 0.325010 0.153044
vt 0.367116 0.157894
vt 0.411511 0.161975
vt 0.417144 0.378203
vt 0.109861 0.397627
vt 0.647256 0.111892
vt 0.745975 0.120657
vt 0.743284 0.113812
vt 0.064601 0.191251
vt 0.060989 0.165571
vt 0.322175 0.038514
vt 0.322206 0.013889
vt 0.066312 0.202934
vt 0.322184 0.049825
vt 0.068606 0.217676
vt 0.322738 0.063910
vt 0.079907 0.281528
vt 0.305441 0.038347
vt 0.296209 0.034013
vt 0.284735 0.029838
vt 0.216540 0.033801
vt 0.085933 0.309472
vt 0.238899 0.023752
vt 0.439278 0.341413
vt 0.074642 0.341841
vt 0.430134 0.328184
vt 0.103905 0.041185
vt 0.103223 0.013609
vt 0.284929 0.176356
vt 0.285708 0.150312
vt 0.104719 0.052941
vt 0.284540 0.187346
vt 0.106056 0.067386
vt 0.283897 0.201169
vt 0.207171 0.103886
vt 0.281004 0.260415
vt 0.294849 0.109797
vt 0.281960 0.291268
vt 0.217240 0.109954
vt 0.228761 0.120603
vt 0.236259 0.297175
vt 0.256170 0.124807
vt 0.277318 0.122785
vt 0.657297 0.022992
vt 0.666363 0.022863
vt 0.679018 0.072386
vt 0.683399 0.064648
vt 0.724853 0.072095
vt 0.721273 0.064032
vt 0.719862 0.022278
vt 0.711025 0.022396
vt 0.872403 0.024811
vt 0.863352 0.024472
vt 0.854555 0.071858
vt 0.850175 0.064120
vt 0.808720 0.071563
vt 0.812302 0.063500
vt 0.809929 0.022640
vt 0.818753 0.022964
vt 0.640483 0.023114
vt 0.677677 0.088355
vt 0.726658 0.088031
vt 0.736618 0.021926
vt 0.889193 0.025313
vt 0.855895 0.087827
vt 0.806914 0.087499
vt 0.793200 0.021898
vt 0.711278 0.056446
vt 0.731707 0.106250
vt 0.697925 0.022424
vt 0.753841 0.021535
vt 0.692921 0.056717
vt 0.679528 0.022622
vt 0.827220 0.157084
vt 0.623269 0.023221
vt 0.951893 0.079699
vt 0.965204 0.024939
vt 0.822297 0.055916
vt 0.637229 0.146303
vt 0.755346 0.145833
vt 0.933561 0.079696
vt 0.840655 0.056189
vt 0.906344 0.025820
vt 0.862171 0.105719
vt 0.867162 0.146953
vt 0.847941 0.152651
vt 0.656516 0.149408
vt 0.676458 0.155338
vt 0.583776 0.145516
vt 0.601801 0.145513
vt 0.951616 0.148951
vt 0.933591 0.148947
vt 0.790004 0.142556
vt 0.768377 0.143540
vt 0.810213 0.149245
vt 0.671399 0.106246
vt 0.734180 0.143148
vt 0.801864 0.105717
vt 0.716329 0.148929
vt 0.698431 0.159082
vt 0.091099 0.068831
vt 0.077985 0.072112
vt 0.776006 0.021105
vt 0.776017 0.027433
vt 0.775095 0.053315
vt 0.782354 0.110149
vt 0.776587 0.118864
vt 0.877610 0.112160
vt 0.888923 0.143929
vt 0.564463 0.021417
vt 0.753683 0.027867
vt 0.562720 0.053524
vt 0.120827 0.914453
vt 0.163274 0.890905
vt 0.122695 0.885334
vt 0.164228 0.911192
vt 0.827485 0.351560
vt 0.935526 0.551544
vt 0.938375 0.531087
vt 0.820527 0.365615
vt 0.827650 0.349044
vt 0.935049 0.564501
vt 0.938547 0.528209
vt 0.820340 0.352040
vt 0.939886 0.454214
vt 0.812343 0.374225
vt 0.938817 0.495913
vt 0.937461 0.477599
vt 0.940091 0.450855
vt 0.811574 0.356694
vt 0.939013 0.499692
vt 0.939006 0.497987
vt 0.810982 0.360872
vt 0.939288 0.399386
vt 0.939749 0.374355
vt 0.805706 0.376220
vt 0.810766 0.357473
vt 0.940050 0.418486
vt 0.939833 0.370436
vt 0.803630 0.358664
vt 0.937791 0.295335
vt 0.796213 0.370142
vt 0.939935 0.335548
vt 0.938587 0.320052
vt 0.937814 0.291895
vt 0.794116 0.354572
vt 0.940026 0.338797
vt 0.940066 0.337253
vt 0.828457 0.338836
vt 0.938643 0.516339
vt 0.809778 0.342622
vt 0.939894 0.353733
vt 0.819200 0.341190
vt 0.940298 0.437232
vt 0.800576 0.341948
vt 0.937439 0.277659
vt 0.828609 0.338172
vt 0.939454 0.515739
vt 0.941022 0.436738
vt 0.940529 0.353177
vt 0.937924 0.277101
vt 0.776951 0.332273
vt 0.926673 0.238295
vt 0.925715 0.224708
vt 0.765802 0.331178
vt 0.784660 0.326194
vt 0.926281 0.218193
vt 0.791003 0.322585
vt 0.925752 0.210404
vt 0.827990 0.321010
vt 0.827501 0.307642
vt 0.934286 0.600234
vt 0.793992 0.302222
vt 0.787474 0.261958
vt 0.928631 0.544769
vt 0.780464 0.260345
vt 0.781660 0.272735
vt 0.787411 0.259489
vt 0.927737 0.529374
vt 0.780202 0.257831
vt 0.780330 0.258969
vt 0.796238 0.266619
vt 0.929173 0.470962
vt 0.928216 0.495797
vt 0.790437 0.281563
vt 0.796230 0.263452
vt 0.929368 0.452256
vt 0.927893 0.499566
vt 0.789231 0.263972
vt 0.804319 0.267989
vt 0.929449 0.392314
vt 0.797307 0.268954
vt 0.797359 0.284667
vt 0.804503 0.264564
vt 0.929242 0.372288
vt 0.797299 0.265556
vt 0.797301 0.267208
vt 0.813433 0.263012
vt 0.927276 0.311789
vt 0.928607 0.335728
vt 0.805339 0.278780
vt 0.813627 0.260048
vt 0.927410 0.293399
vt 0.928636 0.338958
vt 0.805675 0.263358
vt 0.927423 0.573073
vt 0.787207 0.249466
vt 0.927996 0.436111
vt 0.805315 0.249578
vt 0.926072 0.515022
vt 0.796230 0.250648
vt 0.928068 0.352737
vt 0.814386 0.247412
vt 0.926982 0.573431
vt 0.787727 0.248879
vt 0.796729 0.250033
vt 0.805719 0.248797
vt 0.814703 0.246618
vt 0.921671 0.244510
vt 0.830514 0.241436
vt 0.918174 0.226377
vt 0.918429 0.234101
vt 0.923793 0.251448
vt 0.918050 0.219984
vt 0.925286 0.258233
vt 0.815570 0.215790
vt 0.926458 0.585059
vt 0.925409 0.593747
vt 0.784850 0.208601
vt 0.914427 0.208692
vt 0.843585 0.350606
vt 0.844559 0.363024
vt 0.959365 0.527476
vt 0.960193 0.541742
vt 0.843361 0.348095
vt 0.843477 0.349227
vt 0.959307 0.524602
vt 0.959309 0.525880
vt 0.957860 0.454539
vt 0.959490 0.471313
vt 0.959300 0.494513
vt 0.853333 0.372087
vt 0.957666 0.451187
vt 0.957681 0.452690
vt 0.959145 0.497963
vt 0.852539 0.354383
vt 0.860303 0.359529
vt 0.859728 0.375288
vt 0.958178 0.376656
vt 0.959288 0.393638
vt 0.860438 0.356125
vt 0.860366 0.357778
vt 0.957986 0.372983
vt 0.958046 0.374771
vt 0.959313 0.300782
vt 0.960364 0.315970
vt 0.957255 0.338764
vt 0.867935 0.369771
vt 0.959206 0.297541
vt 0.959174 0.299075
vt 0.957155 0.341978
vt 0.868869 0.354299
vt 0.859827 0.341185
vt 0.959282 0.512140
vt 0.850657 0.339858
vt 0.963444 0.571992
vt 0.878663 0.338848
vt 0.957625 0.355713
vt 0.869244 0.340544
vt 0.957478 0.436622
vt 0.851354 0.339384
vt 0.963117 0.572400
vt 0.860443 0.340645
vt 0.869578 0.339851
vt 0.878872 0.338188
vt 0.893652 0.330137
vt 0.899661 0.334552
vt 0.971071 0.227062
vt 0.972798 0.236291
vt 0.885802 0.324241
vt 0.970739 0.219683
vt 0.957302 0.264264
vt 0.879914 0.307629
vt 0.963005 0.585453
vt 0.963183 0.595234
vt 0.974616 0.205702
vt 0.849731 0.299674
vt 0.890935 0.260892
vt 0.890822 0.273094
vt 0.897911 0.259138
vt 0.969622 0.548620
vt 0.890948 0.258422
vt 0.890947 0.259537
vt 0.898122 0.256619
vt 0.970045 0.562392
vt 0.882267 0.265730
vt 0.882523 0.281427
vt 0.969057 0.494385
vt 0.968685 0.477497
vt 0.882210 0.262563
vt 0.882239 0.263985
vt 0.969352 0.497808
vt 0.969126 0.496271
vt 0.874215 0.267263
vt 0.875390 0.283080
vt 0.881246 0.268086
vt 0.967820 0.400127
vt 0.873962 0.263842
vt 0.874084 0.265505
vt 0.881184 0.264688
vt 0.968456 0.418882
vt 0.865003 0.262471
vt 0.866282 0.276495
vt 0.968289 0.338862
vt 0.968628 0.323853
vt 0.864749 0.259511
vt 0.864860 0.260913
vt 0.968332 0.342017
vt 0.968243 0.340519
vt 0.969727 0.437498
vt 0.890052 0.248553
vt 0.971338 0.513027
vt 0.899082 0.246354
vt 0.969860 0.283467
vt 0.871899 0.248701
vt 0.968983 0.356731
vt 0.880903 0.249819
vt 0.971988 0.512450
vt 0.899387 0.245568
vt 0.970403 0.436995
vt 0.969763 0.356188
vt 0.970597 0.282888
vt 0.975512 0.248984
vt 0.976875 0.243697
vt 0.979455 0.229176
vt 0.842024 0.236396
vt 0.973424 0.256423
vt 0.979800 0.221980
vt 0.862954 0.228475
vt 0.981195 0.214949
vt 0.899197 0.228423
vt 0.899385 0.214841
vt 0.866241 0.208424
vt 0.973396 0.602470
vt 0.225234 0.073131
vt 0.206931 0.038197
vt 0.108579 0.124536
vt 0.286934 0.073253
vt 0.323991 0.124016
vt 0.304836 0.103748
vt 0.173469 0.949930
vt 0.149298 0.959239
vn 0.165960 0.087980 -0.982200
vn 0.165960 0.087980 -0.982200
vn 0.197589 -0.018797 -0.980105
vn 0.198655 -0.022544 -0.979810
vn -0.165960 0.087980 -0.982200
vn -0.165960 0.087980 -0.982200
vn -0.198655 -0.022544 -0.979810
vn -0.197589 -0.018797 -0.980105
vn -0.929343 0.024549 -0.368400
vn -0.929343 0.024549 -0.368400
vn -0.938630 -0.112492 -0.326066
vn -0.938613 -0.103138 -0.329195
vn -0.947419 -0.041643 0.317276
vn -0.947419 -0.041643 0.317276
vn -0.940333 -0.112917 0.320972
vn -0.940326 -0.112970 0.320974
vn -0.312636 -0.185111 0.931661
vn -0.312636 -0.185111 0.931661
vn -0.375953 -0.139860 0.916023
vn -0.375998 -0.139827 0.916010
vn 0.312636 -0.185111 0.931661
vn 0.312636 -0.185111 0.931661
vn 0.375998 -0.139827 0.916010
vn 0.375953 -0.139860 0.916023
vn 0.947419 -0.041643 0.317276
vn 0.947419 -0.041643 0.317276
vn 0.940326 -0.112970 0.320974
vn 0.940333 -0.112917 0.320972
vn 0.929343 0.024549 -0.368400
vn 0.929343 0.024549 -0.368400
vn 0.938612 -0.103138 -0.329195
vn 0.938630 -0.112492 -0.326067
vn 0.341124 0.937559 -0.067944
vn 0.341124 0.937559 -0.067944
vn 0.341124 0.937559 -0.067944
vn 0.341124 0.937560 -0.067944
vn 0.278379 0.935551 0.217372
vn 0.278379 0.935551 0.217372
vn 0.278379 0.935551 0.217372
vn 0.278379 0.935551 0.217372
vn 0.379547 0.193497 0.904712
vn 0.363885 0.231816 0.902136
vn 0.141264 0.635108 0.759396
vn 0.141264 0.635108 0.759396
vn -0.363885 0.231816 0.902136
vn -0.379547 0.193497 0.904712
vn -0.141264 0.635108 0.759396
vn -0.141264 0.635108 0.759396
vn -0.278379 0.935551 0.217372
vn -0.278379 0.935551 0.217372
vn -0.278379 0.935551 0.217372
vn -0.278379 0.935551 0.217372
vn -0.341124 0.937560 -0.067944
vn -0.341124 0.937560 -0.067944
vn -0.341124 0.937560 -0.067944
vn -0.341124 0.937560 -0.067944
vn -0.216100 0.145419 -0.965481
vn -0.212854 0.031881 -0.976564
vn -0.167020 0.789473 -0.590624
vn -0.167020 0.789473 -0.590624
vn 0.212854 0.031881 -0.976564
vn 0.216100 0.145419 -0.965481
vn 0.167020 0.789473 -0.590624
vn 0.167020 0.789473 -0.590624
vn 0.446783 -0.003378 0.894636
vn 0.444448 0.004898 0.895791
vn -0.444448 0.004898 0.895791
vn -0.446783 -0.003378 0.894636
vn -0.212544 -0.075304 -0.974246
vn -0.212085 -0.071274 -0.974649
vn 0.212085 -0.071274 -0.974649
vn 0.212544 -0.075304 -0.974246
vn 0.960936 -0.155064 -0.229254
vn 0.960297 -0.154796 -0.232094
vn 0.967068 -0.157764 -0.199722
vn 0.967069 -0.157764 -0.199722
vn 0.930048 -0.106582 0.351639
vn 0.929802 -0.105733 0.352545
vn 0.926386 -0.094421 0.364546
vn 0.926386 -0.094421 0.364546
vn 0.441890 -0.060147 0.895051
vn 0.442565 -0.059213 0.894780
vn -0.442565 -0.059212 0.894780
vn -0.441890 -0.060147 0.895051
vn -0.929802 -0.105733 0.352545
vn -0.930048 -0.106582 0.351639
vn -0.926386 -0.094421 0.364546
vn -0.926386 -0.094421 0.364546
vn -0.960297 -0.154796 -0.232093
vn -0.960936 -0.155064 -0.229254
vn -0.967069 -0.157764 -0.199722
vn -0.967068 -0.157764 -0.199722
vn -0.212817 -0.085762 -0.973321
vn -0.213170 -0.087655 -0.973075
vn 0.213170 -0.087655 -0.973075
vn 0.212817 -0.085762 -0.973321
vn 0.397185 -0.824086 -0.403889
vn 0.397185 -0.824086 -0.403889
vn 0.397185 -0.824086 -0.403889
vn 0.397185 -0.824086 -0.403889
vn 0.382869 -0.021858 -0.923544
vn 0.382869 -0.021858 -0.923544
vn 0.382869 -0.021858 -0.923544
vn 0.382869 -0.021858 -0.923544
vn 0.382919 0.900574 -0.205767
vn 0.382919 0.900574 -0.205767
vn 0.382919 0.900574 -0.205767
vn 0.382919 0.900574 -0.205767
vn 0.492555 -0.709595 0.503849
vn 0.492555 -0.709595 0.503849
vn 0.492555 -0.709595 0.503849
vn 0.492555 -0.709595 0.503849
vn 0.288130 0.922019 0.258577
vn 0.288130 0.922019 0.258577
vn 0.288130 0.922019 0.258577
vn 0.288130 0.922019 0.258577
vn 0.337042 0.014518 0.941378
vn 0.337042 0.014518 0.941378
vn 0.337042 0.014518 0.941378
vn 0.337042 0.014518 0.941378
vn -0.508331 -0.848815 0.145299
vn -0.492554 -0.709596 0.503850
vn -0.492554 -0.709596 0.503850
vn -0.495363 -0.868648 0.008149
vn -0.337042 0.014518 0.941378
vn -0.337042 0.014518 0.941378
vn -0.337042 0.014518 0.941378
vn -0.337042 0.014518 0.941378
vn -0.288132 0.922019 0.258577
vn -0.342351 0.938640 0.041843
vn -0.349796 0.936812 0.005127
vn -0.288132 0.922019 0.258577
vn -0.397184 -0.824086 -0.403889
vn -0.397184 -0.824086 -0.403889
vn -0.382921 0.900573 -0.205766
vn -0.382921 0.900573 -0.205766
vn -0.382869 -0.021858 -0.923544
vn -0.382869 -0.021858 -0.923544
vn -0.382869 -0.021858 -0.923544
vn -0.382869 -0.021858 -0.923544
vn 0.000000 -0.899110 -0.437723
vn 0.000000 -0.899110 -0.437723
vn 0.000000 -0.899110 -0.437723
vn 0.000000 -0.899110 -0.437723
vn 0.000351 0.007521 -0.999972
vn 0.000351 0.007521 -0.999972
vn 0.000351 0.007521 -0.999972
vn 0.000351 0.007521 -0.999972
vn 0.067056 0.923954 -0.376581
vn 0.067056 0.923954 -0.376581
vn 0.067056 0.923954 -0.376581
vn 0.067056 0.923953 -0.376581
vn 0.000000 -0.888970 0.457966
vn 0.000000 -0.888969 0.457966
vn 0.000000 -0.888970 0.457966
vn 0.000000 -0.888970 0.457966
vn 0.052850 0.950512 0.306159
vn 0.052850 0.950512 0.306159
vn 0.052850 0.950512 0.306159
vn 0.052850 0.950512 0.306159
vn 0.001006 0.035019 0.999386
vn 0.001006 0.035019 0.999386
vn 0.001006 0.035019 0.999386
vn 0.001006 0.035019 0.999386
vn 0.000000 -0.888969 0.457967
vn 0.000000 -0.888969 0.457967
vn 0.000000 -0.888969 0.457967
vn 0.000000 -0.888969 0.457967
vn -0.001006 0.035020 0.999386
vn -0.001006 0.035020 0.999386
vn -0.001006 0.035020 0.999386
vn -0.001006 0.035020 0.999386
vn -0.052850 0.950513 0.306158
vn -0.052850 0.950513 0.306158
vn -0.052850 0.950513 0.306158
vn -0.052850 0.950513 0.306158
vn 0.000000 -0.899110 -0.437724
vn 0.000000 -0.899110 -0.437724
vn 0.000000 -0.899110 -0.437724
vn 0.000000 -0.899110 -0.437724
vn -0.067056 0.923954 -0.376580
vn -0.067056 0.923954 -0.376580
vn -0.067056 0.923954 -0.376580
vn -0.067056 0.923954 -0.376580
vn -0.000351 0.007521 -0.999972
vn -0.000351 0.007521 -0.999972
vn -0.000351 0.007521 -0.999972
vn -0.000351 0.007521 -0.999972
vn 0.030294 0.074671 -0.996748
vn 0.031558 0.066045 -0.997317
vn 0.023290 0.122083 -0.992247
vn 0.023290 0.122083 -0.992247
vn 0.884528 0.167788 -0.435268
vn 0.885712 0.159491 -0.435978
vn 0.875033 0.222801 -0.429742
vn 0.875033 0.222801 -0.429742
vn 0.843513 0.138956 0.518822
vn 0.843614 0.141155 0.518064
vn 0.844327 0.161272 0.510984
vn 0.844327 0.161272 0.510984
vn 0.086433 -0.034238 0.995669
vn 0.095729 -0.048143 0.994243
vn 0.128649 -0.097601 0.986876
vn 0.128649 -0.097601 0.986876
vn -0.866731 -0.071496 0.493625
vn -0.865103 -0.077498 0.495572
vn -0.856466 -0.107276 0.504933
vn -0.856466 -0.107276 0.504933
vn -0.877299 -0.105563 -0.468190
vn -0.877449 -0.105075 -0.468020
vn -0.873145 -0.118795 -0.472764
vn -0.873145 -0.118795 -0.472764
vn 0.054610 0.200977 -0.978073
vn 0.054610 0.200977 -0.978073
vn 0.054610 0.200977 -0.978073
vn 0.054610 0.200977 -0.978073
vn 0.828725 0.354994 -0.432660
vn 0.828725 0.354994 -0.432660
vn 0.828725 0.354994 -0.432660
vn 0.828725 0.354994 -0.432660
vn 0.852053 0.220667 0.474670
vn 0.852053 0.220667 0.474670
vn 0.852053 0.220667 0.474670
vn 0.852053 0.220667 0.474670
vn 0.133228 0.030938 0.990602
vn 0.133228 0.030938 0.990602
vn 0.133228 0.030938 0.990602
vn 0.133228 0.030938 0.990602
vn -0.698763 -0.514579 0.496929
vn -0.698763 -0.514579 0.496929
vn -0.698763 -0.514579 0.496929
vn -0.698763 -0.514579 0.496929
vn -0.733304 -0.507572 -0.452368
vn -0.733304 -0.507572 -0.452368
vn -0.733304 -0.507572 -0.452368
vn -0.733304 -0.507572 -0.452368
vn -0.367191 -0.827174 -0.425386
vn -0.367191 -0.827174 -0.425386
vn -0.367191 -0.827174 -0.425386
vn -0.291408 -0.891162 0.347723
vn 0.000000 -0.931595 0.363499
vn 0.000000 -0.931595 0.363499
vn 0.198721 -0.076342 0.977078
vn 0.198721 -0.076342 0.977078
vn 0.198721 -0.076342 0.977078
vn 0.198721 -0.076342 0.977078
vn 0.121480 0.190372 -0.974167
vn 0.121480 0.190372 -0.974167
vn 0.121480 0.190372 -0.974167
vn 0.121480 0.190372 -0.974167
vn -0.040637 0.008257 -0.999140
vn -0.040637 0.008257 -0.999140
vn -0.031444 0.073194 -0.996822
vn -0.032367 0.066737 -0.997246
vn -0.883125 0.125156 -0.452135
vn -0.883125 0.125156 -0.452135
vn -0.864019 0.197349 -0.463167
vn -0.865927 0.190944 -0.462289
vn -0.842101 0.114722 0.526977
vn -0.842101 0.114722 0.526977
vn -0.843513 0.138956 0.518822
vn -0.843614 0.141155 0.518064
vn -0.047140 0.024245 0.998594
vn -0.047140 0.024245 0.998594
vn -0.086433 -0.034238 0.995669
vn -0.095729 -0.048143 0.994243
vn 0.878955 -0.020954 0.476444
vn 0.878955 -0.020954 0.476444
vn 0.866731 -0.071496 0.493625
vn 0.865103 -0.077498 0.495572
vn 0.882455 -0.088209 -0.462053
vn 0.882455 -0.088209 -0.462053
vn 0.877299 -0.105563 -0.468190
vn 0.877449 -0.105075 -0.468020
vn -0.087887 0.162941 -0.982714
vn -0.087887 0.162941 -0.982714
vn -0.087887 0.162941 -0.982714
vn -0.087887 0.162941 -0.982714
vn -0.833241 0.315659 -0.453948
vn -0.833241 0.315659 -0.453948
vn -0.833241 0.315659 -0.453948
vn -0.833241 0.315659 -0.453948
vn -0.852053 0.220667 0.474670
vn -0.852053 0.220667 0.474670
vn -0.852053 0.220667 0.474670
vn -0.852053 0.220667 0.474670
vn -0.133228 0.030938 0.990602
vn -0.133228 0.030938 0.990602
vn -0.133228 0.030938 0.990602
vn -0.133228 0.030938 0.990602
vn 0.698764 -0.514578 0.496929
vn 0.698764 -0.514578 0.496929
vn 0.698764 -0.514578 0.496929
vn 0.698764 -0.514578 0.496929
vn 0.787798 -0.374507 -0.488999
vn 0.787798 -0.374507 -0.488999
vn 0.787798 -0.374506 -0.488999
vn 0.787798 -0.374507 -0.488999
vn 0.322452 -0.841795 -0.432905
vn 0.322452 -0.841795 -0.432905
vn 0.322452 -0.841795 -0.432905
vn 0.291408 -0.891162 0.347723
vn -0.198721 -0.076341 0.977078
vn -0.198721 -0.076342 0.977078
vn -0.198721 -0.076341 0.977078
vn -0.198721 -0.076342 0.977078
vn -0.083789 0.203812 -0.975418
vn -0.083789 0.203812 -0.975418
vn -0.083789 0.203812 -0.975418
vn -0.083789 0.203812 -0.975418
vn 0.805769 0.457405 -0.376188
vn 0.805769 0.457405 -0.376188
vn 0.805769 0.457405 -0.376188
vn 0.805769 0.457405 -0.376188
vn 0.856661 0.361015 0.368510
vn 0.856661 0.361015 0.368510
vn 0.856661 0.361015 0.368510
vn 0.856661 0.361015 0.368510
vn 0.275477 0.040786 0.960442
vn 0.284919 0.063003 0.956479
vn 0.293477 0.083459 0.952316
vn 0.129627 0.383097 -0.914567
vn 0.129627 0.383098 -0.914567
vn 0.129627 0.383098 -0.914567
vn 0.129627 0.383098 -0.914567
vn -0.805360 0.469137 -0.362362
vn -0.805360 0.469137 -0.362362
vn -0.805360 0.469137 -0.362362
vn -0.805360 0.469136 -0.362362
vn -0.856661 0.361015 0.368510
vn -0.856661 0.361015 0.368510
vn -0.856661 0.361015 0.368510
vn -0.856661 0.361015 0.368510
vn -0.284919 0.063003 0.956479
vn -0.275477 0.040786 0.960442
vn -0.293477 0.083459 0.952316
vn -0.115156 0.407247 -0.906029
vn -0.115156 0.407247 -0.906029
vn -0.115156 0.407247 -0.906029
vn -0.115156 0.407247 -0.906029
vn 0.873145 -0.118795 -0.472764
vn 0.873145 -0.118795 -0.472764
vn 0.856466 -0.107276 0.504933
vn 0.856466 -0.107276 0.504933
vn -0.128649 -0.097601 0.986876
vn -0.128649 -0.097601 0.986876
vn -0.844327 0.161271 0.510984
vn -0.844327 0.161271 0.510984
vn -0.845524 0.253367 -0.469994
vn -0.845524 0.253367 -0.469994
vn -0.024225 0.123319 -0.992071
vn -0.024225 0.123319 -0.992071
vn -0.882455 -0.088209 -0.462053
vn -0.882455 -0.088209 -0.462053
vn -0.878955 -0.020954 0.476444
vn -0.878955 -0.020954 0.476444
vn 0.047140 0.024245 0.998594
vn 0.047140 0.024245 0.998594
vn 0.842101 0.114723 0.526977
vn 0.842101 0.114723 0.526977
vn 0.892489 0.098179 -0.440254
vn 0.892489 0.098179 -0.440254
vn 0.040269 0.006003 -0.999171
vn 0.040269 0.006003 -0.999171
vn 0.045120 0.000277 -0.998982
vn 0.045120 0.000277 -0.998982
vn 0.045120 0.000277 -0.998982
vn 0.045120 0.000277 -0.998982
vn 0.893943 0.000000 -0.448180
vn 0.893943 0.000000 -0.448180
vn 0.893943 0.000000 -0.448180
vn 0.893943 0.000000 -0.448180
vn 0.843904 -0.003646 0.536481
vn 0.843904 -0.003646 0.536481
vn 0.843904 -0.003646 0.536481
vn 0.843904 -0.003646 0.536481
vn 0.018981 -0.023590 0.999542
vn 0.018981 -0.023590 0.999542
vn 0.018981 -0.023590 0.999542
vn 0.018981 -0.023590 0.999542
vn -0.882917 -0.011204 0.469396
vn -0.882917 -0.011204 0.469396
vn -0.882917 -0.011204 0.469396
vn -0.882917 -0.011204 0.469396
vn -0.888659 -0.004276 -0.458549
vn -0.888659 -0.004276 -0.458549
vn -0.888659 -0.004276 -0.458549
vn -0.888659 -0.004276 -0.458549
vn -0.045120 0.000277 -0.998982
vn -0.045120 0.000277 -0.998982
vn -0.045120 0.000277 -0.998982
vn -0.045120 0.000277 -0.998982
vn -0.893943 0.000000 -0.448180
vn -0.893943 0.000000 -0.448180
vn -0.893943 0.000000 -0.448180
vn -0.893943 0.000000 -0.448180
vn -0.843904 -0.003646 0.536481
vn -0.843904 -0.003646 0.536481
vn -0.843904 -0.003646 0.536481
vn -0.843904 -0.003646 0.536481
vn -0.018981 -0.023590 0.999542
vn -0.018981 -0.023590 0.999542
vn -0.018981 -0.023590 0.999542
vn -0.018981 -0.023590 0.999542
vn 0.882917 -0.011204 0.469396
vn 0.882917 -0.011204 0.469396
vn 0.882917 -0.011204 0.469396
vn 0.882917 -0.011204 0.469396
vn 0.888659 -0.004276 -0.458549
vn 0.888659 -0.004276 -0.458549
vn 0.888659 -0.004276 -0.458549
vn 0.888659 -0.004276 -0.458549
vn 0.045581 0.000000 -0.998961
vn 0.045581 0.000000 -0.998961
vn 0.045581 0.000000 -0.998961
vn 0.045581 0.000000 -0.998961
vn 0.893943 0.000000 -0.448180
vn 0.893943 0.000000 -0.448180
vn 0.893943 0.000000 -0.448180
vn 0.893943 0.000000 -0.448180
vn 0.840784 0.000000 0.541371
vn 0.840784 0.000000 0.541371
vn 0.840784 0.000000 0.541371
vn 0.840784 0.000000 0.541371
vn 0.000000 0.000000 1.000000
vn 0.000000 0.000000 1.000000
vn 0.000000 0.000000 1.000000
vn 0.000000 0.000000 1.000000
vn -0.879108 0.000000 0.476623
vn -0.879108 0.000000 0.476623
vn -0.879108 0.000000 0.476623
vn -0.879108 0.000000 0.476623
vn -0.889706 0.000000 -0.456535
vn -0.889706 0.000000 -0.456535
vn -0.889706 0.000000 -0.456535
vn -0.889706 0.000000 -0.456535
vn -0.045581 0.000000 -0.998961
vn -0.045581 0.000000 -0.998961
vn -0.045581 0.000000 -0.998961
vn -0.045581 0.000000 -0.998961
vn -0.893943 0.000000 -0.448180
vn -0.893943 0.000000 -0.448180
vn -0.893943 0.000000 -0.448180
vn -0.893943 0.000000 -0.448180
vn -0.840784 0.000000 0.541371
vn -0.840784 0.000000 0.541371
vn -0.840784 0.000000 0.541371
vn -0.840784 0.000000 0.541371
vn -0.000000 0.000000 1.000000
vn -0.000000 0.000000 1.000000
vn -0.000000 0.000000 1.000000
vn -0.000000 0.000000 1.000000
vn 0.879108 0.000000 0.476623
vn 0.879108 0.000000 0.476623
vn 0.879108 0.000000 0.476623
vn 0.879108 0.000000 0.476623
vn 0.889706 0.000000 -0.456535
vn 0.889706 0.000000 -0.456535
vn 0.889706 0.000000 -0.456535
vn 0.889706 0.000000 -0.456535
vn 0.045581 0.000000 -0.998961
vn 0.045581 0.000000 -0.998961
vn 0.045581 0.000000 -0.998961
vn 0.045581 0.000000 -0.998961
vn 0.893943 0.000000 -0.448180
vn 0.893943 0.000000 -0.448180
vn 0.893943 0.000000 -0.448180
vn 0.893943 0.000000 -0.448180
vn 0.840783 0.000000 0.541372
vn 0.840783 0.000000 0.541372
vn 0.840783 0.000000 0.541372
vn 0.840783 0.000000 0.541372
vn 0.000000 0.000000 1.000000
vn 0.000000 0.000000 1.000000
vn 0.000000 0.000000 1.000000
vn 0.000000 0.000000 1.000000
vn -0.879108 0.000000 0.476623
vn -0.879108 0.000000 0.476623
vn -0.879108 0.000000 0.476623
vn -0.879108 0.000000 0.476623
vn -0.889706 0.000000 -0.456535
vn -0.889706 0.000000 -0.456535
vn -0.889706 0.000000 -0.456535
vn -0.889706 0.000000 -0.456535
vn -0.045581 0.000000 -0.998961
vn -0.045581 0.000000 -0.998961
vn -0.045581 0.000000 -0.998961
vn -0.045581 0.000000 -0.998961
vn -0.893943 0.000000 -0.448180
vn -0.893943 0.000000 -0.448180
vn -0.893943 0.000000 -0.448180
vn -0.893943 0.000000 -0.448180
vn -0.840783 0.000000 0.541372
vn -0.840783 0.000000 0.541372
vn -0.840783 0.000000 0.541372
vn -0.840783 0.000000 0.541372
vn -0.000000 0.000000 1.000000
vn -0.000000 0.000000 1.000000
vn -0.000000 0.000000 1.000000
vn -0.000000 0.000000 1.000000
vn 0.879108 0.000000 0.476623
vn 0.879108 0.000000 0.476623
vn 0.879108 0.000000 0.476623
vn 0.879108 0.000000 0.476623
vn 0.889706 0.000000 -0.456535
vn 0.889706 0.000000 -0.456535
vn 0.889706 0.000000 -0.456535
vn 0.889706 0.000000 -0.456535
vn 0.045581 0.000000 -0.998961
vn 0.045581 0.000000 -0.998961
vn 0.045581 0.000000 -0.998961
vn 0.045581 0.000000 -0.998961
vn 0.893943 0.000000 -0.448180
vn 0.893943 0.000000 -0.448180
vn 0.893943 0.000000 -0.448180
vn 0.893943 0.000000 -0.448180
vn 0.840783 0.000000 0.541372
vn 0.840783 0.000000 0.541372
vn 0.840783 0.000000 0.541372
vn 0.840783 0.000000 0.541372
vn 0.000000 0.000000 1.000000
vn 0.000000 0.000000 1.000000
vn 0.000000 0.000000 1.000000
vn 0.000000 0.000000 1.000000
vn -0.879108 0.000000 0.476623
vn -0.879108 0.000000 0.476623
vn -0.879108 0.000000 0.476623
vn -0.879108 0.000000 0.476623
vn -0.889706 0.000000 -0.456535
vn -0.889706 0.000000 -0.456535
vn -0.889705 0.000000 -0.456535
vn -0.889706 0.000000 -0.456535
vn -0.045581 0.000000 -0.998961
vn -0.045581 0.000000 -0.998961
vn -0.045581 0.000000 -0.998961
vn -0.045581 0.000000 -0.998961
vn -0.893943 0.000000 -0.448180
vn -0.893943 0.000000 -0.448180
vn -0.893943 0.000000 -0.448180
vn -0.893943 0.000000 -0.448180
vn -0.840783 0.000000 0.541372
vn -0.840783 0.000000 0.541372
vn -0.840783 0.000000 0.541372
vn -0.840783 0.000000 0.541372
vn -0.000000 0.000000 1.000000
vn -0.000000 0.000000 1.000000
vn -0.000000 0.000000 1.000000
vn -0.000000 0.000000 1.000000
vn 0.879108 0.000000 0.476623
vn 0.879108 0.000000 0.476623
vn 0.879108 0.000000 0.476623
vn 0.879108 0.000000 0.476623
vn 0.889706 0.000000 -0.456535
vn 0.889706 0.000000 -0.456535
vn 0.889706 0.000000 -0.456535
vn 0.889706 0.000000 -0.456535
vn 0.000000 0.019689 -0.999806
vn 0.000000 0.000145 -1.000000
vn 0.000000 -0.000151 -1.000000
vn 0.000000 0.019689 -0.999806
vn 0.881849 -0.051443 -0.468717
vn 0.881775 -0.052064 -0.468787
vn 0.885219 -0.019078 -0.464784
vn 0.885219 -0.019078 -0.464784
vn 0.645393 -0.003320 0.763843
vn 0.645535 -0.003509 0.763723
vn 0.654166 -0.015119 0.756200
vn 0.654166 -0.015119 0.756200
vn 0.000001 0.029019 0.999579
vn 0.000001 0.028845 0.999584
vn -0.000000 -0.035761 0.999360
vn -0.000000 -0.035761 0.999360
vn -0.642809 -0.003500 0.766019
vn -0.642601 -0.003307 0.766194
vn -0.655362 -0.015259 0.755161
vn -0.655362 -0.015259 0.755160
vn -0.884440 0.005118 -0.466625
vn -0.884444 0.005309 -0.466616
vn -0.884446 0.046202 -0.464351
vn -0.884446 0.046202 -0.464351
vn -0.016301 -0.061733 -0.997960
vn -0.016371 0.007512 -0.999838
vn -0.016370 0.003810 -0.999859
vn -0.016301 -0.061733 -0.997960
vn -0.898533 0.000154 -0.438906
vn -0.898531 -0.003234 -0.438898
vn -0.896638 -0.065727 -0.437858
vn -0.896638 -0.065727 -0.437858
vn -0.836165 0.002527 0.548473
vn -0.836135 0.004390 0.548507
vn -0.835467 -0.060642 0.546184
vn -0.835467 -0.060642 0.546184
vn 0.017643 0.010146 0.999793
vn 0.017634 0.010893 0.999785
vn 0.018458 -0.060181 0.998017
vn 0.018458 -0.060181 0.998017
vn 0.855008 0.031215 0.517674
vn 0.854971 0.032348 0.517667
vn 0.855173 -0.040058 0.516793
vn 0.855173 -0.040058 0.516793
vn 0.915351 0.036436 -0.401005
vn 0.915264 0.038946 -0.400967
vn 0.915609 -0.027882 -0.401102
vn 0.915609 -0.027882 -0.401102
vn -0.015660 0.181538 -0.983259
vn -0.015660 0.181538 -0.983259
vn -0.015660 0.181538 -0.983259
vn -0.015660 0.181538 -0.983259
vn -0.894601 0.080784 -0.439502
vn -0.894601 0.080784 -0.439503
vn -0.894601 0.080784 -0.439503
vn -0.894601 0.080784 -0.439503
vn -0.836928 -0.024991 0.546743
vn -0.836928 -0.024991 0.546743
vn -0.836928 -0.024991 0.546743
vn -0.836928 -0.024991 0.546743
vn 0.018742 -0.059327 0.998063
vn 0.018742 -0.059327 0.998063
vn 0.018742 -0.059327 0.998063
vn 0.018742 -0.059327 0.998063
vn 0.859298 -0.058439 0.508125
vn 0.859298 -0.058439 0.508125
vn 0.859298 -0.058439 0.508125
vn 0.859298 -0.058439 0.508125
vn 0.916824 -0.003629 -0.399276
vn 0.916824 -0.003629 -0.399276
vn 0.916824 -0.003629 -0.399276
vn 0.916824 -0.003629 -0.399276
vn -0.067041 -0.907744 0.414134
vn -0.067041 -0.907744 0.414133
vn -0.067043 -0.909715 0.409786
vn -0.067043 -0.909715 0.409786
vn -0.046844 0.018218 0.998736
vn -0.046845 0.018180 0.998737
vn -0.047153 0.001217 0.998887
vn -0.047153 0.001217 0.998887
vn -0.036010 0.901769 0.430716
vn -0.036010 0.901778 0.430697
vn -0.035854 0.912163 0.408257
vn -0.035854 0.912163 0.408257
vn -0.062663 -0.903301 -0.424406
vn -0.062662 -0.903292 -0.424425
vn -0.062821 -0.909669 -0.410555
vn -0.062821 -0.909669 -0.410555
vn -0.037007 0.900574 -0.433126
vn -0.037007 0.900563 -0.433148
vn -0.036824 0.910599 -0.411648
vn -0.036824 0.910599 -0.411648
vn -0.040350 -0.018443 -0.999015
vn -0.040350 -0.018481 -0.999015
vn -0.040056 -0.001236 -0.999197
vn -0.040056 -0.001236 -0.999197
vn 0.075582 0.802999 0.591168
vn 0.075582 0.802999 0.591168
vn 0.075582 0.802999 0.591168
vn -0.075582 0.803000 0.591167
vn -0.075582 0.803000 0.591167
vn -0.075582 0.803000 0.591167
vn 0.130136 0.853152 -0.505171
vn 0.130136 0.853152 -0.505170
vn 0.130136 0.853152 -0.505171
vn 0.130136 0.853152 -0.505170
vn -0.130136 0.853153 -0.505168
vn -0.130136 0.853153 -0.505168
vn -0.130136 0.853153 -0.505168
vn -0.130136 0.853153 -0.505168
vn -0.279656 0.959912 0.019010
vn -0.279656 0.959912 0.019010
vn -0.279656 0.959912 0.019010
vn -0.279656 0.959912 0.019010
vn -0.186271 0.956888 0.222864
vn -0.186271 0.956888 0.222864
vn -0.186271 0.956888 0.222864
vn -0.186271 0.956888 0.222864
vn 0.035818 0.914050 0.404016
vn 0.035818 0.914050 0.404016
vn 0.035818 0.914051 0.404016
vn 0.035818 0.914051 0.404016
vn -0.035818 0.914050 0.404017
vn -0.035818 0.914050 0.404017
vn -0.035818 0.914050 0.404017
vn -0.035818 0.914050 0.404017
vn 0.186272 0.956888 0.222865
vn 0.186272 0.956888 0.222865
vn 0.186272 0.956888 0.222865
vn 0.186272 0.956888 0.222865
vn 0.279656 0.959912 0.019012
vn 0.279656 0.959912 0.019012
vn 0.279656 0.959912 0.019012
vn 0.279656 0.959912 0.019012
vn 0.233248 0.113783 -0.965738
vn 0.233248 0.113783 -0.965738
vn 0.233248 0.113783 -0.965738
vn 0.233248 0.113783 -0.965738
vn -0.233248 0.113783 -0.965738
vn -0.233248 0.113783 -0.965738
vn -0.233248 0.113783 -0.965738
vn -0.233248 0.113783 -0.965738
vn -0.918304 0.040318 -0.393819
vn -0.918304 0.040318 -0.393819
vn -0.918304 0.040318 -0.393819
vn -0.918304 0.040318 -0.393819
vn -0.916888 -0.033423 0.397743
vn -0.916888 -0.033423 0.397743
vn -0.916888 -0.033423 0.397743
vn -0.916888 -0.033423 0.397743
vn -0.226040 -0.072700 0.971401
vn -0.226040 -0.072700 0.971401
vn -0.226040 -0.072700 0.971401
vn -0.226040 -0.072700 0.971401
vn 0.226040 -0.072700 0.971402
vn 0.226040 -0.072700 0.971401
vn 0.226040 -0.072700 0.971401
vn 0.226040 -0.072700 0.971402
vn 0.916888 -0.033423 0.397743
vn 0.916888 -0.033423 0.397743
vn 0.916888 -0.033423 0.397743
vn 0.916888 -0.033423 0.397743
vn 0.918304 0.040318 -0.393818
vn 0.918304 0.040318 -0.393818
vn 0.918304 0.040318 -0.393818
vn 0.918304 0.040318 -0.393818
vn 0.062440 -0.894956 -0.441763
vn 0.062440 -0.894956 -0.441763
vn 0.062454 -0.895466 -0.440727
vn 0.062454 -0.895458 -0.440743
vn 0.067034 -0.905349 0.419343
vn 0.067034 -0.905349 0.419343
vn 0.067034 -0.905489 0.419042
vn 0.067034 -0.905489 0.419042
vn 0.046464 0.038141 0.998192
vn 0.046464 0.038141 0.998192
vn 0.046486 0.037017 0.998233
vn 0.046486 0.036988 0.998234
vn 0.036174 0.888467 0.457513
vn 0.036174 0.888467 0.457513
vn 0.036164 0.889260 0.455971
vn 0.036164 0.889264 0.455962
vn 0.037206 0.887722 -0.458874
vn 0.037206 0.887722 -0.458874
vn 0.037194 0.888493 -0.457381
vn 0.037194 0.888487 -0.457392
vn 0.040679 -0.038643 -0.998425
vn 0.040679 -0.038643 -0.998425
vn 0.040660 -0.037480 -0.998470
vn 0.040661 -0.037503 -0.998469
vn -0.223597 -0.917407 -0.329193
vn -0.223597 -0.917407 -0.329193
vn -0.223597 -0.917407 -0.329193
vn -0.223597 -0.917407 -0.329193
vn -0.745876 0.000001 -0.666085
vn -0.745876 0.000001 -0.666085
vn -0.745876 0.000001 -0.666085
vn -0.745876 0.000001 -0.666085
vn -0.257058 0.910016 -0.325256
vn -0.257058 0.910016 -0.325256
vn -0.257058 0.910016 -0.325256
vn -0.257058 0.910016 -0.325256
vn -0.037485 -0.927869 0.371018
vn -0.037485 -0.927869 0.371018
vn -0.037485 -0.927869 0.371018
vn -0.037485 -0.927869 0.371018
vn -0.161022 0.934269 0.318140
vn -0.161022 0.934269 0.318140
vn -0.161022 0.934269 0.318140
vn -0.161022 0.934269 0.318140
vn -0.578986 0.007675 0.815302
vn -0.578986 0.007675 0.815302
vn -0.578985 0.007675 0.815302
vn -0.578986 0.007675 0.815302
vn 0.037485 -0.927868 0.371019
vn 0.037485 -0.927868 0.371019
vn 0.037485 -0.927868 0.371019
vn 0.037485 -0.927868 0.371019
vn 0.578985 0.007675 0.815302
vn 0.578985 0.007675 0.815302
vn 0.578985 0.007675 0.815302
vn 0.578985 0.007675 0.815302
vn 0.161022 0.934269 0.318140
vn 0.161022 0.934269 0.318140
vn 0.161022 0.934269 0.318140
vn 0.161022 0.934269 0.318140
vn 0.223598 -0.917407 -0.329194
vn 0.223598 -0.917407 -0.329194
vn 0.223598 -0.917407 -0.329194
vn 0.223598 -0.917407 -0.329194
vn 0.257058 0.910015 -0.325259
vn 0.257058 0.910016 -0.325259
vn 0.257058 0.910016 -0.325259
vn 0.257058 0.910016 -0.325259
vn 0.745876 0.000001 -0.666085
vn 0.745876 0.000001 -0.666085
vn 0.745876 0.000001 -0.666085
vn 0.745876 0.000001 -0.666085
vn 0.285539 -0.938993 -0.191731
vn 0.285539 -0.938993 -0.191731
vn 0.285539 -0.938993 -0.191731
vn 0.285539 -0.938993 -0.191731
vn -0.000000 0.000000 -1.000000
vn -0.000000 0.000000 -1.000000
vn -0.000000 0.000000 -1.000000
vn -0.000000 0.000000 -1.000000
vn 0.031025 0.959704 -0.279294
vn 0.031025 0.959704 -0.279294
vn 0.031025 0.959704 -0.279294
vn 0.031025 0.959704 -0.279294
vn 0.190594 -0.974073 0.121889
vn 0.234775 -0.950248 0.204716
vn 0.234775 -0.950248 0.204716
vn 0.165934 -0.983159 0.076581
vn 0.025402 0.968910 0.246106
vn 0.020350 0.963150 0.268193
vn 0.017519 0.959698 0.280486
vn 0.025402 0.968910 0.246106
vn 0.675746 -0.195557 0.710721
vn 0.675746 -0.195557 0.710721
vn 0.675746 -0.195557 0.710721
vn 0.675746 -0.195557 0.710721
vn -0.234776 -0.950249 0.204714
vn -0.190594 -0.974072 0.121888
vn -0.165935 -0.983159 0.076581
vn -0.234776 -0.950249 0.204714
vn -0.675747 -0.195557 0.710721
vn -0.675747 -0.195558 0.710721
vn -0.675747 -0.195557 0.710721
vn -0.675747 -0.195557 0.710721
vn -0.020350 0.963150 0.268193
vn -0.025402 0.968910 0.246106
vn -0.025402 0.968910 0.246106
vn -0.017519 0.959698 0.280486
vn -0.285539 -0.938993 -0.191730
vn -0.285539 -0.938993 -0.191730
vn -0.285539 -0.938993 -0.191730
vn -0.285539 -0.938993 -0.191730
vn -0.031025 0.959704 -0.279295
vn -0.031025 0.959704 -0.279295
vn -0.031025 0.959704 -0.279295
vn -0.031025 0.959704 -0.279295
vn 0.000000 0.000000 -1.000000
vn 0.000000 0.000000 -1.000000
vn 0.000000 0.000000 -1.000000
vn 0.000000 0.000000 -1.000000
vn 0.106214 -0.994266 -0.012395
vn 0.109818 -0.993899 -0.010198
vn 0.153648 -0.987986 0.016636
vn 0.000000 0.000000 -1.000000
vn 0.000000 0.000000 -1.000000
vn 0.000000 0.000000 -1.000000
vn 0.000000 0.000000 -1.000000
vn 0.042969 0.967302 -0.249962
vn 0.050632 0.969771 -0.238706
vn 0.054183 0.970854 -0.233469
vn 0.042969 0.967302 -0.249962
vn 0.122072 -0.992519 0.002028
vn 0.125750 -0.992062 0.000384
vn 0.127894 -0.991788 -0.000576
vn 0.122072 -0.992519 0.002028
vn 0.071501 0.973336 0.217956
vn 0.073765 0.974124 0.213636
vn 0.105891 0.982783 0.151409
vn 0.002339 0.004970 0.999985
vn 0.002339 0.004970 0.999985
vn 0.002339 0.004970 0.999985
vn 0.002339 0.004970 0.999985
vn -0.125750 -0.992062 0.000383
vn -0.127894 -0.991788 -0.000576
vn -0.153658 -0.988050 -0.012128
vn -0.002339 0.004970 0.999985
vn -0.002339 0.004970 0.999985
vn -0.002339 0.004970 0.999985
vn -0.002339 0.004970 0.999985
vn -0.066793 0.971623 0.226909
vn -0.071501 0.973336 0.217956
vn -0.073765 0.974124 0.213636
vn -0.066793 0.971623 0.226909
vn -0.099677 -0.994885 -0.016376
vn -0.106214 -0.994266 -0.012395
vn -0.109818 -0.993900 -0.010197
vn -0.099677 -0.994885 -0.016376
vn -0.050631 0.969771 -0.238707
vn -0.054182 0.970853 -0.233470
vn -0.105817 0.982096 -0.155850
vn -0.000000 0.000000 -1.000000
vn -0.000000 0.000000 -1.000000
vn -0.000000 0.000000 -1.000000
vn -0.000000 0.000000 -1.000000
vn -0.823966 0.042111 0.565073
vn -0.823966 0.042111 0.565073
vn -0.772660 0.022737 0.634413
vn -0.784784 0.027131 0.619175
vn -0.050114 -0.942473 -0.330503
vn -0.034106 -0.957164 -0.287531
vn 0.879806 -0.020560 -0.474889
vn 0.879806 -0.020560 -0.474889
vn 0.839663 -0.024666 -0.542548
vn 0.808663 -0.027432 -0.587632
vn 0.050318 0.906084 0.420094
vn 0.074308 0.889305 0.451238
vn 0.670251 -0.035532 0.741284
vn 0.684102 -0.023058 0.729022
vn 0.633691 -0.067036 0.770676
vn 0.633691 -0.067036 0.770676
vn -0.168232 0.819466 0.547881
vn -0.198018 0.799251 0.567439
vn -0.245534 0.763679 0.597083
vn -0.245534 0.763679 0.597083
vn -0.741686 -0.028279 -0.670151
vn -0.730331 -0.024982 -0.682636
vn -0.699636 -0.016330 -0.714313
vn -0.699636 -0.016330 -0.714313
vn 0.079971 -0.915972 -0.393193
vn 0.076449 -0.916416 -0.392857
vn 0.084341 -0.915404 -0.393602
vn 0.084341 -0.915404 -0.393602
vn -0.670251 -0.035532 0.741284
vn -0.684102 -0.023057 0.729022
vn 0.168232 0.819466 0.547881
vn 0.198017 0.799251 0.567439
vn 0.741685 -0.028279 -0.670151
vn 0.730331 -0.024982 -0.682636
vn -0.079971 -0.915972 -0.393193
vn -0.076449 -0.916416 -0.392858
vn 0.823966 0.042111 0.565073
vn 0.823966 0.042111 0.565073
vn 0.784784 0.027131 0.619175
vn 0.772660 0.022736 0.634413
vn -0.074308 0.889305 0.451238
vn -0.050318 0.906084 0.420095
vn -0.879806 -0.020560 -0.474889
vn -0.879806 -0.020560 -0.474889
vn -0.808663 -0.027433 -0.587632
vn -0.839663 -0.024666 -0.542548
vn 0.034106 -0.957164 -0.287530
vn 0.050114 -0.942474 -0.330503
vn -0.633691 -0.067036 0.770676
vn -0.633691 -0.067036 0.770676
vn 0.245534 0.763679 0.597082
vn 0.245534 0.763679 0.597082
vn 0.699636 -0.016330 -0.714313
vn 0.699636 -0.016330 -0.714313
vn -0.084341 -0.915404 -0.393602
vn -0.084341 -0.915404 -0.393602
vn 0.066793 0.971623 0.226909
vn 0.066793 0.971623 0.226909
vn -0.105891 0.982783 0.151409
vn 0.105817 0.982096 -0.155852
vn -0.042968 0.967301 -0.249964
vn -0.042968 0.967301 -0.249964
vn 0.153659 -0.988050 -0.012128
vn -0.122072 -0.992519 0.002028
vn -0.122072 -0.992519 0.002028
vn 0.099678 -0.994885 -0.016377
vn 0.099678 -0.994885 -0.016377
vn -0.153648 -0.987986 0.016636
vn 0.986979 0.000000 0.160848
vn 0.986979 0.000000 0.160848
vn 0.986979 0.000000 0.160848
vn 0.986979 0.000000 0.160848
vn -0.959519 0.000000 0.281646
vn -0.959519 0.000000 0.281646
vn -0.959519 0.000000 0.281646
vn -0.959519 0.000000 0.281646
vn 0.959519 0.000000 0.281646
vn 0.959519 0.000000 0.281646
vn 0.959519 0.000000 0.281646
vn 0.959519 0.000000 0.281646
vn -0.986516 0.000000 -0.163667
vn -0.986516 0.000000 -0.163667
vn -0.986516 0.000000 -0.163667
vn -0.986516 0.000000 -0.163667
vn 0.959319 0.000002 -0.282325
vn 0.959319 0.000002 -0.282325
vn 0.959319 0.000002 -0.282325
vn 0.959319 0.000002 -0.282325
vn 0.986516 0.000000 -0.163667
vn 0.986516 0.000000 -0.163667
vn 0.986516 0.000000 -0.163667
vn 0.986516 0.000000 -0.163667
vn -0.986979 0.000003 0.160848
vn -0.986979 0.000003 0.160848
vn -0.986979 0.000003 0.160848
vn -0.986979 0.000003 0.160848
vn -0.959319 0.000003 -0.282325
vn -0.959319 0.000003 -0.282325
vn -0.959319 0.000003 -0.282325
vn -0.959319 0.000003 -0.282325
vn -0.967964 -0.000030 0.251089
vn -0.967964 -0.000030 0.251089
vn -0.967964 -0.000030 0.251089
vn -0.967964 -0.000030 0.251089
vn -0.958169 0.000000 -0.286202
vn -0.958169 0.000000 -0.286202
vn -0.958169 0.000000 -0.286202
vn -0.958169 0.000000 -0.286202
vn -0.967965 -0.000032 0.251084
vn -0.967965 -0.000032 0.251084
vn -0.967965 -0.000032 0.251084
vn -0.967965 -0.000032 0.251084
vn -0.958169 0.000000 -0.286202
vn -0.958169 0.000000 -0.286202
vn -0.958169 0.000000 -0.286202
vn -0.958169 0.000000 -0.286202
vn 0.958169 0.000000 -0.286202
vn 0.958169 0.000000 -0.286202
vn 0.958169 0.000000 -0.286202
vn 0.958169 0.000000 -0.286202
vn 0.967965 -0.000026 0.251085
vn 0.967965 -0.000026 0.251085
vn 0.967965 -0.000026 0.251085
vn 0.967965 -0.000026 0.251085
vn 0.958169 0.000000 -0.286202
vn 0.958169 0.000000 -0.286202
vn 0.958169 0.000000 -0.286202
vn 0.958169 0.000000 -0.286202
vn 0.967965 0.000020 0.251084
vn 0.967965 0.000020 0.251084
vn 0.967965 0.000020 0.251084
vn 0.967965 0.000020 0.251084
vn 0.989166 0.000000 -0.146799
vn 0.989166 0.000000 -0.146799
vn 0.989166 0.000000 -0.146799
vn 0.989166 0.000000 -0.146799
vn 0.989665 0.000017 0.143399
vn 0.989665 0.000017 0.143399
vn 0.989665 0.000017 0.143399
vn 0.989665 0.000017 0.143399
vn 0.989166 0.000000 -0.146800
vn 0.989166 0.000000 -0.146800
vn 0.989166 0.000000 -0.146800
vn 0.989166 0.000000 -0.146800
vn 0.989665 -0.000034 0.143400
vn 0.989665 -0.000034 0.143400
vn 0.989665 -0.000034 0.143400
vn 0.989665 -0.000034 0.143400
vn -0.989166 0.000000 -0.146799
vn -0.989166 0.000000 -0.146799
vn -0.989166 0.000000 -0.146799
vn -0.989166 0.000000 -0.146799
vn -0.989665 0.000023 0.143400
vn -0.989665 0.000023 0.143400
vn -0.989665 0.000023 0.143400
vn -0.989665 0.000023 0.143400
vn -0.989166 0.000000 -0.146799
vn -0.989166 0.000000 -0.146799
vn -0.989166 0.000000 -0.146799
vn -0.989166 0.000000 -0.146799
vn -0.989665 0.000017 0.143398
vn -0.989665 0.000017 0.143398
vn -0.989665 0.000017 0.143398
vn -0.989665 0.000017 0.143398
vn -0.980813 -0.000002 0.194950
vn -0.980813 -0.000002 0.194950
vn -0.980813 -0.000002 0.194950
vn -0.980813 -0.000002 0.194950
vn -0.989458 0.000000 -0.144822
vn -0.989458 0.000000 -0.144822
vn -0.989458 0.000000 -0.144822
vn -0.989458 0.000000 -0.144822
vn -0.980813 0.000002 0.194951
vn -0.980813 0.000002 0.194951
vn -0.980813 0.000002 0.194951
vn -0.980813 0.000002 0.194951
vn -0.989459 0.000012 -0.144814
vn -0.989459 0.000012 -0.144814
vn -0.989459 0.000012 -0.144814
vn -0.989459 0.000012 -0.144814
vn 0.980813 0.000002 0.194951
vn 0.980813 0.000002 0.194951
vn 0.980813 0.000002 0.194951
vn 0.980813 0.000002 0.194951
vn 0.989458 -0.000016 -0.144821
vn 0.989458 -0.000016 -0.144821
vn 0.989458 -0.000016 -0.144821
vn 0.989458 -0.000016 -0.144821
vn 0.980813 0.000000 0.194950
vn 0.980813 0.000000 0.194950
vn 0.980813 0.000000 0.194950
vn 0.980813 0.000000 0.194950
vn 0.989459 0.000050 -0.144815
vn 0.989459 0.000050 -0.144815
vn 0.989459 0.000050 -0.144815
vn 0.989459 0.000050 -0.144815
vn 0.967870 0.000003 -0.251451
vn 0.967870 0.000003 -0.251451
vn 0.967870 0.000003 -0.251451
vn 0.967870 0.000003 -0.251451
vn 0.953631 0.000000 0.300977
vn 0.953631 0.000000 0.300977
vn 0.953631 0.000000 0.300977
vn 0.953631 0.000000 0.300977
vn 0.967872 -0.000015 -0.251442
vn 0.967872 -0.000015 -0.251442
vn 0.967872 -0.000015 -0.251442
vn 0.967872 -0.000015 -0.251442
vn 0.953642 0.000000 0.300945
vn 0.953642 0.000000 0.300945
vn 0.953642 0.000000 0.300945
vn 0.953642 0.000000 0.300945
vn -0.953642 0.000002 0.300945
vn -0.953642 0.000002 0.300945
vn -0.953642 0.000002 0.300945
vn -0.953642 0.000002 0.300945
vn -0.967872 -0.000023 -0.251445
vn -0.967872 -0.000023 -0.251445
vn -0.967872 -0.000023 -0.251445
vn -0.967872 -0.000023 -0.251445
vn -0.953632 0.000000 0.300976
vn -0.953632 0.000000 0.300976
vn -0.953632 0.000000 0.300976
vn -0.953632 0.000000 0.300976
vn -0.967870 -0.000032 -0.251449
vn -0.967871 -0.000032 -0.251449
vn -0.967870 -0.000032 -0.251449
vn -0.967870 -0.000032 -0.251449
vn 0.027134 0.000000 -0.999632
vn 0.027134 0.000000 -0.999632
vn 0.027134 0.000000 -0.999632
vn 0.027134 0.000000 -0.999632
vn 0.017795 0.989757 0.141647
vn 0.017795 0.989757 0.141647
vn 0.017795 0.989757 0.141647
vn 0.017795 0.989757 0.141647
vn 0.026896 0.000000 0.999638
vn 0.026896 0.000000 0.999638
vn 0.026896 0.000000 0.999638
vn 0.026896 0.000000 0.999638
vn 0.056524 -0.998136 -0.023034
vn 0.056524 -0.998136 -0.023034
vn 0.056524 -0.998136 -0.023034
vn 0.056524 -0.998136 -0.023034
vn -0.055113 -0.996853 -0.056984
vn -0.055113 -0.996853 -0.056984
vn -0.055118 -0.996852 -0.056985
vn -0.055118 -0.996852 -0.056985
vn -0.008403 -0.000000 0.999965
vn -0.008403 -0.000000 0.999965
vn -0.008403 -0.000000 0.999965
vn -0.008403 -0.000000 0.999965
vn 0.033430 0.977438 0.208560
vn 0.033431 0.977438 0.208560
vn 0.033438 0.977438 0.208560
vn 0.033438 0.977438 0.208560
vn -0.008444 0.000000 -0.999964
vn -0.008444 0.000000 -0.999964
vn -0.008445 0.000000 -0.999964
vn -0.008445 0.000000 -0.999964
vn 0.008444 0.000000 -0.999964
vn 0.008444 0.000000 -0.999964
vn 0.008444 0.000000 -0.999964
vn 0.008444 0.000000 -0.999964
vn -0.033429 0.977438 0.208560
vn -0.033429 0.977438 0.208560
vn -0.033430 0.977438 0.208560
vn -0.033431 0.977438 0.208559
vn 0.008402 -0.000000 0.999965
vn 0.008402 -0.000000 0.999965
vn 0.008402 -0.000000 0.999965
vn 0.008402 -0.000000 0.999965
vn 0.055112 -0.996853 -0.056981
vn 0.055112 -0.996853 -0.056981
vn 0.055112 -0.996853 -0.056981
vn 0.055112 -0.996853 -0.056981
vn -0.038587 -0.000000 0.999255
vn -0.038587 -0.000000 0.999255
vn -0.038587 -0.000000 0.999255
vn -0.038587 -0.000000 0.999255
vn -0.002222 0.989622 -0.143680
vn -0.002221 0.989622 -0.143680
vn -0.002224 0.989622 -0.143679
vn -0.002224 0.989622 -0.143679
vn -0.038100 -0.000001 -0.999274
vn -0.038100 -0.000001 -0.999274
vn -0.038100 -0.000001 -0.999274
vn -0.038100 -0.000001 -0.999274
vn -0.103113 -0.994477 0.019557
vn -0.103113 -0.994477 0.019557
vn -0.103113 -0.994477 0.019554
vn -0.103113 -0.994477 0.019554
vn 0.136281 -0.989977 0.037065
vn 0.136281 -0.989977 0.037065
vn 0.136281 -0.989977 0.037065
vn 0.136282 -0.989977 0.037065
vn 0.045372 0.000000 -0.998970
vn 0.045372 0.000000 -0.998970
vn 0.045372 0.000000 -0.998970
vn 0.045372 0.000000 -0.998970
vn -0.021915 0.976115 -0.216148
vn -0.021915 0.976115 -0.216148
vn -0.021915 0.976115 -0.216147
vn -0.021915 0.976115 -0.216148
vn 0.046615 0.000000 0.998913
vn 0.046615 0.000000 0.998913
vn 0.046615 0.000000 0.998913
vn 0.046615 0.000000 0.998913
vn 0.038100 -0.000001 -0.999274
vn 0.038100 -0.000001 -0.999274
vn 0.038100 -0.000001 -0.999274
vn 0.038100 -0.000001 -0.999274
vn 0.002221 0.989622 -0.143681
vn 0.002221 0.989622 -0.143681
vn 0.002222 0.989622 -0.143681
vn 0.002221 0.989622 -0.143681
vn 0.038587 0.000000 0.999255
vn 0.038587 0.000000 0.999255
vn 0.038587 0.000000 0.999255
vn 0.038587 0.000000 0.999255
vn 0.103112 -0.994477 0.019557
vn 0.103112 -0.994477 0.019557
vn 0.103112 -0.994478 0.019557
vn 0.103112 -0.994478 0.019557
vn -0.026896 0.000000 0.999638
vn -0.026896 0.000000 0.999638
vn -0.026896 0.000000 0.999638
vn -0.026896 0.000000 0.999638
vn -0.017795 0.989757 0.141647
vn -0.017795 0.989757 0.141647
vn -0.017793 0.989757 0.141649
vn -0.017793 0.989757 0.141649
vn -0.027134 -0.000000 -0.999632
vn -0.027134 -0.000000 -0.999632
vn -0.027134 -0.000000 -0.999632
vn -0.027134 -0.000000 -0.999632
vn -0.056524 -0.998136 -0.023033
vn -0.056524 -0.998136 -0.023033
vn -0.056520 -0.998136 -0.023036
vn -0.056520 -0.998136 -0.023036
vn -0.046615 0.000000 0.998913
vn -0.046615 0.000000 0.998913
vn -0.046613 0.000000 0.998913
vn -0.046613 0.000000 0.998913
vn 0.021916 0.976116 -0.216144
vn 0.021916 0.976116 -0.216144
vn 0.021916 0.976116 -0.216143
vn 0.021916 0.976116 -0.216143
vn -0.045372 0.000000 -0.998970
vn -0.045372 0.000000 -0.998970
vn -0.045371 0.000000 -0.998970
vn -0.045371 0.000000 -0.998970
vn -0.136281 -0.989977 0.037065
vn -0.136281 -0.989977 0.037065
vn -0.136286 -0.989976 0.037063
vn -0.136286 -0.989976 0.037063
vn 0.028734 0.000000 -0.999587
vn 0.028734 0.000000 -0.999587
vn 0.028734 0.000000 -0.999587
vn 0.028734 0.000000 -0.999587
vn 0.054166 0.987611 0.147278
vn 0.054166 0.987611 0.147278
vn 0.054160 0.987611 0.147277
vn 0.054160 0.987611 0.147276
vn 0.028467 0.000000 0.999595
vn 0.028467 0.000000 0.999595
vn 0.028467 0.000000 0.999595
vn 0.028467 0.000000 0.999595
vn 0.024137 -0.999307 -0.028352
vn 0.024137 -0.999307 -0.028352
vn 0.024135 -0.999307 -0.028349
vn 0.024135 -0.999307 -0.028349
vn 0.007380 -0.997130 -0.075350
vn 0.007380 -0.997130 -0.075350
vn 0.007379 -0.997130 -0.075350
vn 0.007379 -0.997130 -0.075350
vn -0.024221 -0.000000 0.999707
vn -0.024221 -0.000000 0.999707
vn -0.024221 -0.000000 0.999707
vn -0.024221 -0.000000 0.999707
vn -0.066385 0.969464 0.236079
vn -0.066384 0.969464 0.236079
vn -0.066384 0.969464 0.236078
vn -0.066384 0.969464 0.236078
vn -0.024570 0.000000 -0.999698
vn -0.024570 0.000000 -0.999698
vn -0.024570 0.000000 -0.999698
vn -0.024570 0.000000 -0.999698
vn 0.024569 0.000000 -0.999698
vn 0.024569 0.000000 -0.999698
vn 0.024570 0.000000 -0.999698
vn 0.024570 0.000000 -0.999698
vn 0.066387 0.969462 0.236086
vn 0.066387 0.969462 0.236086
vn 0.066385 0.969464 0.236078
vn 0.066384 0.969464 0.236078
vn 0.024221 -0.000000 0.999707
vn 0.024221 -0.000000 0.999707
vn 0.024221 -0.000000 0.999707
vn 0.024221 -0.000000 0.999707
vn -0.007385 -0.997130 -0.075344
vn -0.007385 -0.997130 -0.075344
vn -0.007380 -0.997130 -0.075345
vn -0.007380 -0.997130 -0.075345
vn -0.032388 -0.000000 0.999475
vn -0.032388 -0.000000 0.999475
vn -0.032388 -0.000000 0.999475
vn -0.032388 -0.000000 0.999475
vn -0.080973 0.984434 -0.155992
vn -0.080973 0.984434 -0.155992
vn -0.080974 0.984434 -0.155993
vn -0.080974 0.984434 -0.155993
vn -0.032044 -0.000001 -0.999487
vn -0.032044 -0.000001 -0.999487
vn -0.032044 -0.000001 -0.999487
vn -0.032044 -0.000001 -0.999487
vn -0.006725 -0.999339 0.035729
vn -0.006726 -0.999339 0.035729
vn -0.006727 -0.999339 0.035729
vn -0.006727 -0.999339 0.035729
vn 0.055836 -0.996559 0.061252
vn 0.055836 -0.996559 0.061252
vn 0.055836 -0.996559 0.061251
vn 0.055836 -0.996560 0.061250
vn 0.033022 0.000000 -0.999455
vn 0.033022 0.000000 -0.999455
vn 0.033022 0.000000 -0.999455
vn 0.033022 0.000000 -0.999455
vn 0.026723 0.972889 -0.229722
vn 0.026723 0.972889 -0.229722
vn 0.026729 0.972888 -0.229728
vn 0.026729 0.972888 -0.229728
vn 0.033677 0.000000 0.999433
vn 0.033677 0.000000 0.999433
vn 0.033677 0.000001 0.999433
vn 0.033677 0.000001 0.999433
vn 0.032044 -0.000001 -0.999487
vn 0.032044 -0.000001 -0.999487
vn 0.032044 -0.000001 -0.999487
vn 0.032044 -0.000001 -0.999487
vn 0.080971 0.984433 -0.155995
vn 0.080971 0.984433 -0.155995
vn 0.080973 0.984434 -0.155991
vn 0.080973 0.984434 -0.155992
vn 0.032389 0.000000 0.999475
vn 0.032389 0.000000 0.999475
vn 0.032388 0.000000 0.999475
vn 0.032388 0.000000 0.999475
vn 0.006717 -0.999339 0.035728
vn 0.006717 -0.999339 0.035728
vn 0.006725 -0.999339 0.035729
vn 0.006726 -0.999339 0.035729
vn -0.028467 0.000000 0.999595
vn -0.028467 0.000000 0.999595
vn -0.028467 0.000000 0.999595
vn -0.028467 0.000000 0.999595
vn -0.054160 0.987611 0.147277
vn -0.054160 0.987611 0.147277
vn -0.054159 0.987612 0.147276
vn -0.054159 0.987612 0.147276
vn -0.028734 -0.000000 -0.999587
vn -0.028734 -0.000000 -0.999587
vn -0.028734 -0.000000 -0.999587
vn -0.028734 -0.000000 -0.999587
vn -0.024135 -0.999307 -0.028349
vn -0.024135 -0.999307 -0.028349
vn -0.024134 -0.999307 -0.028349
vn -0.024134 -0.999307 -0.028349
vn -0.033677 0.000001 0.999433
vn -0.033677 0.000001 0.999433
vn -0.033677 0.000001 0.999433
vn -0.033677 0.000001 0.999433
vn -0.026729 0.972888 -0.229728
vn -0.026729 0.972888 -0.229728
vn -0.026730 0.972888 -0.229729
vn -0.026730 0.972888 -0.229729
vn -0.033022 0.000000 -0.999455
vn -0.033022 0.000000 -0.999455
vn -0.033022 0.000000 -0.999455
vn -0.033022 0.000000 -0.999455
vn -0.055836 -0.996559 0.061251
vn -0.055836 -0.996559 0.061251
vn -0.055836 -0.996560 0.061250
vn -0.055836 -0.996560 0.061250
vn 0.008446 0.000000 -0.999964
vn 0.008446 0.000000 -0.999964
vn 0.055111 -0.996853 -0.056979
vn 0.055111 -0.996853 -0.056979
vn 0.008403 -0.000000 0.999965
vn 0.008403 -0.000000 0.999965
vn -0.033438 0.977438 0.208558
vn -0.033438 0.977438 0.208558
vn -0.008444 0.000000 -0.999964
vn -0.008444 0.000000 -0.999964
vn -0.055112 -0.996853 -0.056984
vn -0.055112 -0.996853 -0.056984
vn -0.008402 -0.000000 0.999965
vn -0.008402 -0.000000 0.999965
vn 0.033430 0.977438 0.208560
vn 0.033430 0.977438 0.208560
vn 0.024570 0.000000 -0.999698
vn 0.024570 0.000000 -0.999698
vn -0.007379 -0.997130 -0.075345
vn -0.007379 -0.997130 -0.075345
vn 0.024221 -0.000000 0.999707
vn 0.024221 -0.000000 0.999707
vn 0.066384 0.969464 0.236077
vn 0.066384 0.969464 0.236077
vn -0.024569 0.000000 -0.999698
vn -0.024569 0.000000 -0.999698
vn 0.007385 -0.997130 -0.075348
vn 0.007385 -0.997130 -0.075348
vn -0.024221 -0.000000 0.999707
vn -0.024221 -0.000000 0.999707
vn -0.066387 0.969462 0.236085
vn -0.066387 0.969462 0.236085
vn 0.056525 -0.998136 -0.023034
vn 0.056525 -0.998136 -0.023034
vn 0.026896 0.000000 0.999638
vn 0.026896 0.000000 0.999638
vn 0.017793 0.989757 0.141649
vn 0.017793 0.989757 0.141649
vn 0.027134 0.000000 -0.999632
vn 0.027134 0.000000 -0.999632
vn -0.056525 -0.998136 -0.023033
vn -0.056525 -0.998136 -0.023033
vn -0.026896 0.000000 0.999638
vn -0.026896 0.000000 0.999638
vn -0.017795 0.989757 0.141647
vn -0.017795 0.989757 0.141647
vn -0.027134 -0.000000 -0.999632
vn -0.027134 -0.000000 -0.999632
vn 0.024134 -0.999307 -0.028349
vn 0.024134 -0.999307 -0.028349
vn 0.028467 0.000000 0.999595
vn 0.028467 0.000000 0.999595
vn 0.054159 0.987612 0.147276
vn 0.054159 0.987611 0.147276
vn 0.028734 0.000000 -0.999587
vn 0.028734 0.000000 -0.999587
vn -0.024137 -0.999307 -0.028352
vn -0.024137 -0.999306 -0.028352
vn -0.028467 0.000000 0.999595
vn -0.028467 0.000000 0.999595
vn -0.054167 0.987611 0.147279
vn -0.054167 0.987611 0.147279
vn -0.028734 -0.000000 -0.999587
vn -0.028734 -0.000000 -0.999587
vn 0.038099 -0.000001 -0.999274
vn 0.038099 -0.000001 -0.999274
vn 0.103113 -0.994477 0.019554
vn 0.103113 -0.994477 0.019554
vn 0.038587 0.000000 0.999255
vn 0.038587 0.000000 0.999255
vn 0.002224 0.989622 -0.143680
vn 0.002224 0.989622 -0.143680
vn -0.038100 -0.000001 -0.999274
vn -0.038100 -0.000001 -0.999274
vn -0.103112 -0.994478 0.019557
vn -0.103112 -0.994477 0.019557
vn -0.038587 -0.000000 0.999255
vn -0.038587 -0.000000 0.999255
vn -0.002221 0.989622 -0.143680
vn -0.002221 0.989622 -0.143680
vn 0.032044 -0.000001 -0.999487
vn 0.032044 -0.000001 -0.999487
vn 0.006727 -0.999339 0.035729
vn 0.006727 -0.999339 0.035729
vn 0.032388 0.000000 0.999475
vn 0.032388 0.000000 0.999475
vn 0.080974 0.984434 -0.155991
vn 0.080974 0.984434 -0.155991
vn -0.032045 -0.000001 -0.999487
vn -0.032045 -0.000001 -0.999487
vn -0.006716 -0.999339 0.035726
vn -0.006716 -0.999339 0.035726
vn -0.032388 -0.000000 0.999475
vn -0.032388 -0.000000 0.999475
vn -0.080968 0.984435 -0.155990
vn -0.080968 0.984435 -0.155990
vn 0.136288 -0.989976 0.037065
vn 0.136288 -0.989976 0.037065
vn 0.046613 0.000000 0.998913
vn 0.046613 0.000000 0.998913
vn -0.021915 0.976116 -0.216143
vn -0.021915 0.976116 -0.216143
vn 0.045372 0.000000 -0.998970
vn 0.045372 0.000000 -0.998970
vn -0.136281 -0.989977 0.037065
vn -0.136281 -0.989977 0.037065
vn -0.046615 0.000000 0.998913
vn -0.046615 0.000000 0.998913
vn 0.021916 0.976116 -0.216144
vn 0.021916 0.976116 -0.216144
vn -0.045372 0.000000 -0.998970
vn -0.045372 0.000000 -0.998970
vn 0.055836 -0.996560 0.061250
vn 0.055836 -0.996559 0.061250
vn 0.033677 0.000001 0.999433
vn 0.033677 0.000001 0.999433
vn 0.026730 0.972888 -0.229729
vn 0.026730 0.972888 -0.229729
vn 0.033023 0.000000 -0.999455
vn 0.033023 0.000000 -0.999455
vn -0.055836 -0.996559 0.061254
vn -0.055836 -0.996559 0.061254
vn -0.033677 0.000000 0.999433
vn -0.033677 0.000000 0.999433
vn -0.026723 0.972890 -0.229721
vn -0.026723 0.972890 -0.229721
vn -0.033021 0.000000 -0.999455
vn -0.033021 0.000000 -0.999455
vn 0.062662 -0.903292 -0.424426
vn 0.062663 -0.903300 -0.424408
vn 0.062821 -0.909670 -0.410553
vn 0.062821 -0.909670 -0.410553
vn 0.067041 -0.907744 0.414134
vn 0.067041 -0.907743 0.414135
vn 0.067044 -0.909714 0.409788
vn 0.067044 -0.909714 0.409788
vn 0.046845 0.018180 0.998737
vn 0.046844 0.018218 0.998736
vn 0.047153 0.001217 0.998887
vn 0.047153 0.001217 0.998887
vn 0.036010 0.901778 0.430697
vn 0.036010 0.901769 0.430716
vn 0.035854 0.912163 0.408257
vn 0.035854 0.912163 0.408257
vn 0.037007 0.900563 -0.433148
vn 0.037007 0.900574 -0.433125
vn 0.036824 0.910599 -0.411648
vn 0.036824 0.910599 -0.411648
vn 0.040350 -0.018481 -0.999015
vn 0.040350 -0.018443 -0.999015
vn 0.040056 -0.001236 -0.999197
vn 0.040056 -0.001236 -0.999197
vn -0.062636 -0.902296 -0.426542
vn -0.062636 -0.902279 -0.426579
vn -0.067040 -0.907443 0.414793
vn -0.067040 -0.907444 0.414791
vn -0.046796 0.020784 0.998688
vn -0.046797 0.020712 0.998690
vn -0.036033 0.900137 0.434113
vn -0.036033 0.900149 0.434089
vn -0.037033 0.899002 -0.436376
vn -0.037034 0.898987 -0.436406
vn -0.040393 -0.021014 -0.998963
vn -0.040394 -0.021075 -0.998962
vn 0.062481 -0.896479 -0.438659
vn 0.062481 -0.896487 -0.438642
vn 0.062636 -0.902296 -0.426543
vn 0.062636 -0.902279 -0.426580
vn 0.067035 -0.905773 0.418427
vn 0.067035 -0.905773 0.418428
vn 0.067040 -0.907443 0.414794
vn 0.067040 -0.907443 0.414792
vn 0.046532 0.034652 0.998316
vn 0.046531 0.034682 0.998315
vn 0.046796 0.020784 0.998688
vn 0.046797 0.020712 0.998690
vn 0.036146 0.890878 0.452803
vn 0.036146 0.890873 0.452813
vn 0.036033 0.900137 0.434113
vn 0.036033 0.900149 0.434089
vn 0.037171 0.890045 -0.454355
vn 0.037171 0.890051 -0.454343
vn 0.037033 0.899002 -0.436376
vn 0.037034 0.898987 -0.436406
vn 0.040623 -0.035143 -0.998556
vn 0.040623 -0.035118 -0.998557
vn 0.040393 -0.021014 -0.998963
vn 0.040394 -0.021075 -0.998962
vn -0.062454 -0.895466 -0.440727
vn -0.062454 -0.895458 -0.440743
vn -0.062481 -0.896479 -0.438658
vn -0.062482 -0.896488 -0.438641
vn -0.067034 -0.905489 0.419042
vn -0.067034 -0.905489 0.419042
vn -0.067035 -0.905774 0.418426
vn -0.067035 -0.905774 0.418427
vn -0.046486 0.037017 0.998233
vn -0.046486 0.036988 0.998234
vn -0.046532 0.034652 0.998316
vn -0.046531 0.034682 0.998315
vn -0.036164 0.889260 0.455971
vn -0.036164 0.889264 0.455962
vn -0.036146 0.890878 0.452803
vn -0.036146 0.890873 0.452812
vn -0.037194 0.888493 -0.457381
vn -0.037194 0.888487 -0.457392
vn -0.037171 0.890045 -0.454355
vn -0.037171 0.890051 -0.454343
vn -0.040660 -0.037480 -0.998470
vn -0.040661 -0.037503 -0.998469
vn -0.040623 -0.035143 -0.998556
vn -0.040623 -0.035118 -0.998557
vn 0.000000 1.000000 0.000000
vn 0.000000 1.000000 0.000000
vn 0.000000 1.000000 0.000000
vn 0.000000 1.000000 0.000000
vn 0.000000 1.000000 0.000000
vn 0.000000 1.000000 0.000000
vn 0.000000 1.000000 0.000000
vn 0.000000 1.000000 0.000000
vn 0.894896 0.034485 -0.444941
vn 0.897353 0.090397 -0.431956
vn 0.886320 -0.020623 -0.462614
vn 0.888166 -0.004608 -0.459501
vn 0.896181 0.187699 0.402031
vn 0.880777 0.075289 0.467509
vn 0.243912 0.868129 -0.432272
vn 0.243912 0.868129 -0.432272
vn 0.000026 0.216602 0.976260
vn -0.000043 0.213096 0.977031
vn 0.019155 0.996239 -0.084504
vn 0.019155 0.996239 -0.084504
vn -0.888624 0.099564 0.447700
vn -0.901959 0.235587 0.361895
vn -0.230458 0.859099 -0.456987
vn -0.230458 0.859099 -0.456987
vn -0.900883 0.128794 -0.414514
vn -0.900409 0.068208 -0.429665
vn -0.889209 0.060154 -0.453528
vn -0.887985 0.039002 -0.458215
vn -0.000005 0.038566 -0.999256
vn -0.000005 0.034640 -0.999400
vn 0.004363 0.047246 -0.998874
vn 0.004360 0.039915 -0.999194
vn -0.881850 -0.051443 -0.468716
vn -0.881776 -0.052064 -0.468787
vn -0.886320 -0.020623 -0.462614
vn -0.888166 -0.004608 -0.459501
vn -0.645393 -0.003320 0.763843
vn -0.645535 -0.003509 0.763723
vn -0.641428 0.001937 0.767181
vn -0.641428 0.001937 0.767181
vn -0.000001 0.029019 0.999579
vn -0.000001 0.028845 0.999584
vn -0.000002 0.058038 0.998314
vn -0.000002 0.058038 0.998314
vn 0.642809 -0.003500 0.766019
vn 0.642601 -0.003307 0.766194
vn 0.636900 0.001951 0.770944
vn 0.636900 0.001951 0.770944
vn 0.884440 0.005118 -0.466625
vn 0.884444 0.005309 -0.466616
vn 0.889209 0.060154 -0.453528
vn 0.887985 0.039002 -0.458215
vn 0.000005 0.038566 -0.999256
vn 0.000005 0.034640 -0.999400
vn -0.000000 0.000145 -1.000000
vn -0.000000 -0.000151 -1.000000
vn 0.428985 0.895221 -0.120626
vn 0.429822 0.902825 -0.012670
vn 0.344805 0.754991 0.557762
vn 0.996199 -0.025065 -0.083418
vn 0.996816 -0.052467 -0.060036
vn 0.996990 -0.040356 -0.066204
vn 0.996459 -0.020804 -0.081467
vn 0.001160 0.974947 0.222433
vn 0.001124 0.971162 0.238417
vn 0.000182 0.803256 0.595634
vn 0.000182 0.803256 0.595634
vn -0.418934 0.906630 -0.050171
vn -0.418029 0.896878 -0.144440
vn -0.333654 0.770250 0.543498
vn -0.997076 -0.015495 -0.074825
vn -0.994366 -0.009146 -0.105604
vn -0.995510 0.008043 -0.094310
vn -0.998123 -0.004414 -0.061078
vn -0.482478 0.869279 0.107565
vn -0.483509 0.867041 0.120246
vn -0.428985 0.895221 -0.120625
vn -0.429822 0.902825 -0.012669
vn -0.998817 -0.025172 0.041613
vn -0.998998 -0.021652 0.039179
vn -0.965356 -0.017863 0.260323
vn -0.965535 -0.022193 0.259326
vn -0.003851 0.992680 0.120711
vn -0.003894 0.991439 0.130513
vn -0.001160 0.974947 0.222434
vn -0.001124 0.971162 0.238419
vn 0.989569 -0.028813 0.141146
vn 0.999328 -0.025775 0.026045
vn 0.999230 -0.029764 0.025560
vn 0.989247 -0.034264 0.142183
vn 0.471727 0.875217 0.107096
vn 0.471857 0.874909 0.109019
vn 0.418934 0.906630 -0.050170
vn 0.418029 0.896878 -0.144440
vn 0.793683 0.400344 0.458031
vn 0.793683 0.400344 0.458031
vn 0.686441 0.604973 0.403493
vn 0.720147 0.551538 0.420944
vn 0.006337 0.452569 0.891707
vn 0.006337 0.452569 0.891707
vn 0.006147 0.658864 0.752237
vn 0.006158 0.653392 0.756995
vn -0.776166 0.461893 0.429210
vn -0.776166 0.461893 0.429210
vn -0.694431 0.598828 0.398961
vn -0.668836 0.633613 0.388836
vn -0.344804 0.754991 0.557763
vn -0.000182 0.803255 0.595635
vn -0.000182 0.803255 0.595635
vn 0.333654 0.770249 0.543499
vn -0.999328 -0.025775 0.026045
vn -0.999391 -0.017474 0.030189
vn -0.471727 0.875217 0.107096
vn -0.471857 0.874909 0.109020
vn 0.003851 0.992680 0.120710
vn 0.003894 0.991439 0.130512
vn 0.482478 0.869279 0.107565
vn 0.483509 0.867041 0.120245
vn 0.998998 -0.021652 0.039178
vn 0.999086 -0.014120 0.040343
vn 0.997076 -0.015495 -0.074825
vn 0.994366 -0.009146 -0.105604
vn 0.993921 -0.014532 -0.109135
vn 0.995928 -0.018087 -0.088316
vn 0.776166 0.461893 0.429210
vn 0.776166 0.461893 0.429210
vn 0.668836 0.633613 0.388835
vn 0.694432 0.598828 0.398960
vn -0.006337 0.452569 0.891707
vn -0.006337 0.452569 0.891707
vn -0.006158 0.653393 0.756994
vn -0.006147 0.658865 0.752236
vn -0.793683 0.400344 0.458032
vn -0.793683 0.400344 0.458032
vn -0.720147 0.551538 0.420944
vn -0.686440 0.604973 0.403494
vn -0.996742 -0.061123 -0.052622
vn -0.996816 -0.052468 -0.060036
vn -0.996990 -0.040356 -0.066204
vn -0.996973 -0.051407 -0.058327
vn -0.989569 -0.028813 0.141146
vn -0.990119 -0.017974 0.139072
vn 0.965356 -0.017863 0.260323
vn 0.964943 -0.009207 0.262300
vn 0.877110 -0.134712 -0.461011
vn 0.877169 -0.133888 -0.461138
vn 0.836069 -0.134020 0.532004
vn 0.836136 -0.132542 0.532269
vn -0.008191 -0.169704 0.985461
vn -0.008224 -0.170706 0.985288
vn -0.844178 -0.120717 0.522294
vn -0.844224 -0.119487 0.522502
vn -0.887566 -0.107389 -0.447989
vn -0.887497 -0.109066 -0.447721
vn 0.005173 -0.156434 -0.987675
vn 0.005191 -0.157326 -0.987533
vn -0.897353 0.090397 -0.431956
vn -0.894896 0.034485 -0.444941
vn -0.243913 0.868130 -0.432269
vn -0.243913 0.868130 -0.432269
vn -0.880776 0.075289 0.467509
vn -0.896181 0.187699 0.402032
vn -0.019155 0.996239 -0.084509
vn -0.019155 0.996239 -0.084509
vn 0.000043 0.213095 0.977031
vn -0.000026 0.216602 0.976260
vn 0.230458 0.859099 -0.456987
vn 0.230458 0.859099 -0.456987
vn 0.901960 0.235587 0.361895
vn 0.888624 0.099564 0.447699
vn 0.900409 0.068208 -0.429665
vn 0.900883 0.128794 -0.414514
vn -0.004360 0.039915 -0.999194
vn -0.004363 0.047246 -0.998874
vn 0.898533 0.000154 -0.438906
vn 0.898531 -0.003234 -0.438898
vn 0.889526 0.042989 -0.454857
vn 0.890220 0.019237 -0.455124
vn 0.836165 0.002527 0.548473
vn 0.836134 0.004390 0.548507
vn 0.847190 0.048133 0.529105
vn 0.846480 0.060349 0.528989
vn -0.017643 0.010146 0.999793
vn -0.017634 0.010893 0.999785
vn -0.007529 0.047657 0.998835
vn -0.007465 0.052617 0.998587
vn -0.855008 0.031215 0.517674
vn -0.854971 0.032348 0.517667
vn -0.854324 0.076123 0.514135
vn -0.853988 0.080710 0.513995
vn -0.915351 0.036436 -0.401005
vn -0.915264 0.038946 -0.400967
vn -0.896783 0.072923 -0.436420
vn -0.895248 0.093011 -0.435753
vn 0.007371 0.065707 -0.997812
vn 0.007384 0.042328 -0.999077
vn 0.016371 0.007512 -0.999838
vn 0.016370 0.003810 -0.999859
vn -0.877109 -0.134712 -0.461012
vn -0.877169 -0.133887 -0.461139
vn -0.889526 0.042989 -0.454858
vn -0.890219 0.019237 -0.455126
vn -0.836069 -0.134020 0.532003
vn -0.836136 -0.132542 0.532269
vn -0.847190 0.048133 0.529105
vn -0.846480 0.060349 0.528989
vn 0.008191 -0.169704 0.985461
vn 0.008224 -0.170705 0.985288
vn 0.007529 0.047658 0.998835
vn 0.007465 0.052618 0.998587
vn 0.844178 -0.120717 0.522294
vn 0.844225 -0.119487 0.522501
vn 0.854325 0.076123 0.514134
vn 0.853989 0.080710 0.513993
vn 0.887566 -0.107389 -0.447990
vn 0.887497 -0.109066 -0.447721
vn 0.896782 0.072924 -0.436422
vn 0.895247 0.093011 -0.435754
vn -0.007371 0.065707 -0.997812
vn -0.007384 0.042328 -0.999077
vn -0.005173 -0.156434 -0.987675
vn -0.005191 -0.157326 -0.987533
vn 0.896638 -0.065727 -0.437858
vn 0.896638 -0.065727 -0.437858
vn 0.835467 -0.060642 0.546184
vn 0.835467 -0.060642 0.546184
vn -0.018458 -0.060181 0.998017
vn -0.018458 -0.060181 0.998017
vn -0.855173 -0.040058 0.516793
vn -0.855173 -0.040058 0.516793
vn -0.915609 -0.027882 -0.401102
vn -0.915609 -0.027882 -0.401102
vn 0.016301 -0.061733 -0.997960
vn 0.016301 -0.061733 -0.997960
vn 0.996742 -0.061123 -0.052622
vn 0.996973 -0.051407 -0.058327
vn 0.998817 -0.025172 0.041613
vn 0.965535 -0.022193 0.259326
vn 0.641428 0.001937 0.767181
vn 0.641428 0.001937 0.767181
vn 0.000002 0.058038 0.998314
vn 0.000002 0.058038 0.998314
vn -0.636900 0.001951 0.770944
vn -0.636900 0.001951 0.770944
vn -0.999230 -0.029764 0.025561
vn -0.989247 -0.034264 0.142183
vn -0.995928 -0.018087 -0.088316
vn -0.993921 -0.014532 -0.109135
vn -0.885219 -0.019079 -0.464784
vn -0.885219 -0.019079 -0.464784
vn -0.996199 -0.025065 -0.083418
vn -0.996459 -0.020804 -0.081466
vn -0.999086 -0.014120 0.040343
vn -0.964942 -0.009207 0.262301
vn -0.654166 -0.015119 0.756200
vn -0.654166 -0.015119 0.756200
vn 0.000000 -0.035761 0.999360
vn 0.000000 -0.035761 0.999360
vn 0.655362 -0.015259 0.755160
vn 0.655362 -0.015259 0.755161
vn 0.999391 -0.017474 0.030190
vn 0.990119 -0.017974 0.139072
vn 0.998123 -0.004414 -0.061078
vn 0.995510 0.008043 -0.094310
vn 0.884446 0.046202 -0.464351
vn 0.884446 0.046202 -0.464351
vn -0.000000 0.019689 -0.999806
vn -0.000000 0.019689 -0.999806
vn 0.000000 -1.000000 0.000000
vn 0.000000 -1.000000 0.000000
vn 0.000000 -1.000000 0.000000
vn 0.000000 -1.000000 0.000000
vn 0.000000 -1.000000 0.000000
vn 0.000000 -1.000000 0.000000
vn 0.000000 -1.000000 0.000000
vn 0.000000 -1.000000 0.000000
vn 0.000000 -1.000000 0.000000
vn 0.000000 -1.000000 0.000000
vn 0.000000 -1.000000 0.000000
vn 0.000000 -1.000000 0.000000
vn 0.000000 -1.000000 0.000000
vn 0.000000 -1.000000 0.000000
vn 0.000000 -1.000000 0.000000
vn 0.000000 -1.000000 0.000000
vn 0.000000 -1.000000 0.000000
vn 0.000000 -1.000000 0.000000
vn 0.000000 -1.000000 0.000000
vn 0.000000 -1.000000 0.000000
vn 0.000000 -1.000000 -0.000001
vn 0.000000 -1.000000 -0.000001
vn 0.000000 -1.000000 -0.000001
vn 0.000000 -1.000000 -0.000001
vn 0.000000 -1.000000 0.000000
vn 0.000000 -1.000000 0.000000
vn 0.000000 -1.000000 0.000000
vn 0.000000 -1.000000 0.000000
vn 0.000000 -1.000000 0.000000
vn 0.000000 -1.000000 0.000000
vn 0.000000 -1.000000 0.000000
vn 0.000000 -1.000000 0.000000
vn 0.000000 -1.000000 0.000000
vn 0.000000 -1.000000 0.000000
vn 0.000000 -1.000000 0.000000
vn 0.000000 -1.000000 0.000000
vn 0.000000 -1.000000 0.000000
vn 0.000000 -1.000000 0.000000
vn 0.000000 -1.000000 0.000000
vn 0.000000 -1.000000 0.000000
vn -0.040679 -0.038643 -0.998425
vn -0.040679 -0.038643 -0.998425
vn -0.037206 0.887722 -0.458874
vn -0.037206 0.887722 -0.458874
vn -0.036174 0.888467 0.457513
vn -0.036174 0.888467 0.457513
vn -0.046464 0.038141 0.998192
vn -0.046464 0.038141 0.998192
vn -0.067034 -0.905349 0.419344
vn -0.067034 -0.905349 0.419344
vn -0.062440 -0.894956 -0.441763
vn -0.062440 -0.894956 -0.441763
vn -0.916824 -0.003629 -0.399276
vn -0.916824 -0.003629 -0.399276
vn -0.916824 -0.003629 -0.399276
vn -0.916824 -0.003629 -0.399276
vn -0.859298 -0.058439 0.508125
vn -0.859299 -0.058439 0.508125
vn -0.859298 -0.058439 0.508125
vn -0.859298 -0.058439 0.508125
vn -0.018742 -0.059327 0.998063
vn -0.018742 -0.059327 0.998063
vn -0.018742 -0.059327 0.998063
vn -0.018742 -0.059327 0.998063
vn 0.836928 -0.024992 0.546743
vn 0.836928 -0.024992 0.546743
vn 0.836928 -0.024992 0.546743
vn 0.836928 -0.024992 0.546743
vn 0.894601 0.080785 -0.439503
vn 0.894601 0.080785 -0.439503
vn 0.894601 0.080785 -0.439503
vn 0.894601 0.080785 -0.439503
vn 0.015660 0.181538 -0.983259
vn 0.015660 0.181538 -0.983259
vn 0.015660 0.181538 -0.983259
vn 0.015660 0.181538 -0.983259
vn -0.733271 0.275208 -0.621751
vn -0.733271 0.275209 -0.621751
vn -0.733271 0.275209 -0.621751
vn -0.733271 0.275209 -0.621750
vn 0.733271 0.275210 -0.621750
vn 0.733271 0.275210 -0.621750
vn 0.733271 0.275210 -0.621750
vn 0.733271 0.275210 -0.621750
vn -0.798489 0.589219 -0.123437
vn -0.798489 0.589219 -0.123437
vn -0.798489 0.589219 -0.123437
vn -0.798489 0.589219 -0.123437
vn 0.798487 0.589221 -0.123437
vn 0.798487 0.589221 -0.123437
vn 0.798487 0.589221 -0.123437
vn 0.798487 0.589221 -0.123437
vn -0.943377 0.331327 -0.016186
vn -0.943377 0.331327 -0.016186
vn -0.943377 0.331327 -0.016186
vn -0.943377 0.331327 -0.016186
vn 0.943376 0.331330 -0.016185
vn 0.943376 0.331330 -0.016185
vn 0.943376 0.331330 -0.016185
vn 0.943376 0.331330 -0.016185
vn -0.183135 0.262127 0.947497
vn -0.183135 0.262127 0.947497
vn -0.183135 0.262127 0.947497
vn -0.183135 0.262127 0.947497
vn 0.183135 0.262127 0.947497
vn 0.183135 0.262127 0.947497
vn 0.183135 0.262127 0.947497
vn 0.183135 0.262127 0.947497
vn 0.999992 0.003869 0.001342
vn 0.999992 0.003869 0.001342
vn 0.999992 0.003869 0.001342
vn 0.999992 0.003869 0.001342
vn 0.999993 0.000143 0.003827
vn 0.999993 0.000143 0.003827
vn 0.999993 0.000143 0.003827
vn 0.999993 0.000143 0.003827
vn -0.999993 0.000143 0.003827
vn -0.999993 0.000143 0.003827
vn -0.999993 0.000143 0.003827
vn -0.999993 0.000143 0.003827
vn -0.999992 0.003869 0.001342
vn -0.999992 0.003869 0.001342
vn -0.999992 0.003869 0.001342
vn -0.999992 0.003869 0.001342
vn 0.999999 -0.001435 0.000709
vn 0.999999 -0.001435 0.000709
vn 0.999999 -0.001435 0.000709
vn 0.999999 -0.001435 0.000709
vn 0.999999 -0.001493 -0.000730
vn 0.999999 -0.001493 -0.000730
vn 0.999999 -0.001493 -0.000730
vn 0.999999 -0.001493 -0.000730
vn 0.999992 -0.000036 -0.004081
vn 0.999992 -0.000036 -0.004081
vn 0.999992 -0.000036 -0.004081
vn 0.999992 -0.000036 -0.004081
vn 0.999988 0.004597 -0.001968
vn 0.999987 0.004597 -0.001968
vn 0.999988 0.004597 -0.001968
vn 0.999987 0.004597 -0.001968
vn -0.999987 0.004598 -0.001968
vn -0.999988 0.004598 -0.001968
vn -0.999987 0.004598 -0.001968
vn -0.999987 0.004598 -0.001968
vn -0.999992 -0.000036 -0.004081
vn -0.999992 -0.000036 -0.004081
vn -0.999992 -0.000036 -0.004081
vn -0.999992 -0.000036 -0.004081
vn -0.999999 -0.001493 -0.000730
vn -0.999999 -0.001493 -0.000730
vn -0.999999 -0.001493 -0.000730
vn -0.999999 -0.001493 -0.000730
vn -0.999999 -0.001436 0.000709
vn -0.999999 -0.001436 0.000709
vn -0.999999 -0.001436 0.000709
vn -0.999999 -0.001436 0.000709
vn 0.030679 -0.999528 0.001479
vn 0.030679 -0.999528 0.001479
vn 0.030679 -0.999528 0.001479
vn 0.030679 -0.999528 0.001479
vn -0.030679 -0.999528 0.001479
vn -0.030679 -0.999528 0.001479
vn -0.030679 -0.999528 0.001479
vn -0.030679 -0.999528 0.001479
vn 0.088463 -0.995986 0.013623
vn 0.088463 -0.995986 0.013623
vn 0.088463 -0.995986 0.013623
vn 0.088463 -0.995986 0.013623
vn -0.088463 -0.995986 0.013623
vn -0.088463 -0.995986 0.013623
vn -0.088463 -0.995986 0.013623
vn -0.088463 -0.995986 0.013623
vn 0.101438 -0.993911 -0.043020
vn 0.101438 -0.993911 -0.043020
vn 0.101438 -0.993911 -0.043020
vn 0.101438 -0.993911 -0.043020
vn -0.101438 -0.993911 -0.043020
vn -0.101438 -0.993911 -0.043020
vn -0.101438 -0.993911 -0.043020
vn -0.101438 -0.993911 -0.043020
vn 0.033725 -0.997136 -0.067687
vn 0.033725 -0.997136 -0.067687
vn 0.033725 -0.997137 -0.067687
vn 0.033725 -0.997137 -0.067687
vn -0.033725 -0.997136 -0.067687
vn -0.033725 -0.997136 -0.067687
vn -0.033725 -0.997136 -0.067687
vn -0.033725 -0.997136 -0.067687
vn -0.116528 -0.992113 -0.046190
vn -0.116528 -0.992113 -0.046190
vn -0.116528 -0.992113 -0.046190
vn -0.116528 -0.992113 -0.046190
vn 0.116528 -0.992113 -0.046190
vn 0.116528 -0.992113 -0.046190
vn 0.116528 -0.992113 -0.046190
vn 0.116528 -0.992113 -0.046190
vn -0.085121 -0.996370 0.001182
vn -0.085121 -0.996370 0.001182
vn -0.085121 -0.996370 0.001182
vn -0.085121 -0.996370 0.001182
vn 0.085121 -0.996370 0.001182
vn 0.085121 -0.996370 0.001182
vn 0.085121 -0.996370 0.001182
vn 0.085121 -0.996370 0.001182
vn -0.269239 0.026306 0.962714
vn 0.269239 0.026306 0.962714
s 1
g Body body
usemtl standardSurface9SG
f 311/1168/830 312/1174/831 358/473/832 351/474/833
s 2
f 312/1174/834 313/1173/835 357/476/836 358/473/837
s 3
f 313/1173/838 314/1172/839 356/478/840 357/476/841
s 4
f 314/1260/842 315/1171/843 355/480/844 356/1255/845
s 5
f 315/1171/846 316/1170/847 354/482/848 355/480/849
s 6
f 316/1170/850 317/1169/851 353/484/852 354/482/853
s 7
f 317/1169/854 318/1167/855 352/486/856 353/484/857
s 8
f 318/1259/858 311/1168/859 351/474/860 352/1257/861
s off
f 328/1241/862 327/488/863 319/489/864 326/490/865
f 329/491/866 328/487/867 326/1238/868 325/492/869
s 6
f 330/493/870 329/491/871 325/492/872 324/494/873
s 5
f 331/495/874 330/493/875 324/494/876 323/496/877
s off
f 332/1230/878 331/495/879 323/496/880 322/498/881
f 333/499/882 332/497/883 322/1227/884 321/500/885
s 2
f 334/501/886 333/499/887 321/500/888 320/502/889
s 1
f 327/488/890 334/501/891 320/502/892 319/489/893
s 6
f 338/503/894 337/504/895 329/491/871 330/493/870
s 5
f 339/505/896 338/503/897 330/493/875 331/495/874
s 2
f 342/506/898 341/507/899 333/499/887 334/501/886
s 1
f 335/508/900 342/506/901 334/501/891 327/488/890
s 8
f 344/1258/902 343/510/903 335/508/904 336/511/905
s 7
f 345/512/906 344/509/907 336/1254/908 337/504/909
s 6
f 346/513/910 345/512/911 337/504/895 338/503/894
s 5
f 347/514/912 346/513/913 338/503/897 339/505/896
s 4
f 348/1256/914 347/514/915 339/505/916 340/516/917
s 3
f 349/517/918 348/515/919 340/1253/920 341/507/921
s 2
f 350/518/922 349/517/923 341/507/899 342/506/898
s 1
f 343/510/924 350/518/925 342/506/901 335/508/900
s 8
f 352/1257/861 351/474/860 343/510/903 344/1258/902
s 7
f 353/484/857 352/486/856 344/509/907 345/512/906
s 6
f 354/482/853 353/484/852 345/512/911 346/513/910
s 5
f 355/480/849 354/482/848 346/513/913 347/514/912
s 4
f 356/1255/845 355/480/844 347/514/915 348/1256/914
s 3
f 357/476/841 356/478/840 348/515/919 349/517/918
s 2
f 358/473/837 357/476/836 349/517/923 350/518/922
s 1
f 351/474/833 358/473/832 350/518/925 343/510/924
s off
f 336/511/926 335/508/927 359/519/928 360/520/929
f 335/508/930 327/488/931 361/521/932 359/519/933
f 327/488/934 328/1241/935 362/1240/936 361/521/937
f 337/504/938 336/1254/939 360/1251/940 363/523/941
f 328/487/942 329/491/943 364/524/944 362/522/945
f 329/491/946 337/504/947 363/523/948 364/524/949
s 13
f 340/516/950 339/505/951 365/525/952 366/526/953
s off
f 339/505/954 331/495/955 367/527/956 365/525/957
s 14
f 331/495/958 332/1230/959 368/1229/960 367/527/961
s 13
f 341/507/962 340/1253/950 366/1249/953 369/529/963
s 14
f 332/497/959 333/499/964 370/530/965 368/528/960
s off
f 333/499/966 341/507/967 369/529/968 370/530/969
f 360/520/970 359/519/971 371/1248/972 372/1246/973
f 359/519/974 361/521/975 373/1247/976 371/1248/977
f 361/521/978 362/1240/979 374/1245/980 373/1247/981
f 363/523/982 360/1251/983 372/1252/984 375/1242/985
f 362/522/986 364/524/987 376/1243/988 374/1244/989
f 364/524/990 363/523/991 375/1242/992 376/1243/993
f 366/526/994 365/525/995 377/1237/996 378/1235/997
f 365/525/998 367/527/999 379/1236/1000 377/1237/1001
f 367/527/1002 368/1229/1003 380/1234/1004 379/1236/1005
f 369/529/1006 366/1249/1007 378/1250/1008 381/1231/1009
f 368/528/1010 370/530/1011 382/1232/1012 380/1233/1013
f 370/530/1014 369/529/1015 381/1231/1016 382/1232/1017
s 15
f 433/543/1018 428/544/1019 389/545/1020 390/546/1021
s 16
f 432/547/1022 433/543/1023 390/546/1024 391/548/1025
s 17
f 431/549/1026 432/547/1027 391/548/1028 392/550/1029
s 18
f 430/551/1030 431/549/1031 392/550/1032 393/1307/1033
s 19
f 429/553/1034 430/1306/1035 393/552/1036 394/554/1037
s 20
f 428/1288/1038 429/553/1039 394/554/1040 389/1289/1041
s off
f 389/545/1042 395/1295/1043 396/556/1044 390/546/1045
f 390/546/1046 396/556/1047 397/557/1048 391/548/1049
f 391/548/1050 397/557/1051 398/558/1052 392/550/1053
f 392/550/1054 398/558/1055 399/559/1056 393/1307/1057
f 393/552/1058 399/1312/1059 400/560/1060 394/554/1061
f 394/554/1062 400/560/1063 395/555/1064 389/1289/1065
f 400/560/1066 401/561/1067 395/555/1068
s 21
f 399/1312/1069 402/1311/1070 400/560/1071
s off
f 398/558/1072 403/563/1073 402/562/1074 399/559/1075
f 395/1295/1076 401/1293/1077 404/1273/1078 396/556/1079
s 22
f 405/1286/1080 406/566/1081 427/567/1082 422/568/1083
s 23
f 406/566/1084 407/569/1085 426/570/1086 427/567/1087
s 24
f 407/569/1088 408/571/1089 425/572/1090 426/570/1091
s 25
f 408/571/1092 409/573/1093 424/574/1094 425/572/1095
s 26
f 409/1304/1096 410/1614/1097 423/576/1098 424/1308/1099
s 27
f 410/1614/1100 405/1615/1101 422/1290/1102 423/576/1103
s off
f 411/1291/1104 412/578/1105 418/579/1106 417/580/1107
f 412/578/1108 413/581/1109 419/582/1110 418/579/1111
f 413/581/1112 414/583/1113 420/584/1114 419/582/1115
f 414/583/1116 415/585/1117 421/1310/1118 420/584/1119
f 415/1309/1120 416/587/1121 400/560/1122 421/586/1123
f 416/587/1124 411/577/1125 417/1292/1126 400/560/1127
f 400/560/1128 417/1292/1129 401/561/1130
s 21
f 421/586/1131 400/560/1071 402/1311/1070
s off
f 420/584/1132 421/1310/1133 402/562/1134 403/563/1135
f 417/580/1136 418/579/1137 404/564/1138 401/1294/1139
f 397/557/1140 396/556/1141 311/471/1142 318/485/1143
f 398/558/1144 397/557/1145 318/485/1146 317/483/1147
s 28
f 316/481/1148 398/558/1149 317/483/1150
s off
f 396/556/1151 404/1273/1152 312/472/1153 311/471/1154
f 418/579/1155 419/582/1156 314/477/1157 313/475/1158
f 419/582/1159 420/584/1160 315/479/1161 314/477/1162
s 29
f 420/584/1163 316/481/1164 315/479/1165
s off
f 404/564/1166 418/579/1167 313/475/1168 312/1274/1169
s 27
f 423/576/1103 422/1290/1102 411/577/1170 416/587/1171
s 26
f 424/1308/1099 423/576/1098 416/587/1172 415/1309/1173
s 25
f 425/572/1095 424/574/1094 415/585/1174 414/583/1175
s 24
f 426/570/1091 425/572/1090 414/583/1176 413/581/1177
s 23
f 427/567/1087 426/570/1086 413/581/1178 412/578/1179
s 22
f 422/568/1083 427/567/1082 412/578/1180 411/1291/1181
s 20
f 388/1617/1182 429/553/1039 428/1288/1038 383/1287/1183
s 19
f 387/1619/1184 430/1306/1035 429/553/1034 388/1617/1185
s 18
f 386/591/1186 431/549/1031 430/551/1030 387/1305/1187
s 17
f 385/592/1188 432/547/1027 431/549/1026 386/591/1189
s 16
f 384/593/1190 433/543/1023 432/547/1022 385/592/1191
s 15
f 383/589/1192 428/544/1019 433/543/1018 384/593/1193
s off
f 383/589/1194 384/593/1195 435/594/1196 434/595/1197
f 384/593/1198 385/592/1199 436/596/1200 435/594/1201
f 385/592/1202 386/591/1203 437/597/1204 436/596/1205
f 386/591/1206 387/1305/1207 438/1303/1208 437/597/1209
f 387/590/1210 388/588/1211 439/599/1212 438/598/1213
f 388/588/1214 383/1618/1215 434/1285/1216 439/599/1217
f 406/566/1218 405/1286/1219 440/1284/1220 441/601/1221
f 407/569/1222 406/566/1223 441/601/1224 442/602/1225
f 408/571/1226 407/569/1227 442/602/1228 443/603/1229
f 409/573/1230 408/571/1231 443/603/1232 444/604/1233
f 410/575/1234 409/1616/1235 444/1302/1236 445/605/1237
f 405/565/1238 410/575/1239 445/605/1240 440/600/1241
f 434/595/1242 435/594/1243 447/606/1244 446/607/1245
f 435/594/1246 436/596/1247 448/608/1248 447/606/1249
f 436/596/1250 437/597/1251 449/609/1252 448/608/1253
f 437/597/1254 438/1303/1255 450/1301/1256 449/609/1257
f 438/598/1258 439/599/1259 451/611/1260 450/610/1261
f 439/599/1262 434/1285/1263 446/1283/1264 451/611/1265
f 441/601/1266 440/1284/1267 452/1282/1268 453/613/1269
f 442/602/1270 441/601/1271 453/613/1272 454/614/1273
f 443/603/1274 442/602/1275 454/614/1276 455/615/1277
f 444/604/1278 443/603/1279 455/615/1280 456/616/1281
f 445/605/1282 444/1302/1283 456/1300/1284 457/617/1285
f 440/600/1286 445/605/1287 457/617/1288 452/612/1289
f 446/607/1290 447/606/1291 459/618/1292 458/619/1293
f 447/606/1294 448/608/1295 460/620/1296 459/618/1297
f 448/608/1298 449/609/1299 461/621/1300 460/620/1301
f 449/609/1302 450/1301/1303 462/1298/1304 461/621/1305
f 450/610/1306 451/611/1307 463/623/1308 462/622/1309
f 451/611/1310 446/1283/1311 458/1280/1312 463/623/1313
f 453/613/1314 452/1282/1315 464/1278/1316 465/625/1317
f 454/614/1318 453/613/1319 465/625/1320 466/626/1321
f 455/615/1322 454/614/1323 466/626/1324 467/627/1325
f 456/616/1326 455/615/1327 467/627/1328 468/628/1329
f 457/617/1330 456/1300/1331 468/1296/1332 469/629/1333
f 452/612/1334 457/617/1335 469/629/1336 464/624/1337
f 458/619/1338 459/618/1339 471/1272/1340 470/1268/1341
f 459/618/1342 460/620/1343 472/1271/1344 471/1272/1345
f 460/620/1346 461/621/1347 473/1270/1348 472/1271/1349
f 461/621/1350 462/1298/1351 474/1299/1352 473/1270/1353
f 462/622/1354 463/623/1355 475/1267/1356 474/1269/1357
f 463/623/1358 458/1280/1359 470/1281/1360 475/1267/1361
f 465/625/1362 464/1278/1363 476/1279/1364 477/1266/1365
f 466/626/1366 465/625/1367 477/1266/1368 478/1265/1369
f 467/627/1370 466/626/1371 478/1265/1372 479/1264/1373
f 468/628/1374 467/627/1375 479/1264/1376 480/1263/1377
f 469/629/1378 468/1296/1379 480/1297/1380 481/1261/1381
f 464/624/1382 469/629/1383 481/1261/1384 476/1262/1385
s 30
f 482/642/1386 930/643/1387 919/644/1388 483/645/1389
s 31
f 919/644/1390 920/646/1391 484/1352/1392 483/645/1393
s 32
f 923/648/1394 924/649/1395 829/650/1396 830/1322/1397
s 33
f 924/649/1398 925/652/1399 832/653/1400 829/650/1401
s 34
f 925/652/1402 926/654/1403 834/1328/1404 832/653/1405
s 35
f 929/656/1406 930/643/1407 482/642/1408 485/1346/1409
s 36
f 496/658/1410 918/1187/1411 913/660/1412 497/661/1413
s 37
f 913/660/1414 914/1192/1415 498/663/1416 497/661/1417
s 38
f 914/1192/1418 915/1191/1419 499/665/1420 498/663/1421
s 39
f 915/1191/1422 916/1190/1423 500/667/1424 499/665/1425
s 40
f 916/1190/1426 917/1189/1427 501/669/1428 500/667/1429
s 41
f 917/1201/1430 918/1187/1431 496/658/1432 501/1202/1433
s off
f 496/658/1434 497/661/1435 960/1181/1436 955/1182/1437
f 497/661/1438 498/663/1439 959/1183/1440 960/1181/1441
f 498/663/1442 499/665/1443 958/1184/1444 959/1183/1445
f 499/665/1446 500/667/1447 957/1185/1448 958/1184/1449
f 500/667/1450 501/669/1451 956/1205/1452 957/1185/1453
f 501/1202/1454 496/658/1455 955/1182/1456 956/1186/1457
s 42
f 774/1210/1458 775/677/1459 509/678/1460 510/1212/1461
s 43
f 775/677/1462 776/680/1463 511/681/1464 509/678/1465
s 44
f 776/680/1466 777/682/1467 512/683/1468 511/681/1469
s 45
f 773/684/1470 774/676/1471 510/679/1472 513/685/1473
s 46
f 777/682/1474 778/686/1475 514/687/1476 512/683/1477
s 47
f 778/686/1478 773/684/1479 513/685/1480 514/687/1481
s off
f 502/1222/1482 520/689/1483 519/1224/1484
f 502/1222/1485 521/1221/1486 520/689/1487
f 515/1220/1488 516/1226/1489 524/1134/1490 523/1128/1491
f 516/1226/1492 517/1225/1493 525/1133/1494 524/1134/1495
f 517/1225/1496 518/1223/1497 526/1385/1498 525/1133/1499
f 518/1384/1500 519/1224/1501 527/1131/1502 526/1132/1503
f 519/1224/1504 520/689/1505 528/1130/1506 527/1131/1507
f 520/689/1508 521/1221/1509 529/1129/1510 528/1130/1511
f 521/1221/1512 522/1219/1513 530/1383/1514 529/1129/1515
f 522/1382/1516 515/1220/1517 523/1128/1518 530/1127/1519
f 523/695/1520 524/1142/1521 532/1141/1522 531/1620/1523
f 524/694/1524 525/697/1525 533/707/1526 532/705/1527
f 525/697/1528 526/699/1529 534/708/1530 533/707/1531
f 526/699/1532 527/700/1533 535/709/1534 534/708/1535
f 527/700/1536 528/701/1537 536/710/1538 535/709/1539
f 528/701/1540 529/702/1541 537/711/1542 536/710/1543
f 529/702/1544 530/704/1545 538/712/1546 537/711/1547
f 530/704/1548 523/695/1549 531/1620/1550 538/712/1551
s 48
f 954/1213/1552 949/1144/1553 791/715/1554 792/1214/1555
s 49
f 953/1145/1556 954/1143/1557 792/716/1558 793/718/1559
s 50
f 952/1146/1560 953/1145/1561 793/718/1562 794/720/1563
s 51
f 951/1147/1564 952/1146/1565 794/720/1566 795/722/1567
s 52
f 950/1148/1568 951/1147/1569 795/722/1570 796/724/1571
s 53
f 949/1144/1572 950/1148/1573 796/724/1574 791/715/1575
s off
f 504/1164/1576 503/1166/1577 539/1611/1578 540/728/1579
f 503/1613/1580 505/1165/1581 541/1554/1582 539/727/1583
f 505/1556/1584 506/1163/1585 542/732/1586 541/730/1587
f 507/1612/1588 504/1164/1589 540/728/1590 543/734/1591
f 506/1163/1592 508/1162/1593 544/1552/1594 542/732/1595
f 508/1555/1596 507/1161/1597 543/1609/1598 544/736/1599
f 510/1158/1600 509/1160/1601 545/1495/1602 546/738/1603
f 509/1499/1604 511/1159/1605 547/1438/1606 545/737/1607
f 511/1442/1608 512/1157/1609 548/740/1610 547/739/1611
f 513/1498/1612 510/1158/1613 546/738/1614 549/741/1615
f 512/1157/1616 514/1156/1617 550/1440/1618 548/740/1619
f 514/1441/1620 513/1155/1621 549/1497/1622 550/742/1623
f 540/728/1624 539/1611/1625 551/1610/1626 552/744/1627
f 539/727/1628 541/1554/1629 553/1553/1630 551/743/1631
f 541/730/1632 542/732/1633 554/746/1634 553/745/1635
s 54
f 543/734/1636 540/728/1637 552/744/1638 555/1608/1639
s 55
f 542/732/1640 544/1552/1641 556/748/1642 554/746/1643
s off
f 576/1548/1644 575/750/1645 577/1603/1646 578/752/1647
s 56
f 546/738/1648 545/1495/1649 557/753/1650 558/754/1651
s off
f 579/1491/1652 580/756/1653 581/1432/1654 582/758/1655
s 57
f 547/739/1656 548/740/1657 560/759/1658 559/1437/1659
s off
f 549/741/1660 546/738/1661 558/754/1662 561/761/1663
f 548/740/1664 550/1440/1665 562/1439/1666 560/759/1667
f 550/742/1668 549/1497/1669 561/1496/1670 562/762/1671
s 58
f 552/744/1672 605/763/1673 564/764/1674
s off
f 551/743/1675 553/1553/1676 565/1541/1677 563/766/1678
s 59
f 553/745/1679 554/746/1680 601/1540/1681 565/765/1682
s 60
f 555/1608/1683 552/744/1684 603/768/1685 567/769/1686
s 61
f 554/746/1687 599/1543/1688 566/1542/1689
s off
f 556/1551/1690 555/747/1691 567/1601/1692 568/772/1693
s 62
f 558/754/1694 604/1486/1695 570/1485/1696
s off
f 557/1494/1697 559/760/1698 571/1430/1699 569/776/1700
s 63
f 559/1437/1701 560/759/1702 600/777/1703 571/775/1704
s 64
f 561/761/1705 558/754/1706 606/1484/1707 573/779/1708
s 65
f 560/759/1709 602/780/1710 572/781/1711
s off
f 562/762/1712 561/1496/1713 573/1483/1714 574/782/1715
s 66
f 544/736/1716 543/1609/1717 583/1607/1718 584/1550/1719
s 54
f 543/734/1636 555/1608/1639 586/785/1720 583/783/1721
s 67
f 555/747/1722 556/1551/1723 585/786/1724 586/1606/1725
s 55
f 556/748/1642 544/1552/1641 584/784/1726 585/1549/1727
s 68
f 595/1490/1728 596/1433/1729 580/756/1730 579/1491/1731
s 57
f 596/788/1732 597/1431/1733 581/757/1734 580/1434/1735
s 70
f 597/789/1736 598/1488/1737 582/758/1738 581/1432/1739
s 56
f 598/790/1740 595/787/1741 579/755/1742 582/1489/1743
s 66
f 584/1550/1719 583/1607/1718 591/1604/1744 592/1547/1745
s 55
f 585/1549/1727 584/784/1726 592/792/1746 593/1545/1747
s 67
f 586/1606/1725 585/786/1724 593/793/1748 594/1602/1749
s 54
f 583/783/1721 586/785/1720 594/794/1750 591/791/1751
s 68
f 545/737/1752 547/1438/1753 588/1436/1754 587/1493/1755
s 57
f 547/739/1656 559/1437/1659 589/1435/1756 588/795/1757
s 70
f 559/760/1758 557/1494/1759 590/1492/1760 589/797/1761
s 56
f 557/753/1650 545/1495/1649 587/796/1762 590/798/1763
s 66
f 592/1547/1745 591/1604/1744 575/750/1764 576/1548/1765
s 55
f 593/1545/1747 592/792/1746 576/749/1766 578/1546/1767
s 67
f 594/1602/1749 593/793/1748 578/752/1768 577/1603/1769
s 54
f 591/791/1751 594/794/1750 577/751/1770 575/1605/1771
s 68
f 587/1493/1755 588/1436/1754 596/1433/1729 595/1490/1728
s 57
f 588/795/1757 589/1435/1756 597/1431/1733 596/788/1732
s 70
f 589/797/1761 590/1492/1760 598/1488/1737 597/789/1736
s 56
f 590/798/1763 587/796/1762 595/787/1741 598/790/1740
s 61
f 554/746/1687 556/748/1772 568/1544/1773 599/1543/1688
s 63
f 600/777/1703 560/759/1702 572/781/1774
s 59
f 601/1540/1681 554/746/1680 566/1542/1775
s 65
f 560/759/1709 562/1439/1776 574/1426/1777 602/780/1710
s 60
f 603/768/1685 552/744/1684 564/764/1778
s 62
f 558/754/1694 557/753/1779 569/1487/1780 604/1486/1695
s 58
f 552/744/1672 551/1610/1781 563/1598/1782 605/763/1673
s 64
f 606/1484/1707 558/754/1706 570/1485/1783
s off
f 671/1576/1784 672/800/1785 673/1519/1786 674/802/1787
f 676/803/1788 675/1468/1789 677/805/1790 678/1413/1791
f 680/1584/1792 679/808/1793 681/1525/1794 682/810/1795
f 683/1452/1796 684/812/1797 685/1397/1798 686/814/1799
f 688/815/1800 687/1560/1801 689/817/1802 690/1503/1803
f 692/1568/1804 691/820/1805 693/1509/1806 694/822/1807
f 696/1460/1808 695/824/1809 697/1403/1810 698/826/1811
f 700/1444/1812 699/828/1813 701/1387/1814 702/830/1815
f 604/1486/1816 569/1487/1817 607/1482/1818 608/832/1819
f 569/776/1820 571/1430/1821 609/1425/1822 607/831/1823
f 571/775/1824 600/777/1825 610/1424/1826 609/833/1827
f 600/1429/1828 604/773/1829 608/1481/1830 610/834/1831
f 603/1600/1832 599/770/1833 611/1537/1834 612/836/1835
f 599/1543/1836 568/1544/1837 613/1536/1838 611/835/1839
f 568/772/1840 567/1601/1841 614/1593/1842 613/837/1843
f 567/769/1844 603/768/1845 612/1594/1846 614/838/1847
f 564/1599/1848 566/771/1849 616/1539/1850 615/840/1851
f 566/1542/1852 599/1543/1853 617/1538/1854 616/839/1855
f 599/770/1856 603/1600/1857 618/1595/1858 617/841/1859
f 603/768/1860 564/764/1861 615/1596/1862 618/842/1863
f 604/773/1864 600/1429/1865 619/1421/1866 620/844/1867
f 600/777/1868 572/781/1869 621/1420/1870 619/843/1871
f 572/1428/1872 570/774/1873 622/1477/1874 621/845/1875
f 570/1485/1876 604/1486/1877 620/1478/1878 622/846/1879
f 570/774/1880 572/1428/1881 624/1423/1882 623/848/1883
f 572/781/1884 602/780/1885 625/1422/1886 624/847/1887
f 602/1427/1888 606/778/1889 626/1479/1890 625/849/1891
f 606/1484/1892 570/1485/1893 623/1480/1894 626/850/1895
f 605/1597/1896 601/767/1897 627/1533/1898 628/852/1899
f 601/1540/1900 566/1542/1901 629/1532/1902 627/851/1903
f 566/771/1904 564/1599/1905 630/1589/1906 629/853/1907
f 564/764/1908 605/763/1909 628/1590/1910 630/854/1911
f 605/763/1912 563/1598/1913 631/1592/1914 632/856/1915
f 563/766/1916 565/1541/1917 633/1535/1918 631/855/1919
f 565/765/1920 601/1540/1921 634/1534/1922 633/857/1923
f 601/767/1924 605/1597/1925 632/1591/1926 634/858/1927
f 606/778/1928 602/1427/1929 635/1419/1930 636/860/1931
f 602/780/1932 574/1426/1933 637/1418/1934 635/859/1935
f 574/782/1936 573/1483/1937 638/1475/1938 637/861/1939
f 573/779/1940 606/1484/1941 636/1476/1942 638/862/1943
s 72
f 615/840/1944 616/1539/1945 722/863/1946 719/864/1947
s 73
f 616/839/1948 617/1538/1949 721/865/1950 722/1520/1951
s 74
f 617/841/1952 618/1595/1953 720/866/1954 721/1522/1955
s 75
f 618/842/1956 615/1596/1957 719/1579/1958 720/1577/1959
s 76
f 708/867/1960 709/1471/1961 643/869/1962 644/1474/1963
s 77
f 709/868/1964 710/1414/1965 645/872/1966 643/1472/1967
s 78
f 710/871/1968 707/873/1969 646/874/1970 645/1415/1971
s 79
f 707/1416/1972 708/1473/1973 644/870/1974 646/1417/1975
s 80
f 612/836/1976 611/1537/1977 703/1530/1978 704/1587/1979
s 81
f 611/835/1980 613/1536/1981 706/877/1982 703/875/1983
s 82
f 613/837/1984 614/1593/1985 705/878/1986 706/1528/1987
s 83
f 614/838/1988 612/1594/1989 704/876/1990 705/1585/1991
s 84
f 741/879/1992 742/1398/1993 652/881/1994 651/1456/1995
s 85
f 742/880/1996 739/883/1997 653/884/1998 652/1399/1999
s 86
f 739/1400/2000 740/1457/2001 654/886/2002 653/1401/2003
s 87
f 740/885/2004 741/1455/2005 651/882/2006 654/1458/2007
s 88
f 632/856/2008 631/1592/2009 751/1563/2010 752/1561/2011
s 89
f 631/855/2012 633/1535/2013 754/889/2014 751/887/2015
s 90
f 633/857/2016 634/1534/2017 753/890/2018 754/1504/2019
s 91
f 634/858/2020 632/1591/2021 752/888/2022 753/1506/2023
s 92
f 628/852/2024 627/1533/2025 735/1514/2026 736/1571/2027
s 93
f 627/851/2028 629/1532/2029 738/893/2030 735/891/2031
s 94
f 629/853/2032 630/1589/2033 737/894/2034 738/1512/2035
s 95
f 630/854/2036 628/1590/2037 736/892/2038 737/1569/2039
s 96
f 724/895/2040 725/1408/2041 663/897/2042 664/1464/2043
s 97
f 725/896/2044 726/1406/2045 665/900/2046 663/1409/2047
s 98
f 726/899/2048 723/901/2049 666/902/2050 665/1407/2051
s 99
f 723/1465/2052 724/1463/2053 664/898/2054 666/1466/2055
s 100
f 756/903/2056 757/1392/2057 667/905/2058 668/1448/2059
s 101
f 757/904/2060 758/1390/2061 669/908/2062 667/1393/2063
s 102
f 758/907/2064 755/909/2065 670/910/2066 669/1391/2067
s 103
f 755/1449/2068 756/1447/2069 668/906/2070 670/1450/2071
s 104
f 639/1580/2072 640/912/2073 730/913/2074 727/914/2075
s 105
f 640/1521/2076 641/915/2077 729/916/2078 730/1516/2079
s 106
f 641/1523/2080 642/917/2081 728/918/2082 729/1518/2083
s 107
f 642/1578/2084 639/911/2085 727/1575/2086 728/1573/2087
s 108
f 716/919/2088 717/1467/2089 675/804/2090 676/1470/2091
s 109
f 717/920/2092 718/1410/2093 677/805/2094 675/1468/2095
s 110
f 718/921/2096 715/922/2097 678/806/2098 677/1411/2099
s 111
f 715/1412/2100 716/1469/2101 676/803/2102 678/1413/2103
s 112
f 648/1588/2104 647/924/2105 711/1526/2106 712/1583/2107
s 113
f 647/1531/2108 649/927/2109 714/928/2110 711/925/2111
s 114
f 649/1529/2112 650/929/2113 713/930/2114 714/1524/2115
s 115
f 650/1586/2116 648/923/2117 712/926/2118 713/1581/2119
s 116
f 749/931/2120 750/1394/2121 684/812/2122 683/1452/2123
s 117
f 750/932/2124 747/933/2125 685/813/2126 684/1395/2127
s 118
f 747/1396/2128 748/1453/2129 686/814/2130 685/1397/2131
s 119
f 748/934/2132 749/1451/2133 683/811/2134 686/1454/2135
s 120
f 656/1562/2136 655/936/2137 759/1559/2138 760/1557/2139
s 121
f 655/1564/2140 657/939/2141 762/940/2142 759/937/2143
s 122
f 657/1505/2144 658/941/2145 761/942/2146 762/1500/2147
s 123
f 658/1507/2148 656/935/2149 760/938/2150 761/1502/2151
s 124
f 660/1572/2152 659/944/2153 743/1510/2154 744/1567/2155
s 125
f 659/1515/2156 661/947/2157 746/948/2158 743/945/2159
s 126
f 661/1513/2160 662/949/2161 745/950/2162 746/1508/2163
s 127
f 662/1570/2164 660/943/2165 744/946/2166 745/1565/2167
s 128
f 732/951/2168 733/1404/2169 695/824/2170 696/1460/2171
s 129
f 733/952/2172 734/1402/2173 697/825/2174 695/1405/2175
s 130
f 734/953/2176 731/954/2177 698/826/2178 697/1403/2179
s 131
f 731/1461/2180 732/1459/2181 696/823/2182 698/1462/2183
s 132
f 764/955/2184 765/1388/2185 699/828/2186 700/1444/2187
s 133
f 765/956/2188 766/1386/2189 701/829/2190 699/1389/2191
s 134
f 766/957/2192 763/958/2193 702/830/2194 701/1387/2195
s 135
f 763/1445/2196 764/1443/2197 700/827/2198 702/1446/2199
s 80
f 704/1587/1979 703/1530/1978 647/924/2200 648/1588/2201
s 83
f 705/1585/1991 704/876/1990 648/923/2202 650/1586/2203
s 82
f 706/1528/1987 705/878/1986 650/929/2204 649/1529/2205
s 81
f 703/875/1983 706/877/1982 649/927/2206 647/1531/2207
s 79
f 610/834/2208 608/1481/2209 708/1473/1973 707/1416/1972
s 76
f 608/832/2210 607/1482/2211 709/1471/1961 708/867/1960
s 77
f 607/831/2212 609/1425/2213 710/1414/1965 709/868/1964
s 78
f 609/833/2214 610/1424/2215 707/873/1969 710/871/1968
s 112
f 712/1583/2107 711/1526/2106 679/808/2216 680/1584/2217
s 115
f 713/1581/2119 712/926/2118 680/807/2218 682/1582/2219
s 114
f 714/1524/2115 713/930/2114 682/810/2220 681/1525/2221
s 113
f 711/925/2111 714/928/2110 681/809/2222 679/1527/2223
s 111
f 646/1417/2224 644/870/2225 716/1469/2101 715/1412/2100
s 108
f 644/1474/2226 643/869/2227 717/1467/2089 716/919/2088
s 109
f 643/1472/2228 645/872/2229 718/1410/2093 717/920/2092
s 110
f 645/1415/2230 646/874/2231 715/922/2097 718/921/2096
s 75
f 720/1577/1959 719/1579/1958 639/911/2232 642/1578/2233
s 74
f 721/1522/1955 720/866/1954 642/917/2234 641/1523/2235
s 73
f 722/1520/1951 721/865/1950 641/915/2236 640/1521/2237
s 72
f 719/864/1947 722/863/1946 640/912/2238 639/1580/2239
s 99
f 622/846/2240 620/1478/2241 724/1463/2053 723/1465/2052
s 96
f 620/844/2242 619/1421/2243 725/1408/2041 724/895/2040
s 97
f 619/843/2244 621/1420/2245 726/1406/2045 725/896/2044
s 98
f 621/845/2246 622/1477/2247 723/901/2049 726/899/2048
s 107
f 728/1573/2087 727/1575/2086 671/799/2248 674/1574/2249
s 106
f 729/1518/2083 728/918/2082 674/802/2250 673/1519/2251
s 105
f 730/1516/2079 729/916/2078 673/801/2252 672/1517/2253
s 104
f 727/914/2075 730/913/2074 672/800/2254 671/1576/2255
s 131
f 666/1466/2256 664/898/2257 732/1459/2181 731/1461/2180
s 128
f 664/1464/2258 663/897/2259 733/1404/2169 732/951/2168
s 129
f 663/1409/2260 665/900/2261 734/1402/2173 733/952/2172
s 130
f 665/1407/2262 666/902/2263 731/954/2177 734/953/2176
s 92
f 736/1571/2027 735/1514/2026 659/944/2264 660/1572/2265
s 95
f 737/1569/2039 736/892/2038 660/943/2266 662/1570/2267
s 94
f 738/1512/2035 737/894/2034 662/949/2268 661/1513/2269
s 93
f 735/891/2031 738/893/2030 661/947/2270 659/1515/2271
s 86
f 625/849/2272 626/1479/2273 740/1457/2001 739/1400/2000
s 87
f 626/850/2274 623/1480/2275 741/1455/2005 740/885/2004
s 84
f 623/848/2276 624/1423/2277 742/1398/1993 741/879/1992
s 85
f 624/847/2278 625/1422/2279 739/883/1997 742/880/1996
s 124
f 744/1567/2155 743/1510/2154 691/820/2280 692/1568/2281
s 127
f 745/1565/2167 744/946/2166 692/819/2282 694/1566/2283
s 126
f 746/1508/2163 745/950/2162 694/822/2284 693/1509/2285
s 125
f 743/945/2159 746/948/2158 693/821/2286 691/1511/2287
s 118
f 653/1401/2288 654/886/2289 748/1453/2129 747/1396/2128
s 119
f 654/1458/2290 651/882/2291 749/1451/2133 748/934/2132
s 116
f 651/1456/2292 652/881/2293 750/1394/2121 749/931/2120
s 117
f 652/1399/2294 653/884/2295 747/933/2125 750/932/2124
s 88
f 752/1561/2011 751/1563/2010 655/936/2296 656/1562/2297
s 91
f 753/1506/2023 752/888/2022 656/935/2298 658/1507/2299
s 90
f 754/1504/2019 753/890/2018 658/941/2300 657/1505/2301
s 89
f 751/887/2015 754/889/2014 657/939/2302 655/1564/2303
s 103
f 638/862/2304 636/1476/2305 756/1447/2069 755/1449/2068
s 100
f 636/860/2306 635/1419/2307 757/1392/2057 756/903/2056
s 101
f 635/859/2308 637/1418/2309 758/1390/2061 757/904/2060
s 102
f 637/861/2310 638/1475/2311 755/909/2065 758/907/2064
s 120
f 760/1557/2139 759/1559/2138 687/816/2312 688/1558/2313
s 123
f 761/1502/2151 760/938/2150 688/815/2314 690/1503/2315
s 122
f 762/1500/2147 761/942/2146 690/818/2316 689/1501/2317
s 121
f 759/937/2143 762/940/2142 689/817/2318 687/1560/2319
s 135
f 670/1450/2320 668/906/2321 764/1443/2197 763/1445/2196
s 132
f 668/1448/2322 667/905/2323 765/1388/2185 764/955/2184
s 133
f 667/1393/2324 669/908/2325 766/1386/2189 765/956/2188
s 134
f 669/1391/2326 670/910/2327 763/958/2193 766/957/2192
s 48
f 768/1216/2328 767/960/2329 503/726/2330 504/1218/2331
s 49
f 769/961/2332 768/959/2333 504/725/2334 507/733/2335
s 50
f 770/962/2336 769/961/2337 507/733/2338 508/735/2339
s 51
f 771/963/2340 770/962/2341 508/735/2342 506/731/2343
s 52
f 772/964/2344 771/963/2345 506/731/2346 505/729/2347
s 53
f 767/960/2348 772/964/2349 505/729/2350 503/726/2351
s 45
f 809/965/2352 810/1209/2353 774/676/1471 773/684/1470
s 42
f 810/966/2354 811/967/2355 775/677/1459 774/1210/1458
s 43
f 811/967/2356 812/968/2357 776/680/1463 775/677/1462
s 44
f 812/968/2358 813/969/2359 777/682/1467 776/680/1466
s 46
f 813/969/2360 814/970/2361 778/686/1475 777/682/1474
s 47
f 814/970/2362 809/965/2363 773/684/1479 778/686/1478
s 48
f 780/1217/2364 779/972/2365 803/973/2366 804/1215/2367
s 49
f 781/975/2368 780/971/2369 804/974/2370 805/976/2371
s 50
f 782/977/2372 781/975/2373 805/976/2374 806/978/2375
s 51
f 783/979/2376 782/977/2377 806/978/2378 807/980/2379
s 52
f 784/981/2380 783/979/2381 807/980/2382 808/982/2383
s 53
f 779/972/2384 784/981/2385 808/982/2386 803/973/2387
s 45
f 797/983/2388 798/984/2389 786/985/2390 785/986/2391
s 42
f 798/1208/2392 799/987/2393 787/988/2394 786/1211/2395
s 43
f 799/987/2396 800/989/2397 788/990/2398 787/988/2399
s 44
f 800/989/2400 801/991/2401 789/992/2402 788/990/2403
s 46
f 801/991/2404 802/993/2405 790/994/2406 789/992/2407
s 47
f 802/993/2408 797/983/2409 785/986/2410 790/994/2411
s 48
f 792/1214/1555 791/715/1554 779/972/2365 780/1217/2364
s 49
f 793/718/1559 792/716/1558 780/971/2369 781/975/2368
s 50
f 794/720/1563 793/718/1562 781/975/2373 782/977/2372
s 51
f 795/722/1567 794/720/1566 782/977/2377 783/979/2376
s 52
f 796/724/1571 795/722/1570 783/979/2381 784/981/2380
s 53
f 791/715/1575 796/724/1574 784/981/2385 779/972/2384
s 48
f 804/1215/2367 803/973/2366 767/960/2329 768/1216/2328
s 49
f 805/976/2371 804/974/2370 768/959/2333 769/961/2332
s 50
f 806/978/2375 805/976/2374 769/961/2337 770/962/2336
s 51
f 807/980/2379 806/978/2378 770/962/2341 771/963/2340
s 52
f 808/982/2383 807/980/2382 771/963/2345 772/964/2344
s 53
f 803/973/2387 808/982/2386 772/964/2349 767/960/2348
s 45
f 785/986/2391 786/985/2390 810/1209/2353 809/965/2352
s 42
f 786/1211/2395 787/988/2394 811/967/2355 810/966/2354
s 43
f 787/988/2399 788/990/2398 812/968/2357 811/967/2356
s 44
f 788/990/2403 789/992/2402 813/969/2359 812/968/2358
s 46
f 789/992/2407 790/994/2406 814/970/2361 813/969/2360
s 47
f 790/994/2411 785/986/2410 809/965/2363 814/970/2362
s off
f 532/1621/2412 533/1140/2413 534/1139/2414 535/1138/2415 536/1137/2416 537/1136/2417 538/1135/2418 531/706/2419
s 31
f 871/995/2420 872/996/2421 816/1369/2422 815/1357/2423
s 149
f 872/996/2424 873/999/2425 817/1368/2426 816/1369/2427
s 150
f 873/999/2428 874/1001/2429 818/1366/2430 817/1368/2431
s 151
f 874/1001/2432 875/1200/2433 819/1349/2434 818/1366/2435
s 35
f 875/1003/2436 876/1005/2437 820/1356/2438 819/1348/2439
s 30
f 815/1357/2440 820/1356/2441 876/1005/2442 871/995/2443
s 37
f 931/1007/2444 932/1008/2445 822/1009/2446 821/1010/2447
s 154
f 935/1011/2448 936/1012/2449 837/1013/2450 838/1014/2451
s 155
f 936/1012/2452 937/1015/2453 840/1016/2454 837/1013/2455
s 156
f 937/1015/2456 938/1017/2457 842/1018/2458 840/1016/2459
s 41
f 941/1019/2460 942/1020/2461 826/1021/2462 825/1381/2463
s 36
f 821/1010/2464 826/1021/2465 942/1020/2466 931/1007/2467
s 159
f 827/1324/2468 843/1024/2469 828/1351/2470
s 160
f 484/1352/2471 920/646/2472 921/1026/2473 852/1333/2474
s 161
f 843/1024/2475 844/1028/2476 831/1347/2477 828/1351/2478
s 162
f 844/1028/2479 833/1326/2480 831/1347/2481
s 163
f 928/1031/2482 929/1373/2483 485/1372/2484 847/1336/2485
s 164
f 868/1033/2486 869/1315/2487 838/1316/2488 845/1035/2489
s 165
f 869/1034/2490 934/1036/2491 935/1011/2492 838/1014/2493
s 166
f 867/1037/2494 868/1033/2495 845/1035/2496 846/1038/2497
s 167
f 938/1017/2498 939/1039/2499 866/1040/2500 842/1018/2501
s 168
f 866/1317/2502 867/1037/2503 846/1038/2504 842/1318/2505
s 159
f 816/1353/2506 817/1000/2507 850/1041/2508 851/1334/2509
s 161
f 817/1000/2510 818/1002/2511 849/1043/2512 850/1041/2513
s 162
f 818/1002/2514 819/1367/2515 848/1335/2516 849/1043/2517
s 164
f 845/1035/2489 838/1316/2488 837/1341/2518
s 166
f 846/1038/2497 845/1035/2496 837/1341/2519 840/1337/2520
s 168
f 842/1318/2505 846/1038/2504 840/1337/2521
s 163
f 927/1045/2522 928/1031/2482 847/1336/2485 859/1327/2523
s 162
f 849/1043/2517 848/1335/2516 860/1325/2524 861/1048/2525
s 161
f 850/1041/2513 849/1043/2512 861/1048/2526 862/1049/2527
s 159
f 851/1334/2509 850/1041/2508 862/1049/2528 863/1323/2529
s 160
f 852/1333/2474 921/1026/2473 922/1051/2530 864/1321/2531
s 167
f 940/1053/2532 941/1380/2533 825/1022/2534 854/1054/2535
s 168
f 825/1338/2536 824/1055/2537 855/1056/2538 854/1331/2539
s 166
f 824/1055/2540 823/1057/2541 856/1058/2542 855/1056/2543
s 164
f 823/1057/2544 822/1365/2545 857/1330/2546 856/1058/2547
s 165
f 822/1009/2548 932/1008/2549 933/1060/2550 857/1059/2551
s 163
f 926/654/2552 927/1045/2522 859/1327/2523 834/1328/2553
s 162
f 861/1048/2525 860/1325/2524 833/1326/2480 844/1028/2479
s 161
f 862/1049/2527 861/1048/2526 844/1028/2476 843/1024/2475
s 159
f 863/1323/2529 862/1049/2528 843/1024/2469 827/1324/2468
s 160
f 864/1321/2531 922/1051/2530 923/648/2554 830/1322/2555
s 167
f 939/1039/2499 940/1053/2532 854/1054/2535 866/1040/2500
s 168
f 854/1331/2539 855/1056/2538 867/1037/2503 866/1317/2502
s 166
f 855/1056/2543 856/1058/2542 868/1033/2495 867/1037/2494
s 164
f 856/1058/2547 857/1330/2546 869/1315/2487 868/1033/2486
s 165
f 857/1059/2551 933/1060/2550 934/1036/2491 869/1034/2490
s 31
f 895/1061/2556 896/1062/2557 872/996/2421 871/995/2420
s 149
f 896/1062/2558 897/1063/2559 873/999/2425 872/996/2424
s 150
f 897/1063/2560 898/1064/2561 874/1001/2429 873/999/2428
s 151
f 898/1064/2562 899/1276/2563 875/1200/2433 874/1001/2432
s 35
f 899/1065/2564 900/1066/2565 876/1005/2437 875/1003/2436
s 30
f 871/995/2443 876/1005/2442 900/1066/2566 895/1061/2567
s 37
f 821/1355/2447 822/1343/2446 878/1067/2568 877/1068/2569
s 38
f 822/1343/2570 823/1364/2571 879/1069/2572 878/1067/2573
s 39
f 823/1364/2574 824/1362/2575 880/1070/2576 879/1069/2577
s 40
f 824/1362/2578 825/1363/2579 881/1199/2580 880/1070/2581
s 41
f 825/1378/2463 826/1354/2462 882/1072/2582 881/1071/2583
s 36
f 877/1068/2584 882/1072/2585 826/1354/2465 821/1355/2464
s 31
f 907/1073/2586 908/1198/2587 884/1075/2588 883/1076/2589
s 149
f 908/1198/2590 909/1197/2591 885/1078/2592 884/1075/2593
s 150
f 909/1197/2594 910/1196/2595 886/1080/2596 885/1078/2597
s 151
f 910/1196/2598 911/1195/2599 887/1277/2600 886/1080/2601
s 35
f 911/1275/2602 912/1193/2603 888/1084/2604 887/1082/2605
s 30
f 883/1076/2606 888/1084/2607 912/1193/2608 907/1073/2609
s 37
f 901/1085/2610 902/1086/2611 890/1087/2612 889/1088/2613
s 38
f 902/1086/2614 903/1089/2615 891/1090/2616 890/1087/2617
s 39
f 903/1089/2618 904/1091/2619 892/1092/2620 891/1090/2621
s 40
f 904/1091/2622 905/1376/2623 893/1094/2624 892/1092/2625
s 41
f 905/1093/2626 906/1095/2627 894/1096/2628 893/1377/2629
s 36
f 889/1088/2630 894/1096/2631 906/1095/2632 901/1085/2633
s 31
f 883/1076/2589 884/1075/2588 896/1062/2557 895/1061/2556
s 149
f 884/1075/2593 885/1078/2592 897/1063/2559 896/1062/2558
s 150
f 885/1078/2597 886/1080/2596 898/1064/2561 897/1063/2560
s 151
f 886/1080/2601 887/1277/2600 899/1276/2563 898/1064/2562
s 35
f 887/1082/2605 888/1084/2604 900/1066/2565 899/1065/2564
s 30
f 895/1061/2567 900/1066/2566 888/1084/2607 883/1076/2606
s 37
f 877/1068/2569 878/1067/2568 902/1086/2611 901/1085/2610
s 38
f 878/1067/2573 879/1069/2572 903/1089/2615 902/1086/2614
s 39
f 879/1069/2577 880/1070/2576 904/1091/2619 903/1089/2618
s 40
f 880/1070/2581 881/1199/2580 905/1376/2623 904/1091/2622
s 41
f 881/1071/2583 882/1072/2582 906/1095/2627 905/1093/2626
s 36
f 901/1085/2633 906/1095/2632 882/1072/2585 877/1068/2584
s 31
f 487/1097/2634 488/1098/2635 908/1074/2587 907/1194/2586
s 149
f 488/1098/2636 489/1099/2637 909/1077/2591 908/1074/2590
s 150
f 489/1099/2638 490/1100/2639 910/1079/2595 909/1077/2594
s 151
f 490/1100/2640 491/1204/2641 911/1203/2599 910/1079/2598
s 35
f 491/1101/2642 486/1102/2643 912/1083/2603 911/1081/2602
s 30
f 907/1194/2609 912/1083/2608 486/1102/2644 487/1097/2645
s 37
f 889/1088/2613 890/1087/2612 914/662/1415 913/1188/1414
s 38
f 890/1087/2617 891/1090/2616 915/664/1419 914/662/1418
s 39
f 891/1090/2621 892/1092/2620 916/666/1423 915/664/1422
s 40
f 892/1092/2625 893/1094/2624 917/1375/1427 916/666/1426
s 41
f 893/1377/2629 894/1096/2628 918/659/1431 917/668/1430
s 36
f 913/1188/1412 918/659/1411 894/1096/2631 889/1088/2630
s 31
f 815/998/2423 816/997/2422 920/646/1391 919/644/1390
s 160
f 921/1026/2473 920/646/2472 816/997/2646 851/1042/2647
f 922/1051/2530 921/1026/2473 851/1042/2647 863/1050/2648
f 923/648/2554 922/1051/2530 863/1050/2648 827/1023/2649
s 32
f 827/1023/2650 828/1025/2651 924/649/1395 923/648/1394
s 33
f 828/1025/2652 831/1029/2653 925/652/1399 924/649/1398
s 34
f 831/1029/2654 833/1030/2655 926/654/1403 925/652/1402
s 163
f 860/1047/2656 927/1045/2522 926/654/2552 833/1030/2657
f 848/1044/2658 928/1031/2482 927/1045/2522 860/1047/2656
f 819/1374/2659 929/1373/2483 928/1031/2482 848/1044/2658
s 35
f 819/1004/2439 820/1006/2438 930/643/1407 929/656/1406
s 30
f 919/644/1388 930/643/1387 820/1006/2441 815/998/2440
s 37
f 493/1103/2660 494/1344/2661 932/1008/2445 931/1007/2444
s 165
f 933/1060/2550 932/1008/2549 494/1344/2662 858/1329/2663
f 934/1036/2491 933/1060/2550 858/1329/2663 870/1313/2664
f 935/1011/2492 934/1036/2491 870/1313/2664 835/1314/2665
s 154
f 835/1314/2666 836/1342/2667 936/1012/2449 935/1011/2448
s 155
f 836/1342/2668 839/1339/2669 937/1015/2453 936/1012/2452
s 156
f 839/1339/2670 841/1320/2671 938/1017/2457 937/1015/2456
s 167
f 865/1319/2672 939/1039/2499 938/1017/2498 841/1320/2673
f 853/1332/2674 940/1053/2532 939/1039/2499 865/1319/2672
f 495/1340/2675 941/1380/2533 940/1053/2532 853/1332/2674
s 41
f 495/1379/2676 492/1114/2677 942/1020/2461 941/1019/2460
s 36
f 931/1007/2467 942/1020/2466 492/1114/2678 493/1103/2679
s off
f 492/1358/2680 495/1113/2681 494/1104/2682 493/1359/2683
f 495/1113/2684 853/1112/2685 858/1105/2686 494/1104/2687
f 853/1112/2688 865/1111/2689 870/1106/2690 858/1105/2691
f 865/1111/2692 841/1110/2693 835/1107/2694 870/1106/2695
f 841/1110/2696 839/1109/2697 836/1108/2698 835/1107/2699
f 483/1361/2700 484/647/2701 485/657/2702 482/1360/2703
f 484/647/2704 852/1027/2705 847/1032/2706 485/657/2707
f 852/1027/2708 864/1052/2709 859/1046/2710 847/1032/2711
f 864/1052/2712 830/651/2713 834/655/2714 859/1046/2715
f 830/651/2716 829/1350/2717 832/1345/2718 834/655/2719
s 47
f 944/1154/2720 943/1150/2721 797/983/2409 802/993/2408
s 46
f 945/1153/2722 944/1154/2723 802/993/2405 801/991/2404
s 44
f 946/1152/2724 945/1153/2725 801/991/2401 800/989/2400
s 43
f 947/1151/2726 946/1152/2727 800/989/2397 799/987/2396
s 42
f 948/1207/2728 947/1151/2729 799/987/2393 798/1208/2392
s 45
f 943/1150/2730 948/1149/2731 798/984/2389 797/983/2388
s off
f 491/1101/2732 962/1206/2733 961/1176/2734 486/1102/2735
f 490/1100/2736 963/1179/2737 962/1180/2738 491/1204/2739
f 489/1099/2740 964/1178/2741 963/1179/2742 490/1100/2743
f 488/1098/2744 965/1177/2745 964/1178/2746 489/1099/2747
f 487/1097/2748 966/1175/2749 965/1177/2750 488/1098/2751
f 486/1102/2752 961/1176/2753 966/1175/2754 487/1097/2755
f 324/494/2756 325/492/2757 521/691/2758 502/688/2759
f 323/496/2760 324/494/2761 502/688/2762 519/690/2763
f 325/492/2764 326/1238/2765 522/703/2766 521/691/2767
f 322/498/2768 323/496/2769 519/690/2770 518/1228/2771
f 326/490/2772 319/489/2773 515/692/2774 522/1239/2775
f 321/500/2776 322/1227/2777 518/698/2778 517/696/2779
f 319/489/2780 320/502/2781 516/693/2782 515/692/2783
f 320/502/2784 321/500/2785 517/696/2786 516/693/2787
f 374/534/2788 376/536/2789 952/719/2790 951/721/2791
f 376/536/2792 375/535/2793 953/717/2794 952/719/2795
f 377/537/2796 379/539/2797 946/1118/2798 947/1119/2799
f 379/539/2800 380/540/2801 945/1117/2802 946/1118/2803
f 375/535/2804 372/532/2805 954/713/2806 953/717/2807
f 372/532/2808 371/531/2809 949/714/2810 954/713/2811
f 371/531/2812 373/533/2813 950/723/2814 949/714/2815
f 373/533/2816 374/534/2817 951/721/2818 950/723/2819
f 380/540/2820 382/542/2821 944/1115/2822 945/1117/2823
f 382/542/2824 381/541/2825 943/1116/2826 944/1115/2827
f 381/541/2828 378/538/2829 948/1120/2830 943/1116/2831
f 378/538/2832 377/537/2833 947/1119/2834 948/1120/2835
f 473/633/2836 474/634/2837 963/1123/2838 964/1124/2839
f 480/640/2840 479/639/2841 958/673/2842 957/674/2843
f 472/632/2844 473/633/2845 964/1124/2846 965/1125/2847
f 479/639/2848 478/638/2849 959/672/2850 958/673/2851
f 471/630/2852 472/632/2853 965/1125/2854 966/1126/2855
f 478/638/2856 477/637/2857 960/670/2858 959/672/2859
f 470/631/2860 471/630/2861 966/1126/2862 961/1122/2863
f 477/637/2864 476/636/2865 955/671/2866 960/670/2867
f 475/635/2868 470/631/2869 961/1122/2870 962/1121/2871
f 476/636/2872 481/1370/2873 956/675/2874 955/671/2875
f 474/634/2876 475/635/2877 962/1121/2878 963/1123/2879
f 481/641/2880 480/640/2881 957/674/2882 956/1371/2883
s 29
f 420/584/1163 403/563/2884 316/481/1164
s 28
f 403/563/2885 398/558/1149 316/481/1148
g default
v 2.222797 7.764817 -0.106388
v 2.042600 7.193240 0.067495
v 2.257402 6.704436 0.012771
v 2.886589 6.697472 -0.167089
v 3.104935 7.377293 -0.354130
v 2.820150 7.847589 -0.334993
v 2.320413 7.817435 0.167737
v 2.140216 7.245858 0.341620
v 2.355018 6.757054 0.286896
v 2.934788 6.750091 0.107036
v 3.197453 7.429910 -0.080005
v 2.917767 7.900208 -0.060869
v -2.222798 7.764817 -0.106388
v -2.042600 7.193240 0.067495
v -2.257402 6.704436 0.012771
v -2.886588 6.697472 -0.167089
v -3.104935 7.377293 -0.354131
v -2.820150 7.847590 -0.334994
v -2.320413 7.817434 0.167737
v -2.140216 7.245858 0.341620
v -2.355018 6.757054 0.286896
v -2.934788 6.750091 0.107035
v -3.197453 7.429911 -0.080005
v -2.917767 7.900208 -0.060869
vt 0.212098 0.140539
vt 0.212272 0.119471
vt 0.222889 0.119154
vt 0.222948 0.140564
vt 0.208255 0.099662
vt 0.219515 0.099330
vt 0.209476 0.074262
vt 0.220330 0.076304
vt 0.211232 0.189967
vt 0.226341 0.047346
vt 0.211517 0.166359
vt 0.223646 0.166308
vt 0.316479 0.143767
vt 0.305492 0.143751
vt 0.306072 0.122637
vt 0.315853 0.122629
vt 0.293671 0.109547
vt 0.318416 0.104420
vt 0.274382 0.115801
vt 0.317111 0.078722
vt 0.271875 0.140959
vt 0.316071 0.191198
vt 0.285722 0.153346
vt 0.316820 0.169085
vt 0.305222 0.168818
vt 0.299249 0.049113
vt 0.305629 0.080971
vt 0.307549 0.104608
vt 0.336119 0.153312
vt 0.350106 0.141024
vt 0.349021 0.116329
vt 0.311859 0.047166
vt 0.304422 0.190532
vt 0.241787 0.151292
vt 0.256255 0.139842
vt 0.255513 0.114337
vt 0.223606 0.189709
vt 0.193383 0.150617
vt 0.179317 0.139060
vt 0.214866 0.045464
vt 0.179373 0.114516
vt 0.236329 0.106568
vt 0.199703 0.106925
vt 0.328256 0.109561
vn -0.898688 0.359676 0.250983
vn -0.898688 0.359676 0.250983
vn -0.898688 0.359676 0.250983
vn -0.898688 0.359676 0.250983
vn -0.832595 -0.407837 0.374772
vn -0.832595 -0.407837 0.374772
vn -0.832595 -0.407837 0.374772
vn -0.832595 -0.407837 0.374772
vn 0.041541 -0.983211 0.177679
vn 0.041541 -0.983211 0.177679
vn 0.041541 -0.983211 0.177679
vn 0.041541 -0.983211 0.177679
vn 0.914917 -0.368809 -0.164035
vn 0.914917 -0.368809 -0.164035
vn 0.914917 -0.368809 -0.164035
vn 0.914917 -0.368809 -0.164035
vn 0.790555 0.489408 -0.368106
vn 0.790555 0.489408 -0.368106
vn 0.790555 0.489408 -0.368106
vn 0.790555 0.489408 -0.368106
vn -0.182049 0.975636 -0.122446
vn -0.182049 0.975636 -0.122446
vn -0.182049 0.975636 -0.122446
vn -0.182049 0.975636 -0.122446
vn -0.329256 -0.136774 -0.934282
vn -0.329256 -0.136774 -0.934282
vn -0.329256 -0.136774 -0.934282
vn -0.329256 -0.136774 -0.934282
vn -0.329256 -0.136774 -0.934282
vn -0.329256 -0.136774 -0.934282
vn 0.335820 0.129807 0.932939
vn 0.335820 0.129807 0.932939
vn 0.335820 0.129807 0.932939
vn 0.335820 0.129807 0.932939
vn 0.335820 0.129807 0.932939
vn 0.335820 0.129807 0.932939
vn 0.898688 0.359677 0.250982
vn 0.898688 0.359677 0.250982
vn 0.898688 0.359677 0.250982
vn 0.898688 0.359677 0.250982
vn 0.832596 -0.407836 0.374771
vn 0.832596 -0.407836 0.374771
vn 0.832596 -0.407836 0.374771
vn 0.832596 -0.407836 0.374771
vn -0.041542 -0.983211 0.177680
vn -0.041542 -0.983211 0.177680
vn -0.041542 -0.983211 0.177680
vn -0.041542 -0.983211 0.177680
vn -0.914917 -0.368809 -0.164035
vn -0.914916 -0.368809 -0.164035
vn -0.914917 -0.368809 -0.164035
vn -0.914917 -0.368809 -0.164035
vn -0.790554 0.489408 -0.368108
vn -0.790554 0.489408 -0.368108
vn -0.790554 0.489408 -0.368108
vn -0.790554 0.489408 -0.368108
vn 0.182050 0.975636 -0.122444
vn 0.182050 0.975636 -0.122444
vn 0.182050 0.975636 -0.122444
vn 0.182050 0.975636 -0.122444
vn 0.329257 -0.136774 -0.934282
vn 0.329257 -0.136774 -0.934282
vn 0.329257 -0.136774 -0.934282
vn 0.329257 -0.136774 -0.934282
vn 0.329257 -0.136774 -0.934282
vn 0.329257 -0.136774 -0.934282
vn -0.335820 0.129807 0.932939
vn -0.335820 0.129807 0.932939
vn -0.335820 0.129807 0.932939
vn -0.335820 0.129807 0.932939
vn -0.335820 0.129807 0.932939
vn -0.335820 0.129807 0.932939
s off
g Head_uv ears
usemtl standardSurface8SG
f 967/1622/2886 968/1623/2887 974/1624/2888 973/1625/2889
f 968/1623/2890 969/1626/2891 975/1627/2892 974/1624/2893
f 969/1626/2894 970/1628/2895 976/1629/2896 975/1627/2897
f 970/1628/2898 971/1661/2899 977/1631/2900 976/1629/2901
f 971/1630/2902 972/1632/2903 978/1633/2904 977/1658/2905
f 972/1632/2906 967/1622/2907 973/1625/2908 978/1633/2909
f 967/1622/2910 972/1659/2911 971/1660/2912 970/1662/2913 969/1664/2914 968/1623/2915
f 973/1625/2916 974/1624/2917 975/1663/2918 976/1657/2919 977/1656/2920 978/1655/2921
f 979/1634/2922 985/1635/2923 986/1636/2924 980/1637/2925
f 980/1637/2926 986/1636/2927 987/1649/2928 981/1639/2929
f 981/1639/2930 987/1649/2931 988/1648/2932 982/1641/2933
f 982/1641/2934 988/1648/2935 989/1647/2936 983/1653/2937
f 983/1643/2938 989/1654/2939 990/1646/2940 984/1645/2941
f 984/1645/2942 990/1646/2943 985/1635/2944 979/1634/2945
f 979/1634/2946 980/1637/2947 981/1665/2948 982/1652/2949 983/1651/2950 984/1650/2951
f 985/1635/2952 990/1644/2953 989/1642/2954 988/1640/2955 987/1638/2956 986/1636/2957
g default
v -1.499091 6.145954 1.707693
v -0.932178 5.866145 1.902041
v 0.000000 5.680825 1.930234
v 0.932178 5.866145 1.902041
v 1.499091 6.145954 1.707693
v -1.740262 6.844194 1.901265
v -0.958559 6.845243 2.456090
v 0.000000 6.875769 2.713650
v 0.958559 6.845243 2.456090
v 1.740262 6.844194 1.901265
v -1.900730 7.658740 1.745634
v -0.994544 7.638789 2.327879
v 0.000000 7.655968 2.536910
v 0.994544 7.638789 2.327879
v 1.900730 7.658740 1.745634
v -1.813857 8.621891 1.881751
v -0.943170 8.643959 2.457348
v 0.000000 8.706903 2.596944
v 0.943170 8.643959 2.457348
v 1.813857 8.621891 1.881751
v -1.615528 9.417419 1.723469
v -0.880555 9.663848 2.130835
v 0.000000 9.814464 2.294174
v 0.880555 9.663848 2.130835
v 1.615528 9.417419 1.723469
v -1.871077 9.832707 1.054888
v -0.966513 10.358658 1.121546
v 0.000000 10.524745 1.155431
v 0.966513 10.358658 1.121546
v 1.871077 9.832707 1.054888
v -2.066983 10.015100 0.045447
v -1.118561 10.594924 0.045172
v 0.000000 10.807726 0.059209
v 1.118561 10.594924 0.045172
v 2.066983 10.015100 0.045447
v -1.866566 9.787559 -0.917276
v -1.081630 10.361588 -1.024209
v 0.000000 10.568704 -1.077148
v 1.081630 10.361588 -1.024209
v 1.866566 9.787559 -0.917276
v -1.590481 9.551306 -1.513083
v -0.983943 9.803301 -1.779517
v 0.000000 9.973806 -1.958940
v 0.983943 9.803301 -1.779517
v 1.590481 9.551306 -1.513083
v -1.821637 8.944161 -1.730929
v -1.028932 9.027774 -2.269627
v 0.000000 9.054980 -2.419741
v 1.028932 9.027774 -2.269627
v 1.821637 8.944161 -1.730929
v -1.955110 7.979157 -1.879533
v -1.025607 7.985993 -2.393046
v 0.000000 7.994967 -2.601954
v 1.025607 7.985993 -2.393046
v 1.955110 7.979157 -1.879533
v -1.799892 7.065802 -1.737969
v -0.999131 7.062117 -2.216367
v 0.000000 6.982023 -2.383823
v 0.999131 7.062117 -2.216367
v 1.799892 7.065802 -1.737969
v -1.550422 6.550207 -1.503071
v -0.930897 6.416966 -1.722772
v 0.000000 6.170898 -1.874174
v 0.930897 6.416966 -1.722772
v 1.550422 6.550207 -1.503071
v -1.811246 6.371137 -0.925469
v -0.961065 5.894624 -0.928243
v 0.000000 5.656945 -0.949484
v 0.961065 5.894624 -0.928243
v 1.811246 6.371137 -0.925469
v -1.934379 6.087893 0.050215
v -0.985586 5.643619 0.046816
v 0.000000 5.458369 0.051105
v 0.985586 5.643542 0.046816
v 1.934379 6.087816 0.050215
v -1.793642 6.060251 1.070370
v -0.963641 5.638821 1.058232
v 0.000000 5.403506 1.049496
v 0.963641 5.638821 1.058232
v 1.793642 6.060251 1.070370
v 2.321173 6.994539 -1.018997
v 2.544694 6.923956 0.042452
v 2.371728 6.872887 0.976414
v 2.501464 7.868222 -1.024316
v 2.684890 7.789539 0.025571
v 2.496467 7.723919 0.934606
v 2.347151 8.903657 -1.003123
v 2.585325 8.765518 0.029167
v 2.397785 8.666169 0.924507
v -2.321173 6.994539 -1.018997
v -2.544694 6.923956 0.042452
v -2.371728 6.872887 0.976414
v -2.501464 7.868222 -1.024316
v -2.684890 7.789539 0.025571
v -2.496467 7.723919 0.934606
v -2.347151 8.903657 -1.003123
v -2.585325 8.765518 0.029167
v -2.397785 8.666169 0.924507
v -0.278740 6.854709 2.472960
v 0.000000 6.732908 2.437507
v 0.278740 6.854709 2.472960
v -0.139370 6.771126 2.473393
v 0.139370 6.771126 2.473393
v 0.111496 7.328200 2.477824
v 0.000000 7.349081 2.556645
v -0.111496 7.328200 2.477824
v 0.195118 7.082375 2.469534
v 0.000000 7.118916 2.609772
v -0.195118 7.082375 2.469534
v 0.167244 6.843843 2.595861
v 0.000000 6.993225 2.652022
v -0.167244 6.843843 2.595861
v 0.000000 6.771246 2.545434
v -0.093999 6.807359 2.557225
v 0.093999 6.807359 2.557225
v -0.980150 7.321370 2.417100
v -1.836543 7.332921 1.807886
v -2.446571 7.383506 0.951329
v -2.628812 7.443306 0.032324
v -2.429348 7.518749 -1.022188
v -1.893023 7.613816 -1.822908
v -1.015017 7.616442 -2.322374
v 0.000000 7.589790 -2.514701
v 1.015017 7.616442 -2.322374
v 1.893023 7.613816 -1.822908
v 2.429348 7.518749 -1.022188
v 2.628812 7.443306 0.032324
v 2.446571 7.383506 0.951329
v 1.836543 7.332921 1.807886
v 0.980150 7.321370 2.417100
v -0.969355 7.083307 2.460789
v -1.788402 7.088557 1.854576
v -2.409149 7.128196 0.963871
v -2.586753 7.183631 0.037388
v -2.375260 7.256643 -1.020593
v -1.846457 7.339809 -1.780439
v -1.007074 7.339279 -2.269371
v 0.000000 7.285906 -2.449262
v 1.007074 7.339279 -2.269371
v 1.846457 7.339809 -1.780439
v 2.375260 7.256643 -1.020593
v 2.586753 7.183631 0.037388
v 2.409149 7.128196 0.963871
v 1.788402 7.088557 1.854576
v 0.969355 7.083307 2.460789
v -0.942730 6.370687 2.261950
v -1.637695 6.425250 1.818873
v -2.097994 6.385305 0.983983
v -2.178505 6.422318 0.047110
v -2.015217 6.620497 -0.962880
v -1.650210 6.756445 -1.597030
v -0.958190 6.675026 -1.920210
v 0.000000 6.495348 -2.078034
v 0.958190 6.675026 -1.920210
v 1.650210 6.756445 -1.597030
v 2.015217 6.620497 -0.962880
v 2.178505 6.422272 0.047110
v 2.097994 6.385305 0.983983
v 1.637695 6.425250 1.818873
v 0.942730 6.370687 2.261950
v 0.000000 6.263083 2.313737
vt 0.597364 0.109709
vt 0.615277 0.096462
vt 0.630966 0.130992
vt 0.598529 0.136110
vt 0.653855 0.129160
vt 0.661523 0.120650
vt 0.669573 0.131856
vt 0.699483 0.124495
vt 0.739722 0.093918
vt 0.756534 0.109052
vt 0.753905 0.134956
vt 0.721271 0.127112
vt 0.631728 0.160089
vt 0.592971 0.163503
vt 0.685954 0.157963
vt 0.758385 0.163671
vt 0.720984 0.158418
vt 0.636887 0.195440
vt 0.600481 0.195241
vt 0.684020 0.200467
vt 0.716485 0.196151
vt 0.750948 0.196695
vt 0.632778 0.232436
vt 0.603486 0.223470
vt 0.690212 0.245590
vt 0.720009 0.234516
vt 0.748130 0.225450
vt 0.607804 0.267816
vt 0.581346 0.241670
vt 0.715889 0.292606
vt 0.743448 0.270584
vt 0.768479 0.244047
vt 0.420992 0.064020
vt 0.393606 0.097083
vt 0.907637 0.039885
vt 0.937215 0.070063
vt 0.798939 0.262201
vt 0.448641 0.091619
vt 0.424575 0.115962
vt 0.877422 0.070562
vt 0.907735 0.095708
vt 0.930074 0.121640
vt 0.468461 0.117925
vt 0.445856 0.127807
vt 0.853741 0.104201
vt 0.886164 0.120594
vt 0.908037 0.132002
vt 0.476811 0.148256
vt 0.444273 0.150597
vt 0.839682 0.142389
vt 0.875759 0.150285
vt 0.908053 0.154844
vt 0.478555 0.183598
vt 0.442989 0.181739
vt 0.834191 0.184920
vt 0.871602 0.185424
vt 0.907203 0.186005
vt 0.473419 0.215089
vt 0.441993 0.211246
vt 0.839400 0.225943
vt 0.874569 0.217190
vt 0.906177 0.215509
vt 0.462986 0.241589
vt 0.441647 0.231753
vt 0.852527 0.261541
vt 0.883161 0.244339
vt 0.905117 0.235988
vt 0.441089 0.267688
vt 0.420194 0.240152
vt 0.875857 0.295016
vt 0.903214 0.271877
vt 0.925939 0.245835
vt 0.558340 0.058526
vt 0.538324 0.095506
vt 0.781598 0.029467
vt 0.800593 0.061064
vt 0.955484 0.267518
vt 0.589820 0.076510
vt 0.572889 0.105102
vt 0.749366 0.046270
vt 0.767224 0.076755
vt 0.781367 0.106215
vt 0.722254 0.066751
vt 0.935936 0.219836
vt 0.972940 0.230260
vt 0.792674 0.138774
vt 0.940969 0.190516
vt 0.978572 0.195610
vt 0.793568 0.169293
vt 0.938793 0.155558
vt 0.977024 0.156244
vt 0.787960 0.202964
vt 0.411998 0.213526
vt 0.526448 0.136154
vt 0.559529 0.137400
vt 0.408984 0.183928
vt 0.524468 0.171340
vt 0.556960 0.167720
vt 0.413551 0.149201
vt 0.530151 0.210032
vt 0.561357 0.201013
vt 0.375368 0.147269
vt 0.549910 0.260100
vt 0.371123 0.186432
vt 0.374369 0.221385
vt 0.389235 0.259752
vt 0.817865 0.214000
vt 0.962271 0.104926
vt 0.825950 0.175206
vt 0.826543 0.139461
vt 0.817836 0.098393
vt 0.928723 0.297943
vt 0.901264 0.322997
vt 0.413853 0.291943
vt 0.774273 0.294645
vt 0.745939 0.323252
vt 0.577255 0.293394
vt 0.690965 0.116839
vt 0.635541 0.071220
vt 0.684197 0.129511
vt 0.610878 0.047861
vt 0.439534 0.318819
vt 0.580435 0.027676
vt 0.466799 0.292644
vt 0.492368 0.260842
vt 0.507903 0.226227
vt 0.515911 0.185656
vt 0.513340 0.142849
vt 0.501921 0.103793
vt 0.480601 0.068615
vt 0.609627 0.320600
vt 0.452562 0.035949
vt 0.636439 0.288310
vt 0.662611 0.243563
vt 0.670161 0.199447
vt 0.667664 0.159339
vt 0.657689 0.124905
vt 0.695224 0.120667
vt 0.691366 0.144576
vt 0.668428 0.148346
vt 0.685251 0.146582
vt 0.662141 0.147268
vt 0.695424 0.134536
vt 0.668801 0.140253
vt 0.684788 0.138167
vt 0.657998 0.138214
vt 0.691840 0.127003
vt 0.669287 0.135979
vt 0.684461 0.133779
vt 0.661714 0.130508
vt 0.665548 0.126253
vt 0.687581 0.123175
vt 0.663631 0.128381
vt 0.689710 0.125089
vt 0.631423 0.148450
vt 0.595194 0.152545
vt 0.557988 0.155592
vt 0.372421 0.200413
vt 0.525260 0.157265
vt 0.410190 0.195767
vt 0.442590 0.193542
vt 0.476501 0.196194
vt 0.512708 0.201884
vt 0.836275 0.201329
vt 0.872789 0.198130
vt 0.906793 0.197807
vt 0.938956 0.202244
vt 0.826187 0.160908
vt 0.976319 0.209470
vt 0.793210 0.157085
vt 0.756593 0.152185
vt 0.721099 0.145896
vt 0.631194 0.139721
vt 0.596861 0.144328
vt 0.558758 0.146496
vt 0.373395 0.210899
vt 0.525854 0.146710
vt 0.411094 0.204646
vt 0.442292 0.202394
vt 0.474960 0.205642
vt 0.510306 0.214056
vt 0.837837 0.213636
vt 0.873679 0.207660
vt 0.906485 0.206658
vt 0.937446 0.211040
vt 0.826365 0.150184
vt 0.974630 0.219865
vt 0.792942 0.147930
vt 0.755249 0.143570
vt 0.721185 0.136504
vt 0.621552 0.110274
vt 0.597830 0.120269
vt 0.567545 0.118021
vt 0.383288 0.244405
vt 0.533574 0.111765
vt 0.416916 0.229501
vt 0.441785 0.223550
vt 0.467159 0.230989
vt 0.498582 0.246996
vt 0.847276 0.247302
vt 0.879724 0.233479
vt 0.905541 0.227796
vt 0.929938 0.235436
vt 0.821319 0.114820
vt 0.962467 0.252614
vt 0.785890 0.119239
vt 0.755482 0.119413
vt 0.732695 0.106735
vt 0.645934 0.090992
vt 0.709738 0.086786
vn -0.491255 -0.515458 0.702120
vn -0.237230 -0.556342 0.796370
vn -0.270217 -0.445939 0.853300
vn -0.524151 -0.392772 0.755642
vn 0.000000 -0.312009 0.950079
vn -0.641716 -0.055203 0.764953
vn -0.259912 -0.853667 0.451329
vn 0.000000 -0.889208 0.457503
vn 0.259912 -0.853667 0.451329
vn 0.641716 -0.055203 0.764953
vn 0.237230 -0.556342 0.796370
vn 0.491255 -0.515458 0.702120
vn 0.524151 -0.392772 0.755642
vn 0.270217 -0.445939 0.853300
vn -0.566013 -0.187266 0.802846
vn -0.311181 -0.231777 0.921654
vn -0.357395 0.042446 0.932988
vn -0.586205 0.047207 0.808787
vn 0.000000 0.369124 0.929380
vn 0.311181 -0.231777 0.921654
vn 0.566013 -0.187266 0.802845
vn 0.586205 0.047208 0.808787
vn 0.357395 0.042446 0.932988
vn -0.548512 -0.028969 0.835641
vn -0.383507 -0.036054 0.922834
vn -0.360185 0.094746 0.928057
vn -0.549275 0.078306 0.831965
vn 0.000000 -0.058354 0.998296
vn -0.000000 0.109744 0.993960
vn 0.383507 -0.036054 0.922834
vn 0.360185 0.094746 0.928057
vn 0.548512 -0.028969 0.835641
vn 0.549275 0.078306 0.831965
vn -0.337496 0.290806 0.895281
vn -0.534530 0.288925 0.794229
vn -0.000000 0.288859 0.957372
vn 0.337496 0.290806 0.895281
vn 0.534530 0.288925 0.794229
vn -0.480755 0.683087 0.549789
vn -0.306934 0.775776 0.551329
vn -0.331116 0.857209 0.394404
vn -0.500372 0.777659 0.380624
vn -0.000000 0.833140 0.553061
vn -0.000000 0.915486 0.402350
vn 0.306934 0.775776 0.551329
vn 0.331116 0.857209 0.394404
vn 0.480754 0.683087 0.549789
vn 0.500372 0.777659 0.380624
vn -0.363476 0.931567 0.008206
vn -0.541721 0.840514 0.008645
vn -0.000000 0.999947 0.010329
vn 0.363476 0.931567 0.008206
vn 0.541721 0.840514 0.008645
vn -0.353214 0.858014 -0.372897
vn -0.549176 0.761972 -0.343228
vn 0.000000 0.922450 -0.386117
vn 0.353214 0.858014 -0.372897
vn 0.549176 0.761972 -0.343228
vn -0.322937 0.758037 -0.566649
vn -0.532989 0.656654 -0.533599
vn 0.000000 0.811477 -0.584385
vn 0.322937 0.758037 -0.566649
vn 0.532989 0.656654 -0.533599
vn -0.522301 0.468984 -0.712219
vn -0.312071 0.486427 -0.816089
vn -0.337126 0.296078 -0.893691
vn -0.528808 0.261500 -0.807453
vn 0.000000 0.493265 -0.869879
vn 0.000000 0.311973 -0.950091
vn 0.312071 0.486427 -0.816089
vn 0.337126 0.296078 -0.893691
vn 0.522301 0.468984 -0.712219
vn 0.528808 0.261500 -0.807453
vn -0.343102 0.053168 -0.937792
vn -0.515821 0.054669 -0.854950
vn -0.000000 0.051947 -0.998650
vn 0.343102 0.053168 -0.937792
vn 0.515821 0.054669 -0.854950
vn -0.493490 -0.195602 -0.847471
vn -0.334457 -0.200033 -0.920937
vn -0.312540 -0.420421 -0.851801
vn -0.463434 -0.400150 -0.790638
vn -0.000000 -0.202173 -0.979350
vn -0.000000 -0.448345 -0.893860
vn 0.334457 -0.200033 -0.920937
vn 0.312540 -0.420421 -0.851801
vn 0.493490 -0.195602 -0.847471
vn 0.463434 -0.400150 -0.790638
vn -0.409555 -0.562745 -0.718041
vn -0.297496 -0.563755 -0.770504
vn -0.302167 -0.560440 -0.771105
vn -0.392994 -0.563579 -0.726591
vn -0.000000 -0.574711 -0.818357
vn 0.000000 -0.575664 -0.817686
vn 0.297496 -0.563755 -0.770504
vn 0.302167 -0.560440 -0.771105
vn 0.409554 -0.562745 -0.718041
vn 0.392994 -0.563579 -0.726591
vn -0.396913 -0.780423 -0.483115
vn -0.307354 -0.811684 -0.496691
vn -0.323251 -0.876154 -0.357579
vn -0.427382 -0.835556 -0.345241
vn -0.000000 -0.854375 -0.519657
vn -0.000010 -0.929817 -0.368021
vn 0.307354 -0.811684 -0.496691
vn 0.323239 -0.876147 -0.357606
vn 0.396913 -0.780423 -0.483115
vn 0.427375 -0.835543 -0.345281
vn -0.328548 -0.936237 -0.124566
vn -0.443314 -0.886452 -0.132946
vn -0.000019 -0.992145 -0.125095
vn 0.328529 -0.936243 -0.124566
vn 0.443314 -0.886452 -0.132949
vn -0.322209 -0.939413 0.116976
vn -0.447556 -0.888571 0.100676
vn -0.000011 -0.993325 0.115346
vn 0.322199 -0.939413 0.117007
vn 0.447554 -0.888566 0.100725
vn -0.305548 -0.909808 0.280873
vn -0.459633 -0.843034 0.279340
vn 0.000000 -0.958686 0.284468
vn 0.305548 -0.909808 0.280873
vn 0.459633 -0.843034 0.279340
vn 0.732289 -0.597161 -0.327339
vn 0.654627 -0.577211 -0.488150
vn 0.645382 -0.575215 -0.502603
vn 0.728955 -0.598637 -0.332052
vn 0.775922 -0.626591 -0.073002
vn 0.798014 -0.597691 -0.077065
vn 0.759257 -0.597837 0.257138
vn 0.811454 -0.525020 0.256702
vn 0.724376 -0.548085 0.418188
vn 0.770403 -0.432198 0.468705
vn 0.815968 -0.454412 -0.357359
vn 0.724941 -0.410000 -0.553498
vn 0.794952 -0.196428 -0.573993
vn 0.902188 -0.191641 -0.386433
vn 0.889767 -0.452349 -0.060792
vn 0.985606 -0.166530 -0.029110
vn 0.878439 -0.360674 0.313463
vn 0.913654 -0.109330 0.391513
vn 0.807250 -0.280498 0.519296
vn 0.820231 -0.073201 0.567330
vn 0.931918 0.055123 -0.358456
vn 0.830519 0.076010 -0.551779
vn 0.795818 0.283157 -0.535253
vn 0.892362 0.290639 -0.345281
vn 0.999123 0.041605 -0.004718
vn 0.961202 0.275648 0.010437
vn 0.915959 0.024364 0.400532
vn 0.901643 0.222250 0.371006
vn 0.825700 0.012738 0.563966
vn 0.826361 0.176365 0.534811
vn 0.731333 0.452949 -0.509892
vn 0.846010 0.436926 -0.305552
vn 0.912975 0.407229 0.025318
vn 0.870911 0.350568 0.344407
vn 0.808009 0.305743 0.503630
vn -0.654627 -0.577211 -0.488150
vn -0.732284 -0.597179 -0.327320
vn -0.728947 -0.598651 -0.332043
vn -0.645382 -0.575215 -0.502603
vn -0.775905 -0.626611 -0.073012
vn -0.798000 -0.597710 -0.077067
vn -0.759252 -0.597849 0.257126
vn -0.811449 -0.525033 0.256691
vn -0.724376 -0.548086 0.418188
vn -0.770403 -0.432198 0.468705
vn -0.724941 -0.410000 -0.553498
vn -0.815965 -0.454419 -0.357356
vn -0.902188 -0.191641 -0.386433
vn -0.794952 -0.196427 -0.573993
vn -0.889762 -0.452359 -0.060792
vn -0.985607 -0.166530 -0.029110
vn -0.878437 -0.360680 0.313461
vn -0.913655 -0.109330 0.391513
vn -0.807250 -0.280498 0.519296
vn -0.820231 -0.073201 0.567330
vn -0.830519 0.076010 -0.551779
vn -0.931918 0.055123 -0.358456
vn -0.892362 0.290639 -0.345281
vn -0.795818 0.283158 -0.535253
vn -0.999123 0.041605 -0.004719
vn -0.961202 0.275648 0.010437
vn -0.915959 0.024364 0.400532
vn -0.901643 0.222251 0.371006
vn -0.825700 0.012738 0.563966
vn -0.826361 0.176365 0.534811
vn -0.846010 0.436926 -0.305552
vn -0.731332 0.452949 -0.509892
vn -0.912975 0.407229 0.025318
vn -0.870911 0.350568 0.344407
vn -0.808009 0.305743 0.503630
vn -0.362668 0.091946 0.927371
vn -0.173594 0.082293 0.981373
vn 0.000000 -0.565403 0.824815
vn 0.000000 -0.476216 0.879328
vn 0.173594 0.082293 0.981373
vn 0.362668 0.091946 0.927371
vn 0.000000 0.168557 0.985692
vn 0.000000 0.292914 0.956139
vn 0.163156 0.099145 0.981606
vn -0.163156 0.099145 0.981606
vn -0.317457 -0.859274 0.401085
vn 0.000000 -0.914357 0.404909
vn 0.317457 -0.859274 0.401085
vn 0.128403 0.017408 0.991569
vn -0.128403 0.017408 0.991569
vn -0.564624 0.110495 0.817919
vn -0.910379 -0.108104 0.399403
vn -0.814179 -0.071109 0.576243
vn -0.985898 -0.166298 -0.018723
vn -0.905731 -0.192229 -0.377755
vn -0.805381 -0.197154 -0.559010
vn -0.334839 -0.199638 -0.920884
vn -0.482776 -0.195607 -0.853619
vn 0.000000 -0.202252 -0.979333
vn 0.334839 -0.199638 -0.920884
vn 0.482776 -0.195607 -0.853619
vn 0.905731 -0.192229 -0.377756
vn 0.805381 -0.197154 -0.559010
vn 0.985898 -0.166298 -0.018723
vn 0.910379 -0.108104 0.399403
vn 0.814179 -0.071109 0.576243
vn 0.564624 0.110495 0.817919
vn 0.054935 -0.339249 0.939091
vn 0.000000 -0.342498 0.939519
vn -0.054935 -0.339249 0.939091
s 1
g Head_uv Head
usemtl standardSurface8SG
f 991/1666/2958 992/1667/2959 1136/1856/2960 1137/1857/2961
f 998/1672/2962 1102/1815/2963 1104/1818/2964 1103/1816/2965
f 1105/1819/2966 1100/1812/2967 998/1785/2962 1103/1817/2965
f 994/1674/2968 995/1675/2969 1149/1872/2970 1150/1873/2971
f 996/1669/2972 997/1668/2973 1121/1838/2974 1122/1839/2975
f 1101/1813/2976 1102/1815/2963 998/1672/2962
f 998/1785/2962 1100/1812/2967 1101/1814/2976
f 999/1677/2977 1000/1676/2978 1134/1854/2979 1135/1855/2980
f 1001/1679/2981 1002/1678/2982 1007/1683/2983 1006/1684/2984
f 1002/1678/2982 1003/1801/2985 1008/1800/2986 1007/1683/2983
f 1003/1680/2985 1004/1682/2987 1009/1686/2988 1008/1685/2986
f 1004/1682/2987 1005/1681/2989 1010/1687/2990 1009/1686/2988
f 1006/1684/2984 1007/1683/2983 1012/1688/2991 1011/1689/2992
f 1007/1683/2983 1008/1800/2986 1013/1799/2993 1012/1688/2991
f 1008/1685/2986 1009/1686/2988 1014/1691/2994 1013/1690/2993
f 1009/1686/2988 1010/1687/2990 1015/1692/2995 1014/1691/2994
s 5
f 1011/1689/2996 1012/1688/2997 1017/1693/2998 1016/1694/2999
f 1012/1688/2997 1013/1799/3000 1018/1798/3001 1017/1693/2998
f 1013/1690/3000 1014/1691/3002 1019/1696/3003 1018/1695/3001
f 1014/1691/3002 1015/1692/3004 1020/1697/3005 1019/1696/3003
f 1016/1694/2999 1017/1693/2998 1022/1782/3006 1021/1768/3007
f 1017/1693/2998 1018/1798/3001 1023/1796/3008 1022/1782/3006
f 1018/1695/3001 1019/1696/3003 1024/1780/3009 1023/1781/3008
f 1019/1696/3003 1020/1697/3005 1025/1702/3010 1024/1780/3009
f 1021/1699/3007 1022/1698/3006 1027/1703/3011 1026/1704/3012
f 1022/1698/3006 1023/1797/3008 1028/1795/3013 1027/1703/3011
f 1023/1700/3008 1024/1701/3009 1029/1706/3014 1028/1705/3013
f 1024/1701/3009 1025/1773/3010 1030/1707/3015 1029/1706/3014
f 1026/1704/3012 1027/1703/3011 1032/1708/3016 1031/1709/3017
f 1027/1703/3011 1028/1795/3013 1033/1794/3018 1032/1708/3016
f 1028/1705/3013 1029/1706/3014 1034/1711/3019 1033/1710/3018
f 1029/1706/3014 1030/1707/3015 1035/1712/3020 1034/1711/3019
s 6
f 1031/1709/3021 1032/1708/3022 1037/1713/3023 1036/1714/3024
f 1032/1708/3022 1033/1794/3025 1038/1793/3026 1037/1713/3023
f 1033/1710/3025 1034/1711/3027 1039/1716/3028 1038/1715/3026
f 1034/1711/3027 1035/1712/3029 1040/1717/3030 1039/1716/3028
f 1036/1714/3024 1037/1713/3023 1042/1718/3031 1041/1719/3032
f 1037/1713/3023 1038/1793/3026 1043/1792/3033 1042/1718/3031
f 1038/1715/3026 1039/1716/3028 1044/1721/3034 1043/1720/3033
f 1039/1716/3028 1040/1717/3030 1045/1722/3035 1044/1721/3034
f 1126/1844/3036 1127/1845/3037 1047/1723/3038 1046/1724/3039
f 1127/1845/3037 1128/1846/3040 1048/1791/3041 1047/1723/3038
f 1128/1847/3040 1129/1848/3042 1049/1726/3043 1048/1725/3041
f 1129/1848/3042 1130/1849/3044 1050/1727/3045 1049/1726/3043
f 1141/1862/3046 1142/1863/3047 1052/1728/3048 1051/1729/3049
f 1142/1863/3047 1143/1864/3050 1053/1790/3051 1052/1728/3048
f 1143/1865/3050 1144/1866/3052 1054/1731/3053 1053/1730/3051
f 1144/1866/3052 1145/1867/3054 1055/1732/3055 1054/1731/3053
s 8
f 1051/1729/3056 1052/1728/3057 1057/1733/3058 1056/1734/3059
f 1052/1728/3057 1053/1790/3060 1058/1789/3061 1057/1733/3058
f 1053/1730/3060 1054/1731/3062 1059/1736/3063 1058/1735/3061
f 1054/1731/3062 1055/1732/3064 1060/1737/3065 1059/1736/3063
f 1056/1734/3059 1057/1733/3058 1062/1779/3066 1061/1771/3067
f 1057/1733/3058 1058/1789/3061 1063/1787/3068 1062/1779/3066
f 1058/1735/3061 1059/1736/3063 1064/1777/3069 1063/1778/3068
f 1059/1736/3063 1060/1737/3065 1065/1742/3070 1064/1777/3069
f 1061/1739/3067 1062/1738/3066 1067/1743/3071 1066/1744/3072
f 1062/1738/3066 1063/1788/3068 1068/1786/3073 1067/1743/3071
f 1063/1740/3068 1064/1741/3069 1069/1746/3074 1068/1745/3073
f 1064/1741/3069 1065/1776/3070 1070/1747/3075 1069/1746/3074
f 1066/1744/3072 1067/1743/3071 992/1667/3076 991/1666/3077
f 1067/1743/3071 1068/1786/3073 993/1784/3078 992/1667/3076
f 1068/1745/3073 1069/1746/3074 994/1674/3079 993/1748/3078
f 1069/1746/3074 1070/1747/3075 995/1675/3080 994/1674/3079
s 9
f 1060/1737/3081 1055/1732/3082 1145/1867/3083 1146/1868/3084
f 1065/1742/3085 1060/1737/3081 1146/1868/3084 1147/1870/3086
f 1070/1747/3087 1065/1776/3085 1147/1869/3086 1148/1871/3088
f 995/1675/3089 1070/1747/3087 1148/1871/3088 1149/1872/3090
f 1071/1749/3091 1050/1727/3092 1130/1849/3093 1131/1850/3094
f 1072/1750/3095 1071/1749/3091 1131/1850/3094 1132/1852/3096
f 1073/1751/3097 1072/1775/3095 1132/1851/3096 1133/1853/3098
f 1000/1676/3099 1073/1751/3097 1133/1853/3098 1134/1854/3100
f 1074/1752/3101 1045/1722/3102 1040/1717/3103 1077/1755/3104
f 1075/1753/3105 1074/1752/3101 1077/1755/3104 1078/1756/3106
f 1076/1754/3107 1075/1774/3105 1078/1772/3106 1079/1757/3108
f 1005/1681/3109 1076/1754/3107 1079/1757/3108 1010/1687/3110
f 1077/1755/3104 1040/1717/3103 1035/1712/3111 1030/1707/3112
f 1078/1756/3106 1077/1755/3104 1030/1707/3112 1025/1773/3113
f 1079/1757/3108 1078/1772/3106 1025/1702/3113 1020/1697/3114
f 1010/1687/3110 1079/1757/3108 1020/1697/3114 1015/1692/3115
s 11
f 1051/1729/3116 1056/1734/3117 1140/1861/3118 1141/1862/3119
f 1056/1734/3117 1061/1771/3120 1139/1859/3121 1140/1861/3118
f 1061/1739/3120 1066/1744/3122 1138/1858/3123 1139/1860/3121
f 1066/1744/3122 991/1666/3124 1137/1857/3125 1138/1858/3123
f 1046/1724/3126 1080/1758/3127 1125/1843/3128 1126/1844/3129
f 1080/1758/3127 1081/1770/3130 1124/1841/3131 1125/1843/3128
f 1081/1759/3130 1082/1760/3132 1123/1840/3133 1124/1842/3131
f 1082/1760/3132 996/1669/3134 1122/1839/3135 1123/1840/3133
f 1041/1719/3136 1083/1761/3137 1086/1764/3138 1036/1714/3139
f 1083/1761/3137 1084/1769/3140 1087/1767/3141 1086/1764/3138
f 1084/1762/3140 1085/1763/3142 1088/1766/3143 1087/1765/3141
f 1085/1763/3142 1001/1679/3144 1006/1684/3145 1088/1766/3143
f 1036/1714/3139 1086/1764/3138 1026/1704/3146 1031/1709/3147
f 1086/1764/3138 1087/1767/3141 1021/1699/3148 1026/1704/3146
f 1087/1765/3141 1088/1766/3143 1016/1694/3149 1021/1768/3148
f 1088/1766/3143 1006/1684/3145 1011/1689/3150 1016/1694/3149
s 1
f 1106/1820/3151 1096/1807/3152 1003/1801/2985 1002/1678/2982
f 993/1748/3153 994/1674/2968 1150/1873/2971 1151/1875/3154
f 1094/1804/3155 1120/1837/3156 1004/1682/2987 1003/1680/2985
f 992/1667/2959 993/1784/3153 1151/1874/3154 1136/1856/2960
f 1095/1806/3157 1094/1804/3155 1003/1680/2985
f 1003/1801/2985 1096/1807/3152 1095/1805/3157
f 1098/1810/3158 1097/1808/3159 1094/1804/3155 1095/1806/3157
f 1095/1805/3157 1096/1807/3152 1099/1811/3160 1098/1809/3158
f 1103/1816/2965 1104/1818/2964 1092/1802/3161 1090/1671/3162
f 1090/1783/3162 1093/1803/3163 1105/1819/2966 1103/1817/2965
f 1100/1812/2967 1105/1819/2966 1093/1803/3163 1091/1673/3164
f 1101/1814/2976 1100/1812/2967 1098/1810/3158
f 1098/1809/3158 1102/1815/2963 1101/1813/2976
f 1089/1670/3165 1092/1802/3161 1104/1818/2964 1102/1815/2963
f 1097/1808/3159 1098/1810/3158 1100/1812/2967 1091/1673/3164
f 1102/1815/2963 1098/1809/3158 1099/1811/3160 1089/1670/3165
f 1107/1821/3166 1106/1820/3151 1002/1678/2982 1001/1679/2981
s 11
f 1108/1822/3167 1107/1821/3168 1001/1679/3144 1085/1763/3142
f 1109/1824/3169 1108/1822/3167 1085/1763/3142 1084/1762/3140
f 1110/1825/3170 1109/1823/3169 1084/1769/3140 1083/1761/3137
f 1111/1826/3171 1110/1825/3170 1083/1761/3137 1041/1719/3136
s 6
f 1041/1719/3032 1042/1718/3031 1112/1827/3172 1111/1826/3173
f 1042/1718/3031 1043/1792/3033 1113/1828/3174 1112/1827/3172
f 1043/1720/3033 1044/1721/3034 1114/1830/3175 1113/1829/3174
f 1044/1721/3034 1045/1722/3035 1115/1831/3176 1114/1830/3175
s 9
f 1116/1832/3177 1115/1831/3178 1045/1722/3102 1074/1752/3101
f 1117/1834/3179 1116/1832/3177 1074/1752/3101 1075/1753/3105
f 1118/1835/3180 1117/1833/3179 1075/1774/3105 1076/1754/3107
f 1119/1836/3181 1118/1835/3180 1076/1754/3107 1005/1681/3109
s 1
f 1120/1837/3156 1119/1836/3182 1005/1681/2989 1004/1682/2987
f 1122/1839/2975 1121/1838/2974 1106/1820/3151 1107/1821/3166
s 11
f 1123/1840/3133 1122/1839/3135 1107/1821/3168 1108/1822/3167
f 1124/1842/3131 1123/1840/3133 1108/1822/3167 1109/1824/3169
f 1125/1843/3128 1124/1841/3131 1109/1823/3169 1110/1825/3170
f 1126/1844/3129 1125/1843/3128 1110/1825/3170 1111/1826/3171
s 6
f 1111/1826/3173 1112/1827/3172 1127/1845/3037 1126/1844/3036
f 1112/1827/3172 1113/1828/3174 1128/1846/3040 1127/1845/3037
f 1113/1829/3174 1114/1830/3175 1129/1848/3042 1128/1847/3040
f 1114/1830/3175 1115/1831/3176 1130/1849/3044 1129/1848/3042
s 9
f 1131/1850/3094 1130/1849/3093 1115/1831/3178 1116/1832/3177
f 1132/1852/3096 1131/1850/3094 1116/1832/3177 1117/1834/3179
f 1133/1853/3098 1132/1851/3096 1117/1833/3179 1118/1835/3180
f 1134/1854/3100 1133/1853/3098 1118/1835/3180 1119/1836/3181
s 1
f 1135/1855/2980 1134/1854/2979 1119/1836/3182 1120/1837/3156
f 1089/1670/3165 1099/1811/3160 1121/1838/2974 997/1668/2973
f 1121/1838/2974 1099/1811/3160 1096/1807/3152 1106/1820/3151
f 1097/1808/3159 1135/1855/2980 1120/1837/3156 1094/1804/3155
f 1091/1673/3164 999/1677/2977 1135/1855/2980 1097/1808/3159
f 1137/1857/2961 1136/1856/2960 997/1668/2973 996/1669/2972
s 11
f 1138/1858/3123 1137/1857/3125 996/1669/3134 1082/1760/3132
f 1139/1860/3121 1138/1858/3123 1082/1760/3132 1081/1759/3130
f 1140/1861/3118 1139/1859/3121 1081/1770/3130 1080/1758/3127
f 1141/1862/3119 1140/1861/3118 1080/1758/3127 1046/1724/3126
s 6
f 1046/1724/3039 1047/1723/3038 1142/1863/3047 1141/1862/3046
f 1047/1723/3038 1048/1791/3041 1143/1864/3050 1142/1863/3047
f 1048/1725/3041 1049/1726/3043 1144/1866/3052 1143/1865/3050
f 1049/1726/3043 1050/1727/3045 1145/1867/3054 1144/1866/3052
s 9
f 1146/1868/3084 1145/1867/3083 1050/1727/3092 1071/1749/3091
f 1147/1870/3086 1146/1868/3084 1071/1749/3091 1072/1750/3095
f 1148/1871/3088 1147/1869/3086 1072/1775/3095 1073/1751/3097
f 1149/1872/3090 1148/1871/3088 1073/1751/3097 1000/1676/3099
s 1
f 1150/1873/2971 1149/1872/2970 1000/1676/2978 999/1677/2977
f 1093/1803/3183 999/1677/2977 1091/1673/3164
f 1136/1856/2960 1151/1874/3154 1090/1671/3184 1092/1802/3185 997/1668/2973
f 997/1668/2973 1092/1802/3185 1089/1670/3165
f 1151/1875/3154 1150/1873/2971 999/1677/2977 1093/1803/3183 1090/1783/3184
g default
v -2.365664 -3.188995 0.937292
v -1.151137 -3.354621 1.523581
v 0.000000 -3.432357 1.604495
v 1.151137 -3.354621 1.523581
v 2.365664 -3.188995 0.937292
v -1.782772 -0.976088 0.961762
v -0.937996 -1.048977 1.495618
v 0.000000 -1.048977 1.604495
v 0.937997 -1.048977 1.495618
v 1.782772 -0.976088 0.961762
v -1.377025 0.085388 0.873754
v -0.644044 0.065404 1.439007
v 0.000000 0.046159 1.546006
v 0.644044 0.065404 1.439007
v 1.377025 0.085388 0.873754
v -1.247323 0.611596 0.782160
v -0.526791 0.630320 1.307270
v 0.000000 0.635432 1.478625
v 0.526791 0.630320 1.307270
v 1.247323 0.611596 0.782160
v -1.452624 2.070415 1.061715
v -0.632791 2.070415 1.485044
v 0.000000 2.070415 1.604495
v 0.632791 2.070415 1.485044
v 1.452624 2.070415 1.061715
v -0.998873 3.979619 1.192202
v -0.499437 3.979619 1.345908
v 0.000000 3.979619 1.482703
v 0.499437 3.979619 1.345907
v 0.998873 3.979619 1.192202
v -2.738150 -3.046086 -0.187219
v -2.126282 -0.889129 -0.046087
v 2.738150 -3.046086 -0.187219
v 2.126282 -0.889129 -0.046087
v -1.705156 0.101038 -0.010258
v 1.705156 0.101038 -0.010258
v -1.496896 0.641475 0.022653
v 1.496896 0.641475 0.022653
v -2.543560 -3.046087 -1.105660
v -1.871343 -0.877852 -0.940312
v 2.543560 -3.046087 -1.105659
v 1.871343 -0.877852 -0.940312
v -1.499583 -0.003678 -0.768264
v 1.499583 -0.003679 -0.768265
v -1.231215 0.571612 -0.597287
v 1.231215 0.571613 -0.597287
v 2.193725 -1.735767 -1.046431
v 2.424523 -1.741952 -0.109808
v 2.068076 -1.854174 0.950714
v 1.068440 -1.968932 1.508243
v 0.000000 -2.004031 1.604495
v -1.068440 -1.968932 1.508243
v -2.068076 -1.854174 0.950714
v -2.424523 -1.741952 -0.109808
v -2.193725 -1.735767 -1.046431
v -0.886963 -0.093776 -0.881850
v -0.691458 0.520669 -0.777993
v 0.886963 -0.093777 -0.881850
v 0.691458 0.520670 -0.777993
v -0.312735 -0.105620 -0.997563
v -0.237931 0.483362 -0.893706
v 0.312735 -0.105621 -0.997564
v 0.237931 0.483363 -0.893706
v -1.058290 4.585506 0.840123
v -0.519568 4.617154 0.888824
v 0.519568 4.617154 0.888824
v 1.058290 4.585506 0.840123
v -1.093034 4.813561 0.481805
v -0.525312 4.926520 0.530506
v 0.525312 4.926520 0.530506
v 1.093034 4.813561 0.481805
v -1.131346 4.911052 -0.010161
v -0.563624 5.025476 0.012518
v 0.563625 5.025476 0.012518
v 1.131347 4.911052 -0.010161
v -1.190064 4.891347 -0.574224
v -0.622139 5.005076 -0.578674
v 0.622140 5.005076 -0.578675
v 1.190064 4.891347 -0.574223
v -1.178278 4.634542 -0.899214
v -0.653355 4.723182 -0.995836
v 0.653355 4.723182 -0.995837
v 1.178279 4.634542 -0.899214
v -1.141875 4.218506 -0.974937
v -0.620908 4.218506 -1.074032
v 0.620908 4.218506 -1.074033
v 1.141876 4.218506 -0.974936
v -0.984899 2.783824 -0.928160
v -0.476968 2.783824 -1.033154
v 0.476968 2.783824 -1.033155
v 0.984899 2.783824 -0.928159
v -2.445334 -3.173573 1.008123
v -1.178735 -3.350903 1.621678
v -1.097939 -1.963683 1.605970
v -2.147554 -1.834941 1.019974
v -0.000000 -3.431576 1.704806
v -0.000000 -2.002946 1.704906
v 1.178735 -3.350903 1.621678
v 1.097939 -1.963683 1.605970
v 2.445334 -3.173573 1.008123
v 2.147554 -1.834941 1.019974
v -1.861403 -0.948332 1.026727
v -0.971834 -1.037655 1.592072
v -0.683142 0.085825 1.531827
v -1.455724 0.117463 0.934294
v -0.000000 -1.044760 1.705161
v -0.000000 0.059526 1.647093
v 0.971834 -1.037655 1.592072
v 0.683142 0.085825 1.531827
v 1.861403 -0.948332 1.026727
v 1.455724 0.117463 0.934294
v -0.568619 0.635077 1.402102
v -1.336160 0.609784 0.846703
v -0.000000 0.638232 1.582668
v 0.568619 0.635077 1.402102
v 1.336160 0.609784 0.846703
v -0.668350 2.068649 1.580092
v -1.501959 2.063358 1.149300
v 0.000000 2.068466 1.707724
v 0.668350 2.068649 1.580092
v 1.501959 2.063358 1.149300
v -1.042302 4.015536 1.280501
v -0.519842 4.011575 1.441665
v 0.000000 3.987411 1.584921
v 0.519843 4.011575 1.441664
v 1.042301 4.015536 1.280501
v -2.524349 -1.712205 -0.104085
v -2.839031 -3.021597 -0.180973
v 2.524349 -1.712206 -0.104085
v 2.839031 -3.021597 -0.180973
v -1.802263 0.142425 -0.008996
v -2.223529 -0.850724 -0.041778
v 2.223529 -0.850724 -0.041778
v 1.802264 0.142425 -0.008996
v -1.595009 0.682323 0.021680
v 1.595009 0.682323 0.021680
v -2.286471 -1.705536 -1.069124
v -2.637934 -3.021011 -1.127217
v 2.286470 -1.705536 -1.069123
v 2.637934 -3.021011 -1.127216
v -1.578904 0.042550 -0.831995
v -1.960504 -0.840099 -0.965526
v 1.960504 -0.840100 -0.965526
v 1.578904 0.042549 -0.831995
v -1.295887 0.616012 -0.676336
v 1.295887 0.616012 -0.676336
v -0.713175 0.534987 -0.876004
v -0.907379 -0.068444 -0.976508
v 0.907379 -0.068445 -0.976508
v 0.713175 0.534988 -0.876004
v -0.252723 0.493541 -0.993550
v -0.323106 -0.086170 -1.095677
v 0.323106 -0.086172 -1.095677
v 0.252723 0.493542 -0.993550
v -0.536752 4.684934 0.962452
v -1.075474 4.653286 0.913750
v 1.075474 4.653286 0.913750
v 0.536752 4.684934 0.962451
v -0.544200 5.018043 0.572496
v -1.111922 4.905082 0.523795
v 1.111922 4.905083 0.523795
v 0.544200 5.018043 0.572495
v -0.583926 5.123543 0.022018
v -1.151647 5.009118 -0.000661
v 1.151648 5.009118 -0.000661
v 0.583926 5.123543 0.022018
v -0.643863 5.102260 -0.610753
v -1.211787 4.988531 -0.606303
v 1.211788 4.988531 -0.606303
v 0.643863 5.102260 -0.610754
v -0.676392 4.778293 -1.085950
v -1.201316 4.689653 -0.989328
v 1.201316 4.689654 -0.989327
v 0.676393 4.778293 -1.085950
v -0.640516 4.223420 -1.172473
v -1.161484 4.223420 -1.073377
v 1.161484 4.223420 -1.073377
v 0.640517 4.223420 -1.172474
v -0.498003 2.776906 -1.130704
v -1.005934 2.776906 -1.025710
v 1.005934 2.776906 -1.025709
v 0.498003 2.776906 -1.130704
vt 0.600577 0.695257
vt 0.644327 0.689881
vt 0.647422 0.729671
vt 0.609543 0.733740
vt 0.682048 0.687227
vt 0.682235 0.729129
vt 0.719788 0.689544
vt 0.717042 0.729335
vt 0.763560 0.694556
vt 0.754917 0.733065
vt 0.617678 0.761150
vt 0.651043 0.756556
vt 0.659190 0.793084
vt 0.627967 0.797903
vt 0.682374 0.757753
vt 0.682571 0.793830
vt 0.713674 0.756233
vt 0.705921 0.792791
vt 0.747028 0.760495
vt 0.737114 0.797192
vt 0.661749 0.814045
vt 0.632212 0.813098
vt 0.682681 0.811156
vt 0.703628 0.813751
vt 0.733034 0.812396
vt 0.663229 0.857996
vt 0.637684 0.860000
vt 0.683046 0.856794
vt 0.702869 0.857649
vt 0.728383 0.859204
vt 0.897958 0.937665
vt 0.874805 0.943445
vt 0.683549 0.907895
vt 0.952688 0.939728
vt 0.931390 0.931821
vt 0.573548 0.743179
vt 0.562313 0.703675
vt 0.790930 0.742209
vt 0.801857 0.702675
vt 0.595945 0.804021
vt 0.583185 0.770653
vt 0.781518 0.769702
vt 0.769053 0.803049
vt 0.603441 0.820023
vt 0.761684 0.819059
vt 0.542724 0.752259
vt 0.531533 0.712936
vt 0.821765 0.751055
vt 0.832673 0.711703
vt 0.532160 0.643881
vt 0.552809 0.781459
vt 0.811895 0.780283
vt 0.338347 0.643881
vt 0.521328 0.672331
vt 0.349177 0.672323
vt 0.891958 0.710926
vt 0.489139 0.641080
vt 0.381370 0.641058
vt 0.937701 0.712480
vt 0.880997 0.708636
vt 0.453239 0.640693
vt 0.417261 0.640708
vt 0.950439 0.710410
vt 0.877022 0.909261
vt 0.899766 0.909110
vt 0.930706 0.905033
vt 0.953020 0.906808
vt 0.877763 0.884132
vt 0.903747 0.883448
vt 0.928480 0.880254
vt 0.953951 0.882116
vt 0.877936 0.852681
vt 0.905109 0.850384
vt 0.928413 0.847227
vt 0.954671 0.849330
vt 0.878569 0.817758
vt 0.903669 0.813469
vt 0.927924 0.809928
vt 0.953357 0.813197
vt 0.879073 0.790097
vt 0.897859 0.789328
vt 0.931211 0.786262
vt 0.951672 0.785519
vt 0.878761 0.779153
vt 0.894640 0.779969
vt 0.933976 0.777469
vt 0.950884 0.775404
vt 0.878520 0.752424
vt 0.890410 0.753637
vt 0.936432 0.753154
vt 0.950752 0.751484
vt 0.599289 0.687519
vt 0.765441 0.491072
vt 0.723039 0.490605
vt 0.643386 0.681157
vt 0.687374 0.494005
vt 0.682008 0.677967
vt 0.651709 0.490598
vt 0.720655 0.680818
vt 0.609307 0.491055
vt 0.764785 0.686811
vt 0.759693 0.514883
vt 0.750167 0.547623
vt 0.712135 0.542157
vt 0.719886 0.512068
vt 0.687369 0.542772
vt 0.687371 0.515919
vt 0.662602 0.542152
vt 0.654858 0.512061
vt 0.624569 0.547610
vt 0.615051 0.514868
vt 0.627037 0.817067
vt 0.710265 0.559912
vt 0.687368 0.557910
vt 0.664469 0.559907
vt 0.738246 0.816240
vt 0.631364 0.860606
vt 0.708224 0.597075
vt 0.687364 0.595048
vt 0.666502 0.597071
vt 0.734703 0.859701
vt 0.646750 0.913559
vt 0.868713 0.941127
vt 0.683656 0.917917
vt 0.701690 0.919654
vt 0.925600 0.929463
vt 0.561006 0.698410
vt 0.808180 0.503112
vt 0.566566 0.503087
vt 0.803125 0.697400
vt 0.801640 0.529246
vt 0.791934 0.561619
vt 0.582800 0.561596
vt 0.573100 0.529222
vt 0.605520 0.824911
vt 0.759635 0.823966
vt 0.529768 0.707507
vt 0.538280 0.755121
vt 0.826233 0.753879
vt 0.837341 0.714506
vt 0.548729 0.784899
vt 0.561603 0.816604
vt 0.339979 0.635022
vt 0.816006 0.783687
vt 0.518734 0.682098
vt 0.780514 0.837731
vt 0.490508 0.630088
vt 0.895275 0.710334
vt 0.390732 0.674634
vt 0.380001 0.630066
vt 0.454039 0.629420
vt 0.450540 0.672263
vt 0.955135 0.709379
vt 0.416469 0.629436
vt 0.905397 0.909110
vt 0.871506 0.908308
vt 0.958423 0.905860
vt 0.925279 0.904263
vt 0.907568 0.883668
vt 0.873985 0.883825
vt 0.957468 0.881795
vt 0.924924 0.880007
vt 0.907286 0.850393
vt 0.875825 0.852637
vt 0.956652 0.849289
vt 0.926425 0.847207
vt 0.906964 0.813119
vt 0.875371 0.817913
vt 0.956362 0.813419
vt 0.924920 0.810020
vt 0.903898 0.788791
vt 0.873730 0.791497
vt 0.957535 0.786925
vt 0.924997 0.786712
vt 0.898959 0.780220
vt 0.874554 0.780189
vt 0.956341 0.776668
vt 0.928404 0.778277
vt 0.893304 0.753435
vt 0.875500 0.752274
vt 0.955210 0.751276
vt 0.932076 0.752744
vt 0.700613 0.909857
vt 0.713687 0.912738
vt 0.649158 0.641442
vt 0.958911 0.937598
vt 0.653477 0.913339
vt 0.666517 0.910206
vt 0.706391 0.640375
vt 0.847895 0.932907
vt 0.389591 0.663675
vt 0.419297 0.661205
vt 0.419536 0.608931
vt 0.480900 0.663690
vt 0.451192 0.661161
vt 0.877794 0.707888
vt 0.967908 0.711301
vt 0.483568 0.606465
vt 0.796794 0.810475
vt 0.787411 0.831677
vt 0.347697 0.605337
vt 0.568134 0.811617
vt 0.577700 0.832844
vt 0.823675 0.594362
vt 0.541728 0.572633
vt 0.530528 0.635033
vt 0.521487 0.478616
vt 0.834403 0.706265
vt 0.853264 0.478651
vt 0.526889 0.715780
vt 0.846918 0.512688
vt 0.842522 0.540558
vt 0.527826 0.512654
vt 0.532216 0.540526
vt 0.803352 0.815426
vt 0.833003 0.572664
vt 0.558601 0.468669
vt 0.816152 0.468697
vt 0.604366 0.457288
vt 0.770389 0.457305
vt 0.652262 0.458718
vt 0.687377 0.460259
vt 0.722493 0.458726
vt 0.551051 0.594334
vt 0.351771 0.682092
vt 0.386924 0.606435
vt 0.522791 0.605343
vt 0.584643 0.838872
vt 0.479770 0.674651
vt 0.588940 0.577091
vt 0.785790 0.577112
vt 0.720407 0.912822
vt 0.636636 0.600110
vt 0.738089 0.600121
vt 0.725559 0.641450
vt 0.628812 0.562436
vt 0.745921 0.562449
vt 0.687359 0.638329
vt 0.668326 0.640371
vt 0.665656 0.920034
vt 0.968831 0.752744
vt 0.932862 0.711440
vt 0.863673 0.752916
vt 0.866824 0.708943
vt 0.974538 0.778429
vt 0.857847 0.781243
vt 0.977460 0.787186
vt 0.854097 0.790592
vt 0.981654 0.809977
vt 0.849557 0.813919
vt 0.982642 0.846660
vt 0.848691 0.849262
vt 0.982254 0.879060
vt 0.847877 0.880440
vt 0.980353 0.902868
vt 0.848716 0.904647
vt 0.978921 0.929606
vt 0.904039 0.936171
vt 0.450968 0.609050
vt 0.420026 0.672344
vn -0.452246 0.064069 0.889589
vn -0.290126 0.039527 0.956172
vn -0.298155 0.050949 0.953157
vn -0.464074 0.077574 0.882393
vn 0.000000 0.007826 0.999969
vn 0.000000 0.010162 0.999948
vn 0.290126 0.039527 0.956172
vn 0.298155 0.050949 0.953157
vn 0.452246 0.064069 0.889589
vn 0.464074 0.077574 0.882393
vn -0.519642 0.165332 0.838235
vn -0.351693 0.118945 0.928528
vn -0.359020 0.173965 0.916974
vn -0.555322 0.248408 0.793669
vn -0.000000 0.041172 0.999152
vn -0.000000 0.101505 0.994835
vn 0.351693 0.118945 0.928528
vn 0.359020 0.173965 0.916974
vn 0.519642 0.165332 0.838235
vn 0.555322 0.248408 0.793669
vn -0.439912 -0.044400 0.896942
vn -0.545495 -0.038661 0.837222
vn 0.000000 -0.024666 0.999696
vn 0.439912 -0.044400 0.896942
vn 0.545495 -0.038661 0.837222
vn -0.354572 -0.050436 0.933667
vn -0.501197 -0.124433 0.856340
vn 0.000000 -0.005891 0.999983
vn 0.354572 -0.050436 0.933667
vn 0.501197 -0.124433 0.856340
vn -0.406845 0.062101 0.911384
vn -0.242740 0.079215 0.966852
vn 0.000000 0.076129 0.997098
vn 0.242739 0.079215 0.966852
vn 0.406844 0.062101 0.911384
vn -0.921728 0.202094 0.331021
vn -0.912639 0.238978 0.331631
vn -0.915409 0.228325 0.331504
vn -0.921728 0.202094 0.331021
vn 0.915409 0.228325 0.331503
vn 0.912639 0.238978 0.331631
vn 0.921728 0.202094 0.331020
vn 0.921728 0.202094 0.331020
vn -0.885628 0.326002 0.330737
vn -0.878327 0.347545 0.328260
vn -0.878654 0.346785 0.328189
vn -0.887653 0.320259 0.330918
vn 0.878327 0.347545 0.328259
vn 0.885628 0.326002 0.330737
vn 0.887653 0.320259 0.330918
vn 0.878654 0.346785 0.328189
vn -0.896762 0.301777 0.323649
vn -0.896762 0.301777 0.323649
vn 0.896762 0.301777 0.323649
vn 0.896762 0.301777 0.323649
vn -0.943732 0.250600 -0.215801
vn -0.928097 0.296199 -0.225614
vn -0.931723 0.286247 -0.223506
vn -0.943732 0.250600 -0.215801
vn 0.931723 0.286247 -0.223506
vn 0.928097 0.296199 -0.225614
vn 0.943732 0.250600 -0.215801
vn 0.943732 0.250600 -0.215801
vn -0.877793 0.399186 -0.264820
vn -0.877793 0.399187 -0.264820
vn -0.877793 0.399186 -0.264820
vn -0.877793 0.399186 -0.264820
vn 0.877793 0.399187 -0.264819
vn 0.877793 0.399187 -0.264819
vn 0.877793 0.399187 -0.264820
vn 0.877793 0.399187 -0.264819
vn -0.840277 0.426118 -0.335199
vn -0.840277 0.426118 -0.335199
vn -0.840277 0.426118 -0.335199
vn -0.840277 0.426118 -0.335199
vn 0.840277 0.426118 -0.335200
vn 0.840277 0.426118 -0.335200
vn 0.840277 0.426118 -0.335200
vn 0.840277 0.426118 -0.335200
vn 0.905703 0.351491 -0.236973
vn 0.905703 0.351491 -0.236973
vn -0.905703 0.351492 -0.236972
vn -0.905703 0.351492 -0.236972
vn -0.211914 0.289124 -0.933541
vn -0.211914 0.289125 -0.933541
vn -0.211914 0.289124 -0.933541
vn -0.211914 0.289124 -0.933541
vn 0.211914 0.289124 -0.933541
vn 0.211914 0.289124 -0.933541
vn 0.211914 0.289124 -0.933541
vn 0.211914 0.289124 -0.933541
vn -0.204769 0.209543 -0.956118
vn -0.204769 0.209543 -0.956118
vn -0.204769 0.209543 -0.956118
vn -0.204769 0.209543 -0.956118
vn 0.204769 0.209542 -0.956118
vn 0.204769 0.209542 -0.956118
vn 0.204769 0.209542 -0.956118
vn 0.204769 0.209542 -0.956118
vn 0.000000 0.173496 -0.984834
vn 0.000000 0.173496 -0.984834
vn 0.000000 0.173496 -0.984834
vn 0.000000 0.173496 -0.984834
vn -0.177929 0.528707 0.829946
vn -0.177929 0.528707 0.829946
vn -0.177929 0.528707 0.829946
vn -0.177929 0.528707 0.829946
vn 0.177928 0.528708 0.829946
vn 0.177928 0.528708 0.829946
vn 0.177928 0.528708 0.829946
vn 0.177928 0.528708 0.829946
vn -0.155405 0.786076 0.598276
vn -0.155405 0.786076 0.598276
vn -0.155405 0.786076 0.598276
vn -0.155405 0.786076 0.598276
vn 0.155404 0.786076 0.598276
vn 0.155404 0.786076 0.598276
vn 0.155404 0.786076 0.598276
vn 0.155404 0.786076 0.598276
vn -0.204506 0.957833 0.201824
vn -0.204506 0.957833 0.201824
vn -0.204506 0.957833 0.201824
vn -0.204506 0.957833 0.201824
vn 0.204504 0.957833 0.201825
vn 0.204504 0.957833 0.201825
vn 0.204504 0.957833 0.201825
vn 0.204504 0.957833 0.201825
vn -0.196731 0.980357 -0.014070
vn -0.196731 0.980357 -0.014070
vn -0.196731 0.980357 -0.014070
vn -0.196731 0.980357 -0.014070
vn 0.196730 0.980357 -0.014070
vn 0.196730 0.980357 -0.014070
vn 0.196730 0.980357 -0.014070
vn 0.196730 0.980357 -0.014070
vn -0.200196 0.795380 -0.572094
vn -0.200196 0.795380 -0.572094
vn -0.200196 0.795380 -0.572094
vn -0.200196 0.795380 -0.572094
vn 0.200197 0.795381 -0.572093
vn 0.200197 0.795381 -0.572093
vn 0.200197 0.795381 -0.572093
vn 0.200197 0.795381 -0.572093
vn -0.193996 0.147623 -0.969831
vn -0.193996 0.147623 -0.969831
vn -0.193996 0.147623 -0.969831
vn -0.193996 0.147623 -0.969831
vn 0.193998 0.147623 -0.969831
vn 0.193998 0.147623 -0.969831
vn 0.193998 0.147623 -0.969831
vn 0.193998 0.147623 -0.969831
vn -0.194321 -0.050305 -0.979647
vn -0.194321 -0.050305 -0.979647
vn -0.194321 -0.050305 -0.979647
vn -0.194321 -0.050305 -0.979647
vn 0.194323 -0.050306 -0.979647
vn 0.194323 -0.050306 -0.979647
vn 0.194323 -0.050306 -0.979647
vn 0.194323 -0.050306 -0.979647
vn -0.226684 -0.088437 -0.969945
vn -0.226684 -0.088437 -0.969945
vn -0.226684 -0.088437 -0.969945
vn -0.226684 -0.088437 -0.969945
vn 0.226685 -0.088437 -0.969945
vn 0.226685 -0.088437 -0.969945
vn 0.226685 -0.088437 -0.969945
vn 0.226685 -0.088437 -0.969945
vn 0.451648 -0.063760 -0.889915
vn 0.463298 -0.076834 -0.882865
vn 0.295742 -0.050209 -0.953948
vn 0.288175 -0.039102 -0.956779
vn 0.000000 -0.010032 -0.999950
vn 0.000000 -0.007784 -0.999970
vn -0.295742 -0.050209 -0.953948
vn -0.288175 -0.039102 -0.956779
vn -0.463298 -0.076834 -0.882865
vn -0.451649 -0.063760 -0.889915
vn 0.519470 -0.164200 -0.838564
vn 0.556426 -0.248177 -0.792968
vn 0.358610 -0.173506 -0.917221
vn 0.349973 -0.118041 -0.929293
vn 0.000000 -0.101489 -0.994837
vn 0.000000 -0.040518 -0.999179
vn -0.358610 -0.173506 -0.917221
vn -0.349973 -0.118041 -0.929293
vn -0.556426 -0.248177 -0.792968
vn -0.519470 -0.164200 -0.838564
vn 0.546020 0.042341 -0.836701
vn 0.443095 0.043226 -0.895432
vn 0.000000 0.023610 -0.999721
vn -0.443095 0.043226 -0.895432
vn -0.546020 0.042341 -0.836701
vn 0.501335 0.123486 -0.856396
vn 0.356949 0.051666 -0.932694
vn -0.000000 0.006081 -0.999982
vn -0.356949 0.051666 -0.932694
vn -0.501335 0.123486 -0.856396
vn 0.407360 -0.061652 -0.911185
vn 0.242760 -0.079043 -0.966861
vn -0.000000 -0.076018 -0.997106
vn -0.242760 -0.079043 -0.966861
vn -0.407359 -0.061652 -0.911185
vn 0.921709 -0.202083 -0.331081
vn 0.921709 -0.202083 -0.331081
vn 0.915466 -0.228024 -0.331553
vn 0.912587 -0.239104 -0.331684
vn -0.915466 -0.228024 -0.331553
vn -0.921709 -0.202083 -0.331080
vn -0.921709 -0.202083 -0.331080
vn -0.912587 -0.239104 -0.331684
vn 0.885452 -0.326475 -0.330740
vn 0.887698 -0.320107 -0.330944
vn 0.878666 -0.346780 -0.328162
vn 0.878515 -0.347130 -0.328195
vn -0.878515 -0.347130 -0.328195
vn -0.878666 -0.346780 -0.328162
vn -0.887698 -0.320107 -0.330944
vn -0.885452 -0.326475 -0.330740
vn 0.896738 -0.301930 -0.323571
vn 0.896739 -0.301930 -0.323571
vn -0.896738 -0.301930 -0.323571
vn -0.896739 -0.301930 -0.323571
vn 0.943742 -0.250757 0.215575
vn 0.943742 -0.250757 0.215575
vn 0.931821 -0.286134 0.223243
vn 0.928038 -0.296510 0.225448
vn -0.931821 -0.286134 0.223244
vn -0.943742 -0.250757 0.215575
vn -0.943742 -0.250757 0.215575
vn -0.928038 -0.296510 0.225448
vn 0.875792 -0.402219 0.266848
vn 0.875792 -0.402219 0.266848
vn 0.875792 -0.402219 0.266848
vn 0.875792 -0.402219 0.266848
vn -0.875792 -0.402219 0.266848
vn -0.875792 -0.402219 0.266848
vn -0.875792 -0.402219 0.266848
vn -0.875792 -0.402219 0.266848
vn 0.840445 -0.421310 0.340807
vn 0.840445 -0.421310 0.340807
vn 0.840445 -0.421310 0.340807
vn 0.840445 -0.421310 0.340807
vn -0.840445 -0.421310 0.340807
vn -0.840445 -0.421310 0.340807
vn -0.840445 -0.421310 0.340807
vn -0.840445 -0.421310 0.340807
vn -0.905520 -0.352023 0.236884
vn -0.905520 -0.352023 0.236884
vn 0.905520 -0.352023 0.236883
vn 0.905520 -0.352023 0.236883
vn 0.202435 -0.294667 0.933912
vn 0.202435 -0.294667 0.933912
vn 0.202435 -0.294667 0.933912
vn 0.202435 -0.294667 0.933912
vn -0.202436 -0.294667 0.933912
vn -0.202436 -0.294666 0.933912
vn -0.202436 -0.294667 0.933912
vn -0.202436 -0.294667 0.933912
vn 0.205113 -0.211031 0.955717
vn 0.205113 -0.211031 0.955717
vn 0.205113 -0.211031 0.955717
vn 0.205113 -0.211031 0.955717
vn -0.205113 -0.211030 0.955717
vn -0.205113 -0.211030 0.955717
vn -0.205113 -0.211030 0.955717
vn -0.205113 -0.211030 0.955717
vn 0.000000 -0.173654 0.984807
vn 0.000000 -0.173654 0.984807
vn 0.000000 -0.173654 0.984807
vn 0.000000 -0.173654 0.984807
vn 0.177930 -0.528708 -0.829945
vn 0.177930 -0.528708 -0.829945
vn 0.177930 -0.528708 -0.829945
vn 0.177930 -0.528708 -0.829945
vn -0.177929 -0.528707 -0.829946
vn -0.177929 -0.528707 -0.829946
vn -0.177929 -0.528707 -0.829946
vn -0.177929 -0.528707 -0.829946
vn 0.155405 -0.786076 -0.598275
vn 0.155405 -0.786076 -0.598275
vn 0.155405 -0.786076 -0.598275
vn 0.155405 -0.786076 -0.598275
vn -0.155403 -0.786077 -0.598275
vn -0.155403 -0.786077 -0.598275
vn -0.155403 -0.786077 -0.598275
vn -0.155403 -0.786077 -0.598275
vn 0.204504 -0.957833 -0.201825
vn 0.204504 -0.957833 -0.201825
vn 0.204504 -0.957834 -0.201825
vn 0.204504 -0.957833 -0.201825
vn -0.204504 -0.957834 -0.201825
vn -0.204504 -0.957833 -0.201825
vn -0.204504 -0.957834 -0.201825
vn -0.204504 -0.957833 -0.201825
vn 0.196730 -0.980357 0.014070
vn 0.196730 -0.980357 0.014070
vn 0.196730 -0.980357 0.014070
vn 0.196730 -0.980357 0.014070
vn -0.196730 -0.980357 0.014070
vn -0.196730 -0.980357 0.014070
vn -0.196730 -0.980357 0.014070
vn -0.196730 -0.980357 0.014070
vn 0.200195 -0.795381 0.572094
vn 0.200195 -0.795381 0.572094
vn 0.200195 -0.795381 0.572094
vn 0.200195 -0.795381 0.572094
vn -0.200196 -0.795380 0.572094
vn -0.200196 -0.795380 0.572094
vn -0.200196 -0.795380 0.572094
vn -0.200196 -0.795380 0.572094
vn 0.193995 -0.147624 0.969831
vn 0.193995 -0.147624 0.969831
vn 0.193995 -0.147624 0.969831
vn 0.193995 -0.147624 0.969831
vn -0.193998 -0.147624 0.969831
vn -0.193998 -0.147624 0.969831
vn -0.193998 -0.147624 0.969831
vn -0.193998 -0.147624 0.969831
vn 0.194321 0.050306 0.979647
vn 0.194321 0.050306 0.979647
vn 0.194321 0.050306 0.979647
vn 0.194321 0.050306 0.979647
vn -0.194323 0.050306 0.979647
vn -0.194323 0.050306 0.979647
vn -0.194323 0.050306 0.979647
vn -0.194323 0.050306 0.979647
vn 0.226110 0.087948 0.970123
vn 0.226110 0.087948 0.970123
vn 0.226110 0.087948 0.970123
vn 0.226110 0.087948 0.970123
vn -0.226111 0.087948 0.970123
vn -0.226111 0.087948 0.970123
vn -0.226111 0.087948 0.970123
vn -0.226111 0.087948 0.970123
vn -0.198972 -0.979807 -0.019727
vn -0.115957 -0.993111 0.016888
vn -0.102884 -0.994568 0.015830
vn -0.171142 -0.985246 0.000880
vn 0.000000 -0.999914 0.013091
vn 0.000000 -0.999914 0.013091
vn 0.115956 -0.993111 0.016888
vn 0.102884 -0.994568 0.015829
vn 0.198972 -0.979807 -0.019727
vn 0.171142 -0.985246 0.000880
vn -0.797070 0.130621 -0.589591
vn -0.740814 0.039638 -0.670540
vn -0.740814 0.039638 -0.670540
vn -0.821911 0.179676 -0.540536
vn 0.740814 0.039638 -0.670539
vn 0.797072 0.130621 -0.589588
vn 0.821914 0.179676 -0.540532
vn 0.740814 0.039638 -0.670539
vn -0.909357 0.084896 -0.407263
vn -0.871636 0.178090 -0.456657
vn -0.000000 0.981904 -0.189380
vn 0.075098 0.979131 -0.188846
vn 0.075098 0.979131 -0.188846
vn 0.000000 0.981904 -0.189380
vn -0.075098 0.979131 -0.188846
vn -0.075098 0.979131 -0.188846
vn 0.909360 0.084897 -0.407256
vn 0.871639 0.178091 -0.456650
vn -0.237826 -0.970088 -0.048672
vn -0.237472 -0.970187 -0.048415
vn 0.237825 -0.970088 -0.048672
vn 0.237471 -0.970187 -0.048415
vn 0.203710 0.979029 -0.002083
vn 0.310120 0.949808 0.041109
vn 0.308326 0.950424 0.040370
vn 0.203710 0.979029 -0.002083
vn -0.310120 0.949808 0.041109
vn -0.203710 0.979029 -0.002083
vn -0.203710 0.979029 -0.002083
vn -0.308325 0.950424 0.040371
vn 0.246283 0.004061 -0.969189
vn 0.225425 -0.016682 -0.974118
vn 0.225425 -0.016682 -0.974118
vn 0.233785 -0.008394 -0.972252
vn -0.241912 -0.968923 -0.051637
vn -0.241912 -0.968923 -0.051637
vn 0.241909 -0.968924 -0.051637
vn 0.241909 -0.968924 -0.051637
vn -0.225424 -0.016682 -0.974118
vn -0.246283 0.004060 -0.969190
vn -0.233784 -0.008394 -0.972252
vn -0.225424 -0.016682 -0.974118
vn 0.451425 -0.038516 -0.891478
vn 0.402047 -0.023107 -0.915327
vn 0.318730 0.002182 -0.947843
vn 0.451425 -0.038516 -0.891478
vn -0.402048 -0.023108 -0.915327
vn -0.451425 -0.038518 -0.891477
vn -0.451425 -0.038518 -0.891477
vn -0.318731 0.002181 -0.947843
vn 0.350111 0.926717 0.136450
vn 0.269087 0.945705 0.182303
vn -0.350110 0.926717 0.136450
vn -0.269087 0.945705 0.182304
vn 0.188626 0.955932 0.224977
vn 0.188626 0.955932 0.224977
vn -0.147480 -0.954090 -0.260693
vn -0.205097 -0.933919 -0.292797
vn -0.205097 -0.933919 -0.292797
vn -0.128403 -0.959726 -0.249879
vn 0.205097 -0.933920 -0.292795
vn 0.147480 -0.954091 -0.260692
vn 0.128403 -0.959726 -0.249878
vn 0.205097 -0.933920 -0.292795
vn -0.188626 0.955932 0.224977
vn -0.188626 0.955932 0.224977
vn -0.035234 -0.978060 -0.205324
vn -0.030300 -0.978540 -0.203818
vn 0.035232 -0.978060 -0.205324
vn 0.030298 -0.978540 -0.203818
vn -0.000002 0.994843 0.101423
vn -0.000002 0.994843 0.101423
vn -0.000002 0.994843 0.101423
vn -0.000002 0.994843 0.101423
vn 0.981446 0.129030 0.141825
vn 0.983209 0.141001 0.115840
vn 0.981710 0.130527 0.138595
vn 0.981446 0.129030 0.141825
vn -0.976010 -0.199591 -0.086989
vn -0.956615 -0.202094 -0.209871
vn 0.976011 -0.199590 -0.086988
vn 0.956616 -0.202092 -0.209867
vn -0.983209 0.141000 0.115839
vn -0.981446 0.129031 0.141827
vn -0.981446 0.129031 0.141827
vn -0.981710 0.130528 0.138596
vn 0.980258 0.197692 -0.003431
vn 0.984167 0.158982 0.078355
vn -0.977793 -0.208538 0.020812
vn -0.979502 -0.200533 -0.019053
vn 0.977793 -0.208537 0.020813
vn 0.979502 -0.200533 -0.019052
vn -0.980258 0.197691 -0.003432
vn -0.984168 0.158981 0.078354
vn 0.976331 0.202847 -0.075038
vn 0.976791 0.205296 -0.061103
vn -0.976074 -0.202658 0.078795
vn -0.976572 -0.205323 0.064416
vn 0.976074 -0.202658 0.078795
vn 0.976572 -0.205323 0.064417
vn -0.976331 0.202847 -0.075038
vn -0.976791 0.205296 -0.061103
vn 0.975334 0.187372 -0.116687
vn 0.974844 0.161324 -0.153798
vn -0.974546 -0.196116 0.108620
vn -0.974449 -0.192652 0.115470
vn 0.974546 -0.196116 0.108620
vn 0.974449 -0.192653 0.115470
vn -0.975334 0.187373 -0.116687
vn -0.974844 0.161324 -0.153798
vn 0.975224 0.132824 -0.176907
vn 0.976877 0.100655 -0.188628
vn -0.975776 -0.170206 0.137445
vn -0.976348 -0.128640 0.173770
vn 0.975776 -0.170207 0.137445
vn 0.976348 -0.128640 0.173771
vn -0.975224 0.132824 -0.176908
vn -0.976876 0.100656 -0.188630
vn 0.975611 0.091624 -0.199470
vn 0.975387 0.091456 -0.200641
vn -0.974743 -0.104203 0.197530
vn -0.974533 -0.102297 0.199551
vn 0.974743 -0.104203 0.197531
vn 0.974533 -0.102297 0.199552
vn -0.975610 0.091624 -0.199472
vn -0.975386 0.091456 -0.200643
vn 0.978351 0.092310 -0.185222
vn 0.977778 0.092102 -0.188328
vn -0.972466 -0.108093 0.206458
vn -0.972802 -0.106327 0.205792
vn 0.972466 -0.108092 0.206459
vn 0.972802 -0.106326 0.205793
vn -0.978351 0.092310 -0.185223
vn -0.977778 0.092102 -0.188330
vn 0.979939 0.092898 -0.176324
vn 0.979939 0.092898 -0.176324
vn -0.971599 -0.112570 0.208143
vn -0.971599 -0.112570 0.208143
vn 0.971599 -0.112570 0.208145
vn 0.971599 -0.112570 0.208145
vn -0.979939 0.092898 -0.176325
vn -0.979939 0.092898 -0.176325
s 1
g body Apron
usemtl standardSurface9SG
f 1243/1876/3186 1244/1877/3187 1245/1878/3188 1246/1879/3189
f 1244/1877/3187 1247/1880/3190 1248/1881/3191 1245/1878/3188
f 1247/1880/3190 1249/1882/3192 1250/1883/3193 1248/1881/3191
f 1249/1882/3192 1251/1884/3194 1252/1885/3195 1250/1883/3193
f 1253/1886/3196 1254/1887/3197 1255/1888/3198 1256/1889/3199
f 1254/1887/3197 1257/1890/3200 1258/1891/3201 1255/1888/3198
f 1257/1890/3200 1259/1892/3202 1260/1893/3203 1258/1891/3201
f 1259/1892/3202 1261/1894/3204 1262/1895/3205 1260/1893/3203
f 1256/1889/3199 1255/1888/3198 1263/1896/3206 1264/1897/3207
f 1255/1888/3198 1258/1891/3201 1265/1898/3208 1263/1896/3206
f 1258/1891/3201 1260/1893/3203 1266/1899/3209 1265/1898/3208
f 1260/1893/3203 1262/1895/3205 1267/1900/3210 1266/1899/3209
f 1264/1897/3207 1263/1896/3206 1268/1901/3211 1269/1902/3212
f 1263/1896/3206 1265/1898/3208 1270/1903/3213 1268/1901/3211
f 1265/1898/3208 1266/1899/3209 1271/1904/3214 1270/1903/3213
f 1266/1899/3209 1267/1900/3210 1272/1905/3215 1271/1904/3214
f 1269/1902/3212 1268/1901/3211 1273/2062/3216
f 1268/1901/3211 1274/2063/3217 1273/2062/3216
f 1268/1901/3211 1270/1903/3213 1275/1908/3218 1274/2063/3217
f 1270/1903/3213 1271/1904/3214 1276/2058/3219 1275/1908/3218
f 1271/1904/3214 1277/2059/3220 1276/2058/3219
f 1271/1904/3214 1272/1905/3215 1277/2059/3220
s 2
f 1243/1876/3221 1246/1879/3222 1278/1911/3223 1279/1912/3224
s 3
f 1280/1913/3225 1252/1885/3226 1251/1884/3227 1281/1914/3228
s 2
f 1253/1886/3229 1256/1889/3230 1282/1915/3231 1283/1916/3232
s 3
f 1262/1895/3233 1261/1894/3234 1284/1917/3235 1285/1918/3236
s 2
f 1256/1889/3230 1264/1897/3237 1286/1919/3238 1282/1915/3231
s 3
f 1267/1900/3239 1262/1895/3233 1285/1918/3236 1287/1920/3240
s 5
f 1279/1912/3241 1278/1911/3242 1288/1921/3243 1289/1922/3244
s 6
f 1290/1923/3245 1280/1913/3246 1281/1914/3247 1291/1924/3248
s off
f 1283/1916/3249 1282/1915/3250 1292/2077/3251 1293/1926/3252
f 1285/1918/3253 1284/1917/3254 1294/1927/3255 1295/2074/3256
f 1282/1915/3257 1286/1919/3258 1296/2078/3259 1292/2077/3260
f 1287/1920/3261 1285/1918/3262 1295/2074/3263 1297/2075/3264
s 6
f 1284/1917/3265 1280/1913/3246 1290/1923/3245 1294/1927/3266
s 3
f 1261/1894/3234 1252/1885/3226 1280/1913/3225 1284/1917/3235
s 1
f 1250/1883/3193 1252/1885/3195 1261/1894/3204 1259/1892/3202
f 1248/1881/3191 1250/1883/3193 1259/1892/3202 1257/1890/3200
f 1245/1878/3188 1248/1881/3191 1257/1890/3200 1254/1887/3197
f 1246/1879/3189 1245/1878/3188 1254/1887/3197 1253/1886/3196
s 2
f 1278/1911/3223 1246/1879/3222 1253/1886/3229 1283/1916/3232
s 5
f 1288/1921/3243 1278/1911/3242 1283/1916/3267 1293/1926/3268
s off
f 1292/1925/3269 1296/1929/3270 1298/2069/3271 1299/1932/3272
f 1297/1930/3273 1295/1928/3274 1300/1933/3275 1301/2066/3276
f 1299/1932/3277 1298/2069/3278 1302/2070/3279 1303/1936/3280
f 1301/2066/3281 1300/1933/3282 1304/1937/3283 1305/2067/3284
f 1303/1936/3285 1302/2070/3286 1305/2067/3287 1304/1937/3288
f 1273/1906/3289 1274/1907/3290 1306/1939/3291 1307/1940/3292
f 1276/1909/3293 1277/1910/3294 1308/1941/3295 1309/1942/3296
f 1307/1940/3297 1306/1939/3298 1310/1943/3299 1311/1944/3300
f 1309/1942/3301 1308/1941/3302 1312/1945/3303 1313/1946/3304
f 1311/1944/3305 1310/1943/3306 1314/1947/3307 1315/1948/3308
f 1313/1946/3309 1312/1945/3310 1316/1949/3311 1317/1950/3312
f 1315/1948/3313 1314/1947/3314 1318/1951/3315 1319/1952/3316
f 1317/1950/3317 1316/1949/3318 1320/1953/3319 1321/1954/3320
f 1319/1952/3321 1318/1951/3322 1322/1955/3323 1323/1956/3324
f 1321/1954/3325 1320/1953/3326 1324/1957/3327 1325/1958/3328
f 1323/1956/3329 1322/1955/3330 1326/1959/3331 1327/1960/3332
f 1325/1958/3333 1324/1957/3334 1328/1961/3335 1329/1962/3336
f 1327/1960/3337 1326/1959/3338 1330/1963/3339 1331/1964/3340
f 1329/1962/3341 1328/1961/3342 1332/1965/3343 1333/1966/3344
f 1331/1964/3345 1330/1963/3346 1302/1935/3347 1298/1931/3348
f 1333/1966/3349 1332/1965/3350 1301/1934/3351 1305/1938/3352
s 7
f 1152/2095/3353 1204/1968/3354 1203/1969/3355 1153/2098/3356
f 1153/2098/3356 1203/1969/3355 1202/1971/3357 1154/2097/3358
f 1154/2097/3358 1202/1971/3357 1201/1973/3359 1155/2096/3360
f 1155/2096/3360 1201/1973/3359 1200/1975/3361 1156/2094/3362
f 1157/1977/3363 1162/1978/3364 1163/1979/3365 1158/1980/3366
f 1158/1980/3366 1163/1979/3365 1164/1981/3367 1159/1982/3368
f 1159/1982/3368 1164/1981/3367 1165/1983/3369 1160/1984/3370
f 1160/1984/3370 1165/1983/3369 1166/1985/3371 1161/1986/3372
f 1162/1978/3364 1167/2112/3373 1168/1988/3374 1163/1979/3365
f 1163/1979/3365 1168/1988/3374 1169/1989/3375 1164/1981/3367
f 1164/1981/3367 1169/1989/3375 1170/1990/3376 1165/1983/3369
f 1165/1983/3369 1170/1990/3376 1171/2111/3377 1166/1985/3371
f 1167/2112/3373 1172/2109/3378 1173/1993/3379 1168/1988/3374
f 1168/1988/3374 1173/1993/3379 1174/1994/3380 1169/1989/3375
f 1169/1989/3375 1174/1994/3380 1175/1995/3381 1170/1990/3376
f 1170/1990/3376 1175/1995/3381 1176/2108/3382 1171/2111/3377
f 1172/2109/3378 1177/2110/3383 1173/1993/3379
f 1173/1993/3379 1177/2110/3383 1178/2064/3384
f 1173/1993/3379 1178/2064/3384 1179/2113/3385 1174/1994/3380
f 1174/1994/3380 1179/2113/3385 1180/2114/3386 1175/1995/3381
f 1175/1995/3381 1180/2114/3386 1181/2060/3387
f 1175/1995/3381 1181/2060/3387 1176/2108/3382
s 9
f 1152/2095/3388 1182/2093/3389 1205/2003/3390 1204/1968/3391
s 10
f 1199/2004/3392 1184/2092/3393 1156/2094/3394 1200/1975/3395
s 9
f 1157/1977/3396 1183/2006/3397 1186/2007/3398 1162/1978/3399
s 10
f 1166/1985/3400 1187/2008/3401 1185/2009/3402 1161/1986/3403
s 9
f 1162/1978/3399 1186/2007/3398 1188/2106/3404 1167/2112/3405
s 10
f 1171/2111/3406 1189/2105/3407 1187/2008/3401 1166/1985/3400
s 12
f 1182/2093/3408 1190/2084/3409 1206/2086/3410 1205/2003/3411
s 13
f 1198/2088/3412 1192/2082/3413 1184/2092/3414 1199/2004/3415
s off
f 1183/2006/3416 1191/2087/3417 1194/2091/3418 1186/2007/3419
f 1187/2008/3420 1195/2080/3421 1193/2089/3422 1185/2009/3423
f 1186/2007/3424 1194/2091/3425 1196/2079/3426 1188/2106/3427
f 1189/2105/3428 1197/2099/3429 1195/2080/3430 1187/2008/3431
s 13
f 1185/2009/3432 1193/2089/3433 1198/2088/3412 1199/2004/3415
s 10
f 1161/1986/3403 1185/2009/3402 1199/2004/3392 1200/1975/3395
s 7
f 1201/1973/3359 1160/1984/3370 1161/1986/3372 1200/1975/3361
f 1202/1971/3357 1159/1982/3368 1160/1984/3370 1201/1973/3359
f 1203/1969/3355 1158/1980/3366 1159/1982/3368 1202/1971/3357
f 1204/1968/3354 1157/1977/3363 1158/1980/3366 1203/1969/3355
s 9
f 1205/2003/3390 1183/2006/3397 1157/1977/3396 1204/1968/3391
s 12
f 1206/2086/3410 1191/2087/3434 1183/2006/3435 1205/2003/3411
s off
f 1194/2081/3436 1207/2022/3437 1208/2073/3438 1196/2102/3439
f 1197/2076/3440 1210/2101/3441 1209/2025/3442 1195/2018/3443
f 1207/2022/3444 1211/2026/3445 1212/2134/3446 1208/2073/3447
f 1210/2101/3448 1214/2068/3449 1213/2029/3450 1209/2025/3451
f 1211/2026/3452 1213/2029/3453 1214/2068/3454 1212/2134/3455
f 1177/2065/3456 1215/2131/3457 1216/2031/3458 1178/1998/3459
f 1180/2061/3460 1217/2032/3461 1218/2130/3462 1181/2132/3463
f 1215/2131/3464 1219/2129/3465 1220/2035/3466 1216/2031/3467
f 1217/2032/3468 1221/2036/3469 1222/2128/3470 1218/2130/3471
f 1219/2129/3472 1223/2127/3473 1224/2039/3474 1220/2035/3475
f 1221/2036/3476 1225/2040/3477 1226/2126/3478 1222/2128/3479
f 1223/2127/3480 1227/2125/3481 1228/2043/3482 1224/2039/3483
f 1225/2040/3484 1229/2044/3485 1230/2124/3486 1226/2126/3487
f 1227/2125/3488 1231/2123/3489 1232/2047/3490 1228/2043/3491
f 1229/2044/3492 1233/2048/3493 1234/2122/3494 1230/2124/3495
f 1231/2123/3496 1235/2121/3497 1236/2051/3498 1232/2047/3499
f 1233/2048/3500 1237/2052/3501 1238/2120/3502 1234/2122/3503
f 1235/2121/3504 1239/2118/3505 1240/2055/3506 1236/2051/3507
f 1237/2052/3508 1241/2056/3509 1242/2116/3510 1238/2120/3511
f 1239/2118/3512 1208/2119/3513 1212/2071/3514 1240/2055/3515
f 1241/2056/3516 1214/2028/3517 1210/2072/3518 1242/2116/3519
s 14
f 1152/1967/3520 1153/1970/3521 1244/1877/3522 1243/1876/3523
f 1153/1970/3521 1154/1972/3524 1247/1880/3525 1244/1877/3522
f 1154/1972/3524 1155/1974/3526 1249/1882/3527 1247/1880/3525
f 1155/1974/3526 1156/1976/3528 1251/1884/3529 1249/1882/3527
s 15
f 1172/1992/3530 1167/1987/3531 1264/1897/3532 1269/1902/3533
s 16
f 1171/1991/3534 1176/1996/3535 1272/1905/3536 1267/1900/3537
s 15
f 1177/1997/3538 1172/1992/3530 1269/1902/3533 1273/2062/3539
s 17
f 1179/1999/3540 1178/2115/3541 1274/2063/3542 1275/1908/3543
f 1180/2000/3544 1179/1999/3540 1275/1908/3543 1276/2058/3545
s 16
f 1176/1996/3535 1181/2107/3546 1277/2059/3547 1272/1905/3536
s 14
f 1182/2002/3548 1152/1967/3520 1243/1876/3523 1279/1912/3549
f 1156/1976/3528 1184/2005/3550 1281/1914/3551 1251/1884/3529
s 18
f 1167/1987/3552 1188/2010/3553 1286/1919/3554 1264/1897/3555
s 19
f 1189/2011/3556 1171/1991/3557 1267/1900/3558 1287/1920/3559
s 20
f 1206/2013/3560 1190/2085/3561 1289/1922/3562 1288/1921/3563
s 14
f 1190/2012/3564 1182/2002/3548 1279/1912/3549 1289/1922/3565
f 1184/2005/3550 1192/2083/3566 1291/1924/3567 1281/1914/3551
s 21
f 1192/2015/3568 1198/2014/3569 1290/1923/3570 1291/1924/3571
s 20
f 1194/2017/3572 1191/2016/3573 1293/1926/3574 1292/2077/3575
s 21
f 1193/2019/3576 1195/2090/3577 1295/2074/3578 1294/1927/3579
s 18
f 1188/2010/3553 1196/2103/3580 1296/2078/3581 1286/1919/3554
s 19
f 1197/2021/3582 1189/2011/3556 1287/1920/3559 1297/2075/3583
s 21
f 1198/2014/3569 1193/2019/3576 1294/1927/3579 1290/1923/3570
s 20
f 1191/2016/3573 1206/2013/3560 1288/1921/3563 1293/1926/3574
s 18
f 1196/2020/3580 1208/2104/3584 1298/2069/3585 1296/1929/3581
s 22
f 1207/2022/3586 1194/2081/3587 1292/1925/3588 1299/1932/3589
f 1195/2018/3590 1209/2025/3591 1300/1933/3592 1295/1928/3593
s 19
f 1210/2024/3594 1197/2100/3582 1297/1930/3583 1301/2066/3595
s 22
f 1211/2026/3596 1207/2022/3586 1299/1932/3589 1303/1936/3597
f 1209/2025/3591 1213/2029/3598 1304/1937/3599 1300/1933/3592
s off
f 1212/2027/3600 1214/2135/3601 1305/2067/3602 1302/2070/3603
s 22
f 1213/2029/3598 1211/2026/3596 1303/1936/3597 1304/1937/3599
s 24
f 1178/1998/3604 1216/2031/3605 1306/1939/3606 1274/1907/3607
s 15
f 1215/2030/3608 1177/2133/3538 1273/1906/3539 1307/1940/3609
s 16
f 1181/2001/3546 1218/2033/3610 1308/1941/3611 1277/1910/3547
s 25
f 1217/2032/3612 1180/2061/3613 1276/1909/3614 1309/1942/3615
s 24
f 1216/2031/3605 1220/2035/3616 1310/1943/3617 1306/1939/3606
s 15
f 1219/2034/3618 1215/2030/3608 1307/1940/3609 1311/1944/3619
s 16
f 1218/2033/3610 1222/2037/3620 1312/1945/3621 1308/1941/3611
s 25
f 1221/2036/3622 1217/2032/3612 1309/1942/3615 1313/1946/3623
s 24
f 1220/2035/3616 1224/2039/3624 1314/1947/3625 1310/1943/3617
s 15
f 1223/2038/3626 1219/2034/3618 1311/1944/3619 1315/1948/3627
s 16
f 1222/2037/3620 1226/2041/3628 1316/1949/3629 1312/1945/3621
s 25
f 1225/2040/3630 1221/2036/3622 1313/1946/3623 1317/1950/3631
s 24
f 1224/2039/3624 1228/2043/3632 1318/1951/3633 1314/1947/3625
s 15
f 1227/2042/3634 1223/2038/3626 1315/1948/3627 1319/1952/3635
s 16
f 1226/2041/3628 1230/2045/3636 1320/1953/3637 1316/1949/3629
s 25
f 1229/2044/3638 1225/2040/3630 1317/1950/3631 1321/1954/3639
s 24
f 1228/2043/3632 1232/2047/3640 1322/1955/3641 1318/1951/3633
s 15
f 1231/2046/3642 1227/2042/3634 1319/1952/3635 1323/1956/3643
s 16
f 1230/2045/3636 1234/2049/3644 1324/1957/3645 1320/1953/3637
s 25
f 1233/2048/3646 1229/2044/3638 1321/1954/3639 1325/1958/3647
s 24
f 1232/2047/3640 1236/2051/3648 1326/1959/3649 1322/1955/3641
s 15
f 1235/2050/3650 1231/2046/3642 1323/1956/3643 1327/1960/3651
s 16
f 1234/2049/3644 1238/2053/3652 1328/1961/3653 1324/1957/3645
s 25
f 1237/2052/3654 1233/2048/3646 1325/1958/3647 1329/1962/3655
s 24
f 1236/2051/3648 1240/2055/3656 1330/1963/3657 1326/1959/3649
s 15
f 1239/2054/3658 1235/2050/3650 1327/1960/3651 1331/1964/3659
s 16
f 1238/2053/3652 1242/2057/3660 1332/1965/3661 1328/1961/3653
s 25
f 1241/2056/3662 1237/2052/3654 1329/1962/3655 1333/1966/3663
s 24
f 1240/2055/3656 1212/2071/3664 1302/1935/3665 1330/1963/3657
s 15
f 1208/2023/3666 1239/2054/3658 1331/1964/3659 1298/1931/3667
s 16
f 1242/2057/3660 1210/2117/3668 1301/1934/3669 1332/1965/3661
s 25
f 1214/2028/3670 1241/2056/3662 1333/1966/3663 1305/1938/3671
