# Apple ModelIO OBJ File: LarryTexture
mtllib LarryTexture.mtl
g ears_standardSurface7SG
v 2.2228 8.48453 -0.106388
v 2.0426 7.91295 0.067495
v 2.14022 7.96557 0.34162
v 2.32041 8.53715 0.167737
v 2.2574 7.42415 0.012771
v 2.35502 7.47677 0.286896
v 2.88659 7.41718 -0.167089
v 2.93479 7.4698 0.107036
v 3.10493 8.097 -0.35413
v 3.19745 8.14962 -0.080005
v 2.82015 8.5673 -0.334993
v 2.91777 8.61992 -0.060869
v -2.2228 8.48453 -0.106388
v -2.32041 8.53714 0.167737
v -2.0426 7.91295 0.067495
v -2.14022 7.96557 0.34162
v -2.35502 7.47677 0.286896
v -2.2574 7.42415 0.012771
v -2.93479 7.4698 0.107035
v -2.88659 7.41718 -0.167089
v -3.19745 8.14962 -0.080005
v -3.10493 8.097 -0.354131
v -2.82015 8.5673 -0.334994
v -2.91777 8.61992 -0.060869
vn -0.898688 0.359676 0.250983
vn -0.832595 -0.407837 0.374772
vn 0.041541 -0.983211 0.177679
vn 0.914917 -0.368809 -0.164035
vn 0.790555 0.489408 -0.368106
vn -0.182049 0.975636 -0.122446
vn -0.329256 -0.136774 -0.934282
vn 0.33582 0.129807 0.932939
vn 0.898688 0.359677 0.250982
vn 0.832596 -0.407836 0.374771
vn -0.041542 -0.983211 0.17768
vn -0.914917 -0.368809 -0.164035
vn -0.914916 -0.368809 -0.164035
vn -0.790554 0.489408 -0.368108
vn 0.18205 0.975636 -0.122444
vn 0.329257 -0.136774 -0.934282
vn -0.33582 0.129807 0.932939
vt 0.212098 0.140539
vt 0.212272 0.119471
vt 0.222889 0.119154
vt 0.222948 0.140564
vt 0.208255 0.099662
vt 0.219515 0.09933
vt 0.209476 0.074262
vt 0.22033 0.076304
vt 0.214866 0.045464
vt 0.226341 0.047346
vt 0.211232 0.189967
vt 0.211517 0.166359
vt 0.223606 0.189709
vt 0.223646 0.166308
vt 0.193383 0.150617
vt 0.199703 0.106925
vt 0.179373 0.114516
vt 0.179317 0.13906
vt 0.241787 0.151292
vt 0.256255 0.139842
vt 0.255513 0.114337
vt 0.236329 0.106568
vt 0.316479 0.143767
vt 0.305492 0.143751
vt 0.315853 0.122629
vt 0.306072 0.122637
vt 0.307549 0.104608
vt 0.318416 0.10442
vt 0.305629 0.080971
vt 0.317111 0.078722
vt 0.299249 0.049113
vt 0.311859 0.047166
vt 0.316071 0.191198
vt 0.304422 0.190532
vt 0.31682 0.169085
vt 0.305222 0.168818
vt 0.336119 0.153312
vt 0.350106 0.141024
vt 0.349021 0.116329
vt 0.328256 0.109561
vt 0.285722 0.153346
vt 0.293671 0.109547
vt 0.274382 0.115801
vt 0.271875 0.140959
usemtl standardSurface7SG
f 1/1/1 2/2/1 3/3/1
f 1/1/1 3/3/1 4/4/1
f 2/2/2 5/5/2 6/6/2
f 2/2/2 6/6/2 3/3/2
f 5/5/3 7/7/3 8/8/3
f 5/5/3 8/8/3 6/6/3
f 7/7/4 9/9/4 10/10/4
f 7/7/4 10/10/4 8/8/4
f 9/11/5 11/12/5 10/13/5
f 11/12/5 12/14/5 10/13/5
f 11/12/6 1/1/6 4/4/6
f 11/12/6 4/4/6 12/14/6
f 2/2/7 1/1/7 11/15/7
f 5/16/7 2/2/7 11/15/7
f 7/17/7 5/16/7 11/15/7
f 9/18/7 7/17/7 11/15/7
f 12/19/8 4/4/8 3/3/8
f 10/20/8 12/19/8 3/3/8
f 8/21/8 10/20/8 3/3/8
f 6/22/8 8/21/8 3/3/8
f 13/23/9 14/24/9 15/25/9
f 14/24/9 16/26/9 15/25/9
f 15/25/10 16/26/10 17/27/10
f 15/25/10 17/27/10 18/28/10
f 18/28/11 17/27/11 19/29/11
f 18/28/11 19/29/11 20/30/11
f 20/30/12 19/29/13 21/31/12
f 20/30/12 21/31/12 22/32/12
f 22/33/14 21/34/14 23/35/14
f 21/34/14 24/36/14 23/35/14
f 23/35/15 24/36/15 13/23/15
f 24/36/15 14/24/15 13/23/15
f 23/37/16 13/23/16 15/25/16
f 22/38/16 23/37/16 15/25/16
f 20/39/16 22/38/16 15/25/16
f 18/40/16 20/39/16 15/25/16
f 16/26/17 14/24/17 24/41/17
f 17/42/17 16/26/17 24/41/17
f 19/43/17 17/42/17 24/41/17
f 21/44/17 19/43/17 24/41/17
s off
g Head_uv_standardSurface7SG
v -1.49909 6.86566 1.70769
v -0.932178 6.58586 1.90204
v -0.94273 7.0904 2.26195
v -1.63769 7.14496 1.81887
v 0 7.59548 2.71365
v -0.167244 7.56355 2.59586
v -0.093999 7.52707 2.55722
v 0 7.49096 2.54543
v 0.093999 7.52707 2.55722
v 0.167244 7.56355 2.59586
v 0.932178 6.58586 1.90204
v 1.49909 6.86566 1.70769
v 0.94273 7.0904 2.26195
v 1.63769 7.14496 1.81887
v -1.74026 7.5639 1.90127
v -0.958559 7.56495 2.45609
v -1.7884 7.80827 1.85458
v -0.969355 7.80302 2.46079
v 0 7.71294 2.65202
v 0.958559 7.56495 2.45609
v 1.74026 7.5639 1.90127
v 1.7884 7.80827 1.85458
v 0.969355 7.80302 2.46079
v -1.90073 8.37845 1.74563
v -0.994544 8.3585 2.32788
v -1.81386 9.3416 1.88175
v -0.94317 9.36367 2.45735
v 0 8.37568 2.53691
v 0 9.42661 2.59694
v 0.994544 8.3585 2.32788
v 0.94317 9.36367 2.45735
v 1.90073 8.37845 1.74563
v 1.81386 9.3416 1.88175
v -1.61553 10.1371 1.72347
v -0.880555 10.3836 2.13084
v 0 10.5342 2.29417
v 0.880555 10.3836 2.13084
v 1.61553 10.1371 1.72347
v -0.966513 11.0784 1.12155
v -1.87108 10.5524 1.05489
v 0 11.2445 1.15543
v 0.966513 11.0784 1.12155
v 1.87108 10.5524 1.05489
v -1.11856 11.3146 0.045172
v -2.06698 10.7348 0.045447
v 0 11.5274 0.059209
v 1.11856 11.3146 0.045172
v 2.06698 10.7348 0.045447
v -1.86657 10.5073 -0.917276
v -1.08163 11.0813 -1.02421
v 0 11.2884 -1.07715
v 1.08163 11.0813 -1.02421
v 1.86657 10.5073 -0.917276
v -1.59048 10.271 -1.51308
v -0.983943 10.523 -1.77952
v 0 10.6935 -1.95894
v 0.983943 10.523 -1.77952
v 1.59048 10.271 -1.51308
v -1.02893 9.74749 -2.26963
v -1.82164 9.66387 -1.73093
v 0 9.77469 -2.41974
v 1.02893 9.74749 -2.26963
v 1.82164 9.66387 -1.73093
v -1.02561 8.7057 -2.39305
v -1.95511 8.69887 -1.87953
v 0 8.71468 -2.60195
v 1.02561 8.7057 -2.39305
v 1.95511 8.69887 -1.87953
v -1.84646 8.05952 -1.78044
v -1.00707 8.05899 -2.26937
v -1.79989 7.78551 -1.73797
v -0.999131 7.78183 -2.21637
v 0 8.00562 -2.44926
v 0 7.70173 -2.38382
v 1.00707 8.05899 -2.26937
v 0.999131 7.78183 -2.21637
v 1.84646 8.05952 -1.78044
v 1.79989 7.78551 -1.73797
v -1.65021 7.47616 -1.59703
v -0.95819 7.39474 -1.92021
v -1.55042 7.26992 -1.50307
v -0.930897 7.13668 -1.72277
v 0 7.21506 -2.07803
v 0 6.89061 -1.87417
v 0.95819 7.39474 -1.92021
v 0.930897 7.13668 -1.72277
v 1.65021 7.47616 -1.59703
v 1.55042 7.26992 -1.50307
v -0.961065 6.61434 -0.928243
v -1.81125 7.09085 -0.925469
v 0 6.37666 -0.949484
v 0.961065 6.61434 -0.928243
v 1.81125 7.09085 -0.925469
v -1.93438 6.8076 0.050215
v -0.985586 6.36333 0.046816
v 0 6.17808 0.051105
v 0.985586 6.36325 0.046816
v 1.93438 6.80753 0.050215
v -0.963641 6.35853 1.05823
v -1.79364 6.77996 1.07037
v 0 6.12322 1.0495
v 0.963641 6.35853 1.05823
v 1.79364 6.77996 1.07037
v 0 6.40054 1.93023
v 2.01522 7.34021 -0.96288
v 2.1785 7.14198 0.04711
v 2.09799 7.10502 0.983983
v 2.32117 7.71425 -1.019
v 2.37526 7.97635 -1.02059
v 2.54469 7.64367 0.042452
v 2.58675 7.90334 0.037388
v 2.37173 7.5926 0.976414
v 2.40915 7.84791 0.963871
v 2.50146 8.58793 -1.02432
v 2.34715 9.62337 -1.00312
v 2.68489 8.50925 0.025571
v 2.58533 9.48523 0.029167
v 2.49647 8.44363 0.934606
v 2.39778 9.38588 0.924507
v -2.01522 7.34021 -0.96288
v -2.1785 7.14203 0.04711
v -2.09799 7.10502 0.983983
v -2.32117 7.71425 -1.019
v -2.37526 7.97635 -1.02059
v -2.54469 7.64367 0.042452
v -2.58675 7.90334 0.037388
v -2.37173 7.5926 0.976414
v -2.40915 7.84791 0.963871
v -2.50146 8.58793 -1.02432
v -2.34715 9.62337 -1.00312
v -2.68489 8.50925 0.025571
v -2.58533 9.48523 0.029167
v -2.49647 8.44363 0.934606
v -2.39778 9.38588 0.924507
v -0.98015 8.04108 2.4171
v -0.111496 8.04791 2.47782
v 0 6.98279 2.31374
v 0.111496 8.04791 2.47782
v 0.98015 8.04108 2.4171
v 0 8.06879 2.55664
v 0 7.83863 2.60977
v 0.195118 7.80209 2.46953
v -0.195118 7.80209 2.46953
v 0 7.45262 2.43751
v -0.13937 7.49084 2.47339
v 0.13937 7.49084 2.47339
v 0.27874 7.57442 2.47296
v -0.27874 7.57442 2.47296
v -1.83654 8.05263 1.80789
v -2.44657 8.10322 0.951329
v -2.62881 8.16302 0.032324
v -2.42935 8.23846 -1.02219
v -1.89302 8.33353 -1.82291
v -1.01502 8.33615 -2.32237
v 0 8.3095 -2.5147
v 1.01502 8.33615 -2.32237
v 1.89302 8.33353 -1.82291
v 2.42935 8.23846 -1.02219
v 2.62881 8.16302 0.032324
v 2.44657 8.10322 0.951329
v 1.83654 8.05263 1.80789
vn -0.491255 -0.515458 0.70212
vn -0.23723 -0.556342 0.79637
vn -0.270217 -0.445939 0.8533
vn -0.524151 -0.392772 0.755642
vn 0 -0.312009 0.950079
vn -0.641716 -0.055203 0.764953
vn -0.259912 -0.853667 0.451329
vn 0 -0.889208 0.457503
vn 0.259912 -0.853667 0.451329
vn 0.641716 -0.055203 0.764953
vn 0.23723 -0.556342 0.79637
vn 0.491255 -0.515458 0.70212
vn 0.270217 -0.445939 0.8533
vn 0.524151 -0.392772 0.755642
vn -0.566013 -0.187266 0.802846
vn -0.311181 -0.231777 0.921654
vn -0.586205 0.047207 0.808787
vn -0.357395 0.042446 0.932988
vn 0 0.369124 0.92938
vn 0.311181 -0.231777 0.921654
vn 0.566013 -0.187266 0.802845
vn 0.586205 0.047208 0.808787
vn 0.357395 0.042446 0.932988
vn -0.548512 -0.028969 0.835641
vn -0.383507 -0.036054 0.922834
vn -0.549275 0.078306 0.831965
vn -0.360185 0.094746 0.928057
vn 0 -0.058354 0.998296
vn -0 0.109744 0.99396
vn 0.383507 -0.036054 0.922834
vn 0.360185 0.094746 0.928057
vn 0.548512 -0.028969 0.835641
vn 0.549275 0.078306 0.831965
vn -0.53453 0.288925 0.794229
vn -0.337496 0.290806 0.895281
vn -0 0.288859 0.957372
vn 0.337496 0.290806 0.895281
vn 0.53453 0.288925 0.794229
vn -0.480755 0.683087 0.549789
vn -0.306934 0.775776 0.551329
vn -0.331116 0.857209 0.394404
vn -0.500372 0.777659 0.380624
vn -0 0.83314 0.553061
vn -0 0.915486 0.40235
vn 0.306934 0.775776 0.551329
vn 0.331116 0.857209 0.394404
vn 0.480754 0.683087 0.549789
vn 0.500372 0.777659 0.380624
vn -0.363476 0.931567 0.008206
vn -0.541721 0.840514 0.008645
vn -0 0.999947 0.010329
vn 0.363476 0.931567 0.008206
vn 0.541721 0.840514 0.008645
vn -0.549176 0.761972 -0.343228
vn -0.353214 0.858014 -0.372897
vn 0 0.92245 -0.386117
vn 0.353214 0.858014 -0.372897
vn 0.549176 0.761972 -0.343228
vn -0.532989 0.656654 -0.533599
vn -0.322937 0.758037 -0.566649
vn 0 0.811477 -0.584385
vn 0.322937 0.758037 -0.566649
vn 0.532989 0.656654 -0.533599
vn -0.522301 0.468984 -0.712219
vn -0.312071 0.486427 -0.816089
vn -0.337126 0.296078 -0.893691
vn -0.528808 0.2615 -0.807453
vn 0 0.493265 -0.869879
vn 0 0.311973 -0.950091
vn 0.312071 0.486427 -0.816089
vn 0.337126 0.296078 -0.893691
vn 0.522301 0.468984 -0.712219
vn 0.528808 0.2615 -0.807453
vn -0.343102 0.053168 -0.937792
vn -0.515821 0.054669 -0.85495
vn -0 0.051947 -0.99865
vn 0.343102 0.053168 -0.937792
vn 0.515821 0.054669 -0.85495
vn -0.49349 -0.195602 -0.847471
vn -0.334457 -0.200033 -0.920937
vn -0.463434 -0.40015 -0.790638
vn -0.31254 -0.420421 -0.851801
vn -0 -0.202173 -0.97935
vn -0 -0.448345 -0.89386
vn 0.334457 -0.200033 -0.920937
vn 0.31254 -0.420421 -0.851801
vn 0.49349 -0.195602 -0.847471
vn 0.463434 -0.40015 -0.790638
vn -0.409555 -0.562745 -0.718041
vn -0.297496 -0.563755 -0.770504
vn -0.392994 -0.563579 -0.726591
vn -0.302167 -0.56044 -0.771105
vn -0 -0.574711 -0.818357
vn 0 -0.575664 -0.817686
vn 0.297496 -0.563755 -0.770504
vn 0.302167 -0.56044 -0.771105
vn 0.409554 -0.562745 -0.718041
vn 0.392994 -0.563579 -0.726591
vn -0.396913 -0.780423 -0.483115
vn -0.307354 -0.811684 -0.496691
vn -0.323251 -0.876154 -0.357579
vn -0.427382 -0.835556 -0.345241
vn -0 -0.854375 -0.519657
vn -1e-05 -0.929817 -0.368021
vn 0.307354 -0.811684 -0.496691
vn 0.323239 -0.876147 -0.357606
vn 0.396913 -0.780423 -0.483115
vn 0.427375 -0.835543 -0.345281
vn -0.443314 -0.886452 -0.132946
vn -0.328548 -0.936237 -0.124566
vn -1.9e-05 -0.992145 -0.125095
vn 0.328529 -0.936243 -0.124566
vn 0.443314 -0.886452 -0.132949
vn -0.322209 -0.939413 0.116976
vn -0.447556 -0.888571 0.100676
vn -1.1e-05 -0.993325 0.115346
vn 0.322199 -0.939413 0.117007
vn 0.447554 -0.888566 0.100725
vn -0.459633 -0.843034 0.27934
vn -0.305548 -0.909808 0.280873
vn 0 -0.958686 0.284468
vn 0.305548 -0.909808 0.280873
vn 0.459633 -0.843034 0.27934
vn 0.732289 -0.597161 -0.327339
vn 0.654627 -0.577211 -0.48815
vn 0.728955 -0.598637 -0.332052
vn 0.645382 -0.575215 -0.502603
vn 0.775922 -0.626591 -0.073002
vn 0.798014 -0.597691 -0.077065
vn 0.759257 -0.597837 0.257138
vn 0.811454 -0.52502 0.256702
vn 0.724376 -0.548085 0.418188
vn 0.770403 -0.432198 0.468705
vn 0.815968 -0.454412 -0.357359
vn 0.724941 -0.41 -0.553498
vn 0.794952 -0.196428 -0.573993
vn 0.902188 -0.191641 -0.386433
vn 0.889767 -0.452349 -0.060792
vn 0.985606 -0.16653 -0.02911
vn 0.878439 -0.360674 0.313463
vn 0.913654 -0.10933 0.391513
vn 0.80725 -0.280498 0.519296
vn 0.820231 -0.073201 0.56733
vn 0.931918 0.055123 -0.358456
vn 0.830519 0.07601 -0.551779
vn 0.795818 0.283157 -0.535253
vn 0.892362 0.290639 -0.345281
vn 0.999123 0.041605 -0.004718
vn 0.961202 0.275648 0.010437
vn 0.915959 0.024364 0.400532
vn 0.901643 0.22225 0.371006
vn 0.8257 0.012738 0.563966
vn 0.826361 0.176365 0.534811
vn 0.731333 0.452949 -0.509892
vn 0.84601 0.436926 -0.305552
vn 0.912975 0.407229 0.025318
vn 0.870911 0.350568 0.344407
vn 0.808009 0.305743 0.50363
vn -0.654627 -0.577211 -0.48815
vn -0.732284 -0.597179 -0.32732
vn -0.728947 -0.598651 -0.332043
vn -0.645382 -0.575215 -0.502603
vn -0.775905 -0.626611 -0.073012
vn -0.798 -0.59771 -0.077067
vn -0.759252 -0.597849 0.257126
vn -0.811449 -0.525033 0.256691
vn -0.724376 -0.548086 0.418188
vn -0.770403 -0.432198 0.468705
vn -0.724941 -0.41 -0.553498
vn -0.815965 -0.454419 -0.357356
vn -0.794952 -0.196427 -0.573993
vn -0.902188 -0.191641 -0.386433
vn -0.889762 -0.452359 -0.060792
vn -0.985607 -0.16653 -0.02911
vn -0.878437 -0.36068 0.313461
vn -0.913655 -0.10933 0.391513
vn -0.80725 -0.280498 0.519296
vn -0.820231 -0.073201 0.56733
vn -0.830519 0.07601 -0.551779
vn -0.931918 0.055123 -0.358456
vn -0.795818 0.283158 -0.535253
vn -0.892362 0.290639 -0.345281
vn -0.999123 0.041605 -0.004719
vn -0.961202 0.275648 0.010437
vn -0.915959 0.024364 0.400532
vn -0.901643 0.222251 0.371006
vn -0.8257 0.012738 0.563966
vn -0.826361 0.176365 0.534811
vn -0.731332 0.452949 -0.509892
vn -0.84601 0.436926 -0.305552
vn -0.912975 0.407229 0.025318
vn -0.870911 0.350568 0.344407
vn -0.808009 0.305743 0.50363
vn -0.362668 0.091946 0.927371
vn -0.173594 0.082293 0.981373
vn 0 -0.565403 0.824815
vn 0 -0.476216 0.879328
vn 0.173594 0.082293 0.981373
vn 0.362668 0.091946 0.927371
vn 0 0.168557 0.985692
vn 0 0.292914 0.956139
vn 0.163156 0.099145 0.981606
vn -0.163156 0.099145 0.981606
vn 0 -0.914357 0.404909
vn -0.317457 -0.859274 0.401085
vn 0.317457 -0.859274 0.401085
vn 0.128403 0.017408 0.991569
vn -0.128403 0.017408 0.991569
vn -0.564624 0.110495 0.817919
vn -0.910379 -0.108104 0.399403
vn -0.814179 -0.071109 0.576243
vn -0.985898 -0.166298 -0.018723
vn -0.905731 -0.192229 -0.377755
vn -0.805381 -0.197154 -0.55901
vn -0.482776 -0.195607 -0.853619
vn -0.334839 -0.199638 -0.920884
vn 0 -0.202252 -0.979333
vn 0.334839 -0.199638 -0.920884
vn 0.482776 -0.195607 -0.853619
vn 0.905731 -0.192229 -0.377756
vn 0.805381 -0.197154 -0.55901
vn 0.985898 -0.166298 -0.018723
vn 0.910379 -0.108104 0.399403
vn 0.814179 -0.071109 0.576243
vn 0.564624 0.110495 0.817919
vn 0.054935 -0.339249 0.939091
vn -0.054935 -0.339249 0.939091
vn 0 -0.342498 0.939519
vt 0.597364 0.109709
vt 0.615277 0.096462
vt 0.621552 0.110274
vt 0.59783 0.120269
vt 0.669573 0.131856
vt 0.661714 0.130508
vt 0.663631 0.128381
vt 0.665548 0.126253
vt 0.68971 0.125089
vt 0.69184 0.127003
vt 0.684197 0.129511
vt 0.687581 0.123175
vt 0.739722 0.093918
vt 0.756534 0.109052
vt 0.732695 0.106735
vt 0.755482 0.119413
vt 0.598529 0.13611
vt 0.630966 0.130992
vt 0.596861 0.144328
vt 0.631194 0.139721
vt 0.669287 0.135979
vt 0.684461 0.133779
vt 0.721271 0.127112
vt 0.753905 0.134956
vt 0.755249 0.14357
vt 0.721185 0.136504
vt 0.592971 0.163503
vt 0.631728 0.160089
vt 0.600481 0.195241
vt 0.636887 0.19544
vt 0.667664 0.159339
vt 0.670161 0.199447
vt 0.685954 0.157963
vt 0.720984 0.158418
vt 0.716485 0.196151
vt 0.68402 0.200467
vt 0.758385 0.163671
vt 0.750948 0.196695
vt 0.603486 0.22347
vt 0.632778 0.232436
vt 0.662611 0.243563
vt 0.720009 0.234516
vt 0.690212 0.24559
vt 0.74813 0.22545
vt 0.607804 0.267816
vt 0.581346 0.24167
vt 0.636439 0.28831
vt 0.715889 0.292606
vt 0.743448 0.270584
vt 0.768479 0.244047
vt 0.577255 0.293394
vt 0.54991 0.2601
vt 0.609627 0.3206
vt 0.745939 0.323252
vt 0.774273 0.294645
vt 0.798939 0.262201
vt 0.393606 0.097083
vt 0.420992 0.06402
vt 0.424575 0.115962
vt 0.448641 0.091619
vt 0.452562 0.035949
vt 0.480601 0.068615
vt 0.907637 0.039885
vt 0.937215 0.070063
vt 0.907735 0.095708
vt 0.877422 0.070562
vt 0.962271 0.104926
vt 0.930074 0.12164
vt 0.445856 0.127807
vt 0.468461 0.117925
vt 0.501921 0.103793
vt 0.886164 0.120594
vt 0.853741 0.104201
vt 0.908037 0.132002
vt 0.476811 0.148256
vt 0.444273 0.150597
vt 0.51334 0.142849
vt 0.839682 0.142389
vt 0.875759 0.150285
vt 0.908053 0.154844
vt 0.478555 0.183598
vt 0.442989 0.181739
vt 0.515911 0.185656
vt 0.834191 0.18492
vt 0.871602 0.185424
vt 0.907203 0.186005
vt 0.442292 0.202394
vt 0.47496 0.205642
vt 0.441993 0.211246
vt 0.473419 0.215089
vt 0.510306 0.214056
vt 0.507903 0.226227
vt 0.837837 0.213636
vt 0.873679 0.20766
vt 0.874569 0.21719
vt 0.8394 0.225943
vt 0.906485 0.206658
vt 0.906177 0.215509
vt 0.441785 0.22355
vt 0.467159 0.230989
vt 0.441647 0.231753
vt 0.462986 0.241589
vt 0.498582 0.246996
vt 0.492368 0.260842
vt 0.847276 0.247302
vt 0.879724 0.233479
vt 0.883161 0.244339
vt 0.852527 0.261541
vt 0.905541 0.227796
vt 0.905117 0.235988
vt 0.441089 0.267688
vt 0.420194 0.240152
vt 0.466799 0.292644
vt 0.875857 0.295016
vt 0.903214 0.271877
vt 0.925939 0.245835
vt 0.389235 0.259752
vt 0.413853 0.291943
vt 0.439534 0.318819
vt 0.901264 0.322997
vt 0.928723 0.297943
vt 0.955484 0.267518
vt 0.538324 0.095506
vt 0.55834 0.058526
vt 0.58982 0.07651
vt 0.572889 0.105102
vt 0.580435 0.027676
vt 0.610878 0.047861
vt 0.781598 0.029467
vt 0.800593 0.061064
vt 0.749366 0.04627
vt 0.767224 0.076755
vt 0.817836 0.098393
vt 0.781367 0.106215
vt 0.635541 0.07122
vt 0.722254 0.066751
vt 0.929938 0.235436
vt 0.962467 0.252614
vt 0.821319 0.11482
vt 0.78589 0.119239
vt 0.935936 0.219836
vt 0.937446 0.21104
vt 0.97294 0.23026
vt 0.97463 0.219865
vt 0.792674 0.138774
vt 0.826543 0.139461
vt 0.792942 0.14793
vt 0.826365 0.150184
vt 0.940969 0.190516
vt 0.938793 0.155558
vt 0.978572 0.19561
vt 0.977024 0.156244
vt 0.793568 0.169293
vt 0.82595 0.175206
vt 0.78796 0.202964
vt 0.817865 0.214
vt 0.416916 0.229501
vt 0.383288 0.244405
vt 0.533574 0.111765
vt 0.567545 0.118021
vt 0.411998 0.213526
vt 0.411094 0.204646
vt 0.374369 0.221385
vt 0.373395 0.210899
vt 0.526448 0.136154
vt 0.559529 0.1374
vt 0.558758 0.146496
vt 0.525854 0.14671
vt 0.408984 0.183928
vt 0.413551 0.149201
vt 0.371123 0.186432
vt 0.375368 0.147269
vt 0.524468 0.17134
vt 0.55696 0.16772
vt 0.561357 0.201013
vt 0.530151 0.210032
vt 0.631423 0.14845
vt 0.662141 0.147268
vt 0.709738 0.086786
vt 0.691366 0.144576
vt 0.721099 0.145896
vt 0.645934 0.090992
vt 0.685251 0.146582
vt 0.668428 0.148346
vt 0.684788 0.138167
vt 0.695424 0.134536
vt 0.668801 0.140253
vt 0.657998 0.138214
vt 0.661523 0.12065
vt 0.657689 0.124905
vt 0.690965 0.116839
vt 0.695224 0.120667
vt 0.699483 0.124495
vt 0.653855 0.12916
vt 0.595194 0.152545
vt 0.557988 0.155592
vt 0.52526 0.157265
vt 0.41019 0.195767
vt 0.372421 0.200413
vt 0.44259 0.193542
vt 0.476501 0.196194
vt 0.512708 0.201884
vt 0.872789 0.19813
vt 0.836275 0.201329
vt 0.906793 0.197807
vt 0.938956 0.202244
vt 0.976319 0.20947
vt 0.79321 0.157085
vt 0.826187 0.160908
vt 0.756593 0.152185
usemtl standardSurface7SG
f 25/45/18 26/46/19 27/47/20
f 25/45/18 27/47/20 28/48/21
f 29/49/22 30/50/23 31/51/24
f 29/49/22 31/51/24 32/52/25
f 33/53/26 34/54/27 29/55/22
f 33/53/26 29/55/22 32/56/25
f 35/57/28 36/58/29 37/59/30
f 36/58/29 38/60/31 37/59/30
f 39/61/32 40/62/33 41/63/34
f 40/62/33 42/64/35 41/63/34
f 43/65/36 30/50/23 29/49/22
f 29/55/22 34/54/27 43/66/36
f 44/67/37 45/68/38 46/69/39
f 44/67/37 46/69/39 47/70/40
f 48/71/41 49/72/42 50/73/43
f 49/72/42 51/74/44 50/73/43
f 49/72/42 52/75/45 51/74/44
f 52/75/45 53/76/46 51/74/44
f 52/77/45 54/78/47 55/79/48
f 52/77/45 55/79/48 53/80/46
f 54/78/47 56/81/49 57/82/50
f 54/78/47 57/82/50 55/79/48
f 50/73/43 51/74/44 58/83/51
f 51/74/44 59/84/52 58/83/51
f 51/74/44 53/76/46 59/84/52
f 53/76/46 60/85/53 59/84/52
f 53/80/46 55/79/48 61/86/54
f 53/80/46 61/86/54 60/87/53
f 55/79/48 57/82/50 62/88/55
f 55/79/48 62/88/55 61/86/54
f 58/83/56 59/84/57 63/89/58
f 58/83/56 63/89/58 64/90/59
f 59/84/57 60/85/60 65/91/61
f 59/84/57 65/91/61 63/89/58
f 60/87/60 61/86/62 65/92/61
f 61/86/62 66/93/63 65/92/61
f 61/86/62 62/88/64 66/93/63
f 62/88/64 67/94/65 66/93/63
f 64/90/59 63/89/58 68/95/66
f 64/90/59 68/95/66 69/96/67
f 63/89/58 65/91/61 70/97/68
f 63/89/58 70/97/68 68/95/66
f 65/92/61 66/93/63 70/98/68
f 66/93/63 71/99/69 70/98/68
f 66/93/63 67/94/65 71/99/69
f 67/94/65 72/100/70 71/99/69
f 69/101/67 68/102/66 73/103/71
f 68/102/66 74/104/72 73/103/71
f 68/102/66 70/105/68 74/104/72
f 70/105/68 75/106/73 74/104/72
f 70/107/68 71/108/69 76/109/74
f 70/107/68 76/109/74 75/110/73
f 71/108/69 72/111/70 77/112/75
f 71/108/69 77/112/75 76/109/74
f 73/103/71 74/104/72 78/113/76
f 74/104/72 79/114/77 78/113/76
f 74/104/72 75/106/73 79/114/77
f 75/106/73 80/115/78 79/114/77
f 75/110/73 76/109/74 81/116/79
f 75/110/73 81/116/79 80/117/78
f 76/109/74 77/112/75 82/118/80
f 76/109/74 82/118/80 81/116/79
f 78/113/81 79/114/82 83/119/83
f 78/113/81 83/119/83 84/120/84
f 79/114/82 80/115/85 85/121/86
f 79/114/82 85/121/86 83/119/83
f 80/117/85 81/116/87 85/122/86
f 81/116/87 86/123/88 85/122/86
f 81/116/87 82/118/89 86/123/88
f 82/118/89 87/124/90 86/123/88
f 84/120/84 83/119/83 88/125/91
f 84/120/84 88/125/91 89/126/92
f 83/119/83 85/121/86 90/127/93
f 83/119/83 90/127/93 88/125/91
f 85/122/86 86/123/88 90/128/93
f 86/123/88 91/129/94 90/128/93
f 86/123/88 87/124/90 91/129/94
f 87/124/90 92/130/95 91/129/94
f 93/131/96 94/132/97 95/133/98
f 94/132/97 96/134/99 95/133/98
f 94/132/97 97/135/100 96/134/99
f 97/135/100 98/136/101 96/134/99
f 97/137/100 99/138/102 100/139/103
f 97/137/100 100/139/103 98/140/101
f 99/138/102 101/141/104 102/142/105
f 99/138/102 102/142/105 100/139/103
f 103/143/106 104/144/107 105/145/108
f 104/144/107 106/146/109 105/145/108
f 104/144/107 107/147/110 106/146/109
f 107/147/110 108/148/111 106/146/109
f 107/149/110 109/150/112 110/151/113
f 107/149/110 110/151/113 108/152/111
f 109/150/112 111/153/114 112/154/115
f 109/150/112 112/154/115 110/151/113
f 105/145/116 106/146/117 113/155/118
f 105/145/116 113/155/118 114/156/119
f 106/146/117 108/148/120 115/157/121
f 106/146/117 115/157/121 113/155/118
f 108/152/120 110/151/122 115/158/121
f 110/151/122 116/159/123 115/158/121
f 110/151/122 112/154/124 116/159/123
f 112/154/124 117/160/125 116/159/123
f 114/156/119 113/155/118 118/161/126
f 113/155/118 119/162/127 118/161/126
f 113/155/118 115/157/121 120/163/128
f 113/155/118 120/163/128 119/162/127
f 115/158/121 116/159/123 120/164/128
f 116/159/123 121/165/129 120/164/128
f 116/159/123 117/160/125 122/166/130
f 116/159/123 122/166/130 121/165/129
f 118/167/126 119/168/127 123/169/131
f 118/167/126 123/169/131 124/170/132
f 119/168/127 120/171/128 125/172/133
f 119/168/127 125/172/133 123/169/131
f 120/173/128 121/174/129 125/175/133
f 121/174/129 126/176/134 125/175/133
f 121/174/129 122/177/130 126/176/134
f 122/177/130 127/178/135 126/176/134
f 124/170/132 123/169/131 25/45/136
f 123/169/131 26/46/137 25/45/136
f 123/169/131 125/172/133 26/46/137
f 125/172/133 128/179/138 26/46/137
f 125/175/133 126/176/134 35/57/139
f 125/175/133 35/57/139 128/180/138
f 126/176/134 127/178/135 36/58/140
f 126/176/134 36/58/140 35/57/139
f 117/160/141 112/154/142 129/181/143
f 112/154/142 111/153/144 129/181/143
f 122/166/145 117/160/141 130/182/146
f 117/160/141 129/181/143 130/182/146
f 127/178/147 122/177/145 130/183/146
f 127/178/147 130/183/146 131/184/148
f 36/58/149 127/178/147 131/184/148
f 36/58/149 131/184/148 38/60/150
f 132/185/151 102/142/152 101/141/153
f 132/185/151 101/141/153 133/186/154
f 134/187/155 132/185/151 135/188/156
f 132/185/151 133/186/154 135/188/156
f 136/189/157 134/190/155 137/191/158
f 134/190/155 135/192/156 137/191/158
f 45/68/159 136/189/157 46/69/160
f 136/189/157 137/191/158 46/69/160
f 138/193/161 92/130/162 87/124/163
f 138/193/161 87/124/163 139/194/164
f 140/195/165 138/193/161 141/196/166
f 138/193/161 139/194/164 141/196/166
f 142/197/167 140/198/165 143/199/168
f 140/198/165 141/200/166 143/199/168
f 56/81/169 142/197/167 57/82/170
f 142/197/167 143/199/168 57/82/170
f 139/194/164 87/124/163 82/118/171
f 139/194/164 82/118/171 77/112/172
f 141/196/166 139/194/164 77/112/172
f 141/196/166 77/112/172 72/111/173
f 143/199/168 141/200/166 72/100/173
f 143/199/168 72/100/173 67/94/174
f 57/82/170 143/199/168 62/88/175
f 143/199/168 67/94/174 62/88/175
f 105/145/176 114/156/177 144/201/178
f 105/145/176 144/201/178 103/143/179
f 114/156/177 118/161/180 145/202/181
f 114/156/177 145/202/181 144/201/178
f 118/167/180 124/170/182 145/203/181
f 124/170/182 146/204/183 145/203/181
f 124/170/182 25/45/184 146/204/183
f 25/45/184 28/48/185 146/204/183
f 95/133/186 147/205/187 93/131/188
f 147/205/187 148/206/189 93/131/188
f 147/205/187 149/207/190 150/208/191
f 147/205/187 150/208/191 148/206/189
f 149/209/190 151/210/192 152/211/193
f 149/209/190 152/211/193 150/212/191
f 151/210/192 39/61/194 41/63/195
f 151/210/192 41/63/195 152/211/193
f 89/126/196 153/213/197 84/120/198
f 153/213/197 154/214/199 84/120/198
f 153/213/197 155/215/200 156/216/201
f 153/213/197 156/216/201 154/214/199
f 155/217/200 157/218/202 158/219/203
f 155/217/200 158/219/203 156/220/201
f 157/218/202 48/71/204 50/73/205
f 157/218/202 50/73/205 158/219/203
f 84/120/198 154/214/199 78/113/206
f 154/214/199 73/103/207 78/113/206
f 154/214/199 156/216/201 73/103/207
f 156/216/201 69/101/208 73/103/207
f 156/220/201 158/219/203 69/96/208
f 158/219/203 64/90/209 69/96/208
f 158/219/203 50/73/205 58/83/210
f 158/219/203 58/83/210 64/90/209
f 159/221/211 160/222/212 49/72/42
f 160/222/212 52/75/45 49/72/42
f 128/180/213 35/57/28 161/223/214
f 35/57/28 37/59/30 161/223/214
f 162/224/215 163/225/216 54/78/47
f 162/224/215 54/78/47 52/77/45
f 26/46/19 128/179/213 161/226/214
f 26/46/19 161/226/214 27/47/20
f 164/227/217 162/224/215 52/77/45
f 52/75/45 160/222/212 164/228/217
f 165/229/218 166/230/219 162/224/215
f 165/229/218 162/224/215 164/227/217
f 164/228/217 160/222/212 165/231/218
f 160/222/212 167/232/220 165/231/218
f 32/52/25 31/51/24 168/233/221
f 31/51/24 169/234/222 168/233/221
f 168/235/221 170/236/223 33/53/26
f 168/235/221 33/53/26 32/56/25
f 34/54/27 33/53/26 171/237/224
f 33/53/26 170/236/223 171/237/224
f 43/66/36 34/54/27 165/229/218
f 165/231/218 30/50/23 43/65/36
f 172/238/225 169/234/222 31/51/24
f 172/238/225 31/51/24 30/50/23
f 166/230/219 165/229/218 171/237/224
f 165/229/218 34/54/27 171/237/224
f 30/50/23 165/231/218 172/238/225
f 165/231/218 167/232/220 172/238/225
f 173/239/226 159/221/211 48/71/41
f 159/221/211 49/72/42 48/71/41
f 174/240/227 173/239/228 48/71/204
f 174/240/227 48/71/204 157/218/202
f 175/241/229 174/240/227 157/218/202
f 175/241/229 157/218/202 155/217/200
f 176/242/230 175/243/229 155/215/200
f 176/242/230 155/215/200 153/213/197
f 177/244/231 176/242/230 89/126/196
f 176/242/230 153/213/197 89/126/196
f 89/126/92 88/125/91 177/244/232
f 88/125/91 178/245/233 177/244/232
f 88/125/91 90/127/93 178/245/233
f 90/127/93 179/246/234 178/245/233
f 90/128/93 91/129/94 180/247/235
f 90/128/93 180/247/235 179/248/234
f 91/129/94 92/130/95 181/249/236
f 91/129/94 181/249/236 180/247/235
f 182/250/237 181/249/238 92/130/162
f 182/250/237 92/130/162 138/193/161
f 183/251/239 182/250/237 140/195/165
f 182/250/237 138/193/161 140/195/165
f 184/252/240 183/253/239 142/197/167
f 183/253/239 140/198/165 142/197/167
f 185/254/241 184/252/240 56/81/169
f 184/252/240 142/197/167 56/81/169
f 163/225/216 185/254/242 56/81/49
f 163/225/216 56/81/49 54/78/47
f 41/63/34 42/64/35 173/239/226
f 42/64/35 159/221/211 173/239/226
f 152/211/193 41/63/195 173/239/228
f 152/211/193 173/239/228 174/240/227
f 150/212/191 152/211/193 174/240/227
f 150/212/191 174/240/227 175/241/229
f 148/206/189 150/208/191 175/243/229
f 148/206/189 175/243/229 176/242/230
f 93/131/188 148/206/189 177/244/231
f 148/206/189 176/242/230 177/244/231
f 177/244/232 178/245/233 93/131/96
f 178/245/233 94/132/97 93/131/96
f 178/245/233 179/246/234 94/132/97
f 179/246/234 97/135/100 94/132/97
f 179/248/234 180/247/235 99/138/102
f 179/248/234 99/138/102 97/137/100
f 180/247/235 181/249/236 101/141/104
f 180/247/235 101/141/104 99/138/102
f 133/186/154 101/141/153 181/249/238
f 133/186/154 181/249/238 182/250/237
f 135/188/156 133/186/154 183/251/239
f 133/186/154 182/250/237 183/251/239
f 137/191/158 135/192/156 184/252/240
f 135/192/156 183/253/239 184/252/240
f 46/69/160 137/191/158 185/254/241
f 137/191/158 184/252/240 185/254/241
f 47/70/40 46/69/39 185/254/242
f 47/70/40 185/254/242 163/225/216
f 172/238/225 167/232/220 42/64/35
f 172/238/225 42/64/35 40/62/33
f 42/64/35 167/232/220 160/222/212
f 42/64/35 160/222/212 159/221/211
f 166/230/219 47/70/40 162/224/215
f 47/70/40 163/225/216 162/224/215
f 171/237/224 44/67/37 47/70/40
f 171/237/224 47/70/40 166/230/219
f 28/48/21 27/47/20 40/62/33
f 28/48/21 40/62/33 39/61/32
f 146/204/183 28/48/185 151/210/192
f 28/48/185 39/61/194 151/210/192
f 145/203/181 146/204/183 149/209/190
f 146/204/183 151/210/192 149/209/190
f 144/201/178 145/202/181 149/207/190
f 144/201/178 149/207/190 147/205/187
f 103/143/179 144/201/178 147/205/187
f 103/143/179 147/205/187 95/133/186
f 95/133/98 96/134/99 103/143/106
f 96/134/99 104/144/107 103/143/106
f 96/134/99 98/136/101 104/144/107
f 98/136/101 107/147/110 104/144/107
f 98/140/101 100/139/103 109/150/112
f 98/140/101 109/150/112 107/149/110
f 100/139/103 102/142/105 111/153/114
f 100/139/103 111/153/114 109/150/112
f 129/181/143 111/153/144 132/185/151
f 111/153/144 102/142/152 132/185/151
f 130/182/146 129/181/143 134/187/155
f 129/181/143 132/185/151 134/187/155
f 131/184/148 130/183/146 134/190/155
f 131/184/148 134/190/155 136/189/157
f 38/60/150 131/184/148 136/189/157
f 38/60/150 136/189/157 45/68/159
f 37/59/30 38/60/31 44/67/37
f 38/60/31 45/68/38 44/67/37
f 170/236/243 44/67/37 171/237/224
f 40/62/33 27/47/20 161/226/214
f 169/234/244 40/62/33 161/226/214
f 168/233/245 169/234/244 161/226/214
f 40/62/33 169/234/244 172/238/225
f 168/235/245 161/223/214 37/59/30
f 170/236/243 168/235/245 37/59/30
f 44/67/37 170/236/243 37/59/30
s off
g Head_uv_standardSurface7SG_1
v -1.89993 9.39946 2.00976
v -1.11493 9.336 2.53157
v -1.74036 10.2312 1.85036
v -0.952881 10.4957 2.28823
v 1.11493 9.336 2.53157
v 1.89993 9.39946 2.00976
v 1.74036 10.2312 1.85036
v 0.952881 10.4957 2.28823
v -1.03809 11.2469 1.20175
v -2.01567 10.675 1.13374
v -0.381152 10.5932 2.39513
v -0.415236 11.3548 1.22278
v 0 10.6581 2.4664
v 0.381153 10.5932 2.39513
v 0 11.4268 1.23681
v 0.415236 11.3548 1.22278
v 1.03809 11.2469 1.20175
v 2.01567 10.675 1.13374
v -1.19873 11.5024 0.044891
v -2.22488 10.8738 0.044133
v -0.479492 11.6391 0.053853
v 0 11.7302 0.059828
v 0.479492 11.6391 0.053853
v 1.19873 11.5024 0.044891
v 2.22488 10.8738 0.044133
v -2.00738 10.6301 -0.994339
v -1.16108 11.2492 -1.10664
v -0.464431 11.3833 -1.14057
v 0.464431 11.3833 -1.14057
v 0 11.4726 -1.16319
v 2.00738 10.6301 -0.994339
v 1.16108 11.2492 -1.10664
v -1.71075 10.3769 -1.63158
v -1.05881 10.6483 -1.91906
v -0.423523 10.7583 -2.03423
v 0.423524 10.7583 -2.03423
v 0 10.8317 -2.11101
v 1.71075 10.3769 -1.63158
v 1.05881 10.6483 -1.91906
v -1.10439 9.81351 -2.44656
v -1.95774 9.72633 -1.86658
v -0.441755 9.83103 -2.54422
v 0 9.8427 -2.60933
v 0.441755 9.83103 -2.54422
v 1.10439 9.81351 -2.44656
v 1.95774 9.72633 -1.86658
v -1.09961 8.6973 -2.58048
v -2.09872 8.69188 -2.0273
v -0.439842 8.70273 -2.7145
v 0 8.70635 -2.80385
v 0.439842 8.70273 -2.7145
v 1.09961 8.6973 -2.58048
v 2.09872 8.69188 -2.0273
v -1.97376 7.96285 -1.91583
v -1.079 8.00919 -2.44885
v -1.92893 7.70468 -1.87551
v -1.07005 7.70018 -2.38916
v -0.431598 7.9758 -2.56469
v -0.428019 7.64908 -2.49716
v 0 7.95354 -2.64191
v 0.431598 7.9758 -2.56469
v 0.428019 7.64908 -2.49716
v 0 7.615 -2.56917
v 1.079 8.00919 -2.44885
v 1.97376 7.96285 -1.91583
v 1.92893 7.70468 -1.87551
v 1.07005 7.70018 -2.38916
v 2.28693 7.63138 -1.32613
v 2.54825 7.89482 -1.12268
v 2.68765 8.73236 -1.10586
v 2.53594 9.60705 -1.0841
v 2.88718 8.75336 -0.130059
v 2.78062 9.5361 -0.091785
v 2.5422 9.5064 0.95219
v -2.28693 7.63138 -1.32613
v -2.54825 7.89482 -1.12268
v -2.68765 8.73236 -1.10586
v -2.53594 9.60705 -1.0841
v -2.88718 8.75336 -0.130059
v -2.78062 9.5361 -0.091785
v -2.5422 9.5064 0.95219
v -2.03092 8.29491 -1.96704
v -2.62197 8.28658 -1.10619
v -1.08689 8.29673 -2.50382
v -0.434757 8.27994 -2.62746
v 0.434757 8.27994 -2.62746
v 0 8.26874 -2.70989
v 2.03092 8.29491 -1.96704
v 1.08689 8.29673 -2.50382
v 2.62197 8.28658 -1.10619
v -1.76658 7.36973 -1.72257
v -1.02361 7.2812 -2.06924
v -0.409443 7.15574 -2.10722
v 0.409443 7.15574 -2.10722
v 0 7.0721 -2.13255
v 1.76658 7.36973 -1.72257
v 1.02361 7.2812 -2.06924
v -1.0071 8.43775 2.61834
v -1.07833 8.92425 2.68458
v -1.66108 8.48261 2.13696
v -1.93553 8.81595 2.02784
v 1.07 8.8842 2.66624
v 1.93553 8.81595 2.02784
v 2.09088 8.44384 1.82104
v 2.49493 8.69894 1.10333
v 2.57922 8.82941 0.944038
v -2.57922 8.82941 0.944038
v 2.81662 8.25702 -0.538036
v -2.81661 8.25702 -0.538036
v 1.0071 8.43775 2.61834
v 1.66108 8.48261 2.13696
v -2.49493 8.69894 1.10333
v -2.09088 8.44384 1.82104
v -1.71659 8.4009 2.12727
v 1.71659 8.4009 2.12727
v -2.58514 8.60744 0.942068
v -2.75529 8.41549 0.181545
v -2.49827 8.30856 1.09551
v 2.58514 8.60744 0.942068
v 2.75529 8.41549 0.181545
v 2.49827 8.30856 1.09551
v 2.12748 7.39948 -1.32329
v -2.12748 7.39948 -1.32329
v -0.444222 9.28049 2.64364
v 0.447723 9.28049 2.64364
v 0.002917 9.24195 2.73143
v -0.444222 9.28049 2.7529
v -1.11493 9.336 2.65568
v 0.447723 9.28049 2.7529
v 0.002917 9.24195 2.8193
v 0.389141 9.74713 2.71766
v -0.385722 9.74713 2.71766
v -1.11493 9.336 2.81607
v -0.415461 9.79469 2.90884
v 1.11493 9.336 2.65568
v 0.415461 9.79469 2.90884
v 1.11493 9.336 2.81607
v -1.13399 8.97858 2.84575
v -0.535676 9.17124 2.98566
v 1.04265 8.72517 2.85484
v 0.516403 8.81054 2.96659
v 0.433769 8.39803 2.80647
v -1.04265 8.72517 2.85484
v -0.516403 8.81054 2.96659
v 1.13399 8.97858 2.84575
v 0.535676 9.17124 2.98566
v -0.433769 8.39803 2.80647
v 1.0221 8.90974 2.49752
v 0.933831 8.45725 2.482
v -1.03071 8.95118 2.51649
v -0.933831 8.45725 2.482
v -1.04747 8.73297 2.70707
v 1.03914 8.69292 2.68873
v 0.416824 9.68027 2.83295
v 0.002917 9.20722 2.94917
v -0.416824 9.68027 2.83295
v -0.519049 9.16961 2.90123
v 0.519049 9.16961 2.90123
v -0.500653 8.81054 2.84701
v 0.500653 8.81054 2.84701
v -0.433769 8.39803 2.70057
v 0.433769 8.39803 2.70057
v 2.45298 7.92977 -1.08253
v 2.18934 7.68841 -1.30139
v -2.45298 7.92977 -1.08253
v -2.18934 7.68841 -1.30139
v -2.50745 8.31912 -1.09695
v 2.50745 8.31912 -1.09695
v -1.6762 7.44198 -1.70504
v -0.942222 7.35707 -2.04706
v -0.317951 7.22883 -2.08285
v 0 7.14272 -2.10741
v 0.317951 7.22883 -2.08285
v 1.6762 7.44198 -1.70504
v 0.942222 7.35707 -2.04706
v 2.38241 8.71838 1.04745
v 1.97472 8.47237 1.77839
v 2.768 8.80249 -0.152827
v 2.69963 8.27287 -0.531405
v -2.69963 8.27287 -0.531405
v -2.768 8.80249 -0.152827
v 1.57754 8.55302 2.03539
v 1.84158 8.89771 1.97207
v -1.84136 8.8991 1.9726
v -1.57715 8.55577 2.03653
v -2.45836 8.87154 0.903818
v -2.38241 8.71838 1.04745
v -1.97472 8.47237 1.77839
v 2.45836 8.87154 0.903818
v -1.6346 8.45047 2.02461
v 1.6346 8.45047 2.02461
v -2.63645 8.45674 0.124869
v -2.45642 8.65983 0.929547
v -2.36531 8.35159 1.09296
v 2.45642 8.65983 0.929547
v 2.63645 8.45674 0.124869
v 2.36531 8.35159 1.09296
v 2.03331 7.46798 -1.30344
v -2.03331 7.46798 -1.30344
v -0.640143 9.19912 2.75797
v 0.640144 9.19912 2.75797
v 0.002917 9.11281 2.86668
v -0.621618 9.20477 2.58525
v 0.613001 9.16333 2.56628
v 0.001995 9.09273 2.64823
v 1.9566 8.74746 -1.70348
v 2.23441 8.93281 -1.43296
v -1.9566 8.74746 -1.70348
v -2.23441 8.93281 -1.43296
v -2.47962 9.124 -1.15044
v 2.47962 9.124 -1.15044
v -0.764577 8.37206 -2.26868
v -1.20423 8.45992 -2.14235
v -0.318483 8.29684 -2.37275
v 0 8.25471 -2.42938
v 0.318483 8.29684 -2.37275
v 0.764577 8.37206 -2.26868
v 1.20423 8.45992 -2.14235
v 2.07295 9.7708 1.21898
v 1.78704 9.73921 1.52527
v 2.63826 9.50465 -0.438806
v 2.57651 9.31792 -0.800663
v -2.57651 9.31792 -0.800663
v -2.63826 9.50465 -0.438806
v -0.971536 9.65449 2.19962
v -1.43717 9.69744 1.84904
v -2.07295 9.7708 1.21898
v -2.31431 9.78265 0.933339
v -1.78704 9.73921 1.52527
v 2.31431 9.78265 0.933339
v -2.65032 9.64339 -0.057519
v -2.48695 9.75284 0.66528
v -2.592 9.70889 0.333698
v 2.48695 9.75284 0.66528
v 2.65032 9.64339 -0.057519
v 2.592 9.70889 0.333698
v 1.60565 8.58968 -1.94189
v -1.60565 8.58968 -1.94189
v -0.452311 9.67468 2.43073
v 0.971536 9.65449 2.19962
v 0.452311 9.67468 2.43073
v 0 9.6643 2.52949
v 1.43717 9.69744 1.84904
vn -0.527524 0.249433 0.812097
vn 0.527524 0.249433 0.812097
vn -0.481202 0.683332 0.549092
vn -0.344787 0.755139 0.557573
vn -0.372898 0.83977 0.394631
vn -0.5012 0.777277 0.380315
vn -0.198424 0.816501 0.542176
vn -0.191622 0.896476 0.399516
vn 0 0.84207 0.539369
vn 0.198424 0.816501 0.542176
vn -0 0.917145 0.398554
vn 0.191622 0.896475 0.399516
vn 0.344787 0.755138 0.557573
vn 0.481202 0.683332 0.549092
vn 0.372898 0.83977 0.394631
vn 0.5012 0.777277 0.380315
vn -0.410302 0.911895 0.009971
vn -0.542304 0.840132 0.009186
vn -0.18813 0.9821 0.009336
vn 0 0.999923 0.01238
vn 0.18813 0.9821 0.009336
vn 0.410302 0.911895 0.00997
vn 0.542304 0.840132 0.009186
vn -0.549141 0.762188 -0.342802
vn -0.400449 0.83754 -0.371708
vn -0.20129 0.901951 -0.382056
vn 0.201291 0.90195 -0.382057
vn 0 0.925543 -0.378642
vn 0.54914 0.762189 -0.342802
vn 0.400449 0.83754 -0.371709
vn -0.532816 0.656802 -0.53359
vn -0.365486 0.737159 -0.568345
vn -0.209347 0.793713 -0.571134
vn 0.209348 0.793712 -0.571135
vn -0 0.821845 -0.569711
vn 0.532815 0.656802 -0.533592
vn 0.365487 0.737158 -0.568346
vn -0.522245 0.468624 -0.712497
vn -0.356776 0.494538 -0.792555
vn -0.383797 0.292215 -0.875963
vn -0.528878 0.262297 -0.807148
vn -0.187703 0.483986 -0.854708
vn -0.183134 0.309509 -0.933095
vn 0 0.467076 -0.884217
vn 0.187704 0.483986 -0.854708
vn -0 0.309159 -0.95101
vn 0.183134 0.309509 -0.933095
vn 0.356776 0.494538 -0.792555
vn 0.522244 0.468625 -0.712497
vn 0.383797 0.292215 -0.875963
vn 0.528878 0.262297 -0.807148
vn -0.387115 0.050976 -0.920621
vn -0.516062 0.054616 -0.854808
vn -0.180019 0.049842 -0.9824
vn -0 0.060032 -0.998196
vn 0.180019 0.049842 -0.9824
vn 0.387115 0.050976 -0.920621
vn 0.516062 0.054616 -0.854808
vn -0.493742 -0.196599 -0.847094
vn -0.376176 -0.198919 -0.904944
vn -0.462786 -0.4054 -0.78834
vn -0.336601 -0.434962 -0.83517
vn -0.18257 -0.199124 -0.962818
vn -0.181752 -0.477988 -0.859357
vn -0 -0.207365 -0.978264
vn 0.18257 -0.199124 -0.962818
vn 0.181752 -0.477988 -0.859356
vn 0 -0.493262 -0.869881
vn 0.376177 -0.198919 -0.904943
vn 0.493742 -0.196599 -0.847094
vn 0.462786 -0.4054 -0.78834
vn 0.336601 -0.434962 -0.835169
vn 0.775144 -0.277453 -0.567603
vn 0.796205 -0.196796 -0.572127
vn 0.793095 -0.210274 -0.571652
vn 0.89482 0.107577 -0.433273
vn 0.829202 0.065347 -0.555116
vn 0.875509 0.310989 -0.369825
vn 0.790618 0.30199 -0.532658
vn 0.964069 0.157964 -0.213583
vn 0.937112 0.344861 -0.053783
vn 0.744416 0.442082 -0.500408
vn 0.841791 0.433875 -0.321156
vn 0.916197 0.399886 0.025964
vn 0.882816 0.334542 0.329724
vn 0.879448 0.3309 0.342165
vn 0.816697 0.274505 0.507595
vn -0.775144 -0.277452 -0.567602
vn -0.796205 -0.196797 -0.572126
vn -0.793095 -0.210275 -0.571652
vn -0.829202 0.065347 -0.555116
vn -0.89482 0.107577 -0.433273
vn -0.875509 0.310989 -0.369825
vn -0.790618 0.30199 -0.532659
vn -0.96407 0.157963 -0.213583
vn -0.937112 0.344861 -0.053783
vn -0.744416 0.442083 -0.500408
vn -0.841791 0.433875 -0.321156
vn -0.916197 0.399886 0.025964
vn -0.882816 0.334542 0.329724
vn -0.879448 0.3309 0.342165
vn -0.816697 0.274505 0.507595
vn -0.81383 -0.170472 -0.555535
vn -0.814298 -0.170397 -0.554873
vn -0.483263 -0.195959 -0.853263
vn -0.376251 -0.198018 -0.90511
vn -0.188255 -0.198656 -0.961819
vn 0.188255 -0.198656 -0.961819
vn -0 -0.207182 -0.978302
vn 0.483263 -0.19596 -0.853263
vn 0.376251 -0.198018 -0.90511
vn 0.814298 -0.170396 -0.554873
vn 0.81383 -0.170472 -0.555535
vn -0.416166 -0.563058 -0.713983
vn -0.301545 -0.591736 -0.747609
vn -0.175729 -0.613986 -0.769507
vn 0.17573 -0.613986 -0.769507
vn 0 -0.625532 -0.780199
vn 0.416166 -0.563058 -0.713983
vn 0.301545 -0.591737 -0.747608
vn -0.583339 -0.204853 0.785971
vn 0.571496 0.114734 0.812545
vn 0.844724 0.043048 0.533469
vn 0.82909 0.034553 0.558047
vn 0.857354 0.07305 0.509517
vn 0.855081 0.055675 0.515497
vn -0.85475 0.053314 0.516295
vn -0.855081 0.055675 0.515497
vn -0.844724 0.043048 0.533469
vn -0.965083 0.087071 0.247048
vn -0.966444 0.058695 0.250081
vn -0.966741 0.048465 0.251123
vn 0.968357 -0.032811 -0.247403
vn -0.968357 -0.032812 -0.247402
vn -0.579992 0.137442 0.802944
vn 0.580663 -0.189041 0.791892
vn -0.857354 0.07305 0.509517
vn -0.82909 0.034554 0.558047
vn 0.854749 0.053314 0.516296
vn -0.636184 -0.154516 0.755906
vn 0.636183 -0.154518 0.755907
vn -0.961198 -0.096613 0.258389
vn -0.962292 -0.077679 0.260693
vn 0.965083 0.087071 0.247048
vn 0.966444 0.058694 0.250081
vn 0.966741 0.048464 0.251123
vn -0.956339 -0.148841 0.25152
vn 0.961198 -0.096613 0.258389
vn 0.962292 -0.077679 0.260693
vn 0.956339 -0.148841 0.25152
vn 0.666991 -0.524159 -0.52951
vn -0.666991 -0.524159 -0.52951
vn -0.66699 -0.524159 -0.52951
vn -0.183019 0.197754 0.963015
vn -0.183511 0.197009 0.963074
vn -0.176572 0.207484 0.962171
vn 0.183507 0.198193 0.962832
vn 0.184022 0.197428 0.962891
vn 0.191529 0.186223 0.963658
vn 0.083849 0.996478 0
vn 0.083529 0.996505 0
vn 0.082486 0.996592 0
vn -0.084287 0.996442 0
vn -0.083963 0.996469 0
vn -0.086306 0.996269 0
vn -0.137218 -0.091714 -0.986286
vn -0.137331 -0.091727 -0.986269
vn -0.139212 -0.091941 -0.985985
vn 0.136527 -0.091611 -0.986391
vn 0.136638 -0.091624 -0.986375
vn 0.135434 -0.091486 -0.986554
vn -0.501029 0.850976 -0.15751
vn 0.502683 0.850869 -0.152748
vn -0.241762 0.138602 0.960386
vn -0.22742 0.057261 0.972112
vn -0.232572 0.08551 0.968813
vn 0.192063 -0.123308 0.973605
vn 0.180556 -0.179003 0.967139
vn 0.132349 -0.381605 0.914801
vn 0.138511 -0.091837 -0.986094
vn 0.085859 0.996307 0
vn -0.191012 0.185599 0.963881
vn -0.136121 -0.091588 -0.98645
vn -0.082916 0.996556 0
vn -0.082916 0.996557 0
vn 0.177054 0.207749 0.962025
vn -0.996071 -0.088555 0
vn 0.995091 -0.098966 0
vn -0.192064 -0.123308 0.973605
vn -0.180556 -0.179003 0.967139
vn 0.241762 0.138602 0.960386
vn 0.227419 0.057261 0.972112
vn 0.232572 0.08551 0.968813
vn -0.132349 -0.381605 0.914801
vn -0.985719 -0.035037 -0.164713
vn 0.983911 -0.040123 -0.174097
vn -0.915289 0.126943 0.382272
vn 0.916632 0.117927 0.381942
vn -0.955555 -0.270833 -0.116462
vn 0.95886 -0.269752 -0.088434
vn -0.688346 0.639346 0.34266
vn 0.681397 0.641553 0.352291
vn 0.964274 -0.16235 0.209329
vn -0.964274 -0.16235 0.209329
vn 0.987053 0.035733 0.156365
vn -0.987053 0.035733 0.156365
vn 0.985813 0.153075 0.06886
vn -0.985813 0.153075 0.06886
vn 0.973569 -0.134182 0.184821
vn -0.978864 -0.121009 0.164867
vn -0.978865 -0.121009 0.164867
vn -0.476737 -0.878862 -0.017972
vn 0.451305 -0.886828 0.099297
vn -0.032724 -0.621077 0.783066
vn 0.032723 -0.621077 0.783066
vn 0.032723 -0.621078 0.783066
vn -0.217332 -0.038256 0.975348
vn 0.217333 -0.038256 0.975348
vn 0.409078 -0.680231 0.608228
vn 0.2234 -0.495408 0.839443
vn 0.353152 -0.618293 0.702138
vn 0.118085 -0.406184 0.906129
vn -0.004554 -0.299205 0.954178
vn -0.006958 -0.308902 0.951068
vn 0 -0.320136 0.947371
vn 0.004553 -0.299203 0.954179
vn 0.006958 -0.308901 0.951069
vn -0.223401 -0.495404 0.839444
vn -0.409079 -0.68023 0.608229
vn -0.353153 -0.61829 0.70214
vn -0.118085 -0.40618 0.906131
vn -0.021822 -0.908776 -0.416713
vn -0.071763 -0.938368 -0.338107
vn -0.019926 -0.906409 -0.42193
vn -0.089688 -0.93965 -0.330173
vn -0.212463 -0.576248 0.789175
vn -0.204289 -0.978901 0.004251
vn 0.204289 -0.978901 0.00425
vn 0.212463 -0.576249 0.789175
vn -0.10465 -0.95114 -0.290485
vn -0.10465 -0.95114 -0.290486
vn 0.326526 -0.468161 -0.821101
vn -0.316479 -0.463583 -0.827606
vn -0.316479 -0.463584 -0.827606
vn 0.108726 -0.948085 -0.298853
vn 0.021831 -0.908775 -0.416716
vn -0.074705 -0.747347 -0.660221
vn 0.019934 -0.906407 -0.421935
vn 0.071769 -0.938366 -0.338112
vn 0.089692 -0.939648 -0.330176
vn 0.074715 -0.747344 -0.660224
vn 0.148849 -0.941306 -0.302964
vn 0.45305 0.365842 0.812961
vn 0.45305 0.365841 0.812961
vn -0.455459 0.367847 0.810706
vn -0.45546 0.367848 0.810706
vn -0.148849 -0.941305 -0.302965
vn -0.004263 -0.65385 -0.756612
vn 0.187581 0.052016 0.980871
vn -0.026555 0.337719 0.940872
vn 0.020524 0.278297 0.960276
vn 0.273054 -0.944423 -0.183046
vn -0.107194 0.43513 0.893964
vn 0.026555 0.337719 0.940872
vn -0.187581 0.052015 0.980871
vn -0.020523 0.278297 0.960276
vn 0.004263 -0.653851 -0.756612
vn 0.107194 0.435131 0.893963
vn -0.273054 -0.944423 -0.183047
vn 0.157478 -0.10813 0.981585
vn -0.471151 -0.743749 0.474187
vn 0.471151 -0.74375 0.474187
vn -0.157478 -0.108132 0.981584
vn 0.21069 0.229188 -0.950307
vn -0.227582 0.23103 -0.945955
vn 0.387431 -0.071525 -0.91912
vn -0.416993 -0.058147 -0.907048
vn 0.282402 -0.149662 0.94755
vn -0.279988 -0.150747 0.948094
vn 0.718934 -0.23155 -0.655377
vn -0.718934 -0.23155 -0.655377
vn 0.526567 -0.849876 0.020918
vn -0.537866 -0.832043 0.135662
vn 0.142381 -0.982011 0.124025
vn -0.158505 -0.986924 0.029265
vn -0.709219 0.099477 0.697935
vn 0.709219 0.099477 0.697934
vn 0.723082 0.055285 0.688546
vn -0.723083 0.055285 0.688546
vn 0.386738 0.170197 0.906348
vn 0.167658 0.221638 0.960608
vn -0.174553 0.266123 0.948003
vn -0.386737 0.170197 0.906348
vn -0.791828 -0.190149 -0.58039
vn -0.969939 -0.065935 0.234244
vn -0.952146 -0.024539 0.304657
vn 0.952146 -0.02454 0.304657
vn 0.969939 -0.065935 0.234244
vn -0.550481 0.1946 -0.81185
vn -0.552198 -0.150933 -0.819937
vn -0.546103 -0.206733 -0.811809
vn 0.565504 -0.154317 -0.81018
vn 0.561498 -0.199421 -0.803089
vn 0.53147 -0.385261 -0.754396
vn 0.776872 -0.116069 -0.618869
vn 0.776871 -0.116069 -0.618869
vn 0.791827 -0.190149 -0.58039
vn -0.776871 -0.116069 -0.618869
vn 0.793737 -0.286649 -0.536483
vn 0.764087 -0.172977 -0.62149
vn 0.79969 -0.321658 -0.506983
vn -0.58455 0.177519 -0.7917
vn -0.793314 -0.286442 -0.537218
vn -0.763824 -0.173214 -0.621747
vn 0.971002 -0.11195 -0.211239
vn 0.859971 -0.107163 -0.498965
vn 0.971882 0.004764 -0.235419
vn 0.986538 0.037024 -0.159287
vn -0.859971 -0.107163 -0.498965
vn -0.971002 -0.11195 -0.211239
vn -0.986538 0.037024 -0.159287
vn -0.971882 0.004764 -0.235419
vn -0.54704 0.219754 0.807747
vn -0.632159 0.119144 0.765623
vn 0.632159 0.119145 0.765624
vn 0.547041 0.219754 0.807747
vn 0.174553 0.266123 0.948003
vn -0.167658 0.221638 0.960608
vn 0.387338 -0.40768 -0.826902
vn -0.380974 -0.358202 -0.852379
vn -0.144088 -0.246678 -0.958326
vn 0.113156 -0.26913 -0.956433
vn 0.113156 -0.26913 -0.956434
vn 0.584544 0.177622 -0.791681
vn -0.799266 -0.321425 -0.5078
vn 0.554513 0.210846 -0.805022
vn -0.518697 -0.363672 -0.773754
vt 0.072413 0.809331
vt 0.104215 0.797917
vt 0.081286 0.839377
vt 0.113348 0.838073
vt 0.1877 0.797714
vt 0.219557 0.808974
vt 0.210832 0.839065
vt 0.178764 0.837918
vt 0.10745 0.883562
vt 0.069267 0.868852
vt 0.133039 0.838616
vt 0.130579 0.886929
vt 0.146059 0.838994
vt 0.159075 0.838555
vt 0.146176 0.888322
vt 0.161766 0.886854
vt 0.18488 0.883377
vt 0.222991 0.868483
vt 0.249004 0.630351
vt 0.207211 0.635773
vt 0.208694 0.593931
vt 0.249801 0.588168
vt 0.182852 0.637871
vt 0.183128 0.596411
vt 0.166435 0.638201
vt 0.150016 0.638202
vt 0.166021 0.597148
vt 0.148903 0.596757
vt 0.125619 0.636597
vt 0.083725 0.63202
vt 0.123292 0.594793
vt 0.082076 0.589862
vt 0.242213 0.546677
vt 0.205971 0.553324
vt 0.181774 0.555268
vt 0.149425 0.555595
vt 0.165607 0.556155
vt 0.088826 0.548226
vt 0.125194 0.554139
vt 0.230412 0.518457
vt 0.202869 0.519077
vt 0.18016 0.519471
vt 0.150317 0.519773
vt 0.165239 0.51974
vt 0.100054 0.519773
vt 0.127604 0.519837
vt 0.203277 0.485634
vt 0.239283 0.489525
vt 0.180292 0.484716
vt 0.164883 0.484391
vt 0.149483 0.485027
vt 0.126521 0.486409
vt 0.090601 0.491026
vt 0.203522 0.4469
vt 0.242807 0.448467
vt 0.180017 0.446361
vt 0.1645 0.446496
vt 0.148983 0.446675
vt 0.125495 0.447687
vt 0.086249 0.450048
vt 0.239866 0.420082
vt 0.203349 0.422601
vt 0.238392 0.410284
vt 0.20309 0.411616
vt 0.179927 0.421036
vt 0.179748 0.409471
vt 0.164241 0.420798
vt 0.148562 0.421353
vt 0.148507 0.409786
vt 0.164123 0.409121
vt 0.125176 0.42339
vt 0.088616 0.421609
vt 0.089892 0.411783
vt 0.125214 0.412402
vt 0.405126 0.64983
vt 0.42784 0.654842
vt 0.392992 0.658463
vt 0.427199 0.664165
vt 0.387195 0.687485
vt 0.425528 0.690575
vt 0.385931 0.718295
vt 0.418464 0.727899
vt 0.352031 0.68626
vt 0.350874 0.713858
vt 0.411664 0.753437
vt 0.385338 0.758759
vt 0.34674 0.764619
vt 0.314056 0.715721
vt 0.306708 0.760315
vt 0.270924 0.718261
vt 0.277487 0.748234
vt 0.266346 0.784244
vt 0.288932 0.778679
vt 0.301272 0.787014
vt 0.267214 0.793549
vt 0.269529 0.81991
vt 0.307775 0.815887
vt 0.309789 0.846656
vt 0.2775 0.857051
vt 0.342899 0.813805
vt 0.344727 0.841366
vt 0.28492 0.882415
vt 0.311368 0.887094
vt 0.350097 0.892012
vt 0.38158 0.842331
vt 0.390013 0.886733
vt 0.424762 0.84382
vt 0.41893 0.873943
vt 0.268303 0.805527
vt 0.304957 0.800498
vt 0.241519 0.432869
vt 0.203428 0.432813
vt 0.180019 0.431671
vt 0.148684 0.431987
vt 0.16435 0.431593
vt 0.087221 0.434427
vt 0.125304 0.433602
vt 0.389636 0.672033
vt 0.426402 0.676167
vt 0.234761 0.396109
vt 0.204352 0.393013
vt 0.180243 0.387517
vt 0.14757 0.387847
vt 0.163883 0.385419
vt 0.093236 0.397538
vt 0.123576 0.393829
vt 0.100171 0.765568
vt 0.104322 0.7825
vt 0.072982 0.77498
vt 0.06651 0.789402
vt 0.18801 0.781151
vt 0.225364 0.789017
vt 0.268239 0.697786
vt 0.275406 0.683497
vt 0.305439 0.688222
vt 0.312375 0.691852
vt 0.382679 0.818429
vt 0.426947 0.823285
vt 0.368095 0.669526
vt 0.326432 0.797467
vt 0.191416 0.765583
vt 0.218715 0.774675
vt 0.389524 0.814631
vt 0.419433 0.809175
vt 0.436517 0.809391
vt 0.258333 0.684129
vt 0.382865 0.810608
vt 0.355498 0.802459
vt 0.389376 0.800277
vt 0.311998 0.684038
vt 0.339158 0.675225
vt 0.305237 0.673869
vt 0.409213 0.640827
vt 0.428188 0.640686
vt 0.284626 0.769779
vt 0.265653 0.7701
vt 0.129159 0.792659
vt 0.16286 0.792582
vt 0.146046 0.790122
vt 0.095825 0.752156
vt 0.094831 0.755909
vt 0.068255 0.748313
vt 0.070058 0.744175
vt 0.198184 0.749918
vt 0.19925 0.753649
vt 0.180769 0.750487
vt 0.180476 0.747145
vt 0.196685 0.735786
vt 0.097096 0.73797
vt 0.06892 0.737627
vt 0.095969 0.733906
vt 0.22366 0.741526
vt 0.197683 0.731745
vt 0.224678 0.734961
vt 0.063521 0.725685
vt 0.086499 0.719683
vt 0.231108 0.713737
vt 0.212867 0.706322
vt 0.220788 0.693747
vt 0.113576 0.749091
vt 0.113345 0.752436
vt 0.225546 0.745625
vt 0.062914 0.739793
vt 0.058748 0.74148
vt 0.057016 0.724331
vt 0.234962 0.738644
vt 0.230734 0.737088
vt 0.237351 0.720189
vt 0.062456 0.71641
vt 0.0804 0.70879
vt 0.229822 0.722923
vt 0.206858 0.717322
vt 0.072137 0.696301
vt 0.051324 0.621038
vt 0.05399 0.635255
vt 0.047827 0.636664
vt 0.045781 0.620946
vt 0.034277 0.326023
vt 0.035196 0.342355
vt 0.027975 0.326654
vt 0.029635 0.343037
vt 0.057371 0.715031
vt 0.236417 0.71077
vt 0.195216 0.731047
vt 0.176412 0.74409
vt 0.117582 0.745965
vt 0.098429 0.733122
vt 0.089494 0.718475
vt 0.203843 0.716186
vt 0.08333 0.705266
vt 0.209841 0.702898
vt 0.071217 0.692823
vt 0.22155 0.69027
vt 0.05569 0.377121
vt 0.055675 0.391175
vt 0.051747 0.391069
vt 0.051573 0.37649
vt 0.042242 0.574513
vt 0.040927 0.588572
vt 0.038322 0.574463
vt 0.036775 0.588594
vt 0.041292 0.561119
vt 0.036997 0.56127
vt 0.054939 0.404528
vt 0.050644 0.404491
vt 0.036977 0.615419
vt 0.030279 0.641759
vt 0.032738 0.615426
vt 0.026162 0.641705
vt 0.025118 0.661974
vt 0.020841 0.662363
vt 0.063707 0.2881
vt 0.064517 0.301582
vt 0.06113 0.288276
vt 0.060507 0.299938
vt 0.06266 0.322737
vt 0.058662 0.350166
vt 0.054716 0.348674
vt 0.058834 0.321248
vt 0.051715 0.521417
vt 0.057617 0.549262
vt 0.047193 0.521975
vt 0.05321 0.550545
vt 0.057207 0.424859
vt 0.055178 0.446777
vt 0.050483 0.446425
vt 0.052984 0.424613
vt 0.042671 0.540915
vt 0.038411 0.541105
vt 0.042186 0.518994
vt 0.037494 0.519136
vt 0.057664 0.595996
vt 0.052329 0.595386
vt 0.05637 0.580925
vt 0.051457 0.581172
vt 0.036934 0.36853
vt 0.03637 0.383304
vt 0.03148 0.383574
vt 0.031566 0.368954
vt 0.042067 0.443734
vt 0.040942 0.451189
vt 0.03624 0.450782
vt 0.037527 0.443381
vt 0.042252 0.414519
vt 0.037726 0.413916
vt 0.050663 0.514136
vt 0.045922 0.514481
vt 0.040386 0.398838
vt 0.035405 0.399621
vt 0.05772 0.564963
vt 0.052634 0.564918
vt 0.042472 0.50288
vt 0.037549 0.503549
vt 0.04264 0.45843
vt 0.037721 0.457778
vt 0.041528 0.470274
vt 0.036559 0.46968
vt 0.05257 0.507035
vt 0.047597 0.507471
vt 0.055086 0.462873
vt 0.050209 0.462019
vt 0.052486 0.495244
vt 0.047492 0.495431
vt 0.057125 0.367987
vt 0.052948 0.367185
vt 0.040669 0.597932
vt 0.036422 0.597781
vt 0.02101 0.674657
vt 0.01851 0.673828
vt 0.122592 0.691702
vt 0.13485 0.713975
vt 0.115639 0.706224
vt 0.132505 0.720669
vt 0.157809 0.711492
vt 0.17001 0.690272
vt 0.177455 0.704538
vt 0.160312 0.718125
vt 0.10815 0.717105
vt 0.113522 0.721438
vt 0.185177 0.715252
vt 0.179902 0.719695
vt 0.172143 0.742414
vt 0.121819 0.744205
vt 0.031027 0.309329
vt 0.025025 0.310834
vt 0.058305 0.651554
vt 0.051394 0.653099
vt 0.064514 0.672016
vt 0.057077 0.673384
vt 0.025715 0.288125
vt 0.018557 0.290473
vt 0.387159 0.414816
vt 0.382508 0.428719
vt 0.346916 0.410702
vt 0.344695 0.425572
vt 0.275108 0.433025
vt 0.269668 0.420104
vt 0.309959 0.414877
vt 0.312466 0.429342
vt 0.28715 0.439847
vt 0.315349 0.443983
vt 0.369678 0.433696
vt 0.342169 0.440048
vt 0.267402 0.394742
vt 0.271245 0.366822
vt 0.308364 0.366648
vt 0.307719 0.382984
vt 0.270758 0.344657
vt 0.308963 0.350368
vt 0.38554 0.328023
vt 0.384788 0.339553
vt 0.345607 0.334741
vt 0.346637 0.346105
vt 0.384553 0.361879
vt 0.388983 0.390013
vt 0.347687 0.362309
vt 0.348439 0.378586
vt 0.375722 0.515655
vt 0.38959 0.542836
vt 0.340866 0.532786
vt 0.344127 0.547118
vt 0.377422 0.453168
vt 0.363635 0.471449
vt 0.336907 0.468363
vt 0.339442 0.454182
vt 0.280556 0.458023
vt 0.317884 0.45829
vt 0.293827 0.475428
vt 0.320936 0.472443
vt 0.389264 0.562958
vt 0.392434 0.590385
vt 0.376465 0.588072
vt 0.376788 0.554019
vt 0.284857 0.593077
vt 0.282594 0.559915
vt 0.311614 0.588244
vt 0.312761 0.567858
vt 0.282137 0.521573
vt 0.289357 0.520926
vt 0.31828 0.537059
vt 0.32038 0.523641
vt 0.270047 0.547464
vt 0.314998 0.551136
vt 0.369459 0.510987
vt 0.338439 0.519926
vt 0.393882 0.556903
vt 0.280721 0.484403
vt 0.322222 0.486589
vt 0.282918 0.516498
vt 0.320981 0.512007
vt 0.269617 0.512875
vt 0.321157 0.499392
vt 0.376899 0.510427
vt 0.337585 0.508757
vt 0.377754 0.479352
vt 0.335875 0.482525
vt 0.389291 0.512775
vt 0.336773 0.49652
vt 0.393886 0.408183
vt 0.348211 0.394922
vt 0.263584 0.412908
vt 0.30843 0.399227
vt 0.270196 0.332973
vt 0.309864 0.338842
vt 0.295008 0.606534
vt 0.313584 0.608029
vt 0.366173 0.601611
vt 0.348647 0.58401
vt 0.346961 0.603831
vt 0.365434 0.623303
vt 0.345292 0.619943
vt 0.295992 0.628388
vt 0.315831 0.623994
vt 0.265689 0.561878
vt 0.346652 0.563665
vt 0.267185 0.59502
vt 0.269899 0.567778
usemtl standardSurface7SG
f 186/255/246 187/256/246 188/257/246
f 187/256/246 189/258/246 188/257/246
f 190/259/247 191/260/247 192/261/247
f 190/259/247 192/261/247 193/262/247
f 188/257/248 189/258/249 194/263/250
f 188/257/248 194/263/250 195/264/251
f 189/258/249 196/265/252 197/266/253
f 189/258/249 197/266/253 194/263/250
f 198/267/254 199/268/255 200/269/256
f 199/268/255 201/270/257 200/269/256
f 193/262/258 192/261/259 202/271/260
f 192/261/259 203/272/261 202/271/260
f 195/273/251 194/274/250 204/275/262
f 195/273/251 204/275/262 205/276/263
f 194/274/250 197/277/253 206/278/264
f 194/274/250 206/278/264 204/275/262
f 200/279/256 201/280/257 207/281/265
f 201/280/257 208/282/266 207/281/265
f 202/283/260 203/284/261 209/285/267
f 203/284/261 210/286/268 209/285/267
f 205/276/263 204/275/262 211/287/269
f 204/275/262 212/288/270 211/287/269
f 204/275/262 206/278/264 212/288/270
f 206/278/264 213/289/271 212/288/270
f 207/281/265 208/282/266 214/290/272
f 207/281/265 214/290/272 215/291/273
f 209/285/267 210/286/268 216/292/274
f 209/285/267 216/292/274 217/293/275
f 211/287/269 212/288/270 218/294/276
f 212/288/270 219/295/277 218/294/276
f 212/288/270 213/289/271 219/295/277
f 213/289/271 220/296/278 219/295/277
f 215/291/273 214/290/272 221/297/279
f 215/291/273 221/297/279 222/298/280
f 217/293/275 216/292/274 223/299/281
f 217/293/275 223/299/281 224/300/282
f 218/294/283 219/295/284 225/301/285
f 218/294/283 225/301/285 226/302/286
f 219/295/284 220/296/287 227/303/288
f 219/295/284 227/303/288 225/301/285
f 222/298/289 221/297/290 228/304/291
f 221/297/290 229/305/292 228/304/291
f 224/300/293 223/299/294 230/306/295
f 223/299/294 231/307/296 230/306/295
f 226/302/286 225/301/285 232/308/297
f 226/302/286 232/308/297 233/309/298
f 225/301/285 227/303/288 234/310/299
f 225/301/285 234/310/299 232/308/297
f 228/304/291 229/305/292 235/311/300
f 229/305/292 236/312/301 235/311/300
f 230/306/295 231/307/296 237/313/302
f 231/307/296 238/314/303 237/313/302
f 239/315/304 240/316/305 241/317/306
f 240/316/305 242/318/307 241/317/306
f 240/316/305 243/319/308 242/318/307
f 243/319/308 244/320/309 242/318/307
f 245/321/310 246/322/311 247/323/312
f 245/321/310 247/323/312 248/324/313
f 249/325/314 250/326/315 251/327/316
f 249/325/314 251/327/316 252/328/317
f 253/329/318 251/330/318 254/331/319
f 251/330/318 250/332/320 254/331/319
f 255/333/321 238/334/322 256/335/323
f 238/334/322 231/336/324 256/335/323
f 257/337/325 255/333/321 256/335/323
f 257/337/325 256/335/323 258/338/326
f 256/335/323 231/336/324 223/339/327
f 256/335/323 223/339/327 216/340/328
f 258/338/326 256/335/323 210/341/329
f 256/335/323 216/340/328 210/341/329
f 259/342/330 258/338/326 210/341/329
f 259/342/330 210/341/329 203/343/331
f 191/344/332 259/342/330 192/345/332
f 259/342/330 203/343/331 192/345/332
f 241/346/333 260/347/333 261/348/334
f 241/346/333 261/348/334 239/349/335
f 233/350/336 262/351/337 263/352/338
f 233/350/336 263/352/338 226/353/339
f 262/351/337 264/354/340 263/352/338
f 264/354/340 265/355/341 263/352/338
f 226/353/339 263/352/338 218/356/342
f 263/352/338 211/357/343 218/356/342
f 263/352/338 265/355/341 205/358/344
f 263/352/338 205/358/344 211/357/343
f 265/355/341 266/359/345 205/358/344
f 266/359/345 195/360/346 205/358/344
f 266/359/345 186/361/347 188/362/347
f 266/359/345 188/362/347 195/360/346
f 267/363/348 268/364/349 262/351/337
f 267/363/348 262/351/337 233/350/336
f 233/309/298 232/308/297 267/365/350
f 232/308/297 269/366/351 267/365/350
f 232/308/297 234/310/299 269/366/351
f 234/310/299 270/367/352 269/366/351
f 235/311/300 236/312/301 271/368/353
f 235/311/300 271/368/353 272/369/354
f 237/313/302 238/314/303 273/370/355
f 237/313/302 273/370/355 274/371/356
f 275/372/357 273/373/358 255/333/321
f 273/373/358 238/334/322 255/333/321
f 239/349/335 261/348/334 268/364/349
f 239/349/335 268/364/349 267/363/348
f 267/365/350 269/366/351 240/316/305
f 267/365/350 240/316/305 239/315/304
f 269/366/351 270/367/352 240/316/305
f 270/367/352 243/319/308 240/316/305
f 272/369/354 271/368/353 246/322/311
f 272/369/354 246/322/311 245/321/310
f 274/371/356 273/370/355 249/325/314
f 273/370/355 250/326/315 249/325/314
f 254/331/319 250/332/320 275/372/357
f 250/332/320 273/373/358 275/372/357
f 241/317/306 242/318/307 276/374/359
f 242/318/307 277/375/360 276/374/359
f 242/318/307 244/320/309 277/375/360
f 244/320/309 278/376/361 277/375/360
f 248/324/313 247/323/312 279/377/362
f 248/324/313 279/377/362 280/378/363
f 252/328/317 251/327/316 281/379/364
f 252/328/317 281/379/364 282/380/365
f 283/381/366 284/382/366 285/383/366
f 284/382/366 286/384/366 285/383/366
f 287/385/367 288/386/367 190/259/367
f 288/386/367 191/260/367 190/259/367
f 288/387/368 289/388/369 290/389/370
f 288/387/368 290/389/370 291/390/371
f 186/361/372 266/359/372 292/391/373
f 186/361/372 292/391/373 286/392/374
f 266/359/375 265/355/375 264/354/376
f 266/359/375 264/354/376 292/391/377
f 255/333/378 257/337/378 275/372/378
f 257/337/378 293/393/378 275/372/378
f 264/354/379 262/351/379 268/364/379
f 264/354/379 268/364/379 294/394/379
f 186/255/380 286/384/380 187/256/380
f 286/384/380 284/382/380 187/256/380
f 295/395/381 296/396/381 287/385/381
f 296/396/381 288/386/381 287/385/381
f 286/392/374 292/391/373 297/397/382
f 286/392/374 297/397/382 298/398/383
f 259/342/384 191/344/384 291/390/371
f 191/344/384 288/387/368 291/390/371
f 286/392/374 298/398/383 299/399/385
f 289/388/369 288/387/368 300/400/386
f 292/391/377 264/354/376 301/401/387
f 264/354/376 302/402/388 301/401/387
f 258/338/389 259/342/389 257/337/390
f 259/342/389 291/390/391 257/337/390
f 301/401/387 302/402/388 303/403/392
f 257/337/390 291/390/391 304/404/393
f 257/337/390 304/404/393 305/405/394
f 305/405/394 304/404/393 306/406/395
f 251/330/396 253/329/396 307/407/396
f 251/330/396 307/407/396 281/408/396
f 260/347/397 241/346/397 308/409/397
f 241/346/397 276/410/398 308/409/397
f 309/411/399 196/265/400 189/258/401
f 309/411/399 189/258/401 187/256/401
f 310/412/402 199/268/403 311/413/404
f 199/268/403 198/267/404 311/413/404
f 312/414/405 309/415/406 187/416/407
f 312/414/405 187/416/407 313/417/407
f 314/418/408 310/419/409 311/420/410
f 314/418/408 311/420/410 315/421/410
f 316/422/411 314/418/412 315/421/413
f 317/423/414 312/414/415 313/417/416
f 317/423/417 313/417/417 318/424/417
f 317/423/417 318/424/417 319/425/417
f 320/426/418 316/422/418 321/427/418
f 320/426/418 321/427/418 322/428/418
f 319/425/419 318/424/419 323/429/420
f 319/425/419 323/429/420 324/430/421
f 325/431/422 326/432/423 327/433/424
f 315/434/425 312/414/415 317/423/414
f 311/435/426 309/415/406 315/434/426
f 309/415/406 312/414/405 315/434/426
f 198/267/427 196/265/400 311/413/427
f 196/265/400 309/411/399 311/413/427
f 197/266/253 196/265/252 200/269/256
f 196/265/252 198/267/254 200/269/256
f 206/278/264 197/277/253 207/281/265
f 197/277/253 200/279/256 207/281/265
f 213/289/271 206/278/264 207/281/265
f 213/289/271 207/281/265 215/291/273
f 220/296/278 213/289/271 215/291/273
f 220/296/278 215/291/273 222/298/280
f 227/303/288 220/296/287 228/304/291
f 220/296/287 222/298/289 228/304/291
f 234/310/299 227/303/288 235/311/300
f 227/303/288 228/304/291 235/311/300
f 270/367/352 234/310/299 235/311/300
f 270/367/352 235/311/300 272/369/354
f 243/319/308 270/367/352 272/369/354
f 243/319/308 272/369/354 245/321/310
f 244/320/309 243/319/308 245/321/310
f 244/320/309 245/321/310 248/324/313
f 278/376/361 244/320/309 248/324/313
f 278/376/361 248/324/313 280/378/363
f 320/426/428 314/418/412 316/422/411
f 190/436/429 310/419/409 314/418/408
f 190/436/429 314/418/408 320/426/430
f 193/262/431 199/268/403 310/412/402
f 193/262/431 310/412/402 190/259/431
f 201/270/257 199/268/255 193/262/258
f 201/270/257 193/262/258 202/271/260
f 208/282/266 201/280/257 202/283/260
f 208/282/266 202/283/260 209/285/267
f 214/290/272 208/282/266 217/293/275
f 208/282/266 209/285/267 217/293/275
f 221/297/279 214/290/272 224/300/282
f 214/290/272 217/293/275 224/300/282
f 229/305/292 221/297/290 224/300/293
f 229/305/292 224/300/293 230/306/295
f 236/312/301 229/305/292 230/306/295
f 236/312/301 230/306/295 237/313/302
f 271/368/353 236/312/301 274/371/356
f 236/312/301 237/313/302 274/371/356
f 246/322/311 271/368/353 249/325/314
f 271/368/353 274/371/356 249/325/314
f 247/323/312 246/322/311 252/328/317
f 246/322/311 249/325/314 252/328/317
f 279/377/362 247/323/312 282/380/365
f 247/323/312 252/328/317 282/380/365
f 313/437/432 187/438/432 284/439/432
f 190/440/433 320/441/433 287/442/433
f 324/430/421 323/429/420 328/443/434
f 324/430/421 328/443/434 329/444/435
f 322/428/436 321/427/436 330/445/437
f 321/427/436 331/446/438 330/445/437
f 329/444/435 328/443/434 332/447/439
f 330/445/437 331/446/438 325/431/422
f 331/446/438 326/432/423 325/431/422
f 318/424/440 313/437/440 284/439/440
f 318/424/440 284/439/440 323/429/440
f 320/441/441 322/428/441 287/442/441
f 322/428/441 330/445/441 287/442/441
f 295/448/442 287/449/442 333/450/442
f 295/448/442 333/450/442 334/451/442
f 284/452/443 283/453/443 335/454/443
f 283/453/443 336/455/443 335/454/443
f 323/429/444 284/439/444 337/456/444
f 323/429/444 337/456/444 328/443/444
f 287/442/445 330/445/445 338/457/445
f 330/445/445 325/431/445 338/457/445
f 316/422/446 315/421/446 339/458/446
f 315/421/446 340/459/446 339/458/446
f 315/434/447 317/423/447 340/460/447
f 317/423/447 341/461/447 340/460/447
f 319/425/448 324/430/448 342/462/448
f 319/425/448 342/462/448 341/461/448
f 331/446/449 321/427/449 343/463/449
f 321/427/449 339/458/449 343/463/449
f 324/430/450 329/444/450 342/462/450
f 329/444/450 344/464/450 342/462/450
f 326/432/451 331/446/451 343/463/451
f 326/432/451 343/463/451 345/465/451
f 329/444/452 332/447/452 346/466/452
f 329/444/452 346/466/452 344/464/452
f 327/433/453 326/432/453 347/467/453
f 326/432/453 345/465/453 347/467/453
f 317/423/454 319/425/454 341/461/454
f 321/427/455 316/422/456 339/458/455
f 332/447/457 328/443/457 337/456/457
f 332/447/457 337/456/457 346/466/457
f 325/431/458 327/433/458 347/467/458
f 325/431/458 347/467/458 338/457/458
f 253/468/459 254/469/459 348/470/459
f 253/468/459 348/470/459 349/471/459
f 261/472/460 260/473/461 350/474/460
f 260/473/461 351/475/461 350/474/460
f 268/476/462 261/472/462 350/474/462
f 268/476/462 350/474/462 352/477/462
f 254/469/463 275/478/463 348/470/463
f 275/478/463 353/479/463 348/470/463
f 276/480/464 277/481/465 354/482/466
f 277/481/465 355/483/467 354/482/466
f 277/481/465 278/484/468 356/485/469
f 277/481/465 356/485/469 355/483/467
f 280/486/470 279/487/471 357/488/470
f 279/487/471 358/489/472 357/488/470
f 282/490/473 281/491/474 359/492/475
f 282/490/473 359/492/475 360/493/476
f 290/494/477 289/495/478 361/496/479
f 289/495/478 362/497/480 361/496/479
f 293/498/481 257/499/481 363/500/481
f 293/498/481 363/500/481 364/501/481
f 275/478/482 293/498/482 364/501/482
f 275/478/482 364/501/482 353/479/482
f 294/502/483 268/476/483 365/503/483
f 268/476/483 352/477/483 365/503/483
f 264/504/484 294/502/484 366/505/484
f 294/502/484 365/503/484 366/505/484
f 296/506/485 295/448/486 367/507/486
f 295/448/486 334/451/486 367/507/486
f 288/508/487 296/506/487 368/509/487
f 296/506/487 367/507/487 368/509/487
f 285/510/488 286/511/489 369/512/489
f 285/510/488 369/512/489 370/513/489
f 283/453/490 285/510/490 370/513/490
f 283/453/490 370/513/490 336/455/490
f 297/514/491 292/515/492 371/516/492
f 297/514/491 371/516/492 372/517/493
f 298/518/494 297/514/491 372/517/493
f 298/518/494 372/517/493 373/519/495
f 291/520/496 290/494/477 374/521/496
f 290/494/477 361/496/479 374/521/496
f 299/522/497 298/518/494 373/519/495
f 299/522/497 373/519/495 375/523/497
f 286/511/498 299/522/498 375/523/498
f 286/511/498 375/523/498 369/512/499
f 300/524/500 288/508/500 376/525/500
f 288/508/500 368/509/501 376/525/500
f 289/495/478 300/524/502 362/497/480
f 300/524/502 376/525/502 362/497/480
f 302/526/503 264/504/503 366/505/503
f 302/526/503 366/505/503 377/527/503
f 292/515/504 301/528/505 371/516/504
f 301/528/505 378/529/506 371/516/504
f 303/530/507 302/526/507 379/531/507
f 302/526/507 377/527/507 379/531/507
f 301/528/505 303/530/508 379/531/508
f 301/528/505 379/531/508 378/529/506
f 304/532/509 291/520/510 374/521/510
f 304/532/509 374/521/510 380/533/511
f 257/499/512 305/534/512 363/500/512
f 305/534/512 381/535/512 363/500/512
f 306/536/513 304/532/509 382/537/513
f 304/532/509 380/533/511 382/537/513
f 305/534/514 306/536/514 382/537/514
f 305/534/514 382/537/514 381/535/514
f 307/538/515 253/468/515 349/471/515
f 307/538/515 349/471/515 383/539/515
f 281/491/474 307/538/516 359/492/475
f 307/538/516 383/539/516 359/492/475
f 308/540/517 276/480/464 354/482/466
f 308/540/517 354/482/466 384/541/517
f 260/473/518 308/540/518 351/475/518
f 308/540/518 384/541/518 351/475/518
f 278/484/468 280/542/470 357/543/470
f 278/484/468 357/543/470 356/485/469
f 279/487/471 282/490/473 358/489/472
f 282/490/473 360/493/476 358/489/472
f 346/544/519 337/545/519 344/546/519
f 337/545/519 284/547/519 344/546/519
f 338/548/520 347/549/520 345/550/520
f 338/548/520 345/550/520 287/551/520
f 344/546/521 284/547/521 342/552/521
f 284/547/521 385/553/521 342/552/521
f 287/551/522 345/550/522 343/554/522
f 287/551/522 343/554/522 386/555/522
f 339/458/523 340/459/523 386/555/523
f 340/459/523 387/556/523 386/555/523
f 340/460/524 341/461/524 385/553/524
f 340/460/524 385/553/524 387/557/524
f 341/461/525 342/552/525 385/553/525
f 343/554/526 339/458/526 386/555/526
f 385/558/527 284/452/527 388/559/527
f 284/452/527 335/454/527 388/559/527
f 287/449/528 386/560/528 333/450/528
f 386/560/528 389/561/528 333/450/528
f 386/560/529 387/562/529 389/561/529
f 387/562/529 390/563/529 389/561/529
f 387/564/530 385/558/530 388/559/530
f 387/564/530 388/559/530 390/565/530
f 349/566/531 348/567/531 391/568/531
f 348/567/531 392/569/531 391/568/531
f 350/570/532 351/571/532 393/572/532
f 350/570/532 393/572/532 394/573/532
f 352/574/533 350/570/533 394/573/533
f 352/574/533 394/573/533 395/575/533
f 348/567/534 353/576/534 392/569/534
f 353/576/534 396/577/534 392/569/534
f 354/578/535 355/579/535 397/580/535
f 354/578/535 397/580/535 398/581/535
f 355/579/536 356/582/536 397/580/536
f 356/582/536 399/583/536 397/580/536
f 357/584/537 358/585/537 400/586/537
f 358/585/537 401/587/537 400/586/537
f 360/588/538 359/589/538 402/590/538
f 359/589/538 403/591/538 402/590/538
f 361/592/539 362/593/539 404/594/539
f 362/593/539 405/595/539 404/594/539
f 364/596/540 363/597/540 406/598/540
f 364/596/540 406/598/540 407/599/540
f 353/576/541 364/596/541 396/577/541
f 364/596/541 407/599/541 396/577/541
f 365/600/542 352/574/542 395/575/542
f 365/600/542 395/575/542 408/601/542
f 366/602/543 365/600/543 409/603/543
f 365/600/543 408/601/543 409/603/543
f 367/604/544 334/605/544 333/606/545
f 367/604/544 333/606/545 368/607/546
f 335/608/547 369/609/548 410/610/549
f 369/609/548 411/611/549 410/610/549
f 372/612/550 371/613/550 412/614/551
f 371/613/550 413/615/551 412/614/551
f 373/616/552 372/612/552 412/614/552
f 373/616/552 412/614/552 414/617/552
f 374/618/553 361/592/553 404/594/553
f 374/618/553 404/594/553 415/619/553
f 369/609/554 373/616/555 414/617/556
f 369/609/554 414/617/556 411/611/556
f 376/620/557 368/607/558 362/593/559
f 377/621/560 366/602/560 416/622/560
f 366/602/560 409/603/560 416/622/560
f 371/613/561 378/623/561 417/624/561
f 371/613/561 417/624/561 413/615/561
f 379/625/562 377/621/562 416/622/562
f 379/625/562 416/622/562 418/626/562
f 378/623/563 379/625/563 418/626/563
f 378/623/563 418/626/563 417/624/563
f 380/627/564 374/618/564 419/628/564
f 374/618/564 415/619/564 419/628/564
f 363/597/565 381/629/565 420/630/565
f 363/597/565 420/630/565 406/598/565
f 382/631/566 380/627/566 419/628/566
f 382/631/566 419/628/566 421/632/566
f 381/629/567 382/631/567 420/630/567
f 382/631/567 421/632/567 420/630/567
f 383/633/568 349/566/568 422/634/568
f 349/566/568 391/568/568 422/634/568
f 359/589/569 383/633/569 403/591/569
f 383/633/569 422/634/569 403/591/569
f 384/635/570 354/578/570 398/581/570
f 384/635/570 398/581/570 423/636/570
f 351/571/571 384/635/571 423/636/571
f 351/571/571 423/636/571 393/572/571
f 356/582/572 357/637/572 400/638/572
f 356/582/572 400/638/572 399/583/572
f 358/585/573 360/588/573 402/590/573
f 358/585/573 402/590/573 401/587/573
f 388/639/574 335/608/574 410/610/574
f 388/639/574 410/610/574 424/640/574
f 333/606/575 389/641/575 425/642/575
f 389/641/575 426/643/575 425/642/575
f 389/641/576 390/644/576 426/643/576
f 390/644/576 427/645/576 426/643/576
f 390/646/577 388/639/577 424/640/578
f 390/646/577 424/640/578 427/647/577
f 369/609/554 375/648/579 373/616/555
f 362/593/559 368/607/558 405/595/580
f 368/607/558 428/649/580 405/595/580
f 336/650/581 370/651/581 335/608/547
f 370/651/581 369/609/548 335/608/547
f 368/607/546 333/606/545 425/642/582
f 368/607/546 425/642/582 428/649/582
s off
g Head_uv_standardSurface7SG_2
v -1.96231 10.7572 1.44449
v -1.12051 11.4008 1.55503
v -1.25066 11.8092 0.479166
v -2.26655 11.181 0.471285
v 0 11.6256 1.60173
v 0 12.2298 0.490707
v 1.12051 11.4008 1.55503
v 1.25066 11.8092 0.479166
v 1.96231 10.7572 1.44449
v 2.26655 11.181 0.471285
v -1.26719 11.9361 -0.703166
v -2.26881 11.2525 -0.63763
v 0 12.4079 -0.735507
v 1.26719 11.9361 -0.703166
v 2.26881 11.2525 -0.63763
v -1.17248 11.7675 -1.50479
v -1.98838 11.034 -1.48366
v 0 12.2665 -1.56744
v 1.17247 11.7675 -1.50479
v 1.98838 11.034 -1.48366
v -2.44442 10.1999 1.40861
v -2.87993 10.477 0.484209
v 2.44442 10.1999 1.40861
v 2.87993 10.477 0.484209
v -2.84727 10.4836 -0.632786
v 2.84727 10.4836 -0.632785
v -2.54804 10.1876 -1.50103
v 2.54804 10.1876 -1.50103
v -1.59032 10.386 2.24864
v -0.868487 10.7528 2.48716
v 0 10.9084 2.57555
v 0.868487 10.7528 2.48716
v 1.59032 10.386 2.24864
v -2.11909 9.95279 1.97483
v 2.11909 9.95279 1.97483
v -3.19251 9.66713 0.449919
v -2.68592 9.33213 1.26713
v 3.19251 9.66713 0.449919
v 2.68592 9.33213 1.26713
v -3.14945 9.55686 -0.63181
v 3.14945 9.55686 -0.63181
v -2.78139 9.39277 -1.55562
v 2.78139 9.39277 -1.55562
v -3.01117 8.89104 0.375181
v -3.00003 8.53023 -0.563051
v 3.01117 8.89104 0.375181
v 3.00003 8.53023 -0.563051
v -2.52751 8.056 -1.58517
v 2.52751 8.056 -1.58517
v -1.60689 10.4942 -2.12426
v -0.862698 11.3315 -2.00473
v 0 11.8917 -2.02031
v 0.862699 11.3315 -2.00473
v 1.60689 10.4942 -2.12426
v -1.67809 9.50875 -2.52977
v 1.67809 9.50875 -2.52977
v -1.82458 8.7133 -2.53789
v 1.82458 8.7133 -2.53789
v -1.89256 7.62424 -2.13958
v 1.89256 7.62424 -2.13958
v -1.17427 8.60439 -2.75293
v -0.697382 7.91518 -2.915
v 1.17427 8.60439 -2.75293
v 0.697382 7.91518 -2.915
v -0.92996 7.22409 -2.50842
v 0.92996 7.22409 -2.50842
v -0.076959 7.66141 -2.95158
v -0.195875 7.08625 -2.62203
v 0.076959 7.66141 -2.95158
v 0.195875 7.08625 -2.62203
v -1.90139 10.6952 1.39347
v -2.19943 11.107 0.445363
v -1.20733 11.7205 0.452148
v -1.08137 11.3219 1.50344
v 0 12.1258 0.468864
v 0 11.5339 1.55431
v 1.08137 11.3219 1.50344
v 1.20733 11.7205 0.452148
v 1.90139 10.6952 1.39347
v 2.19943 11.107 0.445363
v -2.19768 11.1792 -0.620711
v -1.21887 11.8459 -0.695193
v 0 12.2999 -0.726393
v 1.21887 11.8459 -0.695193
v 2.19768 11.1792 -0.620711
v -1.92448 10.9768 -1.42628
v -1.12359 11.691 -1.45333
v 0 12.1679 -1.51349
v 1.12359 11.691 -1.45333
v 1.92448 10.9768 -1.42628
v -2.36663 10.1626 1.35398
v -2.79015 10.4279 0.457454
v 2.79015 10.4279 0.457454
v 2.36663 10.1626 1.35398
v -2.75828 10.4362 -0.610187
v 2.75828 10.4362 -0.610187
v -2.47234 10.1516 -1.44174
v 2.47234 10.1516 -1.44174
v -0.830941 10.6793 2.4275
v -1.53006 10.329 2.19199
v 0 10.8268 2.51452
v 0.830941 10.6793 2.4275
v 1.53006 10.329 2.19199
v -2.04153 9.91946 1.91755
v 2.04153 9.91946 1.91755
v -2.57029 9.32253 1.26213
v -3.08877 9.66343 0.423325
v 3.08877 9.66343 0.423325
v 2.57029 9.32253 1.26213
v -3.04696 9.54926 -0.610458
v 3.04696 9.54926 -0.610458
v -2.69471 9.38867 -1.49808
v 2.69471 9.38867 -1.49808
v -2.91398 8.9133 0.351363
v -2.90131 8.548 -0.546084
v 2.90131 8.548 -0.546084
v 2.91398 8.9133 0.351363
v -2.4415 8.07248 -1.53356
v 2.4415 8.07248 -1.53356
v -1.55325 10.4499 -2.05184
v -0.820695 11.2731 -1.93468
v 0 11.8169 -1.94325
v 0.820695 11.2731 -1.93468
v 1.55325 10.4499 -2.05184
v -1.63124 9.48565 -2.44072
v 1.63124 9.48565 -2.44072
v -1.76576 8.71937 -2.45234
v 1.76576 8.71937 -2.45234
v -1.83019 7.64761 -2.06284
v 1.83019 7.64761 -2.06284
v -0.670373 7.93641 -2.81762
v -1.14365 8.60025 -2.65783
v 1.14365 8.60025 -2.65783
v 0.670373 7.93641 -2.81762
v -0.89464 7.26184 -2.42161
v 0.89464 7.26184 -2.42161
v -0.184513 7.13387 -2.53406
v -0.065597 7.70903 -2.86361
v 0.065597 7.70903 -2.86361
v 0.184513 7.13387 -2.53406
vn -0.532256 0.739012 0.412995
vn -0.384393 0.821313 0.421529
vn -0.412148 0.874765 0.254795
vn -0.545628 0.801262 0.245497
vn 0 0.901539 0.432698
vn 0 0.963401 0.268065
vn 0.384393 0.821313 0.421529
vn 0.412148 0.874765 0.254795
vn 0.532256 0.739012 0.412995
vn 0.545628 0.801262 0.245497
vn -0.456103 0.888838 -0.044009
vn -0.573156 0.816037 -0.074674
vn 0 0.999959 -0.009038
vn 0.456103 0.888838 -0.044009
vn 0.573155 0.816037 -0.074673
vn -0.482523 0.838746 -0.252342
vn -0.593791 0.74264 -0.309673
vn -0 0.977995 -0.208626
vn 0.482523 0.838746 -0.252342
vn 0.593791 0.74264 -0.309674
vn -0.669599 0.572934 0.472634
vn -0.6696 0.572934 0.472634
vn 0.669599 0.572934 0.472634
vn -0.777273 0.629059 0.01146
vn 0.777273 0.629059 0.011461
vn -0.744131 0.527484 -0.409914
vn 0.744132 0.527484 -0.409914
vn -0.533637 0.631539 0.562486
vn -0.190298 0.78603 0.588169
vn 0.190298 0.78603 0.588169
vn 0.533637 0.631538 0.562486
vn -0.660599 0.498699 0.561167
vn 0.660599 0.498699 0.561167
vn -0.824452 0.217568 0.522439
vn 0.824452 0.217568 0.522439
vn -0.941285 0.334158 -0.048173
vn 0.941285 0.334158 -0.048173
vn -0.872503 0.283801 -0.397737
vn -0.872504 0.283801 -0.397737
vn 0.872504 0.283801 -0.397737
vn -0.98345 -0.180498 0.015703
vn 0.98345 -0.180498 0.015702
vn -0.92406 -0.163417 -0.345555
vn 0.92406 -0.163417 -0.345554
vn -0.468629 0.510616 -0.720873
vn -0.468629 0.510616 -0.720874
vn -0.36301 0.648051 -0.669518
vn 0.36301 0.648051 -0.669517
vn 0.468629 0.510616 -0.720873
vn 0.468629 0.510615 -0.720873
vn -0.593731 0.369482 -0.71482
vn -0.593731 0.369481 -0.71482
vn 0.593731 0.369482 -0.71482
vn -0.661196 0.186576 -0.726642
vn 0.661196 0.186576 -0.726642
vn -0.740282 -0.15613 -0.653915
vn 0.740282 -0.15613 -0.653916
vn -0.307577 0.040523 -0.95066
vn 0.307577 0.040523 -0.95066
vn -0.467643 -0.2974 -0.832384
vn 0.467643 -0.2974 -0.832384
vn -0.224219 -0.442523 -0.868274
vn 0.22422 -0.442523 -0.868274
vn -1e-06 -0.497142 -0.867669
vn -0.865849 -0.24436 0.436571
vn -0.865849 -0.24436 0.43657
vn 0.865849 -0.24436 0.43657
vn -0.829899 0.143046 0.539264
vn 0.829899 0.143046 0.539264
vn 0.532451 -0.739151 -0.412495
vn 0.545276 -0.801232 -0.246375
vn 0.412509 -0.874488 -0.255159
vn 0.384679 -0.821236 -0.421418
vn 0 -0.963026 -0.269409
vn 0 -0.901434 -0.432916
vn -0.384679 -0.821236 -0.421418
vn -0.41251 -0.874488 -0.255159
vn -0.532451 -0.739151 -0.412495
vn -0.545276 -0.801232 -0.246375
vn 0.57214 -0.817087 0.070888
vn 0.456329 -0.888818 0.042033
vn 0 -0.999987 0.005121
vn -0.456329 -0.888818 0.042033
vn -0.57214 -0.817086 0.070888
vn 0.593845 -0.742613 0.309634
vn 0.482805 -0.838888 0.25133
vn 0 -0.978526 0.206122
vn -0.482805 -0.838888 0.25133
vn -0.593845 -0.742613 0.309634
vn 0.669759 -0.573004 -0.472323
vn -0.669759 -0.573004 -0.472323
vn 0.777094 -0.62928 -0.011498
vn -0.777094 -0.62928 -0.011498
vn 0.743893 -0.527083 0.410861
vn -0.743893 -0.527083 0.410861
vn -0.743893 -0.527083 0.410862
vn 0.533946 -0.631329 -0.562428
vn 0.190171 -0.785995 -0.588257
vn -0.190171 -0.785995 -0.588257
vn -0.533946 -0.631329 -0.562428
vn 0.661043 -0.498389 -0.560919
vn -0.661043 -0.498389 -0.560919
vn 0.824165 -0.216917 -0.523163
vn -0.824165 -0.216917 -0.523163
vn 0.940686 -0.335591 0.049895
vn -0.940686 -0.335591 0.049895
vn 0.872595 -0.28393 0.397443
vn -0.872595 -0.28393 0.397443
vn 0.983516 0.180024 -0.016953
vn -0.983516 0.180024 -0.016953
vn 0.924319 0.163388 0.344876
vn -0.924319 0.163388 0.344876
vn 0.469008 -0.510072 0.721012
vn 0.36413 -0.648566 0.66841
vn -0.36413 -0.648566 0.66841
vn -0.469008 -0.510072 0.721012
vn 0.594177 -0.36927 0.714558
vn -0.594177 -0.36927 0.714558
vn 0.661138 -0.186592 0.726691
vn -0.661138 -0.186592 0.726691
vn -0.661139 -0.186592 0.726691
vn 0.740356 0.155486 0.653985
vn 0.740356 0.155486 0.653986
vn -0.740356 0.155486 0.653985
vn -0.740356 0.155486 0.653986
vn 0.306203 -0.041466 0.951063
vn -0.306203 -0.041466 0.951063
vn 0.467745 0.297106 0.832431
vn -0.467745 0.297106 0.832431
vn 0.224218 0.442522 0.868274
vn -0.224218 0.442522 0.868274
vn 0 0.497142 0.867669
vn 0.866151 0.243687 -0.436347
vn -0.866151 0.243687 -0.436347
vn 0.829652 -0.142103 -0.539894
vn -0.829652 -0.142103 -0.539894
vn 0.114728 -0.654789 0.747053
vn 0.04684 -0.624078 0.779957
vn 0.043942 -0.622042 0.78175
vn 0.103717 -0.650932 0.752018
vn -0 -0.610208 0.792241
vn -0 -0.610209 0.792241
vn -0.04684 -0.624078 0.779957
vn -0.043942 -0.622042 0.78175
vn -0.114728 -0.654789 0.747054
vn -0.103717 -0.650931 0.752018
vn 0.082181 -0.731457 0.676917
vn 0.095864 -0.72138 0.685872
vn -0.082173 -0.731454 0.676921
vn -0.095857 -0.721378 0.685875
vn 0.099612 -0.911109 0.399947
vn 0.151438 -0.913342 0.377986
vn 0.149759 -0.913402 0.378508
vn 0.087649 -0.910501 0.404111
vn -0.151432 -0.913342 0.377988
vn -0.099612 -0.911109 0.399947
vn -0.149754 -0.913402 0.378511
vn -0.087649 -0.910501 0.404112
vn -0.06654 -0.890598 0.449897
vn -0.083964 -0.886961 0.454149
vn 0.06654 -0.890598 0.449897
vn 0.083964 -0.88696 0.454149
vn 0.508816 -0.510658 -0.693062
vn 0.583692 -0.42008 -0.694864
vn 0.491444 -0.529593 -0.691386
vn 0.397515 -0.620893 -0.675628
vn -0.508815 -0.510657 -0.693064
vn -0.397513 -0.620892 -0.67563
vn -0.491442 -0.529592 -0.691388
vn -0.583691 -0.420079 -0.694866
vn 0.865317 0.130917 -0.483825
vn 0.861307 0.332007 -0.384605
vn 0.861698 0.329031 -0.386283
vn -0.861308 0.332007 -0.384604
vn -0.865318 0.130916 -0.483824
vn -0.861699 0.329031 -0.386282
vn -0.186201 -0.868838 0.458748
vn -0.187389 -0.870068 0.455924
vn 0.1862 -0.868838 0.458748
vn 0.187388 -0.870068 0.455924
vn 0.788961 0.551083 -0.27175
vn 0.787039 0.553627 -0.272152
vn 0.753589 0.595442 -0.278482
vn -0.753589 0.595442 -0.278481
vn -0.788961 0.551083 -0.27175
vn -0.787039 0.553627 -0.272152
vn -0.154938 -0.880299 0.448406
vn -0.148295 -0.880956 0.44936
vn 0.154938 -0.880299 0.448406
vn 0.148295 -0.880956 0.44936
vn 0.31432 0.866821 -0.387072
vn 0.263141 0.875552 -0.405174
vn 0.257935 0.876286 -0.406931
vn -0.061428 -0.883976 0.463479
vn -0.059377 -0.88388 0.463929
vn 0.061428 -0.883977 0.463478
vn 0.059377 -0.883881 0.463928
vn -0.26314 0.875552 -0.405174
vn -0.314319 0.866821 -0.387073
vn -0.257934 0.876286 -0.406932
vn 0.069022 -0.834956 0.545971
vn 0.080713 -0.861348 0.501562
vn -0.06901 -0.834952 0.545978
vn -0.080703 -0.861348 0.501565
vt 0.563755 0.649653
vt 0.52598 0.650087
vt 0.523224 0.610036
vt 0.565315 0.611138
vt 0.485522 0.657375
vt 0.476533 0.611218
vt 0.969805 0.651851
vt 0.929349 0.644552
vt 0.978807 0.605697
vt 0.932116 0.604501
vt 0.891574 0.644108
vt 0.890025 0.605592
vt 0.52314 0.568594
vt 0.565103 0.572611
vt 0.475791 0.565395
vt 0.979562 0.559874
vt 0.932212 0.56306
vt 0.890248 0.567065
vt 0.524838 0.539966
vt 0.56366 0.540346
vt 0.480317 0.534783
vt 0.930522 0.534431
vt 0.975044 0.529261
vt 0.8917 0.5348
vt 0.589532 0.652888
vt 0.597937 0.614819
vt 0.865796 0.647335
vt 0.857402 0.609263
vt 0.599054 0.573347
vt 0.856297 0.567791
vt 0.598763 0.538146
vt 0.856598 0.532591
vt 0.558219 0.683025
vt 0.529221 0.690192
vt 0.499966 0.699784
vt 0.926097 0.684656
vt 0.955348 0.694256
vt 0.8971 0.677481
vt 0.583885 0.67787
vt 0.871436 0.672319
vt 0.640038 0.408196
vt 0.610779 0.436738
vt 0.593734 0.412724
vt 0.61596 0.38606
vt 0.840337 0.432642
vt 0.811067 0.404111
vt 0.857374 0.408622
vt 0.835138 0.381966
vt 0.57238 0.457415
vt 0.558794 0.425627
vt 0.878743 0.453305
vt 0.892318 0.421513
vt 0.534967 0.462307
vt 0.525049 0.434131
vt 0.916158 0.458184
vt 0.926066 0.430005
vt 0.579662 0.38853
vt 0.545111 0.391749
vt 0.871437 0.384423
vt 0.905989 0.38763
vt 0.502666 0.391838
vt 0.948434 0.387704
vt 0.568219 0.507927
vt 0.525761 0.514252
vt 0.487922 0.514646
vt 0.967445 0.509121
vt 0.929607 0.508717
vt 0.88715 0.502379
vt 0.599072 0.485485
vt 0.856303 0.479929
vt 0.47869 0.457492
vt 0.470833 0.428619
vt 0.972433 0.453349
vt 0.98028 0.424473
vt 0.470267 0.385691
vt 0.98083 0.381544
vt 0.802247 0.556781
vt 0.808543 0.584753
vt 0.778106 0.562303
vt 0.752023 0.546158
vt 0.641769 0.586084
vt 0.64765 0.558025
vt 0.671871 0.563178
vt 0.697723 0.546631
vt 0.794999 0.516474
vt 0.756505 0.516834
vt 0.654287 0.517647
vt 0.692765 0.517438
vt 0.727743 0.54076
vt 0.731058 0.516562
vt 0.721966 0.540768
vt 0.718141 0.516721
vt 0.654042 0.386906
vt 0.797056 0.382825
vt 0.638688 0.849122
vt 0.635023 0.812141
vt 0.67428 0.805129
vt 0.675845 0.845582
vt 0.718569 0.798416
vt 0.71542 0.846515
vt 0.746568 0.844176
vt 0.743326 0.796082
vt 0.786141 0.843166
vt 0.787627 0.80271
vt 0.823305 0.846634
vt 0.826898 0.809646
vt 0.629095 0.776273
vt 0.66727 0.764437
vt 0.710701 0.752036
vt 0.751104 0.749688
vt 0.794559 0.762004
vt 0.832756 0.773766
vt 0.622855 0.746639
vt 0.659448 0.737827
vt 0.69962 0.723604
vt 0.76213 0.721234
vt 0.802329 0.735379
vt 0.83894 0.74412
vt 0.612946 0.852421
vt 0.605626 0.818304
vt 0.856307 0.815752
vt 0.849053 0.849883
vt 0.598844 0.783134
vt 0.863021 0.780569
vt 0.589016 0.753579
vt 0.872791 0.750995
vt 0.676389 0.886246
vt 0.645513 0.881957
vt 0.706997 0.889881
vt 0.785676 0.88383
vt 0.755074 0.887525
vt 0.816543 0.879483
vt 0.618127 0.876553
vt 0.843919 0.874025
vt 0.580854 0.859238
vt 0.578316 0.822987
vt 0.883626 0.820382
vt 0.881158 0.856638
vt 0.567733 0.788928
vt 0.894143 0.786302
vt 0.561251 0.756281
vt 0.900562 0.753643
vt 0.551593 0.827702
vt 0.53284 0.793432
vt 0.929045 0.790739
vt 0.910358 0.825045
vt 0.515248 0.751295
vt 0.946555 0.748568
vt 0.608413 0.718046
vt 0.652145 0.713637
vt 0.687928 0.706325
vt 0.773788 0.703933
vt 0.809585 0.711175
vt 0.853326 0.7155
vt 0.569601 0.706538
vt 0.892116 0.703916
vt 0.540163 0.70922
vt 0.921558 0.706541
vt 0.500358 0.721957
vt 0.961388 0.719202
vt 0.65424 0.658671
vt 0.699819 0.639306
vt 0.677876 0.659008
vt 0.653315 0.686275
vt 0.795205 0.686266
vt 0.770641 0.659002
vt 0.794276 0.658662
vt 0.748696 0.639303
vt 0.654329 0.618129
vt 0.691866 0.611538
vt 0.756644 0.611533
vt 0.794183 0.61812
vt 0.717706 0.609465
vt 0.721928 0.632995
vt 0.726585 0.632995
vt 0.730805 0.609464
vt 0.558918 0.686486
vt 0.53026 0.693584
vt 0.501931 0.702909
vt 0.953382 0.69738
vt 0.925056 0.688048
vt 0.896401 0.680941
vt 0.583945 0.68153
vt 0.871375 0.675978
vt 0.545096 0.388189
vt 0.579449 0.384967
vt 0.871648 0.38086
vt 0.906003 0.38407
vt 0.503083 0.388272
vt 0.948015 0.384138
vt 0.525541 0.510706
vt 0.566818 0.50458
vt 0.489448 0.511123
vt 0.929827 0.505171
vt 0.965921 0.505598
vt 0.888552 0.499033
vt 0.596597 0.482841
vt 0.858779 0.477286
vt 0.471546 0.382256
vt 0.979551 0.378111
vt 0.805766 0.587141
vt 0.776106 0.565246
vt 0.750768 0.549614
vt 0.699026 0.550068
vt 0.673914 0.566092
vt 0.644581 0.588431
vt 0.756461 0.513294
vt 0.79418 0.512938
vt 0.655049 0.514099
vt 0.692746 0.513898
vt 0.72736 0.544315
vt 0.731093 0.51298
vt 0.718023 0.513175
vt 0.72238 0.544326
vt 0.617137 0.382233
vt 0.83396 0.378139
vt 0.653372 0.383284
vt 0.797725 0.379204
usemtl standardSurface7SG
f 429/652/583 430/653/584 431/654/585
f 429/652/583 431/654/585 432/655/586
f 430/653/584 433/656/587 434/657/588
f 430/653/584 434/657/588 431/654/585
f 433/658/587 435/659/589 434/660/588
f 435/659/589 436/661/590 434/660/588
f 435/659/589 437/662/591 436/661/590
f 437/662/591 438/663/592 436/661/590
f 432/655/586 431/654/585 439/664/593
f 432/655/586 439/664/593 440/665/594
f 431/654/585 434/657/588 441/666/595
f 431/654/585 441/666/595 439/664/593
f 434/660/588 436/661/590 441/667/595
f 436/661/590 442/668/596 441/667/595
f 436/661/590 438/663/592 442/668/596
f 438/663/592 443/669/597 442/668/596
f 440/665/594 439/664/593 444/670/598
f 440/665/594 444/670/598 445/671/599
f 439/664/593 441/666/595 444/670/598
f 441/666/595 446/672/600 444/670/598
f 441/667/595 442/668/596 447/673/601
f 441/667/595 447/673/601 446/674/600
f 442/668/596 443/669/597 447/673/601
f 443/669/597 448/675/602 447/673/601
f 429/652/603 432/655/604 449/676/604
f 432/655/604 450/677/604 449/676/604
f 438/663/605 437/662/605 451/678/605
f 438/663/605 451/678/605 452/679/605
f 432/655/606 440/665/606 453/680/606
f 432/655/606 453/680/606 450/677/606
f 443/669/607 438/663/607 454/681/607
f 438/663/607 452/679/607 454/681/607
f 440/665/608 445/671/608 455/682/608
f 440/665/608 455/682/608 453/680/608
f 448/675/609 443/669/609 456/683/609
f 443/669/609 454/681/609 456/683/609
f 430/653/610 429/652/610 457/684/610
f 430/653/610 457/684/610 458/685/610
f 433/656/611 430/653/611 458/685/611
f 433/656/611 458/685/611 459/686/611
f 435/659/612 433/658/612 460/687/612
f 433/658/612 459/688/612 460/687/612
f 437/662/613 435/659/613 461/689/613
f 435/659/613 460/687/613 461/689/613
f 429/652/614 449/676/614 462/690/614
f 429/652/614 462/690/614 457/684/614
f 451/678/615 437/662/615 463/691/615
f 437/662/615 461/689/615 463/691/615
f 449/692/616 450/693/616 464/694/616
f 449/692/616 464/694/616 465/695/616
f 452/696/617 451/697/617 466/698/617
f 451/697/617 467/699/617 466/698/617
f 450/693/618 453/700/618 464/694/618
f 453/700/618 468/701/618 464/694/618
f 454/702/619 452/696/619 466/698/619
f 454/702/619 466/698/619 469/703/619
f 453/700/620 455/704/621 468/701/621
f 455/704/621 470/705/620 468/701/621
f 456/706/622 454/702/622 469/703/622
f 456/706/622 469/703/622 471/707/622
f 464/694/623 468/701/623 472/708/623
f 468/701/623 473/709/623 472/708/623
f 469/703/624 466/698/624 474/710/624
f 469/703/624 474/710/624 475/711/624
f 468/701/625 470/705/625 476/712/625
f 468/701/625 476/712/625 473/709/625
f 471/707/626 469/703/626 477/713/626
f 469/703/626 475/711/626 477/713/626
f 445/671/627 444/670/628 478/714/627
f 444/670/628 479/715/628 478/714/627
f 444/670/629 446/672/629 480/716/629
f 444/670/629 480/716/629 479/715/629
f 446/674/630 447/673/630 480/717/630
f 447/673/630 481/718/630 480/717/630
f 447/673/631 448/675/632 482/719/631
f 447/673/631 482/719/631 481/718/631
f 455/682/633 445/671/634 478/714/634
f 455/682/633 478/714/634 483/720/634
f 448/675/635 456/683/635 482/719/635
f 456/683/635 484/721/635 482/719/635
f 470/705/636 455/704/636 483/722/636
f 470/705/636 483/722/636 485/723/636
f 456/706/637 471/707/637 484/724/637
f 471/707/637 486/725/637 484/724/637
f 476/712/638 470/705/638 485/723/638
f 476/712/638 485/723/638 487/726/638
f 471/707/639 477/713/639 486/725/639
f 477/713/639 488/727/639 486/725/639
f 485/728/640 483/729/640 489/730/640
f 485/728/640 489/730/640 490/731/640
f 484/732/641 486/733/641 491/734/641
f 486/733/641 492/735/641 491/734/641
f 487/736/642 485/728/642 493/737/642
f 485/728/642 490/731/642 493/737/642
f 486/733/643 488/738/643 494/739/643
f 486/733/643 494/739/643 492/735/643
f 493/737/644 490/731/644 495/740/644
f 493/737/644 495/740/644 496/741/644
f 492/735/645 494/739/645 497/742/645
f 494/739/645 498/743/645 497/742/645
f 496/741/646 495/740/646 497/742/646
f 496/741/646 497/742/646 498/743/646
f 465/695/647 464/694/648 472/708/648
f 466/698/649 467/699/649 474/710/649
f 462/744/650 449/692/650 465/695/650
f 451/697/651 463/745/651 467/699/651
f 499/746/652 500/747/653 501/748/654
f 499/746/652 501/748/654 502/749/655
f 502/749/655 501/748/654 503/750/656
f 502/749/655 503/750/656 504/751/657
f 504/752/657 503/753/656 505/754/658
f 503/753/656 506/755/659 505/754/658
f 505/754/658 506/755/659 507/756/660
f 506/755/659 508/757/661 507/756/660
f 500/747/653 509/758/662 510/759/663
f 500/747/653 510/759/663 501/748/654
f 501/748/654 510/759/663 511/760/664
f 501/748/654 511/760/664 503/750/656
f 503/753/656 511/761/664 506/755/659
f 511/761/664 512/762/665 506/755/659
f 506/755/659 512/762/665 508/757/661
f 512/762/665 513/763/666 508/757/661
f 509/758/662 514/764/667 515/765/668
f 509/758/662 515/765/668 510/759/663
f 510/759/663 515/765/668 511/760/664
f 515/765/668 516/766/669 511/760/664
f 511/761/664 516/767/669 517/768/670
f 511/761/664 517/768/670 512/762/665
f 512/762/665 517/768/670 513/763/666
f 517/768/670 518/769/671 513/763/666
f 499/746/672 519/770/672 500/747/672
f 519/770/672 520/771/672 500/747/672
f 508/757/673 521/772/673 522/773/673
f 508/757/673 522/773/673 507/756/673
f 500/747/674 520/771/674 523/774/674
f 500/747/674 523/774/674 509/758/674
f 513/763/675 524/775/675 508/757/675
f 524/775/675 521/772/675 508/757/675
f 509/758/676 523/774/676 525/776/676
f 509/758/676 525/776/676 514/764/676
f 518/769/677 526/777/677 513/763/677
f 526/777/677 524/775/678 513/763/677
f 502/749/679 527/778/679 528/779/679
f 502/749/679 528/779/679 499/746/679
f 504/751/680 529/780/680 527/778/680
f 504/751/680 527/778/680 502/749/680
f 505/754/681 530/781/681 504/752/681
f 530/781/681 529/782/681 504/752/681
f 507/756/682 531/783/682 505/754/682
f 531/783/682 530/781/682 505/754/682
f 499/746/683 528/779/683 532/784/683
f 499/746/683 532/784/683 519/770/683
f 522/773/684 533/785/684 507/756/684
f 533/785/684 531/783/684 507/756/684
f 519/770/685 534/786/685 520/771/685
f 534/786/685 535/787/685 520/771/685
f 521/772/686 536/788/686 537/789/686
f 521/772/686 537/789/686 522/773/686
f 520/771/687 535/787/687 523/774/687
f 535/787/687 538/790/687 523/774/687
f 524/775/688 539/791/688 536/788/688
f 524/775/688 536/788/688 521/772/688
f 523/774/689 538/790/689 525/776/689
f 538/790/689 540/792/689 525/776/689
f 526/777/690 541/793/690 539/791/690
f 526/777/690 539/791/690 524/775/690
f 535/787/691 542/794/691 538/790/691
f 542/794/691 543/795/691 538/790/691
f 539/791/692 544/796/692 545/797/692
f 539/791/692 545/797/692 536/788/692
f 538/790/693 543/795/693 546/798/693
f 538/790/693 546/798/693 540/792/693
f 541/793/694 547/799/694 539/791/694
f 547/799/694 544/796/694 539/791/694
f 514/764/695 548/800/695 515/765/695
f 548/800/695 549/801/695 515/765/695
f 515/765/696 549/801/696 550/802/696
f 515/765/696 550/802/696 516/766/696
f 516/767/697 550/803/697 517/768/697
f 550/803/697 551/804/697 517/768/697
f 517/768/698 551/804/698 552/805/698
f 517/768/698 552/805/698 518/769/698
f 525/776/699 553/806/699 548/800/699
f 525/776/699 548/800/699 514/764/699
f 518/769/700 552/805/700 526/777/700
f 552/805/700 554/807/700 526/777/700
f 540/792/701 555/808/701 553/806/701
f 540/792/701 553/806/701 525/776/701
f 526/777/702 554/807/702 541/793/703
f 554/807/702 556/809/702 541/793/703
f 546/798/704 557/810/705 555/808/705
f 546/798/704 555/808/705 540/792/705
f 541/793/706 556/809/707 547/799/706
f 556/809/707 558/811/707 547/799/706
f 555/812/708 559/813/708 560/814/708
f 555/812/708 560/814/708 553/815/708
f 554/816/709 561/817/709 556/818/709
f 561/817/709 562/819/709 556/818/709
f 557/820/710 563/821/710 555/812/710
f 563/821/710 559/813/710 555/812/710
f 556/818/711 562/819/711 564/822/711
f 556/818/711 564/822/711 558/823/711
f 563/821/712 565/824/712 566/825/712
f 563/821/712 566/825/712 559/813/712
f 562/819/713 567/826/713 564/822/713
f 567/826/713 568/827/713 564/822/713
f 565/824/714 568/827/714 567/826/714
f 565/824/714 567/826/714 566/825/714
f 534/786/715 542/794/715 535/787/715
f 536/788/716 545/797/716 537/789/716
f 532/784/717 534/786/717 519/770/717
f 522/773/718 537/789/718 533/785/718
f 528/828/719 527/829/720 458/685/721
f 528/828/719 458/685/721 457/684/722
f 527/829/720 529/830/723 458/685/721
f 529/830/723 459/686/724 458/685/721
f 529/831/723 530/832/725 460/687/726
f 529/831/723 460/687/726 459/688/724
f 530/832/725 531/833/727 460/687/726
f 531/833/727 461/689/728 460/687/726
f 532/834/729 528/828/719 462/690/730
f 528/828/719 457/684/722 462/690/730
f 531/833/727 533/835/731 463/691/732
f 531/833/727 463/691/732 461/689/728
f 543/836/733 542/837/734 472/708/735
f 543/836/733 472/708/735 473/709/736
f 545/838/737 544/839/738 474/710/739
f 544/839/738 475/711/740 474/710/739
f 546/840/741 543/836/733 476/712/742
f 543/836/733 473/709/736 476/712/742
f 544/839/738 547/841/743 477/713/744
f 544/839/738 477/713/744 475/711/740
f 549/842/745 548/843/746 479/715/747
f 548/843/746 478/714/746 479/715/747
f 550/844/748 549/842/745 479/715/747
f 550/844/748 479/715/747 480/716/748
f 551/845/749 550/846/750 481/718/751
f 550/846/750 480/717/750 481/718/751
f 552/847/752 551/845/749 481/718/751
f 552/847/752 481/718/751 482/719/752
f 548/843/753 553/848/754 483/720/755
f 548/843/753 483/720/755 478/714/753
f 554/849/756 552/847/757 484/721/758
f 552/847/757 482/719/757 484/721/758
f 557/850/759 546/840/741 487/726/760
f 546/840/741 476/712/742 487/726/760
f 547/841/743 558/851/761 488/727/762
f 547/841/743 488/727/762 477/713/744
f 553/852/754 560/853/763 483/729/755
f 560/853/763 489/730/764 483/729/755
f 560/853/763 559/854/765 490/731/765
f 560/853/763 490/731/765 489/730/764
f 562/855/766 561/856/767 492/735/766
f 561/856/767 491/734/768 492/735/766
f 561/856/767 554/857/756 484/732/758
f 561/856/767 484/732/758 491/734/768
f 563/858/769 557/859/759 493/737/770
f 557/859/759 487/736/760 493/737/770
f 558/860/761 564/861/771 494/739/772
f 558/860/761 494/739/772 488/738/762
f 559/854/773 566/862/774 490/731/773
f 566/862/774 495/740/775 490/731/773
f 565/863/776 563/858/769 496/741/777
f 563/858/769 493/737/770 496/741/777
f 564/861/771 568/864/778 498/743/779
f 564/861/771 498/743/779 494/739/772
f 567/865/780 562/855/781 492/735/781
f 567/865/780 492/735/781 497/742/782
f 566/862/774 567/865/780 497/742/782
f 566/862/774 497/742/782 495/740/775
f 568/864/778 565/863/776 496/741/777
f 568/864/778 496/741/777 498/743/779
f 542/837/734 534/866/783 472/708/735
f 534/866/783 465/695/784 472/708/735
f 537/867/785 545/838/737 474/710/739
f 537/867/785 474/710/739 467/699/786
f 534/866/783 532/868/729 465/695/784
f 532/868/729 462/744/730 465/695/784
f 533/869/731 537/867/785 467/699/786
f 533/869/731 467/699/786 463/745/732
s off
g Apron_standardSurface8SG
v -2.10849 -4.2934 1.00812
v -1.01637 -4.4463 1.62168
v -1.98399 -2.85963 1.01997
v -1.01432 -2.97328 1.60597
v 0 -4.51586 1.70481
v 0 -3.00794 1.70491
v 1.01637 -4.4463 1.62168
v 1.01432 -2.97328 1.60597
v 2.10849 -4.2934 1.00812
v 1.98399 -2.85963 1.01997
v -1.82342 -1.30354 1.02673
v -0.952002 -1.39104 1.59207
v -1.62605 -0.019288 0.934294
v -0.797176 -0.053186 1.53183
v 0 -1.398 1.70516
v 0 -0.081364 1.64709
v 0.952002 -1.39104 1.59207
v 0.797176 -0.053186 1.53183
v 1.82342 -1.30354 1.02673
v 1.62605 -0.019288 0.934294
v -1.47809 0.508196 0.846703
v -0.709899 0.535296 1.4021
v 0 0.538677 1.58267
v 0.709899 0.535296 1.4021
v 1.47809 0.508196 0.846703
v -0.66835 2.83117 1.58009
v -1.50196 2.82588 1.1493
v 0 2.83099 1.70772
v 0.66835 2.83117 1.58009
v 1.50196 2.82588 1.1493
v -1.0423 4.77806 1.2805
v -0.519842 4.7741 1.44167
v 0 4.74994 1.58492
v 0.519843 4.7741 1.44166
v 1.0423 4.77806 1.2805
v -2.33209 -2.75128 -0.104085
v -2.44796 -4.16236 -0.180973
v 2.33209 -2.75128 -0.104085
v 2.44796 -4.16236 -0.180973
v -1.93099 0.007456 -0.008996
v -2.17815 -1.20792 -0.041778
v 1.93099 0.007456 -0.008996
v 2.17815 -1.20792 -0.041778
v -1.80941 0.585917 0.02168
v 1.80941 0.585916 0.02168
v -2.11233 -2.74539 -1.08835
v -2.27456 -4.16185 -1.12722
v 2.11233 -2.74539 -1.08835
v 2.27456 -4.16185 -1.12722
v -1.93459 -1.19752 -1.10651
v -1.63556 -0.099552 -1.12454
v 1.93459 -1.19752 -1.10651
v 1.63556 -0.099553 -1.12454
v -1.43281 0.514869 -0.968877
v 1.43281 0.51487 -0.968877
v -0.864592 0.428057 -1.08098
v -0.907379 -0.189348 -1.18148
v 0.864592 0.428058 -1.08098
v 0.907379 -0.18935 -1.18148
v -0.371252 0.383651 -1.19852
v -0.323569 -0.207266 -1.30065
v 0.371252 0.383652 -1.19852
v 0.323569 -0.207267 -1.30065
v -0.536752 5.44746 0.962452
v -1.07547 5.41581 0.91375
v 0.536752 5.44746 0.962451
v 1.07547 5.41581 0.91375
v -0.5442 5.78057 0.572496
v -1.11192 5.66761 0.523795
v 0.5442 5.78057 0.572495
v 1.11192 5.66761 0.523795
v -0.583926 5.88607 0.022018
v -1.15165 5.77164 -0.000661
v 0.583926 5.88607 0.022018
v 1.15165 5.77164 -0.000661
v -0.643863 5.86478 -0.610753
v -1.21179 5.75105 -0.606303
v 0.643863 5.86478 -0.610754
v 1.21179 5.75105 -0.606303
v -1.20132 5.45218 -0.989328
v -0.676392 5.54082 -1.08595
v 1.20132 5.45218 -0.989327
v 0.676393 5.54082 -1.08595
v -1.16148 4.98594 -1.07338
v -0.640516 4.98594 -1.17247
v 1.16148 4.98594 -1.07338
v 0.640517 4.98594 -1.17247
v -0.498003 3.53943 -1.1307
v -1.00593 3.53943 -1.02571
v 0.498003 3.53943 -1.1307
v 1.00593 3.53943 -1.02571
v -2.0398 -4.3067 0.937292
v -1.91057 -2.87661 0.950714
v -0.992569 -4.44951 1.52358
v -0.987065 -2.97792 1.50824
v 0 -4.51653 1.6045
v 0 -3.0089 1.6045
v 0.987065 -2.97792 1.50824
v 0.992569 -4.44951 1.52358
v 1.91057 -2.87661 0.950714
v 2.0398 -4.3067 0.937292
v -1.74639 -1.33073 0.961762
v -1.54153 -0.053655 0.873754
v -0.918856 -1.40213 1.49562
v -0.755286 -0.075066 1.43901
v 0 -0.095685 1.54601
v 0 -1.40213 1.6045
v 0.918856 -1.40213 1.49562
v 0.755286 -0.075066 1.43901
v 1.54153 -0.053655 0.873754
v 1.74639 -1.33073 0.961762
v -1.38114 0.510139 0.78216
v -0.664895 0.5302 1.30727
v 0 0.535677 1.47863
v 0.664895 0.5302 1.30727
v 1.38114 0.510139 0.78216
v -1.45262 2.83294 1.06172
v -0.632791 2.83294 1.48504
v 0 2.83294 1.6045
v 0.632791 2.83294 1.48504
v 1.45262 2.83294 1.06172
v -0.998873 4.74214 1.1922
v -0.499437 4.74214 1.34591
v 0 4.74214 1.4827
v 0.499437 4.74214 1.34591
v 0.998873 4.74214 1.1922
v -2.36097 -4.18347 -0.187219
v -2.23987 -2.77754 -0.109808
v 2.23987 -2.77754 -0.109808
v 2.36097 -4.18347 -0.187219
v -2.08289 -1.24554 -0.046087
v -1.82695 -0.036886 -0.010258
v 1.82695 -0.036886 -0.010258
v 2.08289 -1.24554 -0.046087
v -1.70429 0.542152 0.022653
v 1.70429 0.542152 0.022653
v -2.19319 -4.18347 -1.10566
v -2.02665 -2.77208 -1.06566
v 2.02665 -2.77208 -1.06566
v 2.19319 -4.18347 -1.10566
v -1.84814 -1.2345 -1.0813
v -1.55058 -0.149081 -1.0608
v 1.55058 -0.149082 -1.06081
v 1.84814 -1.2345 -1.08129
v -1.36352 0.467298 -0.889828
v 1.36352 0.467299 -0.889828
v -0.886963 -0.214681 -1.08682
v -0.841232 0.412717 -0.983109
v 0.841232 0.412718 -0.983109
v 0.886963 -0.214682 -1.08682
v -0.312918 -0.226624 -1.20254
v -0.355403 0.372745 -1.09868
v 0.355403 0.372746 -1.09868
v 0.312917 -0.226625 -1.20254
v -1.05829 5.34803 0.840123
v -0.519568 5.37968 0.888824
v 0.519568 5.37968 0.888824
v 1.05829 5.34803 0.840123
v -1.09303 5.57609 0.481805
v -0.525312 5.68904 0.530506
v 0.525312 5.68904 0.530506
v 1.09303 5.57609 0.481805
v -1.13135 5.67358 -0.010161
v -0.563624 5.788 0.012518
v 0.563625 5.788 0.012518
v 1.13135 5.67358 -0.010161
v -1.19006 5.65387 -0.574224
v -0.622139 5.7676 -0.578674
v 0.62214 5.7676 -0.578675
v 1.19006 5.65387 -0.574223
v -1.17828 5.39707 -0.899214
v -0.653355 5.48571 -0.995836
v 0.653355 5.48571 -0.995837
v 1.17828 5.39707 -0.899214
v -1.14188 4.98103 -0.974937
v -0.620908 4.98103 -1.07403
v 0.620908 4.98103 -1.07403
v 1.14188 4.98103 -0.974936
v -0.984899 3.54635 -0.92816
v -0.476968 3.54635 -1.03315
v 0.476968 3.54635 -1.03315
v 0.984899 3.54635 -0.928159
vn -0.50053 0.02294 0.865415
vn -0.309296 0.014766 0.950851
vn -0.512442 0.030357 0.858185
vn -0.330269 0.019851 0.943678
vn 0 0.005297 0.999986
vn 0 0.005842 0.999983
vn 0.309296 0.014766 0.950851
vn 0.330269 0.019851 0.943678
vn 0.500531 0.02294 0.865415
vn 0.512442 0.030357 0.858185
vn -0.538965 0.074633 0.839015
vn -0.351667 0.053257 0.934609
vn -0.558354 0.168983 0.81221
vn -0.361062 0.123521 0.924325
vn -0 0.025516 0.999674
vn -0 0.083643 0.996496
vn 0.351667 0.053257 0.934609
vn 0.361062 0.123521 0.924325
vn 0.538965 0.074633 0.839016
vn 0.558354 0.168983 0.81221
vn -0.538043 0.001559 0.842916
vn -0.422061 -0.008732 0.906526
vn 0 -0.008887 0.999961
vn 0.422061 -0.008732 0.906526
vn 0.538043 0.001559 0.842916
vn -0.351503 -0.026107 0.935823
vn -0.510342 -0.061398 0.857777
vn 0 -0.005242 0.999986
vn 0.351503 -0.026107 0.935823
vn 0.510342 -0.061398 0.857777
vn -0.406845 0.062101 0.911384
vn -0.24274 0.079215 0.966852
vn 0 0.076129 0.997098
vn 0.242739 0.079215 0.966852
vn 0.406844 0.062101 0.911384
vn -0.954049 0.071535 0.290985
vn -0.949957 0.080711 0.301773
vn -0.950579 0.079347 0.300172
vn 0.950579 0.079347 0.300172
vn 0.949957 0.080711 0.301772
vn 0.95405 0.071535 0.290985
vn -0.941566 0.122585 0.313729
vn -0.928273 0.186842 0.321557
vn -0.9277 0.18855 0.322213
vn -0.941834 0.120794 0.313621
vn 0.928273 0.186842 0.321557
vn 0.941566 0.122585 0.313729
vn 0.9277 0.188551 0.322213
vn 0.941834 0.120794 0.313621
vn -0.909061 0.239121 0.341217
vn 0.909061 0.239121 0.341217
vn -0.974642 0.103974 -0.198146
vn -0.971915 0.105879 -0.210167
vn -0.97216 0.105713 -0.209118
vn 0.97216 0.105713 -0.209118
vn 0.971915 0.105879 -0.210167
vn 0.974642 0.103974 -0.198146
vn -0.943665 0.224356 -0.243228
vn 0.943665 0.224356 -0.243228
vn -0.902967 0.294401 -0.313015
vn 0.902967 0.294401 -0.313015
vn 0.969938 0.107189 -0.218473
vn -0.969938 0.107189 -0.218473
vn -0.096436 0.221038 -0.970486
vn -0.096436 0.221038 -0.970485
vn 0.096436 0.221038 -0.970486
vn -0.202929 0.161146 -0.965843
vn -0.202929 0.161146 -0.965842
vn 0.202929 0.161146 -0.965842
vn 0.202929 0.161146 -0.965843
vn 0 0.170303 -0.985392
vn -0.177929 0.528707 0.829946
vn 0.177928 0.528708 0.829946
vn -0.155405 0.786076 0.598276
vn 0.155404 0.786076 0.598276
vn -0.204506 0.957833 0.201824
vn 0.204504 0.957833 0.201825
vn -0.196731 0.980357 -0.01407
vn 0.19673 0.980357 -0.01407
vn -0.200196 0.79538 -0.572094
vn 0.200197 0.795381 -0.572093
vn -0.193996 0.147623 -0.969831
vn 0.193998 0.147623 -0.969831
vn -0.194321 -0.050305 -0.979647
vn 0.194323 -0.050306 -0.979647
vn -0.216534 0.00991 -0.976225
vn 0.216535 0.00991 -0.976225
vn 0.499633 -0.023771 -0.865911
vn 0.511329 -0.030811 -0.858833
vn 0.307277 -0.015149 -0.9515
vn 0.3276 -0.020002 -0.944605
vn 0 -0.005313 -0.999986
vn -0 -0.005795 -0.999983
vn -0.3276 -0.020002 -0.944605
vn -0.307277 -0.015149 -0.9515
vn -0.511329 -0.030811 -0.858833
vn -0.499633 -0.023771 -0.865911
vn 0.537946 -0.074881 -0.839647
vn 0.558789 -0.170717 -0.811548
vn 0.349401 -0.053431 -0.935449
vn 0.359126 -0.124635 -0.92493
vn -0 -0.083922 -0.996472
vn -0 -0.025108 -0.999685
vn -0.349401 -0.053431 -0.935449
vn -0.359126 -0.124635 -0.92493
vn -0.55879 -0.170717 -0.811548
vn -0.537946 -0.074881 -0.839647
vn 0.539673 0.00101 -0.841874
vn 0.424537 0.008405 -0.905371
vn -0 0.008142 -0.999967
vn -0.424537 0.008405 -0.905371
vn -0.539673 0.00101 -0.841874
vn 0.511184 0.062349 -0.857207
vn 0.354067 0.027284 -0.934822
vn -0 0.005606 -0.999984
vn -0.354067 0.027284 -0.934822
vn -0.511184 0.06235 -0.857207
vn 0.40736 -0.061652 -0.911185
vn 0.24276 -0.079043 -0.966861
vn -0 -0.076018 -0.997106
vn -0.24276 -0.079043 -0.966861
vn -0.407359 -0.061652 -0.911185
vn 0.953636 -0.074842 -0.291508
vn 0.950148 -0.082029 -0.300816
vn 0.94948 -0.083371 -0.30255
vn -0.950148 -0.082029 -0.300816
vn -0.953636 -0.074842 -0.291508
vn -0.94948 -0.083371 -0.30255
vn 0.940889 -0.126595 -0.314168
vn 0.941273 -0.12399 -0.314058
vn 0.926527 -0.193968 -0.322374
vn 0.926966 -0.192751 -0.321841
vn -0.926966 -0.192751 -0.321841
vn -0.926527 -0.193968 -0.322374
vn -0.940889 -0.126595 -0.314168
vn -0.941273 -0.12399 -0.314058
vn 0.907451 -0.242372 -0.343204
vn -0.907451 -0.242372 -0.343204
vn 0.974317 -0.107719 0.197745
vn 0.972019 -0.108634 0.208272
vn 0.971784 -0.108724 0.209322
vn -0.972019 -0.108633 0.208273
vn -0.974317 -0.10772 0.197745
vn -0.971784 -0.108724 0.209322
vn 0.941813 -0.233184 0.242102
vn -0.941813 -0.233184 0.242102
vn 0.905417 -0.287806 0.312071
vn -0.905417 -0.287806 0.312071
vn -0.969949 -0.109411 0.217322
vn 0.969949 -0.109411 0.217322
vn 0.074513 -0.228334 0.970727
vn -0.074513 -0.228334 0.970727
vn 0.202649 -0.16389 0.965439
vn -0.202649 -0.163891 0.965439
vn 0 -0.170733 0.985317
vn 0.17793 -0.528708 -0.829945
vn -0.177929 -0.528707 -0.829946
vn 0.155405 -0.786076 -0.598275
vn -0.155403 -0.786077 -0.598275
vn 0.204504 -0.957833 -0.201825
vn 0.204504 -0.957834 -0.201825
vn -0.204504 -0.957834 -0.201825
vn -0.204504 -0.957833 -0.201825
vn 0.19673 -0.980357 0.01407
vn -0.19673 -0.980357 0.01407
vn 0.200195 -0.795381 0.572094
vn -0.200196 -0.79538 0.572094
vn 0.193995 -0.147624 0.969831
vn -0.193998 -0.147624 0.969831
vn 0.194321 0.050306 0.979647
vn -0.194323 0.050306 0.979647
vn 0.216302 -0.009552 0.97628
vn 0.216301 -0.009552 0.97628
vn -0.216303 -0.009552 0.97628
vn -0.20189 -0.979226 -0.018875
vn -0.117235 -0.992996 0.014651
vn -0.100537 -0.994842 0.013486
vn -0.167619 -0.985847 0.002997
vn 0 -0.999936 0.01129
vn 0.117234 -0.992996 0.014651
vn 0.100536 -0.994842 0.013486
vn 0.201886 -0.979227 -0.018875
vn 0.167617 -0.985848 0.002997
vn -0.77474 0.133156 -0.6181
vn -0.721091 0.071635 -0.689126
vn -0.796407 0.160976 -0.582943
vn -0.721092 0.071635 -0.689127
vn 0.721092 0.071635 -0.689127
vn 0.774742 0.133157 -0.618098
vn 0.796409 0.160977 -0.58294
vn 0.721091 0.071635 -0.689127
vn -0.909357 0.084896 -0.407263
vn -0.871636 0.17809 -0.456657
vn -0 0.981904 -0.18938
vn 0.075098 0.979131 -0.188846
vn -0.075098 0.979131 -0.188846
vn 0.90936 0.084897 -0.407256
vn 0.871639 0.178091 -0.45665
vn -0.237946 -0.970369 -0.042012
vn -0.237489 -0.970494 -0.041727
vn 0.237943 -0.97037 -0.042012
vn 0.237486 -0.970494 -0.041727
vn 0.198411 0.980018 -0.014082
vn 0.323514 0.945246 0.042992
vn 0.327264 0.943874 0.044736
vn -0.323512 0.945247 0.042992
vn -0.19841 0.980018 -0.014082
vn -0.327262 0.943874 0.044736
vn 0.254696 -0.024249 -0.966717
vn 0.255311 -0.002718 -0.966855
vn 0.2548 -0.02089 -0.966768
vn -0.241989 -0.969256 -0.044539
vn 0.24199 -0.969256 -0.044539
vn -0.25531 -0.002718 -0.966855
vn -0.254696 -0.024249 -0.966717
vn -0.254799 -0.02089 -0.966768
vn 0.412642 -0.111733 -0.904015
vn 0.337552 -0.077387 -0.93812
vn 0.412642 -0.111733 -0.904014
vn 0.316527 -0.067877 -0.946152
vn -0.337553 -0.077387 -0.93812
vn -0.412644 -0.111733 -0.904014
vn -0.316528 -0.067877 -0.946152
vn 0.363234 0.921797 0.135468
vn 0.298223 0.938123 0.176037
vn -0.363232 0.921798 0.135467
vn -0.298222 0.938123 0.176037
vn 0.1706 0.9532 0.249611
vn -0.099187 -0.951452 -0.291377
vn -0.124609 -0.926526 -0.354996
vn -0.095607 -0.95452 -0.282402
vn 0.124609 -0.926526 -0.354995
vn 0.099186 -0.951452 -0.291377
vn 0.095607 -0.95452 -0.282402
vn -0.1706 0.9532 0.24961
vn -0.03527 -0.978213 -0.204588
vn -0.030391 -0.978691 -0.203079
vn 0.035268 -0.978213 -0.204588
vn 0.030388 -0.978691 -0.203079
vn -1e-06 0.994087 0.108584
vn 0.981446 0.12903 0.141825
vn 0.983209 0.141001 0.11584
vn 0.98171 0.130527 0.138595
vn -0.97601 -0.199591 -0.086989
vn -0.956615 -0.202094 -0.209871
vn 0.976011 -0.19959 -0.086988
vn 0.956616 -0.202092 -0.209867
vn -0.983209 0.141 0.115839
vn -0.981446 0.129031 0.141827
vn -0.98171 0.130528 0.138596
vn 0.980258 0.197692 -0.003431
vn 0.984167 0.158982 0.078355
vn -0.977793 -0.208538 0.020812
vn -0.979502 -0.200533 -0.019053
vn 0.977793 -0.208537 0.020813
vn 0.979502 -0.200533 -0.019052
vn -0.980258 0.197691 -0.003432
vn -0.984168 0.158981 0.078354
vn 0.976331 0.202847 -0.075038
vn 0.976791 0.205296 -0.061103
vn -0.976074 -0.202658 0.078795
vn -0.976572 -0.205323 0.064416
vn 0.976074 -0.202658 0.078795
vn 0.976572 -0.205323 0.064417
vn -0.976331 0.202847 -0.075038
vn -0.976791 0.205296 -0.061103
vn 0.975334 0.187372 -0.116687
vn 0.974844 0.161324 -0.153798
vn -0.974546 -0.196116 0.10862
vn -0.974449 -0.192652 0.11547
vn 0.974546 -0.196116 0.10862
vn 0.974449 -0.192653 0.11547
vn -0.975334 0.187373 -0.116687
vn -0.974844 0.161324 -0.153798
vn 0.975224 0.132824 -0.176907
vn 0.976877 0.100655 -0.188628
vn -0.975776 -0.170206 0.137445
vn -0.976348 -0.12864 0.17377
vn 0.975776 -0.170207 0.137445
vn 0.976348 -0.12864 0.173771
vn -0.975224 0.132824 -0.176908
vn -0.976876 0.100656 -0.18863
vn 0.975611 0.091624 -0.19947
vn 0.975387 0.091456 -0.200641
vn -0.974743 -0.104203 0.19753
vn -0.974533 -0.102297 0.199551
vn 0.974743 -0.104203 0.197531
vn 0.974533 -0.102297 0.199552
vn -0.97561 0.091624 -0.199472
vn -0.975386 0.091456 -0.200643
vn 0.980295 0.057385 -0.189019
vn 0.980229 0.05786 -0.189219
vn -0.97466 -0.063869 0.214378
vn -0.974664 -0.064848 0.214066
vn 0.97466 -0.063869 0.214379
vn 0.974664 -0.064848 0.214067
vn -0.980295 0.057385 -0.18902
vn -0.980229 0.05786 -0.18922
vn 0.982258 0.042385 -0.182682
vn -0.974461 -0.048343 0.21929
vn 0.974461 -0.048343 0.219292
vn -0.982258 0.042385 -0.182682
vt 0.403643 0.65589
vt 0.450378 0.648592
vt 0.411681 0.702112
vt 0.45211 0.696301
vt 0.489709 0.64503
vt 0.489942 0.694528
vt 0.529028 0.648237
vt 0.527778 0.695911
vt 0.575719 0.65506
vt 0.568223 0.701288
vt 0.418061 0.75473
vt 0.454613 0.750446
vt 0.422139 0.800222
vt 0.458923 0.795489
vt 0.490241 0.750291
vt 0.490501 0.795836
vt 0.525863 0.750045
vt 0.522071 0.795128
vt 0.562451 0.753916
vt 0.558904 0.799443
vt 0.427949 0.819806
vt 0.461581 0.819184
vt 0.490619 0.816571
vt 0.519684 0.818849
vt 0.553331 0.819095
vt 0.46898 0.891934
vt 0.441387 0.89128
vt 0.491039 0.891655
vt 0.513096 0.891647
vt 0.540719 0.890974
vt 0.456536 0.956787
vt 0.471801 0.953915
vt 0.491374 0.951213
vt 0.510977 0.953695
vt 0.526266 0.956393
vt 0.373247 0.710686
vt 0.361503 0.667067
vt 0.606696 0.7094
vt 0.617884 0.665741
vt 0.382716 0.805909
vt 0.379953 0.760671
vt 0.59839 0.804662
vt 0.600613 0.759408
vt 0.383773 0.825019
vt 0.597561 0.823781
vt 0.343721 0.714949
vt 0.33504 0.676268
vt 0.636206 0.713291
vt 0.644357 0.674616
vt 0.344161 0.761154
vt 0.34021 0.798204
vt 0.636404 0.759449
vt 0.640808 0.796447
vt 0.338557 0.823893
vt 0.642758 0.822127
vt 0.806886 0.738751
vt 0.800038 0.756951
vt 0.776022 0.751221
vt 0.777467 0.736981
vt 0.683178 0.756946
vt 0.676328 0.738746
vt 0.707194 0.751212
vt 0.705754 0.736979
vt 0.756768 0.750359
vt 0.753871 0.736741
vt 0.726452 0.750354
vt 0.729355 0.73673
vt 0.897078 0.934948
vt 0.871414 0.941361
vt 0.875103 0.906304
vt 0.899923 0.905908
vt 0.954094 0.944705
vt 0.932094 0.936043
vt 0.953995 0.909935
vt 0.930696 0.908284
vt 0.876707 0.880427
vt 0.904242 0.879413
vt 0.954538 0.883951
vt 0.927884 0.882174
vt 0.87725 0.8493
vt 0.904169 0.847094
vt 0.954539 0.850908
vt 0.926783 0.848491
vt 0.878629 0.818698
vt 0.905777 0.814665
vt 0.953523 0.814235
vt 0.926426 0.810238
vt 0.90042 0.791391
vt 0.87733 0.792246
vt 0.930653 0.785761
vt 0.952434 0.785877
vt 0.896013 0.782641
vt 0.877366 0.78175
vt 0.934202 0.77678
vt 0.951934 0.775343
vt 0.873517 0.756394
vt 0.888179 0.757447
vt 0.953221 0.750812
vt 0.939393 0.751891
vt 0.89416 0.702024
vt 0.880055 0.698676
vt 0.937944 0.699417
vt 0.950213 0.696902
vt 0.816219 0.428127
vt 0.81129 0.467797
vt 0.763568 0.424076
vt 0.763447 0.463744
vt 0.721983 0.423304
vt 0.721979 0.463536
vt 0.680511 0.463735
vt 0.680399 0.424067
vt 0.632668 0.467778
vt 0.627747 0.428107
vt 0.805167 0.512038
vt 0.798657 0.550226
vt 0.760735 0.507613
vt 0.755189 0.54526
vt 0.721971 0.546299
vt 0.721974 0.50925
vt 0.683214 0.507604
vt 0.688752 0.545253
vt 0.645283 0.55021
vt 0.638781 0.512021
vt 0.793032 0.56925
vt 0.753161 0.56637
vt 0.721968 0.564477
vt 0.690775 0.566363
vt 0.650904 0.569235
vt 0.777449 0.631984
vt 0.745735 0.630011
vt 0.721962 0.628938
vt 0.698188 0.630006
vt 0.666474 0.631972
vt 0.765066 0.682292
vt 0.742917 0.680608
vt 0.721957 0.678724
vt 0.700996 0.680603
vt 0.678846 0.682283
vt 0.867013 0.437431
vt 0.858566 0.476218
vt 0.585389 0.476189
vt 0.576951 0.4374
vt 0.851542 0.520841
vt 0.846688 0.558165
vt 0.597251 0.558139
vt 0.592404 0.520813
vt 0.844009 0.575168
vt 0.599926 0.575142
vt 0.908906 0.447257
vt 0.898887 0.483586
vt 0.545067 0.483549
vt 0.535056 0.447217
vt 0.897186 0.524362
vt 0.901193 0.557173
vt 0.542746 0.557135
vt 0.546759 0.524326
vt 0.898666 0.581744
vt 0.545268 0.581707
vt 0.805204 0.732792
vt 0.778189 0.729228
vt 0.778169 0.714178
vt 0.800323 0.713802
vt 0.682892 0.713796
vt 0.705049 0.714175
vt 0.67801 0.732786
vt 0.705021 0.729223
vt 0.753925 0.72877
vt 0.756395 0.714588
vt 0.726817 0.714612
vt 0.729304 0.728813
vt 0.843348 0.927354
vt 0.846027 0.898858
vt 0.86923 0.904881
vt 0.864536 0.939011
vt 0.960323 0.942474
vt 0.959799 0.90879
vt 0.981549 0.932977
vt 0.982884 0.90521
vt 0.846552 0.874602
vt 0.872878 0.879892
vt 0.958327 0.883571
vt 0.984414 0.880116
vt 0.848317 0.845579
vt 0.875088 0.849225
vt 0.956611 0.850724
vt 0.983756 0.847876
vt 0.848698 0.817485
vt 0.875349 0.818941
vt 0.956755 0.814418
vt 0.983197 0.811314
vt 0.849623 0.795516
vt 0.870898 0.79414
vt 0.958701 0.787463
vt 0.97998 0.787675
vt 0.852191 0.786055
vt 0.871469 0.783216
vt 0.957751 0.7769
vt 0.977035 0.778569
vt 0.855657 0.757724
vt 0.869197 0.756518
vt 0.957571 0.750897
vt 0.970788 0.751767
vt 0.861105 0.698742
vt 0.875229 0.697949
vt 0.954826 0.696468
vt 0.967581 0.69823
vt 0.400826 0.646971
vt 0.448569 0.638121
vt 0.489663 0.633997
vt 0.530737 0.637768
vt 0.578438 0.646121
vt 0.434355 0.892598
vt 0.422584 0.825754
vt 0.558772 0.824984
vt 0.547705 0.891753
vt 0.448565 0.956665
vt 0.491429 0.960841
vt 0.472307 0.964858
vt 0.510595 0.964642
vt 0.534228 0.956183
vt 0.359817 0.662212
vt 0.619517 0.660861
vt 0.384155 0.83143
vt 0.597255 0.830196
vt 0.338035 0.715049
vt 0.329845 0.67626
vt 0.33207 0.671499
vt 0.64729 0.669827
vt 0.649554 0.674522
vt 0.641893 0.713309
vt 0.331178 0.796363
vt 0.338194 0.760431
vt 0.642361 0.758649
vt 0.649818 0.794495
vt 0.341466 0.833907
vt 0.639968 0.832176
vt 0.797557 0.763289
vt 0.774027 0.758404
vt 0.70919 0.758396
vt 0.68566 0.763283
vt 0.757091 0.758015
vt 0.726128 0.757986
vt 0.905995 0.905343
vt 0.903535 0.932974
vt 0.925637 0.934369
vt 0.924929 0.907446
vt 0.908236 0.879199
vt 0.924042 0.881927
vt 0.906352 0.847075
vt 0.924675 0.848515
vt 0.909145 0.81467
vt 0.923218 0.810287
vt 0.907267 0.79089
vt 0.923909 0.785837
vt 0.902116 0.782487
vt 0.928089 0.777171
vt 0.892276 0.757382
vt 0.935173 0.751725
vt 0.899004 0.702156
vt 0.933279 0.699169
usemtl standardSurface8SG
f 569/870/787 570/871/788 571/872/789
f 570/871/788 572/873/790 571/872/789
f 570/871/788 573/874/791 572/873/790
f 573/874/791 574/875/792 572/873/790
f 573/874/791 575/876/793 576/877/794
f 573/874/791 576/877/794 574/875/792
f 575/876/793 577/878/795 578/879/796
f 575/876/793 578/879/796 576/877/794
f 579/880/797 580/881/798 581/882/799
f 580/881/798 582/883/800 581/882/799
f 580/881/798 583/884/801 584/885/802
f 580/881/798 584/885/802 582/883/800
f 583/884/801 585/886/803 584/885/802
f 585/886/803 586/887/804 584/885/802
f 585/886/803 587/888/805 588/889/806
f 585/886/803 588/889/806 586/887/804
f 581/882/799 582/883/800 589/890/807
f 582/883/800 590/891/808 589/890/807
f 582/883/800 584/885/802 590/891/808
f 584/885/802 591/892/809 590/891/808
f 584/885/802 586/887/804 592/893/810
f 584/885/802 592/893/810 591/892/809
f 586/887/804 588/889/806 593/894/811
f 586/887/804 593/894/811 592/893/810
f 589/890/807 590/891/808 594/895/812
f 589/890/807 594/895/812 595/896/813
f 590/891/808 591/892/809 596/897/814
f 590/891/808 596/897/814 594/895/812
f 591/892/809 592/893/810 596/897/814
f 592/893/810 597/898/815 596/897/814
f 592/893/810 593/894/811 597/898/815
f 593/894/811 598/899/816 597/898/815
f 595/896/813 594/895/812 599/900/817
f 594/895/812 600/901/818 599/900/817
f 594/895/812 596/897/814 601/902/819
f 594/895/812 601/902/819 600/901/818
f 596/897/814 597/898/815 601/902/819
f 597/898/815 602/903/820 601/902/819
f 597/898/815 603/904/821 602/903/820
f 597/898/815 598/899/816 603/904/821
f 569/870/822 571/872/823 604/905/824
f 569/870/822 604/905/824 605/906/822
f 606/907/825 578/879/826 577/878/827
f 606/907/825 577/878/827 607/908/827
f 579/880/828 581/882/829 608/909/830
f 579/880/828 608/909/830 609/910/831
f 588/889/832 587/888/833 610/911/834
f 587/888/833 611/912/835 610/911/834
f 581/882/829 589/890/836 608/909/830
f 589/890/836 612/913/836 608/909/830
f 593/894/837 588/889/832 610/911/834
f 593/894/837 610/911/834 613/914/837
f 605/906/838 604/905/839 614/915/840
f 605/906/838 614/915/840 615/916/838
f 616/917/841 606/907/842 607/908/843
f 616/917/841 607/908/843 617/918/843
f 609/910/844 608/909/844 618/919/844
f 608/909/844 619/920/844 618/919/844
f 610/911/845 611/912/845 620/921/845
f 610/911/845 620/921/845 621/922/845
f 608/909/846 612/913/846 619/920/846
f 612/913/846 622/923/846 619/920/846
f 613/914/847 610/911/847 621/922/847
f 613/914/847 621/922/847 623/924/847
f 611/912/848 606/907/842 620/921/848
f 606/907/842 616/917/841 620/921/848
f 587/888/833 578/879/826 611/912/835
f 578/879/826 606/907/825 611/912/835
f 576/877/794 578/879/796 587/888/805
f 576/877/794 587/888/805 585/886/803
f 574/875/792 576/877/794 585/886/803
f 574/875/792 585/886/803 583/884/801
f 572/873/790 574/875/792 580/881/798
f 574/875/792 583/884/801 580/881/798
f 571/872/789 572/873/790 579/880/797
f 572/873/790 580/881/798 579/880/797
f 604/905/824 571/872/823 609/910/831
f 571/872/823 579/880/828 609/910/831
f 614/915/840 604/905/839 618/919/849
f 604/905/839 609/910/849 618/919/849
f 619/925/850 622/926/851 624/927/851
f 619/925/850 624/927/851 625/928/850
f 623/929/852 621/930/852 626/931/852
f 621/930/852 627/932/852 626/931/852
f 625/928/853 624/927/854 628/933/854
f 625/928/853 628/933/854 629/934/854
f 626/931/855 627/932/855 630/935/856
f 627/932/855 631/936/855 630/935/856
f 629/934/857 628/933/857 630/935/857
f 629/934/857 630/935/857 631/936/857
f 599/937/858 600/938/858 632/939/858
f 599/937/858 632/939/858 633/940/858
f 602/941/859 603/942/859 634/943/859
f 603/942/859 635/944/859 634/943/859
f 633/940/860 632/939/860 636/945/860
f 633/940/860 636/945/860 637/946/860
f 634/943/861 635/944/861 638/947/861
f 635/944/861 639/948/861 638/947/861
f 637/946/862 636/945/862 640/949/862
f 637/946/862 640/949/862 641/950/862
f 638/947/863 639/948/863 642/951/863
f 639/948/863 643/952/863 642/951/863
f 641/950/864 640/949/864 644/953/864
f 641/950/864 644/953/864 645/954/864
f 642/951/865 643/952/865 646/955/865
f 643/952/865 647/956/865 646/955/865
f 645/954/866 644/953/866 648/957/866
f 644/953/866 649/958/866 648/957/866
f 646/955/867 647/956/867 650/959/867
f 646/955/867 650/959/867 651/960/867
f 648/957/868 649/958/868 652/961/868
f 649/958/868 653/962/868 652/961/868
f 651/960/869 650/959/869 654/963/869
f 651/960/869 654/963/869 655/964/869
f 652/961/870 653/962/870 656/965/870
f 652/961/870 656/965/870 657/966/870
f 655/964/871 654/963/871 658/967/871
f 654/963/871 659/968/871 658/967/871
f 657/966/872 656/965/872 624/969/872
f 656/965/872 628/970/872 624/969/872
f 658/967/873 659/968/873 626/971/873
f 658/967/873 626/971/873 630/972/873
f 660/973/874 661/974/875 662/975/876
f 661/974/875 663/976/877 662/975/876
f 662/975/876 663/976/877 664/977/878
f 663/976/877 665/978/879 664/977/878
f 664/977/878 665/978/879 666/979/880
f 664/977/878 666/979/880 667/980/881
f 667/980/881 666/979/880 668/981/882
f 667/980/881 668/981/882 669/982/883
f 670/983/884 671/984/885 672/985/886
f 671/984/885 673/986/887 672/985/886
f 672/985/886 673/986/887 674/987/888
f 672/985/886 674/987/888 675/988/889
f 675/988/889 674/987/888 676/989/890
f 674/987/888 677/990/891 676/989/890
f 676/989/890 677/990/891 678/991/892
f 676/989/890 678/991/892 679/992/893
f 671/984/885 680/993/894 673/986/887
f 680/993/894 681/994/895 673/986/887
f 673/986/887 681/994/895 674/987/888
f 681/994/895 682/995/896 674/987/888
f 674/987/888 682/995/896 683/996/897
f 674/987/888 683/996/897 677/990/891
f 677/990/891 683/996/897 684/997/898
f 677/990/891 684/997/898 678/991/892
f 680/993/894 685/998/899 681/994/895
f 685/998/899 686/999/900 681/994/895
f 681/994/895 686/999/900 687/1000/901
f 681/994/895 687/1000/901 682/995/896
f 682/995/896 687/1000/901 683/996/897
f 687/1000/901 688/1001/902 683/996/897
f 683/996/897 688/1001/902 689/1002/903
f 683/996/897 689/1002/903 684/997/898
f 685/998/899 690/1003/904 686/999/900
f 686/999/900 690/1003/904 691/1004/905
f 686/999/900 691/1004/905 692/1005/906
f 686/999/900 692/1005/906 687/1000/901
f 687/1000/901 692/1005/906 688/1001/902
f 692/1005/906 693/1006/907 688/1001/902
f 688/1001/902 693/1006/907 694/1007/908
f 688/1001/902 694/1007/908 689/1002/903
f 660/973/909 695/1008/909 696/1009/910
f 660/973/909 696/1009/910 661/974/911
f 697/1010/912 698/1011/913 669/982/913
f 697/1010/912 669/982/913 668/981/914
f 670/983/915 699/1012/916 700/1013/917
f 670/983/915 700/1013/917 671/984/918
f 678/991/919 701/1014/920 679/992/921
f 701/1014/920 702/1015/922 679/992/921
f 671/984/918 700/1013/917 703/1016/923
f 671/984/918 703/1016/923 680/993/923
f 684/997/924 704/1017/924 678/991/919
f 704/1017/924 701/1014/920 678/991/919
f 695/1008/925 705/1018/925 706/1019/926
f 695/1008/925 706/1019/926 696/1009/927
f 707/1020/928 708/1021/929 698/1011/929
f 707/1020/928 698/1011/929 697/1010/930
f 699/1012/931 709/1022/931 700/1013/931
f 709/1022/931 710/1023/931 700/1013/931
f 701/1014/932 711/1024/932 712/1025/932
f 701/1014/932 712/1025/932 702/1015/932
f 700/1013/933 710/1023/933 703/1016/933
f 710/1023/933 713/1026/933 703/1016/933
f 704/1017/934 714/1027/934 711/1024/934
f 704/1017/934 711/1024/934 701/1014/934
f 702/1015/935 712/1025/935 697/1010/930
f 712/1025/935 707/1020/928 697/1010/930
f 679/992/921 702/1015/922 668/981/914
f 702/1015/922 697/1010/912 668/981/914
f 666/979/880 676/989/890 679/992/893
f 666/979/880 679/992/893 668/981/882
f 665/978/879 675/988/889 676/989/890
f 665/978/879 676/989/890 666/979/880
f 663/976/877 672/985/886 665/978/879
f 672/985/886 675/988/889 665/978/879
f 661/974/875 670/983/884 663/976/877
f 670/983/884 672/985/886 663/976/877
f 696/1009/910 699/1012/916 661/974/911
f 699/1012/916 670/983/915 661/974/911
f 706/1019/926 709/1022/936 696/1009/927
f 709/1022/936 699/1012/936 696/1009/927
f 710/1028/937 715/1029/937 716/1030/937
f 710/1028/937 716/1030/937 713/1031/937
f 714/1032/938 717/1033/938 711/1034/938
f 717/1033/938 718/1035/938 711/1034/938
f 715/1029/939 719/1036/939 720/1037/939
f 715/1029/939 720/1037/939 716/1030/939
f 717/1033/940 721/1038/940 718/1035/940
f 721/1038/940 722/1039/940 718/1035/940
f 719/1036/941 722/1039/941 721/1038/941
f 719/1036/941 721/1038/941 720/1037/941
f 690/1040/942 723/1041/942 724/1042/942
f 690/1040/942 724/1042/942 691/1043/942
f 693/1044/943 725/1045/943 694/1046/943
f 725/1045/943 726/1047/943 694/1046/943
f 723/1041/944 727/1048/944 728/1049/944
f 723/1041/944 728/1049/944 724/1042/944
f 725/1045/945 729/1050/945 726/1047/945
f 729/1050/945 730/1051/945 726/1047/945
f 727/1048/946 731/1052/946 732/1053/947
f 727/1048/946 732/1053/947 728/1049/946
f 729/1050/948 733/1054/949 730/1051/949
f 733/1054/949 734/1055/948 730/1051/949
f 731/1052/950 735/1056/950 736/1057/950
f 731/1052/950 736/1057/950 732/1053/950
f 733/1054/951 737/1058/951 734/1055/951
f 737/1058/951 738/1059/951 734/1055/951
f 735/1056/952 739/1060/952 736/1057/952
f 739/1060/952 740/1061/952 736/1057/952
f 737/1058/953 741/1062/953 742/1063/953
f 737/1058/953 742/1063/953 738/1059/953
f 739/1060/954 743/1064/954 740/1061/954
f 743/1064/954 744/1065/954 740/1061/954
f 741/1062/955 745/1066/955 746/1067/955
f 741/1062/955 746/1067/955 742/1063/955
f 743/1064/956 747/1068/956 748/1069/956
f 743/1064/956 748/1069/956 744/1065/956
f 745/1066/957 749/1070/957 746/1067/957
f 749/1070/957 750/1071/957 746/1067/957
f 747/1068/958 716/1072/959 748/1069/959
f 716/1072/959 720/1073/959 748/1069/959
f 749/1070/960 721/1074/960 717/1075/960
f 749/1070/960 717/1075/960 750/1071/960
f 660/1076/961 662/1077/962 570/871/963
f 660/1076/961 570/871/963 569/870/964
f 662/1077/962 664/1078/965 573/874/965
f 662/1077/962 573/874/965 570/871/963
f 664/1078/965 667/1079/966 573/874/965
f 667/1079/966 575/876/967 573/874/965
f 667/1079/966 669/1080/968 575/876/967
f 669/1080/968 577/878/969 575/876/967
f 685/1081/970 680/1082/971 595/896/972
f 680/1082/971 589/890/973 595/896/972
f 684/1083/974 689/1084/975 598/899/976
f 684/1083/974 598/899/976 593/894/977
f 690/1085/978 685/1081/970 599/900/979
f 685/1081/970 595/896/972 599/900/979
f 692/1086/980 691/1087/981 600/901/981
f 692/1086/980 600/901/981 601/902/980
f 693/1088/982 692/1086/980 602/903/982
f 692/1086/980 601/902/980 602/903/982
f 689/1084/975 694/1089/983 603/904/984
f 689/1084/975 603/904/984 598/899/976
f 695/1090/985 660/1076/961 605/906/986
f 660/1076/961 569/870/964 605/906/986
f 669/1080/968 698/1091/987 607/908/988
f 669/1080/968 607/908/988 577/878/969
f 680/1082/989 703/1092/990 589/890/989
f 703/1092/990 612/913/991 589/890/989
f 704/1093/992 684/1083/993 593/894/993
f 704/1093/992 593/894/993 613/914/994
f 706/1094/995 705/1095/996 614/915/997
f 705/1095/996 615/916/996 614/915/997
f 705/1096/998 695/1090/985 605/906/986
f 705/1096/998 605/906/986 615/916/998
f 698/1091/987 708/1097/999 607/908/988
f 708/1097/999 617/918/999 607/908/988
f 708/1098/1000 707/1099/1001 616/917/1002
f 708/1098/1000 616/917/1002 617/918/1000
f 710/1100/1003 709/1101/1004 619/920/1005
f 709/1101/1004 618/919/1006 619/920/1005
f 712/1102/1007 711/1103/1008 621/922/1008
f 712/1102/1007 621/922/1008 620/921/1009
f 703/1092/990 713/1104/1010 612/913/991
f 713/1104/1010 622/923/1011 612/913/991
f 714/1105/1012 704/1093/992 613/914/994
f 714/1105/1012 613/914/994 623/924/1013
f 707/1099/1001 712/1102/1007 620/921/1009
f 707/1099/1001 620/921/1009 616/917/1002
f 709/1101/1004 706/1094/995 618/919/1006
f 706/1094/995 614/915/997 618/919/1006
f 713/1106/1010 716/1107/1014 624/927/1014
f 713/1106/1010 624/927/1014 622/926/1011
f 715/1029/1015 710/1028/1016 625/928/1017
f 710/1028/1016 619/925/1016 625/928/1017
f 711/1034/1018 718/1035/1019 627/932/1020
f 711/1034/1018 627/932/1020 621/930/1018
f 717/1108/1021 714/1109/1012 626/931/1021
f 714/1109/1012 623/929/1013 626/931/1021
f 719/1036/1022 715/1029/1015 629/934/1023
f 715/1029/1015 625/928/1017 629/934/1023
f 718/1035/1019 722/1039/1024 631/936/1025
f 718/1035/1019 631/936/1025 627/932/1020
f 720/1110/1026 721/1111/1026 628/933/1026
f 721/1111/1026 630/935/1026 628/933/1026
f 722/1039/1024 719/1036/1022 631/936/1025
f 719/1036/1022 629/934/1023 631/936/1025
f 691/1043/1027 724/1042/1028 632/939/1029
f 691/1043/1027 632/939/1029 600/938/1027
f 723/1112/1030 690/1113/978 599/937/979
f 723/1112/1030 599/937/979 633/940/1031
f 694/1114/983 726/1115/1032 603/942/984
f 726/1115/1032 635/944/1033 603/942/984
f 725/1045/1034 693/1044/1035 634/943/1036
f 693/1044/1035 602/941/1035 634/943/1036
f 724/1042/1028 728/1049/1037 632/939/1029
f 728/1049/1037 636/945/1038 632/939/1029
f 727/1116/1039 723/1112/1030 637/946/1040
f 723/1112/1030 633/940/1031 637/946/1040
f 726/1115/1032 730/1117/1041 639/948/1042
f 726/1115/1032 639/948/1042 635/944/1033
f 729/1050/1043 725/1045/1034 634/943/1036
f 729/1050/1043 634/943/1036 638/947/1044
f 728/1049/1037 732/1053/1045 640/949/1046
f 728/1049/1037 640/949/1046 636/945/1038
f 731/1118/1047 727/1116/1039 637/946/1040
f 731/1118/1047 637/946/1040 641/950/1048
f 730/1117/1041 734/1119/1049 639/948/1042
f 734/1119/1049 643/952/1050 639/948/1042
f 733/1054/1051 729/1050/1043 642/951/1052
f 729/1050/1043 638/947/1044 642/951/1052
f 732/1053/1045 736/1057/1053 644/953/1054
f 732/1053/1045 644/953/1054 640/949/1046
f 735/1120/1055 731/1118/1047 641/950/1048
f 735/1120/1055 641/950/1048 645/954/1056
f 734/1119/1049 738/1121/1057 643/952/1050
f 738/1121/1057 647/956/1058 643/952/1050
f 737/1058/1059 733/1054/1051 646/955/1060
f 733/1054/1051 642/951/1052 646/955/1060
f 736/1057/1053 740/1061/1061 644/953/1054
f 740/1061/1061 649/958/1062 644/953/1054
f 739/1122/1063 735/1120/1055 648/957/1064
f 735/1120/1055 645/954/1056 648/957/1064
f 738/1121/1057 742/1123/1065 650/959/1066
f 738/1121/1057 650/959/1066 647/956/1058
f 741/1062/1067 737/1058/1059 646/955/1060
f 741/1062/1067 646/955/1060 651/960/1068
f 740/1061/1061 744/1065/1069 653/962/1070
f 740/1061/1061 653/962/1070 649/958/1062
f 743/1124/1071 739/1122/1063 648/957/1064
f 743/1124/1071 648/957/1064 652/961/1072
f 742/1123/1065 746/1125/1073 650/959/1066
f 746/1125/1073 654/963/1074 650/959/1066
f 745/1066/1075 741/1062/1067 655/964/1076
f 741/1062/1067 651/960/1068 655/964/1076
f 744/1065/1069 748/1069/1077 653/962/1070
f 748/1069/1077 656/965/1078 653/962/1070
f 747/1126/1079 743/1124/1071 657/966/1080
f 743/1124/1071 652/961/1072 657/966/1080
f 746/1125/1073 750/1127/1081 659/968/1082
f 746/1125/1073 659/968/1082 654/963/1074
f 749/1070/1083 745/1066/1075 655/964/1076
f 749/1070/1083 655/964/1076 658/967/1084
f 748/1069/1077 720/1073/1085 656/965/1078
f 720/1073/1085 628/970/1085 656/965/1078
f 716/1128/1086 747/1126/1079 657/966/1080
f 716/1128/1086 657/966/1080 624/969/1086
f 750/1127/1081 717/1129/1087 659/968/1082
f 717/1129/1087 626/971/1087 659/968/1082
f 721/1074/1088 749/1070/1083 658/967/1084
f 721/1074/1088 658/967/1084 630/972/1088
s off
g Body_standardSurface8SG
v 0.787331 -9.41425 -0.615484
v 0.794554 -9.23612 -0.611976
v 1.30364 -9.23612 -0.611976
v 1.29504 -9.41425 -0.615484
v 1.57113 -9.23612 -0.096961
v 1.56551 -9.41425 -0.105918
v 1.58089 -9.23612 1.09241
v 1.29894 -9.23612 1.34147
v 1.57823 -9.41425 1.09631
v 1.29624 -9.41425 1.3351
v 0.778122 -9.23612 1.34147
v 0.779893 -9.41425 1.3351
v 0.496345 -9.23612 1.09262
v 0.500086 -9.41425 1.09658
v 0.524402 -9.23612 -0.096961
v 0.519559 -9.41425 -0.105917
v 7.71532 4.78244 0.002401
v 7.71532 5.02882 0.002401
v 7.68732 5.00474 0.174179
v 7.68732 4.77689 0.174179
v 7.55614 4.75207 0.242723
v 7.55614 5.01407 0.242723
v 7.49816 4.96994 0.440242
v 7.49816 4.73757 0.440242
v 7.41987 4.79593 -0.332477
v 7.36947 4.78258 -0.503713
v 7.36947 4.984 -0.503713
v 7.41987 5.02305 -0.332477
v 7.62173 4.78116 -0.24723
v 7.62173 4.99955 -0.24723
v 7.64904 5.0234 -0.082575
v 7.64904 4.78723 -0.082575
v 7.22241 4.77093 -0.011768
v 7.22241 5.05797 -0.011768
v 7.2717 5.05505 -0.010351
v 7.2717 4.77208 -0.010351
v 7.18979 5.02991 0.188348
v 7.23955 5.0274 0.186931
v 7.18979 4.76447 0.188348
v 7.23955 4.76571 0.186931
v 7.12049 4.7561 0.232016
v 7.12049 5.0465 0.232016
v 7.16405 5.04326 0.233087
v 7.16405 4.75569 0.233087
v 7.05622 4.99759 0.450949
v 7.10042 4.99483 0.449878
v 7.05622 4.74003 0.450949
v 7.10042 4.73979 0.449878
v 7.03757 4.7753 -0.319595
v 6.9796 4.75994 -0.516595
v 7.01859 4.7622 -0.515306
v 7.0758 4.77736 -0.320883
v 6.9796 4.99167 -0.516595
v 7.01859 4.9909 -0.515306
v 7.03757 5.0366 -0.319595
v 7.0758 5.03524 -0.320883
v 7.12386 4.77724 -0.263192
v 7.12386 5.03798 -0.263192
v 7.17365 5.03413 -0.261596
v 7.17365 4.77763 -0.261596
v 7.15647 5.06644 -0.066613
v 7.20573 5.06214 -0.068209
v 7.15647 4.78448 -0.066613
v 7.20573 4.78476 -0.068209
v 7.08103 4.75394 0.231683
v 7.08103 5.04523 0.231683
v 7.01657 4.73782 0.451282
v 7.01657 4.99616 0.451282
v 7.14278 4.76178 0.189613
v 7.17581 4.76832 -0.013033
v 7.14278 5.03058 0.189613
v 7.17581 5.05899 -0.013033
v 7.08339 4.77301 -0.264735
v 7.08339 5.03784 -0.264735
v 7.11652 4.78037 -0.06507
v 7.11652 5.06676 -0.06507
v 7.00642 4.77106 -0.318141
v 6.94759 4.75548 -0.518048
v 7.00642 5.03622 -0.318141
v 6.94759 4.99063 -0.518048
v 1.31442 -8.39241 -0.558453
v 1.55228 -8.51624 -0.106866
v 1.63056 -8.50609 -0.09015
v 1.35189 -8.38282 -0.615259
v 1.31108 -8.22859 0.286876
v 1.35189 -8.22262 0.36972
v 0.836748 -8.21981 0.286145
v 0.794548 -8.21163 0.36972
v 0.599327 -8.5162 -0.104403
v 0.515879 -8.50605 -0.09015
v 0.836425 -8.39241 -0.559171
v 0.794548 -8.38282 -0.615259
v -1.30364 -9.23612 -0.611976
v -1.57113 -9.23612 -0.096961
v -1.35189 -8.38282 -0.615259
v -1.63056 -8.50609 -0.09015
v -1.58089 -9.23612 1.09241
v -1.29894 -9.23612 1.34147
v -1.30825 -8.8566 1.3194
v -1.59008 -8.82101 1.09701
v -0.778122 -9.23612 1.34147
v -0.772025 -8.85656 1.3194
v -0.496345 -9.23612 1.09262
v -0.483468 -8.82463 1.09701
v -0.524402 -9.23612 -0.096961
v -0.794554 -9.23612 -0.611976
v -0.794548 -8.38282 -0.615259
v -0.515879 -8.50605 -0.09015
v 1.59008 -8.82101 1.09701
v 1.30709 -8.69177 1.09701
v 1.30825 -8.8566 1.3194
v 1.61049 -9.23612 0.377714
v 1.60638 -9.41425 0.377582
v 0.790644 -8.69157 1.09701
v 0.772025 -8.85656 1.3194
v 0.483468 -8.82463 1.09701
v 0.475181 -9.23612 0.377715
v 0.478007 -9.41425 0.377583
v -1.30628 -8.75472 0.849671
v -1.65313 -8.92975 0.849669
v -1.30709 -8.69177 1.09701
v -1.64697 -9.23612 0.849669
v -0.80363 -8.75279 0.849671
v -0.790644 -8.69157 1.09701
v -0.462172 -9.23612 0.849669
v -0.450869 -8.93132 0.849669
v 1.30547 -8.62168 0.574203
v 1.62461 -8.77297 0.378167
v 0.816617 -8.61803 0.574203
v 0.465453 -8.77249 0.378167
v 0.462172 -9.23612 0.849669
v 0.465455 -9.41425 0.849669
v 0.80363 -8.75279 0.849671
v 0.450869 -8.93132 0.849669
v 1.30628 -8.75472 0.849671
v 1.65313 -8.92975 0.849669
v 1.64697 -9.23612 0.849669
v 1.64518 -9.41425 0.849669
v -0.475181 -9.23612 0.377715
v -0.465453 -8.77249 0.378167
v -0.794548 -8.21163 0.36972
v -0.816617 -8.61803 0.574203
v -1.35189 -8.22262 0.36972
v -1.30547 -8.62168 0.574203
v -1.62461 -8.77297 0.378167
v -1.61049 -9.23612 0.377714
v 1.34552 -7.87577 -0.613624
v 1.60194 -7.87385 -0.113608
v 1.32891 -7.88739 0.325548
v 0.822878 -7.88025 0.321918
v 0.568596 -7.87381 -0.101387
v 0.821281 -7.87578 -0.617185
v -1.31442 -8.39241 -0.558453
v -1.55228 -8.51624 -0.106866
v -1.31108 -8.22859 0.286876
v -0.836748 -8.21981 0.286145
v -0.599327 -8.5162 -0.104403
v -0.836425 -8.39241 -0.559171
v 1.33034 -7.69595 -0.579397
v 1.56553 -7.69445 -0.114577
v 1.6571 -7.68729 -0.109421
v 1.3748 -7.68926 -0.663287
v 1.30899 -7.70481 0.292079
v 1.35318 -7.70108 0.376167
v 0.847359 -7.69935 0.287412
v 0.797433 -7.69381 0.371443
v 0.614918 -7.69441 -0.098863
v 0.517911 -7.68724 -0.093514
v 0.845306 -7.69597 -0.583976
v 0.795354 -7.68928 -0.667921
v -1.34552 -7.87577 -0.613624
v -1.60194 -7.87385 -0.113608
v -1.3748 -7.68926 -0.663287
v -1.6571 -7.68729 -0.109421
v -1.32891 -7.88739 0.325548
v -1.35318 -7.70108 0.376167
v -0.822878 -7.88025 0.321918
v -0.797433 -7.69381 0.371443
v -0.568596 -7.87381 -0.101387
v -0.517911 -7.68724 -0.093514
v -0.821281 -7.87578 -0.617185
v -0.795354 -7.68928 -0.667921
v -1.33034 -7.69742 -0.579397
v -1.56553 -7.69592 -0.114577
v -1.30899 -7.70627 0.292079
v -0.847359 -7.70082 0.287412
v -0.614918 -7.69588 -0.098863
v -0.845306 -7.69744 -0.583976
v -1.29504 -9.41425 -0.615484
v -1.56551 -9.41425 -0.105918
v -1.60638 -9.41425 0.377582
v -1.64518 -9.41425 0.849669
v -1.57823 -9.41425 1.09631
v -1.29624 -9.41425 1.3351
v -0.779893 -9.41425 1.3351
v -0.500086 -9.41425 1.09658
v -0.465455 -9.41425 0.849669
v -0.478007 -9.41425 0.377583
v -0.519559 -9.41425 -0.105917
v -0.787331 -9.41425 -0.615484
v 1.5664 -1.21342 -0.955703
v 0.70691 -1.4778 -0.977097
v 1.53313 -0.645093 -0.992259
v 0.668615 -1.1194 -1.04225
v 2.01533 -1.0633 -0.036934
v 1.96049 -0.421681 -0.018136
v 1.50567 -1.24271 0.654103
v 1.42553 -0.69352 0.699613
v 0.734537 -1.48532 0.734677
v 0.715517 -1.01702 0.788402
v 0.226774 -1.60323 -0.030671
v 0.184276 -1.24009 -0.032225
v 0.458099 -0.742093 -1.11791
v 1.3184 0.462943 -0.890453
v 1.75949 0.462946 0.049751
v 1.31332 0.447048 0.814888
v 0.622187 -0.861384 0.813631
v 0 -1.10111 -0.038563
v 0 -0.523576 -1.16707
v 0 -0.614711 1.00889
v 0 0.531085 1.20359
v 0 0.612096 -1.01311
v -0.733513 -1.79466 -0.931634
v -1.59679 -1.65805 -0.928949
v -0.70691 -1.4778 -0.977097
v -1.54048 -1.21162 -0.95214
v -2.00344 -1.634 -0.03137
v -2.01533 -1.0633 -0.036934
v -1.53126 -1.65327 0.638497
v -1.50567 -1.24271 0.654103
v -0.757142 -1.84361 0.704093
v -0.734537 -1.48532 0.734677
v -0.245123 -1.84362 -0.03137
v -0.226774 -1.60323 -0.030671
v -0.668615 -1.1194 -1.03296
v -1.4693 -0.638346 -0.991349
v -1.32393 0.462943 -0.916906
v -0.563777 -0.757827 -1.1385
v -1.96049 -0.421681 -0.018136
v -1.75949 0.462946 0.049751
v -1.42553 -0.69352 0.699613
v -1.31332 0.447048 0.814888
v -0.715517 -1.01702 0.788402
v -0.622187 -0.861384 0.813631
v -0.184276 -1.24009 -0.032225
v 1.19174 1.18207 -0.605449
v 1.45018 1.17794 0.048856
v 1.18419 1.18634 0.820189
v 0 1.17706 1.18594
v 0 1.17706 -0.7808
v -1.19174 1.18207 -0.605449
v -1.45018 1.17794 0.048856
v -1.18419 1.18634 0.820189
v 0.245123 -1.84362 -0.03137
v 0.733513 -1.79466 -0.931634
v 0.757142 -1.84361 0.704093
v 1.53126 -1.65327 0.638497
v 2.00344 -1.634 -0.03137
v 1.59679 -1.65685 -0.930887
v 0.761803 -3.54144 -0.702438
v 1.5302 -3.4656 -0.671662
v 1.89282 -3.36131 -0.03677
v 1.47159 -3.4656 0.537475
v 0.727354 -3.54144 0.537475
v 0.353938 -3.513 -0.03677
v -0.761803 -3.54144 -0.702438
v -1.5302 -3.4656 -0.671662
v -1.89282 -3.36131 -0.03677
v -1.47159 -3.4656 0.537475
v -0.727354 -3.54144 0.537475
v -0.353938 -3.513 -0.03677
v 1.5302 -3.78134 -0.671662
v 0.761803 -3.88387 -0.702438
v 1.86502 -3.64288 -0.03677
v 1.47159 -3.78134 0.537475
v 0.727354 -3.88387 0.537475
v 0.365218 -3.82875 -0.03677
v -0.761803 -3.88387 -0.702438
v -1.5302 -3.78134 -0.671662
v -1.86502 -3.64288 -0.03677
v -1.47159 -3.78134 0.537475
v -0.727354 -3.88387 0.537475
v -0.365218 -3.82875 -0.03677
v 1.5302 -4.08269 -0.671662
v 0.761803 -4.15495 -0.702438
v 1.83721 -3.91439 -0.03677
v 1.47159 -4.08269 0.537475
v 0.727354 -4.15495 0.537475
v 0.372673 -4.09823 -0.03677
v -1.5302 -4.08269 -0.671662
v -0.761803 -4.15495 -0.702438
v -1.83721 -3.91439 -0.03677
v -1.47159 -4.08269 0.537475
v -0.727354 -4.15495 0.537475
v -0.372673 -4.09823 -0.03677
v 0.759754 -4.82429 -0.789022
v 1.494 -4.82429 -0.758247
v 1.8127 -4.74088 -0.123354
v 1.43799 -4.82429 0.509083
v 0.758792 -4.82429 0.509083
v 0.428763 -4.74088 -0.123354
v -0.759754 -4.82429 -0.789022
v -1.494 -4.82429 -0.758247
v -1.8127 -4.74088 -0.123354
v -1.43799 -4.82429 0.509083
v -0.758792 -4.82429 0.509083
v -0.428763 -4.74088 -0.123354
v 1.47459 -6.23306 -0.750093
v 0.817406 -6.23306 -0.780869
v 1.78071 -6.20525 -0.115201
v 1.41599 -6.23306 0.459044
v 0.782958 -6.23306 0.459044
v 0.499044 -6.20526 -0.115201
v -0.817406 -6.23306 -0.780869
v -1.47459 -6.23306 -0.750093
v -1.78071 -6.20525 -0.115201
v -1.41599 -6.23306 0.459044
v -0.782958 -6.23306 0.459044
v -0.499044 -6.20526 -0.115201
v 1.46846 -7.02711 -0.685583
v 0.818238 -7.02711 -0.711626
v 1.75088 -7.02711 -0.121522
v 1.41887 -7.02711 0.418571
v 0.789088 -7.02711 0.418571
v 0.513361 -7.02711 -0.121522
v -1.46846 -7.02711 -0.685583
v -0.818238 -7.02711 -0.711626
v -1.75088 -7.02711 -0.121522
v -1.41887 -7.02711 0.418571
v -0.789088 -7.02711 0.418571
v -0.513361 -7.02711 -0.121522
v 0.719388 -6.99429 -0.805416
v 1.5438 -6.99429 -0.771399
v 1.49011 -7.6593 -0.791469
v 0.742715 -7.6593 -0.824407
v 1.909 -6.99429 -0.117375
v 1.84062 -7.64313 -0.111991
v 1.50391 -6.99429 0.507214
v 1.46426 -7.6593 0.458767
v 0.681312 -6.99429 0.507213
v 0.714896 -7.6593 0.458767
v 0.343119 -6.99429 -0.117375
v 0.396501 -7.6593 -0.111991
v -1.55472 -6.99429 -0.771399
v -0.730311 -6.99429 -0.805416
v -1.50068 -7.6593 -0.791469
v -0.753292 -7.6593 -0.824407
v -1.91993 -6.99429 -0.117375
v -1.8512 -7.64313 -0.111991
v -1.51484 -6.99429 0.507214
v -1.47484 -7.6593 0.458767
v -0.692236 -6.99429 0.507214
v -0.725473 -7.6593 0.458767
v -0.354043 -6.99429 -0.117375
v -0.407078 -7.6593 -0.111991
v 0 1.37227 -0.789776
v 1.20372 1.37227 -0.559925
v -1.20372 1.37227 -0.559925
v -1.44857 1.37227 0.055129
v -1.19976 1.37227 0.822121
v 0 1.37227 1.25451
v 1.19976 1.37227 0.822121
v 1.44857 1.37227 0.055129
v 1.7498 5.44267 -0.003798
v 1.72115 5.36053 -0.722388
v 0.79182 5.74911 -0.026169
v 0.791818 5.75667 -0.480496
v 1.58608 5.34503 0.695785
v 0.641391 5.64795 0.532154
v 0 4.73951 1.41122
v 0 5.23656 1.08154
v -1.58608 5.34503 0.695785
v -0.641391 5.64795 0.532153
v -1.7498 5.44267 -0.003798
v -0.79182 5.74911 -0.026169
v -1.72115 5.36053 -0.722388
v -0.791818 5.75667 -0.480496
v 0 5.46199 -1.0983
v 0 5.79076 -0.634015
v 0 3.92019 1.548
v 1.49133 4.04015 0.756274
v -1.49133 4.04015 0.756274
v 0 3.92019 -1.02368
v -1.70377 4.06927 -0.668801
v 1.70377 4.06927 -0.668801
v 1.54134 2.07486 0.120152
v 1.3596 2.07486 -0.537247
v 1.7498 3.7066 0.063186
v 1.29289 2.07486 0.801657
v 0 2.07486 1.43493
v -1.29289 2.07486 0.801657
v -1.54134 2.07486 0.120152
v -1.7498 3.7066 0.063186
v -1.3596 2.07486 -0.537247
v 0 2.07486 -0.845282
v 1.89172 3.81125 0.042485
v 1.9415 4.12491 -0.601794
v 1.9501 5.22265 -0.593977
v 1.9259 5.43647 -0.008947
v 1.74946 4.12734 0.656068
v 1.82481 5.24476 0.6183
v -1.89172 3.81125 0.042485
v -1.74946 4.12734 0.656069
v -1.82481 5.24476 0.6183
v -1.9259 5.43647 -0.008947
v -1.9415 4.12491 -0.601794
v -1.9501 5.22265 -0.593977
v 3.2031 4.12491 -0.601794
v 3.2031 3.81125 0.042485
v 3.2031 5.10534 -0.593977
v 3.2031 5.37016 -0.008947
v 3.2031 4.12734 0.656068
v 3.2031 5.16342 0.6183
v -3.2031 4.12734 0.656069
v -3.2031 3.81125 0.042485
v -3.2031 5.16342 0.6183
v -3.2031 5.37016 -0.008947
v -3.2031 4.12491 -0.601794
v -3.2031 5.10534 -0.593977
v -5.50882 4.45786 0.002387
v -5.50882 4.61185 0.343931
v -5.61724 4.61719 0.338336
v -5.61724 4.46589 0.002152
v -5.50882 5.00449 0.342982
v -5.61724 5.00301 0.338336
v -5.50881 5.15778 0.002046
v -5.61724 5.15277 0.002152
v -5.50882 4.61187 -0.337897
v -5.61724 4.61719 -0.334032
v -5.50882 5.003 -0.338856
v -5.61724 5.00147 -0.334032
v 0 5.15846 1.07192
v 0 5.5269 0.57146
v -0.600913 5.60848 0.537472
v 0.600913 5.60848 0.537472
v 0.782126 5.70042 -0.45785
v 0 5.71478 -0.621951
v 0 5.84977 -0.407095
v 0.29877 5.84087 -0.332044
v -0.782125 5.70042 -0.45785
v -0.29877 5.84087 -0.332044
v -0.763612 5.69915 -0.01409
v -0.373183 5.81351 -0.15251
v -0.29877 5.78097 0.023137
v 0 5.78097 0.093962
v 0.29877 5.78097 0.023137
v 0.763612 5.69915 -0.01409
v 0.373183 5.81351 -0.15251
v 0 6.66714 -0.306853
v 0.29877 6.66714 -0.238633
v -0.29877 6.66714 -0.238633
v -0.373183 6.66714 -0.073936
v -0.29877 6.66714 0.090761
v 0 6.66714 0.15898
v 0.29877 6.66714 0.090761
v 0.373183 6.66714 -0.073936
v 3.20379 4.28731 0.007374
v 3.20379 4.49888 -0.420057
v 3.38601 4.50781 -0.413562
v 3.38601 4.3008 0.00698
v 3.20379 4.49847 0.462874
v 3.38601 4.50743 0.453471
v 3.20379 5.03587 0.441761
v 3.38601 5.03339 0.433952
v 3.20354 5.26439 -0.000203
v 3.38578 5.25596 -2.5e-05
v 3.20379 5.03543 -0.441407
v 3.38601 5.03287 -0.4333
v 5.61724 4.46589 0.002152
v 5.61724 4.61719 -0.334032
v 5.83605 4.45774 -0.038306
v 5.80536 4.61626 -0.544691
v 5.61724 5.00147 -0.334032
v 5.80536 5.01046 -0.544691
v 5.61724 5.15277 0.002152
v 5.83605 5.16897 -0.038306
v 5.61724 4.61719 0.338336
v 5.79932 4.64601 0.471
v 5.61724 5.00301 0.338336
v 5.80536 5.02653 0.468079
v -5.83605 4.45774 -0.038306
v -5.79932 4.64601 0.471
v -5.80536 5.02653 0.468079
v -5.83605 5.16897 -0.038306
v -5.80536 4.61626 -0.544691
v -5.80536 5.01046 -0.544691
v 6.18092 4.66601 -0.544691
v 6.24229 4.64573 -0.038306
v 6.18092 5.01046 -0.544691
v 6.24229 5.1437 -0.038306
v 6.16907 4.64973 0.470959
v 6.17533 5.03159 0.467567
v 6.3623 4.63051 1.06605
v 6.34598 4.4203 1.03171
v 6.52626 4.67249 0.929694
v 6.4942 4.46208 0.894292
v -6.16907 4.64973 0.470959
v -6.24229 4.64573 -0.038306
v -6.34598 4.4203 1.03171
v -6.3623 4.63051 1.06605
v -6.52626 4.67249 0.929694
v -6.4942 4.46208 0.894292
v -6.17533 5.03159 0.467567
v -6.24229 5.1437 -0.038306
v -6.18092 4.66601 -0.544691
v -6.18092 5.01046 -0.544691
v 6.72176 4.71603 -0.291498
v 6.75437 4.72536 -0.038306
v 6.66378 4.99412 -0.544691
v 6.66378 4.69629 -0.544691
v 6.72176 5.05186 -0.291499
v 6.66378 4.6986 0.468079
v 6.72176 4.71718 0.214886
v 6.72176 5.05303 0.214886
v 6.75437 5.08853 -0.038306
v 6.66378 4.99647 0.468079
v -6.72176 4.71718 0.214886
v -6.75437 4.72536 -0.038306
v -6.66378 4.99647 0.468079
v -6.66378 4.6986 0.468079
v -6.72176 5.05303 0.214886
v -6.66378 4.69629 -0.544691
v -6.72176 4.71603 -0.291498
v -6.72176 5.05186 -0.291499
v -6.75437 5.08853 -0.038306
v -6.66378 4.99412 -0.544691
v 5.93716 4.5985 0.692161
v 5.98347 4.93717 0.717825
v 6.25625 4.59615 0.636339
v 6.26671 4.96202 0.638325
v -6.11981 4.51285 0.856433
v -6.14324 4.81908 0.8997
v -6.41903 4.81034 0.812706
v -6.38182 4.5202 0.791711
v 6.11981 4.51285 0.856433
v 6.14324 4.81908 0.8997
v 6.41903 4.81034 0.812706
v 6.38182 4.5202 0.791711
v -5.93716 4.5985 0.692161
v -5.98347 4.93717 0.717825
v -6.26671 4.96202 0.638325
v -6.25625 4.59615 0.636339
v -7.55614 4.75207 0.242723
v -7.49816 4.73757 0.440242
v -7.55614 5.01407 0.242723
v -7.49816 4.96994 0.440242
v -7.64904 4.78723 -0.082575
v -7.64904 5.0234 -0.082575
v -7.62173 4.99955 -0.24723
v -7.62173 4.78116 -0.24723
v -7.41987 4.79593 -0.332477
v -7.41987 5.02305 -0.332477
v -7.36947 4.984 -0.503713
v -7.36947 4.78258 -0.503713
v -6.72588 4.73447 0.228684
v -6.65966 4.71792 0.454281
v -6.65966 4.98332 0.454281
v -6.72588 5.03372 0.228684
v 6.72588 5.03372 0.228684
v 6.72588 4.73447 0.228684
v 6.65966 4.98332 0.454281
v 6.65966 4.71792 0.454281
v 6.75643 5.06815 -0.024416
v 6.75643 4.74484 -0.024416
v 6.7197 5.03656 0.200996
v 6.7197 4.73756 0.200996
v -6.7197 5.03656 0.200996
v -6.7197 4.73756 0.200996
v -6.75643 5.06815 -0.024416
v -6.75643 4.74484 -0.024416
v -6.75693 5.06958 -0.051184
v -6.75693 4.74336 -0.051184
v -6.7192 5.03664 -0.278621
v -6.7192 4.73497 -0.278621
v 6.7192 4.73497 -0.278621
v 6.7192 5.03664 -0.278621
v 6.75693 5.06958 -0.051184
v 6.75693 4.74336 -0.051184
v 6.72604 4.73295 -0.305057
v 6.6595 4.71533 -0.531133
v 6.6595 4.98127 -0.531133
v 6.72604 5.03282 -0.305057
v -6.72604 5.03282 -0.305057
v -6.72604 4.73295 -0.305057
v -6.6595 4.98127 -0.531133
v -6.6595 4.71533 -0.531133
v -7.08103 4.75394 0.231683
v -7.01657 4.73782 0.451282
v -7.12049 4.7561 0.232016
v -7.05622 4.74003 0.450949
v -7.01657 4.99616 0.451282
v -7.05622 4.99759 0.450949
v -7.08103 5.04523 0.231683
v -7.12049 5.0465 0.232016
v -7.11652 4.78037 -0.06507
v -7.11652 5.06676 -0.06507
v -7.15647 5.06644 -0.066613
v -7.15647 4.78448 -0.066613
v -7.08339 5.03784 -0.264735
v -7.12386 5.03798 -0.263192
v -7.08339 4.77301 -0.264735
v -7.12386 4.77724 -0.263192
v -7.14278 4.76178 0.189613
v -7.14278 5.03058 0.189613
v -7.18979 5.02991 0.188348
v -7.18979 4.76447 0.188348
v -7.17581 5.05899 -0.013033
v -7.22241 5.05797 -0.011768
v -7.17581 4.76832 -0.013033
v -7.22241 4.77093 -0.011768
v -7.00642 4.77106 -0.318141
v -7.00642 5.03622 -0.318141
v -7.03757 5.0366 -0.319595
v -7.03757 4.7753 -0.319595
v -6.94759 4.99063 -0.518048
v -6.9796 4.99167 -0.516595
v -6.94759 4.75548 -0.518048
v -6.9796 4.75994 -0.516595
v -7.16405 4.7557 0.233087
v -7.10042 4.73979 0.449878
v -7.10042 4.99483 0.449878
v -7.16405 5.04326 0.233087
v -7.20573 4.78476 -0.068209
v -7.20573 5.06214 -0.068209
v -7.17365 5.03413 -0.261596
v -7.17365 4.77763 -0.261596
v -7.23955 4.76571 0.186931
v -7.23955 5.0274 0.186931
v -7.68732 5.00474 0.174179
v -7.68732 4.77689 0.174179
v -7.2717 5.05505 -0.010351
v -7.71532 5.02882 0.002401
v -7.2717 4.77208 -0.010351
v -7.71532 4.78244 0.002401
v -7.0758 4.77736 -0.320883
v -7.0758 5.03524 -0.320883
v -7.01859 4.9909 -0.515306
v -7.01859 4.7622 -0.515306
v 5.50882 4.45786 0.002387
v 5.50882 4.61187 -0.337897
v 5.50882 4.61185 0.343931
v 5.50882 5.00449 0.342982
v 5.50881 5.15778 0.002046
v 5.50882 5.003 -0.338856
v -3.77198 4.52673 -0.399804
v -3.77198 4.32935 0.006145
v -3.77198 4.52642 0.433555
v -3.77198 5.02814 0.417412
v -3.77178 5.23811 0.000351
v -3.77198 5.02744 -0.416128
v 3.57899 4.31507 0.006563
v 3.57899 4.51727 -0.406683
v 3.77198 4.52673 -0.399804
v 3.77198 4.32935 0.006145
v 3.57899 4.51692 0.443513
v 3.77198 4.52642 0.433555
v 3.57899 5.03077 0.425682
v 3.77198 5.02814 0.417412
v 3.57878 5.24704 0.000163
v 3.77178 5.23811 0.000351
v 3.57899 5.03015 -0.424714
v 3.77198 5.02744 -0.416128
v -3.38601 4.50781 -0.413562
v -3.38601 4.3008 0.00698
v -3.57899 4.51727 -0.406683
v -3.57899 4.31508 0.006563
v -3.38601 4.50743 0.453471
v -3.57899 4.51692 0.443513
v -3.38601 5.03339 0.433952
v -3.57899 5.03077 0.425682
v -3.38578 5.25596 -2.5e-05
v -3.57878 5.24704 0.000163
v -3.38601 5.03287 -0.4333
v -3.57899 5.03015 -0.424714
v -3.20379 5.03543 -0.441407
v -3.20379 4.49888 -0.420057
v -3.20354 5.26439 -0.000203
v -3.20379 5.03587 0.441761
v -3.20379 4.49847 0.462874
v -3.20379 4.28731 0.007374
vn 0 0.019689 -0.999806
vn 0 0.000145 -1
vn 0 -0.000151 -1
vn 0.881849 -0.051443 -0.468717
vn 0.881775 -0.052064 -0.468787
vn 0.885219 -0.019078 -0.464784
vn 0.645393 -0.00332 0.763843
vn 0.645535 -0.003509 0.763723
vn 0.654166 -0.015119 0.7562
vn 1e-06 0.029019 0.999579
vn 1e-06 0.028845 0.999584
vn -0 -0.035761 0.99936
vn -0.642809 -0.0035 0.766019
vn -0.642601 -0.003307 0.766194
vn -0.655362 -0.015259 0.755161
vn -0.655362 -0.015259 0.75516
vn -0.88444 0.005118 -0.466625
vn -0.884444 0.005309 -0.466616
vn -0.884446 0.046202 -0.464351
vn 0.986979 0 0.160848
vn 0.959519 0 0.281646
vn 0.959319 2e-06 -0.282326
vn 0.986516 0 -0.163668
vn 0.028734 0 -0.999587
vn 0.054167 0.987612 0.147273
vn 0.05416 0.987612 0.147272
vn 0.028467 0 0.999595
vn 0.024137 -0.999307 -0.02835
vn 0.024135 -0.999307 -0.028352
vn 0.024569 0 -0.999698
vn 0.02457 0 -0.999698
vn 0.066387 0.969464 0.236079
vn 0.066385 0.969463 0.236081
vn 0.066384 0.969463 0.236081
vn 0.024221 -0 0.999707
vn -0.007385 -0.99713 -0.075348
vn -0.00738 -0.99713 -0.075347
vn 0.055836 -0.996559 0.061254
vn 0.055836 -0.99656 0.061249
vn 0.033022 0 -0.999455
vn 0.026723 0.97289 -0.229719
vn 0.026729 0.972889 -0.229723
vn 0.033677 0 0.999433
vn 0.033677 1e-06 0.999433
vn 0.032044 -1e-06 -0.999487
vn 0.080971 0.984433 -0.155997
vn 0.080973 0.984433 -0.155995
vn 0.032389 0 0.999475
vn 0.032388 0 0.999475
vn 0.006717 -0.999339 0.03573
vn 0.006726 -0.999339 0.035729
vn 0.006725 -0.999339 0.035729
vn 0.008446 0 -0.999964
vn 0.055112 -0.996853 -0.056976
vn 0.008403 -0 0.999965
vn -0.033438 0.977438 0.208558
vn 0.056525 -0.998135 -0.023038
vn 0.026896 0 0.999638
vn 0.017793 0.989757 0.141649
vn 0.027134 0 -0.999632
vn 0.024134 -0.999307 -0.028352
vn 0.054159 0.987612 0.147272
vn 0.038099 -1e-06 -0.999274
vn 0.103113 -0.994477 0.019558
vn 0.038587 0 0.999255
vn 0.002224 0.989622 -0.143682
vn 0.002224 0.989621 -0.143682
vn 0.006727 -0.999339 0.035729
vn 0.080974 0.984433 -0.155995
vn 0.136288 -0.989976 0.037066
vn 0.046613 0 0.998913
vn -0.021915 0.976114 -0.21615
vn 0.045372 0 -0.99897
vn 0.055836 -0.99656 0.061248
vn 0.02673 0.972889 -0.229724
vn 0.894896 0.034485 -0.444941
vn 0.897353 0.090397 -0.431956
vn 0.88632 -0.020623 -0.462614
vn 0.888166 -0.004608 -0.459501
vn 0.896181 0.187699 0.402031
vn 0.880777 0.075289 0.467509
vn 0.243912 0.868129 -0.432272
vn 2.6e-05 0.216602 0.97626
vn -4.3e-05 0.213096 0.977031
vn 0.019155 0.996239 -0.084504
vn -0.888624 0.099564 0.4477
vn -0.901959 0.235587 0.361895
vn -0.230458 0.859099 -0.456987
vn -0.900883 0.128794 -0.414514
vn -0.900409 0.068208 -0.429665
vn -0.887985 0.039002 -0.458215
vn -0.889209 0.060154 -0.453528
vn -5e-06 0.038566 -0.999256
vn -5e-06 0.03464 -0.9994
vn 0.004363 0.047246 -0.998874
vn 0.00436 0.039915 -0.999194
vn -0.88185 -0.051443 -0.468716
vn -0.881776 -0.052064 -0.468787
vn -0.888166 -0.004608 -0.459501
vn -0.88632 -0.020623 -0.462614
vn -0.645393 -0.00332 0.763843
vn -0.645535 -0.003509 0.763723
vn -0.641428 0.001937 0.767181
vn -1e-06 0.029019 0.999579
vn -1e-06 0.028845 0.999584
vn -2e-06 0.058038 0.998314
vn 0.642809 -0.0035 0.766019
vn 0.642601 -0.003307 0.766194
vn 0.6369 0.001951 0.770944
vn 0.88444 0.005118 -0.466625
vn 0.884444 0.005309 -0.466616
vn 0.889209 0.060154 -0.453528
vn 0.887985 0.039002 -0.458215
vn 5e-06 0.038566 -0.999256
vn 5e-06 0.03464 -0.9994
vn 0.428985 0.895221 -0.120626
vn 0.429822 0.902825 -0.01267
vn 0.344805 0.754991 0.557762
vn 0.996199 -0.025065 -0.083418
vn 0.996816 -0.052467 -0.060036
vn 0.99699 -0.040356 -0.066204
vn 0.996459 -0.020804 -0.081467
vn 0.00116 0.974947 0.222433
vn 0.001124 0.971162 0.238417
vn 0.000182 0.803256 0.595634
vn -0.418934 0.90663 -0.050171
vn -0.418029 0.896878 -0.14444
vn -0.333654 0.77025 0.543498
vn -0.997076 -0.015495 -0.074825
vn -0.994366 -0.009146 -0.105604
vn -0.99551 0.008043 -0.09431
vn -0.998123 -0.004414 -0.061078
vn -0.482478 0.869279 0.107565
vn -0.483509 0.867041 0.120246
vn -0.429822 0.902825 -0.012669
vn -0.428985 0.895221 -0.120625
vn -0.998817 -0.025172 0.041613
vn -0.998998 -0.021652 0.039179
vn -0.965535 -0.022193 0.259326
vn -0.965356 -0.017863 0.260323
vn -0.003851 0.99268 0.120711
vn -0.003894 0.991439 0.130513
vn -0.00116 0.974947 0.222434
vn -0.001124 0.971162 0.238419
vn 0.989569 -0.028813 0.141146
vn 0.999328 -0.025775 0.026045
vn 0.989247 -0.034264 0.142183
vn 0.99923 -0.029764 0.02556
vn 0.471727 0.875217 0.107096
vn 0.471857 0.874909 0.109019
vn 0.418934 0.90663 -0.05017
vn 0.418029 0.896878 -0.14444
vn 0.793683 0.400344 0.458031
vn 0.686441 0.604973 0.403493
vn 0.720147 0.551538 0.420944
vn 0.006337 0.452569 0.891707
vn 0.006158 0.653392 0.756995
vn 0.006147 0.658864 0.752237
vn -0.776166 0.461893 0.42921
vn -0.668836 0.633613 0.388836
vn -0.694431 0.598828 0.398961
vn -0.344804 0.754991 0.557763
vn -0.000182 0.803255 0.595635
vn 0.333654 0.770249 0.543499
vn -0.999328 -0.025775 0.026045
vn -0.999391 -0.017474 0.030189
vn -0.471857 0.874909 0.10902
vn -0.471727 0.875217 0.107096
vn 0.003851 0.99268 0.12071
vn 0.003894 0.991439 0.130512
vn 0.482478 0.869279 0.107565
vn 0.483509 0.867041 0.120245
vn 0.998998 -0.021652 0.039178
vn 0.999086 -0.01412 0.040343
vn 0.997076 -0.015495 -0.074825
vn 0.994366 -0.009146 -0.105604
vn 0.995928 -0.018087 -0.088316
vn 0.993921 -0.014532 -0.109135
vn 0.776166 0.461893 0.42921
vn 0.668836 0.633613 0.388835
vn 0.694432 0.598828 0.39896
vn -0.006337 0.452569 0.891707
vn -0.006158 0.653393 0.756994
vn -0.006147 0.658865 0.752236
vn -0.793683 0.400344 0.458032
vn -0.68644 0.604973 0.403494
vn -0.720147 0.551538 0.420944
vn -0.996742 -0.061123 -0.052622
vn -0.996816 -0.052468 -0.060036
vn -0.996973 -0.051407 -0.058327
vn -0.99699 -0.040356 -0.066204
vn -0.989569 -0.028813 0.141146
vn -0.990119 -0.017974 0.139072
vn 0.965356 -0.017863 0.260323
vn 0.964943 -0.009207 0.2623
vn 0.87711 -0.134712 -0.461011
vn 0.877169 -0.133888 -0.461138
vn 0.836069 -0.13402 0.532004
vn 0.836136 -0.132542 0.532269
vn -0.008191 -0.169704 0.985461
vn -0.008224 -0.170706 0.985288
vn -0.844178 -0.120717 0.522294
vn -0.844224 -0.119487 0.522502
vn -0.887566 -0.107389 -0.447989
vn -0.887497 -0.109066 -0.447721
vn 0.005173 -0.156434 -0.987675
vn 0.005191 -0.157326 -0.987533
vn -0.894896 0.034485 -0.444941
vn -0.897353 0.090397 -0.431956
vn -0.243913 0.86813 -0.432269
vn -0.896181 0.187699 0.402032
vn -0.880776 0.075289 0.467509
vn -0.019155 0.996239 -0.084509
vn -2.6e-05 0.216602 0.97626
vn 4.3e-05 0.213095 0.977031
vn 0.230458 0.859099 -0.456987
vn 0.888624 0.099564 0.447699
vn 0.90196 0.235587 0.361895
vn 0.900409 0.068208 -0.429665
vn 0.900883 0.128794 -0.414514
vn -0.00436 0.039915 -0.999194
vn -0.004363 0.047246 -0.998874
vn -0.079934 0.996106 0.037204
vn 0.889526 0.042988 -0.454857
vn 0.89022 0.019236 -0.455124
vn -0.069215 0.997466 -0.016478
vn 0.84719 0.048134 0.529105
vn 0.84648 0.060349 0.528989
vn 0.012991 0.998422 -0.05464
vn -0.007529 0.047657 0.998835
vn -0.007465 0.052617 0.998587
vn 0.069174 0.997208 -0.028128
vn -0.853989 0.08071 0.513994
vn -0.854325 0.076123 0.514134
vn 0.07627 0.996535 0.033169
vn -0.895248 0.093011 -0.435752
vn -0.896783 0.072923 -0.43642
vn 0.007371 0.065707 -0.997812
vn 0.007384 0.042328 -0.999077
vn -0.000729 0.996832 0.079532
vn -0.877109 -0.134712 -0.461012
vn -0.877169 -0.133887 -0.461139
vn -0.890207 0.019604 -0.455135
vn -0.889501 0.043453 -0.454863
vn -0.836069 -0.13402 0.532003
vn -0.836136 -0.132542 0.532269
vn -0.847173 0.04866 0.529084
vn -0.846463 0.0608 0.528965
vn 0.008191 -0.169704 0.985461
vn 0.008224 -0.170705 0.985288
vn 0.007452 0.053105 0.998561
vn 0.007518 0.048028 0.998818
vn 0.844178 -0.120717 0.522294
vn 0.844225 -0.119487 0.522501
vn 0.853938 0.081408 0.513968
vn 0.854286 0.076696 0.514113
vn 0.887566 -0.107389 -0.44799
vn 0.887497 -0.109066 -0.447721
vn 0.896724 0.073584 -0.43643
vn 0.895169 0.093751 -0.435756
vn -0.007363 0.066297 -0.997773
vn -0.007377 0.042778 -0.999057
vn -0.005191 -0.157326 -0.987533
vn -0.005173 -0.156434 -0.987675
vn 0.096344 0.994305 0.045547
vn 0.084337 0.996098 -0.026015
vn -0.013137 0.997321 -0.071961
vn -0.083619 0.995817 -0.036833
vn -0.09194 0.994933 0.040683
vn 0.000878 0.995304 0.096792
vn 0.996973 -0.051407 -0.058327
vn 0.996742 -0.061123 -0.052622
vn 0.998817 -0.025172 0.041613
vn 0.965535 -0.022193 0.259326
vn 0.641428 0.001937 0.767181
vn 2e-06 0.058038 0.998314
vn -0.6369 0.001951 0.770944
vn -0.99923 -0.029764 0.025561
vn -0.989247 -0.034264 0.142183
vn -0.995928 -0.018087 -0.088316
vn -0.993921 -0.014532 -0.109135
vn -0.885219 -0.019079 -0.464784
vn -0.996199 -0.025065 -0.083418
vn -0.996459 -0.020804 -0.081466
vn -0.999086 -0.01412 0.040343
vn -0.964942 -0.009207 0.262301
vn -0.654166 -0.015119 0.7562
vn 0.655362 -0.015259 0.75516
vn 0.655362 -0.015259 0.755161
vn 0.999391 -0.017474 0.03019
vn 0.990119 -0.017974 0.139072
vn 0.998123 -0.004414 -0.061078
vn 0.99551 0.008043 -0.09431
vn 0.884446 0.046202 -0.464351
vn 0 -1 0
vn 0 -1 -1e-06
vn 0.065739 -0.097495 -0.993062
vn 0.058876 -0.095788 -0.993659
vn 0.084836 -0.102222 -0.991138
vn 0.903037 0.037042 -0.427963
vn 0.903262 0.033484 -0.427781
vn 0.901363 0.059341 -0.42898
vn 0.801554 0.033145 0.597004
vn 0.800025 0.037619 0.598786
vn 0.793108 0.057153 0.606393
vn 0.126047 -0.067153 0.989749
vn 0.130956 -0.071212 0.988827
vn 0.144152 -0.08213 0.986142
vn 0.144151 -0.08213 0.986141
vn -0.822142 -0.091561 0.56187
vn -0.822301 -0.092355 0.561508
vn -0.823027 -0.096025 0.559827
vn -0.879344 -0.128964 -0.458391
vn -0.878929 -0.126128 -0.459973
vn -0.880928 -0.14042 -0.451939
vn 0.111549 0.049406 -0.99253
vn 0.87859 0.219423 -0.424185
vn 0.824593 0.076835 0.560484
vn 0.15679 -0.081826 0.984237
vn -0.582778 -0.585279 0.563754
vn -0.677855 -0.588362 -0.440843
vn -0.351731 -0.833315 -0.426465
vn -0.221747 -0.884401 0.410686
vn 0 -0.906981 0.421171
vn 0 -0.906981 0.421172
vn 0.262018 -0.149908 0.953349
vn 0.11952 0.116731 -0.985946
vn -0.036535 -0.085584 -0.995661
vn -0.058618 -0.088508 -0.994349
vn -0.06423 -0.089244 -0.993937
vn -0.897985 0.026804 -0.439208
vn -0.887931 0.060963 -0.455918
vn -0.888866 0.057978 -0.454485
vn -0.810593 0.005323 0.585585
vn -0.800025 0.037619 0.598786
vn -0.801554 0.033145 0.597003
vn -0.1087 -0.052821 0.99267
vn -0.130956 -0.071212 0.988827
vn -0.126047 -0.067153 0.989749
vn 0.820942 -0.085658 0.56455
vn 0.822301 -0.092355 0.561508
vn 0.822142 -0.091561 0.561871
vn 0.876126 -0.108409 -0.469735
vn 0.879365 -0.125217 -0.459389
vn 0.87895 -0.122959 -0.460792
vn -0.159585 0.006312 -0.987164
vn -0.87859 0.184795 -0.440375
vn -0.824593 0.076835 0.560484
vn -0.15679 -0.081826 0.984237
vn 0.582778 -0.585278 0.563754
vn 0.714318 -0.517805 -0.470773
vn 0.327648 -0.841058 -0.430427
vn 0.221748 -0.884401 0.410686
vn -0.262019 -0.149908 0.953349
vn -0.091267 0.127951 -0.987572
vn 0.862505 0.336995 -0.377518
vn 0.874962 0.262556 0.406823
vn 0.288239 0.032121 0.95702
vn 0.291613 0.038839 0.955747
vn 0.294491 0.044593 0.954613
vn 0.130552 0.381535 -0.915089
vn -0.862994 0.345505 -0.368601
vn -0.862995 0.345505 -0.368601
vn -0.874962 0.262556 0.406824
vn -0.874962 0.262556 0.406823
vn -0.291613 0.038839 0.955747
vn -0.288239 0.032122 0.95702
vn -0.294491 0.044593 0.954613
vn -0.120965 0.397614 -0.909544
vn 0.881047 -0.134737 -0.453434
vn 0.823027 -0.096024 0.559827
vn -0.144151 -0.08213 0.986142
vn -0.793108 0.057153 0.606393
vn -0.880529 0.083498 -0.46658
vn -0.082306 -0.091599 -0.992389
vn -0.876126 -0.108409 -0.469735
vn -0.820942 -0.085658 0.56455
vn 0.1087 -0.052821 0.99267
vn 0.810593 0.005322 0.585585
vn 0.904693 0.003741 -0.426048
vn 0.033685 -0.089489 -0.995418
vn 0.036985 -0.136389 -0.989965
vn 0.893852 -0.076509 -0.441787
vn 0.813615 -0.05654 0.578648
vn 0.056562 -0.077338 0.995399
vn -0.827972 -0.047975 0.558713
vn -0.865556 -0.06725 -0.496277
vn -0.037999 -0.13591 -0.989992
vn -0.893661 -0.076313 -0.442206
vn -0.813615 -0.05654 0.578648
vn -0.056562 -0.077338 0.995399
vn 0.827972 -0.047975 0.558713
vn 0.865556 -0.06725 -0.496277
vn 0.04002 0 -0.999199
vn 0.879037 -0.040914 -0.474995
vn 0.818833 -0.038112 0.572765
vn 0 0 1
vn -0.842488 -0.014438 0.538522
vn -0.856202 -0.014674 -0.516432
vn -0.04002 0 -0.999199
vn -0.879037 -0.040914 -0.474995
vn -0.818833 -0.038112 0.572765
vn 0.842488 -0.014438 0.538522
vn 0.856202 -0.014674 -0.516432
vn 0.856203 -0.014674 -0.516432
vn 0.895813 -0.043476 -0.442301
vn 0.838534 -0.040696 0.543327
vn -0.848779 -0.011706 0.528618
vn -0.848779 -0.011706 0.528617
vn -0.861581 -0.011882 -0.507481
vn -0.895813 -0.043476 -0.442301
vn -0.838534 -0.040696 0.543327
vn 0.84878 -0.011706 0.528617
vn 0.861581 -0.011882 -0.507481
vn 0.034828 0.120815 -0.992064
vn 0.895779 0.014379 -0.444268
vn 0.856692 -0.069226 0.511162
vn 0.002042 -0.040216 0.999189
vn -0.870304 -0.100317 0.48219
vn -0.870304 -0.100317 0.482189
vn -0.878069 0.026893 -0.477778
vn -0.034828 0.120815 -0.992064
vn -0.895779 0.014379 -0.444268
vn -0.856692 -0.069226 0.511162
vn -0.002042 -0.040216 0.999189
vn 0.870304 -0.100317 0.482189
vn 0.878069 0.026893 -0.477778
vn -0.285241 0.02618 0.958098
vn 0.285241 0.02618 0.958098
vn 0.044192 -0.005182 -0.99901
vn 0.897744 -0.018555 -0.440128
vn 0.853378 -0.023629 0.520758
vn 0.853377 -0.023629 0.520758
vn 0 -0.035497 0.99937
vn -0.892032 -0.035891 0.450546
vn -0.899371 -0.042516 -0.435113
vn -0.044192 -0.005182 -0.99901
vn -0.897744 -0.018555 -0.440128
vn -0.853377 -0.023629 0.520758
vn -0.853378 -0.023629 0.520758
vn 0.892032 -0.035891 0.450546
vn 0.899371 -0.042516 -0.435113
vn 0.043265 -0.08399 -0.995527
vn 0.897433 -0.035809 -0.439695
vn 0.847866 -0.029473 0.52939
vn 0 -0.050904 0.998704
vn -0.893612 -0.024286 0.448183
vn -0.89568 -0.025684 -0.443958
vn -0.043265 -0.08399 -0.995527
vn -0.897433 -0.035809 -0.439695
vn -0.847866 -0.029473 0.52939
vn 0.893612 -0.024286 0.448183
vn 0.89568 -0.025684 -0.443958
vn 0.042541 0.028359 -0.998692
vn 0.878921 -0.076403 -0.470808
vn 0.83441 -0.086451 0.544321
vn -0 -0.072659 0.997357
vn -0.87416 -0.072706 0.480165
vn -0.887745 -0.046516 -0.457979
vn -0.042541 0.028337 -0.998693
vn -0.878892 -0.076864 -0.470787
vn -0.834381 -0.086888 0.544296
vn 0.874189 -0.072253 0.48018
vn 0.887764 -0.046054 -0.457989
vn -0.014044 0.938569 0.344807
vn 0.004869 -0.987208 -0.159365
vn -0.228922 0.965806 0.121709
vn 0.165525 -0.983752 -0.06953
vn -0.210533 0.968464 -0.13324
vn 0.18381 -0.978603 0.092462
vn 0.18381 -0.978604 0.092462
vn -1e-06 0.937803 -0.347167
vn -0.005314 -0.96933 0.245706
vn 0.195768 0.975206 -0.103188
vn -0.168718 -0.981358 0.092043
vn 0.201641 0.973547 0.107458
vn -0.160187 -0.984169 -0.075844
vn 0.013982 0.939122 0.3433
vn -0.005051 -0.986225 -0.165333
vn 0.213192 0.970413 0.113346
vn -0.164463 -0.983968 -0.068981
vn 0.197127 0.972408 -0.124753
vn -0.182073 -0.979035 0.091324
vn 1e-06 0.937802 -0.34717
vn 0.005335 -0.967218 0.25389
vn 0.005335 -0.967219 0.25389
vn -0.209029 0.971683 -0.11018
vn 0.183384 -0.97789 0.100503
vn -0.215711 0.969667 0.114959
vn 0.17452 -0.98117 -0.08275
vn 0.16596 0.087981 -0.9822
vn 0.197589 -0.018797 -0.980105
vn 0.198655 -0.022543 -0.97981
vn -0.16596 0.08798 -0.9822
vn -0.197589 -0.018797 -0.980105
vn -0.198655 -0.022543 -0.97981
vn -0.929343 0.02455 -0.368399
vn -0.938613 -0.103137 -0.329195
vn -0.93863 -0.112492 -0.326066
vn -0.947419 -0.041643 0.317276
vn -0.940333 -0.112917 0.320972
vn -0.940326 -0.11297 0.320974
vn -0.312636 -0.185111 0.931661
vn -0.375953 -0.13986 0.916023
vn -0.375998 -0.139827 0.91601
vn 0.312636 -0.185111 0.931661
vn 0.375953 -0.13986 0.916023
vn 0.375998 -0.139827 0.91601
vn 0.947419 -0.041643 0.317276
vn 0.940333 -0.112917 0.320972
vn 0.940326 -0.11297 0.320974
vn 0.929343 0.02455 -0.368399
vn 0.938613 -0.103137 -0.329195
vn 0.93863 -0.112491 -0.326066
vn 0.341124 0.93756 -0.067943
vn 0.278379 0.935551 0.21737
vn 0.379547 0.193497 0.904712
vn 0.363885 0.231815 0.902136
vn 0.141264 0.635108 0.759396
vn 0.141264 0.635108 0.759397
vn -0.363885 0.231816 0.902136
vn -0.379547 0.193497 0.904712
vn -0.141264 0.635108 0.759396
vn -0.141264 0.635108 0.759397
vn -0.278379 0.935551 0.21737
vn -0.341125 0.93756 -0.067943
vn -0.341124 0.93756 -0.067943
vn -0.2161 0.145419 -0.965481
vn -0.212854 0.031881 -0.976564
vn -0.16702 0.789474 -0.590623
vn 0.212854 0.031881 -0.976564
vn 0.2161 0.145419 -0.965481
vn 0.16702 0.789474 -0.590623
vn 0.446783 -0.003378 0.894636
vn 0.444448 0.004898 0.895792
vn -0.444448 0.004898 0.895791
vn -0.446783 -0.003378 0.894636
vn -0.212543 -0.075304 -0.974246
vn -0.212084 -0.071274 -0.974649
vn 0.212084 -0.071274 -0.974649
vn 0.212543 -0.075304 -0.974246
vn 0.960936 -0.155064 -0.229254
vn 0.960297 -0.154796 -0.232094
vn 0.967068 -0.157764 -0.199722
vn 0.967069 -0.157764 -0.199722
vn 0.930048 -0.106582 0.351639
vn 0.929802 -0.105733 0.352545
vn 0.926386 -0.094421 0.364546
vn 0.44189 -0.060147 0.895051
vn 0.442565 -0.059213 0.89478
vn -0.442565 -0.059212 0.89478
vn -0.44189 -0.060147 0.895051
vn -0.929802 -0.105733 0.352545
vn -0.930048 -0.106582 0.351639
vn -0.926386 -0.094421 0.364546
vn -0.960297 -0.154796 -0.232093
vn -0.960936 -0.155064 -0.229254
vn -0.967069 -0.157764 -0.199722
vn -0.212817 -0.085762 -0.973321
vn -0.21317 -0.087655 -0.973075
vn 0.21317 -0.087655 -0.973075
vn 0.212817 -0.085762 -0.973321
vn 0.397186 -0.824086 -0.403889
vn 0.382869 -0.021858 -0.923544
vn 0.382919 0.900574 -0.205767
vn 0.492555 -0.709595 0.503849
vn 0.28813 0.922019 0.258578
vn 0.337042 0.014518 0.941378
vn -0.508331 -0.848815 0.145299
vn -0.492554 -0.709596 0.503849
vn -0.495363 -0.868648 0.008149
vn -0.337042 0.014518 0.941378
vn -0.288132 0.922019 0.258577
vn -0.342351 0.93864 0.041843
vn -0.349796 0.936812 0.005127
vn -0.397184 -0.824086 -0.403889
vn -0.382921 0.900573 -0.205766
vn -0.382869 -0.021858 -0.923544
vn 0 -0.89911 -0.437723
vn 0.000351 0.007521 -0.999972
vn 0.067056 0.923953 -0.376582
vn 0 -0.88897 0.457966
vn 0.05285 0.950512 0.306159
vn 0.001006 0.035019 0.999386
vn 0 -0.888969 0.457967
vn -0.001006 0.03502 0.999386
vn -0.05285 0.950513 0.306158
vn -0.067056 0.923954 -0.376581
vn -0.000351 0.007521 -0.999972
vn -0.067041 -0.907744 0.414133
vn -0.067042 -0.909715 0.409785
vn -0.046844 0.018218 0.998736
vn -0.046845 0.01818 0.998737
vn -0.047153 0.001217 0.998887
vn -0.03601 0.90177 0.430714
vn -0.03601 0.901779 0.430694
vn -0.035854 0.912164 0.408254
vn -0.062663 -0.903301 -0.424406
vn -0.062662 -0.903292 -0.424425
vn -0.06282 -0.909669 -0.410555
vn -0.037007 0.900574 -0.433125
vn -0.037007 0.900563 -0.433147
vn -0.036824 0.910599 -0.411648
vn -0.04035 -0.018443 -0.999015
vn -0.04035 -0.018481 -0.999015
vn -0.040056 -0.001236 -0.999197
vn 0.075581 0.802998 0.591169
vn -0.075582 0.802999 0.591169
vn 0.130136 0.85315 -0.505173
vn -0.130136 0.853151 -0.505171
vn -0.279656 0.959912 0.019013
vn -0.186271 0.956887 0.222866
vn -0.186271 0.956888 0.222866
vn 0.035818 0.914051 0.404015
vn -0.035818 0.914051 0.404015
vn 0.186271 0.956888 0.222866
vn 0.186271 0.956887 0.222866
vn 0.279656 0.959912 0.019013
vn 0.233248 0.113783 -0.965738
vn -0.233248 0.113783 -0.965738
vn -0.918303 0.040318 -0.393819
vn -0.916888 -0.033423 0.397743
vn -0.22604 -0.0727 0.971401
vn 0.22604 -0.0727 0.971402
vn 0.22604 -0.0727 0.971401
vn 0.916888 -0.033423 0.397743
vn 0.918304 0.040318 -0.393818
vn 0.06244 -0.894956 -0.441763
vn 0.062454 -0.895466 -0.440727
vn 0.062454 -0.895458 -0.440743
vn 0.067033 -0.905349 0.419343
vn 0.067033 -0.90535 0.419343
vn 0.067034 -0.905489 0.419042
vn 0.067034 -0.905489 0.419043
vn 0.046464 0.038141 0.998192
vn 0.046486 0.036988 0.998234
vn 0.046486 0.037017 0.998233
vn 0.036174 0.888467 0.457513
vn 0.036164 0.88926 0.455971
vn 0.036164 0.889264 0.455962
vn 0.037206 0.887722 -0.458874
vn 0.037194 0.888487 -0.457391
vn 0.037194 0.888493 -0.45738
vn 0.040679 -0.038643 -0.998425
vn 0.040661 -0.037503 -0.998469
vn 0.04066 -0.03748 -0.99847
vn -0.223597 -0.917407 -0.329193
vn -0.745876 1e-06 -0.666085
vn -0.745876 1e-06 -0.666084
vn -0.257058 0.910017 -0.325255
vn -0.037485 -0.927869 0.371018
vn -0.161022 0.93427 0.318139
vn -0.578986 0.007675 0.815302
vn 0.037485 -0.927868 0.371019
vn 0.578986 0.007675 0.815302
vn 0.578986 0.007675 0.815301
vn 0.161022 0.93427 0.318139
vn 0.223598 -0.917407 -0.329194
vn 0.257058 0.910016 -0.325257
vn 0.745876 1e-06 -0.666085
vn 0.285539 -0.938993 -0.19173
vn -0 0 -1
vn 0.031025 0.959704 -0.279296
vn 0.190594 -0.974072 0.12189
vn 0.234775 -0.950248 0.204716
vn 0.165934 -0.983159 0.076581
vn 0.025402 0.968909 0.246109
vn 0.02035 0.96315 0.268195
vn 0.017519 0.959698 0.280487
vn 0.675746 -0.195557 0.710721
vn -0.234776 -0.950249 0.204715
vn -0.190594 -0.974072 0.121889
vn -0.165935 -0.983159 0.076581
vn -0.234776 -0.950248 0.204715
vn -0.675746 -0.195557 0.710721
vn -0.02035 0.96315 0.268194
vn -0.025402 0.968909 0.246108
vn -0.017519 0.959698 0.280486
vn -0.025402 0.96891 0.246108
vn -0.285539 -0.938993 -0.19173
vn -0.031025 0.959703 -0.279298
vn 0.106214 -0.994266 -0.012394
vn 0.109818 -0.993899 -0.010197
vn 0.153648 -0.987986 0.016631
vn 0.042969 0.967301 -0.249964
vn 0.050632 0.969771 -0.238708
vn 0.054183 0.970853 -0.233471
vn 0.122072 -0.992519 0.002029
vn 0.12575 -0.992062 0.000385
vn 0.127894 -0.991788 -0.000574
vn 0.071501 0.973336 0.217957
vn 0.073765 0.974124 0.213638
vn 0.105891 0.982783 0.151412
vn 0.002339 0.00497 0.999985
vn -0.12575 -0.992062 0.000385
vn -0.127894 -0.991788 -0.000575
vn -0.153658 -0.98805 -0.012126
vn -0.002339 0.00497 0.999985
vn -0.066793 0.971623 0.22691
vn -0.071501 0.973336 0.217957
vn -0.073765 0.974124 0.213638
vn -0.099677 -0.994885 -0.016375
vn -0.106214 -0.994266 -0.012394
vn -0.109818 -0.9939 -0.010197
vn -0.050631 0.96977 -0.238709
vn -0.054182 0.970853 -0.233472
vn -0.105817 0.982096 -0.155854
vn -0.823966 0.042111 0.565073
vn -0.772659 0.022737 0.634414
vn -0.784784 0.027131 0.619175
vn -0.050114 -0.942473 -0.330504
vn -0.034106 -0.957164 -0.287532
vn 0.879806 -0.02056 -0.474888
vn 0.808663 -0.027432 -0.587632
vn 0.839663 -0.024666 -0.542548
vn 0.074308 0.889305 0.451236
vn 0.050318 0.906085 0.420093
vn 0.670252 -0.035533 0.741283
vn 0.684102 -0.023058 0.729022
vn 0.633693 -0.067036 0.770675
vn -0.168232 0.819466 0.547881
vn -0.198018 0.799251 0.567439
vn -0.245534 0.76368 0.597082
vn -0.741685 -0.028279 -0.670152
vn -0.730331 -0.024982 -0.682637
vn -0.699636 -0.01633 -0.714313
vn 0.079971 -0.915972 -0.393193
vn 0.076449 -0.916416 -0.392857
vn 0.084341 -0.915403 -0.393603
vn -0.670251 -0.035532 0.741283
vn -0.684102 -0.023057 0.729022
vn 0.168232 0.819466 0.547881
vn 0.198017 0.799251 0.567439
vn 0.730331 -0.024982 -0.682637
vn 0.741685 -0.028279 -0.670152
vn -0.079971 -0.915971 -0.393194
vn -0.076449 -0.916416 -0.392858
vn 0.823966 0.042111 0.565073
vn 0.77266 0.022736 0.634413
vn 0.784784 0.027131 0.619175
vn -0.074308 0.889305 0.451236
vn -0.050318 0.906085 0.420092
vn -0.879806 -0.02056 -0.474888
vn -0.808663 -0.027433 -0.587632
vn -0.839663 -0.024666 -0.542548
vn 0.050114 -0.942474 -0.330502
vn 0.034106 -0.957164 -0.28753
vn -0.633693 -0.067036 0.770675
vn 0.245534 0.763679 0.597083
vn 0.699636 -0.01633 -0.714313
vn -0.084341 -0.915404 -0.393602
vn 0.066793 0.971623 0.22691
vn -0.105891 0.982782 0.151413
vn 0.105817 0.982096 -0.155855
vn -0.042968 0.967301 -0.249965
vn 0.153659 -0.98805 -0.012124
vn -0.122072 -0.992519 0.002029
vn 0.099678 -0.994885 -0.016375
vn -0.153648 -0.987986 0.016636
vn -0.959518 0 0.281646
vn -0.986516 0 -0.163668
vn -0.959319 3e-06 -0.282326
vn -0.967966 -3e-05 0.25108
vn -0.958169 0 -0.286202
vn -0.967965 -3.2e-05 0.251087
vn -0.967964 -3.2e-05 0.251087
vn 0.958169 0 -0.286202
vn 0.967964 -2.6e-05 0.251089
vn 0.967965 2e-05 0.251087
vn 0.989166 0 -0.146799
vn 0.989665 1.7e-05 0.143398
vn 0.989665 -3.4e-05 0.143398
vn -0.989166 0 -0.1468
vn -0.989666 2.3e-05 0.143396
vn -0.989665 2.3e-05 0.143396
vn -0.989665 1.7e-05 0.143399
vn -0.980813 -2e-06 0.194949
vn -0.989458 0 -0.144818
vn -0.980813 2e-06 0.19495
vn -0.989459 1.2e-05 -0.144814
vn 0.980813 2e-06 0.19495
vn 0.989458 -1.6e-05 -0.144818
vn 0.980813 0 0.19495
vn 0.989459 5e-05 -0.144814
vn 0.967871 3e-06 -0.251448
vn 0.953632 0 0.300977
vn 0.96787 -1.5e-05 -0.251449
vn 0.953642 0 0.300944
vn -0.953642 2e-06 0.300944
vn -0.967873 -2.3e-05 -0.25144
vn -0.953632 0 0.300976
vn -0.967871 -3.2e-05 -0.251446
vn 0.017795 0.989757 0.14165
vn 0.056524 -0.998135 -0.023036
vn 0.056524 -0.998136 -0.023036
vn -0.055113 -0.996853 -0.056982
vn -0.055118 -0.996853 -0.056983
vn -0.008403 -0 0.999965
vn 0.03343 0.977438 0.20856
vn 0.033431 0.977438 0.20856
vn 0.033438 0.977438 0.20856
vn -0.008444 0 -0.999964
vn -0.008445 0 -0.999964
vn 0.008444 0 -0.999964
vn -0.033429 0.977438 0.20856
vn -0.033431 0.977438 0.208559
vn 0.008402 -0 0.999965
vn 0.055112 -0.996853 -0.056981
vn -0.038587 -0 0.999255
vn -0.002222 0.989621 -0.143683
vn -0.002221 0.989621 -0.143683
vn -0.002224 0.989621 -0.143683
vn -0.0381 -1e-06 -0.999274
vn -0.103113 -0.994477 0.01956
vn -0.103113 -0.994477 0.019556
vn 0.136281 -0.989977 0.037064
vn 0.136282 -0.989977 0.037064
vn -0.021915 0.976116 -0.216144
vn -0.021915 0.976115 -0.216145
vn 0.046615 0 0.998913
vn 0.0381 -1e-06 -0.999274
vn 0.002221 0.989621 -0.143684
vn 0.002222 0.989621 -0.143684
vn 0.103112 -0.994477 0.01956
vn -0.026896 0 0.999638
vn -0.017795 0.989757 0.14165
vn -0.017793 0.989757 0.14165
vn -0.027134 -0 -0.999632
vn -0.056524 -0.998136 -0.023033
vn -0.05652 -0.998136 -0.023036
vn -0.046615 0 0.998913
vn -0.046613 0 0.998913
vn 0.021916 0.976116 -0.216144
vn 0.021916 0.976113 -0.216154
vn -0.045372 0 -0.99897
vn -0.045371 0 -0.99897
vn -0.136281 -0.989977 0.037064
vn -0.136281 -0.989977 0.037063
vn -0.136286 -0.989976 0.037063
vn 0.00738 -0.99713 -0.075351
vn 0.007379 -0.99713 -0.075351
vn -0.024221 -0 0.999707
vn -0.066385 0.969463 0.236081
vn -0.02457 0 -0.999698
vn -0.032388 -0 0.999475
vn -0.080973 0.984433 -0.155995
vn -0.080974 0.984433 -0.155996
vn -0.032044 -1e-06 -0.999487
vn -0.006725 -0.999339 0.035729
vn -0.006727 -0.999339 0.035729
vn -0.028467 0 0.999595
vn -0.05416 0.987612 0.147272
vn -0.028734 -0 -0.999587
vn -0.024135 -0.999307 -0.028352
vn -0.033677 1e-06 0.999433
vn -0.026729 0.972889 -0.229725
vn -0.02673 0.972888 -0.229725
vn -0.033022 0 -0.999455
vn -0.055836 -0.99656 0.06125
vn -0.055836 -0.99656 0.061249
vn -0.055836 -0.99656 0.061248
vn -0.055112 -0.996853 -0.056981
vn -0.008402 -0 0.999965
vn -0.024569 0 -0.999698
vn 0.007385 -0.99713 -0.075348
vn -0.066387 0.969463 0.23608
vn -0.024137 -0.999307 -0.02835
vn -0.054167 0.987612 0.147272
vn -0.103112 -0.994477 0.01956
vn -0.032045 -1e-06 -0.999486
vn -0.006716 -0.999339 0.035731
vn -0.080968 0.984435 -0.15599
vn 0.021916 0.976116 -0.216142
vn -0.055836 -0.996559 0.061256
vn -0.033677 0 0.999433
vn -0.026723 0.97289 -0.229719
vn -0.033021 0 -0.999455
vn 0.062662 -0.903292 -0.424425
vn 0.062663 -0.903301 -0.424407
vn 0.062821 -0.90967 -0.410554
vn 0.067041 -0.907744 0.414134
vn 0.067044 -0.909714 0.409788
vn 0.046845 0.01818 0.998737
vn 0.046844 0.018218 0.998736
vn 0.047153 0.001217 0.998887
vn 0.03601 0.901779 0.430694
vn 0.03601 0.90177 0.430714
vn 0.035854 0.912164 0.408254
vn 0.037007 0.900563 -0.433147
vn 0.037007 0.900574 -0.433125
vn 0.036824 0.910599 -0.411648
vn 0.04035 -0.018481 -0.999015
vn 0.04035 -0.018443 -0.999015
vn 0.040056 -0.001236 -0.999197
vn -0.062636 -0.902297 -0.426542
vn -0.062636 -0.902279 -0.426579
vn -0.06704 -0.907443 0.414792
vn -0.06704 -0.907444 0.414791
vn -0.046796 0.020784 0.998688
vn -0.046797 0.020712 0.99869
vn -0.036033 0.900138 0.434111
vn -0.036033 0.90015 0.434087
vn -0.037033 0.899002 -0.436375
vn -0.037034 0.898988 -0.436405
vn -0.040393 -0.021014 -0.998963
vn -0.040394 -0.021075 -0.998962
vn 0.062481 -0.896479 -0.438658
vn 0.062481 -0.896487 -0.438642
vn 0.062636 -0.902297 -0.426542
vn 0.062636 -0.902279 -0.426579
vn 0.067035 -0.905773 0.418426
vn 0.067035 -0.905773 0.418427
vn 0.06704 -0.907443 0.414792
vn 0.06704 -0.907443 0.414793
vn 0.046532 0.034652 0.998316
vn 0.046531 0.034682 0.998315
vn 0.046797 0.020712 0.99869
vn 0.046796 0.020784 0.998688
vn 0.036146 0.890878 0.452802
vn 0.036146 0.890873 0.452811
vn 0.036033 0.900138 0.434111
vn 0.036033 0.90015 0.434087
vn 0.037171 0.890045 -0.454354
vn 0.037171 0.890051 -0.454342
vn 0.037034 0.898988 -0.436405
vn 0.037033 0.899002 -0.436375
vn 0.040623 -0.035143 -0.998556
vn 0.040623 -0.035118 -0.998557
vn 0.040394 -0.021075 -0.998962
vn 0.040393 -0.021014 -0.998963
vn -0.062455 -0.895466 -0.440727
vn -0.062455 -0.895458 -0.440743
vn -0.062482 -0.896487 -0.438642
vn -0.062481 -0.896479 -0.438658
vn -0.067035 -0.905489 0.419042
vn -0.067035 -0.905774 0.418426
vn -0.067035 -0.905773 0.418427
vn -0.046486 0.037017 0.998233
vn -0.046486 0.036988 0.998234
vn -0.046532 0.034652 0.998316
vn -0.046531 0.034682 0.998315
vn -0.036164 0.88926 0.455971
vn -0.036164 0.889264 0.455962
vn -0.036146 0.890873 0.452811
vn -0.036146 0.890878 0.452801
vn -0.037194 0.888493 -0.45738
vn -0.037194 0.888487 -0.457391
vn -0.037171 0.890045 -0.454355
vn -0.037171 0.890051 -0.454342
vn -0.04066 -0.03748 -0.99847
vn -0.040661 -0.037503 -0.998469
vn -0.040623 -0.035143 -0.998556
vn -0.040623 -0.035118 -0.998557
vn 0 1 0
vn -0.040679 -0.038643 -0.998425
vn -0.037206 0.887722 -0.458874
vn -0.036174 0.888467 0.457513
vn -0.046464 0.038141 0.998192
vn -0.067033 -0.905349 0.419344
vn -0.06244 -0.894956 -0.441763
vn -0.733269 0.275208 -0.621754
vn 0.733268 0.275209 -0.621753
vn 0.733269 0.275209 -0.621753
vn -0.798488 0.589219 -0.12344
vn 0.798487 0.589221 -0.123441
vn -0.943377 0.331327 -0.016185
vn 0.943376 0.33133 -0.016185
vn -0.183134 0.262126 0.947498
vn 0.183135 0.262127 0.947497
vn 0.999992 0.003869 0.001342
vn 0.999993 0.000143 0.003827
vn -0.999993 0.000143 0.003827
vn -0.999992 0.003869 0.001342
vn 0.999999 -0.001435 0.000709
vn 0.999999 -0.001493 -0.00073
vn 0.999992 -3.6e-05 -0.004081
vn 0.999988 0.004597 -0.001968
vn 0.999987 0.004597 -0.001968
vn -0.999987 0.004598 -0.001968
vn -0.999988 0.004598 -0.001968
vn -0.999992 -3.6e-05 -0.004081
vn -0.999999 -0.001493 -0.00073
vn -0.999999 -0.001436 0.000709
vt 0.944039 0.02542
vt 0.944039 0.03171
vt 0.926067 0.032197
vt 0.926239 0.025923
vt 0.905564 0.032228
vt 0.905997 0.025976
vt 0.863354 0.030919
vt 0.850199 0.030351
vt 0.863424 0.024642
vt 0.850408 0.024099
vt 0.832029 0.029711
vt 0.832217 0.023479
vt 0.818874 0.029416
vt 0.819261 0.023148
vt 0.964568 0.031359
vt 0.964282 0.025104
vt 0.967466 0.399881
vt 0.958794 0.399985
vt 0.959569 0.393875
vt 0.967577 0.393765
vt 0.968179 0.323514
vt 0.958966 0.323417
vt 0.960595 0.316279
vt 0.96872 0.316289
vt 0.968952 0.541797
vt 0.969208 0.548227
vt 0.962368 0.548309
vt 0.960575 0.541929
vt 0.968324 0.47729
vt 0.960675 0.477373
vt 0.95977 0.471537
vt 0.968061 0.471452
vt 0.968055 0.417241
vt 0.957984 0.417372
vt 0.958054 0.415634
vt 0.968002 0.415511
vt 0.860396 0.357845
vt 0.867566 0.357222
vt 0.867401 0.358966
vt 0.860333 0.359581
vt 0.95842 0.376411
vt 0.967764 0.376286
vt 0.967738 0.378028
vt 0.958542 0.378156
vt 0.874109 0.265561
vt 0.881193 0.266391
vt 0.874239 0.267307
vt 0.881222 0.268124
vt 0.967826 0.33881
vt 0.957623 0.338748
vt 0.957741 0.3372
vt 0.967868 0.337289
vt 0.868902 0.354355
vt 0.876976 0.352903
vt 0.876804 0.354451
vt 0.86881 0.355889
vt 0.959503 0.300773
vt 0.968633 0.300703
vt 0.968632 0.302285
vt 0.95963 0.30234
vt 0.864889 0.260966
vt 0.872741 0.262702
vt 0.86503 0.262514
vt 0.872805 0.264233
vt 0.890971 0.259572
vt 0.897993 0.257807
vt 0.897888 0.259177
vt 0.890958 0.260919
vt 0.969595 0.560836
vt 0.962724 0.560901
vt 0.962608 0.559711
vt 0.969644 0.559643
vt 0.843509 0.349289
vt 0.850707 0.350966
vt 0.843616 0.350657
vt 0.85072 0.352312
vt 0.959765 0.527407
vt 0.969525 0.527251
vt 0.969497 0.528708
vt 0.959816 0.528867
vt 0.968734 0.494753
vt 0.959456 0.494887
vt 0.959593 0.493118
vt 0.968669 0.492999
vt 0.852571 0.35446
vt 0.85958 0.355434
vt 0.859545 0.357172
vt 0.85265 0.356214
vt 0.958088 0.454214
vt 0.967997 0.45412
vt 0.968 0.455841
vt 0.958254 0.455934
vt 0.882263 0.264037
vt 0.889196 0.263
vt 0.882291 0.265769
vt 0.889111 0.264749
vt 0.967907 0.340185
vt 0.957649 0.340149
vt 0.864778 0.259574
vt 0.872654 0.261316
vt 0.959532 0.299365
vt 0.968716 0.299282
vt 0.86904 0.352975
vt 0.877138 0.351518
vt 0.873384 0.278009
vt 0.866301 0.276443
vt 0.867977 0.369689
vt 0.87526 0.368379
vt 0.873987 0.26391
vt 0.881161 0.26475
vt 0.958365 0.374756
vt 0.967842 0.374635
vt 0.860467 0.356207
vt 0.867728 0.355576
vt 0.968163 0.418867
vt 0.957979 0.419004
vt 0.881486 0.283729
vt 0.875406 0.283017
vt 0.859764 0.3752
vt 0.865918 0.374665
vt 0.968944 0.496184
vt 0.959449 0.496327
vt 0.882235 0.262624
vt 0.889277 0.261571
vt 0.958074 0.452816
vt 0.968122 0.452721
vt 0.852481 0.353039
vt 0.859601 0.354028
vt 0.888352 0.280491
vt 0.882545 0.281359
vt 0.853357 0.372005
vt 0.859227 0.372821
vt 0.890971 0.258466
vt 0.898097 0.256674
vt 0.959764 0.526236
vt 0.969664 0.526075
vt 0.843394 0.348168
vt 0.850699 0.34987
vt 0.969627 0.561783
vt 0.962872 0.561847
vt 0.890846 0.273039
vt 0.896949 0.271504
vt 0.844582 0.362964
vt 0.850838 0.364422
vt 0.67566 0.153126
vt 0.696741 0.157145
vt 0.698444 0.159215
vt 0.676345 0.15545
vt 0.715191 0.146708
vt 0.716445 0.149004
vt 0.734246 0.140528
vt 0.734398 0.143191
vt 0.75528 0.14274
vt 0.755685 0.145891
vt 0.636713 0.144015
vt 0.65589 0.147312
vt 0.636891 0.146363
vt 0.656288 0.149486
vt 0.603444 0.029308
vt 0.623917 0.029656
vt 0.603769 0.059397
vt 0.624645 0.055392
vt 0.666208 0.029317
vt 0.679385 0.029057
vt 0.679077 0.042379
vt 0.666464 0.043929
vt 0.697581 0.028841
vt 0.698064 0.042202
vt 0.710751 0.028854
vt 0.710896 0.043356
vt 0.564993 0.027846
vt 0.585493 0.028531
vt 0.584276 0.058534
vt 0.563654 0.053396
vt 0.849998 0.064283
vt 0.840018 0.066188
vt 0.84057 0.056429
vt 0.88881 0.031729
vt 0.889013 0.025474
vt 0.823246 0.065807
vt 0.822392 0.056159
vt 0.812494 0.06367
vt 0.793687 0.028343
vt 0.776942 0.027573
vt 0.776932 0.021307
vt 0.793958 0.022092
vt 0.692612 0.075557
vt 0.679238 0.072473
vt 0.693556 0.066717
vt 0.683576 0.064811
vt 0.657445 0.040196
vt 0.657361 0.029425
vt 0.711027 0.075539
vt 0.710328 0.066337
vt 0.71938 0.028718
vt 0.719602 0.039442
vt 0.724626 0.072185
vt 0.72108 0.064201
vt 0.861877 0.105476
vt 0.841123 0.102394
vt 0.841114 0.086104
vt 0.855662 0.087759
vt 0.823039 0.102132
vt 0.822732 0.086211
vt 0.802159 0.105474
vt 0.807159 0.087434
vt 0.693005 0.056958
vt 0.711183 0.056689
vt 0.810258 0.02908
vt 0.810523 0.022827
vt 0.822546 0.075009
vt 0.808948 0.071653
vt 0.840961 0.075028
vt 0.854335 0.071946
vt 0.872187 0.031232
vt 0.872387 0.024977
vt 0.735979 0.028369
vt 0.752752 0.02799
vt 0.736299 0.044669
vt 0.753066 0.053657
vt 0.731412 0.106006
vt 0.710532 0.102662
vt 0.710841 0.086741
vt 0.726413 0.087965
vt 0.692448 0.102923
vt 0.692459 0.086633
vt 0.671694 0.106003
vt 0.67791 0.088286
vt 0.640899 0.045807
vt 0.640709 0.029542
vt 0.677526 0.133795
vt 0.696245 0.135923
vt 0.713722 0.134174
vt 0.730644 0.128566
vt 0.74626 0.120571
vt 0.641775 0.120836
vt 0.660356 0.129095
vt 0.847992 0.152701
vt 0.827216 0.157145
vt 0.847342 0.150768
vt 0.827089 0.155097
vt 0.810165 0.149286
vt 0.809302 0.145968
vt 0.789904 0.142578
vt 0.789103 0.139457
vt 0.76822 0.143566
vt 0.768175 0.140653
vt 0.88908 0.143956
vt 0.867262 0.146987
vt 0.866607 0.144918
vt 0.886892 0.141603
vt 0.679432 0.124749
vt 0.696201 0.127193
vt 0.696227 0.129028
vt 0.678877 0.126757
vt 0.712078 0.12593
vt 0.712447 0.127686
vt 0.727062 0.120723
vt 0.727744 0.122149
vt 0.740094 0.112324
vt 0.743553 0.113686
vt 0.647298 0.112489
vt 0.663574 0.12109
vt 0.643923 0.113804
vt 0.66298 0.122861
vt 0.844485 0.131898
vt 0.825958 0.134009
vt 0.843145 0.124933
vt 0.825974 0.127184
vt 0.808658 0.132282
vt 0.809919 0.125861
vt 0.791909 0.126735
vt 0.794778 0.120384
vt 0.776451 0.118825
vt 0.779129 0.11201
vt 0.879866 0.119063
vt 0.861477 0.127243
vt 0.858879 0.121073
vt 0.877738 0.112104
vt 0.84266 0.123211
vt 0.826054 0.125587
vt 0.810452 0.123625
vt 0.795818 0.118342
vt 0.782587 0.110619
vt 0.858112 0.119112
vt 0.874272 0.110508
vt 0.925217 0.062302
vt 0.904377 0.05793
vt 0.888271 0.047995
vt 0.871856 0.041992
vt 0.862759 0.045509
vt 0.850196 0.043665
vt 0.831235 0.043046
vt 0.818391 0.043898
vt 0.809786 0.039785
vt 0.792987 0.044617
vt 0.77603 0.053203
vt 0.965486 0.056958
vt 0.944755 0.061763
vt 0.603364 0.023039
vt 0.623612 0.02339
vt 0.640658 0.023284
vt 0.657308 0.023163
vt 0.666285 0.023035
vt 0.679322 0.022796
vt 0.697538 0.022601
vt 0.71051 0.022572
vt 0.719261 0.022456
vt 0.735854 0.022108
vt 0.752909 0.02172
vt 0.56538 0.021603
vt 0.585594 0.022249
vt 0.583869 0.145178
vt 0.574452 0.127265
vt 0.601718 0.145175
vt 0.611223 0.127259
vt 0.572988 0.110267
vt 0.612658 0.11026
vt 0.572544 0.09367
vt 0.614019 0.093663
vt 0.57376 0.084989
vt 0.611664 0.084993
vt 0.583596 0.076603
vt 0.601749 0.0766
vt 0.933674 0.148609
vt 0.924169 0.130693
vt 0.960941 0.130699
vt 0.951523 0.148613
vt 0.922735 0.113695
vt 0.962405 0.113701
vt 0.921374 0.097098
vt 0.962849 0.097105
vt 0.923729 0.088427
vt 0.961633 0.088424
vt 0.933644 0.080034
vt 0.951797 0.080037
vt 0.376976 0.29175
vt 0.407655 0.286911
vt 0.375265 0.310816
vt 0.407513 0.300947
vt 0.341735 0.291918
vt 0.338886 0.313126
vt 0.313139 0.283569
vt 0.308775 0.302802
vt 0.287357 0.272355
vt 0.284374 0.289964
vt 0.461762 0.219442
vt 0.494538 0.218666
vt 0.498748 0.233482
vt 0.461855 0.233112
vt 0.423905 0.219486
vt 0.420712 0.231243
vt 0.412248 0.317148
vt 0.369883 0.348784
vt 0.3347 0.343322
vt 0.304246 0.34315
vt 0.280498 0.295741
vt 0.499075 0.239558
vt 0.461555 0.241105
vt 0.41873 0.246356
vt 0.422726 0.263801
vt 0.495623 0.26368
vt 0.257542 0.346903
vt 0.257564 0.305669
vt 0.424785 0.33021
vt 0.410344 0.369684
vt 0.107791 0.274147
vt 0.13765 0.276214
vt 0.107709 0.286394
vt 0.137661 0.29158
vt 0.171299 0.272941
vt 0.173292 0.291783
vt 0.199314 0.269251
vt 0.201999 0.283504
vt 0.224911 0.259167
vt 0.227844 0.272388
vt 0.016206 0.221449
vt 0.047485 0.224653
vt 0.014733 0.233182
vt 0.04751 0.233595
vt 0.083369 0.222643
vt 0.085358 0.233182
vt 0.107868 0.300298
vt 0.138357 0.311268
vt 0.144925 0.348421
vt 0.106258 0.315249
vt 0.17609 0.312917
vt 0.18048 0.343148
vt 0.206311 0.302712
vt 0.21086 0.343036
vt 0.230765 0.289955
vt 0.234632 0.29572
vt 0.010687 0.248036
vt 0.047572 0.247268
vt 0.047953 0.255259
vt 0.010425 0.254113
vt 0.088398 0.244906
vt 0.092954 0.257765
vt 0.086633 0.278192
vt 0.014134 0.278192
vt 0.090549 0.330298
vt 0.104779 0.369744
vt 0.358703 0.37646
vt 0.333898 0.372332
vt 0.303392 0.37171
vt 0.257525 0.372174
vt 0.398467 0.390291
vt 0.156455 0.376356
vt 0.181954 0.372133
vt 0.212004 0.371564
vt 0.114816 0.391913
vt 0.461684 0.210502
vt 0.425772 0.208916
vt 0.492932 0.206947
vt 0.315893 0.269307
vt 0.290352 0.259115
vt 0.343883 0.273085
vt 0.377632 0.276666
vt 0.407537 0.274644
vt 0.406099 0.212095
vt 0.378791 0.213018
vt 0.352229 0.213866
vt 0.32763 0.206702
vt 0.302314 0.199554
vt 0.461284 0.150674
vt 0.485013 0.148691
vt 0.43423 0.148825
vt 0.109459 0.211578
vt 0.136756 0.212633
vt 0.163315 0.213631
vt 0.187944 0.206593
vt 0.213298 0.199581
vt 0.047203 0.164832
vt 0.023458 0.16312
vt 0.074226 0.162674
vt 0.379505 0.201752
vt 0.406893 0.200347
vt 0.353433 0.204194
vt 0.329629 0.195821
vt 0.304468 0.187829
vt 0.46125 0.139503
vt 0.484866 0.136699
vt 0.434298 0.136811
vt 0.108724 0.199821
vt 0.136102 0.201366
vt 0.162161 0.203951
vt 0.186006 0.195703
vt 0.21121 0.187846
vt 0.047109 0.153664
vt 0.023467 0.15113
vt 0.074022 0.150664
vt 0.380313 0.19108
vt 0.407706 0.191055
vt 0.354533 0.194731
vt 0.331392 0.185494
vt 0.306138 0.178521
vt 0.461218 0.130021
vt 0.484647 0.12715
vt 0.434447 0.127252
vt 0.135351 0.190691
vt 0.107958 0.190521
vt 0.161111 0.194482
vt 0.184302 0.185368
vt 0.209593 0.178529
vt 0.047033 0.144183
vt 0.023577 0.141581
vt 0.073764 0.14111
vt 0.410487 0.167621
vt 0.384999 0.165294
vt 0.360088 0.16606
vt 0.334789 0.159822
vt 0.311313 0.155732
vt 0.483546 0.103639
vt 0.45853 0.107237
vt 0.432457 0.103641
vt 0.105301 0.167066
vt 0.130804 0.164883
vt 0.155713 0.165782
vt 0.181046 0.159678
vt 0.204544 0.155712
vt 0.024409 0.118063
vt 0.049459 0.121375
vt 0.075484 0.117482
vt 0.389924 0.116542
vt 0.412844 0.118139
vt 0.365409 0.11498
vt 0.34206 0.110907
vt 0.320264 0.107172
vt 0.458794 0.055506
vt 0.481351 0.054186
vt 0.4328 0.054133
vt 0.103202 0.117554
vt 0.126164 0.11612
vt 0.150677 0.114676
vt 0.17404 0.110719
vt 0.195853 0.107096
vt 0.026039 0.068598
vt 0.048605 0.06966
vt 0.074577 0.067991
vt 0.39123 0.088804
vt 0.414152 0.090044
vt 0.36911 0.086463
vt 0.347042 0.083526
vt 0.325295 0.079734
vt 0.479917 0.026273
vt 0.45859 0.026516
vt 0.435263 0.026261
vt 0.124964 0.088353
vt 0.102132 0.089532
vt 0.147103 0.086132
vt 0.169189 0.08331
vt 0.190957 0.079628
vt 0.027154 0.040676
vt 0.048479 0.040676
vt 0.071797 0.040154
vt 0.393361 0.061282
vt 0.363843 0.064261
vt 0.364419 0.03893
vt 0.389175 0.037089
vt 0.338494 0.065113
vt 0.338184 0.039725
vt 0.313316 0.063951
vt 0.314584 0.038299
vt 0.284192 0.060617
vt 0.288107 0.036369
vt 0.259753 0.060007
vt 0.263498 0.029969
vt 0.420332 0.060941
vt 0.418122 0.030889
vt 0.139311 0.063934
vt 0.109072 0.061215
vt 0.138551 0.03807
vt 0.113269 0.036343
vt 0.16509 0.064713
vt 0.165304 0.03878
vt 0.190674 0.063404
vt 0.18934 0.037216
vt 0.220478 0.060081
vt 0.216372 0.035163
vt 0.245503 0.059231
vt 0.241577 0.028558
vt 0.081455 0.060836
vt 0.083563 0.030106
vt 0.391095 0.065507
vt 0.365011 0.067803
vt 0.371072 0.04292
vt 0.392418 0.039622
vt 0.338481 0.070521
vt 0.337222 0.044394
vt 0.311534 0.067588
vt 0.309316 0.041974
vt 0.286746 0.064923
vt 0.289776 0.037649
vt 0.263781 0.066463
vt 0.274818 0.030955
vt 0.415985 0.067133
vt 0.412698 0.034994
vt 0.137657 0.067652
vt 0.110966 0.065405
vt 0.10784 0.035305
vt 0.130691 0.039895
vt 0.165144 0.070626
vt 0.158383 0.041341
vt 0.192993 0.067165
vt 0.190246 0.040116
vt 0.218312 0.064369
vt 0.215536 0.035851
vt 0.241701 0.065452
vt 0.22963 0.03077
vt 0.085632 0.066768
vt 0.088619 0.02712
vt 0.108898 0.441779
vt 0.149604 0.442928
vt 0.149576 0.450023
vt 0.107246 0.44842
vt 0.190207 0.441763
vt 0.191906 0.448409
vt 0.214204 0.438598
vt 0.214769 0.445377
vt 0.08086 0.645506
vt 0.108927 0.650251
vt 0.107711 0.656772
vt 0.080065 0.652316
vt 0.15119 0.652346
vt 0.151189 0.659603
vt 0.193324 0.650264
vt 0.194668 0.656781
vt 0.221435 0.645524
vt 0.222315 0.652331
vt 0.084883 0.438566
vt 0.084382 0.445395
vt 0.083069 0.61477
vt 0.090855 0.592275
vt 0.113259 0.62734
vt 0.121067 0.612656
vt 0.211064 0.79892
vt 0.221375 0.821853
vt 0.188802 0.833675
vt 0.179133 0.815826
vt 0.151177 0.776574
vt 0.151175 0.797236
vt 0.091286 0.798907
vt 0.123213 0.81582
vt 0.08097 0.821837
vt 0.113539 0.833667
vt 0.208336 0.592258
vt 0.216129 0.614751
vt 0.185942 0.62733
vt 0.178131 0.612647
vt 0.149596 0.591538
vt 0.149599 0.610392
vt 0.15118 0.748641
vt 0.212413 0.751716
vt 0.089947 0.751703
vt 0.149588 0.539958
vt 0.2147 0.545071
vt 0.084478 0.545089
vt 0.07764 0.468224
vt 0.101232 0.473542
vt 0.065415 0.521748
vt 0.199846 0.681615
vt 0.224668 0.677188
vt 0.234533 0.732134
vt 0.151187 0.684645
vt 0.102528 0.681605
vt 0.077708 0.677173
vt 0.067831 0.732116
vt 0.197927 0.473529
vt 0.221517 0.468204
vt 0.233757 0.521725
vt 0.149579 0.474818
vt 0.062824 0.526142
vt 0.075221 0.549217
vt 0.08103 0.590454
vt 0.078136 0.613403
vt 0.238081 0.735033
vt 0.222943 0.755956
vt 0.226698 0.821104
vt 0.220416 0.797609
vt 0.064282 0.735015
vt 0.079416 0.755941
vt 0.081934 0.797594
vt 0.075647 0.821087
vt 0.236349 0.526117
vt 0.223959 0.549196
vt 0.221061 0.613382
vt 0.218161 0.590435
vt 0.030295 0.562406
vt 0.022012 0.540575
vt 0.037497 0.592673
vt 0.037416 0.613734
vt 0.280587 0.74347
vt 0.273802 0.766169
vt 0.270189 0.799614
vt 0.270483 0.822426
vt 0.028554 0.766143
vt 0.021774 0.743442
vt 0.03216 0.799588
vt 0.031861 0.8224
vt 0.277165 0.54054
vt 0.268888 0.562373
vt 0.261781 0.613703
vt 0.261694 0.592641
vt 0.605696 0.39656
vt 0.603852 0.383519
vt 0.607649 0.383086
vt 0.609463 0.395918
vt 0.602964 0.369745
vt 0.606775 0.369552
vt 0.602738 0.356606
vt 0.606554 0.356616
vt 0.603976 0.329732
vt 0.605694 0.316714
vt 0.607768 0.330185
vt 0.609465 0.317337
vt 0.603014 0.343448
vt 0.606824 0.34366
vt 0.149939 0.841297
vt 0.14999 0.8631
vt 0.128773 0.865575
vt 0.171219 0.865476
vt 0.12226 0.898782
vt 0.149978 0.894179
vt 0.149979 0.903098
vt 0.139344 0.905167
vt 0.177696 0.898776
vt 0.160613 0.905165
vt 0.178847 0.914347
vt 0.164088 0.911125
vt 0.122962 0.885146
vt 0.136964 0.890723
vt 0.139555 0.88444
vt 0.150035 0.88218
vt 0.160524 0.884391
vt 0.177121 0.885019
vt 0.163145 0.890662
vt 0.121112 0.914354
vt 0.135871 0.911128
vt 0.174224 0.920569
vt 0.185051 0.920948
vt 0.184011 0.949879
vt 0.173238 0.949785
vt 0.114507 0.920972
vt 0.125334 0.920586
vt 0.115567 0.949902
vt 0.12634 0.949801
vt 0.132217 0.920102
vt 0.132678 0.950235
vt 0.138986 0.919424
vt 0.139017 0.950668
vt 0.149778 0.919603
vt 0.149789 0.95084
vt 0.160571 0.919417
vt 0.160561 0.950661
vt 0.167341 0.92009
vt 0.166899 0.950223
vt 0.726514 0.297668
vt 0.728673 0.314294
vt 0.722301 0.315056
vt 0.720176 0.298716
vt 0.728897 0.386943
vt 0.726435 0.40442
vt 0.722517 0.386213
vt 0.720103 0.403339
vt 0.730085 0.368075
vt 0.72368 0.367747
vt 0.730431 0.350589
vt 0.724018 0.350606
vt 0.730022 0.333122
vt 0.723619 0.333479
vt 0.879226 0.20799
vt 0.892266 0.207866
vt 0.880766 0.215513
vt 0.899105 0.215142
vt 0.973373 0.602193
vt 0.963476 0.602232
vt 0.963188 0.594977
vt 0.973396 0.594926
vt 0.849963 0.300044
vt 0.862937 0.300704
vt 0.861405 0.308355
vt 0.842839 0.307001
vt 0.866284 0.208787
vt 0.861997 0.215598
vt 0.875885 0.300857
vt 0.879851 0.307921
vt 0.974555 0.207127
vt 0.984008 0.211021
vt 0.981034 0.216233
vt 0.971665 0.212459
vt 0.798107 0.208832
vt 0.811061 0.209368
vt 0.796719 0.216385
vt 0.815486 0.21609
vt 0.914617 0.210009
vt 0.923323 0.206761
vt 0.917137 0.214833
vt 0.925777 0.211696
vt 0.794023 0.302578
vt 0.806965 0.302121
vt 0.808677 0.309734
vt 0.790225 0.309734
vt 0.785066 0.208972
vt 0.778376 0.216385
vt 0.81992 0.301157
vt 0.827205 0.307945
vt 0.934283 0.600037
vt 0.925461 0.60003
vt 0.925424 0.593563
vt 0.93451 0.593567
vt 0.898919 0.228591
vt 0.881055 0.230994
vt 0.96301 0.585223
vt 0.972161 0.585158
vt 0.842666 0.320247
vt 0.861038 0.32258
vt 0.86303 0.228643
vt 0.879318 0.320946
vt 0.972764 0.237252
vt 0.978811 0.238704
vt 0.969973 0.243317
vt 0.976779 0.244546
vt 0.814717 0.229153
vt 0.796743 0.231868
vt 0.918561 0.235047
vt 0.924037 0.233776
vt 0.926685 0.23918
vt 0.920423 0.240437
vt 0.791064 0.322742
vt 0.809378 0.323947
vt 0.778834 0.229827
vt 0.827689 0.321183
vt 0.926471 0.584891
vt 0.934608 0.58489
vt 0.890225 0.2478
vt 0.881336 0.249123
vt 0.963122 0.572205
vt 0.971458 0.572129
vt 0.842453 0.337251
vt 0.85157 0.339365
vt 0.863472 0.246101
vt 0.872411 0.248079
vt 0.869616 0.339828
vt 0.86057 0.340614
vt 0.957503 0.2648
vt 0.971901 0.26417
vt 0.959204 0.283361
vt 0.970597 0.283143
vt 0.805731 0.248775
vt 0.796829 0.249999
vt 0.925318 0.258826
vt 0.939224 0.259299
vt 0.937772 0.277419
vt 0.926506 0.277167
vt 0.791967 0.339961
vt 0.801207 0.341391
vt 0.77899 0.246805
vt 0.787915 0.248856
vt 0.819237 0.340505
vt 0.810269 0.341965
vt 0.926994 0.573286
vt 0.934406 0.573309
vt 0.97966 0.223158
vt 0.970736 0.220896
vt 0.857167 0.232121
vt 0.85448 0.221058
vt 0.973381 0.257079
vt 0.95993 0.257469
vt 0.885681 0.324371
vt 0.888942 0.314521
vt 0.91831 0.227436
vt 0.925741 0.225791
vt 0.774064 0.322652
vt 0.777149 0.332336
vt 0.771303 0.336846
vt 0.766109 0.331251
vt 0.931349 0.244192
vt 0.921756 0.245304
vt 0.826426 0.237279
vt 0.829172 0.228219
vt 0.830284 0.241486
vt 0.835597 0.236576
vt 0.979321 0.230244
vt 0.971063 0.228163
vt 0.896311 0.320456
vt 0.893454 0.330209
vt 0.975437 0.249752
vt 0.965224 0.248873
vt 0.851488 0.237004
vt 0.848559 0.228002
vt 0.918188 0.221136
vt 0.926299 0.219371
vt 0.784783 0.326316
vt 0.781292 0.316546
vt 0.923847 0.252141
vt 0.936696 0.252245
vt 0.820649 0.232511
vt 0.823112 0.221397
vt 0.899405 0.334581
vt 0.904466 0.328865
vt 0.847715 0.241289
vt 0.842304 0.236487
vt 0.878819 0.338181
vt 0.828302 0.338177
vt 0.814628 0.246617
vt 0.899106 0.245568
vt 0.928095 0.319898
vt 0.927279 0.311602
vt 0.938425 0.319744
vt 0.936677 0.311546
vt 0.968657 0.323486
vt 0.95877 0.323382
vt 0.960518 0.315723
vt 0.969238 0.315734
vt 0.929181 0.471018
vt 0.93829 0.471122
vt 0.937453 0.477642
vt 0.928699 0.477547
vt 0.969331 0.541487
vt 0.969609 0.548491
vt 0.96216 0.54858
vt 0.960207 0.541631
vt 0.968675 0.477563
vt 0.960475 0.477651
vt 0.959505 0.471395
vt 0.968394 0.471304
vt 0.92864 0.544681
vt 0.93747 0.544795
vt 0.935521 0.551442
vt 0.928467 0.551356
vt 0.806266 0.249356
vt 0.814314 0.247404
vt 0.937293 0.27797
vt 0.927199 0.277737
vt 0.792189 0.340611
vt 0.800543 0.341917
vt 0.940338 0.352386
vt 0.927396 0.352508
vt 0.92806 0.351952
vt 0.939585 0.351838
vt 0.969775 0.355331
vt 0.957099 0.355423
vt 0.957821 0.354863
vt 0.969125 0.354791
vt 0.878613 0.338835
vt 0.870292 0.340337
vt 0.969871 0.283713
vt 0.959714 0.283898
vt 0.871888 0.248671
vt 0.863802 0.246881
vt 0.970388 0.437171
vt 0.956739 0.437333
vt 0.957499 0.436799
vt 0.969649 0.436652
vt 0.869285 0.340514
vt 0.861198 0.341218
vt 0.969006 0.355866
vt 0.957734 0.355952
vt 0.880804 0.249778
vt 0.872827 0.248844
vt 0.939713 0.352933
vt 0.928182 0.353038
vt 0.801554 0.34207
vt 0.809655 0.342584
vt 0.941007 0.436861
vt 0.92727 0.436765
vt 0.928006 0.436236
vt 0.94024 0.436321
vt 0.797374 0.250644
vt 0.805331 0.249548
vt 0.940283 0.437355
vt 0.927946 0.437268
vt 0.818985 0.341166
vt 0.810892 0.342486
vt 0.939442 0.515708
vt 0.925276 0.515542
vt 0.926086 0.514992
vt 0.938813 0.515138
vt 0.796336 0.250608
vt 0.788292 0.249574
vt 0.971969 0.51242
vt 0.958693 0.512631
vt 0.971201 0.51192
vt 0.959298 0.51211
vt 0.851837 0.34002
vt 0.85996 0.341149
vt 0.969715 0.437672
vt 0.957459 0.437819
vt 0.881842 0.249721
vt 0.889863 0.248525
vt 0.890751 0.24837
vt 0.898805 0.246347
vt 0.963449 0.571798
vt 0.970947 0.571736
vt 0.842619 0.337905
vt 0.85088 0.339834
vt 0.959443 0.513183
vt 0.971321 0.512995
vt 0.938632 0.516307
vt 0.925989 0.516157
vt 0.828152 0.338835
vt 0.819939 0.340958
vt 0.927434 0.572929
vt 0.934112 0.572949
vt 0.7874 0.249438
vt 0.779308 0.247577
vt 0.95759 0.421008
vt 0.968563 0.42086
vt 0.860565 0.355943
vt 0.867819 0.355312
vt 0.968261 0.371743
vt 0.958177 0.371872
vt 0.881082 0.264502
vt 0.87393 0.263665
vt 0.805746 0.26181
vt 0.813562 0.259916
vt 0.805688 0.263194
vt 0.81348 0.261306
vt 0.927391 0.291827
vt 0.937663 0.291998
vt 0.937735 0.293601
vt 0.927411 0.29348
vt 0.793951 0.353036
vt 0.802075 0.354302
vt 0.802245 0.355678
vt 0.794146 0.354417
vt 0.939843 0.338215
vt 0.928619 0.338374
vt 0.928659 0.336864
vt 0.939883 0.336694
vt 0.957358 0.341337
vt 0.968365 0.341375
vt 0.869052 0.352755
vt 0.877144 0.351299
vt 0.969233 0.297483
vt 0.959378 0.297573
vt 0.87266 0.261112
vt 0.864807 0.259376
vt 0.929233 0.450851
vt 0.940078 0.450951
vt 0.940052 0.452452
vt 0.929375 0.452349
vt 0.81138 0.355115
vt 0.818469 0.35396
vt 0.818413 0.355381
vt 0.811434 0.356519
vt 0.939001 0.499692
vt 0.927904 0.499566
vt 0.928133 0.497868
vt 0.938994 0.49799
vt 0.789294 0.262379
vt 0.796336 0.263287
vt 0.789404 0.263802
vt 0.796336 0.264696
vt 0.897854 0.256511
vt 0.89075 0.258298
vt 0.962709 0.563326
vt 0.970066 0.563256
vt 0.843655 0.347992
vt 0.850953 0.349692
vt 0.970107 0.524363
vt 0.959323 0.524538
vt 0.959161 0.497972
vt 0.96934 0.497818
vt 0.852654 0.352798
vt 0.859768 0.353787
vt 0.968458 0.451223
vt 0.957687 0.451325
vt 0.88912 0.261348
vt 0.882098 0.262398
vt 0.929145 0.369396
vt 0.939653 0.369393
vt 0.939654 0.37126
vt 0.929216 0.371218
vt 0.803367 0.35683
vt 0.810634 0.35729
vt 0.810743 0.358924
vt 0.803568 0.358469
vt 0.940048 0.420411
vt 0.928931 0.420319
vt 0.929033 0.418538
vt 0.940037 0.418645
vt 0.797394 0.26537
vt 0.804528 0.264388
vt 0.797395 0.267006
vt 0.80444 0.266037
vt 0.927547 0.528009
vt 0.938536 0.528153
vt 0.938494 0.529437
vt 0.927747 0.529315
vt 0.820097 0.350814
vt 0.827352 0.348943
vt 0.820114 0.35191
vt 0.827264 0.350066
vt 0.934875 0.565308
vt 0.928114 0.565243
vt 0.928125 0.564302
vt 0.935045 0.564373
vt 0.780464 0.257721
vt 0.787603 0.259363
vt 0.787626 0.260466
vt 0.780591 0.258847
vt 0.968447 0.419107
vt 0.957596 0.419249
vt 0.957672 0.417376
vt 0.968389 0.417243
vt 0.860494 0.357579
vt 0.867657 0.356956
vt 0.867493 0.358699
vt 0.860431 0.359313
vt 0.958236 0.373633
vt 0.968178 0.373499
vt 0.96815 0.375353
vt 0.958366 0.375489
vt 0.874051 0.265311
vt 0.881114 0.266138
vt 0.874181 0.267052
vt 0.881143 0.267867
vt 0.805655 0.264721
vt 0.81337 0.262851
vt 0.805355 0.278465
vt 0.812384 0.276761
vt 0.927351 0.295325
vt 0.937641 0.295387
vt 0.794354 0.355959
vt 0.802373 0.357207
vt 0.80353 0.370973
vt 0.796223 0.369835
vt 0.939753 0.335014
vt 0.92859 0.335191
vt 0.968278 0.3399
vt 0.95733 0.339833
vt 0.957456 0.338172
vt 0.968323 0.338268
vt 0.868914 0.354134
vt 0.876981 0.352683
vt 0.87681 0.35423
vt 0.868822 0.355666
vt 0.959347 0.299084
vt 0.969144 0.299008
vt 0.969142 0.300706
vt 0.959483 0.300765
vt 0.864917 0.260764
vt 0.872746 0.262494
vt 0.865058 0.262307
vt 0.87281 0.264021
vt 0.929366 0.454195
vt 0.939872 0.454303
vt 0.81151 0.358255
vt 0.818375 0.357136
vt 0.81804 0.372926
vt 0.812195 0.373878
vt 0.938806 0.495921
vt 0.928226 0.495805
vt 0.789524 0.265544
vt 0.796343 0.266423
vt 0.790599 0.281221
vt 0.796404 0.281969
vt 0.890749 0.259401
vt 0.89775 0.257641
vt 0.897646 0.259006
vt 0.890737 0.260743
vt 0.970031 0.562225
vt 0.962548 0.562295
vt 0.962421 0.560999
vt 0.970084 0.560925
vt 0.84377 0.349112
vt 0.850961 0.350787
vt 0.843877 0.350478
vt 0.850974 0.352131
vt 0.959325 0.525813
vt 0.969955 0.525644
vt 0.969925 0.527231
vt 0.95938 0.527404
vt 0.969115 0.496285
vt 0.959168 0.496428
vt 0.959315 0.494531
vt 0.969046 0.494404
vt 0.852744 0.354218
vt 0.859747 0.355191
vt 0.859712 0.356928
vt 0.852823 0.355971
vt 0.957701 0.452823
vt 0.968325 0.452722
vt 0.968328 0.454568
vt 0.957879 0.454667
vt 0.882126 0.263806
vt 0.889039 0.262773
vt 0.882154 0.265534
vt 0.888954 0.264517
vt 0.929219 0.373165
vt 0.93957 0.373254
vt 0.938392 0.391086
vt 0.92942 0.390951
vt 0.803773 0.360208
vt 0.810847 0.360656
vt 0.811783 0.376243
vt 0.805623 0.375853
vt 0.939966 0.416767
vt 0.929077 0.416641
vt 0.929651 0.399438
vt 0.939276 0.399583
vt 0.797401 0.268735
vt 0.804345 0.267779
vt 0.797453 0.284294
vt 0.803499 0.283462
vt 0.927863 0.530886
vt 0.938365 0.531025
vt 0.820133 0.353254
vt 0.827189 0.351434
vt 0.826514 0.36375
vt 0.820299 0.365352
vt 0.9352 0.563185
vt 0.928044 0.563101
vt 0.780723 0.260211
vt 0.787665 0.261807
vt 0.788022 0.273886
vt 0.781907 0.272479
vt 0.873387 0.277755
vt 0.866325 0.276194
vt 0.867989 0.369455
vt 0.875267 0.368146
vt 0.881406 0.283424
vt 0.875344 0.282714
vt 0.967979 0.392097
vt 0.959458 0.392214
vt 0.859863 0.374918
vt 0.866011 0.374384
vt 0.958468 0.400515
vt 0.967812 0.400404
vt 0.888197 0.280212
vt 0.882407 0.281078
vt 0.853529 0.371748
vt 0.859395 0.372564
vt 0.890625 0.272826
vt 0.896709 0.271296
vt 0.844842 0.362774
vt 0.851092 0.36423
vt 0.646349 0.31091
vt 0.648066 0.323928
vt 0.644275 0.324381
vt 0.642578 0.311532
vt 0.648186 0.377715
vt 0.646341 0.390756
vt 0.64439 0.377282
vt 0.642574 0.390114
vt 0.649075 0.363941
vt 0.645264 0.363747
vt 0.649302 0.350802
vt 0.645486 0.350812
vt 0.649027 0.337644
vt 0.645217 0.337856
vt 0.54324 0.322469
vt 0.545291 0.306733
vt 0.545344 0.406849
vt 0.543035 0.390465
vt 0.541923 0.372853
vt 0.541607 0.35644
vt 0.541985 0.340036
vt 0.713465 0.299825
vt 0.715552 0.315863
vt 0.708803 0.31667
vt 0.706754 0.300934
vt 0.715759 0.38544
vt 0.713398 0.402195
vt 0.709002 0.384666
vt 0.706692 0.40105
vt 0.716898 0.367401
vt 0.710116 0.367054
vt 0.717225 0.350624
vt 0.710433 0.350642
vt 0.716838 0.333858
vt 0.710057 0.334238
vt 0.529743 0.320853
vt 0.531868 0.304513
vt 0.536491 0.321661
vt 0.53858 0.305623
vt 0.531933 0.409137
vt 0.529521 0.392011
vt 0.536278 0.391238
vt 0.538638 0.407993
vt 0.528358 0.373545
vt 0.535141 0.373199
vt 0.528023 0.356404
vt 0.534815 0.356422
vt 0.528423 0.339277
vt 0.535204 0.339657
vt 0.138775 0.961634
vt 0.149298 0.95932
vt 0.159782 0.961803
vt 0.136113 0.967403
vt 0.138682 0.973214
vt 0.149166 0.975696
vt 0.159688 0.973383
vt 0.162351 0.967614
vt 0.52202 0.338919
vt 0.523371 0.320091
vt 0.521609 0.356386
vt 0.521954 0.373872
vt 0.52314 0.39274
vt 0.525601 0.410217
vt 0.525531 0.303465
vt 0.177273 0.815876
vt 0.151174 0.799283
vt 0.125072 0.81587
vt 0.186735 0.833719
vt 0.115606 0.833711
vt 0.12191 0.614757
vt 0.114705 0.628856
vt 0.177289 0.614748
vt 0.184497 0.628845
vt 0.149599 0.613068
vt 0.267787 0.684577
vt 0.245687 0.677457
vt 0.267455 0.680861
vt 0.251863 0.672931
vt 0.244116 0.641041
vt 0.250995 0.654043
vt 0.294319 0.458236
vt 0.29276 0.494651
vt 0.287444 0.47124
vt 0.286582 0.490128
vt 0.270663 0.50178
vt 0.270994 0.498063
vt 0.265613 0.629784
vt 0.266959 0.646513
vt 0.288336 0.64066
vt 0.282035 0.65385
vt 0.288292 0.67513
vt 0.282912 0.672708
vt 0.250155 0.492339
vt 0.255534 0.489916
vt 0.250098 0.45787
vt 0.256404 0.471058
vt 0.272818 0.446987
vt 0.271478 0.463715
usemtl standardSurface8SG
f 751/1130/1089 752/1131/1090 753/1132/1091
f 751/1130/1089 753/1132/1091 754/1133/1089
f 753/1132/1092 755/1134/1093 756/1135/1094
f 753/1132/1092 756/1135/1094 754/1133/1094
f 757/1136/1095 758/1137/1096 759/1138/1097
f 758/1137/1096 760/1139/1097 759/1138/1097
f 758/1137/1098 761/1140/1099 762/1141/1100
f 758/1137/1098 762/1141/1100 760/1139/1100
f 761/1140/1101 763/1142/1102 764/1143/1103
f 761/1140/1101 764/1143/1103 762/1141/1104
f 765/1144/1105 752/1131/1106 751/1130/1107
f 765/1144/1105 751/1130/1107 766/1145/1107
f 767/1146/1108 768/1147/1108 769/1148/1108
f 767/1146/1108 769/1148/1108 770/1149/1108
f 771/1150/1109 772/1151/1109 773/1152/1109
f 771/1150/1109 773/1152/1109 774/1153/1109
f 775/1154/1110 776/1155/1110 777/1156/1110
f 775/1154/1110 777/1156/1110 778/1157/1110
f 779/1158/1111 780/1159/1111 781/1160/1111
f 779/1158/1111 781/1160/1111 782/1161/1111
f 783/1162/1112 784/1163/1112 785/1164/1112
f 783/1162/1112 785/1164/1112 786/1165/1112
f 784/1166/1113 787/1167/1113 788/1168/1114
f 784/1166/1113 788/1168/1114 785/1169/1114
f 787/1170/1115 789/1171/1115 790/1172/1115
f 787/1170/1115 790/1172/1115 788/1173/1115
f 789/1174/1116 783/1175/1116 790/1176/1117
f 783/1175/1116 786/1177/1117 790/1176/1117
f 791/1178/1118 792/1179/1118 793/1180/1119
f 791/1178/1118 793/1180/1119 794/1181/1119
f 792/1182/1120 795/1183/1120 796/1184/1121
f 792/1182/1120 796/1184/1121 793/1185/1122
f 795/1186/1123 797/1187/1123 798/1188/1123
f 795/1186/1123 798/1188/1123 796/1189/1123
f 797/1190/1124 791/1191/1124 798/1192/1125
f 791/1191/1124 794/1193/1125 798/1192/1125
f 799/1194/1126 800/1195/1126 801/1196/1127
f 799/1194/1126 801/1196/1127 802/1197/1127
f 800/1198/1128 803/1199/1128 804/1200/1128
f 800/1198/1128 804/1200/1128 801/1201/1128
f 803/1202/1129 805/1203/1129 804/1204/1130
f 805/1203/1129 806/1205/1130 804/1204/1130
f 805/1206/1131 799/1207/1131 802/1208/1132
f 805/1206/1131 802/1208/1132 806/1209/1132
f 807/1210/1133 808/1211/1133 809/1212/1133
f 807/1210/1133 809/1212/1133 810/1213/1133
f 808/1214/1134 811/1215/1134 812/1216/1135
f 808/1214/1134 812/1216/1135 809/1217/1135
f 811/1218/1136 813/1219/1136 814/1220/1137
f 811/1218/1136 814/1220/1137 812/1221/1137
f 813/1222/1138 807/1223/1138 814/1224/1139
f 807/1223/1138 810/1225/1140 814/1224/1139
f 815/1226/1141 816/1227/1141 792/1179/1141
f 815/1226/1141 792/1179/1141 791/1178/1141
f 817/1228/1142 815/1229/1142 791/1191/1142
f 817/1228/1142 791/1191/1142 797/1190/1142
f 818/1230/1143 817/1231/1143 797/1187/1143
f 818/1230/1143 797/1187/1143 795/1186/1143
f 816/1232/1144 818/1233/1144 792/1182/1144
f 818/1233/1144 795/1183/1144 792/1182/1144
f 794/1181/1119 793/1180/1119 772/1151/1119
f 794/1181/1119 772/1151/1119 771/1150/1119
f 798/1192/1125 794/1193/1125 771/1234/1125
f 798/1192/1125 771/1234/1125 774/1235/1125
f 796/1189/1123 798/1188/1123 774/1153/1123
f 796/1189/1123 774/1153/1123 773/1152/1123
f 793/1185/1122 796/1184/1121 772/1236/1122
f 796/1184/1121 773/1237/1122 772/1236/1122
f 819/1238/1145 820/1239/1145 783/1175/1145
f 819/1238/1145 783/1175/1145 789/1174/1145
f 821/1240/1146 819/1241/1146 789/1171/1146
f 821/1240/1146 789/1171/1146 787/1170/1146
f 822/1242/1147 821/1243/1147 784/1166/1147
f 821/1243/1147 787/1167/1147 784/1166/1147
f 820/1244/1148 822/1245/1148 784/1163/1148
f 820/1244/1148 784/1163/1148 783/1162/1148
f 790/1176/1117 786/1177/1117 767/1246/1149
f 790/1176/1117 767/1246/1149 770/1247/1149
f 788/1173/1115 790/1172/1115 770/1149/1115
f 788/1173/1115 770/1149/1115 769/1148/1115
f 785/1169/1114 788/1168/1114 768/1248/1150
f 788/1168/1114 769/1249/1150 768/1248/1150
f 786/1165/1112 785/1164/1112 768/1147/1112
f 786/1165/1112 768/1147/1112 767/1146/1112
f 823/1250/1151 824/1251/1151 808/1211/1151
f 823/1250/1151 808/1211/1151 807/1210/1151
f 825/1252/1152 823/1253/1152 807/1223/1152
f 825/1252/1152 807/1223/1152 813/1222/1152
f 826/1254/1153 825/1255/1153 813/1219/1153
f 826/1254/1153 813/1219/1153 811/1218/1153
f 824/1256/1154 826/1257/1155 808/1214/1154
f 826/1257/1155 811/1215/1154 808/1214/1154
f 810/1213/1133 809/1212/1133 780/1159/1133
f 810/1213/1133 780/1159/1133 779/1158/1133
f 814/1224/1139 810/1225/1140 779/1258/1156
f 814/1224/1139 779/1258/1156 782/1259/1156
f 812/1221/1137 814/1220/1137 782/1161/1137
f 812/1221/1137 782/1161/1137 781/1160/1137
f 809/1217/1135 812/1216/1135 780/1260/1157
f 812/1216/1135 781/1261/1157 780/1260/1157
f 827/1262/1158 828/1263/1158 799/1194/1158
f 828/1263/1158 800/1195/1158 799/1194/1158
f 829/1264/1159 827/1265/1159 799/1207/1159
f 829/1264/1159 799/1207/1159 805/1206/1159
f 830/1266/1160 829/1267/1160 805/1203/1160
f 830/1266/1160 805/1203/1160 803/1202/1160
f 828/1268/1161 830/1269/1161 803/1199/1161
f 828/1268/1161 803/1199/1161 800/1198/1161
f 802/1197/1127 801/1196/1127 775/1270/1162
f 801/1196/1127 776/1271/1162 775/1270/1162
f 806/1209/1132 802/1208/1132 775/1154/1132
f 806/1209/1132 775/1154/1132 778/1157/1132
f 804/1204/1130 806/1205/1130 777/1272/1163
f 806/1205/1130 778/1273/1163 777/1272/1163
f 801/1201/1128 804/1200/1128 777/1156/1128
f 801/1201/1128 777/1156/1128 776/1155/1128
f 831/1274/1164 832/1275/1165 833/1276/1166
f 831/1274/1164 833/1276/1166 834/1277/1167
f 832/1275/1168 835/1278/1169 836/1279/1170
f 832/1275/1168 836/1279/1170 833/1276/1170
f 835/1278/1171 837/1280/1172 838/1281/1173
f 835/1278/1171 838/1281/1173 836/1279/1173
f 837/1280/1174 839/1282/1175 840/1283/1176
f 837/1280/1174 840/1283/1176 838/1281/1176
f 839/1284/1177 841/1285/1178 840/1286/1179
f 841/1285/1178 842/1287/1180 840/1286/1179
f 834/1277/1181 842/1287/1182 841/1285/1183
f 834/1277/1181 841/1285/1183 831/1274/1184
f 843/1288/1185 844/1289/1186 845/1290/1187
f 844/1289/1186 846/1291/1188 845/1290/1187
f 847/1292/1189 848/1293/1190 849/1294/1191
f 847/1292/1189 849/1294/1191 850/1295/1191
f 848/1293/1192 851/1296/1193 852/1297/1194
f 848/1293/1192 852/1297/1194 849/1294/1194
f 851/1296/1195 853/1298/1196 852/1297/1197
f 853/1298/1196 854/1299/1197 852/1297/1197
f 855/1300/1198 856/1301/1199 857/1302/1200
f 855/1300/1198 857/1302/1200 858/1303/1201
f 845/1290/1202 857/1302/1203 856/1301/1090
f 845/1290/1202 856/1301/1090 843/1288/1091
f 859/1304/1204 860/1305/1205 861/1306/1206
f 756/1135/1207 755/1134/1208 862/1307/1209
f 756/1135/1207 862/1307/1209 863/1308/1210
f 860/1305/1211 864/1309/1212 865/1310/1213
f 860/1305/1211 865/1310/1213 861/1306/1213
f 864/1309/1214 866/1311/1215 865/1310/1216
f 867/1312/1217 765/1313/1218 766/1314/1219
f 867/1312/1217 766/1314/1219 868/1315/1220
f 869/1316/1221 870/1317/1222 871/1318/1223
f 870/1317/1222 850/1319/1224 871/1318/1223
f 870/1320/1225 872/1321/1226 850/1295/1227
f 872/1321/1226 847/1292/1228 850/1295/1227
f 873/1322/1229 869/1316/1230 871/1318/1231
f 873/1322/1229 871/1318/1231 874/1323/1232
f 853/1298/1233 875/1324/1234 854/1299/1235
f 875/1324/1234 876/1325/1236 854/1299/1235
f 876/1326/1237 873/1322/1238 874/1323/1239
f 876/1326/1237 874/1323/1239 854/1327/1240
f 833/1328/1241 836/1329/1241 877/1330/1242
f 833/1328/1241 877/1330/1242 878/1331/1243
f 836/1329/1244 838/1332/1244 877/1330/1245
f 838/1332/1244 879/1333/1246 877/1330/1245
f 838/1332/1247 840/1334/1247 879/1333/1248
f 840/1334/1247 880/1335/1249 879/1333/1248
f 871/1318/1223 850/1319/1224 849/1336/1250
f 874/1323/1232 871/1318/1231 852/1337/1251
f 871/1318/1231 849/1336/1251 852/1337/1251
f 854/1327/1240 874/1323/1239 852/1337/1252
f 881/1338/1253 867/1312/1217 882/1339/1254
f 867/1312/1217 868/1315/1220 882/1339/1254
f 879/1333/1248 880/1335/1249 883/1340/1255
f 880/1335/1249 884/1341/1256 883/1340/1255
f 877/1330/1245 879/1333/1246 883/1340/1257
f 877/1330/1245 883/1340/1257 885/1342/1258
f 878/1331/1243 877/1330/1242 885/1342/1259
f 878/1331/1243 885/1342/1259 886/1343/1260
f 863/1308/1210 862/1307/1209 887/1344/1261
f 863/1308/1210 887/1344/1261 888/1345/1262
f 889/1346/1263 855/1347/1264 890/1348/1265
f 855/1347/1264 858/1349/1266 890/1348/1265
f 858/1350/1267 891/1351/1267 892/1352/1268
f 858/1350/1267 892/1352/1268 890/1353/1269
f 891/1351/1270 893/1354/1270 894/1355/1271
f 891/1351/1270 894/1355/1271 892/1352/1272
f 893/1354/1273 846/1356/1273 894/1355/1274
f 846/1356/1273 895/1357/1275 894/1355/1274
f 846/1291/1276 844/1289/1277 895/1358/1278
f 844/1289/1277 896/1359/1279 895/1358/1278
f 763/1142/1280 881/1338/1253 882/1339/1254
f 763/1142/1280 882/1339/1254 764/1143/1281
f 883/1340/1255 884/1341/1256 864/1309/1214
f 884/1341/1256 866/1311/1215 864/1309/1214
f 885/1342/1258 883/1340/1257 860/1305/1211
f 883/1340/1257 864/1309/1212 860/1305/1211
f 886/1343/1260 885/1342/1259 860/1305/1205
f 886/1343/1260 860/1305/1205 859/1304/1204
f 888/1345/1262 887/1344/1261 757/1136/1282
f 888/1345/1262 757/1136/1282 759/1138/1283
f 875/1324/1234 889/1346/1263 876/1325/1236
f 889/1346/1263 890/1348/1265 876/1325/1236
f 890/1353/1269 892/1352/1268 873/1322/1238
f 890/1353/1269 873/1322/1238 876/1326/1237
f 892/1352/1272 894/1355/1271 873/1322/1229
f 894/1355/1271 869/1316/1230 873/1322/1229
f 894/1355/1274 895/1357/1275 869/1316/1221
f 895/1357/1275 870/1317/1222 869/1316/1221
f 895/1358/1278 896/1359/1279 870/1320/1225
f 896/1359/1279 872/1321/1226 870/1320/1225
f 897/1360/1284 898/1361/1285 831/1274/1164
f 898/1361/1285 832/1275/1165 831/1274/1164
f 898/1361/1286 899/1362/1287 835/1278/1169
f 898/1361/1286 835/1278/1169 832/1275/1168
f 899/1362/1288 900/1363/1289 837/1280/1172
f 899/1362/1288 837/1280/1172 835/1278/1171
f 900/1363/1290 901/1364/1291 837/1280/1174
f 901/1364/1291 839/1282/1175 837/1280/1174
f 901/1365/1292 902/1366/1293 841/1285/1178
f 901/1365/1292 841/1285/1178 839/1284/1177
f 831/1274/1184 841/1285/1183 902/1366/1294
f 831/1274/1184 902/1366/1294 897/1360/1295
f 845/1367/1187 846/1368/1188 903/1369/1296
f 846/1368/1188 904/1370/1297 903/1369/1296
f 846/1368/1298 893/1371/1298 904/1370/1299
f 893/1371/1298 905/1372/1300 904/1370/1299
f 893/1371/1301 891/1373/1301 905/1372/1302
f 891/1373/1301 906/1374/1303 905/1372/1302
f 891/1373/1304 858/1375/1304 906/1374/1305
f 858/1375/1304 907/1376/1306 906/1374/1305
f 858/1377/1201 857/1378/1200 908/1379/1307
f 858/1377/1201 908/1379/1307 907/1380/1308
f 903/1369/1309 908/1379/1310 845/1367/1202
f 908/1379/1310 857/1378/1203 845/1367/1202
f 909/1381/1311 910/1382/1311 911/1383/1312
f 909/1381/1311 911/1383/1312 912/1384/1313
f 910/1382/1314 913/1385/1314 914/1386/1315
f 910/1382/1314 914/1386/1315 911/1383/1316
f 913/1385/1317 915/1387/1317 916/1388/1318
f 913/1385/1317 916/1388/1318 914/1386/1319
f 915/1387/1320 917/1389/1320 916/1388/1321
f 917/1389/1320 918/1390/1322 916/1388/1321
f 917/1391/1323 919/1392/1323 918/1393/1324
f 919/1392/1323 920/1394/1325 918/1393/1324
f 912/1384/1326 920/1394/1327 919/1392/1328
f 912/1384/1326 919/1392/1328 909/1381/1328
f 921/1395/1329 922/1396/1330 923/1397/1331
f 922/1396/1330 924/1398/1332 923/1397/1331
f 922/1396/1333 925/1399/1334 926/1400/1335
f 922/1396/1333 926/1400/1335 924/1398/1336
f 925/1399/1337 927/1401/1338 926/1400/1339
f 927/1401/1338 928/1402/1340 926/1400/1339
f 927/1401/1341 929/1403/1342 928/1402/1343
f 929/1403/1342 930/1404/1344 928/1402/1343
f 929/1405/1345 931/1406/1346 932/1407/1347
f 929/1405/1345 932/1407/1347 930/1408/1348
f 923/1397/1349 932/1407/1350 921/1395/1351
f 932/1407/1350 931/1406/1352 921/1395/1351
f 912/1384/1313 911/1383/1312 898/1361/1285
f 912/1384/1313 898/1361/1285 897/1360/1284
f 911/1383/1316 914/1386/1315 898/1361/1286
f 914/1386/1315 899/1362/1287 898/1361/1286
f 914/1386/1319 916/1388/1318 900/1363/1289
f 914/1386/1319 900/1363/1289 899/1362/1288
f 916/1388/1321 918/1390/1322 901/1364/1291
f 916/1388/1321 901/1364/1291 900/1363/1290
f 918/1393/1324 920/1394/1325 901/1365/1292
f 920/1394/1325 902/1366/1293 901/1365/1292
f 897/1360/1295 902/1366/1294 920/1394/1327
f 897/1360/1295 920/1394/1327 912/1384/1326
f 903/1369/1296 904/1370/1297 922/1396/1330
f 903/1369/1296 922/1396/1330 921/1395/1329
f 904/1370/1299 905/1372/1300 922/1396/1333
f 905/1372/1300 925/1399/1334 922/1396/1333
f 905/1372/1302 906/1374/1303 925/1399/1337
f 906/1374/1303 927/1401/1338 925/1399/1337
f 906/1374/1305 907/1376/1306 929/1403/1342
f 906/1374/1305 929/1403/1342 927/1401/1341
f 907/1380/1308 908/1379/1307 929/1405/1345
f 908/1379/1307 931/1406/1346 929/1405/1345
f 921/1395/1351 931/1406/1352 903/1369/1309
f 931/1406/1352 908/1379/1310 903/1369/1309
f 923/1397/1331 924/1398/1332 933/1409/1353
f 924/1398/1332 934/1410/1353 933/1409/1353
f 924/1398/1336 926/1400/1335 934/1410/1354
f 926/1400/1335 935/1411/1354 934/1410/1354
f 926/1400/1339 928/1402/1340 935/1411/1355
f 928/1402/1340 936/1412/1355 935/1411/1355
f 928/1402/1343 930/1404/1344 937/1413/1356
f 928/1402/1343 937/1413/1356 936/1412/1356
f 930/1408/1348 932/1407/1347 938/1414/1357
f 930/1408/1348 938/1414/1357 937/1415/1357
f 933/1409/1358 938/1414/1358 923/1397/1349
f 938/1414/1358 932/1407/1350 923/1397/1349
f 834/1416/1167 833/1417/1166 755/1134/1093
f 834/1416/1167 755/1134/1093 753/1132/1092
f 862/1307/1209 755/1134/1208 878/1418/1359
f 755/1134/1208 833/1417/1360 878/1418/1359
f 887/1344/1261 862/1307/1209 886/1419/1361
f 862/1307/1209 878/1418/1359 886/1419/1361
f 757/1136/1282 887/1344/1261 859/1420/1362
f 887/1344/1261 886/1419/1361 859/1420/1362
f 859/1420/1363 861/1421/1363 757/1136/1095
f 861/1421/1363 758/1137/1096 757/1136/1095
f 861/1421/1364 865/1422/1364 758/1137/1098
f 865/1422/1364 761/1140/1099 758/1137/1098
f 865/1422/1365 866/1423/1365 763/1142/1102
f 865/1422/1365 763/1142/1102 761/1140/1101
f 884/1424/1366 881/1338/1253 866/1423/1367
f 881/1338/1253 763/1142/1280 866/1423/1367
f 880/1425/1368 867/1312/1217 884/1424/1366
f 867/1312/1217 881/1338/1253 884/1424/1366
f 840/1426/1369 765/1313/1218 880/1425/1368
f 765/1313/1218 867/1312/1217 880/1425/1368
f 840/1427/1179 842/1428/1180 765/1144/1105
f 842/1428/1180 752/1131/1106 765/1144/1105
f 753/1132/1091 752/1131/1090 842/1428/1182
f 753/1132/1091 842/1428/1182 834/1416/1181
f 939/1429/1370 940/1430/1370 843/1288/1185
f 940/1430/1370 844/1289/1186 843/1288/1185
f 896/1359/1279 844/1289/1277 940/1430/1371
f 896/1359/1279 940/1430/1371 941/1431/1372
f 872/1321/1226 896/1359/1279 941/1431/1372
f 872/1321/1226 941/1431/1372 942/1432/1373
f 847/1292/1228 872/1321/1226 942/1432/1373
f 847/1292/1228 942/1432/1373 943/1433/1374
f 943/1433/1375 944/1434/1375 848/1293/1190
f 943/1433/1375 848/1293/1190 847/1292/1189
f 944/1434/1100 945/1435/1100 848/1293/1192
f 945/1435/1100 851/1296/1193 848/1293/1192
f 945/1435/1376 946/1436/1377 851/1296/1195
f 946/1436/1377 853/1298/1196 851/1296/1195
f 947/1437/1378 875/1324/1234 853/1298/1233
f 947/1437/1378 853/1298/1233 946/1436/1379
f 948/1438/1380 889/1346/1263 947/1437/1378
f 889/1346/1263 875/1324/1234 947/1437/1378
f 949/1439/1381 855/1347/1264 889/1346/1263
f 949/1439/1381 889/1346/1263 948/1438/1380
f 949/1440/1382 950/1441/1382 855/1300/1198
f 950/1441/1382 856/1301/1199 855/1300/1198
f 843/1288/1091 856/1301/1090 950/1441/1089
f 843/1288/1091 950/1441/1089 939/1429/1089
f 950/1442/1383 949/1443/1383 939/1444/1383
f 949/1443/1383 940/1445/1383 939/1444/1383
f 949/1443/1383 948/1446/1383 941/1447/1383
f 949/1443/1383 941/1447/1383 940/1445/1383
f 948/1446/1383 947/1448/1383 942/1449/1383
f 948/1446/1383 942/1449/1383 941/1447/1383
f 947/1448/1383 946/1450/1383 943/1451/1383
f 947/1448/1383 943/1451/1383 942/1449/1383
f 946/1450/1383 945/1452/1383 943/1451/1383
f 945/1452/1383 944/1453/1383 943/1451/1383
f 754/1454/1384 756/1455/1384 766/1456/1384
f 754/1454/1384 766/1456/1384 751/1457/1384
f 756/1455/1383 863/1458/1383 766/1456/1383
f 863/1458/1383 868/1459/1383 766/1456/1383
f 863/1458/1383 888/1460/1383 868/1459/1383
f 888/1460/1383 882/1461/1383 868/1459/1383
f 888/1460/1383 759/1462/1383 882/1461/1383
f 759/1462/1383 764/1463/1383 882/1461/1383
f 759/1462/1383 760/1464/1383 762/1465/1383
f 759/1462/1383 762/1465/1383 764/1463/1383
f 951/1466/1385 952/1467/1386 953/1468/1387
f 952/1467/1386 954/1469/1387 953/1468/1387
f 955/1470/1388 951/1466/1389 956/1471/1390
f 951/1466/1389 953/1468/1390 956/1471/1390
f 957/1472/1391 955/1470/1392 956/1471/1393
f 957/1472/1391 956/1471/1393 958/1473/1393
f 959/1474/1394 957/1472/1395 960/1475/1396
f 957/1472/1395 958/1473/1397 960/1475/1396
f 961/1476/1398 959/1477/1399 960/1478/1400
f 961/1476/1398 960/1478/1400 962/1479/1400
f 952/1480/1401 961/1476/1402 962/1479/1403
f 952/1480/1401 962/1479/1403 954/1481/1403
f 954/1469/1404 963/1482/1404 964/1483/1404
f 954/1469/1404 964/1483/1404 953/1468/1404
f 953/1468/1405 964/1483/1405 965/1484/1405
f 953/1468/1405 965/1484/1405 956/1471/1405
f 956/1471/1406 965/1484/1406 958/1473/1406
f 965/1484/1406 966/1485/1406 958/1473/1406
f 958/1473/1407 966/1485/1407 960/1475/1407
f 966/1485/1407 967/1486/1407 960/1475/1407
f 960/1478/1408 967/1487/1408 968/1488/1408
f 960/1478/1408 968/1488/1408 962/1479/1408
f 962/1479/1409 968/1488/1409 963/1489/1409
f 962/1479/1409 963/1489/1409 954/1481/1409
f 968/1488/1410 969/1490/1410 963/1489/1410
f 967/1487/1411 970/1491/1412 968/1488/1413
f 966/1485/1414 971/1492/1414 970/1493/1414
f 966/1485/1414 970/1493/1414 967/1486/1414
f 963/1482/1415 969/1494/1415 964/1483/1415
f 969/1494/1415 972/1495/1415 964/1483/1415
f 973/1496/1416 974/1497/1416 975/1498/1417
f 974/1497/1416 976/1499/1418 975/1498/1417
f 974/1497/1419 977/1500/1419 978/1501/1420
f 974/1497/1419 978/1501/1420 976/1499/1421
f 977/1500/1422 979/1502/1422 978/1501/1423
f 979/1502/1422 980/1503/1424 978/1501/1423
f 979/1502/1425 981/1504/1425 980/1503/1426
f 981/1504/1425 982/1505/1427 980/1503/1426
f 981/1506/1428 983/1507/1428 982/1508/1429
f 983/1507/1428 984/1509/1430 982/1508/1429
f 983/1507/1431 973/1510/1431 975/1511/1432
f 983/1507/1431 975/1511/1432 984/1509/1433
f 985/1512/1434 986/1513/1434 987/1514/1434
f 985/1512/1434 987/1514/1434 988/1515/1434
f 986/1513/1435 989/1516/1435 990/1517/1435
f 986/1513/1435 990/1517/1435 987/1514/1435
f 989/1516/1436 991/1518/1436 990/1517/1436
f 991/1518/1436 992/1519/1436 990/1517/1436
f 991/1518/1437 993/1520/1437 992/1519/1437
f 993/1520/1437 994/1521/1437 992/1519/1437
f 993/1522/1438 995/1523/1438 968/1524/1438
f 993/1522/1438 968/1524/1438 994/1525/1438
f 995/1523/1439 985/1526/1439 988/1527/1439
f 995/1523/1439 988/1527/1439 968/1524/1439
f 968/1524/1440 988/1527/1440 969/1528/1440
f 994/1525/1441 968/1524/1413 970/1529/1412
f 992/1519/1442 994/1521/1442 970/1493/1442
f 992/1519/1442 970/1493/1442 971/1492/1442
f 988/1515/1443 987/1514/1443 969/1530/1443
f 987/1514/1443 972/1531/1443 969/1530/1443
f 965/1484/1444 964/1483/1444 996/1532/1444
f 965/1484/1444 996/1532/1444 997/1533/1444
f 966/1485/1445 965/1484/1445 998/1534/1445
f 965/1484/1445 997/1533/1445 998/1534/1445
f 999/1535/1446 966/1485/1447 998/1534/1448
f 964/1483/1449 972/1495/1449 1000/1536/1449
f 964/1483/1449 1000/1536/1449 996/1532/1449
f 987/1514/1450 990/1517/1451 1001/1537/1450
f 990/1517/1451 1002/1538/1450 1001/1537/1450
f 990/1517/1452 992/1519/1453 1003/1539/1452
f 990/1517/1452 1003/1539/1452 1002/1538/1452
f 992/1519/1454 999/1535/1455 1003/1539/1456
f 972/1531/1457 987/1514/1457 1000/1540/1457
f 987/1514/1457 1001/1537/1457 1000/1540/1457
f 984/1509/1433 975/1511/1432 995/1523/1458
f 975/1511/1432 985/1526/1458 995/1523/1458
f 982/1508/1429 984/1509/1430 993/1522/1459
f 984/1509/1430 995/1523/1459 993/1522/1459
f 980/1503/1426 982/1505/1427 993/1520/1460
f 980/1503/1426 993/1520/1460 991/1518/1460
f 978/1501/1423 980/1503/1424 989/1516/1461
f 980/1503/1424 991/1518/1461 989/1516/1461
f 976/1499/1421 978/1501/1420 989/1516/1462
f 976/1499/1421 989/1516/1462 986/1513/1462
f 975/1498/1417 976/1499/1418 985/1512/1463
f 976/1499/1418 986/1513/1463 985/1512/1463
f 1004/1541/1464 961/1476/1402 952/1480/1401
f 1004/1541/1464 952/1480/1401 1005/1542/1464
f 1006/1543/1465 959/1477/1399 1004/1541/1465
f 959/1477/1399 961/1476/1398 1004/1541/1465
f 1007/1544/1466 957/1472/1395 1006/1545/1466
f 957/1472/1395 959/1474/1394 1006/1545/1466
f 1008/1546/1467 955/1470/1392 1007/1544/1467
f 955/1470/1392 957/1472/1391 1007/1544/1467
f 1009/1547/1468 951/1466/1389 955/1470/1388
f 1009/1547/1468 955/1470/1388 1008/1546/1468
f 1005/1548/1469 952/1467/1386 951/1466/1385
f 1005/1548/1469 951/1466/1385 1009/1547/1469
f 1005/1548/1470 1009/1547/1470 1010/1549/1470
f 1009/1547/1470 1011/1550/1470 1010/1549/1470
f 1009/1547/1471 1008/1546/1471 1012/1551/1471
f 1009/1547/1471 1012/1551/1471 1011/1550/1471
f 1008/1546/1472 1007/1544/1472 1012/1551/1472
f 1007/1544/1472 1013/1552/1472 1012/1551/1472
f 1007/1544/1473 1006/1545/1473 1014/1553/1473
f 1007/1544/1473 1014/1553/1473 1013/1552/1473
f 1006/1543/1474 1004/1541/1474 1015/1554/1474
f 1006/1543/1474 1015/1554/1474 1014/1555/1474
f 1004/1541/1475 1005/1542/1475 1015/1554/1475
f 1005/1542/1475 1010/1556/1475 1015/1554/1475
f 974/1497/1476 973/1496/1476 1016/1557/1476
f 974/1497/1476 1016/1557/1476 1017/1558/1476
f 977/1500/1477 974/1497/1477 1018/1559/1477
f 974/1497/1477 1017/1558/1477 1018/1559/1477
f 979/1502/1478 977/1500/1478 1018/1559/1478
f 979/1502/1478 1018/1559/1478 1019/1560/1478
f 981/1504/1479 979/1502/1479 1020/1561/1479
f 979/1502/1479 1019/1560/1479 1020/1561/1479
f 983/1507/1480 981/1506/1480 1021/1562/1480
f 981/1506/1480 1020/1563/1480 1021/1562/1480
f 973/1510/1481 983/1507/1481 1021/1562/1481
f 973/1510/1481 1021/1562/1481 1016/1564/1481
f 1010/1549/1482 1011/1550/1482 1022/1565/1482
f 1010/1549/1482 1022/1565/1482 1023/1566/1482
f 1011/1550/1483 1012/1551/1483 1024/1567/1483
f 1011/1550/1483 1024/1567/1483 1022/1565/1483
f 1012/1551/1484 1013/1552/1484 1024/1567/1484
f 1013/1552/1484 1025/1568/1484 1024/1567/1484
f 1013/1552/1485 1014/1553/1485 1026/1569/1485
f 1013/1552/1485 1026/1569/1485 1025/1568/1485
f 1014/1555/1486 1015/1554/1486 1027/1570/1486
f 1014/1555/1486 1027/1570/1486 1026/1571/1486
f 1015/1554/1487 1010/1556/1487 1027/1570/1487
f 1010/1556/1487 1023/1572/1487 1027/1570/1487
f 1017/1558/1488 1016/1557/1488 1028/1573/1488
f 1017/1558/1488 1028/1573/1488 1029/1574/1488
f 1018/1559/1489 1017/1558/1489 1030/1575/1489
f 1017/1558/1489 1029/1574/1489 1030/1575/1489
f 1019/1560/1490 1018/1559/1490 1030/1575/1490
f 1019/1560/1490 1030/1575/1490 1031/1576/1490
f 1020/1561/1485 1019/1560/1485 1031/1576/1485
f 1020/1561/1485 1031/1576/1485 1032/1577/1485
f 1021/1562/1491 1020/1563/1491 1033/1578/1491
f 1020/1563/1491 1032/1579/1491 1033/1578/1491
f 1016/1564/1492 1021/1562/1493 1033/1578/1493
f 1016/1564/1492 1033/1578/1493 1028/1580/1493
f 1023/1566/1482 1022/1565/1482 1034/1581/1482
f 1023/1566/1482 1034/1581/1482 1035/1582/1482
f 1022/1565/1494 1024/1567/1494 1036/1583/1494
f 1022/1565/1494 1036/1583/1494 1034/1581/1494
f 1024/1567/1495 1025/1568/1495 1036/1583/1495
f 1025/1568/1495 1037/1584/1495 1036/1583/1495
f 1025/1568/1485 1026/1569/1485 1038/1585/1485
f 1025/1568/1485 1038/1585/1485 1037/1584/1485
f 1026/1571/1496 1027/1570/1496 1039/1586/1497
f 1026/1571/1496 1039/1586/1497 1038/1587/1496
f 1027/1570/1498 1023/1572/1498 1039/1586/1498
f 1023/1572/1498 1035/1588/1498 1039/1586/1498
f 1029/1574/1488 1028/1573/1488 1040/1589/1488
f 1028/1573/1488 1041/1590/1488 1040/1589/1488
f 1030/1575/1499 1029/1574/1499 1042/1591/1499
f 1029/1574/1499 1040/1589/1499 1042/1591/1499
f 1031/1576/1500 1030/1575/1500 1042/1591/1500
f 1031/1576/1500 1042/1591/1500 1043/1592/1500
f 1032/1577/1485 1031/1576/1485 1043/1592/1485
f 1032/1577/1485 1043/1592/1485 1044/1593/1485
f 1033/1578/1501 1032/1579/1501 1045/1594/1501
f 1032/1579/1501 1044/1595/1501 1045/1594/1501
f 1028/1580/1502 1033/1578/1502 1045/1594/1502
f 1028/1580/1502 1045/1594/1502 1041/1596/1502
f 1035/1582/1503 1034/1581/1503 1046/1597/1503
f 1034/1581/1503 1047/1598/1503 1046/1597/1503
f 1034/1581/1504 1036/1583/1504 1048/1599/1504
f 1034/1581/1504 1048/1599/1504 1047/1598/1504
f 1036/1583/1505 1037/1584/1505 1048/1599/1505
f 1037/1584/1505 1049/1600/1505 1048/1599/1505
f 1037/1584/1506 1038/1585/1506 1050/1601/1506
f 1037/1584/1506 1050/1601/1506 1049/1600/1506
f 1038/1587/1507 1039/1586/1507 1050/1602/1507
f 1039/1586/1507 1051/1603/1508 1050/1602/1507
f 1039/1586/1509 1035/1588/1509 1051/1603/1509
f 1035/1588/1509 1046/1604/1509 1051/1603/1509
f 1040/1589/1510 1041/1590/1510 1052/1605/1510
f 1040/1589/1510 1052/1605/1510 1053/1606/1510
f 1042/1591/1511 1040/1589/1511 1054/1607/1511
f 1040/1589/1511 1053/1606/1511 1054/1607/1511
f 1043/1592/1512 1042/1591/1512 1054/1607/1512
f 1043/1592/1512 1054/1607/1512 1055/1608/1512
f 1044/1593/1513 1043/1592/1513 1056/1609/1513
f 1043/1592/1513 1055/1608/1513 1056/1609/1513
f 1045/1594/1514 1044/1595/1514 1056/1610/1514
f 1045/1594/1514 1056/1610/1514 1057/1611/1514
f 1041/1596/1515 1045/1594/1515 1057/1611/1515
f 1041/1596/1515 1057/1611/1515 1052/1612/1515
f 992/1519/1454 971/1492/1516 999/1535/1455
f 971/1492/1517 966/1485/1447 999/1535/1446
f 1047/1598/1518 1058/1613/1518 1059/1614/1518
f 1047/1598/1518 1059/1614/1518 1046/1597/1518
f 1048/1599/1519 1060/1615/1519 1058/1613/1519
f 1048/1599/1519 1058/1613/1519 1047/1598/1519
f 1049/1600/1520 1061/1616/1521 1048/1599/1520
f 1061/1616/1521 1060/1615/1520 1048/1599/1520
f 1050/1601/1522 1062/1617/1522 1049/1600/1522
f 1062/1617/1522 1061/1616/1522 1049/1600/1522
f 1051/1603/1523 1063/1618/1523 1062/1619/1523
f 1051/1603/1523 1062/1619/1523 1050/1602/1523
f 1046/1604/1524 1059/1620/1524 1051/1603/1524
f 1059/1620/1524 1063/1618/1524 1051/1603/1524
f 1053/1606/1525 1052/1605/1525 1064/1621/1525
f 1053/1606/1525 1064/1621/1525 1065/1622/1525
f 1054/1607/1526 1053/1606/1526 1065/1622/1526
f 1054/1607/1526 1065/1622/1526 1066/1623/1526
f 1055/1608/1527 1054/1607/1527 1067/1624/1528
f 1054/1607/1527 1066/1623/1528 1067/1624/1528
f 1056/1609/1522 1055/1608/1522 1068/1625/1522
f 1055/1608/1522 1067/1624/1522 1068/1625/1522
f 1057/1611/1529 1056/1610/1529 1068/1626/1529
f 1057/1611/1529 1068/1626/1529 1069/1627/1529
f 1052/1612/1530 1057/1611/1530 1064/1628/1530
f 1057/1611/1530 1069/1627/1530 1064/1628/1530
f 1059/1614/1531 1058/1613/1531 1070/1629/1531
f 1059/1614/1531 1070/1629/1531 1071/1630/1531
f 1058/1613/1532 1060/1615/1532 1070/1629/1532
f 1060/1615/1532 1072/1631/1532 1070/1629/1532
f 1060/1615/1533 1061/1616/1533 1073/1632/1533
f 1060/1615/1533 1073/1632/1533 1072/1631/1533
f 1061/1616/1534 1062/1617/1534 1073/1632/1534
f 1062/1617/1534 1074/1633/1534 1073/1632/1534
f 1062/1619/1535 1063/1618/1535 1074/1634/1535
f 1063/1618/1535 1075/1635/1535 1074/1634/1535
f 1063/1618/1536 1059/1620/1536 1071/1636/1536
f 1063/1618/1536 1071/1636/1536 1075/1635/1536
f 1065/1622/1537 1064/1621/1537 1076/1637/1537
f 1064/1621/1537 1077/1638/1537 1076/1637/1537
f 1066/1623/1538 1065/1622/1538 1076/1637/1538
f 1066/1623/1538 1076/1637/1538 1078/1639/1538
f 1067/1624/1539 1066/1623/1539 1079/1640/1539
f 1066/1623/1539 1078/1639/1539 1079/1640/1539
f 1068/1625/1534 1067/1624/1534 1079/1640/1534
f 1068/1625/1534 1079/1640/1534 1080/1641/1534
f 1069/1627/1540 1068/1626/1540 1080/1642/1540
f 1069/1627/1540 1080/1642/1540 1081/1643/1540
f 1064/1628/1541 1069/1627/1541 1077/1644/1541
f 1069/1627/1541 1081/1643/1541 1077/1644/1541
f 1082/1645/1542 1083/1646/1542 1084/1647/1542
f 1082/1645/1542 1084/1647/1542 1085/1648/1542
f 1083/1646/1543 1086/1649/1543 1084/1647/1543
f 1086/1649/1543 1087/1650/1543 1084/1647/1543
f 1086/1649/1544 1088/1651/1544 1087/1650/1544
f 1088/1651/1544 1089/1652/1544 1087/1650/1544
f 1088/1651/1545 1090/1653/1545 1091/1654/1545
f 1088/1651/1545 1091/1654/1545 1089/1652/1545
f 1090/1653/1546 1092/1655/1546 1093/1656/1546
f 1090/1653/1546 1093/1656/1546 1091/1654/1546
f 1092/1657/1547 1082/1645/1547 1093/1658/1547
f 1082/1645/1547 1085/1648/1547 1093/1658/1547
f 1094/1659/1548 1095/1660/1548 1096/1661/1548
f 1095/1660/1548 1097/1662/1548 1096/1661/1548
f 1098/1663/1549 1094/1659/1549 1096/1661/1549
f 1098/1663/1549 1096/1661/1549 1099/1664/1549
f 1100/1665/1550 1098/1663/1550 1099/1664/1550
f 1100/1665/1550 1099/1664/1550 1101/1666/1550
f 1102/1667/1545 1100/1665/1545 1101/1666/1545
f 1102/1667/1545 1101/1666/1545 1103/1668/1545
f 1104/1669/1551 1102/1667/1551 1105/1670/1551
f 1102/1667/1551 1103/1668/1551 1105/1670/1551
f 1095/1660/1552 1104/1671/1552 1105/1672/1552
f 1095/1660/1552 1105/1672/1552 1097/1662/1552
f 1071/1673/1553 1070/1674/1553 1082/1645/1553
f 1070/1674/1553 1083/1646/1553 1082/1645/1553
f 909/1675/1554 919/1676/1554 1085/1648/1554
f 909/1675/1554 1085/1648/1554 1084/1647/1554
f 1070/1674/1555 1072/1677/1555 1086/1649/1555
f 1070/1674/1555 1086/1649/1555 1083/1646/1555
f 910/1678/1556 909/1675/1556 1087/1650/1556
f 909/1675/1556 1084/1647/1556 1087/1650/1556
f 1072/1677/1557 1073/1679/1557 1086/1649/1557
f 1073/1679/1557 1088/1651/1557 1086/1649/1557
f 913/1680/1558 910/1678/1559 1087/1650/1558
f 913/1680/1558 1087/1650/1558 1089/1652/1559
f 1073/1679/1560 1074/1681/1560 1088/1651/1560
f 1074/1681/1560 1090/1653/1560 1088/1651/1560
f 915/1682/1561 913/1680/1561 1091/1654/1561
f 913/1680/1561 1089/1652/1561 1091/1654/1561
f 1074/1681/1562 1075/1683/1562 1092/1655/1562
f 1074/1681/1562 1092/1655/1562 1090/1653/1562
f 917/1684/1563 915/1682/1563 1091/1654/1563
f 917/1684/1563 1091/1654/1563 1093/1656/1563
f 1075/1685/1564 1071/1673/1564 1092/1657/1564
f 1071/1673/1564 1082/1645/1564 1092/1657/1564
f 919/1676/1565 917/1686/1565 1093/1658/1565
f 919/1676/1565 1093/1658/1565 1085/1648/1565
f 1076/1687/1566 1077/1688/1566 1095/1660/1566
f 1076/1687/1566 1095/1660/1566 1094/1659/1566
f 938/1689/1567 933/1690/1567 1097/1662/1567
f 933/1690/1567 1096/1661/1567 1097/1662/1567
f 1078/1691/1568 1076/1687/1568 1098/1663/1568
f 1076/1687/1568 1094/1659/1568 1098/1663/1568
f 933/1690/1569 934/1692/1569 1099/1664/1569
f 933/1690/1569 1099/1664/1569 1096/1661/1569
f 1079/1693/1570 1078/1691/1570 1098/1663/1570
f 1079/1693/1570 1098/1663/1570 1100/1665/1570
f 934/1692/1571 935/1694/1571 1099/1664/1571
f 935/1694/1571 1101/1666/1571 1099/1664/1571
f 1080/1695/1572 1079/1693/1572 1102/1667/1572
f 1079/1693/1572 1100/1665/1572 1102/1667/1572
f 935/1694/1573 936/1696/1573 1103/1668/1574
f 935/1694/1573 1103/1668/1574 1101/1666/1574
f 1081/1697/1575 1080/1695/1575 1104/1669/1575
f 1080/1695/1575 1102/1667/1575 1104/1669/1575
f 936/1696/1576 937/1698/1576 1103/1668/1576
f 937/1698/1576 1105/1670/1576 1103/1668/1576
f 1077/1688/1577 1081/1699/1577 1104/1671/1577
f 1077/1688/1577 1104/1671/1577 1095/1660/1577
f 937/1700/1578 938/1689/1578 1105/1672/1578
f 938/1689/1578 1097/1662/1578 1105/1672/1578
f 996/1701/1579 1000/1702/1579 1106/1703/1580
f 996/1701/1579 1106/1703/1580 1107/1704/1581
f 1000/1702/1582 1001/1705/1582 1106/1703/1583
f 1001/1705/1582 1108/1706/1584 1106/1703/1583
f 1001/1705/1585 1002/1707/1585 1108/1706/1586
f 1002/1707/1585 1109/1708/1587 1108/1706/1586
f 1002/1709/1588 1003/1710/1588 1110/1711/1589
f 1002/1709/1588 1110/1711/1589 1109/1712/1590
f 1003/1710/1591 999/1713/1591 1111/1714/1592
f 1003/1710/1591 1111/1714/1592 1110/1711/1593
f 999/1713/1594 998/1715/1594 1111/1714/1595
f 998/1715/1594 1112/1716/1596 1111/1714/1595
f 998/1715/1597 997/1717/1597 1112/1716/1598
f 997/1717/1597 1113/1718/1599 1112/1716/1598
f 997/1719/1600 996/1701/1600 1107/1704/1601
f 997/1719/1600 1107/1704/1601 1113/1720/1602
f 1114/1721/1603 1115/1722/1603 1116/1723/1603
f 1115/1722/1603 1117/1724/1603 1116/1723/1603
f 1118/1725/1604 1114/1726/1604 1116/1727/1604
f 1118/1725/1604 1116/1727/1604 1119/1728/1604
f 1120/1729/1605 1118/1725/1606 1121/1730/1607
f 1118/1725/1606 1119/1728/1608 1121/1730/1607
f 1122/1731/1609 1120/1729/1610 1121/1730/1611
f 1122/1731/1609 1121/1730/1611 1123/1732/1612
f 1124/1733/1613 1122/1731/1613 1125/1734/1613
f 1122/1731/1613 1123/1732/1613 1125/1734/1613
f 1126/1735/1614 1124/1736/1615 1125/1737/1615
f 1126/1735/1614 1125/1737/1615 1127/1738/1615
f 1128/1739/1616 1126/1735/1617 1127/1738/1618
f 1128/1739/1616 1127/1738/1618 1129/1740/1618
f 1115/1722/1619 1128/1739/1620 1117/1724/1621
f 1128/1739/1620 1129/1740/1621 1117/1724/1621
f 1130/1741/1622 1131/1742/1623 1118/1725/1606
f 1130/1741/1622 1118/1725/1606 1120/1729/1605
f 1132/1743/1624 1130/1741/1625 1122/1731/1609
f 1130/1741/1625 1120/1729/1610 1122/1731/1609
f 1133/1744/1626 1134/1745/1627 1128/1739/1616
f 1134/1745/1627 1126/1735/1617 1128/1739/1616
f 1135/1746/1628 1133/1744/1629 1128/1739/1620
f 1135/1746/1628 1128/1739/1620 1115/1722/1619
f 1136/1747/1630 1137/1748/1631 1135/1746/1632
f 1136/1747/1630 1135/1746/1632 1138/1749/1633
f 1139/1750/1634 1136/1751/1635 1131/1742/1636
f 1136/1751/1635 1138/1752/1636 1131/1742/1636
f 1140/1753/1637 1139/1750/1638 1131/1742/1623
f 1140/1753/1637 1131/1742/1623 1130/1741/1622
f 1141/1754/1639 1140/1753/1640 1132/1743/1624
f 1140/1753/1640 1130/1741/1625 1132/1743/1624
f 1142/1755/1641 1141/1754/1642 1132/1743/1643
f 1142/1755/1641 1132/1743/1643 1143/1756/1643
f 1144/1757/1644 1142/1758/1645 1134/1745/1646
f 1142/1758/1645 1143/1759/1646 1134/1745/1646
f 1145/1760/1647 1144/1757/1648 1134/1745/1627
f 1145/1760/1647 1134/1745/1627 1133/1744/1626
f 1137/1748/1649 1145/1760/1650 1135/1746/1628
f 1145/1760/1650 1133/1744/1629 1135/1746/1628
f 1113/1720/1602 1107/1704/1601 1137/1748/1631
f 1113/1720/1602 1137/1748/1631 1136/1747/1630
f 1112/1716/1598 1113/1718/1599 1139/1750/1634
f 1113/1718/1599 1136/1751/1635 1139/1750/1634
f 1111/1714/1595 1112/1716/1596 1140/1753/1637
f 1112/1716/1596 1139/1750/1638 1140/1753/1637
f 1110/1711/1593 1111/1714/1592 1140/1753/1640
f 1110/1711/1593 1140/1753/1640 1141/1754/1639
f 1109/1712/1590 1110/1711/1589 1141/1754/1642
f 1109/1712/1590 1141/1754/1642 1142/1755/1641
f 1108/1706/1586 1109/1708/1587 1144/1757/1644
f 1109/1708/1587 1142/1758/1645 1144/1757/1644
f 1106/1703/1583 1108/1706/1584 1145/1760/1647
f 1108/1706/1584 1144/1757/1648 1145/1760/1647
f 1107/1704/1581 1106/1703/1580 1145/1760/1650
f 1107/1704/1581 1145/1760/1650 1137/1748/1649
f 1138/1749/1651 1135/1746/1651 1146/1761/1651
f 1135/1746/1651 1147/1762/1651 1146/1761/1651
f 1135/1746/1652 1115/1722/1652 1147/1762/1652
f 1115/1722/1652 1148/1763/1652 1147/1762/1652
f 1115/1722/1653 1114/1721/1653 1149/1764/1653
f 1115/1722/1653 1149/1764/1653 1148/1763/1653
f 1131/1742/1654 1138/1752/1654 1146/1765/1654
f 1131/1742/1654 1146/1765/1654 1150/1766/1654
f 1114/1726/1655 1118/1725/1655 1149/1767/1655
f 1118/1725/1655 1151/1768/1655 1149/1767/1655
f 1118/1725/1656 1131/1742/1656 1151/1768/1656
f 1131/1742/1656 1150/1766/1656 1151/1768/1656
f 1143/1756/1657 1132/1743/1658 1152/1769/1659
f 1132/1743/1658 1153/1770/1658 1152/1769/1659
f 1132/1743/1660 1122/1731/1660 1154/1771/1660
f 1132/1743/1660 1154/1771/1660 1153/1770/1660
f 1122/1731/1661 1124/1733/1662 1155/1772/1663
f 1122/1731/1661 1155/1772/1663 1154/1771/1661
f 1134/1745/1664 1143/1759/1657 1152/1773/1659
f 1134/1745/1664 1152/1773/1659 1156/1774/1664
f 1124/1736/1662 1126/1735/1665 1155/1775/1663
f 1126/1735/1665 1157/1776/1665 1155/1775/1663
f 1126/1735/1666 1134/1745/1666 1156/1774/1666
f 1126/1735/1666 1156/1774/1666 1157/1776/1666
f 1146/1761/1667 1147/1762/1667 1158/1777/1667
f 1146/1761/1667 1158/1777/1667 1159/1778/1667
f 1147/1762/1668 1148/1763/1668 1160/1779/1668
f 1147/1762/1668 1160/1779/1668 1158/1777/1668
f 1148/1763/1669 1149/1764/1669 1161/1780/1669
f 1148/1763/1669 1161/1780/1669 1160/1779/1669
f 1150/1766/1670 1146/1765/1670 1159/1781/1670
f 1150/1766/1670 1159/1781/1670 1162/1782/1670
f 1149/1767/1671 1151/1768/1671 1163/1783/1671
f 1149/1767/1671 1163/1783/1671 1161/1784/1671
f 1151/1768/1672 1150/1766/1672 1163/1783/1672
f 1150/1766/1672 1162/1782/1672 1163/1783/1672
f 1152/1769/1673 1153/1770/1673 1164/1785/1673
f 1152/1769/1673 1164/1785/1673 1165/1786/1673
f 1153/1770/1674 1154/1771/1674 1166/1787/1674
f 1153/1770/1674 1166/1787/1674 1164/1785/1674
f 1154/1771/1675 1155/1772/1675 1166/1787/1675
f 1155/1772/1675 1167/1788/1675 1166/1787/1675
f 1156/1774/1667 1152/1773/1667 1165/1789/1667
f 1156/1774/1667 1165/1789/1667 1168/1790/1667
f 1155/1775/1676 1157/1776/1676 1167/1791/1676
f 1157/1776/1676 1169/1792/1676 1167/1791/1676
f 1157/1776/1677 1156/1774/1677 1169/1792/1677
f 1156/1774/1677 1168/1790/1677 1169/1792/1677
f 1170/1793/1678 1171/1794/1678 1172/1795/1679
f 1170/1793/1678 1172/1795/1679 1173/1796/1679
f 1171/1794/1680 1174/1797/1681 1175/1798/1682
f 1171/1794/1680 1175/1798/1682 1172/1795/1682
f 1174/1797/1683 1176/1799/1684 1175/1798/1685
f 1176/1799/1684 1177/1800/1685 1175/1798/1685
f 1178/1801/1686 1170/1802/1687 1179/1803/1688
f 1170/1802/1687 1173/1804/1688 1179/1803/1688
f 1176/1799/1689 1180/1805/1690 1181/1806/1691
f 1176/1799/1689 1181/1806/1691 1177/1800/1691
f 1180/1805/1692 1178/1801/1693 1179/1803/1694
f 1180/1805/1692 1179/1803/1694 1181/1806/1694
f 1182/1807/1695 1183/1808/1695 1184/1809/1695
f 1182/1807/1696 1185/1810/1696 1183/1808/1696
f 1186/1811/1697 1187/1812/1697 1188/1813/1697
f 1186/1811/1697 1188/1813/1697 1189/1814/1697
f 1187/1812/1698 1190/1815/1698 1188/1813/1698
f 1190/1815/1698 1191/1816/1698 1188/1813/1698
f 1190/1815/1699 1192/1817/1699 1193/1818/1699
f 1190/1815/1699 1193/1818/1699 1191/1816/1699
f 1192/1819/1700 1184/1809/1701 1193/1820/1700
f 1184/1809/1701 1194/1821/1700 1193/1820/1700
f 1184/1809/1702 1183/1808/1702 1195/1822/1702
f 1184/1809/1702 1195/1822/1702 1194/1821/1702
f 1183/1808/1703 1185/1810/1703 1195/1822/1703
f 1185/1810/1703 1196/1823/1703 1195/1822/1703
f 1185/1810/1704 1197/1824/1705 1198/1825/1705
f 1185/1810/1704 1198/1825/1705 1196/1823/1705
f 1197/1826/1706 1186/1811/1706 1198/1827/1706
f 1186/1811/1706 1189/1814/1706 1198/1827/1706
f 1189/1828/1707 1188/1829/1707 1199/1830/1707
f 1189/1828/1707 1199/1830/1707 1200/1831/1707
f 1188/1832/1708 1191/1833/1708 1199/1834/1708
f 1191/1833/1708 1201/1835/1708 1199/1834/1708
f 1191/1833/1709 1193/1836/1709 1201/1835/1709
f 1193/1836/1709 1202/1837/1709 1201/1835/1709
f 1193/1836/1710 1194/1838/1710 1202/1837/1710
f 1194/1838/1710 1203/1839/1710 1202/1837/1710
f 1194/1838/1711 1195/1840/1711 1204/1841/1711
f 1194/1838/1711 1204/1841/1711 1203/1839/1711
f 1195/1840/1712 1196/1842/1713 1204/1841/1712
f 1196/1842/1713 1205/1843/1713 1204/1841/1712
f 1196/1842/1714 1198/1844/1714 1206/1845/1714
f 1196/1842/1714 1206/1845/1714 1205/1843/1714
f 1198/1844/1715 1189/1828/1715 1200/1831/1715
f 1198/1844/1715 1200/1831/1715 1206/1845/1715
f 1207/1846/1716 1208/1847/1716 1209/1848/1717
f 1207/1846/1716 1209/1848/1717 1210/1849/1718
f 1211/1850/1719 1207/1851/1720 1212/1852/1721
f 1207/1851/1720 1210/1853/1722 1212/1852/1721
f 1213/1854/1723 1211/1850/1723 1214/1855/1724
f 1211/1850/1723 1212/1852/1725 1214/1855/1724
f 1215/1856/1726 1213/1854/1726 1214/1855/1727
f 1215/1856/1726 1214/1855/1727 1216/1857/1728
f 1217/1858/1729 1215/1856/1729 1218/1859/1730
f 1215/1856/1729 1216/1857/1731 1218/1859/1730
f 1208/1847/1732 1217/1858/1732 1209/1848/1733
f 1217/1858/1732 1218/1859/1734 1209/1848/1733
f 1219/1860/1735 1220/1861/1735 1221/1862/1735
f 1220/1861/1735 1222/1863/1735 1221/1862/1735
f 1220/1864/1736 1223/1865/1736 1224/1866/1737
f 1220/1864/1736 1224/1866/1737 1222/1867/1737
f 1223/1868/1738 1225/1869/1738 1226/1870/1738
f 1223/1868/1738 1226/1870/1738 1224/1871/1738
f 1227/1872/1739 1219/1860/1739 1221/1862/1739
f 1227/1872/1739 1221/1862/1739 1228/1873/1739
f 1225/1869/1740 1229/1874/1740 1226/1870/1740
f 1229/1874/1740 1230/1875/1740 1226/1870/1740
f 1229/1876/1741 1227/1877/1741 1228/1878/1741
f 1229/1876/1741 1228/1878/1741 1230/1879/1741
f 1173/1880/1742 1172/1881/1742 1231/1882/1742
f 1172/1881/1742 1232/1883/1742 1231/1882/1742
f 1172/1884/1743 1175/1885/1743 1232/1886/1744
f 1175/1885/1743 1233/1887/1743 1232/1886/1744
f 1175/1888/1745 1177/1889/1745 1234/1890/1745
f 1175/1888/1745 1234/1890/1745 1233/1891/1745
f 1179/1892/1746 1173/1880/1746 1231/1882/1746
f 1179/1892/1746 1231/1882/1746 1235/1893/1746
f 1177/1889/1747 1181/1894/1747 1234/1890/1747
f 1181/1894/1747 1236/1895/1747 1234/1890/1747
f 1181/1896/1748 1179/1897/1748 1235/1898/1748
f 1181/1896/1748 1235/1898/1748 1236/1899/1748
f 1221/1862/1749 1222/1863/1749 1237/1900/1749
f 1221/1862/1749 1237/1900/1749 1238/1901/1749
f 1222/1867/1750 1224/1866/1750 1239/1902/1750
f 1222/1867/1750 1239/1902/1750 1237/1903/1750
f 1224/1871/1751 1226/1870/1751 1239/1904/1751
f 1226/1870/1751 1240/1905/1751 1239/1904/1751
f 1228/1873/1752 1221/1862/1753 1241/1906/1754
f 1221/1862/1753 1238/1901/1753 1241/1906/1754
f 1226/1870/1755 1230/1875/1756 1242/1907/1757
f 1226/1870/1755 1242/1907/1757 1240/1905/1755
f 1243/1908/1758 1244/1909/1758 1245/1910/1758
f 1244/1909/1758 1246/1911/1758 1245/1910/1758
f 1231/1882/1759 1232/1883/1760 1247/1912/1761
f 1231/1882/1759 1247/1912/1761 1248/1913/1762
f 1249/1914/1763 1250/1915/1763 1251/1916/1763
f 1249/1914/1763 1251/1916/1763 1252/1917/1763
f 1233/1891/1764 1234/1890/1765 1253/1918/1766
f 1234/1890/1765 1254/1919/1767 1253/1918/1766
f 1235/1893/1768 1231/1882/1768 1255/1920/1768
f 1231/1882/1768 1248/1913/1768 1255/1920/1768
f 1234/1890/1769 1236/1895/1769 1256/1921/1769
f 1234/1890/1769 1256/1921/1769 1254/1919/1769
f 1236/1899/1750 1235/1898/1750 1255/1922/1750
f 1236/1899/1750 1255/1922/1750 1256/1923/1750
f 1238/1901/1770 1257/1924/1771 1258/1925/1772
f 1237/1903/1750 1239/1902/1750 1259/1926/1750
f 1237/1903/1750 1259/1926/1750 1260/1927/1750
f 1239/1904/1773 1240/1905/1774 1259/1928/1773
f 1240/1905/1774 1261/1929/1775 1259/1928/1773
f 1241/1906/1776 1238/1901/1777 1262/1930/1776
f 1238/1901/1777 1263/1931/1778 1262/1930/1776
f 1240/1905/1779 1264/1932/1780 1265/1933/1781
f 1242/1934/1782 1241/1935/1782 1266/1936/1782
f 1241/1935/1782 1262/1937/1782 1266/1936/1782
f 1248/1913/1783 1267/1938/1784 1268/1939/1785
f 1247/1940/1786 1253/1941/1786 1269/1942/1786
f 1247/1940/1786 1269/1942/1786 1270/1943/1786
f 1253/1918/1787 1254/1919/1788 1269/1944/1787
f 1254/1919/1788 1271/1945/1789 1269/1944/1787
f 1255/1920/1790 1248/1913/1791 1272/1946/1790
f 1248/1913/1791 1273/1947/1792 1272/1946/1790
f 1254/1919/1793 1274/1948/1794 1275/1949/1795
f 1256/1923/1750 1255/1922/1750 1272/1950/1750
f 1256/1923/1750 1272/1950/1750 1276/1951/1750
f 1230/1879/1796 1228/1878/1796 1277/1952/1797
f 1230/1879/1796 1277/1952/1797 1278/1953/1798
f 1228/1873/1752 1241/1906/1754 1279/1954/1799
f 1228/1873/1752 1279/1954/1799 1277/1955/1800
f 1241/1935/1801 1242/1934/1801 1279/1956/1802
f 1242/1934/1801 1280/1957/1803 1279/1956/1802
f 1242/1907/1757 1230/1875/1756 1280/1958/1804
f 1230/1875/1756 1278/1959/1805 1280/1958/1804
f 1281/1960/1806 1282/1961/1807 1249/1914/1808
f 1282/1961/1807 1250/1915/1808 1249/1914/1808
f 1282/1962/1809 1283/1963/1810 1251/1964/1811
f 1282/1962/1809 1251/1964/1811 1250/1965/1811
f 1283/1966/1812 1284/1967/1813 1252/1917/1814
f 1283/1966/1812 1252/1917/1814 1251/1916/1814
f 1284/1968/1815 1281/1969/1816 1252/1970/1817
f 1281/1969/1816 1249/1971/1817 1252/1970/1817
f 1278/1953/1798 1277/1952/1797 1285/1972/1818
f 1278/1953/1798 1285/1972/1818 1286/1973/1819
f 1280/1958/1804 1278/1959/1805 1286/1974/1820
f 1280/1958/1804 1286/1974/1820 1287/1975/1821
f 1279/1956/1802 1280/1957/1803 1288/1976/1822
f 1280/1957/1803 1287/1977/1823 1288/1976/1822
f 1277/1955/1800 1279/1954/1799 1288/1978/1824
f 1277/1955/1800 1288/1978/1824 1285/1979/1825
f 1232/1886/1826 1233/1887/1826 1289/1980/1827
f 1233/1887/1826 1290/1981/1828 1289/1980/1827
f 1233/1891/1764 1253/1918/1766 1291/1982/1829
f 1233/1891/1764 1291/1982/1829 1290/1983/1830
f 1253/1941/1831 1247/1940/1831 1292/1984/1832
f 1253/1941/1831 1292/1984/1832 1291/1985/1833
f 1247/1912/1761 1232/1883/1760 1292/1986/1834
f 1232/1883/1760 1289/1987/1835 1292/1986/1834
f 1286/1973/1819 1285/1972/1818 1244/1909/1836
f 1286/1973/1819 1244/1909/1836 1243/1908/1836
f 1287/1975/1821 1286/1974/1820 1245/1988/1837
f 1286/1974/1820 1243/1989/1837 1245/1988/1837
f 1288/1976/1822 1287/1977/1823 1246/1911/1838
f 1287/1977/1823 1245/1910/1838 1246/1911/1838
f 1285/1979/1825 1288/1978/1824 1246/1990/1839
f 1285/1979/1825 1246/1990/1839 1244/1991/1839
f 1289/1980/1827 1290/1981/1828 1281/1960/1806
f 1290/1981/1828 1282/1961/1807 1281/1960/1806
f 1290/1983/1830 1291/1982/1829 1282/1962/1809
f 1291/1982/1829 1283/1963/1810 1282/1962/1809
f 1291/1985/1833 1292/1984/1832 1284/1967/1813
f 1291/1985/1833 1284/1967/1813 1283/1966/1812
f 1292/1986/1834 1289/1987/1835 1284/1968/1815
f 1289/1987/1835 1281/1969/1816 1284/1968/1815
f 1240/1905/1779 1242/1907/1840 1266/1992/1840
f 1240/1905/1779 1266/1992/1840 1264/1932/1780
f 1271/1945/1789 1254/1919/1788 1275/1949/1841
f 1261/1929/1775 1240/1905/1774 1265/1933/1842
f 1254/1919/1793 1256/1921/1843 1276/1993/1843
f 1254/1919/1793 1276/1993/1843 1274/1948/1794
f 1263/1931/1778 1238/1901/1777 1258/1925/1844
f 1248/1913/1783 1247/1912/1845 1270/1994/1845
f 1248/1913/1783 1270/1994/1845 1267/1938/1784
f 1238/1901/1770 1237/1900/1846 1260/1995/1846
f 1238/1901/1770 1260/1995/1846 1257/1924/1771
f 1273/1947/1792 1248/1913/1791 1268/1939/1847
f 1293/1996/1848 1294/1997/1848 1295/1998/1848
f 1294/1997/1848 1296/1999/1848 1295/1998/1848
f 771/2000/1109 772/2001/1109 773/2002/1109
f 771/2000/1109 773/2002/1109 774/2003/1109
f 1297/2004/1849 1298/2005/1849 1299/2006/1849
f 1297/2004/1849 1299/2006/1849 1300/2007/1849
f 775/2008/1110 776/2009/1110 777/2010/1110
f 775/2008/1110 777/2010/1110 778/2011/1110
f 779/2012/1111 780/2013/1111 781/2014/1111
f 779/2012/1111 781/2014/1111 782/2015/1111
f 1301/2016/1850 1302/2017/1850 1303/2018/1850
f 1301/2016/1850 1303/2018/1850 1304/2019/1850
f 1267/1938/1851 1270/1994/1851 1305/2020/1851
f 1270/1994/1851 1306/2021/1851 1305/2020/1851
f 1270/1943/1852 1269/1942/1852 1307/2022/1852
f 1270/1943/1852 1307/2022/1852 1306/2023/1852
f 1269/1944/1853 1271/1945/1854 1307/2024/1854
f 1271/1945/1854 1308/2025/1854 1307/2024/1854
f 1271/2026/1852 1267/2027/1852 1305/2028/1852
f 1271/2026/1852 1305/2028/1852 1308/2029/1852
f 1263/2030/1855 1264/2031/1855 1309/2032/1855
f 1263/2030/1855 1309/2032/1855 1310/2033/1855
f 1264/1932/1856 1266/1992/1856 1311/2034/1856
f 1264/1932/1856 1311/2034/1856 1309/2035/1856
f 1266/1936/1855 1262/1937/1855 1312/2036/1855
f 1266/1936/1855 1312/2036/1855 1311/2037/1855
f 1262/1930/1857 1263/1931/1857 1310/2038/1857
f 1262/1930/1857 1310/2038/1857 1312/2039/1857
f 1258/2040/1858 1265/2041/1858 1313/2042/1858
f 1258/2040/1858 1313/2042/1858 1314/2043/1858
f 1265/1933/1859 1264/1932/1859 1315/2044/1859
f 1265/1933/1859 1315/2044/1859 1313/2045/1859
f 1264/2031/1858 1263/2030/1858 1316/2046/1858
f 1264/2031/1858 1316/2046/1858 1315/2047/1858
f 1263/1931/1860 1258/1925/1860 1314/2048/1860
f 1263/1931/1860 1314/2048/1860 1316/2049/1860
f 1267/2027/1861 1271/2026/1861 1317/2050/1861
f 1267/2027/1861 1317/2050/1861 1318/2051/1861
f 1271/1945/1862 1275/1949/1862 1317/2052/1863
f 1275/1949/1862 1319/2053/1862 1317/2052/1863
f 1275/2054/1861 1268/2055/1861 1320/2056/1861
f 1275/2054/1861 1320/2056/1861 1319/2057/1861
f 1268/1939/1864 1267/1938/1864 1320/2058/1864
f 1267/1938/1864 1318/2059/1864 1320/2058/1864
f 1268/2055/1865 1275/2054/1865 1321/2060/1865
f 1268/2055/1865 1321/2060/1865 1322/2061/1865
f 1275/1949/1866 1274/1948/1866 1323/2062/1866
f 1275/1949/1866 1323/2062/1866 1321/2063/1866
f 1274/2064/1867 1273/2065/1867 1324/2066/1867
f 1274/2064/1867 1324/2066/1867 1323/2067/1867
f 1273/1947/1868 1268/1939/1868 1322/2068/1868
f 1273/1947/1868 1322/2068/1868 1324/2069/1868
f 1257/2070/1869 1261/2071/1869 1325/2072/1869
f 1261/2071/1869 1326/2073/1869 1325/2072/1869
f 1261/1929/1870 1265/1933/1870 1326/2074/1870
f 1265/1933/1870 1327/2075/1870 1326/2074/1870
f 1265/2041/1871 1258/2040/1871 1328/2076/1871
f 1265/2041/1871 1328/2076/1871 1327/2077/1871
f 1258/1925/1872 1257/1924/1872 1328/2078/1872
f 1257/1924/1872 1325/2079/1872 1328/2078/1872
f 1257/1924/1873 1260/1995/1873 1329/2080/1873
f 1260/1995/1873 1330/2081/1873 1329/2080/1873
f 1260/1927/1874 1259/1926/1874 1331/2082/1874
f 1260/1927/1874 1331/2082/1874 1330/2083/1874
f 1259/1928/1875 1261/1929/1875 1331/2084/1875
f 1261/1929/1875 1332/2085/1875 1331/2084/1875
f 1261/2071/1876 1257/2070/1876 1332/2086/1876
f 1257/2070/1876 1329/2087/1876 1332/2086/1876
f 1273/2065/1877 1274/2064/1877 1333/2088/1877
f 1273/2065/1877 1333/2088/1877 1334/2089/1877
f 1274/1948/1878 1276/1993/1878 1335/2090/1878
f 1274/1948/1878 1335/2090/1878 1333/2091/1878
f 1276/1951/1879 1272/1950/1879 1336/2092/1879
f 1276/1951/1879 1336/2092/1879 1335/2093/1879
f 1272/1946/1880 1273/1947/1880 1334/2094/1880
f 1272/1946/1880 1334/2094/1880 1336/2095/1880
f 1314/2043/1148 1313/2042/1148 822/2096/1148
f 1314/2043/1148 822/2096/1148 820/2097/1148
f 1313/2045/1881 1315/2044/1881 822/2098/1881
f 1315/2044/1881 821/2099/1881 822/2098/1881
f 1315/2047/1146 1316/2046/1146 819/2100/1146
f 1315/2047/1146 819/2100/1146 821/2101/1146
f 1316/2049/1882 1314/2048/1882 820/2102/1883
f 1316/2049/1882 820/2102/1883 819/2103/1882
f 1337/2104/1884 1338/2105/1884 1339/2106/1885
f 1338/2105/1884 1340/2107/1885 1339/2106/1885
f 1338/2108/1886 1341/2109/1886 1342/2110/1886
f 1338/2108/1886 1342/2110/1886 1340/2111/1886
f 1341/2112/1887 1343/2113/1888 1344/2114/1889
f 1341/2112/1887 1344/2114/1889 1342/2115/1889
f 1343/2116/1890 1337/2117/1890 1339/2118/1891
f 1343/2116/1890 1339/2118/1891 1344/2119/1891
f 1310/2033/1892 1309/2032/1892 816/2120/1892
f 1310/2033/1892 816/2120/1892 815/2121/1892
f 1309/2035/1893 1311/2034/1893 816/2122/1894
f 1311/2034/1893 818/2123/1893 816/2122/1894
f 1311/2037/1895 1312/2036/1895 817/2124/1895
f 1311/2037/1895 817/2124/1895 818/2125/1895
f 1312/2039/1896 1310/2038/1896 815/2126/1896
f 1312/2039/1896 815/2126/1896 817/2127/1896
f 1345/2128/1897 1346/2129/1897 1347/2130/1897
f 1345/2128/1897 1347/2130/1897 1348/2131/1897
f 1346/2132/1898 1349/2133/1899 1350/2134/1900
f 1346/2132/1898 1350/2134/1900 1347/2135/1900
f 1349/2136/1901 1351/2137/1901 1352/2138/1901
f 1349/2136/1901 1352/2138/1901 1350/2139/1901
f 1351/2140/1902 1345/2141/1902 1352/2142/1903
f 1345/2141/1902 1348/2143/1903 1352/2142/1903
f 1329/2080/1904 1330/2081/1904 828/2144/1904
f 1329/2080/1904 828/2144/1904 827/2145/1905
f 1330/2083/1161 1331/2082/1161 830/2146/1161
f 1330/2083/1161 830/2146/1161 828/2147/1161
f 1331/2084/1906 1332/2085/1906 830/2148/1907
f 1332/2085/1906 829/2149/1907 830/2148/1907
f 1332/2086/1908 1329/2087/1908 827/2150/1908
f 1332/2086/1908 827/2150/1908 829/2151/1908
f 1325/2072/1909 1326/2073/1909 824/2152/1909
f 1325/2072/1909 824/2152/1909 823/2153/1909
f 1326/2074/1910 1327/2075/1910 824/2154/1910
f 1327/2075/1910 826/2155/1911 824/2154/1910
f 1327/2077/1153 1328/2076/1153 825/2156/1153
f 1327/2077/1153 825/2156/1153 826/2157/1153
f 1328/2078/1912 1325/2079/1912 823/2158/1912
f 1328/2078/1912 823/2158/1912 825/2159/1912
f 1353/2160/1913 1354/2161/1913 1355/2162/1913
f 1353/2160/1913 1355/2162/1913 1356/2163/1913
f 1354/2164/1914 1357/2165/1914 1358/2166/1915
f 1354/2164/1914 1358/2166/1915 1355/2167/1915
f 1357/2168/1916 1359/2169/1916 1360/2170/1916
f 1357/2168/1916 1360/2170/1916 1358/2171/1916
f 1359/2172/1917 1353/2173/1917 1360/2174/1918
f 1353/2173/1917 1356/2175/1918 1360/2174/1918
f 1361/2176/1919 1362/2177/1919 1363/2178/1920
f 1361/2176/1919 1363/2178/1920 1364/2179/1920
f 1362/2180/1921 1365/2181/1921 1363/2182/1922
f 1365/2181/1921 1366/2183/1922 1363/2182/1922
f 1365/2184/1923 1367/2185/1923 1368/2186/1924
f 1365/2184/1923 1368/2186/1924 1366/2187/1924
f 1367/2188/1925 1361/2189/1926 1364/2190/1927
f 1367/2188/1925 1364/2190/1927 1368/2191/1927
f 783/2192/1112 784/2193/1112 785/2194/1112
f 783/2192/1112 785/2194/1112 786/2195/1112
f 784/2196/1113 787/2197/1113 788/2198/1114
f 784/2196/1113 788/2198/1114 785/2199/1114
f 787/2200/1115 789/2201/1115 790/2202/1115
f 787/2200/1115 790/2202/1115 788/2203/1115
f 789/2204/1116 783/2205/1116 790/2206/1117
f 783/2205/1116 786/2207/1117 790/2206/1117
f 1369/2208/1928 1370/2209/1928 1293/2210/1929
f 1370/2209/1928 1294/2211/1929 1293/2210/1929
f 1370/2212/1930 1371/2213/1930 1296/1999/1930
f 1370/2212/1930 1296/1999/1930 1294/1997/1930
f 1371/2214/1931 1372/2215/1931 1295/2216/1931
f 1371/2214/1931 1295/2216/1931 1296/2217/1931
f 1372/2218/1932 1369/2219/1932 1293/1996/1932
f 1372/2218/1932 1293/1996/1932 1295/1998/1932
f 791/2220/1118 792/2221/1118 793/2222/1119
f 791/2220/1118 793/2222/1119 794/2223/1119
f 792/2224/1120 795/2225/1120 796/2226/1121
f 792/2224/1120 796/2226/1121 793/2227/1122
f 795/2228/1123 797/2229/1123 798/2230/1123
f 795/2228/1123 798/2230/1123 796/2231/1123
f 797/2232/1124 791/2233/1124 798/2234/1125
f 791/2233/1124 794/2235/1125 798/2234/1125
f 1373/2236/1933 1374/2237/1933 1298/2005/1933
f 1373/2236/1933 1298/2005/1933 1297/2004/1933
f 1374/2238/1934 1375/2239/1934 1299/2240/1935
f 1374/2238/1934 1299/2240/1935 1298/2241/1935
f 1375/2242/1936 1376/2243/1936 1300/2007/1936
f 1375/2242/1936 1300/2007/1936 1299/2006/1936
f 1376/2244/1937 1373/2245/1937 1300/2246/1938
f 1373/2245/1937 1297/2247/1938 1300/2246/1938
f 799/2248/1126 800/2249/1126 801/2250/1127
f 799/2248/1126 801/2250/1127 802/2251/1127
f 800/2252/1128 803/2253/1128 804/2254/1128
f 800/2252/1128 804/2254/1128 801/2255/1128
f 803/2256/1129 805/2257/1129 804/2258/1130
f 805/2257/1129 806/2259/1130 804/2258/1130
f 805/2260/1131 799/2261/1131 802/2262/1132
f 805/2260/1131 802/2262/1132 806/2263/1132
f 807/2264/1133 808/2265/1133 809/2266/1133
f 807/2264/1133 809/2266/1133 810/2267/1133
f 808/2268/1134 811/2269/1134 812/2270/1135
f 808/2268/1134 812/2270/1135 809/2271/1135
f 811/2272/1136 813/2273/1136 814/2274/1137
f 811/2272/1136 814/2274/1137 812/2275/1137
f 813/2276/1138 807/2277/1138 814/2278/1139
f 807/2277/1138 810/2279/1140 814/2278/1139
f 1377/2280/1939 1378/2281/1939 1379/2282/1939
f 1377/2280/1939 1379/2282/1939 1380/2283/1939
f 1378/2284/1940 1381/2285/1940 1382/2286/1940
f 1378/2284/1940 1382/2286/1940 1379/2287/1940
f 1381/2288/1941 1383/2289/1941 1384/2290/1941
f 1381/2288/1941 1384/2290/1941 1382/2291/1941
f 1383/2292/1942 1377/2293/1942 1384/2294/1942
f 1377/2293/1942 1380/2295/1942 1384/2294/1942
f 1385/2296/1943 1386/2297/1943 1302/2017/1943
f 1385/2296/1943 1302/2017/1943 1301/2016/1943
f 1386/2298/1944 1387/2299/1944 1303/2300/1945
f 1386/2298/1944 1303/2300/1945 1302/2301/1945
f 1387/2302/1946 1388/2303/1946 1304/2019/1946
f 1387/2302/1946 1304/2019/1946 1303/2018/1946
f 1388/2304/1947 1385/2305/1948 1301/2306/1949
f 1388/2304/1947 1301/2306/1949 1304/2307/1949
f 815/2121/1892 816/2120/1892 792/2221/1141
f 815/2121/1892 792/2221/1141 791/2220/1141
f 817/2127/1896 815/2126/1896 791/2233/1142
f 817/2127/1896 791/2233/1142 797/2232/1142
f 818/2125/1895 817/2124/1895 797/2229/1143
f 818/2125/1895 797/2229/1143 795/2228/1143
f 816/2122/1894 818/2123/1893 792/2224/1144
f 818/2123/1893 795/2225/1144 792/2224/1144
f 1308/2029/1890 1305/2028/1890 1337/2117/1890
f 1308/2029/1890 1337/2117/1890 1343/2116/1890
f 1305/2020/1950 1306/2021/1950 1337/2104/1884
f 1306/2021/1950 1338/2105/1884 1337/2104/1884
f 1306/2023/1951 1307/2022/1951 1341/2109/1886
f 1306/2023/1951 1341/2109/1886 1338/2108/1886
f 1307/2024/1887 1308/2025/1887 1343/2113/1888
f 1307/2024/1887 1343/2113/1888 1341/2112/1887
f 794/2223/1119 793/2222/1119 772/2001/1119
f 794/2223/1119 772/2001/1119 771/2000/1119
f 798/2234/1125 794/2235/1125 771/2308/1125
f 798/2234/1125 771/2308/1125 774/2309/1125
f 796/2231/1123 798/2230/1123 774/2003/1123
f 796/2231/1123 774/2003/1123 773/2002/1123
f 793/2227/1122 796/2226/1121 772/2310/1122
f 796/2226/1121 773/2311/1122 772/2310/1122
f 1344/2119/1952 1339/2118/1952 1369/2219/1932
f 1344/2119/1952 1369/2219/1932 1372/2218/1932
f 1339/2106/1953 1340/2107/1953 1370/2209/1928
f 1339/2106/1953 1370/2209/1928 1369/2208/1928
f 1340/2111/1930 1342/2110/1930 1371/2213/1930
f 1340/2111/1930 1371/2213/1930 1370/2212/1930
f 1342/2115/1954 1344/2114/1954 1371/2214/1931
f 1344/2114/1954 1372/2215/1931 1371/2214/1931
f 819/2103/1882 820/2102/1883 783/2205/1145
f 819/2103/1882 783/2205/1145 789/2204/1145
f 821/2101/1146 819/2100/1146 789/2201/1146
f 821/2101/1146 789/2201/1146 787/2200/1146
f 822/2098/1881 821/2099/1881 784/2196/1147
f 821/2099/1881 787/2197/1147 784/2196/1147
f 820/2097/1148 822/2096/1148 784/2193/1148
f 820/2097/1148 784/2193/1148 783/2192/1148
f 1320/2058/1917 1318/2059/1917 1359/2172/1917
f 1318/2059/1917 1353/2173/1917 1359/2172/1917
f 1318/2051/1913 1317/2050/1913 1354/2161/1913
f 1318/2051/1913 1354/2161/1913 1353/2160/1913
f 1317/2052/1914 1319/2053/1914 1357/2165/1914
f 1317/2052/1914 1357/2165/1914 1354/2164/1914
f 1319/2057/1916 1320/2056/1916 1359/2169/1916
f 1319/2057/1916 1359/2169/1916 1357/2168/1916
f 790/2206/1117 786/2207/1117 767/2312/1149
f 790/2206/1117 767/2312/1149 770/2313/1149
f 788/2203/1115 790/2202/1115 770/2314/1115
f 788/2203/1115 770/2314/1115 769/2315/1115
f 785/2199/1114 788/2198/1114 768/2316/1150
f 788/2198/1114 769/2317/1150 768/2316/1150
f 786/2195/1112 785/2194/1112 768/2318/1112
f 786/2195/1112 768/2318/1112 767/2319/1112
f 1360/2174/1955 1356/2175/1955 1377/2293/1942
f 1360/2174/1955 1377/2293/1942 1383/2292/1942
f 1356/2163/1939 1355/2162/1939 1378/2281/1939
f 1356/2163/1939 1378/2281/1939 1377/2280/1939
f 1355/2167/1956 1358/2166/1956 1378/2284/1940
f 1358/2166/1956 1381/2285/1940 1378/2284/1940
f 1358/2171/1941 1360/2170/1941 1383/2289/1941
f 1358/2171/1941 1383/2289/1941 1381/2288/1941
f 823/2153/1909 824/2152/1909 808/2265/1151
f 823/2153/1909 808/2265/1151 807/2264/1151
f 825/2159/1912 823/2158/1912 807/2277/1152
f 825/2159/1912 807/2277/1152 813/2276/1152
f 826/2157/1153 825/2156/1153 813/2273/1153
f 826/2157/1153 813/2273/1153 811/2272/1153
f 824/2154/1910 826/2155/1911 808/2268/1154
f 826/2155/1911 811/2269/1154 808/2268/1154
f 1323/2067/1901 1324/2066/1901 1351/2137/1901
f 1323/2067/1901 1351/2137/1901 1349/2136/1901
f 1324/2069/1957 1322/2068/1957 1351/2140/1902
f 1322/2068/1957 1345/2141/1902 1351/2140/1902
f 1322/2061/1897 1321/2060/1897 1346/2129/1897
f 1322/2061/1897 1346/2129/1897 1345/2128/1897
f 1321/2063/1899 1323/2062/1899 1349/2133/1899
f 1321/2063/1899 1349/2133/1899 1346/2132/1898
f 810/2267/1133 809/2266/1133 780/2013/1133
f 810/2267/1133 780/2013/1133 779/2012/1133
f 814/2278/1139 810/2279/1140 779/2320/1156
f 814/2278/1139 779/2320/1156 782/2321/1156
f 812/2275/1137 814/2274/1137 782/2015/1137
f 812/2275/1137 782/2015/1137 781/2014/1137
f 809/2271/1135 812/2270/1135 780/2322/1157
f 812/2270/1135 781/2323/1157 780/2322/1157
f 1350/2139/1958 1352/2138/1958 1376/2243/1936
f 1350/2139/1958 1376/2243/1936 1375/2242/1936
f 1352/2142/1959 1348/2143/1959 1373/2245/1937
f 1352/2142/1959 1373/2245/1937 1376/2244/1937
f 1348/2131/1933 1347/2130/1933 1374/2237/1933
f 1348/2131/1933 1374/2237/1933 1373/2236/1933
f 1347/2135/1960 1350/2134/1960 1374/2238/1934
f 1350/2134/1960 1375/2239/1934 1374/2238/1934
f 827/2145/1905 828/2144/1904 799/2248/1158
f 828/2144/1904 800/2249/1158 799/2248/1158
f 829/2151/1908 827/2150/1908 799/2261/1159
f 829/2151/1908 799/2261/1159 805/2260/1159
f 830/2148/1907 829/2149/1907 805/2257/1160
f 830/2148/1907 805/2257/1160 803/2256/1160
f 828/2147/1161 830/2146/1161 803/2253/1161
f 828/2147/1161 803/2253/1161 800/2252/1161
f 1336/2095/1925 1334/2094/1925 1367/2188/1925
f 1334/2094/1925 1361/2189/1926 1367/2188/1925
f 1334/2089/1919 1333/2088/1919 1362/2177/1919
f 1334/2089/1919 1362/2177/1919 1361/2176/1919
f 1333/2091/1961 1335/2090/1961 1365/2181/1921
f 1333/2091/1961 1365/2181/1921 1362/2180/1921
f 1335/2093/1923 1336/2092/1923 1367/2185/1923
f 1335/2093/1923 1367/2185/1923 1365/2184/1923
f 802/2251/1127 801/2250/1127 775/2324/1162
f 801/2250/1127 776/2325/1162 775/2324/1162
f 806/2263/1132 802/2262/1132 775/2008/1132
f 806/2263/1132 775/2008/1132 778/2011/1132
f 804/2258/1130 806/2259/1130 777/2326/1163
f 806/2259/1130 778/2327/1163 777/2326/1163
f 801/2255/1128 804/2254/1128 777/2010/1128
f 801/2255/1128 777/2010/1128 776/2009/1128
f 1368/2191/1962 1364/2190/1962 1388/2304/1947
f 1364/2190/1962 1385/2305/1948 1388/2304/1947
f 1364/2179/1963 1363/2178/1963 1386/2297/1943
f 1364/2179/1963 1386/2297/1943 1385/2296/1943
f 1363/2182/1964 1366/2183/1964 1387/2299/1944
f 1363/2182/1964 1387/2299/1944 1386/2298/1944
f 1366/2187/1965 1368/2186/1965 1388/2303/1946
f 1366/2187/1965 1388/2303/1946 1387/2302/1946
f 1389/2328/1966 1390/2329/1967 1220/2330/1968
f 1389/2328/1966 1220/2330/1968 1219/2331/1968
f 1391/2332/1969 1389/2333/1969 1227/2334/1970
f 1389/2333/1969 1219/2335/1970 1227/2334/1970
f 1392/2336/1971 1391/2332/1972 1229/2337/1973
f 1391/2332/1972 1227/2334/1973 1229/2337/1973
f 1393/2338/1974 1392/2336/1975 1229/2337/1976
f 1393/2338/1974 1229/2337/1976 1225/2339/1976
f 1394/2340/1977 1393/2338/1978 1223/2341/1979
f 1393/2338/1978 1225/2339/1979 1223/2341/1979
f 1390/2329/1980 1394/2340/1981 1220/2330/1982
f 1394/2340/1981 1223/2341/1982 1220/2330/1982
f 1395/2342/1983 1396/2343/1984 1178/1801/1686
f 1396/2343/1984 1170/1802/1687 1178/1801/1686
f 1396/2344/1985 1397/2345/1986 1171/1794/1678
f 1396/2344/1985 1171/1794/1678 1170/1793/1678
f 1397/2345/1987 1398/2346/1988 1174/1797/1681
f 1397/2345/1987 1174/1797/1681 1171/1794/1680
f 1398/2346/1989 1399/2347/1990 1174/1797/1683
f 1399/2347/1990 1176/1799/1684 1174/1797/1683
f 1399/2347/1991 1400/2348/1992 1180/1805/1690
f 1399/2347/1991 1180/1805/1690 1176/1799/1689
f 1400/2348/1993 1395/2342/1994 1178/1801/1693
f 1400/2348/1993 1178/1801/1693 1180/1805/1692
f 1401/2349/1995 1402/2350/1996 1403/2351/1997
f 1401/2349/1995 1403/2351/1997 1404/2352/1998
f 1405/2353/1999 1401/2354/2000 1406/2355/2001
f 1401/2354/2000 1404/2356/2002 1406/2355/2001
f 1407/2357/2003 1405/2353/2004 1408/2358/2005
f 1405/2353/2004 1406/2355/2006 1408/2358/2005
f 1409/2359/2007 1407/2357/2008 1408/2358/2009
f 1409/2359/2007 1408/2358/2009 1410/2360/2010
f 1411/2361/2011 1409/2359/2012 1412/2362/2013
f 1409/2359/2012 1410/2360/2014 1412/2362/2013
f 1402/2350/2015 1411/2361/2016 1403/2351/2017
f 1411/2361/2016 1412/2362/2018 1403/2351/2017
f 1413/2363/2019 1414/2364/2020 1415/2365/2021
f 1414/2364/2020 1416/2366/2022 1415/2365/2021
f 1414/2367/2023 1417/2368/2023 1418/2369/2024
f 1414/2367/2023 1418/2369/2024 1416/2370/2025
f 1417/2368/2026 1419/2371/2027 1420/2372/2028
f 1417/2368/2026 1420/2372/2028 1418/2369/2029
f 1419/2371/2030 1421/2373/2031 1420/2372/2032
f 1421/2373/2031 1422/2374/2033 1420/2372/2032
f 1421/2373/2034 1423/2375/2035 1424/2376/2036
f 1421/2373/2034 1424/2376/2036 1422/2374/2037
f 1423/2375/2038 1413/2363/2039 1415/2365/2040
f 1423/2375/2038 1415/2365/2040 1424/2376/2041
f 1210/1849/1718 1209/1848/1717 1402/2350/1996
f 1210/1849/1718 1402/2350/1996 1401/2349/1995
f 1212/1852/1721 1210/1853/1722 1405/2353/1999
f 1210/1853/1722 1401/2354/2000 1405/2353/1999
f 1214/1855/1724 1212/1852/1725 1407/2357/2003
f 1212/1852/1725 1405/2353/2004 1407/2357/2003
f 1216/1857/1728 1214/1855/1727 1407/2357/2008
f 1216/1857/1728 1407/2357/2008 1409/2359/2007
f 1218/1859/1730 1216/1857/1731 1411/2361/2011
f 1216/1857/1731 1409/2359/2012 1411/2361/2011
f 1209/1848/1733 1218/1859/1734 1402/2350/2015
f 1218/1859/1734 1411/2361/2016 1402/2350/2015
f 1404/2352/1998 1403/2351/1997 1390/2329/1967
f 1404/2352/1998 1390/2329/1967 1389/2328/1966
f 1406/2355/2001 1404/2356/2002 1391/2332/1969
f 1404/2356/2002 1389/2333/1969 1391/2332/1969
f 1408/2358/2005 1406/2355/2006 1392/2336/1971
f 1406/2355/2006 1391/2332/1972 1392/2336/1971
f 1410/2360/2010 1408/2358/2009 1392/2336/1975
f 1410/2360/2010 1392/2336/1975 1393/2338/1974
f 1412/2362/2013 1410/2360/2014 1394/2340/1977
f 1410/2360/2014 1393/2338/1978 1394/2340/1977
f 1403/2351/2017 1412/2362/2018 1390/2329/1980
f 1412/2362/2018 1394/2340/1981 1390/2329/1980
f 1415/2365/2021 1416/2366/2022 1395/2342/1983
f 1416/2366/2022 1396/2343/1984 1395/2342/1983
f 1416/2370/2025 1418/2369/2024 1397/2345/1986
f 1416/2370/2025 1397/2345/1986 1396/2344/1985
f 1418/2369/2029 1420/2372/2028 1398/2346/1988
f 1418/2369/2029 1398/2346/1988 1397/2345/1987
f 1420/2372/2032 1422/2374/2033 1398/2346/1989
f 1422/2374/2033 1399/2347/1990 1398/2346/1989
f 1422/2374/2037 1424/2376/2036 1400/2348/1992
f 1422/2374/2037 1400/2348/1992 1399/2347/1991
f 1424/2376/2041 1415/2365/2040 1395/2342/1994
f 1424/2376/2041 1395/2342/1994 1400/2348/1993
f 1200/2377/2042 1199/2378/2042 1201/2379/2042
f 1206/2380/2042 1200/2377/2042 1201/2379/2042
f 1205/2381/2042 1206/2380/2042 1201/2379/2042
f 1204/2382/2042 1205/2381/2042 1201/2379/2042
f 1203/2383/2042 1204/2382/2042 1201/2379/2042
f 1202/2384/2042 1203/2383/2042 1201/2379/2042
f 1425/2385/2043 1426/2386/2043 1413/2363/2039
f 1425/2385/2043 1413/2363/2039 1423/2375/2038
f 1427/2387/2044 1425/2385/2044 1423/2375/2035
f 1427/2387/2044 1423/2375/2035 1421/2373/2034
f 1428/2388/2045 1427/2387/2045 1419/2371/2030
f 1427/2387/2045 1421/2373/2031 1419/2371/2030
f 1429/2389/2046 1428/2388/2046 1419/2371/2027
f 1429/2389/2046 1419/2371/2027 1417/2368/2026
f 1430/2390/2047 1429/2389/2047 1417/2368/2023
f 1430/2390/2047 1417/2368/2023 1414/2367/2023
f 1426/2386/2048 1430/2391/2048 1413/2363/2019
f 1430/2391/2048 1414/2364/2020 1413/2363/2019
f 1121/1730/2049 1119/1728/2049 1185/2392/2049
f 1121/1730/2049 1185/2392/2049 1182/2393/2049
f 1123/1732/2050 1121/1730/2051 1184/2394/2050
f 1121/1730/2051 1182/2393/2050 1184/2394/2050
f 1119/1728/2052 1116/1727/2052 1197/2395/2052
f 1119/1728/2052 1197/2395/2052 1185/2392/2052
f 1125/1734/2053 1123/1732/2053 1192/2396/2053
f 1123/1732/2053 1184/2394/2053 1192/2396/2053
f 1116/1723/2054 1117/1724/2054 1186/2397/2054
f 1116/1723/2054 1186/2397/2054 1197/2398/2054
f 1127/1738/2055 1125/1737/2055 1190/2399/2055
f 1125/1737/2055 1192/2400/2055 1190/2399/2055
f 1117/1724/2056 1129/1740/2056 1186/2397/2056
f 1129/1740/2056 1187/2401/2056 1186/2397/2056
f 1129/1740/2057 1127/1738/2057 1190/2399/2057
f 1129/1740/2057 1190/2399/2057 1187/2401/2057
f 1161/2402/2058 1163/2403/2058 1215/2404/2058
f 1163/2403/2058 1213/2405/2058 1215/2404/2058
f 1163/2403/2059 1162/2406/2059 1211/2407/2059
f 1163/2403/2059 1211/2407/2059 1213/2405/2059
f 1164/2408/2060 1166/2409/2060 1429/2410/2060
f 1166/2409/2060 1428/2411/2060 1429/2410/2060
f 1166/2409/2061 1167/2412/2061 1427/2413/2061
f 1166/2409/2061 1427/2413/2061 1428/2411/2061
f 1162/2406/2062 1159/2414/2062 1211/2407/2062
f 1159/2414/2062 1207/2415/2062 1211/2407/2062
f 1159/2414/2063 1158/2416/2063 1207/2415/2063
f 1158/2416/2063 1208/2417/2063 1207/2415/2063
f 1158/2416/2064 1160/2418/2064 1217/2419/2064
f 1158/2416/2064 1217/2419/2064 1208/2417/2064
f 1160/2418/2065 1161/2402/2066 1215/2404/2065
f 1160/2418/2065 1215/2404/2065 1217/2419/2066
f 1167/2412/2067 1169/2420/2068 1427/2413/2067
f 1169/2420/2068 1425/2421/2067 1427/2413/2067
f 1169/2420/2069 1168/2422/2069 1425/2421/2069
f 1168/2422/2069 1426/2423/2069 1425/2421/2069
f 1168/2422/2070 1165/2424/2070 1430/2425/2070
f 1168/2422/2070 1430/2425/2070 1426/2423/2070
f 1165/2424/2071 1164/2408/2071 1429/2410/2071
f 1165/2424/2071 1429/2410/2071 1430/2425/2071
s off
