# This file uses centimeters as units for non-parametric coordinates.

mtllib BakerTexture.mtl
g default
v 2.222797 7.764817 -0.106388
v 2.042600 7.193240 0.067495
v 2.257402 6.704436 0.012771
v 2.886589 6.697472 -0.167089
v 3.104935 7.377293 -0.354130
v 2.820150 7.847589 -0.334993
v 2.320413 7.817435 0.167737
v 2.140216 7.245858 0.341620
v 2.355018 6.757054 0.286896
v 2.934788 6.750091 0.107036
v 3.197453 7.429910 -0.080005
v 2.917767 7.900208 -0.060869
v -2.222798 7.764817 -0.106388
v -2.042600 7.193240 0.067495
v -2.257402 6.704436 0.012771
v -2.886588 6.697472 -0.167089
v -3.104935 7.377293 -0.354131
v -2.820150 7.847590 -0.334994
v -2.320413 7.817434 0.167737
v -2.140216 7.245858 0.341620
v -2.355018 6.757054 0.286896
v -2.934788 6.750091 0.107035
v -3.197453 7.429911 -0.080005
v -2.917767 7.900208 -0.060869
vt 0.212098 0.140539
vt 0.212272 0.119471
vt 0.222889 0.119154
vt 0.222948 0.140564
vt 0.208255 0.099662
vt 0.219515 0.099330
vt 0.209476 0.074262
vt 0.220330 0.076304
vt 0.211232 0.189967
vt 0.226341 0.047346
vt 0.211517 0.166359
vt 0.223646 0.166308
vt 0.316479 0.143767
vt 0.305492 0.143751
vt 0.306072 0.122637
vt 0.315853 0.122629
vt 0.293671 0.109547
vt 0.318416 0.104420
vt 0.274382 0.115801
vt 0.317111 0.078722
vt 0.271875 0.140959
vt 0.316071 0.191198
vt 0.285722 0.153346
vt 0.316820 0.169085
vt 0.305222 0.168818
vt 0.299249 0.049113
vt 0.305629 0.080971
vt 0.307549 0.104608
vt 0.336119 0.153312
vt 0.350106 0.141024
vt 0.349021 0.116329
vt 0.311859 0.047166
vt 0.304422 0.190532
vt 0.241787 0.151292
vt 0.256255 0.139842
vt 0.255513 0.114337
vt 0.223606 0.189709
vt 0.193383 0.150617
vt 0.179317 0.139060
vt 0.214866 0.045464
vt 0.179373 0.114516
vt 0.236329 0.106568
vt 0.199703 0.106925
vt 0.328256 0.109561
vn -0.898688 0.359676 0.250983
vn -0.898688 0.359676 0.250983
vn -0.898688 0.359676 0.250983
vn -0.898688 0.359676 0.250983
vn -0.832595 -0.407837 0.374772
vn -0.832595 -0.407837 0.374772
vn -0.832595 -0.407837 0.374772
vn -0.832595 -0.407837 0.374772
vn 0.041541 -0.983211 0.177679
vn 0.041541 -0.983211 0.177679
vn 0.041541 -0.983211 0.177679
vn 0.041541 -0.983211 0.177679
vn 0.914917 -0.368809 -0.164035
vn 0.914917 -0.368809 -0.164035
vn 0.914917 -0.368809 -0.164035
vn 0.914917 -0.368809 -0.164035
vn 0.790555 0.489408 -0.368106
vn 0.790555 0.489408 -0.368106
vn 0.790555 0.489408 -0.368106
vn 0.790555 0.489408 -0.368106
vn -0.182049 0.975636 -0.122446
vn -0.182049 0.975636 -0.122446
vn -0.182049 0.975636 -0.122446
vn -0.182049 0.975636 -0.122446
vn -0.329256 -0.136774 -0.934282
vn -0.329256 -0.136774 -0.934282
vn -0.329256 -0.136774 -0.934282
vn -0.329256 -0.136774 -0.934282
vn -0.329256 -0.136774 -0.934282
vn -0.329256 -0.136774 -0.934282
vn 0.335820 0.129807 0.932939
vn 0.335820 0.129807 0.932939
vn 0.335820 0.129807 0.932939
vn 0.335820 0.129807 0.932939
vn 0.335820 0.129807 0.932939
vn 0.335820 0.129807 0.932939
vn 0.898688 0.359677 0.250982
vn 0.898688 0.359677 0.250982
vn 0.898688 0.359677 0.250982
vn 0.898688 0.359677 0.250982
vn 0.832596 -0.407836 0.374771
vn 0.832596 -0.407836 0.374771
vn 0.832596 -0.407836 0.374771
vn 0.832596 -0.407836 0.374771
vn -0.041542 -0.983211 0.177680
vn -0.041542 -0.983211 0.177680
vn -0.041542 -0.983211 0.177680
vn -0.041542 -0.983211 0.177680
vn -0.914917 -0.368809 -0.164035
vn -0.914916 -0.368809 -0.164035
vn -0.914917 -0.368809 -0.164035
vn -0.914917 -0.368809 -0.164035
vn -0.790554 0.489408 -0.368108
vn -0.790554 0.489408 -0.368108
vn -0.790554 0.489408 -0.368108
vn -0.790554 0.489408 -0.368108
vn 0.182050 0.975636 -0.122444
vn 0.182050 0.975636 -0.122444
vn 0.182050 0.975636 -0.122444
vn 0.182050 0.975636 -0.122444
vn 0.329257 -0.136774 -0.934282
vn 0.329257 -0.136774 -0.934282
vn 0.329257 -0.136774 -0.934282
vn 0.329257 -0.136774 -0.934282
vn 0.329257 -0.136774 -0.934282
vn 0.329257 -0.136774 -0.934282
vn -0.335820 0.129807 0.932939
vn -0.335820 0.129807 0.932939
vn -0.335820 0.129807 0.932939
vn -0.335820 0.129807 0.932939
vn -0.335820 0.129807 0.932939
vn -0.335820 0.129807 0.932939
s off
g ears Head_uv
usemtl standardSurface10SG
f 1/1/1 2/2/2 8/3/3 7/4/4
f 2/2/5 3/5/6 9/6/7 8/3/8
f 3/5/9 4/7/10 10/8/11 9/6/12
f 4/7/13 5/40/14 11/10/15 10/8/16
f 5/9/17 6/11/18 12/12/19 11/37/20
f 6/11/21 1/1/22 7/4/23 12/12/24
f 1/1/25 6/38/26 5/39/27 4/41/28 3/43/29 2/2/30
f 7/4/31 8/3/32 9/42/33 10/36/34 11/35/35 12/34/36
f 13/13/37 19/14/38 20/15/39 14/16/40
f 14/16/41 20/15/42 21/28/43 15/18/44
f 15/18/45 21/28/46 22/27/47 16/20/48
f 16/20/49 22/27/50 23/26/51 17/32/52
f 17/22/53 23/33/54 24/25/55 18/24/56
f 18/24/57 24/25/58 19/14/59 13/13/60
f 13/13/61 14/16/62 15/44/63 16/31/64 17/30/65 18/29/66
f 19/14/67 24/23/68 23/21/69 22/19/70 21/17/71 20/15/72
g default
v -1.499091 6.145954 1.707693
v -0.932178 5.866145 1.902041
v 0.000000 5.680825 1.930234
v 0.932178 5.866145 1.902041
v 1.499091 6.145954 1.707693
v -1.740262 6.844194 1.901265
v -0.958559 6.845243 2.456090
v 0.000000 6.875769 2.713650
v 0.958559 6.845243 2.456090
v 1.740262 6.844194 1.901265
v -1.900730 7.658740 1.745634
v -0.994544 7.638789 2.327879
v 0.000000 7.655968 2.536910
v 0.994544 7.638789 2.327879
v 1.900730 7.658740 1.745634
v -1.813857 8.621891 1.881751
v -0.943170 8.643959 2.457348
v 0.000000 8.706903 2.596944
v 0.943170 8.643959 2.457348
v 1.813857 8.621891 1.881751
v -1.615528 9.417419 1.723469
v -0.880555 9.663848 2.130835
v 0.000000 9.814464 2.294174
v 0.880555 9.663848 2.130835
v 1.615528 9.417419 1.723469
v -1.871077 9.832707 1.054888
v -0.966513 10.358658 1.121546
v 0.000000 10.524745 1.155431
v 0.966513 10.358658 1.121546
v 1.871077 9.832707 1.054888
v -2.066983 10.015100 0.045447
v -1.118561 10.594924 0.045172
v 0.000000 10.807726 0.059209
v 1.118561 10.594924 0.045172
v 2.066983 10.015100 0.045447
v -1.866566 9.787559 -0.917276
v -1.081630 10.361588 -1.024209
v 0.000000 10.568704 -1.077148
v 1.081630 10.361588 -1.024209
v 1.866566 9.787559 -0.917276
v -1.590481 9.551306 -1.513083
v -0.983943 9.803301 -1.779517
v 0.000000 9.973806 -1.958940
v 0.983943 9.803301 -1.779517
v 1.590481 9.551306 -1.513083
v -1.821637 8.944161 -1.730929
v -1.028932 9.027774 -2.269627
v 0.000000 9.054980 -2.419741
v 1.028932 9.027774 -2.269627
v 1.821637 8.944161 -1.730929
v -1.955110 7.979157 -1.879533
v -1.025607 7.985993 -2.393046
v 0.000000 7.994967 -2.601954
v 1.025607 7.985993 -2.393046
v 1.955110 7.979157 -1.879533
v -1.799892 7.065802 -1.737969
v -0.999131 7.062117 -2.216367
v 0.000000 6.982023 -2.383823
v 0.999131 7.062117 -2.216367
v 1.799892 7.065802 -1.737969
v -1.550422 6.550207 -1.503071
v -0.930897 6.416966 -1.722772
v 0.000000 6.170898 -1.874174
v 0.930897 6.416966 -1.722772
v 1.550422 6.550207 -1.503071
v -1.811246 6.371137 -0.925469
v -0.961065 5.894624 -0.928243
v 0.000000 5.656945 -0.949484
v 0.961065 5.894624 -0.928243
v 1.811246 6.371137 -0.925469
v -1.934379 6.087893 0.050215
v -0.985586 5.643619 0.046816
v 0.000000 5.458369 0.051105
v 0.985586 5.643542 0.046816
v 1.934379 6.087816 0.050215
v -1.793642 6.060251 1.070370
v -0.963641 5.638821 1.058232
v 0.000000 5.403506 1.049496
v 0.963641 5.638821 1.058232
v 1.793642 6.060251 1.070370
v 2.321173 6.994539 -1.018997
v 2.544694 6.923956 0.042452
v 2.371728 6.872887 0.976414
v 2.501464 7.868222 -1.024316
v 2.684890 7.789539 0.025571
v 2.496467 7.723919 0.934606
v 2.347151 8.903657 -1.003123
v 2.585325 8.765518 0.029167
v 2.397785 8.666169 0.924507
v -2.321173 6.994539 -1.018997
v -2.544694 6.923956 0.042452
v -2.371728 6.872887 0.976414
v -2.501464 7.868222 -1.024316
v -2.684890 7.789539 0.025571
v -2.496467 7.723919 0.934606
v -2.347151 8.903657 -1.003123
v -2.585325 8.765518 0.029167
v -2.397785 8.666169 0.924507
v -0.278740 6.854709 2.472960
v 0.000000 6.732908 2.437507
v 0.278740 6.854709 2.472960
v -0.139370 6.771126 2.473393
v 0.139370 6.771126 2.473393
v 0.111496 7.328200 2.477824
v 0.000000 7.349081 2.556645
v -0.111496 7.328200 2.477824
v 0.195118 7.082375 2.469534
v 0.000000 7.118916 2.609772
v -0.195118 7.082375 2.469534
v 0.167244 6.843843 2.595861
v 0.000000 6.993225 2.652022
v -0.167244 6.843843 2.595861
v 0.000000 6.771246 2.545434
v -0.093999 6.807359 2.557225
v 0.093999 6.807359 2.557225
v -0.980150 7.321370 2.417100
v -1.836543 7.332921 1.807886
v -2.446571 7.383506 0.951329
v -2.628812 7.443306 0.032324
v -2.429348 7.518749 -1.022188
v -1.893023 7.613816 -1.822908
v -1.015017 7.616442 -2.322374
v 0.000000 7.589790 -2.514701
v 1.015017 7.616442 -2.322374
v 1.893023 7.613816 -1.822908
v 2.429348 7.518749 -1.022188
v 2.628812 7.443306 0.032324
v 2.446571 7.383506 0.951329
v 1.836543 7.332921 1.807886
v 0.980150 7.321370 2.417100
v -0.969355 7.083307 2.460789
v -1.788402 7.088557 1.854576
v -2.409149 7.128196 0.963871
v -2.586753 7.183631 0.037388
v -2.375260 7.256643 -1.020593
v -1.846457 7.339809 -1.780439
v -1.007074 7.339279 -2.269371
v 0.000000 7.285906 -2.449262
v 1.007074 7.339279 -2.269371
v 1.846457 7.339809 -1.780439
v 2.375260 7.256643 -1.020593
v 2.586753 7.183631 0.037388
v 2.409149 7.128196 0.963871
v 1.788402 7.088557 1.854576
v 0.969355 7.083307 2.460789
v -0.942730 6.370687 2.261950
v -1.637695 6.425250 1.818873
v -2.097994 6.385305 0.983983
v -2.178505 6.422318 0.047110
v -2.015217 6.620497 -0.962880
v -1.650210 6.756445 -1.597030
v -0.958190 6.675026 -1.920210
v 0.000000 6.495348 -2.078034
v 0.958190 6.675026 -1.920210
v 1.650210 6.756445 -1.597030
v 2.015217 6.620497 -0.962880
v 2.178505 6.422272 0.047110
v 2.097994 6.385305 0.983983
v 1.637695 6.425250 1.818873
v 0.942730 6.370687 2.261950
v 0.000000 6.263083 2.313737
vt 0.597364 0.109709
vt 0.615277 0.096462
vt 0.630966 0.130992
vt 0.598529 0.136110
vt 0.653855 0.129160
vt 0.661523 0.120650
vt 0.669573 0.131856
vt 0.699483 0.124495
vt 0.739722 0.093918
vt 0.756534 0.109052
vt 0.753905 0.134956
vt 0.721271 0.127112
vt 0.631728 0.160089
vt 0.592971 0.163503
vt 0.685954 0.157963
vt 0.758385 0.163671
vt 0.720984 0.158418
vt 0.636887 0.195440
vt 0.600481 0.195241
vt 0.684020 0.200467
vt 0.716485 0.196151
vt 0.750948 0.196695
vt 0.632778 0.232436
vt 0.603486 0.223470
vt 0.690212 0.245590
vt 0.720009 0.234516
vt 0.748130 0.225450
vt 0.607804 0.267816
vt 0.581346 0.241670
vt 0.715889 0.292606
vt 0.743448 0.270584
vt 0.768479 0.244047
vt 0.420992 0.064020
vt 0.393606 0.097083
vt 0.907637 0.039885
vt 0.937215 0.070063
vt 0.798939 0.262201
vt 0.448641 0.091619
vt 0.424575 0.115962
vt 0.877422 0.070562
vt 0.907735 0.095708
vt 0.930074 0.121640
vt 0.468461 0.117925
vt 0.445856 0.127807
vt 0.853741 0.104201
vt 0.886164 0.120594
vt 0.908037 0.132002
vt 0.476811 0.148256
vt 0.444273 0.150597
vt 0.839682 0.142389
vt 0.875759 0.150285
vt 0.908053 0.154844
vt 0.478555 0.183598
vt 0.442989 0.181739
vt 0.834191 0.184920
vt 0.871602 0.185424
vt 0.907203 0.186005
vt 0.473419 0.215089
vt 0.441993 0.211246
vt 0.839400 0.225943
vt 0.874569 0.217190
vt 0.906177 0.215509
vt 0.462986 0.241589
vt 0.441647 0.231753
vt 0.852527 0.261541
vt 0.883161 0.244339
vt 0.905117 0.235988
vt 0.441089 0.267688
vt 0.420194 0.240152
vt 0.875857 0.295016
vt 0.903214 0.271877
vt 0.925939 0.245835
vt 0.558340 0.058526
vt 0.538324 0.095506
vt 0.781598 0.029467
vt 0.800593 0.061064
vt 0.955484 0.267518
vt 0.589820 0.076510
vt 0.572889 0.105102
vt 0.749366 0.046270
vt 0.767224 0.076755
vt 0.781367 0.106215
vt 0.722254 0.066751
vt 0.935936 0.219836
vt 0.972940 0.230260
vt 0.792674 0.138774
vt 0.940969 0.190516
vt 0.978572 0.195610
vt 0.793568 0.169293
vt 0.938793 0.155558
vt 0.977024 0.156244
vt 0.787960 0.202964
vt 0.411998 0.213526
vt 0.526448 0.136154
vt 0.559529 0.137400
vt 0.408984 0.183928
vt 0.524468 0.171340
vt 0.556960 0.167720
vt 0.413551 0.149201
vt 0.530151 0.210032
vt 0.561357 0.201013
vt 0.375368 0.147269
vt 0.549910 0.260100
vt 0.371123 0.186432
vt 0.374369 0.221385
vt 0.389235 0.259752
vt 0.817865 0.214000
vt 0.962271 0.104926
vt 0.825950 0.175206
vt 0.826543 0.139461
vt 0.817836 0.098393
vt 0.928723 0.297943
vt 0.901264 0.322997
vt 0.413853 0.291943
vt 0.774273 0.294645
vt 0.745939 0.323252
vt 0.577255 0.293394
vt 0.690965 0.116839
vt 0.635541 0.071220
vt 0.684197 0.129511
vt 0.610878 0.047861
vt 0.439534 0.318819
vt 0.580435 0.027676
vt 0.466799 0.292644
vt 0.492368 0.260842
vt 0.507903 0.226227
vt 0.515911 0.185656
vt 0.513340 0.142849
vt 0.501921 0.103793
vt 0.480601 0.068615
vt 0.609627 0.320600
vt 0.452562 0.035949
vt 0.636439 0.288310
vt 0.662611 0.243563
vt 0.670161 0.199447
vt 0.667664 0.159339
vt 0.657689 0.124905
vt 0.695224 0.120667
vt 0.691366 0.144576
vt 0.668428 0.148346
vt 0.685251 0.146582
vt 0.662141 0.147268
vt 0.695424 0.134536
vt 0.668801 0.140253
vt 0.684788 0.138167
vt 0.657998 0.138214
vt 0.691840 0.127003
vt 0.669287 0.135979
vt 0.684461 0.133779
vt 0.661714 0.130508
vt 0.665548 0.126253
vt 0.687581 0.123175
vt 0.663631 0.128381
vt 0.689710 0.125089
vt 0.631423 0.148450
vt 0.595194 0.152545
vt 0.557988 0.155592
vt 0.372421 0.200413
vt 0.525260 0.157265
vt 0.410190 0.195767
vt 0.442590 0.193542
vt 0.476501 0.196194
vt 0.512708 0.201884
vt 0.836275 0.201329
vt 0.872789 0.198130
vt 0.906793 0.197807
vt 0.938956 0.202244
vt 0.826187 0.160908
vt 0.976319 0.209470
vt 0.793210 0.157085
vt 0.756593 0.152185
vt 0.721099 0.145896
vt 0.631194 0.139721
vt 0.596861 0.144328
vt 0.558758 0.146496
vt 0.373395 0.210899
vt 0.525854 0.146710
vt 0.411094 0.204646
vt 0.442292 0.202394
vt 0.474960 0.205642
vt 0.510306 0.214056
vt 0.837837 0.213636
vt 0.873679 0.207660
vt 0.906485 0.206658
vt 0.937446 0.211040
vt 0.826365 0.150184
vt 0.974630 0.219865
vt 0.792942 0.147930
vt 0.755249 0.143570
vt 0.721185 0.136504
vt 0.621552 0.110274
vt 0.597830 0.120269
vt 0.567545 0.118021
vt 0.383288 0.244405
vt 0.533574 0.111765
vt 0.416916 0.229501
vt 0.441785 0.223550
vt 0.467159 0.230989
vt 0.498582 0.246996
vt 0.847276 0.247302
vt 0.879724 0.233479
vt 0.905541 0.227796
vt 0.929938 0.235436
vt 0.821319 0.114820
vt 0.962467 0.252614
vt 0.785890 0.119239
vt 0.755482 0.119413
vt 0.732695 0.106735
vt 0.645934 0.090992
vt 0.709738 0.086786
vn -0.491255 -0.515458 0.702120
vn -0.237230 -0.556342 0.796370
vn -0.270217 -0.445939 0.853300
vn -0.524151 -0.392772 0.755642
vn 0.000000 -0.312009 0.950079
vn -0.641716 -0.055203 0.764953
vn -0.259912 -0.853667 0.451329
vn 0.000000 -0.889208 0.457503
vn 0.259912 -0.853667 0.451329
vn 0.641716 -0.055203 0.764953
vn 0.237230 -0.556342 0.796370
vn 0.491255 -0.515458 0.702120
vn 0.524151 -0.392772 0.755642
vn 0.270217 -0.445939 0.853300
vn -0.566013 -0.187266 0.802846
vn -0.311181 -0.231777 0.921654
vn -0.357395 0.042446 0.932988
vn -0.586205 0.047207 0.808787
vn 0.000000 0.369124 0.929380
vn 0.311181 -0.231777 0.921654
vn 0.566013 -0.187266 0.802845
vn 0.586205 0.047208 0.808787
vn 0.357395 0.042446 0.932988
vn -0.548512 -0.028969 0.835641
vn -0.383507 -0.036054 0.922834
vn -0.360185 0.094746 0.928057
vn -0.549275 0.078306 0.831965
vn 0.000000 -0.058354 0.998296
vn -0.000000 0.109744 0.993960
vn 0.383507 -0.036054 0.922834
vn 0.360185 0.094746 0.928057
vn 0.548512 -0.028969 0.835641
vn 0.549275 0.078306 0.831965
vn -0.337496 0.290806 0.895281
vn -0.534530 0.288925 0.794229
vn -0.000000 0.288859 0.957372
vn 0.337496 0.290806 0.895281
vn 0.534530 0.288925 0.794229
vn -0.480755 0.683087 0.549789
vn -0.306934 0.775776 0.551329
vn -0.331116 0.857209 0.394404
vn -0.500372 0.777659 0.380624
vn -0.000000 0.833140 0.553061
vn -0.000000 0.915486 0.402350
vn 0.306934 0.775776 0.551329
vn 0.331116 0.857209 0.394404
vn 0.480754 0.683087 0.549789
vn 0.500372 0.777659 0.380624
vn -0.363476 0.931567 0.008206
vn -0.541721 0.840514 0.008645
vn -0.000000 0.999947 0.010329
vn 0.363476 0.931567 0.008206
vn 0.541721 0.840514 0.008645
vn -0.353214 0.858014 -0.372897
vn -0.549176 0.761972 -0.343228
vn 0.000000 0.922450 -0.386117
vn 0.353214 0.858014 -0.372897
vn 0.549176 0.761972 -0.343228
vn -0.322937 0.758037 -0.566649
vn -0.532989 0.656654 -0.533599
vn 0.000000 0.811477 -0.584385
vn 0.322937 0.758037 -0.566649
vn 0.532989 0.656654 -0.533599
vn -0.522301 0.468984 -0.712219
vn -0.312071 0.486427 -0.816089
vn -0.337126 0.296078 -0.893691
vn -0.528808 0.261500 -0.807453
vn 0.000000 0.493265 -0.869879
vn 0.000000 0.311973 -0.950091
vn 0.312071 0.486427 -0.816089
vn 0.337126 0.296078 -0.893691
vn 0.522301 0.468984 -0.712219
vn 0.528808 0.261500 -0.807453
vn -0.343102 0.053168 -0.937792
vn -0.515821 0.054669 -0.854950
vn -0.000000 0.051947 -0.998650
vn 0.343102 0.053168 -0.937792
vn 0.515821 0.054669 -0.854950
vn -0.493490 -0.195602 -0.847471
vn -0.334457 -0.200033 -0.920937
vn -0.312540 -0.420421 -0.851801
vn -0.463434 -0.400150 -0.790638
vn -0.000000 -0.202173 -0.979350
vn -0.000000 -0.448345 -0.893860
vn 0.334457 -0.200033 -0.920937
vn 0.312540 -0.420421 -0.851801
vn 0.493490 -0.195602 -0.847471
vn 0.463434 -0.400150 -0.790638
vn -0.409555 -0.562745 -0.718041
vn -0.297496 -0.563755 -0.770504
vn -0.302167 -0.560440 -0.771105
vn -0.392994 -0.563579 -0.726591
vn -0.000000 -0.574711 -0.818357
vn 0.000000 -0.575664 -0.817686
vn 0.297496 -0.563755 -0.770504
vn 0.302167 -0.560440 -0.771105
vn 0.409554 -0.562745 -0.718041
vn 0.392994 -0.563579 -0.726591
vn -0.396913 -0.780423 -0.483115
vn -0.307354 -0.811684 -0.496691
vn -0.323251 -0.876154 -0.357579
vn -0.427382 -0.835556 -0.345241
vn -0.000000 -0.854375 -0.519657
vn -0.000010 -0.929817 -0.368021
vn 0.307354 -0.811684 -0.496691
vn 0.323239 -0.876147 -0.357606
vn 0.396913 -0.780423 -0.483115
vn 0.427375 -0.835543 -0.345281
vn -0.328548 -0.936237 -0.124566
vn -0.443314 -0.886452 -0.132946
vn -0.000019 -0.992145 -0.125095
vn 0.328529 -0.936243 -0.124566
vn 0.443314 -0.886452 -0.132949
vn -0.322209 -0.939413 0.116976
vn -0.447556 -0.888571 0.100676
vn -0.000011 -0.993325 0.115346
vn 0.322199 -0.939413 0.117007
vn 0.447554 -0.888566 0.100725
vn -0.305548 -0.909808 0.280873
vn -0.459633 -0.843034 0.279340
vn 0.000000 -0.958686 0.284468
vn 0.305548 -0.909808 0.280873
vn 0.459633 -0.843034 0.279340
vn 0.732289 -0.597161 -0.327339
vn 0.654627 -0.577211 -0.488150
vn 0.645382 -0.575215 -0.502603
vn 0.728955 -0.598637 -0.332052
vn 0.775922 -0.626591 -0.073002
vn 0.798014 -0.597691 -0.077065
vn 0.759257 -0.597837 0.257138
vn 0.811454 -0.525020 0.256702
vn 0.724376 -0.548085 0.418188
vn 0.770403 -0.432198 0.468705
vn 0.815968 -0.454412 -0.357359
vn 0.724941 -0.410000 -0.553498
vn 0.794952 -0.196428 -0.573993
vn 0.902188 -0.191641 -0.386433
vn 0.889767 -0.452349 -0.060792
vn 0.985606 -0.166530 -0.029110
vn 0.878439 -0.360674 0.313463
vn 0.913654 -0.109330 0.391513
vn 0.807250 -0.280498 0.519296
vn 0.820231 -0.073201 0.567330
vn 0.931918 0.055123 -0.358456
vn 0.830519 0.076010 -0.551779
vn 0.795818 0.283157 -0.535253
vn 0.892362 0.290639 -0.345281
vn 0.999123 0.041605 -0.004718
vn 0.961202 0.275648 0.010437
vn 0.915959 0.024364 0.400532
vn 0.901643 0.222250 0.371006
vn 0.825700 0.012738 0.563966
vn 0.826361 0.176365 0.534811
vn 0.731333 0.452949 -0.509892
vn 0.846010 0.436926 -0.305552
vn 0.912975 0.407229 0.025318
vn 0.870911 0.350568 0.344407
vn 0.808009 0.305743 0.503630
vn -0.654627 -0.577211 -0.488150
vn -0.732284 -0.597179 -0.327320
vn -0.728947 -0.598651 -0.332043
vn -0.645382 -0.575215 -0.502603
vn -0.775905 -0.626611 -0.073012
vn -0.798000 -0.597710 -0.077067
vn -0.759252 -0.597849 0.257126
vn -0.811449 -0.525033 0.256691
vn -0.724376 -0.548086 0.418188
vn -0.770403 -0.432198 0.468705
vn -0.724941 -0.410000 -0.553498
vn -0.815965 -0.454419 -0.357356
vn -0.902188 -0.191641 -0.386433
vn -0.794952 -0.196427 -0.573993
vn -0.889762 -0.452359 -0.060792
vn -0.985607 -0.166530 -0.029110
vn -0.878437 -0.360680 0.313461
vn -0.913655 -0.109330 0.391513
vn -0.807250 -0.280498 0.519296
vn -0.820231 -0.073201 0.567330
vn -0.830519 0.076010 -0.551779
vn -0.931918 0.055123 -0.358456
vn -0.892362 0.290639 -0.345281
vn -0.795818 0.283158 -0.535253
vn -0.999123 0.041605 -0.004719
vn -0.961202 0.275648 0.010437
vn -0.915959 0.024364 0.400532
vn -0.901643 0.222251 0.371006
vn -0.825700 0.012738 0.563966
vn -0.826361 0.176365 0.534811
vn -0.846010 0.436926 -0.305552
vn -0.731332 0.452949 -0.509892
vn -0.912975 0.407229 0.025318
vn -0.870911 0.350568 0.344407
vn -0.808009 0.305743 0.503630
vn -0.362668 0.091946 0.927371
vn -0.173594 0.082293 0.981373
vn 0.000000 -0.565403 0.824815
vn 0.000000 -0.476216 0.879328
vn 0.173594 0.082293 0.981373
vn 0.362668 0.091946 0.927371
vn 0.000000 0.168557 0.985692
vn 0.000000 0.292914 0.956139
vn 0.163156 0.099145 0.981606
vn -0.163156 0.099145 0.981606
vn -0.317457 -0.859274 0.401085
vn 0.000000 -0.914357 0.404909
vn 0.317457 -0.859274 0.401085
vn 0.128403 0.017408 0.991569
vn -0.128403 0.017408 0.991569
vn -0.564624 0.110495 0.817919
vn -0.910379 -0.108104 0.399403
vn -0.814179 -0.071109 0.576243
vn -0.985898 -0.166298 -0.018723
vn -0.905731 -0.192229 -0.377755
vn -0.805381 -0.197154 -0.559010
vn -0.334839 -0.199638 -0.920884
vn -0.482776 -0.195607 -0.853619
vn 0.000000 -0.202252 -0.979333
vn 0.334839 -0.199638 -0.920884
vn 0.482776 -0.195607 -0.853619
vn 0.905731 -0.192229 -0.377756
vn 0.805381 -0.197154 -0.559010
vn 0.985898 -0.166298 -0.018723
vn 0.910379 -0.108104 0.399403
vn 0.814179 -0.071109 0.576243
vn 0.564624 0.110495 0.817919
vn 0.054935 -0.339249 0.939091
vn 0.000000 -0.342498 0.939519
vn -0.054935 -0.339249 0.939091
s 1
g Head_uv Head
usemtl standardSurface10SG
f 25/45/73 26/46/74 170/235/75 171/236/76
f 32/51/77 136/194/78 138/197/79 137/195/80
f 139/198/81 134/191/82 32/164/77 137/196/80
f 28/53/83 29/54/84 183/251/85 184/252/86
f 30/48/87 31/47/88 155/217/89 156/218/90
f 135/192/91 136/194/78 32/51/77
f 32/164/77 134/191/82 135/193/91
f 33/56/92 34/55/93 168/233/94 169/234/95
f 35/58/96 36/57/97 41/62/98 40/63/99
f 36/57/97 37/180/100 42/179/101 41/62/98
f 37/59/100 38/61/102 43/65/103 42/64/101
f 38/61/102 39/60/104 44/66/105 43/65/103
f 40/63/99 41/62/98 46/67/106 45/68/107
f 41/62/98 42/179/101 47/178/108 46/67/106
f 42/64/101 43/65/103 48/70/109 47/69/108
f 43/65/103 44/66/105 49/71/110 48/70/109
s 5
f 45/68/111 46/67/112 51/72/113 50/73/114
f 46/67/112 47/178/115 52/177/116 51/72/113
f 47/69/115 48/70/117 53/75/118 52/74/116
f 48/70/117 49/71/119 54/76/120 53/75/118
f 50/73/114 51/72/113 56/161/121 55/147/122
f 51/72/113 52/177/116 57/175/123 56/161/121
f 52/74/116 53/75/118 58/159/124 57/160/123
f 53/75/118 54/76/120 59/81/125 58/159/124
f 55/78/122 56/77/121 61/82/126 60/83/127
f 56/77/121 57/176/123 62/174/128 61/82/126
f 57/79/123 58/80/124 63/85/129 62/84/128
f 58/80/124 59/152/125 64/86/130 63/85/129
f 60/83/127 61/82/126 66/87/131 65/88/132
f 61/82/126 62/174/128 67/173/133 66/87/131
f 62/84/128 63/85/129 68/90/134 67/89/133
f 63/85/129 64/86/130 69/91/135 68/90/134
s 6
f 65/88/136 66/87/137 71/92/138 70/93/139
f 66/87/137 67/173/140 72/172/141 71/92/138
f 67/89/140 68/90/142 73/95/143 72/94/141
f 68/90/142 69/91/144 74/96/145 73/95/143
f 70/93/139 71/92/138 76/97/146 75/98/147
f 71/92/138 72/172/141 77/171/148 76/97/146
f 72/94/141 73/95/143 78/100/149 77/99/148
f 73/95/143 74/96/145 79/101/150 78/100/149
f 160/223/151 161/224/152 81/102/153 80/103/154
f 161/224/152 162/225/155 82/170/156 81/102/153
f 162/226/155 163/227/157 83/105/158 82/104/156
f 163/227/157 164/228/159 84/106/160 83/105/158
f 175/241/161 176/242/162 86/107/163 85/108/164
f 176/242/162 177/243/165 87/169/166 86/107/163
f 177/244/165 178/245/167 88/110/168 87/109/166
f 178/245/167 179/246/169 89/111/170 88/110/168
s 8
f 85/108/171 86/107/172 91/112/173 90/113/174
f 86/107/172 87/169/175 92/168/176 91/112/173
f 87/109/175 88/110/177 93/115/178 92/114/176
f 88/110/177 89/111/179 94/116/180 93/115/178
f 90/113/174 91/112/173 96/158/181 95/150/182
f 91/112/173 92/168/176 97/166/183 96/158/181
f 92/114/176 93/115/178 98/156/184 97/157/183
f 93/115/178 94/116/180 99/121/185 98/156/184
f 95/118/182 96/117/181 101/122/186 100/123/187
f 96/117/181 97/167/183 102/165/188 101/122/186
f 97/119/183 98/120/184 103/125/189 102/124/188
f 98/120/184 99/155/185 104/126/190 103/125/189
f 100/123/187 101/122/186 26/46/191 25/45/192
f 101/122/186 102/165/188 27/163/193 26/46/191
f 102/124/188 103/125/189 28/53/194 27/127/193
f 103/125/189 104/126/190 29/54/195 28/53/194
s 9
f 94/116/196 89/111/197 179/246/198 180/247/199
f 99/121/200 94/116/196 180/247/199 181/249/201
f 104/126/202 99/155/200 181/248/201 182/250/203
f 29/54/204 104/126/202 182/250/203 183/251/205
f 105/128/206 84/106/207 164/228/208 165/229/209
f 106/129/210 105/128/206 165/229/209 166/231/211
f 107/130/212 106/154/210 166/230/211 167/232/213
f 34/55/214 107/130/212 167/232/213 168/233/215
f 108/131/216 79/101/217 74/96/218 111/134/219
f 109/132/220 108/131/216 111/134/219 112/135/221
f 110/133/222 109/153/220 112/151/221 113/136/223
f 39/60/224 110/133/222 113/136/223 44/66/225
f 111/134/219 74/96/218 69/91/226 64/86/227
f 112/135/221 111/134/219 64/86/227 59/152/228
f 113/136/223 112/151/221 59/81/228 54/76/229
f 44/66/225 113/136/223 54/76/229 49/71/230
s 11
f 85/108/231 90/113/232 174/240/233 175/241/234
f 90/113/232 95/150/235 173/238/236 174/240/233
f 95/118/235 100/123/237 172/237/238 173/239/236
f 100/123/237 25/45/239 171/236/240 172/237/238
f 80/103/241 114/137/242 159/222/243 160/223/244
f 114/137/242 115/149/245 158/220/246 159/222/243
f 115/138/245 116/139/247 157/219/248 158/221/246
f 116/139/247 30/48/249 156/218/250 157/219/248
f 75/98/251 117/140/252 120/143/253 70/93/254
f 117/140/252 118/148/255 121/146/256 120/143/253
f 118/141/255 119/142/257 122/145/258 121/144/256
f 119/142/257 35/58/259 40/63/260 122/145/258
f 70/93/254 120/143/253 60/83/261 65/88/262
f 120/143/253 121/146/256 55/78/263 60/83/261
f 121/144/256 122/145/258 50/73/264 55/147/263
f 122/145/258 40/63/260 45/68/265 50/73/264
s 1
f 140/199/266 130/186/267 37/180/100 36/57/97
f 27/127/268 28/53/83 184/252/86 185/254/269
f 128/183/270 154/216/271 38/61/102 37/59/100
f 26/46/74 27/163/268 185/253/269 170/235/75
f 129/185/272 128/183/270 37/59/100
f 37/180/100 130/186/267 129/184/272
f 132/189/273 131/187/274 128/183/270 129/185/272
f 129/184/272 130/186/267 133/190/275 132/188/273
f 137/195/80 138/197/79 126/181/276 124/50/277
f 124/162/277 127/182/278 139/198/81 137/196/80
f 134/191/82 139/198/81 127/182/278 125/52/279
f 135/193/91 134/191/82 132/189/273
f 132/188/273 136/194/78 135/192/91
f 123/49/280 126/181/276 138/197/79 136/194/78
f 131/187/274 132/189/273 134/191/82 125/52/279
f 136/194/78 132/188/273 133/190/275 123/49/280
f 141/200/281 140/199/266 36/57/97 35/58/96
s 11
f 142/201/282 141/200/283 35/58/259 119/142/257
f 143/203/284 142/201/282 119/142/257 118/141/255
f 144/204/285 143/202/284 118/148/255 117/140/252
f 145/205/286 144/204/285 117/140/252 75/98/251
s 6
f 75/98/147 76/97/146 146/206/287 145/205/288
f 76/97/146 77/171/148 147/207/289 146/206/287
f 77/99/148 78/100/149 148/209/290 147/208/289
f 78/100/149 79/101/150 149/210/291 148/209/290
s 9
f 150/211/292 149/210/293 79/101/217 108/131/216
f 151/213/294 150/211/292 108/131/216 109/132/220
f 152/214/295 151/212/294 109/153/220 110/133/222
f 153/215/296 152/214/295 110/133/222 39/60/224
s 1
f 154/216/271 153/215/297 39/60/104 38/61/102
f 156/218/90 155/217/89 140/199/266 141/200/281
s 11
f 157/219/248 156/218/250 141/200/283 142/201/282
f 158/221/246 157/219/248 142/201/282 143/203/284
f 159/222/243 158/220/246 143/202/284 144/204/285
f 160/223/244 159/222/243 144/204/285 145/205/286
s 6
f 145/205/288 146/206/287 161/224/152 160/223/151
f 146/206/287 147/207/289 162/225/155 161/224/152
f 147/208/289 148/209/290 163/227/157 162/226/155
f 148/209/290 149/210/291 164/228/159 163/227/157
s 9
f 165/229/209 164/228/208 149/210/293 150/211/292
f 166/231/211 165/229/209 150/211/292 151/213/294
f 167/232/213 166/230/211 151/212/294 152/214/295
f 168/233/215 167/232/213 152/214/295 153/215/296
s 1
f 169/234/95 168/233/94 153/215/297 154/216/271
f 123/49/280 133/190/275 155/217/89 31/47/88
f 155/217/89 133/190/275 130/186/267 140/199/266
f 131/187/274 169/234/95 154/216/271 128/183/270
f 125/52/279 33/56/92 169/234/95 131/187/274
f 171/236/76 170/235/75 31/47/88 30/48/87
s 11
f 172/237/238 171/236/240 30/48/249 116/139/247
f 173/239/236 172/237/238 116/139/247 115/138/245
f 174/240/233 173/238/236 115/149/245 114/137/242
f 175/241/234 174/240/233 114/137/242 80/103/241
s 6
f 80/103/154 81/102/153 176/242/162 175/241/161
f 81/102/153 82/170/156 177/243/165 176/242/162
f 82/104/156 83/105/158 178/245/167 177/244/165
f 83/105/158 84/106/160 179/246/169 178/245/167
s 9
f 180/247/199 179/246/198 84/106/207 105/128/206
f 181/249/201 180/247/199 105/128/206 106/129/210
f 182/250/203 181/248/201 106/154/210 107/130/212
f 183/251/205 182/250/203 107/130/212 34/55/214
s 1
f 184/252/86 183/251/85 34/55/93 33/56/92
f 127/182/298 33/56/92 125/52/279
f 170/235/75 185/253/269 124/50/299 126/181/300 31/47/88
f 31/47/88 126/181/300 123/49/280
f 185/254/269 184/252/86 33/56/92 127/182/298 124/162/299
g default
v -1.901393 9.975466 1.393467
v -1.081369 10.602210 1.503442
v 0.000000 10.814183 1.554307
v 1.081369 10.602210 1.503442
v 1.901393 9.975466 1.393467
v -2.199428 10.387289 0.445363
v -1.207333 11.000754 0.452148
v 0.000000 11.406054 0.468864
v 1.207333 11.000754 0.452148
v 2.199428 10.387289 0.445363
v -2.197682 10.459522 -0.620711
v -1.218867 11.126164 -0.695193
v 0.000000 11.580169 -0.726393
v 1.218867 11.126164 -0.695193
v 2.197682 10.459522 -0.620711
v -1.924482 10.257076 -1.426283
v -1.123591 10.971280 -1.453325
v 0.000000 11.448205 -1.513487
v 1.123591 10.971280 -1.453325
v 1.924482 10.257076 -1.426283
v -2.366633 9.442887 1.353976
v -2.790150 9.708188 0.457454
v 2.366633 9.442887 1.353976
v 2.790150 9.708188 0.457454
v -2.758275 9.716458 -0.610187
v 2.758275 9.716458 -0.610187
v -2.472343 9.431892 -1.441738
v 2.472343 9.431892 -1.441738
v -1.530063 9.609321 2.191993
v -0.830941 9.959622 2.427495
v 0.000000 10.107134 2.514517
v 0.830941 9.959622 2.427495
v 1.530063 9.609321 2.191993
v -2.041529 9.199753 1.917555
v 2.041529 9.199753 1.917555
v -2.570288 8.602820 1.262130
v -3.088769 8.943721 0.423325
v 2.570288 8.602820 1.262130
v 3.088769 8.943721 0.423325
v -3.046963 8.829547 -0.610458
v 3.046963 8.829547 -0.610458
v -2.694708 8.668954 -1.498080
v 2.694708 8.668954 -1.498080
v -2.913977 8.193591 0.351363
v -2.901309 7.828291 -0.546084
v 2.913977 8.193591 0.351363
v 2.901309 7.828291 -0.546084
v -2.441497 7.352772 -1.533560
v 2.441497 7.352772 -1.533560
v -1.553254 9.730177 -2.051840
v -0.820695 10.553352 -1.934683
v 0.000000 11.097191 -1.943251
v 0.820695 10.553352 -1.934683
v 1.553254 9.730177 -2.051840
v -1.631235 8.765943 -2.440717
v 1.631235 8.765943 -2.440717
v -1.765759 7.999656 -2.452338
v 1.765759 7.999656 -2.452338
v -1.830185 6.927899 -2.062841
v 1.830185 6.927899 -2.062841
v -1.143645 7.880535 -2.657827
v -0.670373 7.216701 -2.817621
v 1.143645 7.880535 -2.657827
v 0.670373 7.216701 -2.817621
v -0.894640 6.542131 -2.421611
v 0.894640 6.542131 -2.421611
v -0.065597 6.989321 -2.863612
v -0.184513 6.414156 -2.534063
v 0.065597 6.989321 -2.863612
v 0.184513 6.414156 -2.534063
v -1.962306 10.037514 1.444495
v -1.120514 10.681042 1.555026
v -1.250661 11.089534 0.479166
v -2.266546 10.461285 0.471285
v -0.000000 10.905914 1.601735
v 0.000000 11.510071 0.490707
v 1.120514 10.681042 1.555026
v 1.250660 11.089533 0.479166
v 1.962306 10.037514 1.444495
v 2.266546 10.461285 0.471285
v -1.267186 11.216375 -0.703166
v -2.268806 10.532795 -0.637630
v 0.000000 11.688200 -0.735507
v 1.267186 11.216375 -0.703166
v 2.268806 10.532795 -0.637630
v -1.172476 11.047788 -1.504788
v -1.988380 10.314272 -1.483665
v -0.000000 11.546792 -1.567437
v 1.172475 11.047788 -1.504788
v 1.988381 10.314272 -1.483665
v -2.879932 9.757242 0.484209
v -2.444419 9.480167 1.408611
v 2.444419 9.480167 1.408611
v 2.879932 9.757242 0.484209
v -2.847265 9.763855 -0.632786
v 2.847265 9.763856 -0.632785
v -2.548038 9.467919 -1.501030
v 2.548038 9.467919 -1.501030
v -1.590322 9.666289 2.248640
v -0.868487 10.033111 2.487159
v 0.000000 10.188682 2.575550
v 0.868487 10.033111 2.487159
v 1.590322 9.666289 2.248640
v -2.119085 9.233076 1.974826
v 2.119085 9.233076 1.974826
v -3.192512 8.947418 0.449919
v -2.685921 8.612417 1.267131
v 2.685923 8.612418 1.267128
v 3.192512 8.947418 0.449919
v -3.149449 8.837152 -0.631810
v 3.149449 8.837152 -0.631810
v -2.781390 8.673064 -1.555617
v 2.781391 8.673064 -1.555617
v -3.000025 7.810522 -0.563051
v -3.011168 8.171327 0.375181
v 3.011168 8.171327 0.375181
v 3.000025 7.810522 -0.563051
v -2.527514 7.336294 -1.585173
v 2.527514 7.336294 -1.585173
v -0.862698 10.611765 -2.004731
v -1.606890 9.774538 -2.124262
v -0.000000 11.171961 -2.020309
v 0.862699 10.611766 -2.004731
v 1.606890 9.774538 -2.124262
v -1.678090 8.789034 -2.529770
v 1.678090 8.789034 -2.529770
v -1.824577 7.993586 -2.537888
v 1.824577 7.993586 -2.537888
v -1.892559 6.904532 -2.139584
v 1.892559 6.904532 -2.139584
v -1.174265 7.884681 -2.752933
v -0.697382 7.195469 -2.914996
v 0.697382 7.195469 -2.914996
v 1.174265 7.884681 -2.752933
v -0.929960 6.504379 -2.508420
v 0.929960 6.504379 -2.508420
v -0.076959 6.941703 -2.951581
v -0.195875 6.366537 -2.622032
v 0.195875 6.366537 -2.622032
v 0.076959 6.941703 -2.951581
vt 0.563755 0.649653
vt 0.525980 0.650087
vt 0.523224 0.610036
vt 0.565315 0.611138
vt 0.485522 0.657375
vt 0.978807 0.605697
vt 0.929349 0.644552
vt 0.932116 0.604501
vt 0.891574 0.644108
vt 0.890025 0.605592
vt 0.523140 0.568594
vt 0.565103 0.572611
vt 0.979562 0.559874
vt 0.932212 0.563060
vt 0.890248 0.567065
vt 0.524838 0.539966
vt 0.563660 0.540346
vt 0.975044 0.529261
vt 0.930522 0.534431
vt 0.891700 0.534800
vt 0.610779 0.436738
vt 0.640038 0.408196
vt 0.811067 0.404111
vt 0.840337 0.432642
vt 0.572380 0.457415
vt 0.878743 0.453305
vt 0.598763 0.538146
vt 0.916158 0.458184
vt 0.558219 0.683025
vt 0.529221 0.690192
vt 0.955348 0.694256
vt 0.926097 0.684656
vt 0.897100 0.677481
vt 0.654042 0.386906
vt 0.797056 0.382825
vt 0.593734 0.412724
vt 0.615960 0.386060
vt 0.835138 0.381966
vt 0.857374 0.408622
vt 0.558794 0.425627
vt 0.892318 0.421513
vt 0.525049 0.434131
vt 0.926066 0.430005
vt 0.545111 0.391749
vt 0.579662 0.388530
vt 0.871437 0.384423
vt 0.905989 0.387630
vt 0.502666 0.391838
vt 0.948434 0.387704
vt 0.525761 0.514252
vt 0.568219 0.507927
vt 0.967445 0.509121
vt 0.929607 0.508717
vt 0.887150 0.502379
vt 0.808543 0.584753
vt 0.641769 0.586084
vt 0.802247 0.556781
vt 0.647650 0.558025
vt 0.794999 0.516474
vt 0.654287 0.517647
vt 0.778106 0.562303
vt 0.752023 0.546158
vt 0.697723 0.546631
vt 0.671871 0.563178
vt 0.756505 0.516834
vt 0.692765 0.517438
vt 0.727743 0.540760
vt 0.731058 0.516562
vt 0.718141 0.516721
vt 0.721966 0.540768
vt 0.638688 0.849122
vt 0.635023 0.812141
vt 0.674280 0.805129
vt 0.675845 0.845582
vt 0.718569 0.798416
vt 0.746568 0.844176
vt 0.787627 0.802710
vt 0.786141 0.843166
vt 0.826898 0.809646
vt 0.823305 0.846634
vt 0.629095 0.776273
vt 0.667270 0.764437
vt 0.710701 0.752036
vt 0.794559 0.762004
vt 0.832756 0.773766
vt 0.622855 0.746639
vt 0.659448 0.737827
vt 0.699620 0.723604
vt 0.802329 0.735379
vt 0.838940 0.744120
vt 0.612946 0.852421
vt 0.605626 0.818304
vt 0.856307 0.815752
vt 0.849053 0.849883
vt 0.598844 0.783134
vt 0.863021 0.780569
vt 0.589016 0.753579
vt 0.872791 0.750995
vt 0.530260 0.693584
vt 0.558918 0.686486
vt 0.953382 0.697380
vt 0.925056 0.688048
vt 0.896401 0.680941
vt 0.583945 0.681530
vt 0.797725 0.379204
vt 0.617137 0.382233
vt 0.578316 0.822987
vt 0.883626 0.820382
vt 0.833960 0.378139
vt 0.567733 0.788928
vt 0.894143 0.786302
vt 0.561251 0.756281
vt 0.900562 0.753643
vt 0.579449 0.384967
vt 0.545096 0.388189
vt 0.906003 0.384070
vt 0.871648 0.380860
vt 0.503083 0.388272
vt 0.948015 0.384138
vt 0.566818 0.504580
vt 0.525541 0.510706
vt 0.489448 0.511123
vt 0.929827 0.505171
vt 0.888552 0.499033
vt 0.805766 0.587141
vt 0.858779 0.477286
vt 0.654240 0.658671
vt 0.794276 0.658662
vt 0.471546 0.382256
vt 0.655049 0.514099
vt 0.750768 0.549614
vt 0.776106 0.565246
vt 0.673914 0.566092
vt 0.699026 0.550068
vt 0.756461 0.513294
vt 0.692746 0.513898
vt 0.731093 0.512980
vt 0.727360 0.544315
vt 0.722380 0.544326
vt 0.718023 0.513175
vt 0.980280 0.424473
vt 0.980830 0.381544
vt 0.961388 0.719202
vt 0.470833 0.428619
vt 0.470267 0.385691
vt 0.654329 0.618129
vt 0.921558 0.706541
vt 0.540163 0.709220
vt 0.480317 0.534783
vt 0.487922 0.514646
vt 0.773788 0.703933
vt 0.969805 0.651851
vt 0.499966 0.699784
vt 0.706997 0.889881
vt 0.475791 0.565395
vt 0.476533 0.611218
vt 0.762130 0.721234
vt 0.715420 0.846515
vt 0.751104 0.749688
vt 0.743326 0.796082
vt 0.721928 0.632995
vt 0.726585 0.632995
vt 0.748696 0.639303
vt 0.699819 0.639306
vt 0.770641 0.659002
vt 0.892116 0.703916
vt 0.795205 0.686266
vt 0.677876 0.659008
vt 0.653315 0.686275
vt 0.569601 0.706538
vt 0.853326 0.715500
vt 0.608413 0.718046
vt 0.809585 0.711175
vt 0.687928 0.706325
vt 0.965921 0.505598
vt 0.652145 0.713637
vt 0.881158 0.856638
vt 0.843919 0.874025
vt 0.580854 0.859238
vt 0.618127 0.876553
vt 0.910358 0.825045
vt 0.551593 0.827702
vt 0.717706 0.609465
vt 0.730805 0.609464
vt 0.756644 0.611533
vt 0.691866 0.611538
vt 0.794183 0.618120
vt 0.979551 0.378111
vt 0.500358 0.721957
vt 0.794180 0.512938
vt 0.946555 0.748568
vt 0.515248 0.751295
vt 0.929045 0.790739
vt 0.532840 0.793432
vt 0.816543 0.879483
vt 0.645513 0.881957
vt 0.785676 0.883830
vt 0.755074 0.887525
vt 0.501931 0.702909
vt 0.676389 0.886246
vt 0.644581 0.588431
vt 0.972433 0.453349
vt 0.596597 0.482841
vt 0.599072 0.485485
vt 0.856598 0.532591
vt 0.856303 0.479929
vt 0.534967 0.462307
vt 0.478690 0.457492
vt 0.865796 0.647335
vt 0.871436 0.672319
vt 0.871375 0.675978
vt 0.589532 0.652888
vt 0.583885 0.677870
vt 0.653372 0.383284
vt 0.856297 0.567791
vt 0.599054 0.573347
vt 0.857402 0.609263
vt 0.597937 0.614819
vn -0.532256 0.739012 0.412995
vn -0.384393 0.821313 0.421529
vn -0.412148 0.874765 0.254795
vn -0.545628 0.801262 0.245497
vn 0.000000 0.901539 0.432698
vn 0.000000 0.963401 0.268065
vn 0.384393 0.821313 0.421529
vn 0.412148 0.874765 0.254795
vn 0.532256 0.739012 0.412995
vn 0.545628 0.801262 0.245497
vn -0.456103 0.888838 -0.044009
vn -0.573156 0.816037 -0.074674
vn 0.000000 0.999959 -0.009038
vn 0.456103 0.888838 -0.044009
vn 0.573155 0.816037 -0.074673
vn -0.482523 0.838746 -0.252342
vn -0.593791 0.742640 -0.309673
vn -0.000000 0.977995 -0.208626
vn 0.482523 0.838746 -0.252342
vn 0.593791 0.742640 -0.309674
vn -0.669599 0.572934 0.472634
vn -0.669600 0.572934 0.472634
vn -0.669600 0.572934 0.472634
vn -0.669600 0.572934 0.472634
vn 0.669599 0.572934 0.472634
vn 0.669599 0.572934 0.472634
vn 0.669599 0.572934 0.472634
vn 0.669599 0.572934 0.472634
vn -0.777273 0.629059 0.011460
vn -0.777273 0.629059 0.011460
vn -0.777273 0.629059 0.011460
vn -0.777273 0.629059 0.011460
vn 0.777273 0.629059 0.011461
vn 0.777273 0.629059 0.011461
vn 0.777273 0.629059 0.011461
vn 0.777273 0.629059 0.011461
vn -0.744131 0.527484 -0.409914
vn -0.744131 0.527484 -0.409914
vn -0.744131 0.527484 -0.409914
vn -0.744131 0.527484 -0.409914
vn 0.744132 0.527484 -0.409914
vn 0.744132 0.527484 -0.409914
vn 0.744132 0.527484 -0.409914
vn 0.744132 0.527484 -0.409914
vn -0.533637 0.631539 0.562486
vn -0.533637 0.631539 0.562486
vn -0.533637 0.631539 0.562486
vn -0.533637 0.631539 0.562486
vn -0.190298 0.786030 0.588169
vn -0.190298 0.786030 0.588169
vn -0.190298 0.786030 0.588169
vn -0.190298 0.786030 0.588169
vn 0.190298 0.786030 0.588169
vn 0.190298 0.786030 0.588169
vn 0.190298 0.786030 0.588169
vn 0.190298 0.786030 0.588169
vn 0.533637 0.631538 0.562486
vn 0.533637 0.631538 0.562486
vn 0.533637 0.631538 0.562486
vn 0.533637 0.631538 0.562486
vn -0.660599 0.498699 0.561167
vn -0.660599 0.498699 0.561167
vn -0.660599 0.498699 0.561167
vn -0.660599 0.498699 0.561167
vn 0.660599 0.498699 0.561167
vn 0.660599 0.498699 0.561167
vn 0.660599 0.498699 0.561167
vn 0.660599 0.498699 0.561167
vn -0.824452 0.217568 0.522439
vn -0.824452 0.217568 0.522439
vn -0.824452 0.217568 0.522439
vn -0.824452 0.217568 0.522439
vn 0.824452 0.217568 0.522439
vn 0.824452 0.217568 0.522439
vn 0.824452 0.217568 0.522439
vn 0.824452 0.217568 0.522439
vn -0.941285 0.334158 -0.048173
vn -0.941285 0.334158 -0.048173
vn -0.941285 0.334158 -0.048173
vn -0.941285 0.334158 -0.048173
vn 0.941285 0.334158 -0.048173
vn 0.941285 0.334158 -0.048173
vn 0.941285 0.334158 -0.048173
vn 0.941285 0.334158 -0.048173
vn -0.872503 0.283801 -0.397737
vn -0.872504 0.283801 -0.397737
vn -0.872503 0.283801 -0.397737
vn -0.872504 0.283801 -0.397737
vn 0.872504 0.283801 -0.397737
vn 0.872504 0.283801 -0.397737
vn 0.872504 0.283801 -0.397737
vn 0.872504 0.283801 -0.397737
vn -0.983450 -0.180498 0.015703
vn -0.983450 -0.180498 0.015703
vn -0.983450 -0.180498 0.015703
vn -0.983450 -0.180498 0.015703
vn 0.983450 -0.180498 0.015702
vn 0.983450 -0.180498 0.015702
vn 0.983450 -0.180498 0.015702
vn 0.983450 -0.180498 0.015702
vn -0.924060 -0.163417 -0.345555
vn -0.924060 -0.163417 -0.345555
vn -0.924060 -0.163417 -0.345555
vn -0.924060 -0.163417 -0.345555
vn 0.924060 -0.163417 -0.345554
vn 0.924060 -0.163417 -0.345554
vn 0.924060 -0.163417 -0.345554
vn 0.924060 -0.163417 -0.345554
vn -0.468629 0.510616 -0.720873
vn -0.468629 0.510616 -0.720874
vn -0.468629 0.510616 -0.720874
vn -0.468629 0.510616 -0.720873
vn -0.363010 0.648051 -0.669518
vn -0.363010 0.648051 -0.669518
vn -0.363010 0.648051 -0.669518
vn -0.363010 0.648051 -0.669518
vn 0.363010 0.648051 -0.669517
vn 0.363010 0.648051 -0.669517
vn 0.363010 0.648051 -0.669517
vn 0.363010 0.648051 -0.669517
vn 0.468629 0.510616 -0.720873
vn 0.468629 0.510615 -0.720873
vn 0.468629 0.510616 -0.720873
vn 0.468629 0.510616 -0.720873
vn -0.593731 0.369482 -0.714820
vn -0.593731 0.369481 -0.714820
vn -0.593731 0.369481 -0.714820
vn -0.593731 0.369481 -0.714820
vn 0.593731 0.369482 -0.714820
vn 0.593731 0.369482 -0.714820
vn 0.593731 0.369482 -0.714820
vn 0.593731 0.369482 -0.714820
vn -0.661196 0.186576 -0.726642
vn -0.661196 0.186576 -0.726642
vn -0.661196 0.186576 -0.726642
vn -0.661196 0.186576 -0.726642
vn 0.661196 0.186576 -0.726642
vn 0.661196 0.186576 -0.726642
vn 0.661196 0.186576 -0.726642
vn 0.661196 0.186576 -0.726642
vn -0.740282 -0.156130 -0.653915
vn -0.740282 -0.156130 -0.653915
vn -0.740282 -0.156130 -0.653915
vn -0.740282 -0.156130 -0.653915
vn 0.740282 -0.156130 -0.653916
vn 0.740282 -0.156130 -0.653916
vn 0.740282 -0.156130 -0.653916
vn 0.740282 -0.156130 -0.653916
vn -0.307577 0.040523 -0.950660
vn -0.307577 0.040523 -0.950660
vn -0.307577 0.040523 -0.950660
vn -0.307577 0.040523 -0.950660
vn 0.307577 0.040523 -0.950660
vn 0.307577 0.040523 -0.950660
vn 0.307577 0.040523 -0.950660
vn 0.307577 0.040523 -0.950660
vn -0.467643 -0.297400 -0.832384
vn -0.467643 -0.297400 -0.832384
vn -0.467643 -0.297400 -0.832384
vn -0.467643 -0.297400 -0.832384
vn 0.467643 -0.297400 -0.832384
vn 0.467643 -0.297400 -0.832384
vn 0.467643 -0.297400 -0.832384
vn 0.467643 -0.297400 -0.832384
vn -0.224219 -0.442523 -0.868274
vn -0.224219 -0.442523 -0.868274
vn -0.224219 -0.442523 -0.868274
vn -0.224219 -0.442523 -0.868274
vn 0.224220 -0.442523 -0.868274
vn 0.224220 -0.442523 -0.868274
vn 0.224220 -0.442523 -0.868274
vn 0.224220 -0.442523 -0.868274
vn -0.000001 -0.497142 -0.867669
vn -0.000001 -0.497142 -0.867669
vn -0.000001 -0.497142 -0.867669
vn -0.000001 -0.497142 -0.867669
vn -0.865849 -0.244360 0.436571
vn -0.865849 -0.244360 0.436570
vn -0.865849 -0.244360 0.436570
vn 0.865849 -0.244360 0.436570
vn 0.865849 -0.244360 0.436570
vn 0.865849 -0.244359 0.436570
vn -0.829899 0.143046 0.539264
vn -0.829899 0.143046 0.539264
vn -0.829899 0.143046 0.539264
vn 0.829899 0.143046 0.539264
vn 0.829899 0.143046 0.539264
vn 0.829899 0.143046 0.539264
vn 0.532451 -0.739151 -0.412495
vn 0.545276 -0.801232 -0.246375
vn 0.412509 -0.874488 -0.255159
vn 0.384679 -0.821236 -0.421418
vn 0.000000 -0.963026 -0.269409
vn 0.000000 -0.901434 -0.432916
vn -0.412510 -0.874488 -0.255159
vn -0.384679 -0.821236 -0.421418
vn -0.545276 -0.801232 -0.246375
vn -0.532451 -0.739151 -0.412495
vn 0.572140 -0.817087 0.070888
vn 0.456329 -0.888818 0.042033
vn 0.000000 -0.999987 0.005121
vn -0.456329 -0.888818 0.042033
vn -0.572140 -0.817086 0.070888
vn 0.593845 -0.742613 0.309634
vn 0.482805 -0.838888 0.251330
vn 0.000000 -0.978526 0.206122
vn -0.482805 -0.838888 0.251330
vn -0.593845 -0.742613 0.309634
vn 0.669759 -0.573004 -0.472323
vn 0.669759 -0.573004 -0.472323
vn 0.669759 -0.573004 -0.472323
vn 0.669759 -0.573004 -0.472323
vn -0.669759 -0.573004 -0.472323
vn -0.669759 -0.573004 -0.472323
vn -0.669759 -0.573004 -0.472323
vn -0.669759 -0.573004 -0.472323
vn 0.777094 -0.629280 -0.011498
vn 0.777094 -0.629280 -0.011498
vn 0.777094 -0.629280 -0.011498
vn 0.777094 -0.629280 -0.011498
vn -0.777094 -0.629280 -0.011498
vn -0.777094 -0.629280 -0.011498
vn -0.777094 -0.629280 -0.011498
vn -0.777094 -0.629280 -0.011498
vn 0.743893 -0.527083 0.410861
vn 0.743893 -0.527083 0.410861
vn 0.743893 -0.527083 0.410861
vn 0.743893 -0.527083 0.410861
vn -0.743893 -0.527083 0.410861
vn -0.743893 -0.527083 0.410861
vn -0.743893 -0.527083 0.410862
vn -0.743893 -0.527083 0.410861
vn 0.533946 -0.631329 -0.562428
vn 0.533946 -0.631329 -0.562428
vn 0.533946 -0.631329 -0.562428
vn 0.533946 -0.631329 -0.562428
vn 0.190171 -0.785995 -0.588257
vn 0.190171 -0.785995 -0.588257
vn 0.190171 -0.785995 -0.588257
vn 0.190171 -0.785995 -0.588257
vn -0.190171 -0.785995 -0.588257
vn -0.190171 -0.785995 -0.588257
vn -0.190171 -0.785995 -0.588257
vn -0.190171 -0.785995 -0.588257
vn -0.533946 -0.631329 -0.562428
vn -0.533946 -0.631329 -0.562428
vn -0.533946 -0.631329 -0.562428
vn -0.533946 -0.631329 -0.562428
vn 0.661043 -0.498389 -0.560919
vn 0.661043 -0.498389 -0.560919
vn 0.661043 -0.498389 -0.560919
vn 0.661043 -0.498389 -0.560919
vn -0.661043 -0.498389 -0.560919
vn -0.661043 -0.498389 -0.560919
vn -0.661043 -0.498389 -0.560919
vn -0.661043 -0.498389 -0.560919
vn 0.824165 -0.216917 -0.523163
vn 0.824165 -0.216917 -0.523163
vn 0.824165 -0.216917 -0.523163
vn 0.824165 -0.216917 -0.523163
vn -0.824165 -0.216917 -0.523163
vn -0.824165 -0.216917 -0.523163
vn -0.824165 -0.216917 -0.523163
vn -0.824165 -0.216917 -0.523163
vn 0.940686 -0.335591 0.049895
vn 0.940686 -0.335591 0.049895
vn 0.940686 -0.335591 0.049895
vn 0.940686 -0.335591 0.049895
vn -0.940686 -0.335591 0.049895
vn -0.940686 -0.335591 0.049895
vn -0.940686 -0.335591 0.049895
vn -0.940686 -0.335591 0.049895
vn 0.872595 -0.283930 0.397443
vn 0.872595 -0.283930 0.397443
vn 0.872595 -0.283930 0.397443
vn 0.872595 -0.283930 0.397443
vn -0.872595 -0.283930 0.397443
vn -0.872595 -0.283930 0.397443
vn -0.872595 -0.283930 0.397443
vn -0.872595 -0.283930 0.397443
vn 0.983516 0.180024 -0.016953
vn 0.983516 0.180024 -0.016953
vn 0.983516 0.180024 -0.016953
vn 0.983516 0.180024 -0.016953
vn -0.983516 0.180024 -0.016953
vn -0.983516 0.180024 -0.016953
vn -0.983516 0.180024 -0.016953
vn -0.983516 0.180024 -0.016953
vn 0.924319 0.163388 0.344876
vn 0.924319 0.163388 0.344876
vn 0.924319 0.163388 0.344876
vn 0.924319 0.163388 0.344876
vn -0.924319 0.163388 0.344876
vn -0.924319 0.163388 0.344876
vn -0.924319 0.163388 0.344876
vn -0.924319 0.163388 0.344876
vn 0.469008 -0.510072 0.721012
vn 0.469008 -0.510072 0.721012
vn 0.469008 -0.510072 0.721012
vn 0.469008 -0.510072 0.721012
vn 0.364130 -0.648566 0.668410
vn 0.364130 -0.648566 0.668410
vn 0.364130 -0.648566 0.668410
vn 0.364130 -0.648566 0.668410
vn -0.364130 -0.648566 0.668410
vn -0.364130 -0.648566 0.668410
vn -0.364130 -0.648566 0.668410
vn -0.364130 -0.648566 0.668410
vn -0.469008 -0.510072 0.721012
vn -0.469008 -0.510072 0.721012
vn -0.469008 -0.510072 0.721012
vn -0.469008 -0.510072 0.721012
vn 0.594177 -0.369270 0.714558
vn 0.594177 -0.369270 0.714558
vn 0.594177 -0.369270 0.714558
vn 0.594177 -0.369270 0.714558
vn -0.594177 -0.369270 0.714558
vn -0.594177 -0.369270 0.714558
vn -0.594177 -0.369270 0.714558
vn -0.594177 -0.369270 0.714558
vn 0.661138 -0.186592 0.726691
vn 0.661138 -0.186592 0.726691
vn 0.661138 -0.186592 0.726691
vn 0.661138 -0.186592 0.726691
vn -0.661138 -0.186592 0.726691
vn -0.661138 -0.186592 0.726691
vn -0.661138 -0.186592 0.726691
vn -0.661139 -0.186592 0.726691
vn 0.740356 0.155486 0.653985
vn 0.740356 0.155486 0.653986
vn 0.740356 0.155486 0.653986
vn 0.740356 0.155486 0.653986
vn -0.740356 0.155486 0.653985
vn -0.740356 0.155486 0.653986
vn -0.740356 0.155486 0.653986
vn -0.740356 0.155486 0.653985
vn 0.306203 -0.041466 0.951063
vn 0.306203 -0.041466 0.951063
vn 0.306203 -0.041466 0.951063
vn 0.306203 -0.041466 0.951063
vn -0.306203 -0.041466 0.951063
vn -0.306203 -0.041466 0.951063
vn -0.306203 -0.041466 0.951063
vn -0.306203 -0.041466 0.951063
vn 0.467745 0.297106 0.832431
vn 0.467745 0.297106 0.832431
vn 0.467745 0.297106 0.832431
vn 0.467745 0.297106 0.832431
vn -0.467745 0.297106 0.832431
vn -0.467745 0.297106 0.832431
vn -0.467745 0.297106 0.832431
vn -0.467745 0.297106 0.832431
vn 0.224218 0.442522 0.868274
vn 0.224218 0.442522 0.868274
vn 0.224218 0.442522 0.868274
vn 0.224218 0.442522 0.868274
vn -0.224218 0.442522 0.868274
vn -0.224218 0.442522 0.868274
vn -0.224218 0.442522 0.868274
vn -0.224218 0.442522 0.868274
vn 0.000000 0.497142 0.867669
vn 0.000000 0.497142 0.867669
vn 0.000000 0.497142 0.867669
vn 0.000000 0.497142 0.867669
vn 0.866151 0.243687 -0.436347
vn 0.866151 0.243687 -0.436347
vn 0.866151 0.243687 -0.436347
vn -0.866151 0.243687 -0.436347
vn -0.866151 0.243687 -0.436347
vn -0.866151 0.243687 -0.436347
vn 0.829652 -0.142103 -0.539894
vn 0.829652 -0.142103 -0.539894
vn 0.829652 -0.142103 -0.539894
vn -0.829652 -0.142103 -0.539894
vn -0.829652 -0.142103 -0.539894
vn -0.829652 -0.142103 -0.539894
vn 0.114728 -0.654789 0.747053
vn 0.046840 -0.624078 0.779957
vn 0.043942 -0.622042 0.781750
vn 0.103717 -0.650932 0.752018
vn -0.000000 -0.610208 0.792241
vn -0.000000 -0.610209 0.792241
vn -0.046840 -0.624078 0.779957
vn -0.043942 -0.622042 0.781750
vn -0.114728 -0.654789 0.747054
vn -0.103717 -0.650931 0.752018
vn 0.082181 -0.731457 0.676917
vn 0.095864 -0.721380 0.685872
vn -0.082173 -0.731454 0.676921
vn -0.095857 -0.721378 0.685875
vn 0.099612 -0.911109 0.399947
vn 0.151438 -0.913342 0.377986
vn 0.149759 -0.913402 0.378508
vn 0.087649 -0.910501 0.404111
vn -0.151432 -0.913342 0.377988
vn -0.099612 -0.911109 0.399947
vn -0.087649 -0.910501 0.404112
vn -0.149754 -0.913402 0.378511
vn -0.066540 -0.890598 0.449897
vn -0.083964 -0.886961 0.454149
vn 0.066540 -0.890598 0.449897
vn 0.083964 -0.886960 0.454149
vn 0.508816 -0.510658 -0.693062
vn 0.583692 -0.420080 -0.694864
vn 0.583692 -0.420080 -0.694864
vn 0.491444 -0.529593 -0.691386
vn 0.397515 -0.620893 -0.675628
vn 0.397515 -0.620893 -0.675628
vn -0.508815 -0.510657 -0.693064
vn -0.397513 -0.620892 -0.675630
vn -0.397513 -0.620892 -0.675630
vn -0.491442 -0.529592 -0.691388
vn -0.583691 -0.420079 -0.694866
vn -0.583691 -0.420079 -0.694866
vn 0.865317 0.130917 -0.483825
vn 0.861307 0.332007 -0.384605
vn 0.861698 0.329031 -0.386283
vn 0.865317 0.130917 -0.483825
vn -0.861308 0.332007 -0.384604
vn -0.865318 0.130916 -0.483824
vn -0.865318 0.130916 -0.483824
vn -0.861699 0.329031 -0.386282
vn -0.186201 -0.868838 0.458748
vn -0.187389 -0.870068 0.455924
vn 0.186200 -0.868838 0.458748
vn 0.187388 -0.870068 0.455924
vn 0.788961 0.551083 -0.271750
vn 0.787039 0.553627 -0.272152
vn 0.753589 0.595442 -0.278482
vn 0.753589 0.595442 -0.278482
vn -0.753589 0.595442 -0.278481
vn -0.788961 0.551083 -0.271750
vn -0.787039 0.553627 -0.272152
vn -0.753589 0.595442 -0.278481
vn -0.154938 -0.880299 0.448406
vn -0.148295 -0.880956 0.449360
vn 0.154938 -0.880299 0.448406
vn 0.148295 -0.880956 0.449360
vn 0.314320 0.866821 -0.387072
vn 0.263141 0.875552 -0.405174
vn 0.257935 0.876286 -0.406931
vn 0.314320 0.866821 -0.387072
vn -0.061428 -0.883976 0.463479
vn -0.059377 -0.883880 0.463929
vn 0.061428 -0.883977 0.463478
vn 0.059377 -0.883881 0.463928
vn -0.263140 0.875552 -0.405174
vn -0.314319 0.866821 -0.387073
vn -0.314319 0.866821 -0.387073
vn -0.257934 0.876286 -0.406932
vn 0.069022 -0.834956 0.545971
vn 0.080713 -0.861348 0.501562
vn -0.069010 -0.834952 0.545978
vn -0.080703 -0.861348 0.501565
s 1
g Head_uv HairScarf
usemtl standardSurface10SG
f 256/255/301 257/256/302 258/257/303 259/258/304
f 257/256/302 260/259/305 261/410/306 258/257/303
f 260/406/305 262/261/307 263/262/308 261/260/306
f 262/261/307 264/263/309 265/264/310 263/262/308
f 259/258/304 258/257/303 266/265/311 267/266/312
f 258/257/303 261/410/306 268/409/313 266/265/311
f 261/260/306 263/262/308 269/268/314 268/267/313
f 263/262/308 265/264/310 270/269/315 269/268/314
f 267/266/312 266/265/311 271/270/316 272/271/317
f 266/265/311 268/409/313 273/403/318 271/270/316
f 268/267/313 269/268/314 274/273/319 273/272/318
f 269/268/314 270/269/315 275/274/320 274/273/319
s off
f 256/255/321 259/258/322 276/472/323 277/466/324
f 265/264/325 264/263/326 278/463/327 279/471/328
f 259/258/329 267/266/330 280/470/331 276/472/332
f 270/269/333 265/264/334 279/471/335 281/469/336
f 267/266/337 272/271/338 282/281/339 280/470/340
f 275/274/341 270/269/342 281/469/343 283/459/344
f 257/256/345 256/255/346 284/283/347 285/284/348
f 260/259/349 257/256/350 285/284/351 286/407/352
f 262/261/353 260/406/354 286/285/355 287/286/356
f 264/263/357 262/261/358 287/286/359 288/287/360
f 256/255/361 277/466/362 289/467/363 284/283/364
f 278/463/365 264/263/366 288/287/367 290/464/368
f 277/276/369 276/275/370 291/290/371 292/291/372
f 279/278/373 278/277/374 293/292/375 294/293/376
f 276/275/377 280/279/378 295/294/379 291/290/380
f 281/280/381 279/278/382 294/293/383 296/295/384
f 280/279/385 282/461/386 297/296/387 295/294/388
f 283/282/389 281/280/390 296/295/391 298/297/392
f 291/290/393 295/294/394 299/298/395 300/299/396
f 296/295/397 294/293/398 301/300/399 302/301/400
f 295/294/401 297/296/402 303/302/403 299/298/404
f 298/297/405 296/295/406 302/301/407 304/303/408
f 272/271/409 271/270/410 305/304/411 306/305/412
f 271/270/413 273/403/414 307/404/415 305/304/416
f 273/272/417 274/273/418 308/307/419 307/306/420
f 274/273/421 275/274/422 309/308/423 308/307/424
f 282/281/425 272/271/426 306/305/427 310/458/428
f 275/274/429 283/459/430 311/460/431 309/308/432
f 297/296/433 282/461/434 310/462/435 312/398/436
f 283/282/437 298/297/438 313/395/439 311/456/440
f 303/302/441 297/296/442 312/398/443 314/399/444
f 298/297/445 304/303/446 315/396/447 313/395/448
f 312/311/449 310/309/450 316/315/451 317/316/452
f 311/310/453 313/312/454 318/317/455 319/318/456
f 314/313/457 312/311/458 317/316/459 320/319/460
f 313/312/461 315/314/462 321/320/463 318/317/464
f 320/319/465 317/316/466 322/321/467 323/322/468
f 318/317/469 321/320/470 324/323/471 325/324/472
f 323/322/473 322/321/474 325/324/475 324/323/476
f 292/291/477 291/290/478 300/299/479
f 294/293/480 293/292/481 301/300/482
f 289/288/483 277/276/484 292/291/485
f 278/277/486 290/289/487 293/292/488
s 2
f 186/325/489 191/326/490 192/327/491 187/328/492
f 187/328/492 192/327/491 193/329/493 188/412/494
f 188/330/494 193/414/493 194/331/495 189/332/496
f 189/332/496 194/331/495 195/333/497 190/334/498
f 191/326/490 196/335/499 197/336/500 192/327/491
f 192/327/491 197/336/500 198/337/501 193/329/493
f 193/414/493 198/413/501 199/338/502 194/331/495
f 194/331/495 199/338/502 200/339/503 195/333/497
f 196/335/499 201/340/504 202/341/505 197/336/500
f 197/336/500 202/341/505 203/342/506 198/337/501
f 198/413/501 203/411/506 204/343/507 199/338/502
f 199/338/502 204/343/507 205/344/508 200/339/503
s off
f 186/325/509 206/345/510 207/346/511 191/326/512
f 195/333/513 209/347/514 208/348/515 190/334/516
f 191/326/517 207/346/518 210/349/519 196/335/520
f 200/339/521 211/350/522 209/347/523 195/333/524
f 196/335/525 210/349/526 212/351/527 201/340/528
f 205/344/529 213/352/530 211/350/531 200/339/532
f 187/328/533 215/454/534 214/450/535 186/325/536
f 188/412/537 216/408/538 215/454/539 187/328/540
f 189/332/541 217/451/542 216/452/543 188/330/544
f 190/334/545 218/449/546 217/451/547 189/332/548
f 186/325/549 214/450/550 219/434/551 206/345/552
f 208/348/553 220/432/554 218/449/555 190/334/556
f 206/345/557 221/433/558 222/361/559 207/346/560
f 209/347/561 224/362/562 223/431/563 208/348/564
f 207/346/565 222/361/566 225/364/567 210/349/568
f 211/350/569 226/365/570 224/362/571 209/347/572
f 210/349/573 225/364/574 227/366/575 212/351/576
f 213/352/577 228/367/578 226/365/579 211/350/580
f 222/361/581 229/436/582 230/448/583 225/364/584
f 226/365/585 232/447/586 231/435/587 224/362/588
f 225/364/589 230/448/590 233/446/591 227/366/592
f 228/367/593 234/445/594 232/447/595 226/365/596
f 201/340/597 235/426/598 236/430/599 202/341/600
f 202/341/601 236/430/602 237/428/603 203/342/604
f 203/411/605 237/405/606 238/427/607 204/343/608
f 204/343/609 238/427/610 239/425/611 205/344/612
f 212/351/613 240/424/614 235/426/615 201/340/616
f 205/344/617 239/425/618 241/420/619 213/352/620
f 227/366/621 242/402/622 240/424/623 212/351/624
f 213/352/625 241/420/626 243/401/627 228/367/628
f 233/446/629 244/443/630 242/402/631 227/366/632
f 228/367/633 243/401/634 245/397/635 234/445/636
f 242/381/637 247/418/638 246/422/639 240/423/640
f 241/421/641 248/419/642 249/417/643 243/382/644
f 244/400/645 250/440/646 247/418/647 242/381/648
f 243/382/649 249/417/650 251/439/651 245/441/652
f 250/440/653 253/437/654 252/415/655 247/418/656
f 249/417/657 254/416/658 255/438/659 251/439/660
f 253/437/661 255/438/662 254/416/663 252/415/664
f 221/433/665 229/436/666 222/361/667
f 224/362/668 231/435/669 223/431/670
f 219/434/671 221/433/672 206/345/673
f 208/348/674 223/431/675 220/432/676
s 3
f 214/354/677 215/353/678 285/284/679 284/283/680
f 215/353/678 216/453/681 286/407/682 285/284/679
f 216/355/681 217/356/683 287/286/684 286/285/682
f 217/356/683 218/357/685 288/287/686 287/286/684
f 219/358/687 214/354/677 284/283/680 289/467/688
f 218/357/685 220/465/689 290/464/690 288/287/686
f 230/369/691 229/368/692 300/299/693 299/298/694
f 231/371/695 232/370/696 302/301/697 301/300/698
f 233/372/699 230/369/691 299/298/694 303/302/700
f 232/370/696 234/373/701 304/303/702 302/301/697
s 6
f 236/375/703 235/374/704 306/305/705 305/304/706
f 237/376/707 236/375/703 305/304/706 307/404/708
s 7
f 238/377/709 237/429/710 307/306/711 308/307/712
f 239/378/713 238/377/709 308/307/712 309/308/714
s 8
f 235/374/715 240/457/716 310/458/717 306/305/718
s 9
f 241/380/719 239/378/720 309/308/721 311/460/722
s 3
f 244/383/723 233/372/699 303/302/700 314/399/724
f 234/373/701 245/442/725 315/396/726 304/303/702
s 8
f 240/379/716 246/386/727 316/315/728 310/309/717
f 246/386/727 247/385/729 317/316/730 316/315/728
s 9
f 249/388/731 248/387/732 319/318/733 318/317/734
f 248/387/732 241/455/719 311/310/722 319/318/733
s 3
f 250/389/735 244/444/723 314/313/724 320/319/736
f 245/384/725 251/390/737 321/320/738 315/314/726
s 10
f 247/385/739 252/392/740 322/321/741 317/316/742
s 3
f 253/391/743 250/389/735 320/319/736 323/322/744
f 251/390/737 255/394/745 324/323/746 321/320/738
s 10
f 254/393/747 249/388/748 318/317/749 325/324/750
f 252/392/740 254/393/747 325/324/750 322/321/741
s 3
f 255/394/745 253/391/743 323/322/744 324/323/746
f 229/368/692 221/360/751 292/291/752 300/299/693
f 223/363/753 231/371/695 301/300/698 293/292/754
f 221/360/751 219/468/687 289/288/688 292/291/752
f 220/359/689 223/363/753 293/292/754 290/289/690
g default
v -1.881916 8.639100 1.922859
v -0.849387 8.661085 2.533744
v -0.078178 8.720815 2.666211
v 0.849387 8.661085 2.533744
v 1.881916 8.639100 1.922859
v -1.666922 9.459150 1.776520
v -0.908567 9.713419 2.196845
v 0.000000 9.868826 2.365380
v 0.908567 9.713419 2.196845
v 1.666922 9.459150 1.776520
v -2.227751 9.229529 1.013114
v 2.227751 9.229529 1.013114
v -2.299456 8.288726 -1.423791
v 2.299456 8.288726 -1.423791
v -1.857151 7.004316 -1.673838
v -1.021045 6.935598 -2.217251
v 0.000000 6.946279 -2.461434
v 1.021045 6.935598 -2.217251
v 1.857151 7.004316 -1.673838
v 2.123291 7.155129 -1.427963
v 2.787166 8.148919 -0.017506
v 2.622058 9.023686 -0.048409
v 2.474065 8.684002 0.952142
v -2.123291 7.155129 -1.427963
v -2.787166 8.148919 -0.017506
v -2.622058 9.023686 -0.048409
v -2.474065 8.684002 0.952142
v -2.554710 7.655103 -0.958786
v 2.554710 7.655103 -0.958786
v -2.342812 7.428693 -1.229416
v -1.448573 7.455209 -2.086022
v -0.806642 7.345210 -2.325329
v 0.000000 7.259830 -2.528956
v 0.806642 7.345210 -2.325329
v 1.448573 7.455209 -2.086022
v 2.342812 7.428693 -1.229416
v -1.424448 6.739081 -1.821690
v -0.988673 6.629515 -1.983073
v 0.000000 6.444122 -2.145917
v 0.988673 6.629515 -1.983073
v 1.424448 6.739081 -1.821690
v -0.401152 7.905496 2.561278
v -0.097727 7.614932 2.577345
v 0.292432 7.446903 2.452560
v -1.755031 7.384347 1.939837
v -1.577082 8.018034 2.168778
v 1.577082 8.018034 2.168778
v 1.755031 7.384347 1.939837
v 2.319214 8.044417 1.368068
v -2.319214 8.044417 1.368068
v 2.493528 7.484733 0.952142
v -2.493528 7.484733 0.952142
v 0.260116 7.806089 2.564747
v -0.097382 7.848677 2.630817
v -0.482588 8.359640 2.533744
v -0.088949 8.380655 2.666081
v 0.681051 8.297940 2.565865
v -1.858602 8.023360 1.955113
v 1.858602 8.023360 1.955113
v -2.521063 7.899380 0.952142
v 2.521063 7.899380 0.952142
v 2.716770 7.861830 -0.460940
v -2.716770 7.861830 -0.460940
v -1.950673 8.654969 1.997549
v -0.887238 8.674261 2.628285
v -0.947861 9.770594 2.277251
v -1.730833 9.506335 1.843898
v -0.080295 8.730999 2.769209
v -0.000518 9.932957 2.453168
v 0.885085 8.676023 2.628745
v 0.947519 9.770498 2.277762
v 1.950673 8.654969 1.997549
v 1.730833 9.506335 1.843898
v -1.034172 10.517307 1.196762
v -2.005247 9.948414 1.128877
v 0.000000 10.696195 1.232176
v 1.034172 10.517305 1.196762
v 2.005247 9.948416 1.128877
v -1.194258 10.770948 0.045539
v -2.251183 10.054806 -0.011883
v -0.000000 10.998159 0.060698
v 1.194258 10.770946 0.045539
v 2.251183 10.054803 -0.011883
v -1.156199 10.519541 -1.100035
v -1.997563 9.903258 -0.988525
v 0.000000 10.741781 -1.156660
v 1.156199 10.519541 -1.100035
v 1.997563 9.903256 -0.988525
v -1.053908 9.921306 -1.909039
v -1.702890 9.651062 -1.622849
v -0.000001 10.103792 -2.100060
v 1.053908 9.921306 -1.909039
v 1.702889 9.651061 -1.622848
v -1.099221 9.090355 -2.434079
v -1.949623 9.003437 -1.856267
v -0.000000 9.119411 -2.596119
v 1.099221 9.090355 -2.434079
v 1.949623 9.003438 -1.856267
v -1.094427 7.979427 -2.567397
v -2.090708 7.974751 -2.015477
v -0.000000 7.988403 -2.789716
v 1.094427 7.979427 -2.567397
v 2.090708 7.974751 -2.015477
v -1.980965 7.332569 -1.917264
v -1.074705 7.288267 -2.434795
v -1.057131 6.891740 -2.301953
v -1.917594 6.963602 -1.744898
v -0.000000 7.235526 -2.628022
v -0.000000 6.901511 -2.554851
v 1.074705 7.288267 -2.434794
v 1.057131 6.891740 -2.301953
v 1.980965 7.332569 -1.917264
v 1.917594 6.963602 -1.744898
v 2.200876 7.123523 -1.482567
v 2.423234 7.403680 -1.283805
v 2.672699 8.039608 -0.996318
v 2.528768 8.968370 -0.991622
v 2.890489 8.155417 -0.017156
v 2.736898 9.050139 -0.026438
v 2.564699 8.707426 0.992905
v -2.200876 7.123523 -1.482567
v -2.423234 7.403680 -1.283805
v -2.672699 8.039608 -0.996318
v -2.528768 8.968370 -0.991622
v -2.890489 8.155417 -0.017156
v -2.736898 9.050139 -0.026438
v -2.564699 8.707426 0.992905
v -2.645302 7.645504 -1.003427
v -2.030298 7.619588 -1.962047
v -1.081723 7.580697 -2.491103
v -0.000000 7.552789 -2.696186
v 1.081723 7.580697 -2.491103
v 2.030298 7.619588 -1.962047
v 2.645302 7.645504 -1.003427
v -1.023570 6.575936 -2.061241
v -1.471764 6.689555 -1.894549
v -0.000000 6.385983 -2.230099
v 1.023570 6.575936 -2.061241
v 1.471764 6.689555 -1.894549
v -0.102689 7.847172 2.735958
v -0.439620 7.905762 2.655033
v -0.100531 7.618304 2.685192
v 0.289443 7.803148 2.661494
v 0.328365 7.449918 2.548242
v -1.634825 8.017761 2.251050
v 1.634825 8.017761 2.251050
v 1.931070 8.019349 2.026127
v 2.400588 8.041475 1.427293
v -1.931070 8.019349 2.026127
v -2.400588 8.041475 1.427293
v -1.825349 7.371251 2.010912
v 2.618282 7.901993 0.977112
v 2.590173 7.478315 0.977012
v -2.618283 7.901993 0.977112
v -0.094291 8.373532 2.768885
v 0.699735 8.291566 2.663998
v -0.511500 8.352573 2.629645
v 1.825349 7.371251 2.010912
v -2.590173 7.478315 0.977012
v 2.813360 7.865274 -0.486600
v -2.813360 7.865274 -0.486600
vt 0.137129 0.878788
vt 0.510306 0.945857
vt 0.207719 0.919828
vt 0.138731 0.909531
vt 0.240422 0.879968
vt 0.241394 0.921975
vt 0.534393 0.964765
vt 0.315712 0.923487
vt 0.348527 0.881376
vt 0.346427 0.912073
vt 0.203748 0.690805
vt 0.151845 0.790488
vt 0.245527 0.688999
vt 0.284254 0.691970
vt 0.370961 0.930945
vt 0.203533 0.733407
vt 0.110163 0.792762
vt 0.244507 0.731789
vt 0.284745 0.733672
vt 0.377904 0.792299
vt 0.204755 0.773059
vt 0.073995 0.792752
vt 0.244331 0.772931
vt 0.283663 0.772949
vt 0.414086 0.792312
vt 0.286129 0.663016
vt 0.313675 0.655172
vt 0.244341 0.667829
vt 0.204880 0.662505
vt 0.440419 0.789049
vt 0.282968 0.627986
vt 0.039272 0.764773
vt 0.244947 0.628577
vt 0.207503 0.628082
vt 0.448830 0.764339
vt 0.282109 0.589971
vt 0.322348 0.590002
vt 0.244923 0.590370
vt 0.207938 0.590347
vt 0.458572 0.728436
vt 0.025985 0.705751
vt 0.282427 0.565826
vt 0.282737 0.551072
vt 0.320269 0.550051
vt 0.244801 0.564904
vt 0.244725 0.553294
vt 0.207306 0.566332
vt 0.206773 0.551635
vt 0.169900 0.566547
vt 0.859570 0.965823
vt 0.446666 0.694598
vt 0.434700 0.702831
vt 0.417561 0.722578
vt 0.413874 0.754908
vt 0.749353 0.963440
vt 0.380170 0.753496
vt 0.656339 0.966003
vt 0.798034 0.943368
vt 0.782071 0.941671
vt 0.070556 0.723022
vt 0.074225 0.755358
vt 0.106334 0.722405
vt 0.107920 0.753962
vt 0.637589 0.934112
vt 0.321228 0.576460
vt 0.765778 0.938161
vt 0.282348 0.576131
vt 0.244862 0.575771
vt 0.207527 0.576587
vt 0.460546 0.715662
vt 0.420669 0.708978
vt 0.283529 0.536596
vt 0.835535 0.946899
vt 0.244568 0.531632
vt 0.205757 0.537216
vt 0.872782 0.961442
vt 0.241593 0.848614
vt 0.228678 0.849651
vt 0.478634 0.966747
vt 0.495151 0.966020
vt 0.484691 0.965601
vt 0.151825 0.856909
vt 0.571820 0.962687
vt 0.347620 0.859484
vt 0.374772 0.861143
vt 0.138367 0.856887
vt 0.111157 0.858095
vt 0.570868 0.941789
vt 0.344767 0.713169
vt 0.711234 0.962382
vt 0.143341 0.713667
vt 0.240649 0.867513
vt 0.269568 0.866959
vt 0.495348 0.952008
vt 0.592626 0.961379
vt 0.683568 0.936228
vt 0.766675 0.961730
vt 0.743273 0.936418
vt 0.119325 0.476842
vt 0.111374 0.506819
vt 0.078506 0.511375
vt 0.510874 0.949360
vt 0.044317 0.515095
vt 0.442020 0.387825
vt 0.399910 0.410507
vt 0.534516 0.961139
vt 0.371926 0.399675
vt 0.369864 0.370205
vt 0.147062 0.506784
vt 0.339538 0.395121
vt 0.241330 0.509589
vt 0.246102 0.407153
vt 0.285697 0.498829
vt 0.814043 0.947700
vt 0.305279 0.487923
vt 0.308495 0.503059
vt 0.143918 0.412722
vt 0.148313 0.423060
vt 0.176349 0.396467
vt 0.175818 0.412891
vt 0.858895 0.962146
vt 0.198788 0.404146
vt 0.838900 0.961381
vt 0.815195 0.960141
vt 0.301223 0.402146
vt 0.748871 0.960252
vt 0.656503 0.961521
vt 0.781277 0.945578
vt 0.797782 0.947357
vt 0.187085 0.512054
vt 0.724106 0.936277
vt 0.637731 0.937975
vt 0.765054 0.942072
vt 0.791007 0.960257
vt 0.835056 0.950384
vt 0.849779 0.951652
vt 0.875300 0.955673
vt 0.876553 0.959245
vt 0.872276 0.959763
vt 0.049719 0.439549
vt 0.478753 0.965391
vt 0.480756 0.954275
vt 0.494283 0.962663
vt 0.484118 0.963723
vt 0.547684 0.946337
vt 0.370812 0.348304
vt 0.571523 0.959375
vt 0.625623 0.959796
vt 0.122432 0.454554
vt 0.571301 0.945222
vt 0.608069 0.940717
vt 0.711219 0.959116
vt 0.695148 0.959594
vt 0.667966 0.939408
vt 0.518968 0.960593
vt 0.446726 0.378346
vt 0.495691 0.955244
vt 0.592750 0.958340
vt 0.683742 0.939644
vt 0.766780 0.958061
vt 0.742795 0.940053
vt 0.519174 0.964296
vt 0.256244 0.847901
vt 0.224623 0.866065
vt 0.481163 0.950949
vt 0.211130 0.878301
vt 0.274987 0.881478
vt 0.259173 0.834369
vt 0.242256 0.840043
vt 0.239335 0.971037
vt 0.276562 0.969288
vt 0.274562 0.922602
vt 0.202165 0.966442
vt 0.169146 0.921384
vt 0.625286 0.963229
vt 0.346061 0.836002
vt 0.334211 0.859253
vt 0.096097 0.882916
vt 0.607570 0.937122
vt 0.305328 0.883967
vt 0.140361 0.833406
vt 0.547535 0.942893
vt 0.389367 0.886136
vt 0.180165 0.882040
vt 0.113919 0.928023
vt 0.325342 0.696185
vt 0.344082 0.960651
vt 0.140329 0.958057
vt 0.724591 0.932821
vt 0.088212 0.714247
vt 0.067450 0.709428
vt 0.790801 0.965198
vt 0.399905 0.713786
vt 0.381779 0.721934
vt 0.343949 0.742082
vt 0.695381 0.964136
vt 0.668080 0.935616
vt 0.143733 0.698465
vt 0.144139 0.742573
vt 0.344389 0.697960
vt 0.815272 0.965937
vt 0.168905 0.577479
vt 0.462126 0.705319
vt 0.027561 0.716093
vt 0.320045 0.565480
vt 0.053420 0.703273
vt 0.168011 0.590937
vt 0.029537 0.728876
vt 0.041455 0.695031
vt 0.027135 0.691162
vt 0.838804 0.966774
vt 0.460983 0.690739
vt 0.171521 0.628812
vt 0.319385 0.628256
vt 0.311794 0.801757
vt 0.047673 0.789479
vt 0.320310 0.775173
vt 0.167764 0.775551
vt 0.328924 0.738882
vt 0.158739 0.738921
vt 0.336220 0.790004
vt 0.161987 0.695483
vt 0.876672 0.959263
vt 0.186985 0.541269
vt 0.169433 0.551199
vt 0.876302 0.953284
vt 0.850037 0.948952
vt 0.814520 0.943691
vt 0.302456 0.540336
vt 0.284046 0.808369
vt 0.177606 0.655254
vt 0.244407 0.812499
vt 0.204595 0.808676
vt 0.176592 0.802271
vt 0.234752 0.482426
vt 0.215714 0.480884
vt 0.197758 0.483391
vt 0.248694 0.378261
vt 0.268325 0.374006
vt 0.287279 0.374157
vt 0.316652 0.350748
vt 0.310559 0.336983
vt 0.168211 0.463250
vt 0.172966 0.449718
vt 0.423310 0.364762
vt 0.063531 0.458901
vt 0.061059 0.442139
vt 0.158372 0.488512
vt 0.329221 0.376604
vt 0.149051 0.461599
vt 0.125498 0.430802
vt 0.342643 0.350910
vt 0.371128 0.323305
vt 0.384428 0.347720
vt 0.412851 0.374781
vt 0.109515 0.451779
vt 0.076191 0.470824
vt 0.458743 0.355313
vt 0.171680 0.384017
vt 0.188133 0.379475
vt 0.340996 0.478539
vt 0.307659 0.475557
vt 0.291571 0.473958
vt 0.234000 0.378764
vt 0.248453 0.480749
vt 0.261272 0.476591
vt 0.274384 0.477100
vt 0.220009 0.376780
vt 0.206539 0.379626
vt 0.872823 0.959762
vt 0.872702 0.959396
vt 0.466338 0.955630
vt 0.466014 0.951940
vt 0.048266 0.459076
vt 0.454587 0.362231
vt 0.050604 0.430789
vt 0.047414 0.471545
vt 0.335552 0.508057
vt 0.337974 0.497786
vt 0.137289 0.393107
vt 0.427419 0.423052
vt 0.444177 0.354781
vt 0.450717 0.342832
vn -0.511922 0.254450 0.820482
vn -0.351955 0.268838 0.896579
vn -0.356879 0.268532 0.894722
vn -0.511922 0.254450 0.820482
vn -0.008679 0.274191 0.961636
vn 0.008058 0.273677 0.961788
vn 0.335406 0.263333 0.904521
vn 0.341090 0.263201 0.902431
vn 0.511903 0.254215 0.820567
vn 0.511903 0.254215 0.820567
vn -0.481415 0.683205 0.549063
vn -0.307792 0.775317 0.551495
vn -0.342650 0.856345 0.386348
vn -0.519624 0.775881 0.357770
vn -0.000043 0.832630 0.553830
vn 0.000008 0.915105 0.403217
vn 0.307667 0.775353 0.551515
vn 0.342616 0.856339 0.386392
vn 0.481437 0.683207 0.549041
vn 0.519627 0.775870 0.357790
vn -0.377190 0.926074 0.010709
vn -0.561835 0.827245 0.002443
vn 0.000001 0.999951 0.009870
vn 0.377191 0.926074 0.010709
vn 0.561835 0.827246 0.002443
vn -0.359065 0.857443 -0.368596
vn -0.560934 0.760111 -0.328000
vn 0.000000 0.922215 -0.386676
vn 0.359066 0.857443 -0.368595
vn 0.560935 0.760111 -0.327999
vn -0.323097 0.757814 -0.566857
vn -0.533006 0.656696 -0.533530
vn -0.000000 0.811208 -0.584758
vn 0.323097 0.757814 -0.566857
vn 0.533008 0.656695 -0.533530
vn -0.522209 0.468640 -0.712512
vn -0.312415 0.486650 -0.815824
vn -0.337505 0.296723 -0.893334
vn -0.528862 0.262123 -0.807215
vn -0.000000 0.493871 -0.869535
vn 0.000000 0.312970 -0.949763
vn 0.312415 0.486650 -0.815824
vn 0.337505 0.296723 -0.893334
vn 0.522210 0.468641 -0.712512
vn 0.528862 0.262123 -0.807215
vn -0.342644 0.054488 -0.937884
vn -0.516273 0.058372 -0.854432
vn -0.000000 0.051550 -0.998670
vn 0.342644 0.054488 -0.937884
vn 0.516273 0.058372 -0.854432
vn -0.497685 -0.293037 -0.816357
vn -0.347956 -0.267857 -0.898432
vn -0.328929 -0.432578 -0.839453
vn -0.497408 -0.386588 -0.776617
vn 0.000000 -0.242929 -0.970044
vn -0.000000 -0.437632 -0.899154
vn 0.347956 -0.267856 -0.898432
vn 0.328929 -0.432578 -0.839453
vn 0.497685 -0.293037 -0.816357
vn 0.497408 -0.386588 -0.776617
vn 0.775047 -0.318976 -0.545488
vn 0.775047 -0.318976 -0.545488
vn 0.805969 -0.239825 -0.541200
vn 0.817072 -0.206525 -0.538276
vn 0.901853 0.113047 -0.416991
vn 0.850062 0.076659 -0.521074
vn 0.809331 0.279929 -0.516355
vn 0.877638 0.296587 -0.376547
vn 0.961394 0.156292 -0.226481
vn 0.930394 0.365649 -0.025863
vn 0.745987 0.441264 -0.498788
vn 0.818574 0.450664 -0.356145
vn 0.900842 0.432845 0.033596
vn 0.859671 0.360133 0.362310
vn 0.859850 0.360353 0.361669
vn 0.807494 0.305016 0.504896
vn 0.807494 0.305016 0.504896
vn -0.775047 -0.318976 -0.545488
vn -0.775047 -0.318976 -0.545488
vn -0.817072 -0.206525 -0.538276
vn -0.805969 -0.239825 -0.541200
vn -0.850062 0.076659 -0.521074
vn -0.901853 0.113047 -0.416991
vn -0.877638 0.296587 -0.376547
vn -0.809331 0.279929 -0.516355
vn -0.961394 0.156293 -0.226481
vn -0.930394 0.365649 -0.025863
vn -0.818574 0.450663 -0.356145
vn -0.745988 0.441263 -0.498788
vn -0.900842 0.432844 0.033596
vn -0.859671 0.360134 0.362310
vn -0.859849 0.360353 0.361670
vn -0.807494 0.305016 0.504896
vn -0.807494 0.305016 0.504895
vn -0.841563 -0.150221 -0.518849
vn -0.846552 -0.140036 -0.513557
vn -0.332814 -0.199176 -0.921718
vn -0.482866 -0.194590 -0.853800
vn 0.000000 -0.202216 -0.979341
vn 0.332814 -0.199176 -0.921718
vn 0.482866 -0.194590 -0.853801
vn 0.846552 -0.140035 -0.513557
vn 0.841563 -0.150221 -0.518850
vn -0.286921 -0.543307 -0.788983
vn -0.472895 -0.496692 -0.727782
vn 0.000000 -0.568365 -0.822777
vn 0.286921 -0.543307 -0.788983
vn 0.472895 -0.496693 -0.727782
vn -0.278390 -0.063451 0.958370
vn -0.280530 -0.036620 0.959147
vn -0.262856 -0.211300 0.941413
vn 0.149534 -0.132923 0.979781
vn 0.149424 -0.132478 0.979858
vn 0.178679 -0.255145 0.950250
vn 0.178679 -0.255145 0.950250
vn -0.509331 0.088100 0.856049
vn -0.522147 0.079017 0.849187
vn -0.540138 0.044475 0.840400
vn 0.521767 0.079287 0.849395
vn 0.539825 0.044742 0.840587
vn 0.604196 -0.046893 0.795455
vn 0.823897 0.083116 0.560611
vn 0.823897 0.083116 0.560611
vn 0.815514 0.013312 0.578584
vn 0.821470 0.058851 0.567207
vn -0.815514 0.013312 0.578584
vn -0.821470 0.058851 0.567207
vn -0.781543 -0.141752 0.607534
vn 0.962942 0.108334 0.246997
vn 0.966112 0.071991 0.247881
vn 0.966564 -0.064186 0.248262
vn -0.962074 0.116290 0.246758
vn -0.962074 0.116290 0.246758
vn -0.962942 0.108334 0.246996
vn -0.966112 0.071991 0.247881
vn 0.138821 0.009322 0.990274
vn 0.138821 0.009322 0.990274
vn 0.139229 -0.037404 0.989554
vn 0.139141 -0.023671 0.989990
vn -0.214851 -0.112956 0.970093
vn -0.214851 -0.112956 0.970093
vn -0.238352 -0.082687 0.967652
vn -0.244216 -0.075043 0.966813
vn -0.604196 -0.046893 0.795455
vn -0.600973 -0.116597 0.790719
vn 0.508942 0.088373 0.856252
vn -0.823897 0.083116 0.560611
vn -0.823897 0.083116 0.560611
vn 0.600974 -0.116598 0.790718
vn 0.781543 -0.141752 0.607533
vn -0.966564 -0.064189 0.248261
vn 0.962074 0.116289 0.246758
vn 0.962074 0.116289 0.246758
vn 0.966161 0.030773 -0.256097
vn 0.966161 0.030773 -0.256097
vn 0.966161 0.030773 -0.256097
vn 0.966161 0.030773 -0.256097
vn -0.966161 0.030772 -0.256097
vn -0.966161 0.030772 -0.256097
vn -0.966161 0.030772 -0.256097
vn -0.966161 0.030772 -0.256097
vn 0.511754 -0.254376 -0.820610
vn 0.511754 -0.254376 -0.820610
vn 0.358071 -0.268260 -0.894327
vn 0.353391 -0.268550 -0.896100
vn -0.008721 -0.273168 -0.961927
vn 0.008366 -0.273710 -0.961776
vn -0.342021 -0.262916 -0.902162
vn -0.336891 -0.263025 -0.904059
vn -0.511754 -0.254376 -0.820610
vn -0.511754 -0.254376 -0.820610
vn 0.477218 0.175161 0.861151
vn 0.481875 0.265365 0.835092
vn 0.354054 0.360780 0.862835
vn 0.340704 0.168099 0.925021
vn 0.000000 0.401157 0.916009
vn 0.000000 0.165815 0.986157
vn -0.354054 0.360780 0.862835
vn -0.340704 0.168099 0.925021
vn -0.481875 0.265365 0.835092
vn -0.477218 0.175161 0.861151
vn -0.690270 0.033013 0.722798
vn -0.716182 0.108725 0.689392
vn -0.711632 0.094273 0.696199
vn -0.690270 0.033013 0.722798
vn -0.936692 -0.165902 0.308358
vn -0.936692 -0.165902 0.308358
vn -0.936692 -0.165902 0.308358
vn -0.841207 -0.329210 -0.428943
vn -0.828322 -0.319381 -0.460301
vn -0.890928 -0.373371 -0.258537
vn -0.807840 -0.304447 -0.504684
vn -0.807840 -0.304447 -0.504684
vn 0.690270 0.033013 0.722798
vn 0.711632 0.094273 0.696199
vn 0.716182 0.108725 0.689392
vn 0.690270 0.033013 0.722798
vn 0.936692 -0.165902 0.308358
vn 0.936692 -0.165902 0.308358
vn 0.936692 -0.165902 0.308358
vn 0.890928 -0.373371 -0.258537
vn 0.828322 -0.319381 -0.460301
vn 0.841207 -0.329210 -0.428943
vn 0.807840 -0.304447 -0.504684
vn 0.807840 -0.304447 -0.504684
vn 0.719150 0.118489 0.684677
vn 0.719150 0.118489 0.684677
vn -0.719150 0.118489 0.684677
vn -0.719150 0.118489 0.684677
vn 0.473159 0.495259 0.728587
vn 0.287223 0.542808 0.789217
vn -0.000000 0.568277 0.822837
vn -0.287223 0.542808 0.789216
vn -0.473159 0.495259 0.728587
vn 0.275383 0.066028 -0.959064
vn 0.255991 0.215213 -0.942418
vn 0.278130 0.039747 -0.959721
vn -0.144189 0.131880 -0.980723
vn -0.170566 0.256601 -0.951348
vn -0.170566 0.256601 -0.951348
vn -0.144146 0.131687 -0.980755
vn 0.508563 -0.089472 -0.856363
vn 0.539613 -0.045430 -0.840686
vn 0.520753 -0.080915 -0.849864
vn -0.520753 -0.080915 -0.849864
vn -0.604477 0.045855 -0.795302
vn -0.539613 -0.045430 -0.840686
vn -0.824031 -0.083128 -0.560413
vn -0.821466 -0.058120 -0.567288
vn -0.815255 -0.011786 -0.578982
vn -0.824031 -0.083128 -0.560413
vn 0.815255 -0.011785 -0.578982
vn 0.781308 0.141168 -0.607972
vn 0.821466 -0.058119 -0.567288
vn -0.963210 -0.119074 -0.240931
vn -0.966450 0.064179 -0.248708
vn -0.966676 -0.079597 -0.243312
vn 0.962273 -0.127476 -0.240374
vn 0.966677 -0.079597 -0.243312
vn 0.963210 -0.119074 -0.240931
vn 0.962273 -0.127476 -0.240374
vn -0.136636 -0.010261 -0.990568
vn -0.136343 0.024222 -0.990366
vn -0.136182 0.037845 -0.989961
vn -0.136636 -0.010261 -0.990568
vn 0.212337 0.118023 -0.970043
vn 0.242504 0.078173 -0.966996
vn 0.236309 0.086438 -0.967825
vn 0.212337 0.118023 -0.970043
vn 0.601848 0.116435 -0.790077
vn 0.604477 0.045855 -0.795302
vn -0.508563 -0.089472 -0.856363
vn 0.824031 -0.083128 -0.560413
vn 0.824031 -0.083128 -0.560413
vn -0.601848 0.116435 -0.790077
vn -0.781308 0.141168 -0.607972
vn 0.966450 0.064179 -0.248708
vn -0.962273 -0.127476 -0.240374
vn -0.962273 -0.127476 -0.240374
vn -0.929191 -0.178985 0.323370
vn -0.929191 -0.178985 0.323370
vn -0.929191 -0.178985 0.323370
vn -0.929191 -0.178985 0.323370
vn 0.929191 -0.178985 0.323370
vn 0.929191 -0.178985 0.323370
vn 0.929191 -0.178985 0.323370
vn 0.929191 -0.178985 0.323370
vn 0.125504 -0.782255 0.610186
vn 0.138717 -0.797924 0.586579
vn 0.145560 -0.793882 0.590393
vn 0.125640 -0.782144 0.610299
vn 0.196514 -0.753490 0.627404
vn 0.198333 -0.750241 0.630716
vn -0.138717 -0.797924 0.586579
vn -0.125504 -0.782255 0.610186
vn -0.125641 -0.782144 0.610299
vn -0.145560 -0.793882 0.590393
vn -0.196514 -0.753489 0.627404
vn -0.198334 -0.750241 0.630716
vn -0.128531 -0.885940 0.445634
vn -0.129422 -0.884215 0.448792
vn 0.128531 -0.885940 0.445635
vn 0.129422 -0.884215 0.448792
vn -0.039421 -0.819873 0.571187
vn -0.124335 -0.784739 0.607228
vn -0.124894 -0.784518 0.607398
vn -0.038666 -0.820002 0.571053
vn 0.000000 -0.817957 0.575279
vn 0.000000 -0.817957 0.575279
vn 0.039421 -0.819873 0.571187
vn 0.038666 -0.820002 0.571053
vn 0.124335 -0.784739 0.607228
vn 0.124894 -0.784518 0.607398
vn -0.659008 -0.742255 -0.121519
vn -0.498556 -0.866846 -0.004443
vn -0.529760 -0.847757 -0.025738
vn -0.659008 -0.742255 -0.121518
vn -0.354600 -0.930968 0.086939
vn -0.354600 -0.930968 0.086939
vn 0.929255 0.192670 -0.315220
vn 0.929255 0.192670 -0.315220
vn 0.929255 0.192670 -0.315220
vn 0.929255 0.192670 -0.315220
vn 0.616030 -0.653053 0.440487
vn 0.520314 -0.784012 0.338526
vn 0.520313 -0.784012 0.338526
vn 0.615785 -0.653468 0.440214
vn 0.414922 -0.683409 -0.600660
vn 0.465165 -0.560115 -0.685487
vn 0.465165 -0.560115 -0.685487
vn 0.412368 -0.688657 -0.596409
vn -0.414922 -0.683408 -0.600660
vn -0.367757 -0.769050 -0.522797
vn -0.367757 -0.769050 -0.522797
vn -0.412369 -0.688657 -0.596409
vn -0.299261 -0.013650 0.954074
vn -0.248664 0.016390 0.968451
vn -0.248664 0.016390 0.968451
vn -0.300545 -0.014420 0.953659
vn 0.069483 -0.833439 -0.548225
vn 0.069483 -0.833439 -0.548225
vn 0.069483 -0.833439 -0.548225
vn 0.069483 -0.833439 -0.548225
vn 0.299261 -0.013650 0.954074
vn 0.326424 -0.030032 0.944746
vn 0.326424 -0.030032 0.944746
vn 0.300544 -0.014420 0.953659
vn 0.800388 -0.557567 -0.220223
vn 0.872416 -0.433141 -0.226447
vn 0.872417 -0.433141 -0.226447
vn 0.801097 -0.556518 -0.220298
vn -0.630050 -0.751208 -0.196783
vn -0.630050 -0.751208 -0.196783
vn -0.630050 -0.751208 -0.196783
vn -0.630050 -0.751208 -0.196783
vn -0.925371 -0.177156 -0.335118
vn -0.925371 -0.177156 -0.335118
vn -0.925371 -0.177156 -0.335118
vn -0.925371 -0.177156 -0.335118
vn 0.745456 -0.631326 -0.213830
vn 0.745456 -0.631326 -0.213830
vn 0.716620 -0.412368 0.562502
vn 0.716620 -0.412368 0.562502
vn -0.520095 -0.783952 0.339000
vn -0.615955 -0.652878 0.440851
vn -0.615728 -0.653262 0.440599
vn -0.520095 -0.783952 0.339000
vn -0.465166 -0.560115 -0.685487
vn -0.465166 -0.560115 -0.685487
vn -0.716619 -0.412368 0.562503
vn -0.716619 -0.412368 0.562503
vn 0.367757 -0.769050 -0.522797
vn 0.367757 -0.769050 -0.522796
vn -0.069484 -0.833439 -0.548225
vn -0.069484 -0.833439 -0.548225
vn -0.069484 -0.833439 -0.548225
vn -0.069484 -0.833439 -0.548225
vn 0.248664 0.016390 0.968451
vn 0.248664 0.016390 0.968451
vn -0.326425 -0.030032 0.944746
vn -0.326425 -0.030032 0.944746
vn 0.107861 -0.848056 0.518813
vn 0.106025 -0.892792 0.437813
vn 0.106022 -0.892849 0.437698
vn 0.107861 -0.848056 0.518813
vn -0.106025 -0.892792 0.437813
vn -0.106022 -0.892850 0.437698
vn -0.107861 -0.848056 0.518813
vn -0.107861 -0.848056 0.518813
s 1
g Head_uv pasted__Head
usemtl standardSurface10SG
f 389/473/755 390/656/756 391/646/757 392/476/758
f 390/638/756 393/477/759 394/478/760 391/475/757
f 393/477/759 395/639/761 396/644/762 394/478/760
f 395/652/761 397/481/763 398/482/764 396/480/762
s 2
f 392/476/765 391/646/766 399/660/767 400/657/768
f 391/475/766 394/478/769 401/642/770 399/645/767
f 394/478/769 396/644/771 402/643/772 401/642/770
f 396/480/771 398/482/773 403/487/774 402/659/772
f 400/694/768 399/483/767 404/488/775 405/692/776
f 399/483/767 401/485/770 406/490/777 404/488/775
f 401/485/770 402/486/772 407/491/778 406/490/777
f 402/486/772 403/658/774 408/691/779 407/491/778
f 405/692/776 404/488/775 409/493/780 410/690/781
f 404/488/775 406/490/777 411/495/782 409/493/780
f 406/490/777 407/491/778 412/496/783 411/495/782
f 407/491/778 408/691/779 413/689/784 412/496/783
f 410/690/781 409/493/780 414/705/785 415/706/786
f 409/493/780 411/495/782 416/704/787 414/705/785
f 411/495/782 412/496/783 417/702/788 416/704/787
f 412/496/783 413/689/784 418/687/789 417/702/788
s 3
f 415/499/790 414/498/791 419/503/792 420/686/793
f 414/498/791 416/500/794 421/505/795 419/503/792
f 416/500/794 417/501/796 422/506/797 421/505/795
f 417/501/796 418/703/798 423/685/799 422/506/797
f 420/686/793 419/503/792 424/508/800 425/509/801
f 419/503/792 421/505/795 426/510/802 424/508/800
f 421/505/795 422/506/797 427/511/803 426/510/802
f 422/506/797 423/685/799 428/679/804 427/511/803
f 429/677/805 430/514/806 431/515/807 432/516/808
f 430/514/806 433/517/809 434/518/810 431/515/807
f 433/517/809 435/519/811 436/520/812 434/518/810
f 435/519/811 437/521/813 438/697/814 436/520/812
s 5
f 439/523/815 438/684/816 437/675/817 440/524/818
f 441/525/819 428/512/820 423/507/821 442/526/822
f 443/666/823 441/525/819 442/526/822 444/528/824
f 442/526/822 423/507/821 418/502/825 413/497/826
f 444/528/824 442/526/822 413/497/826 408/492/827
f 445/667/828 444/528/824 408/492/827 403/693/829
f 397/481/830 445/655/828 403/487/829 398/482/831
s 7
f 432/682/832 446/681/833 447/678/834 429/513/835
f 425/680/836 448/532/837 449/533/838 420/504/839
f 448/532/837 450/534/840 451/535/841 449/533/838
f 420/504/839 449/533/838 410/494/842 415/688/843
f 449/533/838 451/535/841 405/489/844 410/494/842
f 451/535/841 452/671/845 400/484/846 405/489/844
f 452/650/845 389/473/847 392/476/848 400/657/846
f 454/676/849 453/663/850 448/532/837 425/680/836
s 3
f 425/509/801 424/508/800 455/539/851 454/537/852
f 424/508/800 426/510/802 456/540/853 455/539/851
f 426/510/802 427/511/803 457/541/854 456/540/853
f 427/511/803 428/679/804 458/674/855 457/541/854
s 5
f 459/543/856 458/542/857 428/512/820 441/525/819
s 7
f 429/513/835 447/678/834 453/663/850 454/676/849
s 3
f 454/537/852 455/539/851 430/514/806 429/677/805
f 455/539/851 456/540/853 433/517/809 430/514/806
f 456/540/853 457/541/854 435/519/811 433/517/809
f 457/541/854 458/674/855 437/521/813 435/519/811
s 5
f 440/524/818 437/675/817 458/542/857 459/543/856
s 3
f 432/516/808 431/515/807 460/544/858 461/701/859
f 431/515/807 434/518/810 462/546/860 460/544/858
f 434/518/810 436/520/812 463/547/861 462/546/860
f 436/520/812 438/697/814 464/696/862 463/547/861
s 9
f 465/549/863 466/550/864 467/641/865
s 10
f 468/635/866 465/549/867 467/641/868 469/640/869
s 11
f 390/656/870 389/473/871 470/554/872
s 12
f 397/481/873 471/649/874 472/556/875
s 13
f 445/655/876 397/481/877 472/556/878 473/557/879
s 14
f 474/558/880 475/559/881 476/653/882
s 15
f 443/666/883 477/561/884 478/672/885
s 16
f 452/671/886 451/535/887 450/534/888 479/563/889
s 10
f 395/639/890 393/477/891 480/564/892 481/565/893
s 9
f 393/477/894 390/638/895 482/636/896 480/564/897
f 480/564/897 482/636/896 466/550/864 465/549/863
s 10
f 481/565/893 480/564/892 465/549/867 468/635/866
s 11
f 470/554/872 474/558/898 476/653/899
s 12
f 397/481/873 395/652/900 471/649/874
s 11
f 470/554/872 389/473/871 474/558/898
s 14
f 389/473/901 452/650/902 475/559/881 474/558/880
s 12
f 472/556/875 471/649/874 483/648/903
s 13
f 473/557/879 472/556/878 483/648/904
s 16
f 479/563/889 450/534/888 484/670/905
s 15
f 444/528/906 445/667/907 477/561/884 443/666/883
s off
f 441/525/908 443/666/909 485/665/910 459/543/911
f 450/534/912 448/532/913 453/663/914 486/662/915
s 17
f 326/571/916 331/572/917 332/573/918 327/729/919
f 327/729/919 332/573/918 333/575/920 328/749/921
f 328/576/921 333/753/920 334/577/922 329/727/923
f 329/727/923 334/577/922 335/579/924 330/580/925
s 18
f 356/585/926 340/739/927 341/587/928 357/588/929
f 357/588/929 341/587/928 342/751/930 358/750/931
f 358/590/931 342/589/930 343/591/932 359/592/933
f 359/592/933 343/591/932 344/741/934 360/594/935
s 19
f 345/740/936 361/736/937 360/594/938 344/741/939
s off
f 346/712/940 347/597/941 339/584/942
s 20
f 348/721/943 337/582/944 347/597/945
f 330/580/946 335/579/947 337/582/944 348/721/943
s 21
f 340/739/948 356/585/949 355/737/950 349/738/951
s off
f 338/583/952 351/602/953 350/709/954
s 22
f 351/602/955 336/581/956 352/720/957
f 352/720/957 336/581/956 331/572/958 326/571/959
s 21
f 356/585/949 338/583/960 353/707/961 355/737/950
s 19
f 361/736/937 354/710/962 339/584/963 360/594/938
s 18
f 340/739/927 362/735/964 363/734/965 341/587/928
f 341/587/928 363/734/965 364/733/966 342/751/930
f 342/589/930 364/752/966 365/731/967 343/591/932
f 343/591/932 365/731/967 366/732/968 344/741/934
s 23
f 379/612/969 368/748/970 367/719/971
s 24
f 378/754/972 369/755/973 368/730/974 379/747/975
s 25
f 327/729/976 371/728/977 326/571/978
s 26
f 330/580/979 384/618/980 372/726/981
s 27
f 348/721/982 374/724/983 384/618/984 330/580/985
s 28
f 383/621/986 370/723/987 375/722/988
s 29
f 346/712/989 376/714/990 386/713/991
s 30
f 352/720/992 385/715/993 350/709/994 351/602/995
s 24
f 329/727/996 382/717/997 381/628/998 328/576/999
s 23
f 328/749/1000 381/746/1001 380/718/1002 327/729/1003
f 381/746/1001 379/612/969 367/719/971 380/718/1002
s 24
f 382/717/997 378/754/972 379/747/975 381/628/998
s 25
f 371/728/977 370/723/1004 383/621/1005
s 26
f 330/580/979 372/726/981 329/727/1006
s 25
f 371/728/977 383/621/1005 326/571/978
s 28
f 326/571/1007 383/621/986 375/722/988 352/720/1008
s 26
f 384/618/980 373/725/1009 372/726/981
s 27
f 374/724/983 373/725/1010 384/618/984
s 30
f 385/715/993 377/716/1011 350/709/994
s 29
f 347/597/1012 346/712/989 386/713/991 348/721/1013
s off
f 339/584/1014 354/710/1015 387/711/1016 346/712/1017
f 350/709/1018 388/708/1019 353/707/1020 338/583/1021
s 31
f 345/595/1022 344/593/1023 438/522/1024 439/683/1025
f 361/596/1026 345/595/1022 439/683/1025 440/673/1027
f 340/586/1028 349/601/1029 446/530/1030 432/700/1031
f 349/601/1029 355/600/1032 447/531/1033 446/530/1030
f 355/600/1032 353/605/1034 453/538/1035 447/531/1033
f 354/606/1036 361/596/1026 440/673/1027 459/664/1037
f 363/608/1038 362/607/1039 461/545/1040 460/699/1041
f 362/607/1039 340/586/1028 432/700/1031 461/545/1040
f 364/609/1042 363/608/1038 460/699/1041 462/698/1043
f 365/610/1044 364/742/1042 462/743/1043 463/695/1045
f 344/593/1023 366/611/1046 464/548/1047 438/522/1024
f 366/611/1046 365/610/1044 463/695/1045 464/548/1047
s 33
f 367/614/1048 368/744/1049 467/745/1050 466/637/1051
f 368/613/1049 369/616/1052 469/553/1053 467/551/1050
s off
f 369/616/1054 378/615/1055 468/552/1056 469/553/1057
s 34
f 371/617/1058 327/574/1059 390/474/1060 470/654/1061
s 35
f 374/620/1062 348/599/1063 445/529/1064 473/647/1065
s 36
f 375/623/1066 370/622/1067 476/560/1068 475/651/1069
s 37
f 386/625/1070 376/624/1071 478/562/1072 477/668/1073
s off
f 376/624/1074 346/598/1075 443/527/1076 478/562/1077
s 38
f 385/626/1078 352/604/1079 452/536/1080 479/669/1081
s 39
f 382/627/1082 329/578/1083 395/479/1084 481/634/1085
s off
f 327/574/1086 380/629/1087 482/566/1088 390/474/1089
f 380/629/1090 367/614/1091 466/637/1092 482/566/1093
s 39
f 378/615/1094 382/627/1082 481/634/1085 468/552/1095
s 34
f 370/622/1096 371/617/1058 470/654/1061 476/560/1097
s 40
f 329/578/1098 372/619/1099 471/555/1100 395/479/1101
s 36
f 352/604/1102 375/623/1066 475/651/1069 452/536/1103
s 40
f 372/619/1099 373/630/1104 483/567/1105 471/555/1100
s 35
f 373/630/1106 374/620/1062 473/647/1065 483/567/1107
s off
f 350/603/1108 377/631/1109 484/568/1110 450/661/1111
s 38
f 377/631/1112 385/626/1078 479/669/1081 484/568/1113
s 37
f 348/599/1114 386/625/1070 477/668/1073 445/529/1115
s 31
f 346/598/1116 387/632/1117 485/569/1118 443/527/1119
f 387/632/1117 354/606/1036 459/664/1037 485/569/1118
f 353/605/1034 388/633/1120 486/570/1121 453/538/1035
f 388/633/1120 350/603/1122 450/661/1123 486/570/1121
g default
v 0.189911 9.437499 -2.358047
v -0.189911 9.437499 -2.358047
v -0.379821 9.699194 -2.158763
v -0.189911 9.960889 -1.959479
v 0.189911 9.960889 -1.959479
v 0.379821 9.699194 -2.158763
v 0.284866 9.505936 -2.719384
v -0.284866 9.505936 -2.719384
v -0.569732 9.898478 -2.420458
v -0.284866 10.291020 -2.121531
v 0.284866 10.291020 -2.121531
v 0.569732 9.898478 -2.420458
v 0.474777 9.244242 -2.918669
v -0.474777 9.244242 -2.918669
v -0.949554 9.898478 -2.420458
v -0.474777 10.552714 -1.922247
v 0.474777 10.552714 -1.922247
v 0.949554 9.898478 -2.420458
v 0.569733 8.914110 -2.756616
v -0.569732 8.914110 -2.756616
v -1.139464 9.699194 -2.158763
v -0.569732 10.484277 -1.560910
v 0.569732 10.484277 -1.560910
v 1.139464 9.699194 -2.158763
v 0.474777 8.845673 -2.395279
v -0.474777 8.845673 -2.395279
v -0.949554 9.499909 -1.897069
v -0.474777 10.154146 -1.398858
v 0.474777 10.154146 -1.398858
v 0.949554 9.499909 -1.897069
v 0.284866 9.107367 -2.195995
v -0.284866 9.107367 -2.195995
v -0.569732 9.499909 -1.897069
v -0.284866 9.892451 -1.598142
v 0.284866 9.892451 -1.598142
v 0.569732 9.499909 -1.897069
vt 0.100519 0.017545
vt 0.079594 0.017809
vt 0.077213 0.083457
vt 0.099946 0.083510
vt 0.121548 0.017610
vt 0.122853 0.083327
vt 0.141730 0.017619
vt 0.146495 0.082704
vt 0.042104 0.016221
vt 0.168980 0.085730
vt 0.059724 0.018299
vt 0.053749 0.082852
vt 0.076776 0.070492
vt 0.100219 0.070894
vt 0.123513 0.070707
vt 0.149794 0.070332
vt 0.181373 0.073544
vt 0.050951 0.069844
vt 0.076906 0.056518
vt 0.100279 0.056650
vt 0.123651 0.056783
vt 0.150307 0.056868
vt 0.187858 0.057283
vt 0.050248 0.056433
vt 0.077044 0.042595
vt 0.100339 0.042407
vt 0.123781 0.042810
vt 0.149603 0.043458
vt 0.182169 0.040642
vt 0.050762 0.042968
vt 0.077703 0.029971
vt 0.100611 0.029789
vt 0.123344 0.029842
vt 0.146805 0.030448
vt 0.169518 0.027603
vt 0.054061 0.030597
vt 0.031576 0.027571
vt 0.158452 0.097080
vt 0.019182 0.039756
vt 0.012696 0.056017
vt 0.018384 0.072659
vt 0.031036 0.085696
vt 0.058825 0.095681
vt 0.079008 0.095690
vt 0.041203 0.098576
vt 0.159351 0.014724
vt 0.140833 0.095002
vt 0.120963 0.095493
vt 0.100037 0.095756
vn 0.000000 0.982532 0.186092
vn 0.000000 0.982532 0.186092
vn 0.000000 0.982532 0.186092
vn 0.000000 0.982532 0.186092
vn 0.774597 0.626738 -0.084851
vn 0.774597 0.626738 -0.084851
vn 0.774597 0.626738 -0.084851
vn 0.774597 0.626738 -0.084851
vn 0.774597 -0.084852 -0.626738
vn 0.774597 -0.084852 -0.626738
vn 0.774596 -0.084852 -0.626738
vn 0.774597 -0.084852 -0.626738
vn 0.000000 -0.440646 -0.897681
vn 0.000000 -0.440646 -0.897681
vn 0.000000 -0.440646 -0.897681
vn 0.000000 -0.440646 -0.897681
vn -0.774596 -0.084852 -0.626738
vn -0.774596 -0.084852 -0.626738
vn -0.774596 -0.084852 -0.626738
vn -0.774597 -0.084852 -0.626738
vn -0.774597 0.626737 -0.084852
vn -0.774597 0.626737 -0.084852
vn -0.774597 0.626737 -0.084852
vn -0.774597 0.626737 -0.084852
vn 0.000000 0.605847 -0.795581
vn 0.000000 0.605847 -0.795581
vn 0.000000 0.605847 -0.795581
vn 0.000000 0.605847 -0.795581
vn 0.000000 0.605847 -0.795581
vn 0.000000 0.605847 -0.795581
vn 0.000000 0.605847 -0.795581
vn 0.000000 0.605847 -0.795581
vn -0.000001 0.605848 -0.795581
vn -0.000001 0.605848 -0.795581
vn -0.000001 0.605848 -0.795581
vn -0.000001 0.605848 -0.795581
vn 0.000000 0.605849 -0.795580
vn 0.000000 0.605849 -0.795580
vn 0.000000 0.605849 -0.795580
vn 0.000000 0.605849 -0.795580
vn 0.000001 0.605848 -0.795581
vn 0.000001 0.605848 -0.795581
vn 0.000001 0.605848 -0.795581
vn 0.000001 0.605848 -0.795581
vn 0.000000 0.605847 -0.795581
vn 0.000000 0.605847 -0.795581
vn 0.000000 0.605847 -0.795581
vn 0.000000 0.605847 -0.795581
vn 0.000000 -0.440647 -0.897680
vn 0.000000 -0.440647 -0.897681
vn 0.000000 -0.440647 -0.897681
vn 0.000000 -0.440647 -0.897681
vn -0.774597 -0.084852 -0.626738
vn -0.774597 -0.084852 -0.626738
vn -0.774597 -0.084852 -0.626738
vn -0.774597 -0.084852 -0.626738
vn -0.774596 0.626738 -0.084852
vn -0.774596 0.626738 -0.084852
vn -0.774596 0.626738 -0.084852
vn -0.774596 0.626738 -0.084852
vn 0.000000 0.982533 0.186090
vn 0.000000 0.982533 0.186090
vn 0.000000 0.982533 0.186089
vn 0.000000 0.982533 0.186090
vn 0.774596 0.626738 -0.084852
vn 0.774596 0.626738 -0.084852
vn 0.774596 0.626738 -0.084852
vn 0.774596 0.626738 -0.084852
vn 0.774597 -0.084852 -0.626738
vn 0.774597 -0.084852 -0.626738
vn 0.774597 -0.084852 -0.626738
vn 0.774597 -0.084852 -0.626738
vn 0.000000 -0.982533 -0.186091
vn 0.000000 -0.982533 -0.186091
vn 0.000000 -0.982533 -0.186091
vn 0.000000 -0.982533 -0.186091
vn -0.774597 -0.626738 0.084851
vn -0.774597 -0.626738 0.084851
vn -0.774597 -0.626738 0.084851
vn -0.774597 -0.626738 0.084851
vn -0.774596 0.084851 0.626738
vn -0.774596 0.084851 0.626738
vn -0.774596 0.084851 0.626738
vn -0.774596 0.084851 0.626738
vn 0.000000 0.440647 0.897681
vn 0.000000 0.440647 0.897681
vn 0.000000 0.440647 0.897681
vn 0.000000 0.440647 0.897681
vn 0.774596 0.084851 0.626738
vn 0.774596 0.084851 0.626738
vn 0.774596 0.084851 0.626738
vn 0.774596 0.084851 0.626738
vn 0.774597 -0.626738 0.084851
vn 0.774597 -0.626738 0.084851
vn 0.774597 -0.626738 0.084852
vn 0.774597 -0.626738 0.084851
vn 0.000000 -0.605847 0.795581
vn 0.000000 -0.605847 0.795581
vn 0.000000 -0.605847 0.795581
vn 0.000000 -0.605847 0.795581
vn 0.000000 -0.605847 0.795581
vn 0.000000 -0.605847 0.795581
vn 0.000000 -0.605847 0.795581
vn 0.000000 -0.605847 0.795581
vn -0.000001 -0.605846 0.795582
vn -0.000001 -0.605846 0.795582
vn -0.000001 -0.605846 0.795582
vn -0.000001 -0.605846 0.795582
vn 0.000000 -0.605845 0.795582
vn 0.000000 -0.605845 0.795583
vn 0.000000 -0.605845 0.795582
vn 0.000000 -0.605845 0.795583
vn 0.000001 -0.605846 0.795582
vn 0.000001 -0.605846 0.795582
vn 0.000001 -0.605846 0.795582
vn 0.000001 -0.605846 0.795582
vn 0.000000 -0.605847 0.795581
vn 0.000000 -0.605847 0.795581
vn 0.000000 -0.605847 0.795581
vn 0.000000 -0.605847 0.795581
vn 0.000000 0.440646 0.897681
vn 0.000000 0.440646 0.897681
vn 0.000000 0.440646 0.897681
vn 0.000000 0.440646 0.897681
vn 0.774596 0.084852 0.626738
vn 0.774596 0.084852 0.626738
vn 0.774596 0.084852 0.626738
vn 0.774596 0.084852 0.626738
vn 0.774598 -0.626737 0.084851
vn 0.774598 -0.626737 0.084851
vn 0.774598 -0.626737 0.084851
vn 0.774598 -0.626737 0.084851
vn 0.000000 -0.982532 -0.186093
vn 0.000000 -0.982532 -0.186093
vn 0.000000 -0.982532 -0.186093
vn 0.000000 -0.982532 -0.186093
vn -0.774598 -0.626737 0.084851
vn -0.774598 -0.626737 0.084851
vn -0.774598 -0.626737 0.084851
vn -0.774598 -0.626737 0.084851
vn -0.774597 0.084851 0.626738
vn -0.774597 0.084851 0.626738
vn -0.774597 0.084851 0.626738
vn -0.774597 0.084851 0.626738
s off
g Head_uv Elas
usemtl standardSurface10SG
f 488/804/1124 487/799/1125 493/758/1126 494/759/1127
f 489/803/1128 488/804/1129 494/759/1130 495/761/1131
f 490/802/1132 489/803/1133 495/761/1134 496/763/1135
f 491/793/1136 490/802/1137 496/763/1138 497/765/1139
f 492/798/1140 491/800/1141 497/797/1142 498/767/1143
f 487/799/1144 492/798/1145 498/767/1146 493/758/1147
f 494/759/1148 493/758/1149 499/768/1150 500/769/1151
f 495/761/1152 494/759/1153 500/769/1154 501/770/1155
f 496/763/1156 495/761/1157 501/770/1158 502/771/1159
f 497/765/1160 496/763/1161 502/771/1162 503/772/1163
f 498/767/1164 497/797/1165 503/796/1166 504/773/1167
f 493/758/1168 498/767/1169 504/773/1170 499/768/1171
f 500/769/1172 499/768/1173 505/774/1174 506/775/1175
f 501/770/1176 500/769/1177 506/775/1178 507/776/1179
f 502/771/1180 501/770/1181 507/776/1182 508/777/1183
f 503/772/1184 502/771/1185 508/777/1186 509/778/1187
f 504/773/1188 503/796/1189 509/795/1190 510/779/1191
f 499/768/1192 504/773/1193 510/779/1194 505/774/1195
f 506/775/1196 505/774/1197 511/780/1198 512/781/1199
f 507/776/1200 506/775/1201 512/781/1202 513/782/1203
f 508/777/1204 507/776/1205 513/782/1206 514/783/1207
f 509/778/1208 508/777/1209 514/783/1210 515/784/1211
f 510/779/1212 509/795/1213 515/794/1214 516/785/1215
f 505/774/1216 510/779/1217 516/785/1218 511/780/1219
f 512/781/1220 511/780/1221 517/786/1222 518/787/1223
f 513/782/1224 512/781/1225 518/787/1226 519/788/1227
f 514/783/1228 513/782/1229 519/788/1230 520/789/1231
f 515/784/1232 514/783/1233 520/789/1234 521/790/1235
f 516/785/1236 515/794/1237 521/792/1238 522/791/1239
f 511/780/1240 516/785/1241 522/791/1242 517/786/1243
f 518/787/1244 517/786/1245 487/757/1246 488/756/1247
f 519/788/1248 518/787/1249 488/756/1250 489/760/1251
f 520/789/1252 519/788/1253 489/760/1254 490/762/1255
f 521/790/1256 520/789/1257 490/762/1258 491/801/1259
f 522/791/1260 521/792/1261 491/764/1262 492/766/1263
f 517/786/1264 522/791/1265 492/766/1266 487/757/1267
g default
v 0.327929 6.561699 -4.157622
v -0.359512 6.534418 -4.140815
v -0.704609 6.584142 -3.564281
v -0.345438 6.626285 -3.039766
v 0.322234 6.663937 -3.045350
v 0.660449 6.619436 -3.621077
v 0.020903 5.336841 -3.324970
v 0.307494 5.997944 -4.022572
v 0.195337 5.310629 -3.628883
v -0.319865 5.979624 -4.018222
v -0.155898 5.300372 -3.626448
v -0.609515 6.023148 -3.513571
v -0.330331 5.326585 -3.322535
v -0.275029 6.095987 -3.030364
v -0.144357 5.396826 -3.043175
v 0.327280 6.086689 -3.044940
v 0.195304 5.411280 -3.031481
v 0.612688 6.060896 -3.502162
v 0.372138 5.347098 -3.327406
v 0.315299 6.917258 -4.174777
v -0.349381 6.900455 -4.154835
v -0.712635 6.940150 -3.584813
v -0.353675 7.059458 -3.017212
v 0.333732 7.085917 -3.046252
v 0.668989 6.995988 -3.609551
v 0.301058 8.318527 -4.099066
v -0.370300 8.297448 -4.098092
v -0.723370 8.339656 -3.491861
v -0.357109 8.372465 -2.922410
v 0.312220 8.392362 -2.940676
v 0.665806 8.381814 -3.494248
v 0.351358 10.249715 -1.991063
v -0.351358 10.249715 -1.991063
v -0.702715 9.676837 -2.235918
v -0.351358 9.258862 -2.382960
v 0.351358 9.258861 -2.386162
v 0.702715 9.676837 -2.235918
v 0.351358 9.838307 -1.414356
v -0.351358 9.838308 -1.414356
v -0.702715 9.342880 -1.767781
v -0.351358 8.847453 -2.137494
v 0.351358 8.847453 -2.142412
v 0.702715 9.342880 -1.767781
v 0.000000 9.342880 -1.767915
v -0.350868 8.655854 -4.042028
v -0.687241 8.659000 -3.479549
v -0.365308 8.689764 -2.911953
v 0.292998 8.717384 -2.912265
v 0.629371 8.714237 -3.468540
v 0.307438 8.683475 -4.033094
v -0.341354 9.126838 -3.943217
v -0.658422 9.027959 -3.419886
v -0.347722 8.954887 -2.888566
v 0.280046 8.980694 -2.884843
v 0.597115 9.079572 -3.406100
v 0.286415 9.152645 -3.935315
v -0.335619 9.622719 -3.768550
v -0.637516 9.402298 -3.289693
v -0.327175 9.210366 -2.808637
v 0.285065 9.238857 -2.804472
v 0.586963 9.459278 -3.276421
v 0.276621 9.651210 -3.761297
v -0.332369 10.085952 -3.474768
v -0.628924 9.698446 -3.117493
v -0.312300 9.355995 -2.739118
v 0.300881 9.401052 -2.715898
v 0.599737 9.797968 -3.046164
v 0.280811 10.131008 -3.450284
v -0.330537 10.416525 -2.954537
v -0.636402 9.881368 -2.927828
v -0.313781 9.383375 -2.663888
v 0.315536 9.412021 -2.621740
v 0.631862 9.929326 -2.733971
v 0.299388 10.450195 -2.884393
v -0.337320 10.406723 -2.357878
v -0.676896 9.832281 -2.501348
v -0.323983 9.408177 -2.566345
v 0.335170 9.405161 -2.530744
v 0.675590 9.828617 -2.455622
v 0.321833 10.403710 -2.320254
vt 0.098990 0.182674
vt 0.245432 0.268392
vt 0.235034 0.261723
vt 0.120150 0.181878
vt 0.078224 0.181013
vt 0.244856 0.280732
vt 0.224060 0.267395
vt 0.139961 0.178457
vt 0.224095 0.279450
vt 0.037375 0.170135
vt 0.233875 0.286335
vt 0.059536 0.176630
vt 0.121206 0.199337
vt 0.098590 0.200356
vt 0.143804 0.198148
vt 0.028546 0.191691
vt 0.053020 0.197675
vt 0.077044 0.200032
vt 0.234449 0.274058
vt 0.098371 0.211270
vt 0.121025 0.210758
vt 0.119235 0.252492
vt 0.096148 0.252401
vt 0.144493 0.210695
vt 0.142481 0.258923
vt 0.169326 0.213691
vt 0.023652 0.263051
vt 0.051236 0.213635
vt 0.048600 0.262906
vt 0.075079 0.212508
vt 0.071608 0.257811
vt 0.089157 0.346833
vt 0.115036 0.348457
vt 0.263276 0.258861
vt 0.263202 0.283566
vt 0.140997 0.339686
vt 0.284708 0.246572
vt 0.159672 0.327898
vt 0.306403 0.258990
vt 0.045581 0.323490
vt 0.306433 0.283695
vt 0.063441 0.336227
vt 0.284560 0.295982
vt 0.284637 0.271277
vt 0.113364 0.337013
vt 0.136028 0.330367
vt 0.029619 0.304784
vt 0.050465 0.316032
vt 0.068483 0.328836
vt 0.092135 0.336845
vt 0.140224 0.270008
vt 0.118221 0.263538
vt 0.024916 0.275670
vt 0.049355 0.276133
vt 0.072146 0.269256
vt 0.095149 0.263578
vt 0.137745 0.282934
vt 0.116879 0.277747
vt 0.027396 0.285495
vt 0.050674 0.287284
vt 0.073047 0.282011
vt 0.095232 0.277641
vt 0.135484 0.296501
vt 0.115457 0.292567
vt 0.030258 0.294304
vt 0.052033 0.299467
vt 0.074041 0.295771
vt 0.095429 0.292505
vt 0.132993 0.307952
vt 0.113815 0.306879
vt 0.031767 0.299365
vt 0.052225 0.308088
vt 0.075493 0.309394
vt 0.095691 0.307368
vt 0.131183 0.316992
vt 0.112699 0.321922
vt 0.031333 0.302001
vt 0.051416 0.312183
vt 0.073823 0.320554
vt 0.094738 0.322999
vt 0.167000 0.194522
vt 0.025359 0.209900
vt 0.154945 0.318976
vt 0.023895 0.309308
vt 0.154974 0.314667
vt 0.154654 0.311366
vt 0.156019 0.304210
vt 0.158788 0.292123
vt 0.161906 0.280694
vt 0.165837 0.267334
vt 0.012524 0.320911
vt 0.175542 0.338270
vt 0.053669 0.354404
vt 0.083764 0.370601
vt 0.031675 0.336084
vt 0.150536 0.358487
vt 0.118813 0.372278
vt 0.144970 0.146866
vt 0.055210 0.146876
vt 0.224097 0.279447
vt 0.160505 0.171609
vt 0.067746 0.151914
vt 0.083134 0.153793
vt 0.131800 0.151275
vt 0.116129 0.153913
vt 0.099562 0.154843
vn 0.008531 -0.498060 -0.867100
vn 0.008531 -0.498060 -0.867100
vn 0.008531 -0.498060 -0.867100
vn 0.008531 -0.498060 -0.867100
vn 0.816838 -0.381262 -0.432914
vn 0.816838 -0.381262 -0.432914
vn 0.816838 -0.381262 -0.432914
vn 0.816838 -0.381262 -0.432914
vn -0.796814 -0.434513 -0.419864
vn -0.796814 -0.434513 -0.419864
vn -0.796814 -0.434513 -0.419864
vn -0.796814 -0.434513 -0.419864
vn -0.800750 -0.161485 0.576820
vn -0.800750 -0.161485 0.576820
vn -0.800750 -0.161485 0.576820
vn -0.800750 -0.161485 0.576820
vn 0.003058 0.000469 0.999995
vn 0.003058 0.000469 0.999995
vn 0.003058 0.000469 0.999995
vn 0.003058 0.000469 0.999995
vn 0.834202 -0.151873 0.530134
vn 0.834202 -0.151873 0.530134
vn 0.834202 -0.151873 0.530134
vn 0.834202 -0.151873 0.530134
vn -0.007891 -0.224581 -0.974423
vn -0.007891 -0.224581 -0.974424
vn -0.007891 -0.224581 -0.974423
vn -0.007891 -0.224581 -0.974423
vn -0.855121 -0.178842 -0.486604
vn -0.855121 -0.178842 -0.486604
vn -0.855121 -0.178842 -0.486604
vn -0.855121 -0.178842 -0.486604
vn -0.815272 -0.092152 0.571699
vn -0.815272 -0.092152 0.571699
vn -0.815272 -0.092152 0.571699
vn -0.815272 -0.092152 0.571699
vn 0.015650 0.009923 0.999828
vn 0.015650 0.009923 0.999828
vn 0.015650 0.009923 0.999828
vn 0.015650 0.009923 0.999828
vn 0.856535 0.021957 0.515622
vn 0.856535 0.021957 0.515622
vn 0.856535 0.021957 0.515622
vn 0.856535 0.021957 0.515622
vn 0.852802 -0.164018 -0.495809
vn 0.852802 -0.164018 -0.495809
vn 0.852802 -0.164018 -0.495809
vn 0.852802 -0.164018 -0.495809
vn 0.029746 -0.994254 0.102828
vn 0.029747 -0.994254 0.102828
vn 0.030505 -0.985998 0.163945
vn 0.029923 -0.986498 0.161014
vn 0.031793 -0.973632 0.225901
vn 0.031710 -0.973149 0.227980
vn 0.029936 -0.985687 0.165907
vn -0.016970 0.047061 -0.998748
vn -0.016970 0.047061 -0.998748
vn -0.016970 0.047061 -0.998748
vn -0.016970 0.047061 -0.998748
vn -0.853381 0.018228 -0.520968
vn -0.853381 0.018228 -0.520968
vn -0.853381 0.018228 -0.520968
vn -0.853381 0.018228 -0.520968
vn -0.839823 -0.041850 0.541244
vn -0.839823 -0.041850 0.541244
vn -0.839823 -0.041850 0.541244
vn -0.839823 -0.041850 0.541244
vn 0.037335 -0.075867 0.996419
vn 0.037335 -0.075867 0.996419
vn 0.037335 -0.075867 0.996419
vn 0.037335 -0.075867 0.996419
vn 0.849172 -0.035441 0.526925
vn 0.849172 -0.035441 0.526925
vn 0.849172 -0.035441 0.526925
vn 0.849172 -0.035441 0.526925
vn 0.849196 0.041389 -0.526453
vn 0.849196 0.041389 -0.526453
vn 0.849196 0.041389 -0.526453
vn 0.849196 0.041389 -0.526453
vn 0.000000 0.814085 0.580746
vn 0.000000 0.814085 0.580746
vn 0.000000 0.814085 0.580746
vn 0.000000 0.814085 0.580746
vn -0.866026 0.407042 0.290373
vn -0.866026 0.407042 0.290373
vn -0.866026 0.407042 0.290373
vn -0.866026 0.407042 0.290373
vn -0.819514 -0.396299 -0.413937
vn -0.819514 -0.396299 -0.413937
vn -0.819514 -0.396299 -0.413937
vn -0.819514 -0.396299 -0.413937
vn -0.004966 -0.511049 -0.859537
vn -0.004966 -0.511049 -0.859537
vn -0.004966 -0.511049 -0.859537
vn -0.004966 -0.511049 -0.859537
vn 0.820981 -0.394348 -0.412892
vn 0.820981 -0.394348 -0.412892
vn 0.820981 -0.394348 -0.412892
vn 0.820981 -0.394348 -0.412892
vn 0.866025 0.407042 0.290374
vn 0.866025 0.407042 0.290374
vn 0.866025 0.407042 0.290374
vn 0.866025 0.407042 0.290374
vn -0.000078 -0.580857 0.814006
vn 0.000077 -0.580856 0.814007
vn 0.000927 -0.590820 0.806803
vn 0.000154 -0.589539 0.807740
vn 0.002909 -0.599259 0.800550
vn 0.002749 -0.601769 0.798666
vn -0.000154 -0.592165 0.805816
vn -0.869695 0.488707 0.069255
vn -0.869858 0.487727 0.073958
vn -0.868498 0.463951 0.174531
vn -0.868498 0.463951 0.174531
vn -0.779694 -0.567746 -0.264087
vn -0.778777 -0.566020 -0.270420
vn -0.741658 -0.510810 -0.434759
vn -0.741658 -0.510810 -0.434759
vn 0.015245 -0.869399 -0.493875
vn 0.015155 -0.854643 -0.518996
vn 0.014275 -0.742959 -0.669185
vn 0.014275 -0.742959 -0.669185
vn 0.758733 -0.514054 -0.400090
vn 0.762084 -0.520270 -0.385417
vn 0.736844 -0.477647 -0.478450
vn 0.736844 -0.477647 -0.478450
vn 0.858588 0.501953 0.104261
vn 0.856833 0.507828 0.089155
vn 0.863754 0.472826 0.174252
vn 0.863754 0.472826 0.174252
vn -0.019898 0.976995 0.212331
vn -0.020747 0.980466 0.195591
vn -0.009255 0.912883 0.408118
vn -0.009255 0.912883 0.408118
vn -0.852891 0.121153 -0.507838
vn -0.852891 0.121153 -0.507838
vn -0.853677 0.128118 -0.504798
vn -0.853597 0.127385 -0.505120
vn -0.855823 0.019058 0.516918
vn -0.855823 0.019058 0.516918
vn -0.861596 0.008091 0.507531
vn -0.860587 0.010036 0.509204
vn 0.016103 -0.059707 0.998086
vn 0.016103 -0.059707 0.998086
vn 0.009610 -0.075564 0.997095
vn 0.009848 -0.074983 0.997136
vn 0.849080 0.028457 0.527497
vn 0.849080 0.028457 0.527497
vn 0.852029 0.010819 0.523383
vn 0.852598 0.007200 0.522517
vn 0.853987 0.103829 -0.509829
vn 0.853987 0.103829 -0.509829
vn 0.856324 0.124902 -0.501108
vn 0.856759 0.129338 -0.499235
vn -0.000190 0.166365 -0.986064
vn -0.000190 0.166365 -0.986064
vn 0.002213 0.186891 -0.982378
vn 0.002370 0.188226 -0.982123
vn -0.858297 0.163492 -0.486412
vn -0.858107 0.161906 -0.487277
vn -0.864321 -0.058687 0.499506
vn -0.864788 -0.051259 0.499513
vn 0.004196 -0.198431 0.980106
vn 0.003946 -0.189462 0.981880
vn 0.859886 -0.079880 0.504199
vn 0.860041 -0.084586 0.503165
vn 0.858811 0.166200 -0.484583
vn 0.858834 0.168112 -0.483884
vn 0.000712 0.267806 -0.963473
vn 0.000551 0.270607 -0.962690
vn -0.864033 0.230288 -0.447677
vn -0.864038 0.230400 -0.447609
vn -0.855954 -0.157878 0.492360
vn -0.856307 -0.154333 0.492869
vn 0.007262 -0.365922 0.930617
vn 0.007220 -0.354987 0.934843
vn 0.863238 -0.224391 0.452182
vn 0.863225 -0.222798 0.452994
vn 0.857414 0.229038 -0.460850
vn 0.857187 0.233023 -0.459272
vn -0.006784 0.437233 -0.899323
vn -0.007019 0.443634 -0.896181
vn -0.861918 0.341264 -0.375015
vn -0.861114 0.349590 -0.369148
vn -0.859088 -0.309104 0.407949
vn -0.859011 -0.307800 0.409095
vn 0.025032 -0.725237 0.688044
vn 0.021276 -0.671009 0.741144
vn 0.869894 -0.410691 0.273163
vn 0.869923 -0.409468 0.274901
vn 0.854832 0.361302 -0.372456
vn 0.853671 0.379288 -0.356912
vn -0.013336 0.720556 -0.693268
vn -0.013600 0.738539 -0.674074
vn -0.867645 0.471124 -0.158853
vn -0.868569 0.480369 -0.121793
vn -0.835278 -0.547787 0.047323
vn -0.841905 -0.533497 0.081097
vn 0.026832 -0.989425 0.142543
vn 0.029508 -0.987824 0.152751
vn 0.832221 -0.548987 -0.077603
vn 0.828722 -0.550786 -0.099276
vn 0.855263 0.497191 -0.146034
vn 0.855748 0.504656 -0.114094
vn -0.021894 0.962559 -0.270187
vn -0.022979 0.974830 -0.221763
vn 0.858975 -0.028355 0.511233
vn 0.858975 -0.028355 0.511233
vn 0.858975 -0.028355 0.511233
vn 0.858975 -0.028355 0.511233
vn 0.848789 0.000677 -0.528731
vn 0.848790 0.000677 -0.528731
vn 0.848790 0.000677 -0.528731
vn 0.848790 0.000677 -0.528731
vn -0.025734 -0.043236 -0.998733
vn -0.025734 -0.043236 -0.998733
vn -0.025734 -0.043236 -0.998733
vn -0.025734 -0.043236 -0.998733
vn -0.851307 -0.022601 -0.524181
vn -0.851307 -0.022601 -0.524181
vn -0.851307 -0.022601 -0.524181
vn -0.851307 -0.022601 -0.524181
vn -0.834137 -0.018601 0.551243
vn -0.834137 -0.018601 0.551243
vn -0.834137 -0.018601 0.551244
vn -0.834137 -0.018601 0.551244
vn 0.026735 -0.025404 0.999320
vn 0.026735 -0.025404 0.999320
vn 0.026735 -0.025404 0.999320
vn 0.026735 -0.025404 0.999320
s off
g Head_uv Pony
usemtl standardSurface10SG
f 530/805/1268 531/910/1269 533/909/1270 532/808/1271
f 531/910/1272 530/805/1273 540/809/1274 541/907/1275
f 532/808/1276 533/909/1277 535/908/1278 534/812/1279
f 534/812/1280 535/908/1281 537/902/1282 536/905/1283
f 536/814/1284 537/903/1285 539/906/1286 538/816/1287
f 538/816/1288 539/906/1289 541/907/1290 540/809/1291
f 530/805/1292 532/808/1293 524/817/1294 523/818/1295
f 532/808/1296 534/812/1297 525/819/1298 524/817/1299
f 534/812/1300 536/905/1301 526/885/1302 525/819/1303
f 536/814/1304 538/816/1305 527/821/1306 526/820/1307
f 538/816/1308 540/809/1309 528/822/1310 527/821/1311
f 540/809/1312 530/805/1313 523/818/1314 528/822/1315
s 1
f 533/807/1316 531/806/1317 529/823/1318
f 535/811/1319 533/807/1316 529/823/1318
f 537/813/1320 535/811/1319 529/823/1318
f 539/815/1321 537/904/1320 529/823/1318
f 541/810/1322 539/815/1321 529/823/1318
f 531/806/1317 541/810/1322 529/823/1318
s off
f 542/824/1323 543/825/1324 549/826/1325 548/827/1326
f 543/825/1327 544/828/1328 550/829/1329 549/826/1330
f 544/828/1331 545/830/1332 551/894/1333 550/829/1334
f 545/886/1335 546/832/1336 552/833/1337 551/831/1338
f 546/832/1339 547/834/1340 553/835/1341 552/833/1342
f 547/834/1343 542/824/1344 548/827/1345 553/835/1346
f 554/836/1347 555/837/1348 561/901/1349 560/898/1350
f 555/837/1351 556/840/1352 562/900/1353 561/901/1354
f 556/840/1355 557/842/1356 563/896/1357 562/900/1358
f 557/888/1359 558/844/1360 564/899/1361 563/895/1362
f 558/844/1363 559/846/1364 565/897/1365 564/899/1366
f 559/846/1367 554/836/1368 560/898/1369 565/897/1370
s 2
f 560/839/1371 561/838/1372 566/848/1373
f 561/838/1372 562/841/1374 566/848/1373
f 562/841/1374 563/843/1375 566/848/1373
f 563/843/1375 564/845/1376 566/848/1373
f 564/845/1376 565/847/1377 566/848/1373
f 565/847/1377 560/839/1371 566/848/1373
s 3
f 597/849/1378 598/850/1379 556/840/1380 555/837/1381
s 4
f 598/850/1382 599/887/1383 557/842/1384 556/840/1385
s 5
f 599/851/1386 600/852/1387 558/844/1388 557/888/1389
s 6
f 600/852/1390 601/853/1391 559/846/1392 558/844/1393
s 7
f 601/853/1394 602/854/1395 554/836/1396 559/846/1397
s 8
f 602/854/1398 597/849/1399 555/837/1400 554/836/1401
s 3
f 549/826/1402 550/829/1403 568/855/1404 567/856/1405
s 4
f 550/829/1406 551/894/1407 569/893/1408 568/855/1409
s 5
f 551/831/1410 552/833/1411 570/858/1412 569/857/1413
s 6
f 552/833/1414 553/835/1415 571/859/1416 570/858/1417
s 7
f 553/835/1418 548/827/1419 572/860/1420 571/859/1421
s 8
f 548/827/1422 549/826/1423 567/856/1424 572/860/1425
s 3
f 567/856/1405 568/855/1404 574/861/1426 573/862/1427
s 4
f 568/855/1409 569/893/1408 575/892/1428 574/861/1429
s 5
f 569/857/1413 570/858/1412 576/864/1430 575/863/1431
s 6
f 570/858/1417 571/859/1416 577/865/1432 576/864/1433
s 7
f 571/859/1421 572/860/1420 578/866/1434 577/865/1435
s 8
f 572/860/1425 567/856/1424 573/862/1436 578/866/1437
s 3
f 573/862/1427 574/861/1426 580/867/1438 579/868/1439
s 4
f 574/861/1429 575/892/1428 581/891/1440 580/867/1441
s 5
f 575/863/1431 576/864/1430 582/870/1442 581/869/1443
s 6
f 576/864/1433 577/865/1432 583/871/1444 582/870/1445
s 7
f 577/865/1435 578/866/1434 584/872/1446 583/871/1447
s 8
f 578/866/1437 573/862/1436 579/868/1448 584/872/1449
s 3
f 579/868/1439 580/867/1438 586/873/1450 585/874/1451
s 4
f 580/867/1441 581/891/1440 587/890/1452 586/873/1453
s 5
f 581/869/1443 582/870/1442 588/876/1454 587/875/1455
s 6
f 582/870/1445 583/871/1444 589/877/1456 588/876/1457
s 7
f 583/871/1447 584/872/1446 590/878/1458 589/877/1459
s 8
f 584/872/1449 579/868/1448 585/874/1460 590/878/1461
s 3
f 585/874/1451 586/873/1450 592/879/1462 591/880/1463
s 4
f 586/873/1453 587/890/1452 593/889/1464 592/879/1465
s 5
f 587/875/1455 588/876/1454 594/882/1466 593/881/1467
s 6
f 588/876/1457 589/877/1456 595/883/1468 594/882/1469
s 7
f 589/877/1459 590/878/1458 596/884/1470 595/883/1471
s 8
f 590/878/1461 585/874/1460 591/880/1472 596/884/1473
s 3
f 591/880/1463 592/879/1462 598/850/1379 597/849/1378
s 4
f 592/879/1465 593/889/1464 599/887/1383 598/850/1382
s 5
f 593/881/1467 594/882/1466 600/852/1387 599/851/1386
s 6
f 594/882/1469 595/883/1468 601/853/1391 600/852/1390
s 7
f 595/883/1471 596/884/1470 602/854/1395 601/853/1394
s 8
f 596/884/1473 591/880/1472 597/849/1399 602/854/1398
s off
f 527/821/1474 528/822/1475 547/834/1476 546/832/1477
f 528/822/1478 523/818/1479 542/824/1480 547/834/1481
f 523/818/1482 524/817/1483 543/825/1484 542/824/1485
f 524/817/1486 525/819/1487 544/828/1488 543/825/1489
f 525/819/1490 526/885/1491 545/830/1492 544/828/1493
f 526/820/1494 527/821/1495 546/832/1496 545/886/1497
g default
v -2.365664 -3.188995 0.937292
v -1.151137 -3.354621 1.523581
v 0.000000 -3.432357 1.604495
v 1.151137 -3.354621 1.523581
v 2.365664 -3.188995 0.937292
v -1.782772 -0.976088 0.961762
v -0.937996 -1.048977 1.495618
v 0.000000 -1.048977 1.604495
v 0.937997 -1.048977 1.495618
v 1.782772 -0.976088 0.961762
v -1.377025 0.085388 0.873754
v -0.644044 0.065404 1.439007
v 0.000000 0.046159 1.546006
v 0.644044 0.065404 1.439007
v 1.377025 0.085388 0.873754
v -1.247323 0.611596 0.782160
v -0.526791 0.630320 1.307270
v 0.000000 0.635432 1.478625
v 0.526791 0.630320 1.307270
v 1.247323 0.611596 0.782160
v -1.452624 2.070415 1.061715
v -0.632791 2.070415 1.485044
v 0.000000 2.070415 1.604495
v 0.632791 2.070415 1.485044
v 1.452624 2.070415 1.061715
v -0.998873 3.979619 1.192202
v -0.499437 3.979619 1.345908
v 0.000000 3.979619 1.482703
v 0.499437 3.979619 1.345907
v 0.998873 3.979619 1.192202
v -2.738150 -3.046086 -0.187219
v -2.126282 -0.889129 -0.046087
v 2.738150 -3.046086 -0.187219
v 2.126282 -0.889129 -0.046087
v -1.705156 0.101038 -0.010258
v 1.705156 0.101038 -0.010258
v -1.496896 0.641475 0.022653
v 1.496896 0.641475 0.022653
v -2.543560 -3.046087 -1.105660
v -1.871343 -0.877852 -0.940312
v 2.543560 -3.046087 -1.105659
v 1.871343 -0.877852 -0.940312
v -1.499583 -0.003678 -0.768264
v 1.499583 -0.003679 -0.768265
v -1.231215 0.571612 -0.597287
v 1.231215 0.571613 -0.597287
v 2.193725 -1.735767 -1.046431
v 2.424523 -1.741952 -0.109808
v 2.068076 -1.854174 0.950714
v 1.068440 -1.968932 1.508243
v 0.000000 -2.004031 1.604495
v -1.068440 -1.968932 1.508243
v -2.068076 -1.854174 0.950714
v -2.424523 -1.741952 -0.109808
v -2.193725 -1.735767 -1.046431
v -0.886963 -0.093776 -0.881850
v -0.691458 0.520669 -0.777993
v 0.886963 -0.093777 -0.881850
v 0.691458 0.520670 -0.777993
v -0.312735 -0.105620 -0.997563
v -0.237931 0.483362 -0.893706
v 0.312735 -0.105621 -0.997564
v 0.237931 0.483363 -0.893706
v -1.058290 4.585506 0.840123
v -0.519568 4.617154 0.888824
v 0.519568 4.617154 0.888824
v 1.058290 4.585506 0.840123
v -1.093034 4.813561 0.481805
v -0.525312 4.926520 0.530506
v 0.525312 4.926520 0.530506
v 1.093034 4.813561 0.481805
v -1.131346 4.911052 -0.010161
v -0.563624 5.025476 0.012518
v 0.563625 5.025476 0.012518
v 1.131347 4.911052 -0.010161
v -1.190064 4.891347 -0.574224
v -0.622139 5.005076 -0.578674
v 0.622140 5.005076 -0.578675
v 1.190064 4.891347 -0.574223
v -1.178278 4.634542 -0.899214
v -0.653355 4.723182 -0.995836
v 0.653355 4.723182 -0.995837
v 1.178279 4.634542 -0.899214
v -1.141875 4.218506 -0.974937
v -0.620908 4.218506 -1.074032
v 0.620908 4.218506 -1.074033
v 1.141876 4.218506 -0.974936
v -0.984899 2.783824 -0.928160
v -0.476968 2.783824 -1.033154
v 0.476968 2.783824 -1.033155
v 0.984899 2.783824 -0.928159
v -2.445334 -3.173573 1.008123
v -1.178735 -3.350903 1.621678
v -1.097939 -1.963683 1.605970
v -2.147554 -1.834941 1.019974
v -0.000000 -3.431576 1.704806
v -0.000000 -2.002946 1.704906
v 1.178735 -3.350903 1.621678
v 1.097939 -1.963683 1.605970
v 2.445334 -3.173573 1.008123
v 2.147554 -1.834941 1.019974
v -1.861403 -0.948332 1.026727
v -0.971834 -1.037655 1.592072
v -0.683142 0.085825 1.531827
v -1.455724 0.117463 0.934294
v -0.000000 -1.044760 1.705161
v -0.000000 0.059526 1.647093
v 0.971834 -1.037655 1.592072
v 0.683142 0.085825 1.531827
v 1.861403 -0.948332 1.026727
v 1.455724 0.117463 0.934294
v -0.568619 0.635077 1.402102
v -1.336160 0.609784 0.846703
v -0.000000 0.638232 1.582668
v 0.568619 0.635077 1.402102
v 1.336160 0.609784 0.846703
v -0.668350 2.068649 1.580092
v -1.501959 2.063358 1.149300
v 0.000000 2.068466 1.707724
v 0.668350 2.068649 1.580092
v 1.501959 2.063358 1.149300
v -1.042302 4.015536 1.280501
v -0.519842 4.011575 1.441665
v 0.000000 3.987411 1.584921
v 0.519843 4.011575 1.441664
v 1.042301 4.015536 1.280501
v -2.524349 -1.712205 -0.104085
v -2.839031 -3.021597 -0.180973
v 2.524349 -1.712206 -0.104085
v 2.839031 -3.021597 -0.180973
v -1.802263 0.142425 -0.008996
v -2.223529 -0.850724 -0.041778
v 2.223529 -0.850724 -0.041778
v 1.802264 0.142425 -0.008996
v -1.595009 0.682323 0.021680
v 1.595009 0.682323 0.021680
v -2.286471 -1.705536 -1.069124
v -2.637934 -3.021011 -1.127217
v 2.286470 -1.705536 -1.069123
v 2.637934 -3.021011 -1.127216
v -1.578904 0.042550 -0.831995
v -1.960504 -0.840099 -0.965526
v 1.960504 -0.840100 -0.965526
v 1.578904 0.042549 -0.831995
v -1.295887 0.616012 -0.676336
v 1.295887 0.616012 -0.676336
v -0.713175 0.534987 -0.876004
v -0.907379 -0.068444 -0.976508
v 0.907379 -0.068445 -0.976508
v 0.713175 0.534988 -0.876004
v -0.252723 0.493541 -0.993550
v -0.323106 -0.086170 -1.095677
v 0.323106 -0.086172 -1.095677
v 0.252723 0.493542 -0.993550
v -0.536752 4.684934 0.962452
v -1.075474 4.653286 0.913750
v 1.075474 4.653286 0.913750
v 0.536752 4.684934 0.962451
v -0.544200 5.018043 0.572496
v -1.111922 4.905082 0.523795
v 1.111922 4.905083 0.523795
v 0.544200 5.018043 0.572495
v -0.583926 5.123543 0.022018
v -1.151647 5.009118 -0.000661
v 1.151648 5.009118 -0.000661
v 0.583926 5.123543 0.022018
v -0.643863 5.102260 -0.610753
v -1.211787 4.988531 -0.606303
v 1.211788 4.988531 -0.606303
v 0.643863 5.102260 -0.610754
v -0.676392 4.778293 -1.085950
v -1.201316 4.689653 -0.989328
v 1.201316 4.689654 -0.989327
v 0.676393 4.778293 -1.085950
v -0.640516 4.223420 -1.172473
v -1.161484 4.223420 -1.073377
v 1.161484 4.223420 -1.073377
v 0.640517 4.223420 -1.172474
v -0.498003 2.776906 -1.130704
v -1.005934 2.776906 -1.025710
v 1.005934 2.776906 -1.025709
v 0.498003 2.776906 -1.130704
vt 0.600577 0.695257
vt 0.644327 0.689881
vt 0.647422 0.729671
vt 0.609543 0.733740
vt 0.682048 0.687227
vt 0.682235 0.729129
vt 0.719788 0.689544
vt 0.717042 0.729335
vt 0.763560 0.694556
vt 0.754917 0.733065
vt 0.617678 0.761150
vt 0.651043 0.756556
vt 0.659190 0.793084
vt 0.627967 0.797903
vt 0.682374 0.757753
vt 0.682571 0.793830
vt 0.713674 0.756233
vt 0.705921 0.792791
vt 0.747028 0.760495
vt 0.737114 0.797192
vt 0.661749 0.814045
vt 0.632212 0.813098
vt 0.682681 0.811156
vt 0.703628 0.813751
vt 0.733034 0.812396
vt 0.663229 0.857996
vt 0.637684 0.860000
vt 0.683046 0.856794
vt 0.702869 0.857649
vt 0.728383 0.859204
vt 0.897958 0.937665
vt 0.874805 0.943445
vt 0.683549 0.907895
vt 0.952688 0.939728
vt 0.931390 0.931821
vt 0.573548 0.743179
vt 0.562313 0.703675
vt 0.790930 0.742209
vt 0.801857 0.702675
vt 0.595945 0.804021
vt 0.583185 0.770653
vt 0.781518 0.769702
vt 0.769053 0.803049
vt 0.603441 0.820023
vt 0.761684 0.819059
vt 0.542724 0.752259
vt 0.531533 0.712936
vt 0.821765 0.751055
vt 0.832673 0.711703
vt 0.532160 0.643881
vt 0.552809 0.781459
vt 0.811895 0.780283
vt 0.338347 0.643881
vt 0.521328 0.672331
vt 0.349177 0.672323
vt 0.891958 0.710926
vt 0.489139 0.641080
vt 0.381370 0.641058
vt 0.937701 0.712480
vt 0.880997 0.708636
vt 0.453239 0.640693
vt 0.417261 0.640708
vt 0.950439 0.710410
vt 0.877022 0.909261
vt 0.899766 0.909110
vt 0.930706 0.905033
vt 0.953020 0.906808
vt 0.877763 0.884132
vt 0.903747 0.883448
vt 0.928480 0.880254
vt 0.953951 0.882116
vt 0.877936 0.852681
vt 0.905109 0.850384
vt 0.928413 0.847227
vt 0.954671 0.849330
vt 0.878569 0.817758
vt 0.903669 0.813469
vt 0.927924 0.809928
vt 0.953357 0.813197
vt 0.879073 0.790097
vt 0.897859 0.789328
vt 0.931211 0.786262
vt 0.951672 0.785519
vt 0.878761 0.779153
vt 0.894640 0.779969
vt 0.933976 0.777469
vt 0.950884 0.775404
vt 0.878520 0.752424
vt 0.890410 0.753637
vt 0.936432 0.753154
vt 0.950752 0.751484
vt 0.599289 0.687519
vt 0.765441 0.491072
vt 0.723039 0.490605
vt 0.643386 0.681157
vt 0.687374 0.494005
vt 0.682008 0.677967
vt 0.651709 0.490598
vt 0.720655 0.680818
vt 0.609307 0.491055
vt 0.764785 0.686811
vt 0.759693 0.514883
vt 0.750167 0.547623
vt 0.712135 0.542157
vt 0.719886 0.512068
vt 0.687369 0.542772
vt 0.687371 0.515919
vt 0.662602 0.542152
vt 0.654858 0.512061
vt 0.624569 0.547610
vt 0.615051 0.514868
vt 0.627037 0.817067
vt 0.710265 0.559912
vt 0.687368 0.557910
vt 0.664469 0.559907
vt 0.738246 0.816240
vt 0.631364 0.860606
vt 0.708224 0.597075
vt 0.687364 0.595048
vt 0.666502 0.597071
vt 0.734703 0.859701
vt 0.646750 0.913559
vt 0.868713 0.941127
vt 0.683656 0.917917
vt 0.701690 0.919654
vt 0.925600 0.929463
vt 0.561006 0.698410
vt 0.808180 0.503112
vt 0.566566 0.503087
vt 0.803125 0.697400
vt 0.801640 0.529246
vt 0.791934 0.561619
vt 0.582800 0.561596
vt 0.573100 0.529222
vt 0.605520 0.824911
vt 0.759635 0.823966
vt 0.529768 0.707507
vt 0.538280 0.755121
vt 0.826233 0.753879
vt 0.837341 0.714506
vt 0.548729 0.784899
vt 0.561603 0.816604
vt 0.339979 0.635022
vt 0.816006 0.783687
vt 0.518734 0.682098
vt 0.780514 0.837731
vt 0.490508 0.630088
vt 0.895275 0.710334
vt 0.390732 0.674634
vt 0.380001 0.630066
vt 0.454039 0.629420
vt 0.450540 0.672263
vt 0.955135 0.709379
vt 0.416469 0.629436
vt 0.905397 0.909110
vt 0.871506 0.908308
vt 0.958423 0.905860
vt 0.925279 0.904263
vt 0.907568 0.883668
vt 0.873985 0.883825
vt 0.957468 0.881795
vt 0.924924 0.880007
vt 0.907286 0.850393
vt 0.875825 0.852637
vt 0.956652 0.849289
vt 0.926425 0.847207
vt 0.906964 0.813119
vt 0.875371 0.817913
vt 0.956362 0.813419
vt 0.924920 0.810020
vt 0.903898 0.788791
vt 0.873730 0.791497
vt 0.957535 0.786925
vt 0.924997 0.786712
vt 0.898959 0.780220
vt 0.874554 0.780189
vt 0.956341 0.776668
vt 0.928404 0.778277
vt 0.893304 0.753435
vt 0.875500 0.752274
vt 0.955210 0.751276
vt 0.932076 0.752744
vt 0.700613 0.909857
vt 0.713687 0.912738
vt 0.649158 0.641442
vt 0.958911 0.937598
vt 0.653477 0.913339
vt 0.666517 0.910206
vt 0.706391 0.640375
vt 0.847895 0.932907
vt 0.389591 0.663675
vt 0.419297 0.661205
vt 0.419536 0.608931
vt 0.480900 0.663690
vt 0.451192 0.661161
vt 0.877794 0.707888
vt 0.967908 0.711301
vt 0.483568 0.606465
vt 0.796794 0.810475
vt 0.787411 0.831677
vt 0.347697 0.605337
vt 0.568134 0.811617
vt 0.577700 0.832844
vt 0.823675 0.594362
vt 0.541728 0.572633
vt 0.530528 0.635033
vt 0.521487 0.478616
vt 0.834403 0.706265
vt 0.853264 0.478651
vt 0.526889 0.715780
vt 0.846918 0.512688
vt 0.842522 0.540558
vt 0.527826 0.512654
vt 0.532216 0.540526
vt 0.803352 0.815426
vt 0.833003 0.572664
vt 0.558601 0.468669
vt 0.816152 0.468697
vt 0.604366 0.457288
vt 0.770389 0.457305
vt 0.652262 0.458718
vt 0.687377 0.460259
vt 0.722493 0.458726
vt 0.551051 0.594334
vt 0.351771 0.682092
vt 0.386924 0.606435
vt 0.522791 0.605343
vt 0.584643 0.838872
vt 0.479770 0.674651
vt 0.588940 0.577091
vt 0.785790 0.577112
vt 0.720407 0.912822
vt 0.636636 0.600110
vt 0.738089 0.600121
vt 0.725559 0.641450
vt 0.628812 0.562436
vt 0.745921 0.562449
vt 0.687359 0.638329
vt 0.668326 0.640371
vt 0.665656 0.920034
vt 0.968831 0.752744
vt 0.932862 0.711440
vt 0.863673 0.752916
vt 0.866824 0.708943
vt 0.974538 0.778429
vt 0.857847 0.781243
vt 0.977460 0.787186
vt 0.854097 0.790592
vt 0.981654 0.809977
vt 0.849557 0.813919
vt 0.982642 0.846660
vt 0.848691 0.849262
vt 0.982254 0.879060
vt 0.847877 0.880440
vt 0.980353 0.902868
vt 0.848716 0.904647
vt 0.978921 0.929606
vt 0.904039 0.936171
vt 0.450968 0.609050
vt 0.420026 0.672344
vn -0.452246 0.064069 0.889589
vn -0.290126 0.039527 0.956172
vn -0.298155 0.050949 0.953157
vn -0.464074 0.077574 0.882393
vn 0.000000 0.007826 0.999969
vn 0.000000 0.010162 0.999948
vn 0.290126 0.039527 0.956172
vn 0.298155 0.050949 0.953157
vn 0.452246 0.064069 0.889589
vn 0.464074 0.077574 0.882393
vn -0.519642 0.165332 0.838235
vn -0.351693 0.118945 0.928528
vn -0.359020 0.173965 0.916974
vn -0.555322 0.248408 0.793669
vn -0.000000 0.041172 0.999152
vn -0.000000 0.101505 0.994835
vn 0.351693 0.118945 0.928528
vn 0.359020 0.173965 0.916974
vn 0.519642 0.165332 0.838235
vn 0.555322 0.248408 0.793669
vn -0.439912 -0.044400 0.896942
vn -0.545495 -0.038661 0.837222
vn 0.000000 -0.024666 0.999696
vn 0.439912 -0.044400 0.896942
vn 0.545495 -0.038661 0.837222
vn -0.354572 -0.050436 0.933667
vn -0.501197 -0.124433 0.856340
vn 0.000000 -0.005891 0.999983
vn 0.354572 -0.050436 0.933667
vn 0.501197 -0.124433 0.856340
vn -0.406845 0.062101 0.911384
vn -0.242740 0.079215 0.966852
vn 0.000000 0.076129 0.997098
vn 0.242739 0.079215 0.966852
vn 0.406844 0.062101 0.911384
vn -0.921728 0.202094 0.331021
vn -0.912639 0.238978 0.331631
vn -0.915409 0.228325 0.331504
vn -0.921728 0.202094 0.331021
vn 0.915409 0.228325 0.331503
vn 0.912639 0.238978 0.331631
vn 0.921728 0.202094 0.331020
vn 0.921728 0.202094 0.331020
vn -0.885628 0.326002 0.330737
vn -0.878327 0.347545 0.328260
vn -0.878654 0.346785 0.328189
vn -0.887653 0.320259 0.330918
vn 0.878327 0.347545 0.328259
vn 0.885628 0.326002 0.330737
vn 0.887653 0.320259 0.330918
vn 0.878654 0.346785 0.328189
vn -0.896762 0.301777 0.323649
vn -0.896762 0.301777 0.323649
vn 0.896762 0.301777 0.323649
vn 0.896762 0.301777 0.323649
vn -0.943732 0.250600 -0.215801
vn -0.928097 0.296199 -0.225614
vn -0.931723 0.286247 -0.223506
vn -0.943732 0.250600 -0.215801
vn 0.931723 0.286247 -0.223506
vn 0.928097 0.296199 -0.225614
vn 0.943732 0.250600 -0.215801
vn 0.943732 0.250600 -0.215801
vn -0.877793 0.399186 -0.264820
vn -0.877793 0.399187 -0.264820
vn -0.877793 0.399186 -0.264820
vn -0.877793 0.399186 -0.264820
vn 0.877793 0.399187 -0.264819
vn 0.877793 0.399187 -0.264819
vn 0.877793 0.399187 -0.264820
vn 0.877793 0.399187 -0.264819
vn -0.840277 0.426118 -0.335199
vn -0.840277 0.426118 -0.335199
vn -0.840277 0.426118 -0.335199
vn -0.840277 0.426118 -0.335199
vn 0.840277 0.426118 -0.335200
vn 0.840277 0.426118 -0.335200
vn 0.840277 0.426118 -0.335200
vn 0.840277 0.426118 -0.335200
vn 0.905703 0.351491 -0.236973
vn 0.905703 0.351491 -0.236973
vn -0.905703 0.351492 -0.236972
vn -0.905703 0.351492 -0.236972
vn -0.211914 0.289124 -0.933541
vn -0.211914 0.289125 -0.933541
vn -0.211914 0.289124 -0.933541
vn -0.211914 0.289124 -0.933541
vn 0.211914 0.289124 -0.933541
vn 0.211914 0.289124 -0.933541
vn 0.211914 0.289124 -0.933541
vn 0.211914 0.289124 -0.933541
vn -0.204769 0.209543 -0.956118
vn -0.204769 0.209543 -0.956118
vn -0.204769 0.209543 -0.956118
vn -0.204769 0.209543 -0.956118
vn 0.204769 0.209542 -0.956118
vn 0.204769 0.209542 -0.956118
vn 0.204769 0.209542 -0.956118
vn 0.204769 0.209542 -0.956118
vn 0.000000 0.173496 -0.984834
vn 0.000000 0.173496 -0.984834
vn 0.000000 0.173496 -0.984834
vn 0.000000 0.173496 -0.984834
vn -0.177929 0.528707 0.829946
vn -0.177929 0.528707 0.829946
vn -0.177929 0.528707 0.829946
vn -0.177929 0.528707 0.829946
vn 0.177928 0.528708 0.829946
vn 0.177928 0.528708 0.829946
vn 0.177928 0.528708 0.829946
vn 0.177928 0.528708 0.829946
vn -0.155405 0.786076 0.598276
vn -0.155405 0.786076 0.598276
vn -0.155405 0.786076 0.598276
vn -0.155405 0.786076 0.598276
vn 0.155404 0.786076 0.598276
vn 0.155404 0.786076 0.598276
vn 0.155404 0.786076 0.598276
vn 0.155404 0.786076 0.598276
vn -0.204506 0.957833 0.201824
vn -0.204506 0.957833 0.201824
vn -0.204506 0.957833 0.201824
vn -0.204506 0.957833 0.201824
vn 0.204504 0.957833 0.201825
vn 0.204504 0.957833 0.201825
vn 0.204504 0.957833 0.201825
vn 0.204504 0.957833 0.201825
vn -0.196731 0.980357 -0.014070
vn -0.196731 0.980357 -0.014070
vn -0.196731 0.980357 -0.014070
vn -0.196731 0.980357 -0.014070
vn 0.196730 0.980357 -0.014070
vn 0.196730 0.980357 -0.014070
vn 0.196730 0.980357 -0.014070
vn 0.196730 0.980357 -0.014070
vn -0.200196 0.795380 -0.572094
vn -0.200196 0.795380 -0.572094
vn -0.200196 0.795380 -0.572094
vn -0.200196 0.795380 -0.572094
vn 0.200197 0.795381 -0.572093
vn 0.200197 0.795381 -0.572093
vn 0.200197 0.795381 -0.572093
vn 0.200197 0.795381 -0.572093
vn -0.193996 0.147623 -0.969831
vn -0.193996 0.147623 -0.969831
vn -0.193996 0.147623 -0.969831
vn -0.193996 0.147623 -0.969831
vn 0.193998 0.147623 -0.969831
vn 0.193998 0.147623 -0.969831
vn 0.193998 0.147623 -0.969831
vn 0.193998 0.147623 -0.969831
vn -0.194321 -0.050305 -0.979647
vn -0.194321 -0.050305 -0.979647
vn -0.194321 -0.050305 -0.979647
vn -0.194321 -0.050305 -0.979647
vn 0.194323 -0.050306 -0.979647
vn 0.194323 -0.050306 -0.979647
vn 0.194323 -0.050306 -0.979647
vn 0.194323 -0.050306 -0.979647
vn -0.226684 -0.088437 -0.969945
vn -0.226684 -0.088437 -0.969945
vn -0.226684 -0.088437 -0.969945
vn -0.226684 -0.088437 -0.969945
vn 0.226685 -0.088437 -0.969945
vn 0.226685 -0.088437 -0.969945
vn 0.226685 -0.088437 -0.969945
vn 0.226685 -0.088437 -0.969945
vn 0.451648 -0.063760 -0.889915
vn 0.463298 -0.076834 -0.882865
vn 0.295742 -0.050209 -0.953948
vn 0.288175 -0.039102 -0.956779
vn 0.000000 -0.010032 -0.999950
vn 0.000000 -0.007784 -0.999970
vn -0.295742 -0.050209 -0.953948
vn -0.288175 -0.039102 -0.956779
vn -0.463298 -0.076834 -0.882865
vn -0.451649 -0.063760 -0.889915
vn 0.519470 -0.164200 -0.838564
vn 0.556426 -0.248177 -0.792968
vn 0.358610 -0.173506 -0.917221
vn 0.349973 -0.118041 -0.929293
vn 0.000000 -0.101489 -0.994837
vn 0.000000 -0.040518 -0.999179
vn -0.358610 -0.173506 -0.917221
vn -0.349973 -0.118041 -0.929293
vn -0.556426 -0.248177 -0.792968
vn -0.519470 -0.164200 -0.838564
vn 0.546020 0.042341 -0.836701
vn 0.443095 0.043226 -0.895432
vn 0.000000 0.023610 -0.999721
vn -0.443095 0.043226 -0.895432
vn -0.546020 0.042341 -0.836701
vn 0.501335 0.123486 -0.856396
vn 0.356949 0.051666 -0.932694
vn -0.000000 0.006081 -0.999982
vn -0.356949 0.051666 -0.932694
vn -0.501335 0.123486 -0.856396
vn 0.407360 -0.061652 -0.911185
vn 0.242760 -0.079043 -0.966861
vn -0.000000 -0.076018 -0.997106
vn -0.242760 -0.079043 -0.966861
vn -0.407359 -0.061652 -0.911185
vn 0.921709 -0.202083 -0.331081
vn 0.921709 -0.202083 -0.331081
vn 0.915466 -0.228024 -0.331553
vn 0.912587 -0.239104 -0.331684
vn -0.915466 -0.228024 -0.331553
vn -0.921709 -0.202083 -0.331080
vn -0.921709 -0.202083 -0.331080
vn -0.912587 -0.239104 -0.331684
vn 0.885452 -0.326475 -0.330740
vn 0.887698 -0.320107 -0.330944
vn 0.878666 -0.346780 -0.328162
vn 0.878515 -0.347130 -0.328195
vn -0.878515 -0.347130 -0.328195
vn -0.878666 -0.346780 -0.328162
vn -0.887698 -0.320107 -0.330944
vn -0.885452 -0.326475 -0.330740
vn 0.896738 -0.301930 -0.323571
vn 0.896739 -0.301930 -0.323571
vn -0.896738 -0.301930 -0.323571
vn -0.896739 -0.301930 -0.323571
vn 0.943742 -0.250757 0.215575
vn 0.943742 -0.250757 0.215575
vn 0.931821 -0.286134 0.223243
vn 0.928038 -0.296510 0.225448
vn -0.931821 -0.286134 0.223244
vn -0.943742 -0.250757 0.215575
vn -0.943742 -0.250757 0.215575
vn -0.928038 -0.296510 0.225448
vn 0.875792 -0.402219 0.266848
vn 0.875792 -0.402219 0.266848
vn 0.875792 -0.402219 0.266848
vn 0.875792 -0.402219 0.266848
vn -0.875792 -0.402219 0.266848
vn -0.875792 -0.402219 0.266848
vn -0.875792 -0.402219 0.266848
vn -0.875792 -0.402219 0.266848
vn 0.840445 -0.421310 0.340807
vn 0.840445 -0.421310 0.340807
vn 0.840445 -0.421310 0.340807
vn 0.840445 -0.421310 0.340807
vn -0.840445 -0.421310 0.340807
vn -0.840445 -0.421310 0.340807
vn -0.840445 -0.421310 0.340807
vn -0.840445 -0.421310 0.340807
vn -0.905520 -0.352023 0.236884
vn -0.905520 -0.352023 0.236884
vn 0.905520 -0.352023 0.236883
vn 0.905520 -0.352023 0.236883
vn 0.202435 -0.294667 0.933912
vn 0.202435 -0.294667 0.933912
vn 0.202435 -0.294667 0.933912
vn 0.202435 -0.294667 0.933912
vn -0.202436 -0.294667 0.933912
vn -0.202436 -0.294666 0.933912
vn -0.202436 -0.294667 0.933912
vn -0.202436 -0.294667 0.933912
vn 0.205113 -0.211031 0.955717
vn 0.205113 -0.211031 0.955717
vn 0.205113 -0.211031 0.955717
vn 0.205113 -0.211031 0.955717
vn -0.205113 -0.211030 0.955717
vn -0.205113 -0.211030 0.955717
vn -0.205113 -0.211030 0.955717
vn -0.205113 -0.211030 0.955717
vn 0.000000 -0.173654 0.984807
vn 0.000000 -0.173654 0.984807
vn 0.000000 -0.173654 0.984807
vn 0.000000 -0.173654 0.984807
vn 0.177930 -0.528708 -0.829945
vn 0.177930 -0.528708 -0.829945
vn 0.177930 -0.528708 -0.829945
vn 0.177930 -0.528708 -0.829945
vn -0.177929 -0.528707 -0.829946
vn -0.177929 -0.528707 -0.829946
vn -0.177929 -0.528707 -0.829946
vn -0.177929 -0.528707 -0.829946
vn 0.155405 -0.786076 -0.598275
vn 0.155405 -0.786076 -0.598275
vn 0.155405 -0.786076 -0.598275
vn 0.155405 -0.786076 -0.598275
vn -0.155403 -0.786077 -0.598275
vn -0.155403 -0.786077 -0.598275
vn -0.155403 -0.786077 -0.598275
vn -0.155403 -0.786077 -0.598275
vn 0.204504 -0.957833 -0.201825
vn 0.204504 -0.957833 -0.201825
vn 0.204504 -0.957834 -0.201825
vn 0.204504 -0.957833 -0.201825
vn -0.204504 -0.957834 -0.201825
vn -0.204504 -0.957833 -0.201825
vn -0.204504 -0.957834 -0.201825
vn -0.204504 -0.957833 -0.201825
vn 0.196730 -0.980357 0.014070
vn 0.196730 -0.980357 0.014070
vn 0.196730 -0.980357 0.014070
vn 0.196730 -0.980357 0.014070
vn -0.196730 -0.980357 0.014070
vn -0.196730 -0.980357 0.014070
vn -0.196730 -0.980357 0.014070
vn -0.196730 -0.980357 0.014070
vn 0.200195 -0.795381 0.572094
vn 0.200195 -0.795381 0.572094
vn 0.200195 -0.795381 0.572094
vn 0.200195 -0.795381 0.572094
vn -0.200196 -0.795380 0.572094
vn -0.200196 -0.795380 0.572094
vn -0.200196 -0.795380 0.572094
vn -0.200196 -0.795380 0.572094
vn 0.193995 -0.147624 0.969831
vn 0.193995 -0.147624 0.969831
vn 0.193995 -0.147624 0.969831
vn 0.193995 -0.147624 0.969831
vn -0.193998 -0.147624 0.969831
vn -0.193998 -0.147624 0.969831
vn -0.193998 -0.147624 0.969831
vn -0.193998 -0.147624 0.969831
vn 0.194321 0.050306 0.979647
vn 0.194321 0.050306 0.979647
vn 0.194321 0.050306 0.979647
vn 0.194321 0.050306 0.979647
vn -0.194323 0.050306 0.979647
vn -0.194323 0.050306 0.979647
vn -0.194323 0.050306 0.979647
vn -0.194323 0.050306 0.979647
vn 0.226110 0.087948 0.970123
vn 0.226110 0.087948 0.970123
vn 0.226110 0.087948 0.970123
vn 0.226110 0.087948 0.970123
vn -0.226111 0.087948 0.970123
vn -0.226111 0.087948 0.970123
vn -0.226111 0.087948 0.970123
vn -0.226111 0.087948 0.970123
vn -0.198972 -0.979807 -0.019727
vn -0.115957 -0.993111 0.016888
vn -0.102884 -0.994568 0.015830
vn -0.171142 -0.985246 0.000880
vn 0.000000 -0.999914 0.013091
vn 0.000000 -0.999914 0.013091
vn 0.115956 -0.993111 0.016888
vn 0.102884 -0.994568 0.015829
vn 0.198972 -0.979807 -0.019727
vn 0.171142 -0.985246 0.000880
vn -0.797070 0.130621 -0.589591
vn -0.740814 0.039638 -0.670540
vn -0.740814 0.039638 -0.670540
vn -0.821911 0.179676 -0.540536
vn 0.740814 0.039638 -0.670539
vn 0.797072 0.130621 -0.589588
vn 0.821914 0.179676 -0.540532
vn 0.740814 0.039638 -0.670539
vn -0.909357 0.084896 -0.407263
vn -0.871636 0.178090 -0.456657
vn -0.000000 0.981904 -0.189380
vn 0.075098 0.979131 -0.188846
vn 0.075098 0.979131 -0.188846
vn 0.000000 0.981904 -0.189380
vn -0.075098 0.979131 -0.188846
vn -0.075098 0.979131 -0.188846
vn 0.909360 0.084897 -0.407256
vn 0.871639 0.178091 -0.456650
vn -0.237826 -0.970088 -0.048672
vn -0.237472 -0.970187 -0.048415
vn 0.237825 -0.970088 -0.048672
vn 0.237471 -0.970187 -0.048415
vn 0.203710 0.979029 -0.002083
vn 0.310120 0.949808 0.041109
vn 0.308326 0.950424 0.040370
vn 0.203710 0.979029 -0.002083
vn -0.310120 0.949808 0.041109
vn -0.203710 0.979029 -0.002083
vn -0.203710 0.979029 -0.002083
vn -0.308325 0.950424 0.040371
vn 0.246283 0.004061 -0.969189
vn 0.225425 -0.016682 -0.974118
vn 0.225425 -0.016682 -0.974118
vn 0.233785 -0.008394 -0.972252
vn -0.241912 -0.968923 -0.051637
vn -0.241912 -0.968923 -0.051637
vn 0.241909 -0.968924 -0.051637
vn 0.241909 -0.968924 -0.051637
vn -0.225424 -0.016682 -0.974118
vn -0.246283 0.004060 -0.969190
vn -0.233784 -0.008394 -0.972252
vn -0.225424 -0.016682 -0.974118
vn 0.451425 -0.038516 -0.891478
vn 0.402047 -0.023107 -0.915327
vn 0.318730 0.002182 -0.947843
vn 0.451425 -0.038516 -0.891478
vn -0.402048 -0.023108 -0.915327
vn -0.451425 -0.038518 -0.891477
vn -0.451425 -0.038518 -0.891477
vn -0.318731 0.002181 -0.947843
vn 0.350111 0.926717 0.136450
vn 0.269087 0.945705 0.182303
vn -0.350110 0.926717 0.136450
vn -0.269087 0.945705 0.182304
vn 0.188626 0.955932 0.224977
vn 0.188626 0.955932 0.224977
vn -0.147480 -0.954090 -0.260693
vn -0.205097 -0.933919 -0.292797
vn -0.205097 -0.933919 -0.292797
vn -0.128403 -0.959726 -0.249879
vn 0.205097 -0.933920 -0.292795
vn 0.147480 -0.954091 -0.260692
vn 0.128403 -0.959726 -0.249878
vn 0.205097 -0.933920 -0.292795
vn -0.188626 0.955932 0.224977
vn -0.188626 0.955932 0.224977
vn -0.035234 -0.978060 -0.205324
vn -0.030300 -0.978540 -0.203818
vn 0.035232 -0.978060 -0.205324
vn 0.030298 -0.978540 -0.203818
vn -0.000002 0.994843 0.101423
vn -0.000002 0.994843 0.101423
vn -0.000002 0.994843 0.101423
vn -0.000002 0.994843 0.101423
vn 0.981446 0.129030 0.141825
vn 0.983209 0.141001 0.115840
vn 0.981710 0.130527 0.138595
vn 0.981446 0.129030 0.141825
vn -0.976010 -0.199591 -0.086989
vn -0.956615 -0.202094 -0.209871
vn 0.976011 -0.199590 -0.086988
vn 0.956616 -0.202092 -0.209867
vn -0.983209 0.141000 0.115839
vn -0.981446 0.129031 0.141827
vn -0.981446 0.129031 0.141827
vn -0.981710 0.130528 0.138596
vn 0.980258 0.197692 -0.003431
vn 0.984167 0.158982 0.078355
vn -0.977793 -0.208538 0.020812
vn -0.979502 -0.200533 -0.019053
vn 0.977793 -0.208537 0.020813
vn 0.979502 -0.200533 -0.019052
vn -0.980258 0.197691 -0.003432
vn -0.984168 0.158981 0.078354
vn 0.976331 0.202847 -0.075038
vn 0.976791 0.205296 -0.061103
vn -0.976074 -0.202658 0.078795
vn -0.976572 -0.205323 0.064416
vn 0.976074 -0.202658 0.078795
vn 0.976572 -0.205323 0.064417
vn -0.976331 0.202847 -0.075038
vn -0.976791 0.205296 -0.061103
vn 0.975334 0.187372 -0.116687
vn 0.974844 0.161324 -0.153798
vn -0.974546 -0.196116 0.108620
vn -0.974449 -0.192652 0.115470
vn 0.974546 -0.196116 0.108620
vn 0.974449 -0.192653 0.115470
vn -0.975334 0.187373 -0.116687
vn -0.974844 0.161324 -0.153798
vn 0.975224 0.132824 -0.176907
vn 0.976877 0.100655 -0.188628
vn -0.975776 -0.170206 0.137445
vn -0.976348 -0.128640 0.173770
vn 0.975776 -0.170207 0.137445
vn 0.976348 -0.128640 0.173771
vn -0.975224 0.132824 -0.176908
vn -0.976876 0.100656 -0.188630
vn 0.975611 0.091624 -0.199470
vn 0.975387 0.091456 -0.200641
vn -0.974743 -0.104203 0.197530
vn -0.974533 -0.102297 0.199551
vn 0.974743 -0.104203 0.197531
vn 0.974533 -0.102297 0.199552
vn -0.975610 0.091624 -0.199472
vn -0.975386 0.091456 -0.200643
vn 0.978351 0.092310 -0.185222
vn 0.977778 0.092102 -0.188328
vn -0.972466 -0.108093 0.206458
vn -0.972802 -0.106327 0.205792
vn 0.972466 -0.108092 0.206459
vn 0.972802 -0.106326 0.205793
vn -0.978351 0.092310 -0.185223
vn -0.977778 0.092102 -0.188330
vn 0.979939 0.092898 -0.176324
vn 0.979939 0.092898 -0.176324
vn -0.971599 -0.112570 0.208143
vn -0.971599 -0.112570 0.208143
vn 0.971599 -0.112570 0.208145
vn 0.971599 -0.112570 0.208145
vn -0.979939 0.092898 -0.176325
vn -0.979939 0.092898 -0.176325
s 1
g Apron Body
usemtl standardSurface11SG
f 694/911/1498 695/912/1499 696/913/1500 697/914/1501
f 695/912/1499 698/915/1502 699/916/1503 696/913/1500
f 698/915/1502 700/917/1504 701/918/1505 699/916/1503
f 700/917/1504 702/919/1506 703/920/1507 701/918/1505
f 704/921/1508 705/922/1509 706/923/1510 707/924/1511
f 705/922/1509 708/925/1512 709/926/1513 706/923/1510
f 708/925/1512 710/927/1514 711/928/1515 709/926/1513
f 710/927/1514 712/929/1516 713/930/1517 711/928/1515
f 707/924/1511 706/923/1510 714/931/1518 715/932/1519
f 706/923/1510 709/926/1513 716/933/1520 714/931/1518
f 709/926/1513 711/928/1515 717/934/1521 716/933/1520
f 711/928/1515 713/930/1517 718/935/1522 717/934/1521
f 715/932/1519 714/931/1518 719/936/1523 720/937/1524
f 714/931/1518 716/933/1520 721/938/1525 719/936/1523
f 716/933/1520 717/934/1521 722/939/1526 721/938/1525
f 717/934/1521 718/935/1522 723/940/1527 722/939/1526
f 720/937/1524 719/936/1523 724/1097/1528
f 719/936/1523 725/1098/1529 724/1097/1528
f 719/936/1523 721/938/1525 726/943/1530 725/1098/1529
f 721/938/1525 722/939/1526 727/1093/1531 726/943/1530
f 722/939/1526 728/1094/1532 727/1093/1531
f 722/939/1526 723/940/1527 728/1094/1532
s 2
f 694/911/1533 697/914/1534 729/946/1535 730/947/1536
s 3
f 731/948/1537 703/920/1538 702/919/1539 732/949/1540
s 2
f 704/921/1541 707/924/1542 733/950/1543 734/951/1544
s 3
f 713/930/1545 712/929/1546 735/952/1547 736/953/1548
s 2
f 707/924/1542 715/932/1549 737/954/1550 733/950/1543
s 3
f 718/935/1551 713/930/1545 736/953/1548 738/955/1552
s 5
f 730/947/1553 729/946/1554 739/956/1555 740/957/1556
s 6
f 741/958/1557 731/948/1558 732/949/1559 742/959/1560
s off
f 734/951/1561 733/950/1562 743/1112/1563 744/961/1564
f 736/953/1565 735/952/1566 745/962/1567 746/1109/1568
f 733/950/1569 737/954/1570 747/1113/1571 743/1112/1572
f 738/955/1573 736/953/1574 746/1109/1575 748/1110/1576
s 6
f 735/952/1577 731/948/1558 741/958/1557 745/962/1578
s 3
f 712/929/1546 703/920/1538 731/948/1537 735/952/1547
s 1
f 701/918/1505 703/920/1507 712/929/1516 710/927/1514
f 699/916/1503 701/918/1505 710/927/1514 708/925/1512
f 696/913/1500 699/916/1503 708/925/1512 705/922/1509
f 697/914/1501 696/913/1500 705/922/1509 704/921/1508
s 2
f 729/946/1535 697/914/1534 704/921/1541 734/951/1544
s 5
f 739/956/1555 729/946/1554 734/951/1579 744/961/1580
s off
f 743/960/1581 747/964/1582 749/1104/1583 750/967/1584
f 748/965/1585 746/963/1586 751/968/1587 752/1101/1588
f 750/967/1589 749/1104/1590 753/1105/1591 754/971/1592
f 752/1101/1593 751/968/1594 755/972/1595 756/1102/1596
f 754/971/1597 753/1105/1598 756/1102/1599 755/972/1600
f 724/941/1601 725/942/1602 757/974/1603 758/975/1604
f 727/944/1605 728/945/1606 759/976/1607 760/977/1608
f 758/975/1609 757/974/1610 761/978/1611 762/979/1612
f 760/977/1613 759/976/1614 763/980/1615 764/981/1616
f 762/979/1617 761/978/1618 765/982/1619 766/983/1620
f 764/981/1621 763/980/1622 767/984/1623 768/985/1624
f 766/983/1625 765/982/1626 769/986/1627 770/987/1628
f 768/985/1629 767/984/1630 771/988/1631 772/989/1632
f 770/987/1633 769/986/1634 773/990/1635 774/991/1636
f 772/989/1637 771/988/1638 775/992/1639 776/993/1640
f 774/991/1641 773/990/1642 777/994/1643 778/995/1644
f 776/993/1645 775/992/1646 779/996/1647 780/997/1648
f 778/995/1649 777/994/1650 781/998/1651 782/999/1652
f 780/997/1653 779/996/1654 783/1000/1655 784/1001/1656
f 782/999/1657 781/998/1658 753/970/1659 749/966/1660
f 784/1001/1661 783/1000/1662 752/969/1663 756/973/1664
s 7
f 603/1130/1665 655/1003/1666 654/1004/1667 604/1133/1668
f 604/1133/1668 654/1004/1667 653/1006/1669 605/1132/1670
f 605/1132/1670 653/1006/1669 652/1008/1671 606/1131/1672
f 606/1131/1672 652/1008/1671 651/1010/1673 607/1129/1674
f 608/1012/1675 613/1013/1676 614/1014/1677 609/1015/1678
f 609/1015/1678 614/1014/1677 615/1016/1679 610/1017/1680
f 610/1017/1680 615/1016/1679 616/1018/1681 611/1019/1682
f 611/1019/1682 616/1018/1681 617/1020/1683 612/1021/1684
f 613/1013/1676 618/1147/1685 619/1023/1686 614/1014/1677
f 614/1014/1677 619/1023/1686 620/1024/1687 615/1016/1679
f 615/1016/1679 620/1024/1687 621/1025/1688 616/1018/1681
f 616/1018/1681 621/1025/1688 622/1146/1689 617/1020/1683
f 618/1147/1685 623/1144/1690 624/1028/1691 619/1023/1686
f 619/1023/1686 624/1028/1691 625/1029/1692 620/1024/1687
f 620/1024/1687 625/1029/1692 626/1030/1693 621/1025/1688
f 621/1025/1688 626/1030/1693 627/1143/1694 622/1146/1689
f 623/1144/1690 628/1145/1695 624/1028/1691
f 624/1028/1691 628/1145/1695 629/1099/1696
f 624/1028/1691 629/1099/1696 630/1148/1697 625/1029/1692
f 625/1029/1692 630/1148/1697 631/1149/1698 626/1030/1693
f 626/1030/1693 631/1149/1698 632/1095/1699
f 626/1030/1693 632/1095/1699 627/1143/1694
s 9
f 603/1130/1700 633/1128/1701 656/1038/1702 655/1003/1703
s 10
f 650/1039/1704 635/1127/1705 607/1129/1706 651/1010/1707
s 9
f 608/1012/1708 634/1041/1709 637/1042/1710 613/1013/1711
s 10
f 617/1020/1712 638/1043/1713 636/1044/1714 612/1021/1715
s 9
f 613/1013/1711 637/1042/1710 639/1141/1716 618/1147/1717
s 10
f 622/1146/1718 640/1140/1719 638/1043/1713 617/1020/1712
s 12
f 633/1128/1720 641/1119/1721 657/1121/1722 656/1038/1723
s 13
f 649/1123/1724 643/1117/1725 635/1127/1726 650/1039/1727
s off
f 634/1041/1728 642/1122/1729 645/1126/1730 637/1042/1731
f 638/1043/1732 646/1115/1733 644/1124/1734 636/1044/1735
f 637/1042/1736 645/1126/1737 647/1114/1738 639/1141/1739
f 640/1140/1740 648/1134/1741 646/1115/1742 638/1043/1743
s 13
f 636/1044/1744 644/1124/1745 649/1123/1724 650/1039/1727
s 10
f 612/1021/1715 636/1044/1714 650/1039/1704 651/1010/1707
s 7
f 652/1008/1671 611/1019/1682 612/1021/1684 651/1010/1673
f 653/1006/1669 610/1017/1680 611/1019/1682 652/1008/1671
f 654/1004/1667 609/1015/1678 610/1017/1680 653/1006/1669
f 655/1003/1666 608/1012/1675 609/1015/1678 654/1004/1667
s 9
f 656/1038/1702 634/1041/1709 608/1012/1708 655/1003/1703
s 12
f 657/1121/1722 642/1122/1746 634/1041/1747 656/1038/1723
s off
f 645/1116/1748 658/1057/1749 659/1108/1750 647/1137/1751
f 648/1111/1752 661/1136/1753 660/1060/1754 646/1053/1755
f 658/1057/1756 662/1061/1757 663/1169/1758 659/1108/1759
f 661/1136/1760 665/1103/1761 664/1064/1762 660/1060/1763
f 662/1061/1764 664/1064/1765 665/1103/1766 663/1169/1767
f 628/1100/1768 666/1166/1769 667/1066/1770 629/1033/1771
f 631/1096/1772 668/1067/1773 669/1165/1774 632/1167/1775
f 666/1166/1776 670/1164/1777 671/1070/1778 667/1066/1779
f 668/1067/1780 672/1071/1781 673/1163/1782 669/1165/1783
f 670/1164/1784 674/1162/1785 675/1074/1786 671/1070/1787
f 672/1071/1788 676/1075/1789 677/1161/1790 673/1163/1791
f 674/1162/1792 678/1160/1793 679/1078/1794 675/1074/1795
f 676/1075/1796 680/1079/1797 681/1159/1798 677/1161/1799
f 678/1160/1800 682/1158/1801 683/1082/1802 679/1078/1803
f 680/1079/1804 684/1083/1805 685/1157/1806 681/1159/1807
f 682/1158/1808 686/1156/1809 687/1086/1810 683/1082/1811
f 684/1083/1812 688/1087/1813 689/1155/1814 685/1157/1815
f 686/1156/1816 690/1153/1817 691/1090/1818 687/1086/1819
f 688/1087/1820 692/1091/1821 693/1151/1822 689/1155/1823
f 690/1153/1824 659/1154/1825 663/1106/1826 691/1090/1827
f 692/1091/1828 665/1063/1829 661/1107/1830 693/1151/1831
s 14
f 603/1002/1832 604/1005/1833 695/912/1834 694/911/1835
f 604/1005/1833 605/1007/1836 698/915/1837 695/912/1834
f 605/1007/1836 606/1009/1838 700/917/1839 698/915/1837
f 606/1009/1838 607/1011/1840 702/919/1841 700/917/1839
s 15
f 623/1027/1842 618/1022/1843 715/932/1844 720/937/1845
s 16
f 622/1026/1846 627/1031/1847 723/940/1848 718/935/1849
s 15
f 628/1032/1850 623/1027/1842 720/937/1845 724/1097/1851
s 17
f 630/1034/1852 629/1150/1853 725/1098/1854 726/943/1855
f 631/1035/1856 630/1034/1852 726/943/1855 727/1093/1857
s 16
f 627/1031/1847 632/1142/1858 728/1094/1859 723/940/1848
s 14
f 633/1037/1860 603/1002/1832 694/911/1835 730/947/1861
f 607/1011/1840 635/1040/1862 732/949/1863 702/919/1841
s 18
f 618/1022/1864 639/1045/1865 737/954/1866 715/932/1867
s 19
f 640/1046/1868 622/1026/1869 718/935/1870 738/955/1871
s 20
f 657/1048/1872 641/1120/1873 740/957/1874 739/956/1875
s 14
f 641/1047/1876 633/1037/1860 730/947/1861 740/957/1877
f 635/1040/1862 643/1118/1878 742/959/1879 732/949/1863
s 21
f 643/1050/1880 649/1049/1881 741/958/1882 742/959/1883
s 20
f 645/1052/1884 642/1051/1885 744/961/1886 743/1112/1887
s 21
f 644/1054/1888 646/1125/1889 746/1109/1890 745/962/1891
s 18
f 639/1045/1865 647/1138/1892 747/1113/1893 737/954/1866
s 19
f 648/1056/1894 640/1046/1868 738/955/1871 748/1110/1895
s 21
f 649/1049/1881 644/1054/1888 745/962/1891 741/958/1882
s 20
f 642/1051/1885 657/1048/1872 739/956/1875 744/961/1886
s 18
f 647/1055/1892 659/1139/1896 749/1104/1897 747/964/1893
s 22
f 658/1057/1898 645/1116/1899 743/960/1900 750/967/1901
f 646/1053/1902 660/1060/1903 751/968/1904 746/963/1905
s 19
f 661/1059/1906 648/1135/1894 748/965/1895 752/1101/1907
s 22
f 662/1061/1908 658/1057/1898 750/967/1901 754/971/1909
f 660/1060/1903 664/1064/1910 755/972/1911 751/968/1904
s off
f 663/1062/1912 665/1170/1913 756/1102/1914 753/1105/1915
s 22
f 664/1064/1910 662/1061/1908 754/971/1909 755/972/1911
s 24
f 629/1033/1916 667/1066/1917 757/974/1918 725/942/1919
s 15
f 666/1065/1920 628/1168/1850 724/941/1851 758/975/1921
s 16
f 632/1036/1858 669/1068/1922 759/976/1923 728/945/1859
s 25
f 668/1067/1924 631/1096/1925 727/944/1926 760/977/1927
s 24
f 667/1066/1917 671/1070/1928 761/978/1929 757/974/1918
s 15
f 670/1069/1930 666/1065/1920 758/975/1921 762/979/1931
s 16
f 669/1068/1922 673/1072/1932 763/980/1933 759/976/1923
s 25
f 672/1071/1934 668/1067/1924 760/977/1927 764/981/1935
s 24
f 671/1070/1928 675/1074/1936 765/982/1937 761/978/1929
s 15
f 674/1073/1938 670/1069/1930 762/979/1931 766/983/1939
s 16
f 673/1072/1932 677/1076/1940 767/984/1941 763/980/1933
s 25
f 676/1075/1942 672/1071/1934 764/981/1935 768/985/1943
s 24
f 675/1074/1936 679/1078/1944 769/986/1945 765/982/1937
s 15
f 678/1077/1946 674/1073/1938 766/983/1939 770/987/1947
s 16
f 677/1076/1940 681/1080/1948 771/988/1949 767/984/1941
s 25
f 680/1079/1950 676/1075/1942 768/985/1943 772/989/1951
s 24
f 679/1078/1944 683/1082/1952 773/990/1953 769/986/1945
s 15
f 682/1081/1954 678/1077/1946 770/987/1947 774/991/1955
s 16
f 681/1080/1948 685/1084/1956 775/992/1957 771/988/1949
s 25
f 684/1083/1958 680/1079/1950 772/989/1951 776/993/1959
s 24
f 683/1082/1952 687/1086/1960 777/994/1961 773/990/1953
s 15
f 686/1085/1962 682/1081/1954 774/991/1955 778/995/1963
s 16
f 685/1084/1956 689/1088/1964 779/996/1965 775/992/1957
s 25
f 688/1087/1966 684/1083/1958 776/993/1959 780/997/1967
s 24
f 687/1086/1960 691/1090/1968 781/998/1969 777/994/1961
s 15
f 690/1089/1970 686/1085/1962 778/995/1963 782/999/1971
s 16
f 689/1088/1964 693/1092/1972 783/1000/1973 779/996/1965
s 25
f 692/1091/1974 688/1087/1966 780/997/1967 784/1001/1975
s 24
f 691/1090/1968 663/1106/1976 753/970/1977 781/998/1969
s 15
f 659/1058/1978 690/1089/1970 782/999/1971 749/966/1979
s 16
f 693/1092/1972 661/1152/1980 752/969/1981 783/1000/1973
s 25
f 665/1063/1982 692/1091/1974 784/1001/1975 756/973/1983
g default
v 0.791818 4.962372 -0.480496
v 0.000000 4.996462 -0.634015
v -0.791818 4.962372 -0.480496
v -0.791820 4.954807 -0.026169
v -0.641391 4.853651 0.532153
v 0.000000 4.442262 1.081543
v 0.641391 4.853651 0.532154
v 0.791820 4.954807 -0.026169
v 1.721152 4.566223 -0.722388
v 1.749799 4.648363 -0.003798
v 1.586079 4.550728 0.695785
v 0.000000 3.945212 1.411223
v -1.586079 4.550728 0.695785
v -1.749799 4.648363 -0.003798
v -1.721152 4.566223 -0.722388
v 0.000000 4.667691 -1.098305
v 1.703766 3.274964 -0.668801
v 1.749802 2.912300 0.063186
v 1.491331 3.245851 0.801338
v 0.000000 3.125891 1.547996
v -1.491331 3.245851 0.801338
v -1.749802 2.912300 0.063186
v -1.703766 3.274964 -0.668801
v 0.000000 3.125891 -1.023683
v 1.287075 1.280557 -0.553679
v 1.541343 1.280557 0.087057
v 1.139409 1.280557 0.922904
v 0.000000 1.280557 1.434933
v -1.139409 1.280557 0.922904
v -1.541343 1.280557 0.087057
v -1.287075 1.280557 -0.553679
v 0.000000 1.280557 -0.845282
v 1.079749 0.556037 -0.596015
v 1.465193 0.594759 0.146961
v 1.089917 0.562096 0.999532
v -0.000084 0.534771 1.259039
v -1.098556 0.562106 0.970577
v -1.471719 0.596899 0.118006
v -1.078257 0.556387 -0.596015
v -0.000085 0.527550 -0.827755
v 1.941503 3.330605 -0.601794
v 1.891715 3.016944 0.042485
v 1.950101 4.428349 -0.593977
v 1.925904 4.642173 -0.008947
v 1.749460 3.333041 0.656068
v 1.824811 4.450457 0.618300
v -1.749460 3.333041 0.656069
v -1.891715 3.016943 0.042485
v -1.824810 4.450457 0.618300
v -1.925904 4.642172 -0.008947
v -1.941503 3.330605 -0.601794
v -1.950101 4.428349 -0.593977
v 3.203104 3.330605 -0.601794
v 3.203103 3.016944 0.042485
v 3.203103 4.311035 -0.593977
v 3.203102 4.575857 -0.008947
v 3.203101 3.333041 0.656068
v 3.203101 4.369123 0.618300
v -3.203101 3.333041 0.656069
v -3.203103 3.016943 0.042485
v -3.203101 4.369123 0.618300
v -3.203102 4.575856 -0.008947
v -3.203104 3.330605 -0.601794
v -3.203103 4.311035 -0.593977
v 0.787331 -9.414248 -0.615484
v 1.295041 -9.414248 -0.615484
v 1.565508 -9.414248 -0.105918
v 0.519559 -9.414248 -0.105917
v -0.787331 -9.414248 -0.615484
v -1.295041 -9.414248 -0.615484
v -1.565508 -9.414248 -0.105918
v -0.519559 -9.414248 -0.105917
v 0.000000 4.364156 1.071918
v 5.617241 3.822882 -0.334032
v 5.617241 3.671583 0.002152
v 5.617241 4.207167 -0.334032
v 5.617241 4.358466 0.002152
v 5.617241 3.822882 0.338336
v 5.617241 4.208706 0.338336
v -5.617241 3.822882 0.338336
v -5.617241 3.671583 0.002152
v -5.617241 4.208706 0.338336
v -5.617241 4.358466 0.002152
v -5.617241 3.822882 -0.334032
v -5.617241 4.207167 -0.334032
v 0.782126 4.906117 -0.457850
v -0.000000 4.920480 -0.621951
v -0.782125 4.906117 -0.457850
v -0.763612 4.904846 -0.014090
v -0.600913 4.814178 0.537471
v -0.000000 4.732594 0.571460
v 0.600913 4.814177 0.537466
v 0.763612 4.904846 -0.014090
v 0.298770 5.046568 -0.332044
v 0.000000 5.055472 -0.407095
v -0.298770 5.046568 -0.332044
v -0.373183 5.019208 -0.152510
v -0.298770 4.986663 0.023137
v 0.000000 4.986663 0.093962
v 0.298770 4.986663 0.023137
v 0.373183 5.019208 -0.152510
v 0.298770 5.872837 -0.238633
v 0.000000 5.872837 -0.306853
v -0.298770 5.872837 -0.238633
v -0.373183 5.872837 -0.073936
v -0.298770 5.872837 0.090761
v 0.000000 5.872837 0.158980
v 0.298770 5.872837 0.090761
v 0.373183 5.872837 -0.073936
v 5.805364 3.821956 -0.544691
v 5.836049 3.663437 -0.038306
v 5.805364 4.216155 -0.544691
v 5.836049 4.374673 -0.038306
v 5.799321 3.851702 0.471000
v 5.805364 4.232230 0.468079
v -5.799321 3.851702 0.471000
v -5.836049 3.663437 -0.038306
v -5.805364 4.232230 0.468079
v -5.836049 4.374673 -0.038306
v -5.805364 3.821956 -0.544691
v -5.805364 4.216154 -0.544691
v 6.180921 3.871707 -0.544691
v 6.242292 3.851424 -0.038306
v 6.180921 4.216155 -0.544691
v 6.242292 4.349399 -0.038306
v 6.169070 3.855429 0.470959
v 6.175327 4.237284 0.467567
v -6.169070 3.855429 0.470959
v -6.242292 3.851425 -0.038306
v -6.175327 4.237284 0.467567
v -6.242292 4.349399 -0.038306
v -6.180921 3.871707 -0.544691
v -6.180921 4.216154 -0.544691
v 6.663782 3.901989 -0.544691
v 6.754371 3.931061 -0.038306
v 6.663782 4.199820 -0.544691
v 6.754371 4.294225 -0.038306
v 6.663782 3.904299 0.468079
v 6.663782 4.202165 0.468079
v -6.663782 3.904299 0.468079
v -6.754371 3.931061 -0.038306
v -6.663782 4.202165 0.468079
v -6.754371 4.294225 -0.038306
v -6.663782 3.901989 -0.544691
v -6.663782 4.199820 -0.544691
v 6.345979 3.626003 1.031713
v 6.362297 3.836205 1.066051
v 6.494203 3.667773 0.894292
v 6.526258 3.878183 0.929694
v -6.345979 3.626003 1.031713
v -6.362297 3.836205 1.066051
v -6.526258 3.878183 0.929694
v -6.494203 3.667773 0.894292
v 5.937164 3.804197 0.692161
v 5.983473 4.142864 0.717825
v 6.266706 4.167712 0.638325
v 6.256248 3.801848 0.636339
v -5.937164 3.804197 0.692161
v -5.983473 4.142864 0.717825
v -6.266706 4.167712 0.638325
v -6.256248 3.801848 0.636339
v 6.119813 3.718545 0.856433
v 6.143243 4.024779 0.899700
v 6.419034 4.016040 0.812706
v 6.381824 3.725895 0.791711
v -6.119813 3.718545 0.856433
v -6.143243 4.024779 0.899700
v -6.419034 4.016040 0.812706
v -6.381824 3.725895 0.791711
v 6.721758 4.258731 0.214886
v -6.721758 4.258731 0.214886
v 6.721758 4.257558 -0.291499
v -6.721758 4.257558 -0.291499
v 6.721758 3.922882 0.214886
v -6.721758 3.922882 0.214886
v 6.721758 3.921726 -0.291498
v -6.721758 3.921726 -0.291498
v -6.659660 3.923614 0.454281
v -6.725880 3.940171 0.228684
v -6.659660 4.189015 0.454281
v -6.725880 4.239417 0.228684
v 6.725880 4.239417 0.228684
v 6.725880 3.940170 0.228684
v 6.659660 4.189015 0.454281
v 6.659660 3.923614 0.454281
v 6.756433 3.950535 -0.024416
v 6.756433 4.273853 -0.024416
v 6.719697 4.242254 0.200996
v 6.719697 3.943253 0.200996
v -6.719697 4.242254 0.200996
v -6.719697 3.943253 0.200996
v -6.756433 4.273853 -0.024416
v -6.756433 3.950535 -0.024416
v -6.756931 3.949058 -0.051184
v -6.756931 4.275279 -0.051184
v -6.719199 4.242342 -0.278621
v -6.719199 3.940672 -0.278621
v 6.719199 4.242342 -0.278621
v 6.719199 3.940672 -0.278621
v 6.756931 4.275279 -0.051184
v 6.756931 3.949058 -0.051184
v 6.659503 3.921029 -0.531133
v 6.726037 3.938653 -0.305057
v 6.659503 4.186963 -0.531133
v 6.726037 4.238518 -0.305057
v -6.726037 4.238518 -0.305057
v -6.726037 3.938653 -0.305057
v -6.659503 4.186963 -0.531133
v -6.659503 3.921029 -0.531133
v 7.222407 3.976632 -0.011768
v 7.222407 4.263665 -0.011768
v 7.189794 4.235612 0.188348
v 7.189794 3.970166 0.188348
v -7.056223 3.945729 0.450949
v -7.120486 3.961797 0.232016
v -7.056223 4.203290 0.450949
v -7.120486 4.252203 0.232016
v 7.120486 4.252203 0.232016
v 7.120486 3.961796 0.232016
v 7.056223 4.203290 0.450949
v 7.056223 3.945729 0.450949
v -7.156473 3.990180 -0.066613
v -7.156473 4.272141 -0.066613
v -7.123860 4.243674 -0.263192
v -7.123860 3.982934 -0.263192
v 6.979598 3.965638 -0.516595
v 7.037575 3.980995 -0.319595
v 6.979598 4.197369 -0.516595
v 7.037575 4.242293 -0.319595
v 7.123860 4.243674 -0.263192
v 7.123860 3.982934 -0.263192
v 7.156473 4.272141 -0.066613
v 7.156473 3.990180 -0.066613
v -7.189794 4.235612 0.188348
v -7.189794 3.970166 0.188348
v -7.222407 4.263665 -0.011768
v -7.222407 3.976632 -0.011768
v -7.037575 4.242293 -0.319595
v -7.037575 3.980995 -0.319595
v -6.979598 4.197369 -0.516595
v -6.979598 3.965638 -0.516595
v 7.715317 3.988134 0.002401
v 7.715317 4.234521 0.002401
v 7.687322 4.210441 0.174179
v 7.687322 3.982584 0.174179
v -7.498159 3.943267 0.440242
v -7.556136 3.957764 0.242723
v -7.498159 4.175635 0.440242
v -7.556136 4.219764 0.242723
v 7.556136 4.219764 0.242723
v 7.556136 3.957763 0.242723
v 7.498159 4.175635 0.440242
v 7.498159 3.943267 0.440242
v -7.649044 3.992925 -0.082575
v -7.649044 4.229096 -0.082575
v -7.621727 4.205252 -0.247230
v -7.621727 3.986855 -0.247230
v 7.369471 3.988274 -0.503713
v 7.419866 4.001622 -0.332477
v 7.369471 4.189699 -0.503713
v 7.419866 4.228749 -0.332477
v 7.621727 4.205252 -0.247230
v 7.621727 3.986855 -0.247230
v 7.649044 4.229096 -0.082575
v 7.649044 3.992925 -0.082575
v -7.687322 4.210441 0.174179
v -7.687322 3.982584 0.174179
v -7.715317 4.234521 0.002401
v -7.715317 3.988134 0.002401
v -7.419866 4.228749 -0.332477
v -7.419866 4.001622 -0.332477
v -7.369471 4.189699 -0.503713
v -7.369471 3.988274 -0.503713
v 7.081026 4.250923 0.231683
v 7.081026 3.959633 0.231683
v 7.016567 3.943517 0.451282
v 7.016567 4.201862 0.451282
v -7.081026 4.250923 0.231683
v -7.081026 3.959634 0.231683
v -7.016567 3.943517 0.451282
v -7.016567 4.201862 0.451282
v 7.164052 4.248959 0.233087
v 7.164052 3.961392 0.233087
v 7.100417 3.945482 0.449878
v 7.100417 4.200524 0.449878
v -7.164052 4.248959 0.233087
v -7.164052 3.961393 0.233087
v -7.100417 3.945482 0.449878
v -7.100417 4.200524 0.449878
v 7.175810 3.974022 -0.013033
v 7.142784 3.967475 0.189613
v 7.142784 4.236276 0.189613
v 7.175810 4.264684 -0.013033
v -7.175810 3.974022 -0.013033
v -7.142784 3.967475 0.189613
v -7.142784 4.236276 0.189613
v -7.175810 4.264684 -0.013033
v 7.271698 3.977782 -0.010351
v 7.239547 3.971408 0.186931
v 7.239547 4.233095 0.186931
v 7.271698 4.260750 -0.010351
v -7.271698 3.977782 -0.010351
v -7.239547 3.971408 0.186931
v -7.239547 4.233095 0.186931
v -7.271698 4.260750 -0.010351
v 7.083394 4.243541 -0.264735
v 7.083394 3.978707 -0.264735
v 7.116519 3.986068 -0.065070
v 7.116519 4.272455 -0.065070
v -7.083394 4.243541 -0.264735
v -7.083394 3.978707 -0.264735
v -7.116519 3.986068 -0.065070
v -7.116519 4.272455 -0.065070
v 7.173647 4.239832 -0.261596
v 7.173647 3.983325 -0.261596
v 7.205730 3.990455 -0.068209
v 7.205730 4.267837 -0.068209
v -7.173647 4.239832 -0.261596
v -7.173647 3.983325 -0.261596
v -7.205730 3.990455 -0.068209
v -7.205730 4.267837 -0.068209
v 6.947588 3.961177 -0.518048
v 7.006421 3.976760 -0.318141
v 7.006421 4.241916 -0.318141
v 6.947588 4.196329 -0.518048
v -6.947588 3.961177 -0.518048
v -7.006421 3.976760 -0.318141
v -7.006421 4.241916 -0.318141
v -6.947588 4.196329 -0.518048
v 7.018585 3.967902 -0.515306
v 7.075804 3.983057 -0.320883
v 7.075804 4.240939 -0.320883
v 7.018585 4.196602 -0.515306
v -7.018585 3.967902 -0.515306
v -7.075804 3.983057 -0.320883
v -7.075804 4.240939 -0.320883
v -7.018585 4.196602 -0.515306
v 5.508817 3.817567 -0.337897
v 5.508817 3.663561 0.002387
v 5.508817 3.817549 0.343931
v 5.508817 4.210183 0.342982
v 5.508806 4.363481 0.002046
v 5.508817 4.208694 -0.338856
v -5.508817 3.817567 -0.337897
v -5.508817 3.663561 0.002387
v -5.508817 3.817549 0.343931
v -5.508817 4.210183 0.342982
v -5.508806 4.363481 0.002046
v -5.508817 4.208694 -0.338856
v 3.578993 3.722965 -0.406683
v 3.578993 3.520773 0.006563
v 3.578993 3.722621 0.443513
v 3.578993 4.236464 0.425682
v 3.578781 4.452734 0.000163
v 3.578993 4.235852 -0.424714
v -3.578993 3.722965 -0.406683
v -3.578993 3.520773 0.006563
v -3.578993 3.722621 0.443513
v -3.578993 4.236464 0.425682
v -3.578781 4.452734 0.000163
v -3.578993 4.235852 -0.424714
v 3.386010 3.713505 -0.413562
v 3.386010 3.506494 0.006980
v 3.386010 3.713129 0.453471
v 3.386010 4.239091 0.433952
v 3.385778 4.461659 -0.000025
v 3.386010 4.238567 -0.433300
v -3.386010 3.713505 -0.413562
v -3.386010 3.506494 0.006980
v -3.386010 3.713129 0.453471
v -3.386010 4.239091 0.433952
v -3.385778 4.461659 -0.000025
v -3.386010 4.238567 -0.433300
v 3.771975 3.732425 -0.399804
v 3.771975 3.535052 0.006145
v 3.771975 3.732114 0.433555
v 3.771975 4.233835 0.417412
v 3.771783 4.443809 0.000351
v 3.771975 4.233136 -0.416128
v -3.771975 3.732425 -0.399804
v -3.771975 3.535052 0.006145
v -3.771975 3.732114 0.433555
v -3.771975 4.233835 0.417412
v -3.771783 4.443809 0.000351
v -3.771975 4.233136 -0.416128
v 1.351886 -8.382815 -0.615259
v 1.630555 -8.506087 -0.090150
v 1.351886 -8.222622 0.369720
v 0.794548 -8.211630 0.369720
v 0.515879 -8.506045 -0.090150
v 0.794548 -8.382815 -0.615259
v -1.351886 -8.382815 -0.615259
v -1.630555 -8.506087 -0.090150
v -1.351886 -8.222622 0.369720
v -0.794548 -8.211630 0.369720
v -0.515879 -8.506045 -0.090150
v -0.794548 -8.382815 -0.615259
v 1.590080 -8.821012 1.097007
v 1.308251 -8.856600 1.319404
v 1.296239 -9.414248 1.335096
v 1.578225 -9.414248 1.096309
v 0.772025 -8.856562 1.319404
v 0.779893 -9.414248 1.335096
v 0.483468 -8.824630 1.097007
v 0.500086 -9.414248 1.096577
v -1.578225 -9.414248 1.096309
v -1.296239 -9.414248 1.335096
v -1.308251 -8.856600 1.319404
v -1.590080 -8.821012 1.097007
v -0.779893 -9.414248 1.335096
v -0.772025 -8.856562 1.319404
v -0.500086 -9.414248 1.096577
v -0.483468 -8.824630 1.097007
v 1.307088 -8.691770 1.097007
v 0.790644 -8.691569 1.097007
v -1.307088 -8.691770 1.097007
v -0.790644 -8.691569 1.097007
v 0.478007 -9.414248 0.377583
v 0.465453 -8.772491 0.378167
v 0.816617 -8.618026 0.574203
v 1.305466 -8.621682 0.574203
v 1.624614 -8.772972 0.378167
v 1.606383 -9.414248 0.377582
v -0.478007 -9.414248 0.377583
v -0.465453 -8.772491 0.378167
v -0.816617 -8.618026 0.574203
v -1.305466 -8.621682 0.574203
v -1.624614 -8.772972 0.378167
v -1.606383 -9.414248 0.377582
v 0.465455 -9.414248 0.849669
v 0.450869 -8.931323 0.849669
v 0.803630 -8.752789 0.849671
v 1.306277 -8.754717 0.849671
v 1.653133 -8.929753 0.849669
v 1.645179 -9.414248 0.849669
v -0.465455 -9.414248 0.849669
v -0.450869 -8.931323 0.849669
v -0.803630 -8.752789 0.849671
v -1.306277 -8.754717 0.849671
v -1.653133 -8.929753 0.849669
v -1.645179 -9.414248 0.849669
v 1.314425 -8.392406 -0.558453
v 1.552276 -8.516236 -0.106866
v 1.311078 -8.228589 0.286876
v 0.836748 -8.219807 0.286145
v 0.599327 -8.516201 -0.104403
v 0.836425 -8.392409 -0.559171
v -1.314425 -8.392406 -0.558453
v -1.552276 -8.516236 -0.106866
v -1.311078 -8.228589 0.286876
v -0.836748 -8.219807 0.286145
v -0.599327 -8.516201 -0.104403
v -0.836425 -8.392409 -0.559171
v 1.374796 -7.689260 -0.663287
v 1.657099 -7.687286 -0.109421
v 1.353184 -7.701076 0.376167
v 0.797433 -7.693809 0.371443
v 0.517911 -7.687243 -0.093514
v 0.795354 -7.689282 -0.667921
v -1.374796 -7.689260 -0.663287
v -1.657099 -7.687286 -0.109421
v -1.353184 -7.701076 0.376167
v -0.797433 -7.693809 0.371443
v -0.517911 -7.687243 -0.093514
v -0.795354 -7.689282 -0.667921
v 1.345518 -7.875767 -0.613624
v 1.601937 -7.873847 -0.113608
v 1.328912 -7.887394 0.325548
v 0.822878 -7.880253 0.321918
v 0.568596 -7.873807 -0.101387
v 0.821281 -7.875783 -0.617185
v -1.345518 -7.875767 -0.613624
v -1.601937 -7.873847 -0.113608
v -1.328912 -7.887394 0.325548
v -0.822878 -7.880253 0.321918
v -0.568596 -7.873807 -0.101387
v -0.821281 -7.875783 -0.617185
v 1.330338 -7.695953 -0.579397
v 1.565526 -7.694450 -0.114577
v 1.308987 -7.704808 0.292079
v 0.847359 -7.699352 0.287412
v 0.614918 -7.694413 -0.098863
v 0.845306 -7.695975 -0.583976
v -1.330338 -7.695953 -0.579397
v -1.565526 -7.694450 -0.114577
v -1.308987 -7.704808 0.292079
v -0.847359 -7.699352 0.287412
v -0.614918 -7.694413 -0.098863
v -0.845306 -7.695975 -0.583976
v 1.303642 -9.236122 -0.611976
v 1.571129 -9.236123 -0.096961
v 1.610487 -9.236124 0.377714
v 1.646969 -9.236125 0.849669
v 1.580894 -9.236124 1.092411
v 1.298943 -9.236124 1.341470
v 0.778122 -9.236125 1.341470
v 0.496345 -9.236124 1.092619
v 0.462172 -9.236124 0.849669
v 0.475181 -9.236124 0.377715
v 0.524402 -9.236123 -0.096961
v 0.794554 -9.236122 -0.611976
v -1.303642 -9.236122 -0.611976
v -1.571129 -9.236123 -0.096961
v -1.610487 -9.236124 0.377714
v -1.646969 -9.236125 0.849669
v -1.580894 -9.236124 1.092411
v -1.298943 -9.236124 1.341470
v -0.778122 -9.236125 1.341470
v -0.496345 -9.236124 1.092619
v -0.462172 -9.236124 0.849669
v -0.475181 -9.236124 0.377715
v -0.524402 -9.236123 -0.096961
v -0.794554 -9.236122 -0.611976
v -3.203791 3.704572 -0.420057
v -3.203791 4.241132 -0.441407
v -3.203540 4.470088 -0.000203
v -3.203791 4.241572 0.441761
v -3.203791 3.704165 0.462874
v -3.203791 3.493012 0.007374
v 3.203791 3.704572 -0.420057
v 3.203791 4.241132 -0.441407
v 3.203540 4.470088 -0.000203
v 3.203791 4.241572 0.441761
v 3.203791 3.704165 0.462874
v 3.203791 3.493012 0.007374
v 0.573938 -1.965864 -1.436163
v 1.789113 -1.776813 -1.395017
v 2.309355 -1.662241 -0.175067
v 1.800060 -1.815523 0.924128
v 0.549401 -1.966250 1.032642
v 0.035745 -2.018448 -0.189719
v 0.471565 -1.453272 -1.489482
v 1.664754 -1.101617 -1.299165
v 2.128479 -0.982771 -0.112761
v 1.660951 -1.171723 0.954396
v 0.438127 -1.618371 1.063105
v -0.000000 -1.741215 -0.207223
v 1.350524 -0.197367 -0.854460
v 1.795783 -0.174090 0.022628
v 1.248202 -0.215624 1.027638
v 0.316596 -1.495314 1.072588
v 0.000000 -1.360539 -1.502059
v -0.000000 -1.535876 1.090152
v -0.000000 -0.235312 1.318066
v 0.000000 -0.232411 -0.984230
v -0.573938 -1.965857 -1.435941
v -1.789010 -1.780276 -1.398539
v -2.311753 -1.661937 -0.172172
v -1.811703 -1.814564 0.924006
v -0.549401 -1.966326 1.032642
v -0.035745 -2.018448 -0.189719
v -0.474035 -1.453272 -1.487182
v -1.605118 -1.101617 -1.298514
v -2.128547 -0.982680 -0.109394
v -1.661016 -1.171723 0.954396
v -0.438127 -1.618371 1.063105
v -1.352416 -0.197854 -0.894991
v -1.795733 -0.172645 0.022628
v -1.248201 -0.215624 1.027638
v -0.316596 -1.495314 1.072588
v 1.123976 0.216947 -0.605855
v 1.580894 0.258420 0.109643
v 1.087248 0.217991 1.047162
v 0.000000 0.182937 1.303243
v -0.000000 0.182242 -0.813988
v -1.142812 0.216253 -0.676171
v -1.580894 0.261088 0.109643
v -1.110205 0.217991 1.047161
v -0.685670 -2.585835 -1.350547
v -0.040629 -2.607439 -0.170232
v -0.685670 -2.585835 0.970315
v -1.906042 -2.392299 0.864870
v -2.388980 -2.182136 -0.168371
v -1.911851 -2.346221 -1.367033
v 0.685670 -2.585835 -1.350547
v 0.040629 -2.607439 -0.170232
v 0.685670 -2.585835 0.973931
v 1.906042 -2.392299 0.864870
v 2.388980 -2.182136 -0.168297
v 1.911851 -2.346221 -1.369412
v -0.526664 -1.815263 -1.470274
v -0.022332 -1.950413 -0.190836
v -0.528767 -1.839051 1.045525
v -1.757972 -1.594077 0.938942
v -2.259423 -1.457455 -0.155196
v -1.726152 -1.514435 -1.382559
v 0.526191 -1.815276 -1.471266
v 0.022332 -1.950413 -0.190836
v 0.528874 -1.839010 1.045524
v 1.756789 -1.594098 0.938955
v 2.253608 -1.457693 -0.157828
v 1.726267 -1.514035 -1.379290
v -0.718734 -2.597285 -0.822598
v -0.330440 -2.648363 -0.121286
v -0.718734 -2.597285 0.563882
v -1.454485 -2.501256 0.563882
v -1.831525 -2.450179 -0.121286
v -1.458132 -2.501256 -0.803383
v 0.718734 -2.597285 -0.822598
v 0.330440 -2.648363 -0.121286
v 0.718734 -2.597285 0.563882
v 1.454485 -2.501256 0.563882
v 1.831525 -2.450179 -0.121286
v 1.458132 -2.501256 -0.803383
v 1.108546 0.555873 -0.617596
v 1.504239 0.595625 0.145135
v 1.118984 0.562092 1.020376
v -0.000000 0.526628 -0.855499
v -1.106841 0.556232 -0.617596
v -1.510765 0.597820 0.115410
v -1.127680 0.562103 0.990651
v 1.231945 0.222404 -0.680149
v 1.595521 0.262972 0.114487
v 1.154794 0.561330 -0.682602
v 1.562240 0.600177 0.140691
v 1.158477 0.221312 1.106914
v 1.172369 0.561786 1.080128
v 0.001401 0.187493 -0.897936
v 0.001401 0.531880 -0.912304
v -1.126096 0.227303 -0.731216
v -1.595679 0.267571 0.115211
v -1.587270 0.604303 0.111689
v -1.151845 0.567283 -0.681930
v -1.161987 0.221312 1.106913
v -1.187714 0.561797 1.050403
v -0.434248 0.545258 1.349944
v -0.422309 0.201817 1.358064
v -0.422236 0.196959 1.225814
v 0.434248 0.545253 1.349944
v 0.422309 0.201817 1.358064
v 0.422236 0.196959 1.225814
v 0.000000 0.505077 1.403895
v 0.353263 0.505990 1.363336
v -0.353363 0.506006 1.363816
v 0.000000 0.204930 1.406701
v 0.345079 0.220022 1.368539
v -0.345092 0.220025 1.368639
v -0.422309 0.148658 1.358064
v -0.422236 0.143799 1.225814
v 0.000000 0.129777 1.303243
v 0.000000 0.136640 1.407402
v 0.422236 0.143799 1.225814
v 0.422309 0.148658 1.358064
v -0.421378 0.541421 1.249916
v 0.421378 0.541417 1.249916
v 0.434248 0.580856 1.349944
v 0.421378 0.577473 1.249916
v 0.000000 0.570096 1.286782
v 0.000000 0.576959 1.403018
v -0.421378 0.577477 1.249916
v -0.434248 0.580861 1.349944
v -0.345092 0.220025 1.414303
v -0.422309 0.201817 1.403728
v 0.000000 0.189800 1.453066
v 0.000000 0.204930 1.452365
v 0.345079 0.220022 1.414203
v 0.422309 0.201817 1.403728
v 0.434248 0.545253 1.395608
v 0.353263 0.505990 1.409000
v 0.000000 0.505077 1.449558
v 0.000000 0.534231 1.448682
v -0.353363 0.506006 1.409480
v -0.434248 0.545258 1.395608
v -0.422309 0.148658 1.403728
v 0.000000 0.136640 1.453066
v 0.422309 0.148658 1.403728
v 0.434248 0.580856 1.395608
v 0.000000 0.576959 1.448682
v -0.434248 0.580861 1.395608
v -0.939618 0.555156 1.066284
v -1.031098 0.558490 1.104366
v -0.998633 0.217413 1.157143
v -0.957192 0.213785 1.082892
v 0.956494 0.555146 1.066284
v 0.959424 0.558480 1.134091
v 0.934676 0.217413 1.157144
v 0.885356 0.213785 1.082892
v -0.904245 0.550311 -0.665177
v -0.939969 0.560202 -0.728005
v -0.905865 0.219341 -0.764560
v -0.839974 0.208478 -0.700511
v 0.905950 0.550023 -0.665177
v 0.943229 0.555440 -0.728542
v 0.976647 0.215422 -0.716276
v 0.958391 0.590524 1.177042
v 0.932261 0.172957 1.205265
v 1.192760 0.177731 1.143768
v 1.211276 0.594572 1.110974
v 0.878811 0.168515 1.114359
v 1.115159 0.173666 1.070614
v 1.120244 0.590507 1.037820
v 0.946809 0.586442 1.094025
v -0.929934 0.586455 1.094025
v -1.031283 0.590536 1.147316
v -1.153722 0.590521 1.008095
v -1.217119 0.594586 1.081249
v -1.196270 0.177731 1.143768
v -1.002185 0.172957 1.205265
v -1.132874 0.173666 1.070614
v -0.951449 0.168515 1.114359
v 0.939368 0.210006 -0.647482
v -0.955462 0.602654 -0.769330
v -0.922101 0.177821 -0.814891
v -1.147228 0.187745 -0.773332
v -1.172049 0.611479 -0.711905
v -0.854745 0.164282 -0.735064
v -1.101223 0.173972 -0.693151
v -1.126044 0.597706 -0.631723
v -0.918945 0.590327 -0.691025
v 0.920650 0.589968 -0.691025
v 0.958757 0.596718 -0.770000
v 1.127749 0.597258 -0.631723
v 1.175025 0.604060 -0.712743
v 1.217726 0.181639 -0.698109
v 0.992918 0.172936 -0.754712
v 1.144108 0.174837 -0.617089
v 0.928469 0.166186 -0.668970
v -0.000000 0.534041 1.286782
v 0.823716 -6.090775 -0.686967
v 1.409874 -6.090716 -0.674054
v 1.682282 -6.090469 -0.099692
v 1.349653 -6.090469 0.393719
v 0.829508 -6.090501 0.380555
v 0.564846 -6.090425 -0.055370
v 0.777635 -5.032578 -0.527988
v 1.382964 -5.023227 -0.527961
v 1.650269 -5.023583 -0.050093
v 1.380934 -5.024564 0.442362
v 0.778506 -5.033097 0.442362
v 0.511819 -5.033845 -0.050177
v 0.786803 -5.264864 -0.527147
v 0.525047 -5.268721 -0.054019
v 0.791245 -5.268473 0.436237
v 1.369693 -5.253879 0.436286
v 1.652328 -5.251449 -0.050493
v 1.384483 -5.249075 -0.526989
v 0.772803 -4.803253 -0.547243
v 0.494301 -4.803253 -0.053557
v 0.772803 -4.803253 0.455480
v 1.392309 -4.785010 0.455480
v 1.665602 -4.785010 -0.053557
v 1.383465 -4.785010 -0.547243
v -0.823716 -6.090775 -0.686967
v -1.409874 -6.090716 -0.674054
v -1.682282 -6.090469 -0.099692
v -1.349653 -6.090469 0.393719
v -0.829508 -6.090501 0.380555
v -0.564846 -6.090425 -0.055370
v -0.777635 -5.032578 -0.527988
v -1.382964 -5.023227 -0.527961
v -1.650269 -5.023583 -0.050093
v -1.380934 -5.024564 0.442362
v -0.778506 -5.033097 0.442362
v -0.511819 -5.033845 -0.050177
v -0.786803 -5.264864 -0.527147
v -0.525047 -5.268721 -0.054019
v -0.791245 -5.268473 0.436237
v -1.369693 -5.253879 0.436286
v -1.652328 -5.251449 -0.050493
v -1.384483 -5.249075 -0.526989
v -0.772803 -4.803253 -0.547243
v -0.494301 -4.803253 -0.053557
v -0.772803 -4.803253 0.455480
v -1.392309 -4.785010 0.455480
v -1.665602 -4.785010 -0.053557
v -1.383465 -4.785010 -0.547243
v -0.739010 -3.424523 -0.707331
v -0.391888 -3.456447 -0.095887
v -0.739010 -3.424523 0.523231
v -1.431169 -3.357664 0.523231
v -1.769304 -3.325741 -0.095888
v -1.426255 -3.357664 -0.707331
v 0.739010 -3.424523 -0.707331
v 0.391888 -3.456447 -0.095887
v 0.739010 -3.424523 0.523231
v 1.431169 -3.357664 0.523231
v 1.769304 -3.325741 -0.095888
v 1.426255 -3.357664 -0.707331
v -0.807095 -5.718883 -0.615003
v -0.546925 -5.720427 -0.054762
v -0.812279 -5.720357 0.405628
v -1.358677 -5.713768 0.412886
v -1.668794 -5.712674 -0.077539
v -1.398441 -5.711740 -0.607834
v 0.807095 -5.718883 -0.615003
v 0.546925 -5.720427 -0.054762
v 0.812279 -5.720357 0.405628
v 1.358677 -5.713768 0.412886
v 1.668794 -5.712674 -0.077539
v 1.398441 -5.711740 -0.607834
vt 0.149579 0.449427
vt 0.108870 0.450871
vt 0.189791 0.444464
vt 0.216938 0.445627
vt 0.106815 0.656377
vt 0.150941 0.657700
vt 0.195221 0.656595
vt 0.220298 0.653231
vt 0.221498 0.822028
vt 0.091095 0.592075
vt 0.121183 0.612373
vt 0.113407 0.626997
vt 0.211168 0.799055
vt 0.179182 0.815991
vt 0.151177 0.776670
vt 0.151175 0.797368
vt 0.091181 0.799042
vt 0.123164 0.815985
vt 0.215858 0.614459
vt 0.113473 0.833863
vt 0.208097 0.592058
vt 0.178015 0.612364
vt 0.149596 0.591341
vt 0.149599 0.610118
vt 0.151180 0.748688
vt 0.212520 0.751769
vt 0.089840 0.751755
vt 0.149588 0.539971
vt 0.214434 0.545063
vt 0.084744 0.545082
vt 0.224796 0.677110
vt 0.101429 0.473825
vt 0.065758 0.521836
vt 0.199932 0.681545
vt 0.151187 0.684580
vt 0.102443 0.681535
vt 0.221224 0.468509
vt 0.067685 0.732134
vt 0.197730 0.473812
vt 0.149580 0.475096
vt 0.075524 0.549192
vt 0.063178 0.526211
vt 0.081309 0.590262
vt 0.226830 0.821278
vt 0.223069 0.756016
vt 0.220537 0.797742
vt 0.079290 0.756001
vt 0.064130 0.735038
vt 0.081812 0.797726
vt 0.220770 0.613096
vt 0.223656 0.549171
vt 0.217882 0.590242
vt 0.288336 0.640660
vt 0.265613 0.629784
vt 0.288292 0.675130
vt 0.267787 0.684577
vt 0.244116 0.641041
vt 0.245687 0.677457
vt 0.294319 0.458236
vt 0.272818 0.446987
vt 0.292760 0.494651
vt 0.270663 0.501780
vt 0.250098 0.457870
vt 0.250155 0.492339
vt 0.944039 0.025420
vt 0.944039 0.031710
vt 0.926067 0.032197
vt 0.926239 0.025923
vt 0.905564 0.032228
vt 0.924169 0.130693
vt 0.863354 0.030919
vt 0.850199 0.030351
vt 0.850408 0.024099
vt 0.923729 0.088427
vt 0.832029 0.029711
vt 0.832217 0.023479
vt 0.818874 0.029416
vt 0.961633 0.088424
vt 0.964568 0.031359
vt 0.960941 0.130699
vt 0.858321 0.118884
vt 0.826007 0.125758
vt 0.810287 0.123941
vt 0.795224 0.118903
vt 0.874703 0.110109
vt 0.605694 0.316714
vt 0.603852 0.383519
vt 0.607649 0.383086
vt 0.609465 0.317337
vt 0.602964 0.369745
vt 0.606775 0.369552
vt 0.602738 0.356606
vt 0.606554 0.356616
vt 0.603976 0.329732
vt 0.607768 0.330185
vt 0.603014 0.343448
vt 0.606824 0.343660
vt 0.151174 0.799419
vt 0.149990 0.863100
vt 0.125026 0.816034
vt 0.177319 0.816040
vt 0.122022 0.614465
vt 0.149599 0.612783
vt 0.114507 0.920972
vt 0.174224 0.920569
vt 0.177176 0.614456
vt 0.125334 0.920586
vt 0.184354 0.628496
vt 0.132217 0.920102
vt 0.138986 0.919424
vt 0.149778 0.919603
vt 0.160571 0.919417
vt 0.186798 0.833915
vt 0.167341 0.920090
vt 0.115567 0.949902
vt 0.138775 0.961634
vt 0.126340 0.949801
vt 0.132678 0.950235
vt 0.139017 0.950668
vt 0.149789 0.950840
vt 0.160561 0.950661
vt 0.166899 0.950223
vt 0.266959 0.646513
vt 0.282035 0.653850
vt 0.722301 0.315056
vt 0.720103 0.403339
vt 0.250995 0.654043
vt 0.722517 0.386213
vt 0.251863 0.672931
vt 0.723680 0.367747
vt 0.267455 0.680861
vt 0.724018 0.350606
vt 0.282912 0.672708
vt 0.723619 0.333479
vt 0.642574 0.390114
vt 0.644275 0.324381
vt 0.973390 0.593315
vt 0.880766 0.215513
vt 0.645217 0.337856
vt 0.842839 0.307001
vt 0.645486 0.350812
vt 0.861405 0.308355
vt 0.644390 0.377282
vt 0.861997 0.215598
vt 0.645264 0.363747
vt 0.971670 0.213004
vt 0.917089 0.215442
vt 0.796719 0.216385
vt 0.790225 0.309734
vt 0.808677 0.309734
vt 0.778376 0.216385
vt 0.934446 0.591881
vt 0.972163 0.583615
vt 0.881055 0.230994
vt 0.842666 0.320247
vt 0.861038 0.322580
vt 0.971907 0.264997
vt 0.879318 0.320946
vt 0.904466 0.328865
vt 0.978855 0.239392
vt 0.847715 0.241289
vt 0.969969 0.244030
vt 0.814717 0.229153
vt 0.796743 0.231868
vt 0.835597 0.236576
vt 0.924023 0.234476
vt 0.771303 0.336846
vt 0.920391 0.241170
vt 0.809378 0.323947
vt 0.939284 0.260124
vt 0.778834 0.229827
vt 0.934544 0.583272
vt 0.890225 0.247800
vt 0.881336 0.249123
vt 0.842453 0.337251
vt 0.971466 0.570679
vt 0.958791 0.511600
vt 0.872411 0.248079
vt 0.863472 0.246101
vt 0.957025 0.356748
vt 0.956850 0.436834
vt 0.959141 0.284293
vt 0.927398 0.353786
vt 0.927263 0.436310
vt 0.791967 0.339961
vt 0.926503 0.278078
vt 0.801207 0.341391
vt 0.925285 0.514469
vt 0.778990 0.246805
vt 0.819237 0.340505
vt 0.810269 0.341965
vt 0.934343 0.571782
vt 0.854480 0.221058
vt 0.888942 0.314521
vt 0.857167 0.232121
vt 0.959871 0.258259
vt 0.829172 0.228219
vt 0.774064 0.322652
vt 0.931370 0.244944
vt 0.826426 0.237279
vt 0.848559 0.228002
vt 0.896311 0.320456
vt 0.965194 0.249616
vt 0.851488 0.237004
vt 0.781292 0.316546
vt 0.823112 0.221397
vt 0.936743 0.253035
vt 0.820649 0.232511
vt 0.881406 0.283424
vt 0.958567 0.400277
vt 0.866011 0.374384
vt 0.967964 0.393623
vt 0.928101 0.321018
vt 0.812384 0.276761
vt 0.936724 0.312625
vt 0.803530 0.370973
vt 0.873387 0.277755
vt 0.958705 0.324533
vt 0.875267 0.368146
vt 0.969230 0.316842
vt 0.796404 0.281969
vt 0.938197 0.470397
vt 0.818040 0.372926
vt 0.928681 0.476771
vt 0.969353 0.540253
vt 0.896709 0.271296
vt 0.962233 0.547296
vt 0.851092 0.364230
vt 0.888197 0.280212
vt 0.960560 0.476868
vt 0.859395 0.372564
vt 0.968423 0.470566
vt 0.803499 0.283462
vt 0.938447 0.392553
vt 0.811783 0.376243
vt 0.929625 0.399276
vt 0.788022 0.273886
vt 0.937383 0.543492
vt 0.826514 0.363750
vt 0.928451 0.550001
vt 0.927200 0.278652
vt 0.806266 0.249356
vt 0.792189 0.340611
vt 0.939646 0.353113
vt 0.870292 0.340337
vt 0.969116 0.356114
vt 0.959654 0.284833
vt 0.863802 0.246881
vt 0.861198 0.341218
vt 0.969669 0.436159
vt 0.957663 0.357280
vt 0.872827 0.248844
vt 0.801554 0.342070
vt 0.928188 0.354319
vt 0.940132 0.435869
vt 0.797374 0.250644
vt 0.810892 0.342486
vt 0.927934 0.436809
vt 0.938715 0.514067
vt 0.788292 0.249574
vt 0.851837 0.340020
vt 0.971210 0.510895
vt 0.957566 0.437317
vt 0.881842 0.249721
vt 0.970959 0.570288
vt 0.890751 0.248370
vt 0.842619 0.337905
vt 0.959535 0.512149
vt 0.819939 0.340958
vt 0.925992 0.515078
vt 0.934051 0.571424
vt 0.779308 0.247577
vt 0.957696 0.420624
vt 0.968591 0.420478
vt 0.867819 0.355312
vt 0.968247 0.373158
vt 0.805746 0.261810
vt 0.927393 0.292811
vt 0.813480 0.261306
vt 0.928667 0.338067
vt 0.793951 0.353036
vt 0.937788 0.294593
vt 0.802075 0.354302
vt 0.802245 0.355678
vt 0.869052 0.352755
vt 0.872660 0.261112
vt 0.877144 0.351299
vt 0.969225 0.298492
vt 0.929210 0.450285
vt 0.811380 0.355115
vt 0.939945 0.451874
vt 0.796336 0.264696
vt 0.818469 0.353960
vt 0.818413 0.355381
vt 0.789294 0.262379
vt 0.928119 0.496934
vt 0.970084 0.561869
vt 0.970124 0.523250
vt 0.962778 0.561938
vt 0.850953 0.349692
vt 0.852654 0.352798
vt 0.889120 0.261348
vt 0.859768 0.353787
vt 0.968487 0.450626
vt 0.929155 0.370757
vt 0.803367 0.356830
vt 0.939715 0.372630
vt 0.804440 0.266037
vt 0.939941 0.420084
vt 0.810743 0.358924
vt 0.928911 0.419993
vt 0.929012 0.418226
vt 0.927538 0.526838
vt 0.820097 0.350814
vt 0.938399 0.528254
vt 0.787626 0.260466
vt 0.934808 0.563844
vt 0.827264 0.350066
vt 0.928100 0.563779
vt 0.928111 0.562846
vt 0.881114 0.266138
vt 0.957701 0.418878
vt 0.957777 0.417018
vt 0.968418 0.416887
vt 0.867657 0.356956
vt 0.867493 0.358699
vt 0.968164 0.374923
vt 0.968136 0.376788
vt 0.805655 0.264721
vt 0.927353 0.296325
vt 0.794354 0.355959
vt 0.802373 0.357207
vt 0.872746 0.262494
vt 0.957257 0.341074
vt 0.868822 0.355666
vt 0.872810 0.264021
vt 0.876981 0.352683
vt 0.876810 0.354230
vt 0.969136 0.300026
vt 0.969134 0.301732
vt 0.929342 0.453603
vt 0.811510 0.358255
vt 0.818375 0.357136
vt 0.789524 0.265544
vt 0.969973 0.524521
vt 0.897750 0.257641
vt 0.970102 0.559554
vt 0.969943 0.526097
vt 0.962618 0.560915
vt 0.962492 0.559628
vt 0.850961 0.350787
vt 0.850974 0.352131
vt 0.889039 0.262773
vt 0.959263 0.495512
vt 0.852823 0.355971
vt 0.888954 0.264517
vt 0.859747 0.355191
vt 0.859712 0.356928
vt 0.968355 0.452115
vt 0.968358 0.453947
vt 0.929229 0.374545
vt 0.803773 0.360208
vt 0.939859 0.416469
vt 0.929056 0.416343
vt 0.927852 0.529692
vt 0.820133 0.353254
vt 0.935131 0.561737
vt 0.928031 0.561654
vt 0.646341 0.390756
vt 0.648066 0.323928
vt 0.648186 0.377715
vt 0.649075 0.363941
vt 0.649302 0.350802
vt 0.649027 0.337644
vt 0.543240 0.322469
vt 0.545344 0.406849
vt 0.543035 0.390465
vt 0.541923 0.372853
vt 0.541607 0.356440
vt 0.541985 0.340036
vt 0.713398 0.402195
vt 0.715552 0.315863
vt 0.708803 0.316670
vt 0.706692 0.401050
vt 0.715759 0.385440
vt 0.709002 0.384666
vt 0.716898 0.367401
vt 0.710116 0.367054
vt 0.717225 0.350624
vt 0.710433 0.350642
vt 0.716838 0.333858
vt 0.710057 0.334238
vt 0.529743 0.320853
vt 0.531868 0.304513
vt 0.538580 0.305623
vt 0.536491 0.321661
vt 0.529521 0.392011
vt 0.536278 0.391238
vt 0.528358 0.373545
vt 0.535141 0.373199
vt 0.528023 0.356404
vt 0.534815 0.356422
vt 0.528423 0.339277
vt 0.535204 0.339657
vt 0.895191 0.067249
vt 0.696742 0.157148
vt 0.904377 0.057930
vt 0.925217 0.062302
vt 0.715190 0.146713
vt 0.841123 0.102394
vt 0.734241 0.140534
vt 0.823039 0.102132
vt 0.636723 0.144020
vt 0.965486 0.056958
vt 0.655897 0.147317
vt 0.944755 0.061763
vt 0.603444 0.029308
vt 0.623917 0.029656
vt 0.624645 0.055392
vt 0.603769 0.059397
vt 0.666208 0.029317
vt 0.679385 0.029057
vt 0.679077 0.042379
vt 0.666464 0.043929
vt 0.697581 0.028841
vt 0.698064 0.042202
vt 0.710751 0.028854
vt 0.710896 0.043356
vt 0.564993 0.027846
vt 0.585493 0.028531
vt 0.584276 0.058534
vt 0.753066 0.053657
vt 0.862759 0.045509
vt 0.840018 0.066188
vt 0.850196 0.043665
vt 0.888810 0.031729
vt 0.922735 0.113695
vt 0.823246 0.065807
vt 0.831235 0.043046
vt 0.818391 0.043898
vt 0.793687 0.028343
vt 0.962405 0.113701
vt 0.692612 0.075557
vt 0.657445 0.040196
vt 0.693556 0.066717
vt 0.657361 0.029425
vt 0.711027 0.075539
vt 0.710328 0.066337
vt 0.719380 0.028718
vt 0.719602 0.039442
vt 0.841114 0.086104
vt 0.888271 0.047995
vt 0.822732 0.086211
vt 0.792987 0.044617
vt 0.810258 0.029080
vt 0.962849 0.097105
vt 0.809786 0.039785
vt 0.822546 0.075009
vt 0.840961 0.075028
vt 0.871856 0.041992
vt 0.872187 0.031232
vt 0.921374 0.097098
vt 0.735979 0.028369
vt 0.736299 0.044669
vt 0.710532 0.102662
vt 0.710841 0.086741
vt 0.692448 0.102923
vt 0.692459 0.086633
vt 0.640899 0.045807
vt 0.640709 0.029542
vt 0.677529 0.133802
vt 0.696246 0.135929
vt 0.713721 0.134180
vt 0.730640 0.128574
vt 0.641784 0.120845
vt 0.660362 0.129103
vt 0.631929 0.089412
vt 0.847458 0.150874
vt 0.631893 0.070480
vt 0.646572 0.062940
vt 0.661623 0.074499
vt 0.661674 0.092965
vt 0.679327 0.125225
vt 0.696228 0.129035
vt 0.678881 0.126765
vt 0.712446 0.127694
vt 0.727740 0.122157
vt 0.643932 0.113814
vt 0.662986 0.122870
vt 0.844585 0.131897
vt 0.825951 0.134020
vt 0.825967 0.127156
vt 0.843238 0.124892
vt 0.808553 0.132283
vt 0.809821 0.125825
vt 0.791707 0.126704
vt 0.794593 0.120316
vt 0.880168 0.118988
vt 0.778855 0.111895
vt 0.861675 0.127215
vt 0.859061 0.121010
vt 0.603364 0.023039
vt 0.611223 0.127259
vt 0.612658 0.110260
vt 0.614019 0.093663
vt 0.611664 0.084993
vt 0.601749 0.076600
vt 0.583596 0.076603
vt 0.573760 0.084989
vt 0.572544 0.093670
vt 0.572988 0.110267
vt 0.574452 0.127265
vt 0.585594 0.022249
vt 0.255534 0.489916
vt 0.256404 0.471058
vt 0.270994 0.498063
vt 0.286582 0.490128
vt 0.287444 0.471240
vt 0.271478 0.463715
vt 0.135871 0.911128
vt 0.139344 0.905167
vt 0.160524 0.884391
vt 0.150035 0.882180
vt 0.139555 0.884440
vt 0.136964 0.890723
vt 0.160613 0.905165
vt 0.149979 0.903098
vt 0.136113 0.967403
vt 0.138682 0.973214
vt 0.149166 0.975696
vt 0.159688 0.973383
vt 0.162351 0.967614
vt 0.159782 0.961803
vt 0.184011 0.949879
vt 0.185051 0.920948
vt 0.726435 0.404420
vt 0.728673 0.314294
vt 0.728897 0.386943
vt 0.730085 0.368075
vt 0.730431 0.350589
vt 0.730022 0.333122
vt 0.525531 0.303465
vt 0.523371 0.320091
vt 0.523140 0.392740
vt 0.521954 0.373872
vt 0.521609 0.356386
vt 0.522020 0.338919
vt 0.925468 0.598293
vt 0.819920 0.301157
vt 0.806965 0.302121
vt 0.798107 0.208832
vt 0.923305 0.207330
vt 0.811061 0.209368
vt 0.984081 0.211558
vt 0.875885 0.300857
vt 0.862937 0.300704
vt 0.879226 0.207990
vt 0.963540 0.600569
vt 0.892266 0.207866
vt 0.842776 0.123451
vt 0.663644 0.121034
vt 0.740283 0.112647
vt 0.727087 0.120712
vt 0.711955 0.125426
vt 0.696195 0.127234
vt 0.755272 0.142745
vt 0.525601 0.410217
vt 0.531933 0.409137
vt 0.545291 0.306733
vt 0.605696 0.396560
vt 0.538638 0.407993
vt 0.609463 0.395918
vt 0.726514 0.297668
vt 0.720176 0.298716
vt 0.706754 0.300934
vt 0.646349 0.310910
vt 0.713465 0.299825
vt 0.642578 0.311532
vt 0.177121 0.885019
vt 0.122260 0.898782
vt 0.171219 0.865476
vt 0.149939 0.841297
vt 0.178847 0.914347
vt 0.128773 0.865575
vt 0.177696 0.898776
vt 0.149978 0.894179
vt 0.185794 0.626987
vt 0.115544 0.833907
vt 0.075515 0.821261
vt 0.080847 0.822013
vt 0.268402 0.562295
vt 0.261237 0.592440
vt 0.261324 0.613415
vt 0.031652 0.822576
vt 0.021548 0.743480
vt 0.031952 0.799724
vt 0.028339 0.766221
vt 0.188868 0.833871
vt 0.114847 0.628507
vt 0.078427 0.613116
vt 0.083340 0.614478
vt 0.274017 0.766247
vt 0.270398 0.799750
vt 0.270692 0.822602
vt 0.037873 0.613446
vt 0.022532 0.540586
vt 0.037954 0.592471
vt 0.030781 0.562328
vt 0.235995 0.526187
vt 0.276645 0.540551
vt 0.238233 0.735057
vt 0.280814 0.743508
vt 0.233414 0.521812
vt 0.234679 0.732152
vt 0.083920 0.653078
vt 0.077579 0.677095
vt 0.081058 0.445744
vt 0.077933 0.468529
vt 0.647478 0.112038
vt 0.746254 0.120579
vt 0.743548 0.113696
vt 0.657308 0.023163
vt 0.666285 0.023035
vt 0.679238 0.072473
vt 0.683576 0.064811
vt 0.724626 0.072185
vt 0.721080 0.064201
vt 0.719261 0.022456
vt 0.710510 0.022572
vt 0.872387 0.024977
vt 0.863424 0.024642
vt 0.854335 0.071946
vt 0.849998 0.064283
vt 0.808948 0.071653
vt 0.812494 0.063670
vt 0.810523 0.022827
vt 0.819261 0.023148
vt 0.640658 0.023284
vt 0.677910 0.088286
vt 0.726413 0.087965
vt 0.735854 0.022108
vt 0.889013 0.025474
vt 0.855662 0.087759
vt 0.807159 0.087434
vt 0.793958 0.022092
vt 0.711183 0.056689
vt 0.731412 0.106006
vt 0.697538 0.022601
vt 0.752909 0.021720
vt 0.693005 0.056958
vt 0.679322 0.022796
vt 0.629180 0.090174
vt 0.623612 0.023390
vt 0.951797 0.080037
vt 0.964282 0.025104
vt 0.822392 0.056159
vt 0.912615 0.094928
vt 0.933644 0.080034
vt 0.840570 0.056429
vt 0.905997 0.025976
vt 0.861877 0.105476
vt 0.663885 0.094084
vt 0.646382 0.102794
vt 0.912402 0.073576
vt 0.894904 0.064856
vt 0.583869 0.145178
vt 0.601718 0.145175
vt 0.951523 0.148613
vt 0.933674 0.148609
vt 0.646782 0.059618
vt 0.664067 0.072738
vt 0.629164 0.068642
vt 0.671694 0.106003
vt 0.895375 0.108094
vt 0.802159 0.105474
vt 0.877744 0.099078
vt 0.877744 0.077551
vt 0.776932 0.021307
vt 0.776942 0.027573
vt 0.776030 0.053203
vt 0.782016 0.110550
vt 0.776162 0.118749
vt 0.878028 0.111989
vt 0.565380 0.021603
vt 0.752752 0.027990
vt 0.563654 0.053396
vt 0.121112 0.914354
vt 0.163145 0.890662
vt 0.122962 0.885146
vt 0.164088 0.911125
vt 0.827189 0.351434
vt 0.935450 0.550087
vt 0.938271 0.529830
vt 0.820299 0.365352
vt 0.827352 0.348943
vt 0.934977 0.562917
vt 0.938441 0.526981
vt 0.820114 0.351910
vt 0.939766 0.453711
vt 0.812195 0.373878
vt 0.938708 0.495001
vt 0.937366 0.476866
vt 0.939970 0.450384
vt 0.811434 0.356519
vt 0.938902 0.498743
vt 0.938895 0.497054
vt 0.810847 0.360656
vt 0.939174 0.399420
vt 0.939631 0.374633
vt 0.805623 0.375853
vt 0.810634 0.357290
vt 0.939930 0.418332
vt 0.939715 0.370754
vt 0.803568 0.358469
vt 0.937693 0.296388
vt 0.796223 0.369835
vt 0.939815 0.336207
vt 0.938481 0.320863
vt 0.937715 0.292982
vt 0.794146 0.354417
vt 0.939906 0.339424
vt 0.939946 0.337896
vt 0.828152 0.338835
vt 0.938536 0.515227
vt 0.809655 0.342584
vt 0.939775 0.354213
vt 0.818985 0.341166
vt 0.940174 0.436895
vt 0.800543 0.341917
vt 0.937344 0.278885
vt 0.828302 0.338177
vt 0.939339 0.514633
vt 0.940892 0.436405
vt 0.940403 0.353664
vt 0.937824 0.278332
vt 0.777149 0.332336
vt 0.926684 0.239907
vt 0.925734 0.226453
vt 0.766109 0.331251
vt 0.784783 0.326316
vt 0.926295 0.220002
vt 0.791064 0.322742
vt 0.925771 0.212289
vt 0.827689 0.321183
vt 0.827205 0.307945
vt 0.934221 0.598300
vt 0.794023 0.302578
vt 0.787665 0.261807
vt 0.928622 0.543378
vt 0.780723 0.260211
vt 0.781907 0.272479
vt 0.787603 0.259363
vt 0.927736 0.528134
vt 0.780464 0.257721
vt 0.780591 0.258847
vt 0.796343 0.266423
vt 0.929159 0.470294
vt 0.928212 0.494886
vt 0.790599 0.281221
vt 0.796336 0.263287
vt 0.929352 0.451771
vt 0.927892 0.498618
vt 0.789404 0.263802
vt 0.804345 0.267779
vt 0.929432 0.392417
vt 0.797401 0.268735
vt 0.797453 0.284294
vt 0.804528 0.264388
vt 0.929227 0.372588
vt 0.797394 0.265370
vt 0.797395 0.267006
vt 0.813370 0.262851
vt 0.927280 0.312681
vt 0.928598 0.336385
vt 0.805355 0.278465
vt 0.813562 0.259916
vt 0.927413 0.294471
vt 0.928627 0.339583
vt 0.805688 0.263194
vt 0.927426 0.571405
vt 0.787400 0.249438
vt 0.927993 0.435785
vt 0.805331 0.249548
vt 0.926088 0.513922
vt 0.796336 0.250608
vt 0.928065 0.353227
vt 0.814314 0.247404
vt 0.926990 0.571759
vt 0.787915 0.248856
vt 0.796829 0.249999
vt 0.805731 0.248775
vt 0.814628 0.246617
vt 0.921730 0.246061
vt 0.830284 0.241486
vt 0.918268 0.228106
vt 0.918520 0.235754
vt 0.923832 0.252931
vt 0.918145 0.221775
vt 0.925309 0.259649
vt 0.815486 0.216090
vt 0.926471 0.583273
vt 0.925432 0.591877
vt 0.785066 0.208972
vt 0.914557 0.210594
vt 0.843877 0.350478
vt 0.844842 0.362774
vt 0.959473 0.526269
vt 0.960294 0.540396
vt 0.843655 0.347992
vt 0.843770 0.349112
vt 0.959416 0.523424
vt 0.959418 0.524690
vt 0.957983 0.454046
vt 0.959597 0.470656
vt 0.959409 0.493629
vt 0.853529 0.371748
vt 0.957792 0.450727
vt 0.957806 0.452215
vt 0.959255 0.497045
vt 0.852744 0.354218
vt 0.860431 0.359313
vt 0.859863 0.374918
vt 0.958298 0.376925
vt 0.959397 0.393741
vt 0.860565 0.355943
vt 0.860494 0.357579
vt 0.958108 0.373287
vt 0.958167 0.375058
vt 0.959422 0.301792
vt 0.960463 0.316831
vt 0.957384 0.339403
vt 0.867989 0.369455
vt 0.959316 0.298582
vt 0.959285 0.300102
vt 0.957285 0.342585
vt 0.868914 0.354134
vt 0.859960 0.341149
vt 0.959392 0.511084
vt 0.850880 0.339834
vt 0.963513 0.570350
vt 0.878613 0.338835
vt 0.957750 0.356186
vt 0.869285 0.340514
vt 0.957605 0.436304
vt 0.851570 0.339365
vt 0.963189 0.570754
vt 0.860570 0.340614
vt 0.869616 0.339828
vt 0.878819 0.338181
vt 0.893454 0.330209
vt 0.899405 0.334581
vt 0.971065 0.228793
vt 0.972775 0.237932
vt 0.885681 0.324371
vt 0.970736 0.221486
vt 0.957431 0.265631
vt 0.879851 0.307921
vt 0.963078 0.583680
vt 0.963254 0.593365
vt 0.974576 0.207642
vt 0.849963 0.300044
vt 0.890737 0.260743
vt 0.890625 0.272826
vt 0.897646 0.259006
vt 0.969630 0.547207
vt 0.890750 0.258298
vt 0.890749 0.259401
vt 0.897854 0.256511
vt 0.970049 0.560844
vt 0.882154 0.265534
vt 0.882407 0.281078
vt 0.969070 0.493503
vt 0.968702 0.476780
vt 0.882098 0.262398
vt 0.882126 0.263806
vt 0.969363 0.496892
vt 0.969139 0.495370
vt 0.874181 0.267052
vt 0.875344 0.282714
vt 0.881143 0.267867
vt 0.967846 0.400166
vt 0.873930 0.263665
vt 0.874051 0.265311
vt 0.881082 0.264502
vt 0.968476 0.418738
vt 0.865058 0.262307
vt 0.866325 0.276194
vt 0.968310 0.339500
vt 0.968646 0.324637
vt 0.864807 0.259376
vt 0.864917 0.260764
vt 0.968352 0.342624
vt 0.968265 0.341140
vt 0.969735 0.437171
vt 0.889863 0.248525
vt 0.971330 0.511962
vt 0.898805 0.246347
vt 0.969866 0.284646
vt 0.871888 0.248671
vt 0.968997 0.357194
vt 0.880804 0.249778
vt 0.971973 0.511391
vt 0.899106 0.245568
vt 0.970403 0.436673
vt 0.969770 0.356656
vt 0.970596 0.284073
vt 0.975463 0.250500
vt 0.976812 0.245266
vt 0.979368 0.230886
vt 0.842304 0.236487
vt 0.973395 0.257867
vt 0.979709 0.223761
vt 0.863030 0.228643
vt 0.981090 0.216798
vt 0.898919 0.228591
vt 0.899105 0.215142
vt 0.866284 0.208787
vt 0.973367 0.600530
vt 0.173238 0.949785
vt 0.149298 0.959320
vt 0.866834 0.144991
vt 0.646667 0.100402
vt 0.767838 0.140701
vt 0.887234 0.141657
vt 0.788886 0.139499
vt 0.809201 0.146047
vt 0.827089 0.155228
vt 0.910193 0.074697
vt 0.675664 0.153131
vt 0.910168 0.093171
vt 0.895157 0.104771
vt 0.880471 0.097237
vt 0.880493 0.078305
vt 0.172305 0.028647
vt 0.218115 0.029009
vt 0.217662 0.050389
vt 0.170318 0.050932
vt 0.262753 0.028733
vt 0.263830 0.051027
vt 0.273261 0.109619
vt 0.269724 0.153948
vt 0.248108 0.151209
vt 0.248093 0.105548
vt 0.266460 0.199539
vt 0.246643 0.195887
vt 0.251831 0.252433
vt 0.231768 0.243692
vt 0.223254 0.290778
vt 0.201671 0.277770
vt 0.222741 0.239426
vt 0.195837 0.275138
vt 0.182584 0.267274
vt 0.210559 0.230956
vt 0.238838 0.193688
vt 0.221166 0.188513
vt 0.239653 0.150223
vt 0.223812 0.148375
vt 0.243065 0.105194
vt 0.233591 0.103150
vt 0.217649 0.052937
vt 0.263866 0.055610
vt 0.263620 0.064069
vt 0.217331 0.060633
vt 0.170149 0.056645
vt 0.170444 0.069594
vt 0.184500 0.209836
vt 0.190325 0.178557
vt 0.186115 0.140357
vt 0.227502 0.100178
vt 0.262715 0.070142
vt 0.177655 0.085087
vt 0.258157 0.080496
vt 0.174984 0.097782
vt 0.224671 0.088682
vt 0.160863 0.268496
vt 0.159190 0.235729
vt 0.121556 0.277086
vt 0.090789 0.243930
vt 0.099623 0.239438
vt 0.127157 0.274388
vt 0.074789 0.195799
vt 0.082540 0.193558
vt 0.072635 0.151182
vt 0.081050 0.149899
vt 0.071689 0.105551
vt 0.076624 0.105163
vt 0.059703 0.051550
vt 0.106031 0.050861
vt 0.106060 0.053412
vt 0.059655 0.056140
vt 0.153286 0.050721
vt 0.153591 0.056418
vt 0.139483 0.266652
vt 0.112377 0.232145
vt 0.134932 0.212628
vt 0.100005 0.188300
vt 0.130581 0.178814
vt 0.096674 0.147887
vt 0.133594 0.139067
vt 0.085744 0.103222
vt 0.091537 0.100164
vt 0.060026 0.064616
vt 0.106432 0.061124
vt 0.061031 0.070665
vt 0.153487 0.069346
vt 0.146144 0.084776
vt 0.065586 0.080977
vt 0.092800 0.088664
vt 0.142679 0.095639
vt 0.167876 0.201108
vt 0.172704 0.173980
vt 0.168920 0.140817
vt 0.162509 0.115898
vt 0.158874 0.099898
vt 0.164592 0.206897
vt 0.159447 0.214604
vt 0.148546 0.174459
vt 0.151373 0.204419
vt 0.151314 0.137365
vt 0.154798 0.113913
vt 0.152286 0.131747
vt 0.155653 0.213393
vt 0.105228 0.029499
vt 0.151209 0.028627
vt 0.060504 0.029214
vt 0.051108 0.153454
vt 0.047191 0.109637
vt 0.054827 0.199771
vt 0.071177 0.253496
vt 0.101526 0.290779
vt 0.367513 0.021944
vt 0.390739 0.063740
vt 0.383585 0.066418
vt 0.366851 0.041507
vt 0.373877 0.106416
vt 0.372484 0.092404
vt 0.329167 0.106409
vt 0.345860 0.094185
vt 0.308590 0.069893
vt 0.328567 0.070260
vt 0.321935 0.024747
vt 0.340208 0.044192
vt 0.415688 0.062904
vt 0.438959 0.020875
vt 0.438817 0.040574
vt 0.422030 0.065381
vt 0.432094 0.106127
vt 0.433831 0.091536
vt 0.477071 0.106114
vt 0.460374 0.093649
vt 0.497697 0.069435
vt 0.478105 0.069775
vt 0.484817 0.023836
vt 0.466495 0.043431
vt 0.073499 0.349493
vt 0.103862 0.351845
vt 0.103447 0.364035
vt 0.072235 0.361482
vt 0.036066 0.350434
vt 0.037314 0.362374
vt 0.214507 0.329883
vt 0.214991 0.316054
vt 0.223929 0.317138
vt 0.223218 0.329976
vt 0.132400 0.362826
vt 0.131500 0.350115
vt 0.163772 0.350459
vt 0.163787 0.363226
vt 0.224003 0.349603
vt 0.255550 0.349370
vt 0.256222 0.361786
vt 0.225366 0.361602
vt 0.292525 0.350722
vt 0.290695 0.362472
vt 0.149121 0.288024
vt 0.146274 0.287559
vt 0.161935 0.286128
vt 0.161950 0.286670
vt 0.205995 0.362495
vt 0.206507 0.349227
vt 0.214538 0.350140
vt 0.214379 0.362756
vt 0.073570 0.348943
vt 0.103549 0.347207
vt 0.102225 0.366598
vt 0.072055 0.363533
vt 0.036593 0.347212
vt 0.038325 0.365045
vt 0.213471 0.312619
vt 0.224099 0.313530
vt 0.178158 0.301554
vt 0.178613 0.304980
vt 0.162238 0.306508
vt 0.162120 0.302374
vt 0.132302 0.347327
vt 0.163717 0.347377
vt 0.163984 0.365290
vt 0.133634 0.365432
vt 0.225730 0.348775
vt 0.255471 0.348801
vt 0.256154 0.364477
vt 0.226364 0.364263
vt 0.292224 0.348013
vt 0.289656 0.365310
vt 0.145913 0.284905
vt 0.144499 0.280712
vt 0.161744 0.278821
vt 0.161843 0.282540
vt 0.135228 0.331391
vt 0.133722 0.335175
vt 0.115852 0.334851
vt 0.114812 0.332078
vt 0.204443 0.346209
vt 0.214690 0.346970
vt 0.213637 0.365979
vt 0.205485 0.365584
vt 0.114531 0.319467
vt 0.135638 0.318727
vt 0.114866 0.316364
vt 0.133775 0.314216
vt 0.174808 0.287314
vt 0.177626 0.286690
vt 0.177902 0.299382
vt 0.174973 0.298005
vt 0.179029 0.279744
vt 0.177854 0.283992
vt 0.162022 0.298161
vt 0.162048 0.299201
vt 0.146246 0.300253
vt 0.149109 0.298729
vt 0.161449 0.320070
vt 0.173543 0.320840
vt 0.173554 0.330983
vt 0.161419 0.330687
vt 0.149105 0.330986
vt 0.149121 0.320704
vt 0.144788 0.286632
vt 0.142727 0.281696
vt 0.147093 0.285966
vt 0.161892 0.284202
vt 0.180858 0.280661
vt 0.179149 0.285699
vt 0.176877 0.285136
vt 0.145832 0.305899
vt 0.146097 0.302488
vt 0.222175 0.333756
vt 0.214457 0.332843
vt 0.179180 0.300624
vt 0.179829 0.304521
vt 0.177174 0.300408
vt 0.162077 0.300716
vt 0.144588 0.305527
vt 0.144953 0.301581
vt 0.146847 0.301263
vt 0.161994 0.288279
vt 0.150277 0.289281
vt 0.173760 0.296731
vt 0.173691 0.288617
vt 0.161971 0.296552
vt 0.150279 0.297422
vt 0.104365 0.333152
vt 0.106679 0.336368
vt 0.097400 0.335607
vt 0.097362 0.332341
vt 0.098710 0.319920
vt 0.105737 0.319244
vt 0.098781 0.316605
vt 0.106020 0.315601
vt 0.206681 0.330744
vt 0.206803 0.333249
vt 0.188135 0.334176
vt 0.187359 0.330747
vt 0.186578 0.318778
vt 0.206565 0.318804
vt 0.188196 0.314452
vt 0.206151 0.315879
vt 0.195277 0.362842
vt 0.195509 0.365143
vt 0.195762 0.350020
vt 0.193753 0.347284
vt 0.122471 0.361662
vt 0.122928 0.364748
vt 0.115017 0.365073
vt 0.114162 0.361895
vt 0.112467 0.349667
vt 0.121200 0.349138
vt 0.213166 0.331349
vt 0.212723 0.315993
vt 0.226054 0.315816
vt 0.224308 0.331812
vt 0.211364 0.312815
vt 0.166800 0.133506
vt 0.167053 0.141841
vt 0.164743 0.133765
vt 0.225797 0.312197
vt 0.213248 0.333946
vt 0.223045 0.334674
vt 0.106123 0.332377
vt 0.108040 0.335578
vt 0.096517 0.336880
vt 0.096041 0.333726
vt 0.107691 0.318180
vt 0.096883 0.318354
vt 0.099389 0.314680
vt 0.105058 0.313781
vt 0.107955 0.315014
vt 0.097156 0.315433
vt 0.114497 0.346197
vt 0.122828 0.345753
vt 0.204432 0.363930
vt 0.204159 0.349286
vt 0.216445 0.349150
vt 0.215499 0.364408
vt 0.202333 0.346350
vt 0.153573 0.204220
vt 0.157593 0.212433
vt 0.216920 0.347093
vt 0.203958 0.366579
vt 0.214801 0.367276
vt 0.124039 0.363017
vt 0.124466 0.365666
vt 0.113833 0.366312
vt 0.113057 0.363496
vt 0.123210 0.348864
vt 0.111078 0.348878
vt 0.124539 0.346317
vt 0.113453 0.344831
vt 0.221716 0.334960
vt 0.215303 0.334270
vt 0.178558 0.306275
vt 0.162436 0.307787
vt 0.162110 0.307797
vt 0.145948 0.307191
vt 0.105730 0.337664
vt 0.098179 0.336976
vt 0.212846 0.367555
vt 0.205225 0.367393
vt 0.123213 0.366524
vt 0.115724 0.366646
vt 0.578767 0.191705
vt 0.608852 0.192778
vt 0.608607 0.194014
vt 0.578274 0.192981
vt 0.545145 0.194557
vt 0.544965 0.195804
vt 0.602511 0.250418
vt 0.573425 0.250425
vt 0.572948 0.249137
vt 0.602539 0.249167
vt 0.539778 0.246465
vt 0.539889 0.245233
vt 0.534116 0.242103
vt 0.519295 0.229644
vt 0.511610 0.216917
vt 0.522188 0.206438
vt 0.539974 0.197523
vt 0.634466 0.224873
vt 0.608333 0.245973
vt 0.633376 0.224751
vt 0.613544 0.198400
vt 0.510536 0.216783
vt 0.424262 0.212131
vt 0.443992 0.210031
vt 0.446830 0.226016
vt 0.424630 0.228440
vt 0.404432 0.213288
vt 0.404480 0.229393
vt 0.384920 0.213474
vt 0.384486 0.229325
vt 0.366579 0.211793
vt 0.364576 0.227105
vt 0.348986 0.208700
vt 0.345739 0.223723
vt 0.464713 0.208506
vt 0.466024 0.224015
vt 0.447872 0.234657
vt 0.448678 0.243242
vt 0.426075 0.246098
vt 0.425227 0.237002
vt 0.404948 0.246568
vt 0.404710 0.237729
vt 0.384032 0.245898
vt 0.384370 0.237398
vt 0.362263 0.243087
vt 0.363284 0.235129
vt 0.342110 0.239601
vt 0.344063 0.231697
vt 0.467289 0.231825
vt 0.468815 0.239485
vt 0.366229 0.426655
vt 0.372686 0.365178
vt 0.387010 0.366572
vt 0.383945 0.428321
vt 0.402877 0.367206
vt 0.403446 0.429473
vt 0.417881 0.366306
vt 0.422408 0.429326
vt 0.432173 0.364952
vt 0.439298 0.427826
vt 0.446428 0.362734
vt 0.455714 0.425135
vt 0.355806 0.362738
vt 0.344675 0.424460
vt 0.383722 0.440377
vt 0.363997 0.439099
vt 0.403431 0.441727
vt 0.422784 0.441843
vt 0.440934 0.440095
vt 0.458295 0.436957
vt 0.343302 0.437441
vt 0.360403 0.463410
vt 0.382946 0.465405
vt 0.382190 0.474477
vt 0.359709 0.471927
vt 0.403320 0.465980
vt 0.403154 0.474759
vt 0.423479 0.465526
vt 0.423879 0.473938
vt 0.444326 0.463133
vt 0.445397 0.470993
vt 0.463280 0.459601
vt 0.465286 0.467378
vt 0.341063 0.460839
vt 0.339681 0.468450
vt 0.342180 0.453028
vt 0.361339 0.454843
vt 0.442997 0.455214
vt 0.461569 0.451754
vt 0.423305 0.457533
vt 0.403485 0.457705
vt 0.383465 0.456847
vt 0.354062 0.521820
vt 0.329692 0.515557
vt 0.476842 0.513463
vt 0.452469 0.519080
vt 0.428489 0.524479
vt 0.403538 0.527410
vt 0.378424 0.526518
vt 0.423988 0.199440
vt 0.404359 0.200843
vt 0.404696 0.142360
vt 0.420717 0.141652
vt 0.385240 0.200811
vt 0.389579 0.141447
vt 0.368180 0.199371
vt 0.374875 0.140141
vt 0.351579 0.196705
vt 0.360330 0.137933
vt 0.463365 0.195742
vt 0.441819 0.198129
vt 0.435538 0.140438
vt 0.452841 0.138062
vt 0.350797 0.551427
vt 0.323282 0.543644
vt 0.483839 0.541157
vt 0.456892 0.547976
vt 0.431610 0.554686
vt 0.404207 0.558614
vt 0.376702 0.557217
vt 0.479460 0.286893
vt 0.454943 0.293507
vt 0.355552 0.291751
vt 0.330856 0.286300
vt 0.379837 0.296977
vt 0.405070 0.299694
vt 0.430411 0.298523
vt 0.486280 0.315179
vt 0.458617 0.323380
vt 0.351365 0.321007
vt 0.324052 0.314368
vt 0.376985 0.327530
vt 0.404721 0.331218
vt 0.432486 0.329499
vn 0.341124 0.937559 -0.067944
vn 0.341124 0.937559 -0.067944
vn 0.341124 0.937559 -0.067944
vn 0.341124 0.937560 -0.067944
vn 0.278379 0.935551 0.217372
vn 0.278379 0.935551 0.217372
vn 0.278379 0.935551 0.217372
vn 0.278379 0.935551 0.217372
vn 0.365715 0.210230 0.906673
vn 0.350151 0.248659 0.903085
vn 0.141264 0.635108 0.759396
vn 0.141264 0.635108 0.759396
vn -0.350151 0.248659 0.903085
vn -0.365715 0.210230 0.906673
vn -0.141264 0.635108 0.759396
vn -0.141264 0.635108 0.759396
vn -0.278379 0.935551 0.217372
vn -0.278379 0.935551 0.217372
vn -0.278379 0.935551 0.217372
vn -0.278379 0.935551 0.217372
vn -0.341124 0.937560 -0.067944
vn -0.341124 0.937560 -0.067944
vn -0.341124 0.937560 -0.067944
vn -0.341124 0.937560 -0.067944
vn -0.216100 0.145419 -0.965481
vn -0.212854 0.031881 -0.976564
vn -0.167020 0.789473 -0.590624
vn -0.167020 0.789473 -0.590624
vn 0.212854 0.031881 -0.976564
vn 0.216100 0.145419 -0.965481
vn 0.167020 0.789473 -0.590624
vn 0.167020 0.789473 -0.590624
vn 0.425651 0.006661 0.904863
vn 0.423584 0.018795 0.905662
vn -0.423584 0.018795 0.905662
vn -0.425651 0.006661 0.904863
vn -0.212438 -0.074923 -0.974298
vn -0.211948 -0.070537 -0.974732
vn 0.211948 -0.070537 -0.974732
vn 0.212438 -0.074923 -0.974298
vn 0.937033 -0.177550 -0.300743
vn 0.935862 -0.177816 -0.304210
vn 0.951452 -0.173769 -0.254053
vn 0.951452 -0.173769 -0.254053
vn 0.906837 -0.097197 0.410122
vn 0.906595 -0.102264 0.409424
vn 0.905241 -0.124603 0.406218
vn 0.905241 -0.124603 0.406218
vn 0.409480 -0.046305 0.911143
vn 0.411317 -0.045648 0.910349
vn -0.412817 -0.049303 0.909479
vn -0.411425 -0.050091 0.910066
vn -0.906561 -0.103862 0.409096
vn -0.906758 -0.100088 0.409599
vn -0.905241 -0.124603 0.406218
vn -0.905241 -0.124603 0.406218
vn -0.935445 -0.174038 -0.307659
vn -0.936918 -0.174037 -0.303142
vn -0.951452 -0.173769 -0.254053
vn -0.951452 -0.173769 -0.254053
vn -0.215338 -0.078450 -0.973383
vn -0.215255 -0.082484 -0.973068
vn 0.215229 -0.082414 -0.973080
vn 0.215304 -0.078384 -0.973396
vn 0.894019 -0.184784 -0.408148
vn 0.894019 -0.184784 -0.408148
vn 0.907927 -0.040675 0.417149
vn 0.907927 -0.040675 0.417149
vn 0.326942 -0.074935 0.942069
vn 0.326942 -0.074935 0.942069
vn -0.336381 -0.091442 0.937276
vn -0.336381 -0.091442 0.937276
vn -0.908131 -0.048234 0.415899
vn -0.908131 -0.048234 0.415899
vn -0.890622 -0.172747 -0.420655
vn -0.890622 -0.172747 -0.420655
vn -0.216182 -0.014152 -0.976251
vn -0.216182 -0.014152 -0.976251
vn 0.216033 -0.013934 -0.976287
vn 0.216033 -0.013934 -0.976287
vn 0.397185 -0.824086 -0.403889
vn 0.397185 -0.824086 -0.403889
vn 0.397185 -0.824086 -0.403889
vn 0.397185 -0.824086 -0.403889
vn 0.382869 -0.021858 -0.923544
vn 0.382869 -0.021858 -0.923544
vn 0.382869 -0.021858 -0.923544
vn 0.382869 -0.021858 -0.923544
vn 0.382919 0.900574 -0.205767
vn 0.382919 0.900574 -0.205767
vn 0.382919 0.900574 -0.205767
vn 0.382919 0.900574 -0.205767
vn 0.533759 -0.689486 0.489602
vn 0.533759 -0.689486 0.489602
vn 0.533759 -0.689486 0.489603
vn 0.533759 -0.689486 0.489602
vn 0.288130 0.922019 0.258577
vn 0.288130 0.922019 0.258577
vn 0.288130 0.922019 0.258577
vn 0.288130 0.922019 0.258577
vn 0.409514 0.025202 0.911956
vn 0.409514 0.025202 0.911956
vn 0.409514 0.025202 0.911956
vn 0.409514 0.025202 0.911956
vn -0.535307 -0.832520 0.142673
vn -0.533759 -0.689486 0.489603
vn -0.533759 -0.689486 0.489603
vn -0.516719 -0.856117 0.008032
vn -0.409514 0.025202 0.911956
vn -0.409514 0.025202 0.911956
vn -0.409514 0.025202 0.911956
vn -0.409514 0.025202 0.911956
vn -0.288132 0.922019 0.258577
vn -0.342351 0.938640 0.041843
vn -0.349796 0.936812 0.005127
vn -0.288132 0.922019 0.258577
vn -0.397184 -0.824086 -0.403889
vn -0.397184 -0.824086 -0.403889
vn -0.382921 0.900573 -0.205766
vn -0.382921 0.900573 -0.205766
vn -0.382869 -0.021858 -0.923544
vn -0.382869 -0.021858 -0.923544
vn -0.382869 -0.021858 -0.923544
vn -0.382869 -0.021858 -0.923544
vn 0.000000 -0.899110 -0.437723
vn 0.000000 -0.899110 -0.437723
vn 0.000000 -0.899110 -0.437723
vn 0.000000 -0.899110 -0.437723
vn 0.000351 0.007521 -0.999972
vn 0.000351 0.007521 -0.999972
vn 0.000351 0.007521 -0.999972
vn 0.000351 0.007521 -0.999972
vn 0.067056 0.923954 -0.376581
vn 0.067056 0.923954 -0.376581
vn 0.067056 0.923954 -0.376581
vn 0.067056 0.923953 -0.376581
vn 0.000000 -0.888970 0.457966
vn 0.000000 -0.888969 0.457966
vn 0.000000 -0.888970 0.457966
vn 0.000000 -0.888970 0.457966
vn 0.052850 0.950512 0.306159
vn 0.052850 0.950512 0.306159
vn 0.052850 0.950512 0.306159
vn 0.052850 0.950512 0.306159
vn 0.001006 0.035019 0.999386
vn 0.001006 0.035019 0.999386
vn 0.001006 0.035019 0.999386
vn 0.001006 0.035019 0.999386
vn 0.000000 -0.888969 0.457967
vn 0.000000 -0.888969 0.457967
vn 0.000000 -0.888969 0.457967
vn 0.000000 -0.888969 0.457967
vn -0.001006 0.035020 0.999386
vn -0.001006 0.035020 0.999386
vn -0.001006 0.035020 0.999386
vn -0.001006 0.035020 0.999386
vn -0.052850 0.950513 0.306158
vn -0.052850 0.950513 0.306158
vn -0.052850 0.950513 0.306158
vn -0.052850 0.950513 0.306158
vn 0.000000 -0.899110 -0.437724
vn 0.000000 -0.899110 -0.437724
vn 0.000000 -0.899110 -0.437724
vn 0.000000 -0.899110 -0.437724
vn -0.067056 0.923954 -0.376580
vn -0.067056 0.923954 -0.376580
vn -0.067056 0.923954 -0.376580
vn -0.067056 0.923954 -0.376580
vn -0.000351 0.007521 -0.999972
vn -0.000351 0.007521 -0.999972
vn -0.000351 0.007521 -0.999972
vn -0.000351 0.007521 -0.999972
vn 0.000000 0.019689 -0.999806
vn 0.000000 0.000145 -1.000000
vn 0.000000 -0.000151 -1.000000
vn 0.000000 0.019689 -0.999806
vn 0.881849 -0.051443 -0.468717
vn 0.881775 -0.052064 -0.468787
vn 0.885219 -0.019078 -0.464784
vn 0.885219 -0.019078 -0.464784
vn 0.645393 -0.003320 0.763843
vn 0.645535 -0.003509 0.763723
vn 0.654166 -0.015119 0.756200
vn 0.654166 -0.015119 0.756200
vn 0.000001 0.029019 0.999579
vn 0.000001 0.028845 0.999584
vn -0.000000 -0.035761 0.999360
vn -0.000000 -0.035761 0.999360
vn -0.642809 -0.003500 0.766019
vn -0.642601 -0.003307 0.766194
vn -0.655362 -0.015259 0.755161
vn -0.655362 -0.015259 0.755160
vn -0.884440 0.005118 -0.466625
vn -0.884444 0.005309 -0.466616
vn -0.884446 0.046202 -0.464351
vn -0.884446 0.046202 -0.464351
vn -0.067041 -0.907744 0.414134
vn -0.067041 -0.907744 0.414133
vn -0.067043 -0.909715 0.409786
vn -0.067043 -0.909715 0.409786
vn -0.046844 0.018218 0.998736
vn -0.046845 0.018180 0.998737
vn -0.047153 0.001217 0.998887
vn -0.047153 0.001217 0.998887
vn -0.036010 0.901769 0.430716
vn -0.036010 0.901778 0.430697
vn -0.035854 0.912163 0.408257
vn -0.035854 0.912163 0.408257
vn -0.062663 -0.903301 -0.424406
vn -0.062662 -0.903292 -0.424425
vn -0.062821 -0.909669 -0.410555
vn -0.062821 -0.909669 -0.410555
vn -0.037007 0.900574 -0.433126
vn -0.037007 0.900563 -0.433148
vn -0.036824 0.910599 -0.411648
vn -0.036824 0.910599 -0.411648
vn -0.040350 -0.018443 -0.999015
vn -0.040350 -0.018481 -0.999015
vn -0.040056 -0.001236 -0.999197
vn -0.040056 -0.001236 -0.999197
vn 0.075582 0.802998 0.591170
vn 0.075582 0.802998 0.591170
vn 0.075582 0.802998 0.591170
vn -0.075576 0.803000 0.591168
vn -0.075576 0.803000 0.591168
vn -0.075576 0.803000 0.591168
vn 0.130136 0.853152 -0.505171
vn 0.130136 0.853152 -0.505170
vn 0.130136 0.853152 -0.505171
vn 0.130136 0.853152 -0.505170
vn -0.130136 0.853153 -0.505168
vn -0.130136 0.853153 -0.505168
vn -0.130136 0.853153 -0.505168
vn -0.130136 0.853153 -0.505168
vn -0.279655 0.959912 0.019008
vn -0.279655 0.959912 0.019008
vn -0.279655 0.959912 0.019008
vn -0.279655 0.959912 0.019008
vn -0.186270 0.956888 0.222865
vn -0.186270 0.956888 0.222865
vn -0.186270 0.956888 0.222865
vn -0.186270 0.956888 0.222865
vn 0.035818 0.914051 0.404014
vn 0.035818 0.914051 0.404014
vn 0.035818 0.914051 0.404014
vn 0.035818 0.914051 0.404014
vn -0.035815 0.914050 0.404018
vn -0.035815 0.914050 0.404018
vn -0.035815 0.914050 0.404018
vn -0.035815 0.914050 0.404018
vn 0.186272 0.956887 0.222867
vn 0.186272 0.956887 0.222867
vn 0.186272 0.956887 0.222867
vn 0.186272 0.956887 0.222867
vn 0.279656 0.959912 0.019012
vn 0.279656 0.959912 0.019012
vn 0.279656 0.959912 0.019012
vn 0.279656 0.959912 0.019012
vn 0.233248 0.113783 -0.965738
vn 0.233248 0.113783 -0.965738
vn 0.233248 0.113783 -0.965738
vn 0.233248 0.113783 -0.965738
vn -0.233248 0.113783 -0.965738
vn -0.233248 0.113783 -0.965738
vn -0.233248 0.113783 -0.965738
vn -0.233248 0.113783 -0.965738
vn -0.918304 0.040318 -0.393819
vn -0.918304 0.040318 -0.393819
vn -0.918304 0.040318 -0.393819
vn -0.918304 0.040318 -0.393819
vn -0.916888 -0.033423 0.397743
vn -0.916888 -0.033423 0.397743
vn -0.916888 -0.033423 0.397743
vn -0.916888 -0.033423 0.397743
vn -0.226040 -0.072700 0.971401
vn -0.226040 -0.072700 0.971401
vn -0.226040 -0.072700 0.971401
vn -0.226040 -0.072700 0.971401
vn 0.226040 -0.072700 0.971402
vn 0.226040 -0.072700 0.971401
vn 0.226040 -0.072700 0.971401
vn 0.226040 -0.072700 0.971402
vn 0.916888 -0.033423 0.397743
vn 0.916888 -0.033423 0.397743
vn 0.916888 -0.033423 0.397743
vn 0.916888 -0.033423 0.397743
vn 0.918304 0.040318 -0.393818
vn 0.918304 0.040318 -0.393818
vn 0.918304 0.040318 -0.393818
vn 0.918304 0.040318 -0.393818
vn 0.062440 -0.894956 -0.441763
vn 0.062440 -0.894956 -0.441763
vn 0.062454 -0.895466 -0.440727
vn 0.062454 -0.895458 -0.440743
vn 0.067034 -0.905349 0.419343
vn 0.067034 -0.905349 0.419343
vn 0.067034 -0.905489 0.419042
vn 0.067034 -0.905489 0.419042
vn 0.046464 0.038141 0.998192
vn 0.046464 0.038141 0.998192
vn 0.046486 0.037017 0.998233
vn 0.046486 0.036988 0.998234
vn 0.036174 0.888467 0.457513
vn 0.036174 0.888467 0.457513
vn 0.036164 0.889260 0.455971
vn 0.036164 0.889264 0.455962
vn 0.037206 0.887722 -0.458874
vn 0.037206 0.887722 -0.458874
vn 0.037194 0.888493 -0.457381
vn 0.037194 0.888487 -0.457392
vn 0.040679 -0.038643 -0.998425
vn 0.040679 -0.038643 -0.998425
vn 0.040660 -0.037480 -0.998470
vn 0.040661 -0.037503 -0.998469
vn -0.223597 -0.917407 -0.329193
vn -0.223597 -0.917407 -0.329193
vn -0.223597 -0.917407 -0.329193
vn -0.223597 -0.917407 -0.329193
vn -0.745876 0.000000 -0.666085
vn -0.745876 0.000000 -0.666085
vn -0.745876 0.000000 -0.666085
vn -0.745876 0.000000 -0.666085
vn -0.257058 0.910016 -0.325256
vn -0.257058 0.910016 -0.325256
vn -0.257058 0.910016 -0.325256
vn -0.257058 0.910016 -0.325256
vn -0.037485 -0.927869 0.371018
vn -0.037485 -0.927869 0.371018
vn -0.037485 -0.927869 0.371018
vn -0.037485 -0.927869 0.371018
vn -0.161022 0.934269 0.318140
vn -0.161022 0.934269 0.318140
vn -0.161022 0.934269 0.318140
vn -0.161022 0.934269 0.318140
vn -0.578986 0.007675 0.815302
vn -0.578986 0.007675 0.815302
vn -0.578985 0.007675 0.815302
vn -0.578986 0.007675 0.815302
vn 0.037485 -0.927868 0.371019
vn 0.037485 -0.927868 0.371019
vn 0.037485 -0.927868 0.371019
vn 0.037485 -0.927868 0.371019
vn 0.578985 0.007675 0.815302
vn 0.578985 0.007675 0.815302
vn 0.578985 0.007675 0.815302
vn 0.578985 0.007675 0.815302
vn 0.161022 0.934269 0.318140
vn 0.161022 0.934269 0.318140
vn 0.161022 0.934269 0.318140
vn 0.161022 0.934269 0.318140
vn 0.223598 -0.917407 -0.329194
vn 0.223598 -0.917407 -0.329194
vn 0.223598 -0.917407 -0.329194
vn 0.223598 -0.917407 -0.329194
vn 0.257058 0.910015 -0.325259
vn 0.257058 0.910016 -0.325259
vn 0.257058 0.910016 -0.325259
vn 0.257058 0.910016 -0.325259
vn 0.745876 0.000001 -0.666085
vn 0.745876 0.000001 -0.666085
vn 0.745876 0.000001 -0.666085
vn 0.745876 0.000001 -0.666085
vn 0.285539 -0.938993 -0.191731
vn 0.285539 -0.938993 -0.191731
vn 0.285539 -0.938993 -0.191731
vn 0.285539 -0.938993 -0.191731
vn -0.000000 0.000001 -1.000000
vn -0.000000 0.000001 -1.000000
vn -0.000000 0.000001 -1.000000
vn -0.000000 0.000001 -1.000000
vn 0.031025 0.959704 -0.279294
vn 0.031025 0.959704 -0.279294
vn 0.031025 0.959704 -0.279294
vn 0.031025 0.959704 -0.279294
vn 0.190594 -0.974073 0.121889
vn 0.234775 -0.950248 0.204716
vn 0.234775 -0.950248 0.204716
vn 0.165934 -0.983159 0.076581
vn 0.025402 0.968910 0.246106
vn 0.020350 0.963150 0.268193
vn 0.017519 0.959698 0.280486
vn 0.025402 0.968910 0.246106
vn 0.675746 -0.195557 0.710721
vn 0.675746 -0.195557 0.710721
vn 0.675746 -0.195557 0.710721
vn 0.675746 -0.195557 0.710721
vn -0.234776 -0.950249 0.204714
vn -0.190594 -0.974072 0.121888
vn -0.165935 -0.983159 0.076581
vn -0.234776 -0.950249 0.204714
vn -0.675747 -0.195557 0.710721
vn -0.675747 -0.195558 0.710721
vn -0.675747 -0.195557 0.710721
vn -0.675747 -0.195557 0.710721
vn -0.020350 0.963150 0.268193
vn -0.025402 0.968910 0.246106
vn -0.025402 0.968910 0.246106
vn -0.017519 0.959698 0.280486
vn -0.285539 -0.938993 -0.191730
vn -0.285539 -0.938993 -0.191730
vn -0.285539 -0.938993 -0.191730
vn -0.285539 -0.938993 -0.191730
vn -0.031025 0.959704 -0.279295
vn -0.031025 0.959704 -0.279295
vn -0.031025 0.959704 -0.279295
vn -0.031025 0.959704 -0.279295
vn 0.000000 0.000000 -1.000000
vn 0.000000 0.000000 -1.000000
vn 0.000000 0.000000 -1.000000
vn 0.000000 0.000000 -1.000000
vn 0.106214 -0.994266 -0.012395
vn 0.109818 -0.993899 -0.010198
vn 0.153648 -0.987986 0.016636
vn 0.000000 0.000000 -1.000000
vn 0.000000 0.000000 -1.000000
vn 0.000000 0.000000 -1.000000
vn 0.000000 0.000000 -1.000000
vn 0.042969 0.967302 -0.249962
vn 0.050632 0.969771 -0.238706
vn 0.054183 0.970854 -0.233469
vn 0.042969 0.967302 -0.249962
vn 0.122072 -0.992519 0.002028
vn 0.125750 -0.992062 0.000384
vn 0.127894 -0.991788 -0.000576
vn 0.122072 -0.992519 0.002028
vn 0.071501 0.973336 0.217956
vn 0.073765 0.974124 0.213636
vn 0.105891 0.982783 0.151409
vn 0.002339 0.004970 0.999985
vn 0.002339 0.004970 0.999985
vn 0.002339 0.004970 0.999985
vn 0.002339 0.004970 0.999985
vn -0.125750 -0.992062 0.000383
vn -0.127894 -0.991788 -0.000576
vn -0.153658 -0.988050 -0.012128
vn -0.002339 0.004970 0.999985
vn -0.002339 0.004970 0.999985
vn -0.002339 0.004970 0.999985
vn -0.002339 0.004970 0.999985
vn -0.066793 0.971623 0.226909
vn -0.071501 0.973336 0.217956
vn -0.073765 0.974124 0.213636
vn -0.066793 0.971623 0.226909
vn -0.099677 -0.994885 -0.016376
vn -0.106214 -0.994266 -0.012395
vn -0.109818 -0.993900 -0.010197
vn -0.099677 -0.994885 -0.016376
vn -0.050631 0.969771 -0.238707
vn -0.054182 0.970853 -0.233470
vn -0.105817 0.982096 -0.155850
vn -0.000000 0.000000 -1.000000
vn -0.000000 0.000000 -1.000000
vn -0.000000 0.000000 -1.000000
vn -0.000000 0.000000 -1.000000
vn -0.823966 0.042111 0.565073
vn -0.823966 0.042111 0.565073
vn -0.772660 0.022737 0.634413
vn -0.784784 0.027131 0.619175
vn -0.050114 -0.942473 -0.330503
vn -0.034106 -0.957164 -0.287531
vn 0.879806 -0.020560 -0.474889
vn 0.879806 -0.020560 -0.474889
vn 0.839663 -0.024666 -0.542548
vn 0.808663 -0.027432 -0.587632
vn 0.050318 0.906084 0.420094
vn 0.074308 0.889305 0.451238
vn 0.670251 -0.035532 0.741284
vn 0.684102 -0.023058 0.729022
vn 0.633691 -0.067036 0.770676
vn 0.633691 -0.067036 0.770676
vn -0.168232 0.819466 0.547881
vn -0.198018 0.799251 0.567439
vn -0.245534 0.763679 0.597083
vn -0.245534 0.763679 0.597083
vn -0.741686 -0.028279 -0.670151
vn -0.730331 -0.024982 -0.682636
vn -0.699636 -0.016330 -0.714313
vn -0.699636 -0.016330 -0.714313
vn 0.079971 -0.915972 -0.393193
vn 0.076449 -0.916416 -0.392857
vn 0.084341 -0.915404 -0.393602
vn 0.084341 -0.915404 -0.393602
vn -0.670251 -0.035532 0.741284
vn -0.684102 -0.023057 0.729022
vn 0.168232 0.819466 0.547881
vn 0.198017 0.799251 0.567439
vn 0.741685 -0.028279 -0.670151
vn 0.730331 -0.024982 -0.682636
vn -0.079971 -0.915972 -0.393193
vn -0.076449 -0.916416 -0.392858
vn 0.823966 0.042111 0.565073
vn 0.823966 0.042111 0.565073
vn 0.784784 0.027131 0.619175
vn 0.772660 0.022736 0.634413
vn -0.074308 0.889305 0.451238
vn -0.050318 0.906084 0.420095
vn -0.879806 -0.020560 -0.474889
vn -0.879806 -0.020560 -0.474889
vn -0.808663 -0.027433 -0.587632
vn -0.839663 -0.024666 -0.542548
vn 0.034106 -0.957164 -0.287530
vn 0.050114 -0.942474 -0.330503
vn -0.633691 -0.067036 0.770676
vn -0.633691 -0.067036 0.770676
vn 0.245534 0.763679 0.597082
vn 0.245534 0.763679 0.597082
vn 0.699636 -0.016330 -0.714313
vn 0.699636 -0.016330 -0.714313
vn -0.084341 -0.915404 -0.393602
vn -0.084341 -0.915404 -0.393602
vn 0.066793 0.971623 0.226909
vn 0.066793 0.971623 0.226909
vn -0.105891 0.982783 0.151409
vn 0.105817 0.982096 -0.155852
vn -0.042968 0.967301 -0.249964
vn -0.042968 0.967301 -0.249964
vn 0.153659 -0.988050 -0.012128
vn -0.122072 -0.992519 0.002028
vn -0.122072 -0.992519 0.002028
vn 0.099678 -0.994885 -0.016377
vn 0.099678 -0.994885 -0.016377
vn -0.153648 -0.987986 0.016636
vn 0.986979 0.000000 0.160848
vn 0.986979 0.000000 0.160848
vn 0.986979 0.000000 0.160848
vn 0.986979 0.000000 0.160848
vn -0.959519 0.000000 0.281646
vn -0.959519 0.000000 0.281646
vn -0.959519 0.000000 0.281646
vn -0.959519 0.000000 0.281646
vn 0.959519 0.000000 0.281646
vn 0.959519 0.000000 0.281646
vn 0.959519 0.000000 0.281646
vn 0.959519 0.000000 0.281646
vn -0.986516 0.000000 -0.163667
vn -0.986516 0.000000 -0.163667
vn -0.986516 0.000000 -0.163667
vn -0.986516 0.000000 -0.163667
vn 0.959319 0.000002 -0.282325
vn 0.959319 0.000002 -0.282325
vn 0.959319 0.000002 -0.282325
vn 0.959319 0.000002 -0.282325
vn 0.986516 0.000000 -0.163667
vn 0.986516 0.000000 -0.163667
vn 0.986516 0.000000 -0.163667
vn 0.986516 0.000000 -0.163667
vn -0.986979 0.000003 0.160848
vn -0.986979 0.000003 0.160848
vn -0.986979 0.000003 0.160848
vn -0.986979 0.000003 0.160848
vn -0.959319 0.000003 -0.282325
vn -0.959319 0.000003 -0.282325
vn -0.959319 0.000003 -0.282325
vn -0.959319 0.000003 -0.282325
vn -0.967964 -0.000030 0.251089
vn -0.967964 -0.000030 0.251089
vn -0.967964 -0.000030 0.251089
vn -0.967964 -0.000030 0.251089
vn -0.958169 0.000000 -0.286202
vn -0.958169 0.000000 -0.286202
vn -0.958169 0.000000 -0.286202
vn -0.958169 0.000000 -0.286202
vn -0.967965 -0.000032 0.251084
vn -0.967965 -0.000032 0.251084
vn -0.967965 -0.000032 0.251084
vn -0.967965 -0.000032 0.251084
vn -0.958169 0.000000 -0.286202
vn -0.958169 0.000000 -0.286202
vn -0.958169 0.000000 -0.286202
vn -0.958169 0.000000 -0.286202
vn 0.958169 0.000000 -0.286202
vn 0.958169 0.000000 -0.286202
vn 0.958169 0.000000 -0.286202
vn 0.958169 0.000000 -0.286202
vn 0.967965 -0.000026 0.251085
vn 0.967965 -0.000026 0.251085
vn 0.967965 -0.000026 0.251085
vn 0.967965 -0.000026 0.251085
vn 0.958169 0.000000 -0.286202
vn 0.958169 0.000000 -0.286202
vn 0.958169 0.000000 -0.286202
vn 0.958169 0.000000 -0.286202
vn 0.967965 0.000020 0.251084
vn 0.967965 0.000020 0.251084
vn 0.967965 0.000020 0.251084
vn 0.967965 0.000020 0.251084
vn 0.989166 0.000000 -0.146799
vn 0.989166 0.000000 -0.146799
vn 0.989166 0.000000 -0.146799
vn 0.989166 0.000000 -0.146799
vn 0.989665 0.000017 0.143399
vn 0.989665 0.000017 0.143399
vn 0.989665 0.000017 0.143399
vn 0.989665 0.000017 0.143399
vn 0.989166 0.000000 -0.146800
vn 0.989166 0.000000 -0.146800
vn 0.989166 0.000000 -0.146800
vn 0.989166 0.000000 -0.146800
vn 0.989665 -0.000034 0.143400
vn 0.989665 -0.000034 0.143400
vn 0.989665 -0.000034 0.143400
vn 0.989665 -0.000034 0.143400
vn -0.989166 0.000000 -0.146799
vn -0.989166 0.000000 -0.146799
vn -0.989166 0.000000 -0.146799
vn -0.989166 0.000000 -0.146799
vn -0.989665 0.000023 0.143400
vn -0.989665 0.000023 0.143400
vn -0.989665 0.000023 0.143400
vn -0.989665 0.000023 0.143400
vn -0.989166 0.000000 -0.146799
vn -0.989166 0.000000 -0.146799
vn -0.989166 0.000000 -0.146799
vn -0.989166 0.000000 -0.146799
vn -0.989665 0.000017 0.143398
vn -0.989665 0.000017 0.143398
vn -0.989665 0.000017 0.143398
vn -0.989665 0.000017 0.143398
vn -0.980813 -0.000002 0.194950
vn -0.980813 -0.000002 0.194950
vn -0.980813 -0.000002 0.194950
vn -0.980813 -0.000002 0.194950
vn -0.989458 0.000000 -0.144822
vn -0.989458 0.000000 -0.144822
vn -0.989458 0.000000 -0.144822
vn -0.989458 0.000000 -0.144822
vn -0.980813 0.000002 0.194951
vn -0.980813 0.000002 0.194951
vn -0.980813 0.000002 0.194951
vn -0.980813 0.000002 0.194951
vn -0.989459 0.000012 -0.144814
vn -0.989459 0.000012 -0.144814
vn -0.989459 0.000012 -0.144814
vn -0.989459 0.000012 -0.144814
vn 0.980813 0.000002 0.194951
vn 0.980813 0.000002 0.194951
vn 0.980813 0.000002 0.194951
vn 0.980813 0.000002 0.194951
vn 0.989458 -0.000016 -0.144821
vn 0.989458 -0.000016 -0.144821
vn 0.989458 -0.000016 -0.144821
vn 0.989458 -0.000016 -0.144821
vn 0.980813 0.000000 0.194950
vn 0.980813 0.000000 0.194950
vn 0.980813 0.000000 0.194950
vn 0.980813 0.000000 0.194950
vn 0.989459 0.000050 -0.144815
vn 0.989459 0.000050 -0.144815
vn 0.989459 0.000050 -0.144815
vn 0.989459 0.000050 -0.144815
vn 0.967870 0.000003 -0.251451
vn 0.967870 0.000003 -0.251451
vn 0.967870 0.000003 -0.251451
vn 0.967870 0.000003 -0.251451
vn 0.953631 0.000000 0.300977
vn 0.953631 0.000000 0.300977
vn 0.953631 0.000000 0.300977
vn 0.953631 0.000000 0.300977
vn 0.967872 -0.000015 -0.251442
vn 0.967872 -0.000015 -0.251442
vn 0.967872 -0.000015 -0.251442
vn 0.967872 -0.000015 -0.251442
vn 0.953642 0.000000 0.300945
vn 0.953642 0.000000 0.300945
vn 0.953642 0.000000 0.300945
vn 0.953642 0.000000 0.300945
vn -0.953642 0.000002 0.300945
vn -0.953642 0.000002 0.300945
vn -0.953642 0.000002 0.300945
vn -0.953642 0.000002 0.300945
vn -0.967872 -0.000023 -0.251445
vn -0.967872 -0.000023 -0.251445
vn -0.967872 -0.000023 -0.251445
vn -0.967872 -0.000023 -0.251445
vn -0.953632 0.000000 0.300976
vn -0.953632 0.000000 0.300976
vn -0.953632 0.000000 0.300976
vn -0.953632 0.000000 0.300976
vn -0.967870 -0.000032 -0.251449
vn -0.967871 -0.000032 -0.251449
vn -0.967870 -0.000032 -0.251449
vn -0.967870 -0.000032 -0.251449
vn 0.027134 0.000000 -0.999632
vn 0.027134 0.000000 -0.999632
vn 0.027134 0.000000 -0.999632
vn 0.027134 0.000000 -0.999632
vn 0.017795 0.989757 0.141647
vn 0.017795 0.989757 0.141647
vn 0.017795 0.989757 0.141647
vn 0.017795 0.989757 0.141647
vn 0.026896 0.000000 0.999638
vn 0.026896 0.000000 0.999638
vn 0.026896 0.000000 0.999638
vn 0.026896 0.000000 0.999638
vn 0.056524 -0.998136 -0.023034
vn 0.056524 -0.998136 -0.023034
vn 0.056524 -0.998136 -0.023034
vn 0.056524 -0.998136 -0.023034
vn -0.055113 -0.996853 -0.056984
vn -0.055113 -0.996853 -0.056984
vn -0.055118 -0.996852 -0.056985
vn -0.055118 -0.996852 -0.056985
vn -0.008403 -0.000000 0.999965
vn -0.008403 -0.000000 0.999965
vn -0.008403 -0.000000 0.999965
vn -0.008403 -0.000000 0.999965
vn 0.033430 0.977438 0.208560
vn 0.033431 0.977438 0.208560
vn 0.033438 0.977438 0.208560
vn 0.033438 0.977438 0.208560
vn -0.008444 0.000000 -0.999964
vn -0.008444 0.000000 -0.999964
vn -0.008445 0.000000 -0.999964
vn -0.008445 0.000000 -0.999964
vn 0.008444 0.000000 -0.999964
vn 0.008444 0.000000 -0.999964
vn 0.008444 0.000000 -0.999964
vn 0.008444 0.000000 -0.999964
vn -0.033429 0.977438 0.208560
vn -0.033429 0.977438 0.208560
vn -0.033430 0.977438 0.208560
vn -0.033431 0.977438 0.208559
vn 0.008402 -0.000000 0.999965
vn 0.008402 -0.000000 0.999965
vn 0.008402 -0.000000 0.999965
vn 0.008402 -0.000000 0.999965
vn 0.055112 -0.996853 -0.056981
vn 0.055112 -0.996853 -0.056981
vn 0.055112 -0.996853 -0.056981
vn 0.055112 -0.996853 -0.056981
vn -0.038587 -0.000000 0.999255
vn -0.038587 -0.000000 0.999255
vn -0.038587 -0.000000 0.999255
vn -0.038587 -0.000000 0.999255
vn -0.002222 0.989622 -0.143680
vn -0.002221 0.989622 -0.143680
vn -0.002224 0.989622 -0.143679
vn -0.002224 0.989622 -0.143679
vn -0.038100 -0.000001 -0.999274
vn -0.038100 -0.000001 -0.999274
vn -0.038100 -0.000001 -0.999274
vn -0.038100 -0.000001 -0.999274
vn -0.103113 -0.994477 0.019557
vn -0.103113 -0.994477 0.019557
vn -0.103113 -0.994477 0.019554
vn -0.103113 -0.994477 0.019554
vn 0.136281 -0.989977 0.037065
vn 0.136281 -0.989977 0.037065
vn 0.136281 -0.989977 0.037065
vn 0.136282 -0.989977 0.037065
vn 0.045372 0.000000 -0.998970
vn 0.045372 0.000000 -0.998970
vn 0.045372 0.000000 -0.998970
vn 0.045372 0.000000 -0.998970
vn -0.021915 0.976115 -0.216148
vn -0.021915 0.976115 -0.216148
vn -0.021915 0.976115 -0.216147
vn -0.021915 0.976115 -0.216148
vn 0.046615 0.000000 0.998913
vn 0.046615 0.000000 0.998913
vn 0.046615 0.000000 0.998913
vn 0.046615 0.000000 0.998913
vn 0.038100 -0.000001 -0.999274
vn 0.038100 -0.000001 -0.999274
vn 0.038100 -0.000001 -0.999274
vn 0.038100 -0.000001 -0.999274
vn 0.002221 0.989622 -0.143681
vn 0.002221 0.989622 -0.143681
vn 0.002222 0.989622 -0.143681
vn 0.002221 0.989622 -0.143681
vn 0.038587 0.000000 0.999255
vn 0.038587 0.000000 0.999255
vn 0.038587 0.000000 0.999255
vn 0.038587 0.000000 0.999255
vn 0.103112 -0.994477 0.019557
vn 0.103112 -0.994477 0.019557
vn 0.103112 -0.994478 0.019557
vn 0.103112 -0.994478 0.019557
vn -0.026896 0.000000 0.999638
vn -0.026896 0.000000 0.999638
vn -0.026896 0.000000 0.999638
vn -0.026896 0.000000 0.999638
vn -0.017795 0.989757 0.141647
vn -0.017795 0.989757 0.141647
vn -0.017793 0.989757 0.141649
vn -0.017793 0.989757 0.141649
vn -0.027134 -0.000000 -0.999632
vn -0.027134 -0.000000 -0.999632
vn -0.027134 -0.000000 -0.999632
vn -0.027134 -0.000000 -0.999632
vn -0.056524 -0.998136 -0.023033
vn -0.056524 -0.998136 -0.023033
vn -0.056520 -0.998136 -0.023036
vn -0.056520 -0.998136 -0.023036
vn -0.046615 0.000000 0.998913
vn -0.046615 0.000000 0.998913
vn -0.046613 0.000000 0.998913
vn -0.046613 0.000000 0.998913
vn 0.021916 0.976116 -0.216144
vn 0.021916 0.976116 -0.216144
vn 0.021916 0.976116 -0.216143
vn 0.021916 0.976116 -0.216143
vn -0.045372 0.000000 -0.998970
vn -0.045372 0.000000 -0.998970
vn -0.045371 0.000000 -0.998970
vn -0.045371 0.000000 -0.998970
vn -0.136281 -0.989977 0.037065
vn -0.136281 -0.989977 0.037065
vn -0.136286 -0.989976 0.037063
vn -0.136286 -0.989976 0.037063
vn 0.028734 0.000000 -0.999587
vn 0.028734 0.000000 -0.999587
vn 0.028734 0.000000 -0.999587
vn 0.028734 0.000000 -0.999587
vn 0.054166 0.987611 0.147278
vn 0.054166 0.987611 0.147278
vn 0.054160 0.987611 0.147277
vn 0.054160 0.987611 0.147276
vn 0.028467 0.000000 0.999595
vn 0.028467 0.000000 0.999595
vn 0.028467 0.000000 0.999595
vn 0.028467 0.000000 0.999595
vn 0.024137 -0.999307 -0.028352
vn 0.024137 -0.999307 -0.028352
vn 0.024135 -0.999307 -0.028349
vn 0.024135 -0.999307 -0.028349
vn 0.007380 -0.997130 -0.075350
vn 0.007380 -0.997130 -0.075350
vn 0.007379 -0.997130 -0.075350
vn 0.007379 -0.997130 -0.075350
vn -0.024221 -0.000000 0.999707
vn -0.024221 -0.000000 0.999707
vn -0.024221 -0.000000 0.999707
vn -0.024221 -0.000000 0.999707
vn -0.066385 0.969464 0.236079
vn -0.066384 0.969464 0.236079
vn -0.066384 0.969464 0.236078
vn -0.066384 0.969464 0.236078
vn -0.024570 0.000000 -0.999698
vn -0.024570 0.000000 -0.999698
vn -0.024570 0.000000 -0.999698
vn -0.024570 0.000000 -0.999698
vn 0.024569 0.000000 -0.999698
vn 0.024569 0.000000 -0.999698
vn 0.024570 0.000000 -0.999698
vn 0.024570 0.000000 -0.999698
vn 0.066387 0.969462 0.236086
vn 0.066387 0.969462 0.236086
vn 0.066385 0.969464 0.236078
vn 0.066384 0.969464 0.236078
vn 0.024221 -0.000000 0.999707
vn 0.024221 -0.000000 0.999707
vn 0.024221 -0.000000 0.999707
vn 0.024221 -0.000000 0.999707
vn -0.007385 -0.997130 -0.075344
vn -0.007385 -0.997130 -0.075344
vn -0.007380 -0.997130 -0.075345
vn -0.007380 -0.997130 -0.075345
vn -0.032388 -0.000000 0.999475
vn -0.032388 -0.000000 0.999475
vn -0.032388 -0.000000 0.999475
vn -0.032388 -0.000000 0.999475
vn -0.080973 0.984434 -0.155992
vn -0.080973 0.984434 -0.155992
vn -0.080974 0.984434 -0.155993
vn -0.080974 0.984434 -0.155993
vn -0.032044 -0.000001 -0.999487
vn -0.032044 -0.000001 -0.999487
vn -0.032044 -0.000001 -0.999487
vn -0.032044 -0.000001 -0.999487
vn -0.006725 -0.999339 0.035729
vn -0.006726 -0.999339 0.035729
vn -0.006727 -0.999339 0.035729
vn -0.006727 -0.999339 0.035729
vn 0.055836 -0.996559 0.061252
vn 0.055836 -0.996559 0.061252
vn 0.055836 -0.996559 0.061251
vn 0.055836 -0.996560 0.061250
vn 0.033022 0.000000 -0.999455
vn 0.033022 0.000000 -0.999455
vn 0.033022 0.000000 -0.999455
vn 0.033022 0.000000 -0.999455
vn 0.026723 0.972889 -0.229722
vn 0.026723 0.972889 -0.229722
vn 0.026729 0.972888 -0.229728
vn 0.026729 0.972888 -0.229728
vn 0.033677 0.000000 0.999433
vn 0.033677 0.000000 0.999433
vn 0.033677 0.000001 0.999433
vn 0.033677 0.000001 0.999433
vn 0.032044 -0.000001 -0.999487
vn 0.032044 -0.000001 -0.999487
vn 0.032044 -0.000001 -0.999487
vn 0.032044 -0.000001 -0.999487
vn 0.080971 0.984433 -0.155995
vn 0.080971 0.984433 -0.155995
vn 0.080973 0.984434 -0.155991
vn 0.080973 0.984434 -0.155992
vn 0.032389 0.000000 0.999475
vn 0.032389 0.000000 0.999475
vn 0.032388 0.000000 0.999475
vn 0.032388 0.000000 0.999475
vn 0.006717 -0.999339 0.035728
vn 0.006717 -0.999339 0.035728
vn 0.006725 -0.999339 0.035729
vn 0.006726 -0.999339 0.035729
vn -0.028467 0.000000 0.999595
vn -0.028467 0.000000 0.999595
vn -0.028467 0.000000 0.999595
vn -0.028467 0.000000 0.999595
vn -0.054160 0.987611 0.147277
vn -0.054160 0.987611 0.147277
vn -0.054159 0.987612 0.147276
vn -0.054159 0.987612 0.147276
vn -0.028734 -0.000000 -0.999587
vn -0.028734 -0.000000 -0.999587
vn -0.028734 -0.000000 -0.999587
vn -0.028734 -0.000000 -0.999587
vn -0.024135 -0.999307 -0.028349
vn -0.024135 -0.999307 -0.028349
vn -0.024134 -0.999307 -0.028349
vn -0.024134 -0.999307 -0.028349
vn -0.033677 0.000001 0.999433
vn -0.033677 0.000001 0.999433
vn -0.033677 0.000001 0.999433
vn -0.033677 0.000001 0.999433
vn -0.026729 0.972888 -0.229728
vn -0.026729 0.972888 -0.229728
vn -0.026730 0.972888 -0.229729
vn -0.026730 0.972888 -0.229729
vn -0.033022 0.000000 -0.999455
vn -0.033022 0.000000 -0.999455
vn -0.033022 0.000000 -0.999455
vn -0.033022 0.000000 -0.999455
vn -0.055836 -0.996559 0.061251
vn -0.055836 -0.996559 0.061251
vn -0.055836 -0.996560 0.061250
vn -0.055836 -0.996560 0.061250
vn 0.008446 0.000000 -0.999964
vn 0.008446 0.000000 -0.999964
vn 0.055111 -0.996853 -0.056979
vn 0.055111 -0.996853 -0.056979
vn 0.008403 -0.000000 0.999965
vn 0.008403 -0.000000 0.999965
vn -0.033438 0.977438 0.208558
vn -0.033438 0.977438 0.208558
vn -0.008444 0.000000 -0.999964
vn -0.008444 0.000000 -0.999964
vn -0.055112 -0.996853 -0.056984
vn -0.055112 -0.996853 -0.056984
vn -0.008402 -0.000000 0.999965
vn -0.008402 -0.000000 0.999965
vn 0.033430 0.977438 0.208560
vn 0.033430 0.977438 0.208560
vn 0.024570 0.000000 -0.999698
vn 0.024570 0.000000 -0.999698
vn -0.007379 -0.997130 -0.075345
vn -0.007379 -0.997130 -0.075345
vn 0.024221 -0.000000 0.999707
vn 0.024221 -0.000000 0.999707
vn 0.066384 0.969464 0.236077
vn 0.066384 0.969464 0.236077
vn -0.024569 0.000000 -0.999698
vn -0.024569 0.000000 -0.999698
vn 0.007385 -0.997130 -0.075348
vn 0.007385 -0.997130 -0.075348
vn -0.024221 -0.000000 0.999707
vn -0.024221 -0.000000 0.999707
vn -0.066387 0.969462 0.236085
vn -0.066387 0.969462 0.236085
vn 0.056525 -0.998136 -0.023034
vn 0.056525 -0.998136 -0.023034
vn 0.026896 0.000000 0.999638
vn 0.026896 0.000000 0.999638
vn 0.017793 0.989757 0.141649
vn 0.017793 0.989757 0.141649
vn 0.027134 0.000000 -0.999632
vn 0.027134 0.000000 -0.999632
vn -0.056525 -0.998136 -0.023033
vn -0.056525 -0.998136 -0.023033
vn -0.026896 0.000000 0.999638
vn -0.026896 0.000000 0.999638
vn -0.017795 0.989757 0.141647
vn -0.017795 0.989757 0.141647
vn -0.027134 -0.000000 -0.999632
vn -0.027134 -0.000000 -0.999632
vn 0.024134 -0.999307 -0.028349
vn 0.024134 -0.999307 -0.028349
vn 0.028467 0.000000 0.999595
vn 0.028467 0.000000 0.999595
vn 0.054159 0.987612 0.147276
vn 0.054159 0.987611 0.147276
vn 0.028734 0.000000 -0.999587
vn 0.028734 0.000000 -0.999587
vn -0.024137 -0.999307 -0.028352
vn -0.024137 -0.999306 -0.028352
vn -0.028467 0.000000 0.999595
vn -0.028467 0.000000 0.999595
vn -0.054167 0.987611 0.147279
vn -0.054167 0.987611 0.147279
vn -0.028734 -0.000000 -0.999587
vn -0.028734 -0.000000 -0.999587
vn 0.038099 -0.000001 -0.999274
vn 0.038099 -0.000001 -0.999274
vn 0.103113 -0.994477 0.019554
vn 0.103113 -0.994477 0.019554
vn 0.038587 0.000000 0.999255
vn 0.038587 0.000000 0.999255
vn 0.002224 0.989622 -0.143680
vn 0.002224 0.989622 -0.143680
vn -0.038100 -0.000001 -0.999274
vn -0.038100 -0.000001 -0.999274
vn -0.103112 -0.994478 0.019557
vn -0.103112 -0.994477 0.019557
vn -0.038587 -0.000000 0.999255
vn -0.038587 -0.000000 0.999255
vn -0.002221 0.989622 -0.143680
vn -0.002221 0.989622 -0.143680
vn 0.032044 -0.000001 -0.999487
vn 0.032044 -0.000001 -0.999487
vn 0.006727 -0.999339 0.035729
vn 0.006727 -0.999339 0.035729
vn 0.032388 0.000000 0.999475
vn 0.032388 0.000000 0.999475
vn 0.080974 0.984434 -0.155991
vn 0.080974 0.984434 -0.155991
vn -0.032045 -0.000001 -0.999487
vn -0.032045 -0.000001 -0.999487
vn -0.006716 -0.999339 0.035726
vn -0.006716 -0.999339 0.035726
vn -0.032388 -0.000000 0.999475
vn -0.032388 -0.000000 0.999475
vn -0.080968 0.984435 -0.155990
vn -0.080968 0.984435 -0.155990
vn 0.136288 -0.989976 0.037065
vn 0.136288 -0.989976 0.037065
vn 0.046613 0.000000 0.998913
vn 0.046613 0.000000 0.998913
vn -0.021915 0.976116 -0.216143
vn -0.021915 0.976116 -0.216143
vn 0.045372 0.000000 -0.998970
vn 0.045372 0.000000 -0.998970
vn -0.136281 -0.989977 0.037065
vn -0.136281 -0.989977 0.037065
vn -0.046615 0.000000 0.998913
vn -0.046615 0.000000 0.998913
vn 0.021916 0.976116 -0.216144
vn 0.021916 0.976116 -0.216144
vn -0.045372 0.000000 -0.998970
vn -0.045372 0.000000 -0.998970
vn 0.055836 -0.996560 0.061250
vn 0.055836 -0.996559 0.061250
vn 0.033677 0.000001 0.999433
vn 0.033677 0.000001 0.999433
vn 0.026730 0.972888 -0.229729
vn 0.026730 0.972888 -0.229729
vn 0.033023 0.000000 -0.999455
vn 0.033023 0.000000 -0.999455
vn -0.055836 -0.996559 0.061254
vn -0.055836 -0.996559 0.061254
vn -0.033677 0.000000 0.999433
vn -0.033677 0.000000 0.999433
vn -0.026723 0.972890 -0.229721
vn -0.026723 0.972890 -0.229721
vn -0.033021 0.000000 -0.999455
vn -0.033021 0.000000 -0.999455
vn 0.062662 -0.903292 -0.424426
vn 0.062663 -0.903300 -0.424408
vn 0.062821 -0.909670 -0.410553
vn 0.062821 -0.909670 -0.410553
vn 0.067041 -0.907744 0.414134
vn 0.067041 -0.907743 0.414135
vn 0.067044 -0.909714 0.409788
vn 0.067044 -0.909714 0.409788
vn 0.046845 0.018180 0.998737
vn 0.046844 0.018218 0.998736
vn 0.047153 0.001217 0.998887
vn 0.047153 0.001217 0.998887
vn 0.036010 0.901778 0.430697
vn 0.036010 0.901769 0.430716
vn 0.035854 0.912163 0.408257
vn 0.035854 0.912163 0.408257
vn 0.037007 0.900563 -0.433148
vn 0.037007 0.900574 -0.433125
vn 0.036824 0.910599 -0.411648
vn 0.036824 0.910599 -0.411648
vn 0.040350 -0.018481 -0.999015
vn 0.040350 -0.018443 -0.999015
vn 0.040056 -0.001236 -0.999197
vn 0.040056 -0.001236 -0.999197
vn -0.062636 -0.902296 -0.426542
vn -0.062636 -0.902279 -0.426579
vn -0.067040 -0.907443 0.414793
vn -0.067040 -0.907444 0.414791
vn -0.046796 0.020784 0.998688
vn -0.046797 0.020712 0.998690
vn -0.036033 0.900137 0.434113
vn -0.036033 0.900149 0.434089
vn -0.037033 0.899002 -0.436376
vn -0.037034 0.898987 -0.436406
vn -0.040393 -0.021014 -0.998963
vn -0.040394 -0.021075 -0.998962
vn 0.062481 -0.896479 -0.438659
vn 0.062481 -0.896487 -0.438642
vn 0.062636 -0.902296 -0.426543
vn 0.062636 -0.902279 -0.426580
vn 0.067035 -0.905773 0.418427
vn 0.067035 -0.905773 0.418428
vn 0.067040 -0.907443 0.414794
vn 0.067040 -0.907443 0.414792
vn 0.046532 0.034652 0.998316
vn 0.046531 0.034682 0.998315
vn 0.046796 0.020784 0.998688
vn 0.046797 0.020712 0.998690
vn 0.036146 0.890878 0.452803
vn 0.036146 0.890873 0.452813
vn 0.036033 0.900137 0.434113
vn 0.036033 0.900149 0.434089
vn 0.037171 0.890045 -0.454355
vn 0.037171 0.890051 -0.454343
vn 0.037033 0.899002 -0.436376
vn 0.037034 0.898987 -0.436406
vn 0.040623 -0.035143 -0.998556
vn 0.040623 -0.035118 -0.998557
vn 0.040393 -0.021014 -0.998963
vn 0.040394 -0.021075 -0.998962
vn -0.062454 -0.895466 -0.440727
vn -0.062454 -0.895458 -0.440743
vn -0.062481 -0.896479 -0.438658
vn -0.062482 -0.896488 -0.438641
vn -0.067034 -0.905489 0.419042
vn -0.067034 -0.905489 0.419042
vn -0.067035 -0.905774 0.418426
vn -0.067035 -0.905774 0.418427
vn -0.046486 0.037017 0.998233
vn -0.046486 0.036988 0.998234
vn -0.046532 0.034652 0.998316
vn -0.046531 0.034682 0.998315
vn -0.036164 0.889260 0.455971
vn -0.036164 0.889264 0.455962
vn -0.036146 0.890878 0.452803
vn -0.036146 0.890873 0.452812
vn -0.037194 0.888493 -0.457381
vn -0.037194 0.888487 -0.457392
vn -0.037171 0.890045 -0.454355
vn -0.037171 0.890051 -0.454343
vn -0.040660 -0.037480 -0.998470
vn -0.040661 -0.037503 -0.998469
vn -0.040623 -0.035143 -0.998556
vn -0.040623 -0.035118 -0.998557
vn 0.000000 1.000000 0.000000
vn 0.000000 1.000000 0.000000
vn 0.000000 1.000000 0.000000
vn 0.000000 1.000000 0.000000
vn 0.000000 1.000000 0.000000
vn 0.000000 1.000000 0.000000
vn 0.000000 1.000000 0.000000
vn 0.000000 1.000000 0.000000
vn 0.894896 0.034485 -0.444941
vn 0.897353 0.090397 -0.431956
vn 0.886320 -0.020623 -0.462614
vn 0.888166 -0.004608 -0.459501
vn 0.896181 0.187699 0.402031
vn 0.880777 0.075289 0.467509
vn 0.243912 0.868129 -0.432272
vn 0.243912 0.868129 -0.432272
vn 0.000026 0.216602 0.976260
vn -0.000043 0.213096 0.977031
vn 0.019155 0.996239 -0.084504
vn 0.019155 0.996239 -0.084504
vn -0.888624 0.099564 0.447700
vn -0.901959 0.235587 0.361895
vn -0.230458 0.859099 -0.456987
vn -0.230458 0.859099 -0.456987
vn -0.900883 0.128794 -0.414514
vn -0.900409 0.068208 -0.429665
vn -0.889209 0.060154 -0.453528
vn -0.887985 0.039002 -0.458215
vn -0.000005 0.038566 -0.999256
vn -0.000005 0.034640 -0.999400
vn 0.004363 0.047246 -0.998874
vn 0.004360 0.039915 -0.999194
vn -0.881850 -0.051443 -0.468716
vn -0.881776 -0.052064 -0.468787
vn -0.886320 -0.020623 -0.462614
vn -0.888166 -0.004608 -0.459501
vn -0.645393 -0.003320 0.763843
vn -0.645535 -0.003509 0.763723
vn -0.641428 0.001937 0.767181
vn -0.641428 0.001937 0.767181
vn -0.000001 0.029019 0.999579
vn -0.000001 0.028845 0.999584
vn -0.000002 0.058038 0.998314
vn -0.000002 0.058038 0.998314
vn 0.642809 -0.003500 0.766019
vn 0.642601 -0.003307 0.766194
vn 0.636900 0.001951 0.770944
vn 0.636900 0.001951 0.770944
vn 0.884440 0.005118 -0.466625
vn 0.884444 0.005309 -0.466616
vn 0.889209 0.060154 -0.453528
vn 0.887985 0.039002 -0.458215
vn 0.000005 0.038566 -0.999256
vn 0.000005 0.034640 -0.999400
vn -0.000000 0.000145 -1.000000
vn -0.000000 -0.000151 -1.000000
vn 0.428985 0.895221 -0.120626
vn 0.429822 0.902825 -0.012670
vn 0.344805 0.754991 0.557762
vn 0.996199 -0.025065 -0.083418
vn 0.996816 -0.052467 -0.060036
vn 0.996990 -0.040356 -0.066204
vn 0.996459 -0.020804 -0.081467
vn 0.001160 0.974947 0.222433
vn 0.001124 0.971162 0.238417
vn 0.000182 0.803256 0.595634
vn 0.000182 0.803256 0.595634
vn -0.418934 0.906630 -0.050171
vn -0.418029 0.896878 -0.144440
vn -0.333654 0.770250 0.543498
vn -0.997076 -0.015495 -0.074825
vn -0.994366 -0.009146 -0.105604
vn -0.995510 0.008043 -0.094310
vn -0.998123 -0.004414 -0.061078
vn -0.482478 0.869279 0.107565
vn -0.483509 0.867041 0.120246
vn -0.428985 0.895221 -0.120625
vn -0.429822 0.902825 -0.012669
vn -0.998817 -0.025172 0.041613
vn -0.998998 -0.021652 0.039179
vn -0.965356 -0.017863 0.260323
vn -0.965535 -0.022193 0.259326
vn -0.003851 0.992680 0.120711
vn -0.003894 0.991439 0.130513
vn -0.001160 0.974947 0.222434
vn -0.001124 0.971162 0.238419
vn 0.989569 -0.028813 0.141146
vn 0.999328 -0.025775 0.026045
vn 0.999230 -0.029764 0.025560
vn 0.989247 -0.034264 0.142183
vn 0.471727 0.875217 0.107096
vn 0.471857 0.874909 0.109019
vn 0.418934 0.906630 -0.050170
vn 0.418029 0.896878 -0.144440
vn 0.793683 0.400344 0.458031
vn 0.793683 0.400344 0.458031
vn 0.686441 0.604973 0.403493
vn 0.720147 0.551538 0.420944
vn 0.006337 0.452569 0.891707
vn 0.006337 0.452569 0.891707
vn 0.006147 0.658864 0.752237
vn 0.006158 0.653392 0.756995
vn -0.776166 0.461893 0.429210
vn -0.776166 0.461893 0.429210
vn -0.694431 0.598828 0.398961
vn -0.668836 0.633613 0.388836
vn -0.344804 0.754991 0.557763
vn -0.000182 0.803255 0.595635
vn -0.000182 0.803255 0.595635
vn 0.333654 0.770249 0.543499
vn -0.999328 -0.025775 0.026045
vn -0.999391 -0.017474 0.030189
vn -0.471727 0.875217 0.107096
vn -0.471857 0.874909 0.109020
vn 0.003851 0.992680 0.120710
vn 0.003894 0.991439 0.130512
vn 0.482478 0.869279 0.107565
vn 0.483509 0.867041 0.120245
vn 0.998998 -0.021652 0.039178
vn 0.999086 -0.014120 0.040343
vn 0.997076 -0.015495 -0.074825
vn 0.994366 -0.009146 -0.105604
vn 0.993921 -0.014532 -0.109135
vn 0.995928 -0.018087 -0.088316
vn 0.776166 0.461893 0.429210
vn 0.776166 0.461893 0.429210
vn 0.668836 0.633613 0.388835
vn 0.694432 0.598828 0.398960
vn -0.006337 0.452569 0.891707
vn -0.006337 0.452569 0.891707
vn -0.006158 0.653393 0.756994
vn -0.006147 0.658865 0.752236
vn -0.793683 0.400344 0.458032
vn -0.793683 0.400344 0.458032
vn -0.720147 0.551538 0.420944
vn -0.686440 0.604973 0.403494
vn -0.996742 -0.061123 -0.052622
vn -0.996816 -0.052468 -0.060036
vn -0.996990 -0.040356 -0.066204
vn -0.996973 -0.051407 -0.058327
vn -0.989569 -0.028813 0.141146
vn -0.990119 -0.017974 0.139072
vn 0.965356 -0.017863 0.260323
vn 0.964943 -0.009207 0.262300
vn 0.877110 -0.134712 -0.461011
vn 0.877169 -0.133888 -0.461138
vn 0.836069 -0.134020 0.532004
vn 0.836136 -0.132542 0.532269
vn -0.008191 -0.169704 0.985461
vn -0.008224 -0.170706 0.985288
vn -0.844178 -0.120717 0.522294
vn -0.844224 -0.119487 0.522502
vn -0.887566 -0.107389 -0.447989
vn -0.887497 -0.109066 -0.447721
vn 0.005173 -0.156434 -0.987675
vn 0.005191 -0.157326 -0.987533
vn -0.897353 0.090397 -0.431956
vn -0.894896 0.034485 -0.444941
vn -0.243913 0.868130 -0.432269
vn -0.243913 0.868130 -0.432269
vn -0.880776 0.075289 0.467509
vn -0.896181 0.187699 0.402032
vn -0.019155 0.996239 -0.084509
vn -0.019155 0.996239 -0.084509
vn 0.000043 0.213095 0.977031
vn -0.000026 0.216602 0.976260
vn 0.230458 0.859099 -0.456987
vn 0.230458 0.859099 -0.456987
vn 0.901960 0.235587 0.361895
vn 0.888624 0.099564 0.447699
vn 0.900409 0.068208 -0.429665
vn 0.900883 0.128794 -0.414514
vn -0.004360 0.039915 -0.999194
vn -0.004363 0.047246 -0.998874
vn -0.079934 0.996106 0.037204
vn -0.079934 0.996106 0.037204
vn 0.889526 0.042989 -0.454857
vn 0.890220 0.019237 -0.455124
vn -0.069215 0.997466 -0.016478
vn -0.069215 0.997466 -0.016478
vn 0.847190 0.048133 0.529105
vn 0.846480 0.060349 0.528989
vn 0.012991 0.998422 -0.054640
vn 0.012991 0.998422 -0.054640
vn -0.007529 0.047657 0.998835
vn -0.007465 0.052617 0.998587
vn 0.069174 0.997208 -0.028123
vn 0.069174 0.997208 -0.028123
vn -0.854324 0.076123 0.514135
vn -0.853988 0.080710 0.513995
vn 0.076270 0.996535 0.033167
vn 0.076270 0.996535 0.033167
vn -0.896783 0.072923 -0.436420
vn -0.895248 0.093011 -0.435753
vn 0.007371 0.065707 -0.997812
vn 0.007384 0.042328 -0.999077
vn -0.000729 0.996832 0.079532
vn -0.000729 0.996832 0.079532
vn -0.877109 -0.134712 -0.461012
vn -0.877169 -0.133887 -0.461139
vn -0.889526 0.042989 -0.454858
vn -0.890219 0.019237 -0.455126
vn -0.836069 -0.134020 0.532003
vn -0.836136 -0.132542 0.532269
vn -0.847190 0.048133 0.529105
vn -0.846480 0.060349 0.528989
vn 0.008191 -0.169704 0.985461
vn 0.008224 -0.170705 0.985288
vn 0.007529 0.047658 0.998835
vn 0.007465 0.052618 0.998587
vn 0.844178 -0.120717 0.522294
vn 0.844225 -0.119487 0.522501
vn 0.854325 0.076123 0.514134
vn 0.853989 0.080710 0.513993
vn 0.887566 -0.107389 -0.447990
vn 0.887497 -0.109066 -0.447721
vn 0.896782 0.072924 -0.436422
vn 0.895247 0.093011 -0.435754
vn -0.007371 0.065707 -0.997812
vn -0.007384 0.042328 -0.999077
vn -0.005173 -0.156434 -0.987675
vn -0.005191 -0.157326 -0.987533
vn 0.079934 0.996106 0.037202
vn 0.079934 0.996106 0.037202
vn 0.069215 0.997466 -0.016478
vn 0.069215 0.997466 -0.016478
vn -0.012991 0.998422 -0.054640
vn -0.012991 0.998422 -0.054640
vn -0.069174 0.997208 -0.028125
vn -0.069174 0.997208 -0.028125
vn -0.076270 0.996536 0.033165
vn -0.076270 0.996536 0.033165
vn 0.000729 0.996832 0.079532
vn 0.000729 0.996832 0.079532
vn 0.996742 -0.061123 -0.052622
vn 0.996973 -0.051407 -0.058327
vn 0.998817 -0.025172 0.041613
vn 0.965535 -0.022193 0.259326
vn 0.641428 0.001937 0.767181
vn 0.641428 0.001937 0.767181
vn 0.000002 0.058038 0.998314
vn 0.000002 0.058038 0.998314
vn -0.636900 0.001951 0.770944
vn -0.636900 0.001951 0.770944
vn -0.999230 -0.029764 0.025561
vn -0.989247 -0.034264 0.142183
vn -0.995928 -0.018087 -0.088316
vn -0.993921 -0.014532 -0.109135
vn -0.885219 -0.019079 -0.464784
vn -0.885219 -0.019079 -0.464784
vn -0.996199 -0.025065 -0.083418
vn -0.996459 -0.020804 -0.081466
vn -0.999086 -0.014120 0.040343
vn -0.964942 -0.009207 0.262301
vn -0.654166 -0.015119 0.756200
vn -0.654166 -0.015119 0.756200
vn 0.000000 -0.035761 0.999360
vn 0.000000 -0.035761 0.999360
vn 0.655362 -0.015259 0.755160
vn 0.655362 -0.015259 0.755161
vn 0.999391 -0.017474 0.030190
vn 0.990119 -0.017974 0.139072
vn 0.998123 -0.004414 -0.061078
vn 0.995510 0.008043 -0.094310
vn 0.884446 0.046202 -0.464351
vn 0.884446 0.046202 -0.464351
vn -0.000000 0.019689 -0.999806
vn -0.000000 0.019689 -0.999806
vn 0.000000 -1.000000 0.000000
vn 0.000000 -1.000000 0.000000
vn 0.000000 -1.000000 0.000000
vn 0.000000 -1.000000 0.000000
vn 0.000000 -1.000000 0.000000
vn 0.000000 -1.000000 0.000000
vn 0.000000 -1.000000 0.000000
vn 0.000000 -1.000000 0.000000
vn 0.000000 -1.000000 0.000000
vn 0.000000 -1.000000 0.000000
vn 0.000000 -1.000000 0.000000
vn 0.000000 -1.000000 0.000000
vn 0.000000 -1.000000 0.000000
vn 0.000000 -1.000000 0.000000
vn 0.000000 -1.000000 0.000000
vn 0.000000 -1.000000 0.000000
vn 0.000000 -1.000000 0.000000
vn 0.000000 -1.000000 0.000000
vn 0.000000 -1.000000 0.000000
vn 0.000000 -1.000000 0.000000
vn 0.000000 -1.000000 -0.000001
vn 0.000000 -1.000000 -0.000001
vn 0.000000 -1.000000 -0.000001
vn 0.000000 -1.000000 -0.000001
vn 0.000000 -1.000000 0.000000
vn 0.000000 -1.000000 0.000000
vn 0.000000 -1.000000 0.000000
vn 0.000000 -1.000000 0.000000
vn 0.000000 -1.000000 0.000000
vn 0.000000 -1.000000 0.000000
vn 0.000000 -1.000000 0.000000
vn 0.000000 -1.000000 0.000000
vn 0.000000 -1.000000 0.000000
vn 0.000000 -1.000000 0.000000
vn 0.000000 -1.000000 0.000000
vn 0.000000 -1.000000 0.000000
vn 0.000000 -1.000000 0.000000
vn 0.000000 -1.000000 0.000000
vn 0.000000 -1.000000 0.000000
vn 0.000000 -1.000000 0.000000
vn -0.040679 -0.038643 -0.998425
vn -0.040679 -0.038643 -0.998425
vn -0.037206 0.887722 -0.458874
vn -0.037206 0.887722 -0.458874
vn -0.036174 0.888467 0.457513
vn -0.036174 0.888467 0.457513
vn -0.046464 0.038141 0.998192
vn -0.046464 0.038141 0.998192
vn -0.067034 -0.905349 0.419344
vn -0.067034 -0.905349 0.419344
vn -0.062440 -0.894956 -0.441763
vn -0.062440 -0.894956 -0.441763
vn -0.733278 0.275242 -0.621728
vn -0.733278 0.275242 -0.621728
vn -0.733278 0.275242 -0.621728
vn -0.733278 0.275242 -0.621728
vn 0.733270 0.275212 -0.621750
vn 0.733270 0.275212 -0.621750
vn 0.733270 0.275212 -0.621750
vn 0.733270 0.275212 -0.621750
vn -0.798485 0.589224 -0.123436
vn -0.798485 0.589224 -0.123436
vn -0.798485 0.589224 -0.123436
vn -0.798485 0.589224 -0.123436
vn 0.798484 0.589225 -0.123437
vn 0.798484 0.589225 -0.123437
vn 0.798484 0.589225 -0.123437
vn 0.798484 0.589225 -0.123437
vn -0.943377 0.331327 -0.016186
vn -0.943377 0.331327 -0.016186
vn -0.943377 0.331327 -0.016186
vn -0.943377 0.331327 -0.016186
vn 0.943376 0.331330 -0.016185
vn 0.943376 0.331330 -0.016185
vn 0.943376 0.331330 -0.016185
vn 0.943376 0.331330 -0.016185
vn -0.183135 0.262127 0.947497
vn -0.183135 0.262127 0.947497
vn -0.183135 0.262127 0.947497
vn -0.183135 0.262127 0.947497
vn 0.183135 0.262127 0.947497
vn 0.183135 0.262127 0.947497
vn 0.183135 0.262127 0.947497
vn 0.183135 0.262127 0.947497
vn 0.999992 0.003869 0.001342
vn 0.999992 0.003869 0.001342
vn 0.999992 0.003869 0.001342
vn 0.999992 0.003869 0.001342
vn 0.999993 0.000143 0.003827
vn 0.999993 0.000143 0.003827
vn 0.999993 0.000143 0.003827
vn 0.999993 0.000143 0.003827
vn -0.999993 0.000143 0.003827
vn -0.999993 0.000143 0.003827
vn -0.999993 0.000143 0.003827
vn -0.999993 0.000143 0.003827
vn -0.999992 0.003869 0.001342
vn -0.999992 0.003869 0.001342
vn -0.999992 0.003869 0.001342
vn -0.999992 0.003869 0.001342
vn 0.999999 -0.001435 0.000709
vn 0.999999 -0.001435 0.000709
vn 0.999999 -0.001435 0.000709
vn 0.999999 -0.001435 0.000709
vn 0.999999 -0.001493 -0.000730
vn 0.999999 -0.001493 -0.000730
vn 0.999999 -0.001493 -0.000730
vn 0.999999 -0.001493 -0.000730
vn 0.999992 -0.000036 -0.004081
vn 0.999992 -0.000036 -0.004081
vn 0.999992 -0.000036 -0.004081
vn 0.999992 -0.000036 -0.004081
vn 0.999988 0.004597 -0.001968
vn 0.999987 0.004597 -0.001968
vn 0.999988 0.004597 -0.001968
vn 0.999987 0.004597 -0.001968
vn -0.999987 0.004598 -0.001968
vn -0.999988 0.004598 -0.001968
vn -0.999987 0.004598 -0.001968
vn -0.999987 0.004598 -0.001968
vn -0.999992 -0.000036 -0.004081
vn -0.999992 -0.000036 -0.004081
vn -0.999992 -0.000036 -0.004081
vn -0.999992 -0.000036 -0.004081
vn -0.999999 -0.001493 -0.000730
vn -0.999999 -0.001493 -0.000730
vn -0.999999 -0.001493 -0.000730
vn -0.999999 -0.001493 -0.000730
vn -0.999999 -0.001436 0.000709
vn -0.999999 -0.001436 0.000709
vn -0.999999 -0.001436 0.000709
vn -0.999999 -0.001436 0.000709
vn -0.890418 -0.123962 -0.437938
vn -0.890418 -0.123962 -0.437938
vn -0.890418 -0.123962 -0.437938
vn -0.890418 -0.123962 -0.437938
vn -0.890362 -0.118256 0.439627
vn -0.890362 -0.118256 0.439627
vn -0.890362 -0.118256 0.439627
vn -0.890362 -0.118256 0.439627
vn 0.098214 -0.077942 0.992108
vn 0.098214 -0.077942 0.992108
vn 0.098214 -0.077942 0.992108
vn 0.098214 -0.077942 0.992108
vn 0.890334 0.129797 0.436414
vn 0.890334 0.129797 0.436414
vn 0.890334 0.129797 0.436414
vn 0.890334 0.129797 0.436414
vn 0.906692 0.156801 -0.391564
vn 0.906692 0.156801 -0.391564
vn 0.906692 0.156801 -0.391564
vn 0.906692 0.156801 -0.391564
vn 0.024587 -0.088271 -0.995793
vn 0.024587 -0.088271 -0.995793
vn 0.024587 -0.088271 -0.995793
vn 0.024587 -0.088271 -0.995793
vn 0.081560 0.051857 -0.995319
vn 0.080955 0.049389 -0.995493
vn 0.091575 0.092992 -0.991447
vn 0.091575 0.092992 -0.991447
vn 0.888203 0.245234 -0.388531
vn 0.887958 0.245544 -0.388894
vn 0.891017 0.241637 -0.384319
vn 0.891017 0.241637 -0.384319
vn 0.886104 0.184560 0.425156
vn 0.886119 0.184128 0.425312
vn 0.885918 0.189619 0.423313
vn 0.885918 0.189619 0.423313
vn 0.094756 -0.035860 0.994855
vn 0.094807 -0.036872 0.994813
vn 0.094142 -0.023796 0.995274
vn 0.094142 -0.023796 0.995274
vn -0.902537 -0.220798 0.369696
vn -0.902497 -0.221437 0.369411
vn -0.901290 -0.238111 0.361911
vn -0.901290 -0.238111 0.361911
vn -0.907568 -0.186554 -0.376190
vn -0.905273 -0.196073 -0.376876
vn -0.916313 -0.146045 -0.372883
vn -0.916313 -0.146045 -0.372883
vn 0.011830 0.444590 -0.895656
vn 0.011830 0.444590 -0.895656
vn 0.011830 0.444590 -0.895656
vn 0.811334 0.437661 -0.387543
vn 0.811334 0.437661 -0.387543
vn 0.811334 0.437662 -0.387543
vn 0.811334 0.437661 -0.387543
vn 0.842089 0.302948 0.446217
vn 0.842089 0.302948 0.446217
vn 0.842089 0.302948 0.446217
vn 0.842089 0.302948 0.446217
vn 0.094575 -0.029456 0.995082
vn 0.094575 -0.029456 0.995082
vn 0.094574 -0.029456 0.995082
vn 0.094574 -0.029456 0.995082
vn -0.668012 -0.682574 0.296400
vn -0.668012 -0.682574 0.296400
vn -0.668012 -0.682574 0.296400
vn -0.178242 -0.944034 -0.277542
vn -0.178242 -0.944034 -0.277542
vn -0.178242 -0.944034 -0.277542
vn 0.133996 -0.978798 0.154917
vn 0.133996 -0.978798 0.154917
vn 0.133996 -0.978798 0.154917
vn 0.196403 -0.139730 0.970516
vn 0.196403 -0.139730 0.970516
vn 0.196403 -0.139730 0.970516
vn 0.196403 -0.139730 0.970516
vn 0.083938 0.408555 -0.908866
vn 0.083938 0.408555 -0.908866
vn 0.083938 0.408555 -0.908866
vn 0.083938 0.408555 -0.908866
vn -0.057507 -0.028773 -0.997930
vn -0.057507 -0.028773 -0.997930
vn -0.077291 0.057981 -0.995321
vn -0.077205 0.057596 -0.995350
vn -0.884216 0.244446 -0.398006
vn -0.884216 0.244446 -0.398006
vn -0.871649 0.283777 -0.399623
vn -0.872087 0.282489 -0.399581
vn -0.883531 0.188303 0.428853
vn -0.883531 0.188303 0.428853
vn -0.883412 0.193049 0.426984
vn -0.883418 0.192838 0.427067
vn -0.095251 -0.059122 0.993696
vn -0.095251 -0.059122 0.993696
vn -0.094460 -0.035104 0.994910
vn -0.094501 -0.036310 0.994862
vn 0.904099 -0.180927 0.387130
vn 0.904099 -0.180927 0.387130
vn 0.902561 -0.220771 0.369655
vn 0.902522 -0.221400 0.369371
vn 0.872356 -0.304200 -0.382698
vn 0.872356 -0.304199 -0.382698
vn 0.907947 -0.182932 -0.377052
vn 0.905713 -0.192416 -0.377704
vn -0.023443 0.413044 -0.910409
vn -0.023443 0.413044 -0.910409
vn -0.023443 0.413044 -0.910409
vn -0.819642 0.406249 -0.403916
vn -0.819642 0.406249 -0.403916
vn -0.819642 0.406249 -0.403916
vn -0.819642 0.406249 -0.403916
vn -0.841563 0.303348 0.446937
vn -0.841563 0.303348 0.446937
vn -0.841563 0.303348 0.446937
vn -0.841563 0.303348 0.446937
vn -0.094569 -0.029453 0.995082
vn -0.094569 -0.029453 0.995083
vn -0.094569 -0.029453 0.995082
vn -0.094569 -0.029453 0.995083
vn 0.668014 -0.682572 0.296400
vn 0.668014 -0.682572 0.296400
vn 0.668014 -0.682572 0.296400
vn 0.176037 -0.944415 -0.277654
vn 0.176037 -0.944415 -0.277654
vn 0.176037 -0.944415 -0.277654
vn -0.133996 -0.978798 0.154917
vn -0.133996 -0.978798 0.154917
vn -0.133996 -0.978798 0.154917
vn -0.196403 -0.139730 0.970516
vn -0.196403 -0.139730 0.970516
vn -0.196403 -0.139730 0.970516
vn -0.196403 -0.139730 0.970516
vn -0.064866 0.401534 -0.913544
vn -0.064866 0.401534 -0.913544
vn -0.064866 0.401534 -0.913544
vn -0.064866 0.401534 -0.913544
vn 0.719563 0.545439 -0.429798
vn 0.719563 0.545439 -0.429798
vn 0.719563 0.545439 -0.429798
vn 0.719563 0.545439 -0.429797
vn 0.833871 0.305282 0.459849
vn 0.833871 0.305282 0.459849
vn 0.833871 0.305282 0.459849
vn 0.833872 0.305282 0.459849
vn 0.218096 0.005085 0.975914
vn 0.215095 -0.001685 0.976592
vn 0.215095 -0.001685 0.976592
vn 0.231892 0.036568 0.972054
vn 0.086825 0.504709 -0.858913
vn 0.121051 0.437800 -0.890886
vn 0.150996 0.375444 -0.914463
vn -0.748502 0.522164 -0.408765
vn -0.748502 0.522164 -0.408765
vn -0.748502 0.522164 -0.408765
vn -0.748502 0.522164 -0.408765
vn -0.843114 0.287129 0.454660
vn -0.843114 0.287129 0.454660
vn -0.843114 0.287129 0.454660
vn -0.843114 0.287129 0.454660
vn -0.230007 0.018175 0.973019
vn -0.217642 0.001693 0.976027
vn -0.249808 0.044832 0.967257
vn -0.249808 0.044832 0.967257
vn -0.079856 0.430109 -0.899238
vn -0.047850 0.479686 -0.876135
vn -0.047850 0.479686 -0.876135
vn -0.052916 0.471986 -0.880017
vn 0.890412 -0.123884 -0.437972
vn 0.890412 -0.123884 -0.437972
vn 0.890412 -0.123884 -0.437972
vn 0.890412 -0.123884 -0.437973
vn 0.889941 -0.119547 0.440130
vn 0.889941 -0.119547 0.440129
vn 0.889941 -0.119547 0.440130
vn 0.889941 -0.119547 0.440129
vn -0.096932 -0.081961 0.991911
vn -0.096932 -0.081961 0.991911
vn -0.096932 -0.081961 0.991911
vn -0.096932 -0.081961 0.991911
vn -0.893809 0.117861 0.432683
vn -0.893809 0.117861 0.432683
vn -0.893809 0.117861 0.432683
vn -0.893809 0.117861 0.432683
vn -0.906962 0.154322 -0.391925
vn -0.906962 0.154322 -0.391925
vn -0.906962 0.154322 -0.391925
vn -0.906962 0.154322 -0.391925
vn -0.024763 -0.093215 -0.995338
vn -0.024763 -0.093215 -0.995338
vn -0.024763 -0.093215 -0.995338
vn -0.024763 -0.093215 -0.995338
vn 0.916543 -0.142076 -0.373849
vn 0.916543 -0.142076 -0.373849
vn 0.901364 -0.237884 0.361875
vn 0.901365 -0.237884 0.361875
vn -0.094066 -0.023687 0.995284
vn -0.094066 -0.023687 0.995284
vn -0.883349 0.195237 0.426118
vn -0.883349 0.195237 0.426118
vn -0.864569 0.303920 -0.400191
vn -0.864569 0.303920 -0.400191
vn -0.087920 0.105536 -0.990521
vn -0.087920 0.105536 -0.990521
vn -0.871533 -0.307135 -0.382227
vn -0.871533 -0.307136 -0.382227
vn -0.904169 -0.180479 0.387177
vn -0.904169 -0.180479 0.387177
vn 0.096010 -0.061384 0.993486
vn 0.096010 -0.061384 0.993486
vn 0.886415 0.173753 0.429043
vn 0.886415 0.173753 0.429043
vn 0.882798 0.251996 -0.396440
vn 0.882798 0.251996 -0.396440
vn 0.061160 -0.030401 -0.997665
vn 0.061160 -0.030401 -0.997665
vn -0.131945 -0.987871 -0.081858
vn 0.056299 -0.998350 -0.011297
vn 0.059319 -0.998222 0.005903
vn -0.069061 -0.994719 -0.075925
vn -0.101758 -0.991620 0.079593
vn -0.037668 -0.996068 0.080189
vn -0.298066 -0.953652 0.041279
vn -0.244071 -0.968176 0.055352
vn -0.351959 -0.935767 -0.021578
vn -0.351054 -0.936220 -0.015937
vn -0.283380 -0.956655 -0.067129
vn -0.265183 -0.961649 -0.070069
vn -0.056175 -0.998358 -0.011227
vn 0.131951 -0.987880 -0.081747
vn 0.069098 -0.994722 -0.075856
vn -0.059136 -0.998233 0.005888
vn 0.102057 -0.991626 0.079133
vn 0.037966 -0.996092 0.079748
vn 0.297732 -0.953757 0.041259
vn 0.243841 -0.968244 0.055179
vn 0.351932 -0.935777 -0.021563
vn 0.351029 -0.936229 -0.015924
vn 0.283191 -0.956718 -0.067031
vn 0.265207 -0.961652 -0.069932
vn 0.888003 0.160177 -0.431039
vn 0.888003 0.160177 -0.431039
vn 0.888003 0.160177 -0.431039
vn 0.888003 0.160177 -0.431039
vn 0.918597 0.026620 0.394299
vn 0.918597 0.026620 0.394299
vn 0.918597 0.026620 0.394299
vn 0.918597 0.026620 0.394299
vn 0.239797 0.058035 0.969087
vn 0.239797 0.058036 0.969087
vn 0.239797 0.058035 0.969087
vn 0.239797 0.058035 0.969087
vn 0.187916 -0.029032 -0.981756
vn 0.187916 -0.029032 -0.981756
vn 0.187916 -0.029032 -0.981756
vn 0.187916 -0.029032 -0.981756
vn -0.875292 0.010267 -0.483486
vn -0.875292 0.010267 -0.483486
vn -0.875292 0.010267 -0.483486
vn -0.875292 0.010267 -0.483486
vn -0.917863 0.011694 0.396726
vn -0.917863 0.011694 0.396726
vn -0.917863 0.011694 0.396726
vn -0.917863 0.011694 0.396726
vn -0.139451 0.001443 0.990228
vn -0.148977 0.013245 0.988752
vn -0.114145 -0.029717 0.993020
vn -0.114145 -0.029717 0.993020
vn -0.213033 0.107828 -0.971077
vn -0.213033 0.107828 -0.971077
vn -0.213033 0.107828 -0.971077
vn -0.213033 0.107828 -0.971077
vn 0.087550 -0.996147 0.005045
vn 0.085647 -0.996297 0.007591
vn 0.085647 -0.996297 0.007591
vn 0.088589 -0.996062 0.003655
vn -0.096034 0.995378 -0.000698
vn -0.070127 0.997488 0.009985
vn -0.071566 0.997392 0.009392
vn -0.096034 0.995378 -0.000698
vn 0.090398 -0.995905 0.001234
vn 0.090398 -0.995905 0.001234
vn -0.047624 0.998680 0.019239
vn -0.047624 0.998680 0.019239
vn 0.026456 -0.999179 0.030679
vn 0.026456 -0.999179 0.030679
vn 0.026456 -0.999179 0.030679
vn 0.026456 -0.999179 0.030679
vn -0.018021 0.998767 -0.046246
vn -0.018021 0.998767 -0.046246
vn 0.000005 0.998930 -0.046254
vn 0.000005 0.998930 -0.046254
vn 0.039846 -0.997429 -0.059569
vn 0.039846 -0.997429 -0.059569
vn -0.000510 -0.997310 -0.073302
vn -0.000687 -0.997305 -0.073362
vn 0.005423 0.995600 0.093547
vn -0.040581 0.996328 0.075386
vn -0.040581 0.996328 0.075386
vn 0.003976 0.995660 0.092979
vn -0.591549 -0.752417 -0.289721
vn -0.276540 -0.957912 -0.077006
vn -0.194734 -0.980544 -0.024728
vn -0.591549 -0.752417 -0.289721
vn 0.088886 0.995830 0.020527
vn 0.131199 0.991132 0.021098
vn 0.131199 0.991132 0.021098
vn 0.088898 0.995829 0.020527
vn -0.130851 -0.991282 0.015427
vn -0.130851 -0.991282 0.015427
vn 0.053381 0.998374 0.020021
vn 0.053381 0.998374 0.020021
vn -0.038198 -0.998045 0.049475
vn -0.038198 -0.998045 0.049475
vn -0.000000 -0.998774 0.049511
vn 0.000000 -0.998774 0.049511
vn 0.034184 0.999076 -0.026039
vn 0.034184 0.999076 -0.026039
vn 0.034184 0.999076 -0.026039
vn 0.034184 0.999076 -0.026039
vn -0.063178 -0.990236 -0.124266
vn -0.063178 -0.990236 -0.124266
vn -0.063178 -0.990236 -0.124266
vn -0.063178 -0.990236 -0.124266
vn 0.072358 0.989480 0.125276
vn 0.072358 0.989480 0.125276
vn 0.072358 0.989480 0.125276
vn 0.072358 0.989480 0.125276
vn -0.353767 0.060091 0.933401
vn -0.353767 0.060091 0.933401
vn -0.353767 0.060091 0.933401
vn -0.353767 0.060091 0.933401
vn -0.039387 -0.998675 0.033127
vn -0.039387 -0.998675 0.033127
vn -0.039387 -0.998675 0.033127
vn -0.039387 -0.998675 0.033127
vn 0.136868 0.002921 0.990585
vn 0.145410 0.014112 0.989271
vn 0.141867 0.025201 0.989565
vn 0.134615 0.037754 0.990179
vn 0.038198 -0.998045 0.049475
vn 0.038198 -0.998045 0.049475
vn 0.116765 0.068413 0.990800
vn 0.116765 0.068413 0.990800
vn -0.144842 0.025970 0.989114
vn -0.136512 0.040614 0.989806
vn -0.115965 0.076395 0.990311
vn -0.115965 0.076395 0.990311
vn 0.111735 0.012018 0.993665
vn 0.111735 0.012018 0.993665
vn 0.111735 0.012018 0.993665
vn 0.111735 0.012018 0.993665
vn -0.110919 0.011370 0.993764
vn -0.110919 0.011370 0.993765
vn -0.110919 0.011370 0.993765
vn -0.110919 0.011370 0.993764
vn 0.114178 -0.026638 0.993103
vn 0.114178 -0.026638 0.993103
vn -1.000000 0.000000 -0.000548
vn -1.000000 0.000000 -0.000548
vn -1.000000 0.000000 -0.000548
vn -1.000000 0.000000 -0.000548
vn -0.116040 0.000000 0.993245
vn -0.116040 0.000000 0.993245
vn -0.116040 0.000000 0.993245
vn -0.116040 0.000000 0.993245
vn 1.000000 0.000000 -0.000548
vn 1.000000 0.000000 -0.000548
vn 1.000000 0.000000 -0.000548
vn 1.000000 0.000000 -0.000548
vn 0.116040 0.000000 0.993245
vn 0.116040 0.000000 0.993245
vn 0.116040 0.000000 0.993245
vn 0.116040 0.000000 0.993245
vn 0.018032 0.998767 -0.046247
vn 0.018032 0.998767 -0.046247
vn -0.028575 0.999035 -0.033342
vn -0.028575 0.999035 -0.033342
vn -0.028575 0.999035 -0.033342
vn -0.028575 0.999035 -0.033342
vn 0.991824 0.000000 -0.127612
vn 0.991824 0.000000 -0.127612
vn 0.991824 0.000000 -0.127612
vn 0.991824 0.000000 -0.127612
vn 0.121316 0.000000 0.992614
vn 0.121316 0.000000 0.992614
vn 0.121316 0.000000 0.992614
vn 0.121316 0.000000 0.992614
vn -0.991824 0.000000 -0.127613
vn -0.991824 0.000000 -0.127613
vn -0.991824 0.000000 -0.127613
vn -0.991824 0.000000 -0.127613
vn -0.121316 0.000000 0.992614
vn -0.121316 0.000000 0.992614
vn -0.121316 0.000000 0.992614
vn -0.121316 0.000000 0.992614
vn 0.043700 0.999045 0.000000
vn 0.043700 0.999045 0.000000
vn 0.043700 0.999045 0.000000
vn 0.043700 0.999045 0.000000
vn 0.999396 -0.034743 0.000000
vn 0.999396 -0.034743 0.000000
vn 0.999396 -0.034743 0.000000
vn 0.999396 -0.034743 0.000000
vn -0.999591 0.028609 0.000000
vn -0.999591 0.028609 0.000000
vn -0.999591 0.028609 0.000000
vn -0.999591 0.028609 0.000000
vn 0.002584 -0.999997 0.000000
vn 0.002584 -0.999997 0.000000
vn 0.002584 -0.999997 0.000000
vn 0.002584 -0.999997 0.000000
vn -0.002628 -0.999997 0.000000
vn -0.002628 -0.999997 0.000000
vn -0.002628 -0.999997 0.000000
vn -0.002628 -0.999997 0.000000
vn -0.999396 -0.034742 0.000000
vn -0.999396 -0.034742 0.000000
vn -0.999396 -0.034742 0.000000
vn -0.999396 -0.034742 0.000000
vn 0.999582 0.028910 0.000000
vn 0.999582 0.028910 0.000000
vn 0.999582 0.028910 0.000000
vn 0.999582 0.028910 0.000000
vn -0.043693 0.999045 0.000000
vn -0.043693 0.999045 0.000000
vn -0.043693 0.999045 0.000000
vn -0.043693 0.999045 0.000000
vn -1.000000 0.000000 0.000000
vn -1.000000 0.000000 0.000000
vn -1.000000 0.000000 0.000000
vn -1.000000 0.000000 0.000000
vn -0.028445 -0.999595 0.000000
vn -0.028445 -0.999595 0.000000
vn -0.028445 -0.999595 0.000000
vn -0.028445 -0.999595 0.000000
vn 0.028445 -0.999595 0.000000
vn 0.028445 -0.999595 0.000000
vn 0.028445 -0.999595 0.000000
vn 0.028445 -0.999595 0.000000
vn 1.000000 0.000000 0.000000
vn 1.000000 0.000000 0.000000
vn 1.000000 0.000000 0.000000
vn 1.000000 0.000000 0.000000
vn 1.000000 0.000000 0.000000
vn 1.000000 0.000000 0.000000
vn 1.000000 0.000000 0.000000
vn 1.000000 0.000000 0.000000
vn -0.008975 0.999960 0.000000
vn -0.008975 0.999960 0.000000
vn -0.008975 0.999960 0.000000
vn -0.008975 0.999960 0.000000
vn 0.008985 0.999960 0.000000
vn 0.008985 0.999960 0.000000
vn 0.008985 0.999960 0.000000
vn 0.008985 0.999960 0.000000
vn -1.000000 0.000000 0.000000
vn -1.000000 0.000000 0.000000
vn -1.000000 0.000000 0.000000
vn -1.000000 0.000000 0.000000
vn 0.029448 0.999228 -0.026009
vn 0.029448 0.999228 -0.026009
vn 0.029448 0.999228 -0.026009
vn 0.029448 0.999228 -0.026009
vn -0.313656 0.117261 0.942269
vn -0.313656 0.117261 0.942269
vn -0.313656 0.117261 0.942269
vn -0.313656 0.117261 0.942269
vn -0.034244 -0.999022 0.027981
vn -0.034244 -0.999022 0.027981
vn -0.034244 -0.999022 0.027981
vn -0.034244 -0.999022 0.027981
vn -0.040033 0.998442 -0.038884
vn -0.040033 0.998442 -0.038884
vn -0.040033 0.998441 -0.038884
vn -0.040033 0.998442 -0.038884
vn 0.372118 0.022314 0.927917
vn 0.372118 0.022314 0.927917
vn 0.372118 0.022314 0.927917
vn 0.372118 0.022314 0.927917
vn 0.043950 -0.998567 0.030529
vn 0.043950 -0.998567 0.030529
vn 0.043950 -0.998567 0.030529
vn 0.043950 -0.998567 0.030529
vn 0.050525 0.992520 0.111134
vn 0.050525 0.992520 0.111134
vn -0.168570 0.023516 -0.985409
vn -0.168570 0.023516 -0.985409
vn -0.168570 0.023516 -0.985409
vn -0.168570 0.023516 -0.985409
vn -0.045579 -0.995034 -0.088482
vn -0.045579 -0.995034 -0.088482
vn -0.050316 0.997071 0.057600
vn -0.050316 0.997071 0.057600
vn -0.050316 0.997071 0.057600
vn -0.050316 0.997071 0.057600
vn 0.250325 -0.011495 -0.968094
vn 0.250325 -0.011495 -0.968094
vn 0.250325 -0.011495 -0.968094
vn 0.250325 -0.011495 -0.968094
vn -0.997470 0.064941 -0.028914
vn -0.997470 0.064941 -0.028914
vn -0.997470 0.064941 -0.028914
vn -0.997470 0.064941 -0.028914
vn 0.669570 -0.086688 -0.737673
vn 0.669570 -0.086688 -0.737673
vn 0.669570 -0.086688 -0.737673
vn 0.669570 -0.086688 -0.737673
vn -0.758007 0.473546 0.448530
vn -0.758007 0.473546 0.448531
vn -0.758007 0.473546 0.448531
vn -0.758007 0.473546 0.448530
vn -0.138821 -0.541397 -0.829227
vn -0.138821 -0.541397 -0.829227
vn -0.138821 -0.541397 -0.829227
vn -0.138821 -0.541397 -0.829227
vn 0.666650 -0.038996 -0.744350
vn 0.666650 -0.038996 -0.744350
vn 0.666650 -0.038996 -0.744350
vn 0.666650 -0.038996 -0.744350
vn -0.954381 -0.279313 0.105557
vn -0.954381 -0.279313 0.105557
vn -0.954381 -0.279313 0.105557
vn -0.954381 -0.279313 0.105557
vn 0.668796 0.137566 -0.730608
vn 0.668796 0.137566 -0.730608
vn 0.668796 0.137566 -0.730608
vn 0.668796 0.137566 -0.730608
vn 0.266936 -0.735277 0.622988
vn 0.266936 -0.735277 0.622988
vn 0.266936 -0.735277 0.622988
vn 0.266936 -0.735277 0.622988
vn -0.728435 -0.129014 -0.672858
vn -0.728435 -0.129014 -0.672858
vn -0.728435 -0.129014 -0.672858
vn -0.728435 -0.129014 -0.672858
vn 0.994679 0.088432 0.052857
vn 0.994679 0.088432 0.052857
vn 0.994679 0.088432 0.052857
vn 0.994679 0.088432 0.052857
vn -0.707703 -0.151965 -0.689974
vn -0.707703 -0.151965 -0.689974
vn -0.707703 -0.151965 -0.689974
vn -0.707703 -0.151965 -0.689974
vn 0.180510 -0.538585 -0.823009
vn 0.180510 -0.538585 -0.823008
vn 0.180510 -0.538585 -0.823008
vn 0.180510 -0.538585 -0.823008
vn 0.807712 0.402148 0.431136
vn 0.807712 0.402148 0.431136
vn 0.807712 0.402148 0.431136
vn 0.807712 0.402148 0.431136
vn -0.754074 0.038749 -0.655646
vn -0.754074 0.038749 -0.655646
vn -0.754074 0.038749 -0.655646
vn -0.754074 0.038749 -0.655646
vn 0.049252 -0.997972 -0.040326
vn 0.049252 -0.997972 -0.040326
vn 0.049252 -0.997972 -0.040326
vn 0.049252 -0.997972 -0.040326
vn 0.938806 0.117444 -0.323806
vn 0.938806 0.117444 -0.323806
vn 0.938806 0.117443 -0.323806
vn 0.938806 0.117443 -0.323806
vn -0.863922 -0.127824 0.487134
vn -0.863922 -0.127824 0.487134
vn -0.863922 -0.127824 0.487134
vn -0.863922 -0.127824 0.487134
vn 0.717783 0.341318 -0.606869
vn 0.717783 0.341318 -0.606869
vn 0.717783 0.341318 -0.606869
vn 0.717783 0.341318 -0.606869
vn 0.089075 -0.489347 0.867528
vn 0.089075 -0.489347 0.867528
vn 0.089075 -0.489347 0.867528
vn 0.089075 -0.489347 0.867528
vn -0.931916 -0.334369 0.140466
vn -0.931916 -0.334369 0.140466
vn -0.931916 -0.334369 0.140466
vn -0.931916 -0.334369 0.140466
vn 0.885655 -0.051628 -0.461465
vn 0.885655 -0.051628 -0.461465
vn 0.885655 -0.051628 -0.461465
vn 0.885655 -0.051628 -0.461465
vn -0.849039 -0.126484 0.512966
vn -0.849039 -0.126484 0.512966
vn -0.849039 -0.126484 0.512966
vn -0.849039 -0.126484 0.512966
vn -0.879706 -0.063163 -0.471304
vn -0.879706 -0.063163 -0.471304
vn -0.879706 -0.063163 -0.471304
vn -0.879706 -0.063163 -0.471304
vn 0.840809 -0.115906 0.528778
vn 0.840809 -0.115906 0.528778
vn 0.840809 -0.115906 0.528778
vn 0.840809 -0.115906 0.528778
vn -0.925392 -0.095111 -0.366884
vn -0.925392 -0.095111 -0.366884
vn -0.925392 -0.095111 -0.366884
vn -0.925392 -0.095111 -0.366884
vn 0.979158 0.157030 0.128803
vn 0.979158 0.157030 0.128803
vn 0.979158 0.157030 0.128803
vn 0.979158 0.157030 0.128803
vn -0.806991 0.302109 -0.507441
vn -0.806991 0.302109 -0.507441
vn -0.806991 0.302109 -0.507441
vn -0.806991 0.302109 -0.507441
vn 0.643327 -0.213127 0.735327
vn 0.643327 -0.213127 0.735327
vn 0.643327 -0.213127 0.735327
vn 0.643327 -0.213127 0.735327
vn -0.215095 -0.001685 0.976592
vn -0.215095 -0.001685 0.976592
vn 0.255622 0.092164 0.962374
vn 0.255622 0.092164 0.962374
vn -0.112394 0.377392 -0.919208
vn 0.081155 0.515363 -0.853121
vn 0.081155 0.515363 -0.853121
vn -0.257759 0.559663 -0.787615
vn -0.257759 0.559663 -0.787615
vn -0.257759 0.559663 -0.787615
vn -0.257759 0.559663 -0.787615
vn -0.087157 0.000000 -0.996195
vn -0.087157 0.000000 -0.996195
vn -0.087157 0.000000 -0.996195
vn -0.087157 0.000000 -0.996195
vn 0.087157 0.000000 -0.996195
vn 0.087157 0.000000 -0.996195
vn 0.087157 0.000000 -0.996195
vn 0.087157 0.000000 -0.996195
vn 0.299091 0.626532 -0.719723
vn 0.299091 0.626532 -0.719723
vn 0.299091 0.626532 -0.719723
vn 0.299091 0.626532 -0.719723
vn 0.233223 0.504754 0.831162
vn 0.233223 0.504754 0.831162
vn 0.233223 0.504754 0.831162
vn 0.233223 0.504754 0.831162
vn -0.232955 0.505458 0.830810
vn -0.232955 0.505458 0.830809
vn -0.232955 0.505458 0.830810
vn -0.232955 0.505458 0.830810
vn -0.023985 0.998927 -0.039619
vn -0.023985 0.998927 -0.039619
vn -0.023985 0.998927 -0.039619
vn -0.023985 0.998927 -0.039619
vn -0.020778 0.999359 0.029141
vn -0.020778 0.999359 0.029141
vn -0.020778 0.999359 0.029141
vn -0.020778 0.999359 0.029141
vn 0.026382 0.998764 -0.042129
vn 0.026382 0.998764 -0.042129
vn 0.026382 0.998764 -0.042129
vn 0.026382 0.998764 -0.042129
vn 0.021508 0.999277 0.031365
vn 0.021508 0.999277 0.031365
vn 0.021508 0.999277 0.031365
vn 0.021508 0.999277 0.031365
vn 0.012929 0.999007 0.042632
vn 0.012929 0.999007 0.042632
vn 0.012929 0.999007 0.042632
vn 0.012929 0.999007 0.042632
vn -0.010069 0.998404 0.055573
vn -0.010069 0.998404 0.055573
vn -0.010069 0.998404 0.055573
vn -0.010069 0.998404 0.055573
vn 0.017987 0.999044 -0.039835
vn 0.017987 0.999044 -0.039835
vn 0.017987 0.999044 -0.039835
vn 0.017987 0.999044 -0.039835
vn -0.017616 0.999047 -0.039928
vn -0.017616 0.999047 -0.039928
vn -0.017616 0.999047 -0.039928
vn -0.017616 0.999047 -0.039928
vn -0.030588 0.998614 0.042820
vn -0.030588 0.998614 0.042820
vn -0.030588 0.998614 0.042820
vn -0.015192 0.999537 0.026347
vn -0.015192 0.999537 0.026347
vn -0.015192 0.999537 0.026347
vn 0.015211 0.999540 0.026255
vn 0.015211 0.999540 0.026255
vn 0.015211 0.999540 0.026255
vn 0.023270 0.999154 0.033915
vn 0.023270 0.999154 0.033915
vn 0.023270 0.999154 0.033915
vn 0.020986 0.999168 -0.034980
vn 0.020986 0.999168 -0.034980
vn 0.020986 0.999168 -0.034980
vn -0.020603 0.999171 -0.035106
vn -0.020603 0.999171 -0.035106
vn -0.020603 0.999171 -0.035106
vn 0.008495 0.181294 -0.983392
vn 0.008308 0.181288 -0.983395
vn 0.001790 0.119288 -0.992858
vn 0.001795 0.119683 -0.992811
vn 0.886226 0.082419 -0.455863
vn 0.887091 0.082254 -0.454206
vn 0.877480 0.060290 -0.475809
vn 0.877374 0.058835 -0.476186
vn 0.846910 -0.024080 0.531191
vn 0.846374 -0.024130 0.532043
vn 0.860040 -0.023691 0.509676
vn 0.860237 -0.023705 0.509344
vn -0.011077 -0.059250 0.998182
vn -0.011063 -0.059250 0.998182
vn -0.003232 -0.047136 0.998883
vn -0.003294 -0.047486 0.998866
vn -0.866193 -0.058356 0.496290
vn -0.866241 -0.058355 0.496206
vn -0.873548 -0.058379 0.483225
vn -0.873546 -0.058378 0.483229
vn -0.906042 -0.000788 -0.423186
vn -0.904430 -0.000377 -0.426621
vn -0.886616 -0.011252 -0.462369
vn -0.887206 -0.009928 -0.461268
vn 0.001886 -0.082129 -0.996620
vn 0.006681 -0.109149 -0.994003
vn 0.006724 -0.109387 -0.993977
vn 0.001886 -0.082129 -0.996620
vn 0.869246 -0.052319 -0.491604
vn 0.868766 -0.075356 -0.489455
vn 0.868773 -0.075144 -0.489476
vn 0.869246 -0.052319 -0.491604
vn 0.877747 -0.058633 0.475522
vn 0.878632 -0.048921 0.474987
vn 0.878629 -0.048957 0.474989
vn 0.877747 -0.058633 0.475522
vn 0.001223 -0.055819 0.998440
vn 0.002891 -0.049187 0.998785
vn 0.002871 -0.049266 0.998782
vn 0.001223 -0.055819 0.998440
vn -0.876996 -0.054325 0.477417
vn -0.873449 -0.048924 0.484452
vn -0.873437 -0.048905 0.484476
vn -0.876996 -0.054325 0.477417
vn -0.870443 -0.066306 -0.487784
vn -0.866972 -0.078183 -0.492187
vn -0.866940 -0.078290 -0.492226
vn -0.870443 -0.066306 -0.487784
vn -0.873695 -0.038772 -0.484926
vn -0.873695 -0.038772 -0.484926
vn -0.877558 -0.058546 0.475883
vn -0.877558 -0.058546 0.475883
vn 0.000472 -0.026247 0.999655
vn 0.000472 -0.026247 0.999655
vn 0.870915 -0.024445 0.490826
vn 0.870915 -0.024445 0.490826
vn 0.872222 0.006260 -0.489071
vn 0.872222 0.006260 -0.489071
vn 0.000236 -0.003953 -0.999992
vn 0.000236 -0.003953 -0.999992
vn -0.016301 -0.061733 -0.997960
vn -0.016301 -0.061733 -0.997960
vn -0.016301 -0.061733 -0.997960
vn -0.016301 -0.061733 -0.997960
vn -0.896638 -0.065727 -0.437858
vn -0.896638 -0.065727 -0.437858
vn -0.896638 -0.065727 -0.437858
vn -0.896638 -0.065727 -0.437858
vn -0.835467 -0.060642 0.546184
vn -0.835467 -0.060642 0.546184
vn -0.835467 -0.060642 0.546184
vn -0.835467 -0.060642 0.546184
vn 0.018458 -0.060181 0.998017
vn 0.018458 -0.060181 0.998017
vn 0.018458 -0.060181 0.998017
vn 0.018458 -0.060181 0.998017
vn 0.855173 -0.040058 0.516793
vn 0.855173 -0.040058 0.516793
vn 0.855173 -0.040058 0.516793
vn 0.855173 -0.040058 0.516793
vn 0.915609 -0.027882 -0.401102
vn 0.915609 -0.027882 -0.401102
vn 0.915609 -0.027882 -0.401102
vn 0.915609 -0.027882 -0.401102
vn -0.015660 0.181538 -0.983259
vn -0.015660 0.181538 -0.983259
vn -0.008495 0.181294 -0.983392
vn -0.008308 0.181288 -0.983395
vn -0.894601 0.080785 -0.439503
vn -0.894601 0.080785 -0.439503
vn -0.886226 0.082419 -0.455862
vn -0.887091 0.082254 -0.454206
vn -0.836928 -0.024991 0.546742
vn -0.836928 -0.024991 0.546742
vn -0.846910 -0.024080 0.531191
vn -0.846374 -0.024130 0.532043
vn 0.018742 -0.059327 0.998063
vn 0.018742 -0.059327 0.998063
vn 0.011077 -0.059250 0.998182
vn 0.011063 -0.059250 0.998182
vn 0.859298 -0.058439 0.508125
vn 0.859298 -0.058439 0.508125
vn 0.866193 -0.058356 0.496290
vn 0.866241 -0.058355 0.496206
vn 0.916824 -0.003629 -0.399275
vn 0.916824 -0.003629 -0.399275
vn 0.906043 -0.000788 -0.423186
vn 0.904431 -0.000377 -0.426621
vn -0.001886 -0.082129 -0.996620
vn -0.001886 -0.082129 -0.996620
vn -0.006724 -0.109387 -0.993977
vn -0.006681 -0.109149 -0.994003
vn -0.869246 -0.052320 -0.491603
vn -0.869246 -0.052320 -0.491604
vn -0.868773 -0.075144 -0.489476
vn -0.868766 -0.075356 -0.489455
vn -0.877747 -0.058633 0.475522
vn -0.877747 -0.058633 0.475523
vn -0.878629 -0.048957 0.474989
vn -0.878632 -0.048921 0.474987
vn -0.001223 -0.055819 0.998440
vn -0.001223 -0.055819 0.998440
vn -0.002871 -0.049266 0.998782
vn -0.002891 -0.049187 0.998785
vn 0.876996 -0.054325 0.477417
vn 0.876996 -0.054325 0.477417
vn 0.873437 -0.048905 0.484475
vn 0.873449 -0.048924 0.484452
vn 0.870443 -0.066306 -0.487784
vn 0.870443 -0.066306 -0.487784
vn 0.866940 -0.078290 -0.492226
vn 0.866972 -0.078183 -0.492187
vn 0.886616 -0.011252 -0.462369
vn 0.887206 -0.009928 -0.461267
vn 0.873695 -0.038772 -0.484926
vn 0.873695 -0.038772 -0.484926
vn 0.873548 -0.058379 0.483225
vn 0.873546 -0.058378 0.483229
vn 0.877558 -0.058546 0.475883
vn 0.877558 -0.058546 0.475883
vn 0.003232 -0.047136 0.998883
vn 0.003294 -0.047487 0.998866
vn -0.000472 -0.026247 0.999655
vn -0.000472 -0.026247 0.999655
vn -0.860040 -0.023691 0.509676
vn -0.860237 -0.023705 0.509344
vn -0.870915 -0.024445 0.490826
vn -0.870915 -0.024445 0.490826
vn -0.877480 0.060290 -0.475809
vn -0.877374 0.058835 -0.476186
vn -0.872222 0.006260 -0.489071
vn -0.872222 0.006260 -0.489071
vn -0.001790 0.119288 -0.992858
vn -0.001795 0.119683 -0.992811
vn -0.000236 -0.003953 -0.999992
vn -0.000236 -0.003953 -0.999992
vn 0.866671 -0.082505 -0.492011
vn 0.866645 -0.082191 -0.492109
vn 0.871203 -0.048094 0.488561
vn 0.871130 -0.048092 0.488691
vn -0.004016 -0.048240 0.998828
vn -0.004158 -0.048240 0.998827
vn -0.878088 -0.047559 0.476130
vn -0.878026 -0.047557 0.476244
vn -0.871013 -0.079539 -0.484779
vn -0.870980 -0.079523 -0.484840
vn -0.016262 -0.118337 -0.992840
vn -0.015014 -0.117638 -0.992943
vn 0.896638 -0.065727 -0.437858
vn 0.896638 -0.065727 -0.437858
vn 0.896638 -0.065727 -0.437858
vn 0.896638 -0.065727 -0.437858
vn 0.835467 -0.060642 0.546184
vn 0.835467 -0.060642 0.546184
vn 0.835467 -0.060642 0.546184
vn 0.835467 -0.060642 0.546184
vn -0.018458 -0.060181 0.998017
vn -0.018458 -0.060181 0.998017
vn -0.018458 -0.060181 0.998017
vn -0.018458 -0.060181 0.998017
vn -0.855173 -0.040058 0.516793
vn -0.855173 -0.040058 0.516793
vn -0.855173 -0.040058 0.516793
vn -0.855173 -0.040058 0.516793
vn -0.915609 -0.027882 -0.401102
vn -0.915609 -0.027882 -0.401102
vn -0.915609 -0.027882 -0.401102
vn -0.915609 -0.027882 -0.401102
vn 0.016301 -0.061733 -0.997960
vn 0.016301 -0.061733 -0.997960
vn 0.016301 -0.061733 -0.997960
vn 0.016301 -0.061733 -0.997960
vn 0.866913 -0.085563 -0.491061
vn 0.866913 -0.085563 -0.491061
vn 0.868759 -0.048012 0.492902
vn 0.868759 -0.048012 0.492902
vn -0.005503 -0.048242 0.998821
vn -0.005503 -0.048242 0.998821
vn -0.877116 -0.047527 0.477922
vn -0.877116 -0.047527 0.477922
vn -0.874102 -0.081074 -0.478929
vn -0.874102 -0.081074 -0.478929
vn -0.027593 -0.124676 -0.991814
vn -0.027593 -0.124676 -0.991814
vn -0.866645 -0.082191 -0.492109
vn -0.866671 -0.082505 -0.492011
vn -0.871130 -0.048092 0.488692
vn -0.871203 -0.048094 0.488561
vn 0.004158 -0.048240 0.998827
vn 0.004016 -0.048240 0.998828
vn 0.878026 -0.047557 0.476244
vn 0.878088 -0.047559 0.476130
vn 0.870980 -0.079523 -0.484840
vn 0.871013 -0.079539 -0.484779
vn 0.015014 -0.117638 -0.992943
vn 0.016262 -0.118337 -0.992840
vn -0.916824 -0.003629 -0.399275
vn -0.916824 -0.003629 -0.399275
vn -0.859298 -0.058439 0.508125
vn -0.859298 -0.058439 0.508126
vn -0.018742 -0.059327 0.998063
vn -0.018742 -0.059327 0.998063
vn 0.836928 -0.024991 0.546742
vn 0.836928 -0.024991 0.546742
vn 0.894601 0.080785 -0.439503
vn 0.894601 0.080785 -0.439503
vn 0.015660 0.181538 -0.983259
vn 0.015660 0.181538 -0.983259
vn -0.866913 -0.085563 -0.491061
vn -0.866913 -0.085563 -0.491061
vn -0.868759 -0.048012 0.492902
vn -0.868760 -0.048012 0.492902
vn 0.005503 -0.048242 0.998821
vn 0.005503 -0.048242 0.998821
vn 0.877116 -0.047527 0.477922
vn 0.877116 -0.047527 0.477922
vn 0.874102 -0.081074 -0.478929
vn 0.874102 -0.081074 -0.478929
vn 0.027593 -0.124676 -0.991814
vn 0.027593 -0.124676 -0.991814
s off
g Body group4_pasted__Body
usemtl standardSurface11SG
f 794/1771/1984 793/1180/1985 785/1181/1986 792/1182/1987
f 795/1183/1988 794/1179/1989 792/1768/1990 791/1184/1991
s 1
f 796/1185/1992 795/1183/1993 791/1184/1994 790/1186/1995
s 2
f 797/1187/1996 796/1185/1997 790/1186/1998 789/1188/1999
s off
f 798/1760/2000 797/1187/2001 789/1188/2002 788/1190/2003
f 799/1191/2004 798/1189/2005 788/1757/2006 787/1192/2007
s 3
f 800/1193/2008 799/1191/2009 787/1192/2010 786/1194/2011
s 4
f 793/1180/2012 800/1193/2013 786/1194/2014 785/1181/2015
s 1
f 804/1195/2016 803/1196/2017 795/1183/1993 796/1185/1992
s 2
f 805/1197/2018 804/1195/2019 796/1185/1997 797/1187/1996
s 3
f 808/1198/2020 807/1199/2021 799/1191/2009 800/1193/2008
s 4
f 801/1200/2022 808/1198/2023 800/1193/2013 793/1180/2012
s 5
f 810/1788/2024 809/1202/2025 801/1200/2026 802/1203/2027
s 6
f 811/1204/2028 810/1201/2029 802/1784/2030 803/1196/2031
s 1
f 812/1205/2032 811/1204/2033 803/1196/2017 804/1195/2016
s 2
f 813/1206/2034 812/1205/2035 804/1195/2019 805/1197/2018
s 7
f 814/1786/2036 813/1206/2037 805/1197/2038 806/1208/2039
s 8
f 815/1209/2040 814/1207/2041 806/1783/2042 807/1199/2043
s 3
f 816/1210/2044 815/1209/2045 807/1199/2021 808/1198/2020
s 4
f 809/1202/2046 816/1210/2047 808/1198/2023 801/1200/2022
s 5
f 818/1787/2048 817/1172/2049 809/1202/2025 810/1788/2024
s 6
f 819/1177/2050 818/1178/2051 810/1201/2029 811/1204/2028
s 1
f 820/1176/2052 819/1177/2053 811/1204/2033 812/1205/2032
s 2
f 821/1175/2054 820/1176/2055 812/1205/2035 813/1206/2034
s 7
f 822/1785/2056 821/1175/2057 813/1206/2037 814/1786/2036
s 8
f 823/1173/2058 822/1174/2059 814/1207/2041 815/1209/2040
s 3
f 824/1171/2060 823/1173/2061 815/1209/2045 816/1210/2044
s 4
f 817/1172/2062 824/1171/2063 816/1210/2047 809/1202/2046
s off
f 802/1203/2064 801/1200/2065 825/1211/2066 826/1212/2067
f 801/1200/2068 793/1180/2069 827/1213/2070 825/1211/2071
f 793/1180/2072 794/1771/2073 828/1770/2074 827/1213/2075
f 803/1196/2076 802/1784/2077 826/1781/2078 829/1215/2079
f 794/1179/2080 795/1183/2081 830/1216/2082 828/1214/2083
f 795/1183/2084 803/1196/2085 829/1215/2086 830/1216/2087
s 9
f 806/1208/2088 805/1197/2089 831/1217/2090 832/1218/2091
s off
f 805/1197/2092 797/1187/2093 833/1219/2094 831/1217/2095
s 10
f 797/1187/2096 798/1760/2097 834/1759/2098 833/1219/2099
s 9
f 807/1199/2100 806/1783/2088 832/1779/2091 835/1221/2101
s 10
f 798/1189/2097 799/1191/2102 836/1222/2103 834/1220/2098
s off
f 799/1191/2104 807/1199/2105 835/1221/2106 836/1222/2107
f 826/1212/2108 825/1211/2109 837/1778/2110 838/1776/2111
f 825/1211/2112 827/1213/2113 839/1777/2114 837/1778/2115
f 827/1213/2116 828/1770/2117 840/1775/2118 839/1777/2119
f 829/1215/2120 826/1781/2121 838/1782/2122 841/1772/2123
f 828/1214/2124 830/1216/2125 842/1773/2126 840/1774/2127
f 830/1216/2128 829/1215/2129 841/1772/2130 842/1773/2131
f 832/1218/2132 831/1217/2133 843/1767/2134 844/1765/2135
f 831/1217/2136 833/1219/2137 845/1766/2138 843/1767/2139
f 833/1219/2140 834/1759/2141 846/1764/2142 845/1766/2143
f 835/1221/2144 832/1779/2145 844/1780/2146 847/1761/2147
f 834/1220/2148 836/1222/2149 848/1762/2150 846/1763/2151
f 836/1222/2152 835/1221/2153 847/1761/2154 848/1762/2155
s 11
f 849/1235/2156 1285/1236/2157 1274/1237/2158 850/1238/2159
s 12
f 1274/1237/2160 1275/1239/2161 851/1830/2162 850/1238/2163
s 13
f 1278/1241/2164 1279/1242/2165 1184/1243/2166 1185/1801/2167
s 14
f 1279/1242/2168 1280/1245/2169 1187/1246/2170 1184/1243/2171
s 15
f 1280/1245/2172 1281/1247/2173 1189/1807/2174 1187/1246/2175
s 16
f 1284/1249/2176 1285/1236/2177 849/1235/2178 852/1825/2179
s 17
f 1129/1740/2180 1130/1257/2181 864/1258/2182 865/1742/2183
s 18
f 1130/1257/2184 1131/1260/2185 866/1261/2186 864/1258/2187
s 19
f 1131/1260/2188 1132/1262/2189 867/1263/2190 866/1261/2191
s 20
f 1128/1264/2192 1129/1256/2193 865/1259/2194 868/1265/2195
s 21
f 1132/1262/2196 1133/1266/2197 869/1267/2198 867/1263/2199
s 22
f 1133/1266/2200 1128/1264/2201 868/1265/2202 869/1267/2203
s off
f 857/1752/2204 875/1269/2205 874/1754/2206
f 857/1752/2207 876/1751/2208 875/1269/2209
f 870/1750/2210 871/1756/2211 879/1697/2212 878/1691/2213
f 871/1756/2214 872/1755/2215 880/1696/2216 879/1697/2217
f 872/1755/2218 873/1753/2219 881/1860/2220 880/1696/2221
f 873/1859/2222 874/1754/2223 882/1694/2224 881/1695/2225
f 874/1754/2226 875/1269/2227 883/1693/2228 882/1694/2229
f 875/1269/2230 876/1751/2231 884/1692/2232 883/1693/2233
f 876/1751/2234 877/1749/2235 885/1858/2236 884/1692/2237
f 877/1857/2238 870/1750/2239 878/1691/2240 885/1690/2241
f 878/1275/2242 879/1705/2243 887/1704/2244 886/2089/2245
f 879/1274/2246 880/1277/2247 888/1287/2248 887/1285/2249
f 880/1277/2250 881/1279/2251 889/1288/2252 888/1287/2253
f 881/1279/2254 882/1280/2255 890/1289/2256 889/1288/2257
f 882/1280/2258 883/1281/2259 891/1290/2260 890/1289/2261
f 883/1281/2262 884/1282/2263 892/1291/2264 891/1290/2265
f 884/1282/2266 885/1284/2267 893/1292/2268 892/1291/2269
f 885/1284/2270 878/1275/2271 886/2089/2272 893/1292/2273
s 23
f 1309/1743/2274 1304/1707/2275 1146/1295/2276 1147/1744/2277
s 24
f 1308/1708/2278 1309/1706/2279 1147/1296/2280 1148/1298/2281
s 25
f 1307/1709/2282 1308/1708/2283 1148/1298/2284 1149/1300/2285
s 26
f 1306/1710/2286 1307/1709/2287 1149/1300/2288 1150/1302/2289
s 27
f 1305/1711/2290 1306/1710/2291 1150/1302/2292 1151/1304/2293
s 28
f 1304/1707/2294 1305/1711/2295 1151/1304/2296 1146/1295/2297
s off
f 859/1727/2298 858/1729/2299 894/2086/2300 895/1308/2301
f 858/2088/2302 860/1728/2303 896/2029/2304 894/1307/2305
f 860/2031/2306 861/1726/2307 897/1312/2308 896/1310/2309
f 862/2087/2310 859/1727/2311 895/1308/2312 898/1314/2313
f 861/1726/2314 863/1725/2315 899/2027/2316 897/1312/2317
f 863/2030/2318 862/1724/2319 898/2084/2320 899/1316/2321
f 865/1721/2322 864/1723/2323 900/1970/2324 901/1318/2325
f 864/1974/2326 866/1722/2327 902/1913/2328 900/1317/2329
f 866/1917/2330 867/1720/2331 903/1320/2332 902/1319/2333
f 868/1973/2334 865/1721/2335 901/1318/2336 904/1321/2337
f 867/1720/2338 869/1719/2339 905/1915/2340 903/1320/2341
f 869/1916/2342 868/1718/2343 904/1972/2344 905/1322/2345
f 895/1308/2346 894/2086/2347 906/2085/2348 907/1324/2349
f 894/1307/2350 896/2029/2351 908/2028/2352 906/1323/2353
f 896/1310/2354 897/1312/2355 909/1326/2356 908/1325/2357
s 29
f 898/1314/2358 895/1308/2359 907/1324/2360 910/2083/2361
s 30
f 897/1312/2362 899/2027/2363 911/1328/2364 909/1326/2365
s off
f 931/2023/2366 930/1330/2367 932/2078/2368 933/1332/2369
s 31
f 901/1318/2370 900/1970/2371 912/1333/2372 913/1334/2373
s off
f 934/1966/2374 935/1336/2375 936/1907/2376 937/1338/2377
s 32
f 902/1319/2378 903/1320/2379 915/1339/2380 914/1912/2381
s off
f 904/1321/2382 901/1318/2383 913/1334/2384 916/1341/2385
f 903/1320/2386 905/1915/2387 917/1914/2388 915/1339/2389
f 905/1322/2390 904/1972/2391 916/1971/2392 917/1342/2393
s 33
f 907/1324/2394 960/1343/2395 919/1344/2396
s off
f 906/1323/2397 908/2028/2398 920/2016/2399 918/1346/2400
s 34
f 908/1325/2401 909/1326/2402 956/2015/2403 920/1345/2404
s 35
f 910/2083/2405 907/1324/2406 958/1348/2407 922/1349/2408
s 36
f 909/1326/2409 954/2018/2410 921/2017/2411
s off
f 911/2026/2412 910/1327/2413 922/2076/2414 923/1352/2415
s 37
f 913/1334/2416 959/1961/2417 925/1960/2418
s off
f 912/1969/2419 914/1340/2420 926/1905/2421 924/1356/2422
s 38
f 914/1912/2423 915/1339/2424 955/1357/2425 926/1355/2426
s 39
f 916/1341/2427 913/1334/2428 961/1959/2429 928/1359/2430
s 40
f 915/1339/2431 957/1360/2432 927/1361/2433
s off
f 917/1342/2434 916/1971/2435 928/1958/2436 929/1362/2437
s 41
f 899/1316/2438 898/2084/2439 938/2082/2440 939/2025/2441
s 29
f 898/1314/2358 910/2083/2361 941/1365/2442 938/1363/2443
s 42
f 910/1327/2444 911/2026/2445 940/1366/2446 941/2081/2447
s 30
f 911/1328/2364 899/2027/2363 939/1364/2448 940/2024/2449
s 43
f 950/1965/2450 951/1908/2451 935/1336/2452 934/1966/2453
s 32
f 951/1368/2454 952/1906/2455 936/1337/2456 935/1909/2457
s 45
f 952/1369/2458 953/1963/2459 937/1338/2460 936/1907/2461
s 31
f 953/1370/2462 950/1367/2463 934/1335/2464 937/1964/2465
s 41
f 939/2025/2441 938/2082/2440 946/2079/2466 947/2022/2467
s 30
f 940/2024/2449 939/1364/2448 947/1372/2468 948/2020/2469
s 42
f 941/2081/2447 940/1366/2446 948/1373/2470 949/2077/2471
s 29
f 938/1363/2443 941/1365/2442 949/1374/2472 946/1371/2473
s 43
f 900/1317/2474 902/1913/2475 943/1911/2476 942/1968/2477
s 32
f 902/1319/2378 914/1912/2381 944/1910/2478 943/1375/2479
s 45
f 914/1340/2480 912/1969/2481 945/1967/2482 944/1377/2483
s 31
f 912/1333/2372 900/1970/2371 942/1376/2484 945/1378/2485
s 41
f 947/2022/2467 946/2079/2466 930/1330/2486 931/2023/2487
s 30
f 948/2020/2469 947/1372/2468 931/1329/2488 933/2021/2489
s 42
f 949/2077/2471 948/1373/2470 933/1332/2490 932/2078/2491
s 29
f 946/1371/2473 949/1374/2472 932/1331/2492 930/2080/2493
s 43
f 942/1968/2477 943/1911/2476 951/1908/2451 950/1965/2450
s 32
f 943/1375/2479 944/1910/2478 952/1906/2455 951/1368/2454
s 45
f 944/1377/2483 945/1967/2482 953/1963/2459 952/1369/2458
s 31
f 945/1378/2485 942/1376/2484 950/1367/2463 953/1370/2462
s 36
f 909/1326/2409 911/1328/2494 923/2019/2495 954/2018/2410
s 38
f 955/1357/2425 915/1339/2424 927/1361/2496
s 34
f 956/2015/2403 909/1326/2402 921/2017/2497
s 40
f 915/1339/2431 917/1914/2498 929/1901/2499 957/1360/2432
s 35
f 958/1348/2407 907/1324/2406 919/1344/2500
s 37
f 913/1334/2416 912/1333/2501 924/1962/2502 959/1961/2417
s 33
f 907/1324/2394 906/2085/2503 918/2073/2504 960/1343/2395
s 39
f 961/1959/2429 913/1334/2428 925/1960/2505
s off
f 1026/2051/2506 1027/1380/2507 1028/1994/2508 1029/1382/2509
f 1031/1383/2510 1030/1943/2511 1032/1385/2512 1033/1888/2513
f 1035/2059/2514 1034/1388/2515 1036/2000/2516 1037/1390/2517
f 1038/1927/2518 1039/1392/2519 1040/1872/2520 1041/1394/2521
f 1043/1395/2522 1042/2035/2523 1044/1397/2524 1045/1978/2525
f 1047/2043/2526 1046/1400/2527 1048/1984/2528 1049/1402/2529
f 1051/1935/2530 1050/1404/2531 1052/1878/2532 1053/1406/2533
f 1055/1919/2534 1054/1408/2535 1056/1862/2536 1057/1410/2537
f 959/1961/2538 924/1962/2539 962/1957/2540 963/1412/2541
f 924/1356/2542 926/1905/2543 964/1900/2544 962/1411/2545
f 926/1355/2546 955/1357/2547 965/1899/2548 964/1413/2549
f 955/1904/2550 959/1353/2551 963/1956/2552 965/1414/2553
f 958/2075/2554 954/1350/2555 966/2012/2556 967/1416/2557
f 954/2018/2558 923/2019/2559 968/2011/2560 966/1415/2561
f 923/1352/2562 922/2076/2563 969/2068/2564 968/1417/2565
f 922/1349/2566 958/1348/2567 967/2069/2568 969/1418/2569
f 919/2074/2570 921/1351/2571 971/2014/2572 970/1420/2573
f 921/2017/2574 954/2018/2575 972/2013/2576 971/1419/2577
f 954/1350/2578 958/2075/2579 973/2070/2580 972/1421/2581
f 958/1348/2582 919/1344/2583 970/2071/2584 973/1422/2585
f 959/1353/2586 955/1904/2587 974/1896/2588 975/1424/2589
f 955/1357/2590 927/1361/2591 976/1895/2592 974/1423/2593
f 927/1903/2594 925/1354/2595 977/1952/2596 976/1425/2597
f 925/1960/2598 959/1961/2599 975/1953/2600 977/1426/2601
f 925/1354/2602 927/1903/2603 979/1898/2604 978/1428/2605
f 927/1361/2606 957/1360/2607 980/1897/2608 979/1427/2609
f 957/1902/2610 961/1358/2611 981/1954/2612 980/1429/2613
f 961/1959/2614 925/1960/2615 978/1955/2616 981/1430/2617
f 960/2072/2618 956/1347/2619 982/2008/2620 983/1432/2621
f 956/2015/2622 921/2017/2623 984/2007/2624 982/1431/2625
f 921/1351/2626 919/2074/2627 985/2064/2628 984/1433/2629
f 919/1344/2630 960/1343/2631 983/2065/2632 985/1434/2633
f 960/1343/2634 918/2073/2635 986/2067/2636 987/1436/2637
f 918/1346/2638 920/2016/2639 988/2010/2640 986/1435/2641
f 920/1345/2642 956/2015/2643 989/2009/2644 988/1437/2645
f 956/1347/2646 960/2072/2647 987/2066/2648 989/1438/2649
f 961/1358/2650 957/1902/2651 990/1894/2652 991/1440/2653
f 957/1360/2654 929/1901/2655 992/1893/2656 990/1439/2657
f 929/1362/2658 928/1958/2659 993/1950/2660 992/1441/2661
f 928/1359/2662 961/1959/2663 991/1951/2664 993/1442/2665
s 47
f 970/1420/2666 971/2014/2667 1077/1443/2668 1074/1444/2669
s 48
f 971/1419/2670 972/2013/2671 1076/1445/2672 1077/1995/2673
s 49
f 972/1421/2674 973/2070/2675 1075/1446/2676 1076/1997/2677
s 50
f 973/1422/2678 970/2071/2679 1074/2054/2680 1075/2052/2681
s 51
f 1063/1447/2682 1064/1946/2683 998/1449/2684 999/1949/2685
s 52
f 1064/1448/2686 1065/1889/2687 1000/1452/2688 998/1947/2689
s 53
f 1065/1451/2690 1062/1453/2691 1001/1454/2692 1000/1890/2693
s 54
f 1062/1891/2694 1063/1948/2695 999/1450/2696 1001/1892/2697
s 55
f 967/1416/2698 966/2012/2699 1058/2005/2700 1059/2062/2701
s 56
f 966/1415/2702 968/2011/2703 1061/1457/2704 1058/1455/2705
s 57
f 968/1417/2706 969/2068/2707 1060/1458/2708 1061/2003/2709
s 58
f 969/1418/2710 967/2069/2711 1059/1456/2712 1060/2060/2713
s 59
f 1096/1459/2714 1097/1873/2715 1007/1461/2716 1006/1931/2717
s 60
f 1097/1460/2718 1094/1463/2719 1008/1464/2720 1007/1874/2721
s 61
f 1094/1875/2722 1095/1932/2723 1009/1466/2724 1008/1876/2725
s 62
f 1095/1465/2726 1096/1930/2727 1006/1462/2728 1009/1933/2729
s 63
f 987/1436/2730 986/2067/2731 1106/2038/2732 1107/2036/2733
s 64
f 986/1435/2734 988/2010/2735 1109/1469/2736 1106/1467/2737
s 65
f 988/1437/2738 989/2009/2739 1108/1470/2740 1109/1979/2741
s 66
f 989/1438/2742 987/2066/2743 1107/1468/2744 1108/1981/2745
s 67
f 983/1432/2746 982/2008/2747 1090/1989/2748 1091/2046/2749
s 68
f 982/1431/2750 984/2007/2751 1093/1473/2752 1090/1471/2753
s 69
f 984/1433/2754 985/2064/2755 1092/1474/2756 1093/1987/2757
s 70
f 985/1434/2758 983/2065/2759 1091/1472/2760 1092/2044/2761
s 71
f 1079/1475/2762 1080/1883/2763 1018/1477/2764 1019/1939/2765
s 72
f 1080/1476/2766 1081/1881/2767 1020/1480/2768 1018/1884/2769
s 73
f 1081/1479/2770 1078/1481/2771 1021/1482/2772 1020/1882/2773
s 74
f 1078/1940/2774 1079/1938/2775 1019/1478/2776 1021/1941/2777
s 75
f 1111/1483/2778 1112/1867/2779 1022/1485/2780 1023/1923/2781
s 76
f 1112/1484/2782 1113/1865/2783 1024/1488/2784 1022/1868/2785
s 77
f 1113/1487/2786 1110/1489/2787 1025/1490/2788 1024/1866/2789
s 78
f 1110/1924/2790 1111/1922/2791 1023/1486/2792 1025/1925/2793
s 79
f 994/2055/2794 995/1492/2795 1085/1493/2796 1082/1494/2797
s 80
f 995/1996/2798 996/1495/2799 1084/1496/2800 1085/1991/2801
s 81
f 996/1998/2802 997/1497/2803 1083/1498/2804 1084/1993/2805
s 82
f 997/2053/2806 994/1491/2807 1082/2050/2808 1083/2048/2809
s 83
f 1071/1499/2810 1072/1942/2811 1030/1384/2812 1031/1945/2813
s 84
f 1072/1500/2814 1073/1885/2815 1032/1385/2816 1030/1943/2817
s 85
f 1073/1501/2818 1070/1502/2819 1033/1386/2820 1032/1886/2821
s 86
f 1070/1887/2822 1071/1944/2823 1031/1383/2824 1033/1888/2825
s 87
f 1003/2063/2826 1002/1504/2827 1066/2001/2828 1067/2058/2829
s 88
f 1002/2006/2830 1004/1507/2831 1069/1508/2832 1066/1505/2833
s 89
f 1004/2004/2834 1005/1509/2835 1068/1510/2836 1069/1999/2837
s 90
f 1005/2061/2838 1003/1503/2839 1067/1506/2840 1068/2056/2841
s 91
f 1104/1511/2842 1105/1869/2843 1039/1392/2844 1038/1927/2845
s 92
f 1105/1512/2846 1102/1513/2847 1040/1393/2848 1039/1870/2849
s 93
f 1102/1871/2850 1103/1928/2851 1041/1394/2852 1040/1872/2853
s 94
f 1103/1514/2854 1104/1926/2855 1038/1391/2856 1041/1929/2857
s 95
f 1011/2037/2858 1010/1516/2859 1114/2034/2860 1115/2032/2861
s 96
f 1010/2039/2862 1012/1519/2863 1117/1520/2864 1114/1517/2865
s 97
f 1012/1980/2866 1013/1521/2867 1116/1522/2868 1117/1975/2869
s 98
f 1013/1982/2870 1011/1515/2871 1115/1518/2872 1116/1977/2873
s 99
f 1015/2047/2874 1014/1524/2875 1098/1985/2876 1099/2042/2877
s 100
f 1014/1990/2878 1016/1527/2879 1101/1528/2880 1098/1525/2881
s 101
f 1016/1988/2882 1017/1529/2883 1100/1530/2884 1101/1983/2885
s 102
f 1017/2045/2886 1015/1523/2887 1099/1526/2888 1100/2040/2889
s 103
f 1087/1531/2890 1088/1879/2891 1050/1404/2892 1051/1935/2893
s 104
f 1088/1532/2894 1089/1877/2895 1052/1405/2896 1050/1880/2897
s 105
f 1089/1533/2898 1086/1534/2899 1053/1406/2900 1052/1878/2901
s 106
f 1086/1936/2902 1087/1934/2903 1051/1403/2904 1053/1937/2905
s 107
f 1119/1535/2906 1120/1863/2907 1054/1408/2908 1055/1919/2909
s 108
f 1120/1536/2910 1121/1861/2911 1056/1409/2912 1054/1864/2913
s 109
f 1121/1537/2914 1118/1538/2915 1057/1410/2916 1056/1862/2917
s 110
f 1118/1920/2918 1119/1918/2919 1055/1407/2920 1057/1921/2921
s 55
f 1059/2062/2701 1058/2005/2700 1002/1504/2922 1003/2063/2923
s 58
f 1060/2060/2713 1059/1456/2712 1003/1503/2924 1005/2061/2925
s 57
f 1061/2003/2709 1060/1458/2708 1005/1509/2926 1004/2004/2927
s 56
f 1058/1455/2705 1061/1457/2704 1004/1507/2928 1002/2006/2929
s 54
f 965/1414/2930 963/1956/2931 1063/1948/2695 1062/1891/2694
s 51
f 963/1412/2932 962/1957/2933 1064/1946/2683 1063/1447/2682
s 52
f 962/1411/2934 964/1900/2935 1065/1889/2687 1064/1448/2686
s 53
f 964/1413/2936 965/1899/2937 1062/1453/2691 1065/1451/2690
s 87
f 1067/2058/2829 1066/2001/2828 1034/1388/2938 1035/2059/2939
s 90
f 1068/2056/2841 1067/1506/2840 1035/1387/2940 1037/2057/2941
s 89
f 1069/1999/2837 1068/1510/2836 1037/1390/2942 1036/2000/2943
s 88
f 1066/1505/2833 1069/1508/2832 1036/1389/2944 1034/2002/2945
s 86
f 1001/1892/2946 999/1450/2947 1071/1944/2823 1070/1887/2822
s 83
f 999/1949/2948 998/1449/2949 1072/1942/2811 1071/1499/2810
s 84
f 998/1947/2950 1000/1452/2951 1073/1885/2815 1072/1500/2814
s 85
f 1000/1890/2952 1001/1454/2953 1070/1502/2819 1073/1501/2818
s 50
f 1075/2052/2681 1074/2054/2680 994/1491/2954 997/2053/2955
s 49
f 1076/1997/2677 1075/1446/2676 997/1497/2956 996/1998/2957
s 48
f 1077/1995/2673 1076/1445/2672 996/1495/2958 995/1996/2959
s 47
f 1074/1444/2669 1077/1443/2668 995/1492/2960 994/2055/2961
s 74
f 977/1426/2962 975/1953/2963 1079/1938/2775 1078/1940/2774
s 71
f 975/1424/2964 974/1896/2965 1080/1883/2763 1079/1475/2762
s 72
f 974/1423/2966 976/1895/2967 1081/1881/2767 1080/1476/2766
s 73
f 976/1425/2968 977/1952/2969 1078/1481/2771 1081/1479/2770
s 82
f 1083/2048/2809 1082/2050/2808 1026/1379/2970 1029/2049/2971
s 81
f 1084/1993/2805 1083/1498/2804 1029/1382/2972 1028/1994/2973
s 80
f 1085/1991/2801 1084/1496/2800 1028/1381/2974 1027/1992/2975
s 79
f 1082/1494/2797 1085/1493/2796 1027/1380/2976 1026/2051/2977
s 106
f 1021/1941/2978 1019/1478/2979 1087/1934/2903 1086/1936/2902
s 103
f 1019/1939/2980 1018/1477/2981 1088/1879/2891 1087/1531/2890
s 104
f 1018/1884/2982 1020/1480/2983 1089/1877/2895 1088/1532/2894
s 105
f 1020/1882/2984 1021/1482/2985 1086/1534/2899 1089/1533/2898
s 67
f 1091/2046/2749 1090/1989/2748 1014/1524/2986 1015/2047/2987
s 70
f 1092/2044/2761 1091/1472/2760 1015/1523/2988 1017/2045/2989
s 69
f 1093/1987/2757 1092/1474/2756 1017/1529/2990 1016/1988/2991
s 68
f 1090/1471/2753 1093/1473/2752 1016/1527/2992 1014/1990/2993
s 61
f 980/1429/2994 981/1954/2995 1095/1932/2723 1094/1875/2722
s 62
f 981/1430/2996 978/1955/2997 1096/1930/2727 1095/1465/2726
s 59
f 978/1428/2998 979/1898/2999 1097/1873/2715 1096/1459/2714
s 60
f 979/1427/3000 980/1897/3001 1094/1463/2719 1097/1460/2718
s 99
f 1099/2042/2877 1098/1985/2876 1046/1400/3002 1047/2043/3003
s 102
f 1100/2040/2889 1099/1526/2888 1047/1399/3004 1049/2041/3005
s 101
f 1101/1983/2885 1100/1530/2884 1049/1402/3006 1048/1984/3007
s 100
f 1098/1525/2881 1101/1528/2880 1048/1401/3008 1046/1986/3009
s 93
f 1008/1876/3010 1009/1466/3011 1103/1928/2851 1102/1871/2850
s 94
f 1009/1933/3012 1006/1462/3013 1104/1926/2855 1103/1514/2854
s 91
f 1006/1931/3014 1007/1461/3015 1105/1869/2843 1104/1511/2842
s 92
f 1007/1874/3016 1008/1464/3017 1102/1513/2847 1105/1512/2846
s 63
f 1107/2036/2733 1106/2038/2732 1010/1516/3018 1011/2037/3019
s 66
f 1108/1981/2745 1107/1468/2744 1011/1515/3020 1013/1982/3021
s 65
f 1109/1979/2741 1108/1470/2740 1013/1521/3022 1012/1980/3023
s 64
f 1106/1467/2737 1109/1469/2736 1012/1519/3024 1010/2039/3025
s 78
f 993/1442/3026 991/1951/3027 1111/1922/2791 1110/1924/2790
s 75
f 991/1440/3028 990/1894/3029 1112/1867/2779 1111/1483/2778
s 76
f 990/1439/3030 992/1893/3031 1113/1865/2783 1112/1484/2782
s 77
f 992/1441/3032 993/1950/3033 1110/1489/2787 1113/1487/2786
s 95
f 1115/2032/2861 1114/2034/2860 1042/1396/3034 1043/2033/3035
s 98
f 1116/1977/2873 1115/1518/2872 1043/1395/3036 1045/1978/3037
s 97
f 1117/1975/2869 1116/1522/2868 1045/1398/3038 1044/1976/3039
s 96
f 1114/1517/2865 1117/1520/2864 1044/1397/3040 1042/2035/3041
s 110
f 1025/1925/3042 1023/1486/3043 1119/1918/2919 1118/1920/2918
s 107
f 1023/1923/3044 1022/1485/3045 1120/1863/2907 1119/1535/2906
s 108
f 1022/1868/3046 1024/1488/3047 1121/1861/2911 1120/1536/2910
s 109
f 1024/1866/3048 1025/1490/3049 1118/1538/2915 1121/1537/2914
s 23
f 1123/1746/3050 1122/1540/3051 858/1306/3052 859/1748/3053
s 24
f 1124/1541/3054 1123/1539/3055 859/1305/3056 862/1313/3057
s 25
f 1125/1542/3058 1124/1541/3059 862/1313/3060 863/1315/3061
s 26
f 1126/1543/3062 1125/1542/3063 863/1315/3064 861/1311/3065
s 27
f 1127/1544/3066 1126/1543/3067 861/1311/3068 860/1309/3069
s 28
f 1122/1540/3070 1127/1544/3071 860/1309/3072 858/1306/3073
s 20
f 1164/1545/3074 1165/1739/3075 1129/1256/2193 1128/1264/2192
s 17
f 1165/1546/3076 1166/1547/3077 1130/1257/2181 1129/1740/2180
s 18
f 1166/1547/3078 1167/1548/3079 1131/1260/2185 1130/1257/2184
s 19
f 1167/1548/3080 1168/1549/3081 1132/1262/2189 1131/1260/2188
s 21
f 1168/1549/3082 1169/1550/3083 1133/1266/2197 1132/1262/2196
s 22
f 1169/1550/3084 1164/1545/3085 1128/1264/2201 1133/1266/2200
s 23
f 1135/1747/3086 1134/1552/3087 1158/1553/3088 1159/1745/3089
s 24
f 1136/1555/3090 1135/1551/3091 1159/1554/3092 1160/1556/3093
s 25
f 1137/1557/3094 1136/1555/3095 1160/1556/3096 1161/1558/3097
s 26
f 1138/1559/3098 1137/1557/3099 1161/1558/3100 1162/1560/3101
s 27
f 1139/1561/3102 1138/1559/3103 1162/1560/3104 1163/1562/3105
s 28
f 1134/1552/3106 1139/1561/3107 1163/1562/3108 1158/1553/3109
s 20
f 1152/1563/3110 1153/1564/3111 1141/1565/3112 1140/1566/3113
s 17
f 1153/1738/3114 1154/1567/3115 1142/1568/3116 1141/1741/3117
s 18
f 1154/1567/3118 1155/1569/3119 1143/1570/3120 1142/1568/3121
s 19
f 1155/1569/3122 1156/1571/3123 1144/1572/3124 1143/1570/3125
s 21
f 1156/1571/3126 1157/1573/3127 1145/1574/3128 1144/1572/3129
s 22
f 1157/1573/3130 1152/1563/3131 1140/1566/3132 1145/1574/3133
s 23
f 1147/1744/2277 1146/1295/2276 1134/1552/3087 1135/1747/3086
s 24
f 1148/1298/2281 1147/1296/2280 1135/1551/3091 1136/1555/3090
s 25
f 1149/1300/2285 1148/1298/2284 1136/1555/3095 1137/1557/3094
s 26
f 1150/1302/2289 1149/1300/2288 1137/1557/3099 1138/1559/3098
s 27
f 1151/1304/2293 1150/1302/2292 1138/1559/3103 1139/1561/3102
s 28
f 1146/1295/2297 1151/1304/2296 1139/1561/3107 1134/1552/3106
s 23
f 1159/1745/3089 1158/1553/3088 1122/1540/3051 1123/1746/3050
s 24
f 1160/1556/3093 1159/1554/3092 1123/1539/3055 1124/1541/3054
s 25
f 1161/1558/3097 1160/1556/3096 1124/1541/3059 1125/1542/3058
s 26
f 1162/1560/3101 1161/1558/3100 1125/1542/3063 1126/1543/3062
s 27
f 1163/1562/3105 1162/1560/3104 1126/1543/3067 1127/1544/3066
s 28
f 1158/1553/3109 1163/1562/3108 1127/1544/3071 1122/1540/3070
s 20
f 1140/1566/3113 1141/1565/3112 1165/1739/3075 1164/1545/3074
s 17
f 1141/1741/3117 1142/1568/3116 1166/1547/3077 1165/1546/3076
s 18
f 1142/1568/3121 1143/1570/3120 1167/1548/3079 1166/1547/3078
s 19
f 1143/1570/3125 1144/1572/3124 1168/1549/3081 1167/1548/3080
s 21
f 1144/1572/3129 1145/1574/3128 1169/1550/3083 1168/1549/3082
s 22
f 1145/1574/3133 1140/1566/3132 1164/1545/3085 1169/1550/3084
s off
f 887/2090/3134 888/1703/3135 889/1702/3136 890/1701/3137 891/1700/3138 892/1699/3139 893/1698/3140 886/1286/3141
s 12
f 1226/1575/3142 1227/2103/3143 1171/1847/3144 1170/1835/3145
s 124
f 1227/2103/3146 1228/2102/3147 1172/1846/3148 1171/1847/3149
s 125
f 1228/2102/3150 1229/2101/3151 1173/1844/3152 1172/1846/3153
s 126
f 1229/2101/3154 1230/2100/3155 1174/1827/3156 1173/1844/3157
s 16
f 1230/2100/3158 1231/2098/3159 1175/1834/3160 1174/1827/3161
s 11
f 1170/1835/3162 1175/1834/3163 1231/2098/3164 1226/1575/3165
s 128
f 1286/1587/3166 1287/1588/3167 1177/1589/3168 1176/1590/3169
s 129
f 1290/1591/3170 1291/1592/3171 1192/1593/3172 1193/1594/3173
s 130
f 1291/1592/3174 1292/1595/3175 1195/1596/3176 1192/1593/3177
s 131
f 1292/1595/3178 1293/1597/3179 1197/1598/3180 1195/1596/3181
s 132
f 1296/1599/3182 1297/1600/3183 1181/1601/3184 1180/1856/3185
s 133
f 1176/1590/3186 1181/1601/3187 1297/1600/3188 1286/1587/3189
s 134
f 1182/1803/3190 1198/1604/3191 1183/1829/3192
s 135
f 851/1830/3193 1275/1239/3194 1276/1606/3195 1207/1812/3196
s 136
f 1198/1604/3197 1199/1608/3198 1186/1826/3199 1183/1829/3200
s 137
f 1199/1608/3201 1188/1805/3202 1186/1826/3203
s 138
f 1283/1611/3204 1284/1849/3205 852/1848/3206 1202/1815/3207
s 139
f 1223/1613/3208 1224/1794/3209 1193/1795/3210 1200/1615/3211
s 140
f 1224/1614/3212 1289/1616/3213 1290/1591/3214 1193/1594/3215
s 141
f 1222/1617/3216 1223/1613/3217 1200/1615/3218 1201/1618/3219
s 142
f 1293/1597/3220 1294/1619/3221 1221/1620/3222 1197/1598/3223
s 143
f 1221/1796/3224 1222/1617/3225 1201/1618/3226 1197/1797/3227
s 134
f 1171/1831/3228 1172/1580/3229 1205/1621/3230 1206/1813/3231
s 136
f 1172/1580/3232 1173/1582/3233 1204/1623/3234 1205/1621/3235
s 137
f 1173/1582/3236 1174/1845/3237 1203/1814/3238 1204/1623/3239
s 139
f 1200/1615/3211 1193/1795/3210 1192/1820/3240
s 141
f 1201/1618/3219 1200/1615/3218 1192/1820/3241 1195/1816/3242
s 143
f 1197/1797/3227 1201/1618/3226 1195/1816/3243
s 138
f 1282/1625/3244 1283/1611/3204 1202/1815/3207 1214/1806/3245
s 137
f 1204/1623/3239 1203/1814/3238 1215/1804/3246 1216/1628/3247
s 136
f 1205/1621/3235 1204/1623/3234 1216/1628/3248 1217/1629/3249
s 134
f 1206/1813/3231 1205/1621/3230 1217/1629/3250 1218/1802/3251
s 135
f 1207/1812/3196 1276/1606/3195 1277/1631/3252 1219/1800/3253
s 142
f 1295/1633/3254 1296/1855/3255 1180/1602/3256 1209/1634/3257
s 143
f 1180/1817/3258 1179/1635/3259 1210/1636/3260 1209/1810/3261
s 141
f 1179/1635/3262 1178/1637/3263 1211/1638/3264 1210/1636/3265
s 139
f 1178/1637/3266 1177/1843/3267 1212/1809/3268 1211/1638/3269
s 140
f 1177/1589/3270 1287/1588/3271 1288/1640/3272 1212/1639/3273
s 138
f 1281/1247/3274 1282/1625/3244 1214/1806/3245 1189/1807/3275
s 137
f 1216/1628/3247 1215/1804/3246 1188/1805/3202 1199/1608/3201
s 136
f 1217/1629/3249 1216/1628/3248 1199/1608/3198 1198/1604/3197
s 134
f 1218/1802/3251 1217/1629/3250 1198/1604/3191 1182/1803/3190
s 135
f 1219/1800/3253 1277/1631/3252 1278/1241/3276 1185/1801/3277
s 142
f 1294/1619/3221 1295/1633/3254 1209/1634/3257 1221/1620/3222
s 143
f 1209/1810/3261 1210/1636/3260 1222/1617/3225 1221/1796/3224
s 141
f 1210/1636/3265 1211/1638/3264 1223/1613/3217 1222/1617/3216
s 139
f 1211/1638/3269 1212/1809/3268 1224/1794/3209 1223/1613/3208
s 140
f 1212/1639/3273 1288/1640/3272 1289/1616/3213 1224/1614/3212
s 12
f 1250/1641/3278 1251/1642/3279 1227/1576/3143 1226/2099/3142
s 124
f 1251/1642/3280 1252/1643/3281 1228/1579/3147 1227/1576/3146
s 125
f 1252/1643/3282 1253/1644/3283 1229/1581/3151 1228/1579/3150
s 126
f 1253/1644/3284 1254/1790/3285 1230/1736/3155 1229/1581/3154
s 16
f 1254/1645/3286 1255/1646/3287 1231/1585/3159 1230/1583/3158
s 11
f 1226/2099/3165 1231/1585/3164 1255/1646/3288 1250/1641/3289
s 128
f 1176/1833/3169 1177/1822/3168 1233/1647/3290 1232/2092/3291
s 149
f 1177/1822/3292 1178/1842/3293 1234/1649/3294 1233/1647/3295
s 150
f 1178/1842/3296 1179/1840/3297 1235/1650/3298 1234/1649/3299
s 151
f 1179/1840/3300 1180/1841/3301 1236/1651/3302 1235/1650/3303
s 132
f 1180/1841/3185 1181/1832/3184 1237/1652/3304 1236/1651/3305
s 133
f 1232/2092/3306 1237/1652/3307 1181/1832/3187 1176/1833/3186
s 12
f 1262/1653/3308 1263/1735/3309 1239/1654/3310 1238/1655/3311
s 124
f 1263/1735/3312 1264/1734/3313 1240/1656/3314 1239/1654/3315
s 125
f 1264/1734/3316 1265/1733/3317 1241/1657/3318 1240/1656/3319
s 126
f 1265/1733/3320 1266/1732/3321 1242/1791/3322 1241/1657/3323
s 16
f 1266/1789/3324 1267/1731/3325 1243/1659/3326 1242/1658/3327
s 11
f 1238/1655/3328 1243/1659/3329 1267/1731/3330 1262/1653/3331
s 128
f 1256/1660/3332 1257/1661/3333 1245/1662/3334 1244/1663/3335
s 149
f 1257/1661/3336 1258/1664/3337 1246/1665/3338 1245/1662/3339
s 150
f 1258/1664/3340 1259/1666/3341 1247/1667/3342 1246/1665/3343
s 151
f 1259/1666/3344 1260/1852/3345 1248/1669/3346 1247/1667/3347
s 132
f 1260/1668/3348 1261/1670/3349 1249/1671/3350 1248/1853/3351
s 133
f 1244/1663/3352 1249/1671/3353 1261/1670/3354 1256/1660/3355
s 12
f 1238/1655/3311 1239/1654/3310 1251/1642/3279 1250/1641/3278
s 124
f 1239/1654/3315 1240/1656/3314 1252/1643/3281 1251/1642/3280
s 125
f 1240/1656/3319 1241/1657/3318 1253/1644/3283 1252/1643/3282
s 126
f 1241/1657/3323 1242/1791/3322 1254/1790/3285 1253/1644/3284
s 16
f 1242/1658/3327 1243/1659/3326 1255/1646/3287 1254/1645/3286
s 11
f 1250/1641/3289 1255/1646/3288 1243/1659/3329 1238/1655/3328
s 128
f 1232/1648/3291 1233/2097/3290 1257/1661/3333 1256/1660/3332
s 149
f 1233/2097/3295 1234/2096/3294 1258/1664/3337 1257/1661/3336
s 150
f 1234/2096/3299 1235/2095/3298 1259/1666/3341 1258/1664/3340
s 151
f 1235/2095/3303 1236/2093/3302 1260/1852/3345 1259/1666/3344
s 132
f 1236/2094/3305 1237/2091/3304 1261/1670/3349 1260/1668/3348
s 133
f 1256/1660/3355 1261/1670/3354 1237/2091/3307 1232/1648/3306
s 128
f 1244/1663/3335 1245/1662/3334 1269/1252/3356 1268/1730/3357
s 149
f 1245/1662/3339 1246/1665/3338 1270/1253/3358 1269/1252/3359
s 150
f 1246/1665/3343 1247/1667/3342 1271/1254/3360 1270/1253/3361
s 151
f 1247/1667/3347 1248/1669/3346 1272/1851/3362 1271/1254/3363
s 132
f 1248/1853/3351 1249/1671/3350 1273/1251/3364 1272/1255/3365
s 133
f 1268/1730/3366 1273/1251/3367 1249/1671/3353 1244/1663/3352
s 12
f 1170/1578/3145 1171/1577/3144 1275/1239/2161 1274/1237/2160
s 135
f 1276/1606/3195 1275/1239/3194 1171/1577/3368 1206/1622/3369
f 1277/1631/3252 1276/1606/3195 1206/1622/3369 1218/1630/3370
f 1278/1241/3276 1277/1631/3252 1218/1630/3370 1182/1603/3371
s 13
f 1182/1603/3372 1183/1605/3373 1279/1242/2165 1278/1241/2164
s 14
f 1183/1605/3374 1186/1609/3375 1280/1245/2169 1279/1242/2168
s 15
f 1186/1609/3376 1188/1610/3377 1281/1247/2173 1280/1245/2172
s 138
f 1215/1627/3378 1282/1625/3244 1281/1247/3274 1188/1610/3379
f 1203/1624/3380 1283/1611/3204 1282/1625/3244 1215/1627/3378
f 1174/1850/3381 1284/1849/3205 1283/1611/3204 1203/1624/3380
s 16
f 1174/1584/3161 1175/1586/3160 1285/1236/2177 1284/1249/2176
s 11
f 1274/1237/2158 1285/1236/2157 1175/1586/3163 1170/1578/3162
s 128
f 854/1672/3382 855/1823/3383 1287/1588/3167 1286/1587/3166
s 140
f 1288/1640/3272 1287/1588/3271 855/1823/3384 1213/1808/3385
f 1289/1616/3213 1288/1640/3272 1213/1808/3385 1225/1792/3386
f 1290/1591/3214 1289/1616/3213 1225/1792/3386 1190/1793/3387
s 129
f 1190/1793/3388 1191/1821/3389 1291/1592/3171 1290/1591/3170
s 130
f 1191/1821/3390 1194/1818/3391 1292/1595/3175 1291/1592/3174
s 131
f 1194/1818/3392 1196/1799/3393 1293/1597/3179 1292/1595/3178
s 142
f 1220/1798/3394 1294/1619/3221 1293/1597/3220 1196/1799/3395
f 1208/1811/3396 1295/1633/3254 1294/1619/3221 1220/1798/3394
f 856/1819/3397 1296/1855/3255 1295/1633/3254 1208/1811/3396
s 132
f 856/1854/3398 853/1683/3399 1297/1600/3183 1296/1599/3182
s 133
f 1286/1587/3189 1297/1600/3188 853/1683/3400 854/1672/3401
s off
f 853/1836/3402 856/1682/3403 855/1673/3404 854/1837/3405
f 856/1682/3406 1208/1681/3407 1213/1674/3408 855/1673/3409
f 1208/1681/3410 1220/1680/3411 1225/1675/3412 1213/1674/3413
f 1220/1680/3414 1196/1679/3415 1190/1676/3416 1225/1675/3417
f 1196/1679/3418 1194/1678/3419 1191/1677/3420 1190/1676/3421
f 850/1839/3422 851/1240/3423 852/1250/3424 849/1838/3425
f 851/1240/3426 1207/1607/3427 1202/1612/3428 852/1250/3429
f 1207/1607/3430 1219/1632/3431 1214/1626/3432 1202/1612/3433
f 1219/1632/3434 1185/1244/3435 1189/1248/3436 1214/1626/3437
f 1185/1244/3438 1184/1828/3439 1187/1824/3440 1189/1248/3441
s 22
f 1299/1717/3442 1298/1713/3443 1152/1563/3131 1157/1573/3130
s 21
f 1300/1716/3444 1299/1717/3445 1157/1573/3127 1156/1571/3126
s 19
f 1301/1715/3446 1300/1716/3447 1156/1571/3123 1155/1569/3122
s 18
f 1302/1714/3448 1301/1715/3449 1155/1569/3119 1154/1567/3118
s 17
f 1303/1737/3450 1302/1714/3451 1154/1567/3115 1153/1738/3114
s 20
f 1298/1713/3452 1303/1712/3453 1153/1564/3111 1152/1563/3110
s off
f 790/1186/3454 791/1184/3455 876/1271/3456 857/1268/3457
f 789/1188/3458 790/1186/3459 857/1268/3460 874/1270/3461
f 791/1184/3462 792/1768/3463 877/1283/3464 876/1271/3465
f 788/1190/3466 789/1188/3467 874/1270/3468 873/1758/3469
f 792/1182/3470 785/1181/3471 870/1272/3472 877/1769/3473
f 787/1192/3474 788/1757/3475 873/1278/3476 872/1276/3477
f 785/1181/3478 786/1194/3479 871/1273/3480 870/1272/3481
f 786/1194/3482 787/1192/3483 872/1276/3484 871/1273/3485
f 840/1226/3486 842/1228/3487 1307/1299/3488 1306/1301/3489
f 842/1228/3490 841/1227/3491 1308/1297/3492 1307/1299/3493
f 843/1229/3494 845/1231/3495 1301/1687/3496 1302/1688/3497
f 845/1231/3498 846/1232/3499 1300/1686/3500 1301/1687/3501
f 841/1227/3502 838/1224/3503 1309/1293/3504 1308/1297/3505
f 838/1224/3506 837/1223/3507 1304/1294/3508 1309/1293/3509
f 837/1223/3510 839/1225/3511 1305/1303/3512 1304/1294/3513
f 839/1225/3514 840/1226/3515 1306/1301/3516 1305/1303/3517
f 846/1232/3518 848/1234/3519 1299/1684/3520 1300/1686/3521
f 848/1234/3522 847/1233/3523 1298/1685/3524 1299/1684/3525
f 847/1233/3526 844/1230/3527 1303/1689/3528 1298/1685/3529
f 844/1230/3530 843/1229/3531 1302/1688/3532 1303/1689/3533
f 1359/2104/3534 1360/2105/3535 1315/2106/3536 1310/2107/3537
f 1360/2105/3538 1361/2108/3539 1314/2109/3540 1315/2106/3541
f 1361/2110/3542 1362/2111/3543 1313/2112/3544 1314/2113/3545
f 1362/2111/3546 1363/2114/3547 1312/2115/3548 1313/2112/3549
f 1363/2114/3550 1364/2116/3551 1311/2117/3552 1312/2115/3553
f 1364/2116/3554 1359/2118/3555 1310/2119/3556 1311/2117/3557
s 153
f 1376/2120/3558 1371/2121/3559 1316/2122/3560 1317/2123/3561
s 154
f 1375/2124/3562 1376/2120/3563 1317/2123/3564 1318/2125/3565
s 155
f 1374/2126/3566 1375/2124/3567 1318/2125/3568 1319/2127/3569
s 156
f 1373/2128/3570 1374/2126/3571 1319/2127/3572 1320/2129/3573
s 157
f 1372/2130/3574 1373/2131/3575 1320/2132/3576 1321/2133/3577
s 158
f 1371/2134/3578 1372/2130/3579 1321/2133/3580 1316/2135/3581
s off
f 1316/2122/3582 1322/2136/3583 1317/2123/3584
f 1317/2123/3585 1322/2136/3586 1323/2137/3587 1318/2125/3588
f 1318/2125/3589 1323/2137/3590 1324/2138/3591 1319/2127/3592
f 1319/2127/3593 1324/2138/3594 1325/2139/3595 1320/2129/3596
f 1320/2132/3597 1325/2140/3598 1321/2133/3599
f 1321/2133/3600 1326/2141/3601 1316/2135/3602
f 1325/2140/3603 1327/2142/3604 1321/2133/3605
f 1324/2138/3606 1328/2143/3607 1327/2144/3608 1325/2139/3609
f 1316/2122/3610 1326/2145/3611 1329/2146/3612 1322/2136/3613
s 159
f 1330/2147/3614 1331/2148/3615 1370/2149/3616 1365/2150/3617
s 160
f 1331/2148/3618 1332/2151/3619 1369/2152/3620 1370/2149/3621
s 161
f 1332/2151/3622 1333/2153/3623 1368/2154/3624 1369/2152/3625
s 162
f 1333/2153/3626 1334/2155/3627 1367/2156/3628 1368/2154/3629
s 163
f 1334/2157/3630 1335/2158/3631 1366/2159/3632 1367/2160/3633
s 164
f 1335/2158/3634 1330/2161/3635 1365/2162/3636 1366/2159/3637
s off
f 1336/2163/3638 1337/2164/3639 1341/2165/3640
f 1337/2164/3641 1338/2166/3642 1342/2167/3643 1341/2165/3644
f 1338/2166/3645 1339/2168/3646 1343/2169/3647 1342/2167/3648
f 1339/2168/3649 1340/2170/3650 1344/2171/3651 1343/2169/3652
f 1340/2172/3653 1321/2173/3654 1344/2174/3655
f 1321/2173/3656 1336/2175/3657 1326/2176/3658
f 1344/2174/3659 1321/2173/3660 1327/2177/3661
f 1343/2169/3662 1344/2171/3663 1327/2178/3664 1328/2179/3665
f 1336/2163/3666 1341/2165/3667 1329/2146/3668 1326/2145/3669
f 1323/2137/3670 1322/2136/3671 1345/2180/3672 1346/2181/3673
f 1324/2138/3674 1323/2137/3675 1346/2181/3676 1347/2182/3677
s 165
f 1415/2183/3678 1348/2184/3679 1328/2143/3680 1324/2138/3681
s 166
f 1485/2185/3682 1329/2146/3683 1349/2186/3684
s off
f 1341/2165/3685 1342/2167/3686 1351/2187/3687 1350/2188/3688
f 1342/2167/3689 1343/2169/3690 1352/2189/3691 1351/2187/3692
s 167
f 1343/2169/3693 1412/2190/3694 1457/2191/3695 1352/2189/3696
s 168
f 1329/2146/3697 1341/2165/3698 1350/2188/3699 1465/2192/3700
s off
f 1354/2193/3701 1353/2194/3702 1330/2161/3703 1335/2158/3704
f 1355/2195/3705 1354/2193/3706 1335/2158/3707 1334/2157/3708
f 1356/2196/3709 1355/2197/3710 1334/2155/3711 1333/2153/3712
f 1357/2198/3713 1356/2196/3714 1333/2153/3715 1332/2151/3716
f 1358/2199/3717 1357/2198/3718 1332/2151/3719 1331/2148/3720
f 1353/2200/3721 1358/2199/3722 1331/2148/3723 1330/2147/3724
s 164
f 1366/2159/3637 1365/2162/3636 1336/2175/3725 1321/2173/3726
s 163
f 1367/2160/3633 1366/2159/3632 1321/2173/3727 1340/2172/3728
s 162
f 1368/2154/3629 1367/2156/3628 1340/2170/3729 1339/2168/3730
s 161
f 1369/2152/3625 1368/2154/3624 1339/2168/3731 1338/2166/3732
s 160
f 1370/2149/3621 1369/2152/3620 1338/2166/3733 1337/2164/3734
s 159
f 1365/2150/3617 1370/2149/3616 1337/2164/3735 1336/2163/3736
s 158
f 1315/2106/3737 1372/2130/3579 1371/2134/3578 1310/2107/3738
s 157
f 1314/2109/3739 1373/2131/3575 1372/2130/3574 1315/2106/3740
s 156
f 1313/2112/3741 1374/2126/3571 1373/2128/3570 1314/2113/3742
s 155
f 1312/2115/3743 1375/2124/3567 1374/2126/3566 1313/2112/3744
s 154
f 1311/2117/3745 1376/2120/3563 1375/2124/3562 1312/2115/3746
s 153
f 1310/2119/3747 1371/2121/3559 1376/2120/3558 1311/2117/3748
s 169
f 1353/2201/3749 1354/2202/3750 1378/2203/3751 1377/2204/3752
f 1354/2202/3750 1355/2205/3753 1379/2206/3754 1378/2203/3751
f 1355/2205/3753 1356/2207/3755 1380/2208/3756 1379/2206/3754
f 1356/2207/3755 1357/2209/3757 1381/2210/3758 1380/2208/3756
f 1357/2209/3757 1358/2211/3759 1382/2212/3760 1381/2210/3758
f 1358/2211/3759 1353/2201/3749 1377/2204/3752 1382/2212/3760
s 170
f 1360/2213/3761 1359/2214/3762 1383/2215/3763 1384/2216/3764
f 1361/2217/3765 1360/2213/3761 1384/2216/3764 1385/2218/3766
f 1362/2219/3767 1361/2217/3765 1385/2218/3766 1386/2220/3768
f 1363/2221/3769 1362/2219/3767 1386/2220/3768 1387/2222/3770
f 1364/2223/3771 1363/2221/3769 1387/2222/3770 1388/2224/3772
f 1359/2214/3762 1364/2223/3771 1388/2224/3772 1383/2215/3763
s off
f 1397/2225/3773 1396/2226/3774 1398/2227/3775 1399/2228/3776
f 1400/2229/3777 1397/2225/3778 1399/2228/3779 1401/2230/3780
f 1469/2231/3781 1470/2232/3782 1471/2233/3783 1472/2234/3784
f 1467/2235/3785 1468/2236/3786 1402/2237/3787 1403/2238/3788
f 1404/2239/3789 1405/2240/3790 1406/2241/3791 1407/2242/3792
f 1405/2240/3793 1408/2243/3794 1409/2244/3795 1406/2241/3796
s 171
f 1436/2245/3797 1437/2246/3798 1438/2247/3799 1439/2248/3800
s off
f 1486/2249/3801 1487/2250/3802 1488/2251/3803 1489/2252/3804
s 172
f 1346/2253/3805 1345/2254/3806 1396/2226/3807 1397/2225/3808
s 173
f 1389/2255/3809 1390/2256/3810 1399/2228/3811 1398/2227/3812
s 172
f 1347/2257/3813 1346/2253/3805 1397/2225/3808 1400/2229/3814
s 173
f 1390/2256/3810 1391/2258/3815 1401/2230/3816 1399/2228/3811
s off
f 1470/2232/3817 1473/2259/3818 1474/2260/3819 1471/2233/3820
s 174
f 1430/2261/3821 1431/2262/3822 1432/2263/3823 1433/2264/3824
s 175
f 1468/2236/3825 1485/2265/3826 1349/2266/3827 1402/2237/3828
s 176
f 1392/2267/3829 1466/2268/3830 1467/2235/3831 1403/2238/3832
s 177
f 1350/2269/3833 1351/2270/3834 1405/2240/3835 1404/2239/3836
s 178
f 1394/2271/3837 1393/2272/3838 1407/2242/3839 1406/2241/3840
s 177
f 1351/2270/3834 1352/2273/3841 1408/2243/3842 1405/2240/3835
s 178
f 1395/2274/3843 1394/2271/3837 1406/2241/3840 1409/2244/3844
s 179
f 1422/2275/3845 1423/2276/3846 1424/2277/3847 1425/2278/3848
s off
f 1410/2279/3849 1428/2280/3850 1454/2281/3851 1455/2282/3852
f 1487/2250/3853 1490/2283/3854 1491/2284/3855 1488/2251/3856
f 1492/2285/3857 1493/2286/3858 1486/2249/3859 1489/2252/3860
f 1455/2282/3861 1456/2287/3862 1411/2288/3863 1410/2279/3864
f 1456/2287/3865 1457/2289/3866 1412/2290/3867 1411/2288/3868
s 180
f 1440/2291/3869 1441/2292/3870 1442/2293/3871 1443/2294/3872
s 179
f 1424/2277/3847 1426/2295/3873 1427/2296/3874 1425/2278/3848
s 180
f 1444/2297/3875 1443/2294/3872 1442/2293/3871 1445/2298/3876
s 171
f 1447/2299/3877 1446/2300/3878 1444/2297/3879 1445/2298/3880
s off
f 1419/2301/3881 1420/2302/3882 1417/2303/3883 1416/2304/3884
f 1418/2305/3885 1421/2306/3886 1419/2301/3887 1416/2304/3888
s 171
f 1447/2299/3877 1437/2246/3798 1436/2245/3797 1446/2300/3878
s 180
f 1438/2247/3889 1441/2292/3870 1440/2291/3869 1439/2248/3890
s off
f 1411/2307/3891 1412/2308/3892 1423/2276/3893 1422/2275/3894
f 1438/2247/3895 1437/2246/3896 1448/2309/3897 1449/2310/3898
f 1415/2311/3899 1414/2312/3900 1427/2296/3901 1426/2295/3902
f 1441/2292/3903 1438/2247/3904 1449/2310/3905 1450/2313/3906
s 174
f 1432/2263/3823 1434/2314/3907 1435/2315/3908 1433/2264/3824
s off
f 1475/2316/3909 1476/2317/3910 1469/2231/3911 1472/2234/3912
f 1413/2318/3913 1429/2319/3914 1431/2262/3915 1430/2261/3916
f 1445/2298/3917 1442/2293/3918 1451/2320/3919 1452/2321/3920
f 1428/2322/3921 1410/2323/3922 1435/2315/3923 1434/2314/3924
f 1447/2299/3925 1445/2298/3926 1452/2321/3927 1453/2324/3928
f 1419/2325/3929 1421/2326/3930 1436/2245/3931 1439/2248/3932
f 1414/2312/3933 1413/2318/3934 1442/2293/3935 1441/2292/3936
f 1417/2327/3937 1420/2328/3938 1440/2291/3939 1443/2294/3940
f 1416/2329/3941 1417/2327/3942 1443/2294/3943 1444/2297/3944
f 1418/2330/3945 1416/2329/3946 1444/2297/3947 1446/2300/3948
f 1410/2323/3949 1411/2307/3950 1437/2246/3951 1447/2299/3952
f 1421/2326/3953 1418/2330/3954 1446/2300/3955 1436/2245/3956
f 1420/2328/3957 1419/2325/3958 1439/2248/3959 1440/2291/3960
f 1411/2307/3961 1422/2275/3962 1448/2309/3963 1437/2246/3964
f 1422/2275/3965 1425/2278/3966 1449/2310/3967 1448/2309/3968
f 1425/2278/3969 1427/2296/3970 1450/2313/3971 1449/2310/3972
f 1427/2296/3973 1414/2312/3974 1441/2292/3975 1450/2313/3976
f 1413/2318/3977 1430/2261/3978 1451/2320/3979 1442/2293/3980
f 1430/2261/3981 1433/2264/3982 1452/2321/3983 1451/2320/3984
f 1433/2264/3985 1435/2315/3986 1453/2324/3987 1452/2321/3988
f 1435/2315/3989 1410/2323/3990 1447/2299/3991 1453/2324/3992
f 1478/2331/3993 1477/2332/3994 1479/2333/3995 1480/2334/3996
f 1481/2335/3997 1482/2336/3998 1478/2331/3999 1480/2334/4000
f 1483/2337/4001 1484/2338/4002 1482/2336/4003 1481/2335/4004
f 1459/2339/4005 1458/2340/4006 1429/2341/4007 1413/2342/4008
f 1413/2342/4009 1414/2343/4010 1460/2344/4011 1459/2339/4012
f 1414/2343/4013 1415/2345/4014 1461/2346/4015 1460/2344/4016
s 176
f 1463/2347/4017 1462/2348/4018 1392/2267/3829 1403/2238/3832
s off
f 1402/2237/4019 1464/2349/4020 1463/2347/4021 1403/2238/4022
s 175
f 1349/2266/3827 1465/2350/4023 1464/2349/4024 1402/2237/3828
s off
f 1495/2351/4025 1494/2352/4026 1496/2353/4027 1497/2354/4028
f 1498/2355/4029 1499/2356/4030 1495/2351/4031 1497/2354/4032
f 1459/2357/4033 1460/2358/4034 1470/2232/4035 1469/2231/4036
f 1400/2359/4037 1401/2360/4038 1472/2234/4039 1471/2233/4040
f 1460/2358/4041 1461/2361/4042 1473/2259/4043 1470/2232/4044
f 1461/2362/4045 1347/2182/4046 1474/2363/4047 1473/2364/4048
f 1347/2365/4049 1400/2359/4050 1471/2233/4051 1474/2260/4052
f 1458/2366/4053 1459/2357/4054 1469/2231/4055 1476/2317/4056
f 1401/2360/4057 1391/2367/4058 1475/2316/4059 1472/2234/4060
f 1455/2368/4061 1454/2369/4062 1477/2332/4063 1478/2331/4064
f 1395/2370/4065 1409/2371/4066 1480/2334/4067 1479/2333/4068
f 1456/2372/4069 1455/2368/4070 1478/2331/4071 1482/2336/4072
f 1409/2371/4073 1408/2373/4074 1481/2335/4075 1480/2334/4076
f 1352/2374/4077 1457/2375/4078 1484/2338/4079 1483/2337/4080
f 1457/2376/4081 1456/2372/4082 1482/2336/4083 1484/2338/4084
f 1408/2373/4085 1352/2377/4086 1483/2337/4087 1481/2335/4088
f 1500/2378/4089 1501/2379/4090 1499/2356/4091 1498/2355/4092
f 1463/2380/4093 1464/2381/4094 1487/2250/4095 1486/2249/4096
f 1404/2382/4097 1407/2383/4098 1489/2252/4099 1488/2251/4100
f 1464/2381/4101 1465/2384/4102 1490/2283/4103 1487/2250/4104
f 1465/2192/4105 1350/2188/4106 1491/2385/4107 1490/2386/4108
f 1350/2387/4109 1404/2382/4110 1488/2251/4111 1491/2284/4112
f 1462/2388/4113 1463/2380/4114 1486/2249/4115 1493/2286/4116
f 1407/2383/4117 1393/2389/4118 1492/2285/4119 1489/2252/4120
f 1467/2390/4121 1466/2391/4122 1494/2352/4123 1495/2351/4124
f 1389/2392/4125 1398/2393/4126 1497/2354/4127 1496/2353/4128
f 1468/2394/4129 1467/2390/4130 1495/2351/4131 1499/2356/4132
f 1398/2393/4133 1396/2395/4134 1498/2355/4135 1497/2354/4136
f 1485/2396/4137 1468/2394/4138 1499/2356/4139 1501/2379/4140
f 1396/2395/4141 1345/2397/4142 1500/2378/4143 1498/2355/4144
s 167
f 1328/2179/4145 1348/2184/4146 1412/2190/3694 1343/2169/3693
s 165
f 1415/2183/3678 1324/2138/3681 1347/2182/4147 1461/2362/4148
s 168
f 1329/2146/3697 1465/2192/3700 1349/2186/4149
s 166
f 1322/2136/4150 1329/2146/3683 1485/2185/3682 1345/2180/4151
s off
f 1476/2317/4152 1475/2316/4153 1391/2398/4154 1458/2399/4155
f 1432/2263/4156 1431/2262/4157 1429/2400/4158 1502/2401/4159
f 1434/2314/4160 1432/2263/4161 1502/2402/4162 1428/2403/4163
f 1479/2333/4164 1477/2332/4165 1454/2404/4166 1395/2405/4167
f 1493/2286/4168 1492/2285/4169 1393/2406/4170 1462/2407/4171
f 1496/2353/4172 1494/2352/4173 1466/2408/4174 1389/2409/4175
f 1390/2410/4176 1389/2411/4177 817/2412/4178 818/2413/4179
f 1391/2414/4180 1390/2410/4181 818/2413/4182 819/2415/4183
f 1393/2416/4184 1394/2417/4185 822/2418/4186 823/2419/4187
f 1394/2417/4188 1395/2420/4189 821/2421/4190 822/2418/4191
f 1454/2422/4192 1428/2423/4193 820/2424/4194 821/2421/4195
f 1429/2425/4196 1458/2426/4197 819/2415/4198 820/2424/4199
f 1392/2427/4200 1462/2428/4201 823/2419/4202 824/2429/4203
f 1466/2430/4204 1392/2427/4205 824/2429/4206 817/2412/4207
f 1458/2426/4208 1391/2414/4209 819/2415/4210
f 1502/2431/4211 1429/2425/4212 820/2424/4213
f 1428/2423/4214 1502/2431/4215 820/2424/4216
f 1395/2420/4217 1454/2422/4218 821/2421/4219
f 1462/2428/4220 1393/2416/4221 823/2419/4222
f 1389/2411/4223 1466/2430/4224 817/2412/4225
s 181
f 1574/2432/4226 1569/2433/4227 1515/2434/4228 1520/2435/4229
s 182
f 1573/2436/4230 1574/2432/4231 1520/2435/4232 1519/2437/4233
s 183
f 1572/2438/4234 1573/2436/4235 1519/2437/4236 1518/2439/4237
s 184
f 1571/2440/4238 1572/2438/4239 1518/2439/4240 1517/2441/4241
s 185
f 1570/2442/4242 1571/2440/4243 1517/2441/4244 1516/2443/4245
s 186
f 1569/2433/4246 1570/2444/4247 1516/2445/4248 1515/2434/4249
s 187
f 1509/2446/4250 1521/2447/4251 1526/2448/4252 1510/2449/4253
s 188
f 1510/2449/4254 1526/2448/4255 1525/2450/4256 1511/2451/4257
s 189
f 1511/2451/4258 1525/2450/4259 1524/2452/4260 1512/2453/4261
s 190
f 1512/2453/4262 1524/2452/4263 1523/2454/4264 1513/2455/4265
s 191
f 1513/2455/4266 1523/2454/4267 1522/2456/4268 1514/2457/4269
s 192
f 1514/2458/4270 1522/2459/4271 1521/2447/4272 1509/2446/4273
s 186
f 1516/2445/4248 1514/2458/4274 1509/2446/4275 1515/2434/4249
s 185
f 1517/2441/4244 1513/2455/4276 1514/2457/4277 1516/2443/4245
s 184
f 1518/2439/4240 1512/2453/4278 1513/2455/4279 1517/2441/4241
s 183
f 1519/2437/4236 1511/2451/4280 1512/2453/4281 1518/2439/4237
s 182
f 1520/2435/4232 1510/2449/4282 1511/2451/4283 1519/2437/4233
s 181
f 1515/2434/4228 1509/2446/4284 1510/2449/4285 1520/2435/4229
s off
f 1527/2460/4286 1273/2461/4287 1268/2462/4288 1528/2463/4289
f 1268/2462/4290 1269/2464/4291 1529/2465/4292 1528/2463/4293
f 1269/2464/4294 1270/2466/4295 1530/2467/4296 1529/2465/4297
f 1270/2466/4298 1271/2468/4299 1531/2469/4300 1530/2467/4301
f 1271/2468/4302 1272/2470/4303 1532/2471/4304 1531/2469/4305
f 1272/2472/4306 1273/2461/4307 1527/2460/4308 1532/2473/4309
s 193
f 1527/2460/4310 1528/2463/4311 1568/2474/4312 1563/2475/4313
s 194
f 1528/2463/4314 1529/2465/4315 1567/2476/4316 1568/2474/4317
s 195
f 1529/2465/4318 1530/2467/4319 1566/2477/4320 1567/2476/4321
s 196
f 1530/2467/4322 1531/2469/4323 1565/2478/4324 1566/2477/4325
s 197
f 1531/2469/4326 1532/2471/4327 1564/2479/4328 1565/2478/4329
s 198
f 1532/2473/4330 1527/2460/4331 1563/2475/4332 1564/2480/4333
s 199
f 1533/2481/4334 1534/2482/4335 1550/2483/4336 1545/2484/4337
s 200
f 1534/2482/4338 1535/2485/4339 1549/2486/4340 1550/2483/4341
s 201
f 1535/2485/4342 1536/2487/4343 1548/2488/4344 1549/2486/4345
s 202
f 1536/2487/4346 1537/2489/4347 1547/2490/4348 1548/2488/4349
s 203
f 1537/2489/4350 1538/2491/4351 1546/2492/4352 1547/2490/4353
s 204
f 1538/2493/4354 1533/2481/4355 1545/2484/4356 1546/2494/4357
s 198
f 1540/2495/4358 1539/2496/4359 1533/2481/4360 1538/2493/4361
s 197
f 1541/2497/4362 1540/2498/4363 1538/2491/4364 1537/2489/4365
s 196
f 1542/2499/4366 1541/2497/4367 1537/2489/4368 1536/2487/4369
s 195
f 1543/2500/4370 1542/2499/4371 1536/2487/4372 1535/2485/4373
s 194
f 1544/2501/4374 1543/2500/4375 1535/2485/4376 1534/2482/4377
s 193
f 1539/2496/4378 1544/2501/4379 1534/2482/4380 1533/2481/4381
s 204
f 1546/2494/4357 1545/2484/4356 1551/2502/4382 1552/2503/4383
s 203
f 1547/2490/4353 1546/2492/4352 1552/2504/4384 1553/2505/4385
s 202
f 1548/2488/4349 1547/2490/4348 1553/2505/4386 1554/2506/4387
s 201
f 1549/2486/4345 1548/2488/4344 1554/2506/4388 1555/2507/4389
s 200
f 1550/2483/4341 1549/2486/4340 1555/2507/4390 1556/2508/4391
s 199
f 1545/2484/4337 1550/2483/4336 1556/2508/4392 1551/2502/4393
s off
f 1504/2509/4394 1505/2510/4395 1263/2511/4396 1262/2512/4397
f 1505/2510/4398 1506/2513/4399 1264/2514/4400 1263/2511/4401
f 1506/2513/4402 1507/2515/4403 1265/2516/4404 1264/2514/4405
f 1507/2515/4406 1508/2517/4407 1266/2518/4408 1265/2516/4409
f 1508/2519/4410 1503/2520/4411 1267/2521/4412 1266/2522/4413
f 1262/2512/4414 1267/2521/4415 1503/2520/4416 1504/2509/4417
s 204
f 1552/2503/4383 1551/2502/4382 1377/2523/4418 1378/2524/4419
s 203
f 1553/2505/4385 1552/2504/4384 1378/2525/4420 1379/2526/4421
s 202
f 1554/2506/4387 1553/2505/4386 1379/2526/4422 1380/2527/4423
s 201
f 1555/2507/4389 1554/2506/4388 1380/2527/4424 1381/2528/4425
s 200
f 1556/2508/4391 1555/2507/4390 1381/2528/4426 1382/2529/4427
s 199
f 1551/2502/4393 1556/2508/4392 1382/2529/4428 1377/2523/4429
s 192
f 1522/2459/4271 1558/2530/4430 1557/2531/4431 1521/2447/4272
s 191
f 1523/2454/4267 1559/2532/4432 1558/2533/4433 1522/2456/4268
s 190
f 1524/2452/4263 1560/2534/4434 1559/2532/4435 1523/2454/4264
s 189
f 1525/2450/4259 1561/2535/4436 1560/2534/4437 1524/2452/4260
s 188
f 1526/2448/4255 1562/2536/4438 1561/2535/4439 1525/2450/4256
s 187
f 1521/2447/4251 1557/2531/4440 1562/2536/4441 1526/2448/4252
s 198
f 1564/2480/4333 1563/2475/4332 1539/2496/4359 1540/2495/4358
s 197
f 1565/2478/4329 1564/2479/4328 1540/2498/4363 1541/2497/4362
s 196
f 1566/2477/4325 1565/2478/4324 1541/2497/4367 1542/2499/4366
s 195
f 1567/2476/4321 1566/2477/4320 1542/2499/4371 1543/2500/4370
s 194
f 1568/2474/4317 1567/2476/4316 1543/2500/4375 1544/2501/4374
s 193
f 1563/2475/4313 1568/2474/4312 1544/2501/4379 1539/2496/4378
s 186
f 1508/2519/4442 1570/2444/4247 1569/2433/4246 1503/2520/4443
s 185
f 1507/2515/4444 1571/2440/4243 1570/2442/4242 1508/2517/4445
s 184
f 1506/2513/4446 1572/2438/4239 1571/2440/4238 1507/2515/4447
s 183
f 1505/2510/4448 1573/2436/4235 1572/2438/4234 1506/2513/4449
s 182
f 1504/2509/4450 1574/2432/4231 1573/2436/4230 1505/2510/4451
s 181
f 1503/2520/4452 1569/2433/4227 1574/2432/4226 1504/2509/4453
s 192
f 1557/2531/4431 1558/2530/4430 1384/2537/4454 1383/2538/4455
s 191
f 1558/2533/4433 1559/2532/4432 1385/2539/4456 1384/2540/4457
s 190
f 1559/2532/4435 1560/2534/4434 1386/2541/4458 1385/2539/4459
s 189
f 1560/2534/4437 1561/2535/4436 1387/2542/4460 1386/2541/4461
s 188
f 1561/2535/4439 1562/2536/4438 1388/2543/4462 1387/2542/4463
s 187
f 1562/2536/4441 1557/2531/4440 1383/2538/4464 1388/2543/4465
