# Apple ModelIO OBJ File: NPC1_B_Texture
mtllib NPC1_B_Texture.mtl
g Body_standardSurface9SG
v 0.787331 -9.41425 -0.615484
v 0.794554 -9.23612 -0.611976
v 1.30364 -9.23612 -0.611976
v 1.29504 -9.41425 -0.615484
v 1.57113 -9.23612 -0.096961
v 1.56551 -9.41425 -0.105918
v 1.58089 -9.23612 1.09241
v 1.29894 -9.23612 1.34147
v 1.57823 -9.41425 1.09631
v 1.29624 -9.41425 1.3351
v 0.778122 -9.23612 1.34147
v 0.779893 -9.41425 1.3351
v 0.496345 -9.23612 1.09262
v 0.500086 -9.41425 1.09658
v 0.524402 -9.23612 -0.096961
v 0.519559 -9.41425 -0.105917
v 7.71532 4.78244 0.002401
v 7.71532 5.02882 0.002401
v 7.68732 5.00474 0.174179
v 7.68732 4.77689 0.174179
v 7.55614 4.75207 0.242723
v 7.55614 5.01407 0.242723
v 7.49816 4.96994 0.440242
v 7.49816 4.73757 0.440242
v 7.41987 4.79593 -0.332477
v 7.36947 4.78258 -0.503713
v 7.36947 4.984 -0.503713
v 7.41987 5.02305 -0.332477
v 7.62173 4.78116 -0.24723
v 7.62173 4.99955 -0.24723
v 7.64904 5.0234 -0.082575
v 7.64904 4.78723 -0.082575
v 7.22241 4.77093 -0.011768
v 7.22241 5.05797 -0.011768
v 7.2717 5.05505 -0.010351
v 7.2717 4.77208 -0.010351
v 7.18979 5.02991 0.188348
v 7.23955 5.0274 0.186931
v 7.18979 4.76447 0.188348
v 7.23955 4.76571 0.186931
v 7.12049 4.7561 0.232016
v 7.12049 5.0465 0.232016
v 7.16405 5.04326 0.233087
v 7.16405 4.75569 0.233087
v 7.05622 4.99759 0.450949
v 7.10042 4.99483 0.449878
v 7.05622 4.74003 0.450949
v 7.10042 4.73979 0.449878
v 7.03757 4.7753 -0.319595
v 6.9796 4.75994 -0.516595
v 7.01859 4.7622 -0.515306
v 7.0758 4.77736 -0.320883
v 6.9796 4.99167 -0.516595
v 7.01859 4.9909 -0.515306
v 7.03757 5.0366 -0.319595
v 7.0758 5.03524 -0.320883
v 7.12386 4.77724 -0.263192
v 7.12386 5.03798 -0.263192
v 7.17365 5.03413 -0.261596
v 7.17365 4.77763 -0.261596
v 7.15647 5.06644 -0.066613
v 7.20573 5.06214 -0.068209
v 7.15647 4.78448 -0.066613
v 7.20573 4.78476 -0.068209
v 7.08103 4.75394 0.231683
v 7.08103 5.04523 0.231683
v 7.01657 4.73782 0.451282
v 7.01657 4.99616 0.451282
v 7.14278 4.76178 0.189613
v 7.17581 4.76832 -0.013033
v 7.14278 5.03058 0.189613
v 7.17581 5.05899 -0.013033
v 7.08339 4.77301 -0.264735
v 7.08339 5.03784 -0.264735
v 7.11652 4.78037 -0.06507
v 7.11652 5.06676 -0.06507
v 7.00642 4.77106 -0.318141
v 6.94759 4.75548 -0.518048
v 7.00642 5.03622 -0.318141
v 6.94759 4.99063 -0.518048
v 1.31442 -8.39241 -0.558453
v 1.55228 -8.51624 -0.106866
v 1.63056 -8.50609 -0.09015
v 1.35189 -8.38282 -0.615259
v 1.31108 -8.22859 0.286876
v 1.35189 -8.22262 0.36972
v 0.836748 -8.21981 0.286145
v 0.794548 -8.21163 0.36972
v 0.599327 -8.5162 -0.104403
v 0.515879 -8.50605 -0.09015
v 0.836425 -8.39241 -0.559171
v 0.794548 -8.38282 -0.615259
v -1.30364 -9.23612 -0.611976
v -1.57113 -9.23612 -0.096961
v -1.35189 -8.38282 -0.615259
v -1.63056 -8.50609 -0.09015
v -1.58089 -9.23612 1.09241
v -1.29894 -9.23612 1.34147
v -1.30825 -8.8566 1.3194
v -1.59008 -8.82101 1.09701
v -0.778122 -9.23612 1.34147
v -0.772025 -8.85656 1.3194
v -0.496345 -9.23612 1.09262
v -0.483468 -8.82463 1.09701
v -0.524402 -9.23612 -0.096961
v -0.794554 -9.23612 -0.611976
v -0.794548 -8.38282 -0.615259
v -0.515879 -8.50605 -0.09015
v 1.59008 -8.82101 1.09701
v 1.30709 -8.69177 1.09701
v 1.30825 -8.8566 1.3194
v 1.61049 -9.23612 0.377714
v 1.60638 -9.41425 0.377582
v 0.790644 -8.69157 1.09701
v 0.772025 -8.85656 1.3194
v 0.483468 -8.82463 1.09701
v 0.475181 -9.23612 0.377715
v 0.478007 -9.41425 0.377583
v -1.30628 -8.75472 0.849671
v -1.65313 -8.92975 0.849669
v -1.30709 -8.69177 1.09701
v -1.64697 -9.23612 0.849669
v -0.80363 -8.75279 0.849671
v -0.790644 -8.69157 1.09701
v -0.462172 -9.23612 0.849669
v -0.450869 -8.93132 0.849669
v 1.30547 -8.62168 0.574203
v 1.62461 -8.77297 0.378167
v 0.816617 -8.61803 0.574203
v 0.465453 -8.77249 0.378167
v 0.462172 -9.23612 0.849669
v 0.465455 -9.41425 0.849669
v 0.80363 -8.75279 0.849671
v 0.450869 -8.93132 0.849669
v 1.30628 -8.75472 0.849671
v 1.65313 -8.92975 0.849669
v 1.64697 -9.23612 0.849669
v 1.64518 -9.41425 0.849669
v -0.475181 -9.23612 0.377715
v -0.465453 -8.77249 0.378167
v -0.794548 -8.21163 0.36972
v -0.816617 -8.61803 0.574203
v -1.35189 -8.22262 0.36972
v -1.30547 -8.62168 0.574203
v -1.62461 -8.77297 0.378167
v -1.61049 -9.23612 0.377714
v 1.34552 -7.87577 -0.613624
v 1.60194 -7.87385 -0.113608
v 1.32891 -7.88739 0.325548
v 0.822878 -7.88025 0.321918
v 0.568596 -7.87381 -0.101387
v 0.821281 -7.87578 -0.617185
v -1.31442 -8.39241 -0.558453
v -1.55228 -8.51624 -0.106866
v -1.31108 -8.22859 0.286876
v -0.836748 -8.21981 0.286145
v -0.599327 -8.5162 -0.104403
v -0.836425 -8.39241 -0.559171
v 1.33034 -7.69595 -0.579397
v 1.56553 -7.69445 -0.114577
v 1.6571 -7.68729 -0.109421
v 1.3748 -7.68926 -0.663287
v 1.30899 -7.70481 0.292079
v 1.35318 -7.70108 0.376167
v 0.847359 -7.69935 0.287412
v 0.797433 -7.69381 0.371443
v 0.614918 -7.69441 -0.098863
v 0.517911 -7.68724 -0.093514
v 0.845306 -7.69597 -0.583976
v 0.795354 -7.68928 -0.667921
v -1.34552 -7.87577 -0.613624
v -1.60194 -7.87385 -0.113608
v -1.3748 -7.68926 -0.663287
v -1.6571 -7.68729 -0.109421
v -1.32891 -7.88739 0.325548
v -1.35318 -7.70108 0.376167
v -0.822878 -7.88025 0.321918
v -0.797433 -7.69381 0.371443
v -0.568596 -7.87381 -0.101387
v -0.517911 -7.68724 -0.093514
v -0.821281 -7.87578 -0.617185
v -0.795354 -7.68928 -0.667921
v -1.33034 -7.69742 -0.579397
v -1.56553 -7.69592 -0.114577
v -1.30899 -7.70627 0.292079
v -0.847359 -7.70082 0.287412
v -0.614918 -7.69588 -0.098863
v -0.845306 -7.69744 -0.583976
v -1.29504 -9.41425 -0.615484
v -1.56551 -9.41425 -0.105918
v -1.60638 -9.41425 0.377582
v -1.64518 -9.41425 0.849669
v -1.57823 -9.41425 1.09631
v -1.29624 -9.41425 1.3351
v -0.779893 -9.41425 1.3351
v -0.500086 -9.41425 1.09658
v -0.465455 -9.41425 0.849669
v -0.478007 -9.41425 0.377583
v -0.519559 -9.41425 -0.105917
v -0.787331 -9.41425 -0.615484
v 1.5664 -1.21342 -0.955703
v 0.70691 -1.4778 -0.977097
v 1.53313 -0.645093 -0.992259
v 0.668615 -1.1194 -1.04225
v 2.01533 -1.0633 -0.036934
v 1.96049 -0.421681 -0.018136
v 1.50567 -1.24271 0.654103
v 1.42553 -0.69352 0.699613
v 0.734537 -1.48532 0.734677
v 0.715517 -1.01702 0.788402
v 0.226774 -1.60323 -0.030671
v 0.184276 -1.24009 -0.032225
v 0.458099 -0.742093 -1.11791
v 1.3184 0.462943 -0.890453
v 1.75949 0.462946 0.049751
v 1.31332 0.447048 0.814888
v 0.622187 -0.861384 0.813631
v 0 -1.10111 -0.038563
v 0 -0.523576 -1.16707
v 0 -0.614711 1.00889
v 0 0.531085 1.20359
v 0 0.612096 -1.01311
v -0.733513 -1.79466 -0.931634
v -1.59679 -1.65805 -0.928949
v -0.70691 -1.4778 -0.977097
v -1.54048 -1.21162 -0.95214
v -2.00344 -1.634 -0.03137
v -2.01533 -1.0633 -0.036934
v -1.53126 -1.65327 0.638497
v -1.50567 -1.24271 0.654103
v -0.757142 -1.84361 0.704093
v -0.734537 -1.48532 0.734677
v -0.245123 -1.84362 -0.03137
v -0.226774 -1.60323 -0.030671
v -0.668615 -1.1194 -1.03296
v -1.4693 -0.638346 -0.991349
v -1.32393 0.462943 -0.916906
v -0.563777 -0.757827 -1.1385
v -1.96049 -0.421681 -0.018136
v -1.75949 0.462946 0.049751
v -1.42553 -0.69352 0.699613
v -1.31332 0.447048 0.814888
v -0.715517 -1.01702 0.788402
v -0.622187 -0.861384 0.813631
v -0.184276 -1.24009 -0.032225
v 1.19174 1.18207 -0.605449
v 1.45018 1.17794 0.048856
v 1.18419 1.18634 0.820189
v 0 1.17706 1.18594
v 0 1.17706 -0.7808
v -1.19174 1.18207 -0.605449
v -1.45018 1.17794 0.048856
v -1.18419 1.18634 0.820189
v 0.245123 -1.84362 -0.03137
v 0.733513 -1.79466 -0.931634
v 0.757142 -1.84361 0.704093
v 1.53126 -1.65327 0.638497
v 2.00344 -1.634 -0.03137
v 1.59679 -1.65685 -0.930887
v 0.761803 -3.54144 -0.702438
v 1.5302 -3.4656 -0.671662
v 1.89282 -3.36131 -0.03677
v 1.47159 -3.4656 0.537475
v 0.727354 -3.54144 0.537475
v 0.353938 -3.513 -0.03677
v -0.761803 -3.54144 -0.702438
v -1.5302 -3.4656 -0.671662
v -1.89282 -3.36131 -0.03677
v -1.47159 -3.4656 0.537475
v -0.727354 -3.54144 0.537475
v -0.353938 -3.513 -0.03677
v 1.5302 -3.78134 -0.671662
v 0.761803 -3.88387 -0.702438
v 1.86502 -3.64288 -0.03677
v 1.47159 -3.78134 0.537475
v 0.727354 -3.88387 0.537475
v 0.365218 -3.82875 -0.03677
v -0.761803 -3.88387 -0.702438
v -1.5302 -3.78134 -0.671662
v -1.86502 -3.64288 -0.03677
v -1.47159 -3.78134 0.537475
v -0.727354 -3.88387 0.537475
v -0.365218 -3.82875 -0.03677
v 1.5302 -4.08269 -0.671662
v 0.761803 -4.15495 -0.702438
v 1.83721 -3.91439 -0.03677
v 1.47159 -4.08269 0.537475
v 0.727354 -4.15495 0.537475
v 0.372673 -4.09823 -0.03677
v -1.5302 -4.08269 -0.671662
v -0.761803 -4.15495 -0.702438
v -1.83721 -3.91439 -0.03677
v -1.47159 -4.08269 0.537475
v -0.727354 -4.15495 0.537475
v -0.372673 -4.09823 -0.03677
v 0.759754 -4.82429 -0.789022
v 1.494 -4.82429 -0.758247
v 1.8127 -4.74088 -0.123354
v 1.43799 -4.82429 0.509083
v 0.758792 -4.82429 0.509083
v 0.428763 -4.74088 -0.123354
v -0.759754 -4.82429 -0.789022
v -1.494 -4.82429 -0.758247
v -1.8127 -4.74088 -0.123354
v -1.43799 -4.82429 0.509083
v -0.758792 -4.82429 0.509083
v -0.428763 -4.74088 -0.123354
v 1.47459 -6.23306 -0.750093
v 0.817406 -6.23306 -0.780869
v 1.78071 -6.20525 -0.115201
v 1.41599 -6.23306 0.459044
v 0.782958 -6.23306 0.459044
v 0.499044 -6.20526 -0.115201
v -0.817406 -6.23306 -0.780869
v -1.47459 -6.23306 -0.750093
v -1.78071 -6.20525 -0.115201
v -1.41599 -6.23306 0.459044
v -0.782958 -6.23306 0.459044
v -0.499044 -6.20526 -0.115201
v 1.46846 -7.02711 -0.685583
v 0.818238 -7.02711 -0.711626
v 1.75088 -7.02711 -0.121522
v 1.41887 -7.02711 0.418571
v 0.789088 -7.02711 0.418571
v 0.513361 -7.02711 -0.121522
v -1.46846 -7.02711 -0.685583
v -0.818238 -7.02711 -0.711626
v -1.75088 -7.02711 -0.121522
v -1.41887 -7.02711 0.418571
v -0.789088 -7.02711 0.418571
v -0.513361 -7.02711 -0.121522
v 0.719388 -6.99429 -0.805416
v 1.5438 -6.99429 -0.771399
v 1.49011 -7.6593 -0.791469
v 0.742715 -7.6593 -0.824407
v 1.909 -6.99429 -0.117375
v 1.84062 -7.64313 -0.111991
v 1.50391 -6.99429 0.507214
v 1.46426 -7.6593 0.458767
v 0.681312 -6.99429 0.507213
v 0.714896 -7.6593 0.458767
v 0.343119 -6.99429 -0.117375
v 0.396501 -7.6593 -0.111991
v -1.55472 -6.99429 -0.771399
v -0.730311 -6.99429 -0.805416
v -1.50068 -7.6593 -0.791469
v -0.753292 -7.6593 -0.824407
v -1.91993 -6.99429 -0.117375
v -1.8512 -7.64313 -0.111991
v -1.51484 -6.99429 0.507214
v -1.47484 -7.6593 0.458767
v -0.692236 -6.99429 0.507214
v -0.725473 -7.6593 0.458767
v -0.354043 -6.99429 -0.117375
v -0.407078 -7.6593 -0.111991
v 0 1.37227 -0.789776
v 1.20372 1.37227 -0.559925
v -1.20372 1.37227 -0.559925
v -1.44857 1.37227 0.055129
v -1.19976 1.37227 0.822121
v 0 1.37227 1.25451
v 1.19976 1.37227 0.822121
v 1.44857 1.37227 0.055129
v 1.7498 5.44267 -0.003798
v 1.72115 5.36053 -0.722388
v 0.79182 5.74911 -0.026169
v 0.791818 5.75667 -0.480496
v 1.58608 5.34503 0.695785
v 0.641391 5.64795 0.532154
v 0 4.73951 1.41122
v 0 5.23656 1.08154
v -1.58608 5.34503 0.695785
v -0.641391 5.64795 0.532153
v -1.7498 5.44267 -0.003798
v -0.79182 5.74911 -0.026169
v -1.72115 5.36053 -0.722388
v -0.791818 5.75667 -0.480496
v 0 5.46199 -1.0983
v 0 5.79076 -0.634015
v 0 3.92019 1.548
v 1.49133 4.04015 0.756274
v -1.49133 4.04015 0.756274
v 0 3.92019 -1.02368
v -1.70377 4.06927 -0.668801
v 1.70377 4.06927 -0.668801
v 1.54134 2.07486 0.120152
v 1.3596 2.07486 -0.537247
v 1.7498 3.7066 0.063186
v 1.29289 2.07486 0.801657
v 0 2.07486 1.43493
v -1.29289 2.07486 0.801657
v -1.54134 2.07486 0.120152
v -1.7498 3.7066 0.063186
v -1.3596 2.07486 -0.537247
v 0 2.07486 -0.845282
v 1.89172 3.81125 0.042485
v 1.9415 4.12491 -0.601794
v 1.9501 5.22265 -0.593977
v 1.9259 5.43647 -0.008947
v 1.74946 4.12734 0.656068
v 1.82481 5.24476 0.6183
v -1.89172 3.81125 0.042485
v -1.74946 4.12734 0.656069
v -1.82481 5.24476 0.6183
v -1.9259 5.43647 -0.008947
v -1.9415 4.12491 -0.601794
v -1.9501 5.22265 -0.593977
v 3.2031 4.12491 -0.601794
v 3.2031 3.81125 0.042485
v 3.2031 5.10534 -0.593977
v 3.2031 5.37016 -0.008947
v 3.2031 4.12734 0.656068
v 3.2031 5.16342 0.6183
v -3.2031 4.12734 0.656069
v -3.2031 3.81125 0.042485
v -3.2031 5.16342 0.6183
v -3.2031 5.37016 -0.008947
v -3.2031 4.12491 -0.601794
v -3.2031 5.10534 -0.593977
v -5.50882 4.45786 0.002387
v -5.50882 4.61185 0.343931
v -5.61724 4.61719 0.338336
v -5.61724 4.46589 0.002152
v -5.50882 5.00449 0.342982
v -5.61724 5.00301 0.338336
v -5.50881 5.15778 0.002046
v -5.61724 5.15277 0.002152
v -5.50882 4.61187 -0.337897
v -5.61724 4.61719 -0.334032
v -5.50882 5.003 -0.338856
v -5.61724 5.00147 -0.334032
v 0 5.15846 1.07192
v 0 5.5269 0.57146
v -0.600913 5.60848 0.537472
v 0.600913 5.60848 0.537472
v 0.782126 5.70042 -0.45785
v 0 5.71478 -0.621951
v 0 5.84977 -0.407095
v 0.29877 5.84087 -0.332044
v -0.782125 5.70042 -0.45785
v -0.29877 5.84087 -0.332044
v -0.763612 5.69915 -0.01409
v -0.373183 5.81351 -0.15251
v -0.29877 5.78097 0.023137
v 0 5.78097 0.093962
v 0.29877 5.78097 0.023137
v 0.763612 5.69915 -0.01409
v 0.373183 5.81351 -0.15251
v 0 6.66714 -0.306853
v 0.29877 6.66714 -0.238633
v -0.29877 6.66714 -0.238633
v -0.373183 6.66714 -0.073936
v -0.29877 6.66714 0.090761
v 0 6.66714 0.15898
v 0.29877 6.66714 0.090761
v 0.373183 6.66714 -0.073936
v 3.20379 4.28731 0.007374
v 3.20379 4.49888 -0.420057
v 3.38601 4.50781 -0.413562
v 3.38601 4.3008 0.00698
v 3.20379 4.49847 0.462874
v 3.38601 4.50743 0.453471
v 3.20379 5.03587 0.441761
v 3.38601 5.03339 0.433952
v 3.20354 5.26439 -0.000203
v 3.38578 5.25596 -2.5e-05
v 3.20379 5.03543 -0.441407
v 3.38601 5.03287 -0.4333
v 5.61724 4.46589 0.002152
v 5.61724 4.61719 -0.334032
v 5.83605 4.45774 -0.038306
v 5.80536 4.61626 -0.544691
v 5.61724 5.00147 -0.334032
v 5.80536 5.01046 -0.544691
v 5.61724 5.15277 0.002152
v 5.83605 5.16897 -0.038306
v 5.61724 4.61719 0.338336
v 5.79932 4.64601 0.471
v 5.61724 5.00301 0.338336
v 5.80536 5.02653 0.468079
v -5.83605 4.45774 -0.038306
v -5.79932 4.64601 0.471
v -5.80536 5.02653 0.468079
v -5.83605 5.16897 -0.038306
v -5.80536 4.61626 -0.544691
v -5.80536 5.01046 -0.544691
v 6.18092 4.66601 -0.544691
v 6.24229 4.64573 -0.038306
v 6.18092 5.01046 -0.544691
v 6.24229 5.1437 -0.038306
v 6.16907 4.64973 0.470959
v 6.17533 5.03159 0.467567
v 6.3623 4.63051 1.06605
v 6.34598 4.4203 1.03171
v 6.52626 4.67249 0.929694
v 6.4942 4.46208 0.894292
v -6.16907 4.64973 0.470959
v -6.24229 4.64573 -0.038306
v -6.34598 4.4203 1.03171
v -6.3623 4.63051 1.06605
v -6.52626 4.67249 0.929694
v -6.4942 4.46208 0.894292
v -6.17533 5.03159 0.467567
v -6.24229 5.1437 -0.038306
v -6.18092 4.66601 -0.544691
v -6.18092 5.01046 -0.544691
v 6.72176 4.71603 -0.291498
v 6.75437 4.72536 -0.038306
v 6.66378 4.99412 -0.544691
v 6.66378 4.69629 -0.544691
v 6.72176 5.05186 -0.291499
v 6.66378 4.6986 0.468079
v 6.72176 4.71718 0.214886
v 6.72176 5.05303 0.214886
v 6.75437 5.08853 -0.038306
v 6.66378 4.99647 0.468079
v -6.72176 4.71718 0.214886
v -6.75437 4.72536 -0.038306
v -6.66378 4.99647 0.468079
v -6.66378 4.6986 0.468079
v -6.72176 5.05303 0.214886
v -6.66378 4.69629 -0.544691
v -6.72176 4.71603 -0.291498
v -6.72176 5.05186 -0.291499
v -6.75437 5.08853 -0.038306
v -6.66378 4.99412 -0.544691
v 5.93716 4.5985 0.692161
v 5.98347 4.93717 0.717825
v 6.25625 4.59615 0.636339
v 6.26671 4.96202 0.638325
v -6.11981 4.51285 0.856433
v -6.14324 4.81908 0.8997
v -6.41903 4.81034 0.812706
v -6.38182 4.5202 0.791711
v 6.11981 4.51285 0.856433
v 6.14324 4.81908 0.8997
v 6.41903 4.81034 0.812706
v 6.38182 4.5202 0.791711
v -5.93716 4.5985 0.692161
v -5.98347 4.93717 0.717825
v -6.26671 4.96202 0.638325
v -6.25625 4.59615 0.636339
v -7.55614 4.75207 0.242723
v -7.49816 4.73757 0.440242
v -7.55614 5.01407 0.242723
v -7.49816 4.96994 0.440242
v -7.64904 4.78723 -0.082575
v -7.64904 5.0234 -0.082575
v -7.62173 4.99955 -0.24723
v -7.62173 4.78116 -0.24723
v -7.41987 4.79593 -0.332477
v -7.41987 5.02305 -0.332477
v -7.36947 4.984 -0.503713
v -7.36947 4.78258 -0.503713
v -6.72588 4.73447 0.228684
v -6.65966 4.71792 0.454281
v -6.65966 4.98332 0.454281
v -6.72588 5.03372 0.228684
v 6.72588 5.03372 0.228684
v 6.72588 4.73447 0.228684
v 6.65966 4.98332 0.454281
v 6.65966 4.71792 0.454281
v 6.75643 5.06815 -0.024416
v 6.75643 4.74484 -0.024416
v 6.7197 5.03656 0.200996
v 6.7197 4.73756 0.200996
v -6.7197 5.03656 0.200996
v -6.7197 4.73756 0.200996
v -6.75643 5.06815 -0.024416
v -6.75643 4.74484 -0.024416
v -6.75693 5.06958 -0.051184
v -6.75693 4.74336 -0.051184
v -6.7192 5.03664 -0.278621
v -6.7192 4.73497 -0.278621
v 6.7192 4.73497 -0.278621
v 6.7192 5.03664 -0.278621
v 6.75693 5.06958 -0.051184
v 6.75693 4.74336 -0.051184
v 6.72604 4.73295 -0.305057
v 6.6595 4.71533 -0.531133
v 6.6595 4.98127 -0.531133
v 6.72604 5.03282 -0.305057
v -6.72604 5.03282 -0.305057
v -6.72604 4.73295 -0.305057
v -6.6595 4.98127 -0.531133
v -6.6595 4.71533 -0.531133
v -7.08103 4.75394 0.231683
v -7.01657 4.73782 0.451282
v -7.12049 4.7561 0.232016
v -7.05622 4.74003 0.450949
v -7.01657 4.99616 0.451282
v -7.05622 4.99759 0.450949
v -7.08103 5.04523 0.231683
v -7.12049 5.0465 0.232016
v -7.11652 4.78037 -0.06507
v -7.11652 5.06676 -0.06507
v -7.15647 5.06644 -0.066613
v -7.15647 4.78448 -0.066613
v -7.08339 5.03784 -0.264735
v -7.12386 5.03798 -0.263192
v -7.08339 4.77301 -0.264735
v -7.12386 4.77724 -0.263192
v -7.14278 4.76178 0.189613
v -7.14278 5.03058 0.189613
v -7.18979 5.02991 0.188348
v -7.18979 4.76447 0.188348
v -7.17581 5.05899 -0.013033
v -7.22241 5.05797 -0.011768
v -7.17581 4.76832 -0.013033
v -7.22241 4.77093 -0.011768
v -7.00642 4.77106 -0.318141
v -7.00642 5.03622 -0.318141
v -7.03757 5.0366 -0.319595
v -7.03757 4.7753 -0.319595
v -6.94759 4.99063 -0.518048
v -6.9796 4.99167 -0.516595
v -6.94759 4.75548 -0.518048
v -6.9796 4.75994 -0.516595
v -7.16405 4.7557 0.233087
v -7.10042 4.73979 0.449878
v -7.10042 4.99483 0.449878
v -7.16405 5.04326 0.233087
v -7.20573 4.78476 -0.068209
v -7.20573 5.06214 -0.068209
v -7.17365 5.03413 -0.261596
v -7.17365 4.77763 -0.261596
v -7.23955 4.76571 0.186931
v -7.23955 5.0274 0.186931
v -7.68732 5.00474 0.174179
v -7.68732 4.77689 0.174179
v -7.2717 5.05505 -0.010351
v -7.71532 5.02882 0.002401
v -7.2717 4.77208 -0.010351
v -7.71532 4.78244 0.002401
v -7.0758 4.77736 -0.320883
v -7.0758 5.03524 -0.320883
v -7.01859 4.9909 -0.515306
v -7.01859 4.7622 -0.515306
v 5.50882 4.45786 0.002387
v 5.50882 4.61187 -0.337897
v 5.50882 4.61185 0.343931
v 5.50882 5.00449 0.342982
v 5.50881 5.15778 0.002046
v 5.50882 5.003 -0.338856
v -3.77198 4.52673 -0.399804
v -3.77198 4.32935 0.006145
v -3.77198 4.52642 0.433555
v -3.77198 5.02814 0.417412
v -3.77178 5.23811 0.000351
v -3.77198 5.02744 -0.416128
v 3.57899 4.31507 0.006563
v 3.57899 4.51727 -0.406683
v 3.77198 4.52673 -0.399804
v 3.77198 4.32935 0.006145
v 3.57899 4.51692 0.443513
v 3.77198 4.52642 0.433555
v 3.57899 5.03077 0.425682
v 3.77198 5.02814 0.417412
v 3.57878 5.24704 0.000163
v 3.77178 5.23811 0.000351
v 3.57899 5.03015 -0.424714
v 3.77198 5.02744 -0.416128
v -3.38601 4.50781 -0.413562
v -3.38601 4.3008 0.00698
v -3.57899 4.51727 -0.406683
v -3.57899 4.31508 0.006563
v -3.38601 4.50743 0.453471
v -3.57899 4.51692 0.443513
v -3.38601 5.03339 0.433952
v -3.57899 5.03077 0.425682
v -3.38578 5.25596 -2.5e-05
v -3.57878 5.24704 0.000163
v -3.38601 5.03287 -0.4333
v -3.57899 5.03015 -0.424714
v -3.20379 5.03543 -0.441407
v -3.20379 4.49888 -0.420057
v -3.20354 5.26439 -0.000203
v -3.20379 5.03587 0.441761
v -3.20379 4.49847 0.462874
v -3.20379 4.28731 0.007374
vn 0 0.019689 -0.999806
vn 0 0.000145 -1
vn 0 -0.000151 -1
vn 0.881849 -0.051443 -0.468717
vn 0.881775 -0.052064 -0.468787
vn 0.885219 -0.019078 -0.464784
vn 0.645393 -0.00332 0.763843
vn 0.645535 -0.003509 0.763723
vn 0.654166 -0.015119 0.7562
vn 1e-06 0.029019 0.999579
vn 1e-06 0.028845 0.999584
vn -0 -0.035761 0.99936
vn -0.642809 -0.0035 0.766019
vn -0.642601 -0.003307 0.766194
vn -0.655362 -0.015259 0.755161
vn -0.655362 -0.015259 0.75516
vn -0.88444 0.005118 -0.466625
vn -0.884444 0.005309 -0.466616
vn -0.884446 0.046202 -0.464351
vn 0.986979 0 0.160848
vn 0.959519 0 0.281646
vn 0.959319 2e-06 -0.282326
vn 0.986516 0 -0.163668
vn 0.028734 0 -0.999587
vn 0.054167 0.987612 0.147273
vn 0.05416 0.987612 0.147272
vn 0.028467 0 0.999595
vn 0.024137 -0.999307 -0.02835
vn 0.024135 -0.999307 -0.028352
vn 0.024569 0 -0.999698
vn 0.02457 0 -0.999698
vn 0.066387 0.969464 0.236079
vn 0.066385 0.969463 0.236081
vn 0.066384 0.969463 0.236081
vn 0.024221 -0 0.999707
vn -0.007385 -0.99713 -0.075348
vn -0.00738 -0.99713 -0.075347
vn 0.055836 -0.996559 0.061254
vn 0.055836 -0.99656 0.061249
vn 0.033022 0 -0.999455
vn 0.026723 0.97289 -0.229719
vn 0.026729 0.972889 -0.229723
vn 0.033677 0 0.999433
vn 0.033677 1e-06 0.999433
vn 0.032044 -1e-06 -0.999487
vn 0.080971 0.984433 -0.155997
vn 0.080973 0.984433 -0.155995
vn 0.032389 0 0.999475
vn 0.032388 0 0.999475
vn 0.006717 -0.999339 0.03573
vn 0.006726 -0.999339 0.035729
vn 0.006725 -0.999339 0.035729
vn 0.008446 0 -0.999964
vn 0.055112 -0.996853 -0.056976
vn 0.008403 -0 0.999965
vn -0.033438 0.977438 0.208558
vn 0.056525 -0.998135 -0.023038
vn 0.026896 0 0.999638
vn 0.017793 0.989757 0.141649
vn 0.027134 0 -0.999632
vn 0.024134 -0.999307 -0.028352
vn 0.054159 0.987612 0.147272
vn 0.038099 -1e-06 -0.999274
vn 0.103113 -0.994477 0.019558
vn 0.038587 0 0.999255
vn 0.002224 0.989622 -0.143682
vn 0.002224 0.989621 -0.143682
vn 0.006727 -0.999339 0.035729
vn 0.080974 0.984433 -0.155995
vn 0.136288 -0.989976 0.037066
vn 0.046613 0 0.998913
vn -0.021915 0.976114 -0.21615
vn 0.045372 0 -0.99897
vn 0.055836 -0.99656 0.061248
vn 0.02673 0.972889 -0.229724
vn 0.894896 0.034485 -0.444941
vn 0.897353 0.090397 -0.431956
vn 0.88632 -0.020623 -0.462614
vn 0.888166 -0.004608 -0.459501
vn 0.896181 0.187699 0.402031
vn 0.880777 0.075289 0.467509
vn 0.243912 0.868129 -0.432272
vn 2.6e-05 0.216602 0.97626
vn -4.3e-05 0.213096 0.977031
vn 0.019155 0.996239 -0.084504
vn -0.888624 0.099564 0.4477
vn -0.901959 0.235587 0.361895
vn -0.230458 0.859099 -0.456987
vn -0.900883 0.128794 -0.414514
vn -0.900409 0.068208 -0.429665
vn -0.887985 0.039002 -0.458215
vn -0.889209 0.060154 -0.453528
vn -5e-06 0.038566 -0.999256
vn -5e-06 0.03464 -0.9994
vn 0.004363 0.047246 -0.998874
vn 0.00436 0.039915 -0.999194
vn -0.88185 -0.051443 -0.468716
vn -0.881776 -0.052064 -0.468787
vn -0.888166 -0.004608 -0.459501
vn -0.88632 -0.020623 -0.462614
vn -0.645393 -0.00332 0.763843
vn -0.645535 -0.003509 0.763723
vn -0.641428 0.001937 0.767181
vn -1e-06 0.029019 0.999579
vn -1e-06 0.028845 0.999584
vn -2e-06 0.058038 0.998314
vn 0.642809 -0.0035 0.766019
vn 0.642601 -0.003307 0.766194
vn 0.6369 0.001951 0.770944
vn 0.88444 0.005118 -0.466625
vn 0.884444 0.005309 -0.466616
vn 0.889209 0.060154 -0.453528
vn 0.887985 0.039002 -0.458215
vn 5e-06 0.038566 -0.999256
vn 5e-06 0.03464 -0.9994
vn 0.428985 0.895221 -0.120626
vn 0.429822 0.902825 -0.01267
vn 0.344805 0.754991 0.557762
vn 0.996199 -0.025065 -0.083418
vn 0.996816 -0.052467 -0.060036
vn 0.99699 -0.040356 -0.066204
vn 0.996459 -0.020804 -0.081467
vn 0.00116 0.974947 0.222433
vn 0.001124 0.971162 0.238417
vn 0.000182 0.803256 0.595634
vn -0.418934 0.90663 -0.050171
vn -0.418029 0.896878 -0.14444
vn -0.333654 0.77025 0.543498
vn -0.997076 -0.015495 -0.074825
vn -0.994366 -0.009146 -0.105604
vn -0.99551 0.008043 -0.09431
vn -0.998123 -0.004414 -0.061078
vn -0.482478 0.869279 0.107565
vn -0.483509 0.867041 0.120246
vn -0.429822 0.902825 -0.012669
vn -0.428985 0.895221 -0.120625
vn -0.998817 -0.025172 0.041613
vn -0.998998 -0.021652 0.039179
vn -0.965535 -0.022193 0.259326
vn -0.965356 -0.017863 0.260323
vn -0.003851 0.99268 0.120711
vn -0.003894 0.991439 0.130513
vn -0.00116 0.974947 0.222434
vn -0.001124 0.971162 0.238419
vn 0.989569 -0.028813 0.141146
vn 0.999328 -0.025775 0.026045
vn 0.989247 -0.034264 0.142183
vn 0.99923 -0.029764 0.02556
vn 0.471727 0.875217 0.107096
vn 0.471857 0.874909 0.109019
vn 0.418934 0.90663 -0.05017
vn 0.418029 0.896878 -0.14444
vn 0.793683 0.400344 0.458031
vn 0.686441 0.604973 0.403493
vn 0.720147 0.551538 0.420944
vn 0.006337 0.452569 0.891707
vn 0.006158 0.653392 0.756995
vn 0.006147 0.658864 0.752237
vn -0.776166 0.461893 0.42921
vn -0.668836 0.633613 0.388836
vn -0.694431 0.598828 0.398961
vn -0.344804 0.754991 0.557763
vn -0.000182 0.803255 0.595635
vn 0.333654 0.770249 0.543499
vn -0.999328 -0.025775 0.026045
vn -0.999391 -0.017474 0.030189
vn -0.471857 0.874909 0.10902
vn -0.471727 0.875217 0.107096
vn 0.003851 0.99268 0.12071
vn 0.003894 0.991439 0.130512
vn 0.482478 0.869279 0.107565
vn 0.483509 0.867041 0.120245
vn 0.998998 -0.021652 0.039178
vn 0.999086 -0.01412 0.040343
vn 0.997076 -0.015495 -0.074825
vn 0.994366 -0.009146 -0.105604
vn 0.995928 -0.018087 -0.088316
vn 0.993921 -0.014532 -0.109135
vn 0.776166 0.461893 0.42921
vn 0.668836 0.633613 0.388835
vn 0.694432 0.598828 0.39896
vn -0.006337 0.452569 0.891707
vn -0.006158 0.653393 0.756994
vn -0.006147 0.658865 0.752236
vn -0.793683 0.400344 0.458032
vn -0.68644 0.604973 0.403494
vn -0.720147 0.551538 0.420944
vn -0.996742 -0.061123 -0.052622
vn -0.996816 -0.052468 -0.060036
vn -0.996973 -0.051407 -0.058327
vn -0.99699 -0.040356 -0.066204
vn -0.989569 -0.028813 0.141146
vn -0.990119 -0.017974 0.139072
vn 0.965356 -0.017863 0.260323
vn 0.964943 -0.009207 0.2623
vn 0.87711 -0.134712 -0.461011
vn 0.877169 -0.133888 -0.461138
vn 0.836069 -0.13402 0.532004
vn 0.836136 -0.132542 0.532269
vn -0.008191 -0.169704 0.985461
vn -0.008224 -0.170706 0.985288
vn -0.844178 -0.120717 0.522294
vn -0.844224 -0.119487 0.522502
vn -0.887566 -0.107389 -0.447989
vn -0.887497 -0.109066 -0.447721
vn 0.005173 -0.156434 -0.987675
vn 0.005191 -0.157326 -0.987533
vn -0.894896 0.034485 -0.444941
vn -0.897353 0.090397 -0.431956
vn -0.243913 0.86813 -0.432269
vn -0.896181 0.187699 0.402032
vn -0.880776 0.075289 0.467509
vn -0.019155 0.996239 -0.084509
vn -2.6e-05 0.216602 0.97626
vn 4.3e-05 0.213095 0.977031
vn 0.230458 0.859099 -0.456987
vn 0.888624 0.099564 0.447699
vn 0.90196 0.235587 0.361895
vn 0.900409 0.068208 -0.429665
vn 0.900883 0.128794 -0.414514
vn -0.00436 0.039915 -0.999194
vn -0.004363 0.047246 -0.998874
vn -0.079934 0.996106 0.037204
vn 0.889526 0.042988 -0.454857
vn 0.89022 0.019236 -0.455124
vn -0.069215 0.997466 -0.016478
vn 0.84719 0.048134 0.529105
vn 0.84648 0.060349 0.528989
vn 0.012991 0.998422 -0.05464
vn -0.007529 0.047657 0.998835
vn -0.007465 0.052617 0.998587
vn 0.069174 0.997208 -0.028128
vn -0.853989 0.08071 0.513994
vn -0.854325 0.076123 0.514134
vn 0.07627 0.996535 0.033169
vn -0.895248 0.093011 -0.435752
vn -0.896783 0.072923 -0.43642
vn 0.007371 0.065707 -0.997812
vn 0.007384 0.042328 -0.999077
vn -0.000729 0.996832 0.079532
vn -0.877109 -0.134712 -0.461012
vn -0.877169 -0.133887 -0.461139
vn -0.890207 0.019604 -0.455135
vn -0.889501 0.043453 -0.454863
vn -0.836069 -0.13402 0.532003
vn -0.836136 -0.132542 0.532269
vn -0.847173 0.04866 0.529084
vn -0.846463 0.0608 0.528965
vn 0.008191 -0.169704 0.985461
vn 0.008224 -0.170705 0.985288
vn 0.007452 0.053105 0.998561
vn 0.007518 0.048028 0.998818
vn 0.844178 -0.120717 0.522294
vn 0.844225 -0.119487 0.522501
vn 0.853938 0.081408 0.513968
vn 0.854286 0.076696 0.514113
vn 0.887566 -0.107389 -0.44799
vn 0.887497 -0.109066 -0.447721
vn 0.896724 0.073584 -0.43643
vn 0.895169 0.093751 -0.435756
vn -0.007363 0.066297 -0.997773
vn -0.007377 0.042778 -0.999057
vn -0.005191 -0.157326 -0.987533
vn -0.005173 -0.156434 -0.987675
vn 0.096344 0.994305 0.045547
vn 0.084337 0.996098 -0.026015
vn -0.013137 0.997321 -0.071961
vn -0.083619 0.995817 -0.036833
vn -0.09194 0.994933 0.040683
vn 0.000878 0.995304 0.096792
vn 0.996973 -0.051407 -0.058327
vn 0.996742 -0.061123 -0.052622
vn 0.998817 -0.025172 0.041613
vn 0.965535 -0.022193 0.259326
vn 0.641428 0.001937 0.767181
vn 2e-06 0.058038 0.998314
vn -0.6369 0.001951 0.770944
vn -0.99923 -0.029764 0.025561
vn -0.989247 -0.034264 0.142183
vn -0.995928 -0.018087 -0.088316
vn -0.993921 -0.014532 -0.109135
vn -0.885219 -0.019079 -0.464784
vn -0.996199 -0.025065 -0.083418
vn -0.996459 -0.020804 -0.081466
vn -0.999086 -0.01412 0.040343
vn -0.964942 -0.009207 0.262301
vn -0.654166 -0.015119 0.7562
vn 0.655362 -0.015259 0.75516
vn 0.655362 -0.015259 0.755161
vn 0.999391 -0.017474 0.03019
vn 0.990119 -0.017974 0.139072
vn 0.998123 -0.004414 -0.061078
vn 0.99551 0.008043 -0.09431
vn 0.884446 0.046202 -0.464351
vn 0 -1 0
vn 0 -1 -1e-06
vn 0.065739 -0.097495 -0.993062
vn 0.058876 -0.095788 -0.993659
vn 0.084836 -0.102222 -0.991138
vn 0.903037 0.037042 -0.427963
vn 0.903262 0.033484 -0.427781
vn 0.901363 0.059341 -0.42898
vn 0.801554 0.033145 0.597004
vn 0.800025 0.037619 0.598786
vn 0.793108 0.057153 0.606393
vn 0.126047 -0.067153 0.989749
vn 0.130956 -0.071212 0.988827
vn 0.144152 -0.08213 0.986142
vn 0.144151 -0.08213 0.986141
vn -0.822142 -0.091561 0.56187
vn -0.822301 -0.092355 0.561508
vn -0.823027 -0.096025 0.559827
vn -0.879344 -0.128964 -0.458391
vn -0.878929 -0.126128 -0.459973
vn -0.880928 -0.14042 -0.451939
vn 0.111549 0.049406 -0.99253
vn 0.87859 0.219423 -0.424185
vn 0.824593 0.076835 0.560484
vn 0.15679 -0.081826 0.984237
vn -0.582778 -0.585279 0.563754
vn -0.677855 -0.588362 -0.440843
vn -0.351731 -0.833315 -0.426465
vn -0.221747 -0.884401 0.410686
vn 0 -0.906981 0.421171
vn 0 -0.906981 0.421172
vn 0.262018 -0.149908 0.953349
vn 0.11952 0.116731 -0.985946
vn -0.036535 -0.085584 -0.995661
vn -0.058618 -0.088508 -0.994349
vn -0.06423 -0.089244 -0.993937
vn -0.897985 0.026804 -0.439208
vn -0.887931 0.060963 -0.455918
vn -0.888866 0.057978 -0.454485
vn -0.810593 0.005323 0.585585
vn -0.800025 0.037619 0.598786
vn -0.801554 0.033145 0.597003
vn -0.1087 -0.052821 0.99267
vn -0.130956 -0.071212 0.988827
vn -0.126047 -0.067153 0.989749
vn 0.820942 -0.085658 0.56455
vn 0.822301 -0.092355 0.561508
vn 0.822142 -0.091561 0.561871
vn 0.876126 -0.108409 -0.469735
vn 0.879365 -0.125217 -0.459389
vn 0.87895 -0.122959 -0.460792
vn -0.159585 0.006312 -0.987164
vn -0.87859 0.184795 -0.440375
vn -0.824593 0.076835 0.560484
vn -0.15679 -0.081826 0.984237
vn 0.582778 -0.585278 0.563754
vn 0.714318 -0.517805 -0.470773
vn 0.327648 -0.841058 -0.430427
vn 0.221748 -0.884401 0.410686
vn -0.262019 -0.149908 0.953349
vn -0.091267 0.127951 -0.987572
vn 0.862505 0.336995 -0.377518
vn 0.874962 0.262556 0.406823
vn 0.288239 0.032121 0.95702
vn 0.291613 0.038839 0.955747
vn 0.294491 0.044593 0.954613
vn 0.130552 0.381535 -0.915089
vn -0.862994 0.345505 -0.368601
vn -0.862995 0.345505 -0.368601
vn -0.874962 0.262556 0.406824
vn -0.874962 0.262556 0.406823
vn -0.291613 0.038839 0.955747
vn -0.288239 0.032122 0.95702
vn -0.294491 0.044593 0.954613
vn -0.120965 0.397614 -0.909544
vn 0.881047 -0.134737 -0.453434
vn 0.823027 -0.096024 0.559827
vn -0.144151 -0.08213 0.986142
vn -0.793108 0.057153 0.606393
vn -0.880529 0.083498 -0.46658
vn -0.082306 -0.091599 -0.992389
vn -0.876126 -0.108409 -0.469735
vn -0.820942 -0.085658 0.56455
vn 0.1087 -0.052821 0.99267
vn 0.810593 0.005322 0.585585
vn 0.904693 0.003741 -0.426048
vn 0.033685 -0.089489 -0.995418
vn 0.036985 -0.136389 -0.989965
vn 0.893852 -0.076509 -0.441787
vn 0.813615 -0.05654 0.578648
vn 0.056562 -0.077338 0.995399
vn -0.827972 -0.047975 0.558713
vn -0.865556 -0.06725 -0.496277
vn -0.037999 -0.13591 -0.989992
vn -0.893661 -0.076313 -0.442206
vn -0.813615 -0.05654 0.578648
vn -0.056562 -0.077338 0.995399
vn 0.827972 -0.047975 0.558713
vn 0.865556 -0.06725 -0.496277
vn 0.04002 0 -0.999199
vn 0.879037 -0.040914 -0.474995
vn 0.818833 -0.038112 0.572765
vn 0 0 1
vn -0.842488 -0.014438 0.538522
vn -0.856202 -0.014674 -0.516432
vn -0.04002 0 -0.999199
vn -0.879037 -0.040914 -0.474995
vn -0.818833 -0.038112 0.572765
vn 0.842488 -0.014438 0.538522
vn 0.856202 -0.014674 -0.516432
vn 0.856203 -0.014674 -0.516432
vn 0.895813 -0.043476 -0.442301
vn 0.838534 -0.040696 0.543327
vn -0.848779 -0.011706 0.528618
vn -0.848779 -0.011706 0.528617
vn -0.861581 -0.011882 -0.507481
vn -0.895813 -0.043476 -0.442301
vn -0.838534 -0.040696 0.543327
vn 0.84878 -0.011706 0.528617
vn 0.861581 -0.011882 -0.507481
vn 0.034828 0.120815 -0.992064
vn 0.895779 0.014379 -0.444268
vn 0.856692 -0.069226 0.511162
vn 0.002042 -0.040216 0.999189
vn -0.870304 -0.100317 0.48219
vn -0.870304 -0.100317 0.482189
vn -0.878069 0.026893 -0.477778
vn -0.034828 0.120815 -0.992064
vn -0.895779 0.014379 -0.444268
vn -0.856692 -0.069226 0.511162
vn -0.002042 -0.040216 0.999189
vn 0.870304 -0.100317 0.482189
vn 0.878069 0.026893 -0.477778
vn -0.285241 0.02618 0.958098
vn 0.285241 0.02618 0.958098
vn 0.044192 -0.005182 -0.99901
vn 0.897744 -0.018555 -0.440128
vn 0.853378 -0.023629 0.520758
vn 0.853377 -0.023629 0.520758
vn 0 -0.035497 0.99937
vn -0.892032 -0.035891 0.450546
vn -0.899371 -0.042516 -0.435113
vn -0.044192 -0.005182 -0.99901
vn -0.897744 -0.018555 -0.440128
vn -0.853377 -0.023629 0.520758
vn -0.853378 -0.023629 0.520758
vn 0.892032 -0.035891 0.450546
vn 0.899371 -0.042516 -0.435113
vn 0.043265 -0.08399 -0.995527
vn 0.897433 -0.035809 -0.439695
vn 0.847866 -0.029473 0.52939
vn 0 -0.050904 0.998704
vn -0.893612 -0.024286 0.448183
vn -0.89568 -0.025684 -0.443958
vn -0.043265 -0.08399 -0.995527
vn -0.897433 -0.035809 -0.439695
vn -0.847866 -0.029473 0.52939
vn 0.893612 -0.024286 0.448183
vn 0.89568 -0.025684 -0.443958
vn 0.042541 0.028359 -0.998692
vn 0.878921 -0.076403 -0.470808
vn 0.83441 -0.086451 0.544321
vn -0 -0.072659 0.997357
vn -0.87416 -0.072706 0.480165
vn -0.887745 -0.046516 -0.457979
vn -0.042541 0.028337 -0.998693
vn -0.878892 -0.076864 -0.470787
vn -0.834381 -0.086888 0.544296
vn 0.874189 -0.072253 0.48018
vn 0.887764 -0.046054 -0.457989
vn -0.014044 0.938569 0.344807
vn 0.004869 -0.987208 -0.159365
vn -0.228922 0.965806 0.121709
vn 0.165525 -0.983752 -0.06953
vn -0.210533 0.968464 -0.13324
vn 0.18381 -0.978603 0.092462
vn 0.18381 -0.978604 0.092462
vn -1e-06 0.937803 -0.347167
vn -0.005314 -0.96933 0.245706
vn 0.195768 0.975206 -0.103188
vn -0.168718 -0.981358 0.092043
vn 0.201641 0.973547 0.107458
vn -0.160187 -0.984169 -0.075844
vn 0.013982 0.939122 0.3433
vn -0.005051 -0.986225 -0.165333
vn 0.213192 0.970413 0.113346
vn -0.164463 -0.983968 -0.068981
vn 0.197127 0.972408 -0.124753
vn -0.182073 -0.979035 0.091324
vn 1e-06 0.937802 -0.34717
vn 0.005335 -0.967218 0.25389
vn 0.005335 -0.967219 0.25389
vn -0.209029 0.971683 -0.11018
vn 0.183384 -0.97789 0.100503
vn -0.215711 0.969667 0.114959
vn 0.17452 -0.98117 -0.08275
vn 0.16596 0.087981 -0.9822
vn 0.197589 -0.018797 -0.980105
vn 0.198655 -0.022543 -0.97981
vn -0.16596 0.08798 -0.9822
vn -0.197589 -0.018797 -0.980105
vn -0.198655 -0.022543 -0.97981
vn -0.929343 0.02455 -0.368399
vn -0.938613 -0.103137 -0.329195
vn -0.93863 -0.112492 -0.326066
vn -0.947419 -0.041643 0.317276
vn -0.940333 -0.112917 0.320972
vn -0.940326 -0.11297 0.320974
vn -0.312636 -0.185111 0.931661
vn -0.375953 -0.13986 0.916023
vn -0.375998 -0.139827 0.91601
vn 0.312636 -0.185111 0.931661
vn 0.375953 -0.13986 0.916023
vn 0.375998 -0.139827 0.91601
vn 0.947419 -0.041643 0.317276
vn 0.940333 -0.112917 0.320972
vn 0.940326 -0.11297 0.320974
vn 0.929343 0.02455 -0.368399
vn 0.938613 -0.103137 -0.329195
vn 0.93863 -0.112491 -0.326066
vn 0.341124 0.93756 -0.067943
vn 0.278379 0.935551 0.21737
vn 0.379547 0.193497 0.904712
vn 0.363885 0.231815 0.902136
vn 0.141264 0.635108 0.759396
vn 0.141264 0.635108 0.759397
vn -0.363885 0.231816 0.902136
vn -0.379547 0.193497 0.904712
vn -0.141264 0.635108 0.759396
vn -0.141264 0.635108 0.759397
vn -0.278379 0.935551 0.21737
vn -0.341125 0.93756 -0.067943
vn -0.341124 0.93756 -0.067943
vn -0.2161 0.145419 -0.965481
vn -0.212854 0.031881 -0.976564
vn -0.16702 0.789474 -0.590623
vn 0.212854 0.031881 -0.976564
vn 0.2161 0.145419 -0.965481
vn 0.16702 0.789474 -0.590623
vn 0.446783 -0.003378 0.894636
vn 0.444448 0.004898 0.895792
vn -0.444448 0.004898 0.895791
vn -0.446783 -0.003378 0.894636
vn -0.212543 -0.075304 -0.974246
vn -0.212084 -0.071274 -0.974649
vn 0.212084 -0.071274 -0.974649
vn 0.212543 -0.075304 -0.974246
vn 0.960936 -0.155064 -0.229254
vn 0.960297 -0.154796 -0.232094
vn 0.967068 -0.157764 -0.199722
vn 0.967069 -0.157764 -0.199722
vn 0.930048 -0.106582 0.351639
vn 0.929802 -0.105733 0.352545
vn 0.926386 -0.094421 0.364546
vn 0.44189 -0.060147 0.895051
vn 0.442565 -0.059213 0.89478
vn -0.442565 -0.059212 0.89478
vn -0.44189 -0.060147 0.895051
vn -0.929802 -0.105733 0.352545
vn -0.930048 -0.106582 0.351639
vn -0.926386 -0.094421 0.364546
vn -0.960297 -0.154796 -0.232093
vn -0.960936 -0.155064 -0.229254
vn -0.967069 -0.157764 -0.199722
vn -0.212817 -0.085762 -0.973321
vn -0.21317 -0.087655 -0.973075
vn 0.21317 -0.087655 -0.973075
vn 0.212817 -0.085762 -0.973321
vn 0.397186 -0.824086 -0.403889
vn 0.382869 -0.021858 -0.923544
vn 0.382919 0.900574 -0.205767
vn 0.492555 -0.709595 0.503849
vn 0.28813 0.922019 0.258578
vn 0.337042 0.014518 0.941378
vn -0.508331 -0.848815 0.145299
vn -0.492554 -0.709596 0.503849
vn -0.495363 -0.868648 0.008149
vn -0.337042 0.014518 0.941378
vn -0.288132 0.922019 0.258577
vn -0.342351 0.93864 0.041843
vn -0.349796 0.936812 0.005127
vn -0.397184 -0.824086 -0.403889
vn -0.382921 0.900573 -0.205766
vn -0.382869 -0.021858 -0.923544
vn 0 -0.89911 -0.437723
vn 0.000351 0.007521 -0.999972
vn 0.067056 0.923953 -0.376582
vn 0 -0.88897 0.457966
vn 0.05285 0.950512 0.306159
vn 0.001006 0.035019 0.999386
vn 0 -0.888969 0.457967
vn -0.001006 0.03502 0.999386
vn -0.05285 0.950513 0.306158
vn -0.067056 0.923954 -0.376581
vn -0.000351 0.007521 -0.999972
vn -0.067041 -0.907744 0.414133
vn -0.067042 -0.909715 0.409785
vn -0.046844 0.018218 0.998736
vn -0.046845 0.01818 0.998737
vn -0.047153 0.001217 0.998887
vn -0.03601 0.90177 0.430714
vn -0.03601 0.901779 0.430694
vn -0.035854 0.912164 0.408254
vn -0.062663 -0.903301 -0.424406
vn -0.062662 -0.903292 -0.424425
vn -0.06282 -0.909669 -0.410555
vn -0.037007 0.900574 -0.433125
vn -0.037007 0.900563 -0.433147
vn -0.036824 0.910599 -0.411648
vn -0.04035 -0.018443 -0.999015
vn -0.04035 -0.018481 -0.999015
vn -0.040056 -0.001236 -0.999197
vn 0.075581 0.802998 0.591169
vn -0.075582 0.802999 0.591169
vn 0.130136 0.85315 -0.505173
vn -0.130136 0.853151 -0.505171
vn -0.279656 0.959912 0.019013
vn -0.186271 0.956887 0.222866
vn -0.186271 0.956888 0.222866
vn 0.035818 0.914051 0.404015
vn -0.035818 0.914051 0.404015
vn 0.186271 0.956888 0.222866
vn 0.186271 0.956887 0.222866
vn 0.279656 0.959912 0.019013
vn 0.233248 0.113783 -0.965738
vn -0.233248 0.113783 -0.965738
vn -0.918303 0.040318 -0.393819
vn -0.916888 -0.033423 0.397743
vn -0.22604 -0.0727 0.971401
vn 0.22604 -0.0727 0.971402
vn 0.22604 -0.0727 0.971401
vn 0.916888 -0.033423 0.397743
vn 0.918304 0.040318 -0.393818
vn 0.06244 -0.894956 -0.441763
vn 0.062454 -0.895466 -0.440727
vn 0.062454 -0.895458 -0.440743
vn 0.067033 -0.905349 0.419343
vn 0.067033 -0.90535 0.419343
vn 0.067034 -0.905489 0.419042
vn 0.067034 -0.905489 0.419043
vn 0.046464 0.038141 0.998192
vn 0.046486 0.036988 0.998234
vn 0.046486 0.037017 0.998233
vn 0.036174 0.888467 0.457513
vn 0.036164 0.88926 0.455971
vn 0.036164 0.889264 0.455962
vn 0.037206 0.887722 -0.458874
vn 0.037194 0.888487 -0.457391
vn 0.037194 0.888493 -0.45738
vn 0.040679 -0.038643 -0.998425
vn 0.040661 -0.037503 -0.998469
vn 0.04066 -0.03748 -0.99847
vn -0.223597 -0.917407 -0.329193
vn -0.745876 1e-06 -0.666085
vn -0.745876 1e-06 -0.666084
vn -0.257058 0.910017 -0.325255
vn -0.037485 -0.927869 0.371018
vn -0.161022 0.93427 0.318139
vn -0.578986 0.007675 0.815302
vn 0.037485 -0.927868 0.371019
vn 0.578986 0.007675 0.815302
vn 0.578986 0.007675 0.815301
vn 0.161022 0.93427 0.318139
vn 0.223598 -0.917407 -0.329194
vn 0.257058 0.910016 -0.325257
vn 0.745876 1e-06 -0.666085
vn 0.285539 -0.938993 -0.19173
vn -0 0 -1
vn 0.031025 0.959704 -0.279296
vn 0.190594 -0.974072 0.12189
vn 0.234775 -0.950248 0.204716
vn 0.165934 -0.983159 0.076581
vn 0.025402 0.968909 0.246109
vn 0.02035 0.96315 0.268195
vn 0.017519 0.959698 0.280487
vn 0.675746 -0.195557 0.710721
vn -0.234776 -0.950249 0.204715
vn -0.190594 -0.974072 0.121889
vn -0.165935 -0.983159 0.076581
vn -0.234776 -0.950248 0.204715
vn -0.675746 -0.195557 0.710721
vn -0.02035 0.96315 0.268194
vn -0.025402 0.968909 0.246108
vn -0.017519 0.959698 0.280486
vn -0.025402 0.96891 0.246108
vn -0.285539 -0.938993 -0.19173
vn -0.031025 0.959703 -0.279298
vn 0.106214 -0.994266 -0.012394
vn 0.109818 -0.993899 -0.010197
vn 0.153648 -0.987986 0.016631
vn 0.042969 0.967301 -0.249964
vn 0.050632 0.969771 -0.238708
vn 0.054183 0.970853 -0.233471
vn 0.122072 -0.992519 0.002029
vn 0.12575 -0.992062 0.000385
vn 0.127894 -0.991788 -0.000574
vn 0.071501 0.973336 0.217957
vn 0.073765 0.974124 0.213638
vn 0.105891 0.982783 0.151412
vn 0.002339 0.00497 0.999985
vn -0.12575 -0.992062 0.000385
vn -0.127894 -0.991788 -0.000575
vn -0.153658 -0.98805 -0.012126
vn -0.002339 0.00497 0.999985
vn -0.066793 0.971623 0.22691
vn -0.071501 0.973336 0.217957
vn -0.073765 0.974124 0.213638
vn -0.099677 -0.994885 -0.016375
vn -0.106214 -0.994266 -0.012394
vn -0.109818 -0.9939 -0.010197
vn -0.050631 0.96977 -0.238709
vn -0.054182 0.970853 -0.233472
vn -0.105817 0.982096 -0.155854
vn -0.823966 0.042111 0.565073
vn -0.772659 0.022737 0.634414
vn -0.784784 0.027131 0.619175
vn -0.050114 -0.942473 -0.330504
vn -0.034106 -0.957164 -0.287532
vn 0.879806 -0.02056 -0.474888
vn 0.808663 -0.027432 -0.587632
vn 0.839663 -0.024666 -0.542548
vn 0.074308 0.889305 0.451236
vn 0.050318 0.906085 0.420093
vn 0.670252 -0.035533 0.741283
vn 0.684102 -0.023058 0.729022
vn 0.633693 -0.067036 0.770675
vn -0.168232 0.819466 0.547881
vn -0.198018 0.799251 0.567439
vn -0.245534 0.76368 0.597082
vn -0.741685 -0.028279 -0.670152
vn -0.730331 -0.024982 -0.682637
vn -0.699636 -0.01633 -0.714313
vn 0.079971 -0.915972 -0.393193
vn 0.076449 -0.916416 -0.392857
vn 0.084341 -0.915403 -0.393603
vn -0.670251 -0.035532 0.741283
vn -0.684102 -0.023057 0.729022
vn 0.168232 0.819466 0.547881
vn 0.198017 0.799251 0.567439
vn 0.730331 -0.024982 -0.682637
vn 0.741685 -0.028279 -0.670152
vn -0.079971 -0.915971 -0.393194
vn -0.076449 -0.916416 -0.392858
vn 0.823966 0.042111 0.565073
vn 0.77266 0.022736 0.634413
vn 0.784784 0.027131 0.619175
vn -0.074308 0.889305 0.451236
vn -0.050318 0.906085 0.420092
vn -0.879806 -0.02056 -0.474888
vn -0.808663 -0.027433 -0.587632
vn -0.839663 -0.024666 -0.542548
vn 0.050114 -0.942474 -0.330502
vn 0.034106 -0.957164 -0.28753
vn -0.633693 -0.067036 0.770675
vn 0.245534 0.763679 0.597083
vn 0.699636 -0.01633 -0.714313
vn -0.084341 -0.915404 -0.393602
vn 0.066793 0.971623 0.22691
vn -0.105891 0.982782 0.151413
vn 0.105817 0.982096 -0.155855
vn -0.042968 0.967301 -0.249965
vn 0.153659 -0.98805 -0.012124
vn -0.122072 -0.992519 0.002029
vn 0.099678 -0.994885 -0.016375
vn -0.153648 -0.987986 0.016636
vn -0.959518 0 0.281646
vn -0.986516 0 -0.163668
vn -0.959319 3e-06 -0.282326
vn -0.967966 -3e-05 0.25108
vn -0.958169 0 -0.286202
vn -0.967965 -3.2e-05 0.251087
vn -0.967964 -3.2e-05 0.251087
vn 0.958169 0 -0.286202
vn 0.967964 -2.6e-05 0.251089
vn 0.967965 2e-05 0.251087
vn 0.989166 0 -0.146799
vn 0.989665 1.7e-05 0.143398
vn 0.989665 -3.4e-05 0.143398
vn -0.989166 0 -0.1468
vn -0.989666 2.3e-05 0.143396
vn -0.989665 2.3e-05 0.143396
vn -0.989665 1.7e-05 0.143399
vn -0.980813 -2e-06 0.194949
vn -0.989458 0 -0.144818
vn -0.980813 2e-06 0.19495
vn -0.989459 1.2e-05 -0.144814
vn 0.980813 2e-06 0.19495
vn 0.989458 -1.6e-05 -0.144818
vn 0.980813 0 0.19495
vn 0.989459 5e-05 -0.144814
vn 0.967871 3e-06 -0.251448
vn 0.953632 0 0.300977
vn 0.96787 -1.5e-05 -0.251449
vn 0.953642 0 0.300944
vn -0.953642 2e-06 0.300944
vn -0.967873 -2.3e-05 -0.25144
vn -0.953632 0 0.300976
vn -0.967871 -3.2e-05 -0.251446
vn 0.017795 0.989757 0.14165
vn 0.056524 -0.998135 -0.023036
vn 0.056524 -0.998136 -0.023036
vn -0.055113 -0.996853 -0.056982
vn -0.055118 -0.996853 -0.056983
vn -0.008403 -0 0.999965
vn 0.03343 0.977438 0.20856
vn 0.033431 0.977438 0.20856
vn 0.033438 0.977438 0.20856
vn -0.008444 0 -0.999964
vn -0.008445 0 -0.999964
vn 0.008444 0 -0.999964
vn -0.033429 0.977438 0.20856
vn -0.033431 0.977438 0.208559
vn 0.008402 -0 0.999965
vn 0.055112 -0.996853 -0.056981
vn -0.038587 -0 0.999255
vn -0.002222 0.989621 -0.143683
vn -0.002221 0.989621 -0.143683
vn -0.002224 0.989621 -0.143683
vn -0.0381 -1e-06 -0.999274
vn -0.103113 -0.994477 0.01956
vn -0.103113 -0.994477 0.019556
vn 0.136281 -0.989977 0.037064
vn 0.136282 -0.989977 0.037064
vn -0.021915 0.976116 -0.216144
vn -0.021915 0.976115 -0.216145
vn 0.046615 0 0.998913
vn 0.0381 -1e-06 -0.999274
vn 0.002221 0.989621 -0.143684
vn 0.002222 0.989621 -0.143684
vn 0.103112 -0.994477 0.01956
vn -0.026896 0 0.999638
vn -0.017795 0.989757 0.14165
vn -0.017793 0.989757 0.14165
vn -0.027134 -0 -0.999632
vn -0.056524 -0.998136 -0.023033
vn -0.05652 -0.998136 -0.023036
vn -0.046615 0 0.998913
vn -0.046613 0 0.998913
vn 0.021916 0.976116 -0.216144
vn 0.021916 0.976113 -0.216154
vn -0.045372 0 -0.99897
vn -0.045371 0 -0.99897
vn -0.136281 -0.989977 0.037064
vn -0.136281 -0.989977 0.037063
vn -0.136286 -0.989976 0.037063
vn 0.00738 -0.99713 -0.075351
vn 0.007379 -0.99713 -0.075351
vn -0.024221 -0 0.999707
vn -0.066385 0.969463 0.236081
vn -0.02457 0 -0.999698
vn -0.032388 -0 0.999475
vn -0.080973 0.984433 -0.155995
vn -0.080974 0.984433 -0.155996
vn -0.032044 -1e-06 -0.999487
vn -0.006725 -0.999339 0.035729
vn -0.006727 -0.999339 0.035729
vn -0.028467 0 0.999595
vn -0.05416 0.987612 0.147272
vn -0.028734 -0 -0.999587
vn -0.024135 -0.999307 -0.028352
vn -0.033677 1e-06 0.999433
vn -0.026729 0.972889 -0.229725
vn -0.02673 0.972888 -0.229725
vn -0.033022 0 -0.999455
vn -0.055836 -0.99656 0.06125
vn -0.055836 -0.99656 0.061249
vn -0.055836 -0.99656 0.061248
vn -0.055112 -0.996853 -0.056981
vn -0.008402 -0 0.999965
vn -0.024569 0 -0.999698
vn 0.007385 -0.99713 -0.075348
vn -0.066387 0.969463 0.23608
vn -0.024137 -0.999307 -0.02835
vn -0.054167 0.987612 0.147272
vn -0.103112 -0.994477 0.01956
vn -0.032045 -1e-06 -0.999486
vn -0.006716 -0.999339 0.035731
vn -0.080968 0.984435 -0.15599
vn 0.021916 0.976116 -0.216142
vn -0.055836 -0.996559 0.061256
vn -0.033677 0 0.999433
vn -0.026723 0.97289 -0.229719
vn -0.033021 0 -0.999455
vn 0.062662 -0.903292 -0.424425
vn 0.062663 -0.903301 -0.424407
vn 0.062821 -0.90967 -0.410554
vn 0.067041 -0.907744 0.414134
vn 0.067044 -0.909714 0.409788
vn 0.046845 0.01818 0.998737
vn 0.046844 0.018218 0.998736
vn 0.047153 0.001217 0.998887
vn 0.03601 0.901779 0.430694
vn 0.03601 0.90177 0.430714
vn 0.035854 0.912164 0.408254
vn 0.037007 0.900563 -0.433147
vn 0.037007 0.900574 -0.433125
vn 0.036824 0.910599 -0.411648
vn 0.04035 -0.018481 -0.999015
vn 0.04035 -0.018443 -0.999015
vn 0.040056 -0.001236 -0.999197
vn -0.062636 -0.902297 -0.426542
vn -0.062636 -0.902279 -0.426579
vn -0.06704 -0.907443 0.414792
vn -0.06704 -0.907444 0.414791
vn -0.046796 0.020784 0.998688
vn -0.046797 0.020712 0.99869
vn -0.036033 0.900138 0.434111
vn -0.036033 0.90015 0.434087
vn -0.037033 0.899002 -0.436375
vn -0.037034 0.898988 -0.436405
vn -0.040393 -0.021014 -0.998963
vn -0.040394 -0.021075 -0.998962
vn 0.062481 -0.896479 -0.438658
vn 0.062481 -0.896487 -0.438642
vn 0.062636 -0.902297 -0.426542
vn 0.062636 -0.902279 -0.426579
vn 0.067035 -0.905773 0.418426
vn 0.067035 -0.905773 0.418427
vn 0.06704 -0.907443 0.414792
vn 0.06704 -0.907443 0.414793
vn 0.046532 0.034652 0.998316
vn 0.046531 0.034682 0.998315
vn 0.046797 0.020712 0.99869
vn 0.046796 0.020784 0.998688
vn 0.036146 0.890878 0.452802
vn 0.036146 0.890873 0.452811
vn 0.036033 0.900138 0.434111
vn 0.036033 0.90015 0.434087
vn 0.037171 0.890045 -0.454354
vn 0.037171 0.890051 -0.454342
vn 0.037034 0.898988 -0.436405
vn 0.037033 0.899002 -0.436375
vn 0.040623 -0.035143 -0.998556
vn 0.040623 -0.035118 -0.998557
vn 0.040394 -0.021075 -0.998962
vn 0.040393 -0.021014 -0.998963
vn -0.062455 -0.895466 -0.440727
vn -0.062455 -0.895458 -0.440743
vn -0.062482 -0.896487 -0.438642
vn -0.062481 -0.896479 -0.438658
vn -0.067035 -0.905489 0.419042
vn -0.067035 -0.905774 0.418426
vn -0.067035 -0.905773 0.418427
vn -0.046486 0.037017 0.998233
vn -0.046486 0.036988 0.998234
vn -0.046532 0.034652 0.998316
vn -0.046531 0.034682 0.998315
vn -0.036164 0.88926 0.455971
vn -0.036164 0.889264 0.455962
vn -0.036146 0.890873 0.452811
vn -0.036146 0.890878 0.452801
vn -0.037194 0.888493 -0.45738
vn -0.037194 0.888487 -0.457391
vn -0.037171 0.890045 -0.454355
vn -0.037171 0.890051 -0.454342
vn -0.04066 -0.03748 -0.99847
vn -0.040661 -0.037503 -0.998469
vn -0.040623 -0.035143 -0.998556
vn -0.040623 -0.035118 -0.998557
vn 0 1 0
vn -0.040679 -0.038643 -0.998425
vn -0.037206 0.887722 -0.458874
vn -0.036174 0.888467 0.457513
vn -0.046464 0.038141 0.998192
vn -0.067033 -0.905349 0.419344
vn -0.06244 -0.894956 -0.441763
vn -0.733269 0.275208 -0.621754
vn 0.733268 0.275209 -0.621753
vn 0.733269 0.275209 -0.621753
vn -0.798488 0.589219 -0.12344
vn 0.798487 0.589221 -0.123441
vn -0.943377 0.331327 -0.016185
vn 0.943376 0.33133 -0.016185
vn -0.183134 0.262126 0.947498
vn 0.183135 0.262127 0.947497
vn 0.999992 0.003869 0.001342
vn 0.999993 0.000143 0.003827
vn -0.999993 0.000143 0.003827
vn -0.999992 0.003869 0.001342
vn 0.999999 -0.001435 0.000709
vn 0.999999 -0.001493 -0.00073
vn 0.999992 -3.6e-05 -0.004081
vn 0.999988 0.004597 -0.001968
vn 0.999987 0.004597 -0.001968
vn -0.999987 0.004598 -0.001968
vn -0.999988 0.004598 -0.001968
vn -0.999992 -3.6e-05 -0.004081
vn -0.999999 -0.001493 -0.00073
vn -0.999999 -0.001436 0.000709
vn -0.986979 3e-06 0.160848
vt 0.944039 0.02542
vt 0.944039 0.03171
vt 0.926067 0.032197
vt 0.926239 0.025923
vt 0.905564 0.032228
vt 0.905997 0.025976
vt 0.863354 0.030919
vt 0.850199 0.030351
vt 0.863424 0.024642
vt 0.850408 0.024099
vt 0.832029 0.029711
vt 0.832217 0.023479
vt 0.818874 0.029416
vt 0.819261 0.023148
vt 0.964568 0.031359
vt 0.964282 0.025104
vt 0.967466 0.399881
vt 0.958794 0.399985
vt 0.959569 0.393875
vt 0.967577 0.393765
vt 0.968179 0.323514
vt 0.958966 0.323417
vt 0.960595 0.316279
vt 0.96872 0.316289
vt 0.968952 0.541797
vt 0.969208 0.548227
vt 0.962368 0.548309
vt 0.960575 0.541929
vt 0.968324 0.47729
vt 0.960675 0.477373
vt 0.95977 0.471537
vt 0.968061 0.471452
vt 0.968055 0.417241
vt 0.957984 0.417372
vt 0.958054 0.415634
vt 0.968002 0.415511
vt 0.860396 0.357845
vt 0.867566 0.357222
vt 0.867401 0.358966
vt 0.860333 0.359581
vt 0.95842 0.376411
vt 0.967764 0.376286
vt 0.967738 0.378028
vt 0.958542 0.378156
vt 0.874109 0.265561
vt 0.881193 0.266391
vt 0.874239 0.267307
vt 0.881222 0.268124
vt 0.967826 0.33881
vt 0.957623 0.338748
vt 0.957741 0.3372
vt 0.967868 0.337289
vt 0.868902 0.354355
vt 0.876976 0.352903
vt 0.876804 0.354451
vt 0.86881 0.355889
vt 0.959503 0.300773
vt 0.968633 0.300703
vt 0.968632 0.302285
vt 0.95963 0.30234
vt 0.864889 0.260966
vt 0.872741 0.262702
vt 0.86503 0.262514
vt 0.872805 0.264233
vt 0.890971 0.259572
vt 0.897993 0.257807
vt 0.897888 0.259177
vt 0.890958 0.260919
vt 0.969595 0.560836
vt 0.962724 0.560901
vt 0.962608 0.559711
vt 0.969644 0.559643
vt 0.843509 0.349289
vt 0.850707 0.350966
vt 0.843616 0.350657
vt 0.85072 0.352312
vt 0.959765 0.527407
vt 0.969525 0.527251
vt 0.969497 0.528708
vt 0.959816 0.528867
vt 0.968734 0.494753
vt 0.959456 0.494887
vt 0.959593 0.493118
vt 0.968669 0.492999
vt 0.852571 0.35446
vt 0.85958 0.355434
vt 0.859545 0.357172
vt 0.85265 0.356214
vt 0.958088 0.454214
vt 0.967997 0.45412
vt 0.968 0.455841
vt 0.958254 0.455934
vt 0.882263 0.264037
vt 0.889196 0.263
vt 0.882291 0.265769
vt 0.889111 0.264749
vt 0.967907 0.340185
vt 0.957649 0.340149
vt 0.864778 0.259574
vt 0.872654 0.261316
vt 0.959532 0.299365
vt 0.968716 0.299282
vt 0.86904 0.352975
vt 0.877138 0.351518
vt 0.873384 0.278009
vt 0.866301 0.276443
vt 0.867977 0.369689
vt 0.87526 0.368379
vt 0.873987 0.26391
vt 0.881161 0.26475
vt 0.958365 0.374756
vt 0.967842 0.374635
vt 0.860467 0.356207
vt 0.867728 0.355576
vt 0.968163 0.418867
vt 0.957979 0.419004
vt 0.881486 0.283729
vt 0.875406 0.283017
vt 0.859764 0.3752
vt 0.865918 0.374665
vt 0.968944 0.496184
vt 0.959449 0.496327
vt 0.882235 0.262624
vt 0.889277 0.261571
vt 0.958074 0.452816
vt 0.968122 0.452721
vt 0.852481 0.353039
vt 0.859601 0.354028
vt 0.888352 0.280491
vt 0.882545 0.281359
vt 0.853357 0.372005
vt 0.859227 0.372821
vt 0.890971 0.258466
vt 0.898097 0.256674
vt 0.959764 0.526236
vt 0.969664 0.526075
vt 0.843394 0.348168
vt 0.850699 0.34987
vt 0.969627 0.561783
vt 0.962872 0.561847
vt 0.890846 0.273039
vt 0.896949 0.271504
vt 0.844582 0.362964
vt 0.850838 0.364422
vt 0.67566 0.153126
vt 0.696741 0.157145
vt 0.698444 0.159215
vt 0.676345 0.15545
vt 0.715191 0.146708
vt 0.716445 0.149004
vt 0.734246 0.140528
vt 0.734398 0.143191
vt 0.75528 0.14274
vt 0.755685 0.145891
vt 0.636713 0.144015
vt 0.65589 0.147312
vt 0.636891 0.146363
vt 0.656288 0.149486
vt 0.603444 0.029308
vt 0.623917 0.029656
vt 0.603769 0.059397
vt 0.624645 0.055392
vt 0.666208 0.029317
vt 0.679385 0.029057
vt 0.679077 0.042379
vt 0.666464 0.043929
vt 0.697581 0.028841
vt 0.698064 0.042202
vt 0.710751 0.028854
vt 0.710896 0.043356
vt 0.564993 0.027846
vt 0.585493 0.028531
vt 0.584276 0.058534
vt 0.563654 0.053396
vt 0.849998 0.064283
vt 0.840018 0.066188
vt 0.84057 0.056429
vt 0.88881 0.031729
vt 0.889013 0.025474
vt 0.823246 0.065807
vt 0.822392 0.056159
vt 0.812494 0.06367
vt 0.793687 0.028343
vt 0.776942 0.027573
vt 0.776932 0.021307
vt 0.793958 0.022092
vt 0.692612 0.075557
vt 0.679238 0.072473
vt 0.693556 0.066717
vt 0.683576 0.064811
vt 0.657445 0.040196
vt 0.657361 0.029425
vt 0.711027 0.075539
vt 0.710328 0.066337
vt 0.71938 0.028718
vt 0.719602 0.039442
vt 0.724626 0.072185
vt 0.72108 0.064201
vt 0.861877 0.105476
vt 0.841123 0.102394
vt 0.841114 0.086104
vt 0.855662 0.087759
vt 0.823039 0.102132
vt 0.822732 0.086211
vt 0.802159 0.105474
vt 0.807159 0.087434
vt 0.693005 0.056958
vt 0.711183 0.056689
vt 0.810258 0.02908
vt 0.810523 0.022827
vt 0.822546 0.075009
vt 0.808948 0.071653
vt 0.840961 0.075028
vt 0.854335 0.071946
vt 0.872187 0.031232
vt 0.872387 0.024977
vt 0.735979 0.028369
vt 0.752752 0.02799
vt 0.736299 0.044669
vt 0.753066 0.053657
vt 0.731412 0.106006
vt 0.710532 0.102662
vt 0.710841 0.086741
vt 0.726413 0.087965
vt 0.692448 0.102923
vt 0.692459 0.086633
vt 0.671694 0.106003
vt 0.67791 0.088286
vt 0.640899 0.045807
vt 0.640709 0.029542
vt 0.677526 0.133795
vt 0.696245 0.135923
vt 0.713722 0.134174
vt 0.730644 0.128566
vt 0.74626 0.120571
vt 0.641775 0.120836
vt 0.660356 0.129095
vt 0.847992 0.152701
vt 0.827216 0.157145
vt 0.847342 0.150768
vt 0.827089 0.155097
vt 0.810165 0.149286
vt 0.809302 0.145968
vt 0.789904 0.142578
vt 0.789103 0.139457
vt 0.76822 0.143566
vt 0.768175 0.140653
vt 0.88908 0.143956
vt 0.867262 0.146987
vt 0.866607 0.144918
vt 0.886892 0.141603
vt 0.679432 0.124749
vt 0.696201 0.127193
vt 0.696227 0.129028
vt 0.678877 0.126757
vt 0.712078 0.12593
vt 0.712447 0.127686
vt 0.727062 0.120723
vt 0.727744 0.122149
vt 0.740094 0.112324
vt 0.743553 0.113686
vt 0.647298 0.112489
vt 0.663574 0.12109
vt 0.643923 0.113804
vt 0.66298 0.122861
vt 0.844485 0.131898
vt 0.825958 0.134009
vt 0.843145 0.124933
vt 0.825974 0.127184
vt 0.808658 0.132282
vt 0.809919 0.125861
vt 0.791909 0.126735
vt 0.794778 0.120384
vt 0.776451 0.118825
vt 0.779129 0.11201
vt 0.879866 0.119063
vt 0.861477 0.127243
vt 0.858879 0.121073
vt 0.877738 0.112104
vt 0.84266 0.123211
vt 0.826054 0.125587
vt 0.810452 0.123625
vt 0.795818 0.118342
vt 0.782587 0.110619
vt 0.858112 0.119112
vt 0.874272 0.110508
vt 0.925217 0.062302
vt 0.904377 0.05793
vt 0.888271 0.047995
vt 0.871856 0.041992
vt 0.862759 0.045509
vt 0.850196 0.043665
vt 0.831235 0.043046
vt 0.818391 0.043898
vt 0.809786 0.039785
vt 0.792987 0.044617
vt 0.77603 0.053203
vt 0.965486 0.056958
vt 0.944755 0.061763
vt 0.603364 0.023039
vt 0.623612 0.02339
vt 0.640658 0.023284
vt 0.657308 0.023163
vt 0.666285 0.023035
vt 0.679322 0.022796
vt 0.697538 0.022601
vt 0.71051 0.022572
vt 0.719261 0.022456
vt 0.735854 0.022108
vt 0.752909 0.02172
vt 0.56538 0.021603
vt 0.585594 0.022249
vt 0.583869 0.145178
vt 0.574452 0.127265
vt 0.601718 0.145175
vt 0.611223 0.127259
vt 0.572988 0.110267
vt 0.612658 0.11026
vt 0.572544 0.09367
vt 0.614019 0.093663
vt 0.57376 0.084989
vt 0.611664 0.084993
vt 0.583596 0.076603
vt 0.601749 0.0766
vt 0.933674 0.148609
vt 0.924169 0.130693
vt 0.960941 0.130699
vt 0.951523 0.148613
vt 0.922735 0.113695
vt 0.962405 0.113701
vt 0.921374 0.097098
vt 0.962849 0.097105
vt 0.923729 0.088427
vt 0.961633 0.088424
vt 0.933644 0.080034
vt 0.951797 0.080037
vt 0.376976 0.29175
vt 0.407655 0.286911
vt 0.375265 0.310816
vt 0.407513 0.300947
vt 0.341735 0.291918
vt 0.338886 0.313126
vt 0.313139 0.283569
vt 0.308775 0.302802
vt 0.287357 0.272355
vt 0.284374 0.289964
vt 0.461762 0.219442
vt 0.494538 0.218666
vt 0.498748 0.233482
vt 0.461855 0.233112
vt 0.423905 0.219486
vt 0.420712 0.231243
vt 0.412248 0.317148
vt 0.369883 0.348784
vt 0.3347 0.343322
vt 0.304246 0.34315
vt 0.280498 0.295741
vt 0.499075 0.239558
vt 0.461555 0.241105
vt 0.41873 0.246356
vt 0.422726 0.263801
vt 0.495623 0.26368
vt 0.257542 0.346903
vt 0.257564 0.305669
vt 0.424785 0.33021
vt 0.410344 0.369684
vt 0.107791 0.274147
vt 0.13765 0.276214
vt 0.107709 0.286394
vt 0.137661 0.29158
vt 0.171299 0.272941
vt 0.173292 0.291783
vt 0.199314 0.269251
vt 0.201999 0.283504
vt 0.224911 0.259167
vt 0.227844 0.272388
vt 0.016206 0.221449
vt 0.047485 0.224653
vt 0.014733 0.233182
vt 0.04751 0.233595
vt 0.083369 0.222643
vt 0.085358 0.233182
vt 0.107868 0.300298
vt 0.138357 0.311268
vt 0.144925 0.348421
vt 0.106258 0.315249
vt 0.17609 0.312917
vt 0.18048 0.343148
vt 0.206311 0.302712
vt 0.21086 0.343036
vt 0.230765 0.289955
vt 0.234632 0.29572
vt 0.010687 0.248036
vt 0.047572 0.247268
vt 0.047953 0.255259
vt 0.010425 0.254113
vt 0.088398 0.244906
vt 0.092954 0.257765
vt 0.086633 0.278192
vt 0.014134 0.278192
vt 0.090549 0.330298
vt 0.104779 0.369744
vt 0.358703 0.37646
vt 0.333898 0.372332
vt 0.303392 0.37171
vt 0.257525 0.372174
vt 0.398467 0.390291
vt 0.156455 0.376356
vt 0.181954 0.372133
vt 0.212004 0.371564
vt 0.114816 0.391913
vt 0.461684 0.210502
vt 0.425772 0.208916
vt 0.492932 0.206947
vt 0.315893 0.269307
vt 0.290352 0.259115
vt 0.343883 0.273085
vt 0.377632 0.276666
vt 0.407537 0.274644
vt 0.406099 0.212095
vt 0.378791 0.213018
vt 0.352229 0.213866
vt 0.32763 0.206702
vt 0.302314 0.199554
vt 0.461284 0.150674
vt 0.485013 0.148691
vt 0.43423 0.148825
vt 0.109459 0.211578
vt 0.136756 0.212633
vt 0.163315 0.213631
vt 0.187944 0.206593
vt 0.213298 0.199581
vt 0.047203 0.164832
vt 0.023458 0.16312
vt 0.074226 0.162674
vt 0.379505 0.201752
vt 0.406893 0.200347
vt 0.353433 0.204194
vt 0.329629 0.195821
vt 0.304468 0.187829
vt 0.46125 0.139503
vt 0.484866 0.136699
vt 0.434298 0.136811
vt 0.108724 0.199821
vt 0.136102 0.201366
vt 0.162161 0.203951
vt 0.186006 0.195703
vt 0.21121 0.187846
vt 0.047109 0.153664
vt 0.023467 0.15113
vt 0.074022 0.150664
vt 0.380313 0.19108
vt 0.407706 0.191055
vt 0.354533 0.194731
vt 0.331392 0.185494
vt 0.306138 0.178521
vt 0.461218 0.130021
vt 0.484647 0.12715
vt 0.434447 0.127252
vt 0.135351 0.190691
vt 0.107958 0.190521
vt 0.161111 0.194482
vt 0.184302 0.185368
vt 0.209593 0.178529
vt 0.047033 0.144183
vt 0.023577 0.141581
vt 0.073764 0.14111
vt 0.410487 0.167621
vt 0.384999 0.165294
vt 0.360088 0.16606
vt 0.334789 0.159822
vt 0.311313 0.155732
vt 0.483546 0.103639
vt 0.45853 0.107237
vt 0.432457 0.103641
vt 0.105301 0.167066
vt 0.130804 0.164883
vt 0.155713 0.165782
vt 0.181046 0.159678
vt 0.204544 0.155712
vt 0.024409 0.118063
vt 0.049459 0.121375
vt 0.075484 0.117482
vt 0.389924 0.116542
vt 0.412844 0.118139
vt 0.365409 0.11498
vt 0.34206 0.110907
vt 0.320264 0.107172
vt 0.458794 0.055506
vt 0.481351 0.054186
vt 0.4328 0.054133
vt 0.103202 0.117554
vt 0.126164 0.11612
vt 0.150677 0.114676
vt 0.17404 0.110719
vt 0.195853 0.107096
vt 0.026039 0.068598
vt 0.048605 0.06966
vt 0.074577 0.067991
vt 0.39123 0.088804
vt 0.414152 0.090044
vt 0.36911 0.086463
vt 0.347042 0.083526
vt 0.325295 0.079734
vt 0.479917 0.026273
vt 0.45859 0.026516
vt 0.435263 0.026261
vt 0.124964 0.088353
vt 0.102132 0.089532
vt 0.147103 0.086132
vt 0.169189 0.08331
vt 0.190957 0.079628
vt 0.027154 0.040676
vt 0.048479 0.040676
vt 0.071797 0.040154
vt 0.393361 0.061282
vt 0.363843 0.064261
vt 0.364419 0.03893
vt 0.389175 0.037089
vt 0.338494 0.065113
vt 0.338184 0.039725
vt 0.313316 0.063951
vt 0.314584 0.038299
vt 0.284192 0.060617
vt 0.288107 0.036369
vt 0.259753 0.060007
vt 0.263498 0.029969
vt 0.420332 0.060941
vt 0.418122 0.030889
vt 0.139311 0.063934
vt 0.109072 0.061215
vt 0.138551 0.03807
vt 0.113269 0.036343
vt 0.16509 0.064713
vt 0.165304 0.03878
vt 0.190674 0.063404
vt 0.18934 0.037216
vt 0.220478 0.060081
vt 0.216372 0.035163
vt 0.245503 0.059231
vt 0.241577 0.028558
vt 0.081455 0.060836
vt 0.083563 0.030106
vt 0.391095 0.065507
vt 0.365011 0.067803
vt 0.371072 0.04292
vt 0.392418 0.039622
vt 0.338481 0.070521
vt 0.337222 0.044394
vt 0.311534 0.067588
vt 0.309316 0.041974
vt 0.286746 0.064923
vt 0.289776 0.037649
vt 0.263781 0.066463
vt 0.274818 0.030955
vt 0.415985 0.067133
vt 0.412698 0.034994
vt 0.137657 0.067652
vt 0.110966 0.065405
vt 0.10784 0.035305
vt 0.130691 0.039895
vt 0.165144 0.070626
vt 0.158383 0.041341
vt 0.192993 0.067165
vt 0.190246 0.040116
vt 0.218312 0.064369
vt 0.215536 0.035851
vt 0.241701 0.065452
vt 0.22963 0.03077
vt 0.085632 0.066768
vt 0.088619 0.02712
vt 0.108898 0.441779
vt 0.149604 0.442928
vt 0.149576 0.450023
vt 0.107246 0.44842
vt 0.190207 0.441763
vt 0.191906 0.448409
vt 0.214204 0.438598
vt 0.214769 0.445377
vt 0.08086 0.645506
vt 0.108927 0.650251
vt 0.107711 0.656772
vt 0.080065 0.652316
vt 0.15119 0.652346
vt 0.151189 0.659603
vt 0.193324 0.650264
vt 0.194668 0.656781
vt 0.221435 0.645524
vt 0.222315 0.652331
vt 0.084883 0.438566
vt 0.084382 0.445395
vt 0.083069 0.61477
vt 0.090855 0.592275
vt 0.113259 0.62734
vt 0.121067 0.612656
vt 0.211064 0.79892
vt 0.221375 0.821853
vt 0.188802 0.833675
vt 0.179133 0.815826
vt 0.151177 0.776574
vt 0.151175 0.797236
vt 0.091286 0.798907
vt 0.123213 0.81582
vt 0.08097 0.821837
vt 0.113539 0.833667
vt 0.208336 0.592258
vt 0.216129 0.614751
vt 0.185942 0.62733
vt 0.178131 0.612647
vt 0.149596 0.591538
vt 0.149599 0.610392
vt 0.15118 0.748641
vt 0.212413 0.751716
vt 0.089947 0.751703
vt 0.149588 0.539958
vt 0.2147 0.545071
vt 0.084478 0.545089
vt 0.07764 0.468224
vt 0.101232 0.473542
vt 0.065415 0.521748
vt 0.199846 0.681615
vt 0.224668 0.677188
vt 0.234533 0.732134
vt 0.151187 0.684645
vt 0.102528 0.681605
vt 0.077708 0.677173
vt 0.067831 0.732116
vt 0.197927 0.473529
vt 0.221517 0.468204
vt 0.233757 0.521725
vt 0.149579 0.474818
vt 0.062824 0.526142
vt 0.075221 0.549217
vt 0.08103 0.590454
vt 0.078136 0.613403
vt 0.238081 0.735033
vt 0.222943 0.755956
vt 0.226698 0.821104
vt 0.220416 0.797609
vt 0.064282 0.735015
vt 0.079416 0.755941
vt 0.081934 0.797594
vt 0.075647 0.821087
vt 0.236349 0.526117
vt 0.223959 0.549196
vt 0.221061 0.613382
vt 0.218161 0.590435
vt 0.030295 0.562406
vt 0.022012 0.540575
vt 0.037497 0.592673
vt 0.037416 0.613734
vt 0.280587 0.74347
vt 0.273802 0.766169
vt 0.270189 0.799614
vt 0.270483 0.822426
vt 0.028554 0.766143
vt 0.021774 0.743442
vt 0.03216 0.799588
vt 0.031861 0.8224
vt 0.277165 0.54054
vt 0.268888 0.562373
vt 0.261781 0.613703
vt 0.261694 0.592641
vt 0.605696 0.39656
vt 0.603852 0.383519
vt 0.607649 0.383086
vt 0.609463 0.395918
vt 0.602964 0.369745
vt 0.606775 0.369552
vt 0.602738 0.356606
vt 0.606554 0.356616
vt 0.603976 0.329732
vt 0.605694 0.316714
vt 0.607768 0.330185
vt 0.609465 0.317337
vt 0.603014 0.343448
vt 0.606824 0.34366
vt 0.149939 0.841297
vt 0.14999 0.8631
vt 0.128773 0.865575
vt 0.171219 0.865476
vt 0.12226 0.898782
vt 0.149978 0.894179
vt 0.149979 0.903098
vt 0.139344 0.905167
vt 0.177696 0.898776
vt 0.160613 0.905165
vt 0.178847 0.914347
vt 0.164088 0.911125
vt 0.122962 0.885146
vt 0.136964 0.890723
vt 0.139555 0.88444
vt 0.150035 0.88218
vt 0.160524 0.884391
vt 0.177121 0.885019
vt 0.163145 0.890662
vt 0.121112 0.914354
vt 0.135871 0.911128
vt 0.174224 0.920569
vt 0.185051 0.920948
vt 0.184011 0.949879
vt 0.173238 0.949785
vt 0.114507 0.920972
vt 0.125334 0.920586
vt 0.115567 0.949902
vt 0.12634 0.949801
vt 0.132217 0.920102
vt 0.132678 0.950235
vt 0.138986 0.919424
vt 0.139017 0.950668
vt 0.149778 0.919603
vt 0.149789 0.95084
vt 0.160571 0.919417
vt 0.160561 0.950661
vt 0.167341 0.92009
vt 0.166899 0.950223
vt 0.726514 0.297668
vt 0.728673 0.314294
vt 0.722301 0.315056
vt 0.720176 0.298716
vt 0.728897 0.386943
vt 0.726435 0.40442
vt 0.722517 0.386213
vt 0.720103 0.403339
vt 0.730085 0.368075
vt 0.72368 0.367747
vt 0.730431 0.350589
vt 0.724018 0.350606
vt 0.730022 0.333122
vt 0.723619 0.333479
vt 0.879226 0.20799
vt 0.892266 0.207866
vt 0.880766 0.215513
vt 0.899105 0.215142
vt 0.973373 0.602193
vt 0.963476 0.602232
vt 0.963188 0.594977
vt 0.973396 0.594926
vt 0.849963 0.300044
vt 0.862937 0.300704
vt 0.861405 0.308355
vt 0.842839 0.307001
vt 0.866284 0.208787
vt 0.861997 0.215598
vt 0.875885 0.300857
vt 0.879851 0.307921
vt 0.974555 0.207127
vt 0.984008 0.211021
vt 0.981034 0.216233
vt 0.971665 0.212459
vt 0.798107 0.208832
vt 0.811061 0.209368
vt 0.796719 0.216385
vt 0.815486 0.21609
vt 0.910624 0.21559
vt 0.921392 0.207266
vt 0.916804 0.220651
vt 0.927693 0.213361
vt 0.794023 0.302578
vt 0.806965 0.302121
vt 0.808677 0.309734
vt 0.790225 0.309734
vt 0.785066 0.208972
vt 0.778376 0.216385
vt 0.81992 0.301157
vt 0.827205 0.307945
vt 0.935996 0.600797
vt 0.922197 0.599344
vt 0.923114 0.5898
vt 0.93738 0.591222
vt 0.898919 0.228591
vt 0.881055 0.230994
vt 0.96301 0.585223
vt 0.972161 0.585158
vt 0.842666 0.320247
vt 0.861038 0.32258
vt 0.86303 0.228643
vt 0.879318 0.320946
vt 0.972764 0.237252
vt 0.978811 0.238704
vt 0.969973 0.243317
vt 0.976779 0.244546
vt 0.814717 0.229153
vt 0.796743 0.231868
vt 0.918491 0.245261
vt 0.92623 0.244239
vt 0.928206 0.250852
vt 0.920156 0.251604
vt 0.791064 0.322742
vt 0.809378 0.323947
vt 0.778834 0.229827
vt 0.827689 0.321183
vt 0.926165 0.57861
vt 0.938713 0.579027
vt 0.890225 0.2478
vt 0.881336 0.249123
vt 0.963122 0.572205
vt 0.971458 0.572129
vt 0.842453 0.337251
vt 0.85157 0.339365
vt 0.863472 0.246101
vt 0.872411 0.248079
vt 0.869616 0.339828
vt 0.86057 0.340614
vt 0.957503 0.2648
vt 0.971901 0.26417
vt 0.959204 0.283361
vt 0.970597 0.283143
vt 0.805731 0.248775
vt 0.796829 0.249999
vt 0.92634 0.269587
vt 0.940026 0.270024
vt 0.936538 0.28558
vt 0.925998 0.285204
vt 0.791967 0.339961
vt 0.801207 0.341391
vt 0.77899 0.246805
vt 0.787915 0.248856
vt 0.819237 0.340505
vt 0.810269 0.341965
vt 0.926693 0.565018
vt 0.936773 0.564655
vt 0.97966 0.223158
vt 0.970736 0.220896
vt 0.857167 0.232121
vt 0.85448 0.221058
vt 0.973381 0.257079
vt 0.95993 0.257469
vt 0.885681 0.324371
vt 0.888942 0.314521
vt 0.919699 0.235632
vt 0.931313 0.234002
vt 0.774064 0.322652
vt 0.777149 0.332336
vt 0.771303 0.336846
vt 0.766109 0.331251
vt 0.932669 0.255648
vt 0.922109 0.257303
vt 0.826426 0.237279
vt 0.829172 0.228219
vt 0.830284 0.241486
vt 0.835597 0.236576
vt 0.979321 0.230244
vt 0.971063 0.228163
vt 0.896311 0.320456
vt 0.893454 0.330209
vt 0.975437 0.249752
vt 0.965224 0.248873
vt 0.851488 0.237004
vt 0.848559 0.228002
vt 0.920093 0.228037
vt 0.931519 0.224126
vt 0.784783 0.326316
vt 0.781292 0.316546
vt 0.924684 0.263365
vt 0.938004 0.263366
vt 0.820649 0.232511
vt 0.823112 0.221397
vt 0.899405 0.334581
vt 0.904466 0.328865
vt 0.847715 0.241289
vt 0.842304 0.236487
vt 0.878819 0.338181
vt 0.828302 0.338177
vt 0.814628 0.246617
vt 0.899106 0.245568
vt 0.928458 0.322597
vt 0.928159 0.315259
vt 0.937476 0.323062
vt 0.936318 0.31541
vt 0.968657 0.323486
vt 0.95877 0.323382
vt 0.960518 0.315723
vt 0.969238 0.315734
vt 0.929518 0.471345
vt 0.937496 0.470856
vt 0.936938 0.476998
vt 0.929682 0.477274
vt 0.969331 0.541487
vt 0.969609 0.548491
vt 0.96216 0.54858
vt 0.960207 0.541631
vt 0.968675 0.477563
vt 0.960475 0.477651
vt 0.959505 0.471395
vt 0.968394 0.471304
vt 0.929013 0.535871
vt 0.937205 0.535887
vt 0.935564 0.54179
vt 0.928405 0.541618
vt 0.806266 0.249356
vt 0.814314 0.247404
vt 0.936057 0.286072
vt 0.926689 0.285733
vt 0.792189 0.340611
vt 0.800543 0.341917
vt 0.936815 0.354657
vt 0.925133 0.353941
vt 0.925795 0.35347
vt 0.936189 0.354096
vt 0.969775 0.355331
vt 0.957099 0.355423
vt 0.957821 0.354863
vt 0.969125 0.354791
vt 0.878613 0.338835
vt 0.870292 0.340337
vt 0.969871 0.283713
vt 0.959714 0.283898
vt 0.871888 0.248671
vt 0.863802 0.246881
vt 0.970388 0.437171
vt 0.956739 0.437333
vt 0.957499 0.436799
vt 0.969649 0.436652
vt 0.869285 0.340514
vt 0.861198 0.341218
vt 0.969006 0.355866
vt 0.957734 0.355952
vt 0.880804 0.249778
vt 0.872827 0.248844
vt 0.936198 0.355129
vt 0.925816 0.354493
vt 0.801554 0.34207
vt 0.809655 0.342584
vt 0.937292 0.435939
vt 0.9248 0.436785
vt 0.925451 0.436226
vt 0.936556 0.435471
vt 0.797374 0.250644
vt 0.805331 0.249548
vt 0.936678 0.436463
vt 0.925453 0.437212
vt 0.818985 0.341166
vt 0.810892 0.342486
vt 0.938248 0.511525
vt 0.926893 0.51131
vt 0.927581 0.510835
vt 0.938714 0.511073
vt 0.796336 0.250608
vt 0.788292 0.249574
vt 0.971969 0.51242
vt 0.958693 0.512631
vt 0.971201 0.51192
vt 0.959298 0.51211
vt 0.851837 0.34002
vt 0.85996 0.341149
vt 0.969715 0.437672
vt 0.957459 0.437819
vt 0.881842 0.249721
vt 0.889863 0.248525
vt 0.890751 0.24837
vt 0.898805 0.246347
vt 0.963449 0.571798
vt 0.970947 0.571736
vt 0.842619 0.337905
vt 0.85088 0.339834
vt 0.959443 0.513183
vt 0.971321 0.512995
vt 0.93759 0.512047
vt 0.927449 0.511855
vt 0.828152 0.338835
vt 0.819939 0.340958
vt 0.92613 0.564484
vt 0.936247 0.564215
vt 0.7874 0.249438
vt 0.779308 0.247577
vt 0.95759 0.421008
vt 0.968563 0.42086
vt 0.860565 0.355943
vt 0.867819 0.355312
vt 0.968261 0.371743
vt 0.958177 0.371872
vt 0.881082 0.264502
vt 0.87393 0.263665
vt 0.805746 0.26181
vt 0.813562 0.259916
vt 0.805688 0.263194
vt 0.81348 0.261306
vt 0.927562 0.298079
vt 0.936776 0.297919
vt 0.936853 0.299314
vt 0.927834 0.299448
vt 0.793951 0.353036
vt 0.802075 0.354302
vt 0.802245 0.355678
vt 0.794146 0.354417
vt 0.937484 0.340689
vt 0.927479 0.339972
vt 0.927613 0.338561
vt 0.937656 0.339285
vt 0.957358 0.341337
vt 0.968365 0.341375
vt 0.869052 0.352755
vt 0.877144 0.351299
vt 0.969233 0.297483
vt 0.959378 0.297573
vt 0.87266 0.261112
vt 0.864807 0.259376
vt 0.927879 0.450948
vt 0.937687 0.450244
vt 0.937771 0.451678
vt 0.928047 0.452387
vt 0.81138 0.355115
vt 0.818469 0.35396
vt 0.818413 0.355381
vt 0.811434 0.356519
vt 0.93863 0.497603
vt 0.929194 0.497679
vt 0.929316 0.496252
vt 0.938516 0.49617
vt 0.789294 0.262379
vt 0.796336 0.263287
vt 0.789404 0.263802
vt 0.796336 0.264696
vt 0.897854 0.256511
vt 0.89075 0.258298
vt 0.962709 0.563326
vt 0.970066 0.563256
vt 0.843655 0.347992
vt 0.850953 0.349692
vt 0.970107 0.524363
vt 0.959323 0.524538
vt 0.959161 0.497972
vt 0.96934 0.497818
vt 0.852654 0.352798
vt 0.859768 0.353787
vt 0.968458 0.451223
vt 0.957687 0.451325
vt 0.88912 0.261348
vt 0.882098 0.262398
vt 0.925449 0.370847
vt 0.934876 0.371382
vt 0.934732 0.37307
vt 0.925411 0.372542
vt 0.803367 0.35683
vt 0.810634 0.35729
vt 0.810743 0.358924
vt 0.803568 0.358469
vt 0.935113 0.41939
vt 0.925216 0.419767
vt 0.925144 0.418068
vt 0.935068 0.417716
vt 0.797394 0.26537
vt 0.804528 0.264388
vt 0.797395 0.267006
vt 0.80444 0.266037
vt 0.928232 0.521984
vt 0.937757 0.52201
vt 0.937761 0.523115
vt 0.928581 0.523056
vt 0.820097 0.350814
vt 0.827352 0.348943
vt 0.820114 0.35191
vt 0.827264 0.350066
vt 0.936071 0.555308
vt 0.927608 0.555437
vt 0.927734 0.554334
vt 0.936022 0.554212
vt 0.780464 0.257721
vt 0.787603 0.259363
vt 0.787626 0.260466
vt 0.780591 0.258847
vt 0.968447 0.419107
vt 0.957596 0.419249
vt 0.957672 0.417376
vt 0.968389 0.417243
vt 0.860494 0.357579
vt 0.867657 0.356956
vt 0.867493 0.358699
vt 0.860431 0.359313
vt 0.958236 0.373633
vt 0.968178 0.373499
vt 0.96815 0.375353
vt 0.958366 0.375489
vt 0.874051 0.265311
vt 0.881114 0.266138
vt 0.874181 0.267052
vt 0.881143 0.267867
vt 0.805655 0.264721
vt 0.81337 0.262851
vt 0.805355 0.278465
vt 0.812384 0.276761
vt 0.927853 0.301006
vt 0.936797 0.300878
vt 0.794354 0.355959
vt 0.802373 0.357207
vt 0.80353 0.370973
vt 0.796223 0.369835
vt 0.93762 0.33772
vt 0.927698 0.337004
vt 0.968278 0.3399
vt 0.95733 0.339833
vt 0.957456 0.338172
vt 0.968323 0.338268
vt 0.868914 0.354134
vt 0.876981 0.352683
vt 0.87681 0.35423
vt 0.868822 0.355666
vt 0.959347 0.299084
vt 0.969144 0.299008
vt 0.969142 0.300706
vt 0.959483 0.300765
vt 0.864917 0.260764
vt 0.872746 0.262494
vt 0.865058 0.262307
vt 0.87281 0.264021
vt 0.928251 0.454158
vt 0.937804 0.45346
vt 0.81151 0.358255
vt 0.818375 0.357136
vt 0.81804 0.372926
vt 0.812195 0.373878
vt 0.938343 0.494397
vt 0.929449 0.494476
vt 0.789524 0.265544
vt 0.796343 0.266423
vt 0.790599 0.281221
vt 0.796404 0.281969
vt 0.890749 0.259401
vt 0.89775 0.257641
vt 0.897646 0.259006
vt 0.890737 0.260743
vt 0.970031 0.562225
vt 0.962548 0.562295
vt 0.962421 0.560999
vt 0.970084 0.560925
vt 0.84377 0.349112
vt 0.850961 0.350787
vt 0.843877 0.350478
vt 0.850974 0.352131
vt 0.959325 0.525813
vt 0.969955 0.525644
vt 0.969925 0.527231
vt 0.95938 0.527404
vt 0.969115 0.496285
vt 0.959168 0.496428
vt 0.959315 0.494531
vt 0.969046 0.494404
vt 0.852744 0.354218
vt 0.859747 0.355191
vt 0.859712 0.356928
vt 0.852823 0.355971
vt 0.957701 0.452823
vt 0.968325 0.452722
vt 0.968328 0.454568
vt 0.957879 0.454667
vt 0.882126 0.263806
vt 0.889039 0.262773
vt 0.882154 0.265534
vt 0.888954 0.264517
vt 0.925488 0.374354
vt 0.934499 0.374849
vt 0.933124 0.392232
vt 0.92544 0.392029
vt 0.803773 0.360208
vt 0.810847 0.360656
vt 0.811783 0.376243
vt 0.805623 0.375853
vt 0.934883 0.415946
vt 0.92514 0.416274
vt 0.92541 0.398679
vt 0.93379 0.398848
vt 0.797401 0.268735
vt 0.804345 0.267779
vt 0.797453 0.284784
vt 0.803499 0.283462
vt 0.928454 0.524414
vt 0.937701 0.524448
vt 0.820133 0.353254
vt 0.827189 0.351434
vt 0.826514 0.36375
vt 0.820299 0.365352
vt 0.936 0.552863
vt 0.92783 0.552975
vt 0.780723 0.260211
vt 0.787665 0.261807
vt 0.788022 0.273886
vt 0.781907 0.272479
vt 0.873387 0.277755
vt 0.866325 0.276194
vt 0.867989 0.369455
vt 0.875267 0.368146
vt 0.881406 0.283424
vt 0.875344 0.282714
vt 0.967979 0.392097
vt 0.959458 0.392214
vt 0.859863 0.374918
vt 0.866011 0.374384
vt 0.958468 0.400515
vt 0.967812 0.400404
vt 0.888197 0.280212
vt 0.882407 0.281078
vt 0.853529 0.371748
vt 0.859395 0.372564
vt 0.890625 0.272826
vt 0.896709 0.271296
vt 0.844842 0.362774
vt 0.851092 0.36423
vt 0.646349 0.31091
vt 0.648066 0.323928
vt 0.644275 0.324381
vt 0.642578 0.311532
vt 0.648186 0.377715
vt 0.646341 0.390756
vt 0.64439 0.377282
vt 0.642574 0.390114
vt 0.649075 0.363941
vt 0.645264 0.363747
vt 0.649302 0.350802
vt 0.645486 0.350812
vt 0.649027 0.337644
vt 0.645217 0.337856
vt 0.54324 0.322469
vt 0.545291 0.306733
vt 0.545344 0.406849
vt 0.543035 0.390465
vt 0.541923 0.372853
vt 0.541607 0.35644
vt 0.541985 0.340036
vt 0.713465 0.299825
vt 0.715552 0.315863
vt 0.708803 0.31667
vt 0.706754 0.300934
vt 0.715759 0.38544
vt 0.713398 0.402195
vt 0.709002 0.384666
vt 0.706692 0.40105
vt 0.716898 0.367401
vt 0.710116 0.367054
vt 0.717225 0.350624
vt 0.710433 0.350642
vt 0.716838 0.333858
vt 0.710057 0.334238
vt 0.529743 0.320853
vt 0.531868 0.304513
vt 0.536491 0.321661
vt 0.53858 0.305623
vt 0.531933 0.409137
vt 0.529521 0.392011
vt 0.536278 0.391238
vt 0.538638 0.407993
vt 0.528358 0.373545
vt 0.535141 0.373199
vt 0.528023 0.356404
vt 0.534815 0.356422
vt 0.528423 0.339277
vt 0.535204 0.339657
vt 0.138775 0.961634
vt 0.149298 0.95932
vt 0.159782 0.961803
vt 0.136113 0.967403
vt 0.138682 0.973214
vt 0.149166 0.975696
vt 0.159688 0.973383
vt 0.162351 0.967614
vt 0.52202 0.338919
vt 0.523371 0.320091
vt 0.521609 0.356386
vt 0.521954 0.373872
vt 0.52314 0.39274
vt 0.525601 0.410217
vt 0.525531 0.303465
vt 0.177273 0.815876
vt 0.151174 0.799283
vt 0.125072 0.81587
vt 0.186735 0.833719
vt 0.115606 0.833711
vt 0.12191 0.614757
vt 0.114705 0.628856
vt 0.177289 0.614748
vt 0.184497 0.628845
vt 0.149599 0.613068
vt 0.267787 0.684577
vt 0.245687 0.677457
vt 0.267455 0.680861
vt 0.251863 0.672931
vt 0.244116 0.641041
vt 0.250995 0.654043
vt 0.294319 0.458236
vt 0.29276 0.494651
vt 0.287444 0.47124
vt 0.286582 0.490128
vt 0.270663 0.50178
vt 0.270994 0.498063
vt 0.265613 0.629784
vt 0.266959 0.646513
vt 0.288336 0.64066
vt 0.282035 0.65385
vt 0.288292 0.67513
vt 0.282912 0.672708
vt 0.250155 0.492339
vt 0.255534 0.489916
vt 0.250098 0.45787
vt 0.256404 0.471058
vt 0.272818 0.446987
vt 0.271478 0.463715
usemtl standardSurface9SG
f 1/1/1 2/2/2 3/3/3
f 1/1/1 3/3/3 4/4/1
f 3/3/4 5/5/5 6/6/6
f 3/3/4 6/6/6 4/4/6
f 7/7/7 8/8/8 9/9/9
f 8/8/8 10/10/9 9/9/9
f 8/8/10 11/11/11 12/12/12
f 8/8/10 12/12/12 10/10/12
f 11/11/13 13/13/14 14/14/15
f 11/11/13 14/14/15 12/12/16
f 15/15/17 2/2/18 1/1/19
f 15/15/17 1/1/19 16/16/19
f 17/17/20 18/18/20 19/19/20
f 17/17/20 19/19/20 20/20/20
f 21/21/21 22/22/21 23/23/21
f 21/21/21 23/23/21 24/24/21
f 25/25/22 26/26/22 27/27/22
f 25/25/22 27/27/22 28/28/22
f 29/29/23 30/30/23 31/31/23
f 29/29/23 31/31/23 32/32/23
f 33/33/24 34/34/24 35/35/24
f 33/33/24 35/35/24 36/36/24
f 34/37/25 37/38/25 38/39/26
f 34/37/25 38/39/26 35/40/26
f 37/41/27 39/42/27 40/43/27
f 37/41/27 40/43/27 38/44/27
f 39/45/28 33/46/28 40/47/29
f 33/46/28 36/48/29 40/47/29
f 41/49/30 42/50/30 43/51/31
f 41/49/30 43/51/31 44/52/31
f 42/53/32 45/54/32 46/55/33
f 42/53/32 46/55/33 43/56/34
f 45/57/35 47/58/35 48/59/35
f 45/57/35 48/59/35 46/60/35
f 47/61/36 41/62/36 48/63/37
f 41/62/36 44/64/37 48/63/37
f 49/65/38 50/66/38 51/67/39
f 49/65/38 51/67/39 52/68/39
f 50/69/40 53/70/40 54/71/40
f 50/69/40 54/71/40 51/72/40
f 53/73/41 55/74/41 54/75/42
f 55/74/41 56/76/42 54/75/42
f 55/77/43 49/78/43 52/79/44
f 55/77/43 52/79/44 56/80/44
f 57/81/45 58/82/45 59/83/45
f 57/81/45 59/83/45 60/84/45
f 58/85/46 61/86/46 62/87/47
f 58/85/46 62/87/47 59/88/47
f 61/89/48 63/90/48 64/91/49
f 61/89/48 64/91/49 62/92/49
f 63/93/50 57/94/50 64/95/51
f 57/94/50 60/96/52 64/95/51
f 65/97/53 66/98/53 42/50/53
f 65/97/53 42/50/53 41/49/53
f 67/99/54 65/100/54 41/62/54
f 67/99/54 41/62/54 47/61/54
f 68/101/55 67/102/55 47/58/55
f 68/101/55 47/58/55 45/57/55
f 66/103/56 68/104/56 42/53/56
f 68/104/56 45/54/56 42/53/56
f 44/52/31 43/51/31 22/22/31
f 44/52/31 22/22/31 21/21/31
f 48/63/37 44/64/37 21/105/37
f 48/63/37 21/105/37 24/106/37
f 46/60/35 48/59/35 24/24/35
f 46/60/35 24/24/35 23/23/35
f 43/56/34 46/55/33 22/107/34
f 46/55/33 23/108/34 22/107/34
f 69/109/57 70/110/57 33/46/57
f 69/109/57 33/46/57 39/45/57
f 71/111/58 69/112/58 39/42/58
f 71/111/58 39/42/58 37/41/58
f 72/113/59 71/114/59 34/37/59
f 71/114/59 37/38/59 34/37/59
f 70/115/60 72/116/60 34/34/60
f 70/115/60 34/34/60 33/33/60
f 40/47/29 36/48/29 17/117/61
f 40/47/29 17/117/61 20/118/61
f 38/44/27 40/43/27 20/20/27
f 38/44/27 20/20/27 19/19/27
f 35/40/26 38/39/26 18/119/62
f 38/39/26 19/120/62 18/119/62
f 36/36/24 35/35/24 18/18/24
f 36/36/24 18/18/24 17/17/24
f 73/121/63 74/122/63 58/82/63
f 73/121/63 58/82/63 57/81/63
f 75/123/64 73/124/64 57/94/64
f 75/123/64 57/94/64 63/93/64
f 76/125/65 75/126/65 63/90/65
f 76/125/65 63/90/65 61/89/65
f 74/127/66 76/128/67 58/85/66
f 76/128/67 61/86/66 58/85/66
f 60/84/45 59/83/45 30/30/45
f 60/84/45 30/30/45 29/29/45
f 64/95/51 60/96/52 29/129/68
f 64/95/51 29/129/68 32/130/68
f 62/92/49 64/91/49 32/32/49
f 62/92/49 32/32/49 31/31/49
f 59/88/47 62/87/47 30/131/69
f 62/87/47 31/132/69 30/131/69
f 77/133/70 78/134/70 49/65/70
f 78/134/70 50/66/70 49/65/70
f 79/135/71 77/136/71 49/78/71
f 79/135/71 49/78/71 55/77/71
f 80/137/72 79/138/72 55/74/72
f 80/137/72 55/74/72 53/73/72
f 78/139/73 80/140/73 53/70/73
f 78/139/73 53/70/73 50/69/73
f 52/68/39 51/67/39 25/141/74
f 51/67/39 26/142/74 25/141/74
f 56/80/44 52/79/44 25/25/44
f 56/80/44 25/25/44 28/28/44
f 54/75/42 56/76/42 27/143/75
f 56/76/42 28/144/75 27/143/75
f 51/72/40 54/71/40 27/27/40
f 51/72/40 27/27/40 26/26/40
f 81/145/76 82/146/77 83/147/78
f 81/145/76 83/147/78 84/148/79
f 82/146/80 85/149/81 86/150/82
f 82/146/80 86/150/82 83/147/82
f 85/149/83 87/151/84 88/152/85
f 85/149/83 88/152/85 86/150/85
f 87/151/86 89/153/87 90/154/88
f 87/151/86 90/154/88 88/152/88
f 89/155/89 91/156/90 90/157/91
f 91/156/90 92/158/92 90/157/91
f 84/148/93 92/158/94 91/156/95
f 84/148/93 91/156/95 81/145/96
f 93/159/97 94/160/98 95/161/99
f 94/160/98 96/162/100 95/161/99
f 97/163/101 98/164/102 99/165/103
f 97/163/101 99/165/103 100/166/103
f 98/164/104 101/167/105 102/168/106
f 98/164/104 102/168/106 99/165/106
f 101/167/107 103/169/108 102/168/109
f 103/169/108 104/170/109 102/168/109
f 105/171/110 106/172/111 107/173/112
f 105/171/110 107/173/112 108/174/113
f 95/161/114 107/173/115 106/172/2
f 95/161/114 106/172/2 93/159/3
f 109/175/116 110/176/117 111/177/118
f 6/6/119 5/5/120 112/178/121
f 6/6/119 112/178/121 113/179/122
f 110/176/123 114/180/124 115/181/125
f 110/176/123 115/181/125 111/177/125
f 114/180/126 116/182/127 115/181/128
f 117/183/129 15/184/130 16/185/131
f 117/183/129 16/185/131 118/186/132
f 119/187/133 120/188/134 121/189/135
f 120/188/134 100/190/136 121/189/135
f 120/191/137 122/192/138 100/166/139
f 122/192/138 97/163/140 100/166/139
f 123/193/141 119/187/142 121/189/143
f 123/193/141 121/189/143 124/194/144
f 103/169/145 125/195/146 104/170/147
f 125/195/146 126/196/148 104/170/147
f 126/197/149 123/193/150 124/194/151
f 126/197/149 124/194/151 104/198/152
f 83/199/153 86/200/153 127/201/154
f 83/199/153 127/201/154 128/202/155
f 86/200/156 88/203/156 127/201/157
f 88/203/156 129/204/158 127/201/157
f 88/203/159 90/205/159 129/204/160
f 90/205/159 130/206/161 129/204/160
f 121/189/135 100/190/136 99/207/162
f 124/194/144 121/189/143 102/208/163
f 121/189/143 99/207/163 102/208/163
f 104/198/152 124/194/151 102/208/164
f 131/209/165 117/183/129 132/210/166
f 117/183/129 118/186/132 132/210/166
f 129/204/160 130/206/161 133/211/167
f 130/206/161 134/212/168 133/211/167
f 127/201/157 129/204/158 133/211/169
f 127/201/157 133/211/169 135/213/170
f 128/202/155 127/201/154 135/213/171
f 128/202/155 135/213/171 136/214/172
f 113/179/122 112/178/121 137/215/173
f 113/179/122 137/215/173 138/216/174
f 139/217/175 105/218/176 140/219/177
f 105/218/176 108/220/178 140/219/177
f 108/221/179 141/222/179 142/223/180
f 108/221/179 142/223/180 140/224/181
f 141/222/182 143/225/182 144/226/183
f 141/222/182 144/226/183 142/223/184
f 143/225/185 96/227/185 144/226/186
f 96/227/185 145/228/187 144/226/186
f 96/162/188 94/160/189 145/229/190
f 94/160/189 146/230/191 145/229/190
f 13/13/192 131/209/165 132/210/166
f 13/13/192 132/210/166 14/14/193
f 133/211/167 134/212/168 114/180/126
f 134/212/168 116/182/127 114/180/126
f 135/213/170 133/211/169 110/176/123
f 133/211/169 114/180/124 110/176/123
f 136/214/172 135/213/171 110/176/117
f 136/214/172 110/176/117 109/175/116
f 138/216/174 137/215/173 7/7/194
f 138/216/174 7/7/194 9/9/195
f 125/195/146 139/217/175 126/196/148
f 139/217/175 140/219/177 126/196/148
f 140/224/181 142/223/180 123/193/150
f 140/224/181 123/193/150 126/197/149
f 142/223/184 144/226/183 123/193/141
f 144/226/183 119/187/142 123/193/141
f 144/226/186 145/228/187 119/187/133
f 145/228/187 120/188/134 119/187/133
f 145/229/190 146/230/191 120/191/137
f 146/230/191 122/192/138 120/191/137
f 147/231/196 148/232/197 81/145/76
f 148/232/197 82/146/77 81/145/76
f 148/232/198 149/233/199 85/149/81
f 148/232/198 85/149/81 82/146/80
f 149/233/200 150/234/201 87/151/84
f 149/233/200 87/151/84 85/149/83
f 150/234/202 151/235/203 87/151/86
f 151/235/203 89/153/87 87/151/86
f 151/236/204 152/237/205 91/156/90
f 151/236/204 91/156/90 89/155/89
f 81/145/96 91/156/95 152/237/206
f 81/145/96 152/237/206 147/231/207
f 95/238/99 96/239/100 153/240/208
f 96/239/100 154/241/209 153/240/208
f 96/239/210 143/242/210 154/241/211
f 143/242/210 155/243/212 154/241/211
f 143/242/213 141/244/213 155/243/214
f 141/244/213 156/245/215 155/243/214
f 141/244/216 108/246/216 156/245/217
f 108/246/216 157/247/218 156/245/217
f 108/248/113 107/249/112 158/250/219
f 108/248/113 158/250/219 157/251/220
f 153/240/221 158/250/222 95/238/114
f 158/250/222 107/249/115 95/238/114
f 159/252/223 160/253/223 161/254/224
f 159/252/223 161/254/224 162/255/225
f 160/253/226 163/256/226 164/257/227
f 160/253/226 164/257/227 161/254/228
f 163/256/229 165/258/229 166/259/230
f 163/256/229 166/259/230 164/257/231
f 165/258/232 167/260/232 166/259/233
f 167/260/232 168/261/234 166/259/233
f 167/262/235 169/263/235 168/264/236
f 169/263/235 170/265/237 168/264/236
f 162/255/238 170/265/239 169/263/240
f 162/255/238 169/263/240 159/252/240
f 171/266/241 172/267/242 173/268/243
f 172/267/242 174/269/244 173/268/243
f 172/267/245 175/270/246 176/271/247
f 172/267/245 176/271/247 174/269/248
f 175/270/249 177/272/250 176/271/251
f 177/272/250 178/273/252 176/271/251
f 177/272/253 179/274/254 178/273/255
f 179/274/254 180/275/256 178/273/255
f 179/276/257 181/277/258 182/278/259
f 179/276/257 182/278/259 180/279/260
f 173/268/261 182/278/262 171/266/263
f 182/278/262 181/277/264 171/266/263
f 162/255/225 161/254/224 148/232/197
f 162/255/225 148/232/197 147/231/196
f 161/254/228 164/257/227 148/232/198
f 164/257/227 149/233/199 148/232/198
f 164/257/231 166/259/230 150/234/201
f 164/257/231 150/234/201 149/233/200
f 166/259/233 168/261/234 151/235/203
f 166/259/233 151/235/203 150/234/202
f 168/264/236 170/265/237 151/236/204
f 170/265/237 152/237/205 151/236/204
f 147/231/207 152/237/206 170/265/239
f 147/231/207 170/265/239 162/255/238
f 153/240/208 154/241/209 172/267/242
f 153/240/208 172/267/242 171/266/241
f 154/241/211 155/243/212 172/267/245
f 155/243/212 175/270/246 172/267/245
f 155/243/214 156/245/215 175/270/249
f 156/245/215 177/272/250 175/270/249
f 156/245/217 157/247/218 179/274/254
f 156/245/217 179/274/254 177/272/253
f 157/251/220 158/250/219 179/276/257
f 158/250/219 181/277/258 179/276/257
f 171/266/263 181/277/264 153/240/221
f 181/277/264 158/250/222 153/240/221
f 173/268/243 174/269/244 183/280/265
f 174/269/244 184/281/265 183/280/265
f 174/269/248 176/271/247 184/281/266
f 176/271/247 185/282/266 184/281/266
f 176/271/251 178/273/252 185/282/267
f 178/273/252 186/283/267 185/282/267
f 178/273/255 180/275/256 187/284/268
f 178/273/255 187/284/268 186/283/268
f 180/279/260 182/278/259 188/285/269
f 180/279/260 188/285/269 187/286/269
f 183/280/270 188/285/270 173/268/261
f 188/285/270 182/278/262 173/268/261
f 84/287/79 83/288/78 5/5/5
f 84/287/79 5/5/5 3/3/4
f 112/178/121 5/5/120 128/289/271
f 5/5/120 83/288/272 128/289/271
f 137/215/173 112/178/121 136/290/273
f 112/178/121 128/289/271 136/290/273
f 7/7/194 137/215/173 109/291/274
f 137/215/173 136/290/273 109/291/274
f 109/291/275 111/292/275 7/7/7
f 111/292/275 8/8/8 7/7/7
f 111/292/276 115/293/276 8/8/10
f 115/293/276 11/11/11 8/8/10
f 115/293/277 116/294/277 13/13/14
f 115/293/277 13/13/14 11/11/13
f 134/295/278 131/209/165 116/294/279
f 131/209/165 13/13/192 116/294/279
f 130/296/280 117/183/129 134/295/278
f 117/183/129 131/209/165 134/295/278
f 90/297/281 15/184/130 130/296/280
f 15/184/130 117/183/129 130/296/280
f 90/298/91 92/299/92 15/15/17
f 92/299/92 2/2/18 15/15/17
f 3/3/3 2/2/2 92/299/94
f 3/3/3 92/299/94 84/287/93
f 189/300/282 190/301/282 93/159/97
f 190/301/282 94/160/98 93/159/97
f 146/230/191 94/160/189 190/301/283
f 146/230/191 190/301/283 191/302/284
f 122/192/138 146/230/191 191/302/284
f 122/192/138 191/302/284 192/303/285
f 97/163/140 122/192/138 192/303/285
f 97/163/140 192/303/285 193/304/286
f 193/304/287 194/305/287 98/164/102
f 193/304/287 98/164/102 97/163/101
f 194/305/12 195/306/12 98/164/104
f 195/306/12 101/167/105 98/164/104
f 195/306/288 196/307/289 101/167/107
f 196/307/289 103/169/108 101/167/107
f 197/308/290 125/195/146 103/169/145
f 197/308/290 103/169/145 196/307/291
f 198/309/292 139/217/175 197/308/290
f 139/217/175 125/195/146 197/308/290
f 199/310/293 105/218/176 139/217/175
f 199/310/293 139/217/175 198/309/292
f 199/311/294 200/312/294 105/171/110
f 200/312/294 106/172/111 105/171/110
f 93/159/3 106/172/2 200/312/1
f 93/159/3 200/312/1 189/300/1
f 200/313/295 199/314/295 189/315/295
f 199/314/295 190/316/295 189/315/295
f 199/314/295 198/317/295 191/318/295
f 199/314/295 191/318/295 190/316/295
f 198/317/295 197/319/295 192/320/295
f 198/317/295 192/320/295 191/318/295
f 197/319/295 196/321/295 193/322/295
f 197/319/295 193/322/295 192/320/295
f 196/321/295 195/323/295 193/322/295
f 195/323/295 194/324/295 193/322/295
f 4/325/296 6/326/296 16/327/296
f 4/325/296 16/327/296 1/328/296
f 6/326/295 113/329/295 16/327/295
f 113/329/295 118/330/295 16/327/295
f 113/329/295 138/331/295 118/330/295
f 138/331/295 132/332/295 118/330/295
f 138/331/295 9/333/295 132/332/295
f 9/333/295 14/334/295 132/332/295
f 9/333/295 10/335/295 12/336/295
f 9/333/295 12/336/295 14/334/295
f 201/337/297 202/338/298 203/339/299
f 202/338/298 204/340/299 203/339/299
f 205/341/300 201/337/301 206/342/302
f 201/337/301 203/339/302 206/342/302
f 207/343/303 205/341/304 206/342/305
f 207/343/303 206/342/305 208/344/305
f 209/345/306 207/343/307 210/346/308
f 207/343/307 208/344/309 210/346/308
f 211/347/310 209/348/311 210/349/312
f 211/347/310 210/349/312 212/350/312
f 202/351/313 211/347/314 212/350/315
f 202/351/313 212/350/315 204/352/315
f 204/340/316 213/353/316 214/354/316
f 204/340/316 214/354/316 203/339/316
f 203/339/317 214/354/317 215/355/317
f 203/339/317 215/355/317 206/342/317
f 206/342/318 215/355/318 208/344/318
f 215/355/318 216/356/318 208/344/318
f 208/344/319 216/356/319 210/346/319
f 216/356/319 217/357/319 210/346/319
f 210/349/320 217/358/320 218/359/320
f 210/349/320 218/359/320 212/350/320
f 212/350/321 218/359/321 213/360/321
f 212/350/321 213/360/321 204/352/321
f 218/359/322 219/361/322 213/360/322
f 217/358/323 220/362/324 218/359/325
f 216/356/326 221/363/326 220/364/326
f 216/356/326 220/364/326 217/357/326
f 213/353/327 219/365/327 214/354/327
f 219/365/327 222/366/327 214/354/327
f 223/367/328 224/368/328 225/369/329
f 224/368/328 226/370/330 225/369/329
f 224/368/331 227/371/331 228/372/332
f 224/368/331 228/372/332 226/370/333
f 227/371/334 229/373/334 228/372/335
f 229/373/334 230/374/336 228/372/335
f 229/373/337 231/375/337 230/374/338
f 231/375/337 232/376/339 230/374/338
f 231/377/340 233/378/340 232/379/341
f 233/378/340 234/380/342 232/379/341
f 233/378/343 223/381/343 225/382/344
f 233/378/343 225/382/344 234/380/345
f 235/383/346 236/384/346 237/385/346
f 235/383/346 237/385/346 238/386/346
f 236/384/347 239/387/347 240/388/347
f 236/384/347 240/388/347 237/385/347
f 239/387/348 241/389/348 240/388/348
f 241/389/348 242/390/348 240/388/348
f 241/389/349 243/391/349 242/390/349
f 243/391/349 244/392/349 242/390/349
f 243/393/350 245/394/350 218/395/350
f 243/393/350 218/395/350 244/396/350
f 245/394/351 235/397/351 238/398/351
f 245/394/351 238/398/351 218/395/351
f 218/395/352 238/398/352 219/399/352
f 244/396/353 218/395/325 220/400/324
f 242/390/354 244/392/354 220/364/354
f 242/390/354 220/364/354 221/363/354
f 238/386/355 237/385/355 219/401/355
f 237/385/355 222/402/355 219/401/355
f 215/355/356 214/354/356 246/403/356
f 215/355/356 246/403/356 247/404/356
f 216/356/357 215/355/357 248/405/357
f 215/355/357 247/404/357 248/405/357
f 249/406/358 216/356/359 248/405/360
f 214/354/361 222/366/361 250/407/361
f 214/354/361 250/407/361 246/403/361
f 237/385/362 240/388/363 251/408/362
f 240/388/363 252/409/362 251/408/362
f 240/388/364 242/390/365 253/410/364
f 240/388/364 253/410/364 252/409/364
f 242/390/366 249/406/367 253/410/368
f 222/402/369 237/385/369 250/411/369
f 237/385/369 251/408/369 250/411/369
f 234/380/345 225/382/344 245/394/370
f 225/382/344 235/397/370 245/394/370
f 232/379/341 234/380/342 243/393/371
f 234/380/342 245/394/371 243/393/371
f 230/374/338 232/376/339 243/391/372
f 230/374/338 243/391/372 241/389/372
f 228/372/335 230/374/336 239/387/373
f 230/374/336 241/389/373 239/387/373
f 226/370/333 228/372/332 239/387/374
f 226/370/333 239/387/374 236/384/374
f 225/369/329 226/370/330 235/383/375
f 226/370/330 236/384/375 235/383/375
f 254/412/376 211/347/314 202/351/313
f 254/412/376 202/351/313 255/413/376
f 256/414/377 209/348/311 254/412/377
f 209/348/311 211/347/310 254/412/377
f 257/415/378 207/343/307 256/416/378
f 207/343/307 209/345/306 256/416/378
f 258/417/379 205/341/304 257/415/379
f 205/341/304 207/343/303 257/415/379
f 259/418/380 201/337/301 205/341/300
f 259/418/380 205/341/300 258/417/380
f 255/419/381 202/338/298 201/337/297
f 255/419/381 201/337/297 259/418/381
f 255/419/382 259/418/382 260/420/382
f 259/418/382 261/421/382 260/420/382
f 259/418/383 258/417/383 262/422/383
f 259/418/383 262/422/383 261/421/383
f 258/417/384 257/415/384 262/422/384
f 257/415/384 263/423/384 262/422/384
f 257/415/385 256/416/385 264/424/385
f 257/415/385 264/424/385 263/423/385
f 256/414/386 254/412/386 265/425/386
f 256/414/386 265/425/386 264/426/386
f 254/412/387 255/413/387 265/425/387
f 255/413/387 260/427/387 265/425/387
f 224/368/388 223/367/388 266/428/388
f 224/368/388 266/428/388 267/429/388
f 227/371/389 224/368/389 268/430/389
f 224/368/389 267/429/389 268/430/389
f 229/373/390 227/371/390 268/430/390
f 229/373/390 268/430/390 269/431/390
f 231/375/391 229/373/391 270/432/391
f 229/373/391 269/431/391 270/432/391
f 233/378/392 231/377/392 271/433/392
f 231/377/392 270/434/392 271/433/392
f 223/381/393 233/378/393 271/433/393
f 223/381/393 271/433/393 266/435/393
f 260/420/394 261/421/394 272/436/394
f 260/420/394 272/436/394 273/437/394
f 261/421/395 262/422/395 274/438/395
f 261/421/395 274/438/395 272/436/395
f 262/422/396 263/423/396 274/438/396
f 263/423/396 275/439/396 274/438/396
f 263/423/397 264/424/397 276/440/397
f 263/423/397 276/440/397 275/439/397
f 264/426/398 265/425/398 277/441/398
f 264/426/398 277/441/398 276/442/398
f 265/425/399 260/427/399 277/441/399
f 260/427/399 273/443/399 277/441/399
f 267/429/400 266/428/400 278/444/400
f 267/429/400 278/444/400 279/445/400
f 268/430/401 267/429/401 280/446/401
f 267/429/401 279/445/401 280/446/401
f 269/431/402 268/430/402 280/446/402
f 269/431/402 280/446/402 281/447/402
f 270/432/397 269/431/397 281/447/397
f 270/432/397 281/447/397 282/448/397
f 271/433/403 270/434/403 283/449/403
f 270/434/403 282/450/403 283/449/403
f 266/435/404 271/433/405 283/449/405
f 266/435/404 283/449/405 278/451/405
f 273/437/394 272/436/394 284/452/394
f 273/437/394 284/452/394 285/453/394
f 272/436/406 274/438/406 286/454/406
f 272/436/406 286/454/406 284/452/406
f 274/438/407 275/439/407 286/454/407
f 275/439/407 287/455/407 286/454/407
f 275/439/397 276/440/397 288/456/397
f 275/439/397 288/456/397 287/455/397
f 276/442/408 277/441/408 289/457/409
f 276/442/408 289/457/409 288/458/408
f 277/441/410 273/443/410 289/457/410
f 273/443/410 285/459/410 289/457/410
f 279/445/400 278/444/400 290/460/400
f 278/444/400 291/461/400 290/460/400
f 280/446/411 279/445/411 292/462/411
f 279/445/411 290/460/411 292/462/411
f 281/447/412 280/446/412 292/462/412
f 281/447/412 292/462/412 293/463/412
f 282/448/397 281/447/397 293/463/397
f 282/448/397 293/463/397 294/464/397
f 283/449/413 282/450/413 295/465/413
f 282/450/413 294/466/413 295/465/413
f 278/451/414 283/449/414 295/465/414
f 278/451/414 295/465/414 291/467/414
f 285/453/415 284/452/415 296/468/415
f 284/452/415 297/469/415 296/468/415
f 284/452/416 286/454/416 298/470/416
f 284/452/416 298/470/416 297/469/416
f 286/454/417 287/455/417 298/470/417
f 287/455/417 299/471/417 298/470/417
f 287/455/418 288/456/418 300/472/418
f 287/455/418 300/472/418 299/471/418
f 288/458/419 289/457/419 300/473/419
f 289/457/419 301/474/420 300/473/419
f 289/457/421 285/459/421 301/474/421
f 285/459/421 296/475/421 301/474/421
f 290/460/422 291/461/422 302/476/422
f 290/460/422 302/476/422 303/477/422
f 292/462/423 290/460/423 304/478/423
f 290/460/423 303/477/423 304/478/423
f 293/463/424 292/462/424 304/478/424
f 293/463/424 304/478/424 305/479/424
f 294/464/425 293/463/425 306/480/425
f 293/463/425 305/479/425 306/480/425
f 295/465/426 294/466/426 306/481/426
f 295/465/426 306/481/426 307/482/426
f 291/467/427 295/465/427 307/482/427
f 291/467/427 307/482/427 302/483/427
f 242/390/366 221/363/428 249/406/367
f 221/363/429 216/356/359 249/406/358
f 297/469/430 308/484/430 309/485/430
f 297/469/430 309/485/430 296/468/430
f 298/470/431 310/486/431 308/484/431
f 298/470/431 308/484/431 297/469/431
f 299/471/432 311/487/433 298/470/432
f 311/487/433 310/486/432 298/470/432
f 300/472/434 312/488/434 299/471/434
f 312/488/434 311/487/434 299/471/434
f 301/474/435 313/489/435 312/490/435
f 301/474/435 312/490/435 300/473/435
f 296/475/436 309/491/436 301/474/436
f 309/491/436 313/489/436 301/474/436
f 303/477/437 302/476/437 314/492/437
f 303/477/437 314/492/437 315/493/437
f 304/478/438 303/477/438 315/493/438
f 304/478/438 315/493/438 316/494/438
f 305/479/439 304/478/439 317/495/440
f 304/478/439 316/494/440 317/495/440
f 306/480/434 305/479/434 318/496/434
f 305/479/434 317/495/434 318/496/434
f 307/482/441 306/481/441 318/497/441
f 307/482/441 318/497/441 319/498/441
f 302/483/442 307/482/442 314/499/442
f 307/482/442 319/498/442 314/499/442
f 309/485/443 308/484/443 320/500/443
f 309/485/443 320/500/443 321/501/443
f 308/484/444 310/486/444 320/500/444
f 310/486/444 322/502/444 320/500/444
f 310/486/445 311/487/445 323/503/445
f 310/486/445 323/503/445 322/502/445
f 311/487/446 312/488/446 323/503/446
f 312/488/446 324/504/446 323/503/446
f 312/490/447 313/489/447 324/505/447
f 313/489/447 325/506/447 324/505/447
f 313/489/448 309/491/448 321/507/448
f 313/489/448 321/507/448 325/506/448
f 315/493/449 314/492/449 326/508/449
f 314/492/449 327/509/449 326/508/449
f 316/494/450 315/493/450 326/508/450
f 316/494/450 326/508/450 328/510/450
f 317/495/451 316/494/451 329/511/451
f 316/494/451 328/510/451 329/511/451
f 318/496/446 317/495/446 329/511/446
f 318/496/446 329/511/446 330/512/446
f 319/498/452 318/497/452 330/513/452
f 319/498/452 330/513/452 331/514/452
f 314/499/453 319/498/453 327/515/453
f 319/498/453 331/514/453 327/515/453
f 332/516/454 333/517/454 334/518/454
f 332/516/454 334/518/454 335/519/454
f 333/517/455 336/520/455 334/518/455
f 336/520/455 337/521/455 334/518/455
f 336/520/456 338/522/456 337/521/456
f 338/522/456 339/523/456 337/521/456
f 338/522/457 340/524/457 341/525/457
f 338/522/457 341/525/457 339/523/457
f 340/524/458 342/526/458 343/527/458
f 340/524/458 343/527/458 341/525/458
f 342/528/459 332/516/459 343/529/459
f 332/516/459 335/519/459 343/529/459
f 344/530/460 345/531/460 346/532/460
f 345/531/460 347/533/460 346/532/460
f 348/534/461 344/530/461 346/532/461
f 348/534/461 346/532/461 349/535/461
f 350/536/462 348/534/462 349/535/462
f 350/536/462 349/535/462 351/537/462
f 352/538/457 350/536/457 351/537/457
f 352/538/457 351/537/457 353/539/457
f 354/540/463 352/538/463 355/541/463
f 352/538/463 353/539/463 355/541/463
f 345/531/464 354/542/464 355/543/464
f 345/531/464 355/543/464 347/533/464
f 321/544/465 320/545/465 332/516/465
f 320/545/465 333/517/465 332/516/465
f 159/546/466 169/547/466 335/519/466
f 159/546/466 335/519/466 334/518/466
f 320/545/467 322/548/467 336/520/467
f 320/545/467 336/520/467 333/517/467
f 160/549/468 159/546/468 337/521/468
f 159/546/468 334/518/468 337/521/468
f 322/548/469 323/550/469 336/520/469
f 323/550/469 338/522/469 336/520/469
f 163/551/470 160/549/471 337/521/470
f 163/551/470 337/521/470 339/523/471
f 323/550/472 324/552/472 338/522/472
f 324/552/472 340/524/472 338/522/472
f 165/553/473 163/551/473 341/525/473
f 163/551/473 339/523/473 341/525/473
f 324/552/474 325/554/474 342/526/474
f 324/552/474 342/526/474 340/524/474
f 167/555/475 165/553/475 341/525/475
f 167/555/475 341/525/475 343/527/475
f 325/556/476 321/544/476 342/528/476
f 321/544/476 332/516/476 342/528/476
f 169/547/477 167/557/477 343/529/477
f 169/547/477 343/529/477 335/519/477
f 326/558/478 327/559/478 345/531/478
f 326/558/478 345/531/478 344/530/478
f 188/560/479 183/561/479 347/533/479
f 183/561/479 346/532/479 347/533/479
f 328/562/480 326/558/480 348/534/480
f 326/558/480 344/530/480 348/534/480
f 183/561/481 184/563/481 349/535/481
f 183/561/481 349/535/481 346/532/481
f 329/564/482 328/562/482 348/534/482
f 329/564/482 348/534/482 350/536/482
f 184/563/483 185/565/483 349/535/483
f 185/565/483 351/537/483 349/535/483
f 330/566/484 329/564/484 352/538/484
f 329/564/484 350/536/484 352/538/484
f 185/565/485 186/567/485 353/539/486
f 185/565/485 353/539/486 351/537/486
f 331/568/487 330/566/487 354/540/487
f 330/566/487 352/538/487 354/540/487
f 186/567/488 187/569/488 353/539/488
f 187/569/488 355/541/488 353/539/488
f 327/559/489 331/570/489 354/542/489
f 327/559/489 354/542/489 345/531/489
f 187/571/490 188/560/490 355/543/490
f 188/560/490 347/533/490 355/543/490
f 246/572/491 250/573/491 356/574/492
f 246/572/491 356/574/492 357/575/493
f 250/573/494 251/576/494 356/574/495
f 251/576/494 358/577/496 356/574/495
f 251/576/497 252/578/497 358/577/498
f 252/578/497 359/579/499 358/577/498
f 252/580/500 253/581/500 360/582/501
f 252/580/500 360/582/501 359/583/502
f 253/581/503 249/584/503 361/585/504
f 253/581/503 361/585/504 360/582/505
f 249/584/506 248/586/506 361/585/507
f 248/586/506 362/587/508 361/585/507
f 248/586/509 247/588/509 362/587/510
f 247/588/509 363/589/511 362/587/510
f 247/590/512 246/572/512 357/575/513
f 247/590/512 357/575/513 363/591/514
f 364/592/515 365/593/515 366/594/515
f 365/593/515 367/595/515 366/594/515
f 368/596/516 364/597/516 366/598/516
f 368/596/516 366/598/516 369/599/516
f 370/600/517 368/596/518 371/601/519
f 368/596/518 369/599/520 371/601/519
f 372/602/521 370/600/522 371/601/523
f 372/602/521 371/601/523 373/603/524
f 374/604/525 372/602/525 375/605/525
f 372/602/525 373/603/525 375/605/525
f 376/606/526 374/607/527 375/608/527
f 376/606/526 375/608/527 377/609/527
f 378/610/528 376/606/529 377/609/530
f 378/610/528 377/609/530 379/611/530
f 365/593/531 378/610/532 367/595/533
f 378/610/532 379/611/533 367/595/533
f 380/612/534 381/613/535 368/596/518
f 380/612/534 368/596/518 370/600/517
f 382/614/536 380/612/537 372/602/521
f 380/612/537 370/600/522 372/602/521
f 383/615/538 384/616/539 378/610/528
f 384/616/539 376/606/529 378/610/528
f 385/617/540 383/615/541 378/610/532
f 385/617/540 378/610/532 365/593/531
f 386/618/542 387/619/543 385/617/544
f 386/618/542 385/617/544 388/620/545
f 389/621/546 386/622/547 381/613/548
f 386/622/547 388/623/548 381/613/548
f 390/624/549 389/621/550 381/613/535
f 390/624/549 381/613/535 380/612/534
f 391/625/551 390/624/552 382/614/536
f 390/624/552 380/612/537 382/614/536
f 392/626/553 391/625/554 382/614/555
f 392/626/553 382/614/555 393/627/555
f 394/628/556 392/629/557 384/616/558
f 392/629/557 393/630/558 384/616/558
f 395/631/559 394/628/560 384/616/539
f 395/631/559 384/616/539 383/615/538
f 387/619/561 395/631/562 385/617/540
f 395/631/562 383/615/541 385/617/540
f 363/591/514 357/575/513 387/619/543
f 363/591/514 387/619/543 386/618/542
f 362/587/510 363/589/511 389/621/546
f 363/589/511 386/622/547 389/621/546
f 361/585/507 362/587/508 390/624/549
f 362/587/508 389/621/550 390/624/549
f 360/582/505 361/585/504 390/624/552
f 360/582/505 390/624/552 391/625/551
f 359/583/502 360/582/501 391/625/554
f 359/583/502 391/625/554 392/626/553
f 358/577/498 359/579/499 394/628/556
f 359/579/499 392/629/557 394/628/556
f 356/574/495 358/577/496 395/631/559
f 358/577/496 394/628/560 395/631/559
f 357/575/493 356/574/492 395/631/562
f 357/575/493 395/631/562 387/619/561
f 388/620/563 385/617/563 396/632/563
f 385/617/563 397/633/563 396/632/563
f 385/617/564 365/593/564 397/633/564
f 365/593/564 398/634/564 397/633/564
f 365/593/565 364/592/565 399/635/565
f 365/593/565 399/635/565 398/634/565
f 381/613/566 388/623/566 396/636/566
f 381/613/566 396/636/566 400/637/566
f 364/597/567 368/596/567 399/638/567
f 368/596/567 401/639/567 399/638/567
f 368/596/568 381/613/568 401/639/568
f 381/613/568 400/637/568 401/639/568
f 393/627/569 382/614/570 402/640/571
f 382/614/570 403/641/570 402/640/571
f 382/614/572 372/602/572 404/642/572
f 382/614/572 404/642/572 403/641/572
f 372/602/573 374/604/574 405/643/575
f 372/602/573 405/643/575 404/642/573
f 384/616/576 393/630/569 402/644/571
f 384/616/576 402/644/571 406/645/576
f 374/607/574 376/606/577 405/646/575
f 376/606/577 407/647/577 405/646/575
f 376/606/578 384/616/578 406/645/578
f 376/606/578 406/645/578 407/647/578
f 396/632/579 397/633/579 408/648/579
f 396/632/579 408/648/579 409/649/579
f 397/633/580 398/634/580 410/650/580
f 397/633/580 410/650/580 408/648/580
f 398/634/581 399/635/581 411/651/581
f 398/634/581 411/651/581 410/650/581
f 400/637/582 396/636/582 409/652/582
f 400/637/582 409/652/582 412/653/582
f 399/638/583 401/639/583 413/654/583
f 399/638/583 413/654/583 411/655/583
f 401/639/584 400/637/584 413/654/584
f 400/637/584 412/653/584 413/654/584
f 402/640/585 403/641/585 414/656/585
f 402/640/585 414/656/585 415/657/585
f 403/641/586 404/642/586 416/658/586
f 403/641/586 416/658/586 414/656/586
f 404/642/587 405/643/587 416/658/587
f 405/643/587 417/659/587 416/658/587
f 406/645/579 402/644/579 415/660/579
f 406/645/579 415/660/579 418/661/579
f 405/646/588 407/647/588 417/662/588
f 407/647/588 419/663/588 417/662/588
f 407/647/589 406/645/589 419/663/589
f 406/645/589 418/661/589 419/663/589
f 420/664/590 421/665/590 422/666/591
f 420/664/590 422/666/591 423/667/591
f 421/665/592 424/668/593 425/669/594
f 421/665/592 425/669/594 422/666/594
f 424/668/595 426/670/596 425/669/597
f 426/670/596 427/671/597 425/669/597
f 428/672/598 420/673/599 429/674/600
f 420/673/599 423/675/600 429/674/600
f 426/670/601 430/676/602 431/677/603
f 426/670/601 431/677/603 427/671/603
f 430/676/604 428/672/605 429/674/606
f 430/676/604 429/674/606 431/677/606
f 432/678/607 433/679/607 434/680/607
f 432/678/608 435/681/608 433/679/608
f 436/682/609 437/683/609 438/684/609
f 436/682/609 438/684/609 439/685/609
f 437/683/610 440/686/610 438/684/610
f 440/686/610 441/687/610 438/684/610
f 440/686/611 442/688/611 443/689/611
f 440/686/611 443/689/611 441/687/611
f 442/690/612 434/680/613 443/691/612
f 434/680/613 444/692/612 443/691/612
f 434/680/614 433/679/614 445/693/614
f 434/680/614 445/693/614 444/692/614
f 433/679/615 435/681/615 445/693/615
f 435/681/615 446/694/615 445/693/615
f 435/681/616 447/695/617 448/696/617
f 435/681/616 448/696/617 446/694/617
f 447/697/618 436/682/618 448/698/618
f 436/682/618 439/685/618 448/698/618
f 439/699/619 438/700/619 449/701/619
f 439/699/619 449/701/619 450/702/619
f 438/703/620 441/704/620 449/705/620
f 441/704/620 451/706/620 449/705/620
f 441/704/621 443/707/621 451/706/621
f 443/707/621 452/708/621 451/706/621
f 443/707/622 444/709/622 452/708/622
f 444/709/622 453/710/622 452/708/622
f 444/709/623 445/711/623 454/712/623
f 444/709/623 454/712/623 453/710/623
f 445/711/624 446/713/625 454/712/624
f 446/713/625 455/714/625 454/712/624
f 446/713/626 448/715/626 456/716/626
f 446/713/626 456/716/626 455/714/626
f 448/715/627 439/699/627 450/702/627
f 448/715/627 450/702/627 456/716/627
f 457/717/628 458/718/628 459/719/629
f 457/717/628 459/719/629 460/720/630
f 461/721/631 457/722/632 462/723/633
f 457/722/632 460/724/634 462/723/633
f 463/725/635 461/721/635 464/726/636
f 461/721/635 462/723/637 464/726/636
f 465/727/638 463/725/638 464/726/639
f 465/727/638 464/726/639 466/728/640
f 467/729/641 465/727/641 468/730/642
f 465/727/641 466/728/643 468/730/642
f 458/718/644 467/729/644 459/719/645
f 467/729/644 468/730/646 459/719/645
f 469/731/647 470/732/647 471/733/647
f 470/732/647 472/734/647 471/733/647
f 470/735/648 473/736/648 474/737/649
f 470/735/648 474/737/649 472/738/649
f 473/739/650 475/740/650 476/741/650
f 473/739/650 476/741/650 474/742/650
f 477/743/651 469/731/651 471/733/651
f 477/743/651 471/733/651 478/744/651
f 475/740/652 479/745/652 476/741/652
f 479/745/652 480/746/652 476/741/652
f 479/747/653 477/748/653 478/749/653
f 479/747/653 478/749/653 480/750/653
f 423/751/654 422/752/654 481/753/654
f 422/752/654 482/754/654 481/753/654
f 422/755/655 425/756/655 482/757/656
f 425/756/655 483/758/655 482/757/656
f 425/759/657 427/760/657 484/761/657
f 425/759/657 484/761/657 483/762/657
f 429/763/658 423/751/658 481/753/658
f 429/763/658 481/753/658 485/764/658
f 427/760/659 431/765/659 484/761/659
f 431/765/659 486/766/659 484/761/659
f 431/767/660 429/768/660 485/769/660
f 431/767/660 485/769/660 486/770/660
f 471/733/661 472/734/661 487/771/661
f 471/733/661 487/771/661 488/772/661
f 472/738/662 474/737/662 489/773/662
f 472/738/662 489/773/662 487/774/662
f 474/742/663 476/741/663 489/775/663
f 476/741/663 490/776/663 489/775/663
f 478/744/664 471/733/665 491/777/666
f 471/733/665 488/772/665 491/777/666
f 476/741/667 480/746/668 492/778/669
f 476/741/667 492/778/669 490/776/667
f 493/779/670 494/780/670 495/781/670
f 494/780/670 496/782/670 495/781/670
f 481/753/671 482/754/672 497/783/673
f 481/753/671 497/783/673 498/784/674
f 499/785/675 500/786/675 501/787/675
f 499/785/675 501/787/675 502/788/675
f 483/762/676 484/761/677 503/789/678
f 484/761/677 504/790/679 503/789/678
f 485/764/680 481/753/680 505/791/680
f 481/753/680 498/784/680 505/791/680
f 484/761/681 486/766/681 506/792/681
f 484/761/681 506/792/681 504/790/681
f 486/770/662 485/769/662 505/793/662
f 486/770/662 505/793/662 506/794/662
f 488/772/682 507/795/683 508/796/684
f 487/774/662 489/773/662 509/797/662
f 487/774/662 509/797/662 510/798/662
f 489/775/685 490/776/686 509/799/685
f 490/776/686 511/800/687 509/799/685
f 491/777/688 488/772/689 512/801/688
f 488/772/689 513/802/690 512/801/688
f 490/776/691 514/803/692 515/804/693
f 492/805/694 491/806/694 516/807/694
f 491/806/694 512/808/694 516/807/694
f 498/784/695 517/809/696 518/810/697
f 497/811/698 503/812/698 519/813/698
f 497/811/698 519/813/698 520/814/698
f 503/789/699 504/790/700 519/815/699
f 504/790/700 521/816/701 519/815/699
f 505/791/702 498/784/703 522/817/702
f 498/784/703 523/818/704 522/817/702
f 504/790/705 524/819/706 525/820/707
f 506/794/662 505/793/662 522/821/662
f 506/794/662 522/821/662 526/822/662
f 480/750/708 478/749/708 527/823/709
f 480/750/708 527/823/709 528/824/710
f 478/744/664 491/777/666 529/825/711
f 478/744/664 529/825/711 527/826/712
f 491/806/713 492/805/713 529/827/714
f 492/805/713 530/828/715 529/827/714
f 492/778/669 480/746/668 530/829/716
f 480/746/668 528/830/717 530/829/716
f 531/831/718 532/832/719 499/785/720
f 532/832/719 500/786/720 499/785/720
f 532/833/721 533/834/722 501/835/723
f 532/833/721 501/835/723 500/836/723
f 533/837/724 534/838/725 502/788/726
f 533/837/724 502/788/726 501/787/726
f 534/839/727 531/840/728 502/841/729
f 531/840/728 499/842/729 502/841/729
f 528/824/710 527/823/709 535/843/730
f 528/824/710 535/843/730 536/844/731
f 530/829/716 528/830/717 536/845/732
f 530/829/716 536/845/732 537/846/733
f 529/827/714 530/828/715 538/847/734
f 530/828/715 537/848/735 538/847/734
f 527/826/712 529/825/711 538/849/736
f 527/826/712 538/849/736 535/850/737
f 482/757/738 483/758/738 539/851/739
f 483/758/738 540/852/740 539/851/739
f 483/762/676 503/789/678 541/853/741
f 483/762/676 541/853/741 540/854/742
f 503/812/743 497/811/743 542/855/744
f 503/812/743 542/855/744 541/856/745
f 497/783/673 482/754/672 542/857/746
f 482/754/672 539/858/747 542/857/746
f 536/844/731 535/843/730 494/780/748
f 536/844/731 494/780/748 493/779/748
f 537/846/733 536/845/732 495/859/749
f 536/845/732 493/860/749 495/859/749
f 538/847/734 537/848/735 496/782/750
f 537/848/735 495/781/750 496/782/750
f 535/850/737 538/849/736 496/861/751
f 535/850/737 496/861/751 494/862/751
f 539/851/739 540/852/740 531/831/718
f 540/852/740 532/832/719 531/831/718
f 540/854/742 541/853/741 532/833/721
f 541/853/741 533/834/722 532/833/721
f 541/856/745 542/855/744 534/838/725
f 541/856/745 534/838/725 533/837/724
f 542/857/746 539/858/747 534/839/727
f 539/858/747 531/840/728 534/839/727
f 490/776/691 492/778/752 516/863/752
f 490/776/691 516/863/752 514/803/692
f 521/816/701 504/790/700 525/820/753
f 511/800/687 490/776/686 515/804/754
f 504/790/705 506/792/755 526/864/755
f 504/790/705 526/864/755 524/819/706
f 513/802/690 488/772/689 508/796/756
f 498/784/695 497/783/757 520/865/757
f 498/784/695 520/865/757 517/809/696
f 488/772/682 487/771/758 510/866/758
f 488/772/682 510/866/758 507/795/683
f 523/818/704 498/784/703 518/810/759
f 543/867/760 544/868/760 545/869/760
f 544/868/760 546/870/760 545/869/760
f 21/871/21 22/872/21 23/873/21
f 21/871/21 23/873/21 24/874/21
f 547/875/761 548/876/761 549/877/761
f 547/875/761 549/877/761 550/878/761
f 25/879/22 26/880/22 27/881/22
f 25/879/22 27/881/22 28/882/22
f 29/883/23 30/884/23 31/885/23
f 29/883/23 31/885/23 32/886/23
f 551/887/762 552/888/762 553/889/762
f 551/887/762 553/889/762 554/890/762
f 517/809/763 520/865/763 555/891/763
f 520/865/763 556/892/763 555/891/763
f 520/814/764 519/813/764 557/893/764
f 520/814/764 557/893/764 556/894/764
f 519/815/765 521/816/766 557/895/766
f 521/816/766 558/896/766 557/895/766
f 521/897/764 517/898/764 555/899/764
f 521/897/764 555/899/764 558/900/764
f 513/901/767 514/902/767 559/903/767
f 513/901/767 559/903/767 560/904/767
f 514/803/768 516/863/768 561/905/768
f 514/803/768 561/905/768 559/906/768
f 516/807/767 512/808/767 562/907/767
f 516/807/767 562/907/767 561/908/767
f 512/801/769 513/802/769 560/909/769
f 512/801/769 560/909/769 562/910/769
f 508/911/770 515/912/770 563/913/770
f 508/911/770 563/913/770 564/914/770
f 515/804/771 514/803/771 565/915/771
f 515/804/771 565/915/771 563/916/771
f 514/902/770 513/901/770 566/917/770
f 514/902/770 566/917/770 565/918/770
f 513/802/772 508/796/772 564/919/772
f 513/802/772 564/919/772 566/920/772
f 517/898/773 521/897/773 567/921/773
f 517/898/773 567/921/773 568/922/773
f 521/816/774 525/820/774 567/923/775
f 525/820/774 569/924/774 567/923/775
f 525/925/773 518/926/773 570/927/773
f 525/925/773 570/927/773 569/928/773
f 518/810/776 517/809/776 570/929/776
f 517/809/776 568/930/776 570/929/776
f 518/926/777 525/925/777 571/931/777
f 518/926/777 571/931/777 572/932/777
f 525/820/778 524/819/778 573/933/778
f 525/820/778 573/933/778 571/934/778
f 524/935/779 523/936/779 574/937/779
f 524/935/779 574/937/779 573/938/779
f 523/818/780 518/810/780 572/939/780
f 523/818/780 572/939/780 574/940/780
f 507/941/781 511/942/781 575/943/781
f 511/942/781 576/944/781 575/943/781
f 511/800/782 515/804/782 576/945/782
f 515/804/782 577/946/782 576/945/782
f 515/912/783 508/911/783 578/947/783
f 515/912/783 578/947/783 577/948/783
f 508/796/784 507/795/784 578/949/784
f 507/795/784 575/950/784 578/949/784
f 507/795/785 510/866/785 579/951/785
f 510/866/785 580/952/785 579/951/785
f 510/798/786 509/797/786 581/953/786
f 510/798/786 581/953/786 580/954/786
f 509/799/787 511/800/787 581/955/787
f 511/800/787 582/956/787 581/955/787
f 511/942/788 507/941/788 582/957/788
f 507/941/788 579/958/788 582/957/788
f 523/936/789 524/935/789 583/959/789
f 523/936/789 583/959/789 584/960/789
f 524/819/790 526/864/790 585/961/790
f 524/819/790 585/961/790 583/962/790
f 526/822/791 522/821/791 586/963/791
f 526/822/791 586/963/791 585/964/791
f 522/817/792 523/818/792 584/965/792
f 522/817/792 584/965/792 586/966/792
f 564/914/60 563/913/60 72/967/60
f 564/914/60 72/967/60 70/968/60
f 563/916/793 565/915/793 72/969/793
f 565/915/793 71/970/793 72/969/793
f 565/918/58 566/917/58 69/971/58
f 565/918/58 69/971/58 71/972/58
f 566/920/794 564/919/794 70/973/795
f 566/920/794 70/973/795 69/974/794
f 587/975/796 588/976/796 589/977/797
f 588/976/796 590/978/797 589/977/797
f 588/979/798 591/980/798 592/981/798
f 588/979/798 592/981/798 590/982/798
f 591/983/799 593/984/800 594/985/801
f 591/983/799 594/985/801 592/986/801
f 593/987/802 587/988/802 589/989/803
f 593/987/802 589/989/803 594/990/803
f 560/904/804 559/903/804 66/991/804
f 560/904/804 66/991/804 65/992/804
f 559/906/805 561/905/805 66/993/806
f 561/905/805 68/994/805 66/993/806
f 561/908/807 562/907/807 67/995/807
f 561/908/807 67/995/807 68/996/807
f 562/910/808 560/909/808 65/997/808
f 562/910/808 65/997/808 67/998/808
f 595/999/809 596/1000/809 597/1001/809
f 595/999/809 597/1001/809 598/1002/809
f 596/1003/810 599/1004/811 600/1005/812
f 596/1003/810 600/1005/812 597/1006/812
f 599/1007/813 601/1008/813 602/1009/813
f 599/1007/813 602/1009/813 600/1010/813
f 601/1011/814 595/1012/814 602/1013/815
f 595/1012/814 598/1014/815 602/1013/815
f 579/951/816 580/952/816 78/1015/816
f 579/951/816 78/1015/816 77/1016/817
f 580/954/73 581/953/73 80/1017/73
f 580/954/73 80/1017/73 78/1018/73
f 581/955/818 582/956/818 80/1019/819
f 582/956/818 79/1020/819 80/1019/819
f 582/957/820 579/958/820 77/1021/820
f 582/957/820 77/1021/820 79/1022/820
f 575/943/821 576/944/821 74/1023/821
f 575/943/821 74/1023/821 73/1024/821
f 576/945/822 577/946/822 74/1025/822
f 577/946/822 76/1026/823 74/1025/822
f 577/948/65 578/947/65 75/1027/65
f 577/948/65 75/1027/65 76/1028/65
f 578/949/824 575/950/824 73/1029/824
f 578/949/824 73/1029/824 75/1030/824
f 603/1031/825 604/1032/825 605/1033/825
f 603/1031/825 605/1033/825 606/1034/825
f 604/1035/826 607/1036/826 608/1037/827
f 604/1035/826 608/1037/827 605/1038/827
f 607/1039/828 609/1040/828 610/1041/828
f 607/1039/828 610/1041/828 608/1042/828
f 609/1043/829 603/1044/829 610/1045/830
f 603/1044/829 606/1046/830 610/1045/830
f 611/1047/831 612/1048/831 613/1049/832
f 611/1047/831 613/1049/832 614/1050/832
f 612/1051/833 615/1052/833 613/1053/834
f 615/1052/833 616/1054/834 613/1053/834
f 615/1055/835 617/1056/835 618/1057/836
f 615/1055/835 618/1057/836 616/1058/836
f 617/1059/837 611/1060/838 614/1061/839
f 617/1059/837 614/1061/839 618/1062/839
f 33/1063/24 34/1064/24 35/1065/24
f 33/1063/24 35/1065/24 36/1066/24
f 34/1067/25 37/1068/25 38/1069/26
f 34/1067/25 38/1069/26 35/1070/26
f 37/1071/27 39/1072/27 40/1073/27
f 37/1071/27 40/1073/27 38/1074/27
f 39/1075/28 33/1076/28 40/1077/29
f 33/1076/28 36/1078/29 40/1077/29
f 619/1079/840 620/1080/840 543/1081/841
f 620/1080/840 544/1082/841 543/1081/841
f 620/1083/842 621/1084/842 546/870/842
f 620/1083/842 546/870/842 544/868/842
f 621/1085/843 622/1086/843 545/1087/843
f 621/1085/843 545/1087/843 546/1088/843
f 622/1089/844 619/1090/844 543/867/844
f 622/1089/844 543/867/844 545/869/844
f 41/1091/30 42/1092/30 43/1093/31
f 41/1091/30 43/1093/31 44/1094/31
f 42/1095/32 45/1096/32 46/1097/33
f 42/1095/32 46/1097/33 43/1098/34
f 45/1099/35 47/1100/35 48/1101/35
f 45/1099/35 48/1101/35 46/1102/35
f 47/1103/36 41/1104/36 48/1105/37
f 41/1104/36 44/1106/37 48/1105/37
f 623/1107/845 624/1108/845 548/876/845
f 623/1107/845 548/876/845 547/875/845
f 624/1109/846 625/1110/846 549/1111/847
f 624/1109/846 549/1111/847 548/1112/847
f 625/1113/848 626/1114/848 550/878/848
f 625/1113/848 550/878/848 549/877/848
f 626/1115/849 623/1116/849 550/1117/850
f 623/1116/849 547/1118/850 550/1117/850
f 49/1119/38 50/1120/38 51/1121/39
f 49/1119/38 51/1121/39 52/1122/39
f 50/1123/40 53/1124/40 54/1125/40
f 50/1123/40 54/1125/40 51/1126/40
f 53/1127/41 55/1128/41 54/1129/42
f 55/1128/41 56/1130/42 54/1129/42
f 55/1131/43 49/1132/43 52/1133/44
f 55/1131/43 52/1133/44 56/1134/44
f 57/1135/45 58/1136/45 59/1137/45
f 57/1135/45 59/1137/45 60/1138/45
f 58/1139/46 61/1140/46 62/1141/47
f 58/1139/46 62/1141/47 59/1142/47
f 61/1143/48 63/1144/48 64/1145/49
f 61/1143/48 64/1145/49 62/1146/49
f 63/1147/50 57/1148/50 64/1149/51
f 57/1148/50 60/1150/52 64/1149/51
f 627/1151/851 628/1152/851 629/1153/851
f 627/1151/851 629/1153/851 630/1154/851
f 628/1155/852 631/1156/852 632/1157/852
f 628/1155/852 632/1157/852 629/1158/852
f 631/1159/853 633/1160/853 634/1161/853
f 631/1159/853 634/1161/853 632/1162/853
f 633/1163/854 627/1164/854 634/1165/854
f 627/1164/854 630/1166/854 634/1165/854
f 635/1167/855 636/1168/855 552/888/855
f 635/1167/855 552/888/855 551/887/855
f 636/1169/856 637/1170/856 553/1171/857
f 636/1169/856 553/1171/857 552/1172/857
f 637/1173/858 638/1174/858 554/890/858
f 637/1173/858 554/890/858 553/889/858
f 638/1175/859 635/1176/860 551/1177/861
f 638/1175/859 551/1177/861 554/1178/861
f 65/992/804 66/991/804 42/1092/53
f 65/992/804 42/1092/53 41/1091/53
f 67/998/808 65/997/808 41/1104/54
f 67/998/808 41/1104/54 47/1103/54
f 68/996/807 67/995/807 47/1100/55
f 68/996/807 47/1100/55 45/1099/55
f 66/993/806 68/994/805 42/1095/56
f 68/994/805 45/1096/56 42/1095/56
f 558/900/802 555/899/802 587/988/802
f 558/900/802 587/988/802 593/987/802
f 555/891/862 556/892/862 587/975/796
f 556/892/862 588/976/796 587/975/796
f 556/894/863 557/893/863 591/980/798
f 556/894/863 591/980/798 588/979/798
f 557/895/799 558/896/799 593/984/800
f 557/895/799 593/984/800 591/983/799
f 44/1094/31 43/1093/31 22/872/31
f 44/1094/31 22/872/31 21/871/31
f 48/1105/37 44/1106/37 21/1179/37
f 48/1105/37 21/1179/37 24/1180/37
f 46/1102/35 48/1101/35 24/874/35
f 46/1102/35 24/874/35 23/873/35
f 43/1098/34 46/1097/33 22/1181/34
f 46/1097/33 23/1182/34 22/1181/34
f 594/990/864 589/989/864 619/1090/844
f 594/990/864 619/1090/844 622/1089/844
f 589/977/865 590/978/865 620/1080/840
f 589/977/865 620/1080/840 619/1079/840
f 590/982/842 592/981/842 621/1084/842
f 590/982/842 621/1084/842 620/1083/842
f 592/986/866 594/985/866 621/1085/843
f 594/985/866 622/1086/843 621/1085/843
f 69/974/794 70/973/795 33/1076/57
f 69/974/794 33/1076/57 39/1075/57
f 71/972/58 69/971/58 39/1072/58
f 71/972/58 39/1072/58 37/1071/58
f 72/969/793 71/970/793 34/1067/59
f 71/970/793 37/1068/59 34/1067/59
f 70/968/60 72/967/60 34/1064/60
f 70/968/60 34/1064/60 33/1063/60
f 570/929/829 568/930/829 609/1043/829
f 568/930/829 603/1044/829 609/1043/829
f 568/922/825 567/921/825 604/1032/825
f 568/922/825 604/1032/825 603/1031/825
f 567/923/826 569/924/826 607/1036/826
f 567/923/826 607/1036/826 604/1035/826
f 569/928/828 570/927/828 609/1040/828
f 569/928/828 609/1040/828 607/1039/828
f 40/1077/29 36/1078/29 17/1183/61
f 40/1077/29 17/1183/61 20/1184/61
f 38/1074/27 40/1073/27 20/1185/27
f 38/1074/27 20/1185/27 19/1186/27
f 35/1070/26 38/1069/26 18/1187/62
f 38/1069/26 19/1188/62 18/1187/62
f 36/1066/24 35/1065/24 18/1189/24
f 36/1066/24 18/1189/24 17/1190/24
f 610/1045/867 606/1046/867 627/1164/854
f 610/1045/867 627/1164/854 633/1163/854
f 606/1034/851 605/1033/851 628/1152/851
f 606/1034/851 628/1152/851 627/1151/851
f 605/1038/868 608/1037/868 628/1155/852
f 608/1037/868 631/1156/852 628/1155/852
f 608/1042/853 610/1041/853 633/1160/853
f 608/1042/853 633/1160/853 631/1159/853
f 73/1024/821 74/1023/821 58/1136/63
f 73/1024/821 58/1136/63 57/1135/63
f 75/1030/824 73/1029/824 57/1148/64
f 75/1030/824 57/1148/64 63/1147/64
f 76/1028/65 75/1027/65 63/1144/65
f 76/1028/65 63/1144/65 61/1143/65
f 74/1025/822 76/1026/823 58/1139/66
f 76/1026/823 61/1140/66 58/1139/66
f 573/938/813 574/937/813 601/1008/813
f 573/938/813 601/1008/813 599/1007/813
f 574/940/869 572/939/869 601/1011/814
f 572/939/869 595/1012/814 601/1011/814
f 572/932/809 571/931/809 596/1000/809
f 572/932/809 596/1000/809 595/999/809
f 571/934/811 573/933/811 599/1004/811
f 571/934/811 599/1004/811 596/1003/810
f 60/1138/45 59/1137/45 30/884/45
f 60/1138/45 30/884/45 29/883/45
f 64/1149/51 60/1150/52 29/1191/68
f 64/1149/51 29/1191/68 32/1192/68
f 62/1146/49 64/1145/49 32/886/49
f 62/1146/49 32/886/49 31/885/49
f 59/1142/47 62/1141/47 30/1193/69
f 62/1141/47 31/1194/69 30/1193/69
f 600/1010/870 602/1009/870 626/1114/848
f 600/1010/870 626/1114/848 625/1113/848
f 602/1013/871 598/1014/871 623/1116/849
f 602/1013/871 623/1116/849 626/1115/849
f 598/1002/845 597/1001/845 624/1108/845
f 598/1002/845 624/1108/845 623/1107/845
f 597/1006/872 600/1005/872 624/1109/846
f 600/1005/872 625/1110/846 624/1109/846
f 77/1016/817 78/1015/816 49/1119/70
f 78/1015/816 50/1120/70 49/1119/70
f 79/1022/820 77/1021/820 49/1132/71
f 79/1022/820 49/1132/71 55/1131/71
f 80/1019/819 79/1020/819 55/1128/72
f 80/1019/819 55/1128/72 53/1127/72
f 78/1018/73 80/1017/73 53/1124/73
f 78/1018/73 53/1124/73 50/1123/73
f 586/966/837 584/965/837 617/1059/837
f 584/965/837 611/1060/838 617/1059/837
f 584/960/831 583/959/831 612/1048/831
f 584/960/831 612/1048/831 611/1047/831
f 583/962/873 585/961/873 615/1052/833
f 583/962/873 615/1052/833 612/1051/833
f 585/964/835 586/963/835 617/1056/835
f 585/964/835 617/1056/835 615/1055/835
f 52/1122/39 51/1121/39 25/1195/74
f 51/1121/39 26/1196/74 25/1195/74
f 56/1134/44 52/1133/44 25/879/44
f 56/1134/44 25/879/44 28/882/44
f 54/1129/42 56/1130/42 27/1197/75
f 56/1130/42 28/1198/75 27/1197/75
f 51/1126/40 54/1125/40 27/881/40
f 51/1126/40 27/881/40 26/880/40
f 618/1062/874 614/1061/874 638/1175/859
f 614/1061/874 635/1176/860 638/1175/859
f 614/1050/875 613/1049/875 636/1168/855
f 614/1050/875 636/1168/855 635/1167/855
f 613/1053/876 616/1054/876 637/1170/856
f 613/1053/876 637/1170/856 636/1169/856
f 616/1058/877 618/1057/877 638/1174/858
f 616/1058/877 638/1174/858 637/1173/858
f 639/1199/878 640/1200/879 470/1201/880
f 639/1199/878 470/1201/880 469/1202/880
f 641/1203/881 639/1204/881 477/1205/882
f 639/1204/881 469/1206/882 477/1205/882
f 642/1207/883 641/1203/884 479/1208/885
f 641/1203/884 477/1205/885 479/1208/885
f 643/1209/886 642/1207/887 479/1208/888
f 643/1209/886 479/1208/888 475/1210/888
f 644/1211/889 643/1209/890 473/1212/891
f 643/1209/890 475/1210/891 473/1212/891
f 640/1200/892 644/1211/893 470/1201/894
f 644/1211/893 473/1212/894 470/1201/894
f 645/1213/895 646/1214/896 428/672/598
f 646/1214/896 420/673/599 428/672/598
f 646/1215/897 647/1216/898 421/665/590
f 646/1215/897 421/665/590 420/664/590
f 647/1216/899 648/1217/900 424/668/593
f 647/1216/899 424/668/593 421/665/592
f 648/1217/901 649/1218/902 424/668/595
f 649/1218/902 426/670/596 424/668/595
f 649/1218/903 650/1219/904 430/676/602
f 649/1218/903 430/676/602 426/670/601
f 650/1219/905 645/1213/906 428/672/605
f 650/1219/905 428/672/605 430/676/604
f 651/1220/907 652/1221/908 653/1222/909
f 651/1220/907 653/1222/909 654/1223/910
f 655/1224/911 651/1225/912 656/1226/913
f 651/1225/912 654/1227/914 656/1226/913
f 657/1228/915 655/1224/916 658/1229/917
f 655/1224/916 656/1226/918 658/1229/917
f 659/1230/919 657/1228/920 658/1229/921
f 659/1230/919 658/1229/921 660/1231/922
f 661/1232/923 659/1230/924 662/1233/925
f 659/1230/924 660/1231/926 662/1233/925
f 652/1221/927 661/1232/928 653/1222/929
f 661/1232/928 662/1233/930 653/1222/929
f 663/1234/931 664/1235/932 665/1236/933
f 664/1235/932 666/1237/934 665/1236/933
f 664/1238/935 667/1239/935 668/1240/936
f 664/1238/935 668/1240/936 666/1241/937
f 667/1239/938 669/1242/939 670/1243/940
f 667/1239/938 670/1243/940 668/1240/941
f 669/1242/942 671/1244/943 670/1243/944
f 671/1244/943 672/1245/945 670/1243/944
f 671/1244/946 673/1246/947 674/1247/948
f 671/1244/946 674/1247/948 672/1245/949
f 673/1246/950 663/1234/951 665/1236/952
f 673/1246/950 665/1236/952 674/1247/953
f 460/720/630 459/719/629 652/1221/908
f 460/720/630 652/1221/908 651/1220/907
f 462/723/633 460/724/634 655/1224/911
f 460/724/634 651/1225/912 655/1224/911
f 464/726/636 462/723/637 657/1228/915
f 462/723/637 655/1224/916 657/1228/915
f 466/728/640 464/726/639 657/1228/920
f 466/728/640 657/1228/920 659/1230/919
f 468/730/642 466/728/643 661/1232/923
f 466/728/643 659/1230/924 661/1232/923
f 459/719/645 468/730/646 652/1221/927
f 468/730/646 661/1232/928 652/1221/927
f 654/1223/910 653/1222/909 640/1200/879
f 654/1223/910 640/1200/879 639/1199/878
f 656/1226/913 654/1227/914 641/1203/881
f 654/1227/914 639/1204/881 641/1203/881
f 658/1229/917 656/1226/918 642/1207/883
f 656/1226/918 641/1203/884 642/1207/883
f 660/1231/922 658/1229/921 642/1207/887
f 660/1231/922 642/1207/887 643/1209/886
f 662/1233/925 660/1231/926 644/1211/889
f 660/1231/926 643/1209/890 644/1211/889
f 653/1222/929 662/1233/930 640/1200/892
f 662/1233/930 644/1211/893 640/1200/892
f 665/1236/933 666/1237/934 645/1213/895
f 666/1237/934 646/1214/896 645/1213/895
f 666/1241/937 668/1240/936 647/1216/898
f 666/1241/937 647/1216/898 646/1215/897
f 668/1240/941 670/1243/940 648/1217/900
f 668/1240/941 648/1217/900 647/1216/899
f 670/1243/944 672/1245/945 648/1217/901
f 672/1245/945 649/1218/902 648/1217/901
f 672/1245/949 674/1247/948 650/1219/904
f 672/1245/949 650/1219/904 649/1218/903
f 674/1247/953 665/1236/952 645/1213/906
f 674/1247/953 645/1213/906 650/1219/905
f 450/1248/954 449/1249/954 451/1250/954
f 456/1251/954 450/1248/954 451/1250/954
f 455/1252/954 456/1251/954 451/1250/954
f 454/1253/954 455/1252/954 451/1250/954
f 453/1254/954 454/1253/954 451/1250/954
f 452/1255/954 453/1254/954 451/1250/954
f 675/1256/955 676/1257/955 663/1234/951
f 675/1256/955 663/1234/951 673/1246/950
f 677/1258/956 675/1256/956 673/1246/947
f 677/1258/956 673/1246/947 671/1244/946
f 678/1259/957 677/1258/957 669/1242/942
f 677/1258/957 671/1244/943 669/1242/942
f 679/1260/958 678/1259/958 669/1242/939
f 679/1260/958 669/1242/939 667/1239/938
f 680/1261/959 679/1260/959 667/1239/935
f 680/1261/959 667/1239/935 664/1238/935
f 676/1257/960 680/1262/960 663/1234/931
f 680/1262/960 664/1235/932 663/1234/931
f 371/601/961 369/599/961 435/1263/961
f 371/601/961 435/1263/961 432/1264/961
f 373/603/962 371/601/963 434/1265/962
f 371/601/963 432/1264/962 434/1265/962
f 369/599/964 366/598/964 447/1266/964
f 369/599/964 447/1266/964 435/1263/964
f 375/605/965 373/603/965 442/1267/965
f 373/603/965 434/1265/965 442/1267/965
f 366/594/966 367/595/966 436/1268/966
f 366/594/966 436/1268/966 447/1269/966
f 377/609/967 375/608/967 440/1270/967
f 375/608/967 442/1271/967 440/1270/967
f 367/595/968 379/611/968 436/1268/968
f 379/611/968 437/1272/968 436/1268/968
f 379/611/969 377/609/969 440/1270/969
f 379/611/969 440/1270/969 437/1272/969
f 411/1273/970 413/1274/970 465/1275/970
f 413/1274/970 463/1276/970 465/1275/970
f 413/1274/971 412/1277/971 461/1278/971
f 413/1274/971 461/1278/971 463/1276/971
f 414/1279/972 416/1280/972 679/1281/972
f 416/1280/972 678/1282/972 679/1281/972
f 416/1280/973 417/1283/973 677/1284/973
f 416/1280/973 677/1284/973 678/1282/973
f 412/1277/974 409/1285/974 461/1278/974
f 409/1285/974 457/1286/974 461/1278/974
f 409/1285/975 408/1287/975 457/1286/975
f 408/1287/975 458/1288/975 457/1286/975
f 408/1287/976 410/1289/976 467/1290/976
f 408/1287/976 467/1290/976 458/1288/976
f 410/1289/977 411/1273/978 465/1275/977
f 410/1289/977 465/1275/977 467/1290/978
f 417/1283/979 419/1291/980 677/1284/979
f 419/1291/980 675/1292/979 677/1284/979
f 419/1291/981 418/1293/981 675/1292/981
f 418/1293/981 676/1294/981 675/1292/981
f 418/1293/982 415/1295/982 680/1296/982
f 418/1293/982 680/1296/982 676/1294/982
f 415/1295/983 414/1279/983 679/1281/983
f 415/1295/983 679/1281/983 680/1296/983
f 630/1154/984 629/1153/984 632/1162/984
f 630/1154/984 632/1162/984 634/1161/984
s off
g ears_standardSurface10SG
v 2.2228 8.48453 -0.106388
v 2.0426 7.91295 0.067495
v 2.14022 7.96557 0.34162
v 2.32041 8.53715 0.167737
v 2.2574 7.42415 0.012771
v 2.35502 7.47677 0.286896
v 2.88659 7.41718 -0.167089
v 2.93479 7.4698 0.107036
v 3.10493 8.097 -0.35413
v 3.19745 8.14962 -0.080005
v 2.82015 8.5673 -0.334993
v 2.91777 8.61992 -0.060869
v -2.2228 8.48453 -0.106388
v -2.32041 8.53714 0.167737
v -2.0426 7.91295 0.067495
v -2.14022 7.96557 0.34162
v -2.35502 7.47677 0.286896
v -2.2574 7.42415 0.012771
v -2.93479 7.4698 0.107035
v -2.88659 7.41718 -0.167089
v -3.19745 8.14962 -0.080005
v -3.10493 8.097 -0.354131
v -2.82015 8.5673 -0.334994
v -2.91777 8.61992 -0.060869
vn -0.898688 0.359676 0.250983
vn -0.832595 -0.407837 0.374772
vn 0.041541 -0.983211 0.177679
vn 0.914917 -0.368809 -0.164035
vn 0.790555 0.489408 -0.368106
vn -0.182049 0.975636 -0.122446
vn -0.329256 -0.136774 -0.934282
vn 0.33582 0.129807 0.932939
vn 0.898688 0.359677 0.250982
vn 0.832596 -0.407836 0.374771
vn -0.041542 -0.983211 0.17768
vn -0.914917 -0.368809 -0.164035
vn -0.914916 -0.368809 -0.164035
vn -0.790554 0.489408 -0.368108
vn 0.18205 0.975636 -0.122444
vn 0.329257 -0.136774 -0.934282
vn -0.33582 0.129807 0.932939
vt 0.212098 0.140539
vt 0.212272 0.119471
vt 0.222889 0.119154
vt 0.222948 0.140564
vt 0.208255 0.099662
vt 0.219515 0.09933
vt 0.209476 0.074262
vt 0.22033 0.076304
vt 0.214866 0.045464
vt 0.226341 0.047346
vt 0.211232 0.189967
vt 0.211517 0.166359
vt 0.223606 0.189709
vt 0.223646 0.166308
vt 0.193383 0.150617
vt 0.199703 0.106925
vt 0.179373 0.114516
vt 0.179317 0.13906
vt 0.241787 0.151292
vt 0.256255 0.139842
vt 0.255513 0.114337
vt 0.236329 0.106568
vt 0.316479 0.143767
vt 0.305492 0.143751
vt 0.315853 0.122629
vt 0.306072 0.122637
vt 0.307549 0.104608
vt 0.318416 0.10442
vt 0.305629 0.080971
vt 0.317111 0.078722
vt 0.299249 0.049113
vt 0.311859 0.047166
vt 0.316071 0.191198
vt 0.304422 0.190532
vt 0.31682 0.169085
vt 0.305222 0.168818
vt 0.336119 0.153312
vt 0.350106 0.141024
vt 0.349021 0.116329
vt 0.328256 0.109561
vt 0.285722 0.153346
vt 0.293671 0.109547
vt 0.274382 0.115801
vt 0.271875 0.140959
usemtl standardSurface10SG
f 681/1297/985 682/1298/985 683/1299/985
f 681/1297/985 683/1299/985 684/1300/985
f 682/1298/986 685/1301/986 686/1302/986
f 682/1298/986 686/1302/986 683/1299/986
f 685/1301/987 687/1303/987 688/1304/987
f 685/1301/987 688/1304/987 686/1302/987
f 687/1303/988 689/1305/988 690/1306/988
f 687/1303/988 690/1306/988 688/1304/988
f 689/1307/989 691/1308/989 690/1309/989
f 691/1308/989 692/1310/989 690/1309/989
f 691/1308/990 681/1297/990 684/1300/990
f 691/1308/990 684/1300/990 692/1310/990
f 682/1298/991 681/1297/991 691/1311/991
f 685/1312/991 682/1298/991 691/1311/991
f 687/1313/991 685/1312/991 691/1311/991
f 689/1314/991 687/1313/991 691/1311/991
f 692/1315/992 684/1300/992 683/1299/992
f 690/1316/992 692/1315/992 683/1299/992
f 688/1317/992 690/1316/992 683/1299/992
f 686/1318/992 688/1317/992 683/1299/992
f 693/1319/993 694/1320/993 695/1321/993
f 694/1320/993 696/1322/993 695/1321/993
f 695/1321/994 696/1322/994 697/1323/994
f 695/1321/994 697/1323/994 698/1324/994
f 698/1324/995 697/1323/995 699/1325/995
f 698/1324/995 699/1325/995 700/1326/995
f 700/1326/996 699/1325/997 701/1327/996
f 700/1326/996 701/1327/996 702/1328/996
f 702/1329/998 701/1330/998 703/1331/998
f 701/1330/998 704/1332/998 703/1331/998
f 703/1331/999 704/1332/999 693/1319/999
f 704/1332/999 694/1320/999 693/1319/999
f 703/1333/1000 693/1319/1000 695/1321/1000
f 702/1334/1000 703/1333/1000 695/1321/1000
f 700/1335/1000 702/1334/1000 695/1321/1000
f 698/1336/1000 700/1335/1000 695/1321/1000
f 696/1322/1001 694/1320/1001 704/1337/1001
f 697/1338/1001 696/1322/1001 704/1337/1001
f 699/1339/1001 697/1338/1001 704/1337/1001
f 701/1340/1001 699/1339/1001 704/1337/1001
s off
g Head_uv_standardSurface10SG
v -1.49909 6.86566 1.70769
v -0.932178 6.58586 1.90204
v -0.94273 7.0904 2.26195
v -1.63769 7.14496 1.81887
v 0 7.59548 2.71365
v -0.167244 7.56355 2.59586
v -0.093999 7.52707 2.55722
v 0 7.49096 2.54543
v 0.093999 7.52707 2.55722
v 0.167244 7.56355 2.59586
v 0.932178 6.58586 1.90204
v 1.49909 6.86566 1.70769
v 0.94273 7.0904 2.26195
v 1.63769 7.14496 1.81887
v -1.74026 7.5639 1.90127
v -0.958559 7.56495 2.45609
v -1.7884 7.80827 1.85458
v -0.969355 7.80302 2.46079
v 0 7.71294 2.65202
v 0.958559 7.56495 2.45609
v 1.74026 7.5639 1.90127
v 1.7884 7.80827 1.85458
v 0.969355 7.80302 2.46079
v -1.90073 8.37845 1.74563
v -0.994544 8.3585 2.32788
v -1.81386 9.3416 1.88175
v -0.94317 9.36367 2.45735
v 0 8.37568 2.53691
v 0 9.42661 2.59694
v 0.994544 8.3585 2.32788
v 0.94317 9.36367 2.45735
v 1.90073 8.37845 1.74563
v 1.81386 9.3416 1.88175
v -1.61553 10.1371 1.72347
v -0.880555 10.3836 2.13084
v 0 10.5342 2.29417
v 0.880555 10.3836 2.13084
v 1.61553 10.1371 1.72347
v -0.966513 11.0784 1.12155
v -1.87108 10.5524 1.05489
v 0 11.2445 1.15543
v 0.966513 11.0784 1.12155
v 1.87108 10.5524 1.05489
v -1.11856 11.3146 0.045172
v -2.06698 10.7348 0.045447
v 0 11.5274 0.059209
v 1.11856 11.3146 0.045172
v 2.06698 10.7348 0.045447
v -1.86657 10.5073 -0.917276
v -1.08163 11.0813 -1.02421
v 0 11.2884 -1.07715
v 1.08163 11.0813 -1.02421
v 1.86657 10.5073 -0.917276
v -1.59048 10.271 -1.51308
v -0.983943 10.523 -1.77952
v 0 10.6935 -1.95894
v 0.983943 10.523 -1.77952
v 1.59048 10.271 -1.51308
v -1.02893 9.74749 -2.26963
v -1.82164 9.66387 -1.73093
v 0 9.77469 -2.41974
v 1.02893 9.74749 -2.26963
v 1.82164 9.66387 -1.73093
v -1.02561 8.7057 -2.39305
v -1.95511 8.69887 -1.87953
v 0 8.71468 -2.60195
v 1.02561 8.7057 -2.39305
v 1.95511 8.69887 -1.87953
v -1.84646 8.05952 -1.78044
v -1.00707 8.05899 -2.26937
v -1.79989 7.78551 -1.73797
v -0.999131 7.78183 -2.21637
v 0 8.00562 -2.44926
v 0 7.70173 -2.38382
v 1.00707 8.05899 -2.26937
v 0.999131 7.78183 -2.21637
v 1.84646 8.05952 -1.78044
v 1.79989 7.78551 -1.73797
v -1.65021 7.47616 -1.59703
v -0.95819 7.39474 -1.92021
v -1.55042 7.26992 -1.50307
v -0.930897 7.13668 -1.72277
v 0 7.21506 -2.07803
v 0 6.89061 -1.87417
v 0.95819 7.39474 -1.92021
v 0.930897 7.13668 -1.72277
v 1.65021 7.47616 -1.59703
v 1.55042 7.26992 -1.50307
v -0.961065 6.61434 -0.928243
v -1.81125 7.09085 -0.925469
v 0 6.37666 -0.949484
v 0.961065 6.61434 -0.928243
v 1.81125 7.09085 -0.925469
v -1.93438 6.8076 0.050215
v -0.985586 6.36333 0.046816
v 0 6.17808 0.051105
v 0.985586 6.36325 0.046816
v 1.93438 6.80753 0.050215
v -0.963641 6.35853 1.05823
v -1.79364 6.77996 1.07037
v 0 6.12322 1.0495
v 0.963641 6.35853 1.05823
v 1.79364 6.77996 1.07037
v 0 6.40054 1.93023
v 2.01522 7.34021 -0.96288
v 2.1785 7.14198 0.04711
v 2.09799 7.10502 0.983983
v 2.32117 7.71425 -1.019
v 2.37526 7.97635 -1.02059
v 2.54469 7.64367 0.042452
v 2.58675 7.90334 0.037388
v 2.37173 7.5926 0.976414
v 2.40915 7.84791 0.963871
v 2.50146 8.58793 -1.02432
v 2.34715 9.62337 -1.00312
v 2.68489 8.50925 0.025571
v 2.58533 9.48523 0.029167
v 2.49647 8.44363 0.934606
v 2.39778 9.38588 0.924507
v -2.01522 7.34021 -0.96288
v -2.1785 7.14203 0.04711
v -2.09799 7.10502 0.983983
v -2.32117 7.71425 -1.019
v -2.37526 7.97635 -1.02059
v -2.54469 7.64367 0.042452
v -2.58675 7.90334 0.037388
v -2.37173 7.5926 0.976414
v -2.40915 7.84791 0.963871
v -2.50146 8.58793 -1.02432
v -2.34715 9.62337 -1.00312
v -2.68489 8.50925 0.025571
v -2.58533 9.48523 0.029167
v -2.49647 8.44363 0.934606
v -2.39778 9.38588 0.924507
v -0.98015 8.04108 2.4171
v -0.111496 8.04791 2.47782
v 0 6.98279 2.31374
v 0.111496 8.04791 2.47782
v 0.98015 8.04108 2.4171
v 0 8.06879 2.55664
v 0 7.83863 2.60977
v 0.195118 7.80209 2.46953
v -0.195118 7.80209 2.46953
v 0 7.45262 2.43751
v -0.13937 7.49084 2.47339
v 0.13937 7.49084 2.47339
v 0.27874 7.57442 2.47296
v -0.27874 7.57442 2.47296
v -1.83654 8.05263 1.80789
v -2.44657 8.10322 0.951329
v -2.62881 8.16302 0.032324
v -2.42935 8.23846 -1.02219
v -1.89302 8.33353 -1.82291
v -1.01502 8.33615 -2.32237
v 0 8.3095 -2.5147
v 1.01502 8.33615 -2.32237
v 1.89302 8.33353 -1.82291
v 2.42935 8.23846 -1.02219
v 2.62881 8.16302 0.032324
v 2.44657 8.10322 0.951329
v 1.83654 8.05263 1.80789
vn -0.491255 -0.515458 0.70212
vn -0.23723 -0.556342 0.79637
vn -0.270217 -0.445939 0.8533
vn -0.524151 -0.392772 0.755642
vn 0 -0.312009 0.950079
vn -0.641716 -0.055203 0.764953
vn -0.259912 -0.853667 0.451329
vn 0 -0.889208 0.457503
vn 0.259912 -0.853667 0.451329
vn 0.641716 -0.055203 0.764953
vn 0.23723 -0.556342 0.79637
vn 0.491255 -0.515458 0.70212
vn 0.270217 -0.445939 0.8533
vn 0.524151 -0.392772 0.755642
vn -0.566013 -0.187266 0.802846
vn -0.311181 -0.231777 0.921654
vn -0.586205 0.047207 0.808787
vn -0.357395 0.042446 0.932988
vn 0 0.369124 0.92938
vn 0.311181 -0.231777 0.921654
vn 0.566013 -0.187266 0.802845
vn 0.586205 0.047208 0.808787
vn 0.357395 0.042446 0.932988
vn -0.548512 -0.028969 0.835641
vn -0.383507 -0.036054 0.922834
vn -0.549275 0.078306 0.831965
vn -0.360185 0.094746 0.928057
vn 0 -0.058354 0.998296
vn -0 0.109744 0.99396
vn 0.383507 -0.036054 0.922834
vn 0.360185 0.094746 0.928057
vn 0.548512 -0.028969 0.835641
vn 0.549275 0.078306 0.831965
vn -0.53453 0.288925 0.794229
vn -0.337496 0.290806 0.895281
vn -0 0.288859 0.957372
vn 0.337496 0.290806 0.895281
vn 0.53453 0.288925 0.794229
vn -0.480755 0.683087 0.549789
vn -0.306934 0.775776 0.551329
vn -0.331116 0.857209 0.394404
vn -0.500372 0.777659 0.380624
vn -0 0.83314 0.553061
vn -0 0.915486 0.40235
vn 0.306934 0.775776 0.551329
vn 0.331116 0.857209 0.394404
vn 0.480754 0.683087 0.549789
vn 0.500372 0.777659 0.380624
vn -0.363476 0.931567 0.008206
vn -0.541721 0.840514 0.008645
vn -0 0.999947 0.010329
vn 0.363476 0.931567 0.008206
vn 0.541721 0.840514 0.008645
vn -0.549176 0.761972 -0.343228
vn -0.353214 0.858014 -0.372897
vn 0 0.92245 -0.386117
vn 0.353214 0.858014 -0.372897
vn 0.549176 0.761972 -0.343228
vn -0.532989 0.656654 -0.533599
vn -0.322937 0.758037 -0.566649
vn 0 0.811477 -0.584385
vn 0.322937 0.758037 -0.566649
vn 0.532989 0.656654 -0.533599
vn -0.522301 0.468984 -0.712219
vn -0.312071 0.486427 -0.816089
vn -0.337126 0.296078 -0.893691
vn -0.528808 0.2615 -0.807453
vn 0 0.493265 -0.869879
vn 0 0.311973 -0.950091
vn 0.312071 0.486427 -0.816089
vn 0.337126 0.296078 -0.893691
vn 0.522301 0.468984 -0.712219
vn 0.528808 0.2615 -0.807453
vn -0.343102 0.053168 -0.937792
vn -0.515821 0.054669 -0.85495
vn -0 0.051947 -0.99865
vn 0.343102 0.053168 -0.937792
vn 0.515821 0.054669 -0.85495
vn -0.49349 -0.195602 -0.847471
vn -0.334457 -0.200033 -0.920937
vn -0.463434 -0.40015 -0.790638
vn -0.31254 -0.420421 -0.851801
vn -0 -0.202173 -0.97935
vn -0 -0.448345 -0.89386
vn 0.334457 -0.200033 -0.920937
vn 0.31254 -0.420421 -0.851801
vn 0.49349 -0.195602 -0.847471
vn 0.463434 -0.40015 -0.790638
vn -0.409555 -0.562745 -0.718041
vn -0.297496 -0.563755 -0.770504
vn -0.392994 -0.563579 -0.726591
vn -0.302167 -0.56044 -0.771105
vn -0 -0.574711 -0.818357
vn 0 -0.575664 -0.817686
vn 0.297496 -0.563755 -0.770504
vn 0.302167 -0.56044 -0.771105
vn 0.409554 -0.562745 -0.718041
vn 0.392994 -0.563579 -0.726591
vn -0.396913 -0.780423 -0.483115
vn -0.307354 -0.811684 -0.496691
vn -0.323251 -0.876154 -0.357579
vn -0.427382 -0.835556 -0.345241
vn -0 -0.854375 -0.519657
vn -1e-05 -0.929817 -0.368021
vn 0.307354 -0.811684 -0.496691
vn 0.323239 -0.876147 -0.357606
vn 0.396913 -0.780423 -0.483115
vn 0.427375 -0.835543 -0.345281
vn -0.443314 -0.886452 -0.132946
vn -0.328548 -0.936237 -0.124566
vn -1.9e-05 -0.992145 -0.125095
vn 0.328529 -0.936243 -0.124566
vn 0.443314 -0.886452 -0.132949
vn -0.322209 -0.939413 0.116976
vn -0.447556 -0.888571 0.100676
vn -1.1e-05 -0.993325 0.115346
vn 0.322199 -0.939413 0.117007
vn 0.447554 -0.888566 0.100725
vn -0.459633 -0.843034 0.27934
vn -0.305548 -0.909808 0.280873
vn 0 -0.958686 0.284468
vn 0.305548 -0.909808 0.280873
vn 0.459633 -0.843034 0.27934
vn 0.732289 -0.597161 -0.327339
vn 0.654627 -0.577211 -0.48815
vn 0.728955 -0.598637 -0.332052
vn 0.645382 -0.575215 -0.502603
vn 0.775922 -0.626591 -0.073002
vn 0.798014 -0.597691 -0.077065
vn 0.759257 -0.597837 0.257138
vn 0.811454 -0.52502 0.256702
vn 0.724376 -0.548085 0.418188
vn 0.770403 -0.432198 0.468705
vn 0.815968 -0.454412 -0.357359
vn 0.724941 -0.41 -0.553498
vn 0.794952 -0.196428 -0.573993
vn 0.902188 -0.191641 -0.386433
vn 0.889767 -0.452349 -0.060792
vn 0.985606 -0.16653 -0.02911
vn 0.878439 -0.360674 0.313463
vn 0.913654 -0.10933 0.391513
vn 0.80725 -0.280498 0.519296
vn 0.820231 -0.073201 0.56733
vn 0.931918 0.055123 -0.358456
vn 0.830519 0.07601 -0.551779
vn 0.795818 0.283157 -0.535253
vn 0.892362 0.290639 -0.345281
vn 0.999123 0.041605 -0.004718
vn 0.961202 0.275648 0.010437
vn 0.915959 0.024364 0.400532
vn 0.901643 0.22225 0.371006
vn 0.8257 0.012738 0.563966
vn 0.826361 0.176365 0.534811
vn 0.731333 0.452949 -0.509892
vn 0.84601 0.436926 -0.305552
vn 0.912975 0.407229 0.025318
vn 0.870911 0.350568 0.344407
vn 0.808009 0.305743 0.50363
vn -0.654627 -0.577211 -0.48815
vn -0.732284 -0.597179 -0.32732
vn -0.728947 -0.598651 -0.332043
vn -0.645382 -0.575215 -0.502603
vn -0.775905 -0.626611 -0.073012
vn -0.798 -0.59771 -0.077067
vn -0.759252 -0.597849 0.257126
vn -0.811449 -0.525033 0.256691
vn -0.724376 -0.548086 0.418188
vn -0.770403 -0.432198 0.468705
vn -0.724941 -0.41 -0.553498
vn -0.815965 -0.454419 -0.357356
vn -0.794952 -0.196427 -0.573993
vn -0.902188 -0.191641 -0.386433
vn -0.889762 -0.452359 -0.060792
vn -0.985607 -0.16653 -0.02911
vn -0.878437 -0.36068 0.313461
vn -0.913655 -0.10933 0.391513
vn -0.80725 -0.280498 0.519296
vn -0.820231 -0.073201 0.56733
vn -0.830519 0.07601 -0.551779
vn -0.931918 0.055123 -0.358456
vn -0.795818 0.283158 -0.535253
vn -0.892362 0.290639 -0.345281
vn -0.999123 0.041605 -0.004719
vn -0.961202 0.275648 0.010437
vn -0.915959 0.024364 0.400532
vn -0.901643 0.222251 0.371006
vn -0.8257 0.012738 0.563966
vn -0.826361 0.176365 0.534811
vn -0.731332 0.452949 -0.509892
vn -0.84601 0.436926 -0.305552
vn -0.912975 0.407229 0.025318
vn -0.870911 0.350568 0.344407
vn -0.808009 0.305743 0.50363
vn -0.362668 0.091946 0.927371
vn -0.173594 0.082293 0.981373
vn 0 -0.565403 0.824815
vn 0 -0.476216 0.879328
vn 0.173594 0.082293 0.981373
vn 0.362668 0.091946 0.927371
vn 0 0.168557 0.985692
vn 0 0.292914 0.956139
vn 0.163156 0.099145 0.981606
vn -0.163156 0.099145 0.981606
vn 0 -0.914357 0.404909
vn -0.317457 -0.859274 0.401085
vn 0.317457 -0.859274 0.401085
vn 0.128403 0.017408 0.991569
vn -0.128403 0.017408 0.991569
vn -0.564624 0.110495 0.817919
vn -0.910379 -0.108104 0.399403
vn -0.814179 -0.071109 0.576243
vn -0.985898 -0.166298 -0.018723
vn -0.905731 -0.192229 -0.377755
vn -0.805381 -0.197154 -0.55901
vn -0.482776 -0.195607 -0.853619
vn -0.334839 -0.199638 -0.920884
vn 0 -0.202252 -0.979333
vn 0.334839 -0.199638 -0.920884
vn 0.482776 -0.195607 -0.853619
vn 0.905731 -0.192229 -0.377756
vn 0.805381 -0.197154 -0.55901
vn 0.985898 -0.166298 -0.018723
vn 0.910379 -0.108104 0.399403
vn 0.814179 -0.071109 0.576243
vn 0.564624 0.110495 0.817919
vn 0.054935 -0.339249 0.939091
vn -0.054935 -0.339249 0.939091
vn 0 -0.342498 0.939519
vt 0.597364 0.109709
vt 0.615277 0.096462
vt 0.621552 0.110274
vt 0.59783 0.120269
vt 0.669573 0.131856
vt 0.661714 0.130508
vt 0.663631 0.128381
vt 0.665548 0.126253
vt 0.68971 0.125089
vt 0.69184 0.127003
vt 0.684197 0.129511
vt 0.687581 0.123175
vt 0.739722 0.093918
vt 0.756534 0.109052
vt 0.732695 0.106735
vt 0.755482 0.119413
vt 0.598529 0.13611
vt 0.630966 0.130992
vt 0.596861 0.144328
vt 0.631194 0.139721
vt 0.669287 0.135979
vt 0.684461 0.133779
vt 0.721271 0.127112
vt 0.753905 0.134956
vt 0.755249 0.14357
vt 0.721185 0.136504
vt 0.592971 0.163503
vt 0.631728 0.160089
vt 0.600481 0.195241
vt 0.636887 0.19544
vt 0.667664 0.159339
vt 0.670161 0.199447
vt 0.685954 0.157963
vt 0.720984 0.158418
vt 0.716485 0.196151
vt 0.68402 0.200467
vt 0.758385 0.163671
vt 0.750948 0.196695
vt 0.603486 0.22347
vt 0.632778 0.232436
vt 0.662611 0.243563
vt 0.720009 0.234516
vt 0.690212 0.24559
vt 0.74813 0.22545
vt 0.607804 0.267816
vt 0.581346 0.24167
vt 0.636439 0.28831
vt 0.715889 0.292606
vt 0.743448 0.270584
vt 0.768479 0.244047
vt 0.577255 0.293394
vt 0.54991 0.2601
vt 0.609627 0.3206
vt 0.745939 0.323252
vt 0.774273 0.294645
vt 0.798939 0.262201
vt 0.393606 0.097083
vt 0.420992 0.06402
vt 0.424575 0.115962
vt 0.448641 0.091619
vt 0.452562 0.035949
vt 0.480601 0.068615
vt 0.907637 0.039885
vt 0.937215 0.070063
vt 0.907735 0.095708
vt 0.877422 0.070562
vt 0.962271 0.104926
vt 0.930074 0.12164
vt 0.445856 0.127807
vt 0.468461 0.117925
vt 0.501921 0.103793
vt 0.886164 0.120594
vt 0.853741 0.104201
vt 0.908037 0.132002
vt 0.476811 0.148256
vt 0.444273 0.150597
vt 0.51334 0.142849
vt 0.839682 0.142389
vt 0.875759 0.150285
vt 0.908053 0.154844
vt 0.478555 0.183598
vt 0.442989 0.181739
vt 0.515911 0.185656
vt 0.834191 0.18492
vt 0.871602 0.185424
vt 0.907203 0.186005
vt 0.442292 0.202394
vt 0.47496 0.205642
vt 0.441993 0.211246
vt 0.473419 0.215089
vt 0.510306 0.214056
vt 0.507903 0.226227
vt 0.837837 0.213636
vt 0.873679 0.20766
vt 0.874569 0.21719
vt 0.8394 0.225943
vt 0.906485 0.206658
vt 0.906177 0.215509
vt 0.441785 0.22355
vt 0.467159 0.230989
vt 0.441647 0.231753
vt 0.462986 0.241589
vt 0.498582 0.246996
vt 0.492368 0.260842
vt 0.847276 0.247302
vt 0.879724 0.233479
vt 0.883161 0.244339
vt 0.852527 0.261541
vt 0.905541 0.227796
vt 0.905117 0.235988
vt 0.441089 0.267688
vt 0.420194 0.240152
vt 0.466799 0.292644
vt 0.875857 0.295016
vt 0.903214 0.271877
vt 0.925939 0.245835
vt 0.389235 0.259752
vt 0.413853 0.291943
vt 0.439534 0.318819
vt 0.901264 0.322997
vt 0.928723 0.297943
vt 0.955484 0.267518
vt 0.538324 0.095506
vt 0.55834 0.058526
vt 0.58982 0.07651
vt 0.572889 0.105102
vt 0.580435 0.027676
vt 0.610878 0.047861
vt 0.781598 0.029467
vt 0.800593 0.061064
vt 0.749366 0.04627
vt 0.767224 0.076755
vt 0.817836 0.098393
vt 0.781367 0.106215
vt 0.635541 0.07122
vt 0.722254 0.066751
vt 0.929938 0.235436
vt 0.962467 0.252614
vt 0.821319 0.11482
vt 0.78589 0.119239
vt 0.935936 0.219836
vt 0.937446 0.21104
vt 0.97294 0.23026
vt 0.97463 0.219865
vt 0.792674 0.138774
vt 0.826543 0.139461
vt 0.792942 0.14793
vt 0.826365 0.150184
vt 0.940969 0.190516
vt 0.938793 0.155558
vt 0.978572 0.19561
vt 0.977024 0.156244
vt 0.793568 0.169293
vt 0.82595 0.175206
vt 0.78796 0.202964
vt 0.817865 0.214
vt 0.416916 0.229501
vt 0.383288 0.244405
vt 0.533574 0.111765
vt 0.567545 0.118021
vt 0.411998 0.213526
vt 0.411094 0.204646
vt 0.374369 0.221385
vt 0.373395 0.210899
vt 0.526448 0.136154
vt 0.559529 0.1374
vt 0.558758 0.146496
vt 0.525854 0.14671
vt 0.408984 0.183928
vt 0.413551 0.149201
vt 0.371123 0.186432
vt 0.375368 0.147269
vt 0.524468 0.17134
vt 0.55696 0.16772
vt 0.561357 0.201013
vt 0.530151 0.210032
vt 0.631423 0.14845
vt 0.662141 0.147268
vt 0.709738 0.086786
vt 0.691366 0.144576
vt 0.721099 0.145896
vt 0.645934 0.090992
vt 0.685251 0.146582
vt 0.668428 0.148346
vt 0.684788 0.138167
vt 0.695424 0.134536
vt 0.668801 0.140253
vt 0.657998 0.138214
vt 0.661523 0.12065
vt 0.657689 0.124905
vt 0.690965 0.116839
vt 0.695224 0.120667
vt 0.699483 0.124495
vt 0.653855 0.12916
vt 0.595194 0.152545
vt 0.557988 0.155592
vt 0.52526 0.157265
vt 0.41019 0.195767
vt 0.372421 0.200413
vt 0.44259 0.193542
vt 0.476501 0.196194
vt 0.512708 0.201884
vt 0.872789 0.19813
vt 0.836275 0.201329
vt 0.906793 0.197807
vt 0.938956 0.202244
vt 0.976319 0.20947
vt 0.79321 0.157085
vt 0.826187 0.160908
vt 0.756593 0.152185
usemtl standardSurface10SG
f 705/1341/1002 706/1342/1003 707/1343/1004
f 705/1341/1002 707/1343/1004 708/1344/1005
f 709/1345/1006 710/1346/1007 711/1347/1008
f 709/1345/1006 711/1347/1008 712/1348/1009
f 713/1349/1010 714/1350/1011 709/1351/1006
f 713/1349/1010 709/1351/1006 712/1352/1009
f 715/1353/1012 716/1354/1013 717/1355/1014
f 716/1354/1013 718/1356/1015 717/1355/1014
f 719/1357/1016 720/1358/1017 721/1359/1018
f 720/1358/1017 722/1360/1019 721/1359/1018
f 723/1361/1020 710/1346/1007 709/1345/1006
f 709/1351/1006 714/1350/1011 723/1362/1020
f 724/1363/1021 725/1364/1022 726/1365/1023
f 724/1363/1021 726/1365/1023 727/1366/1024
f 728/1367/1025 729/1368/1026 730/1369/1027
f 729/1368/1026 731/1370/1028 730/1369/1027
f 729/1368/1026 732/1371/1029 731/1370/1028
f 732/1371/1029 733/1372/1030 731/1370/1028
f 732/1373/1029 734/1374/1031 735/1375/1032
f 732/1373/1029 735/1375/1032 733/1376/1030
f 734/1374/1031 736/1377/1033 737/1378/1034
f 734/1374/1031 737/1378/1034 735/1375/1032
f 730/1369/1027 731/1370/1028 738/1379/1035
f 731/1370/1028 739/1380/1036 738/1379/1035
f 731/1370/1028 733/1372/1030 739/1380/1036
f 733/1372/1030 740/1381/1037 739/1380/1036
f 733/1376/1030 735/1375/1032 741/1382/1038
f 733/1376/1030 741/1382/1038 740/1383/1037
f 735/1375/1032 737/1378/1034 742/1384/1039
f 735/1375/1032 742/1384/1039 741/1382/1038
f 738/1379/1040 739/1380/1041 743/1385/1042
f 738/1379/1040 743/1385/1042 744/1386/1043
f 739/1380/1041 740/1381/1044 745/1387/1045
f 739/1380/1041 745/1387/1045 743/1385/1042
f 740/1383/1044 741/1382/1046 745/1388/1045
f 741/1382/1046 746/1389/1047 745/1388/1045
f 741/1382/1046 742/1384/1048 746/1389/1047
f 742/1384/1048 747/1390/1049 746/1389/1047
f 744/1386/1043 743/1385/1042 748/1391/1050
f 744/1386/1043 748/1391/1050 749/1392/1051
f 743/1385/1042 745/1387/1045 750/1393/1052
f 743/1385/1042 750/1393/1052 748/1391/1050
f 745/1388/1045 746/1389/1047 750/1394/1052
f 746/1389/1047 751/1395/1053 750/1394/1052
f 746/1389/1047 747/1390/1049 751/1395/1053
f 747/1390/1049 752/1396/1054 751/1395/1053
f 749/1397/1051 748/1398/1050 753/1399/1055
f 748/1398/1050 754/1400/1056 753/1399/1055
f 748/1398/1050 750/1401/1052 754/1400/1056
f 750/1401/1052 755/1402/1057 754/1400/1056
f 750/1403/1052 751/1404/1053 756/1405/1058
f 750/1403/1052 756/1405/1058 755/1406/1057
f 751/1404/1053 752/1407/1054 757/1408/1059
f 751/1404/1053 757/1408/1059 756/1405/1058
f 753/1399/1055 754/1400/1056 758/1409/1060
f 754/1400/1056 759/1410/1061 758/1409/1060
f 754/1400/1056 755/1402/1057 759/1410/1061
f 755/1402/1057 760/1411/1062 759/1410/1061
f 755/1406/1057 756/1405/1058 761/1412/1063
f 755/1406/1057 761/1412/1063 760/1413/1062
f 756/1405/1058 757/1408/1059 762/1414/1064
f 756/1405/1058 762/1414/1064 761/1412/1063
f 758/1409/1065 759/1410/1066 763/1415/1067
f 758/1409/1065 763/1415/1067 764/1416/1068
f 759/1410/1066 760/1411/1069 765/1417/1070
f 759/1410/1066 765/1417/1070 763/1415/1067
f 760/1413/1069 761/1412/1071 765/1418/1070
f 761/1412/1071 766/1419/1072 765/1418/1070
f 761/1412/1071 762/1414/1073 766/1419/1072
f 762/1414/1073 767/1420/1074 766/1419/1072
f 764/1416/1068 763/1415/1067 768/1421/1075
f 764/1416/1068 768/1421/1075 769/1422/1076
f 763/1415/1067 765/1417/1070 770/1423/1077
f 763/1415/1067 770/1423/1077 768/1421/1075
f 765/1418/1070 766/1419/1072 770/1424/1077
f 766/1419/1072 771/1425/1078 770/1424/1077
f 766/1419/1072 767/1420/1074 771/1425/1078
f 767/1420/1074 772/1426/1079 771/1425/1078
f 773/1427/1080 774/1428/1081 775/1429/1082
f 774/1428/1081 776/1430/1083 775/1429/1082
f 774/1428/1081 777/1431/1084 776/1430/1083
f 777/1431/1084 778/1432/1085 776/1430/1083
f 777/1433/1084 779/1434/1086 780/1435/1087
f 777/1433/1084 780/1435/1087 778/1436/1085
f 779/1434/1086 781/1437/1088 782/1438/1089
f 779/1434/1086 782/1438/1089 780/1435/1087
f 783/1439/1090 784/1440/1091 785/1441/1092
f 784/1440/1091 786/1442/1093 785/1441/1092
f 784/1440/1091 787/1443/1094 786/1442/1093
f 787/1443/1094 788/1444/1095 786/1442/1093
f 787/1445/1094 789/1446/1096 790/1447/1097
f 787/1445/1094 790/1447/1097 788/1448/1095
f 789/1446/1096 791/1449/1098 792/1450/1099
f 789/1446/1096 792/1450/1099 790/1447/1097
f 785/1441/1100 786/1442/1101 793/1451/1102
f 785/1441/1100 793/1451/1102 794/1452/1103
f 786/1442/1101 788/1444/1104 795/1453/1105
f 786/1442/1101 795/1453/1105 793/1451/1102
f 788/1448/1104 790/1447/1106 795/1454/1105
f 790/1447/1106 796/1455/1107 795/1454/1105
f 790/1447/1106 792/1450/1108 796/1455/1107
f 792/1450/1108 797/1456/1109 796/1455/1107
f 794/1452/1103 793/1451/1102 798/1457/1110
f 793/1451/1102 799/1458/1111 798/1457/1110
f 793/1451/1102 795/1453/1105 800/1459/1112
f 793/1451/1102 800/1459/1112 799/1458/1111
f 795/1454/1105 796/1455/1107 800/1460/1112
f 796/1455/1107 801/1461/1113 800/1460/1112
f 796/1455/1107 797/1456/1109 802/1462/1114
f 796/1455/1107 802/1462/1114 801/1461/1113
f 798/1463/1110 799/1464/1111 803/1465/1115
f 798/1463/1110 803/1465/1115 804/1466/1116
f 799/1464/1111 800/1467/1112 805/1468/1117
f 799/1464/1111 805/1468/1117 803/1465/1115
f 800/1469/1112 801/1470/1113 805/1471/1117
f 801/1470/1113 806/1472/1118 805/1471/1117
f 801/1470/1113 802/1473/1114 806/1472/1118
f 802/1473/1114 807/1474/1119 806/1472/1118
f 804/1466/1116 803/1465/1115 705/1341/1120
f 803/1465/1115 706/1342/1121 705/1341/1120
f 803/1465/1115 805/1468/1117 706/1342/1121
f 805/1468/1117 808/1475/1122 706/1342/1121
f 805/1471/1117 806/1472/1118 715/1353/1123
f 805/1471/1117 715/1353/1123 808/1476/1122
f 806/1472/1118 807/1474/1119 716/1354/1124
f 806/1472/1118 716/1354/1124 715/1353/1123
f 797/1456/1125 792/1450/1126 809/1477/1127
f 792/1450/1126 791/1449/1128 809/1477/1127
f 802/1462/1129 797/1456/1125 810/1478/1130
f 797/1456/1125 809/1477/1127 810/1478/1130
f 807/1474/1131 802/1473/1129 810/1479/1130
f 807/1474/1131 810/1479/1130 811/1480/1132
f 716/1354/1133 807/1474/1131 811/1480/1132
f 716/1354/1133 811/1480/1132 718/1356/1134
f 812/1481/1135 782/1438/1136 781/1437/1137
f 812/1481/1135 781/1437/1137 813/1482/1138
f 814/1483/1139 812/1481/1135 815/1484/1140
f 812/1481/1135 813/1482/1138 815/1484/1140
f 816/1485/1141 814/1486/1139 817/1487/1142
f 814/1486/1139 815/1488/1140 817/1487/1142
f 725/1364/1143 816/1485/1141 726/1365/1144
f 816/1485/1141 817/1487/1142 726/1365/1144
f 818/1489/1145 772/1426/1146 767/1420/1147
f 818/1489/1145 767/1420/1147 819/1490/1148
f 820/1491/1149 818/1489/1145 821/1492/1150
f 818/1489/1145 819/1490/1148 821/1492/1150
f 822/1493/1151 820/1494/1149 823/1495/1152
f 820/1494/1149 821/1496/1150 823/1495/1152
f 736/1377/1153 822/1493/1151 737/1378/1154
f 822/1493/1151 823/1495/1152 737/1378/1154
f 819/1490/1148 767/1420/1147 762/1414/1155
f 819/1490/1148 762/1414/1155 757/1408/1156
f 821/1492/1150 819/1490/1148 757/1408/1156
f 821/1492/1150 757/1408/1156 752/1407/1157
f 823/1495/1152 821/1496/1150 752/1396/1157
f 823/1495/1152 752/1396/1157 747/1390/1158
f 737/1378/1154 823/1495/1152 742/1384/1159
f 823/1495/1152 747/1390/1158 742/1384/1159
f 785/1441/1160 794/1452/1161 824/1497/1162
f 785/1441/1160 824/1497/1162 783/1439/1163
f 794/1452/1161 798/1457/1164 825/1498/1165
f 794/1452/1161 825/1498/1165 824/1497/1162
f 798/1463/1164 804/1466/1166 825/1499/1165
f 804/1466/1166 826/1500/1167 825/1499/1165
f 804/1466/1166 705/1341/1168 826/1500/1167
f 705/1341/1168 708/1344/1169 826/1500/1167
f 775/1429/1170 827/1501/1171 773/1427/1172
f 827/1501/1171 828/1502/1173 773/1427/1172
f 827/1501/1171 829/1503/1174 830/1504/1175
f 827/1501/1171 830/1504/1175 828/1502/1173
f 829/1505/1174 831/1506/1176 832/1507/1177
f 829/1505/1174 832/1507/1177 830/1508/1175
f 831/1506/1176 719/1357/1178 721/1359/1179
f 831/1506/1176 721/1359/1179 832/1507/1177
f 769/1422/1180 833/1509/1181 764/1416/1182
f 833/1509/1181 834/1510/1183 764/1416/1182
f 833/1509/1181 835/1511/1184 836/1512/1185
f 833/1509/1181 836/1512/1185 834/1510/1183
f 835/1513/1184 837/1514/1186 838/1515/1187
f 835/1513/1184 838/1515/1187 836/1516/1185
f 837/1514/1186 728/1367/1188 730/1369/1189
f 837/1514/1186 730/1369/1189 838/1515/1187
f 764/1416/1182 834/1510/1183 758/1409/1190
f 834/1510/1183 753/1399/1191 758/1409/1190
f 834/1510/1183 836/1512/1185 753/1399/1191
f 836/1512/1185 749/1397/1192 753/1399/1191
f 836/1516/1185 838/1515/1187 749/1392/1192
f 838/1515/1187 744/1386/1193 749/1392/1192
f 838/1515/1187 730/1369/1189 738/1379/1194
f 838/1515/1187 738/1379/1194 744/1386/1193
f 839/1517/1195 840/1518/1196 729/1368/1026
f 840/1518/1196 732/1371/1029 729/1368/1026
f 808/1476/1197 715/1353/1012 841/1519/1198
f 715/1353/1012 717/1355/1014 841/1519/1198
f 842/1520/1199 843/1521/1200 734/1374/1031
f 842/1520/1199 734/1374/1031 732/1373/1029
f 706/1342/1003 808/1475/1197 841/1522/1198
f 706/1342/1003 841/1522/1198 707/1343/1004
f 844/1523/1201 842/1520/1199 732/1373/1029
f 732/1371/1029 840/1518/1196 844/1524/1201
f 845/1525/1202 846/1526/1203 842/1520/1199
f 845/1525/1202 842/1520/1199 844/1523/1201
f 844/1524/1201 840/1518/1196 845/1527/1202
f 840/1518/1196 847/1528/1204 845/1527/1202
f 712/1348/1009 711/1347/1008 848/1529/1205
f 711/1347/1008 849/1530/1206 848/1529/1205
f 848/1531/1205 850/1532/1207 713/1349/1010
f 848/1531/1205 713/1349/1010 712/1352/1009
f 714/1350/1011 713/1349/1010 851/1533/1208
f 713/1349/1010 850/1532/1207 851/1533/1208
f 723/1362/1020 714/1350/1011 845/1525/1202
f 845/1527/1202 710/1346/1007 723/1361/1020
f 852/1534/1209 849/1530/1206 711/1347/1008
f 852/1534/1209 711/1347/1008 710/1346/1007
f 846/1526/1203 845/1525/1202 851/1533/1208
f 845/1525/1202 714/1350/1011 851/1533/1208
f 710/1346/1007 845/1527/1202 852/1534/1209
f 845/1527/1202 847/1528/1204 852/1534/1209
f 853/1535/1210 839/1517/1195 728/1367/1025
f 839/1517/1195 729/1368/1026 728/1367/1025
f 854/1536/1211 853/1535/1212 728/1367/1188
f 854/1536/1211 728/1367/1188 837/1514/1186
f 855/1537/1213 854/1536/1211 837/1514/1186
f 855/1537/1213 837/1514/1186 835/1513/1184
f 856/1538/1214 855/1539/1213 835/1511/1184
f 856/1538/1214 835/1511/1184 833/1509/1181
f 857/1540/1215 856/1538/1214 769/1422/1180
f 856/1538/1214 833/1509/1181 769/1422/1180
f 769/1422/1076 768/1421/1075 857/1540/1216
f 768/1421/1075 858/1541/1217 857/1540/1216
f 768/1421/1075 770/1423/1077 858/1541/1217
f 770/1423/1077 859/1542/1218 858/1541/1217
f 770/1424/1077 771/1425/1078 860/1543/1219
f 770/1424/1077 860/1543/1219 859/1544/1218
f 771/1425/1078 772/1426/1079 861/1545/1220
f 771/1425/1078 861/1545/1220 860/1543/1219
f 862/1546/1221 861/1545/1222 772/1426/1146
f 862/1546/1221 772/1426/1146 818/1489/1145
f 863/1547/1223 862/1546/1221 820/1491/1149
f 862/1546/1221 818/1489/1145 820/1491/1149
f 864/1548/1224 863/1549/1223 822/1493/1151
f 863/1549/1223 820/1494/1149 822/1493/1151
f 865/1550/1225 864/1548/1224 736/1377/1153
f 864/1548/1224 822/1493/1151 736/1377/1153
f 843/1521/1200 865/1550/1226 736/1377/1033
f 843/1521/1200 736/1377/1033 734/1374/1031
f 721/1359/1018 722/1360/1019 853/1535/1210
f 722/1360/1019 839/1517/1195 853/1535/1210
f 832/1507/1177 721/1359/1179 853/1535/1212
f 832/1507/1177 853/1535/1212 854/1536/1211
f 830/1508/1175 832/1507/1177 854/1536/1211
f 830/1508/1175 854/1536/1211 855/1537/1213
f 828/1502/1173 830/1504/1175 855/1539/1213
f 828/1502/1173 855/1539/1213 856/1538/1214
f 773/1427/1172 828/1502/1173 857/1540/1215
f 828/1502/1173 856/1538/1214 857/1540/1215
f 857/1540/1216 858/1541/1217 773/1427/1080
f 858/1541/1217 774/1428/1081 773/1427/1080
f 858/1541/1217 859/1542/1218 774/1428/1081
f 859/1542/1218 777/1431/1084 774/1428/1081
f 859/1544/1218 860/1543/1219 779/1434/1086
f 859/1544/1218 779/1434/1086 777/1433/1084
f 860/1543/1219 861/1545/1220 781/1437/1088
f 860/1543/1219 781/1437/1088 779/1434/1086
f 813/1482/1138 781/1437/1137 861/1545/1222
f 813/1482/1138 861/1545/1222 862/1546/1221
f 815/1484/1140 813/1482/1138 863/1547/1223
f 813/1482/1138 862/1546/1221 863/1547/1223
f 817/1487/1142 815/1488/1140 864/1548/1224
f 815/1488/1140 863/1549/1223 864/1548/1224
f 726/1365/1144 817/1487/1142 865/1550/1225
f 817/1487/1142 864/1548/1224 865/1550/1225
f 727/1366/1024 726/1365/1023 865/1550/1226
f 727/1366/1024 865/1550/1226 843/1521/1200
f 852/1534/1209 847/1528/1204 722/1360/1019
f 852/1534/1209 722/1360/1019 720/1358/1017
f 722/1360/1019 847/1528/1204 840/1518/1196
f 722/1360/1019 840/1518/1196 839/1517/1195
f 846/1526/1203 727/1366/1024 842/1520/1199
f 727/1366/1024 843/1521/1200 842/1520/1199
f 851/1533/1208 724/1363/1021 727/1366/1024
f 851/1533/1208 727/1366/1024 846/1526/1203
f 708/1344/1005 707/1343/1004 720/1358/1017
f 708/1344/1005 720/1358/1017 719/1357/1016
f 826/1500/1167 708/1344/1169 831/1506/1176
f 708/1344/1169 719/1357/1178 831/1506/1176
f 825/1499/1165 826/1500/1167 829/1505/1174
f 826/1500/1167 831/1506/1176 829/1505/1174
f 824/1497/1162 825/1498/1165 829/1503/1174
f 824/1497/1162 829/1503/1174 827/1501/1171
f 783/1439/1163 824/1497/1162 827/1501/1171
f 783/1439/1163 827/1501/1171 775/1429/1170
f 775/1429/1082 776/1430/1083 783/1439/1090
f 776/1430/1083 784/1440/1091 783/1439/1090
f 776/1430/1083 778/1432/1085 784/1440/1091
f 778/1432/1085 787/1443/1094 784/1440/1091
f 778/1436/1085 780/1435/1087 789/1446/1096
f 778/1436/1085 789/1446/1096 787/1445/1094
f 780/1435/1087 782/1438/1089 791/1449/1098
f 780/1435/1087 791/1449/1098 789/1446/1096
f 809/1477/1127 791/1449/1128 812/1481/1135
f 791/1449/1128 782/1438/1136 812/1481/1135
f 810/1478/1130 809/1477/1127 814/1483/1139
f 809/1477/1127 812/1481/1135 814/1483/1139
f 811/1480/1132 810/1479/1130 814/1486/1139
f 811/1480/1132 814/1486/1139 816/1485/1141
f 718/1356/1134 811/1480/1132 816/1485/1141
f 718/1356/1134 816/1485/1141 725/1364/1143
f 717/1355/1014 718/1356/1015 724/1363/1021
f 718/1356/1015 725/1364/1022 724/1363/1021
f 850/1532/1227 724/1363/1021 851/1533/1208
f 720/1358/1017 707/1343/1004 841/1522/1198
f 849/1530/1228 720/1358/1017 841/1522/1198
f 848/1529/1229 849/1530/1228 841/1522/1198
f 720/1358/1017 849/1530/1228 852/1534/1209
f 848/1531/1229 841/1519/1198 717/1355/1014
f 850/1532/1227 848/1531/1229 717/1355/1014
f 724/1363/1021 850/1532/1227 717/1355/1014
s off
g Head_uv_standardSurface10SG_1
v -1.93961 9.24166 2.00689
v -1.00699 9.25523 2.61796
v -1.72368 10.2223 1.83617
v -0.944383 10.4848 2.26852
v 0 9.45811 2.76908
v 0 10.6463 2.4442
v 1.00699 9.25523 2.61796
v 0.944383 10.4848 2.26852
v 1.93961 9.24166 2.00689
v 1.72368 10.2223 1.83617
v -1.02859 11.2281 1.19368
v -1.99683 10.6617 1.12642
v 0 11.4063 1.22839
v 1.02859 11.2281 1.19368
v 1.99683 10.6617 1.12642
v -1.1877 11.4813 0.047393
v -2.20446 10.8582 0.047058
v 0 11.7069 0.06219
v 1.1877 11.4813 0.047393
v 2.20446 10.8582 0.047058
v -1.98898 10.6172 -0.982265
v -1.15044 11.2304 -1.09367
v 0 11.4517 -1.1497
v 1.15044 11.2304 -1.09367
v 1.98898 10.6172 -0.982264
v -1.69456 10.3661 -1.61401
v -1.04917 10.6349 -1.89869
v 0 10.8166 -2.08885
v 1.04917 10.6349 -1.89869
v 1.69456 10.3661 -1.61401
v -1.09426 9.8077 -2.42137
v -1.93982 9.72137 -1.84684
v 0 9.83662 -2.58269
v 1.09426 9.8077 -2.42137
v 1.93982 9.72137 -1.84684
v -1.0895 8.70176 -2.5541
v -2.0795 8.69577 -2.00591
v 0 8.71072 -2.77541
v 1.0895 8.70176 -2.5541
v 2.0795 8.69577 -2.00591
v -1.96346 8.02011 -1.90259
v -1.06904 8.0201 -2.42371
v -1.91151 7.71884 -1.85629
v -1.06072 7.71536 -2.36455
v 0 7.965 -2.61499
v 0 7.63093 -2.5432
v 1.06904 8.0201 -2.42371
v 1.06072 7.71536 -2.36455
v 1.96346 8.02011 -1.90259
v 1.91151 7.71884 -1.85629
v 2.19601 7.68283 -1.4655
v 2.39762 7.95422 -1.27953
v 2.65952 8.62033 -1.08961
v 2.50059 9.67817 -1.06883
v 2.82717 8.73024 -0.107444
v 2.73993 9.54091 -0.034964
v 2.55523 9.42387 0.987769
v -2.19601 7.68283 -1.4655
v -2.39762 7.95422 -1.27953
v -2.65952 8.62033 -1.08961
v -2.50059 9.67817 -1.06883
v -2.82717 8.73024 -0.107444
v -2.73993 9.54091 -0.034964
v -2.55523 9.42387 0.98777
v -2.01195 8.30202 -1.94623
v -2.584 8.17572 -1.08335
v -1.07686 8.3048 -2.47813
v 0 8.27706 -2.6823
v 1.07686 8.3048 -2.47813
v 2.01195 8.30202 -1.94623
v 2.584 8.17571 -1.08334
v -1.74917 7.38478 -1.70353
v -1.01563 7.30127 -2.04881
v 0 7.11498 -2.21784
v 1.01563 7.30127 -2.04881
v 1.74917 7.38478 -1.70353
v -0.830213 8.7972 2.62239
v 0 8.5217 2.76833
v 0.830213 8.7972 2.62239
v -1.21546 8.72119 2.51521
v -1.9682 8.38467 2.0279
v 1.21546 8.72119 2.51521
v 1.9682 8.38467 2.0279
v 2.51025 8.63485 1.15399
v -2.51025 8.63485 1.15399
v 2.62815 8.67091 0.932619
v -2.62815 8.67091 0.932619
v -1.85456 9.30296 1.90802
v -1.32235 10.4815 1.53645
v -0.682986 10.5136 2.07435
v -0.992421 9.32918 2.47578
v 0 10.5359 2.25689
v 0 9.46342 2.6597
v 0.992421 9.32918 2.47578
v 0.682986 10.5136 2.07435
v 1.85456 9.30296 1.90802
v 1.32235 10.4815 1.53645
v 2.12154 7.72218 -1.40827
v 2.31824 7.97456 -1.22221
v 1.73716 7.79948 -1.86197
v 1.8963 8.04092 -1.8285
v 2.72489 8.72837 -0.102159
v 2.30908 10.0837 -0.337969
v 2.38624 9.55549 -0.880709
v 2.28416 9.06825 -1.28409
v 2.41378 9.49063 0.953876
v 1.784 10.5216 0.880854
v 2.16954 10.5219 0.225088
v -1.73716 7.79948 -1.86197
v -1.8963 8.04092 -1.8285
v -2.31824 7.97456 -1.22221
v -2.12154 7.72218 -1.40827
v -2.28416 9.06825 -1.28409
v -2.38624 9.55549 -0.880709
v -2.72489 8.72837 -0.102159
v -2.30908 10.0837 -0.337969
v -2.16954 10.5219 0.225088
v -2.41378 9.49063 0.953876
v -1.784 10.5216 0.880854
v -2.00054 8.26789 -1.82389
v -2.11206 8.64908 -1.68147
v -2.49493 8.22469 -1.04978
v 2.49493 8.22469 -1.04978
v 2.11206 8.64908 -1.68147
v 2.00054 8.26789 -1.82389
v -1.69476 7.44181 -1.64014
v -0.893276 7.74657 -2.17805
v -0.984057 7.35819 -1.97205
v 0 7.17366 -2.13413
v 0 7.71027 -2.33318
v 0.893276 7.74657 -2.17805
v 0.984057 7.35819 -1.97205
v 1.69476 7.44181 -1.64014
v 0 8.52355 2.66705
v -0.814267 8.79901 2.52368
v 0.814267 8.79901 2.52368
v -1.16028 8.71666 2.43194
v -1.895 8.3796 1.95659
v 1.895 8.3796 1.95659
v 1.16028 8.71666 2.43194
v 2.42558 8.62969 1.10104
v -2.42558 8.62969 1.10104
v 2.53033 8.66241 0.913669
v -2.53033 8.66241 0.913669
vn -0.532856 0.256895 0.806269
vn -0.375094 0.266531 0.887843
vn -0.351013 0.267235 0.897427
vn -0 0.273734 0.961806
vn 0.375094 0.266531 0.887844
vn 0.351012 0.267234 0.897427
vn 0.532856 0.256894 0.806269
vn -0.481131 0.683332 0.549154
vn -0.307647 0.775352 0.551528
vn -0.332003 0.856798 0.394551
vn -0.501201 0.777356 0.380152
vn -1e-06 0.832625 0.553838
vn -0 0.915061 0.403316
vn 0.307647 0.775353 0.551527
vn 0.332003 0.856798 0.394551
vn 0.481132 0.683332 0.549154
vn 0.501201 0.777356 0.380151
vn -0.364578 0.931137 0.008201
vn -0.542326 0.840117 0.009251
vn 0 0.999952 0.009834
vn 0.364579 0.931136 0.008201
vn 0.542326 0.840117 0.009252
vn -0.549177 0.762244 -0.342621
vn -0.353826 0.85773 -0.372968
vn 0 0.922197 -0.386721
vn 0.353827 0.857731 -0.372968
vn 0.549177 0.762244 -0.342621
vn -0.532781 0.656764 -0.533672
vn -0.323085 0.757794 -0.56689
vn 0 0.811205 -0.584761
vn 0.323085 0.757794 -0.56689
vn 0.532781 0.656764 -0.533672
vn -0.522219 0.46869 -0.712473
vn -0.312346 0.486671 -0.815838
vn -0.337435 0.296718 -0.893362
vn -0.528878 0.262187 -0.807184
vn -0 0.493874 -0.869534
vn -0 0.312973 -0.949762
vn 0.312345 0.486671 -0.815838
vn 0.337435 0.296718 -0.893362
vn 0.522219 0.468689 -0.712473
vn 0.528878 0.262187 -0.807184
vn -0.343613 0.052704 -0.937631
vn -0.51605 0.054473 -0.854824
vn 0 0.051547 -0.998671
vn 0.343613 0.052704 -0.937631
vn 0.516051 0.054473 -0.854824
vn -0.493563 -0.196102 -0.847313
vn -0.334672 -0.20053 -0.920751
vn -0.463905 -0.398254 -0.791319
vn -0.313444 -0.418327 -0.852499
vn -0 -0.202685 -0.979244
vn 0 -0.446056 -0.895005
vn 0.334672 -0.20053 -0.920751
vn 0.313444 -0.418327 -0.852499
vn 0.493563 -0.196102 -0.847313
vn 0.463906 -0.398254 -0.791319
vn 0.788083 -0.207613 -0.579501
vn 0.794564 -0.203622 -0.57202
vn 0.796454 -0.202443 -0.569806
vn 0.902919 0.090025 -0.420277
vn 0.831482 0.068315 -0.551335
vn 0.795158 0.284085 -0.535741
vn 0.884059 0.301351 -0.35725
vn 0.971254 0.137656 -0.194206
vn 0.942369 0.332863 -0.033805
vn 0.731341 0.452417 -0.510352
vn 0.843692 0.438154 -0.310168
vn 0.915012 0.402265 0.030599
vn 0.87439 0.339733 0.346446
vn 0.874637 0.339943 0.345614
vn 0.80537 0.288593 0.517776
vn -0.788083 -0.207614 -0.579501
vn -0.794564 -0.203622 -0.57202
vn -0.796454 -0.202443 -0.569806
vn -0.831482 0.068316 -0.551335
vn -0.902919 0.090026 -0.420276
vn -0.795158 0.284085 -0.535742
vn -0.884059 0.301351 -0.35725
vn -0.971254 0.137656 -0.194206
vn -0.942369 0.332863 -0.033805
vn -0.731341 0.452417 -0.510352
vn -0.843692 0.438154 -0.310167
vn -0.915012 0.402265 0.030599
vn -0.87439 0.339733 0.346446
vn -0.874637 0.339943 0.345614
vn -0.80537 0.288593 0.517777
vn -0.80537 0.288593 0.517776
vn -0.810648 -0.1881 -0.554499
vn -0.812035 -0.186556 -0.552988
vn -0.482972 -0.195521 -0.853528
vn -0.335262 -0.199607 -0.920737
vn -0 -0.20227 -0.97933
vn 0.335262 -0.199607 -0.920737
vn 0.482972 -0.195521 -0.853528
vn 0.812035 -0.186556 -0.552988
vn 0.810648 -0.1881 -0.554498
vn -0.41581 -0.562698 -0.714474
vn -0.29275 -0.565754 -0.770856
vn 0 -0.574496 -0.818508
vn 0.29275 -0.565754 -0.770856
vn 0.41581 -0.562698 -0.714474
vn -0.160275 -0.017717 0.986914
vn -0.160275 -0.017717 0.986913
vn 0.160275 -0.017716 0.986913
vn -0.552014 0.045149 0.832612
vn 0.552013 0.04515 0.832612
vn 0.846661 0.05181 0.529605
vn -0.846661 0.051809 0.529605
vn 0.978269 0.08476 0.189223
vn -0.978269 0.08476 0.189223
vn 0.974732 -0.167644 -0.147623
vn -0.974732 -0.167646 -0.147623
vn 0.647969 -0.553938 -0.522771
vn -0.647969 -0.553937 -0.522771
vn 0.546177 -0.429763 -0.719024
vn 0.399321 -0.400059 -0.824921
vn 0.428103 -0.406706 -0.807043
vn 0 -0.364441 -0.931227
vn -0.428103 -0.406706 -0.807043
vn -0.399321 -0.400059 -0.824921
vn -0.546177 -0.429763 -0.719024
vn -0.748375 0.26994 0.605861
vn -0.782841 0.26568 0.562649
vn -0.769683 0.267439 0.57971
vn -0.957697 -0.183238 0.221902
vn -0.782982 -0.450944 -0.428472
vn -0.784626 -0.450218 -0.426223
vn -0.890027 -0.38423 -0.245396
vn -0.70986 -0.477516 -0.517762
vn 0.748375 0.26994 0.605861
vn 0.769684 0.267439 0.57971
vn 0.782842 0.26568 0.562649
vn 0.957697 -0.183238 0.221902
vn 0.890027 -0.38423 -0.245396
vn 0.782982 -0.450944 -0.428472
vn 0.784625 -0.450218 -0.426223
vn 0.70986 -0.477516 -0.517762
vn 0.84379 0.096317 0.527959
vn 0.864225 -0.032372 0.502063
vn 0.853215 0.048189 0.519329
vn -0.853215 0.048189 0.519329
vn -0.864225 -0.032372 0.502063
vn -0.84379 0.096317 0.527959
vn 0.377908 0.442012 0.813518
vn 0.260019 0.401109 0.878352
vn 0.286471 0.410816 0.865543
vn -0 0.38449 0.923129
vn -0.260019 0.401109 0.878352
vn -0.286471 0.410816 0.865543
vn -0.377908 0.442012 0.813518
vn -0.377908 0.442013 0.813518
vn 0.177053 -0.015533 -0.984079
vn -0.177053 -0.015533 -0.984079
vn 0.557617 -0.078176 -0.826409
vn -0.557617 -0.078176 -0.826409
vn -0.844753 -0.08273 -0.528723
vn 0.844753 -0.08273 -0.528723
vn -0.963671 -0.244561 -0.107369
vn 0.963671 -0.24456 -0.107369
vn -0.939756 -0.149408 0.307466
vn 0.939756 -0.149408 0.307466
vn -0.637682 0.459178 0.618479
vn 0.637682 0.459178 0.618479
vn 0.187373 -0.675391 0.713259
vn 0.163874 -0.704902 0.690114
vn 0.162648 -0.705218 0.690082
vn 0.188673 -0.675512 0.712802
vn -0.163874 -0.704903 0.690114
vn -0.1874 -0.675393 0.71325
vn -0.162648 -0.705218 0.690082
vn -0.1887 -0.675514 0.712793
vn 0.063852 -0.83019 0.553812
vn 0.044252 -0.816484 0.57567
vn -0.063923 -0.830178 0.553822
vn -0.044314 -0.816467 0.575689
vn 0.045291 -0.813619 0.579632
vn 0.054871 -0.783314 0.6192
vn 0.044015 -0.813562 0.57981
vn 0.052257 -0.782474 0.620487
vn 0 -0.806529 0.591195
vn -0.04529 -0.813619 0.579631
vn -0.044015 -0.813562 0.57981
vn -0.054871 -0.783314 0.6192
vn -0.052257 -0.782474 0.620487
vn -0.913694 -0.339968 -0.222677
vn -0.310722 -0.949566 -0.042151
vn 0.310722 -0.949566 -0.042151
vn 0.913694 -0.339968 -0.222677
vn 0.249906 -0.931185 0.265408
vn 0.926329 -0.32778 0.185676
vn -0.926329 -0.32778 0.185675
vn -0.249906 -0.931185 0.265407
vn 0.190305 -0.968259 -0.162048
vn 0.308507 -0.183479 -0.933359
vn -0.308507 -0.18348 -0.933359
vn -0.190304 -0.968259 -0.162048
vn -0.234889 -0.086533 0.968163
vn 0.055124 -0.997216 -0.05022
vn -0.055124 -0.997216 -0.05022
vn 0.234889 -0.086533 0.968163
vn -0.110077 -0.859156 0.499735
vn 0.110009 -0.859172 0.499721
vt 0.402421 0.798716
vt 0.428791 0.767996
vt 0.431681 0.817709
vt 0.456917 0.794147
vt 0.229586 0.463429
vt 0.265079 0.474266
vt 0.26361 0.514642
vt 0.228888 0.511702
vt 0.301267 0.466038
vt 0.298454 0.514234
vt 0.077012 0.772797
vt 0.106174 0.799723
vt 0.078172 0.821178
vt 0.051403 0.799351
vt 0.479626 0.829839
vt 0.441342 0.847063
vt 0.261815 0.563945
vt 0.224454 0.558645
vt 0.299463 0.561375
vt 0.030927 0.835803
vt 0.069925 0.850898
vt 0.201145 0.481509
vt 0.204041 0.522541
vt 0.162589 0.52244
vt 0.162332 0.48238
vt 0.207075 0.55954
vt 0.164326 0.564316
vt 0.324812 0.557929
vt 0.328026 0.520945
vt 0.367536 0.562913
vt 0.369478 0.521046
vt 0.331122 0.479928
vt 0.36993 0.480988
vt 0.124224 0.481553
vt 0.121867 0.520017
vt 0.119723 0.56224
vt 0.410211 0.518822
vt 0.412148 0.561055
vt 0.408042 0.480347
vt 0.354265 0.729355
vt 0.316661 0.752268
vt 0.335242 0.712702
vt 0.307921 0.719076
vt 0.267745 0.760967
vt 0.268912 0.721082
vt 0.219403 0.749525
vt 0.230082 0.716912
vt 0.18318 0.724532
vt 0.203162 0.709027
vt 0.307068 0.685828
vt 0.341862 0.686672
vt 0.269941 0.685532
vt 0.232837 0.683793
vt 0.198035 0.682709
vt 0.307837 0.648333
vt 0.345458 0.649706
vt 0.270979 0.647438
vt 0.234172 0.646351
vt 0.196493 0.645677
vt 0.34385 0.625352
vt 0.308603 0.624586
vt 0.34235 0.614504
vt 0.308812 0.613781
vt 0.271641 0.62189
vt 0.271941 0.610307
vt 0.234595 0.622539
vt 0.234939 0.611731
vt 0.199448 0.621507
vt 0.201446 0.610739
vt 0.185598 0.606885
vt 0.174016 0.615422
vt 0.159928 0.640463
vt 0.163504 0.684248
vt 0.376615 0.404348
vt 0.411769 0.401776
vt 0.411142 0.440865
vt 0.374464 0.433498
vt 0.336342 0.430012
vt 0.131772 0.83786
vt 0.358355 0.611438
vt 0.369572 0.620599
vt 0.382271 0.646527
vt 0.37623 0.690161
vt 0.12088 0.402964
vt 0.156021 0.405709
vt 0.121317 0.442056
vt 0.15803 0.434869
vt 0.196169 0.431568
vt 0.378704 0.838418
vt 0.344925 0.635459
vt 0.379828 0.628668
vt 0.308306 0.634576
vt 0.271363 0.632601
vt 0.234363 0.632535
vt 0.197873 0.631552
vt 0.163362 0.622862
vt 0.34011 0.600562
vt 0.310815 0.595238
vt 0.272481 0.589757
vt 0.233884 0.593095
vt 0.204294 0.596954
vt 0.23876 0.449026
vt 0.266259 0.44185
vt 0.293164 0.451006
vt 0.411814 0.762115
vt 0.383999 0.774724
vt 0.092397 0.764455
vt 0.121683 0.773548
vt 0.141217 0.806493
vt 0.368093 0.808297
vt 0.342145 0.40597
vt 0.190482 0.407499
vt 0.412134 0.385808
vt 0.120594 0.386995
vt 0.330505 0.82077
vt 0.308901 0.858924
vt 0.281501 0.85287
vt 0.292893 0.805884
vt 0.254612 0.853305
vt 0.255219 0.814199
vt 0.218131 0.803921
vt 0.227794 0.851494
vt 0.179497 0.81777
vt 0.201001 0.854906
vt 0.336464 0.902292
vt 0.3485 0.907163
vt 0.317875 0.912142
vt 0.325371 0.919078
vt 0.398052 0.916281
vt 0.405079 0.966209
vt 0.381179 0.954287
vt 0.361341 0.943719
vt 0.138634 0.840995
vt 0.181048 0.86716
vt 0.171312 0.88204
vt 0.157675 0.891727
vt 0.191081 0.912189
vt 0.183591 0.91913
vt 0.160452 0.907233
vt 0.172485 0.902353
vt 0.147639 0.943798
vt 0.127808 0.954381
vt 0.110907 0.916388
vt 0.103918 0.96632
vt 0.35889 0.894026
vt 0.34344 0.885803
vt 0.371781 0.841677
vt 0.331134 0.870921
vt 0.178308 0.926123
vt 0.167299 0.936017
vt 0.149187 0.912244
vt 0.359769 0.912166
vt 0.341675 0.935953
vt 0.330659 0.926067
vt 0.191515 0.897355
vt 0.222654 0.914637
vt 0.219121 0.899289
vt 0.254472 0.895245
vt 0.254479 0.915323
vt 0.286304 0.914613
vt 0.289826 0.899263
vt 0.31743 0.897308
vt 0.256658 0.779782
vt 0.283316 0.788539
vt 0.229079 0.786757
vt 0.308075 0.789807
vt 0.33781 0.788219
vt 0.172418 0.785302
vt 0.203418 0.787165
vt 0.14377 0.805147
vt 0.36553 0.806983
vt 0.122132 0.889523
vt 0.108687 0.863632
vt 0.404506 0.859664
vt 0.394672 0.88722
vt 0.172273 0.61233
vt 0.184096 0.603762
vt 0.360045 0.60831
vt 0.371476 0.617602
vt 0.382006 0.62546
vt 0.161363 0.61954
vt 0.311255 0.591745
vt 0.341 0.597271
vt 0.272571 0.586353
vt 0.233622 0.589586
vt 0.20353 0.59357
vt 0.224308 0.461759
vt 0.237161 0.445993
vt 0.266383 0.43844
vt 0.294979 0.448097
vt 0.306652 0.464756
vt 0.382022 0.771916
vt 0.411654 0.75857
vt 0.432177 0.763248
vt 0.072545 0.768968
vt 0.091321 0.761102
vt 0.123291 0.770497
vt 0.330993 0.430636
vt 0.340125 0.403302
vt 0.375295 0.400904
vt 0.157358 0.402271
vt 0.192515 0.404841
vt 0.201514 0.432217
vt 0.409375 0.383182
vt 0.123366 0.384383
usemtl standardSurface10SG
f 866/1551/1230 867/1552/1231 868/1553/1230
f 867/1552/1231 869/1554/1232 868/1553/1230
f 867/1555/1231 870/1556/1233 871/1557/1233
f 867/1555/1231 871/1557/1233 869/1558/1232
f 870/1556/1233 872/1559/1234 871/1557/1233
f 872/1559/1234 873/1560/1235 871/1557/1233
f 872/1561/1234 874/1562/1236 875/1563/1236
f 872/1561/1234 875/1563/1236 873/1564/1235
f 868/1553/1237 869/1554/1238 876/1565/1239
f 868/1553/1237 876/1565/1239 877/1566/1240
f 869/1558/1238 871/1557/1241 878/1567/1242
f 869/1558/1238 878/1567/1242 876/1568/1239
f 871/1557/1241 873/1560/1243 878/1567/1242
f 873/1560/1243 879/1569/1244 878/1567/1242
f 873/1564/1243 875/1563/1245 879/1570/1244
f 875/1563/1245 880/1571/1246 879/1570/1244
f 877/1572/1240 876/1573/1239 881/1574/1247
f 877/1572/1240 881/1574/1247 882/1575/1248
f 876/1573/1239 878/1576/1242 883/1577/1249
f 876/1573/1239 883/1577/1249 881/1574/1247
f 878/1578/1242 879/1579/1244 883/1580/1249
f 879/1579/1244 884/1581/1250 883/1580/1249
f 879/1579/1244 880/1582/1246 884/1581/1250
f 880/1582/1246 885/1583/1251 884/1581/1250
f 882/1575/1248 881/1574/1247 886/1584/1252
f 881/1574/1247 887/1585/1253 886/1584/1252
f 881/1574/1247 883/1577/1249 887/1585/1253
f 883/1577/1249 888/1586/1254 887/1585/1253
f 883/1580/1249 884/1581/1250 889/1587/1255
f 883/1580/1249 889/1587/1255 888/1588/1254
f 884/1581/1250 885/1583/1251 890/1589/1256
f 884/1581/1250 890/1589/1256 889/1587/1255
f 886/1590/1252 887/1591/1253 891/1592/1257
f 887/1591/1253 892/1593/1258 891/1592/1257
f 887/1591/1253 888/1594/1254 892/1593/1258
f 888/1594/1254 893/1595/1259 892/1593/1258
f 888/1594/1254 889/1596/1255 894/1597/1260
f 888/1594/1254 894/1597/1260 893/1595/1259
f 889/1596/1255 890/1598/1256 895/1599/1261
f 889/1596/1255 895/1599/1261 894/1597/1260
f 891/1592/1262 892/1593/1263 896/1600/1264
f 891/1592/1262 896/1600/1264 897/1601/1265
f 892/1593/1263 893/1595/1266 898/1602/1267
f 892/1593/1263 898/1602/1267 896/1600/1264
f 893/1595/1266 894/1597/1268 898/1602/1267
f 894/1597/1268 899/1603/1269 898/1602/1267
f 894/1597/1268 895/1599/1270 899/1603/1269
f 895/1599/1270 900/1604/1271 899/1603/1269
f 897/1601/1265 896/1600/1264 901/1605/1272
f 897/1601/1265 901/1605/1272 902/1606/1273
f 896/1600/1264 898/1602/1267 903/1607/1274
f 896/1600/1264 903/1607/1274 901/1605/1272
f 898/1602/1267 899/1603/1269 903/1607/1274
f 899/1603/1269 904/1608/1275 903/1607/1274
f 899/1603/1269 900/1604/1271 904/1608/1275
f 900/1604/1271 905/1609/1276 904/1608/1275
f 906/1610/1277 907/1611/1278 908/1612/1279
f 907/1611/1278 909/1613/1280 908/1612/1279
f 907/1611/1278 910/1614/1281 909/1613/1280
f 910/1614/1281 911/1615/1282 909/1613/1280
f 910/1614/1281 912/1616/1283 913/1617/1284
f 910/1614/1281 913/1617/1284 911/1615/1282
f 912/1616/1283 914/1618/1285 915/1619/1286
f 912/1616/1283 915/1619/1286 913/1617/1284
f 916/1620/1287 915/1619/1287 914/1618/1288
f 916/1620/1287 914/1618/1288 917/1621/1289
f 918/1622/1290 905/1609/1291 900/1604/1292
f 918/1622/1290 900/1604/1292 919/1623/1293
f 920/1624/1294 918/1625/1290 919/1626/1293
f 920/1624/1294 919/1626/1293 921/1627/1295
f 919/1623/1293 900/1604/1292 895/1599/1296
f 919/1623/1293 895/1599/1296 890/1598/1297
f 921/1627/1295 919/1626/1293 885/1583/1298
f 919/1626/1293 890/1589/1297 885/1583/1298
f 922/1628/1299 921/1627/1295 885/1583/1298
f 922/1628/1299 885/1583/1298 880/1582/1300
f 874/1562/1301 922/1629/1299 875/1563/1301
f 922/1629/1299 880/1571/1300 875/1563/1301
f 908/1612/1302 923/1630/1302 906/1610/1303
f 923/1630/1302 924/1631/1304 906/1610/1303
f 902/1606/1305 925/1632/1306 897/1601/1307
f 925/1632/1306 926/1633/1308 897/1601/1307
f 925/1634/1306 927/1635/1309 926/1636/1308
f 927/1635/1309 928/1637/1310 926/1636/1308
f 897/1601/1307 926/1633/1308 891/1592/1311
f 926/1633/1308 886/1590/1312 891/1592/1311
f 926/1636/1308 928/1637/1310 882/1575/1313
f 926/1636/1308 882/1575/1313 886/1584/1312
f 928/1637/1310 929/1638/1314 882/1575/1313
f 929/1638/1314 877/1572/1315 882/1575/1313
f 929/1639/1314 866/1551/1316 868/1553/1317
f 929/1639/1314 868/1553/1317 877/1566/1315
f 930/1640/1318 931/1641/1319 925/1632/1306
f 930/1640/1318 925/1632/1306 902/1606/1305
f 902/1606/1273 901/1605/1272 930/1640/1320
f 901/1605/1272 932/1642/1321 930/1640/1320
f 901/1605/1272 903/1607/1274 932/1642/1321
f 903/1607/1274 933/1643/1322 932/1642/1321
f 903/1607/1274 904/1608/1275 934/1644/1323
f 903/1607/1274 934/1644/1323 933/1643/1322
f 904/1608/1275 905/1609/1276 935/1645/1324
f 904/1608/1275 935/1645/1324 934/1644/1323
f 936/1646/1325 935/1645/1326 918/1622/1290
f 935/1645/1326 905/1609/1291 918/1622/1290
f 906/1610/1303 924/1631/1304 930/1640/1318
f 924/1631/1304 931/1641/1319 930/1640/1318
f 930/1640/1320 932/1642/1321 906/1610/1277
f 932/1642/1321 907/1611/1278 906/1610/1277
f 932/1642/1321 933/1643/1322 907/1611/1278
f 933/1643/1322 910/1614/1281 907/1611/1278
f 933/1643/1322 934/1644/1323 912/1616/1283
f 933/1643/1322 912/1616/1283 910/1614/1281
f 934/1644/1323 935/1645/1324 914/1618/1285
f 934/1644/1323 914/1618/1285 912/1616/1283
f 917/1621/1289 914/1618/1288 935/1645/1326
f 917/1621/1289 935/1645/1326 936/1646/1325
f 908/1612/1279 909/1613/1280 937/1647/1327
f 909/1613/1280 938/1648/1328 937/1647/1327
f 909/1613/1280 911/1615/1282 938/1648/1328
f 911/1615/1282 939/1649/1329 938/1648/1328
f 911/1615/1282 913/1617/1284 940/1650/1330
f 911/1615/1282 940/1650/1330 939/1649/1329
f 913/1617/1284 915/1619/1286 941/1651/1331
f 913/1617/1284 941/1651/1331 940/1650/1330
f 870/1556/1332 867/1555/1333 942/1652/1333
f 870/1556/1332 942/1652/1333 943/1653/1332
f 872/1559/1334 870/1556/1334 944/1654/1334
f 870/1556/1334 943/1653/1334 944/1654/1334
f 867/1552/1335 866/1551/1335 945/1655/1335
f 866/1551/1335 946/1656/1335 945/1655/1335
f 874/1562/1336 872/1561/1336 947/1657/1336
f 874/1562/1336 947/1657/1336 948/1658/1336
f 922/1629/1337 874/1562/1337 949/1659/1337
f 874/1562/1337 948/1658/1337 949/1659/1337
f 866/1551/1338 929/1639/1338 950/1660/1338
f 866/1551/1338 950/1660/1338 946/1656/1338
f 921/1627/1339 922/1628/1339 920/1624/1339
f 922/1628/1339 951/1661/1339 920/1624/1339
f 929/1638/1340 928/1637/1340 927/1635/1340
f 929/1638/1340 927/1635/1340 952/1662/1340
f 918/1625/1341 920/1624/1341 936/1663/1341
f 927/1635/1342 925/1634/1342 931/1664/1342
f 915/1619/1343 916/1620/1343 941/1651/1343
f 923/1630/1344 908/1612/1344 937/1647/1344
f 953/1665/1345 954/1666/1345 955/1667/1346
f 953/1665/1345 955/1667/1346 956/1668/1347
f 956/1668/1347 955/1667/1346 957/1669/1348
f 956/1668/1347 957/1669/1348 958/1670/1348
f 958/1670/1348 957/1669/1348 959/1671/1349
f 957/1669/1348 960/1672/1350 959/1671/1349
f 959/1671/1349 960/1672/1350 961/1673/1351
f 960/1672/1350 962/1674/1351 961/1673/1351
f 963/1675/1352 964/1676/1353 965/1677/1352
f 964/1676/1353 966/1678/1354 965/1677/1352
f 967/1679/1355 968/1680/1355 969/1681/1355
f 967/1679/1355 969/1681/1355 970/1682/1355
f 971/1683/1356 972/1684/1357 973/1685/1358
f 971/1683/1356 973/1685/1358 968/1686/1358
f 961/1673/1359 962/1674/1359 972/1684/1357
f 961/1673/1359 972/1684/1357 971/1683/1356
f 974/1687/1360 975/1688/1361 976/1689/1362
f 974/1687/1360 976/1689/1362 977/1690/1360
f 978/1691/1363 979/1692/1363 980/1693/1363
f 979/1692/1363 981/1694/1363 980/1693/1363
f 981/1695/1364 982/1696/1364 983/1697/1365
f 982/1696/1364 984/1698/1366 983/1697/1365
f 983/1697/1365 984/1698/1366 953/1665/1367
f 984/1698/1366 954/1666/1367 953/1665/1367
f 985/1699/1368 986/1700/1369 987/1701/1370
f 986/1700/1369 978/1691/1369 987/1701/1370
f 988/1702/1371 970/1682/1372 989/1703/1372
f 988/1702/1371 989/1703/1372 990/1704/1373
f 975/1688/1361 985/1699/1368 987/1701/1370
f 975/1688/1361 987/1701/1370 976/1689/1362
f 964/1676/1353 988/1702/1371 966/1678/1354
f 988/1702/1371 990/1704/1373 966/1678/1354
f 974/1687/1374 991/1705/1374 992/1706/1375
f 991/1705/1374 993/1707/1376 992/1706/1375
f 992/1706/1375 993/1707/1376 994/1708/1377
f 992/1706/1375 994/1708/1377 995/1709/1377
f 995/1709/1377 994/1708/1377 996/1710/1378
f 994/1708/1377 997/1711/1379 996/1710/1378
f 996/1710/1378 997/1711/1379 998/1712/1380
f 996/1710/1378 998/1712/1380 965/1677/1381
f 958/1670/1382 999/1713/1382 1000/1714/1382
f 958/1670/1382 1000/1714/1382 956/1668/1382
f 959/1671/1383 1001/1715/1383 958/1670/1383
f 1001/1715/1383 999/1713/1383 958/1670/1383
f 956/1668/1384 1002/1716/1384 953/1665/1384
f 1002/1716/1384 1003/1717/1384 953/1665/1384
f 961/1673/1385 1004/1718/1385 1005/1719/1385
f 961/1673/1385 1005/1719/1385 959/1671/1385
f 971/1683/1386 1006/1720/1386 961/1673/1386
f 1006/1720/1386 1004/1718/1386 961/1673/1386
f 953/1665/1387 1003/1717/1387 1007/1721/1387
f 953/1665/1387 1007/1721/1387 983/1697/1387
f 968/1686/1388 967/1722/1388 1008/1723/1388
f 968/1686/1388 1008/1723/1388 971/1683/1388
f 983/1697/1389 1009/1724/1389 981/1695/1389
f 1009/1724/1389 980/1725/1389 981/1695/1389
f 970/1682/1390 988/1702/1390 967/1679/1390
f 980/1693/1391 987/1701/1391 978/1691/1391
f 965/1677/1392 998/1712/1392 963/1675/1392
f 977/1690/1393 991/1705/1393 974/1687/1393
f 964/1726/1394 963/1727/1395 916/1620/1396
f 964/1726/1394 916/1620/1396 917/1621/1397
f 977/1728/1398 976/1729/1399 923/1630/1400
f 976/1729/1399 924/1631/1401 923/1630/1400
f 976/1729/1399 987/1730/1402 924/1631/1401
f 987/1730/1402 931/1641/1403 924/1631/1401
f 988/1731/1404 964/1726/1394 917/1621/1397
f 988/1731/1404 917/1621/1397 936/1646/1405
f 993/1732/1406 991/1733/1407 938/1648/1408
f 991/1733/1407 937/1647/1409 938/1648/1408
f 994/1734/1410 993/1732/1406 938/1648/1408
f 994/1734/1410 938/1648/1408 939/1649/1410
f 997/1735/1411 994/1734/1410 940/1650/1412
f 994/1734/1410 939/1649/1410 940/1650/1412
f 998/1736/1413 997/1735/1411 940/1650/1412
f 998/1736/1413 940/1650/1412 941/1651/1414
f 956/1737/1415 1000/1738/1415 942/1652/1415
f 956/1737/1415 942/1652/1415 867/1555/1415
f 1000/1738/1416 999/1739/1416 942/1652/1416
f 999/1739/1416 943/1653/1416 942/1652/1416
f 999/1739/1417 1001/1740/1417 944/1654/1417
f 999/1739/1417 944/1654/1417 943/1653/1417
f 1001/1740/1418 959/1741/1418 944/1654/1418
f 959/1741/1418 872/1559/1418 944/1654/1418
f 1003/1742/1419 1002/1743/1419 946/1656/1419
f 1002/1743/1419 945/1655/1419 946/1656/1419
f 1002/1743/1420 956/1744/1420 945/1655/1420
f 956/1744/1420 867/1552/1420 945/1655/1420
f 959/1745/1421 1005/1746/1421 947/1657/1421
f 959/1745/1421 947/1657/1421 872/1561/1421
f 1005/1746/1422 1004/1747/1422 948/1658/1422
f 1005/1746/1422 948/1658/1422 947/1657/1422
f 1004/1747/1423 1006/1720/1423 948/1658/1423
f 1006/1720/1423 949/1659/1423 948/1658/1423
f 1006/1720/1424 971/1683/1424 949/1659/1424
f 971/1683/1424 922/1629/1424 949/1659/1424
f 983/1697/1425 1007/1721/1425 950/1660/1425
f 983/1697/1425 950/1660/1425 929/1639/1425
f 1007/1721/1426 1003/1742/1426 946/1656/1426
f 1007/1721/1426 946/1656/1426 950/1660/1426
f 971/1748/1427 1008/1749/1427 951/1661/1427
f 971/1748/1427 951/1661/1427 922/1628/1427
f 1008/1749/1428 967/1750/1428 951/1661/1428
f 967/1750/1428 920/1624/1428 951/1661/1428
f 980/1751/1429 1009/1752/1429 952/1662/1429
f 980/1751/1429 952/1662/1429 927/1635/1429
f 1009/1752/1430 983/1753/1430 952/1662/1430
f 983/1753/1430 929/1638/1430 952/1662/1430
f 967/1750/1431 988/1754/1404 936/1663/1405
f 967/1750/1431 936/1663/1405 920/1624/1431
f 987/1755/1402 980/1751/1432 931/1664/1403
f 980/1751/1432 927/1635/1432 931/1664/1403
f 963/1727/1395 998/1736/1413 916/1620/1396
f 998/1736/1413 941/1651/1414 916/1620/1396
f 991/1733/1407 977/1728/1398 923/1630/1400
f 991/1733/1407 923/1630/1400 937/1647/1409
s off
