# Apple ModelIO OBJ File: BakerTexture
mtllib BakerTexture.mtl
g ears_standardSurface10SG
v 2.2228 7.76482 -0.106388
v 2.0426 7.19324 0.067495
v 2.32041 7.81743 0.167737
v 2.14022 7.24586 0.34162
v 2.2574 6.70444 0.012771
v 2.35502 6.75705 0.286896
v 2.88659 6.69747 -0.167089
v 2.93479 6.75009 0.107036
v 3.10493 7.37729 -0.35413
v 3.19745 7.42991 -0.080005
v 2.82015 7.84759 -0.334993
v 2.91777 7.90021 -0.060869
v -2.2228 7.76482 -0.106388
v -2.32041 7.81743 0.167737
v -2.0426 7.19324 0.067495
v -2.14022 7.24586 0.34162
v -2.35502 6.75705 0.286896
v -2.2574 6.70444 0.012771
v -2.93479 6.75009 0.107035
v -2.88659 6.69747 -0.167089
v -3.19745 7.42991 -0.080005
v -3.10493 7.37729 -0.354131
v -2.82015 7.84759 -0.334994
v -2.91777 7.90021 -0.060869
vn -0.898688 0.359676 0.250983
vn -0.832595 -0.407837 0.374772
vn 0.041541 -0.983211 0.177679
vn 0.914917 -0.368809 -0.164035
vn 0.790555 0.489408 -0.368106
vn -0.182049 0.975636 -0.122446
vn -0.329256 -0.136774 -0.934282
vn 0.33582 0.129807 0.932939
vn 0.898688 0.359677 0.250982
vn 0.832596 -0.407836 0.374771
vn -0.041542 -0.983211 0.17768
vn -0.914917 -0.368809 -0.164035
vn -0.914916 -0.368809 -0.164035
vn -0.790554 0.489408 -0.368108
vn 0.18205 0.975636 -0.122444
vn 0.329257 -0.136774 -0.934282
vn -0.33582 0.129807 0.932939
vt 0.212098 0.140539
vt 0.212272 0.119471
vt 0.222948 0.140564
vt 0.222889 0.119154
vt 0.208255 0.099662
vt 0.219515 0.09933
vt 0.209476 0.074262
vt 0.22033 0.076304
vt 0.214866 0.045464
vt 0.226341 0.047346
vt 0.211232 0.189967
vt 0.211517 0.166359
vt 0.223606 0.189709
vt 0.223646 0.166308
vt 0.193383 0.150617
vt 0.199703 0.106925
vt 0.179373 0.114516
vt 0.179317 0.13906
vt 0.241787 0.151292
vt 0.256255 0.139842
vt 0.255513 0.114337
vt 0.236329 0.106568
vt 0.316479 0.143767
vt 0.305492 0.143751
vt 0.315853 0.122629
vt 0.306072 0.122637
vt 0.307549 0.104608
vt 0.318416 0.10442
vt 0.305629 0.080971
vt 0.317111 0.078722
vt 0.299249 0.049113
vt 0.311859 0.047166
vt 0.316071 0.191198
vt 0.304422 0.190532
vt 0.31682 0.169085
vt 0.305222 0.168818
vt 0.336119 0.153312
vt 0.350106 0.141024
vt 0.349021 0.116329
vt 0.328256 0.109561
vt 0.285722 0.153346
vt 0.293671 0.109547
vt 0.274382 0.115801
vt 0.271875 0.140959
usemtl standardSurface10SG
f 1/1/1 2/2/1 3/3/1
f 2/2/1 4/4/1 3/3/1
f 2/2/2 5/5/2 6/6/2
f 2/2/2 6/6/2 4/4/2
f 5/5/3 7/7/3 8/8/3
f 5/5/3 8/8/3 6/6/3
f 7/7/4 9/9/4 10/10/4
f 7/7/4 10/10/4 8/8/4
f 9/11/5 11/12/5 10/13/5
f 11/12/5 12/14/5 10/13/5
f 11/12/6 1/1/6 3/3/6
f 11/12/6 3/3/6 12/14/6
f 2/2/7 1/1/7 11/15/7
f 5/16/7 2/2/7 11/15/7
f 7/17/7 5/16/7 11/15/7
f 9/18/7 7/17/7 11/15/7
f 12/19/8 3/3/8 4/4/8
f 10/20/8 12/19/8 4/4/8
f 8/21/8 10/20/8 4/4/8
f 6/22/8 8/21/8 4/4/8
f 13/23/9 14/24/9 15/25/9
f 14/24/9 16/26/9 15/25/9
f 15/25/10 16/26/10 17/27/10
f 15/25/10 17/27/10 18/28/10
f 18/28/11 17/27/11 19/29/11
f 18/28/11 19/29/11 20/30/11
f 20/30/12 19/29/13 21/31/12
f 20/30/12 21/31/12 22/32/12
f 22/33/14 21/34/14 23/35/14
f 21/34/14 24/36/14 23/35/14
f 23/35/15 24/36/15 13/23/15
f 24/36/15 14/24/15 13/23/15
f 23/37/16 13/23/16 15/25/16
f 22/38/16 23/37/16 15/25/16
f 20/39/16 22/38/16 15/25/16
f 18/40/16 20/39/16 15/25/16
f 16/26/17 14/24/17 24/41/17
f 17/42/17 16/26/17 24/41/17
f 19/43/17 17/42/17 24/41/17
f 21/44/17 19/43/17 24/41/17
s off
g Head_uv_standardSurface10SG
v -1.49909 6.14595 1.70769
v -0.932178 5.86615 1.90204
v -0.94273 6.37069 2.26195
v -1.63769 6.42525 1.81887
v 0 6.87577 2.71365
v -0.167244 6.84384 2.59586
v -0.093999 6.80736 2.55722
v 0 6.77125 2.54543
v 0.093999 6.80736 2.55722
v 0.167244 6.84384 2.59586
v 0.932178 5.86615 1.90204
v 1.49909 6.14595 1.70769
v 0.94273 6.37069 2.26195
v 1.63769 6.42525 1.81887
v -1.74026 6.84419 1.90127
v -0.958559 6.84524 2.45609
v -1.7884 7.08856 1.85458
v -0.969355 7.08331 2.46079
v 0 6.99323 2.65202
v 0.958559 6.84524 2.45609
v 1.74026 6.84419 1.90127
v 1.7884 7.08856 1.85458
v 0.969355 7.08331 2.46079
v -1.90073 7.65874 1.74563
v -0.994544 7.63879 2.32788
v -1.81386 8.62189 1.88175
v -0.94317 8.64396 2.45735
v 0 7.65597 2.53691
v 0 8.7069 2.59694
v 0.994544 7.63879 2.32788
v 0.94317 8.64396 2.45735
v 1.90073 7.65874 1.74563
v 1.81386 8.62189 1.88175
v -1.61553 9.41742 1.72347
v -0.880555 9.66385 2.13084
v 0 9.81446 2.29417
v 0.880555 9.66385 2.13084
v 1.61553 9.41742 1.72347
v -0.966513 10.3587 1.12155
v -1.87108 9.83271 1.05489
v 0 10.5247 1.15543
v 0.966513 10.3587 1.12155
v 1.87108 9.83271 1.05489
v -1.11856 10.5949 0.045172
v -2.06698 10.0151 0.045447
v 0 10.8077 0.059209
v 1.11856 10.5949 0.045172
v 2.06698 10.0151 0.045447
v -1.86657 9.78756 -0.917276
v -1.08163 10.3616 -1.02421
v 0 10.5687 -1.07715
v 1.08163 10.3616 -1.02421
v 1.86657 9.78756 -0.917276
v -1.59048 9.55131 -1.51308
v -0.983943 9.8033 -1.77952
v 0 9.97381 -1.95894
v 0.983943 9.8033 -1.77952
v 1.59048 9.55131 -1.51308
v -1.02893 9.02777 -2.26963
v -1.82164 8.94416 -1.73093
v 0 9.05498 -2.41974
v 1.02893 9.02777 -2.26963
v 1.82164 8.94416 -1.73093
v -1.02561 7.98599 -2.39305
v -1.95511 7.97916 -1.87953
v 0 7.99497 -2.60195
v 1.02561 7.98599 -2.39305
v 1.95511 7.97916 -1.87953
v -1.84646 7.33981 -1.78044
v -1.00707 7.33928 -2.26937
v -1.79989 7.0658 -1.73797
v -0.999131 7.06212 -2.21637
v 0 7.28591 -2.44926
v 0 6.98202 -2.38382
v 1.00707 7.33928 -2.26937
v 0.999131 7.06212 -2.21637
v 1.84646 7.33981 -1.78044
v 1.79989 7.0658 -1.73797
v -1.65021 6.75644 -1.59703
v -0.95819 6.67503 -1.92021
v -1.55042 6.55021 -1.50307
v -0.930897 6.41697 -1.72277
v 0 6.49535 -2.07803
v 0 6.1709 -1.87417
v 0.95819 6.67503 -1.92021
v 0.930897 6.41697 -1.72277
v 1.65021 6.75644 -1.59703
v 1.55042 6.55021 -1.50307
v -0.961065 5.89462 -0.928243
v -1.81125 6.37114 -0.925469
v 0 5.65695 -0.949484
v 0.961065 5.89462 -0.928243
v 1.81125 6.37114 -0.925469
v -1.93438 6.08789 0.050215
v -0.985586 5.64362 0.046816
v 0 5.45837 0.051105
v 0.985586 5.64354 0.046816
v 1.93438 6.08782 0.050215
v -0.963641 5.63882 1.05823
v -1.79364 6.06025 1.07037
v 0 5.40351 1.0495
v 0.963641 5.63882 1.05823
v 1.79364 6.06025 1.07037
v 0 5.68083 1.93023
v 2.01522 6.6205 -0.96288
v 2.1785 6.42227 0.04711
v 2.09799 6.3853 0.983983
v 2.32117 6.99454 -1.019
v 2.37526 7.25664 -1.02059
v 2.54469 6.92396 0.042452
v 2.58675 7.18363 0.037388
v 2.37173 6.87289 0.976414
v 2.40915 7.1282 0.963871
v 2.50146 7.86822 -1.02432
v 2.34715 8.90366 -1.00312
v 2.68489 7.78954 0.025571
v 2.58533 8.76552 0.029167
v 2.49647 7.72392 0.934606
v 2.39778 8.66617 0.924507
v -2.01522 6.6205 -0.96288
v -2.1785 6.42232 0.04711
v -2.09799 6.3853 0.983983
v -2.32117 6.99454 -1.019
v -2.37526 7.25664 -1.02059
v -2.54469 6.92396 0.042452
v -2.58675 7.18363 0.037388
v -2.37173 6.87289 0.976414
v -2.40915 7.1282 0.963871
v -2.50146 7.86822 -1.02432
v -2.34715 8.90366 -1.00312
v -2.68489 7.78954 0.025571
v -2.58533 8.76552 0.029167
v -2.49647 7.72392 0.934606
v -2.39778 8.66617 0.924507
v -0.98015 7.32137 2.4171
v -0.111496 7.3282 2.47782
v 0 6.26308 2.31374
v 0.111496 7.3282 2.47782
v 0.98015 7.32137 2.4171
v 0 7.34908 2.55664
v 0 7.11892 2.60977
v 0.195118 7.08238 2.46953
v -0.195118 7.08238 2.46953
v 0 6.73291 2.43751
v -0.13937 6.77113 2.47339
v 0.13937 6.77113 2.47339
v 0.27874 6.85471 2.47296
v -0.27874 6.85471 2.47296
v -1.83654 7.33292 1.80789
v -2.44657 7.38351 0.951329
v -2.62881 7.44331 0.032324
v -2.42935 7.51875 -1.02219
v -1.89302 7.61382 -1.82291
v -1.01502 7.61644 -2.32237
v 0 7.58979 -2.5147
v 1.01502 7.61644 -2.32237
v 1.89302 7.61382 -1.82291
v 2.42935 7.51875 -1.02219
v 2.62881 7.44331 0.032324
v 2.44657 7.38351 0.951329
v 1.83654 7.33292 1.80789
vn -0.491255 -0.515458 0.70212
vn -0.23723 -0.556342 0.79637
vn -0.270217 -0.445939 0.8533
vn -0.524151 -0.392772 0.755642
vn 0 -0.312009 0.950079
vn -0.641716 -0.055203 0.764953
vn -0.259912 -0.853667 0.451329
vn 0 -0.889208 0.457503
vn 0.259912 -0.853667 0.451329
vn 0.641716 -0.055203 0.764953
vn 0.23723 -0.556342 0.79637
vn 0.491255 -0.515458 0.70212
vn 0.270217 -0.445939 0.8533
vn 0.524151 -0.392772 0.755642
vn -0.566013 -0.187266 0.802846
vn -0.311181 -0.231777 0.921654
vn -0.586205 0.047207 0.808787
vn -0.357395 0.042446 0.932988
vn 0 0.369124 0.92938
vn 0.311181 -0.231777 0.921654
vn 0.566013 -0.187266 0.802845
vn 0.586205 0.047208 0.808787
vn 0.357395 0.042446 0.932988
vn -0.548512 -0.028969 0.835641
vn -0.383507 -0.036054 0.922834
vn -0.549275 0.078306 0.831965
vn -0.360185 0.094746 0.928057
vn 0 -0.058354 0.998296
vn -0 0.109744 0.99396
vn 0.383507 -0.036054 0.922834
vn 0.360185 0.094746 0.928057
vn 0.548512 -0.028969 0.835641
vn 0.549275 0.078306 0.831965
vn -0.53453 0.288925 0.794229
vn -0.337496 0.290806 0.895281
vn -0 0.288859 0.957372
vn 0.337496 0.290806 0.895281
vn 0.53453 0.288925 0.794229
vn -0.480755 0.683087 0.549789
vn -0.306934 0.775776 0.551329
vn -0.331116 0.857209 0.394404
vn -0.500372 0.777659 0.380624
vn -0 0.83314 0.553061
vn -0 0.915486 0.40235
vn 0.306934 0.775776 0.551329
vn 0.331116 0.857209 0.394404
vn 0.480754 0.683087 0.549789
vn 0.500372 0.777659 0.380624
vn -0.363476 0.931567 0.008206
vn -0.541721 0.840514 0.008645
vn -0 0.999947 0.010329
vn 0.363476 0.931567 0.008206
vn 0.541721 0.840514 0.008645
vn -0.549176 0.761972 -0.343228
vn -0.353214 0.858014 -0.372897
vn 0 0.92245 -0.386117
vn 0.353214 0.858014 -0.372897
vn 0.549176 0.761972 -0.343228
vn -0.532989 0.656654 -0.533599
vn -0.322937 0.758037 -0.566649
vn 0 0.811477 -0.584385
vn 0.322937 0.758037 -0.566649
vn 0.532989 0.656654 -0.533599
vn -0.522301 0.468984 -0.712219
vn -0.312071 0.486427 -0.816089
vn -0.337126 0.296078 -0.893691
vn -0.528808 0.2615 -0.807453
vn 0 0.493265 -0.869879
vn 0 0.311973 -0.950091
vn 0.312071 0.486427 -0.816089
vn 0.337126 0.296078 -0.893691
vn 0.522301 0.468984 -0.712219
vn 0.528808 0.2615 -0.807453
vn -0.343102 0.053168 -0.937792
vn -0.515821 0.054669 -0.85495
vn -0 0.051947 -0.99865
vn 0.343102 0.053168 -0.937792
vn 0.515821 0.054669 -0.85495
vn -0.49349 -0.195602 -0.847471
vn -0.334457 -0.200033 -0.920937
vn -0.463434 -0.40015 -0.790638
vn -0.31254 -0.420421 -0.851801
vn -0 -0.202173 -0.97935
vn -0 -0.448345 -0.89386
vn 0.334457 -0.200033 -0.920937
vn 0.31254 -0.420421 -0.851801
vn 0.49349 -0.195602 -0.847471
vn 0.463434 -0.40015 -0.790638
vn -0.409555 -0.562745 -0.718041
vn -0.297496 -0.563755 -0.770504
vn -0.392994 -0.563579 -0.726591
vn -0.302167 -0.56044 -0.771105
vn -0 -0.574711 -0.818357
vn 0 -0.575664 -0.817686
vn 0.297496 -0.563755 -0.770504
vn 0.302167 -0.56044 -0.771105
vn 0.409554 -0.562745 -0.718041
vn 0.392994 -0.563579 -0.726591
vn -0.396913 -0.780423 -0.483115
vn -0.307354 -0.811684 -0.496691
vn -0.323251 -0.876154 -0.357579
vn -0.427382 -0.835556 -0.345241
vn -0 -0.854375 -0.519657
vn -1e-05 -0.929817 -0.368021
vn 0.307354 -0.811684 -0.496691
vn 0.323239 -0.876147 -0.357606
vn 0.396913 -0.780423 -0.483115
vn 0.427375 -0.835543 -0.345281
vn -0.443314 -0.886452 -0.132946
vn -0.328548 -0.936237 -0.124566
vn -1.9e-05 -0.992145 -0.125095
vn 0.328529 -0.936243 -0.124566
vn 0.443314 -0.886452 -0.132949
vn -0.322209 -0.939413 0.116976
vn -0.447556 -0.888571 0.100676
vn -1.1e-05 -0.993325 0.115346
vn 0.322199 -0.939413 0.117007
vn 0.447554 -0.888566 0.100725
vn -0.459633 -0.843034 0.27934
vn -0.305548 -0.909808 0.280873
vn 0 -0.958686 0.284468
vn 0.305548 -0.909808 0.280873
vn 0.459633 -0.843034 0.27934
vn 0.732289 -0.597161 -0.327339
vn 0.654627 -0.577211 -0.48815
vn 0.728955 -0.598637 -0.332052
vn 0.645382 -0.575215 -0.502603
vn 0.775922 -0.626591 -0.073002
vn 0.798014 -0.597691 -0.077065
vn 0.759257 -0.597837 0.257138
vn 0.811454 -0.52502 0.256702
vn 0.724376 -0.548085 0.418188
vn 0.770403 -0.432198 0.468705
vn 0.815968 -0.454412 -0.357359
vn 0.724941 -0.41 -0.553498
vn 0.794952 -0.196428 -0.573993
vn 0.902188 -0.191641 -0.386433
vn 0.889767 -0.452349 -0.060792
vn 0.985606 -0.16653 -0.02911
vn 0.878439 -0.360674 0.313463
vn 0.913654 -0.10933 0.391513
vn 0.80725 -0.280498 0.519296
vn 0.820231 -0.073201 0.56733
vn 0.931918 0.055123 -0.358456
vn 0.830519 0.07601 -0.551779
vn 0.795818 0.283157 -0.535253
vn 0.892362 0.290639 -0.345281
vn 0.999123 0.041605 -0.004718
vn 0.961202 0.275648 0.010437
vn 0.915959 0.024364 0.400532
vn 0.901643 0.22225 0.371006
vn 0.8257 0.012738 0.563966
vn 0.826361 0.176365 0.534811
vn 0.731333 0.452949 -0.509892
vn 0.84601 0.436926 -0.305552
vn 0.912975 0.407229 0.025318
vn 0.870911 0.350568 0.344407
vn 0.808009 0.305743 0.50363
vn -0.654627 -0.577211 -0.48815
vn -0.732284 -0.597179 -0.32732
vn -0.728947 -0.598651 -0.332043
vn -0.645382 -0.575215 -0.502603
vn -0.775905 -0.626611 -0.073012
vn -0.798 -0.59771 -0.077067
vn -0.759252 -0.597849 0.257126
vn -0.811449 -0.525033 0.256691
vn -0.724376 -0.548086 0.418188
vn -0.770403 -0.432198 0.468705
vn -0.724941 -0.41 -0.553498
vn -0.815965 -0.454419 -0.357356
vn -0.794952 -0.196427 -0.573993
vn -0.902188 -0.191641 -0.386433
vn -0.889762 -0.452359 -0.060792
vn -0.985607 -0.16653 -0.02911
vn -0.878437 -0.36068 0.313461
vn -0.913655 -0.10933 0.391513
vn -0.80725 -0.280498 0.519296
vn -0.820231 -0.073201 0.56733
vn -0.830519 0.07601 -0.551779
vn -0.931918 0.055123 -0.358456
vn -0.795818 0.283158 -0.535253
vn -0.892362 0.290639 -0.345281
vn -0.999123 0.041605 -0.004719
vn -0.961202 0.275648 0.010437
vn -0.915959 0.024364 0.400532
vn -0.901643 0.222251 0.371006
vn -0.8257 0.012738 0.563966
vn -0.826361 0.176365 0.534811
vn -0.731332 0.452949 -0.509892
vn -0.84601 0.436926 -0.305552
vn -0.912975 0.407229 0.025318
vn -0.870911 0.350568 0.344407
vn -0.808009 0.305743 0.50363
vn -0.362668 0.091946 0.927371
vn -0.173594 0.082293 0.981373
vn 0 -0.565403 0.824815
vn 0 -0.476216 0.879328
vn 0.173594 0.082293 0.981373
vn 0.362668 0.091946 0.927371
vn 0 0.168557 0.985692
vn 0 0.292914 0.956139
vn 0.163156 0.099145 0.981606
vn -0.163156 0.099145 0.981606
vn 0 -0.914357 0.404909
vn -0.317457 -0.859274 0.401085
vn 0.317457 -0.859274 0.401085
vn 0.128403 0.017408 0.991569
vn -0.128403 0.017408 0.991569
vn -0.564624 0.110495 0.817919
vn -0.910379 -0.108104 0.399403
vn -0.814179 -0.071109 0.576243
vn -0.985898 -0.166298 -0.018723
vn -0.905731 -0.192229 -0.377755
vn -0.805381 -0.197154 -0.55901
vn -0.482776 -0.195607 -0.853619
vn -0.334839 -0.199638 -0.920884
vn 0 -0.202252 -0.979333
vn 0.334839 -0.199638 -0.920884
vn 0.482776 -0.195607 -0.853619
vn 0.905731 -0.192229 -0.377756
vn 0.805381 -0.197154 -0.55901
vn 0.985898 -0.166298 -0.018723
vn 0.910379 -0.108104 0.399403
vn 0.814179 -0.071109 0.576243
vn 0.564624 0.110495 0.817919
vn 0.054935 -0.339249 0.939091
vn -0.054935 -0.339249 0.939091
vn 0 -0.342498 0.939519
vt 0.597364 0.109709
vt 0.615277 0.096462
vt 0.621552 0.110274
vt 0.59783 0.120269
vt 0.669573 0.131856
vt 0.661714 0.130508
vt 0.663631 0.128381
vt 0.665548 0.126253
vt 0.68971 0.125089
vt 0.69184 0.127003
vt 0.684197 0.129511
vt 0.687581 0.123175
vt 0.739722 0.093918
vt 0.756534 0.109052
vt 0.732695 0.106735
vt 0.755482 0.119413
vt 0.598529 0.13611
vt 0.630966 0.130992
vt 0.596861 0.144328
vt 0.631194 0.139721
vt 0.669287 0.135979
vt 0.684461 0.133779
vt 0.721271 0.127112
vt 0.753905 0.134956
vt 0.755249 0.14357
vt 0.721185 0.136504
vt 0.592971 0.163503
vt 0.631728 0.160089
vt 0.600481 0.195241
vt 0.636887 0.19544
vt 0.667664 0.159339
vt 0.670161 0.199447
vt 0.685954 0.157963
vt 0.720984 0.158418
vt 0.716485 0.196151
vt 0.68402 0.200467
vt 0.758385 0.163671
vt 0.750948 0.196695
vt 0.603486 0.22347
vt 0.632778 0.232436
vt 0.662611 0.243563
vt 0.720009 0.234516
vt 0.690212 0.24559
vt 0.74813 0.22545
vt 0.607804 0.267816
vt 0.581346 0.24167
vt 0.636439 0.28831
vt 0.715889 0.292606
vt 0.743448 0.270584
vt 0.768479 0.244047
vt 0.577255 0.293394
vt 0.54991 0.2601
vt 0.609627 0.3206
vt 0.745939 0.323252
vt 0.774273 0.294645
vt 0.798939 0.262201
vt 0.393606 0.097083
vt 0.420992 0.06402
vt 0.424575 0.115962
vt 0.448641 0.091619
vt 0.452562 0.035949
vt 0.480601 0.068615
vt 0.907637 0.039885
vt 0.937215 0.070063
vt 0.907735 0.095708
vt 0.877422 0.070562
vt 0.962271 0.104926
vt 0.930074 0.12164
vt 0.445856 0.127807
vt 0.468461 0.117925
vt 0.501921 0.103793
vt 0.886164 0.120594
vt 0.853741 0.104201
vt 0.908037 0.132002
vt 0.476811 0.148256
vt 0.444273 0.150597
vt 0.51334 0.142849
vt 0.839682 0.142389
vt 0.875759 0.150285
vt 0.908053 0.154844
vt 0.478555 0.183598
vt 0.442989 0.181739
vt 0.515911 0.185656
vt 0.834191 0.18492
vt 0.871602 0.185424
vt 0.907203 0.186005
vt 0.442292 0.202394
vt 0.47496 0.205642
vt 0.441993 0.211246
vt 0.473419 0.215089
vt 0.510306 0.214056
vt 0.507903 0.226227
vt 0.837837 0.213636
vt 0.873679 0.20766
vt 0.874569 0.21719
vt 0.8394 0.225943
vt 0.906485 0.206658
vt 0.906177 0.215509
vt 0.441785 0.22355
vt 0.467159 0.230989
vt 0.441647 0.231753
vt 0.462986 0.241589
vt 0.498582 0.246996
vt 0.492368 0.260842
vt 0.847276 0.247302
vt 0.879724 0.233479
vt 0.883161 0.244339
vt 0.852527 0.261541
vt 0.905541 0.227796
vt 0.905117 0.235988
vt 0.441089 0.267688
vt 0.420194 0.240152
vt 0.466799 0.292644
vt 0.875857 0.295016
vt 0.903214 0.271877
vt 0.925939 0.245835
vt 0.389235 0.259752
vt 0.413853 0.291943
vt 0.439534 0.318819
vt 0.901264 0.322997
vt 0.928723 0.297943
vt 0.955484 0.267518
vt 0.538324 0.095506
vt 0.55834 0.058526
vt 0.58982 0.07651
vt 0.572889 0.105102
vt 0.580435 0.027676
vt 0.610878 0.047861
vt 0.781598 0.029467
vt 0.800593 0.061064
vt 0.749366 0.04627
vt 0.767224 0.076755
vt 0.817836 0.098393
vt 0.781367 0.106215
vt 0.635541 0.07122
vt 0.722254 0.066751
vt 0.929938 0.235436
vt 0.962467 0.252614
vt 0.821319 0.11482
vt 0.78589 0.119239
vt 0.935936 0.219836
vt 0.937446 0.21104
vt 0.97294 0.23026
vt 0.97463 0.219865
vt 0.792674 0.138774
vt 0.826543 0.139461
vt 0.792942 0.14793
vt 0.826365 0.150184
vt 0.940969 0.190516
vt 0.938793 0.155558
vt 0.978572 0.19561
vt 0.977024 0.156244
vt 0.793568 0.169293
vt 0.82595 0.175206
vt 0.78796 0.202964
vt 0.817865 0.214
vt 0.416916 0.229501
vt 0.383288 0.244405
vt 0.533574 0.111765
vt 0.567545 0.118021
vt 0.411998 0.213526
vt 0.411094 0.204646
vt 0.374369 0.221385
vt 0.373395 0.210899
vt 0.526448 0.136154
vt 0.559529 0.1374
vt 0.558758 0.146496
vt 0.525854 0.14671
vt 0.408984 0.183928
vt 0.413551 0.149201
vt 0.371123 0.186432
vt 0.375368 0.147269
vt 0.524468 0.17134
vt 0.55696 0.16772
vt 0.561357 0.201013
vt 0.530151 0.210032
vt 0.631423 0.14845
vt 0.662141 0.147268
vt 0.709738 0.086786
vt 0.691366 0.144576
vt 0.721099 0.145896
vt 0.645934 0.090992
vt 0.685251 0.146582
vt 0.668428 0.148346
vt 0.684788 0.138167
vt 0.695424 0.134536
vt 0.668801 0.140253
vt 0.657998 0.138214
vt 0.661523 0.12065
vt 0.657689 0.124905
vt 0.690965 0.116839
vt 0.695224 0.120667
vt 0.699483 0.124495
vt 0.653855 0.12916
vt 0.595194 0.152545
vt 0.557988 0.155592
vt 0.52526 0.157265
vt 0.41019 0.195767
vt 0.372421 0.200413
vt 0.44259 0.193542
vt 0.476501 0.196194
vt 0.512708 0.201884
vt 0.872789 0.19813
vt 0.836275 0.201329
vt 0.906793 0.197807
vt 0.938956 0.202244
vt 0.976319 0.20947
vt 0.79321 0.157085
vt 0.826187 0.160908
vt 0.756593 0.152185
usemtl standardSurface10SG
f 25/45/18 26/46/19 27/47/20
f 25/45/18 27/47/20 28/48/21
f 29/49/22 30/50/23 31/51/24
f 29/49/22 31/51/24 32/52/25
f 33/53/26 34/54/27 29/55/22
f 33/53/26 29/55/22 32/56/25
f 35/57/28 36/58/29 37/59/30
f 36/58/29 38/60/31 37/59/30
f 39/61/32 40/62/33 41/63/34
f 40/62/33 42/64/35 41/63/34
f 43/65/36 30/50/23 29/49/22
f 29/55/22 34/54/27 43/66/36
f 44/67/37 45/68/38 46/69/39
f 44/67/37 46/69/39 47/70/40
f 48/71/41 49/72/42 50/73/43
f 49/72/42 51/74/44 50/73/43
f 49/72/42 52/75/45 51/74/44
f 52/75/45 53/76/46 51/74/44
f 52/77/45 54/78/47 55/79/48
f 52/77/45 55/79/48 53/80/46
f 54/78/47 56/81/49 57/82/50
f 54/78/47 57/82/50 55/79/48
f 50/73/43 51/74/44 58/83/51
f 51/74/44 59/84/52 58/83/51
f 51/74/44 53/76/46 59/84/52
f 53/76/46 60/85/53 59/84/52
f 53/80/46 55/79/48 61/86/54
f 53/80/46 61/86/54 60/87/53
f 55/79/48 57/82/50 62/88/55
f 55/79/48 62/88/55 61/86/54
f 58/83/56 59/84/57 63/89/58
f 58/83/56 63/89/58 64/90/59
f 59/84/57 60/85/60 65/91/61
f 59/84/57 65/91/61 63/89/58
f 60/87/60 61/86/62 65/92/61
f 61/86/62 66/93/63 65/92/61
f 61/86/62 62/88/64 66/93/63
f 62/88/64 67/94/65 66/93/63
f 64/90/59 63/89/58 68/95/66
f 64/90/59 68/95/66 69/96/67
f 63/89/58 65/91/61 70/97/68
f 63/89/58 70/97/68 68/95/66
f 65/92/61 66/93/63 70/98/68
f 66/93/63 71/99/69 70/98/68
f 66/93/63 67/94/65 71/99/69
f 67/94/65 72/100/70 71/99/69
f 69/101/67 68/102/66 73/103/71
f 68/102/66 74/104/72 73/103/71
f 68/102/66 70/105/68 74/104/72
f 70/105/68 75/106/73 74/104/72
f 70/107/68 71/108/69 76/109/74
f 70/107/68 76/109/74 75/110/73
f 71/108/69 72/111/70 77/112/75
f 71/108/69 77/112/75 76/109/74
f 73/103/71 74/104/72 78/113/76
f 74/104/72 79/114/77 78/113/76
f 74/104/72 75/106/73 79/114/77
f 75/106/73 80/115/78 79/114/77
f 75/110/73 76/109/74 81/116/79
f 75/110/73 81/116/79 80/117/78
f 76/109/74 77/112/75 82/118/80
f 76/109/74 82/118/80 81/116/79
f 78/113/81 79/114/82 83/119/83
f 78/113/81 83/119/83 84/120/84
f 79/114/82 80/115/85 85/121/86
f 79/114/82 85/121/86 83/119/83
f 80/117/85 81/116/87 85/122/86
f 81/116/87 86/123/88 85/122/86
f 81/116/87 82/118/89 86/123/88
f 82/118/89 87/124/90 86/123/88
f 84/120/84 83/119/83 88/125/91
f 84/120/84 88/125/91 89/126/92
f 83/119/83 85/121/86 90/127/93
f 83/119/83 90/127/93 88/125/91
f 85/122/86 86/123/88 90/128/93
f 86/123/88 91/129/94 90/128/93
f 86/123/88 87/124/90 91/129/94
f 87/124/90 92/130/95 91/129/94
f 93/131/96 94/132/97 95/133/98
f 94/132/97 96/134/99 95/133/98
f 94/132/97 97/135/100 96/134/99
f 97/135/100 98/136/101 96/134/99
f 97/137/100 99/138/102 100/139/103
f 97/137/100 100/139/103 98/140/101
f 99/138/102 101/141/104 102/142/105
f 99/138/102 102/142/105 100/139/103
f 103/143/106 104/144/107 105/145/108
f 104/144/107 106/146/109 105/145/108
f 104/144/107 107/147/110 106/146/109
f 107/147/110 108/148/111 106/146/109
f 107/149/110 109/150/112 110/151/113
f 107/149/110 110/151/113 108/152/111
f 109/150/112 111/153/114 112/154/115
f 109/150/112 112/154/115 110/151/113
f 105/145/116 106/146/117 113/155/118
f 105/145/116 113/155/118 114/156/119
f 106/146/117 108/148/120 115/157/121
f 106/146/117 115/157/121 113/155/118
f 108/152/120 110/151/122 115/158/121
f 110/151/122 116/159/123 115/158/121
f 110/151/122 112/154/124 116/159/123
f 112/154/124 117/160/125 116/159/123
f 114/156/119 113/155/118 118/161/126
f 113/155/118 119/162/127 118/161/126
f 113/155/118 115/157/121 120/163/128
f 113/155/118 120/163/128 119/162/127
f 115/158/121 116/159/123 120/164/128
f 116/159/123 121/165/129 120/164/128
f 116/159/123 117/160/125 122/166/130
f 116/159/123 122/166/130 121/165/129
f 118/167/126 119/168/127 123/169/131
f 118/167/126 123/169/131 124/170/132
f 119/168/127 120/171/128 125/172/133
f 119/168/127 125/172/133 123/169/131
f 120/173/128 121/174/129 125/175/133
f 121/174/129 126/176/134 125/175/133
f 121/174/129 122/177/130 126/176/134
f 122/177/130 127/178/135 126/176/134
f 124/170/132 123/169/131 25/45/136
f 123/169/131 26/46/137 25/45/136
f 123/169/131 125/172/133 26/46/137
f 125/172/133 128/179/138 26/46/137
f 125/175/133 126/176/134 35/57/139
f 125/175/133 35/57/139 128/180/138
f 126/176/134 127/178/135 36/58/140
f 126/176/134 36/58/140 35/57/139
f 117/160/141 112/154/142 129/181/143
f 112/154/142 111/153/144 129/181/143
f 122/166/145 117/160/141 130/182/146
f 117/160/141 129/181/143 130/182/146
f 127/178/147 122/177/145 130/183/146
f 127/178/147 130/183/146 131/184/148
f 36/58/149 127/178/147 131/184/148
f 36/58/149 131/184/148 38/60/150
f 132/185/151 102/142/152 101/141/153
f 132/185/151 101/141/153 133/186/154
f 134/187/155 132/185/151 135/188/156
f 132/185/151 133/186/154 135/188/156
f 136/189/157 134/190/155 137/191/158
f 134/190/155 135/192/156 137/191/158
f 45/68/159 136/189/157 46/69/160
f 136/189/157 137/191/158 46/69/160
f 138/193/161 92/130/162 87/124/163
f 138/193/161 87/124/163 139/194/164
f 140/195/165 138/193/161 141/196/166
f 138/193/161 139/194/164 141/196/166
f 142/197/167 140/198/165 143/199/168
f 140/198/165 141/200/166 143/199/168
f 56/81/169 142/197/167 57/82/170
f 142/197/167 143/199/168 57/82/170
f 139/194/164 87/124/163 82/118/171
f 139/194/164 82/118/171 77/112/172
f 141/196/166 139/194/164 77/112/172
f 141/196/166 77/112/172 72/111/173
f 143/199/168 141/200/166 72/100/173
f 143/199/168 72/100/173 67/94/174
f 57/82/170 143/199/168 62/88/175
f 143/199/168 67/94/174 62/88/175
f 105/145/176 114/156/177 144/201/178
f 105/145/176 144/201/178 103/143/179
f 114/156/177 118/161/180 145/202/181
f 114/156/177 145/202/181 144/201/178
f 118/167/180 124/170/182 145/203/181
f 124/170/182 146/204/183 145/203/181
f 124/170/182 25/45/184 146/204/183
f 25/45/184 28/48/185 146/204/183
f 95/133/186 147/205/187 93/131/188
f 147/205/187 148/206/189 93/131/188
f 147/205/187 149/207/190 150/208/191
f 147/205/187 150/208/191 148/206/189
f 149/209/190 151/210/192 152/211/193
f 149/209/190 152/211/193 150/212/191
f 151/210/192 39/61/194 41/63/195
f 151/210/192 41/63/195 152/211/193
f 89/126/196 153/213/197 84/120/198
f 153/213/197 154/214/199 84/120/198
f 153/213/197 155/215/200 156/216/201
f 153/213/197 156/216/201 154/214/199
f 155/217/200 157/218/202 158/219/203
f 155/217/200 158/219/203 156/220/201
f 157/218/202 48/71/204 50/73/205
f 157/218/202 50/73/205 158/219/203
f 84/120/198 154/214/199 78/113/206
f 154/214/199 73/103/207 78/113/206
f 154/214/199 156/216/201 73/103/207
f 156/216/201 69/101/208 73/103/207
f 156/220/201 158/219/203 69/96/208
f 158/219/203 64/90/209 69/96/208
f 158/219/203 50/73/205 58/83/210
f 158/219/203 58/83/210 64/90/209
f 159/221/211 160/222/212 49/72/42
f 160/222/212 52/75/45 49/72/42
f 128/180/213 35/57/28 161/223/214
f 35/57/28 37/59/30 161/223/214
f 162/224/215 163/225/216 54/78/47
f 162/224/215 54/78/47 52/77/45
f 26/46/19 128/179/213 161/226/214
f 26/46/19 161/226/214 27/47/20
f 164/227/217 162/224/215 52/77/45
f 52/75/45 160/222/212 164/228/217
f 165/229/218 166/230/219 162/224/215
f 165/229/218 162/224/215 164/227/217
f 164/228/217 160/222/212 165/231/218
f 160/222/212 167/232/220 165/231/218
f 32/52/25 31/51/24 168/233/221
f 31/51/24 169/234/222 168/233/221
f 168/235/221 170/236/223 33/53/26
f 168/235/221 33/53/26 32/56/25
f 34/54/27 33/53/26 171/237/224
f 33/53/26 170/236/223 171/237/224
f 43/66/36 34/54/27 165/229/218
f 165/231/218 30/50/23 43/65/36
f 172/238/225 169/234/222 31/51/24
f 172/238/225 31/51/24 30/50/23
f 166/230/219 165/229/218 171/237/224
f 165/229/218 34/54/27 171/237/224
f 30/50/23 165/231/218 172/238/225
f 165/231/218 167/232/220 172/238/225
f 173/239/226 159/221/211 48/71/41
f 159/221/211 49/72/42 48/71/41
f 174/240/227 173/239/228 48/71/204
f 174/240/227 48/71/204 157/218/202
f 175/241/229 174/240/227 157/218/202
f 175/241/229 157/218/202 155/217/200
f 176/242/230 175/243/229 155/215/200
f 176/242/230 155/215/200 153/213/197
f 177/244/231 176/242/230 89/126/196
f 176/242/230 153/213/197 89/126/196
f 89/126/92 88/125/91 177/244/232
f 88/125/91 178/245/233 177/244/232
f 88/125/91 90/127/93 178/245/233
f 90/127/93 179/246/234 178/245/233
f 90/128/93 91/129/94 180/247/235
f 90/128/93 180/247/235 179/248/234
f 91/129/94 92/130/95 181/249/236
f 91/129/94 181/249/236 180/247/235
f 182/250/237 181/249/238 92/130/162
f 182/250/237 92/130/162 138/193/161
f 183/251/239 182/250/237 140/195/165
f 182/250/237 138/193/161 140/195/165
f 184/252/240 183/253/239 142/197/167
f 183/253/239 140/198/165 142/197/167
f 185/254/241 184/252/240 56/81/169
f 184/252/240 142/197/167 56/81/169
f 163/225/216 185/254/242 56/81/49
f 163/225/216 56/81/49 54/78/47
f 41/63/34 42/64/35 173/239/226
f 42/64/35 159/221/211 173/239/226
f 152/211/193 41/63/195 173/239/228
f 152/211/193 173/239/228 174/240/227
f 150/212/191 152/211/193 174/240/227
f 150/212/191 174/240/227 175/241/229
f 148/206/189 150/208/191 175/243/229
f 148/206/189 175/243/229 176/242/230
f 93/131/188 148/206/189 177/244/231
f 148/206/189 176/242/230 177/244/231
f 177/244/232 178/245/233 93/131/96
f 178/245/233 94/132/97 93/131/96
f 178/245/233 179/246/234 94/132/97
f 179/246/234 97/135/100 94/132/97
f 179/248/234 180/247/235 99/138/102
f 179/248/234 99/138/102 97/137/100
f 180/247/235 181/249/236 101/141/104
f 180/247/235 101/141/104 99/138/102
f 133/186/154 101/141/153 181/249/238
f 133/186/154 181/249/238 182/250/237
f 135/188/156 133/186/154 183/251/239
f 133/186/154 182/250/237 183/251/239
f 137/191/158 135/192/156 184/252/240
f 135/192/156 183/253/239 184/252/240
f 46/69/160 137/191/158 185/254/241
f 137/191/158 184/252/240 185/254/241
f 47/70/40 46/69/39 185/254/242
f 47/70/40 185/254/242 163/225/216
f 172/238/225 167/232/220 42/64/35
f 172/238/225 42/64/35 40/62/33
f 42/64/35 167/232/220 160/222/212
f 42/64/35 160/222/212 159/221/211
f 166/230/219 47/70/40 162/224/215
f 47/70/40 163/225/216 162/224/215
f 171/237/224 44/67/37 47/70/40
f 171/237/224 47/70/40 166/230/219
f 28/48/21 27/47/20 40/62/33
f 28/48/21 40/62/33 39/61/32
f 146/204/183 28/48/185 151/210/192
f 28/48/185 39/61/194 151/210/192
f 145/203/181 146/204/183 149/209/190
f 146/204/183 151/210/192 149/209/190
f 144/201/178 145/202/181 149/207/190
f 144/201/178 149/207/190 147/205/187
f 103/143/179 144/201/178 147/205/187
f 103/143/179 147/205/187 95/133/186
f 95/133/98 96/134/99 103/143/106
f 96/134/99 104/144/107 103/143/106
f 96/134/99 98/136/101 104/144/107
f 98/136/101 107/147/110 104/144/107
f 98/140/101 100/139/103 109/150/112
f 98/140/101 109/150/112 107/149/110
f 100/139/103 102/142/105 111/153/114
f 100/139/103 111/153/114 109/150/112
f 129/181/143 111/153/144 132/185/151
f 111/153/144 102/142/152 132/185/151
f 130/182/146 129/181/143 134/187/155
f 129/181/143 132/185/151 134/187/155
f 131/184/148 130/183/146 134/190/155
f 131/184/148 134/190/155 136/189/157
f 38/60/150 131/184/148 136/189/157
f 38/60/150 136/189/157 45/68/159
f 37/59/30 38/60/31 44/67/37
f 38/60/31 45/68/38 44/67/37
f 170/236/243 44/67/37 171/237/224
f 40/62/33 27/47/20 161/226/214
f 169/234/244 40/62/33 161/226/214
f 168/233/245 169/234/244 161/226/214
f 40/62/33 169/234/244 172/238/225
f 168/235/245 161/223/214 37/59/30
f 170/236/243 168/235/245 37/59/30
f 44/67/37 170/236/243 37/59/30
s off
g Head_uv_standardSurface10SG_1
v -1.96231 10.0375 1.44449
v -1.12051 10.681 1.55503
v -1.25066 11.0895 0.479166
v -2.26655 10.4613 0.471285
v 0 10.9059 1.60173
v 0 11.5101 0.490707
v 1.12051 10.681 1.55503
v 1.25066 11.0895 0.479166
v 1.96231 10.0375 1.44449
v 2.26655 10.4613 0.471285
v -1.26719 11.2164 -0.703166
v -2.26881 10.5328 -0.63763
v 0 11.6882 -0.735507
v 1.26719 11.2164 -0.703166
v 2.26881 10.5328 -0.63763
v -1.17248 11.0478 -1.50479
v -1.98838 10.3143 -1.48366
v 0 11.5468 -1.56744
v 1.17247 11.0478 -1.50479
v 1.98838 10.3143 -1.48366
v -2.44442 9.48017 1.40861
v -2.87993 9.75724 0.484209
v 2.44442 9.48017 1.40861
v 2.87993 9.75724 0.484209
v -2.84727 9.76385 -0.632786
v 2.84727 9.76386 -0.632785
v -2.54804 9.46792 -1.50103
v 2.54804 9.46792 -1.50103
v -1.59032 9.66629 2.24864
v -0.868487 10.0331 2.48716
v 0 10.1887 2.57555
v 0.868487 10.0331 2.48716
v 1.59032 9.66629 2.24864
v -2.11909 9.23308 1.97483
v 2.11909 9.23308 1.97483
v -3.19251 8.94742 0.449919
v -2.68592 8.61242 1.26713
v 3.19251 8.94742 0.449919
v 2.68592 8.61242 1.26713
v -3.14945 8.83715 -0.63181
v 3.14945 8.83715 -0.63181
v -2.78139 8.67306 -1.55562
v 2.78139 8.67306 -1.55562
v -3.01117 8.17133 0.375181
v -3.00003 7.81052 -0.563051
v 3.01117 8.17133 0.375181
v 3.00003 7.81052 -0.563051
v -2.52751 7.33629 -1.58517
v 2.52751 7.33629 -1.58517
v -1.60689 9.77454 -2.12426
v -0.862698 10.6118 -2.00473
v 0 11.172 -2.02031
v 0.862699 10.6118 -2.00473
v 1.60689 9.77454 -2.12426
v -1.67809 8.78903 -2.52977
v 1.67809 8.78903 -2.52977
v -1.82458 7.99359 -2.53789
v 1.82458 7.99359 -2.53789
v -1.89256 6.90453 -2.13958
v 1.89256 6.90453 -2.13958
v -1.17427 7.88468 -2.75293
v -0.697382 7.19547 -2.915
v 1.17427 7.88468 -2.75293
v 0.697382 7.19547 -2.915
v -0.92996 6.50438 -2.50842
v 0.92996 6.50438 -2.50842
v -0.076959 6.9417 -2.95158
v -0.195875 6.36654 -2.62203
v 0.076959 6.9417 -2.95158
v 0.195875 6.36654 -2.62203
v -1.90139 9.97547 1.39347
v -2.19943 10.3873 0.445363
v -1.20733 11.0008 0.452148
v -1.08137 10.6022 1.50344
v 0 11.4061 0.468864
v 0 10.8142 1.55431
v 1.08137 10.6022 1.50344
v 1.20733 11.0008 0.452148
v 1.90139 9.97547 1.39347
v 2.19943 10.3873 0.445363
v -2.19768 10.4595 -0.620711
v -1.21887 11.1262 -0.695193
v 0 11.5802 -0.726393
v 1.21887 11.1262 -0.695193
v 2.19768 10.4595 -0.620711
v -1.92448 10.2571 -1.42628
v -1.12359 10.9713 -1.45333
v 0 11.4482 -1.51349
v 1.12359 10.9713 -1.45333
v 1.92448 10.2571 -1.42628
v -2.36663 9.44289 1.35398
v -2.79015 9.70819 0.457454
v 2.79015 9.70819 0.457454
v 2.36663 9.44289 1.35398
v -2.75828 9.71646 -0.610187
v 2.75828 9.71646 -0.610187
v -2.47234 9.43189 -1.44174
v 2.47234 9.43189 -1.44174
v -0.830941 9.95962 2.4275
v -1.53006 9.60932 2.19199
v 0 10.1071 2.51452
v 0.830941 9.95962 2.4275
v 1.53006 9.60932 2.19199
v -2.04153 9.19975 1.91755
v 2.04153 9.19975 1.91755
v -2.57029 8.60282 1.26213
v -3.08877 8.94372 0.423325
v 3.08877 8.94372 0.423325
v 2.57029 8.60282 1.26213
v -3.04696 8.82955 -0.610458
v 3.04696 8.82955 -0.610458
v -2.69471 8.66895 -1.49808
v 2.69471 8.66895 -1.49808
v -2.91398 8.19359 0.351363
v -2.90131 7.82829 -0.546084
v 2.90131 7.82829 -0.546084
v 2.91398 8.19359 0.351363
v -2.4415 7.35277 -1.53356
v 2.4415 7.35277 -1.53356
v -1.55325 9.73018 -2.05184
v -0.820695 10.5534 -1.93468
v 0 11.0972 -1.94325
v 0.820695 10.5534 -1.93468
v 1.55325 9.73018 -2.05184
v -1.63124 8.76594 -2.44072
v 1.63124 8.76594 -2.44072
v -1.76576 7.99966 -2.45234
v 1.76576 7.99966 -2.45234
v -1.83019 6.9279 -2.06284
v 1.83019 6.9279 -2.06284
v -0.670373 7.2167 -2.81762
v -1.14365 7.88054 -2.65783
v 1.14365 7.88054 -2.65783
v 0.670373 7.2167 -2.81762
v -0.89464 6.54213 -2.42161
v 0.89464 6.54213 -2.42161
v -0.184513 6.41416 -2.53406
v -0.065597 6.98932 -2.86361
v 0.065597 6.98932 -2.86361
v 0.184513 6.41416 -2.53406
vn -0.532256 0.739012 0.412995
vn -0.384393 0.821313 0.421529
vn -0.412148 0.874765 0.254795
vn -0.545628 0.801262 0.245497
vn 0 0.901539 0.432698
vn 0 0.963401 0.268065
vn 0.384393 0.821313 0.421529
vn 0.412148 0.874765 0.254795
vn 0.532256 0.739012 0.412995
vn 0.545628 0.801262 0.245497
vn -0.456103 0.888838 -0.044009
vn -0.573156 0.816037 -0.074674
vn 0 0.999959 -0.009038
vn 0.456103 0.888838 -0.044009
vn 0.573155 0.816037 -0.074673
vn -0.482523 0.838746 -0.252342
vn -0.593791 0.74264 -0.309673
vn -0 0.977995 -0.208626
vn 0.482523 0.838746 -0.252342
vn 0.593791 0.74264 -0.309674
vn -0.669599 0.572934 0.472634
vn -0.6696 0.572934 0.472634
vn 0.669599 0.572934 0.472634
vn -0.777273 0.629059 0.01146
vn 0.777273 0.629059 0.011461
vn -0.744131 0.527484 -0.409914
vn 0.744132 0.527484 -0.409914
vn -0.533637 0.631539 0.562486
vn -0.190298 0.78603 0.588169
vn 0.190298 0.78603 0.588169
vn 0.533637 0.631538 0.562486
vn -0.660599 0.498699 0.561167
vn 0.660599 0.498699 0.561167
vn -0.824452 0.217568 0.522439
vn 0.824452 0.217568 0.522439
vn -0.941285 0.334158 -0.048173
vn 0.941285 0.334158 -0.048173
vn -0.872503 0.283801 -0.397737
vn -0.872504 0.283801 -0.397737
vn 0.872504 0.283801 -0.397737
vn -0.98345 -0.180498 0.015703
vn 0.98345 -0.180498 0.015702
vn -0.92406 -0.163417 -0.345555
vn 0.92406 -0.163417 -0.345554
vn -0.468629 0.510616 -0.720873
vn -0.468629 0.510616 -0.720874
vn -0.36301 0.648051 -0.669518
vn 0.36301 0.648051 -0.669517
vn 0.468629 0.510616 -0.720873
vn 0.468629 0.510615 -0.720873
vn -0.593731 0.369482 -0.71482
vn -0.593731 0.369481 -0.71482
vn 0.593731 0.369482 -0.71482
vn -0.661196 0.186576 -0.726642
vn 0.661196 0.186576 -0.726642
vn -0.740282 -0.15613 -0.653915
vn 0.740282 -0.15613 -0.653916
vn -0.307577 0.040523 -0.95066
vn 0.307577 0.040523 -0.95066
vn -0.467643 -0.2974 -0.832384
vn 0.467643 -0.2974 -0.832384
vn -0.224219 -0.442523 -0.868274
vn 0.22422 -0.442523 -0.868274
vn -1e-06 -0.497142 -0.867669
vn -0.865849 -0.24436 0.436571
vn -0.865849 -0.24436 0.43657
vn 0.865849 -0.24436 0.43657
vn -0.829899 0.143046 0.539264
vn 0.829899 0.143046 0.539264
vn 0.532451 -0.739151 -0.412495
vn 0.545276 -0.801232 -0.246375
vn 0.412509 -0.874488 -0.255159
vn 0.384679 -0.821236 -0.421418
vn 0 -0.963026 -0.269409
vn 0 -0.901434 -0.432916
vn -0.384679 -0.821236 -0.421418
vn -0.41251 -0.874488 -0.255159
vn -0.532451 -0.739151 -0.412495
vn -0.545276 -0.801232 -0.246375
vn 0.57214 -0.817087 0.070888
vn 0.456329 -0.888818 0.042033
vn 0 -0.999987 0.005121
vn -0.456329 -0.888818 0.042033
vn -0.57214 -0.817086 0.070888
vn 0.593845 -0.742613 0.309634
vn 0.482805 -0.838888 0.25133
vn 0 -0.978526 0.206122
vn -0.482805 -0.838888 0.25133
vn -0.593845 -0.742613 0.309634
vn 0.669759 -0.573004 -0.472323
vn -0.669759 -0.573004 -0.472323
vn 0.777094 -0.62928 -0.011498
vn -0.777094 -0.62928 -0.011498
vn 0.743893 -0.527083 0.410861
vn -0.743893 -0.527083 0.410861
vn -0.743893 -0.527083 0.410862
vn 0.533946 -0.631329 -0.562428
vn 0.190171 -0.785995 -0.588257
vn -0.190171 -0.785995 -0.588257
vn -0.533946 -0.631329 -0.562428
vn 0.661043 -0.498389 -0.560919
vn -0.661043 -0.498389 -0.560919
vn 0.824165 -0.216917 -0.523163
vn -0.824165 -0.216917 -0.523163
vn 0.940686 -0.335591 0.049895
vn -0.940686 -0.335591 0.049895
vn 0.872595 -0.28393 0.397443
vn -0.872595 -0.28393 0.397443
vn 0.983516 0.180024 -0.016953
vn -0.983516 0.180024 -0.016953
vn 0.924319 0.163388 0.344876
vn -0.924319 0.163388 0.344876
vn 0.469008 -0.510072 0.721012
vn 0.36413 -0.648566 0.66841
vn -0.36413 -0.648566 0.66841
vn -0.469008 -0.510072 0.721012
vn 0.594177 -0.36927 0.714558
vn -0.594177 -0.36927 0.714558
vn 0.661138 -0.186592 0.726691
vn -0.661138 -0.186592 0.726691
vn -0.661139 -0.186592 0.726691
vn 0.740356 0.155486 0.653985
vn 0.740356 0.155486 0.653986
vn -0.740356 0.155486 0.653985
vn -0.740356 0.155486 0.653986
vn 0.306203 -0.041466 0.951063
vn -0.306203 -0.041466 0.951063
vn 0.467745 0.297106 0.832431
vn -0.467745 0.297106 0.832431
vn 0.224218 0.442522 0.868274
vn -0.224218 0.442522 0.868274
vn 0 0.497142 0.867669
vn 0.866151 0.243687 -0.436347
vn -0.866151 0.243687 -0.436347
vn 0.829652 -0.142103 -0.539894
vn -0.829652 -0.142103 -0.539894
vn 0.114728 -0.654789 0.747053
vn 0.04684 -0.624078 0.779957
vn 0.043942 -0.622042 0.78175
vn 0.103717 -0.650932 0.752018
vn -0 -0.610208 0.792241
vn -0 -0.610209 0.792241
vn -0.04684 -0.624078 0.779957
vn -0.043942 -0.622042 0.78175
vn -0.114728 -0.654789 0.747054
vn -0.103717 -0.650931 0.752018
vn 0.082181 -0.731457 0.676917
vn 0.095864 -0.72138 0.685872
vn -0.082173 -0.731454 0.676921
vn -0.095857 -0.721378 0.685875
vn 0.099612 -0.911109 0.399947
vn 0.151438 -0.913342 0.377986
vn 0.149759 -0.913402 0.378508
vn 0.087649 -0.910501 0.404111
vn -0.151432 -0.913342 0.377988
vn -0.099612 -0.911109 0.399947
vn -0.149754 -0.913402 0.378511
vn -0.087649 -0.910501 0.404112
vn -0.06654 -0.890598 0.449897
vn -0.083964 -0.886961 0.454149
vn 0.06654 -0.890598 0.449897
vn 0.083964 -0.88696 0.454149
vn 0.508816 -0.510658 -0.693062
vn 0.583692 -0.42008 -0.694864
vn 0.491444 -0.529593 -0.691386
vn 0.397515 -0.620893 -0.675628
vn -0.508815 -0.510657 -0.693064
vn -0.397513 -0.620892 -0.67563
vn -0.491442 -0.529592 -0.691388
vn -0.583691 -0.420079 -0.694866
vn 0.865317 0.130917 -0.483825
vn 0.861307 0.332007 -0.384605
vn 0.861698 0.329031 -0.386283
vn -0.861308 0.332007 -0.384604
vn -0.865318 0.130916 -0.483824
vn -0.861699 0.329031 -0.386282
vn -0.186201 -0.868838 0.458748
vn -0.187389 -0.870068 0.455924
vn 0.1862 -0.868838 0.458748
vn 0.187388 -0.870068 0.455924
vn 0.788961 0.551083 -0.27175
vn 0.787039 0.553627 -0.272152
vn 0.753589 0.595442 -0.278482
vn -0.753589 0.595442 -0.278481
vn -0.788961 0.551083 -0.27175
vn -0.787039 0.553627 -0.272152
vn -0.154938 -0.880299 0.448406
vn -0.148295 -0.880956 0.44936
vn 0.154938 -0.880299 0.448406
vn 0.148295 -0.880956 0.44936
vn 0.31432 0.866821 -0.387072
vn 0.263141 0.875552 -0.405174
vn 0.257935 0.876286 -0.406931
vn -0.061428 -0.883976 0.463479
vn -0.059377 -0.88388 0.463929
vn 0.061428 -0.883977 0.463478
vn 0.059377 -0.883881 0.463928
vn -0.26314 0.875552 -0.405174
vn -0.314319 0.866821 -0.387073
vn -0.257934 0.876286 -0.406932
vn 0.069022 -0.834956 0.545971
vn 0.080713 -0.861348 0.501562
vn -0.06901 -0.834952 0.545978
vn -0.080703 -0.861348 0.501565
vt 0.563755 0.649653
vt 0.52598 0.650087
vt 0.523224 0.610036
vt 0.565315 0.611138
vt 0.485522 0.657375
vt 0.476533 0.611218
vt 0.969805 0.651851
vt 0.929349 0.644552
vt 0.978807 0.605697
vt 0.932116 0.604501
vt 0.891574 0.644108
vt 0.890025 0.605592
vt 0.52314 0.568594
vt 0.565103 0.572611
vt 0.475791 0.565395
vt 0.979562 0.559874
vt 0.932212 0.56306
vt 0.890248 0.567065
vt 0.524838 0.539966
vt 0.56366 0.540346
vt 0.480317 0.534783
vt 0.930522 0.534431
vt 0.975044 0.529261
vt 0.8917 0.5348
vt 0.589532 0.652888
vt 0.597937 0.614819
vt 0.865796 0.647335
vt 0.857402 0.609263
vt 0.599054 0.573347
vt 0.856297 0.567791
vt 0.598763 0.538146
vt 0.856598 0.532591
vt 0.558219 0.683025
vt 0.529221 0.690192
vt 0.499966 0.699784
vt 0.926097 0.684656
vt 0.955348 0.694256
vt 0.8971 0.677481
vt 0.583885 0.67787
vt 0.871436 0.672319
vt 0.640038 0.408196
vt 0.610779 0.436738
vt 0.593734 0.412724
vt 0.61596 0.38606
vt 0.840337 0.432642
vt 0.811067 0.404111
vt 0.857374 0.408622
vt 0.835138 0.381966
vt 0.57238 0.457415
vt 0.558794 0.425627
vt 0.878743 0.453305
vt 0.892318 0.421513
vt 0.534967 0.462307
vt 0.525049 0.434131
vt 0.916158 0.458184
vt 0.926066 0.430005
vt 0.579662 0.38853
vt 0.545111 0.391749
vt 0.871437 0.384423
vt 0.905989 0.38763
vt 0.502666 0.391838
vt 0.948434 0.387704
vt 0.568219 0.507927
vt 0.525761 0.514252
vt 0.487922 0.514646
vt 0.967445 0.509121
vt 0.929607 0.508717
vt 0.88715 0.502379
vt 0.599072 0.485485
vt 0.856303 0.479929
vt 0.47869 0.457492
vt 0.470833 0.428619
vt 0.972433 0.453349
vt 0.98028 0.424473
vt 0.470267 0.385691
vt 0.98083 0.381544
vt 0.802247 0.556781
vt 0.808543 0.584753
vt 0.778106 0.562303
vt 0.752023 0.546158
vt 0.641769 0.586084
vt 0.64765 0.558025
vt 0.671871 0.563178
vt 0.697723 0.546631
vt 0.794999 0.516474
vt 0.756505 0.516834
vt 0.654287 0.517647
vt 0.692765 0.517438
vt 0.727743 0.54076
vt 0.731058 0.516562
vt 0.721966 0.540768
vt 0.718141 0.516721
vt 0.654042 0.386906
vt 0.797056 0.382825
vt 0.638688 0.849122
vt 0.635023 0.812141
vt 0.67428 0.805129
vt 0.675845 0.845582
vt 0.718569 0.798416
vt 0.71542 0.846515
vt 0.746568 0.844176
vt 0.743326 0.796082
vt 0.786141 0.843166
vt 0.787627 0.80271
vt 0.823305 0.846634
vt 0.826898 0.809646
vt 0.629095 0.776273
vt 0.66727 0.764437
vt 0.710701 0.752036
vt 0.751104 0.749688
vt 0.794559 0.762004
vt 0.832756 0.773766
vt 0.622855 0.746639
vt 0.659448 0.737827
vt 0.69962 0.723604
vt 0.76213 0.721234
vt 0.802329 0.735379
vt 0.83894 0.74412
vt 0.612946 0.852421
vt 0.605626 0.818304
vt 0.856307 0.815752
vt 0.849053 0.849883
vt 0.598844 0.783134
vt 0.863021 0.780569
vt 0.589016 0.753579
vt 0.872791 0.750995
vt 0.676389 0.886246
vt 0.645513 0.881957
vt 0.706997 0.889881
vt 0.785676 0.88383
vt 0.755074 0.887525
vt 0.816543 0.879483
vt 0.618127 0.876553
vt 0.843919 0.874025
vt 0.580854 0.859238
vt 0.578316 0.822987
vt 0.883626 0.820382
vt 0.881158 0.856638
vt 0.567733 0.788928
vt 0.894143 0.786302
vt 0.561251 0.756281
vt 0.900562 0.753643
vt 0.551593 0.827702
vt 0.53284 0.793432
vt 0.929045 0.790739
vt 0.910358 0.825045
vt 0.515248 0.751295
vt 0.946555 0.748568
vt 0.608413 0.718046
vt 0.652145 0.713637
vt 0.687928 0.706325
vt 0.773788 0.703933
vt 0.809585 0.711175
vt 0.853326 0.7155
vt 0.569601 0.706538
vt 0.892116 0.703916
vt 0.540163 0.70922
vt 0.921558 0.706541
vt 0.500358 0.721957
vt 0.961388 0.719202
vt 0.65424 0.658671
vt 0.699819 0.639306
vt 0.677876 0.659008
vt 0.653315 0.686275
vt 0.795205 0.686266
vt 0.770641 0.659002
vt 0.794276 0.658662
vt 0.748696 0.639303
vt 0.654329 0.618129
vt 0.691866 0.611538
vt 0.756644 0.611533
vt 0.794183 0.61812
vt 0.717706 0.609465
vt 0.721928 0.632995
vt 0.726585 0.632995
vt 0.730805 0.609464
vt 0.558918 0.686486
vt 0.53026 0.693584
vt 0.501931 0.702909
vt 0.953382 0.69738
vt 0.925056 0.688048
vt 0.896401 0.680941
vt 0.583945 0.68153
vt 0.871375 0.675978
vt 0.545096 0.388189
vt 0.579449 0.384967
vt 0.871648 0.38086
vt 0.906003 0.38407
vt 0.503083 0.388272
vt 0.948015 0.384138
vt 0.525541 0.510706
vt 0.566818 0.50458
vt 0.489448 0.511123
vt 0.929827 0.505171
vt 0.965921 0.505598
vt 0.888552 0.499033
vt 0.596597 0.482841
vt 0.858779 0.477286
vt 0.471546 0.382256
vt 0.979551 0.378111
vt 0.805766 0.587141
vt 0.776106 0.565246
vt 0.750768 0.549614
vt 0.699026 0.550068
vt 0.673914 0.566092
vt 0.644581 0.588431
vt 0.756461 0.513294
vt 0.79418 0.512938
vt 0.655049 0.514099
vt 0.692746 0.513898
vt 0.72736 0.544315
vt 0.731093 0.51298
vt 0.718023 0.513175
vt 0.72238 0.544326
vt 0.617137 0.382233
vt 0.83396 0.378139
vt 0.653372 0.383284
vt 0.797725 0.379204
usemtl standardSurface10SG
f 186/255/246 187/256/247 188/257/248
f 186/255/246 188/257/248 189/258/249
f 187/256/247 190/259/250 191/260/251
f 187/256/247 191/260/251 188/257/248
f 190/261/250 192/262/252 191/263/251
f 192/262/252 193/264/253 191/263/251
f 192/262/252 194/265/254 193/264/253
f 194/265/254 195/266/255 193/264/253
f 189/258/249 188/257/248 196/267/256
f 189/258/249 196/267/256 197/268/257
f 188/257/248 191/260/251 198/269/258
f 188/257/248 198/269/258 196/267/256
f 191/263/251 193/264/253 198/270/258
f 193/264/253 199/271/259 198/270/258
f 193/264/253 195/266/255 199/271/259
f 195/266/255 200/272/260 199/271/259
f 197/268/257 196/267/256 201/273/261
f 197/268/257 201/273/261 202/274/262
f 196/267/256 198/269/258 201/273/261
f 198/269/258 203/275/263 201/273/261
f 198/270/258 199/271/259 204/276/264
f 198/270/258 204/276/264 203/277/263
f 199/271/259 200/272/260 204/276/264
f 200/272/260 205/278/265 204/276/264
f 186/255/266 189/258/267 206/279/267
f 189/258/267 207/280/267 206/279/267
f 195/266/268 194/265/268 208/281/268
f 195/266/268 208/281/268 209/282/268
f 189/258/269 197/268/269 210/283/269
f 189/258/269 210/283/269 207/280/269
f 200/272/270 195/266/270 211/284/270
f 195/266/270 209/282/270 211/284/270
f 197/268/271 202/274/271 212/285/271
f 197/268/271 212/285/271 210/283/271
f 205/278/272 200/272/272 213/286/272
f 200/272/272 211/284/272 213/286/272
f 187/256/273 186/255/273 214/287/273
f 187/256/273 214/287/273 215/288/273
f 190/259/274 187/256/274 215/288/274
f 190/259/274 215/288/274 216/289/274
f 192/262/275 190/261/275 217/290/275
f 190/261/275 216/291/275 217/290/275
f 194/265/276 192/262/276 218/292/276
f 192/262/276 217/290/276 218/292/276
f 186/255/277 206/279/277 219/293/277
f 186/255/277 219/293/277 214/287/277
f 208/281/278 194/265/278 220/294/278
f 194/265/278 218/292/278 220/294/278
f 206/295/279 207/296/279 221/297/279
f 206/295/279 221/297/279 222/298/279
f 209/299/280 208/300/280 223/301/280
f 208/300/280 224/302/280 223/301/280
f 207/296/281 210/303/281 221/297/281
f 210/303/281 225/304/281 221/297/281
f 211/305/282 209/299/282 223/301/282
f 211/305/282 223/301/282 226/306/282
f 210/303/283 212/307/284 225/304/284
f 212/307/284 227/308/283 225/304/284
f 213/309/285 211/305/285 226/306/285
f 213/309/285 226/306/285 228/310/285
f 221/297/286 225/304/286 229/311/286
f 225/304/286 230/312/286 229/311/286
f 226/306/287 223/301/287 231/313/287
f 226/306/287 231/313/287 232/314/287
f 225/304/288 227/308/288 233/315/288
f 225/304/288 233/315/288 230/312/288
f 228/310/289 226/306/289 234/316/289
f 226/306/289 232/314/289 234/316/289
f 202/274/290 201/273/291 235/317/290
f 201/273/291 236/318/291 235/317/290
f 201/273/292 203/275/292 237/319/292
f 201/273/292 237/319/292 236/318/292
f 203/277/293 204/276/293 237/320/293
f 204/276/293 238/321/293 237/320/293
f 204/276/294 205/278/295 239/322/294
f 204/276/294 239/322/294 238/321/294
f 212/285/296 202/274/297 235/317/297
f 212/285/296 235/317/297 240/323/297
f 205/278/298 213/286/298 239/322/298
f 213/286/298 241/324/298 239/322/298
f 227/308/299 212/307/299 240/325/299
f 227/308/299 240/325/299 242/326/299
f 213/309/300 228/310/300 241/327/300
f 228/310/300 243/328/300 241/327/300
f 233/315/301 227/308/301 242/326/301
f 233/315/301 242/326/301 244/329/301
f 228/310/302 234/316/302 243/328/302
f 234/316/302 245/330/302 243/328/302
f 242/331/303 240/332/303 246/333/303
f 242/331/303 246/333/303 247/334/303
f 241/335/304 243/336/304 248/337/304
f 243/336/304 249/338/304 248/337/304
f 244/339/305 242/331/305 250/340/305
f 242/331/305 247/334/305 250/340/305
f 243/336/306 245/341/306 251/342/306
f 243/336/306 251/342/306 249/338/306
f 250/340/307 247/334/307 252/343/307
f 250/340/307 252/343/307 253/344/307
f 249/338/308 251/342/308 254/345/308
f 251/342/308 255/346/308 254/345/308
f 253/344/309 252/343/309 254/345/309
f 253/344/309 254/345/309 255/346/309
f 222/298/310 221/297/311 229/311/311
f 223/301/312 224/302/312 231/313/312
f 219/347/313 206/295/313 222/298/313
f 208/300/314 220/348/314 224/302/314
f 256/349/315 257/350/316 258/351/317
f 256/349/315 258/351/317 259/352/318
f 259/352/318 258/351/317 260/353/319
f 259/352/318 260/353/319 261/354/320
f 261/355/320 260/356/319 262/357/321
f 260/356/319 263/358/322 262/357/321
f 262/357/321 263/358/322 264/359/323
f 263/358/322 265/360/324 264/359/323
f 257/350/316 266/361/325 267/362/326
f 257/350/316 267/362/326 258/351/317
f 258/351/317 267/362/326 268/363/327
f 258/351/317 268/363/327 260/353/319
f 260/356/319 268/364/327 263/358/322
f 268/364/327 269/365/328 263/358/322
f 263/358/322 269/365/328 265/360/324
f 269/365/328 270/366/329 265/360/324
f 266/361/325 271/367/330 272/368/331
f 266/361/325 272/368/331 267/362/326
f 267/362/326 272/368/331 268/363/327
f 272/368/331 273/369/332 268/363/327
f 268/364/327 273/370/332 274/371/333
f 268/364/327 274/371/333 269/365/328
f 269/365/328 274/371/333 270/366/329
f 274/371/333 275/372/334 270/366/329
f 256/349/335 276/373/335 257/350/335
f 276/373/335 277/374/335 257/350/335
f 265/360/336 278/375/336 279/376/336
f 265/360/336 279/376/336 264/359/336
f 257/350/337 277/374/337 280/377/337
f 257/350/337 280/377/337 266/361/337
f 270/366/338 281/378/338 265/360/338
f 281/378/338 278/375/338 265/360/338
f 266/361/339 280/377/339 282/379/339
f 266/361/339 282/379/339 271/367/339
f 275/372/340 283/380/340 270/366/340
f 283/380/340 281/378/341 270/366/340
f 259/352/342 284/381/342 285/382/342
f 259/352/342 285/382/342 256/349/342
f 261/354/343 286/383/343 284/381/343
f 261/354/343 284/381/343 259/352/343
f 262/357/344 287/384/344 261/355/344
f 287/384/344 286/385/344 261/355/344
f 264/359/345 288/386/345 262/357/345
f 288/386/345 287/384/345 262/357/345
f 256/349/346 285/382/346 289/387/346
f 256/349/346 289/387/346 276/373/346
f 279/376/347 290/388/347 264/359/347
f 290/388/347 288/386/347 264/359/347
f 276/373/348 291/389/348 277/374/348
f 291/389/348 292/390/348 277/374/348
f 278/375/349 293/391/349 294/392/349
f 278/375/349 294/392/349 279/376/349
f 277/374/350 292/390/350 280/377/350
f 292/390/350 295/393/350 280/377/350
f 281/378/351 296/394/351 293/391/351
f 281/378/351 293/391/351 278/375/351
f 280/377/352 295/393/352 282/379/352
f 295/393/352 297/395/352 282/379/352
f 283/380/353 298/396/353 296/394/353
f 283/380/353 296/394/353 281/378/353
f 292/390/354 299/397/354 295/393/354
f 299/397/354 300/398/354 295/393/354
f 296/394/355 301/399/355 302/400/355
f 296/394/355 302/400/355 293/391/355
f 295/393/356 300/398/356 303/401/356
f 295/393/356 303/401/356 297/395/356
f 298/396/357 304/402/357 296/394/357
f 304/402/357 301/399/357 296/394/357
f 271/367/358 305/403/358 272/368/358
f 305/403/358 306/404/358 272/368/358
f 272/368/359 306/404/359 307/405/359
f 272/368/359 307/405/359 273/369/359
f 273/370/360 307/406/360 274/371/360
f 307/406/360 308/407/360 274/371/360
f 274/371/361 308/407/361 309/408/361
f 274/371/361 309/408/361 275/372/361
f 282/379/362 310/409/362 305/403/362
f 282/379/362 305/403/362 271/367/362
f 275/372/363 309/408/363 283/380/363
f 309/408/363 311/410/363 283/380/363
f 297/395/364 312/411/364 310/409/364
f 297/395/364 310/409/364 282/379/364
f 283/380/365 311/410/365 298/396/366
f 311/410/365 313/412/365 298/396/366
f 303/401/367 314/413/368 312/411/368
f 303/401/367 312/411/368 297/395/368
f 298/396/369 313/412/370 304/402/369
f 313/412/370 315/414/370 304/402/369
f 312/415/371 316/416/371 317/417/371
f 312/415/371 317/417/371 310/418/371
f 311/419/372 318/420/372 313/421/372
f 318/420/372 319/422/372 313/421/372
f 314/423/373 320/424/373 312/415/373
f 320/424/373 316/416/373 312/415/373
f 313/421/374 319/422/374 321/425/374
f 313/421/374 321/425/374 315/426/374
f 320/424/375 322/427/375 323/428/375
f 320/424/375 323/428/375 316/416/375
f 319/422/376 324/429/376 321/425/376
f 324/429/376 325/430/376 321/425/376
f 322/427/377 325/430/377 324/429/377
f 322/427/377 324/429/377 323/428/377
f 291/389/378 299/397/378 292/390/378
f 293/391/379 302/400/379 294/392/379
f 289/387/380 291/389/380 276/373/380
f 279/376/381 294/392/381 290/388/381
f 285/431/382 284/432/383 215/288/384
f 285/431/382 215/288/384 214/287/385
f 284/432/383 286/433/386 215/288/384
f 286/433/386 216/289/387 215/288/384
f 286/434/386 287/435/388 217/290/389
f 286/434/386 217/290/389 216/291/387
f 287/435/388 288/436/390 217/290/389
f 288/436/390 218/292/391 217/290/389
f 289/437/392 285/431/382 219/293/393
f 285/431/382 214/287/385 219/293/393
f 288/436/390 290/438/394 220/294/395
f 288/436/390 220/294/395 218/292/391
f 300/439/396 299/440/397 229/311/398
f 300/439/396 229/311/398 230/312/399
f 302/441/400 301/442/401 231/313/402
f 301/442/401 232/314/403 231/313/402
f 303/443/404 300/439/396 233/315/405
f 300/439/396 230/312/399 233/315/405
f 301/442/401 304/444/406 234/316/407
f 301/442/401 234/316/407 232/314/403
f 306/445/408 305/446/409 236/318/410
f 305/446/409 235/317/409 236/318/410
f 307/447/411 306/445/408 236/318/410
f 307/447/411 236/318/410 237/319/411
f 308/448/412 307/449/413 238/321/414
f 307/449/413 237/320/413 238/321/414
f 309/450/415 308/448/412 238/321/414
f 309/450/415 238/321/414 239/322/415
f 305/446/416 310/451/417 240/323/418
f 305/446/416 240/323/418 235/317/416
f 311/452/419 309/450/420 241/324/421
f 309/450/420 239/322/420 241/324/421
f 314/453/422 303/443/404 244/329/423
f 303/443/404 233/315/405 244/329/423
f 304/444/406 315/454/424 245/330/425
f 304/444/406 245/330/425 234/316/407
f 310/455/417 317/456/426 240/332/418
f 317/456/426 246/333/427 240/332/418
f 317/456/426 316/457/428 247/334/428
f 317/456/426 247/334/428 246/333/427
f 319/458/429 318/459/430 249/338/429
f 318/459/430 248/337/431 249/338/429
f 318/459/430 311/460/419 241/335/421
f 318/459/430 241/335/421 248/337/431
f 320/461/432 314/462/422 250/340/433
f 314/462/422 244/339/423 250/340/433
f 315/463/424 321/464/434 251/342/435
f 315/463/424 251/342/435 245/341/425
f 316/457/436 323/465/437 247/334/436
f 323/465/437 252/343/438 247/334/436
f 322/466/439 320/461/432 253/344/440
f 320/461/432 250/340/433 253/344/440
f 321/464/434 325/467/441 255/346/442
f 321/464/434 255/346/442 251/342/435
f 324/468/443 319/458/444 249/338/444
f 324/468/443 249/338/444 254/345/445
f 323/465/437 324/468/443 254/345/445
f 323/465/437 254/345/445 252/343/438
f 325/467/441 322/466/439 253/344/440
f 325/467/441 253/344/440 255/346/442
f 299/440/397 291/469/446 229/311/398
f 291/469/446 222/298/447 229/311/398
f 294/470/448 302/441/400 231/313/402
f 294/470/448 231/313/402 224/302/449
f 291/469/446 289/471/392 222/298/447
f 289/471/392 219/347/393 222/298/447
f 290/472/394 294/470/448 224/302/449
f 290/472/394 224/302/449 220/348/395
s off
g Head_uv_standardSurface10SG_2
v -1.95067 8.65497 1.99755
v -0.887238 8.67426 2.62828
v -1.73083 9.50634 1.8439
v -0.947861 9.77059 2.27725
v -0.080295 8.731 2.76921
v -0.000518 9.93296 2.45317
v 0.885085 8.67602 2.62875
v 0.947519 9.7705 2.27776
v 1.95067 8.65497 1.99755
v 1.73083 9.50634 1.8439
v -1.03417 10.5173 1.19676
v -2.00525 9.94841 1.12888
v 0 10.6962 1.23218
v 1.03417 10.5173 1.19676
v 2.00525 9.94842 1.12888
v -1.19426 10.7709 0.045539
v -2.25118 10.0548 -0.011883
v 0 10.9982 0.060698
v 1.19426 10.7709 0.045539
v 2.25118 10.0548 -0.011883
v -1.99756 9.90326 -0.988525
v -1.1562 10.5195 -1.10003
v 0 10.7418 -1.15666
v 1.1562 10.5195 -1.10003
v 1.99756 9.90326 -0.988525
v -1.70289 9.65106 -1.62285
v -1.05391 9.92131 -1.90904
v -1e-06 10.1038 -2.10006
v 1.05391 9.92131 -1.90904
v 1.70289 9.65106 -1.62285
v -1.09922 9.09035 -2.43408
v -1.94962 9.00344 -1.85627
v 0 9.11941 -2.59612
v 1.09922 9.09035 -2.43408
v 1.94962 9.00344 -1.85627
v -1.09443 7.97943 -2.5674
v -2.09071 7.97475 -2.01548
v 0 7.9884 -2.78972
v 1.09443 7.97943 -2.5674
v 2.09071 7.97475 -2.01548
v -1.98097 7.33257 -1.91726
v -1.07471 7.28827 -2.43479
v -1.91759 6.9636 -1.7449
v -1.05713 6.89174 -2.30195
v 0 7.23553 -2.62802
v 0 6.90151 -2.55485
v 1.07471 7.28827 -2.43479
v 1.05713 6.89174 -2.30195
v 1.98097 7.33257 -1.91726
v 1.91759 6.9636 -1.7449
v 2.20088 7.12352 -1.48257
v 2.42323 7.40368 -1.28381
v 2.6727 8.03961 -0.996318
v 2.52877 8.96837 -0.991622
v 2.89049 8.15542 -0.017156
v 2.7369 9.05014 -0.026438
v 2.5647 8.70743 0.992905
v -2.20088 7.12352 -1.48257
v -2.42323 7.40368 -1.28381
v -2.6727 8.03961 -0.996318
v -2.52877 8.96837 -0.991622
v -2.89049 8.15542 -0.017156
v -2.7369 9.05014 -0.026438
v -2.5647 8.70743 0.992905
v -2.0303 7.61959 -1.96205
v -2.6453 7.6455 -1.00343
v -1.08172 7.5807 -2.4911
v 0 7.55279 -2.69619
v 1.08172 7.5807 -2.4911
v 2.0303 7.61959 -1.96205
v 2.6453 7.6455 -1.00343
v -1.47176 6.68956 -1.89455
v -1.02357 6.57594 -2.06124
v 0 6.38598 -2.2301
v 1.02357 6.57594 -2.06124
v 1.47176 6.68956 -1.89455
v -0.102689 7.84717 2.73596
v -0.43962 7.90576 2.65503
v -0.100531 7.6183 2.68519
v 0.289443 7.80315 2.66149
v 0.328365 7.44992 2.54824
v -1.63482 8.01776 2.25105
v 1.63482 8.01776 2.25105
v 1.93107 8.01935 2.02613
v 2.40059 8.04148 1.42729
v -1.93107 8.01935 2.02613
v -2.40059 8.04148 1.42729
v -1.82535 7.37125 2.01091
v 2.61828 7.90199 0.977112
v 2.59017 7.47831 0.977012
v -2.61828 7.90199 0.977112
v -0.094291 8.37353 2.76888
v 0.699735 8.29157 2.664
v -0.5115 8.35257 2.62965
v 1.82535 7.37125 2.01091
v -2.59017 7.47831 0.977012
v 2.81336 7.86527 -0.4866
v -2.81336 7.86527 -0.4866
v -1.88192 8.6391 1.92286
v -1.66692 9.45915 1.77652
v -0.849387 8.66109 2.53374
v -0.908567 9.71342 2.19685
v 0 9.86883 2.36538
v -0.078178 8.72081 2.66621
v 0.908567 9.71342 2.19685
v 0.849387 8.66109 2.53374
v 1.66692 9.45915 1.77652
v 1.88192 8.6391 1.92286
v -1.44857 7.45521 -2.08602
v -1.85715 7.00432 -1.67384
v -0.806642 7.34521 -2.32533
v -1.02104 6.9356 -2.21725
v 0 7.25983 -2.52896
v 0 6.94628 -2.46143
v 1.02104 6.9356 -2.21725
v 0.806642 7.34521 -2.32533
v 1.85715 7.00432 -1.67384
v 1.44857 7.45521 -2.08602
v 2.12329 7.15513 -1.42796
v 2.34281 7.42869 -1.22942
v 2.78717 8.14892 -0.017506
v 2.62206 9.02369 -0.048409
v 2.29946 8.28873 -1.42379
v 2.47407 8.684 0.952142
v 2.22775 9.22953 1.01311
v -2.12329 7.15513 -1.42796
v -2.34281 7.42869 -1.22942
v -2.29946 8.28873 -1.42379
v -2.62206 9.02369 -0.048409
v -2.78717 8.14892 -0.017506
v -2.22775 9.22953 1.01311
v -2.47407 8.684 0.952142
v -2.55471 7.6551 -0.958786
v 2.55471 7.6551 -0.958786
v -1.42445 6.73908 -1.82169
v -0.988673 6.62952 -1.98307
v 0 6.44412 -2.14592
v 0.988673 6.62952 -1.98307
v 1.42445 6.73908 -1.82169
v -0.097382 7.84868 2.63082
v -0.097727 7.61493 2.57734
v -0.401152 7.9055 2.56128
v 0.260116 7.80609 2.56475
v 0.292432 7.4469 2.45256
v -1.57708 8.01803 2.16878
v 1.8586 8.02336 1.95511
v 1.57708 8.01803 2.16878
v 2.31921 8.04442 1.36807
v -1.8586 8.02336 1.95511
v -1.75503 7.38435 1.93984
v -2.31921 8.04442 1.36807
v 2.49353 7.48473 0.952142
v 2.52106 7.89938 0.952142
v -2.52106 7.89938 0.952142
v 0.681051 8.29794 2.56587
v -0.088949 8.38066 2.66608
v -0.482588 8.35964 2.53374
v 1.75503 7.38435 1.93984
v -2.49353 7.48473 0.952142
v 2.71677 7.86183 -0.46094
v -2.71677 7.86183 -0.46094
vn -0.511922 0.25445 0.820482
vn -0.351955 0.268838 0.896579
vn -0.356879 0.268532 0.894722
vn -0.008679 0.274191 0.961636
vn 0.008058 0.273677 0.961788
vn 0.335406 0.263333 0.904521
vn 0.34109 0.263201 0.902431
vn 0.511903 0.254215 0.820567
vn -0.481415 0.683205 0.549063
vn -0.307792 0.775317 0.551495
vn -0.34265 0.856345 0.386348
vn -0.519624 0.775881 0.35777
vn -4.3e-05 0.83263 0.55383
vn 8e-06 0.915105 0.403217
vn 0.307667 0.775353 0.551515
vn 0.342616 0.856339 0.386392
vn 0.481437 0.683207 0.549041
vn 0.519627 0.77587 0.35779
vn -0.37719 0.926074 0.010709
vn -0.561835 0.827245 0.002443
vn 1e-06 0.999951 0.00987
vn 0.377191 0.926074 0.010709
vn 0.561835 0.827246 0.002443
vn -0.560934 0.760111 -0.328
vn -0.359065 0.857443 -0.368596
vn 0 0.922215 -0.386676
vn 0.359066 0.857443 -0.368595
vn 0.560935 0.760111 -0.327999
vn -0.533006 0.656696 -0.53353
vn -0.323097 0.757814 -0.566857
vn -0 0.811208 -0.584758
vn 0.323097 0.757814 -0.566857
vn 0.533008 0.656695 -0.53353
vn -0.522209 0.46864 -0.712512
vn -0.312415 0.48665 -0.815824
vn -0.337505 0.296723 -0.893334
vn -0.528862 0.262123 -0.807215
vn -0 0.493871 -0.869535
vn 0 0.31297 -0.949763
vn 0.312415 0.48665 -0.815824
vn 0.337505 0.296723 -0.893334
vn 0.52221 0.468641 -0.712512
vn 0.528862 0.262123 -0.807215
vn -0.342644 0.054488 -0.937884
vn -0.516273 0.058372 -0.854432
vn -0 0.05155 -0.99867
vn 0.342644 0.054488 -0.937884
vn 0.516273 0.058372 -0.854432
vn -0.497685 -0.293037 -0.816357
vn -0.347956 -0.267857 -0.898432
vn -0.497408 -0.386588 -0.776617
vn -0.328929 -0.432578 -0.839453
vn 0 -0.242929 -0.970044
vn -0 -0.437632 -0.899154
vn 0.347956 -0.267856 -0.898432
vn 0.328929 -0.432578 -0.839453
vn 0.497685 -0.293037 -0.816357
vn 0.497408 -0.386588 -0.776617
vn 0.775047 -0.318976 -0.545488
vn 0.805969 -0.239825 -0.5412
vn 0.817072 -0.206525 -0.538276
vn 0.901853 0.113047 -0.416991
vn 0.850062 0.076659 -0.521074
vn 0.877638 0.296587 -0.376547
vn 0.809331 0.279929 -0.516355
vn 0.961394 0.156292 -0.226481
vn 0.930394 0.365649 -0.025863
vn 0.745987 0.441264 -0.498788
vn 0.818574 0.450664 -0.356145
vn 0.900842 0.432845 0.033596
vn 0.859671 0.360133 0.36231
vn 0.85985 0.360353 0.361669
vn 0.807494 0.305016 0.504896
vn -0.775047 -0.318976 -0.545488
vn -0.805969 -0.239825 -0.5412
vn -0.817072 -0.206525 -0.538276
vn -0.850062 0.076659 -0.521074
vn -0.901853 0.113047 -0.416991
vn -0.877638 0.296587 -0.376547
vn -0.809331 0.279929 -0.516355
vn -0.961394 0.156293 -0.226481
vn -0.930394 0.365649 -0.025863
vn -0.745988 0.441263 -0.498788
vn -0.818574 0.450663 -0.356145
vn -0.900842 0.432844 0.033596
vn -0.859671 0.360134 0.36231
vn -0.859849 0.360353 0.36167
vn -0.807494 0.305016 0.504896
vn -0.807494 0.305016 0.504895
vn -0.841563 -0.150221 -0.518849
vn -0.846552 -0.140036 -0.513557
vn -0.482866 -0.19459 -0.8538
vn -0.332814 -0.199176 -0.921718
vn 0 -0.202216 -0.979341
vn 0.332814 -0.199176 -0.921718
vn 0.482866 -0.19459 -0.853801
vn 0.846552 -0.140035 -0.513557
vn 0.841563 -0.150221 -0.51885
vn -0.472895 -0.496692 -0.727782
vn -0.286921 -0.543307 -0.788983
vn 0 -0.568365 -0.822777
vn 0.286921 -0.543307 -0.788983
vn 0.472895 -0.496693 -0.727782
vn -0.27839 -0.063451 0.95837
vn -0.28053 -0.03662 0.959147
vn -0.262856 -0.2113 0.941413
vn 0.149534 -0.132923 0.979781
vn 0.149424 -0.132478 0.979858
vn 0.178679 -0.255145 0.95025
vn -0.509331 0.0881 0.856049
vn -0.522147 0.079017 0.849187
vn -0.540138 0.044475 0.8404
vn 0.521767 0.079287 0.849395
vn 0.539825 0.044742 0.840587
vn 0.604196 -0.046893 0.795455
vn 0.823897 0.083116 0.560611
vn 0.815514 0.013312 0.578584
vn 0.82147 0.058851 0.567207
vn -0.815514 0.013312 0.578584
vn -0.82147 0.058851 0.567207
vn -0.781543 -0.141752 0.607534
vn 0.962942 0.108334 0.246997
vn 0.966112 0.071991 0.247881
vn 0.966564 -0.064186 0.248262
vn -0.962074 0.11629 0.246758
vn -0.966112 0.071991 0.247881
vn -0.962942 0.108334 0.246996
vn 0.138821 0.009322 0.990274
vn 0.139229 -0.037404 0.989554
vn 0.139141 -0.023671 0.98999
vn -0.214851 -0.112956 0.970093
vn -0.238352 -0.082687 0.967652
vn -0.244216 -0.075043 0.966813
vn -0.604196 -0.046893 0.795455
vn -0.600973 -0.116597 0.790719
vn 0.508942 0.088373 0.856252
vn -0.823897 0.083116 0.560611
vn 0.600974 -0.116598 0.790718
vn 0.781543 -0.141752 0.607533
vn -0.966564 -0.064189 0.248261
vn 0.962074 0.116289 0.246758
vn 0.966161 0.030773 -0.256097
vn -0.966161 0.030772 -0.256097
vn 0.511754 -0.254376 -0.82061
vn 0.353391 -0.26855 -0.8961
vn 0.358071 -0.26826 -0.894327
vn -0.008721 -0.273168 -0.961927
vn 0.008366 -0.27371 -0.961776
vn -0.342021 -0.262916 -0.902162
vn -0.336891 -0.263025 -0.904059
vn -0.511754 -0.254376 -0.82061
vn 0.477218 0.175161 0.861151
vn 0.481875 0.265365 0.835092
vn 0.340704 0.168099 0.925021
vn 0.354054 0.36078 0.862835
vn 0 0.165815 0.986157
vn 0 0.401157 0.916009
vn -0.354054 0.36078 0.862835
vn -0.340704 0.168099 0.925021
vn -0.481875 0.265365 0.835092
vn -0.477218 0.175161 0.861151
vn -0.69027 0.033013 0.722798
vn -0.716182 0.108725 0.689392
vn -0.711632 0.094273 0.696199
vn -0.936692 -0.165902 0.308358
vn -0.841207 -0.32921 -0.428943
vn -0.828322 -0.319381 -0.460301
vn -0.890928 -0.373371 -0.258537
vn -0.80784 -0.304447 -0.504684
vn 0.69027 0.033013 0.722798
vn 0.711632 0.094273 0.696199
vn 0.716182 0.108725 0.689392
vn 0.936692 -0.165902 0.308358
vn 0.890928 -0.373371 -0.258537
vn 0.828322 -0.319381 -0.460301
vn 0.841207 -0.32921 -0.428943
vn 0.80784 -0.304447 -0.504684
vn 0.71915 0.118489 0.684677
vn -0.71915 0.118489 0.684677
vn 0.473159 0.495259 0.728587
vn 0.287223 0.542808 0.789217
vn -0 0.568277 0.822837
vn -0.287223 0.542808 0.789216
vn -0.473159 0.495259 0.728587
vn 0.275383 0.066028 -0.959064
vn 0.255991 0.215213 -0.942418
vn 0.27813 0.039747 -0.959721
vn -0.144189 0.13188 -0.980723
vn -0.170566 0.256601 -0.951348
vn -0.144146 0.131687 -0.980755
vn 0.508563 -0.089472 -0.856363
vn 0.539613 -0.04543 -0.840686
vn 0.520753 -0.080915 -0.849864
vn -0.520753 -0.080915 -0.849864
vn -0.604477 0.045855 -0.795302
vn -0.539613 -0.04543 -0.840686
vn -0.824031 -0.083128 -0.560413
vn -0.821466 -0.05812 -0.567288
vn -0.815255 -0.011786 -0.578982
vn 0.815255 -0.011785 -0.578982
vn 0.781308 0.141168 -0.607972
vn 0.821466 -0.058119 -0.567288
vn -0.96321 -0.119074 -0.240931
vn -0.96645 0.064179 -0.248708
vn -0.966676 -0.079597 -0.243312
vn 0.962273 -0.127476 -0.240374
vn 0.966677 -0.079597 -0.243312
vn 0.96321 -0.119074 -0.240931
vn -0.136636 -0.010261 -0.990568
vn -0.136343 0.024222 -0.990366
vn -0.136182 0.037845 -0.989961
vn 0.212337 0.118023 -0.970043
vn 0.242504 0.078173 -0.966996
vn 0.236309 0.086438 -0.967825
vn 0.601848 0.116435 -0.790077
vn 0.604477 0.045855 -0.795302
vn -0.508563 -0.089472 -0.856363
vn 0.824031 -0.083128 -0.560413
vn -0.601848 0.116435 -0.790077
vn -0.781308 0.141168 -0.607972
vn 0.96645 0.064179 -0.248708
vn -0.962273 -0.127476 -0.240374
vn -0.929191 -0.178985 0.32337
vn 0.929191 -0.178985 0.32337
vn 0.125504 -0.782255 0.610186
vn 0.138717 -0.797924 0.586579
vn 0.14556 -0.793882 0.590393
vn 0.12564 -0.782144 0.610299
vn 0.196514 -0.75349 0.627404
vn 0.198333 -0.750241 0.630716
vn -0.138717 -0.797924 0.586579
vn -0.125504 -0.782255 0.610186
vn -0.14556 -0.793882 0.590393
vn -0.125641 -0.782144 0.610299
vn -0.196514 -0.753489 0.627404
vn -0.198334 -0.750241 0.630716
vn -0.128531 -0.88594 0.445634
vn -0.129422 -0.884215 0.448792
vn 0.128531 -0.88594 0.445635
vn 0.129422 -0.884215 0.448792
vn -0.039421 -0.819873 0.571187
vn -0.124335 -0.784739 0.607228
vn -0.038666 -0.820002 0.571053
vn -0.124894 -0.784518 0.607398
vn 0 -0.817957 0.575279
vn 0.039421 -0.819873 0.571187
vn 0.038666 -0.820002 0.571053
vn 0.124335 -0.784739 0.607228
vn 0.124894 -0.784518 0.607398
vn -0.659008 -0.742255 -0.121519
vn -0.498556 -0.866846 -0.004443
vn -0.52976 -0.847757 -0.025738
vn -0.3546 -0.930968 0.086939
vn 0.929255 0.19267 -0.31522
vn 0.61603 -0.653053 0.440487
vn 0.520314 -0.784012 0.338526
vn 0.615785 -0.653468 0.440214
vn 0.414922 -0.683409 -0.60066
vn 0.465165 -0.560115 -0.685487
vn 0.412368 -0.688657 -0.596409
vn -0.414922 -0.683408 -0.60066
vn -0.367757 -0.76905 -0.522797
vn -0.412369 -0.688657 -0.596409
vn -0.299261 -0.01365 0.954074
vn -0.248664 0.01639 0.968451
vn -0.300545 -0.01442 0.953659
vn 0.069483 -0.833439 -0.548225
vn 0.299261 -0.01365 0.954074
vn 0.326424 -0.030032 0.944746
vn 0.300544 -0.01442 0.953659
vn 0.800388 -0.557567 -0.220223
vn 0.872416 -0.433141 -0.226447
vn 0.872417 -0.433141 -0.226447
vn 0.801097 -0.556518 -0.220298
vn -0.63005 -0.751208 -0.196783
vn -0.925371 -0.177156 -0.335118
vn 0.745456 -0.631326 -0.21383
vn 0.71662 -0.412368 0.562502
vn -0.520095 -0.783952 0.339
vn -0.615955 -0.652878 0.440851
vn -0.615728 -0.653262 0.440599
vn -0.465166 -0.560115 -0.685487
vn -0.716619 -0.412368 0.562503
vn 0.367757 -0.76905 -0.522797
vn 0.367757 -0.76905 -0.522796
vn -0.069484 -0.833439 -0.548225
vn 0.248664 0.01639 0.968451
vn -0.326425 -0.030032 0.944746
vn 0.107861 -0.848056 0.518813
vn 0.106025 -0.892792 0.437813
vn 0.106022 -0.892849 0.437698
vn -0.106025 -0.892792 0.437813
vn -0.106022 -0.89285 0.437698
vn -0.107861 -0.848056 0.518813
vt 0.137129 0.878788
vt 0.180165 0.88204
vt 0.138731 0.909531
vt 0.169146 0.921384
vt 0.21113 0.878301
vt 0.240422 0.879968
vt 0.241394 0.921975
vt 0.207719 0.919828
vt 0.274987 0.881478
vt 0.274562 0.922602
vt 0.305328 0.883967
vt 0.348527 0.881376
vt 0.346427 0.912073
vt 0.315712 0.923487
vt 0.140329 0.958057
vt 0.113919 0.928023
vt 0.239335 0.971037
vt 0.202165 0.966442
vt 0.276562 0.969288
vt 0.344082 0.960651
vt 0.370961 0.930945
vt 0.161987 0.695483
vt 0.203748 0.690805
vt 0.203533 0.733407
vt 0.158739 0.738921
vt 0.245527 0.688999
vt 0.244507 0.731789
vt 0.284254 0.69197
vt 0.284745 0.733672
vt 0.325342 0.696185
vt 0.328924 0.738882
vt 0.167764 0.775551
vt 0.204755 0.773059
vt 0.244331 0.772931
vt 0.283663 0.772949
vt 0.32031 0.775173
vt 0.176592 0.802271
vt 0.204595 0.808676
vt 0.244407 0.812499
vt 0.284046 0.808369
vt 0.311794 0.801757
vt 0.313675 0.655172
vt 0.286129 0.663016
vt 0.282968 0.627986
vt 0.319385 0.628256
vt 0.244341 0.667829
vt 0.244947 0.628577
vt 0.20488 0.662505
vt 0.207503 0.628082
vt 0.177606 0.655254
vt 0.171521 0.628812
vt 0.282109 0.589971
vt 0.322348 0.590002
vt 0.244923 0.59037
vt 0.207938 0.590347
vt 0.168011 0.590937
vt 0.320045 0.56548
vt 0.282427 0.565826
vt 0.320269 0.550051
vt 0.282737 0.551072
vt 0.244801 0.564904
vt 0.244725 0.553294
vt 0.207306 0.566332
vt 0.206773 0.551635
vt 0.1699 0.566547
vt 0.169433 0.551199
vt 0.446666 0.694598
vt 0.460983 0.690739
vt 0.462126 0.705319
vt 0.4347 0.702831
vt 0.417561 0.722578
vt 0.458572 0.728436
vt 0.413874 0.754908
vt 0.44883 0.764339
vt 0.381779 0.721934
vt 0.38017 0.753496
vt 0.440419 0.789049
vt 0.414086 0.792312
vt 0.377904 0.792299
vt 0.343949 0.742082
vt 0.33622 0.790004
vt 0.389367 0.886136
vt 0.027135 0.691162
vt 0.041455 0.695031
vt 0.025985 0.705751
vt 0.05342 0.703273
vt 0.029537 0.728876
vt 0.070556 0.723022
vt 0.074225 0.755358
vt 0.039272 0.764773
vt 0.106334 0.722405
vt 0.10792 0.753962
vt 0.047673 0.789479
vt 0.073995 0.792752
vt 0.110163 0.792762
vt 0.144139 0.742573
vt 0.151845 0.790488
vt 0.096097 0.882916
vt 0.027561 0.716093
vt 0.06745 0.709428
vt 0.321228 0.57646
vt 0.282348 0.576131
vt 0.244862 0.575771
vt 0.207527 0.576587
vt 0.168905 0.577479
vt 0.420669 0.708978
vt 0.460546 0.715662
vt 0.302456 0.540336
vt 0.283529 0.536596
vt 0.244568 0.531632
vt 0.205757 0.537216
vt 0.186985 0.541269
vt 0.241593 0.848614
vt 0.228678 0.849651
vt 0.242256 0.840043
vt 0.256244 0.847901
vt 0.259173 0.834369
vt 0.151825 0.856909
vt 0.334211 0.859253
vt 0.34762 0.859484
vt 0.374772 0.861143
vt 0.138367 0.856887
vt 0.111157 0.858095
vt 0.140361 0.833406
vt 0.344767 0.713169
vt 0.344389 0.69796
vt 0.143341 0.713667
vt 0.240649 0.867513
vt 0.269568 0.866959
vt 0.224623 0.866065
vt 0.346061 0.836002
vt 0.143733 0.698465
vt 0.399905 0.713786
vt 0.088212 0.714247
vt 0.119325 0.476842
vt 0.111374 0.506819
vt 0.076191 0.470824
vt 0.078506 0.511375
vt 0.044317 0.515095
vt 0.047414 0.471545
vt 0.44202 0.387825
vt 0.427419 0.423052
vt 0.39991 0.410507
vt 0.412851 0.374781
vt 0.371926 0.399675
vt 0.369864 0.370205
vt 0.285697 0.498829
vt 0.274384 0.4771
vt 0.308495 0.503059
vt 0.305279 0.487923
vt 0.335552 0.508057
vt 0.337974 0.497786
vt 0.148313 0.42306
vt 0.143918 0.412722
vt 0.176349 0.396467
vt 0.175818 0.412891
vt 0.206539 0.379626
vt 0.198788 0.404146
vt 0.220009 0.37678
vt 0.234 0.378764
vt 0.287279 0.374157
vt 0.301223 0.402146
vt 0.246102 0.407153
vt 0.329221 0.376604
vt 0.339538 0.395121
vt 0.261272 0.476591
vt 0.248453 0.480749
vt 0.24133 0.509589
vt 0.187085 0.512054
vt 0.197758 0.483391
vt 0.147062 0.506784
vt 0.158372 0.488512
vt 0.234752 0.482426
vt 0.248694 0.378261
vt 0.291571 0.473958
vt 0.307659 0.475557
vt 0.340996 0.478539
vt 0.137289 0.393107
vt 0.17168 0.384017
vt 0.188133 0.379475
vt 0.049719 0.439549
vt 0.050604 0.430789
vt 0.061059 0.442139
vt 0.444177 0.354781
vt 0.450717 0.342832
vt 0.454587 0.362231
vt 0.458743 0.355313
vt 0.109515 0.451779
vt 0.370812 0.348304
vt 0.384428 0.34772
vt 0.342643 0.35091
vt 0.122432 0.454554
vt 0.125498 0.430802
vt 0.149051 0.461599
vt 0.310559 0.336983
vt 0.316652 0.350748
vt 0.168211 0.46325
vt 0.42331 0.364762
vt 0.446726 0.378346
vt 0.048266 0.459076
vt 0.063531 0.458901
vt 0.371128 0.323305
vt 0.172966 0.449718
vt 0.268325 0.374006
vt 0.215714 0.480884
vt 0.8389 0.961381
vt 0.858895 0.962146
vt 0.85957 0.965823
vt 0.838804 0.966774
vt 0.815195 0.960141
vt 0.815272 0.965937
vt 0.814043 0.9477
vt 0.797782 0.947357
vt 0.81452 0.943691
vt 0.798034 0.943368
vt 0.781277 0.945578
vt 0.782071 0.941671
vt 0.765054 0.942072
vt 0.765778 0.938161
vt 0.791007 0.960257
vt 0.790801 0.965198
vt 0.849779 0.951652
vt 0.835056 0.950384
vt 0.850037 0.948952
vt 0.835535 0.946899
vt 0.8753 0.955673
vt 0.876302 0.953284
vt 0.876553 0.959245
vt 0.872823 0.959762
vt 0.876672 0.959263
vt 0.872702 0.959396
vt 0.872276 0.959763
vt 0.872782 0.961442
vt 0.480756 0.954275
vt 0.466338 0.95563
vt 0.466014 0.95194
vt 0.481163 0.950949
vt 0.478753 0.965391
vt 0.484118 0.963723
vt 0.478634 0.966747
vt 0.484691 0.965601
vt 0.494283 0.962663
vt 0.495151 0.96602
vt 0.547684 0.946337
vt 0.510874 0.94936
vt 0.510306 0.945857
vt 0.547535 0.942893
vt 0.625623 0.959796
vt 0.656503 0.961521
vt 0.656339 0.966003
vt 0.625286 0.963229
vt 0.608069 0.940717
vt 0.571301 0.945222
vt 0.570868 0.941789
vt 0.60757 0.937122
vt 0.695148 0.959594
vt 0.711219 0.959116
vt 0.711234 0.962382
vt 0.695381 0.964136
vt 0.748871 0.960252
vt 0.749353 0.96344
vt 0.667966 0.939408
vt 0.637731 0.937975
vt 0.637589 0.934112
vt 0.66808 0.935616
vt 0.518968 0.960593
vt 0.534516 0.961139
vt 0.534393 0.964765
vt 0.519174 0.964296
vt 0.495691 0.955244
vt 0.495348 0.952008
vt 0.571523 0.959375
vt 0.57182 0.962687
vt 0.59275 0.95834
vt 0.592626 0.961379
vt 0.724106 0.936277
vt 0.683742 0.939644
vt 0.683568 0.936228
vt 0.724591 0.932821
vt 0.76678 0.958061
vt 0.766675 0.96173
vt 0.742795 0.940053
vt 0.743273 0.936418
usemtl standardSurface10SG
f 326/473/450 327/474/451 328/475/450
f 327/474/451 329/476/452 328/475/450
f 327/477/451 330/478/453 331/479/454
f 327/477/451 331/479/454 329/480/452
f 330/478/453 332/481/455 331/479/454
f 332/481/455 333/482/456 331/479/454
f 332/483/455 334/484/457 335/485/457
f 332/483/455 335/485/457 333/486/456
f 328/475/458 329/476/459 336/487/460
f 328/475/458 336/487/460 337/488/461
f 329/480/459 331/479/462 338/489/463
f 329/480/459 338/489/463 336/490/460
f 331/479/462 333/482/464 338/489/463
f 333/482/464 339/491/465 338/489/463
f 333/486/464 335/485/466 339/492/465
f 335/485/466 340/493/467 339/492/465
f 337/494/461 336/495/460 341/496/468
f 337/494/461 341/496/468 342/497/469
f 336/495/460 338/498/463 343/499/470
f 336/495/460 343/499/470 341/496/468
f 338/498/463 339/500/465 343/499/470
f 339/500/465 344/501/471 343/499/470
f 339/500/465 340/502/467 344/501/471
f 340/502/467 345/503/472 344/501/471
f 342/497/469 341/496/468 346/504/473
f 341/496/468 347/505/474 346/504/473
f 341/496/468 343/499/470 347/505/474
f 343/499/470 348/506/475 347/505/474
f 343/499/470 344/501/471 349/507/476
f 343/499/470 349/507/476 348/506/475
f 344/501/471 345/503/472 350/508/477
f 344/501/471 350/508/477 349/507/476
f 346/504/473 347/505/474 351/509/478
f 347/505/474 352/510/479 351/509/478
f 347/505/474 348/506/475 352/510/479
f 348/506/475 353/511/480 352/510/479
f 348/506/475 349/507/476 354/512/481
f 348/506/475 354/512/481 353/511/480
f 349/507/476 350/508/477 355/513/482
f 349/507/476 355/513/482 354/512/481
f 351/514/483 352/515/484 356/516/485
f 351/514/483 356/516/485 357/517/486
f 352/515/484 353/518/487 358/519/488
f 352/515/484 358/519/488 356/516/485
f 353/518/487 354/520/489 358/519/488
f 354/520/489 359/521/490 358/519/488
f 354/520/489 355/522/491 359/521/490
f 355/522/491 360/523/492 359/521/490
f 357/517/486 356/516/485 361/524/493
f 357/517/486 361/524/493 362/525/494
f 356/516/485 358/519/488 363/526/495
f 356/516/485 363/526/495 361/524/493
f 358/519/488 359/521/490 363/526/495
f 359/521/490 364/527/496 363/526/495
f 359/521/490 360/523/492 364/527/496
f 360/523/492 365/528/497 364/527/496
f 366/529/498 367/530/499 368/531/500
f 367/530/499 369/532/501 368/531/500
f 367/530/499 370/533/502 371/534/503
f 367/530/499 371/534/503 369/532/501
f 370/533/502 372/535/504 371/534/503
f 372/535/504 373/536/505 371/534/503
f 372/535/504 374/537/506 375/538/507
f 372/535/504 375/538/507 373/536/505
f 376/539/508 375/540/508 374/541/509
f 376/539/508 374/541/509 377/542/510
f 378/543/511 365/544/512 379/545/513
f 365/544/512 360/546/514 379/545/513
f 380/547/515 378/543/511 381/548/516
f 378/543/511 379/545/513 381/548/516
f 379/545/513 360/546/514 355/549/517
f 379/545/513 355/549/517 350/550/518
f 381/548/516 379/545/513 345/551/519
f 379/545/513 350/550/518 345/551/519
f 382/552/520 381/548/516 340/553/521
f 381/548/516 345/551/519 340/553/521
f 334/484/522 382/554/520 335/485/522
f 382/554/520 340/493/521 335/485/522
f 368/555/523 383/556/523 366/557/524
f 383/556/523 384/558/525 366/557/524
f 362/559/526 385/560/527 386/561/528
f 362/559/526 386/561/528 357/562/529
f 385/560/527 387/563/530 388/564/531
f 385/560/527 388/564/531 386/561/528
f 357/562/529 386/561/528 351/565/532
f 386/561/528 346/566/533 351/565/532
f 386/561/528 388/564/531 342/567/534
f 386/561/528 342/567/534 346/566/533
f 388/564/531 389/568/535 337/569/536
f 388/564/531 337/569/536 342/567/534
f 389/570/535 326/473/537 328/475/538
f 389/570/535 328/475/538 337/488/536
f 390/571/539 391/572/540 385/560/527
f 390/571/539 385/560/527 362/559/526
f 362/525/494 361/524/493 390/573/541
f 361/524/493 392/574/542 390/573/541
f 361/524/493 363/526/495 392/574/542
f 363/526/495 393/575/543 392/574/542
f 363/526/495 364/527/496 394/576/544
f 363/526/495 394/576/544 393/575/543
f 364/527/496 365/528/497 395/577/545
f 364/527/496 395/577/545 394/576/544
f 396/578/546 395/579/547 378/543/511
f 395/579/547 365/544/512 378/543/511
f 366/557/524 384/558/525 390/571/539
f 384/558/525 391/572/540 390/571/539
f 390/573/541 392/574/542 366/529/498
f 392/574/542 367/530/499 366/529/498
f 392/574/542 393/575/543 367/530/499
f 393/575/543 370/533/502 367/530/499
f 393/575/543 394/576/544 372/535/504
f 393/575/543 372/535/504 370/533/502
f 394/576/544 395/577/545 374/537/506
f 394/576/544 374/537/506 372/535/504
f 377/542/510 374/541/509 395/579/547
f 377/542/510 395/579/547 396/578/546
f 368/531/500 369/532/501 397/580/548
f 369/532/501 398/581/549 397/580/548
f 369/532/501 371/534/503 398/581/549
f 371/534/503 399/582/550 398/581/549
f 371/534/503 373/536/505 400/583/551
f 371/534/503 400/583/551 399/582/550
f 373/536/505 375/538/507 401/584/552
f 373/536/505 401/584/552 400/583/551
f 402/585/553 403/586/554 404/587/555
f 405/588/556 402/585/557 406/589/558
f 402/585/557 404/587/558 406/589/558
f 327/474/559 326/473/560 407/590/561
f 334/484/562 408/591/563 409/592/564
f 382/554/565 334/484/565 409/592/566
f 382/554/565 409/592/566 410/593/567
f 411/594/568 412/595/569 413/596/570
f 380/547/571 414/597/572 415/598/573
f 389/568/574 388/564/574 416/599/575
f 388/564/574 387/563/576 416/599/575
f 332/481/577 330/478/577 417/600/578
f 332/481/577 417/600/578 418/601/579
f 330/478/580 327/477/580 419/602/581
f 330/478/580 419/602/581 417/600/582
f 417/600/582 419/602/581 403/586/554
f 417/600/582 403/586/554 402/585/553
f 418/601/579 417/600/578 402/585/557
f 418/601/579 402/585/557 405/588/556
f 407/590/561 411/594/583 413/596/584
f 334/484/562 332/483/585 408/591/563
f 407/590/561 326/473/560 411/594/583
f 326/473/586 389/570/586 411/594/568
f 389/570/586 412/595/569 411/594/568
f 409/592/564 408/591/563 420/603/587
f 410/593/567 409/592/566 420/603/588
f 416/599/575 387/563/576 421/604/589
f 381/548/590 382/552/590 414/597/572
f 381/548/590 414/597/572 380/547/571
f 378/543/591 380/547/591 422/605/591
f 378/543/591 422/605/591 396/578/591
f 387/563/592 385/560/592 423/606/592
f 385/560/592 391/572/592 423/606/592
f 424/607/593 425/608/593 426/609/594
f 425/608/593 427/610/595 426/609/594
f 426/609/594 427/610/595 428/611/596
f 426/609/594 428/611/596 429/612/597
f 429/613/597 428/614/596 430/615/598
f 429/613/597 430/615/598 431/616/599
f 431/616/599 430/615/598 432/617/600
f 431/616/599 432/617/600 433/618/600
f 434/619/601 435/620/602 436/621/603
f 435/620/602 437/622/604 436/621/603
f 436/621/603 437/622/604 438/623/605
f 437/622/604 439/624/606 438/623/605
f 438/625/605 439/626/606 440/627/607
f 438/625/605 440/627/607 441/628/608
f 441/628/608 440/627/607 442/629/609
f 441/628/608 442/629/609 443/630/610
f 444/631/611 445/632/612 443/630/613
f 444/631/611 443/630/613 442/629/611
f 446/633/614 447/634/614 448/635/614
f 449/636/615 450/637/616 447/634/617
f 433/618/618 432/617/618 450/637/616
f 433/618/618 450/637/616 449/636/615
f 435/620/619 434/619/620 451/638/619
f 434/619/620 452/639/621 451/638/619
f 453/640/622 454/641/622 455/642/622
f 454/641/623 456/643/624 457/644/625
f 457/644/625 456/643/624 424/607/626
f 456/643/624 425/608/626 424/607/626
f 434/619/620 453/640/627 452/639/621
f 453/640/627 458/645/627 452/639/621
f 445/632/612 459/646/628 448/635/628
f 445/632/612 448/635/628 443/630/613
f 435/620/602 460/647/629 437/622/604
f 460/647/629 461/648/630 437/622/604
f 437/622/604 461/648/630 439/624/606
f 461/648/630 462/649/631 439/624/606
f 439/626/606 462/650/631 463/651/632
f 439/626/606 463/651/632 440/627/607
f 440/627/607 463/651/632 464/652/633
f 440/627/607 464/652/633 442/629/609
f 465/653/634 466/654/635 467/655/636
f 468/656/637 469/657/638 465/658/639
f 469/657/638 466/659/638 465/658/639
f 426/609/640 470/660/641 424/607/642
f 433/618/643 471/661/644 472/662/645
f 449/636/646 473/663/647 471/661/648
f 449/636/646 471/661/648 433/618/646
f 474/664/649 475/665/650 476/666/651
f 446/633/652 477/667/653 478/668/654
f 457/644/655 479/669/656 454/641/655
f 479/669/656 455/642/657 454/641/655
f 431/616/658 480/670/659 481/671/660
f 431/616/658 481/671/660 429/613/658
f 429/612/661 481/672/662 482/673/663
f 429/612/661 482/673/663 426/609/661
f 481/672/662 465/653/634 467/655/636
f 481/672/662 467/655/636 482/673/663
f 480/670/659 468/656/637 465/658/639
f 480/670/659 465/658/639 481/671/660
f 470/660/641 475/665/664 474/664/665
f 433/618/643 472/662/645 431/616/666
f 470/660/641 474/664/665 424/607/642
f 424/607/667 474/664/649 457/644/667
f 474/664/649 476/666/651 457/644/667
f 471/661/644 483/674/668 472/662/645
f 473/663/647 483/674/669 471/661/648
f 479/669/656 484/675/670 455/642/657
f 447/634/671 446/633/652 478/668/654
f 447/634/671 478/668/654 449/636/671
f 448/635/672 459/646/672 485/676/672
f 448/635/672 485/676/672 446/633/672
f 455/642/673 486/677/673 453/640/673
f 486/677/673 458/645/673 453/640/673
f 444/678/674 442/679/675 375/680/676
f 444/678/674 375/680/676 376/681/677
f 445/682/678 444/678/674 377/683/679
f 444/678/674 376/681/677 377/683/679
f 435/684/680 451/685/681 368/686/682
f 451/685/681 383/687/683 368/686/682
f 451/685/681 452/688/684 384/689/685
f 451/685/681 384/689/685 383/687/683
f 452/688/684 458/690/686 391/691/687
f 452/688/684 391/691/687 384/689/685
f 459/692/688 445/682/678 396/693/689
f 445/682/678 377/683/679 396/693/689
f 461/694/690 460/695/691 398/696/692
f 460/695/691 397/697/693 398/696/692
f 460/695/691 435/684/680 368/686/682
f 460/695/691 368/686/682 397/697/693
f 462/698/694 461/694/690 398/696/692
f 462/698/694 398/696/692 399/699/694
f 463/700/695 462/701/694 400/702/696
f 462/701/694 399/703/694 400/702/696
f 442/679/675 464/704/697 375/680/676
f 464/704/697 401/705/698 375/680/676
f 464/704/697 463/700/695 400/702/696
f 464/704/697 400/702/696 401/705/698
f 467/706/699 466/707/700 404/708/701
f 467/706/699 404/708/701 403/709/699
f 466/710/700 469/711/702 404/712/701
f 469/711/702 406/713/702 404/712/701
f 469/711/703 468/714/703 406/713/703
f 468/714/703 405/715/703 406/713/703
f 470/716/704 426/717/705 327/718/705
f 470/716/704 327/718/705 407/719/706
f 473/720/707 449/721/708 382/722/708
f 473/720/707 382/722/708 410/723/709
f 476/724/710 475/725/711 413/726/711
f 476/724/710 413/726/711 412/727/712
f 478/728/713 477/729/714 415/730/714
f 478/728/713 415/730/714 414/731/715
f 477/729/716 446/732/716 415/730/716
f 446/732/716 380/733/716 415/730/716
f 479/734/717 457/735/718 389/736/718
f 479/734/717 389/736/718 416/737/719
f 480/738/720 431/739/721 332/740/722
f 480/738/720 332/740/722 418/741/723
f 426/717/724 482/742/724 419/743/724
f 426/717/724 419/743/724 327/718/724
f 482/742/725 467/706/725 419/743/725
f 467/706/725 403/709/725 419/743/725
f 468/714/726 480/738/720 405/715/726
f 480/738/720 418/741/723 405/715/726
f 475/725/727 470/716/704 413/726/727
f 470/716/704 407/719/706 413/726/727
f 431/739/728 472/744/729 332/740/728
f 472/744/729 408/745/730 332/740/728
f 457/735/731 476/724/710 389/736/731
f 476/724/710 412/727/712 389/736/731
f 472/744/729 483/746/732 420/747/732
f 472/744/729 420/747/732 408/745/730
f 483/746/733 473/720/707 420/747/734
f 473/720/707 410/723/709 420/747/734
f 455/748/735 484/749/735 421/750/735
f 455/748/735 421/750/735 387/751/735
f 484/749/736 479/734/717 416/737/719
f 484/749/736 416/737/719 421/750/736
f 449/721/737 478/728/713 382/722/737
f 478/728/713 414/731/715 382/722/737
f 446/732/738 485/752/739 380/733/738
f 485/752/739 422/753/740 380/733/738
f 485/752/739 459/692/688 396/693/689
f 485/752/739 396/693/689 422/753/740
f 458/690/686 486/754/741 391/691/687
f 486/754/741 423/755/742 391/691/687
f 486/754/741 455/748/743 387/751/743
f 486/754/741 387/751/743 423/755/742
s off
g Head_uv_standardSurface10SG_3
v -0.189911 9.4375 -2.35805
v 0.189911 9.4375 -2.35805
v 0.284866 9.50594 -2.71938
v -0.284866 9.50594 -2.71938
v -0.379821 9.69919 -2.15876
v -0.569732 9.89848 -2.42046
v -0.189911 9.96089 -1.95948
v -0.284866 10.291 -2.12153
v 0.189911 9.96089 -1.95948
v 0.284866 10.291 -2.12153
v 0.379821 9.69919 -2.15876
v 0.569732 9.89848 -2.42046
v 0.474777 9.24424 -2.91867
v -0.474777 9.24424 -2.91867
v -0.949554 9.89848 -2.42046
v -0.474777 10.5527 -1.92225
v 0.474777 10.5527 -1.92225
v 0.949554 9.89848 -2.42046
v 0.569733 8.91411 -2.75662
v -0.569732 8.91411 -2.75662
v -1.13946 9.69919 -2.15876
v -0.569732 10.4843 -1.56091
v 0.569732 10.4843 -1.56091
v 1.13946 9.69919 -2.15876
v 0.474777 8.84567 -2.39528
v -0.474777 8.84567 -2.39528
v -0.949554 9.49991 -1.89707
v -0.474777 10.1541 -1.39886
v 0.474777 10.1541 -1.39886
v 0.949554 9.49991 -1.89707
v 0.284866 9.10737 -2.196
v -0.284866 9.10737 -2.196
v -0.569732 9.49991 -1.89707
v -0.284866 9.89245 -1.59814
v 0.284866 9.89245 -1.59814
v 0.569732 9.49991 -1.89707
vn 0 0.982532 0.186092
vn 0.774597 0.626738 -0.084851
vn 0.774597 -0.084852 -0.626738
vn 0.774596 -0.084852 -0.626738
vn 0 -0.440646 -0.897681
vn -0.774596 -0.084852 -0.626738
vn -0.774597 -0.084852 -0.626738
vn -0.774597 0.626737 -0.084852
vn 0 0.605847 -0.795581
vn -1e-06 0.605848 -0.795581
vn 0 0.605849 -0.79558
vn 1e-06 0.605848 -0.795581
vn 0 -0.440647 -0.89768
vn 0 -0.440647 -0.897681
vn -0.774596 0.626738 -0.084852
vn 0 0.982533 0.18609
vn 0 0.982533 0.186089
vn 0.774596 0.626738 -0.084852
vn 0 -0.982533 -0.186091
vn -0.774597 -0.626738 0.084851
vn -0.774596 0.084851 0.626738
vn 0 0.440647 0.897681
vn 0.774596 0.084851 0.626738
vn 0.774597 -0.626738 0.084851
vn 0.774597 -0.626738 0.084852
vn 0 -0.605847 0.795581
vn -1e-06 -0.605846 0.795582
vn 0 -0.605845 0.795582
vn 0 -0.605845 0.795583
vn 1e-06 -0.605846 0.795582
vn 0 0.440646 0.897681
vn 0.774596 0.084852 0.626738
vn 0.774598 -0.626737 0.084851
vn 0 -0.982532 -0.186093
vn -0.774598 -0.626737 0.084851
vn -0.774597 0.084851 0.626738
vt 0.100037 0.095756
vt 0.079008 0.09569
vt 0.077213 0.083457
vt 0.099946 0.08351
vt 0.120963 0.095493
vt 0.122853 0.083327
vt 0.140833 0.095002
vt 0.146495 0.082704
vt 0.158452 0.09708
vt 0.16898 0.08573
vt 0.058825 0.095681
vt 0.041203 0.098576
vt 0.053749 0.082852
vt 0.031036 0.085696
vt 0.076776 0.070492
vt 0.100219 0.070894
vt 0.123513 0.070707
vt 0.149794 0.070332
vt 0.181373 0.073544
vt 0.050951 0.069844
vt 0.018384 0.072659
vt 0.076906 0.056518
vt 0.100279 0.05665
vt 0.123651 0.056783
vt 0.150307 0.056868
vt 0.187858 0.057283
vt 0.012696 0.056017
vt 0.050248 0.056433
vt 0.077044 0.042595
vt 0.100339 0.042407
vt 0.123781 0.04281
vt 0.149603 0.043458
vt 0.182169 0.040642
vt 0.019182 0.039756
vt 0.050762 0.042968
vt 0.077703 0.029971
vt 0.100611 0.029789
vt 0.123344 0.029842
vt 0.146805 0.030448
vt 0.169518 0.027603
vt 0.031576 0.027571
vt 0.054061 0.030597
vt 0.079594 0.017809
vt 0.100519 0.017545
vt 0.121548 0.01761
vt 0.14173 0.017619
vt 0.159351 0.014724
vt 0.059724 0.018299
vt 0.042104 0.016221
usemtl standardSurface10SG
f 487/756/744 488/757/744 489/758/744
f 487/756/744 489/758/744 490/759/744
f 491/760/745 487/756/745 492/761/745
f 487/756/745 490/759/745 492/761/745
f 493/762/746 491/760/746 492/761/747
f 493/762/746 492/761/747 494/763/746
f 495/764/748 493/762/748 494/763/748
f 495/764/748 494/763/748 496/765/748
f 497/766/749 495/767/749 498/768/750
f 495/767/749 496/769/749 498/768/750
f 488/757/751 497/766/751 498/768/751
f 488/757/751 498/768/751 489/758/751
f 490/759/752 489/758/752 499/770/752
f 490/759/752 499/770/752 500/771/752
f 492/761/752 490/759/752 501/772/752
f 490/759/752 500/771/752 501/772/752
f 494/763/753 492/761/753 501/772/753
f 494/763/753 501/772/753 502/773/753
f 496/765/754 494/763/754 502/773/754
f 496/765/754 502/773/754 503/774/754
f 498/768/755 496/769/755 504/775/755
f 496/769/755 503/776/755 504/775/755
f 489/758/752 498/768/752 504/775/752
f 489/758/752 504/775/752 499/770/752
f 500/771/756 499/770/757 505/777/757
f 500/771/756 505/777/757 506/778/757
f 501/772/750 500/771/750 506/778/750
f 501/772/750 506/778/750 507/779/750
f 502/773/758 501/772/758 508/780/758
f 501/772/758 507/779/758 508/780/758
f 503/774/759 502/773/759 508/780/760
f 503/774/759 508/780/760 509/781/759
f 504/775/761 503/776/761 509/782/761
f 504/775/761 509/782/761 510/783/761
f 499/770/746 504/775/746 505/777/746
f 504/775/746 510/783/746 505/777/746
f 506/778/762 505/777/762 511/784/762
f 506/778/762 511/784/762 512/785/762
f 507/779/763 506/778/763 513/786/763
f 506/778/763 512/785/763 513/786/763
f 508/780/764 507/779/764 514/787/764
f 507/779/764 513/786/764 514/787/764
f 509/781/765 508/780/765 514/787/765
f 509/781/765 514/787/765 515/788/765
f 510/783/766 509/782/766 515/789/766
f 510/783/766 515/789/766 516/790/766
f 505/777/767 510/783/767 516/790/768
f 505/777/767 516/790/768 511/784/767
f 512/785/769 511/784/769 517/791/769
f 512/785/769 517/791/769 518/792/769
f 513/786/769 512/785/769 518/792/769
f 513/786/769 518/792/769 519/793/769
f 514/787/770 513/786/770 520/794/770
f 513/786/770 519/793/770 520/794/770
f 515/788/771 514/787/772 520/794/771
f 515/788/771 520/794/771 521/795/772
f 516/790/773 515/789/773 521/796/773
f 516/790/773 521/796/773 522/797/773
f 511/784/769 516/790/769 517/791/769
f 516/790/769 522/797/769 517/791/769
f 518/792/774 517/791/774 488/798/774
f 518/792/774 488/798/774 487/799/774
f 519/793/775 518/792/775 487/799/775
f 519/793/775 487/799/775 491/800/775
f 520/794/776 519/793/776 491/800/776
f 520/794/776 491/800/776 493/801/776
f 521/795/777 520/794/777 493/801/777
f 521/795/777 493/801/777 495/802/777
f 522/797/778 521/796/778 497/803/778
f 521/796/778 495/804/778 497/803/778
f 517/791/779 522/797/779 488/798/779
f 522/797/779 497/803/779 488/798/779
s off
g Head_uv_standardSurface10SG_4
v 0.307494 5.99794 -4.02257
v 0.195337 5.31063 -3.62888
v -0.155898 5.30037 -3.62645
v -0.319865 5.97962 -4.01822
v 0.372138 5.3471 -3.32741
v 0.612688 6.0609 -3.50216
v -0.330331 5.32658 -3.32254
v -0.609515 6.02315 -3.51357
v -0.144357 5.39683 -3.04317
v -0.275029 6.09599 -3.03036
v 0.195304 5.41128 -3.03148
v 0.32728 6.08669 -3.04494
v 0.327929 6.5617 -4.15762
v -0.359512 6.53442 -4.14081
v -0.704609 6.58414 -3.56428
v -0.345438 6.62629 -3.03977
v 0.322234 6.66394 -3.04535
v 0.660449 6.61944 -3.62108
v 0.020903 5.33684 -3.32497
v 0.315299 6.91726 -4.17478
v -0.349381 6.90045 -4.15484
v 0.301058 8.31853 -4.09907
v -0.3703 8.29745 -4.09809
v -0.712635 6.94015 -3.58481
v -0.72337 8.33966 -3.49186
v -0.353675 7.05946 -3.01721
v -0.357109 8.37247 -2.92241
v 0.333732 7.08592 -3.04625
v 0.31222 8.39236 -2.94068
v 0.668989 6.99599 -3.60955
v 0.665806 8.38181 -3.49425
v 0.351358 10.2497 -1.99106
v -0.351358 10.2497 -1.99106
v -0.351358 9.83831 -1.41436
v 0.351358 9.83831 -1.41436
v -0.702715 9.67684 -2.23592
v -0.702715 9.34288 -1.76778
v -0.351358 9.25886 -2.38296
v -0.351358 8.84745 -2.13749
v 0.351358 9.25886 -2.38616
v 0.351358 8.84745 -2.14241
v 0.702715 9.67684 -2.23592
v 0.702715 9.34288 -1.76778
v 0 9.34288 -1.76792
v -0.33732 10.4067 -2.35788
v -0.676896 9.83228 -2.50135
v -0.323983 9.40818 -2.56634
v 0.33517 9.40516 -2.53074
v 0.67559 9.82862 -2.45562
v 0.321833 10.4037 -2.32025
v -0.687241 8.659 -3.47955
v -0.350868 8.65585 -4.04203
v -0.365308 8.68976 -2.91195
v 0.292998 8.71738 -2.91227
v 0.629371 8.71424 -3.46854
v 0.307438 8.68347 -4.03309
v -0.658422 9.02796 -3.41989
v -0.341354 9.12684 -3.94322
v -0.347722 8.95489 -2.88857
v 0.280046 8.98069 -2.88484
v 0.597115 9.07957 -3.4061
v 0.286415 9.15265 -3.93531
v -0.637516 9.4023 -3.28969
v -0.335619 9.62272 -3.76855
v -0.327175 9.21037 -2.80864
v 0.285065 9.23886 -2.80447
v 0.586963 9.45928 -3.27642
v 0.276621 9.65121 -3.7613
v -0.628924 9.69845 -3.11749
v -0.332369 10.086 -3.47477
v -0.3123 9.356 -2.73912
v 0.300881 9.40105 -2.7159
v 0.599737 9.79797 -3.04616
v 0.280811 10.131 -3.45028
v -0.636402 9.88137 -2.92783
v -0.330537 10.4165 -2.95454
v -0.313781 9.38338 -2.66389
v 0.315536 9.41202 -2.62174
v 0.631862 9.92933 -2.73397
v 0.299388 10.4502 -2.88439
vn 0.008531 -0.49806 -0.8671
vn 0.816838 -0.381262 -0.432914
vn -0.796814 -0.434513 -0.419864
vn -0.80075 -0.161485 0.57682
vn 0.003058 0.000469 0.999995
vn 0.834202 -0.151873 0.530134
vn -0.007891 -0.224581 -0.974423
vn -0.007891 -0.224581 -0.974424
vn -0.855121 -0.178842 -0.486604
vn -0.815272 -0.092152 0.571699
vn 0.01565 0.009923 0.999828
vn 0.856535 0.021957 0.515622
vn 0.852802 -0.164018 -0.495809
vn 0.029746 -0.994254 0.102828
vn 0.029747 -0.994254 0.102828
vn 0.030505 -0.985998 0.163945
vn 0.029923 -0.986498 0.161014
vn 0.031793 -0.973632 0.225901
vn 0.03171 -0.973149 0.22798
vn 0.029936 -0.985687 0.165907
vn -0.01697 0.047061 -0.998748
vn -0.853381 0.018228 -0.520968
vn -0.839823 -0.04185 0.541244
vn 0.037335 -0.075867 0.996419
vn 0.849172 -0.035441 0.526925
vn 0.849196 0.041389 -0.526453
vn 0 0.814085 0.580746
vn -0.866026 0.407042 0.290373
vn -0.819514 -0.396299 -0.413937
vn -0.004966 -0.511049 -0.859537
vn 0.820981 -0.394348 -0.412892
vn 0.866025 0.407042 0.290374
vn -7.8e-05 -0.580857 0.814006
vn 7.7e-05 -0.580856 0.814007
vn 0.000927 -0.59082 0.806803
vn 0.000154 -0.589539 0.80774
vn 0.002909 -0.599259 0.80055
vn 0.002749 -0.601769 0.798666
vn -0.000154 -0.592165 0.805816
vn -0.869695 0.488707 0.069255
vn -0.869858 0.487727 0.073958
vn -0.868498 0.463951 0.174531
vn -0.779694 -0.567746 -0.264087
vn -0.778777 -0.56602 -0.27042
vn -0.741658 -0.51081 -0.434759
vn 0.015245 -0.869399 -0.493875
vn 0.015155 -0.854643 -0.518996
vn 0.014275 -0.742959 -0.669185
vn 0.758733 -0.514054 -0.40009
vn 0.762084 -0.52027 -0.385417
vn 0.736844 -0.477647 -0.47845
vn 0.858588 0.501953 0.104261
vn 0.856833 0.507828 0.089155
vn 0.863754 0.472826 0.174252
vn -0.019898 0.976995 0.212331
vn -0.020747 0.980466 0.195591
vn -0.009255 0.912883 0.408118
vn -0.852891 0.121153 -0.507838
vn -0.853677 0.128118 -0.504798
vn -0.853597 0.127385 -0.50512
vn -0.855823 0.019058 0.516918
vn -0.861596 0.008091 0.507531
vn -0.860587 0.010036 0.509204
vn 0.016103 -0.059707 0.998086
vn 0.009848 -0.074983 0.997136
vn 0.00961 -0.075564 0.997095
vn 0.84908 0.028457 0.527497
vn 0.852598 0.0072 0.522517
vn 0.852029 0.010819 0.523383
vn 0.853987 0.103829 -0.509829
vn 0.856759 0.129338 -0.499235
vn 0.856324 0.124902 -0.501108
vn -0.00019 0.166365 -0.986064
vn 0.002213 0.186891 -0.982378
vn 0.00237 0.188226 -0.982123
vn -0.858297 0.163492 -0.486412
vn -0.858107 0.161906 -0.487277
vn -0.864321 -0.058687 0.499506
vn -0.864788 -0.051259 0.499513
vn 0.004196 -0.198431 0.980106
vn 0.003946 -0.189462 0.98188
vn 0.860041 -0.084586 0.503165
vn 0.859886 -0.07988 0.504199
vn 0.858834 0.168112 -0.483884
vn 0.858811 0.1662 -0.484583
vn 0.000551 0.270607 -0.96269
vn 0.000712 0.267806 -0.963473
vn -0.864033 0.230288 -0.447677
vn -0.864038 0.2304 -0.447609
vn -0.855954 -0.157878 0.49236
vn -0.856307 -0.154333 0.492869
vn 0.00722 -0.354987 0.934843
vn 0.007262 -0.365922 0.930617
vn 0.863225 -0.222798 0.452994
vn 0.863238 -0.224391 0.452182
vn 0.857187 0.233023 -0.459272
vn 0.857414 0.229038 -0.46085
vn -0.006784 0.437233 -0.899323
vn -0.007019 0.443634 -0.896181
vn -0.861918 0.341264 -0.375015
vn -0.861114 0.34959 -0.369148
vn -0.859088 -0.309104 0.407949
vn -0.859011 -0.3078 0.409095
vn 0.021276 -0.671009 0.741144
vn 0.025032 -0.725237 0.688044
vn 0.869923 -0.409468 0.274901
vn 0.869894 -0.410691 0.273163
vn 0.854832 0.361302 -0.372456
vn 0.853671 0.379288 -0.356912
vn -0.0136 0.738539 -0.674074
vn -0.013336 0.720556 -0.693268
vn -0.867645 0.471124 -0.158853
vn -0.868569 0.480369 -0.121793
vn -0.841905 -0.533497 0.081097
vn -0.835278 -0.547787 0.047323
vn 0.026832 -0.989425 0.142543
vn 0.029508 -0.987824 0.152751
vn 0.832221 -0.548987 -0.077603
vn 0.828722 -0.550786 -0.099276
vn 0.855263 0.497191 -0.146034
vn 0.855748 0.504656 -0.114094
vn -0.022979 0.97483 -0.221763
vn -0.021894 0.962559 -0.270187
vn 0.858975 -0.028355 0.511233
vn 0.848789 0.000677 -0.528731
vn 0.84879 0.000677 -0.528731
vn -0.025734 -0.043236 -0.998733
vn -0.851307 -0.022601 -0.524181
vn -0.834137 -0.018601 0.551243
vn -0.834137 -0.018601 0.551244
vn 0.026735 -0.025404 0.99932
vt 0.09899 0.182674
vt 0.099562 0.154843
vt 0.116129 0.153913
vt 0.12015 0.181878
vt 0.083134 0.153793
vt 0.078224 0.181013
vt 0.1318 0.151275
vt 0.139961 0.178457
vt 0.14497 0.146866
vt 0.160505 0.171609
vt 0.037375 0.170135
vt 0.05521 0.146876
vt 0.067746 0.151914
vt 0.059536 0.17663
vt 0.09859 0.200356
vt 0.121206 0.199337
vt 0.143804 0.198148
vt 0.167 0.194522
vt 0.05302 0.197675
vt 0.028546 0.191691
vt 0.077044 0.200032
vt 0.235034 0.261723
vt 0.245432 0.268392
vt 0.234449 0.274058
vt 0.22406 0.267395
vt 0.224095 0.27945
vt 0.233875 0.286335
vt 0.224097 0.279447
vt 0.244856 0.280732
vt 0.098371 0.21127
vt 0.121025 0.210758
vt 0.096148 0.252401
vt 0.119235 0.252492
vt 0.144493 0.210695
vt 0.142481 0.258923
vt 0.169326 0.213691
vt 0.165837 0.267334
vt 0.025359 0.2099
vt 0.051236 0.213635
vt 0.0486 0.262906
vt 0.023652 0.263051
vt 0.075079 0.212508
vt 0.071608 0.257811
vt 0.089157 0.346833
vt 0.115036 0.348457
vt 0.118813 0.372278
vt 0.083764 0.370601
vt 0.140997 0.339686
vt 0.150536 0.358487
vt 0.159672 0.327898
vt 0.175542 0.33827
vt 0.023895 0.309308
vt 0.045581 0.32349
vt 0.012524 0.320911
vt 0.031675 0.336084
vt 0.063441 0.336227
vt 0.053669 0.354404
vt 0.263202 0.283566
vt 0.263276 0.258861
vt 0.284637 0.271277
vt 0.284708 0.246572
vt 0.306403 0.25899
vt 0.306433 0.283695
vt 0.28456 0.295982
vt 0.113364 0.337013
vt 0.136028 0.330367
vt 0.154945 0.318976
vt 0.029619 0.304784
vt 0.050465 0.316032
vt 0.068483 0.328836
vt 0.092135 0.336845
vt 0.140224 0.270008
vt 0.118221 0.263538
vt 0.161906 0.280694
vt 0.024916 0.27567
vt 0.049355 0.276133
vt 0.072146 0.269256
vt 0.095149 0.263578
vt 0.137745 0.282934
vt 0.116879 0.277747
vt 0.158788 0.292123
vt 0.050674 0.287284
vt 0.027396 0.285495
vt 0.073047 0.282011
vt 0.095232 0.277641
vt 0.135484 0.296501
vt 0.115457 0.292567
vt 0.156019 0.30421
vt 0.030258 0.294304
vt 0.052033 0.299467
vt 0.074041 0.295771
vt 0.095429 0.292505
vt 0.132993 0.307952
vt 0.113815 0.306879
vt 0.154654 0.311366
vt 0.031767 0.299365
vt 0.052225 0.308088
vt 0.075493 0.309394
vt 0.095691 0.307368
vt 0.131183 0.316992
vt 0.112699 0.321922
vt 0.154974 0.314667
vt 0.051416 0.312183
vt 0.031333 0.302001
vt 0.073823 0.320554
vt 0.094738 0.322999
usemtl standardSurface10SG
f 523/805/780 524/806/780 525/807/780
f 523/805/780 525/807/780 526/808/780
f 524/806/781 523/805/781 527/809/781
f 523/805/781 528/810/781 527/809/781
f 526/808/782 525/807/782 529/811/782
f 526/808/782 529/811/782 530/812/782
f 530/812/783 529/811/783 531/813/783
f 530/812/783 531/813/783 532/814/783
f 532/815/784 531/816/784 533/817/784
f 532/815/784 533/817/784 534/818/784
f 534/818/785 533/817/785 528/810/785
f 533/817/785 527/809/785 528/810/785
f 523/805/786 526/808/787 535/819/786
f 526/808/787 536/820/786 535/819/786
f 526/808/788 530/812/788 537/821/788
f 526/808/788 537/821/788 536/820/788
f 530/812/789 532/814/789 537/821/789
f 532/814/789 538/822/789 537/821/789
f 532/815/790 534/818/790 539/823/790
f 532/815/790 539/823/790 538/824/790
f 534/818/791 528/810/791 539/823/791
f 528/810/791 540/825/791 539/823/791
f 528/810/792 523/805/792 535/819/792
f 528/810/792 535/819/792 540/825/792
f 525/826/793 524/827/794 541/828/795
f 529/829/796 525/826/793 541/828/795
f 531/830/797 529/829/796 541/828/795
f 533/831/798 531/832/797 541/828/795
f 527/833/799 533/831/798 541/828/795
f 524/827/794 527/833/799 541/828/795
f 542/834/800 543/835/800 544/836/800
f 543/835/800 545/837/800 544/836/800
f 543/835/801 546/838/801 547/839/801
f 543/835/801 547/839/801 545/837/801
f 546/838/802 548/840/802 547/839/802
f 548/840/802 549/841/802 547/839/802
f 548/842/803 550/843/803 551/844/803
f 548/842/803 551/844/803 549/845/803
f 550/843/804 552/846/804 553/847/804
f 550/843/804 553/847/804 551/844/804
f 552/846/805 542/834/805 544/836/805
f 552/846/805 544/836/805 553/847/805
f 554/848/806 555/849/806 556/850/806
f 554/848/806 556/850/806 557/851/806
f 555/849/807 558/852/807 556/850/807
f 558/852/807 559/853/807 556/850/807
f 558/852/808 560/854/808 559/853/808
f 560/854/808 561/855/808 559/853/808
f 560/856/809 562/857/809 561/858/809
f 562/857/809 563/859/809 561/858/809
f 562/857/810 564/860/810 565/861/810
f 562/857/810 565/861/810 563/859/810
f 564/860/811 554/848/811 557/851/811
f 564/860/811 557/851/811 565/861/811
f 557/862/812 556/863/813 566/864/814
f 556/863/813 559/865/815 566/864/814
f 559/865/815 561/866/816 566/864/814
f 561/866/816 563/867/817 566/864/814
f 563/867/817 565/868/818 566/864/814
f 565/868/818 557/862/812 566/864/814
f 567/869/819 568/870/820 555/849/821
f 568/870/820 558/852/821 555/849/821
f 568/870/822 569/871/823 558/852/824
f 569/871/823 560/854/824 558/852/824
f 569/872/825 570/873/826 560/856/827
f 570/873/826 562/857/827 560/856/827
f 570/873/828 571/874/829 564/860/830
f 570/873/828 564/860/830 562/857/830
f 571/874/831 572/875/832 554/848/833
f 571/874/831 554/848/833 564/860/833
f 572/875/834 567/869/835 555/849/836
f 572/875/834 555/849/836 554/848/836
f 545/837/837 547/839/837 573/876/838
f 545/837/837 573/876/838 574/877/839
f 547/839/840 549/841/840 575/878/841
f 547/839/840 575/878/841 573/876/842
f 549/845/843 551/844/843 575/879/844
f 551/844/843 576/880/845 575/879/844
f 551/844/846 553/847/846 576/880/847
f 553/847/846 577/881/848 576/880/847
f 553/847/849 544/836/849 577/881/850
f 544/836/849 578/882/851 577/881/850
f 544/836/852 545/837/852 574/877/853
f 544/836/852 574/877/853 578/882/854
f 574/877/839 573/876/838 579/883/855
f 574/877/839 579/883/855 580/884/856
f 573/876/842 575/878/841 581/885/857
f 573/876/842 581/885/857 579/883/858
f 575/879/844 576/880/845 582/886/859
f 575/879/844 582/886/859 581/887/860
f 576/880/847 577/881/848 582/886/861
f 577/881/848 583/888/862 582/886/861
f 577/881/850 578/882/851 583/888/863
f 578/882/851 584/889/864 583/888/863
f 578/882/854 574/877/853 584/889/865
f 574/877/853 580/884/866 584/889/865
f 580/884/856 579/883/855 585/890/867
f 580/884/856 585/890/867 586/891/868
f 579/883/858 581/885/857 587/892/869
f 579/883/858 587/892/869 585/890/870
f 581/887/860 582/886/859 587/893/871
f 582/886/859 588/894/872 587/893/871
f 582/886/861 583/888/862 588/894/873
f 583/888/862 589/895/874 588/894/873
f 583/888/863 584/889/864 589/895/875
f 584/889/864 590/896/876 589/895/875
f 584/889/865 580/884/866 586/891/877
f 584/889/865 586/891/877 590/896/878
f 586/891/868 585/890/867 591/897/879
f 586/891/868 591/897/879 592/898/880
f 585/890/870 587/892/869 593/899/881
f 585/890/870 593/899/881 591/897/882
f 587/893/871 588/894/872 593/900/883
f 588/894/872 594/901/884 593/900/883
f 588/894/873 589/895/874 594/901/885
f 589/895/874 595/902/886 594/901/885
f 589/895/875 590/896/876 596/903/887
f 589/895/875 596/903/887 595/902/888
f 590/896/878 586/891/877 596/903/889
f 586/891/877 592/898/890 596/903/889
f 592/898/880 591/897/879 597/904/891
f 592/898/880 597/904/891 598/905/892
f 591/897/882 593/899/881 597/904/893
f 593/899/881 599/906/894 597/904/893
f 593/900/883 594/901/884 600/907/895
f 593/900/883 600/907/895 599/908/896
f 594/901/885 595/902/886 601/909/897
f 594/901/885 601/909/897 600/907/898
f 595/902/888 596/903/887 602/910/899
f 595/902/888 602/910/899 601/909/900
f 596/903/889 592/898/890 602/910/901
f 592/898/890 598/905/902 602/910/901
f 598/905/892 597/904/891 567/869/819
f 597/904/891 568/870/820 567/869/819
f 597/904/893 599/906/894 569/871/823
f 597/904/893 569/871/823 568/870/822
f 599/908/896 600/907/895 569/872/825
f 600/907/895 570/873/826 569/872/825
f 600/907/898 601/909/897 570/873/828
f 601/909/897 571/874/829 570/873/828
f 601/909/900 602/910/899 572/875/832
f 601/909/900 572/875/832 571/874/831
f 602/910/901 598/905/902 567/869/835
f 602/910/901 567/869/835 572/875/834
f 539/823/903 540/825/903 552/846/903
f 539/823/903 552/846/903 550/843/903
f 540/825/904 535/819/905 552/846/905
f 535/819/905 542/834/905 552/846/905
f 535/819/906 536/820/906 542/834/906
f 536/820/906 543/835/906 542/834/906
f 536/820/907 537/821/907 543/835/907
f 537/821/907 546/838/907 543/835/907
f 537/821/908 538/822/908 548/840/909
f 537/821/908 548/840/909 546/838/909
f 538/824/910 539/823/910 548/842/910
f 539/823/910 550/843/910 548/842/910
s off
g Apron_standardSurface11SG
v -2.44533 -3.17357 1.00812
v -1.17874 -3.3509 1.62168
v -2.14755 -1.83494 1.01997
v -1.09794 -1.96368 1.60597
v 0 -3.43158 1.70481
v 0 -2.00295 1.70491
v 1.17874 -3.3509 1.62168
v 1.09794 -1.96368 1.60597
v 2.44533 -3.17357 1.00812
v 2.14755 -1.83494 1.01997
v -1.8614 -0.948332 1.02673
v -0.971834 -1.03765 1.59207
v -1.45572 0.117463 0.934294
v -0.683142 0.085825 1.53183
v 0 -1.04476 1.70516
v 0 0.059526 1.64709
v 0.971834 -1.03765 1.59207
v 0.683142 0.085825 1.53183
v 1.8614 -0.948332 1.02673
v 1.45572 0.117463 0.934294
v -1.33616 0.609784 0.846703
v -0.568619 0.635077 1.4021
v 0 0.638232 1.58267
v 0.568619 0.635077 1.4021
v 1.33616 0.609784 0.846703
v -0.66835 2.06865 1.58009
v -1.50196 2.06336 1.1493
v 0 2.06847 1.70772
v 0.66835 2.06865 1.58009
v 1.50196 2.06336 1.1493
v -1.0423 4.01554 1.2805
v -0.519842 4.01158 1.44167
v 0 3.98741 1.58492
v 0.519843 4.01158 1.44166
v 1.0423 4.01554 1.2805
v -2.52435 -1.71221 -0.104085
v -2.83903 -3.0216 -0.180973
v 2.52435 -1.71221 -0.104085
v 2.83903 -3.0216 -0.180973
v -1.80226 0.142425 -0.008996
v -2.22353 -0.850724 -0.041778
v 1.80226 0.142425 -0.008996
v 2.22353 -0.850724 -0.041778
v -1.59501 0.682323 0.02168
v 1.59501 0.682323 0.02168
v -2.28647 -1.70554 -1.06912
v -2.63793 -3.02101 -1.12722
v 2.28647 -1.70554 -1.06912
v 2.63793 -3.02101 -1.12722
v -1.5789 0.04255 -0.831995
v -1.9605 -0.840099 -0.965526
v 1.5789 0.042549 -0.831995
v 1.9605 -0.8401 -0.965526
v -1.29589 0.616012 -0.676336
v 1.29589 0.616012 -0.676336
v -0.713175 0.534987 -0.876004
v -0.907379 -0.068444 -0.976508
v 0.713175 0.534988 -0.876004
v 0.907379 -0.068445 -0.976508
v -0.252723 0.493541 -0.99355
v -0.323106 -0.08617 -1.09568
v 0.252723 0.493542 -0.99355
v 0.323106 -0.086172 -1.09568
v -0.536752 4.68493 0.962452
v -1.07547 4.65329 0.91375
v 0.536752 4.68493 0.962451
v 1.07547 4.65329 0.91375
v -0.5442 5.01804 0.572496
v -1.11192 4.90508 0.523795
v 0.5442 5.01804 0.572495
v 1.11192 4.90508 0.523795
v -0.583926 5.12354 0.022018
v -1.15165 5.00912 -0.000661
v 0.583926 5.12354 0.022018
v 1.15165 5.00912 -0.000661
v -0.643863 5.10226 -0.610753
v -1.21179 4.98853 -0.606303
v 0.643863 5.10226 -0.610754
v 1.21179 4.98853 -0.606303
v -1.20132 4.68965 -0.989328
v -0.676392 4.77829 -1.08595
v 1.20132 4.68965 -0.989327
v 0.676393 4.77829 -1.08595
v -1.16148 4.22342 -1.07338
v -0.640516 4.22342 -1.17247
v 1.16148 4.22342 -1.07338
v 0.640517 4.22342 -1.17247
v -0.498003 2.77691 -1.1307
v -1.00593 2.77691 -1.02571
v 0.498003 2.77691 -1.1307
v 1.00593 2.77691 -1.02571
v -2.36566 -3.18899 0.937292
v -2.06808 -1.85417 0.950714
v -1.15114 -3.35462 1.52358
v -1.06844 -1.96893 1.50824
v 0 -3.43236 1.6045
v 0 -2.00403 1.6045
v 1.06844 -1.96893 1.50824
v 1.15114 -3.35462 1.52358
v 2.06808 -1.85417 0.950714
v 2.36566 -3.18899 0.937292
v -1.78277 -0.976088 0.961762
v -1.37703 0.085388 0.873754
v -0.937996 -1.04898 1.49562
v -0.644044 0.065404 1.43901
v 0 0.046159 1.54601
v 0 -1.04898 1.6045
v 0.937997 -1.04898 1.49562
v 0.644044 0.065404 1.43901
v 1.37703 0.085388 0.873754
v 1.78277 -0.976088 0.961762
v -1.24732 0.611596 0.78216
v -0.526791 0.63032 1.30727
v 0 0.635432 1.47863
v 0.526791 0.63032 1.30727
v 1.24732 0.611596 0.78216
v -1.45262 2.07042 1.06172
v -0.632791 2.07042 1.48504
v 0 2.07042 1.6045
v 0.632791 2.07042 1.48504
v 1.45262 2.07042 1.06172
v -0.998873 3.97962 1.1922
v -0.499437 3.97962 1.34591
v 0 3.97962 1.4827
v 0.499437 3.97962 1.34591
v 0.998873 3.97962 1.1922
v -2.73815 -3.04609 -0.187219
v -2.42452 -1.74195 -0.109808
v 2.42452 -1.74195 -0.109808
v 2.73815 -3.04609 -0.187219
v -2.12628 -0.889129 -0.046087
v -1.70516 0.101038 -0.010258
v 1.70516 0.101038 -0.010258
v 2.12628 -0.889129 -0.046087
v -1.4969 0.641475 0.022653
v 1.4969 0.641475 0.022653
v -2.54356 -3.04609 -1.10566
v -2.19373 -1.73577 -1.04643
v 2.19373 -1.73577 -1.04643
v 2.54356 -3.04609 -1.10566
v -1.87134 -0.877852 -0.940312
v -1.49958 -0.003678 -0.768264
v 1.49958 -0.003679 -0.768265
v 1.87134 -0.877852 -0.940312
v -1.23122 0.571612 -0.597287
v 1.23122 0.571613 -0.597287
v -0.886963 -0.093776 -0.88185
v -0.691458 0.520669 -0.777993
v 0.691458 0.52067 -0.777993
v 0.886963 -0.093777 -0.88185
v -0.312735 -0.10562 -0.997563
v -0.237931 0.483362 -0.893706
v 0.237931 0.483363 -0.893706
v 0.312735 -0.105621 -0.997564
v -1.05829 4.58551 0.840123
v -0.519568 4.61715 0.888824
v 0.519568 4.61715 0.888824
v 1.05829 4.58551 0.840123
v -1.09303 4.81356 0.481805
v -0.525312 4.92652 0.530506
v 0.525312 4.92652 0.530506
v 1.09303 4.81356 0.481805
v -1.13135 4.91105 -0.010161
v -0.563624 5.02548 0.012518
v 0.563625 5.02548 0.012518
v 1.13135 4.91105 -0.010161
v -1.19006 4.89135 -0.574224
v -0.622139 5.00508 -0.578674
v 0.62214 5.00508 -0.578675
v 1.19006 4.89135 -0.574223
v -1.17828 4.63454 -0.899214
v -0.653355 4.72318 -0.995836
v 0.653355 4.72318 -0.995837
v 1.17828 4.63454 -0.899214
v -1.14188 4.21851 -0.974937
v -0.620908 4.21851 -1.07403
v 0.620908 4.21851 -1.07403
v 1.14188 4.21851 -0.974936
v -0.984899 2.78382 -0.92816
v -0.476968 2.78382 -1.03315
v 0.476968 2.78382 -1.03315
v 0.984899 2.78382 -0.928159
vn -0.452246 0.064069 0.889589
vn -0.290126 0.039527 0.956172
vn -0.464074 0.077574 0.882393
vn -0.298155 0.050949 0.953157
vn 0 0.007826 0.999969
vn 0 0.010162 0.999948
vn 0.290126 0.039527 0.956172
vn 0.298155 0.050949 0.953157
vn 0.452246 0.064069 0.889589
vn 0.464074 0.077574 0.882393
vn -0.519642 0.165332 0.838235
vn -0.351693 0.118945 0.928528
vn -0.555322 0.248408 0.793669
vn -0.35902 0.173965 0.916974
vn -0 0.041172 0.999152
vn -0 0.101505 0.994835
vn 0.351693 0.118945 0.928528
vn 0.35902 0.173965 0.916974
vn 0.519642 0.165332 0.838235
vn 0.555322 0.248408 0.793669
vn -0.545495 -0.038661 0.837222
vn -0.439912 -0.0444 0.896942
vn 0 -0.024666 0.999696
vn 0.439912 -0.0444 0.896942
vn 0.545495 -0.038661 0.837222
vn -0.354572 -0.050436 0.933667
vn -0.501197 -0.124433 0.85634
vn 0 -0.005891 0.999983
vn 0.354572 -0.050436 0.933667
vn 0.501197 -0.124433 0.85634
vn -0.406845 0.062101 0.911384
vn -0.24274 0.079215 0.966852
vn 0 0.076129 0.997098
vn 0.242739 0.079215 0.966852
vn 0.406844 0.062101 0.911384
vn -0.921728 0.202094 0.331021
vn -0.912639 0.238978 0.331631
vn -0.915409 0.228325 0.331504
vn 0.915409 0.228325 0.331503
vn 0.912639 0.238978 0.331631
vn 0.921728 0.202094 0.33102
vn -0.885628 0.326002 0.330737
vn -0.878327 0.347545 0.32826
vn -0.878654 0.346785 0.328189
vn -0.887653 0.320259 0.330918
vn 0.878327 0.347545 0.328259
vn 0.885628 0.326002 0.330737
vn 0.878654 0.346785 0.328189
vn 0.887653 0.320259 0.330918
vn -0.896762 0.301777 0.323649
vn 0.896762 0.301777 0.323649
vn -0.943732 0.2506 -0.215801
vn -0.928097 0.296199 -0.225614
vn -0.931723 0.286247 -0.223506
vn 0.931723 0.286247 -0.223506
vn 0.928097 0.296199 -0.225614
vn 0.943732 0.2506 -0.215801
vn -0.877793 0.399186 -0.26482
vn -0.877793 0.399187 -0.26482
vn 0.877793 0.399187 -0.264819
vn 0.877793 0.399187 -0.26482
vn -0.840277 0.426118 -0.335199
vn 0.840277 0.426118 -0.3352
vn 0.905703 0.351491 -0.236973
vn -0.905703 0.351492 -0.236972
vn -0.211914 0.289124 -0.933541
vn -0.211914 0.289125 -0.933541
vn 0.211914 0.289124 -0.933541
vn -0.204769 0.209543 -0.956118
vn 0.204769 0.209542 -0.956118
vn 0 0.173496 -0.984834
vn -0.177929 0.528707 0.829946
vn 0.177928 0.528708 0.829946
vn -0.155405 0.786076 0.598276
vn 0.155404 0.786076 0.598276
vn -0.204506 0.957833 0.201824
vn 0.204504 0.957833 0.201825
vn -0.196731 0.980357 -0.01407
vn 0.19673 0.980357 -0.01407
vn -0.200196 0.79538 -0.572094
vn 0.200197 0.795381 -0.572093
vn -0.193996 0.147623 -0.969831
vn 0.193998 0.147623 -0.969831
vn -0.194321 -0.050305 -0.979647
vn 0.194323 -0.050306 -0.979647
vn -0.226684 -0.088437 -0.969945
vn 0.226685 -0.088437 -0.969945
vn 0.451648 -0.06376 -0.889915
vn 0.463298 -0.076834 -0.882865
vn 0.288175 -0.039102 -0.956779
vn 0.295742 -0.050209 -0.953948
vn 0 -0.007784 -0.99997
vn 0 -0.010032 -0.99995
vn -0.295742 -0.050209 -0.953948
vn -0.288175 -0.039102 -0.956779
vn -0.463298 -0.076834 -0.882865
vn -0.451649 -0.06376 -0.889915
vn 0.51947 -0.1642 -0.838564
vn 0.556426 -0.248177 -0.792968
vn 0.349973 -0.118041 -0.929293
vn 0.35861 -0.173506 -0.917221
vn 0 -0.101489 -0.994837
vn 0 -0.040518 -0.999179
vn -0.349973 -0.118041 -0.929293
vn -0.35861 -0.173506 -0.917221
vn -0.556426 -0.248177 -0.792968
vn -0.51947 -0.1642 -0.838564
vn 0.54602 0.042341 -0.836701
vn 0.443095 0.043226 -0.895432
vn 0 0.02361 -0.999721
vn -0.443095 0.043226 -0.895432
vn -0.54602 0.042341 -0.836701
vn 0.501335 0.123486 -0.856396
vn 0.356949 0.051666 -0.932694
vn -0 0.006081 -0.999982
vn -0.356949 0.051666 -0.932694
vn -0.501335 0.123486 -0.856396
vn 0.40736 -0.061652 -0.911185
vn 0.24276 -0.079043 -0.966861
vn -0 -0.076018 -0.997106
vn -0.24276 -0.079043 -0.966861
vn -0.407359 -0.061652 -0.911185
vn 0.921709 -0.202083 -0.331081
vn 0.915466 -0.228024 -0.331553
vn 0.912587 -0.239104 -0.331684
vn -0.915466 -0.228024 -0.331553
vn -0.921709 -0.202083 -0.33108
vn -0.912587 -0.239104 -0.331684
vn 0.885452 -0.326475 -0.33074
vn 0.887698 -0.320107 -0.330944
vn 0.878666 -0.34678 -0.328162
vn 0.878515 -0.34713 -0.328195
vn -0.878515 -0.34713 -0.328195
vn -0.878666 -0.34678 -0.328162
vn -0.885452 -0.326475 -0.33074
vn -0.887698 -0.320107 -0.330944
vn 0.896739 -0.30193 -0.323571
vn 0.896738 -0.30193 -0.323571
vn -0.896738 -0.30193 -0.323571
vn -0.896739 -0.30193 -0.323571
vn 0.943742 -0.250757 0.215575
vn 0.931821 -0.286134 0.223243
vn 0.928038 -0.29651 0.225448
vn -0.931821 -0.286134 0.223244
vn -0.943742 -0.250757 0.215575
vn -0.928038 -0.29651 0.225448
vn 0.875792 -0.402219 0.266848
vn -0.875792 -0.402219 0.266848
vn 0.840445 -0.42131 0.340807
vn -0.840445 -0.42131 0.340807
vn -0.90552 -0.352023 0.236884
vn 0.90552 -0.352023 0.236883
vn 0.202435 -0.294667 0.933912
vn -0.202436 -0.294667 0.933912
vn -0.202436 -0.294666 0.933912
vn 0.205113 -0.211031 0.955717
vn -0.205113 -0.21103 0.955717
vn 0 -0.173654 0.984807
vn 0.17793 -0.528708 -0.829945
vn -0.177929 -0.528707 -0.829946
vn 0.155405 -0.786076 -0.598275
vn -0.155403 -0.786077 -0.598275
vn 0.204504 -0.957833 -0.201825
vn 0.204504 -0.957834 -0.201825
vn -0.204504 -0.957834 -0.201825
vn -0.204504 -0.957833 -0.201825
vn 0.19673 -0.980357 0.01407
vn -0.19673 -0.980357 0.01407
vn 0.200195 -0.795381 0.572094
vn -0.200196 -0.79538 0.572094
vn 0.193995 -0.147624 0.969831
vn -0.193998 -0.147624 0.969831
vn 0.194321 0.050306 0.979647
vn -0.194323 0.050306 0.979647
vn 0.22611 0.087948 0.970123
vn -0.226111 0.087948 0.970123
vn -0.198972 -0.979807 -0.019727
vn -0.115957 -0.993111 0.016888
vn -0.102884 -0.994568 0.01583
vn -0.171142 -0.985246 0.00088
vn 0 -0.999914 0.013091
vn 0.115956 -0.993111 0.016888
vn 0.102884 -0.994568 0.015829
vn 0.198972 -0.979807 -0.019727
vn 0.171142 -0.985246 0.00088
vn -0.79707 0.130621 -0.589591
vn -0.740814 0.039638 -0.67054
vn -0.821911 0.179676 -0.540536
vn 0.740814 0.039638 -0.670539
vn 0.797072 0.130621 -0.589588
vn 0.821914 0.179676 -0.540532
vn -0.909357 0.084896 -0.407263
vn -0.871636 0.17809 -0.456657
vn -0 0.981904 -0.18938
vn 0.075098 0.979131 -0.188846
vn -0.075098 0.979131 -0.188846
vn 0.90936 0.084897 -0.407256
vn 0.871639 0.178091 -0.45665
vn -0.237826 -0.970088 -0.048672
vn -0.237472 -0.970187 -0.048415
vn 0.237825 -0.970088 -0.048672
vn 0.237471 -0.970187 -0.048415
vn 0.20371 0.979029 -0.002083
vn 0.31012 0.949808 0.041109
vn 0.308326 0.950424 0.04037
vn -0.31012 0.949808 0.041109
vn -0.20371 0.979029 -0.002083
vn -0.308325 0.950424 0.040371
vn 0.246283 0.004061 -0.969189
vn 0.225425 -0.016682 -0.974118
vn 0.233785 -0.008394 -0.972252
vn -0.241912 -0.968923 -0.051637
vn 0.241909 -0.968924 -0.051637
vn -0.225424 -0.016682 -0.974118
vn -0.246283 0.00406 -0.96919
vn -0.233784 -0.008394 -0.972252
vn 0.451425 -0.038516 -0.891478
vn 0.402047 -0.023107 -0.915327
vn 0.31873 0.002182 -0.947843
vn -0.402048 -0.023108 -0.915327
vn -0.451425 -0.038518 -0.891477
vn -0.318731 0.002181 -0.947843
vn 0.350111 0.926717 0.13645
vn 0.269087 0.945705 0.182303
vn -0.35011 0.926717 0.13645
vn -0.269087 0.945705 0.182304
vn 0.188626 0.955932 0.224977
vn -0.14748 -0.95409 -0.260693
vn -0.205097 -0.933919 -0.292797
vn -0.128403 -0.959726 -0.249879
vn 0.205097 -0.93392 -0.292795
vn 0.14748 -0.954091 -0.260692
vn 0.128403 -0.959726 -0.249878
vn -0.188626 0.955932 0.224977
vn -0.035234 -0.97806 -0.205324
vn -0.0303 -0.97854 -0.203818
vn 0.035232 -0.97806 -0.205324
vn 0.030298 -0.97854 -0.203818
vn -2e-06 0.994843 0.101423
vn 0.981446 0.12903 0.141825
vn 0.983209 0.141001 0.11584
vn 0.98171 0.130527 0.138595
vn -0.97601 -0.199591 -0.086989
vn -0.956615 -0.202094 -0.209871
vn 0.976011 -0.19959 -0.086988
vn 0.956616 -0.202092 -0.209867
vn -0.983209 0.141 0.115839
vn -0.981446 0.129031 0.141827
vn -0.98171 0.130528 0.138596
vn 0.980258 0.197692 -0.003431
vn 0.984167 0.158982 0.078355
vn -0.977793 -0.208538 0.020812
vn -0.979502 -0.200533 -0.019053
vn 0.977793 -0.208537 0.020813
vn 0.979502 -0.200533 -0.019052
vn -0.980258 0.197691 -0.003432
vn -0.984168 0.158981 0.078354
vn 0.976331 0.202847 -0.075038
vn 0.976791 0.205296 -0.061103
vn -0.976074 -0.202658 0.078795
vn -0.976572 -0.205323 0.064416
vn 0.976074 -0.202658 0.078795
vn 0.976572 -0.205323 0.064417
vn -0.976331 0.202847 -0.075038
vn -0.976791 0.205296 -0.061103
vn 0.975334 0.187372 -0.116687
vn 0.974844 0.161324 -0.153798
vn -0.974546 -0.196116 0.10862
vn -0.974449 -0.192652 0.11547
vn 0.974546 -0.196116 0.10862
vn 0.974449 -0.192653 0.11547
vn -0.975334 0.187373 -0.116687
vn -0.974844 0.161324 -0.153798
vn 0.975224 0.132824 -0.176907
vn 0.976877 0.100655 -0.188628
vn -0.975776 -0.170206 0.137445
vn -0.976348 -0.12864 0.17377
vn 0.975776 -0.170207 0.137445
vn 0.976348 -0.12864 0.173771
vn -0.975224 0.132824 -0.176908
vn -0.976876 0.100656 -0.18863
vn 0.975611 0.091624 -0.19947
vn 0.975387 0.091456 -0.200641
vn -0.974743 -0.104203 0.19753
vn -0.974533 -0.102297 0.199551
vn 0.974743 -0.104203 0.197531
vn 0.974533 -0.102297 0.199552
vn -0.97561 0.091624 -0.199472
vn -0.975386 0.091456 -0.200643
vn 0.978351 0.09231 -0.185222
vn 0.977778 0.092102 -0.188328
vn -0.972466 -0.108093 0.206458
vn -0.972802 -0.106327 0.205792
vn 0.972466 -0.108092 0.206459
vn 0.972802 -0.106326 0.205793
vn -0.978351 0.09231 -0.185223
vn -0.977778 0.092102 -0.18833
vn 0.979939 0.092898 -0.176324
vn -0.971599 -0.11257 0.208143
vn 0.971599 -0.11257 0.208145
vn -0.979939 0.092898 -0.176325
vt 0.600577 0.695257
vt 0.644327 0.689881
vt 0.609543 0.73374
vt 0.647422 0.729671
vt 0.682048 0.687227
vt 0.682235 0.729129
vt 0.719788 0.689544
vt 0.717042 0.729335
vt 0.76356 0.694556
vt 0.754917 0.733065
vt 0.617678 0.76115
vt 0.651043 0.756556
vt 0.627967 0.797903
vt 0.65919 0.793084
vt 0.682374 0.757753
vt 0.682571 0.79383
vt 0.713674 0.756233
vt 0.705921 0.792791
vt 0.747028 0.760495
vt 0.737114 0.797192
vt 0.632212 0.813098
vt 0.661749 0.814045
vt 0.682681 0.811156
vt 0.703628 0.813751
vt 0.733034 0.812396
vt 0.663229 0.857996
vt 0.637684 0.86
vt 0.683046 0.856794
vt 0.702869 0.857649
vt 0.728383 0.859204
vt 0.653477 0.913339
vt 0.666517 0.910206
vt 0.683549 0.907895
vt 0.700613 0.909857
vt 0.713687 0.912738
vt 0.573548 0.743179
vt 0.562313 0.703675
vt 0.79093 0.742209
vt 0.801857 0.702675
vt 0.595945 0.804021
vt 0.583185 0.770653
vt 0.769053 0.803049
vt 0.781518 0.769702
vt 0.603441 0.820023
vt 0.761684 0.819059
vt 0.542724 0.752259
vt 0.531533 0.712936
vt 0.821765 0.751055
vt 0.832673 0.711703
vt 0.568134 0.811617
vt 0.552809 0.781459
vt 0.796794 0.810475
vt 0.811895 0.780283
vt 0.5777 0.832844
vt 0.787411 0.831677
vt 0.53216 0.643881
vt 0.521328 0.672331
vt 0.4809 0.66369
vt 0.489139 0.64108
vt 0.349177 0.672323
vt 0.338347 0.643881
vt 0.389591 0.663675
vt 0.38137 0.641058
vt 0.451192 0.661161
vt 0.453239 0.640693
vt 0.419297 0.661205
vt 0.417261 0.640708
vt 0.897958 0.937665
vt 0.874805 0.943445
vt 0.877022 0.909261
vt 0.899766 0.90911
vt 0.952688 0.939728
vt 0.93139 0.931821
vt 0.95302 0.906808
vt 0.930706 0.905033
vt 0.877763 0.884132
vt 0.903747 0.883448
vt 0.953951 0.882116
vt 0.92848 0.880254
vt 0.877936 0.852681
vt 0.905109 0.850384
vt 0.954671 0.84933
vt 0.928413 0.847227
vt 0.878569 0.817758
vt 0.903669 0.813469
vt 0.953357 0.813197
vt 0.927924 0.809928
vt 0.897859 0.789328
vt 0.879073 0.790097
vt 0.931211 0.786262
vt 0.951672 0.785519
vt 0.89464 0.779969
vt 0.878761 0.779153
vt 0.933976 0.777469
vt 0.950884 0.775404
vt 0.87852 0.752424
vt 0.89041 0.753637
vt 0.950752 0.751484
vt 0.936432 0.753154
vt 0.891958 0.710926
vt 0.880997 0.708636
vt 0.937701 0.71248
vt 0.950439 0.71041
vt 0.770389 0.457305
vt 0.765441 0.491072
vt 0.722493 0.458726
vt 0.723039 0.490605
vt 0.687377 0.460259
vt 0.687374 0.494005
vt 0.651709 0.490598
vt 0.652262 0.458718
vt 0.609307 0.491055
vt 0.604366 0.457288
vt 0.759693 0.514883
vt 0.750167 0.547623
vt 0.719886 0.512068
vt 0.712135 0.542157
vt 0.687369 0.542772
vt 0.687371 0.515919
vt 0.654858 0.512061
vt 0.662602 0.542152
vt 0.624569 0.54761
vt 0.615051 0.514868
vt 0.745921 0.562449
vt 0.710265 0.559912
vt 0.687368 0.55791
vt 0.664469 0.559907
vt 0.628812 0.562436
vt 0.738089 0.600121
vt 0.708224 0.597075
vt 0.687364 0.595048
vt 0.666502 0.597071
vt 0.636636 0.60011
vt 0.725559 0.64145
vt 0.706391 0.640375
vt 0.687359 0.638329
vt 0.668326 0.640371
vt 0.649158 0.641442
vt 0.816152 0.468697
vt 0.80818 0.503112
vt 0.566566 0.503087
vt 0.558601 0.468669
vt 0.80164 0.529246
vt 0.791934 0.561619
vt 0.5828 0.561596
vt 0.5731 0.529222
vt 0.78579 0.577112
vt 0.58894 0.577091
vt 0.853264 0.478651
vt 0.846918 0.512688
vt 0.527826 0.512654
vt 0.521487 0.478616
vt 0.842522 0.540558
vt 0.833003 0.572664
vt 0.541728 0.572633
vt 0.532216 0.540526
vt 0.823675 0.594362
vt 0.551051 0.594334
vt 0.530528 0.635033
vt 0.490508 0.630088
vt 0.522791 0.605343
vt 0.483568 0.606465
vt 0.347697 0.605337
vt 0.386924 0.606435
vt 0.380001 0.630066
vt 0.339979 0.635022
vt 0.454039 0.62942
vt 0.450968 0.60905
vt 0.419536 0.608931
vt 0.416469 0.629436
vt 0.847895 0.932907
vt 0.848716 0.904647
vt 0.871506 0.908308
vt 0.868713 0.941127
vt 0.958911 0.937598
vt 0.958423 0.90586
vt 0.978921 0.929606
vt 0.980353 0.902868
vt 0.847877 0.88044
vt 0.873985 0.883825
vt 0.957468 0.881795
vt 0.982254 0.87906
vt 0.848691 0.849262
vt 0.875825 0.852637
vt 0.956652 0.849289
vt 0.982642 0.84666
vt 0.849557 0.813919
vt 0.875371 0.817913
vt 0.956362 0.813419
vt 0.981654 0.809977
vt 0.854097 0.790592
vt 0.87373 0.791497
vt 0.957535 0.786925
vt 0.97746 0.787186
vt 0.857847 0.781243
vt 0.874554 0.780189
vt 0.956341 0.776668
vt 0.974538 0.778429
vt 0.863673 0.752916
vt 0.8755 0.752274
vt 0.95521 0.751276
vt 0.968831 0.752744
vt 0.866824 0.708943
vt 0.877794 0.707888
vt 0.955135 0.709379
vt 0.967908 0.711301
vt 0.599289 0.687519
vt 0.643386 0.681157
vt 0.682008 0.677967
vt 0.720655 0.680818
vt 0.764785 0.686811
vt 0.631364 0.860606
vt 0.627037 0.817067
vt 0.738246 0.81624
vt 0.734703 0.859701
vt 0.64675 0.913559
vt 0.683656 0.917917
vt 0.665656 0.920034
vt 0.70169 0.919654
vt 0.720407 0.912822
vt 0.561006 0.69841
vt 0.803125 0.6974
vt 0.60552 0.824911
vt 0.759635 0.823966
vt 0.53828 0.755121
vt 0.526889 0.71578
vt 0.529768 0.707507
vt 0.834403 0.706265
vt 0.837341 0.714506
vt 0.826233 0.753879
vt 0.561603 0.816604
vt 0.548729 0.784899
vt 0.816006 0.783687
vt 0.803352 0.815426
vt 0.584643 0.838872
vt 0.780514 0.837731
vt 0.518734 0.682098
vt 0.47977 0.674651
vt 0.390732 0.674634
vt 0.351771 0.682092
vt 0.45054 0.672263
vt 0.420026 0.672344
vt 0.905397 0.90911
vt 0.904039 0.936171
vt 0.9256 0.929463
vt 0.925279 0.904263
vt 0.907568 0.883668
vt 0.924924 0.880007
vt 0.907286 0.850393
vt 0.926425 0.847207
vt 0.906964 0.813119
vt 0.92492 0.81002
vt 0.903898 0.788791
vt 0.924997 0.786712
vt 0.898959 0.78022
vt 0.928404 0.778277
vt 0.893304 0.753435
vt 0.932076 0.752744
vt 0.895275 0.710334
vt 0.932862 0.71144
usemtl standardSurface11SG
f 603/911/911 604/912/912 605/913/913
f 604/912/912 606/914/914 605/913/913
f 604/912/912 607/915/915 606/914/914
f 607/915/915 608/916/916 606/914/914
f 607/915/915 609/917/917 610/918/918
f 607/915/915 610/918/918 608/916/916
f 609/917/917 611/919/919 612/920/920
f 609/917/917 612/920/920 610/918/918
f 613/921/921 614/922/922 615/923/923
f 614/922/922 616/924/924 615/923/923
f 614/922/922 617/925/925 618/926/926
f 614/922/922 618/926/926 616/924/924
f 617/925/925 619/927/927 618/926/926
f 619/927/927 620/928/928 618/926/926
f 619/927/927 621/929/929 622/930/930
f 619/927/927 622/930/930 620/928/928
f 615/923/923 616/924/924 623/931/931
f 616/924/924 624/932/932 623/931/931
f 616/924/924 618/926/926 624/932/932
f 618/926/926 625/933/933 624/932/932
f 618/926/926 620/928/928 626/934/934
f 618/926/926 626/934/934 625/933/933
f 620/928/928 622/930/930 627/935/935
f 620/928/928 627/935/935 626/934/934
f 623/931/931 624/932/932 628/936/936
f 623/931/931 628/936/936 629/937/937
f 624/932/932 625/933/933 628/936/936
f 625/933/933 630/938/938 628/936/936
f 625/933/933 626/934/934 631/939/939
f 625/933/933 631/939/939 630/938/938
f 626/934/934 627/935/935 631/939/939
f 627/935/935 632/940/940 631/939/939
f 629/937/937 628/936/936 633/941/941
f 628/936/936 634/942/942 633/941/941
f 628/936/936 630/938/938 635/943/943
f 628/936/936 635/943/943 634/942/942
f 630/938/938 631/939/939 635/943/943
f 631/939/939 636/944/944 635/943/943
f 631/939/939 637/945/945 636/944/944
f 631/939/939 632/940/940 637/945/945
f 603/911/946 605/913/947 638/946/948
f 603/911/946 638/946/948 639/947/946
f 640/948/949 612/920/950 611/919/951
f 640/948/949 611/919/951 641/949/951
f 613/921/952 615/923/953 642/950/954
f 613/921/952 642/950/954 643/951/955
f 622/930/956 621/929/957 644/952/958
f 621/929/957 645/953/959 644/952/958
f 615/923/953 623/931/960 642/950/954
f 623/931/960 646/954/960 642/950/954
f 627/935/961 622/930/956 644/952/958
f 627/935/961 644/952/958 647/955/961
f 639/947/962 638/946/963 648/956/964
f 639/947/962 648/956/964 649/957/962
f 650/958/965 640/948/966 641/949/967
f 650/958/965 641/949/967 651/959/967
f 643/951/968 642/950/969 652/960/968
f 643/951/968 652/960/968 653/961/968
f 644/952/970 645/953/970 654/962/970
f 645/953/970 655/963/971 654/962/970
f 642/950/972 646/954/972 652/960/972
f 646/954/972 656/964/972 652/960/972
f 647/955/973 644/952/973 654/962/973
f 647/955/973 654/962/973 657/965/973
f 645/953/974 640/948/966 650/958/965
f 645/953/974 650/958/965 655/963/974
f 621/929/957 612/920/950 645/953/959
f 612/920/950 640/948/949 645/953/959
f 610/918/918 612/920/920 621/929/929
f 610/918/918 621/929/929 619/927/927
f 608/916/916 610/918/918 619/927/927
f 608/916/916 619/927/927 617/925/925
f 606/914/914 608/916/916 614/922/922
f 608/916/916 617/925/925 614/922/922
f 605/913/913 606/914/914 613/921/921
f 606/914/914 614/922/922 613/921/921
f 638/946/948 605/913/947 643/951/955
f 605/913/947 613/921/952 643/951/955
f 648/956/964 638/946/963 643/951/975
f 648/956/964 643/951/975 653/961/975
f 652/966/976 656/967/977 658/968/976
f 652/966/976 658/968/976 659/969/976
f 657/970/978 654/971/978 660/972/978
f 654/971/978 661/973/978 660/972/978
f 659/969/979 658/968/979 662/974/979
f 659/969/979 662/974/979 663/975/979
f 660/972/980 661/973/980 664/976/980
f 661/973/980 665/977/980 664/976/980
f 663/975/981 662/974/981 665/977/981
f 662/974/981 664/976/981 665/977/981
f 633/978/982 634/979/982 666/980/982
f 633/978/982 666/980/982 667/981/982
f 636/982/983 637/983/983 668/984/983
f 637/983/983 669/985/983 668/984/983
f 667/981/984 666/980/984 670/986/984
f 667/981/984 670/986/984 671/987/984
f 668/984/985 669/985/985 672/988/985
f 669/985/985 673/989/985 672/988/985
f 671/987/986 670/986/986 674/990/986
f 671/987/986 674/990/986 675/991/986
f 672/988/987 673/989/987 676/992/987
f 673/989/987 677/993/987 676/992/987
f 675/991/988 674/990/988 678/994/988
f 675/991/988 678/994/988 679/995/988
f 676/992/989 677/993/989 680/996/989
f 677/993/989 681/997/989 680/996/989
f 679/995/990 678/994/990 682/998/990
f 678/994/990 683/999/990 682/998/990
f 680/996/991 681/997/991 684/1000/991
f 680/996/991 684/1000/991 685/1001/991
f 682/998/992 683/999/992 686/1002/992
f 683/999/992 687/1003/992 686/1002/992
f 685/1001/993 684/1000/993 688/1004/993
f 685/1001/993 688/1004/993 689/1005/993
f 686/1002/994 687/1003/994 690/1006/994
f 686/1002/994 690/1006/994 691/1007/994
f 689/1005/995 688/1004/995 692/1008/995
f 688/1004/995 693/1009/995 692/1008/995
f 691/1007/996 690/1006/996 658/1010/996
f 690/1006/996 662/1011/996 658/1010/996
f 692/1008/997 693/1009/997 660/1012/997
f 692/1008/997 660/1012/997 664/1013/997
f 694/1014/998 695/1015/999 696/1016/1000
f 695/1015/999 697/1017/1001 696/1016/1000
f 696/1016/1000 697/1017/1001 698/1018/1002
f 697/1017/1001 699/1019/1003 698/1018/1002
f 698/1018/1002 699/1019/1003 700/1020/1004
f 698/1018/1002 700/1020/1004 701/1021/1005
f 701/1021/1005 700/1020/1004 702/1022/1006
f 701/1021/1005 702/1022/1006 703/1023/1007
f 704/1024/1008 705/1025/1009 706/1026/1010
f 705/1025/1009 707/1027/1011 706/1026/1010
f 706/1026/1010 707/1027/1011 708/1028/1012
f 706/1026/1010 708/1028/1012 709/1029/1013
f 709/1029/1013 708/1028/1012 710/1030/1014
f 708/1028/1012 711/1031/1015 710/1030/1014
f 710/1030/1014 711/1031/1015 712/1032/1016
f 710/1030/1014 712/1032/1016 713/1033/1017
f 705/1025/1009 714/1034/1018 707/1027/1011
f 714/1034/1018 715/1035/1019 707/1027/1011
f 707/1027/1011 715/1035/1019 708/1028/1012
f 715/1035/1019 716/1036/1020 708/1028/1012
f 708/1028/1012 716/1036/1020 717/1037/1021
f 708/1028/1012 717/1037/1021 711/1031/1015
f 711/1031/1015 717/1037/1021 718/1038/1022
f 711/1031/1015 718/1038/1022 712/1032/1016
f 714/1034/1018 719/1039/1023 715/1035/1019
f 719/1039/1023 720/1040/1024 715/1035/1019
f 715/1035/1019 720/1040/1024 716/1036/1020
f 720/1040/1024 721/1041/1025 716/1036/1020
f 716/1036/1020 721/1041/1025 722/1042/1026
f 716/1036/1020 722/1042/1026 717/1037/1021
f 717/1037/1021 722/1042/1026 723/1043/1027
f 717/1037/1021 723/1043/1027 718/1038/1022
f 719/1039/1023 724/1044/1028 720/1040/1024
f 720/1040/1024 724/1044/1028 725/1045/1029
f 720/1040/1024 725/1045/1029 726/1046/1030
f 720/1040/1024 726/1046/1030 721/1041/1025
f 721/1041/1025 726/1046/1030 722/1042/1026
f 726/1046/1030 727/1047/1031 722/1042/1026
f 722/1042/1026 727/1047/1031 728/1048/1032
f 722/1042/1026 728/1048/1032 723/1043/1027
f 694/1014/1033 729/1049/1033 730/1050/1034
f 694/1014/1033 730/1050/1034 695/1015/1035
f 731/1051/1036 732/1052/1037 703/1023/1037
f 731/1051/1036 703/1023/1037 702/1022/1038
f 704/1024/1039 733/1053/1040 734/1054/1041
f 704/1024/1039 734/1054/1041 705/1025/1042
f 712/1032/1043 735/1055/1044 713/1033/1045
f 735/1055/1044 736/1056/1046 713/1033/1045
f 705/1025/1042 734/1054/1041 714/1034/1047
f 734/1054/1041 737/1057/1048 714/1034/1047
f 718/1038/1049 738/1058/1050 735/1055/1044
f 718/1038/1049 735/1055/1044 712/1032/1043
f 729/1049/1051 739/1059/1051 740/1060/1052
f 729/1049/1051 740/1060/1052 730/1050/1053
f 741/1061/1054 742/1062/1055 732/1052/1055
f 741/1061/1054 732/1052/1055 731/1051/1056
f 733/1053/1057 743/1063/1057 744/1064/1057
f 733/1053/1057 744/1064/1057 734/1054/1057
f 735/1055/1058 745/1065/1058 736/1056/1058
f 745/1065/1058 746/1066/1058 736/1056/1058
f 734/1054/1059 744/1064/1059 737/1057/1059
f 744/1064/1059 747/1067/1059 737/1057/1059
f 738/1058/1060 748/1068/1060 745/1065/1060
f 738/1058/1060 745/1065/1060 735/1055/1060
f 736/1056/1061 746/1066/1061 741/1061/1054
f 736/1056/1061 741/1061/1054 731/1051/1056
f 713/1033/1045 736/1056/1046 702/1022/1038
f 736/1056/1046 731/1051/1036 702/1022/1038
f 700/1020/1004 710/1030/1014 713/1033/1017
f 700/1020/1004 713/1033/1017 702/1022/1006
f 699/1019/1003 709/1029/1013 710/1030/1014
f 699/1019/1003 710/1030/1014 700/1020/1004
f 697/1017/1001 706/1026/1010 699/1019/1003
f 706/1026/1010 709/1029/1013 699/1019/1003
f 695/1015/999 704/1024/1008 697/1017/1001
f 704/1024/1008 706/1026/1010 697/1017/1001
f 730/1050/1034 733/1053/1040 695/1015/1035
f 733/1053/1040 704/1024/1039 695/1015/1035
f 740/1060/1052 743/1063/1062 733/1053/1062
f 740/1060/1052 733/1053/1062 730/1050/1053
f 744/1069/1063 749/1070/1063 747/1071/1063
f 749/1070/1063 750/1072/1063 747/1071/1063
f 748/1073/1064 751/1074/1065 752/1075/1064
f 748/1073/1064 752/1075/1064 745/1076/1064
f 749/1070/1066 753/1077/1066 754/1078/1066
f 749/1070/1066 754/1078/1066 750/1072/1066
f 751/1074/1067 755/1079/1067 752/1075/1067
f 755/1079/1067 756/1080/1067 752/1075/1067
f 753/1077/1068 756/1080/1068 754/1078/1068
f 756/1080/1068 755/1079/1068 754/1078/1068
f 724/1081/1069 757/1082/1069 758/1083/1069
f 724/1081/1069 758/1083/1069 725/1084/1069
f 727/1085/1070 759/1086/1070 728/1087/1070
f 759/1086/1070 760/1088/1070 728/1087/1070
f 757/1082/1071 761/1089/1071 762/1090/1071
f 757/1082/1071 762/1090/1071 758/1083/1071
f 759/1086/1072 763/1091/1072 760/1088/1072
f 763/1091/1072 764/1092/1072 760/1088/1072
f 761/1089/1073 765/1093/1073 766/1094/1074
f 761/1089/1073 766/1094/1074 762/1090/1073
f 763/1091/1075 767/1095/1076 764/1092/1076
f 767/1095/1076 768/1096/1075 764/1092/1076
f 765/1093/1077 769/1097/1077 770/1098/1077
f 765/1093/1077 770/1098/1077 766/1094/1077
f 767/1095/1078 771/1099/1078 768/1096/1078
f 771/1099/1078 772/1100/1078 768/1096/1078
f 769/1097/1079 773/1101/1079 770/1098/1079
f 773/1101/1079 774/1102/1079 770/1098/1079
f 771/1099/1080 775/1103/1080 776/1104/1080
f 771/1099/1080 776/1104/1080 772/1100/1080
f 773/1101/1081 777/1105/1081 774/1102/1081
f 777/1105/1081 778/1106/1081 774/1102/1081
f 775/1103/1082 779/1107/1082 780/1108/1082
f 775/1103/1082 780/1108/1082 776/1104/1082
f 777/1105/1083 781/1109/1083 782/1110/1083
f 777/1105/1083 782/1110/1083 778/1106/1083
f 779/1107/1084 783/1111/1084 780/1108/1084
f 783/1111/1084 784/1112/1084 780/1108/1084
f 781/1109/1085 750/1113/1085 782/1110/1085
f 750/1113/1085 754/1114/1085 782/1110/1085
f 783/1111/1086 755/1115/1086 751/1116/1086
f 783/1111/1086 751/1116/1086 784/1112/1086
f 694/1117/1087 696/1118/1088 604/912/1089
f 694/1117/1087 604/912/1089 603/911/1090
f 696/1118/1088 698/1119/1091 607/915/1091
f 696/1118/1088 607/915/1091 604/912/1089
f 698/1119/1091 701/1120/1092 607/915/1091
f 701/1120/1092 609/917/1093 607/915/1091
f 701/1120/1092 703/1121/1094 609/917/1093
f 703/1121/1094 611/919/1095 609/917/1093
f 719/1122/1096 714/1123/1097 629/937/1098
f 714/1123/1097 623/931/1097 629/937/1098
f 718/1124/1099 723/1125/1100 632/940/1101
f 718/1124/1099 632/940/1101 627/935/1099
f 724/1126/1102 719/1122/1096 633/941/1103
f 719/1122/1096 629/937/1098 633/941/1103
f 726/1127/1104 725/1128/1105 634/942/1105
f 726/1127/1104 634/942/1105 635/943/1104
f 727/1129/1106 726/1127/1104 636/944/1106
f 726/1127/1104 635/943/1104 636/944/1106
f 723/1125/1100 728/1130/1107 637/945/1108
f 723/1125/1100 637/945/1108 632/940/1101
f 729/1131/1109 694/1117/1087 639/947/1110
f 694/1117/1087 603/911/1090 639/947/1110
f 703/1121/1094 732/1132/1111 641/949/1112
f 703/1121/1094 641/949/1112 611/919/1095
f 714/1123/1113 737/1133/1114 623/931/1113
f 737/1133/1114 646/954/1115 623/931/1113
f 738/1134/1116 718/1124/1117 627/935/1117
f 738/1134/1116 627/935/1117 647/955/1118
f 740/1135/1119 739/1136/1120 648/956/1121
f 739/1136/1120 649/957/1120 648/956/1121
f 739/1137/1122 729/1131/1109 639/947/1110
f 739/1137/1122 639/947/1110 649/957/1122
f 732/1132/1111 742/1138/1123 641/949/1112
f 742/1138/1123 651/959/1123 641/949/1112
f 742/1139/1124 741/1140/1125 650/958/1126
f 742/1139/1124 650/958/1126 651/959/1124
f 744/1141/1127 743/1142/1128 652/960/1127
f 743/1142/1128 653/961/1129 652/960/1127
f 746/1143/1130 745/1144/1131 654/962/1131
f 746/1143/1130 654/962/1131 655/963/1132
f 737/1133/1114 747/1145/1133 656/964/1134
f 737/1133/1114 656/964/1134 646/954/1115
f 748/1146/1135 738/1134/1116 657/965/1136
f 738/1134/1116 647/955/1118 657/965/1136
f 741/1140/1125 746/1143/1130 655/963/1132
f 741/1140/1125 655/963/1132 650/958/1126
f 743/1142/1128 740/1135/1119 653/961/1129
f 740/1135/1119 648/956/1121 653/961/1129
f 747/1147/1133 750/1148/1137 656/967/1134
f 750/1148/1137 658/968/1137 656/967/1134
f 749/1070/1138 744/1069/1139 659/969/1140
f 744/1069/1139 652/966/1139 659/969/1140
f 745/1076/1141 752/1075/1142 661/973/1143
f 745/1076/1141 661/973/1143 654/971/1141
f 751/1149/1144 748/1150/1135 657/970/1136
f 751/1149/1144 657/970/1136 660/972/1144
f 753/1077/1145 749/1070/1138 663/975/1146
f 749/1070/1138 659/969/1140 663/975/1146
f 752/1075/1142 756/1080/1147 665/977/1148
f 752/1075/1142 665/977/1148 661/973/1143
f 754/1151/1149 755/1152/1149 662/974/1149
f 755/1152/1149 664/976/1149 662/974/1149
f 756/1080/1147 753/1077/1145 663/975/1146
f 756/1080/1147 663/975/1146 665/977/1148
f 725/1084/1150 758/1083/1151 666/980/1152
f 725/1084/1150 666/980/1152 634/979/1150
f 757/1153/1153 724/1154/1102 633/978/1103
f 757/1153/1153 633/978/1103 667/981/1154
f 728/1155/1107 760/1156/1155 637/983/1108
f 760/1156/1155 669/985/1156 637/983/1108
f 759/1086/1157 727/1085/1158 668/984/1159
f 727/1085/1158 636/982/1158 668/984/1159
f 758/1083/1151 762/1090/1160 666/980/1152
f 762/1090/1160 670/986/1161 666/980/1152
f 761/1157/1162 757/1153/1153 671/987/1163
f 757/1153/1153 667/981/1154 671/987/1163
f 760/1156/1155 764/1158/1164 673/989/1165
f 760/1156/1155 673/989/1165 669/985/1156
f 763/1091/1166 759/1086/1157 668/984/1159
f 763/1091/1166 668/984/1159 672/988/1167
f 762/1090/1160 766/1094/1168 674/990/1169
f 762/1090/1160 674/990/1169 670/986/1161
f 765/1159/1170 761/1157/1162 671/987/1163
f 765/1159/1170 671/987/1163 675/991/1171
f 764/1158/1164 768/1160/1172 673/989/1165
f 768/1160/1172 677/993/1173 673/989/1165
f 767/1095/1174 763/1091/1166 676/992/1175
f 763/1091/1166 672/988/1167 676/992/1175
f 766/1094/1168 770/1098/1176 678/994/1177
f 766/1094/1168 678/994/1177 674/990/1169
f 769/1161/1178 765/1159/1170 675/991/1171
f 769/1161/1178 675/991/1171 679/995/1179
f 768/1160/1172 772/1162/1180 677/993/1173
f 772/1162/1180 681/997/1181 677/993/1173
f 771/1099/1182 767/1095/1174 680/996/1183
f 767/1095/1174 676/992/1175 680/996/1183
f 770/1098/1176 774/1102/1184 678/994/1177
f 774/1102/1184 683/999/1185 678/994/1177
f 773/1163/1186 769/1161/1178 682/998/1187
f 769/1161/1178 679/995/1179 682/998/1187
f 772/1162/1180 776/1164/1188 684/1000/1189
f 772/1162/1180 684/1000/1189 681/997/1181
f 775/1103/1190 771/1099/1182 680/996/1183
f 775/1103/1190 680/996/1183 685/1001/1191
f 774/1102/1184 778/1106/1192 687/1003/1193
f 774/1102/1184 687/1003/1193 683/999/1185
f 777/1165/1194 773/1163/1186 682/998/1187
f 777/1165/1194 682/998/1187 686/1002/1195
f 776/1164/1188 780/1166/1196 684/1000/1189
f 780/1166/1196 688/1004/1197 684/1000/1189
f 779/1107/1198 775/1103/1190 689/1005/1199
f 775/1103/1190 685/1001/1191 689/1005/1199
f 778/1106/1192 782/1110/1200 687/1003/1193
f 782/1110/1200 690/1006/1201 687/1003/1193
f 781/1167/1202 777/1165/1194 691/1007/1203
f 777/1165/1194 686/1002/1195 691/1007/1203
f 780/1166/1196 784/1168/1204 693/1009/1205
f 780/1166/1196 693/1009/1205 688/1004/1197
f 783/1111/1206 779/1107/1198 689/1005/1199
f 783/1111/1206 689/1005/1199 692/1008/1207
f 782/1110/1200 754/1114/1208 662/1011/1208
f 782/1110/1200 662/1011/1208 690/1006/1201
f 750/1169/1209 781/1167/1202 658/1010/1209
f 781/1167/1202 691/1007/1203 658/1010/1209
f 784/1168/1204 751/1170/1210 660/1012/1210
f 784/1168/1204 660/1012/1210 693/1009/1205
f 755/1115/1211 783/1111/1206 664/1013/1211
f 783/1111/1206 692/1008/1207 664/1013/1211
s off
g Body_standardSurface11SG
v 1.7498 4.64836 -0.003798
v 1.72115 4.56622 -0.722388
v 0.79182 4.95481 -0.026169
v 0.791818 4.96237 -0.480496
v 1.58608 4.55073 0.695785
v 0.641391 4.85365 0.532154
v 0 3.94521 1.41122
v 0 4.44226 1.08154
v -1.58608 4.55073 0.695785
v -0.641391 4.85365 0.532153
v -1.7498 4.64836 -0.003798
v -0.79182 4.95481 -0.026169
v -1.72115 4.56622 -0.722388
v -0.791818 4.96237 -0.480496
v 0 4.66769 -1.0983
v 0 4.99646 -0.634015
v 0 3.12589 1.548
v 1.49133 3.24585 0.801338
v -1.49133 3.24585 0.801338
v 0 3.12589 -1.02368
v -1.70377 3.27496 -0.668801
v 1.70377 3.27496 -0.668801
v 1.54134 1.28056 0.087057
v 1.28708 1.28056 -0.553679
v 1.7498 2.9123 0.063186
v 1.13941 1.28056 0.922904
v 0 1.28056 1.43493
v -1.13941 1.28056 0.922904
v -1.54134 1.28056 0.087057
v -1.7498 2.9123 0.063186
v -1.28708 1.28056 -0.553679
v 0 1.28056 -0.845282
v 1.46519 0.594759 0.146961
v 1.07975 0.556037 -0.596015
v 1.08992 0.562096 0.999532
v -8.4e-05 0.534771 1.25904
v -1.09856 0.562106 0.970577
v -1.47172 0.596899 0.118006
v -1.07826 0.556387 -0.596015
v -8.5e-05 0.52755 -0.827755
v 1.89172 3.01694 0.042485
v 1.9415 3.33061 -0.601794
v 1.9501 4.42835 -0.593977
v 1.9259 4.64217 -0.008947
v 1.74946 3.33304 0.656068
v 1.82481 4.45046 0.6183
v -1.89172 3.01694 0.042485
v -1.74946 3.33304 0.656069
v -1.82481 4.45046 0.6183
v -1.9259 4.64217 -0.008947
v -1.9415 3.33061 -0.601794
v -1.9501 4.42835 -0.593977
v 3.2031 3.33061 -0.601794
v 3.2031 3.01694 0.042485
v 3.2031 4.31104 -0.593977
v 3.2031 4.57586 -0.008947
v 3.2031 3.33304 0.656068
v 3.2031 4.36912 0.6183
v -3.2031 3.33304 0.656069
v -3.2031 3.01694 0.042485
v -3.2031 4.36912 0.6183
v -3.2031 4.57586 -0.008947
v -3.2031 3.33061 -0.601794
v -3.2031 4.31104 -0.593977
v 0.787331 -9.41425 -0.615484
v 0.794554 -9.23612 -0.611976
v 1.30364 -9.23612 -0.611976
v 1.29504 -9.41425 -0.615484
v 1.57113 -9.23612 -0.096961
v 1.56551 -9.41425 -0.105918
v 1.58089 -9.23612 1.09241
v 1.29894 -9.23612 1.34147
v 1.57823 -9.41425 1.09631
v 1.29624 -9.41425 1.3351
v 0.778122 -9.23612 1.34147
v 0.779893 -9.41425 1.3351
v 0.496345 -9.23612 1.09262
v 0.500086 -9.41425 1.09658
v 0.524402 -9.23612 -0.096961
v 0.519559 -9.41425 -0.105917
v -5.50882 3.66356 0.002387
v -5.50882 3.81755 0.343931
v -5.61724 3.82288 0.338336
v -5.61724 3.67158 0.002152
v -5.50882 4.21018 0.342982
v -5.61724 4.20871 0.338336
v -5.50881 4.36348 0.002046
v -5.61724 4.35847 0.002152
v -5.50882 3.81757 -0.337897
v -5.61724 3.82288 -0.334032
v -5.50882 4.20869 -0.338856
v -5.61724 4.20717 -0.334032
v 0 4.36416 1.07192
v 0 4.73259 0.57146
v -0.600913 4.81418 0.537471
v 0.600913 4.81418 0.537466
v 0.782126 4.90612 -0.45785
v 0 4.92048 -0.621951
v 0 5.05547 -0.407095
v 0.29877 5.04657 -0.332044
v -0.782125 4.90612 -0.45785
v -0.29877 5.04657 -0.332044
v -0.763612 4.90485 -0.01409
v -0.373183 5.01921 -0.15251
v -0.29877 4.98666 0.023137
v 0 4.98666 0.093962
v 0.29877 4.98666 0.023137
v 0.763612 4.90485 -0.01409
v 0.373183 5.01921 -0.15251
v 0 5.87284 -0.306853
v 0.29877 5.87284 -0.238633
v -0.29877 5.87284 -0.238633
v -0.373183 5.87284 -0.073936
v -0.29877 5.87284 0.090761
v 0 5.87284 0.15898
v 0.29877 5.87284 0.090761
v 0.373183 5.87284 -0.073936
v 3.20379 3.49301 0.007374
v 3.20379 3.70457 -0.420057
v 3.38601 3.71351 -0.413562
v 3.38601 3.50649 0.00698
v 3.20379 3.70416 0.462874
v 3.38601 3.71313 0.453471
v 3.20379 4.24157 0.441761
v 3.38601 4.23909 0.433952
v 3.20354 4.47009 -0.000203
v 3.38578 4.46166 -2.5e-05
v 3.20379 4.24113 -0.441407
v 3.38601 4.23857 -0.4333
v 5.61724 3.67158 0.002152
v 5.61724 3.82288 -0.334032
v 5.83605 3.66344 -0.038306
v 5.80536 3.82196 -0.544691
v 5.61724 4.20717 -0.334032
v 5.80536 4.21616 -0.544691
v 5.61724 4.35847 0.002152
v 5.83605 4.37467 -0.038306
v 5.61724 3.82288 0.338336
v 5.79932 3.8517 0.471
v 5.61724 4.20871 0.338336
v 5.80536 4.23223 0.468079
v -5.83605 3.66344 -0.038306
v -5.79932 3.8517 0.471
v -5.80536 4.23223 0.468079
v -5.83605 4.37467 -0.038306
v -5.80536 3.82196 -0.544691
v -5.80536 4.21615 -0.544691
v 6.18092 3.87171 -0.544691
v 6.24229 3.85142 -0.038306
v 6.18092 4.21616 -0.544691
v 6.24229 4.3494 -0.038306
v 6.16907 3.85543 0.470959
v 6.17533 4.23728 0.467567
v 6.3623 3.83621 1.06605
v 6.34598 3.626 1.03171
v 6.52626 3.87818 0.929694
v 6.4942 3.66777 0.894292
v -6.16907 3.85543 0.470959
v -6.24229 3.85142 -0.038306
v -6.34598 3.626 1.03171
v -6.3623 3.83621 1.06605
v -6.52626 3.87818 0.929694
v -6.4942 3.66777 0.894292
v -6.17533 4.23728 0.467567
v -6.24229 4.3494 -0.038306
v -6.18092 3.87171 -0.544691
v -6.18092 4.21615 -0.544691
v 6.72176 3.92173 -0.291498
v 6.75437 3.93106 -0.038306
v 6.66378 4.19982 -0.544691
v 6.66378 3.90199 -0.544691
v 6.72176 4.25756 -0.291499
v 6.66378 3.9043 0.468079
v 6.72176 3.92288 0.214886
v 6.72176 4.25873 0.214886
v 6.75437 4.29423 -0.038306
v 6.66378 4.20217 0.468079
v -6.72176 3.92288 0.214886
v -6.75437 3.93106 -0.038306
v -6.66378 4.20217 0.468079
v -6.66378 3.9043 0.468079
v -6.72176 4.25873 0.214886
v -6.66378 3.90199 -0.544691
v -6.72176 3.92173 -0.291498
v -6.72176 4.25756 -0.291499
v -6.75437 4.29423 -0.038306
v -6.66378 4.19982 -0.544691
v 5.93716 3.8042 0.692161
v 5.98347 4.14286 0.717825
v 6.25625 3.80185 0.636339
v 6.26671 4.16771 0.638325
v -6.11981 3.71854 0.856433
v -6.14324 4.02478 0.8997
v -6.41903 4.01604 0.812706
v -6.38182 3.72589 0.791711
v 6.11981 3.71854 0.856433
v 6.14324 4.02478 0.8997
v 6.41903 4.01604 0.812706
v 6.38182 3.72589 0.791711
v -5.93716 3.8042 0.692161
v -5.98347 4.14286 0.717825
v -6.26671 4.16771 0.638325
v -6.25625 3.80185 0.636339
v 7.71532 3.98813 0.002401
v 7.71532 4.23452 0.002401
v 7.68732 4.21044 0.174179
v 7.68732 3.98258 0.174179
v -7.55614 3.95776 0.242723
v -7.49816 3.94327 0.440242
v -7.49816 4.17563 0.440242
v -7.55614 4.21976 0.242723
v 7.55614 3.95776 0.242723
v 7.55614 4.21976 0.242723
v 7.49816 4.17563 0.440242
v 7.49816 3.94327 0.440242
v -7.64904 3.99292 -0.082575
v -7.64904 4.2291 -0.082575
v -7.62173 4.20525 -0.24723
v -7.62173 3.98686 -0.24723
v 7.41987 4.00162 -0.332477
v 7.36947 3.98827 -0.503713
v 7.36947 4.1897 -0.503713
v 7.41987 4.22875 -0.332477
v 7.62173 3.98686 -0.24723
v 7.62173 4.20525 -0.24723
v 7.64904 4.2291 -0.082575
v 7.64904 3.99292 -0.082575
v -7.68732 3.98258 0.174179
v -7.68732 4.21044 0.174179
v -7.71532 4.23452 0.002401
v -7.71532 3.98813 0.002401
v -7.41987 4.00162 -0.332477
v -7.41987 4.22875 -0.332477
v -7.36947 4.1897 -0.503713
v -7.36947 3.98827 -0.503713
v -6.72588 3.94017 0.228684
v -6.65966 3.92361 0.454281
v -6.65966 4.18901 0.454281
v -6.72588 4.23942 0.228684
v 6.72588 4.23942 0.228684
v 6.72588 3.94017 0.228684
v 6.65966 4.18901 0.454281
v 6.65966 3.92361 0.454281
v 6.75643 4.27385 -0.024416
v 6.75643 3.95054 -0.024416
v 6.7197 4.24225 0.200996
v 6.7197 3.94325 0.200996
v -6.7197 4.24225 0.200996
v -6.7197 3.94325 0.200996
v -6.75643 4.27385 -0.024416
v -6.75643 3.95054 -0.024416
v -6.75693 4.27528 -0.051184
v -6.75693 3.94906 -0.051184
v -6.7192 4.24234 -0.278621
v -6.7192 3.94067 -0.278621
v 6.7192 3.94067 -0.278621
v 6.7192 4.24234 -0.278621
v 6.75693 4.27528 -0.051184
v 6.75693 3.94906 -0.051184
v 6.72604 3.93865 -0.305057
v 6.6595 3.92103 -0.531133
v 6.6595 4.18696 -0.531133
v 6.72604 4.23852 -0.305057
v -6.72604 4.23852 -0.305057
v -6.72604 3.93865 -0.305057
v -6.6595 4.18696 -0.531133
v -6.6595 3.92103 -0.531133
v 7.17581 4.26468 -0.013033
v 7.17581 3.97402 -0.013033
v 7.14278 4.23628 0.189613
v 7.14278 3.96747 0.189613
v -7.08103 3.95963 0.231683
v -7.01657 3.94352 0.451282
v -7.12049 3.9618 0.232016
v -7.05622 3.94573 0.450949
v -7.01657 4.20186 0.451282
v -7.05622 4.20329 0.450949
v -7.08103 4.25092 0.231683
v -7.12049 4.2522 0.232016
v 7.08103 4.25092 0.231683
v 7.08103 3.95963 0.231683
v 7.01657 4.20186 0.451282
v 7.01657 3.94352 0.451282
v -7.11652 3.98607 -0.06507
v -7.11652 4.27246 -0.06507
v -7.15647 4.27214 -0.066613
v -7.15647 3.99018 -0.066613
v -7.08339 4.24354 -0.264735
v -7.12386 4.24367 -0.263192
v -7.08339 3.97871 -0.264735
v -7.12386 3.98293 -0.263192
v 6.94759 3.96118 -0.518048
v 7.00642 3.97676 -0.318141
v 6.94759 4.19633 -0.518048
v 7.00642 4.24192 -0.318141
v 7.08339 4.24354 -0.264735
v 7.08339 3.97871 -0.264735
v 7.11652 4.27246 -0.06507
v 7.11652 3.98607 -0.06507
v -7.14278 3.96747 0.189613
v -7.14278 4.23628 0.189613
v -7.18979 4.23561 0.188348
v -7.18979 3.97017 0.188348
v -7.17581 4.26468 -0.013033
v -7.22241 4.26367 -0.011768
v -7.17581 3.97402 -0.013033
v -7.22241 3.97663 -0.011768
v -7.00642 3.97676 -0.318141
v -7.00642 4.24192 -0.318141
v -7.03757 4.24229 -0.319595
v -7.03757 3.98099 -0.319595
v -6.94759 4.19633 -0.518048
v -6.9796 4.19737 -0.516595
v -6.94759 3.96118 -0.518048
v -6.9796 3.96564 -0.516595
v 7.22241 3.97663 -0.011768
v 7.22241 4.26367 -0.011768
v 7.2717 4.26075 -0.010351
v 7.2717 3.97778 -0.010351
v 7.18979 4.23561 0.188348
v 7.23955 4.2331 0.186931
v 7.18979 3.97017 0.188348
v 7.23955 3.97141 0.186931
v -7.16405 3.96139 0.233087
v -7.10042 3.94548 0.449878
v -7.10042 4.20052 0.449878
v -7.16405 4.24896 0.233087
v 7.12049 3.9618 0.232016
v 7.12049 4.2522 0.232016
v 7.16405 4.24896 0.233087
v 7.16405 3.96139 0.233087
v 7.05622 4.20329 0.450949
v 7.10042 4.20052 0.449878
v 7.05622 3.94573 0.450949
v 7.10042 3.94548 0.449878
v -7.20573 3.99045 -0.068209
v -7.20573 4.26784 -0.068209
v -7.17365 4.23983 -0.261596
v -7.17365 3.98333 -0.261596
v 7.03757 3.98099 -0.319595
v 6.9796 3.96564 -0.516595
v 7.01859 3.9679 -0.515306
v 7.0758 3.98306 -0.320883
v 6.9796 4.19737 -0.516595
v 7.01859 4.1966 -0.515306
v 7.03757 4.24229 -0.319595
v 7.0758 4.24094 -0.320883
v 7.12386 3.98293 -0.263192
v 7.12386 4.24367 -0.263192
v 7.17365 4.23983 -0.261596
v 7.17365 3.98333 -0.261596
v 7.15647 4.27214 -0.066613
v 7.20573 4.26784 -0.068209
v 7.15647 3.99018 -0.066613
v 7.20573 3.99045 -0.068209
v -7.23955 3.97141 0.186931
v -7.23955 4.2331 0.186931
v -7.2717 4.26075 -0.010351
v -7.2717 3.97778 -0.010351
v -7.0758 3.98306 -0.320883
v -7.0758 4.24094 -0.320883
v -7.01859 4.1966 -0.515306
v -7.01859 3.9679 -0.515306
v 5.50882 3.66356 0.002387
v 5.50882 3.81757 -0.337897
v 5.50882 3.81755 0.343931
v 5.50882 4.21018 0.342982
v 5.50881 4.36348 0.002046
v 5.50882 4.20869 -0.338856
v -3.77198 3.73242 -0.399804
v -3.77198 3.53505 0.006145
v -3.77198 3.73211 0.433555
v -3.77198 4.23384 0.417412
v -3.77178 4.44381 0.000351
v -3.77198 4.23314 -0.416128
v 3.57899 3.52077 0.006563
v 3.57899 3.72297 -0.406683
v 3.77198 3.73242 -0.399804
v 3.77198 3.53505 0.006145
v 3.57899 3.72262 0.443513
v 3.77198 3.73211 0.433555
v 3.57899 4.23646 0.425682
v 3.77198 4.23384 0.417412
v 3.57878 4.45273 0.000163
v 3.77178 4.44381 0.000351
v 3.57899 4.23585 -0.424714
v 3.77198 4.23314 -0.416128
v -3.38601 3.71351 -0.413562
v -3.38601 3.50649 0.00698
v -3.57899 3.72297 -0.406683
v -3.57899 3.52077 0.006563
v -3.38601 3.71313 0.453471
v -3.57899 3.72262 0.443513
v -3.38601 4.23909 0.433952
v -3.57899 4.23646 0.425682
v -3.38578 4.46166 -2.5e-05
v -3.57878 4.45273 0.000163
v -3.38601 4.23857 -0.4333
v -3.57899 4.23585 -0.424714
v 1.31442 -8.39241 -0.558453
v 1.55228 -8.51624 -0.106866
v 1.63056 -8.50609 -0.09015
v 1.35189 -8.38282 -0.615259
v 1.31108 -8.22859 0.286876
v 1.35189 -8.22262 0.36972
v 0.836748 -8.21981 0.286145
v 0.794548 -8.21163 0.36972
v 0.599327 -8.5162 -0.104403
v 0.515879 -8.50605 -0.09015
v 0.836425 -8.39241 -0.559171
v 0.794548 -8.38282 -0.615259
v -1.30364 -9.23612 -0.611976
v -1.57113 -9.23612 -0.096961
v -1.35189 -8.38282 -0.615259
v -1.63056 -8.50609 -0.09015
v -1.58089 -9.23612 1.09241
v -1.29894 -9.23612 1.34147
v -1.30825 -8.8566 1.3194
v -1.59008 -8.82101 1.09701
v -0.778122 -9.23612 1.34147
v -0.772025 -8.85656 1.3194
v -0.496345 -9.23612 1.09262
v -0.483468 -8.82463 1.09701
v -0.524402 -9.23612 -0.096961
v -0.794554 -9.23612 -0.611976
v -0.794548 -8.38282 -0.615259
v -0.515879 -8.50605 -0.09015
v 1.59008 -8.82101 1.09701
v 1.30709 -8.69177 1.09701
v 1.30825 -8.8566 1.3194
v 1.61049 -9.23612 0.377714
v 1.60638 -9.41425 0.377582
v 0.790644 -8.69157 1.09701
v 0.772025 -8.85656 1.3194
v 0.483468 -8.82463 1.09701
v 0.475181 -9.23612 0.377715
v 0.478007 -9.41425 0.377583
v -1.30628 -8.75472 0.849671
v -1.65313 -8.92975 0.849669
v -1.30709 -8.69177 1.09701
v -1.64697 -9.23612 0.849669
v -0.80363 -8.75279 0.849671
v -0.790644 -8.69157 1.09701
v -0.462172 -9.23612 0.849669
v -0.450869 -8.93132 0.849669
v 1.30547 -8.62168 0.574203
v 1.62461 -8.77297 0.378167
v 0.816617 -8.61803 0.574203
v 0.465453 -8.77249 0.378167
v 0.462172 -9.23612 0.849669
v 0.465455 -9.41425 0.849669
v 0.80363 -8.75279 0.849671
v 0.450869 -8.93132 0.849669
v 1.30628 -8.75472 0.849671
v 1.65313 -8.92975 0.849669
v 1.64697 -9.23612 0.849669
v 1.64518 -9.41425 0.849669
v -0.475181 -9.23612 0.377715
v -0.465453 -8.77249 0.378167
v -0.794548 -8.21163 0.36972
v -0.816617 -8.61803 0.574203
v -1.35189 -8.22262 0.36972
v -1.30547 -8.62168 0.574203
v -1.62461 -8.77297 0.378167
v -1.61049 -9.23612 0.377714
v 1.34552 -7.87577 -0.613624
v 1.60194 -7.87385 -0.113608
v 1.32891 -7.88739 0.325548
v 0.822878 -7.88025 0.321918
v 0.568596 -7.87381 -0.101387
v 0.821281 -7.87578 -0.617185
v -1.31442 -8.39241 -0.558453
v -1.55228 -8.51624 -0.106866
v -1.31108 -8.22859 0.286876
v -0.836748 -8.21981 0.286145
v -0.599327 -8.5162 -0.104403
v -0.836425 -8.39241 -0.559171
v 1.33034 -7.69595 -0.579397
v 1.56553 -7.69445 -0.114577
v 1.6571 -7.68729 -0.109421
v 1.3748 -7.68926 -0.663287
v 1.30899 -7.70481 0.292079
v 1.35318 -7.70108 0.376167
v 0.847359 -7.69935 0.287412
v 0.797433 -7.69381 0.371443
v 0.614918 -7.69441 -0.098863
v 0.517911 -7.68724 -0.093514
v 0.845306 -7.69597 -0.583976
v 0.795354 -7.68928 -0.667921
v -1.34552 -7.87577 -0.613624
v -1.60194 -7.87385 -0.113608
v -1.3748 -7.68926 -0.663287
v -1.6571 -7.68729 -0.109421
v -1.32891 -7.88739 0.325548
v -1.35318 -7.70108 0.376167
v -0.822878 -7.88025 0.321918
v -0.797433 -7.69381 0.371443
v -0.568596 -7.87381 -0.101387
v -0.517911 -7.68724 -0.093514
v -0.821281 -7.87578 -0.617185
v -0.795354 -7.68928 -0.667921
v -1.33034 -7.69595 -0.579397
v -1.56553 -7.69445 -0.114577
v -1.30899 -7.70481 0.292079
v -0.847359 -7.69935 0.287412
v -0.614918 -7.69441 -0.098863
v -0.845306 -7.69597 -0.583976
v -1.29504 -9.41425 -0.615484
v -1.56551 -9.41425 -0.105918
v -1.60638 -9.41425 0.377582
v -1.64518 -9.41425 0.849669
v -1.57823 -9.41425 1.09631
v -1.29624 -9.41425 1.3351
v -0.779893 -9.41425 1.3351
v -0.500086 -9.41425 1.09658
v -0.465455 -9.41425 0.849669
v -0.478007 -9.41425 0.377583
v -0.519559 -9.41425 -0.105917
v -0.787331 -9.41425 -0.615484
v -3.20379 4.24113 -0.441407
v -3.20379 3.70457 -0.420057
v -3.20354 4.47009 -0.000203
v -3.20379 4.24157 0.441761
v -3.20379 3.70416 0.462874
v -3.20379 3.49301 0.007374
v 0.68567 -2.58583 -1.35055
v 0.040629 -2.60744 -0.170232
v 0.573938 -1.96586 -1.43616
v 0.035745 -2.01845 -0.189719
v 0.68567 -2.58583 0.973931
v 0.549401 -1.96625 1.03264
v 1.90604 -2.3923 0.86487
v 1.80006 -1.81552 0.924128
v 2.38898 -2.18214 -0.168297
v 2.30936 -1.66224 -0.175067
v 1.91185 -2.34622 -1.36941
v 1.78911 -1.77681 -1.39502
v 1.72627 -1.51403 -1.37929
v 0.526191 -1.81528 -1.47127
v 1.66475 -1.10162 -1.29917
v 0.471565 -1.45327 -1.48948
v 2.25361 -1.45769 -0.157828
v 2.12848 -0.982771 -0.112761
v 1.75679 -1.5941 0.938955
v 1.66095 -1.17172 0.954396
v 0.528874 -1.83901 1.04552
v 0.438127 -1.61837 1.0631
v 0.022332 -1.95041 -0.190836
v 0 -1.74121 -0.207223
v 1.35052 -0.197367 -0.85446
v 1.79578 -0.17409 0.022628
v 1.2482 -0.215624 1.02764
v 0.316596 -1.49531 1.07259
v 0 -1.36054 -1.50206
v 0 -1.53588 1.09015
v 0 -0.235312 1.31807
v 0 -0.232411 -0.98423
v -0.573938 -1.96586 -1.43594
v -1.78901 -1.78028 -1.39854
v -1.72615 -1.51444 -1.38256
v -0.526664 -1.81526 -1.47027
v -2.31175 -1.66194 -0.172172
v -2.25942 -1.45746 -0.155196
v -1.8117 -1.81456 0.924006
v -1.75797 -1.59408 0.938942
v -0.549401 -1.96633 1.03264
v -0.528767 -1.83905 1.04552
v -0.035745 -2.01845 -0.189719
v -0.022332 -1.95041 -0.190836
v -0.474035 -1.45327 -1.48718
v -1.60512 -1.10162 -1.29851
v -1.35242 -0.197854 -0.894991
v -2.12855 -0.98268 -0.109394
v -1.79573 -0.172645 0.022628
v -1.66102 -1.17172 0.954396
v -1.2482 -0.215624 1.02764
v -0.438127 -1.61837 1.0631
v -0.316596 -1.49531 1.07259
v 1.58089 0.25842 0.109643
v 1.12398 0.216947 -0.605855
v 1.08725 0.217991 1.04716
v 0.422236 0.196959 1.22581
v 0 0.182937 1.30324
v 0.939368 0.210006 -0.647482
v 0 0.182242 -0.813988
v -1.58089 0.261088 0.109643
v -1.14281 0.216253 -0.676171
v -1.11021 0.217991 1.04716
v -0.422236 0.196959 1.22581
v -0.957192 0.213785 1.08289
v -0.839974 0.208478 -0.700511
v -0.040629 -2.60744 -0.170232
v -0.68567 -2.58583 -1.35055
v -0.68567 -2.58583 0.970315
v -1.90604 -2.3923 0.86487
v -2.38898 -2.18214 -0.168371
v -1.91185 -2.34622 -1.36703
v -0.33044 -2.64836 -0.121286
v -0.718734 -2.59729 -0.822598
v -0.718734 -2.59729 0.563882
v -1.45449 -2.50126 0.563882
v -1.83152 -2.45018 -0.121286
v -1.45813 -2.50126 -0.803383
v 0.33044 -2.64836 -0.121286
v 0.718734 -2.59729 -0.822598
v 0.718734 -2.59729 0.563882
v 1.45449 -2.50126 0.563882
v 1.83152 -2.45018 -0.121286
v 1.45813 -2.50126 -0.803383
v 1.59552 0.262972 0.114487
v 1.23195 0.222404 -0.680149
v 1.15479 0.56133 -0.682602
v 1.56224 0.600177 0.140691
v 1.15848 0.221312 1.10691
v 1.17237 0.561786 1.08013
v 0.958391 0.590524 1.17704
v 0.932261 0.172957 1.20527
v 1.21128 0.594572 1.11097
v 1.19276 0.177731 1.14377
v 0.943229 0.55544 -0.728542
v 0.976647 0.215422 -0.716276
v 0.001401 0.187493 -0.897936
v 0.001401 0.53188 -0.912304
v -1.1261 0.227303 -0.731216
v -1.59568 0.267571 0.115211
v -1.58727 0.604303 0.111689
v -1.15184 0.567283 -0.68193
v -1.16199 0.221312 1.10691
v -1.18771 0.561797 1.0504
v -0.345092 0.220025 1.4143
v -0.422309 0.201817 1.40373
v 0 0.20493 1.45237
v 0 0.1898 1.45307
v -0.955462 0.602654 -0.76933
v -0.922101 0.177821 -0.814891
v -1.14723 0.187745 -0.773332
v -1.17205 0.611479 -0.711905
v 1.10855 0.555873 -0.617596
v 1.50424 0.595625 0.145135
v 1.11898 0.562092 1.02038
v 0.878811 0.168515 1.11436
v 1.11516 0.173666 1.07061
v 0.434248 0.580856 1.34994
v 0.421378 0.577473 1.24992
v 0 0.576959 1.40302
v 0 0.570096 1.28678
v 0 0.526628 -0.855499
v 0.90595 0.550023 -0.665177
v -1.51076 0.59782 0.11541
v -1.10684 0.556232 -0.617596
v -1.12768 0.562103 0.990651
v -0.422309 0.148658 1.35806
v -0.422236 0.143799 1.22581
v 0 0.13664 1.4074
v 0 0.129777 1.30324
v -0.434248 0.545258 1.34994
v -0.421378 0.541421 1.24992
v -0.939618 0.555156 1.06628
v -1.0311 0.55849 1.10437
v -0.854745 0.164282 -0.735064
v -1.10122 0.173972 -0.693151
v -1.12604 0.597706 -0.631723
v -0.918945 0.590327 -0.691025
v -0.998633 0.217413 1.15714
v -0.422309 0.201817 1.35806
v 0.345079 0.220022 1.4142
v 0.422309 0.201817 1.40373
v 0.434248 0.545253 1.39561
v 0.353263 0.50599 1.409
v 0.422236 0.143799 1.22581
v 0.422309 0.148658 1.35806
v 0 0.505077 1.44956
v 0 0.534231 1.44868
v -0.434248 0.545258 1.39561
v -0.353363 0.506006 1.40948
v 0 0.20493 1.4067
v 0.345079 0.220022 1.36854
v 0 0.505077 1.4039
v 0.353263 0.50599 1.36334
v -0.353363 0.506006 1.36382
v -0.345092 0.220025 1.36864
v -0.422309 0.148658 1.40373
v 0 0.13664 1.45307
v 0.422309 0.201817 1.35806
v 0.422309 0.148658 1.40373
v -0.421378 0.577477 1.24992
v -0.434248 0.580861 1.34994
v 1.12024 0.590507 1.03782
v 0.946809 0.586442 1.09403
v 0.434248 0.545253 1.34994
v 0.421378 0.541417 1.24992
v 0.434248 0.580856 1.39561
v 0 0.576959 1.44868
v -0.434248 0.580861 1.39561
v -1.03128 0.590536 1.14732
v -0.929934 0.586455 1.09403
v -1.15372 0.590521 1.0081
v -1.21712 0.594586 1.08125
v -1.19627 0.177731 1.14377
v -1.00218 0.172957 1.20527
v -1.13287 0.173666 1.07061
v -0.951449 0.168515 1.11436
v 0.959424 0.55848 1.13409
v 0.956494 0.555146 1.06628
v 0.934676 0.217413 1.15714
v 0.885356 0.213785 1.08289
v -0.939969 0.560202 -0.728005
v -0.904245 0.550311 -0.665177
v -0.905865 0.219341 -0.76456
v 0.958757 0.596718 -0.77
v 0.92065 0.589968 -0.691025
v 1.17502 0.60406 -0.712743
v 1.12775 0.597258 -0.631723
v 1.21773 0.181639 -0.698109
v 0.992918 0.172936 -0.754712
v 1.14411 0.174837 -0.617089
v 0.928469 0.166186 -0.66897
v 0 0.534041 1.28678
v 1.39844 -5.71174 -0.607834
v 0.807095 -5.71888 -0.615003
v 1.38448 -5.24907 -0.526989
v 0.786803 -5.26486 -0.527147
v 1.66879 -5.71267 -0.077539
v 1.65233 -5.25145 -0.050493
v 1.35868 -5.71377 0.412886
v 1.36969 -5.25388 0.436286
v 0.812279 -5.72036 0.405628
v 0.791245 -5.26847 0.436237
v 0.546925 -5.72043 -0.054762
v 0.525047 -5.26872 -0.054019
v 0.777635 -5.03258 -0.527988
v 0.772803 -4.80325 -0.547243
v 1.38347 -4.78501 -0.547243
v 1.38296 -5.02323 -0.527961
v 1.6656 -4.78501 -0.053557
v 1.65027 -5.02358 -0.050093
v 1.39231 -4.78501 0.45548
v 1.38093 -5.02456 0.442362
v 0.778506 -5.0331 0.442362
v 0.772803 -4.80325 0.45548
v 0.494301 -4.80325 -0.053557
v 0.511819 -5.03384 -0.050177
v -0.823716 -6.09078 -0.686967
v -1.40987 -6.09072 -0.674054
v -1.68228 -6.09047 -0.099692
v -1.34965 -6.09047 0.393719
v -0.829508 -6.0905 0.380555
v -0.564846 -6.09043 -0.05537
v -1.39844 -5.71174 -0.607834
v -0.807095 -5.71888 -0.615003
v -1.66879 -5.71267 -0.077539
v -1.35868 -5.71377 0.412886
v -0.812279 -5.72036 0.405628
v -0.546925 -5.72043 -0.054762
v -0.777635 -5.03258 -0.527988
v -1.38296 -5.02323 -0.527961
v -1.38347 -4.78501 -0.547243
v -0.772803 -4.80325 -0.547243
v -1.65027 -5.02358 -0.050093
v -1.6656 -4.78501 -0.053557
v -1.38093 -5.02456 0.442362
v -1.39231 -4.78501 0.45548
v -0.778506 -5.0331 0.442362
v -0.772803 -4.80325 0.45548
v -0.511819 -5.03384 -0.050177
v -0.494301 -4.80325 -0.053557
v -0.525047 -5.26872 -0.054019
v -0.786803 -5.26486 -0.527147
v -0.791245 -5.26847 0.436237
v -1.36969 -5.25388 0.436286
v -1.65233 -5.25145 -0.050493
v -1.38448 -5.24907 -0.526989
v -0.73901 -3.42452 -0.707331
v -0.391888 -3.45645 -0.095887
v -0.73901 -3.42452 0.523231
v -1.43117 -3.35766 0.523231
v -1.7693 -3.32574 -0.095888
v -1.42625 -3.35766 -0.707331
v 1.40987 -6.09072 -0.674054
v 1.68228 -6.09047 -0.099692
v 1.34965 -6.09047 0.393719
v 0.829508 -6.0905 0.380555
v 0.564846 -6.09043 -0.05537
v 0.823716 -6.09078 -0.686967
v 0.391888 -3.45645 -0.095887
v 0.73901 -3.42452 -0.707331
v 0.73901 -3.42452 0.523231
v 1.43117 -3.35766 0.523231
v 1.7693 -3.32574 -0.095888
v 1.42625 -3.35766 -0.707331
vn 0.341124 0.937559 -0.067944
vn 0.341124 0.93756 -0.067944
vn 0.278379 0.935551 0.217372
vn 0.365715 0.21023 0.906673
vn 0.350151 0.248659 0.903085
vn 0.141264 0.635108 0.759396
vn -0.350151 0.248659 0.903085
vn -0.365715 0.21023 0.906673
vn -0.141264 0.635108 0.759396
vn -0.278379 0.935551 0.217372
vn -0.341124 0.93756 -0.067944
vn -0.2161 0.145419 -0.965481
vn -0.212854 0.031881 -0.976564
vn -0.16702 0.789473 -0.590624
vn 0.212854 0.031881 -0.976564
vn 0.2161 0.145419 -0.965481
vn 0.16702 0.789473 -0.590624
vn 0.425651 0.006661 0.904863
vn 0.423584 0.018795 0.905662
vn -0.423584 0.018795 0.905662
vn -0.425651 0.006661 0.904863
vn -0.212438 -0.074923 -0.974298
vn -0.211948 -0.070537 -0.974732
vn 0.211948 -0.070537 -0.974732
vn 0.212438 -0.074923 -0.974298
vn 0.937033 -0.17755 -0.300743
vn 0.935862 -0.177816 -0.30421
vn 0.951452 -0.173769 -0.254053
vn 0.906837 -0.097197 0.410122
vn 0.906595 -0.102264 0.409424
vn 0.905241 -0.124603 0.406218
vn 0.40948 -0.046305 0.911143
vn 0.411317 -0.045648 0.910349
vn -0.412817 -0.049303 0.909479
vn -0.411425 -0.050091 0.910066
vn -0.906561 -0.103862 0.409096
vn -0.906758 -0.100088 0.409599
vn -0.905241 -0.124603 0.406218
vn -0.935445 -0.174038 -0.307659
vn -0.936918 -0.174037 -0.303142
vn -0.951452 -0.173769 -0.254053
vn -0.215338 -0.07845 -0.973383
vn -0.215255 -0.082484 -0.973068
vn 0.215229 -0.082414 -0.97308
vn 0.215304 -0.078384 -0.973396
vn 0.894019 -0.184784 -0.408148
vn 0.907927 -0.040675 0.417149
vn 0.326942 -0.074935 0.942069
vn -0.336381 -0.091442 0.937276
vn -0.908131 -0.048234 0.415899
vn -0.890622 -0.172747 -0.420655
vn -0.216182 -0.014152 -0.976251
vn 0.216033 -0.013934 -0.976287
vn 0.397185 -0.824086 -0.403889
vn 0.382869 -0.021858 -0.923544
vn 0.382919 0.900574 -0.205767
vn 0.533759 -0.689486 0.489602
vn 0.533759 -0.689486 0.489603
vn 0.28813 0.922019 0.258577
vn 0.409514 0.025202 0.911956
vn -0.535307 -0.83252 0.142673
vn -0.533759 -0.689486 0.489603
vn -0.516719 -0.856117 0.008032
vn -0.409514 0.025202 0.911956
vn -0.288132 0.922019 0.258577
vn -0.342351 0.93864 0.041843
vn -0.349796 0.936812 0.005127
vn -0.397184 -0.824086 -0.403889
vn -0.382921 0.900573 -0.205766
vn -0.382869 -0.021858 -0.923544
vn 0 -0.89911 -0.437723
vn 0.000351 0.007521 -0.999972
vn 0.067056 0.923954 -0.376581
vn 0.067056 0.923953 -0.376581
vn 0 -0.88897 0.457966
vn 0 -0.888969 0.457966
vn 0.05285 0.950512 0.306159
vn 0.001006 0.035019 0.999386
vn 0 -0.888969 0.457967
vn -0.001006 0.03502 0.999386
vn -0.05285 0.950513 0.306158
vn -0.067056 0.923954 -0.37658
vn -0.000351 0.007521 -0.999972
vn 0 0.019689 -0.999806
vn 0 0.000145 -1
vn 0 -0.000151 -1
vn 0.881849 -0.051443 -0.468717
vn 0.881775 -0.052064 -0.468787
vn 0.885219 -0.019078 -0.464784
vn 0.645393 -0.00332 0.763843
vn 0.645535 -0.003509 0.763723
vn 0.654166 -0.015119 0.7562
vn 1e-06 0.029019 0.999579
vn 1e-06 0.028845 0.999584
vn -0 -0.035761 0.99936
vn -0.642809 -0.0035 0.766019
vn -0.642601 -0.003307 0.766194
vn -0.655362 -0.015259 0.755161
vn -0.655362 -0.015259 0.75516
vn -0.88444 0.005118 -0.466625
vn -0.884444 0.005309 -0.466616
vn -0.884446 0.046202 -0.464351
vn -0.067041 -0.907744 0.414134
vn -0.067041 -0.907744 0.414133
vn -0.067043 -0.909715 0.409786
vn -0.046844 0.018218 0.998736
vn -0.046845 0.01818 0.998737
vn -0.047153 0.001217 0.998887
vn -0.03601 0.901769 0.430716
vn -0.03601 0.901778 0.430697
vn -0.035854 0.912163 0.408257
vn -0.062663 -0.903301 -0.424406
vn -0.062662 -0.903292 -0.424425
vn -0.062821 -0.909669 -0.410555
vn -0.037007 0.900574 -0.433126
vn -0.037007 0.900563 -0.433148
vn -0.036824 0.910599 -0.411648
vn -0.04035 -0.018443 -0.999015
vn -0.04035 -0.018481 -0.999015
vn -0.040056 -0.001236 -0.999197
vn 0.075582 0.802998 0.59117
vn -0.075576 0.803 0.591168
vn 0.130136 0.853152 -0.505171
vn 0.130136 0.853152 -0.50517
vn -0.130136 0.853153 -0.505168
vn -0.279655 0.959912 0.019008
vn -0.18627 0.956888 0.222865
vn 0.035818 0.914051 0.404014
vn -0.035815 0.91405 0.404018
vn 0.186272 0.956887 0.222867
vn 0.279656 0.959912 0.019012
vn 0.233248 0.113783 -0.965738
vn -0.233248 0.113783 -0.965738
vn -0.918304 0.040318 -0.393819
vn -0.916888 -0.033423 0.397743
vn -0.22604 -0.0727 0.971401
vn 0.22604 -0.0727 0.971402
vn 0.22604 -0.0727 0.971401
vn 0.916888 -0.033423 0.397743
vn 0.918304 0.040318 -0.393818
vn 0.06244 -0.894956 -0.441763
vn 0.062454 -0.895466 -0.440727
vn 0.062454 -0.895458 -0.440743
vn 0.067034 -0.905349 0.419343
vn 0.067034 -0.905489 0.419042
vn 0.046464 0.038141 0.998192
vn 0.046486 0.036988 0.998234
vn 0.046486 0.037017 0.998233
vn 0.036174 0.888467 0.457513
vn 0.036164 0.88926 0.455971
vn 0.036164 0.889264 0.455962
vn 0.037206 0.887722 -0.458874
vn 0.037194 0.888487 -0.457392
vn 0.037194 0.888493 -0.457381
vn 0.040679 -0.038643 -0.998425
vn 0.040661 -0.037503 -0.998469
vn 0.04066 -0.03748 -0.99847
vn -0.223597 -0.917407 -0.329193
vn -0.745876 0 -0.666085
vn -0.257058 0.910016 -0.325256
vn -0.037485 -0.927869 0.371018
vn -0.161022 0.934269 0.31814
vn -0.578986 0.007675 0.815302
vn -0.578985 0.007675 0.815302
vn 0.037485 -0.927868 0.371019
vn 0.578985 0.007675 0.815302
vn 0.161022 0.934269 0.31814
vn 0.223598 -0.917407 -0.329194
vn 0.257058 0.910015 -0.325259
vn 0.257058 0.910016 -0.325259
vn 0.745876 1e-06 -0.666085
vn 0.285539 -0.938993 -0.191731
vn -0 1e-06 -1
vn 0.031025 0.959704 -0.279294
vn 0.190594 -0.974073 0.121889
vn 0.234775 -0.950248 0.204716
vn 0.165934 -0.983159 0.076581
vn 0.025402 0.96891 0.246106
vn 0.02035 0.96315 0.268193
vn 0.017519 0.959698 0.280486
vn 0.675746 -0.195557 0.710721
vn -0.234776 -0.950249 0.204714
vn -0.190594 -0.974072 0.121888
vn -0.165935 -0.983159 0.076581
vn -0.675747 -0.195557 0.710721
vn -0.02035 0.96315 0.268193
vn -0.025402 0.96891 0.246106
vn -0.017519 0.959698 0.280486
vn -0.285539 -0.938993 -0.19173
vn -0.031025 0.959704 -0.279295
vn 0 0 -1
vn 0.106214 -0.994266 -0.012395
vn 0.109818 -0.993899 -0.010198
vn 0.153648 -0.987986 0.016636
vn 0.042969 0.967302 -0.249962
vn 0.050632 0.969771 -0.238706
vn 0.054183 0.970854 -0.233469
vn 0.122072 -0.992519 0.002028
vn 0.12575 -0.992062 0.000384
vn 0.127894 -0.991788 -0.000576
vn 0.071501 0.973336 0.217956
vn 0.073765 0.974124 0.213636
vn 0.105891 0.982783 0.151409
vn 0.002339 0.00497 0.999985
vn -0.12575 -0.992062 0.000383
vn -0.127894 -0.991788 -0.000576
vn -0.153658 -0.98805 -0.012128
vn -0.002339 0.00497 0.999985
vn -0.066793 0.971623 0.226909
vn -0.071501 0.973336 0.217956
vn -0.073765 0.974124 0.213636
vn -0.099677 -0.994885 -0.016376
vn -0.106214 -0.994266 -0.012395
vn -0.109818 -0.9939 -0.010197
vn -0.050631 0.969771 -0.238707
vn -0.054182 0.970853 -0.23347
vn -0.105817 0.982096 -0.15585
vn -0.823966 0.042111 0.565073
vn -0.77266 0.022737 0.634413
vn -0.784784 0.027131 0.619175
vn -0.050114 -0.942473 -0.330503
vn -0.034106 -0.957164 -0.287531
vn 0.879806 -0.02056 -0.474889
vn 0.808663 -0.027432 -0.587632
vn 0.839663 -0.024666 -0.542548
vn 0.074308 0.889305 0.451238
vn 0.050318 0.906084 0.420094
vn 0.670251 -0.035532 0.741284
vn 0.684102 -0.023058 0.729022
vn 0.633691 -0.067036 0.770676
vn -0.168232 0.819466 0.547881
vn -0.198018 0.799251 0.567439
vn -0.245534 0.763679 0.597083
vn -0.741686 -0.028279 -0.670151
vn -0.730331 -0.024982 -0.682636
vn -0.699636 -0.01633 -0.714313
vn 0.079971 -0.915972 -0.393193
vn 0.076449 -0.916416 -0.392857
vn 0.084341 -0.915404 -0.393602
vn -0.670251 -0.035532 0.741284
vn -0.684102 -0.023057 0.729022
vn 0.168232 0.819466 0.547881
vn 0.198017 0.799251 0.567439
vn 0.730331 -0.024982 -0.682636
vn 0.741685 -0.028279 -0.670151
vn -0.079971 -0.915972 -0.393193
vn -0.076449 -0.916416 -0.392858
vn 0.823966 0.042111 0.565073
vn 0.77266 0.022736 0.634413
vn 0.784784 0.027131 0.619175
vn -0.074308 0.889305 0.451238
vn -0.050318 0.906084 0.420095
vn -0.879806 -0.02056 -0.474889
vn -0.808663 -0.027433 -0.587632
vn -0.839663 -0.024666 -0.542548
vn 0.050114 -0.942474 -0.330503
vn 0.034106 -0.957164 -0.28753
vn -0.633691 -0.067036 0.770676
vn 0.245534 0.763679 0.597082
vn 0.699636 -0.01633 -0.714313
vn -0.084341 -0.915404 -0.393602
vn 0.066793 0.971623 0.226909
vn -0.105891 0.982783 0.151409
vn 0.105817 0.982096 -0.155852
vn -0.042968 0.967301 -0.249964
vn 0.153659 -0.98805 -0.012128
vn -0.122072 -0.992519 0.002028
vn 0.099678 -0.994885 -0.016377
vn -0.153648 -0.987986 0.016636
vn 0.986979 0 0.160848
vn -0.959519 0 0.281646
vn 0.959519 0 0.281646
vn -0.986516 0 -0.163667
vn 0.959319 2e-06 -0.282325
vn 0.986516 0 -0.163667
vn -0.986979 3e-06 0.160848
vn -0.959319 3e-06 -0.282325
vn -0.967964 -3e-05 0.251089
vn -0.958169 0 -0.286202
vn -0.967965 -3.2e-05 0.251084
vn 0.958169 0 -0.286202
vn 0.967965 -2.6e-05 0.251085
vn 0.967965 2e-05 0.251084
vn 0.989166 0 -0.146799
vn 0.989665 1.7e-05 0.143399
vn 0.989665 -3.4e-05 0.1434
vn -0.989166 0 -0.146799
vn -0.989665 2.3e-05 0.1434
vn -0.989665 1.7e-05 0.143398
vn -0.980813 -2e-06 0.19495
vn -0.989458 0 -0.144822
vn -0.980813 2e-06 0.194951
vn -0.989459 1.2e-05 -0.144814
vn 0.980813 2e-06 0.194951
vn 0.989458 -1.6e-05 -0.144821
vn 0.980813 0 0.19495
vn 0.989459 5e-05 -0.144815
vn 0.96787 3e-06 -0.251451
vn 0.953631 0 0.300977
vn 0.967872 -1.5e-05 -0.251442
vn 0.953642 0 0.300945
vn -0.953642 2e-06 0.300945
vn -0.967872 -2.3e-05 -0.251445
vn -0.953632 0 0.300976
vn -0.96787 -3.2e-05 -0.251449
vn -0.967871 -3.2e-05 -0.251449
vn 0.027134 0 -0.999632
vn 0.017795 0.989757 0.141647
vn 0.026896 0 0.999638
vn 0.056524 -0.998136 -0.023034
vn -0.055113 -0.996853 -0.056984
vn -0.055118 -0.996852 -0.056985
vn -0.008403 -0 0.999965
vn 0.03343 0.977438 0.20856
vn 0.033431 0.977438 0.20856
vn 0.033438 0.977438 0.20856
vn -0.008444 0 -0.999964
vn -0.008445 0 -0.999964
vn 0.008444 0 -0.999964
vn -0.033429 0.977438 0.20856
vn -0.033431 0.977438 0.208559
vn 0.008402 -0 0.999965
vn 0.055112 -0.996853 -0.056981
vn -0.038587 -0 0.999255
vn -0.002222 0.989622 -0.14368
vn -0.002221 0.989622 -0.14368
vn -0.002224 0.989622 -0.143679
vn -0.0381 -1e-06 -0.999274
vn -0.103113 -0.994477 0.019557
vn -0.103113 -0.994477 0.019554
vn 0.136281 -0.989977 0.037065
vn 0.136282 -0.989977 0.037065
vn 0.045372 0 -0.99897
vn -0.021915 0.976115 -0.216148
vn 0.046615 0 0.998913
vn 0.0381 -1e-06 -0.999274
vn 0.002221 0.989622 -0.143681
vn 0.002222 0.989622 -0.143681
vn 0.038587 0 0.999255
vn 0.103112 -0.994477 0.019557
vn 0.103112 -0.994478 0.019557
vn -0.026896 0 0.999638
vn -0.017795 0.989757 0.141647
vn -0.017793 0.989757 0.141649
vn -0.027134 -0 -0.999632
vn -0.056524 -0.998136 -0.023033
vn -0.05652 -0.998136 -0.023036
vn -0.046615 0 0.998913
vn -0.046613 0 0.998913
vn 0.021916 0.976116 -0.216144
vn -0.045372 0 -0.99897
vn -0.045371 0 -0.99897
vn -0.136281 -0.989977 0.037065
vn -0.136286 -0.989976 0.037063
vn 0.028734 0 -0.999587
vn 0.054166 0.987611 0.147278
vn 0.05416 0.987611 0.147277
vn 0.05416 0.987611 0.147276
vn 0.028467 0 0.999595
vn 0.024137 -0.999307 -0.028352
vn 0.024135 -0.999307 -0.028349
vn 0.00738 -0.99713 -0.07535
vn 0.007379 -0.99713 -0.07535
vn -0.024221 -0 0.999707
vn -0.066385 0.969464 0.236079
vn -0.066384 0.969464 0.236078
vn -0.02457 0 -0.999698
vn 0.024569 0 -0.999698
vn 0.02457 0 -0.999698
vn 0.066387 0.969462 0.236086
vn 0.066385 0.969464 0.236078
vn 0.066384 0.969464 0.236078
vn 0.024221 -0 0.999707
vn -0.007385 -0.99713 -0.075344
vn -0.00738 -0.99713 -0.075345
vn -0.032388 -0 0.999475
vn -0.080973 0.984434 -0.155992
vn -0.080974 0.984434 -0.155993
vn -0.032044 -1e-06 -0.999487
vn -0.006725 -0.999339 0.035729
vn -0.006727 -0.999339 0.035729
vn 0.055836 -0.996559 0.061252
vn 0.055836 -0.996559 0.061251
vn 0.055836 -0.99656 0.06125
vn 0.033022 0 -0.999455
vn 0.026723 0.972889 -0.229722
vn 0.026729 0.972888 -0.229728
vn 0.033677 0 0.999433
vn 0.033677 1e-06 0.999433
vn 0.032044 -1e-06 -0.999487
vn 0.080971 0.984433 -0.155995
vn 0.080973 0.984434 -0.155991
vn 0.032389 0 0.999475
vn 0.032388 0 0.999475
vn 0.006717 -0.999339 0.035728
vn 0.006726 -0.999339 0.035729
vn 0.006725 -0.999339 0.035729
vn -0.028467 0 0.999595
vn -0.05416 0.987611 0.147277
vn -0.054159 0.987612 0.147276
vn -0.028734 -0 -0.999587
vn -0.024135 -0.999307 -0.028349
vn -0.033677 1e-06 0.999433
vn -0.026729 0.972888 -0.229728
vn -0.02673 0.972888 -0.229729
vn -0.033022 0 -0.999455
vn -0.055836 -0.996559 0.061251
vn -0.055836 -0.99656 0.06125
vn 0.008446 0 -0.999964
vn 0.055111 -0.996853 -0.056979
vn 0.008403 -0 0.999965
vn -0.033438 0.977438 0.208558
vn -0.008402 -0 0.999965
vn 0.066384 0.969464 0.236077
vn -0.024569 0 -0.999698
vn 0.007385 -0.99713 -0.075348
vn -0.066387 0.969462 0.236085
vn 0.056525 -0.998136 -0.023034
vn 0.017793 0.989757 0.141649
vn 0.024134 -0.999307 -0.028349
vn 0.054159 0.987611 0.147276
vn 0.054159 0.987612 0.147276
vn -0.024137 -0.999307 -0.028352
vn -0.054167 0.987611 0.147279
vn 0.038099 -1e-06 -0.999274
vn 0.103113 -0.994477 0.019554
vn 0.002224 0.989622 -0.14368
vn -0.103112 -0.994478 0.019557
vn -0.103112 -0.994477 0.019557
vn 0.006727 -0.999339 0.035729
vn 0.080974 0.984434 -0.155991
vn -0.006716 -0.999339 0.035726
vn -0.080968 0.984435 -0.15599
vn 0.136288 -0.989976 0.037065
vn 0.046613 0 0.998913
vn -0.021915 0.976116 -0.216143
vn 0.02673 0.972888 -0.229729
vn 0.033023 0 -0.999455
vn -0.055836 -0.996559 0.061254
vn -0.033677 0 0.999433
vn -0.026723 0.97289 -0.229721
vn -0.033021 0 -0.999455
vn 0.062662 -0.903292 -0.424426
vn 0.062663 -0.9033 -0.424408
vn 0.062821 -0.90967 -0.410553
vn 0.067041 -0.907744 0.414134
vn 0.067041 -0.907743 0.414135
vn 0.067044 -0.909714 0.409788
vn 0.046845 0.01818 0.998737
vn 0.046844 0.018218 0.998736
vn 0.047153 0.001217 0.998887
vn 0.03601 0.901778 0.430697
vn 0.03601 0.901769 0.430716
vn 0.035854 0.912163 0.408257
vn 0.037007 0.900563 -0.433148
vn 0.037007 0.900574 -0.433125
vn 0.036824 0.910599 -0.411648
vn 0.04035 -0.018481 -0.999015
vn 0.04035 -0.018443 -0.999015
vn 0.040056 -0.001236 -0.999197
vn -0.062636 -0.902296 -0.426542
vn -0.062636 -0.902279 -0.426579
vn -0.06704 -0.907443 0.414793
vn -0.06704 -0.907444 0.414791
vn -0.046796 0.020784 0.998688
vn -0.046797 0.020712 0.99869
vn -0.036033 0.900137 0.434113
vn -0.036033 0.900149 0.434089
vn -0.037033 0.899002 -0.436376
vn -0.037034 0.898987 -0.436406
vn -0.040393 -0.021014 -0.998963
vn -0.040394 -0.021075 -0.998962
vn 0.062481 -0.896479 -0.438659
vn 0.062481 -0.896487 -0.438642
vn 0.062636 -0.902296 -0.426543
vn 0.062636 -0.902279 -0.42658
vn 0.067035 -0.905773 0.418427
vn 0.067035 -0.905773 0.418428
vn 0.06704 -0.907443 0.414792
vn 0.06704 -0.907443 0.414794
vn 0.046532 0.034652 0.998316
vn 0.046531 0.034682 0.998315
vn 0.046797 0.020712 0.99869
vn 0.046796 0.020784 0.998688
vn 0.036146 0.890878 0.452803
vn 0.036146 0.890873 0.452813
vn 0.036033 0.900137 0.434113
vn 0.036033 0.900149 0.434089
vn 0.037171 0.890045 -0.454355
vn 0.037171 0.890051 -0.454343
vn 0.037034 0.898987 -0.436406
vn 0.037033 0.899002 -0.436376
vn 0.040623 -0.035143 -0.998556
vn 0.040623 -0.035118 -0.998557
vn 0.040394 -0.021075 -0.998962
vn 0.040393 -0.021014 -0.998963
vn -0.062454 -0.895466 -0.440727
vn -0.062454 -0.895458 -0.440743
vn -0.062482 -0.896488 -0.438641
vn -0.062481 -0.896479 -0.438658
vn -0.067034 -0.905489 0.419042
vn -0.067035 -0.905774 0.418426
vn -0.067035 -0.905774 0.418427
vn -0.046486 0.037017 0.998233
vn -0.046486 0.036988 0.998234
vn -0.046532 0.034652 0.998316
vn -0.046531 0.034682 0.998315
vn -0.036164 0.88926 0.455971
vn -0.036164 0.889264 0.455962
vn -0.036146 0.890873 0.452812
vn -0.036146 0.890878 0.452803
vn -0.037194 0.888493 -0.457381
vn -0.037194 0.888487 -0.457392
vn -0.037171 0.890045 -0.454355
vn -0.037171 0.890051 -0.454343
vn -0.04066 -0.03748 -0.99847
vn -0.040661 -0.037503 -0.998469
vn -0.040623 -0.035143 -0.998556
vn -0.040623 -0.035118 -0.998557
vn 0 1 0
vn 0.894896 0.034485 -0.444941
vn 0.897353 0.090397 -0.431956
vn 0.88632 -0.020623 -0.462614
vn 0.888166 -0.004608 -0.459501
vn 0.896181 0.187699 0.402031
vn 0.880777 0.075289 0.467509
vn 0.243912 0.868129 -0.432272
vn 2.6e-05 0.216602 0.97626
vn -4.3e-05 0.213096 0.977031
vn 0.019155 0.996239 -0.084504
vn -0.888624 0.099564 0.4477
vn -0.901959 0.235587 0.361895
vn -0.230458 0.859099 -0.456987
vn -0.900883 0.128794 -0.414514
vn -0.900409 0.068208 -0.429665
vn -0.887985 0.039002 -0.458215
vn -0.889209 0.060154 -0.453528
vn -5e-06 0.038566 -0.999256
vn -5e-06 0.03464 -0.9994
vn 0.004363 0.047246 -0.998874
vn 0.00436 0.039915 -0.999194
vn -0.88185 -0.051443 -0.468716
vn -0.881776 -0.052064 -0.468787
vn -0.888166 -0.004608 -0.459501
vn -0.88632 -0.020623 -0.462614
vn -0.645393 -0.00332 0.763843
vn -0.645535 -0.003509 0.763723
vn -0.641428 0.001937 0.767181
vn -1e-06 0.029019 0.999579
vn -1e-06 0.028845 0.999584
vn -2e-06 0.058038 0.998314
vn 0.642809 -0.0035 0.766019
vn 0.642601 -0.003307 0.766194
vn 0.6369 0.001951 0.770944
vn 0.88444 0.005118 -0.466625
vn 0.884444 0.005309 -0.466616
vn 0.889209 0.060154 -0.453528
vn 0.887985 0.039002 -0.458215
vn 5e-06 0.038566 -0.999256
vn 5e-06 0.03464 -0.9994
vn 0.428985 0.895221 -0.120626
vn 0.429822 0.902825 -0.01267
vn 0.344805 0.754991 0.557762
vn 0.996199 -0.025065 -0.083418
vn 0.996816 -0.052467 -0.060036
vn 0.99699 -0.040356 -0.066204
vn 0.996459 -0.020804 -0.081467
vn 0.00116 0.974947 0.222433
vn 0.001124 0.971162 0.238417
vn 0.000182 0.803256 0.595634
vn -0.418934 0.90663 -0.050171
vn -0.418029 0.896878 -0.14444
vn -0.333654 0.77025 0.543498
vn -0.997076 -0.015495 -0.074825
vn -0.994366 -0.009146 -0.105604
vn -0.99551 0.008043 -0.09431
vn -0.998123 -0.004414 -0.061078
vn -0.482478 0.869279 0.107565
vn -0.483509 0.867041 0.120246
vn -0.429822 0.902825 -0.012669
vn -0.428985 0.895221 -0.120625
vn -0.998817 -0.025172 0.041613
vn -0.998998 -0.021652 0.039179
vn -0.965535 -0.022193 0.259326
vn -0.965356 -0.017863 0.260323
vn -0.003851 0.99268 0.120711
vn -0.003894 0.991439 0.130513
vn -0.00116 0.974947 0.222434
vn -0.001124 0.971162 0.238419
vn 0.989569 -0.028813 0.141146
vn 0.999328 -0.025775 0.026045
vn 0.989247 -0.034264 0.142183
vn 0.99923 -0.029764 0.02556
vn 0.471727 0.875217 0.107096
vn 0.471857 0.874909 0.109019
vn 0.418934 0.90663 -0.05017
vn 0.418029 0.896878 -0.14444
vn 0.793683 0.400344 0.458031
vn 0.686441 0.604973 0.403493
vn 0.720147 0.551538 0.420944
vn 0.006337 0.452569 0.891707
vn 0.006158 0.653392 0.756995
vn 0.006147 0.658864 0.752237
vn -0.776166 0.461893 0.42921
vn -0.668836 0.633613 0.388836
vn -0.694431 0.598828 0.398961
vn -0.344804 0.754991 0.557763
vn -0.000182 0.803255 0.595635
vn 0.333654 0.770249 0.543499
vn -0.999328 -0.025775 0.026045
vn -0.999391 -0.017474 0.030189
vn -0.471857 0.874909 0.10902
vn -0.471727 0.875217 0.107096
vn 0.003851 0.99268 0.12071
vn 0.003894 0.991439 0.130512
vn 0.482478 0.869279 0.107565
vn 0.483509 0.867041 0.120245
vn 0.998998 -0.021652 0.039178
vn 0.999086 -0.01412 0.040343
vn 0.997076 -0.015495 -0.074825
vn 0.994366 -0.009146 -0.105604
vn 0.995928 -0.018087 -0.088316
vn 0.993921 -0.014532 -0.109135
vn 0.776166 0.461893 0.42921
vn 0.668836 0.633613 0.388835
vn 0.694432 0.598828 0.39896
vn -0.006337 0.452569 0.891707
vn -0.006158 0.653393 0.756994
vn -0.006147 0.658865 0.752236
vn -0.793683 0.400344 0.458032
vn -0.68644 0.604973 0.403494
vn -0.720147 0.551538 0.420944
vn -0.996742 -0.061123 -0.052622
vn -0.996816 -0.052468 -0.060036
vn -0.996973 -0.051407 -0.058327
vn -0.99699 -0.040356 -0.066204
vn -0.989569 -0.028813 0.141146
vn -0.990119 -0.017974 0.139072
vn 0.965356 -0.017863 0.260323
vn 0.964943 -0.009207 0.2623
vn 0.87711 -0.134712 -0.461011
vn 0.877169 -0.133888 -0.461138
vn 0.836069 -0.13402 0.532004
vn 0.836136 -0.132542 0.532269
vn -0.008191 -0.169704 0.985461
vn -0.008224 -0.170706 0.985288
vn -0.844178 -0.120717 0.522294
vn -0.844224 -0.119487 0.522502
vn -0.887566 -0.107389 -0.447989
vn -0.887497 -0.109066 -0.447721
vn 0.005173 -0.156434 -0.987675
vn 0.005191 -0.157326 -0.987533
vn -0.894896 0.034485 -0.444941
vn -0.897353 0.090397 -0.431956
vn -0.243913 0.86813 -0.432269
vn -0.896181 0.187699 0.402032
vn -0.880776 0.075289 0.467509
vn -0.019155 0.996239 -0.084509
vn -2.6e-05 0.216602 0.97626
vn 4.3e-05 0.213095 0.977031
vn 0.230458 0.859099 -0.456987
vn 0.888624 0.099564 0.447699
vn 0.90196 0.235587 0.361895
vn 0.900409 0.068208 -0.429665
vn 0.900883 0.128794 -0.414514
vn -0.00436 0.039915 -0.999194
vn -0.004363 0.047246 -0.998874
vn -0.079934 0.996106 0.037204
vn 0.889526 0.042989 -0.454857
vn 0.89022 0.019237 -0.455124
vn -0.069215 0.997466 -0.016478
vn 0.84719 0.048133 0.529105
vn 0.84648 0.060349 0.528989
vn 0.012991 0.998422 -0.05464
vn -0.007529 0.047657 0.998835
vn -0.007465 0.052617 0.998587
vn 0.069174 0.997208 -0.028123
vn -0.853988 0.08071 0.513995
vn -0.854324 0.076123 0.514135
vn 0.07627 0.996535 0.033167
vn -0.895248 0.093011 -0.435753
vn -0.896783 0.072923 -0.43642
vn 0.007371 0.065707 -0.997812
vn 0.007384 0.042328 -0.999077
vn -0.000729 0.996832 0.079532
vn -0.877109 -0.134712 -0.461012
vn -0.877169 -0.133887 -0.461139
vn -0.890219 0.019237 -0.455126
vn -0.889526 0.042989 -0.454858
vn -0.836069 -0.13402 0.532003
vn -0.836136 -0.132542 0.532269
vn -0.84719 0.048133 0.529105
vn -0.84648 0.060349 0.528989
vn 0.008191 -0.169704 0.985461
vn 0.008224 -0.170705 0.985288
vn 0.007465 0.052618 0.998587
vn 0.007529 0.047658 0.998835
vn 0.844178 -0.120717 0.522294
vn 0.844225 -0.119487 0.522501
vn 0.853989 0.08071 0.513993
vn 0.854325 0.076123 0.514134
vn 0.887566 -0.107389 -0.44799
vn 0.887497 -0.109066 -0.447721
vn 0.896782 0.072924 -0.436422
vn 0.895247 0.093011 -0.435754
vn -0.007371 0.065707 -0.997812
vn -0.007384 0.042328 -0.999077
vn -0.005191 -0.157326 -0.987533
vn -0.005173 -0.156434 -0.987675
vn 0.079934 0.996106 0.037202
vn 0.069215 0.997466 -0.016478
vn -0.012991 0.998422 -0.05464
vn -0.069174 0.997208 -0.028125
vn -0.07627 0.996536 0.033165
vn 0.000729 0.996832 0.079532
vn 0.996973 -0.051407 -0.058327
vn 0.996742 -0.061123 -0.052622
vn 0.998817 -0.025172 0.041613
vn 0.965535 -0.022193 0.259326
vn 0.641428 0.001937 0.767181
vn 2e-06 0.058038 0.998314
vn -0.6369 0.001951 0.770944
vn -0.99923 -0.029764 0.025561
vn -0.989247 -0.034264 0.142183
vn -0.995928 -0.018087 -0.088316
vn -0.993921 -0.014532 -0.109135
vn -0.885219 -0.019079 -0.464784
vn -0.996199 -0.025065 -0.083418
vn -0.996459 -0.020804 -0.081466
vn -0.999086 -0.01412 0.040343
vn -0.964942 -0.009207 0.262301
vn -0.654166 -0.015119 0.7562
vn 0.655362 -0.015259 0.75516
vn 0.655362 -0.015259 0.755161
vn 0.999391 -0.017474 0.03019
vn 0.990119 -0.017974 0.139072
vn 0.998123 -0.004414 -0.061078
vn 0.99551 0.008043 -0.09431
vn 0.884446 0.046202 -0.464351
vn 0 -1 0
vn 0 -1 -1e-06
vn -0.040679 -0.038643 -0.998425
vn -0.037206 0.887722 -0.458874
vn -0.036174 0.888467 0.457513
vn -0.046464 0.038141 0.998192
vn -0.067034 -0.905349 0.419344
vn -0.06244 -0.894956 -0.441763
vn -0.733278 0.275242 -0.621728
vn 0.73327 0.275212 -0.62175
vn -0.798485 0.589224 -0.123436
vn 0.798484 0.589225 -0.123437
vn -0.943377 0.331327 -0.016186
vn 0.943376 0.33133 -0.016185
vn -0.183135 0.262127 0.947497
vn 0.183135 0.262127 0.947497
vn 0.999992 0.003869 0.001342
vn 0.999993 0.000143 0.003827
vn -0.999993 0.000143 0.003827
vn -0.999992 0.003869 0.001342
vn 0.999999 -0.001435 0.000709
vn 0.999999 -0.001493 -0.00073
vn 0.999992 -3.6e-05 -0.004081
vn 0.999988 0.004597 -0.001968
vn 0.999987 0.004597 -0.001968
vn -0.999987 0.004598 -0.001968
vn -0.999988 0.004598 -0.001968
vn -0.999992 -3.6e-05 -0.004081
vn -0.999999 -0.001493 -0.00073
vn -0.999999 -0.001436 0.000709
vn -0.890418 -0.123962 -0.437938
vn -0.890362 -0.118256 0.439627
vn 0.098214 -0.077942 0.992108
vn 0.890334 0.129797 0.436414
vn 0.906692 0.156801 -0.391564
vn 0.024587 -0.088271 -0.995793
vn 0.08156 0.051857 -0.995319
vn 0.080955 0.049389 -0.995493
vn 0.091575 0.092992 -0.991447
vn 0.888203 0.245234 -0.388531
vn 0.887958 0.245544 -0.388894
vn 0.891017 0.241637 -0.384319
vn 0.886104 0.18456 0.425156
vn 0.886119 0.184128 0.425312
vn 0.885918 0.189619 0.423313
vn 0.094756 -0.03586 0.994855
vn 0.094807 -0.036872 0.994813
vn 0.094142 -0.023796 0.995274
vn -0.902537 -0.220798 0.369696
vn -0.902497 -0.221437 0.369411
vn -0.90129 -0.238111 0.361911
vn -0.907568 -0.186554 -0.37619
vn -0.905273 -0.196073 -0.376876
vn -0.916313 -0.146045 -0.372883
vn 0.01183 0.44459 -0.895656
vn 0.811334 0.437661 -0.387543
vn 0.811334 0.437662 -0.387543
vn 0.842089 0.302948 0.446217
vn 0.094575 -0.029456 0.995082
vn 0.094574 -0.029456 0.995082
vn -0.668012 -0.682574 0.2964
vn -0.178242 -0.944034 -0.277542
vn 0.133996 -0.978798 0.154917
vn 0.196403 -0.13973 0.970516
vn 0.083938 0.408555 -0.908866
vn -0.057507 -0.028773 -0.99793
vn -0.077291 0.057981 -0.995321
vn -0.077205 0.057596 -0.99535
vn -0.884216 0.244446 -0.398006
vn -0.872087 0.282489 -0.399581
vn -0.871649 0.283777 -0.399623
vn -0.883531 0.188303 0.428853
vn -0.883418 0.192838 0.427067
vn -0.883412 0.193049 0.426984
vn -0.095251 -0.059122 0.993696
vn -0.09446 -0.035104 0.99491
vn -0.094501 -0.03631 0.994862
vn 0.904099 -0.180927 0.38713
vn 0.902522 -0.2214 0.369371
vn 0.902561 -0.220771 0.369655
vn 0.872356 -0.3042 -0.382698
vn 0.907947 -0.182932 -0.377052
vn 0.905713 -0.192416 -0.377704
vn -0.023443 0.413044 -0.910409
vn -0.819642 0.406249 -0.403916
vn -0.841563 0.303348 0.446937
vn -0.094569 -0.029453 0.995082
vn -0.094569 -0.029453 0.995083
vn 0.668014 -0.682572 0.2964
vn 0.176037 -0.944415 -0.277654
vn -0.133996 -0.978798 0.154917
vn -0.196403 -0.13973 0.970516
vn -0.064866 0.401534 -0.913544
vn 0.719563 0.545439 -0.429798
vn 0.719563 0.545439 -0.429797
vn 0.833871 0.305282 0.459849
vn 0.833872 0.305282 0.459849
vn 0.218096 0.005085 0.975914
vn 0.215095 -0.001685 0.976592
vn 0.231892 0.036568 0.972054
vn 0.086825 0.504709 -0.858913
vn 0.121051 0.4378 -0.890886
vn 0.150996 0.375444 -0.914463
vn -0.748502 0.522164 -0.408765
vn -0.843114 0.287129 0.45466
vn -0.230007 0.018175 0.973019
vn -0.217642 0.001693 0.976027
vn -0.249808 0.044832 0.967257
vn -0.079856 0.430109 -0.899238
vn -0.04785 0.479686 -0.876135
vn -0.052916 0.471986 -0.880017
vn 0.890412 -0.123884 -0.437972
vn 0.889941 -0.119547 0.44013
vn 0.889941 -0.119547 0.440129
vn -0.096932 -0.081961 0.991911
vn -0.893809 0.117861 0.432683
vn -0.906962 0.154322 -0.391925
vn -0.024763 -0.093215 -0.995338
vn 0.916543 -0.142076 -0.373849
vn 0.901365 -0.237884 0.361875
vn 0.901364 -0.237884 0.361875
vn -0.094066 -0.023687 0.995284
vn -0.883349 0.195237 0.426118
vn -0.864569 0.30392 -0.400191
vn -0.08792 0.105536 -0.990521
vn -0.871533 -0.307135 -0.382227
vn -0.871533 -0.307136 -0.382227
vn -0.904169 -0.180479 0.387177
vn 0.09601 -0.061384 0.993486
vn 0.886415 0.173753 0.429043
vn 0.882798 0.251996 -0.39644
vn 0.06116 -0.030401 -0.997665
vn -0.131945 -0.987871 -0.081858
vn 0.056299 -0.99835 -0.011297
vn 0.059319 -0.998222 0.005903
vn -0.069061 -0.994719 -0.075925
vn -0.101758 -0.99162 0.079593
vn -0.037668 -0.996068 0.080189
vn -0.298066 -0.953652 0.041279
vn -0.244071 -0.968176 0.055352
vn -0.351959 -0.935767 -0.021578
vn -0.351054 -0.93622 -0.015937
vn -0.28338 -0.956655 -0.067129
vn -0.265183 -0.961649 -0.070069
vn -0.056175 -0.998358 -0.011227
vn 0.131951 -0.98788 -0.081747
vn -0.059136 -0.998233 0.005888
vn 0.069098 -0.994722 -0.075856
vn 0.102057 -0.991626 0.079133
vn 0.037966 -0.996092 0.079748
vn 0.297732 -0.953757 0.041259
vn 0.243841 -0.968244 0.055179
vn 0.351932 -0.935777 -0.021563
vn 0.351029 -0.936229 -0.015924
vn 0.283191 -0.956718 -0.067031
vn 0.265207 -0.961652 -0.069932
vn 0.888003 0.160177 -0.431039
vn 0.918597 0.02662 0.394299
vn 0.239797 0.058035 0.969087
vn 0.239797 0.058036 0.969087
vn 0.187916 -0.029032 -0.981756
vn -0.875292 0.010267 -0.483486
vn -0.917863 0.011694 0.396726
vn -0.139451 0.001443 0.990228
vn -0.148977 0.013245 0.988752
vn -0.114145 -0.029717 0.99302
vn -0.213033 0.107828 -0.971077
vn 0.08755 -0.996147 0.005045
vn 0.085647 -0.996297 0.007591
vn 0.088589 -0.996062 0.003655
vn -0.096034 0.995378 -0.000698
vn -0.070127 0.997488 0.009985
vn -0.071566 0.997392 0.009392
vn 0.090398 -0.995905 0.001234
vn -0.047624 0.99868 0.019239
vn 0.026456 -0.999179 0.030679
vn -0.018021 0.998767 -0.046246
vn 5e-06 0.99893 -0.046254
vn 0.039846 -0.997429 -0.059569
vn -0.000687 -0.997305 -0.073362
vn -0.00051 -0.99731 -0.073302
vn 0.005423 0.9956 0.093547
vn -0.040581 0.996328 0.075386
vn 0.003976 0.99566 0.092979
vn -0.591549 -0.752417 -0.289721
vn -0.27654 -0.957912 -0.077006
vn -0.194734 -0.980544 -0.024728
vn 0.088886 0.99583 0.020527
vn 0.131199 0.991132 0.021098
vn 0.088898 0.995829 0.020527
vn -0.130851 -0.991282 0.015427
vn 0.053381 0.998374 0.020021
vn -0.038198 -0.998045 0.049475
vn 0 -0.998774 0.049511
vn 0.034184 0.999076 -0.026039
vn -0.063178 -0.990236 -0.124266
vn 0.072358 0.98948 0.125276
vn -0.353767 0.060091 0.933401
vn -0.039387 -0.998675 0.033127
vn 0.136868 0.002921 0.990585
vn 0.14541 0.014112 0.989271
vn 0.141867 0.025201 0.989565
vn 0.134615 0.037754 0.990179
vn 0.038198 -0.998045 0.049475
vn 0.116765 0.068413 0.9908
vn -0.144842 0.02597 0.989114
vn -0.136512 0.040614 0.989806
vn -0.115965 0.076395 0.990311
vn 0.111735 0.012018 0.993665
vn -0.110919 0.01137 0.993764
vn -0.110919 0.01137 0.993765
vn 0.114178 -0.026638 0.993103
vn -1 0 -0.000548
vn -0.11604 0 0.993245
vn 1 0 -0.000548
vn 0.11604 0 0.993245
vn 0.018032 0.998767 -0.046247
vn -0.028575 0.999035 -0.033342
vn 0.991824 0 -0.127612
vn 0.121316 0 0.992614
vn -0.991824 0 -0.127613
vn -0.121316 0 0.992614
vn 0.0437 0.999045 0
vn 0.999396 -0.034743 0
vn -0.999591 0.028609 0
vn 0.002584 -0.999997 0
vn -0.002628 -0.999997 0
vn -0.999396 -0.034742 0
vn 0.999582 0.02891 0
vn -0.043693 0.999045 0
vn -1 0 0
vn -0.028445 -0.999595 0
vn 0.028445 -0.999595 0
vn 1 0 0
vn -0.008975 0.99996 0
vn 0.008985 0.99996 0
vn 0.029448 0.999228 -0.026009
vn -0.313656 0.117261 0.942269
vn -0.034244 -0.999022 0.027981
vn -0.040033 0.998442 -0.038884
vn -0.040033 0.998441 -0.038884
vn 0.372118 0.022314 0.927917
vn 0.04395 -0.998567 0.030529
vn 0.050525 0.99252 0.111134
vn -0.16857 0.023516 -0.985409
vn -0.045579 -0.995034 -0.088482
vn -0.050316 0.997071 0.0576
vn 0.250325 -0.011495 -0.968094
vn -0.99747 0.064941 -0.028914
vn 0.66957 -0.086688 -0.737673
vn -0.758007 0.473546 0.44853
vn -0.758007 0.473546 0.448531
vn -0.138821 -0.541397 -0.829227
vn 0.66665 -0.038996 -0.74435
vn -0.954381 -0.279313 0.105557
vn 0.668796 0.137566 -0.730608
vn 0.266936 -0.735277 0.622988
vn -0.728435 -0.129014 -0.672858
vn 0.994679 0.088432 0.052857
vn -0.707703 -0.151965 -0.689974
vn 0.18051 -0.538585 -0.823009
vn 0.18051 -0.538585 -0.823008
vn 0.807712 0.402148 0.431136
vn -0.754074 0.038749 -0.655646
vn 0.049252 -0.997972 -0.040326
vn 0.938806 0.117444 -0.323806
vn 0.938806 0.117443 -0.323806
vn -0.863922 -0.127824 0.487134
vn 0.717783 0.341318 -0.606869
vn 0.089075 -0.489347 0.867528
vn -0.931916 -0.334369 0.140466
vn 0.885655 -0.051628 -0.461465
vn -0.849039 -0.126484 0.512966
vn -0.879706 -0.063163 -0.471304
vn 0.840809 -0.115906 0.528778
vn -0.925392 -0.095111 -0.366884
vn 0.979158 0.15703 0.128803
vn -0.806991 0.302109 -0.507441
vn 0.643327 -0.213127 0.735327
vn -0.215095 -0.001685 0.976592
vn 0.255622 0.092164 0.962374
vn -0.112394 0.377392 -0.919208
vn 0.081155 0.515363 -0.853121
vn -0.257759 0.559663 -0.787615
vn -0.087157 0 -0.996195
vn 0.087157 0 -0.996195
vn 0.299091 0.626532 -0.719723
vn 0.233223 0.504754 0.831162
vn -0.232955 0.505458 0.83081
vn -0.232955 0.505458 0.830809
vn -0.023985 0.998927 -0.039619
vn -0.020778 0.999359 0.029141
vn 0.026382 0.998764 -0.042129
vn 0.021508 0.999277 0.031365
vn 0.012929 0.999007 0.042632
vn -0.010069 0.998404 0.055573
vn 0.017987 0.999044 -0.039835
vn -0.017616 0.999047 -0.039928
vn -0.030588 0.998614 0.04282
vn -0.015192 0.999537 0.026347
vn 0.015211 0.99954 0.026255
vn 0.02327 0.999154 0.033915
vn 0.020986 0.999168 -0.03498
vn -0.020603 0.999171 -0.035106
vn 0.008495 0.181294 -0.983392
vn 0.008308 0.181288 -0.983395
vn 0.001795 0.119683 -0.992811
vn 0.00179 0.119288 -0.992858
vn 0.886226 0.082419 -0.455863
vn 0.887091 0.082254 -0.454206
vn 0.877374 0.058835 -0.476186
vn 0.87748 0.06029 -0.475809
vn 0.84691 -0.02408 0.531191
vn 0.846374 -0.02413 0.532043
vn 0.860237 -0.023705 0.509344
vn 0.86004 -0.023691 0.509676
vn -0.011077 -0.05925 0.998182
vn -0.011063 -0.05925 0.998182
vn -0.003232 -0.047136 0.998883
vn -0.003294 -0.047486 0.998866
vn -0.866193 -0.058356 0.49629
vn -0.866241 -0.058355 0.496206
vn -0.873548 -0.058379 0.483225
vn -0.873546 -0.058378 0.483229
vn -0.906042 -0.000788 -0.423186
vn -0.90443 -0.000377 -0.426621
vn -0.886616 -0.011252 -0.462369
vn -0.887206 -0.009928 -0.461268
vn 0.001886 -0.082129 -0.99662
vn 0.006681 -0.109149 -0.994003
vn 0.006724 -0.109387 -0.993977
vn 0.869246 -0.052319 -0.491604
vn 0.868766 -0.075356 -0.489455
vn 0.868773 -0.075144 -0.489476
vn 0.877747 -0.058633 0.475522
vn 0.878632 -0.048921 0.474987
vn 0.878629 -0.048957 0.474989
vn 0.001223 -0.055819 0.99844
vn 0.002891 -0.049187 0.998785
vn 0.002871 -0.049266 0.998782
vn -0.876996 -0.054325 0.477417
vn -0.873449 -0.048924 0.484452
vn -0.873437 -0.048905 0.484476
vn -0.870443 -0.066306 -0.487784
vn -0.866972 -0.078183 -0.492187
vn -0.86694 -0.07829 -0.492226
vn -0.873695 -0.038772 -0.484926
vn -0.877558 -0.058546 0.475883
vn 0.000472 -0.026247 0.999655
vn 0.870915 -0.024445 0.490826
vn 0.872222 0.00626 -0.489071
vn 0.000236 -0.003953 -0.999992
vn -0.016301 -0.061733 -0.99796
vn -0.896638 -0.065727 -0.437858
vn -0.835467 -0.060642 0.546184
vn 0.018458 -0.060181 0.998017
vn 0.855173 -0.040058 0.516793
vn 0.915609 -0.027882 -0.401102
vn -0.01566 0.181538 -0.983259
vn -0.008495 0.181294 -0.983392
vn -0.008308 0.181288 -0.983395
vn -0.894601 0.080785 -0.439503
vn -0.886226 0.082419 -0.455862
vn -0.887091 0.082254 -0.454206
vn -0.836928 -0.024991 0.546742
vn -0.84691 -0.02408 0.531191
vn -0.846374 -0.02413 0.532043
vn 0.018742 -0.059327 0.998063
vn 0.011063 -0.05925 0.998182
vn 0.011077 -0.05925 0.998182
vn 0.859298 -0.058439 0.508125
vn 0.866241 -0.058355 0.496206
vn 0.866193 -0.058356 0.49629
vn 0.916824 -0.003629 -0.399275
vn 0.904431 -0.000377 -0.426621
vn 0.906043 -0.000788 -0.423186
vn -0.001886 -0.082129 -0.99662
vn -0.006724 -0.109387 -0.993977
vn -0.006681 -0.109149 -0.994003
vn -0.869246 -0.05232 -0.491603
vn -0.869246 -0.05232 -0.491604
vn -0.868773 -0.075144 -0.489476
vn -0.868766 -0.075356 -0.489455
vn -0.877747 -0.058633 0.475522
vn -0.877747 -0.058633 0.475523
vn -0.878629 -0.048957 0.474989
vn -0.878632 -0.048921 0.474987
vn -0.001223 -0.055819 0.99844
vn -0.002891 -0.049187 0.998785
vn -0.002871 -0.049266 0.998782
vn 0.876996 -0.054325 0.477417
vn 0.873437 -0.048905 0.484475
vn 0.873449 -0.048924 0.484452
vn 0.870443 -0.066306 -0.487784
vn 0.866972 -0.078183 -0.492187
vn 0.86694 -0.07829 -0.492226
vn 0.886616 -0.011252 -0.462369
vn 0.887206 -0.009928 -0.461267
vn 0.873695 -0.038772 -0.484926
vn 0.873548 -0.058379 0.483225
vn 0.873546 -0.058378 0.483229
vn 0.877558 -0.058546 0.475883
vn 0.003232 -0.047136 0.998883
vn 0.003294 -0.047487 0.998866
vn -0.000472 -0.026247 0.999655
vn -0.86004 -0.023691 0.509676
vn -0.860237 -0.023705 0.509344
vn -0.870915 -0.024445 0.490826
vn -0.87748 0.06029 -0.475809
vn -0.877374 0.058835 -0.476186
vn -0.872222 0.00626 -0.489071
vn -0.00179 0.119288 -0.992858
vn -0.001795 0.119683 -0.992811
vn -0.000236 -0.003953 -0.999992
vn 0.866671 -0.082505 -0.492011
vn 0.866645 -0.082191 -0.492109
vn 0.87113 -0.048092 0.488691
vn 0.871203 -0.048094 0.488561
vn -0.004158 -0.04824 0.998827
vn -0.004016 -0.04824 0.998828
vn -0.878026 -0.047557 0.476244
vn -0.878088 -0.047559 0.47613
vn -0.871013 -0.079539 -0.484779
vn -0.87098 -0.079523 -0.48484
vn -0.016262 -0.118337 -0.99284
vn -0.015014 -0.117638 -0.992943
vn 0.896638 -0.065727 -0.437858
vn 0.835467 -0.060642 0.546184
vn -0.018458 -0.060181 0.998017
vn -0.855173 -0.040058 0.516793
vn -0.915609 -0.027882 -0.401102
vn 0.016301 -0.061733 -0.99796
vn 0.866913 -0.085563 -0.491061
vn 0.868759 -0.048012 0.492902
vn -0.005503 -0.048242 0.998821
vn -0.877116 -0.047527 0.477922
vn -0.874102 -0.081074 -0.478929
vn -0.027593 -0.124676 -0.991814
vn -0.866645 -0.082191 -0.492109
vn -0.866671 -0.082505 -0.492011
vn -0.87113 -0.048092 0.488692
vn -0.871203 -0.048094 0.488561
vn 0.004158 -0.04824 0.998827
vn 0.004016 -0.04824 0.998828
vn 0.878026 -0.047557 0.476244
vn 0.878088 -0.047559 0.47613
vn 0.87098 -0.079523 -0.48484
vn 0.871013 -0.079539 -0.484779
vn 0.015014 -0.117638 -0.992943
vn 0.016262 -0.118337 -0.99284
vn -0.916824 -0.003629 -0.399275
vn -0.859298 -0.058439 0.508125
vn -0.859298 -0.058439 0.508126
vn -0.018742 -0.059327 0.998063
vn 0.836928 -0.024991 0.546742
vn 0.894601 0.080785 -0.439503
vn 0.01566 0.181538 -0.983259
vn -0.866913 -0.085563 -0.491061
vn -0.868759 -0.048012 0.492902
vn -0.86876 -0.048012 0.492902
vn 0.005503 -0.048242 0.998821
vn 0.877116 -0.047527 0.477922
vn 0.874102 -0.081074 -0.478929
vn 0.027593 -0.124676 -0.991814
vt 0.08334 0.614478
vt 0.091095 0.592075
vt 0.113407 0.626997
vt 0.121183 0.612373
vt 0.211168 0.799055
vt 0.221498 0.822028
vt 0.188868 0.833871
vt 0.179182 0.815991
vt 0.151177 0.77667
vt 0.151175 0.797368
vt 0.091181 0.799042
vt 0.123164 0.815985
vt 0.080847 0.822013
vt 0.113473 0.833863
vt 0.208097 0.592058
vt 0.215858 0.614459
vt 0.185794 0.626987
vt 0.178015 0.612364
vt 0.149596 0.591341
vt 0.149599 0.610118
vt 0.15118 0.748688
vt 0.21252 0.751769
vt 0.08984 0.751755
vt 0.149588 0.539971
vt 0.214434 0.545063
vt 0.084744 0.545082
vt 0.077933 0.468529
vt 0.101429 0.473825
vt 0.065758 0.521836
vt 0.199932 0.681545
vt 0.224796 0.67711
vt 0.234679 0.732152
vt 0.151187 0.68458
vt 0.102443 0.681535
vt 0.077579 0.677095
vt 0.067685 0.732134
vt 0.19773 0.473812
vt 0.221224 0.468509
vt 0.233414 0.521812
vt 0.14958 0.475096
vt 0.081058 0.445744
vt 0.10887 0.450871
vt 0.195221 0.656595
vt 0.220298 0.653231
vt 0.150941 0.6577
vt 0.106815 0.656377
vt 0.08392 0.653078
vt 0.189791 0.444464
vt 0.216938 0.445627
vt 0.149579 0.449427
vt 0.063178 0.526211
vt 0.075524 0.549192
vt 0.081309 0.590262
vt 0.078427 0.613116
vt 0.238233 0.735057
vt 0.223069 0.756016
vt 0.22683 0.821278
vt 0.220537 0.797742
vt 0.06413 0.735038
vt 0.07929 0.756001
vt 0.081812 0.797726
vt 0.075515 0.821261
vt 0.235995 0.526187
vt 0.223656 0.549171
vt 0.22077 0.613096
vt 0.217882 0.590242
vt 0.030781 0.562328
vt 0.022532 0.540586
vt 0.037954 0.592471
vt 0.037873 0.613446
vt 0.280814 0.743508
vt 0.274017 0.766247
vt 0.270398 0.79975
vt 0.270692 0.822602
vt 0.028339 0.766221
vt 0.021548 0.74348
vt 0.031952 0.799724
vt 0.031652 0.822576
vt 0.276645 0.540551
vt 0.268402 0.562295
vt 0.261324 0.613415
vt 0.261237 0.59244
vt 0.944039 0.02542
vt 0.944039 0.03171
vt 0.926067 0.032197
vt 0.926239 0.025923
vt 0.905564 0.032228
vt 0.905997 0.025976
vt 0.863354 0.030919
vt 0.850199 0.030351
vt 0.863424 0.024642
vt 0.850408 0.024099
vt 0.832029 0.029711
vt 0.832217 0.023479
vt 0.818874 0.029416
vt 0.819261 0.023148
vt 0.964568 0.031359
vt 0.964282 0.025104
vt 0.605696 0.39656
vt 0.603852 0.383519
vt 0.607649 0.383086
vt 0.609463 0.395918
vt 0.602964 0.369745
vt 0.606775 0.369552
vt 0.602738 0.356606
vt 0.606554 0.356616
vt 0.603976 0.329732
vt 0.605694 0.316714
vt 0.607768 0.330185
vt 0.609465 0.317337
vt 0.603014 0.343448
vt 0.606824 0.34366
vt 0.149939 0.841297
vt 0.14999 0.8631
vt 0.128773 0.865575
vt 0.171219 0.865476
vt 0.12226 0.898782
vt 0.149978 0.894179
vt 0.149979 0.903098
vt 0.139344 0.905167
vt 0.177696 0.898776
vt 0.160613 0.905165
vt 0.178847 0.914347
vt 0.164088 0.911125
vt 0.122962 0.885146
vt 0.136964 0.890723
vt 0.139555 0.88444
vt 0.150035 0.88218
vt 0.160524 0.884391
vt 0.177121 0.885019
vt 0.163145 0.890662
vt 0.121112 0.914354
vt 0.135871 0.911128
vt 0.174224 0.920569
vt 0.185051 0.920948
vt 0.184011 0.949879
vt 0.173238 0.949785
vt 0.114507 0.920972
vt 0.125334 0.920586
vt 0.115567 0.949902
vt 0.12634 0.949801
vt 0.132217 0.920102
vt 0.132678 0.950235
vt 0.138986 0.919424
vt 0.139017 0.950668
vt 0.149778 0.919603
vt 0.149789 0.95084
vt 0.160571 0.919417
vt 0.160561 0.950661
vt 0.167341 0.92009
vt 0.166899 0.950223
vt 0.726514 0.297668
vt 0.728673 0.314294
vt 0.722301 0.315056
vt 0.720176 0.298716
vt 0.728897 0.386943
vt 0.726435 0.40442
vt 0.722517 0.386213
vt 0.720103 0.403339
vt 0.730085 0.368075
vt 0.72368 0.367747
vt 0.730431 0.350589
vt 0.724018 0.350606
vt 0.730022 0.333122
vt 0.723619 0.333479
vt 0.879226 0.20799
vt 0.892266 0.207866
vt 0.880766 0.215513
vt 0.899105 0.215142
vt 0.973367 0.60053
vt 0.96354 0.600569
vt 0.963254 0.593365
vt 0.97339 0.593315
vt 0.849963 0.300044
vt 0.862937 0.300704
vt 0.861405 0.308355
vt 0.842839 0.307001
vt 0.866284 0.208787
vt 0.861997 0.215598
vt 0.875885 0.300857
vt 0.879851 0.307921
vt 0.974576 0.207642
vt 0.984081 0.211558
vt 0.98109 0.216798
vt 0.97167 0.213004
vt 0.798107 0.208832
vt 0.811061 0.209368
vt 0.796719 0.216385
vt 0.815486 0.21609
vt 0.914557 0.210594
vt 0.923305 0.20733
vt 0.917089 0.215442
vt 0.925771 0.212289
vt 0.794023 0.302578
vt 0.806965 0.302121
vt 0.808677 0.309734
vt 0.790225 0.309734
vt 0.785066 0.208972
vt 0.778376 0.216385
vt 0.81992 0.301157
vt 0.827205 0.307945
vt 0.934221 0.5983
vt 0.925468 0.598293
vt 0.925432 0.591877
vt 0.934446 0.591881
vt 0.898919 0.228591
vt 0.881055 0.230994
vt 0.963078 0.58368
vt 0.972163 0.583615
vt 0.842666 0.320247
vt 0.861038 0.32258
vt 0.86303 0.228643
vt 0.879318 0.320946
vt 0.972775 0.237932
vt 0.978855 0.239392
vt 0.969969 0.24403
vt 0.976812 0.245266
vt 0.814717 0.229153
vt 0.796743 0.231868
vt 0.91852 0.235754
vt 0.924023 0.234476
vt 0.926684 0.239907
vt 0.920391 0.24117
vt 0.791064 0.322742
vt 0.809378 0.323947
vt 0.778834 0.229827
vt 0.827689 0.321183
vt 0.926471 0.583273
vt 0.934544 0.583272
vt 0.890225 0.2478
vt 0.881336 0.249123
vt 0.963189 0.570754
vt 0.971466 0.570679
vt 0.842453 0.337251
vt 0.85157 0.339365
vt 0.863472 0.246101
vt 0.872411 0.248079
vt 0.869616 0.339828
vt 0.86057 0.340614
vt 0.957431 0.265631
vt 0.971907 0.264997
vt 0.959141 0.284293
vt 0.970596 0.284073
vt 0.805731 0.248775
vt 0.796829 0.249999
vt 0.925309 0.259649
vt 0.939284 0.260124
vt 0.937824 0.278332
vt 0.926503 0.278078
vt 0.791967 0.339961
vt 0.801207 0.341391
vt 0.77899 0.246805
vt 0.787915 0.248856
vt 0.819237 0.340505
vt 0.810269 0.341965
vt 0.92699 0.571759
vt 0.934343 0.571782
vt 0.979709 0.223761
vt 0.970736 0.221486
vt 0.857167 0.232121
vt 0.85448 0.221058
vt 0.973395 0.257867
vt 0.959871 0.258259
vt 0.885681 0.324371
vt 0.888942 0.314521
vt 0.918268 0.228106
vt 0.925734 0.226453
vt 0.774064 0.322652
vt 0.777149 0.332336
vt 0.771303 0.336846
vt 0.766109 0.331251
vt 0.93137 0.244944
vt 0.92173 0.246061
vt 0.826426 0.237279
vt 0.829172 0.228219
vt 0.830284 0.241486
vt 0.835597 0.236576
vt 0.979368 0.230886
vt 0.971065 0.228793
vt 0.896311 0.320456
vt 0.893454 0.330209
vt 0.975463 0.2505
vt 0.965194 0.249616
vt 0.851488 0.237004
vt 0.848559 0.228002
vt 0.918145 0.221775
vt 0.926295 0.220002
vt 0.784783 0.326316
vt 0.781292 0.316546
vt 0.923832 0.252931
vt 0.936743 0.253035
vt 0.820649 0.232511
vt 0.823112 0.221397
vt 0.899405 0.334581
vt 0.904466 0.328865
vt 0.847715 0.241289
vt 0.842304 0.236487
vt 0.878819 0.338181
vt 0.828302 0.338177
vt 0.814628 0.246617
vt 0.899106 0.245568
vt 0.967846 0.400166
vt 0.958567 0.400277
vt 0.959397 0.393741
vt 0.967964 0.393623
vt 0.928101 0.321018
vt 0.92728 0.312681
vt 0.936724 0.312625
vt 0.938481 0.320863
vt 0.968646 0.324637
vt 0.958705 0.324533
vt 0.960463 0.316831
vt 0.96923 0.316842
vt 0.929159 0.470294
vt 0.938197 0.470397
vt 0.937366 0.476866
vt 0.928681 0.476771
vt 0.969353 0.540253
vt 0.96963 0.547207
vt 0.962233 0.547296
vt 0.960294 0.540396
vt 0.968702 0.47678
vt 0.96056 0.476868
vt 0.959597 0.470656
vt 0.968423 0.470566
vt 0.929432 0.392417
vt 0.938447 0.392553
vt 0.939174 0.39942
vt 0.929625 0.399276
vt 0.928622 0.543378
vt 0.937383 0.543492
vt 0.93545 0.550087
vt 0.928451 0.550001
vt 0.806266 0.249356
vt 0.814314 0.247404
vt 0.937344 0.278885
vt 0.9272 0.278652
vt 0.792189 0.340611
vt 0.800543 0.341917
vt 0.940403 0.353664
vt 0.927398 0.353786
vt 0.928065 0.353227
vt 0.939646 0.353113
vt 0.96977 0.356656
vt 0.957025 0.356748
vt 0.95775 0.356186
vt 0.969116 0.356114
vt 0.878613 0.338835
vt 0.870292 0.340337
vt 0.969866 0.284646
vt 0.959654 0.284833
vt 0.871888 0.248671
vt 0.863802 0.246881
vt 0.970403 0.436673
vt 0.95685 0.436834
vt 0.957605 0.436304
vt 0.969669 0.436159
vt 0.869285 0.340514
vt 0.861198 0.341218
vt 0.968997 0.357194
vt 0.957663 0.35728
vt 0.880804 0.249778
vt 0.872827 0.248844
vt 0.939775 0.354213
vt 0.928188 0.354319
vt 0.801554 0.34207
vt 0.809655 0.342584
vt 0.940892 0.436405
vt 0.927263 0.43631
vt 0.927993 0.435785
vt 0.940132 0.435869
vt 0.797374 0.250644
vt 0.805331 0.249548
vt 0.940174 0.436895
vt 0.927934 0.436809
vt 0.818985 0.341166
vt 0.810892 0.342486
vt 0.939339 0.514633
vt 0.925285 0.514469
vt 0.926088 0.513922
vt 0.938715 0.514067
vt 0.796336 0.250608
vt 0.788292 0.249574
vt 0.971973 0.511391
vt 0.958791 0.5116
vt 0.97121 0.510895
vt 0.959392 0.511084
vt 0.851837 0.34002
vt 0.85996 0.341149
vt 0.969735 0.437171
vt 0.957566 0.437317
vt 0.881842 0.249721
vt 0.889863 0.248525
vt 0.890751 0.24837
vt 0.898805 0.246347
vt 0.963513 0.57035
vt 0.970959 0.570288
vt 0.842619 0.337905
vt 0.85088 0.339834
vt 0.959535 0.512149
vt 0.97133 0.511962
vt 0.938536 0.515227
vt 0.925992 0.515078
vt 0.828152 0.338835
vt 0.819939 0.340958
vt 0.927426 0.571405
vt 0.934051 0.571424
vt 0.7874 0.249438
vt 0.779308 0.247577
vt 0.957696 0.420624
vt 0.968591 0.420478
vt 0.860565 0.355943
vt 0.867819 0.355312
vt 0.968247 0.373158
vt 0.958108 0.373287
vt 0.881082 0.264502
vt 0.87393 0.263665
vt 0.805746 0.26181
vt 0.813562 0.259916
vt 0.805688 0.263194
vt 0.81348 0.261306
vt 0.927393 0.292811
vt 0.937715 0.292982
vt 0.937788 0.294593
vt 0.927413 0.294471
vt 0.793951 0.353036
vt 0.802075 0.354302
vt 0.802245 0.355678
vt 0.794146 0.354417
vt 0.939906 0.339424
vt 0.928627 0.339583
vt 0.928667 0.338067
vt 0.939946 0.337896
vt 0.957285 0.342585
vt 0.968352 0.342624
vt 0.869052 0.352755
vt 0.877144 0.351299
vt 0.969225 0.298492
vt 0.959316 0.298582
vt 0.87266 0.261112
vt 0.864807 0.259376
vt 0.92921 0.450285
vt 0.93997 0.450384
vt 0.939945 0.451874
vt 0.929352 0.451771
vt 0.81138 0.355115
vt 0.818469 0.35396
vt 0.818413 0.355381
vt 0.811434 0.356519
vt 0.938902 0.498743
vt 0.927892 0.498618
vt 0.928119 0.496934
vt 0.938895 0.497054
vt 0.789294 0.262379
vt 0.796336 0.263287
vt 0.789404 0.263802
vt 0.796336 0.264696
vt 0.897854 0.256511
vt 0.89075 0.258298
vt 0.962778 0.561938
vt 0.970084 0.561869
vt 0.843655 0.347992
vt 0.850953 0.349692
vt 0.970124 0.52325
vt 0.959416 0.523424
vt 0.959255 0.497045
vt 0.969363 0.496892
vt 0.852654 0.352798
vt 0.859768 0.353787
vt 0.968487 0.450626
vt 0.957792 0.450727
vt 0.88912 0.261348
vt 0.882098 0.262398
vt 0.929155 0.370757
vt 0.939715 0.370754
vt 0.939715 0.37263
vt 0.929227 0.372588
vt 0.803367 0.35683
vt 0.810634 0.35729
vt 0.810743 0.358924
vt 0.803568 0.358469
vt 0.939941 0.420084
vt 0.928911 0.419993
vt 0.929012 0.418226
vt 0.93993 0.418332
vt 0.797394 0.26537
vt 0.804528 0.264388
vt 0.797395 0.267006
vt 0.80444 0.266037
vt 0.927538 0.526838
vt 0.938441 0.526981
vt 0.938399 0.528254
vt 0.927736 0.528134
vt 0.820097 0.350814
vt 0.827352 0.348943
vt 0.820114 0.35191
vt 0.827264 0.350066
vt 0.934808 0.563844
vt 0.9281 0.563779
vt 0.928111 0.562846
vt 0.934977 0.562917
vt 0.780464 0.257721
vt 0.787603 0.259363
vt 0.787626 0.260466
vt 0.780591 0.258847
vt 0.968476 0.418738
vt 0.957701 0.418878
vt 0.957777 0.417018
vt 0.968418 0.416887
vt 0.860494 0.357579
vt 0.867657 0.356956
vt 0.867493 0.358699
vt 0.860431 0.359313
vt 0.958167 0.375058
vt 0.968164 0.374923
vt 0.968136 0.376788
vt 0.958298 0.376925
vt 0.874051 0.265311
vt 0.881114 0.266138
vt 0.874181 0.267052
vt 0.881143 0.267867
vt 0.805655 0.264721
vt 0.81337 0.262851
vt 0.805355 0.278465
vt 0.812384 0.276761
vt 0.927353 0.296325
vt 0.937693 0.296388
vt 0.794354 0.355959
vt 0.802373 0.357207
vt 0.80353 0.370973
vt 0.796223 0.369835
vt 0.939815 0.336207
vt 0.928598 0.336385
vt 0.968265 0.34114
vt 0.957257 0.341074
vt 0.957384 0.339403
vt 0.96831 0.3395
vt 0.868914 0.354134
vt 0.876981 0.352683
vt 0.87681 0.35423
vt 0.868822 0.355666
vt 0.959285 0.300102
vt 0.969136 0.300026
vt 0.969134 0.301732
vt 0.959422 0.301792
vt 0.864917 0.260764
vt 0.872746 0.262494
vt 0.865058 0.262307
vt 0.87281 0.264021
vt 0.929342 0.453603
vt 0.939766 0.453711
vt 0.81151 0.358255
vt 0.818375 0.357136
vt 0.81804 0.372926
vt 0.812195 0.373878
vt 0.938708 0.495001
vt 0.928212 0.494886
vt 0.789524 0.265544
vt 0.796343 0.266423
vt 0.790599 0.281221
vt 0.796404 0.281969
vt 0.890749 0.259401
vt 0.89775 0.257641
vt 0.897646 0.259006
vt 0.890737 0.260743
vt 0.970049 0.560844
vt 0.962618 0.560915
vt 0.962492 0.559628
vt 0.970102 0.559554
vt 0.84377 0.349112
vt 0.850961 0.350787
vt 0.843877 0.350478
vt 0.850974 0.352131
vt 0.959418 0.52469
vt 0.969973 0.524521
vt 0.969943 0.526097
vt 0.959473 0.526269
vt 0.969139 0.49537
vt 0.959263 0.495512
vt 0.959409 0.493629
vt 0.96907 0.493503
vt 0.852744 0.354218
vt 0.859747 0.355191
vt 0.859712 0.356928
vt 0.852823 0.355971
vt 0.957806 0.452215
vt 0.968355 0.452115
vt 0.968358 0.453947
vt 0.957983 0.454046
vt 0.882126 0.263806
vt 0.889039 0.262773
vt 0.882154 0.265534
vt 0.888954 0.264517
vt 0.929229 0.374545
vt 0.939631 0.374633
vt 0.803773 0.360208
vt 0.810847 0.360656
vt 0.811783 0.376243
vt 0.805623 0.375853
vt 0.939859 0.416469
vt 0.929056 0.416343
vt 0.797401 0.268735
vt 0.804345 0.267779
vt 0.797453 0.284294
vt 0.803499 0.283462
vt 0.927852 0.529692
vt 0.938271 0.52983
vt 0.820133 0.353254
vt 0.827189 0.351434
vt 0.820299 0.365352
vt 0.826514 0.36375
vt 0.935131 0.561737
vt 0.928031 0.561654
vt 0.780723 0.260211
vt 0.787665 0.261807
vt 0.788022 0.273886
vt 0.781907 0.272479
vt 0.873387 0.277755
vt 0.866325 0.276194
vt 0.867989 0.369455
vt 0.875267 0.368146
vt 0.881406 0.283424
vt 0.875344 0.282714
vt 0.859863 0.374918
vt 0.866011 0.374384
vt 0.888197 0.280212
vt 0.882407 0.281078
vt 0.853529 0.371748
vt 0.859395 0.372564
vt 0.890625 0.272826
vt 0.896709 0.271296
vt 0.851092 0.36423
vt 0.844842 0.362774
vt 0.646349 0.31091
vt 0.648066 0.323928
vt 0.644275 0.324381
vt 0.642578 0.311532
vt 0.648186 0.377715
vt 0.646341 0.390756
vt 0.64439 0.377282
vt 0.642574 0.390114
vt 0.649075 0.363941
vt 0.645264 0.363747
vt 0.649302 0.350802
vt 0.645486 0.350812
vt 0.649027 0.337644
vt 0.645217 0.337856
vt 0.54324 0.322469
vt 0.545291 0.306733
vt 0.545344 0.406849
vt 0.543035 0.390465
vt 0.541923 0.372853
vt 0.541607 0.35644
vt 0.541985 0.340036
vt 0.713465 0.299825
vt 0.715552 0.315863
vt 0.708803 0.31667
vt 0.706754 0.300934
vt 0.715759 0.38544
vt 0.713398 0.402195
vt 0.709002 0.384666
vt 0.706692 0.40105
vt 0.716898 0.367401
vt 0.710116 0.367054
vt 0.717225 0.350624
vt 0.710433 0.350642
vt 0.716838 0.333858
vt 0.710057 0.334238
vt 0.529743 0.320853
vt 0.531868 0.304513
vt 0.536491 0.321661
vt 0.53858 0.305623
vt 0.531933 0.409137
vt 0.529521 0.392011
vt 0.536278 0.391238
vt 0.538638 0.407993
vt 0.528358 0.373545
vt 0.535141 0.373199
vt 0.528023 0.356404
vt 0.534815 0.356422
vt 0.528423 0.339277
vt 0.535204 0.339657
vt 0.138775 0.961634
vt 0.149298 0.95932
vt 0.159782 0.961803
vt 0.136113 0.967403
vt 0.138682 0.973214
vt 0.149166 0.975696
vt 0.159688 0.973383
vt 0.162351 0.967614
vt 0.895191 0.067249
vt 0.880493 0.078305
vt 0.877744 0.077551
vt 0.894904 0.064856
vt 0.880471 0.097237
vt 0.877744 0.099078
vt 0.895157 0.104771
vt 0.895375 0.108094
vt 0.910168 0.093171
vt 0.912615 0.094928
vt 0.910193 0.074697
vt 0.912402 0.073576
vt 0.603444 0.029308
vt 0.623917 0.029656
vt 0.603769 0.059397
vt 0.624645 0.055392
vt 0.666208 0.029317
vt 0.679385 0.029057
vt 0.679077 0.042379
vt 0.666464 0.043929
vt 0.697581 0.028841
vt 0.698064 0.042202
vt 0.710751 0.028854
vt 0.710896 0.043356
vt 0.564993 0.027846
vt 0.585493 0.028531
vt 0.584276 0.058534
vt 0.563654 0.053396
vt 0.849998 0.064283
vt 0.840018 0.066188
vt 0.84057 0.056429
vt 0.88881 0.031729
vt 0.889013 0.025474
vt 0.823246 0.065807
vt 0.822392 0.056159
vt 0.812494 0.06367
vt 0.793687 0.028343
vt 0.776942 0.027573
vt 0.776932 0.021307
vt 0.793958 0.022092
vt 0.692612 0.075557
vt 0.679238 0.072473
vt 0.693556 0.066717
vt 0.683576 0.064811
vt 0.657445 0.040196
vt 0.657361 0.029425
vt 0.711027 0.075539
vt 0.710328 0.066337
vt 0.71938 0.028718
vt 0.719602 0.039442
vt 0.724626 0.072185
vt 0.72108 0.064201
vt 0.861877 0.105476
vt 0.841123 0.102394
vt 0.841114 0.086104
vt 0.855662 0.087759
vt 0.823039 0.102132
vt 0.822732 0.086211
vt 0.802159 0.105474
vt 0.807159 0.087434
vt 0.693005 0.056958
vt 0.711183 0.056689
vt 0.810258 0.02908
vt 0.810523 0.022827
vt 0.822546 0.075009
vt 0.808948 0.071653
vt 0.840961 0.075028
vt 0.854335 0.071946
vt 0.872187 0.031232
vt 0.872387 0.024977
vt 0.735979 0.028369
vt 0.752752 0.02799
vt 0.736299 0.044669
vt 0.753066 0.053657
vt 0.731412 0.106006
vt 0.710532 0.102662
vt 0.710841 0.086741
vt 0.726413 0.087965
vt 0.692448 0.102923
vt 0.692459 0.086633
vt 0.671694 0.106003
vt 0.67791 0.088286
vt 0.640899 0.045807
vt 0.640709 0.029542
vt 0.677529 0.133802
vt 0.696246 0.135929
vt 0.675664 0.153131
vt 0.696742 0.157148
vt 0.713721 0.13418
vt 0.71519 0.146713
vt 0.73064 0.128574
vt 0.734241 0.140534
vt 0.746254 0.120579
vt 0.755272 0.142745
vt 0.641784 0.120845
vt 0.660362 0.129103
vt 0.655897 0.147317
vt 0.636723 0.14402
vt 0.646382 0.102794
vt 0.62918 0.090174
vt 0.646667 0.100402
vt 0.631929 0.089412
vt 0.629164 0.068642
vt 0.631893 0.07048
vt 0.646782 0.059618
vt 0.646572 0.06294
vt 0.664067 0.072738
vt 0.661623 0.074499
vt 0.663885 0.094084
vt 0.661674 0.092965
vt 0.679327 0.125225
vt 0.696195 0.127234
vt 0.696228 0.129035
vt 0.678881 0.126765
vt 0.711955 0.125426
vt 0.712446 0.127694
vt 0.727087 0.120712
vt 0.72774 0.122157
vt 0.740283 0.112647
vt 0.743548 0.113696
vt 0.647478 0.112038
vt 0.663644 0.121034
vt 0.643932 0.113814
vt 0.662986 0.12287
vt 0.844585 0.131897
vt 0.825951 0.13402
vt 0.843238 0.124892
vt 0.825967 0.127156
vt 0.808553 0.132283
vt 0.809821 0.125825
vt 0.791707 0.126704
vt 0.794593 0.120316
vt 0.776162 0.118749
vt 0.778855 0.111895
vt 0.880168 0.118988
vt 0.861675 0.127215
vt 0.859061 0.12101
vt 0.878028 0.111989
vt 0.847458 0.150874
vt 0.827089 0.155228
vt 0.809201 0.146047
vt 0.788886 0.139499
vt 0.767838 0.140701
vt 0.887234 0.141657
vt 0.866834 0.144991
vt 0.842776 0.123451
vt 0.826007 0.125758
vt 0.810287 0.123941
vt 0.795224 0.118903
vt 0.782016 0.11055
vt 0.858321 0.118884
vt 0.874703 0.110109
vt 0.925217 0.062302
vt 0.904377 0.05793
vt 0.888271 0.047995
vt 0.871856 0.041992
vt 0.862759 0.045509
vt 0.850196 0.043665
vt 0.831235 0.043046
vt 0.818391 0.043898
vt 0.809786 0.039785
vt 0.792987 0.044617
vt 0.77603 0.053203
vt 0.965486 0.056958
vt 0.944755 0.061763
vt 0.603364 0.023039
vt 0.623612 0.02339
vt 0.640658 0.023284
vt 0.657308 0.023163
vt 0.666285 0.023035
vt 0.679322 0.022796
vt 0.697538 0.022601
vt 0.71051 0.022572
vt 0.719261 0.022456
vt 0.735854 0.022108
vt 0.752909 0.02172
vt 0.56538 0.021603
vt 0.585594 0.022249
vt 0.583869 0.145178
vt 0.574452 0.127265
vt 0.601718 0.145175
vt 0.611223 0.127259
vt 0.572988 0.110267
vt 0.612658 0.11026
vt 0.572544 0.09367
vt 0.614019 0.093663
vt 0.57376 0.084989
vt 0.611664 0.084993
vt 0.583596 0.076603
vt 0.601749 0.0766
vt 0.933674 0.148609
vt 0.924169 0.130693
vt 0.960941 0.130699
vt 0.951523 0.148613
vt 0.922735 0.113695
vt 0.962405 0.113701
vt 0.921374 0.097098
vt 0.962849 0.097105
vt 0.923729 0.088427
vt 0.961633 0.088424
vt 0.933644 0.080034
vt 0.951797 0.080037
vt 0.52202 0.338919
vt 0.523371 0.320091
vt 0.521609 0.356386
vt 0.521954 0.373872
vt 0.52314 0.39274
vt 0.525601 0.410217
vt 0.525531 0.303465
vt 0.177319 0.81604
vt 0.151174 0.799419
vt 0.125026 0.816034
vt 0.186798 0.833915
vt 0.115544 0.833907
vt 0.122022 0.614465
vt 0.114847 0.628507
vt 0.177176 0.614456
vt 0.184354 0.628496
vt 0.149599 0.612783
vt 0.267787 0.684577
vt 0.245687 0.677457
vt 0.267455 0.680861
vt 0.251863 0.672931
vt 0.244116 0.641041
vt 0.250995 0.654043
vt 0.294319 0.458236
vt 0.29276 0.494651
vt 0.287444 0.47124
vt 0.286582 0.490128
vt 0.270663 0.50178
vt 0.270994 0.498063
vt 0.265613 0.629784
vt 0.266959 0.646513
vt 0.288336 0.64066
vt 0.282035 0.65385
vt 0.288292 0.67513
vt 0.282912 0.672708
vt 0.250155 0.492339
vt 0.255534 0.489916
vt 0.250098 0.45787
vt 0.256404 0.471058
vt 0.272818 0.446987
vt 0.271478 0.463715
vt 0.172305 0.028647
vt 0.218115 0.029009
vt 0.170318 0.050932
vt 0.217662 0.050389
vt 0.262753 0.028733
vt 0.26383 0.051027
vt 0.273261 0.109619
vt 0.269724 0.153948
vt 0.248093 0.105548
vt 0.248108 0.151209
vt 0.26646 0.199539
vt 0.246643 0.195887
vt 0.251831 0.252433
vt 0.231768 0.243692
vt 0.223254 0.290778
vt 0.201671 0.27777
vt 0.222741 0.239426
vt 0.195837 0.275138
vt 0.210559 0.230956
vt 0.182584 0.267274
vt 0.238838 0.193688
vt 0.221166 0.188513
vt 0.239653 0.150223
vt 0.223812 0.148375
vt 0.243065 0.105194
vt 0.233591 0.10315
vt 0.217649 0.052937
vt 0.263866 0.05561
vt 0.26362 0.064069
vt 0.217331 0.060633
vt 0.170149 0.056645
vt 0.170444 0.069594
vt 0.1845 0.209836
vt 0.190325 0.178557
vt 0.186115 0.140357
vt 0.227502 0.100178
vt 0.262715 0.070142
vt 0.177655 0.085087
vt 0.258157 0.080496
vt 0.174984 0.097782
vt 0.224671 0.088682
vt 0.160863 0.268496
vt 0.15919 0.235729
vt 0.121556 0.277086
vt 0.090789 0.24393
vt 0.099623 0.239438
vt 0.127157 0.274388
vt 0.074789 0.195799
vt 0.08254 0.193558
vt 0.072635 0.151182
vt 0.08105 0.149899
vt 0.071689 0.105551
vt 0.076624 0.105163
vt 0.059703 0.05155
vt 0.106031 0.050861
vt 0.059655 0.05614
vt 0.10606 0.053412
vt 0.153286 0.050721
vt 0.153591 0.056418
vt 0.139483 0.266652
vt 0.112377 0.232145
vt 0.134932 0.212628
vt 0.100005 0.1883
vt 0.130581 0.178814
vt 0.096674 0.147887
vt 0.133594 0.139067
vt 0.085744 0.103222
vt 0.091537 0.100164
vt 0.060026 0.064616
vt 0.106432 0.061124
vt 0.061031 0.070665
vt 0.153487 0.069346
vt 0.146144 0.084776
vt 0.065586 0.080977
vt 0.142679 0.095639
vt 0.0928 0.088664
vt 0.172704 0.17398
vt 0.167876 0.201108
vt 0.16892 0.140817
vt 0.162509 0.115898
vt 0.158874 0.099898
vt 0.164592 0.206897
vt 0.159447 0.214604
vt 0.148546 0.174459
vt 0.151373 0.204419
vt 0.151314 0.137365
vt 0.154798 0.113913
vt 0.152286 0.131747
vt 0.155653 0.213393
vt 0.105228 0.029499
vt 0.151209 0.028627
vt 0.060504 0.029214
vt 0.051108 0.153454
vt 0.047191 0.109637
vt 0.054827 0.199771
vt 0.071177 0.253496
vt 0.101526 0.290779
vt 0.367513 0.021944
vt 0.390739 0.06374
vt 0.383585 0.066418
vt 0.366851 0.041507
vt 0.373877 0.106416
vt 0.372484 0.092404
vt 0.329167 0.106409
vt 0.34586 0.094185
vt 0.30859 0.069893
vt 0.328567 0.07026
vt 0.321935 0.024747
vt 0.340208 0.044192
vt 0.415688 0.062904
vt 0.438959 0.020875
vt 0.42203 0.065381
vt 0.438817 0.040574
vt 0.432094 0.106127
vt 0.433831 0.091536
vt 0.477071 0.106114
vt 0.460374 0.093649
vt 0.497697 0.069435
vt 0.478105 0.069775
vt 0.484817 0.023836
vt 0.466495 0.043431
vt 0.073499 0.349493
vt 0.103862 0.351845
vt 0.103447 0.364035
vt 0.072235 0.361482
vt 0.036066 0.350434
vt 0.037314 0.362374
vt 0.214507 0.329883
vt 0.214991 0.316054
vt 0.223218 0.329976
vt 0.223929 0.317138
vt 0.1324 0.362826
vt 0.1315 0.350115
vt 0.163772 0.350459
vt 0.163787 0.363226
vt 0.224003 0.349603
vt 0.25555 0.34937
vt 0.256222 0.361786
vt 0.225366 0.361602
vt 0.292525 0.350722
vt 0.290695 0.362472
vt 0.149121 0.288024
vt 0.146274 0.287559
vt 0.16195 0.28667
vt 0.161935 0.286128
vt 0.205995 0.362495
vt 0.206507 0.349227
vt 0.214538 0.35014
vt 0.214379 0.362756
vt 0.07357 0.348943
vt 0.103549 0.347207
vt 0.102225 0.366598
vt 0.072055 0.363533
vt 0.036593 0.347212
vt 0.038325 0.365045
vt 0.213471 0.312619
vt 0.224099 0.31353
vt 0.178158 0.301554
vt 0.178613 0.30498
vt 0.16212 0.302374
vt 0.162238 0.306508
vt 0.132302 0.347327
vt 0.163717 0.347377
vt 0.163984 0.36529
vt 0.133634 0.365432
vt 0.22573 0.348775
vt 0.255471 0.348801
vt 0.256154 0.364477
vt 0.226364 0.364263
vt 0.292224 0.348013
vt 0.289656 0.36531
vt 0.145913 0.284905
vt 0.144499 0.280712
vt 0.161843 0.28254
vt 0.161744 0.278821
vt 0.135228 0.331391
vt 0.133722 0.335175
vt 0.115852 0.334851
vt 0.114812 0.332078
vt 0.204443 0.346209
vt 0.21469 0.34697
vt 0.213637 0.365979
vt 0.205485 0.365584
vt 0.114531 0.319467
vt 0.135638 0.318727
vt 0.114866 0.316364
vt 0.133775 0.314216
vt 0.174808 0.287314
vt 0.177626 0.28669
vt 0.177902 0.299382
vt 0.174973 0.298005
vt 0.179029 0.279744
vt 0.177854 0.283992
vt 0.162022 0.298161
vt 0.162048 0.299201
vt 0.146246 0.300253
vt 0.149109 0.298729
vt 0.161449 0.32007
vt 0.173543 0.32084
vt 0.161419 0.330687
vt 0.173554 0.330983
vt 0.149105 0.330986
vt 0.149121 0.320704
vt 0.144788 0.286632
vt 0.142727 0.281696
vt 0.147093 0.285966
vt 0.161892 0.284202
vt 0.180858 0.280661
vt 0.179149 0.285699
vt 0.176877 0.285136
vt 0.145832 0.305899
vt 0.146097 0.302488
vt 0.222175 0.333756
vt 0.214457 0.332843
vt 0.17918 0.300624
vt 0.179829 0.304521
vt 0.177174 0.300408
vt 0.162077 0.300716
vt 0.144588 0.305527
vt 0.144953 0.301581
vt 0.146847 0.301263
vt 0.161994 0.288279
vt 0.150277 0.289281
vt 0.17376 0.296731
vt 0.173691 0.288617
vt 0.161971 0.296552
vt 0.150279 0.297422
vt 0.104365 0.333152
vt 0.106679 0.336368
vt 0.0974 0.335607
vt 0.097362 0.332341
vt 0.09871 0.31992
vt 0.105737 0.319244
vt 0.098781 0.316605
vt 0.10602 0.315601
vt 0.206681 0.330744
vt 0.206803 0.333249
vt 0.188135 0.334176
vt 0.187359 0.330747
vt 0.186578 0.318778
vt 0.206565 0.318804
vt 0.188196 0.314452
vt 0.206151 0.315879
vt 0.195277 0.362842
vt 0.195509 0.365143
vt 0.195762 0.35002
vt 0.193753 0.347284
vt 0.122471 0.361662
vt 0.122928 0.364748
vt 0.114162 0.361895
vt 0.115017 0.365073
vt 0.112467 0.349667
vt 0.1212 0.349138
vt 0.213166 0.331349
vt 0.212723 0.315993
vt 0.226054 0.315816
vt 0.224308 0.331812
vt 0.211364 0.312815
vt 0.1668 0.133506
vt 0.164743 0.133765
vt 0.167053 0.141841
vt 0.225797 0.312197
vt 0.213248 0.333946
vt 0.223045 0.334674
vt 0.106123 0.332377
vt 0.10804 0.335578
vt 0.096517 0.33688
vt 0.096041 0.333726
vt 0.107691 0.31818
vt 0.096883 0.318354
vt 0.099389 0.31468
vt 0.105058 0.313781
vt 0.107955 0.315014
vt 0.097156 0.315433
vt 0.114497 0.346197
vt 0.122828 0.345753
vt 0.204432 0.36393
vt 0.204159 0.349286
vt 0.216445 0.34915
vt 0.215499 0.364408
vt 0.202333 0.34635
vt 0.153573 0.20422
vt 0.157593 0.212433
vt 0.21692 0.347093
vt 0.203958 0.366579
vt 0.214801 0.367276
vt 0.124039 0.363017
vt 0.124466 0.365666
vt 0.113833 0.366312
vt 0.113057 0.363496
vt 0.12321 0.348864
vt 0.111078 0.348878
vt 0.124539 0.346317
vt 0.113453 0.344831
vt 0.221716 0.33496
vt 0.215303 0.33427
vt 0.178558 0.306275
vt 0.162436 0.307787
vt 0.16211 0.307797
vt 0.145948 0.307191
vt 0.098179 0.336976
vt 0.10573 0.337664
vt 0.212846 0.367555
vt 0.205225 0.367393
vt 0.115724 0.366646
vt 0.123213 0.366524
vt 0.578767 0.191705
vt 0.608852 0.192778
vt 0.608607 0.194014
vt 0.578274 0.192981
vt 0.545145 0.194557
vt 0.544965 0.195804
vt 0.602511 0.250418
vt 0.573425 0.250425
vt 0.602539 0.249167
vt 0.572948 0.249137
vt 0.539778 0.246465
vt 0.539889 0.245233
vt 0.534116 0.242103
vt 0.519295 0.229644
vt 0.51161 0.216917
vt 0.522188 0.206438
vt 0.539974 0.197523
vt 0.634466 0.224873
vt 0.608333 0.245973
vt 0.633376 0.224751
vt 0.613544 0.1984
vt 0.510536 0.216783
vt 0.424262 0.212131
vt 0.443992 0.210031
vt 0.42463 0.22844
vt 0.44683 0.226016
vt 0.404432 0.213288
vt 0.40448 0.229393
vt 0.38492 0.213474
vt 0.384486 0.229325
vt 0.366579 0.211793
vt 0.364576 0.227105
vt 0.348986 0.2087
vt 0.345739 0.223723
vt 0.464713 0.208506
vt 0.466024 0.224015
vt 0.447872 0.234657
vt 0.448678 0.243242
vt 0.426075 0.246098
vt 0.425227 0.237002
vt 0.404948 0.246568
vt 0.40471 0.237729
vt 0.384032 0.245898
vt 0.38437 0.237398
vt 0.363284 0.235129
vt 0.362263 0.243087
vt 0.34211 0.239601
vt 0.344063 0.231697
vt 0.467289 0.231825
vt 0.468815 0.239485
vt 0.366229 0.426655
vt 0.372686 0.365178
vt 0.38701 0.366572
vt 0.383945 0.428321
vt 0.402877 0.367206
vt 0.403446 0.429473
vt 0.417881 0.366306
vt 0.422408 0.429326
vt 0.432173 0.364952
vt 0.439298 0.427826
vt 0.446428 0.362734
vt 0.455714 0.425135
vt 0.355806 0.362738
vt 0.344675 0.42446
vt 0.383722 0.440377
vt 0.363997 0.439099
vt 0.403431 0.441727
vt 0.422784 0.441843
vt 0.440934 0.440095
vt 0.458295 0.436957
vt 0.343302 0.437441
vt 0.360403 0.46341
vt 0.382946 0.465405
vt 0.38219 0.474477
vt 0.359709 0.471927
vt 0.40332 0.46598
vt 0.403154 0.474759
vt 0.423479 0.465526
vt 0.423879 0.473938
vt 0.444326 0.463133
vt 0.445397 0.470993
vt 0.46328 0.459601
vt 0.465286 0.467378
vt 0.341063 0.460839
vt 0.339681 0.46845
vt 0.34218 0.453028
vt 0.361339 0.454843
vt 0.442997 0.455214
vt 0.461569 0.451754
vt 0.423305 0.457533
vt 0.403485 0.457705
vt 0.383465 0.456847
vt 0.354062 0.52182
vt 0.329692 0.515557
vt 0.452469 0.51908
vt 0.476842 0.513463
vt 0.428489 0.524479
vt 0.403538 0.52741
vt 0.378424 0.526518
vt 0.423988 0.19944
vt 0.404359 0.200843
vt 0.404696 0.14236
vt 0.420717 0.141652
vt 0.38524 0.200811
vt 0.389579 0.141447
vt 0.36818 0.199371
vt 0.374875 0.140141
vt 0.351579 0.196705
vt 0.36033 0.137933
vt 0.463365 0.195742
vt 0.441819 0.198129
vt 0.452841 0.138062
vt 0.435538 0.140438
vt 0.350797 0.551427
vt 0.323282 0.543644
vt 0.456892 0.547976
vt 0.483839 0.541157
vt 0.43161 0.554686
vt 0.404207 0.558614
vt 0.376702 0.557217
vt 0.47946 0.286893
vt 0.454943 0.293507
vt 0.355552 0.291751
vt 0.330856 0.2863
vt 0.379837 0.296977
vt 0.40507 0.299694
vt 0.430411 0.298523
vt 0.458617 0.32338
vt 0.48628 0.315179
vt 0.351365 0.321007
vt 0.324052 0.314368
vt 0.376985 0.32753
vt 0.404721 0.331218
vt 0.432486 0.329499
usemtl standardSurface11SG
f 785/1171/1212 786/1172/1212 787/1173/1213
f 786/1172/1212 788/1174/1212 787/1173/1213
f 789/1175/1214 785/1176/1214 787/1177/1214
f 789/1175/1214 787/1177/1214 790/1178/1214
f 791/1179/1215 789/1175/1216 792/1180/1217
f 789/1175/1216 790/1178/1217 792/1180/1217
f 793/1181/1218 791/1179/1219 792/1180/1220
f 793/1181/1218 792/1180/1220 794/1182/1220
f 795/1183/1221 793/1181/1221 796/1184/1221
f 793/1181/1221 794/1182/1221 796/1184/1221
f 797/1185/1222 795/1186/1222 796/1187/1222
f 797/1185/1222 796/1187/1222 798/1188/1222
f 799/1189/1223 797/1185/1224 798/1188/1225
f 799/1189/1223 798/1188/1225 800/1190/1225
f 786/1172/1226 799/1189/1227 788/1174/1228
f 799/1189/1227 800/1190/1228 788/1174/1228
f 801/1191/1229 802/1192/1230 789/1175/1216
f 801/1191/1229 789/1175/1216 791/1179/1215
f 803/1193/1231 801/1191/1232 793/1181/1218
f 801/1191/1232 791/1179/1219 793/1181/1218
f 804/1194/1233 805/1195/1234 799/1189/1223
f 805/1195/1234 797/1185/1224 799/1189/1223
f 806/1196/1235 804/1194/1236 799/1189/1227
f 806/1196/1235 799/1189/1227 786/1172/1226
f 807/1197/1237 808/1198/1238 806/1196/1239
f 807/1197/1237 806/1196/1239 809/1199/1239
f 810/1200/1240 807/1201/1241 809/1202/1242
f 810/1200/1240 809/1202/1242 802/1192/1242
f 811/1203/1243 810/1200/1244 802/1192/1230
f 811/1203/1243 802/1192/1230 801/1191/1229
f 812/1204/1245 811/1203/1246 803/1193/1231
f 811/1203/1246 801/1191/1232 803/1193/1231
f 813/1205/1247 812/1204/1248 814/1206/1249
f 812/1204/1248 803/1193/1249 814/1206/1249
f 815/1207/1250 813/1208/1251 805/1195/1252
f 813/1208/1251 814/1209/1252 805/1195/1252
f 816/1210/1253 815/1207/1254 805/1195/1234
f 816/1210/1253 805/1195/1234 804/1194/1233
f 808/1198/1255 816/1210/1256 806/1196/1235
f 816/1210/1256 804/1194/1236 806/1196/1235
f 817/1211/1257 818/1212/1257 807/1197/1237
f 818/1212/1257 808/1198/1238 807/1197/1237
f 819/1213/1258 817/1214/1258 807/1201/1241
f 819/1213/1258 807/1201/1241 810/1200/1240
f 820/1215/1259 819/1213/1259 811/1203/1243
f 819/1213/1259 810/1200/1244 811/1203/1243
f 821/1216/1260 820/1215/1260 811/1203/1246
f 821/1216/1260 811/1203/1246 812/1204/1245
f 822/1217/1261 821/1216/1261 813/1205/1247
f 821/1216/1261 812/1204/1248 813/1205/1247
f 823/1218/1262 822/1219/1262 813/1208/1251
f 823/1218/1262 813/1208/1251 815/1207/1250
f 824/1220/1263 823/1218/1263 816/1210/1253
f 823/1218/1263 815/1207/1254 816/1210/1253
f 818/1212/1264 824/1220/1264 816/1210/1256
f 818/1212/1264 816/1210/1256 808/1198/1255
f 809/1199/1265 806/1196/1265 825/1221/1265
f 806/1196/1265 826/1222/1265 825/1221/1265
f 806/1196/1266 786/1172/1266 826/1222/1266
f 786/1172/1266 827/1223/1266 826/1222/1266
f 786/1172/1267 785/1171/1267 828/1224/1267
f 786/1172/1267 828/1224/1267 827/1223/1267
f 802/1192/1268 809/1202/1268 825/1225/1269
f 802/1192/1268 825/1225/1269 829/1226/1268
f 785/1176/1270 789/1175/1270 828/1227/1270
f 789/1175/1270 830/1228/1270 828/1227/1270
f 789/1175/1271 802/1192/1271 830/1228/1271
f 802/1192/1271 829/1226/1271 830/1228/1271
f 814/1206/1272 803/1193/1273 831/1229/1274
f 803/1193/1273 832/1230/1273 831/1229/1274
f 803/1193/1275 793/1181/1275 833/1231/1275
f 803/1193/1275 833/1231/1275 832/1230/1275
f 793/1181/1276 795/1183/1277 834/1232/1278
f 793/1181/1276 834/1232/1278 833/1231/1276
f 805/1195/1279 814/1209/1272 831/1233/1274
f 805/1195/1279 831/1233/1274 835/1234/1279
f 795/1186/1277 797/1185/1280 834/1235/1278
f 797/1185/1280 836/1236/1280 834/1235/1278
f 797/1185/1281 805/1195/1281 835/1234/1281
f 797/1185/1281 835/1234/1281 836/1236/1281
f 825/1221/1282 826/1222/1282 837/1237/1282
f 825/1221/1282 837/1237/1282 838/1238/1282
f 826/1222/1283 827/1223/1283 839/1239/1283
f 826/1222/1283 839/1239/1283 837/1237/1283
f 827/1223/1284 828/1224/1284 840/1240/1284
f 827/1223/1284 840/1240/1284 839/1239/1285
f 829/1226/1286 825/1225/1287 838/1241/1286
f 829/1226/1286 838/1241/1286 841/1242/1286
f 828/1227/1288 830/1228/1288 842/1243/1288
f 828/1227/1288 842/1243/1288 840/1244/1288
f 830/1228/1289 829/1226/1289 842/1243/1289
f 829/1226/1289 841/1242/1289 842/1243/1289
f 831/1229/1290 832/1230/1290 843/1245/1290
f 831/1229/1290 843/1245/1290 844/1246/1290
f 832/1230/1291 833/1231/1291 845/1247/1291
f 832/1230/1291 845/1247/1291 843/1245/1291
f 833/1231/1292 834/1232/1292 845/1247/1292
f 834/1232/1292 846/1248/1292 845/1247/1292
f 835/1234/1282 831/1233/1282 844/1249/1282
f 835/1234/1282 844/1249/1282 847/1250/1282
f 834/1235/1293 836/1236/1293 846/1251/1293
f 836/1236/1293 848/1252/1293 846/1251/1293
f 836/1236/1294 835/1234/1294 848/1252/1294
f 835/1234/1294 847/1250/1294 848/1252/1294
f 849/1253/1295 850/1254/1296 851/1255/1297
f 849/1253/1295 851/1255/1297 852/1256/1295
f 851/1255/1298 853/1257/1299 854/1258/1300
f 851/1255/1298 854/1258/1300 852/1256/1300
f 855/1259/1301 856/1260/1302 857/1261/1303
f 856/1260/1302 858/1262/1303 857/1261/1303
f 856/1260/1304 859/1263/1305 860/1264/1306
f 856/1260/1304 860/1264/1306 858/1262/1306
f 859/1263/1307 861/1265/1308 862/1266/1309
f 859/1263/1307 862/1266/1309 860/1264/1310
f 863/1267/1311 850/1254/1312 849/1253/1313
f 863/1267/1311 849/1253/1313 864/1268/1313
f 865/1269/1314 866/1270/1315 867/1271/1316
f 865/1269/1314 867/1271/1316 868/1272/1316
f 866/1270/1317 869/1273/1318 870/1274/1319
f 866/1270/1317 870/1274/1319 867/1271/1319
f 869/1273/1320 871/1275/1321 870/1274/1322
f 871/1275/1321 872/1276/1322 870/1274/1322
f 873/1277/1323 865/1278/1324 874/1279/1325
f 865/1278/1324 868/1280/1325 874/1279/1325
f 871/1275/1326 875/1281/1327 876/1282/1328
f 871/1275/1326 876/1282/1328 872/1276/1328
f 875/1281/1329 873/1277/1330 874/1279/1331
f 875/1281/1329 874/1279/1331 876/1282/1331
f 877/1283/1332 878/1284/1332 879/1285/1332
f 877/1283/1333 880/1286/1333 878/1284/1333
f 881/1287/1334 882/1288/1335 883/1289/1334
f 881/1287/1334 883/1289/1334 884/1290/1335
f 882/1288/1336 885/1291/1336 883/1289/1336
f 885/1291/1336 886/1292/1336 883/1289/1336
f 885/1291/1337 887/1293/1337 888/1294/1337
f 885/1291/1337 888/1294/1337 886/1292/1337
f 887/1295/1338 879/1285/1338 888/1296/1338
f 879/1285/1338 889/1297/1338 888/1296/1338
f 879/1285/1339 878/1284/1339 890/1298/1339
f 879/1285/1339 890/1298/1339 889/1297/1339
f 878/1284/1340 880/1286/1340 890/1298/1340
f 880/1286/1340 891/1299/1340 890/1298/1340
f 880/1286/1341 892/1300/1341 893/1301/1341
f 880/1286/1341 893/1301/1341 891/1299/1341
f 892/1302/1342 881/1287/1342 893/1303/1342
f 881/1287/1342 884/1290/1342 893/1303/1342
f 884/1304/1343 883/1305/1343 894/1306/1343
f 884/1304/1343 894/1306/1343 895/1307/1343
f 883/1308/1344 886/1309/1344 894/1310/1344
f 886/1309/1344 896/1311/1344 894/1310/1344
f 886/1309/1345 888/1312/1345 896/1311/1345
f 888/1312/1345 897/1313/1345 896/1311/1345
f 888/1312/1346 889/1314/1346 897/1313/1346
f 889/1314/1346 898/1315/1346 897/1313/1346
f 889/1314/1347 890/1316/1347 899/1317/1347
f 889/1314/1347 899/1317/1347 898/1315/1347
f 890/1316/1348 891/1318/1349 899/1317/1348
f 891/1318/1349 900/1319/1349 899/1317/1348
f 891/1318/1350 893/1320/1350 901/1321/1350
f 891/1318/1350 901/1321/1350 900/1319/1350
f 893/1320/1351 884/1304/1351 895/1307/1351
f 893/1320/1351 895/1307/1351 901/1321/1351
f 902/1322/1352 903/1323/1352 904/1324/1353
f 902/1322/1352 904/1324/1353 905/1325/1354
f 906/1326/1355 902/1327/1355 907/1328/1356
f 902/1327/1355 905/1329/1356 907/1328/1356
f 908/1330/1357 906/1326/1357 909/1331/1358
f 906/1326/1357 907/1328/1359 909/1331/1358
f 910/1332/1360 908/1330/1360 909/1331/1361
f 910/1332/1360 909/1331/1361 911/1333/1362
f 912/1334/1363 910/1332/1363 913/1335/1364
f 910/1332/1363 911/1333/1365 913/1335/1364
f 903/1323/1366 912/1334/1366 904/1324/1367
f 912/1334/1366 913/1335/1368 904/1324/1367
f 914/1336/1369 915/1337/1369 916/1338/1369
f 915/1337/1369 917/1339/1369 916/1338/1369
f 915/1340/1370 918/1341/1370 919/1342/1370
f 915/1340/1370 919/1342/1370 917/1343/1370
f 918/1344/1371 920/1345/1371 921/1346/1371
f 918/1344/1371 921/1346/1371 919/1347/1371
f 922/1348/1372 914/1336/1372 916/1338/1372
f 922/1348/1372 916/1338/1372 923/1349/1372
f 920/1345/1373 924/1350/1373 921/1346/1373
f 924/1350/1373 925/1351/1373 921/1346/1373
f 924/1352/1374 922/1353/1374 923/1354/1375
f 924/1352/1374 923/1354/1375 925/1355/1374
f 868/1356/1376 867/1357/1376 926/1358/1376
f 867/1357/1376 927/1359/1376 926/1358/1376
f 867/1360/1377 870/1361/1377 927/1362/1377
f 870/1361/1377 928/1363/1377 927/1362/1377
f 870/1364/1378 872/1365/1378 929/1366/1378
f 870/1364/1378 929/1366/1378 928/1367/1378
f 874/1368/1379 868/1356/1379 926/1358/1379
f 874/1368/1379 926/1358/1379 930/1369/1379
f 872/1365/1380 876/1370/1381 929/1366/1381
f 876/1370/1381 931/1371/1381 929/1366/1381
f 876/1372/1382 874/1373/1382 930/1374/1382
f 876/1372/1382 930/1374/1382 931/1375/1382
f 916/1338/1383 917/1339/1383 932/1376/1383
f 916/1338/1383 932/1376/1383 933/1377/1383
f 917/1343/1384 919/1342/1384 934/1378/1384
f 917/1343/1384 934/1378/1384 932/1379/1384
f 919/1347/1385 921/1346/1385 934/1380/1385
f 921/1346/1385 935/1381/1385 934/1380/1385
f 923/1349/1386 916/1338/1387 936/1382/1388
f 916/1338/1387 933/1377/1387 936/1382/1388
f 921/1346/1389 925/1351/1390 937/1383/1391
f 921/1346/1389 937/1383/1391 935/1381/1389
f 938/1384/1392 939/1385/1392 940/1386/1392
f 939/1385/1392 941/1387/1392 940/1386/1392
f 926/1358/1393 927/1359/1394 942/1388/1395
f 926/1358/1393 942/1388/1395 943/1389/1393
f 944/1390/1396 945/1391/1396 946/1392/1396
f 944/1390/1396 946/1392/1396 947/1393/1396
f 928/1367/1397 929/1366/1398 948/1394/1399
f 929/1366/1398 949/1395/1398 948/1394/1399
f 930/1369/1400 926/1358/1400 950/1396/1400
f 926/1358/1400 943/1389/1400 950/1396/1400
f 929/1366/1401 931/1371/1401 951/1397/1401
f 929/1366/1401 951/1397/1401 949/1395/1401
f 931/1375/1402 930/1374/1402 950/1398/1402
f 931/1375/1402 950/1398/1402 951/1399/1402
f 933/1377/1403 952/1400/1404 953/1401/1405
f 932/1379/1402 934/1378/1402 954/1402/1402
f 932/1379/1402 954/1402/1402 955/1403/1402
f 934/1380/1406 935/1381/1407 954/1404/1406
f 935/1381/1407 956/1405/1408 954/1404/1406
f 936/1382/1409 933/1377/1410 957/1406/1409
f 933/1377/1410 958/1407/1411 957/1406/1409
f 935/1381/1412 959/1408/1413 960/1409/1414
f 937/1410/1415 936/1411/1415 961/1412/1415
f 936/1411/1415 957/1413/1415 961/1412/1415
f 943/1389/1416 962/1414/1417 963/1415/1418
f 942/1416/1419 948/1417/1419 964/1418/1419
f 942/1416/1419 964/1418/1419 965/1419/1419
f 948/1394/1420 949/1395/1421 964/1420/1420
f 949/1395/1421 966/1421/1422 964/1420/1420
f 950/1396/1423 943/1389/1424 967/1422/1423
f 943/1389/1424 968/1423/1425 967/1422/1423
f 949/1395/1426 969/1424/1427 970/1425/1428
f 951/1399/1402 950/1398/1402 967/1426/1402
f 951/1399/1402 967/1426/1402 971/1427/1402
f 925/1355/1429 923/1354/1429 972/1428/1430
f 925/1355/1429 972/1428/1430 973/1429/1431
f 923/1349/1386 936/1382/1388 974/1430/1432
f 923/1349/1386 974/1430/1432 972/1431/1433
f 936/1411/1434 937/1410/1434 974/1432/1435
f 937/1410/1434 975/1433/1436 974/1432/1435
f 937/1383/1391 925/1351/1390 975/1434/1437
f 925/1351/1390 973/1435/1438 975/1434/1437
f 976/1436/1439 977/1437/1440 944/1390/1441
f 977/1437/1440 945/1391/1441 944/1390/1441
f 977/1438/1442 978/1439/1443 946/1440/1444
f 977/1438/1442 946/1440/1444 945/1441/1444
f 978/1442/1445 979/1443/1446 947/1393/1447
f 978/1442/1445 947/1393/1447 946/1392/1447
f 979/1444/1448 976/1445/1449 947/1446/1450
f 976/1445/1449 944/1447/1450 947/1446/1450
f 973/1429/1431 972/1428/1430 980/1448/1451
f 973/1429/1431 980/1448/1451 981/1449/1452
f 975/1434/1437 973/1435/1438 981/1450/1453
f 975/1434/1437 981/1450/1453 982/1451/1454
f 974/1432/1435 975/1433/1436 983/1452/1455
f 975/1433/1436 982/1453/1456 983/1452/1455
f 972/1431/1433 974/1430/1432 983/1454/1457
f 972/1431/1433 983/1454/1457 980/1455/1458
f 927/1362/1459 928/1363/1459 984/1456/1460
f 928/1363/1459 985/1457/1461 984/1456/1460
f 928/1367/1397 948/1394/1399 986/1458/1462
f 928/1367/1397 986/1458/1462 985/1459/1463
f 948/1417/1464 942/1416/1464 987/1460/1465
f 948/1417/1464 987/1460/1465 986/1461/1466
f 942/1388/1395 927/1359/1394 987/1462/1467
f 927/1359/1394 984/1463/1468 987/1462/1467
f 981/1449/1452 980/1448/1451 939/1385/1469
f 981/1449/1452 939/1385/1469 938/1384/1469
f 982/1451/1454 981/1450/1453 940/1464/1470
f 981/1450/1453 938/1465/1470 940/1464/1470
f 983/1452/1455 982/1453/1456 941/1387/1471
f 982/1453/1456 940/1386/1471 941/1387/1471
f 980/1455/1458 983/1454/1457 941/1466/1472
f 980/1455/1458 941/1466/1472 939/1467/1472
f 984/1456/1460 985/1457/1461 976/1436/1439
f 985/1457/1461 977/1437/1440 976/1436/1439
f 985/1459/1463 986/1458/1462 977/1438/1442
f 986/1458/1462 978/1439/1443 977/1438/1442
f 986/1461/1466 987/1460/1465 979/1443/1446
f 986/1461/1466 979/1443/1446 978/1442/1445
f 987/1462/1467 984/1463/1468 979/1444/1448
f 984/1463/1468 976/1445/1449 979/1444/1448
f 935/1381/1412 937/1383/1473 961/1468/1473
f 935/1381/1412 961/1468/1473 959/1408/1413
f 966/1421/1422 949/1395/1421 970/1425/1474
f 956/1405/1408 935/1381/1407 960/1409/1475
f 949/1395/1426 951/1397/1476 971/1469/1476
f 949/1395/1426 971/1469/1476 969/1424/1427
f 958/1407/1411 933/1377/1410 953/1401/1477
f 943/1389/1416 942/1388/1478 965/1470/1478
f 943/1389/1416 965/1470/1478 962/1414/1417
f 933/1377/1403 932/1376/1479 955/1471/1479
f 933/1377/1403 955/1471/1479 952/1400/1404
f 968/1423/1425 943/1389/1424 963/1415/1480
f 988/1472/1481 989/1473/1481 990/1474/1481
f 988/1472/1481 990/1474/1481 991/1475/1481
f 992/1476/1482 993/1477/1482 994/1478/1482
f 992/1476/1482 994/1478/1482 995/1479/1482
f 996/1480/1483 997/1481/1483 998/1482/1483
f 996/1480/1483 998/1482/1483 999/1483/1483
f 1000/1484/1484 1001/1485/1484 1002/1486/1484
f 1000/1484/1484 1002/1486/1484 1003/1487/1484
f 1004/1488/1485 1005/1489/1485 1006/1490/1485
f 1004/1488/1485 1006/1490/1485 1007/1491/1485
f 1008/1492/1486 1009/1493/1486 1010/1494/1486
f 1008/1492/1486 1010/1494/1486 1011/1495/1486
f 1012/1496/1487 1013/1497/1487 1014/1498/1487
f 1012/1496/1487 1014/1498/1487 1015/1499/1487
f 1016/1500/1488 1017/1501/1488 1018/1502/1488
f 1016/1500/1488 1018/1502/1488 1019/1503/1488
f 962/1414/1489 965/1470/1489 1020/1504/1489
f 965/1470/1489 1021/1505/1489 1020/1504/1489
f 965/1419/1490 964/1418/1490 1022/1506/1490
f 965/1419/1490 1022/1506/1490 1021/1507/1490
f 964/1420/1491 966/1421/1491 1022/1508/1491
f 966/1421/1491 1023/1509/1491 1022/1508/1491
f 966/1510/1490 962/1511/1490 1020/1512/1490
f 966/1510/1490 1020/1512/1490 1023/1513/1490
f 958/1514/1492 959/1515/1492 1024/1516/1492
f 958/1514/1492 1024/1516/1492 1025/1517/1492
f 959/1408/1493 961/1468/1493 1026/1518/1493
f 959/1408/1493 1026/1518/1493 1024/1519/1493
f 961/1412/1492 957/1413/1492 1027/1520/1492
f 961/1412/1492 1027/1520/1492 1026/1521/1492
f 957/1406/1494 958/1407/1494 1025/1522/1494
f 957/1406/1494 1025/1522/1494 1027/1523/1494
f 953/1524/1495 960/1525/1495 1028/1526/1495
f 953/1524/1495 1028/1526/1495 1029/1527/1495
f 960/1409/1496 959/1408/1496 1030/1528/1496
f 960/1409/1496 1030/1528/1496 1028/1529/1496
f 959/1515/1495 958/1514/1495 1031/1530/1495
f 959/1515/1495 1031/1530/1495 1030/1531/1495
f 958/1407/1497 953/1401/1497 1029/1532/1497
f 958/1407/1497 1029/1532/1497 1031/1533/1497
f 962/1511/1498 966/1510/1498 1032/1534/1498
f 962/1511/1498 1032/1534/1498 1033/1535/1498
f 966/1421/1499 970/1425/1499 1032/1536/1499
f 970/1425/1499 1034/1537/1499 1032/1536/1499
f 970/1538/1498 963/1539/1498 1035/1540/1498
f 970/1538/1498 1035/1540/1498 1034/1541/1498
f 963/1415/1500 962/1414/1500 1035/1542/1500
f 962/1414/1500 1033/1543/1500 1035/1542/1500
f 963/1539/1501 970/1538/1501 1036/1544/1501
f 963/1539/1501 1036/1544/1501 1037/1545/1501
f 970/1425/1502 969/1424/1502 1038/1546/1502
f 970/1425/1502 1038/1546/1502 1036/1547/1502
f 969/1548/1503 968/1549/1503 1039/1550/1503
f 969/1548/1503 1039/1550/1503 1038/1551/1503
f 968/1423/1504 963/1415/1504 1037/1552/1504
f 968/1423/1504 1037/1552/1504 1039/1553/1504
f 952/1554/1505 956/1555/1505 1040/1556/1505
f 956/1555/1505 1041/1557/1505 1040/1556/1505
f 956/1405/1506 960/1409/1506 1041/1558/1506
f 960/1409/1506 1042/1559/1506 1041/1558/1506
f 960/1525/1507 953/1524/1507 1043/1560/1507
f 960/1525/1507 1043/1560/1507 1042/1561/1507
f 953/1401/1508 952/1400/1508 1043/1562/1508
f 952/1400/1508 1040/1563/1508 1043/1562/1508
f 952/1400/1509 955/1471/1509 1044/1564/1509
f 955/1471/1509 1045/1565/1509 1044/1564/1509
f 955/1403/1510 954/1402/1510 1046/1566/1510
f 955/1403/1510 1046/1566/1510 1045/1567/1510
f 954/1404/1511 956/1405/1511 1046/1568/1511
f 956/1405/1511 1047/1569/1511 1046/1568/1511
f 956/1555/1512 952/1554/1512 1047/1570/1512
f 952/1554/1512 1044/1571/1512 1047/1570/1512
f 968/1549/1513 969/1548/1513 1048/1572/1513
f 968/1549/1513 1048/1572/1513 1049/1573/1513
f 969/1424/1514 971/1469/1514 1050/1574/1514
f 969/1424/1514 1050/1574/1514 1048/1575/1514
f 971/1427/1515 967/1426/1515 1051/1576/1515
f 971/1427/1515 1051/1576/1515 1050/1577/1515
f 967/1422/1516 968/1423/1517 1049/1578/1516
f 967/1422/1516 1049/1578/1516 1051/1579/1516
f 1029/1527/1518 1028/1526/1518 1052/1580/1518
f 1029/1527/1518 1052/1580/1518 1053/1581/1518
f 1028/1529/1519 1030/1528/1519 1052/1582/1519
f 1030/1528/1519 1054/1583/1519 1052/1582/1519
f 1030/1531/1520 1031/1530/1520 1055/1584/1520
f 1030/1531/1520 1055/1584/1520 1054/1585/1520
f 1031/1533/1521 1029/1532/1521 1053/1586/1521
f 1031/1533/1521 1053/1586/1521 1055/1587/1521
f 1056/1588/1522 1057/1589/1522 1058/1590/1523
f 1057/1589/1522 1059/1591/1523 1058/1590/1523
f 1057/1592/1524 1060/1593/1524 1061/1594/1524
f 1057/1592/1524 1061/1594/1524 1059/1595/1524
f 1060/1596/1525 1062/1597/1526 1063/1598/1527
f 1060/1596/1525 1063/1598/1527 1061/1599/1527
f 1062/1600/1528 1056/1601/1528 1058/1602/1529
f 1062/1600/1528 1058/1602/1529 1063/1603/1529
f 1025/1517/1530 1024/1516/1530 1064/1604/1530
f 1025/1517/1530 1064/1604/1530 1065/1605/1530
f 1024/1519/1531 1026/1518/1531 1064/1606/1532
f 1026/1518/1531 1066/1607/1531 1064/1606/1532
f 1026/1521/1533 1027/1520/1533 1067/1608/1533
f 1026/1521/1533 1067/1608/1533 1066/1609/1533
f 1027/1523/1534 1025/1522/1534 1065/1610/1534
f 1027/1523/1534 1065/1610/1534 1067/1611/1534
f 1068/1612/1535 1069/1613/1535 1070/1614/1535
f 1068/1612/1535 1070/1614/1535 1071/1615/1535
f 1069/1616/1536 1072/1617/1537 1073/1618/1538
f 1069/1616/1536 1073/1618/1538 1070/1619/1538
f 1072/1620/1539 1074/1621/1539 1075/1622/1539
f 1072/1620/1539 1075/1622/1539 1073/1623/1539
f 1074/1624/1540 1068/1625/1540 1075/1626/1541
f 1068/1625/1540 1071/1627/1541 1075/1626/1541
f 1044/1564/1542 1045/1565/1542 1076/1628/1542
f 1044/1564/1542 1076/1628/1542 1077/1629/1543
f 1045/1567/1544 1046/1566/1544 1078/1630/1544
f 1045/1567/1544 1078/1630/1544 1076/1631/1544
f 1046/1568/1545 1047/1569/1545 1078/1632/1545
f 1047/1569/1545 1079/1633/1545 1078/1632/1545
f 1047/1570/1546 1044/1571/1546 1077/1634/1546
f 1047/1570/1546 1077/1634/1546 1079/1635/1546
f 1040/1556/1547 1041/1557/1547 1080/1636/1547
f 1040/1556/1547 1080/1636/1547 1081/1637/1547
f 1041/1558/1548 1042/1559/1548 1080/1638/1548
f 1042/1559/1548 1082/1639/1549 1080/1638/1548
f 1042/1561/1550 1043/1560/1550 1083/1640/1550
f 1042/1561/1550 1083/1640/1550 1082/1641/1550
f 1043/1562/1551 1040/1563/1551 1081/1642/1552
f 1043/1562/1551 1081/1642/1552 1083/1643/1552
f 1084/1644/1553 1085/1645/1553 1086/1646/1553
f 1084/1644/1553 1086/1646/1553 1087/1647/1553
f 1085/1648/1554 1088/1649/1554 1089/1650/1555
f 1085/1648/1554 1089/1650/1555 1086/1651/1555
f 1088/1652/1556 1090/1653/1556 1091/1654/1556
f 1088/1652/1556 1091/1654/1556 1089/1655/1556
f 1090/1656/1557 1084/1657/1557 1091/1658/1558
f 1084/1657/1557 1087/1659/1558 1091/1658/1558
f 1092/1660/1559 1093/1661/1559 1094/1662/1560
f 1092/1660/1559 1094/1662/1560 1095/1663/1560
f 1093/1664/1561 1096/1665/1561 1094/1666/1561
f 1096/1665/1561 1097/1667/1561 1094/1666/1561
f 1096/1668/1562 1098/1669/1562 1099/1670/1563
f 1096/1668/1562 1099/1670/1563 1097/1671/1563
f 1098/1672/1564 1092/1673/1564 1095/1674/1565
f 1098/1672/1564 1095/1674/1565 1099/1675/1565
f 1100/1676/1566 1101/1677/1566 1102/1678/1566
f 1100/1676/1566 1102/1678/1566 1103/1679/1566
f 1101/1680/1567 1104/1681/1567 1105/1682/1568
f 1101/1680/1567 1105/1682/1568 1102/1683/1569
f 1104/1684/1570 1106/1685/1570 1107/1686/1570
f 1104/1684/1570 1107/1686/1570 1105/1687/1570
f 1106/1688/1571 1100/1689/1571 1107/1690/1572
f 1100/1689/1571 1103/1691/1572 1107/1690/1572
f 1108/1692/1573 1109/1693/1573 992/1694/1574
f 1109/1693/1573 993/1695/1574 992/1694/1574
f 1109/1696/1575 1110/1697/1575 994/1478/1575
f 1109/1696/1575 994/1478/1575 993/1477/1575
f 1110/1698/1576 1111/1699/1576 995/1700/1577
f 1110/1698/1576 995/1700/1577 994/1701/1577
f 1111/1702/1578 1108/1703/1578 992/1476/1578
f 1111/1702/1578 992/1476/1578 995/1479/1578
f 1112/1704/1579 1113/1705/1579 1114/1706/1580
f 1112/1704/1579 1114/1706/1580 1115/1707/1580
f 1113/1708/1581 1116/1709/1581 1117/1710/1582
f 1113/1708/1581 1117/1710/1582 1114/1711/1583
f 1116/1712/1584 1118/1713/1584 1119/1714/1584
f 1116/1712/1584 1119/1714/1584 1117/1715/1584
f 1118/1716/1585 1112/1717/1585 1119/1718/1586
f 1112/1717/1585 1115/1719/1586 1119/1718/1586
f 1120/1720/1587 1121/1721/1587 1001/1485/1587
f 1120/1720/1587 1001/1485/1587 1000/1484/1587
f 1121/1722/1588 1122/1723/1588 1002/1724/1589
f 1121/1722/1588 1002/1724/1589 1001/1725/1589
f 1122/1726/1590 1123/1727/1590 1003/1487/1590
f 1122/1726/1590 1003/1487/1590 1002/1486/1590
f 1123/1728/1591 1120/1729/1591 1003/1730/1592
f 1120/1729/1591 1000/1731/1592 1003/1730/1592
f 1124/1732/1593 1125/1733/1593 1126/1734/1594
f 1124/1732/1593 1126/1734/1594 1127/1735/1595
f 1125/1736/1596 1128/1737/1596 1129/1738/1596
f 1125/1736/1596 1129/1738/1596 1126/1739/1596
f 1128/1740/1597 1130/1741/1597 1129/1742/1598
f 1130/1741/1597 1131/1743/1598 1129/1742/1598
f 1130/1744/1599 1124/1745/1599 1127/1746/1600
f 1130/1744/1599 1127/1746/1600 1131/1747/1600
f 1132/1748/1601 1133/1749/1601 1134/1750/1601
f 1132/1748/1601 1134/1750/1601 1135/1751/1601
f 1133/1752/1602 1136/1753/1602 1137/1754/1603
f 1133/1752/1602 1137/1754/1603 1134/1755/1603
f 1136/1756/1604 1138/1757/1604 1139/1758/1605
f 1136/1756/1604 1139/1758/1605 1137/1759/1605
f 1138/1760/1606 1132/1761/1606 1139/1762/1607
f 1132/1761/1606 1135/1763/1608 1139/1762/1607
f 1140/1764/1609 1141/1765/1609 1013/1497/1609
f 1140/1764/1609 1013/1497/1609 1012/1496/1609
f 1141/1766/1610 1142/1767/1610 1014/1768/1611
f 1141/1766/1610 1014/1768/1611 1013/1769/1611
f 1142/1770/1612 1143/1771/1612 1015/1499/1612
f 1142/1770/1612 1015/1499/1612 1014/1498/1612
f 1143/1772/1613 1140/1773/1613 1015/1774/1613
f 1140/1773/1613 1012/1775/1613 1015/1774/1613
f 1144/1776/1614 1145/1777/1614 1017/1501/1614
f 1144/1776/1614 1017/1501/1614 1016/1500/1614
f 1145/1778/1615 1146/1779/1615 1017/1780/1616
f 1146/1779/1615 1018/1781/1616 1017/1780/1616
f 1146/1782/1617 1147/1783/1617 1019/1503/1617
f 1146/1782/1617 1019/1503/1617 1018/1502/1617
f 1147/1784/1618 1144/1785/1618 1016/1786/1619
f 1147/1784/1618 1016/1786/1619 1019/1787/1619
f 1065/1605/1530 1064/1604/1530 1113/1705/1620
f 1065/1605/1530 1113/1705/1620 1112/1704/1620
f 1067/1611/1534 1065/1610/1534 1112/1717/1621
f 1067/1611/1534 1112/1717/1621 1118/1716/1621
f 1066/1609/1533 1067/1608/1533 1118/1713/1622
f 1066/1609/1533 1118/1713/1622 1116/1712/1622
f 1064/1606/1532 1066/1607/1531 1113/1708/1623
f 1066/1607/1531 1116/1709/1623 1113/1708/1623
f 1023/1513/1528 1020/1512/1528 1056/1601/1528
f 1023/1513/1528 1056/1601/1528 1062/1600/1528
f 1020/1504/1522 1021/1505/1522 1056/1588/1522
f 1021/1505/1522 1057/1589/1522 1056/1588/1522
f 1021/1507/1624 1022/1506/1624 1060/1593/1524
f 1021/1507/1624 1060/1593/1524 1057/1592/1524
f 1022/1508/1525 1023/1509/1525 1062/1597/1526
f 1022/1508/1525 1062/1597/1526 1060/1596/1525
f 1115/1707/1580 1114/1706/1580 997/1481/1580
f 1115/1707/1580 997/1481/1580 996/1480/1580
f 1119/1718/1586 1115/1719/1586 996/1788/1586
f 1119/1718/1586 996/1788/1586 999/1789/1586
f 1117/1715/1584 1119/1714/1584 999/1483/1584
f 1117/1715/1584 999/1483/1584 998/1482/1584
f 1114/1711/1583 1117/1710/1582 997/1790/1625
f 1117/1710/1582 998/1791/1625 997/1790/1625
f 1063/1603/1626 1058/1602/1626 1108/1703/1578
f 1063/1603/1626 1108/1703/1578 1111/1702/1578
f 1058/1590/1627 1059/1591/1627 1109/1693/1573
f 1058/1590/1627 1109/1693/1573 1108/1692/1573
f 1059/1595/1575 1061/1594/1575 1110/1697/1575
f 1059/1595/1575 1110/1697/1575 1109/1696/1575
f 1061/1599/1628 1063/1598/1628 1110/1698/1576
f 1063/1598/1628 1111/1699/1576 1110/1698/1576
f 1055/1587/1521 1053/1586/1521 1100/1689/1629
f 1055/1587/1521 1100/1689/1629 1106/1688/1629
f 1054/1585/1520 1055/1584/1520 1106/1685/1520
f 1054/1585/1520 1106/1685/1520 1104/1684/1520
f 1052/1582/1519 1054/1583/1519 1101/1680/1630
f 1054/1583/1519 1104/1681/1630 1101/1680/1630
f 1053/1581/1518 1052/1580/1518 1101/1677/1518
f 1053/1581/1518 1101/1677/1518 1100/1676/1518
f 1035/1542/1557 1033/1543/1557 1090/1656/1557
f 1033/1543/1557 1084/1657/1557 1090/1656/1557
f 1033/1535/1553 1032/1534/1553 1085/1645/1553
f 1033/1535/1553 1085/1645/1553 1084/1644/1553
f 1032/1536/1554 1034/1537/1554 1088/1649/1554
f 1032/1536/1554 1088/1649/1554 1085/1648/1554
f 1034/1541/1556 1035/1540/1556 1090/1653/1556
f 1034/1541/1556 1090/1653/1556 1088/1652/1556
f 1107/1690/1572 1103/1691/1572 988/1792/1631
f 1107/1690/1572 988/1792/1631 991/1793/1631
f 1105/1687/1570 1107/1686/1570 991/1475/1570
f 1105/1687/1570 991/1475/1570 990/1474/1570
f 1102/1683/1569 1105/1682/1568 989/1794/1632
f 1105/1682/1568 990/1795/1633 989/1794/1632
f 1103/1679/1566 1102/1678/1566 989/1473/1566
f 1103/1679/1566 989/1473/1566 988/1472/1566
f 1091/1658/1634 1087/1659/1634 1140/1773/1613
f 1091/1658/1634 1140/1773/1613 1143/1772/1613
f 1087/1647/1609 1086/1646/1609 1141/1765/1609
f 1087/1647/1609 1141/1765/1609 1140/1764/1609
f 1086/1651/1635 1089/1650/1635 1141/1766/1610
f 1089/1650/1635 1142/1767/1610 1141/1766/1610
f 1089/1655/1612 1091/1654/1612 1143/1771/1612
f 1089/1655/1612 1143/1771/1612 1142/1770/1612
f 1081/1637/1547 1080/1636/1547 1133/1749/1636
f 1081/1637/1547 1133/1749/1636 1132/1748/1636
f 1083/1643/1552 1081/1642/1552 1132/1761/1637
f 1083/1643/1552 1132/1761/1637 1138/1760/1637
f 1082/1641/1550 1083/1640/1550 1138/1757/1550
f 1082/1641/1550 1138/1757/1550 1136/1756/1550
f 1080/1638/1548 1082/1639/1549 1133/1752/1638
f 1082/1639/1549 1136/1753/1638 1133/1752/1638
f 1038/1551/1539 1039/1550/1539 1074/1621/1539
f 1038/1551/1539 1074/1621/1539 1072/1620/1539
f 1039/1553/1639 1037/1552/1640 1074/1624/1540
f 1037/1552/1640 1068/1625/1540 1074/1624/1540
f 1037/1545/1535 1036/1544/1535 1069/1613/1535
f 1037/1545/1535 1069/1613/1535 1068/1612/1535
f 1036/1547/1537 1038/1546/1537 1072/1617/1537
f 1036/1547/1537 1072/1617/1537 1069/1616/1536
f 1135/1751/1601 1134/1750/1601 1009/1493/1601
f 1135/1751/1601 1009/1493/1601 1008/1492/1601
f 1139/1762/1607 1135/1763/1608 1008/1796/1641
f 1139/1762/1607 1008/1796/1641 1011/1797/1641
f 1137/1759/1605 1139/1758/1605 1011/1495/1605
f 1137/1759/1605 1011/1495/1605 1010/1494/1605
f 1134/1755/1603 1137/1754/1603 1009/1798/1642
f 1137/1754/1603 1010/1799/1642 1009/1798/1642
f 1073/1623/1590 1075/1622/1590 1123/1727/1590
f 1073/1623/1590 1123/1727/1590 1122/1726/1590
f 1075/1626/1643 1071/1627/1643 1120/1729/1591
f 1075/1626/1643 1120/1729/1591 1123/1728/1591
f 1071/1615/1587 1070/1614/1587 1121/1721/1587
f 1071/1615/1587 1121/1721/1587 1120/1720/1587
f 1070/1619/1644 1073/1618/1644 1121/1722/1588
f 1073/1618/1644 1122/1723/1588 1121/1722/1588
f 1077/1629/1543 1076/1628/1542 1124/1732/1645
f 1076/1628/1542 1125/1733/1645 1124/1732/1645
f 1079/1635/1546 1077/1634/1546 1124/1745/1646
f 1079/1635/1546 1124/1745/1646 1130/1744/1646
f 1078/1632/1545 1079/1633/1545 1130/1741/1647
f 1078/1632/1545 1130/1741/1647 1128/1740/1647
f 1076/1631/1544 1078/1630/1544 1128/1737/1544
f 1076/1631/1544 1128/1737/1544 1125/1736/1544
f 1051/1579/1564 1049/1578/1564 1098/1672/1564
f 1049/1578/1564 1092/1673/1564 1098/1672/1564
f 1049/1573/1559 1048/1572/1559 1093/1661/1559
f 1049/1573/1559 1093/1661/1559 1092/1660/1559
f 1048/1575/1561 1050/1574/1561 1096/1665/1561
f 1048/1575/1561 1096/1665/1561 1093/1664/1561
f 1050/1577/1562 1051/1576/1562 1098/1669/1562
f 1050/1577/1562 1098/1669/1562 1096/1668/1562
f 1127/1735/1595 1126/1734/1594 1004/1800/1595
f 1126/1734/1594 1005/1801/1595 1004/1800/1595
f 1131/1747/1600 1127/1746/1600 1004/1488/1600
f 1131/1747/1600 1004/1488/1600 1007/1491/1600
f 1129/1742/1598 1131/1743/1598 1007/1802/1648
f 1129/1742/1598 1007/1802/1648 1006/1803/1648
f 1126/1739/1596 1129/1738/1596 1006/1490/1649
f 1126/1739/1596 1006/1490/1649 1005/1489/1649
f 1099/1675/1650 1095/1674/1650 1147/1784/1618
f 1095/1674/1650 1144/1785/1618 1147/1784/1618
f 1095/1663/1651 1094/1662/1651 1145/1777/1614
f 1095/1663/1651 1145/1777/1614 1144/1776/1614
f 1094/1666/1652 1097/1667/1652 1146/1779/1615
f 1094/1666/1652 1146/1779/1615 1145/1778/1615
f 1097/1671/1653 1099/1670/1653 1147/1783/1617
f 1097/1671/1653 1147/1783/1617 1146/1782/1617
f 1148/1804/1654 1149/1805/1655 915/1806/1656
f 1148/1804/1654 915/1806/1656 914/1807/1656
f 1150/1808/1657 1148/1809/1658 922/1810/1659
f 1148/1809/1658 914/1811/1659 922/1810/1659
f 1151/1812/1660 1150/1808/1661 924/1813/1662
f 1150/1808/1661 922/1810/1662 924/1813/1662
f 1152/1814/1663 1151/1812/1664 924/1813/1665
f 1152/1814/1663 924/1813/1665 920/1815/1665
f 1153/1816/1666 1152/1814/1667 918/1817/1668
f 1152/1814/1667 920/1815/1668 918/1817/1668
f 1149/1805/1669 1153/1816/1670 915/1806/1671
f 1153/1816/1670 918/1817/1671 915/1806/1671
f 1154/1818/1672 1155/1819/1673 873/1277/1323
f 1155/1819/1673 865/1278/1324 873/1277/1323
f 1155/1820/1674 1156/1821/1675 866/1270/1315
f 1155/1820/1674 866/1270/1315 865/1269/1314
f 1156/1821/1676 1157/1822/1677 869/1273/1318
f 1156/1821/1676 869/1273/1318 866/1270/1317
f 1157/1822/1678 1158/1823/1679 869/1273/1320
f 1158/1823/1679 871/1275/1321 869/1273/1320
f 1158/1823/1680 1159/1824/1681 875/1281/1327
f 1158/1823/1680 875/1281/1327 871/1275/1326
f 1159/1824/1682 1154/1818/1683 873/1277/1330
f 1159/1824/1682 873/1277/1330 875/1281/1329
f 1160/1825/1684 1161/1826/1685 1162/1827/1686
f 1160/1825/1684 1162/1827/1686 1163/1828/1687
f 1164/1829/1688 1160/1830/1689 1165/1831/1690
f 1160/1830/1689 1163/1832/1691 1165/1831/1690
f 1166/1833/1692 1164/1829/1693 1167/1834/1694
f 1164/1829/1693 1165/1831/1695 1167/1834/1694
f 1168/1835/1696 1166/1833/1697 1167/1834/1698
f 1168/1835/1696 1167/1834/1698 1169/1836/1699
f 1170/1837/1700 1168/1835/1701 1171/1838/1702
f 1168/1835/1701 1169/1836/1703 1171/1838/1702
f 1161/1826/1704 1170/1837/1705 1162/1827/1706
f 1170/1837/1705 1171/1838/1707 1162/1827/1706
f 1172/1839/1708 1173/1840/1709 1174/1841/1710
f 1173/1840/1709 1175/1842/1711 1174/1841/1710
f 1173/1843/1712 1176/1844/1712 1177/1845/1713
f 1173/1843/1712 1177/1845/1713 1175/1846/1714
f 1176/1844/1715 1178/1847/1716 1179/1848/1717
f 1176/1844/1715 1179/1848/1717 1177/1845/1718
f 1178/1847/1719 1180/1849/1720 1179/1848/1721
f 1180/1849/1720 1181/1850/1722 1179/1848/1721
f 1180/1849/1723 1182/1851/1724 1183/1852/1725
f 1180/1849/1723 1183/1852/1725 1181/1850/1726
f 1182/1851/1727 1172/1839/1728 1174/1841/1729
f 1182/1851/1727 1174/1841/1729 1183/1852/1730
f 905/1325/1354 904/1324/1353 1161/1826/1685
f 905/1325/1354 1161/1826/1685 1160/1825/1684
f 907/1328/1356 905/1329/1356 1164/1829/1688
f 905/1329/1356 1160/1830/1689 1164/1829/1688
f 909/1331/1358 907/1328/1359 1166/1833/1692
f 907/1328/1359 1164/1829/1693 1166/1833/1692
f 911/1333/1362 909/1331/1361 1166/1833/1697
f 911/1333/1362 1166/1833/1697 1168/1835/1696
f 913/1335/1364 911/1333/1365 1170/1837/1700
f 911/1333/1365 1168/1835/1701 1170/1837/1700
f 904/1324/1367 913/1335/1368 1161/1826/1704
f 913/1335/1368 1170/1837/1705 1161/1826/1704
f 1163/1828/1687 1162/1827/1686 1149/1805/1655
f 1163/1828/1687 1149/1805/1655 1148/1804/1654
f 1165/1831/1690 1163/1832/1691 1150/1808/1657
f 1163/1832/1691 1148/1809/1658 1150/1808/1657
f 1167/1834/1694 1165/1831/1695 1151/1812/1660
f 1165/1831/1695 1150/1808/1661 1151/1812/1660
f 1169/1836/1699 1167/1834/1698 1151/1812/1664
f 1169/1836/1699 1151/1812/1664 1152/1814/1663
f 1171/1838/1702 1169/1836/1703 1153/1816/1666
f 1169/1836/1703 1152/1814/1667 1153/1816/1666
f 1162/1827/1706 1171/1838/1707 1149/1805/1669
f 1171/1838/1707 1153/1816/1670 1149/1805/1669
f 1174/1841/1710 1175/1842/1711 1154/1818/1672
f 1175/1842/1711 1155/1819/1673 1154/1818/1672
f 1175/1846/1714 1177/1845/1713 1156/1821/1675
f 1175/1846/1714 1156/1821/1675 1155/1820/1674
f 1177/1845/1718 1179/1848/1717 1157/1822/1677
f 1177/1845/1718 1157/1822/1677 1156/1821/1676
f 1179/1848/1721 1181/1850/1722 1157/1822/1678
f 1181/1850/1722 1158/1823/1679 1157/1822/1678
f 1181/1850/1726 1183/1852/1725 1159/1824/1681
f 1181/1850/1726 1159/1824/1681 1158/1823/1680
f 1183/1852/1730 1174/1841/1729 1154/1818/1683
f 1183/1852/1730 1154/1818/1683 1159/1824/1682
f 895/1853/1731 894/1854/1731 896/1855/1731
f 901/1856/1731 895/1853/1731 896/1855/1731
f 900/1857/1731 901/1856/1731 896/1855/1731
f 899/1858/1731 900/1857/1731 896/1855/1731
f 898/1859/1731 899/1858/1731 896/1855/1731
f 897/1860/1731 898/1859/1731 896/1855/1731
f 1184/1861/1732 1185/1862/1733 1186/1863/1734
f 1184/1861/1732 1186/1863/1734 1187/1864/1735
f 1185/1862/1736 1188/1865/1737 1189/1866/1738
f 1185/1862/1736 1189/1866/1738 1186/1863/1738
f 1188/1865/1739 1190/1867/1740 1191/1868/1741
f 1188/1865/1739 1191/1868/1741 1189/1866/1741
f 1190/1867/1742 1192/1869/1743 1193/1870/1744
f 1190/1867/1742 1193/1870/1744 1191/1868/1744
f 1192/1869/1745 1194/1871/1746 1193/1870/1747
f 1194/1871/1746 1195/1872/1748 1193/1870/1747
f 1187/1864/1749 1195/1872/1750 1194/1871/1751
f 1187/1864/1749 1194/1871/1751 1184/1861/1752
f 1196/1873/1753 1197/1874/1754 1198/1875/1755
f 1197/1874/1754 1199/1876/1756 1198/1875/1755
f 1200/1877/1757 1201/1878/1758 1202/1879/1759
f 1200/1877/1757 1202/1879/1759 1203/1880/1759
f 1201/1878/1760 1204/1881/1761 1205/1882/1762
f 1201/1878/1760 1205/1882/1762 1202/1879/1762
f 1204/1881/1763 1206/1883/1764 1205/1882/1765
f 1206/1883/1764 1207/1884/1765 1205/1882/1765
f 1208/1885/1766 1209/1886/1767 1210/1887/1768
f 1208/1885/1766 1210/1887/1768 1211/1888/1769
f 1198/1875/1770 1210/1887/1771 1209/1886/1296
f 1198/1875/1770 1209/1886/1296 1196/1873/1297
f 1212/1889/1772 1213/1890/1773 1214/1891/1774
f 854/1258/1775 853/1257/1776 1215/1892/1777
f 854/1258/1775 1215/1892/1777 1216/1893/1778
f 1213/1890/1779 1217/1894/1780 1218/1895/1781
f 1213/1890/1779 1218/1895/1781 1214/1891/1781
f 1217/1894/1782 1219/1896/1783 1218/1895/1784
f 1220/1897/1785 863/1898/1786 864/1899/1787
f 1220/1897/1785 864/1899/1787 1221/1900/1788
f 1222/1901/1789 1223/1902/1790 1224/1903/1791
f 1223/1902/1790 1203/1904/1792 1224/1903/1791
f 1223/1905/1793 1225/1906/1794 1203/1880/1795
f 1225/1906/1794 1200/1877/1796 1203/1880/1795
f 1226/1907/1797 1222/1901/1798 1224/1903/1799
f 1226/1907/1797 1224/1903/1799 1227/1908/1800
f 1206/1883/1801 1228/1909/1802 1207/1884/1803
f 1228/1909/1802 1229/1910/1804 1207/1884/1803
f 1229/1911/1805 1226/1907/1806 1227/1908/1807
f 1229/1911/1805 1227/1908/1807 1207/1912/1808
f 1186/1913/1809 1189/1914/1809 1230/1915/1810
f 1186/1913/1809 1230/1915/1810 1231/1916/1811
f 1189/1914/1812 1191/1917/1812 1230/1915/1813
f 1191/1917/1812 1232/1918/1814 1230/1915/1813
f 1191/1917/1815 1193/1919/1815 1232/1918/1816
f 1193/1919/1815 1233/1920/1817 1232/1918/1816
f 1224/1903/1791 1203/1904/1792 1202/1921/1818
f 1227/1908/1800 1224/1903/1799 1205/1922/1819
f 1224/1903/1799 1202/1921/1819 1205/1922/1819
f 1207/1912/1808 1227/1908/1807 1205/1922/1820
f 1234/1923/1821 1220/1897/1785 1235/1924/1822
f 1220/1897/1785 1221/1900/1788 1235/1924/1822
f 1232/1918/1816 1233/1920/1817 1236/1925/1823
f 1233/1920/1817 1237/1926/1824 1236/1925/1823
f 1230/1915/1813 1232/1918/1814 1236/1925/1825
f 1230/1915/1813 1236/1925/1825 1238/1927/1826
f 1231/1916/1811 1230/1915/1810 1238/1927/1827
f 1231/1916/1811 1238/1927/1827 1239/1928/1828
f 1216/1893/1778 1215/1892/1777 1240/1929/1829
f 1216/1893/1778 1240/1929/1829 1241/1930/1830
f 1242/1931/1831 1208/1932/1832 1243/1933/1833
f 1208/1932/1832 1211/1934/1834 1243/1933/1833
f 1211/1935/1835 1244/1936/1835 1245/1937/1836
f 1211/1935/1835 1245/1937/1836 1243/1938/1837
f 1244/1936/1838 1246/1939/1838 1247/1940/1839
f 1244/1936/1838 1247/1940/1839 1245/1937/1840
f 1246/1939/1841 1199/1941/1841 1247/1940/1842
f 1199/1941/1841 1248/1942/1843 1247/1940/1842
f 1199/1876/1844 1197/1874/1845 1248/1943/1846
f 1197/1874/1845 1249/1944/1847 1248/1943/1846
f 861/1265/1848 1234/1923/1821 1235/1924/1822
f 861/1265/1848 1235/1924/1822 862/1266/1849
f 1236/1925/1823 1237/1926/1824 1217/1894/1782
f 1237/1926/1824 1219/1896/1783 1217/1894/1782
f 1238/1927/1826 1236/1925/1825 1213/1890/1779
f 1236/1925/1825 1217/1894/1780 1213/1890/1779
f 1239/1928/1828 1238/1927/1827 1213/1890/1773
f 1239/1928/1828 1213/1890/1773 1212/1889/1772
f 1241/1930/1830 1240/1929/1829 855/1259/1850
f 1241/1930/1830 855/1259/1850 857/1261/1851
f 1228/1909/1802 1242/1931/1831 1229/1910/1804
f 1242/1931/1831 1243/1933/1833 1229/1910/1804
f 1243/1938/1837 1245/1937/1836 1226/1907/1806
f 1243/1938/1837 1226/1907/1806 1229/1911/1805
f 1245/1937/1840 1247/1940/1839 1226/1907/1797
f 1247/1940/1839 1222/1901/1798 1226/1907/1797
f 1247/1940/1842 1248/1942/1843 1222/1901/1789
f 1248/1942/1843 1223/1902/1790 1222/1901/1789
f 1248/1943/1846 1249/1944/1847 1223/1905/1793
f 1249/1944/1847 1225/1906/1794 1223/1905/1793
f 1250/1945/1852 1251/1946/1853 1184/1947/1732
f 1251/1946/1853 1185/1948/1733 1184/1947/1732
f 1251/1946/1854 1252/1949/1855 1188/1950/1737
f 1251/1946/1854 1188/1950/1737 1185/1948/1736
f 1252/1949/1856 1253/1951/1857 1190/1952/1740
f 1252/1949/1856 1190/1952/1740 1188/1950/1739
f 1253/1951/1858 1254/1953/1859 1190/1952/1742
f 1254/1953/1859 1192/1954/1743 1190/1952/1742
f 1254/1955/1860 1255/1956/1861 1194/1957/1746
f 1254/1955/1860 1194/1957/1746 1192/1958/1745
f 1184/1947/1752 1194/1957/1751 1255/1956/1862
f 1184/1947/1752 1255/1956/1862 1250/1945/1863
f 1198/1959/1755 1199/1960/1756 1256/1961/1864
f 1199/1960/1756 1257/1962/1865 1256/1961/1864
f 1199/1960/1866 1246/1963/1866 1257/1962/1867
f 1246/1963/1866 1258/1964/1868 1257/1962/1867
f 1246/1963/1869 1244/1965/1869 1258/1964/1870
f 1244/1965/1869 1259/1966/1871 1258/1964/1870
f 1244/1965/1872 1211/1967/1872 1259/1966/1873
f 1211/1967/1872 1260/1968/1874 1259/1966/1873
f 1211/1967/1769 1210/1969/1768 1261/1970/1875
f 1211/1967/1769 1261/1970/1875 1260/1968/1876
f 1256/1961/1877 1261/1970/1878 1198/1959/1770
f 1261/1970/1878 1210/1969/1771 1198/1959/1770
f 1262/1971/1879 1263/1972/1879 1264/1973/1880
f 1262/1971/1879 1264/1973/1880 1265/1974/1881
f 1263/1972/1882 1266/1975/1882 1267/1976/1883
f 1263/1972/1882 1267/1976/1883 1264/1973/1884
f 1266/1975/1885 1268/1977/1885 1269/1978/1886
f 1266/1975/1885 1269/1978/1886 1267/1976/1887
f 1268/1977/1888 1270/1979/1888 1269/1978/1889
f 1270/1979/1888 1271/1980/1890 1269/1978/1889
f 1270/1981/1891 1272/1982/1891 1271/1983/1892
f 1272/1982/1891 1273/1984/1893 1271/1983/1892
f 1265/1974/1894 1273/1984/1895 1272/1982/1896
f 1265/1974/1894 1272/1982/1896 1262/1971/1896
f 1274/1985/1897 1275/1986/1898 1276/1987/1899
f 1275/1986/1898 1277/1988/1900 1276/1987/1899
f 1275/1986/1901 1278/1989/1902 1279/1990/1903
f 1275/1986/1901 1279/1990/1903 1277/1988/1904
f 1278/1989/1905 1280/1991/1906 1279/1990/1907
f 1280/1991/1906 1281/1992/1908 1279/1990/1907
f 1280/1991/1909 1282/1993/1910 1281/1992/1911
f 1282/1993/1910 1283/1994/1912 1281/1992/1911
f 1282/1995/1913 1284/1996/1914 1285/1997/1915
f 1282/1995/1913 1285/1997/1915 1283/1998/1916
f 1276/1987/1917 1285/1997/1918 1274/1985/1919
f 1285/1997/1918 1284/1996/1920 1274/1985/1919
f 1265/1974/1881 1264/1973/1880 1251/1946/1853
f 1265/1974/1881 1251/1946/1853 1250/1945/1852
f 1264/1973/1884 1267/1976/1883 1251/1946/1854
f 1267/1976/1883 1252/1949/1855 1251/1946/1854
f 1267/1976/1887 1269/1978/1886 1253/1951/1857
f 1267/1976/1887 1253/1951/1857 1252/1949/1856
f 1269/1978/1889 1271/1980/1890 1254/1953/1859
f 1269/1978/1889 1254/1953/1859 1253/1951/1858
f 1271/1983/1892 1273/1984/1893 1254/1955/1860
f 1273/1984/1893 1255/1956/1861 1254/1955/1860
f 1250/1945/1863 1255/1956/1862 1273/1984/1895
f 1250/1945/1863 1273/1984/1895 1265/1974/1894
f 1256/1999/1864 1257/2000/1865 1275/1986/1898
f 1256/1999/1864 1275/1986/1898 1274/1985/1897
f 1257/2000/1867 1258/2001/1868 1275/1986/1901
f 1258/2001/1868 1278/1989/1902 1275/1986/1901
f 1258/2001/1870 1259/2002/1871 1278/1989/1905
f 1259/2002/1871 1280/1991/1906 1278/1989/1905
f 1259/2002/1873 1260/2003/1874 1282/1993/1910
f 1259/2002/1873 1282/1993/1910 1280/1991/1909
f 1260/2004/1876 1261/2005/1875 1282/1995/1913
f 1261/2005/1875 1284/1996/1914 1282/1995/1913
f 1274/1985/1919 1284/1996/1920 1256/1999/1877
f 1284/1996/1920 1261/2005/1878 1256/1999/1877
f 1276/1987/1899 1277/1988/1900 1286/2006/1921
f 1277/1988/1900 1287/2007/1921 1286/2006/1921
f 1277/1988/1904 1279/1990/1903 1287/2007/1922
f 1279/1990/1903 1288/2008/1922 1287/2007/1922
f 1279/1990/1907 1281/1992/1908 1288/2008/1923
f 1281/1992/1908 1289/2009/1923 1288/2008/1923
f 1281/1992/1911 1283/1994/1912 1290/2010/1924
f 1281/1992/1911 1290/2010/1924 1289/2009/1924
f 1283/1998/1916 1285/1997/1915 1291/2011/1925
f 1283/1998/1916 1291/2011/1925 1290/2012/1925
f 1286/2006/1926 1291/2011/1926 1276/1987/1917
f 1291/2011/1926 1285/1997/1918 1276/1987/1917
f 1187/2013/1735 1186/2014/1734 853/1257/1299
f 1187/2013/1735 853/1257/1299 851/1255/1298
f 1215/1892/1777 853/1257/1776 1231/2015/1927
f 853/1257/1776 1186/2014/1928 1231/2015/1927
f 1240/1929/1829 1215/1892/1777 1239/2016/1929
f 1215/1892/1777 1231/2015/1927 1239/2016/1929
f 855/1259/1850 1240/1929/1829 1212/2017/1930
f 1240/1929/1829 1239/2016/1929 1212/2017/1930
f 1212/2017/1931 1214/2018/1931 855/1259/1301
f 1214/2018/1931 856/1260/1302 855/1259/1301
f 1214/2018/1932 1218/2019/1932 856/1260/1304
f 1218/2019/1932 859/1263/1305 856/1260/1304
f 1218/2019/1933 1219/2020/1933 861/1265/1308
f 1218/2019/1933 861/1265/1308 859/1263/1307
f 1237/2021/1934 1234/1923/1821 1219/2020/1935
f 1234/1923/1821 861/1265/1848 1219/2020/1935
f 1233/2022/1936 1220/1897/1785 1237/2021/1934
f 1220/1897/1785 1234/1923/1821 1237/2021/1934
f 1193/2023/1937 863/1898/1786 1233/2022/1936
f 863/1898/1786 1220/1897/1785 1233/2022/1936
f 1193/2024/1747 1195/2025/1748 863/1267/1311
f 1195/2025/1748 850/1254/1312 863/1267/1311
f 851/1255/1297 850/1254/1296 1195/2025/1750
f 851/1255/1297 1195/2025/1750 1187/2013/1749
f 1292/2026/1938 1293/2027/1938 1196/1873/1753
f 1293/2027/1938 1197/1874/1754 1196/1873/1753
f 1249/1944/1847 1197/1874/1845 1293/2027/1939
f 1249/1944/1847 1293/2027/1939 1294/2028/1940
f 1225/1906/1794 1249/1944/1847 1294/2028/1940
f 1225/1906/1794 1294/2028/1940 1295/2029/1941
f 1200/1877/1796 1225/1906/1794 1295/2029/1941
f 1200/1877/1796 1295/2029/1941 1296/2030/1942
f 1296/2030/1943 1297/2031/1943 1201/1878/1758
f 1296/2030/1943 1201/1878/1758 1200/1877/1757
f 1297/2031/1306 1298/2032/1306 1201/1878/1760
f 1298/2032/1306 1204/1881/1761 1201/1878/1760
f 1298/2032/1944 1299/2033/1945 1204/1881/1763
f 1299/2033/1945 1206/1883/1764 1204/1881/1763
f 1300/2034/1946 1228/1909/1802 1206/1883/1801
f 1300/2034/1946 1206/1883/1801 1299/2033/1947
f 1301/2035/1948 1242/1931/1831 1300/2034/1946
f 1242/1931/1831 1228/1909/1802 1300/2034/1946
f 1302/2036/1949 1208/1932/1832 1242/1931/1831
f 1302/2036/1949 1242/1931/1831 1301/2035/1948
f 1302/2037/1950 1303/2038/1950 1208/1885/1766
f 1303/2038/1950 1209/1886/1767 1208/1885/1766
f 1196/1873/1297 1209/1886/1296 1303/2038/1295
f 1196/1873/1297 1303/2038/1295 1292/2026/1295
f 1303/2039/1951 1302/2040/1951 1292/2041/1951
f 1302/2040/1951 1293/2042/1951 1292/2041/1951
f 1302/2040/1951 1301/2043/1951 1294/2044/1951
f 1302/2040/1951 1294/2044/1951 1293/2042/1951
f 1301/2043/1951 1300/2045/1951 1295/2046/1951
f 1301/2043/1951 1295/2046/1951 1294/2044/1951
f 1300/2045/1951 1299/2047/1951 1296/2048/1951
f 1300/2045/1951 1296/2048/1951 1295/2046/1951
f 1299/2047/1951 1298/2049/1951 1296/2048/1951
f 1298/2049/1951 1297/2050/1951 1296/2048/1951
f 852/2051/1952 854/2052/1952 864/2053/1952
f 852/2051/1952 864/2053/1952 849/2054/1952
f 854/2052/1951 1216/2055/1951 864/2053/1951
f 1216/2055/1951 1221/2056/1951 864/2053/1951
f 1216/2055/1951 1241/2057/1951 1221/2056/1951
f 1241/2057/1951 1235/2058/1951 1221/2056/1951
f 1241/2057/1951 857/2059/1951 1235/2058/1951
f 857/2059/1951 862/2060/1951 1235/2058/1951
f 857/2059/1951 858/2061/1951 860/2062/1951
f 857/2059/1951 860/2062/1951 862/2060/1951
f 1304/2063/1953 1305/2064/1953 1172/1839/1728
f 1304/2063/1953 1172/1839/1728 1182/1851/1727
f 1306/2065/1954 1304/2063/1954 1182/1851/1724
f 1306/2065/1954 1182/1851/1724 1180/1849/1723
f 1307/2066/1955 1306/2065/1955 1178/1847/1719
f 1306/2065/1955 1180/1849/1720 1178/1847/1719
f 1308/2067/1956 1307/2066/1956 1178/1847/1716
f 1308/2067/1956 1178/1847/1716 1176/1844/1715
f 1309/2068/1957 1308/2067/1957 1176/1844/1712
f 1309/2068/1957 1176/1844/1712 1173/1843/1712
f 1305/2064/1958 1309/2069/1958 1172/1839/1708
f 1309/2069/1958 1173/1840/1709 1172/1839/1708
f 792/1180/1959 790/1178/1959 880/2070/1959
f 792/1180/1959 880/2070/1959 877/2071/1959
f 794/1182/1960 792/1180/1960 879/2072/1960
f 792/1180/1960 877/2071/1960 879/2072/1960
f 790/1178/1961 787/1177/1961 892/2073/1961
f 790/1178/1961 892/2073/1961 880/2070/1961
f 796/1184/1962 794/1182/1962 887/2074/1962
f 794/1182/1962 879/2072/1962 887/2074/1962
f 787/1173/1963 788/1174/1963 881/2075/1963
f 787/1173/1963 881/2075/1963 892/2076/1963
f 798/1188/1964 796/1187/1964 885/2077/1964
f 796/1187/1964 887/2078/1964 885/2077/1964
f 788/1174/1965 800/1190/1965 881/2075/1965
f 800/1190/1965 882/2079/1965 881/2075/1965
f 800/1190/1966 798/1188/1966 885/2077/1966
f 800/1190/1966 885/2077/1966 882/2079/1966
f 840/2080/1967 842/2081/1967 910/2082/1967
f 842/2081/1967 908/2083/1967 910/2082/1967
f 842/2081/1968 841/2084/1968 906/2085/1968
f 842/2081/1968 906/2085/1968 908/2083/1968
f 843/2086/1969 845/2087/1969 1308/2088/1969
f 845/2087/1969 1307/2089/1969 1308/2088/1969
f 845/2087/1970 846/2090/1970 1306/2091/1970
f 845/2087/1970 1306/2091/1970 1307/2089/1970
f 841/2084/1971 838/2092/1971 906/2085/1971
f 838/2092/1971 902/2093/1971 906/2085/1971
f 838/2092/1972 837/2094/1972 902/2093/1972
f 837/2094/1972 903/2095/1972 902/2093/1972
f 837/2094/1973 839/2096/1973 912/2097/1973
f 837/2094/1973 912/2097/1973 903/2095/1973
f 839/2096/1974 840/2080/1975 910/2082/1974
f 839/2096/1974 910/2082/1974 912/2097/1975
f 846/2090/1976 848/2098/1977 1306/2091/1976
f 848/2098/1977 1304/2099/1976 1306/2091/1976
f 848/2098/1978 847/2100/1978 1304/2099/1978
f 847/2100/1978 1305/2101/1978 1304/2099/1978
f 847/2100/1979 844/2102/1979 1309/2103/1979
f 847/2100/1979 1309/2103/1979 1305/2101/1979
f 844/2102/1980 843/2086/1980 1308/2088/1980
f 844/2102/1980 1308/2088/1980 1309/2103/1980
f 1310/2104/1981 1311/2105/1981 1312/2106/1981
f 1311/2105/1981 1313/2107/1981 1312/2106/1981
f 1311/2105/1982 1314/2108/1982 1315/2109/1982
f 1311/2105/1982 1315/2109/1982 1313/2107/1982
f 1314/2110/1983 1316/2111/1983 1315/2112/1983
f 1316/2111/1983 1317/2113/1983 1315/2112/1983
f 1316/2111/1984 1318/2114/1984 1317/2113/1984
f 1318/2114/1984 1319/2115/1984 1317/2113/1984
f 1318/2114/1985 1320/2116/1985 1321/2117/1985
f 1318/2114/1985 1321/2117/1985 1319/2115/1985
f 1320/2116/1986 1310/2118/1986 1321/2117/1986
f 1310/2118/1986 1312/2119/1986 1321/2117/1986
f 1322/2120/1987 1323/2121/1988 1324/2122/1989
f 1323/2121/1988 1325/2123/1989 1324/2122/1989
f 1326/2124/1990 1322/2120/1991 1324/2122/1992
f 1326/2124/1990 1324/2122/1992 1327/2125/1992
f 1328/2126/1993 1326/2124/1994 1329/2127/1995
f 1326/2124/1994 1327/2125/1995 1329/2127/1995
f 1330/2128/1996 1328/2126/1997 1329/2127/1998
f 1330/2128/1996 1329/2127/1998 1331/2129/1998
f 1332/2130/1999 1330/2131/2000 1331/2132/2001
f 1332/2130/1999 1331/2132/2001 1333/2133/2001
f 1323/2134/2002 1332/2130/2003 1333/2133/2004
f 1323/2134/2002 1333/2133/2004 1325/2135/2004
f 1325/2123/2005 1334/2136/2005 1324/2122/2005
f 1324/2122/2006 1334/2136/2006 1335/2137/2007
f 1324/2122/2006 1335/2137/2007 1327/2125/2006
f 1327/2125/2008 1335/2137/2008 1329/2127/2008
f 1335/2137/2008 1336/2138/2008 1329/2127/2008
f 1329/2127/2009 1336/2138/2009 1331/2129/2010
f 1336/2138/2009 1337/2139/2010 1331/2129/2010
f 1331/2132/2011 1337/2140/2011 1333/2133/2011
f 1333/2133/2012 1338/2141/2012 1325/2135/2012
f 1337/2140/2013 1339/2142/2013 1333/2133/2013
f 1336/2138/2014 1340/2143/2014 1337/2139/2014
f 1340/2143/2014 1339/2144/2014 1337/2139/2014
f 1325/2123/2015 1338/2145/2015 1334/2136/2015
f 1338/2145/2015 1341/2146/2015 1334/2136/2015
f 1342/2147/2016 1343/2148/2016 1344/2149/2017
f 1342/2147/2016 1344/2149/2017 1345/2150/2018
f 1343/2148/2019 1346/2151/2019 1344/2149/2020
f 1346/2151/2019 1347/2152/2021 1344/2149/2020
f 1346/2151/2022 1348/2153/2022 1347/2152/2023
f 1348/2153/2022 1349/2154/2024 1347/2152/2023
f 1348/2153/2025 1350/2155/2025 1351/2156/2026
f 1348/2153/2025 1351/2156/2026 1349/2154/2027
f 1350/2157/2028 1352/2158/2028 1351/2159/2029
f 1352/2158/2028 1353/2160/2030 1351/2159/2029
f 1352/2158/2031 1342/2161/2031 1345/2162/2032
f 1352/2158/2031 1345/2162/2032 1353/2160/2033
f 1354/2163/2034 1355/2164/2034 1356/2165/2034
f 1355/2164/2035 1357/2166/2035 1358/2167/2035
f 1355/2164/2035 1358/2167/2035 1356/2165/2035
f 1357/2166/2036 1359/2168/2036 1358/2167/2036
f 1359/2168/2036 1360/2169/2036 1358/2167/2036
f 1359/2168/2037 1361/2170/2038 1360/2169/2038
f 1361/2170/2038 1362/2171/2037 1360/2169/2038
f 1361/2172/2039 1333/2173/2039 1362/2174/2039
f 1333/2173/2040 1354/2175/2040 1338/2176/2040
f 1362/2174/2041 1333/2173/2041 1339/2177/2041
f 1360/2169/2042 1362/2171/2042 1340/2178/2042
f 1362/2171/2042 1339/2179/2042 1340/2178/2042
f 1354/2163/2043 1356/2165/2043 1338/2145/2043
f 1356/2165/2043 1341/2146/2043 1338/2145/2043
f 1335/2137/2044 1334/2136/2044 1363/2180/2045
f 1334/2136/2044 1364/2181/2044 1363/2180/2045
f 1336/2138/2046 1335/2137/2046 1365/2182/2047
f 1335/2137/2046 1363/2180/2046 1365/2182/2047
f 1366/2183/2048 1367/2184/2049 1336/2138/2050
f 1367/2184/2049 1340/2143/2049 1336/2138/2050
f 1368/2185/2051 1341/2146/2052 1369/2186/2053
f 1356/2165/2054 1358/2167/2054 1370/2187/2054
f 1356/2165/2054 1370/2187/2054 1371/2188/2054
f 1358/2167/2055 1360/2169/2055 1372/2189/2055
f 1358/2167/2055 1372/2189/2055 1370/2187/2055
f 1360/2169/2056 1373/2190/2057 1374/2191/2058
f 1360/2169/2056 1374/2191/2058 1372/2189/2058
f 1341/2146/2059 1356/2165/2060 1375/2192/2061
f 1356/2165/2060 1371/2188/2060 1375/2192/2061
f 1376/2193/2062 1377/2194/2062 1342/2161/2062
f 1376/2193/2062 1342/2161/2062 1352/2158/2062
f 1378/2195/2063 1376/2193/2064 1350/2157/2064
f 1376/2193/2064 1352/2158/2063 1350/2157/2064
f 1379/2196/2065 1378/2197/2065 1350/2155/2065
f 1379/2196/2065 1350/2155/2065 1348/2153/2065
f 1380/2198/2066 1379/2196/2066 1348/2153/2066
f 1380/2198/2066 1348/2153/2066 1346/2151/2066
f 1381/2199/2067 1380/2198/2067 1343/2148/2067
f 1380/2198/2067 1346/2151/2067 1343/2148/2067
f 1377/2200/2068 1381/2199/2068 1343/2148/2068
f 1377/2200/2068 1343/2148/2068 1342/2147/2068
f 1353/2160/2033 1345/2162/2032 1333/2173/2069
f 1345/2162/2032 1354/2175/2069 1333/2173/2069
f 1351/2159/2029 1353/2160/2030 1361/2172/2070
f 1353/2160/2030 1333/2173/2071 1361/2172/2070
f 1349/2154/2027 1351/2156/2026 1359/2168/2072
f 1351/2156/2026 1361/2170/2072 1359/2168/2072
f 1347/2152/2023 1349/2154/2024 1359/2168/2073
f 1347/2152/2023 1359/2168/2073 1357/2166/2073
f 1344/2149/2020 1347/2152/2021 1355/2164/2074
f 1347/2152/2021 1357/2166/2074 1355/2164/2074
f 1345/2150/2018 1344/2149/2017 1354/2163/2075
f 1344/2149/2017 1355/2164/2075 1354/2163/2075
f 1313/2107/2076 1332/2130/2003 1323/2134/2002
f 1313/2107/2076 1323/2134/2002 1312/2106/2077
f 1315/2109/2078 1330/2131/2000 1313/2107/2078
f 1330/2131/2000 1332/2130/1999 1313/2107/2078
f 1317/2113/2079 1328/2126/1997 1330/2128/1996
f 1317/2113/2079 1330/2128/1996 1315/2112/2079
f 1319/2115/2080 1326/2124/1994 1317/2113/2080
f 1326/2124/1994 1328/2126/1993 1317/2113/2080
f 1321/2117/2081 1322/2120/1991 1319/2115/2081
f 1322/2120/1991 1326/2124/1990 1319/2115/2081
f 1312/2119/2082 1323/2121/1988 1322/2120/1987
f 1312/2119/2082 1322/2120/1987 1321/2117/2082
f 1377/2201/2083 1376/2202/2084 1382/2203/2085
f 1377/2201/2083 1382/2203/2085 1383/2204/2086
f 1376/2202/2084 1378/2205/2087 1384/2206/2088
f 1376/2202/2084 1384/2206/2088 1382/2203/2085
f 1378/2205/2087 1379/2207/2089 1385/2208/2090
f 1378/2205/2087 1385/2208/2090 1384/2206/2088
f 1379/2207/2089 1380/2209/2091 1386/2210/2092
f 1379/2207/2089 1386/2210/2092 1385/2208/2090
f 1380/2209/2091 1381/2211/2093 1386/2210/2092
f 1381/2211/2093 1387/2212/2094 1386/2210/2092
f 1381/2211/2093 1377/2201/2083 1383/2204/2086
f 1381/2211/2093 1383/2204/2086 1387/2212/2094
f 1311/2213/2095 1310/2214/2096 1388/2215/2097
f 1310/2214/2096 1389/2216/2098 1388/2215/2097
f 1314/2217/2099 1311/2213/2095 1390/2218/2100
f 1311/2213/2095 1388/2215/2097 1390/2218/2100
f 1316/2219/2101 1314/2217/2099 1391/2220/2102
f 1314/2217/2099 1390/2218/2100 1391/2220/2102
f 1318/2221/2103 1316/2219/2101 1392/2222/2104
f 1316/2219/2101 1391/2220/2102 1392/2222/2104
f 1320/2223/2105 1318/2221/2103 1392/2222/2104
f 1320/2223/2105 1392/2222/2104 1393/2224/2106
f 1310/2214/2096 1320/2223/2105 1389/2216/2098
f 1320/2223/2105 1393/2224/2106 1389/2216/2098
f 1394/2225/2107 1395/2226/2107 1396/2227/2107
f 1394/2225/2107 1396/2227/2107 1397/2228/2107
f 1398/2229/2108 1394/2225/2108 1397/2228/2108
f 1398/2229/2108 1397/2228/2108 1399/2230/2108
f 1400/2231/2109 1401/2232/2110 1402/2233/2109
f 1401/2232/2110 1403/2234/2109 1402/2233/2109
f 1404/2235/2111 1405/2236/2111 1406/2237/2111
f 1404/2235/2111 1406/2237/2111 1407/2238/2111
f 1408/2239/2112 1409/2240/2112 1410/2241/2112
f 1408/2239/2112 1410/2241/2112 1411/2242/2112
f 1409/2240/2113 1412/2243/2113 1410/2241/2113
f 1412/2243/2113 1413/2244/2113 1410/2241/2113
f 1414/2245/2114 1415/2246/2115 1416/2247/2116
f 1415/2246/2115 1417/2248/2116 1416/2247/2116
f 1418/2249/2117 1419/2250/2117 1420/2251/2117
f 1418/2249/2117 1420/2251/2117 1421/2252/2117
f 1363/2253/2118 1364/2254/2119 1395/2226/2119
f 1363/2253/2118 1395/2226/2119 1394/2225/2120
f 1422/2255/2121 1423/2256/2122 1396/2227/2121
f 1423/2256/2122 1397/2228/2123 1396/2227/2121
f 1365/2257/2124 1363/2253/2118 1398/2229/2124
f 1363/2253/2118 1394/2225/2120 1398/2229/2124
f 1423/2256/2122 1424/2258/2125 1399/2230/2125
f 1423/2256/2122 1399/2230/2125 1397/2228/2123
f 1401/2232/2126 1425/2259/2126 1426/2260/2126
f 1401/2232/2126 1426/2260/2126 1403/2234/2126
f 1427/2261/2127 1428/2262/2127 1429/2263/2128
f 1428/2262/2127 1430/2264/2128 1429/2263/2128
f 1405/2236/2129 1368/2265/2129 1406/2237/2130
f 1368/2265/2129 1369/2266/2131 1406/2237/2130
f 1431/2267/2132 1432/2268/2133 1404/2235/2133
f 1431/2267/2132 1404/2235/2133 1407/2238/2134
f 1371/2269/2135 1370/2270/2136 1408/2239/2135
f 1370/2270/2136 1409/2240/2137 1408/2239/2135
f 1433/2271/2138 1434/2272/2139 1411/2242/2139
f 1433/2271/2138 1411/2242/2139 1410/2241/2140
f 1370/2270/2136 1372/2273/2141 1412/2243/2141
f 1370/2270/2136 1412/2243/2141 1409/2240/2137
f 1435/2274/2142 1433/2271/2138 1413/2244/2142
f 1433/2271/2138 1410/2241/2140 1413/2244/2142
f 1436/2275/2143 1437/2276/2143 1438/2277/2144
f 1437/2276/2143 1439/2278/2144 1438/2277/2144
f 1440/2279/2145 1441/2280/2145 1442/2281/2145
f 1440/2279/2145 1442/2281/2145 1443/2282/2145
f 1419/2250/2146 1444/2283/2146 1420/2251/2146
f 1444/2283/2146 1445/2284/2146 1420/2251/2146
f 1446/2285/2147 1447/2286/2147 1421/2252/2147
f 1447/2286/2147 1418/2249/2147 1421/2252/2147
f 1443/2282/2148 1448/2287/2148 1440/2279/2148
f 1448/2287/2148 1449/2288/2148 1440/2279/2148
f 1448/2287/2149 1374/2289/2149 1449/2288/2149
f 1374/2289/2149 1373/2290/2149 1449/2288/2149
f 1450/2291/2150 1451/2292/2151 1452/2293/2152
f 1450/2291/2150 1452/2293/2152 1453/2294/2153
f 1439/2278/2144 1454/2295/2154 1438/2277/2144
f 1454/2295/2154 1455/2296/2154 1438/2277/2144
f 1456/2297/2155 1453/2294/2153 1452/2293/2152
f 1456/2297/2155 1452/2293/2152 1457/2298/2155
f 1458/2299/2156 1459/2300/2157 1456/2297/2158
f 1458/2299/2156 1456/2297/2158 1457/2298/2158
f 1460/2301/2159 1461/2302/2159 1462/2303/2159
f 1461/2302/2159 1463/2304/2159 1462/2303/2159
f 1464/2305/2160 1465/2306/2161 1462/2303/2160
f 1465/2306/2161 1460/2301/2161 1462/2303/2160
f 1458/2299/2156 1415/2246/2115 1414/2245/2114
f 1458/2299/2156 1414/2245/2114 1459/2300/2157
f 1417/2248/2162 1451/2292/2151 1416/2247/2162
f 1451/2292/2151 1450/2291/2150 1416/2247/2162
f 1449/2307/2163 1373/2308/2163 1437/2276/2163
f 1449/2307/2163 1437/2276/2163 1436/2275/2163
f 1417/2248/2164 1415/2246/2164 1466/2309/2164
f 1417/2248/2164 1466/2309/2164 1467/2310/2164
f 1366/2311/2165 1468/2312/2165 1455/2296/2165
f 1366/2311/2165 1455/2296/2165 1454/2295/2165
f 1451/2292/2166 1417/2248/2166 1467/2310/2166
f 1451/2292/2166 1467/2310/2166 1469/2313/2166
f 1430/2264/2128 1470/2314/2167 1429/2263/2128
f 1470/2314/2167 1471/2315/2167 1429/2263/2128
f 1472/2316/2168 1473/2317/2168 1402/2233/2168
f 1473/2317/2168 1400/2231/2168 1402/2233/2168
f 1474/2318/2169 1475/2319/2169 1428/2262/2169
f 1474/2318/2169 1428/2262/2169 1427/2261/2169
f 1457/2298/2170 1452/2293/2170 1476/2320/2170
f 1457/2298/2170 1476/2320/2170 1477/2321/2170
f 1441/2322/2171 1440/2323/2171 1471/2315/2171
f 1441/2322/2171 1471/2315/2171 1470/2314/2171
f 1458/2299/2172 1457/2298/2172 1477/2321/2172
f 1458/2299/2172 1477/2321/2172 1478/2324/2172
f 1460/2325/2173 1465/2326/2173 1414/2245/2173
f 1460/2325/2173 1414/2245/2173 1416/2247/2173
f 1468/2312/2174 1474/2318/2174 1451/2292/2174
f 1474/2318/2174 1452/2293/2174 1451/2292/2174
f 1463/2327/2175 1461/2328/2175 1450/2291/2175
f 1463/2327/2175 1450/2291/2175 1453/2294/2175
f 1462/2329/2176 1463/2327/2176 1453/2294/2176
f 1462/2329/2176 1453/2294/2176 1456/2297/2176
f 1464/2330/2177 1462/2329/2177 1456/2297/2177
f 1464/2330/2177 1456/2297/2177 1459/2300/2177
f 1440/2323/2178 1449/2307/2178 1415/2246/2178
f 1440/2323/2178 1415/2246/2178 1458/2299/2178
f 1465/2326/2179 1464/2330/2179 1459/2300/2179
f 1465/2326/2179 1459/2300/2179 1414/2245/2179
f 1461/2328/2180 1460/2325/2180 1450/2291/2180
f 1460/2325/2180 1416/2247/2180 1450/2291/2180
f 1449/2307/2181 1436/2275/2181 1466/2309/2181
f 1449/2307/2181 1466/2309/2181 1415/2246/2181
f 1436/2275/2182 1438/2277/2182 1467/2310/2182
f 1436/2275/2182 1467/2310/2182 1466/2309/2182
f 1438/2277/2183 1455/2296/2183 1469/2313/2183
f 1438/2277/2183 1469/2313/2183 1467/2310/2183
f 1455/2296/2184 1468/2312/2184 1451/2292/2184
f 1455/2296/2184 1451/2292/2184 1469/2313/2184
f 1474/2318/2184 1427/2261/2184 1476/2320/2184
f 1474/2318/2184 1476/2320/2184 1452/2293/2184
f 1427/2261/2185 1429/2263/2185 1477/2321/2185
f 1427/2261/2185 1477/2321/2185 1476/2320/2185
f 1429/2263/2186 1471/2315/2186 1478/2324/2186
f 1429/2263/2186 1478/2324/2186 1477/2321/2186
f 1471/2315/2181 1440/2323/2181 1458/2299/2181
f 1471/2315/2181 1458/2299/2181 1478/2324/2181
f 1479/2331/2187 1480/2332/2187 1481/2333/2187
f 1479/2331/2187 1481/2333/2187 1482/2334/2187
f 1483/2335/2188 1484/2336/2188 1479/2331/2188
f 1483/2335/2188 1479/2331/2188 1482/2334/2188
f 1485/2337/2189 1486/2338/2189 1484/2336/2189
f 1485/2337/2189 1484/2336/2189 1483/2335/2189
f 1487/2339/2190 1488/2340/2190 1475/2341/2191
f 1487/2339/2190 1475/2341/2191 1474/2342/2190
f 1474/2342/2192 1468/2343/2192 1489/2344/2192
f 1474/2342/2192 1489/2344/2192 1487/2339/2192
f 1468/2343/2193 1366/2345/2193 1490/2346/2193
f 1468/2343/2193 1490/2346/2193 1489/2344/2193
f 1491/2347/2194 1492/2348/2194 1431/2267/2132
f 1491/2347/2194 1431/2267/2132 1407/2238/2134
f 1406/2237/2195 1493/2349/2195 1407/2238/2195
f 1493/2349/2195 1491/2347/2195 1407/2238/2195
f 1369/2266/2131 1375/2350/2196 1406/2237/2130
f 1375/2350/2196 1493/2349/2196 1406/2237/2130
f 1494/2351/2197 1495/2352/2197 1496/2353/2197
f 1495/2352/2197 1497/2354/2197 1496/2353/2197
f 1498/2355/2198 1499/2356/2198 1496/2353/2198
f 1499/2356/2198 1494/2351/2198 1496/2353/2198
f 1487/2357/2199 1489/2358/2199 1400/2231/2199
f 1489/2358/2199 1401/2232/2199 1400/2231/2199
f 1398/2359/2200 1399/2360/2200 1402/2233/2200
f 1398/2359/2200 1402/2233/2200 1403/2234/2200
f 1489/2358/2201 1490/2361/2202 1401/2232/2201
f 1490/2361/2202 1425/2259/2202 1401/2232/2201
f 1490/2362/2203 1365/2182/2203 1425/2363/2203
f 1365/2182/2203 1426/2364/2203 1425/2363/2203
f 1365/2365/2204 1398/2359/2204 1426/2260/2204
f 1398/2359/2204 1403/2234/2204 1426/2260/2204
f 1488/2366/2205 1487/2357/2205 1473/2317/2205
f 1487/2357/2205 1400/2231/2205 1473/2317/2205
f 1399/2360/2206 1424/2367/2206 1402/2233/2206
f 1424/2367/2206 1472/2316/2206 1402/2233/2206
f 1443/2368/2207 1442/2369/2207 1479/2331/2207
f 1442/2369/2207 1480/2332/2207 1479/2331/2207
f 1435/2370/2208 1413/2371/2208 1482/2334/2208
f 1435/2370/2208 1482/2334/2208 1481/2333/2208
f 1448/2372/2209 1443/2368/2209 1479/2331/2209
f 1448/2372/2209 1479/2331/2209 1484/2336/2209
f 1413/2371/2210 1412/2373/2210 1483/2335/2210
f 1413/2371/2210 1483/2335/2210 1482/2334/2210
f 1372/2374/2211 1374/2375/2212 1486/2338/2212
f 1372/2374/2211 1486/2338/2212 1485/2337/2212
f 1374/2376/2213 1448/2372/2213 1486/2338/2213
f 1448/2372/2213 1484/2336/2213 1486/2338/2213
f 1412/2373/2214 1372/2377/2214 1483/2335/2214
f 1372/2377/2214 1485/2337/2214 1483/2335/2214
f 1500/2378/2215 1501/2379/2215 1499/2356/2215
f 1500/2378/2215 1499/2356/2215 1498/2355/2215
f 1491/2380/2216 1493/2381/2216 1419/2250/2217
f 1491/2380/2216 1419/2250/2217 1418/2249/2217
f 1408/2382/2218 1411/2383/2218 1420/2251/2218
f 1411/2383/2218 1421/2252/2218 1420/2251/2218
f 1493/2381/2219 1375/2384/2219 1419/2250/2219
f 1375/2384/2219 1444/2283/2219 1419/2250/2219
f 1375/2192/2220 1371/2188/2220 1445/2385/2220
f 1375/2192/2220 1445/2385/2220 1444/2386/2220
f 1371/2387/2221 1408/2382/2221 1445/2284/2221
f 1408/2382/2221 1420/2251/2221 1445/2284/2221
f 1492/2388/2222 1491/2380/2222 1418/2249/2222
f 1492/2388/2222 1418/2249/2222 1447/2286/2222
f 1411/2383/2223 1434/2389/2223 1446/2285/2223
f 1411/2383/2223 1446/2285/2223 1421/2252/2223
f 1404/2390/2224 1432/2391/2224 1494/2351/2224
f 1432/2391/2224 1495/2352/2224 1494/2351/2224
f 1422/2392/2225 1396/2393/2225 1497/2354/2225
f 1396/2393/2225 1496/2353/2225 1497/2354/2225
f 1405/2394/2226 1404/2390/2226 1494/2351/2226
f 1405/2394/2226 1494/2351/2226 1499/2356/2226
f 1396/2393/2227 1395/2395/2227 1496/2353/2227
f 1395/2395/2227 1498/2355/2227 1496/2353/2227
f 1368/2396/2228 1405/2394/2228 1501/2379/2228
f 1405/2394/2228 1499/2356/2228 1501/2379/2228
f 1395/2395/2229 1364/2397/2229 1500/2378/2229
f 1395/2395/2229 1500/2378/2229 1498/2355/2229
f 1340/2178/2230 1367/2184/2230 1360/2169/2056
f 1367/2184/2230 1373/2190/2057 1360/2169/2056
f 1366/2183/2048 1336/2138/2050 1490/2362/2231
f 1336/2138/2050 1365/2182/2231 1490/2362/2231
f 1341/2146/2059 1375/2192/2061 1369/2186/2232
f 1334/2136/2233 1341/2146/2052 1368/2185/2051
f 1334/2136/2233 1368/2185/2051 1364/2181/2233
f 1473/2317/2234 1472/2316/2234 1424/2398/2234
f 1473/2317/2234 1424/2398/2234 1488/2399/2234
f 1430/2264/2235 1428/2262/2235 1475/2400/2235
f 1430/2264/2235 1475/2400/2235 1502/2401/2235
f 1470/2314/2236 1430/2264/2236 1502/2402/2236
f 1470/2314/2236 1502/2402/2236 1441/2403/2236
f 1481/2333/2237 1480/2332/2237 1435/2404/2237
f 1480/2332/2237 1442/2405/2237 1435/2404/2237
f 1447/2286/2238 1446/2285/2238 1434/2406/2238
f 1447/2286/2238 1434/2406/2238 1492/2407/2238
f 1497/2354/2239 1495/2352/2240 1422/2408/2239
f 1495/2352/2240 1432/2409/2239 1422/2408/2239
f 1423/2410/2241 1422/2411/2241 818/2412/2241
f 1423/2410/2241 818/2412/2241 817/2413/2241
f 1424/2414/2242 1423/2410/2242 819/2415/2242
f 1423/2410/2242 817/2413/2242 819/2415/2242
f 1434/2416/2243 1433/2417/2243 823/2418/2243
f 1433/2417/2243 822/2419/2243 823/2418/2243
f 1433/2417/2244 1435/2420/2244 822/2419/2244
f 1435/2420/2244 821/2421/2244 822/2419/2244
f 1442/2422/2245 1441/2423/2245 820/2424/2245
f 1442/2422/2245 820/2424/2245 821/2421/2245
f 1475/2425/2246 1488/2426/2246 820/2424/2246
f 1488/2426/2246 819/2415/2246 820/2424/2246
f 1431/2427/2247 1492/2428/2247 823/2418/2247
f 1431/2427/2247 823/2418/2247 824/2429/2247
f 1432/2430/2248 1431/2427/2248 818/2412/2248
f 1431/2427/2248 824/2429/2248 818/2412/2248
f 1488/2426/2249 1424/2414/2249 819/2415/2249
f 1502/2431/2250 1475/2425/2250 820/2424/2250
f 1441/2423/2251 1502/2431/2251 820/2424/2251
f 1435/2420/2252 1442/2422/2252 821/2421/2252
f 1492/2428/2253 1434/2416/2253 823/2418/2253
f 1422/2411/2254 1432/2430/2254 818/2412/2254
f 1503/2432/2255 1504/2433/2256 1505/2434/2257
f 1504/2433/2256 1506/2435/2258 1505/2434/2257
f 1507/2436/2259 1503/2432/2260 1508/2437/2261
f 1503/2432/2260 1505/2434/2262 1508/2437/2261
f 1509/2438/2263 1507/2436/2264 1510/2439/2265
f 1507/2436/2264 1508/2437/2266 1510/2439/2265
f 1511/2440/2267 1509/2438/2268 1510/2439/2269
f 1511/2440/2267 1510/2439/2269 1512/2441/2270
f 1513/2442/2271 1511/2440/2272 1512/2441/2273
f 1513/2442/2271 1512/2441/2273 1514/2443/2274
f 1504/2433/2275 1513/2444/2276 1514/2445/2277
f 1504/2433/2275 1514/2445/2277 1506/2435/2278
f 1515/2446/2279 1516/2447/2280 1517/2448/2281
f 1515/2446/2279 1517/2448/2281 1518/2449/2279
f 1518/2449/2282 1517/2448/2283 1519/2450/2284
f 1518/2449/2282 1519/2450/2284 1520/2451/2282
f 1520/2451/2285 1519/2450/2286 1521/2452/2287
f 1520/2451/2285 1521/2452/2287 1522/2453/2285
f 1522/2453/2288 1521/2452/2289 1523/2454/2288
f 1521/2452/2289 1524/2455/2290 1523/2454/2288
f 1523/2454/2291 1524/2455/2292 1525/2456/2293
f 1523/2454/2291 1525/2456/2293 1526/2457/2291
f 1526/2458/2294 1525/2459/2295 1515/2446/2294
f 1525/2459/2295 1516/2447/2296 1515/2446/2294
f 1514/2445/2277 1526/2458/2297 1506/2435/2278
f 1526/2458/2297 1515/2446/2297 1506/2435/2278
f 1512/2441/2273 1523/2454/2298 1514/2443/2274
f 1523/2454/2298 1526/2457/2298 1514/2443/2274
f 1510/2439/2269 1522/2453/2299 1523/2454/2299
f 1510/2439/2269 1523/2454/2299 1512/2441/2270
f 1508/2437/2266 1520/2451/2300 1510/2439/2265
f 1520/2451/2300 1522/2453/2300 1510/2439/2265
f 1505/2434/2262 1518/2449/2301 1520/2451/2301
f 1505/2434/2262 1520/2451/2301 1508/2437/2261
f 1506/2435/2258 1515/2446/2302 1505/2434/2257
f 1515/2446/2302 1518/2449/2302 1505/2434/2257
f 1527/2460/2303 1291/2461/2303 1286/2462/2303
f 1527/2460/2303 1286/2462/2303 1528/2463/2303
f 1286/2462/2304 1287/2464/2304 1528/2463/2304
f 1287/2464/2304 1529/2465/2304 1528/2463/2304
f 1287/2464/2305 1288/2466/2305 1530/2467/2305
f 1287/2464/2305 1530/2467/2305 1529/2465/2305
f 1288/2466/2306 1289/2468/2306 1530/2467/2306
f 1289/2468/2306 1531/2469/2306 1530/2467/2306
f 1289/2468/2307 1290/2470/2307 1531/2469/2307
f 1290/2470/2307 1532/2471/2307 1531/2469/2307
f 1290/2472/2308 1291/2461/2308 1527/2460/2308
f 1290/2472/2308 1527/2460/2308 1532/2473/2308
f 1527/2460/2309 1528/2463/2309 1533/2474/2310
f 1527/2460/2309 1533/2474/2310 1534/2475/2311
f 1528/2463/2312 1529/2465/2312 1535/2476/2313
f 1528/2463/2312 1535/2476/2313 1533/2474/2314
f 1529/2465/2315 1530/2467/2315 1536/2477/2316
f 1529/2465/2315 1536/2477/2316 1535/2476/2317
f 1530/2467/2318 1531/2469/2318 1536/2477/2319
f 1531/2469/2318 1537/2478/2320 1536/2477/2319
f 1531/2469/2321 1532/2471/2321 1537/2478/2322
f 1532/2471/2321 1538/2479/2323 1537/2478/2322
f 1532/2473/2324 1527/2460/2324 1538/2480/2325
f 1527/2460/2324 1534/2475/2326 1538/2480/2325
f 1539/2481/2327 1540/2482/2327 1541/2483/2328
f 1539/2481/2327 1541/2483/2328 1542/2484/2329
f 1540/2482/2330 1543/2485/2331 1544/2486/2332
f 1540/2482/2330 1544/2486/2332 1541/2483/2333
f 1543/2485/2334 1545/2487/2335 1546/2488/2336
f 1543/2485/2334 1546/2488/2336 1544/2486/2337
f 1545/2487/2338 1547/2489/2338 1546/2488/2339
f 1547/2489/2338 1548/2490/2340 1546/2488/2339
f 1547/2489/2341 1549/2491/2341 1550/2492/2342
f 1547/2489/2341 1550/2492/2342 1548/2490/2343
f 1549/2493/2344 1539/2481/2344 1550/2494/2345
f 1539/2481/2344 1542/2484/2346 1550/2494/2345
f 1551/2495/2347 1552/2496/2348 1549/2493/2349
f 1552/2496/2348 1539/2481/2349 1549/2493/2349
f 1553/2497/2350 1551/2498/2351 1547/2489/2352
f 1551/2498/2351 1549/2491/2352 1547/2489/2352
f 1554/2499/2353 1553/2497/2354 1547/2489/2355
f 1554/2499/2353 1547/2489/2355 1545/2487/2355
f 1555/2500/2356 1554/2499/2357 1543/2485/2358
f 1554/2499/2357 1545/2487/2358 1543/2485/2358
f 1556/2501/2359 1555/2500/2360 1543/2485/2361
f 1556/2501/2359 1543/2485/2361 1540/2482/2361
f 1552/2496/2362 1556/2501/2363 1539/2481/2364
f 1556/2501/2363 1540/2482/2364 1539/2481/2364
f 1550/2494/2345 1542/2484/2346 1557/2502/2365
f 1550/2494/2345 1557/2502/2365 1558/2503/2366
f 1548/2490/2343 1550/2492/2342 1559/2504/2367
f 1550/2492/2342 1558/2505/2368 1559/2504/2367
f 1546/2488/2339 1548/2490/2340 1560/2506/2369
f 1548/2490/2340 1559/2504/2370 1560/2506/2369
f 1544/2486/2337 1546/2488/2336 1561/2507/2371
f 1546/2488/2336 1560/2506/2372 1561/2507/2371
f 1541/2483/2333 1544/2486/2332 1561/2507/2373
f 1541/2483/2333 1561/2507/2373 1562/2508/2374
f 1542/2484/2329 1541/2483/2328 1562/2508/2375
f 1542/2484/2329 1562/2508/2375 1557/2502/2376
f 1563/2509/2377 1564/2510/2377 1263/2511/2377
f 1563/2509/2377 1263/2511/2377 1262/2512/2377
f 1564/2510/2378 1565/2513/2378 1263/2511/2378
f 1565/2513/2378 1266/2514/2378 1263/2511/2378
f 1565/2513/2379 1566/2515/2379 1268/2516/2379
f 1565/2513/2379 1268/2516/2379 1266/2514/2379
f 1566/2515/2380 1567/2517/2380 1270/2518/2380
f 1566/2515/2380 1270/2518/2380 1268/2516/2380
f 1567/2519/2381 1568/2520/2381 1270/2521/2381
f 1568/2520/2381 1272/2522/2381 1270/2521/2381
f 1262/2512/2382 1272/2522/2382 1568/2520/2382
f 1262/2512/2382 1568/2520/2382 1563/2509/2382
f 1558/2503/2366 1557/2502/2365 1383/2523/2383
f 1558/2503/2366 1383/2523/2383 1382/2524/2383
f 1559/2504/2367 1558/2505/2368 1384/2525/2384
f 1558/2505/2368 1382/2526/2384 1384/2525/2384
f 1560/2506/2369 1559/2504/2370 1385/2527/2385
f 1559/2504/2370 1384/2525/2385 1385/2527/2385
f 1561/2507/2371 1560/2506/2372 1386/2528/2386
f 1560/2506/2372 1385/2527/2386 1386/2528/2386
f 1562/2508/2374 1561/2507/2373 1386/2528/2387
f 1562/2508/2374 1386/2528/2387 1387/2529/2387
f 1557/2502/2376 1562/2508/2375 1387/2529/2388
f 1557/2502/2376 1387/2529/2388 1383/2523/2388
f 1525/2459/2295 1569/2530/2389 1570/2531/2390
f 1525/2459/2295 1570/2531/2390 1516/2447/2296
f 1524/2455/2292 1571/2532/2391 1525/2456/2293
f 1571/2532/2391 1569/2533/2392 1525/2456/2293
f 1521/2452/2289 1572/2534/2393 1524/2455/2290
f 1572/2534/2393 1571/2532/2394 1524/2455/2290
f 1519/2450/2286 1573/2535/2395 1521/2452/2287
f 1573/2535/2395 1572/2534/2396 1521/2452/2287
f 1517/2448/2283 1574/2536/2397 1573/2535/2398
f 1517/2448/2283 1573/2535/2398 1519/2450/2284
f 1516/2447/2280 1570/2531/2399 1574/2536/2400
f 1516/2447/2280 1574/2536/2400 1517/2448/2281
f 1538/2480/2325 1534/2475/2326 1551/2495/2347
f 1534/2475/2326 1552/2496/2348 1551/2495/2347
f 1537/2478/2322 1538/2479/2323 1553/2497/2350
f 1538/2479/2323 1551/2498/2351 1553/2497/2350
f 1536/2477/2319 1537/2478/2320 1554/2499/2353
f 1537/2478/2320 1553/2497/2354 1554/2499/2353
f 1535/2476/2317 1536/2477/2316 1554/2499/2357
f 1535/2476/2317 1554/2499/2357 1555/2500/2356
f 1533/2474/2314 1535/2476/2313 1555/2500/2360
f 1533/2474/2314 1555/2500/2360 1556/2501/2359
f 1534/2475/2311 1533/2474/2310 1556/2501/2363
f 1534/2475/2311 1556/2501/2363 1552/2496/2362
f 1567/2519/2401 1513/2444/2276 1568/2520/2401
f 1513/2444/2276 1504/2433/2275 1568/2520/2401
f 1566/2515/2402 1511/2440/2272 1567/2517/2403
f 1511/2440/2272 1513/2442/2271 1567/2517/2403
f 1565/2513/2404 1509/2438/2268 1566/2515/2404
f 1509/2438/2268 1511/2440/2267 1566/2515/2404
f 1564/2510/2405 1507/2436/2264 1509/2438/2263
f 1564/2510/2405 1509/2438/2263 1565/2513/2405
f 1563/2509/2406 1503/2432/2260 1507/2436/2259
f 1563/2509/2406 1507/2436/2259 1564/2510/2406
f 1568/2520/2407 1504/2433/2256 1503/2432/2255
f 1568/2520/2407 1503/2432/2255 1563/2509/2407
f 1570/2531/2390 1569/2530/2389 1389/2537/2408
f 1569/2530/2389 1388/2538/2408 1389/2537/2408
f 1569/2533/2392 1571/2532/2391 1390/2539/2409
f 1569/2533/2392 1390/2539/2409 1388/2540/2410
f 1571/2532/2394 1572/2534/2393 1391/2541/2411
f 1571/2532/2394 1391/2541/2411 1390/2539/2411
f 1572/2534/2396 1573/2535/2395 1392/2542/2412
f 1572/2534/2396 1392/2542/2412 1391/2541/2412
f 1573/2535/2398 1574/2536/2397 1392/2542/2413
f 1574/2536/2397 1393/2543/2413 1392/2542/2413
f 1574/2536/2400 1570/2531/2399 1393/2543/2414
f 1570/2531/2399 1389/2537/2414 1393/2543/2414
s off
