# This file uses centimeters as units for non-parametric coordinates.

mtllib LarryTexture.mtl
g default
v 2.222797 8.484528 -0.106388
v 2.042600 7.912951 0.067495
v 2.257402 7.424147 0.012771
v 2.886589 7.417183 -0.167089
v 3.104935 8.097004 -0.354130
v 2.820150 8.567300 -0.334993
v 2.320413 8.537146 0.167737
v 2.140216 7.965569 0.341620
v 2.355018 7.476765 0.286896
v 2.934788 7.469801 0.107036
v 3.197453 8.149621 -0.080005
v 2.917767 8.619919 -0.060869
v -2.222798 8.484527 -0.106388
v -2.042600 7.912951 0.067495
v -2.257402 7.424147 0.012771
v -2.886588 7.417183 -0.167089
v -3.104935 8.097004 -0.354131
v -2.820150 8.567301 -0.334994
v -2.320413 8.537145 0.167737
v -2.140216 7.965569 0.341620
v -2.355018 7.476765 0.286896
v -2.934788 7.469801 0.107035
v -3.197453 8.149622 -0.080005
v -2.917767 8.619919 -0.060869
vt 0.212098 0.140539
vt 0.212272 0.119471
vt 0.222889 0.119154
vt 0.222948 0.140564
vt 0.208255 0.099662
vt 0.219515 0.099330
vt 0.209476 0.074262
vt 0.220330 0.076304
vt 0.211232 0.189967
vt 0.226341 0.047346
vt 0.211517 0.166359
vt 0.223646 0.166308
vt 0.316479 0.143767
vt 0.305492 0.143751
vt 0.306072 0.122637
vt 0.315853 0.122629
vt 0.293671 0.109547
vt 0.318416 0.104420
vt 0.274382 0.115801
vt 0.317111 0.078722
vt 0.271875 0.140959
vt 0.316071 0.191198
vt 0.285722 0.153346
vt 0.316820 0.169085
vt 0.305222 0.168818
vt 0.299249 0.049113
vt 0.305629 0.080971
vt 0.307549 0.104608
vt 0.336119 0.153312
vt 0.350106 0.141024
vt 0.349021 0.116329
vt 0.311859 0.047166
vt 0.304422 0.190532
vt 0.241787 0.151292
vt 0.256255 0.139842
vt 0.255513 0.114337
vt 0.223606 0.189709
vt 0.193383 0.150617
vt 0.179317 0.139060
vt 0.214866 0.045464
vt 0.179373 0.114516
vt 0.236329 0.106568
vt 0.199703 0.106925
vt 0.328256 0.109561
vn -0.898688 0.359676 0.250983
vn -0.898688 0.359676 0.250983
vn -0.898688 0.359676 0.250983
vn -0.898688 0.359676 0.250983
vn -0.832595 -0.407837 0.374772
vn -0.832595 -0.407837 0.374772
vn -0.832595 -0.407837 0.374772
vn -0.832595 -0.407837 0.374772
vn 0.041541 -0.983211 0.177679
vn 0.041541 -0.983211 0.177679
vn 0.041541 -0.983211 0.177679
vn 0.041541 -0.983211 0.177679
vn 0.914917 -0.368809 -0.164035
vn 0.914917 -0.368809 -0.164035
vn 0.914917 -0.368809 -0.164035
vn 0.914917 -0.368809 -0.164035
vn 0.790555 0.489408 -0.368106
vn 0.790555 0.489408 -0.368106
vn 0.790555 0.489408 -0.368106
vn 0.790555 0.489408 -0.368106
vn -0.182049 0.975636 -0.122446
vn -0.182049 0.975636 -0.122446
vn -0.182049 0.975636 -0.122446
vn -0.182049 0.975636 -0.122446
vn -0.329256 -0.136774 -0.934282
vn -0.329256 -0.136774 -0.934282
vn -0.329256 -0.136774 -0.934282
vn -0.329256 -0.136774 -0.934282
vn -0.329256 -0.136774 -0.934282
vn -0.329256 -0.136774 -0.934282
vn 0.335820 0.129807 0.932939
vn 0.335820 0.129807 0.932939
vn 0.335820 0.129807 0.932939
vn 0.335820 0.129807 0.932939
vn 0.335820 0.129807 0.932939
vn 0.335820 0.129807 0.932939
vn 0.898688 0.359677 0.250982
vn 0.898688 0.359677 0.250982
vn 0.898688 0.359677 0.250982
vn 0.898688 0.359677 0.250982
vn 0.832596 -0.407836 0.374771
vn 0.832596 -0.407836 0.374771
vn 0.832596 -0.407836 0.374771
vn 0.832596 -0.407836 0.374771
vn -0.041542 -0.983211 0.177680
vn -0.041542 -0.983211 0.177680
vn -0.041542 -0.983211 0.177680
vn -0.041542 -0.983211 0.177680
vn -0.914917 -0.368809 -0.164035
vn -0.914916 -0.368809 -0.164035
vn -0.914917 -0.368809 -0.164035
vn -0.914917 -0.368809 -0.164035
vn -0.790554 0.489408 -0.368108
vn -0.790554 0.489408 -0.368108
vn -0.790554 0.489408 -0.368108
vn -0.790554 0.489408 -0.368108
vn 0.182050 0.975636 -0.122444
vn 0.182050 0.975636 -0.122444
vn 0.182050 0.975636 -0.122444
vn 0.182050 0.975636 -0.122444
vn 0.329257 -0.136774 -0.934282
vn 0.329257 -0.136774 -0.934282
vn 0.329257 -0.136774 -0.934282
vn 0.329257 -0.136774 -0.934282
vn 0.329257 -0.136774 -0.934282
vn 0.329257 -0.136774 -0.934282
vn -0.335820 0.129807 0.932939
vn -0.335820 0.129807 0.932939
vn -0.335820 0.129807 0.932939
vn -0.335820 0.129807 0.932939
vn -0.335820 0.129807 0.932939
vn -0.335820 0.129807 0.932939
s off
g ears Head_uv
usemtl standardSurface7SG
f 1/1/1 2/2/2 8/3/3 7/4/4
f 2/2/5 3/5/6 9/6/7 8/3/8
f 3/5/9 4/7/10 10/8/11 9/6/12
f 4/7/13 5/40/14 11/10/15 10/8/16
f 5/9/17 6/11/18 12/12/19 11/37/20
f 6/11/21 1/1/22 7/4/23 12/12/24
f 1/1/25 6/38/26 5/39/27 4/41/28 3/43/29 2/2/30
f 7/4/31 8/3/32 9/42/33 10/36/34 11/35/35 12/34/36
f 13/13/37 19/14/38 20/15/39 14/16/40
f 14/16/41 20/15/42 21/28/43 15/18/44
f 15/18/45 21/28/46 22/27/47 16/20/48
f 16/20/49 22/27/50 23/26/51 17/32/52
f 17/22/53 23/33/54 24/25/55 18/24/56
f 18/24/57 24/25/58 19/14/59 13/13/60
f 13/13/61 14/16/62 15/44/63 16/31/64 17/30/65 18/29/66
f 19/14/67 24/23/68 23/21/69 22/19/70 21/17/71 20/15/72
g default
v -1.499091 6.865665 1.707693
v -0.932178 6.585856 1.902041
v 0.000000 6.400536 1.930234
v 0.932178 6.585856 1.902041
v 1.499091 6.865665 1.707693
v -1.740262 7.563904 1.901265
v -0.958559 7.564954 2.456090
v 0.000000 7.595480 2.713650
v 0.958559 7.564954 2.456090
v 1.740262 7.563904 1.901265
v -1.900730 8.378451 1.745634
v -0.994544 8.358500 2.327879
v 0.000000 8.375679 2.536910
v 0.994544 8.358500 2.327879
v 1.900730 8.378451 1.745634
v -1.813857 9.341602 1.881751
v -0.943170 9.363670 2.457348
v 0.000000 9.426614 2.596944
v 0.943170 9.363670 2.457348
v 1.813857 9.341602 1.881751
v -1.615528 10.137130 1.723469
v -0.880555 10.383559 2.130835
v 0.000000 10.534175 2.294174
v 0.880555 10.383559 2.130835
v 1.615528 10.137130 1.723469
v -1.871077 10.552418 1.054888
v -0.966513 11.078369 1.121546
v 0.000000 11.244456 1.155431
v 0.966513 11.078369 1.121546
v 1.871077 10.552418 1.054888
v -2.066983 10.734811 0.045447
v -1.118561 11.314635 0.045172
v 0.000000 11.527437 0.059209
v 1.118561 11.314635 0.045172
v 2.066983 10.734811 0.045447
v -1.866566 10.507270 -0.917276
v -1.081630 11.081299 -1.024209
v 0.000000 11.288415 -1.077148
v 1.081630 11.081299 -1.024209
v 1.866566 10.507270 -0.917276
v -1.590481 10.271017 -1.513083
v -0.983943 10.523012 -1.779517
v 0.000000 10.693517 -1.958940
v 0.983943 10.523012 -1.779517
v 1.590481 10.271017 -1.513083
v -1.821637 9.663872 -1.730929
v -1.028932 9.747485 -2.269627
v 0.000000 9.774691 -2.419741
v 1.028932 9.747485 -2.269627
v 1.821637 9.663872 -1.730929
v -1.955110 8.698868 -1.879533
v -1.025607 8.705704 -2.393046
v 0.000000 8.714678 -2.601954
v 1.025607 8.705704 -2.393046
v 1.955110 8.698868 -1.879533
v -1.799892 7.785513 -1.737969
v -0.999131 7.781828 -2.216367
v 0.000000 7.701734 -2.383823
v 0.999131 7.781828 -2.216367
v 1.799892 7.785513 -1.737969
v -1.550422 7.269918 -1.503071
v -0.930897 7.136677 -1.722772
v 0.000000 6.890609 -1.874174
v 0.930897 7.136677 -1.722772
v 1.550422 7.269918 -1.503071
v -1.811246 7.090848 -0.925469
v -0.961065 6.614335 -0.928243
v 0.000000 6.376656 -0.949484
v 0.961065 6.614335 -0.928243
v 1.811246 7.090848 -0.925469
v -1.934379 6.807604 0.050215
v -0.985586 6.363329 0.046816
v 0.000000 6.178080 0.051105
v 0.985586 6.363253 0.046816
v 1.934379 6.807527 0.050215
v -1.793642 6.779962 1.070370
v -0.963641 6.358532 1.058232
v 0.000000 6.123217 1.049496
v 0.963641 6.358532 1.058232
v 1.793642 6.779962 1.070370
v 2.321173 7.714249 -1.018997
v 2.544694 7.643667 0.042452
v 2.371728 7.592598 0.976414
v 2.501464 8.587933 -1.024316
v 2.684890 8.509250 0.025571
v 2.496467 8.443630 0.934606
v 2.347151 9.623367 -1.003123
v 2.585325 9.485229 0.029167
v 2.397785 9.385880 0.924507
v -2.321173 7.714249 -1.018997
v -2.544694 7.643667 0.042452
v -2.371728 7.592598 0.976414
v -2.501464 8.587933 -1.024316
v -2.684890 8.509250 0.025571
v -2.496467 8.443630 0.934606
v -2.347151 9.623367 -1.003123
v -2.585325 9.485229 0.029167
v -2.397785 9.385880 0.924507
v -0.278740 7.574420 2.472960
v 0.000000 7.452619 2.437507
v 0.278740 7.574420 2.472960
v -0.139370 7.490836 2.473393
v 0.139370 7.490836 2.473393
v 0.111496 8.047911 2.477824
v 0.000000 8.068792 2.556645
v -0.111496 8.047911 2.477824
v 0.195118 7.802086 2.469534
v 0.000000 7.838627 2.609772
v -0.195118 7.802086 2.469534
v 0.167244 7.563554 2.595861
v 0.000000 7.712936 2.652022
v -0.167244 7.563554 2.595861
v 0.000000 7.490956 2.545434
v -0.093999 7.527070 2.557225
v 0.093999 7.527070 2.557225
v -0.980150 8.041081 2.417100
v -1.836543 8.052632 1.807886
v -2.446571 8.103217 0.951329
v -2.628812 8.163017 0.032324
v -2.429348 8.238460 -1.022188
v -1.893023 8.333526 -1.822908
v -1.015017 8.336153 -2.322374
v 0.000000 8.309501 -2.514701
v 1.015017 8.336153 -2.322374
v 1.893023 8.333526 -1.822908
v 2.429348 8.238460 -1.022188
v 2.628812 8.163017 0.032324
v 2.446571 8.103217 0.951329
v 1.836543 8.052632 1.807886
v 0.980150 8.041081 2.417100
v -0.969355 7.803018 2.460789
v -1.788402 7.808268 1.854576
v -2.409149 7.847907 0.963871
v -2.586753 7.903342 0.037388
v -2.375260 7.976354 -1.020593
v -1.846457 8.059520 -1.780439
v -1.007074 8.058990 -2.269371
v 0.000000 8.005617 -2.449262
v 1.007074 8.058990 -2.269371
v 1.846457 8.059520 -1.780439
v 2.375260 7.976354 -1.020593
v 2.586753 7.903342 0.037388
v 2.409149 7.847907 0.963871
v 1.788402 7.808268 1.854576
v 0.969355 7.803018 2.460789
v -0.942730 7.090398 2.261950
v -1.637695 7.144961 1.818873
v -2.097994 7.105016 0.983983
v -2.178505 7.142029 0.047110
v -2.015217 7.340208 -0.962880
v -1.650210 7.476156 -1.597030
v -0.958190 7.394737 -1.920210
v 0.000000 7.215059 -2.078034
v 0.958190 7.394737 -1.920210
v 1.650210 7.476156 -1.597030
v 2.015217 7.340208 -0.962880
v 2.178505 7.141983 0.047110
v 2.097994 7.105016 0.983983
v 1.637695 7.144961 1.818873
v 0.942730 7.090398 2.261950
v 0.000000 6.982794 2.313737
vt 0.597364 0.109709
vt 0.615277 0.096462
vt 0.630966 0.130992
vt 0.598529 0.136110
vt 0.653855 0.129160
vt 0.661523 0.120650
vt 0.669573 0.131856
vt 0.699483 0.124495
vt 0.739722 0.093918
vt 0.756534 0.109052
vt 0.753905 0.134956
vt 0.721271 0.127112
vt 0.631728 0.160089
vt 0.592971 0.163503
vt 0.685954 0.157963
vt 0.758385 0.163671
vt 0.720984 0.158418
vt 0.636887 0.195440
vt 0.600481 0.195241
vt 0.684020 0.200467
vt 0.716485 0.196151
vt 0.750948 0.196695
vt 0.632778 0.232436
vt 0.603486 0.223470
vt 0.690212 0.245590
vt 0.720009 0.234516
vt 0.748130 0.225450
vt 0.607804 0.267816
vt 0.581346 0.241670
vt 0.715889 0.292606
vt 0.743448 0.270584
vt 0.768479 0.244047
vt 0.420992 0.064020
vt 0.393606 0.097083
vt 0.907637 0.039885
vt 0.937215 0.070063
vt 0.798939 0.262201
vt 0.448641 0.091619
vt 0.424575 0.115962
vt 0.877422 0.070562
vt 0.907735 0.095708
vt 0.930074 0.121640
vt 0.468461 0.117925
vt 0.445856 0.127807
vt 0.853741 0.104201
vt 0.886164 0.120594
vt 0.908037 0.132002
vt 0.476811 0.148256
vt 0.444273 0.150597
vt 0.839682 0.142389
vt 0.875759 0.150285
vt 0.908053 0.154844
vt 0.478555 0.183598
vt 0.442989 0.181739
vt 0.834191 0.184920
vt 0.871602 0.185424
vt 0.907203 0.186005
vt 0.473419 0.215089
vt 0.441993 0.211246
vt 0.839400 0.225943
vt 0.874569 0.217190
vt 0.906177 0.215509
vt 0.462986 0.241589
vt 0.441647 0.231753
vt 0.852527 0.261541
vt 0.883161 0.244339
vt 0.905117 0.235988
vt 0.441089 0.267688
vt 0.420194 0.240152
vt 0.875857 0.295016
vt 0.903214 0.271877
vt 0.925939 0.245835
vt 0.558340 0.058526
vt 0.538324 0.095506
vt 0.781598 0.029467
vt 0.800593 0.061064
vt 0.955484 0.267518
vt 0.589820 0.076510
vt 0.572889 0.105102
vt 0.749366 0.046270
vt 0.767224 0.076755
vt 0.781367 0.106215
vt 0.722254 0.066751
vt 0.935936 0.219836
vt 0.972940 0.230260
vt 0.792674 0.138774
vt 0.940969 0.190516
vt 0.978572 0.195610
vt 0.793568 0.169293
vt 0.938793 0.155558
vt 0.977024 0.156244
vt 0.787960 0.202964
vt 0.411998 0.213526
vt 0.526448 0.136154
vt 0.559529 0.137400
vt 0.408984 0.183928
vt 0.524468 0.171340
vt 0.556960 0.167720
vt 0.413551 0.149201
vt 0.530151 0.210032
vt 0.561357 0.201013
vt 0.375368 0.147269
vt 0.549910 0.260100
vt 0.371123 0.186432
vt 0.374369 0.221385
vt 0.389235 0.259752
vt 0.817865 0.214000
vt 0.962271 0.104926
vt 0.825950 0.175206
vt 0.826543 0.139461
vt 0.817836 0.098393
vt 0.928723 0.297943
vt 0.901264 0.322997
vt 0.413853 0.291943
vt 0.774273 0.294645
vt 0.745939 0.323252
vt 0.577255 0.293394
vt 0.690965 0.116839
vt 0.635541 0.071220
vt 0.684197 0.129511
vt 0.610878 0.047861
vt 0.439534 0.318819
vt 0.580435 0.027676
vt 0.466799 0.292644
vt 0.492368 0.260842
vt 0.507903 0.226227
vt 0.515911 0.185656
vt 0.513340 0.142849
vt 0.501921 0.103793
vt 0.480601 0.068615
vt 0.609627 0.320600
vt 0.452562 0.035949
vt 0.636439 0.288310
vt 0.662611 0.243563
vt 0.670161 0.199447
vt 0.667664 0.159339
vt 0.657689 0.124905
vt 0.695224 0.120667
vt 0.691366 0.144576
vt 0.668428 0.148346
vt 0.685251 0.146582
vt 0.662141 0.147268
vt 0.695424 0.134536
vt 0.668801 0.140253
vt 0.684788 0.138167
vt 0.657998 0.138214
vt 0.691840 0.127003
vt 0.669287 0.135979
vt 0.684461 0.133779
vt 0.661714 0.130508
vt 0.665548 0.126253
vt 0.687581 0.123175
vt 0.663631 0.128381
vt 0.689710 0.125089
vt 0.631423 0.148450
vt 0.595194 0.152545
vt 0.557988 0.155592
vt 0.372421 0.200413
vt 0.525260 0.157265
vt 0.410190 0.195767
vt 0.442590 0.193542
vt 0.476501 0.196194
vt 0.512708 0.201884
vt 0.836275 0.201329
vt 0.872789 0.198130
vt 0.906793 0.197807
vt 0.938956 0.202244
vt 0.826187 0.160908
vt 0.976319 0.209470
vt 0.793210 0.157085
vt 0.756593 0.152185
vt 0.721099 0.145896
vt 0.631194 0.139721
vt 0.596861 0.144328
vt 0.558758 0.146496
vt 0.373395 0.210899
vt 0.525854 0.146710
vt 0.411094 0.204646
vt 0.442292 0.202394
vt 0.474960 0.205642
vt 0.510306 0.214056
vt 0.837837 0.213636
vt 0.873679 0.207660
vt 0.906485 0.206658
vt 0.937446 0.211040
vt 0.826365 0.150184
vt 0.974630 0.219865
vt 0.792942 0.147930
vt 0.755249 0.143570
vt 0.721185 0.136504
vt 0.621552 0.110274
vt 0.597830 0.120269
vt 0.567545 0.118021
vt 0.383288 0.244405
vt 0.533574 0.111765
vt 0.416916 0.229501
vt 0.441785 0.223550
vt 0.467159 0.230989
vt 0.498582 0.246996
vt 0.847276 0.247302
vt 0.879724 0.233479
vt 0.905541 0.227796
vt 0.929938 0.235436
vt 0.821319 0.114820
vt 0.962467 0.252614
vt 0.785890 0.119239
vt 0.755482 0.119413
vt 0.732695 0.106735
vt 0.645934 0.090992
vt 0.709738 0.086786
vn -0.491255 -0.515458 0.702120
vn -0.237230 -0.556342 0.796370
vn -0.270217 -0.445939 0.853300
vn -0.524151 -0.392772 0.755642
vn 0.000000 -0.312009 0.950079
vn -0.641716 -0.055203 0.764953
vn -0.259912 -0.853667 0.451329
vn 0.000000 -0.889208 0.457503
vn 0.259912 -0.853667 0.451329
vn 0.641716 -0.055203 0.764953
vn 0.237230 -0.556342 0.796370
vn 0.491255 -0.515458 0.702120
vn 0.524151 -0.392772 0.755642
vn 0.270217 -0.445939 0.853300
vn -0.566013 -0.187266 0.802846
vn -0.311181 -0.231777 0.921654
vn -0.357395 0.042446 0.932988
vn -0.586205 0.047207 0.808787
vn 0.000000 0.369124 0.929380
vn 0.311181 -0.231777 0.921654
vn 0.566013 -0.187266 0.802845
vn 0.586205 0.047208 0.808787
vn 0.357395 0.042446 0.932988
vn -0.548512 -0.028969 0.835641
vn -0.383507 -0.036054 0.922834
vn -0.360185 0.094746 0.928057
vn -0.549275 0.078306 0.831965
vn 0.000000 -0.058354 0.998296
vn -0.000000 0.109744 0.993960
vn 0.383507 -0.036054 0.922834
vn 0.360185 0.094746 0.928057
vn 0.548512 -0.028969 0.835641
vn 0.549275 0.078306 0.831965
vn -0.337496 0.290806 0.895281
vn -0.534530 0.288925 0.794229
vn -0.000000 0.288859 0.957372
vn 0.337496 0.290806 0.895281
vn 0.534530 0.288925 0.794229
vn -0.480755 0.683087 0.549789
vn -0.306934 0.775776 0.551329
vn -0.331116 0.857209 0.394404
vn -0.500372 0.777659 0.380624
vn -0.000000 0.833140 0.553061
vn -0.000000 0.915486 0.402350
vn 0.306934 0.775776 0.551329
vn 0.331116 0.857209 0.394404
vn 0.480754 0.683087 0.549789
vn 0.500372 0.777659 0.380624
vn -0.363476 0.931567 0.008206
vn -0.541721 0.840514 0.008645
vn -0.000000 0.999947 0.010329
vn 0.363476 0.931567 0.008206
vn 0.541721 0.840514 0.008645
vn -0.353214 0.858014 -0.372897
vn -0.549176 0.761972 -0.343228
vn 0.000000 0.922450 -0.386117
vn 0.353214 0.858014 -0.372897
vn 0.549176 0.761972 -0.343228
vn -0.322937 0.758037 -0.566649
vn -0.532989 0.656654 -0.533599
vn 0.000000 0.811477 -0.584385
vn 0.322937 0.758037 -0.566649
vn 0.532989 0.656654 -0.533599
vn -0.522301 0.468984 -0.712219
vn -0.312071 0.486427 -0.816089
vn -0.337126 0.296078 -0.893691
vn -0.528808 0.261500 -0.807453
vn 0.000000 0.493265 -0.869879
vn 0.000000 0.311973 -0.950091
vn 0.312071 0.486427 -0.816089
vn 0.337126 0.296078 -0.893691
vn 0.522301 0.468984 -0.712219
vn 0.528808 0.261500 -0.807453
vn -0.343102 0.053168 -0.937792
vn -0.515821 0.054669 -0.854950
vn -0.000000 0.051947 -0.998650
vn 0.343102 0.053168 -0.937792
vn 0.515821 0.054669 -0.854950
vn -0.493490 -0.195602 -0.847471
vn -0.334457 -0.200033 -0.920937
vn -0.312540 -0.420421 -0.851801
vn -0.463434 -0.400150 -0.790638
vn -0.000000 -0.202173 -0.979350
vn -0.000000 -0.448345 -0.893860
vn 0.334457 -0.200033 -0.920937
vn 0.312540 -0.420421 -0.851801
vn 0.493490 -0.195602 -0.847471
vn 0.463434 -0.400150 -0.790638
vn -0.409555 -0.562745 -0.718041
vn -0.297496 -0.563755 -0.770504
vn -0.302167 -0.560440 -0.771105
vn -0.392994 -0.563579 -0.726591
vn -0.000000 -0.574711 -0.818357
vn 0.000000 -0.575664 -0.817686
vn 0.297496 -0.563755 -0.770504
vn 0.302167 -0.560440 -0.771105
vn 0.409554 -0.562745 -0.718041
vn 0.392994 -0.563579 -0.726591
vn -0.396913 -0.780423 -0.483115
vn -0.307354 -0.811684 -0.496691
vn -0.323251 -0.876154 -0.357579
vn -0.427382 -0.835556 -0.345241
vn -0.000000 -0.854375 -0.519657
vn -0.000010 -0.929817 -0.368021
vn 0.307354 -0.811684 -0.496691
vn 0.323239 -0.876147 -0.357606
vn 0.396913 -0.780423 -0.483115
vn 0.427375 -0.835543 -0.345281
vn -0.328548 -0.936237 -0.124566
vn -0.443314 -0.886452 -0.132946
vn -0.000019 -0.992145 -0.125095
vn 0.328529 -0.936243 -0.124566
vn 0.443314 -0.886452 -0.132949
vn -0.322209 -0.939413 0.116976
vn -0.447556 -0.888571 0.100676
vn -0.000011 -0.993325 0.115346
vn 0.322199 -0.939413 0.117007
vn 0.447554 -0.888566 0.100725
vn -0.305548 -0.909808 0.280873
vn -0.459633 -0.843034 0.279340
vn 0.000000 -0.958686 0.284468
vn 0.305548 -0.909808 0.280873
vn 0.459633 -0.843034 0.279340
vn 0.732289 -0.597161 -0.327339
vn 0.654627 -0.577211 -0.488150
vn 0.645382 -0.575215 -0.502603
vn 0.728955 -0.598637 -0.332052
vn 0.775922 -0.626591 -0.073002
vn 0.798014 -0.597691 -0.077065
vn 0.759257 -0.597837 0.257138
vn 0.811454 -0.525020 0.256702
vn 0.724376 -0.548085 0.418188
vn 0.770403 -0.432198 0.468705
vn 0.815968 -0.454412 -0.357359
vn 0.724941 -0.410000 -0.553498
vn 0.794952 -0.196428 -0.573993
vn 0.902188 -0.191641 -0.386433
vn 0.889767 -0.452349 -0.060792
vn 0.985606 -0.166530 -0.029110
vn 0.878439 -0.360674 0.313463
vn 0.913654 -0.109330 0.391513
vn 0.807250 -0.280498 0.519296
vn 0.820231 -0.073201 0.567330
vn 0.931918 0.055123 -0.358456
vn 0.830519 0.076010 -0.551779
vn 0.795818 0.283157 -0.535253
vn 0.892362 0.290639 -0.345281
vn 0.999123 0.041605 -0.004718
vn 0.961202 0.275648 0.010437
vn 0.915959 0.024364 0.400532
vn 0.901643 0.222250 0.371006
vn 0.825700 0.012738 0.563966
vn 0.826361 0.176365 0.534811
vn 0.731333 0.452949 -0.509892
vn 0.846010 0.436926 -0.305552
vn 0.912975 0.407229 0.025318
vn 0.870911 0.350568 0.344407
vn 0.808009 0.305743 0.503630
vn -0.654627 -0.577211 -0.488150
vn -0.732284 -0.597179 -0.327320
vn -0.728947 -0.598651 -0.332043
vn -0.645382 -0.575215 -0.502603
vn -0.775905 -0.626611 -0.073012
vn -0.798000 -0.597710 -0.077067
vn -0.759252 -0.597849 0.257126
vn -0.811449 -0.525033 0.256691
vn -0.724376 -0.548086 0.418188
vn -0.770403 -0.432198 0.468705
vn -0.724941 -0.410000 -0.553498
vn -0.815965 -0.454419 -0.357356
vn -0.902188 -0.191641 -0.386433
vn -0.794952 -0.196427 -0.573993
vn -0.889762 -0.452359 -0.060792
vn -0.985607 -0.166530 -0.029110
vn -0.878437 -0.360680 0.313461
vn -0.913655 -0.109330 0.391513
vn -0.807250 -0.280498 0.519296
vn -0.820231 -0.073201 0.567330
vn -0.830519 0.076010 -0.551779
vn -0.931918 0.055123 -0.358456
vn -0.892362 0.290639 -0.345281
vn -0.795818 0.283158 -0.535253
vn -0.999123 0.041605 -0.004719
vn -0.961202 0.275648 0.010437
vn -0.915959 0.024364 0.400532
vn -0.901643 0.222251 0.371006
vn -0.825700 0.012738 0.563966
vn -0.826361 0.176365 0.534811
vn -0.846010 0.436926 -0.305552
vn -0.731332 0.452949 -0.509892
vn -0.912975 0.407229 0.025318
vn -0.870911 0.350568 0.344407
vn -0.808009 0.305743 0.503630
vn -0.362668 0.091946 0.927371
vn -0.173594 0.082293 0.981373
vn 0.000000 -0.565403 0.824815
vn 0.000000 -0.476216 0.879328
vn 0.173594 0.082293 0.981373
vn 0.362668 0.091946 0.927371
vn 0.000000 0.168557 0.985692
vn 0.000000 0.292914 0.956139
vn 0.163156 0.099145 0.981606
vn -0.163156 0.099145 0.981606
vn -0.317457 -0.859274 0.401085
vn 0.000000 -0.914357 0.404909
vn 0.317457 -0.859274 0.401085
vn 0.128403 0.017408 0.991569
vn -0.128403 0.017408 0.991569
vn -0.564624 0.110495 0.817919
vn -0.910379 -0.108104 0.399403
vn -0.814179 -0.071109 0.576243
vn -0.985898 -0.166298 -0.018723
vn -0.905731 -0.192229 -0.377755
vn -0.805381 -0.197154 -0.559010
vn -0.334839 -0.199638 -0.920884
vn -0.482776 -0.195607 -0.853619
vn 0.000000 -0.202252 -0.979333
vn 0.334839 -0.199638 -0.920884
vn 0.482776 -0.195607 -0.853619
vn 0.905731 -0.192229 -0.377756
vn 0.805381 -0.197154 -0.559010
vn 0.985898 -0.166298 -0.018723
vn 0.910379 -0.108104 0.399403
vn 0.814179 -0.071109 0.576243
vn 0.564624 0.110495 0.817919
vn 0.054935 -0.339249 0.939091
vn 0.000000 -0.342498 0.939519
vn -0.054935 -0.339249 0.939091
s 1
g Head_uv Head
usemtl standardSurface7SG
f 25/45/73 26/46/74 170/235/75 171/236/76
f 32/51/77 136/194/78 138/197/79 137/195/80
f 139/198/81 134/191/82 32/164/77 137/196/80
f 28/53/83 29/54/84 183/251/85 184/252/86
f 30/48/87 31/47/88 155/217/89 156/218/90
f 135/192/91 136/194/78 32/51/77
f 32/164/77 134/191/82 135/193/91
f 33/56/92 34/55/93 168/233/94 169/234/95
f 35/58/96 36/57/97 41/62/98 40/63/99
f 36/57/97 37/180/100 42/179/101 41/62/98
f 37/59/100 38/61/102 43/65/103 42/64/101
f 38/61/102 39/60/104 44/66/105 43/65/103
f 40/63/99 41/62/98 46/67/106 45/68/107
f 41/62/98 42/179/101 47/178/108 46/67/106
f 42/64/101 43/65/103 48/70/109 47/69/108
f 43/65/103 44/66/105 49/71/110 48/70/109
s 5
f 45/68/111 46/67/112 51/72/113 50/73/114
f 46/67/112 47/178/115 52/177/116 51/72/113
f 47/69/115 48/70/117 53/75/118 52/74/116
f 48/70/117 49/71/119 54/76/120 53/75/118
f 50/73/114 51/72/113 56/161/121 55/147/122
f 51/72/113 52/177/116 57/175/123 56/161/121
f 52/74/116 53/75/118 58/159/124 57/160/123
f 53/75/118 54/76/120 59/81/125 58/159/124
f 55/78/122 56/77/121 61/82/126 60/83/127
f 56/77/121 57/176/123 62/174/128 61/82/126
f 57/79/123 58/80/124 63/85/129 62/84/128
f 58/80/124 59/152/125 64/86/130 63/85/129
f 60/83/127 61/82/126 66/87/131 65/88/132
f 61/82/126 62/174/128 67/173/133 66/87/131
f 62/84/128 63/85/129 68/90/134 67/89/133
f 63/85/129 64/86/130 69/91/135 68/90/134
s 6
f 65/88/136 66/87/137 71/92/138 70/93/139
f 66/87/137 67/173/140 72/172/141 71/92/138
f 67/89/140 68/90/142 73/95/143 72/94/141
f 68/90/142 69/91/144 74/96/145 73/95/143
f 70/93/139 71/92/138 76/97/146 75/98/147
f 71/92/138 72/172/141 77/171/148 76/97/146
f 72/94/141 73/95/143 78/100/149 77/99/148
f 73/95/143 74/96/145 79/101/150 78/100/149
f 160/223/151 161/224/152 81/102/153 80/103/154
f 161/224/152 162/225/155 82/170/156 81/102/153
f 162/226/155 163/227/157 83/105/158 82/104/156
f 163/227/157 164/228/159 84/106/160 83/105/158
f 175/241/161 176/242/162 86/107/163 85/108/164
f 176/242/162 177/243/165 87/169/166 86/107/163
f 177/244/165 178/245/167 88/110/168 87/109/166
f 178/245/167 179/246/169 89/111/170 88/110/168
s 8
f 85/108/171 86/107/172 91/112/173 90/113/174
f 86/107/172 87/169/175 92/168/176 91/112/173
f 87/109/175 88/110/177 93/115/178 92/114/176
f 88/110/177 89/111/179 94/116/180 93/115/178
f 90/113/174 91/112/173 96/158/181 95/150/182
f 91/112/173 92/168/176 97/166/183 96/158/181
f 92/114/176 93/115/178 98/156/184 97/157/183
f 93/115/178 94/116/180 99/121/185 98/156/184
f 95/118/182 96/117/181 101/122/186 100/123/187
f 96/117/181 97/167/183 102/165/188 101/122/186
f 97/119/183 98/120/184 103/125/189 102/124/188
f 98/120/184 99/155/185 104/126/190 103/125/189
f 100/123/187 101/122/186 26/46/191 25/45/192
f 101/122/186 102/165/188 27/163/193 26/46/191
f 102/124/188 103/125/189 28/53/194 27/127/193
f 103/125/189 104/126/190 29/54/195 28/53/194
s 9
f 94/116/196 89/111/197 179/246/198 180/247/199
f 99/121/200 94/116/196 180/247/199 181/249/201
f 104/126/202 99/155/200 181/248/201 182/250/203
f 29/54/204 104/126/202 182/250/203 183/251/205
f 105/128/206 84/106/207 164/228/208 165/229/209
f 106/129/210 105/128/206 165/229/209 166/231/211
f 107/130/212 106/154/210 166/230/211 167/232/213
f 34/55/214 107/130/212 167/232/213 168/233/215
f 108/131/216 79/101/217 74/96/218 111/134/219
f 109/132/220 108/131/216 111/134/219 112/135/221
f 110/133/222 109/153/220 112/151/221 113/136/223
f 39/60/224 110/133/222 113/136/223 44/66/225
f 111/134/219 74/96/218 69/91/226 64/86/227
f 112/135/221 111/134/219 64/86/227 59/152/228
f 113/136/223 112/151/221 59/81/228 54/76/229
f 44/66/225 113/136/223 54/76/229 49/71/230
s 11
f 85/108/231 90/113/232 174/240/233 175/241/234
f 90/113/232 95/150/235 173/238/236 174/240/233
f 95/118/235 100/123/237 172/237/238 173/239/236
f 100/123/237 25/45/239 171/236/240 172/237/238
f 80/103/241 114/137/242 159/222/243 160/223/244
f 114/137/242 115/149/245 158/220/246 159/222/243
f 115/138/245 116/139/247 157/219/248 158/221/246
f 116/139/247 30/48/249 156/218/250 157/219/248
f 75/98/251 117/140/252 120/143/253 70/93/254
f 117/140/252 118/148/255 121/146/256 120/143/253
f 118/141/255 119/142/257 122/145/258 121/144/256
f 119/142/257 35/58/259 40/63/260 122/145/258
f 70/93/254 120/143/253 60/83/261 65/88/262
f 120/143/253 121/146/256 55/78/263 60/83/261
f 121/144/256 122/145/258 50/73/264 55/147/263
f 122/145/258 40/63/260 45/68/265 50/73/264
s 1
f 140/199/266 130/186/267 37/180/100 36/57/97
f 27/127/268 28/53/83 184/252/86 185/254/269
f 128/183/270 154/216/271 38/61/102 37/59/100
f 26/46/74 27/163/268 185/253/269 170/235/75
f 129/185/272 128/183/270 37/59/100
f 37/180/100 130/186/267 129/184/272
f 132/189/273 131/187/274 128/183/270 129/185/272
f 129/184/272 130/186/267 133/190/275 132/188/273
f 137/195/80 138/197/79 126/181/276 124/50/277
f 124/162/277 127/182/278 139/198/81 137/196/80
f 134/191/82 139/198/81 127/182/278 125/52/279
f 135/193/91 134/191/82 132/189/273
f 132/188/273 136/194/78 135/192/91
f 123/49/280 126/181/276 138/197/79 136/194/78
f 131/187/274 132/189/273 134/191/82 125/52/279
f 136/194/78 132/188/273 133/190/275 123/49/280
f 141/200/281 140/199/266 36/57/97 35/58/96
s 11
f 142/201/282 141/200/283 35/58/259 119/142/257
f 143/203/284 142/201/282 119/142/257 118/141/255
f 144/204/285 143/202/284 118/148/255 117/140/252
f 145/205/286 144/204/285 117/140/252 75/98/251
s 6
f 75/98/147 76/97/146 146/206/287 145/205/288
f 76/97/146 77/171/148 147/207/289 146/206/287
f 77/99/148 78/100/149 148/209/290 147/208/289
f 78/100/149 79/101/150 149/210/291 148/209/290
s 9
f 150/211/292 149/210/293 79/101/217 108/131/216
f 151/213/294 150/211/292 108/131/216 109/132/220
f 152/214/295 151/212/294 109/153/220 110/133/222
f 153/215/296 152/214/295 110/133/222 39/60/224
s 1
f 154/216/271 153/215/297 39/60/104 38/61/102
f 156/218/90 155/217/89 140/199/266 141/200/281
s 11
f 157/219/248 156/218/250 141/200/283 142/201/282
f 158/221/246 157/219/248 142/201/282 143/203/284
f 159/222/243 158/220/246 143/202/284 144/204/285
f 160/223/244 159/222/243 144/204/285 145/205/286
s 6
f 145/205/288 146/206/287 161/224/152 160/223/151
f 146/206/287 147/207/289 162/225/155 161/224/152
f 147/208/289 148/209/290 163/227/157 162/226/155
f 148/209/290 149/210/291 164/228/159 163/227/157
s 9
f 165/229/209 164/228/208 149/210/293 150/211/292
f 166/231/211 165/229/209 150/211/292 151/213/294
f 167/232/213 166/230/211 151/212/294 152/214/295
f 168/233/215 167/232/213 152/214/295 153/215/296
s 1
f 169/234/95 168/233/94 153/215/297 154/216/271
f 123/49/280 133/190/275 155/217/89 31/47/88
f 155/217/89 133/190/275 130/186/267 140/199/266
f 131/187/274 169/234/95 154/216/271 128/183/270
f 125/52/279 33/56/92 169/234/95 131/187/274
f 171/236/76 170/235/75 31/47/88 30/48/87
s 11
f 172/237/238 171/236/240 30/48/249 116/139/247
f 173/239/236 172/237/238 116/139/247 115/138/245
f 174/240/233 173/238/236 115/149/245 114/137/242
f 175/241/234 174/240/233 114/137/242 80/103/241
s 6
f 80/103/154 81/102/153 176/242/162 175/241/161
f 81/102/153 82/170/156 177/243/165 176/242/162
f 82/104/156 83/105/158 178/245/167 177/244/165
f 83/105/158 84/106/160 179/246/169 178/245/167
s 9
f 180/247/199 179/246/198 84/106/207 105/128/206
f 181/249/201 180/247/199 105/128/206 106/129/210
f 182/250/203 181/248/201 106/154/210 107/130/212
f 183/251/205 182/250/203 107/130/212 34/55/214
s 1
f 184/252/86 183/251/85 34/55/93 33/56/92
f 127/182/298 33/56/92 125/52/279
f 170/235/75 185/253/269 124/50/299 126/181/300 31/47/88
f 31/47/88 126/181/300 123/49/280
f 185/254/269 184/252/86 33/56/92 127/182/298 124/162/299
g default
v 1.114932 9.336002 2.531571
v -1.899932 9.399459 2.009763
v -0.952881 10.495733 2.288234
v -1.740356 10.231180 1.850355
v 0.000000 10.658118 2.466402
v 0.952881 10.495733 2.288234
v 1.899932 9.399459 2.009763
v 1.740356 10.231180 1.850355
v -1.038089 11.246904 1.201749
v -2.015665 10.675020 1.133736
v 0.000000 11.426773 1.236806
v 1.038089 11.246904 1.201749
v 2.015665 10.675020 1.133736
v -1.198730 11.502411 0.044891
v -2.224883 10.873768 0.044133
v 0.000000 11.730165 0.059828
v 1.198730 11.502411 0.044891
v 2.224883 10.873768 0.044133
v -1.161077 11.249236 -1.106639
v -2.007376 10.630075 -0.994339
v -0.000000 11.472601 -1.163187
v 1.161076 11.249236 -1.106638
v 2.007376 10.630075 -0.994339
v -1.058809 10.648326 -1.919064
v -1.710755 10.376854 -1.631581
v -0.000000 10.831660 -2.111011
v 1.058809 10.648322 -1.919064
v 1.710755 10.376854 -1.631581
v -1.104389 9.813511 -2.446557
v -1.957744 9.726335 -1.866577
v 0.000000 9.842705 -2.609327
v 1.104389 9.813511 -2.446557
v 1.957744 9.726335 -1.866576
v -1.099606 8.697298 -2.580475
v -2.098719 8.691884 -2.027302
v 0.000000 8.706352 -2.803855
v 1.099606 8.697298 -2.580475
v 2.098719 8.691884 -2.027302
v -1.973761 7.962848 -1.915834
v -1.078996 8.009189 -2.448854
v -1.070047 7.700177 -2.389160
v -1.928929 7.704680 -1.875507
v -0.000000 7.953541 -2.641907
v 0.000000 7.614999 -2.569166
v 1.078996 8.009189 -2.448854
v 1.070047 7.700177 -2.389160
v 1.973761 7.962848 -1.915833
v 1.928929 7.704680 -1.875507
v 2.286933 7.631384 -1.326127
v 2.548246 7.894822 -1.122683
v 2.687649 8.732363 -1.105862
v 2.535938 9.607050 -1.084102
v 2.887177 8.753365 -0.130059
v 2.780617 9.536103 -0.091785
v 2.542196 9.506398 0.952190
v -2.286933 7.631384 -1.326127
v -2.548246 7.894822 -1.122683
v -2.687649 8.732363 -1.105862
v -2.535939 9.607050 -1.084102
v -2.887177 8.753365 -0.130059
v -2.780617 9.536103 -0.091785
v -2.542196 9.506398 0.952190
v -2.621972 8.286581 -1.106192
v -2.030924 8.294914 -1.967045
v -1.086892 8.296730 -2.503817
v -0.000000 8.268743 -2.709891
v 1.086892 8.296730 -2.503817
v 2.030924 8.294914 -1.967045
v 2.621971 8.286581 -1.106192
v -1.023607 7.281201 -2.069239
v -1.766583 7.369730 -1.722568
v -0.000000 7.072097 -2.132546
v 1.023607 7.281201 -2.069238
v 1.766583 7.369730 -1.722568
v 1.069998 8.884203 2.666245
v -1.935535 8.815951 2.027841
v -1.007097 8.437748 2.618343
v 1.935535 8.815951 2.027840
v 2.090880 8.443841 1.821036
v 2.494932 8.698942 1.103332
v -2.579220 8.829410 0.944038
v 2.816615 8.257023 -0.538036
v -2.816614 8.257023 -0.538036
v 1.007097 8.437748 2.618343
v 1.661077 8.482610 2.136962
v -1.661077 8.482610 2.136962
v -2.494932 8.698943 1.103332
v 2.579220 8.829410 0.944038
v -2.090880 8.443841 1.821036
v -1.716587 8.400896 2.127269
v 1.716587 8.400896 2.127268
v -2.755287 8.415488 0.181545
v -2.585142 8.607442 0.942068
v -2.498270 8.308560 1.095509
v 2.585142 8.607442 0.942068
v 2.755287 8.415488 0.181545
v 2.498270 8.308560 1.095509
v 2.127478 7.399483 -1.323295
v -2.127478 7.399483 -1.323295
v -1.114931 9.336002 2.531571
v -1.078325 8.924246 2.684580
v 0.002917 9.241955 2.731425
v -1.114931 9.336002 2.655683
v 0.002917 9.241955 2.819301
v 1.114932 9.336002 2.655683
v -0.385722 9.747126 2.717664
v 0.389141 9.747126 2.717664
v -1.114931 9.336002 2.816065
v -0.415461 9.794689 2.908845
v 1.114932 9.336002 2.816065
v 0.415461 9.794689 2.908845
v -1.042650 8.725165 2.854842
v -0.433769 8.398033 2.806470
v 1.042650 8.725165 2.854842
v 0.433769 8.398033 2.806470
v -0.444222 9.280489 2.752905
v -0.444222 9.280489 2.643637
v -0.381152 10.593164 2.395134
v -0.415236 11.354825 1.222783
v -0.479492 11.639066 0.053853
v -0.464431 11.383256 -1.140568
v -0.423523 10.758328 -2.034234
v -0.441755 9.831028 -2.544219
v -0.439842 8.702730 -2.714503
v -0.434757 8.279940 -2.627462
v -0.431598 7.975801 -2.564686
v -0.428019 7.649075 -2.497164
v -0.409443 7.155740 -2.107223
v 0.447723 9.280489 2.752905
v 0.447723 9.280489 2.643637
v 0.381153 10.593164 2.395134
v 0.415236 11.354825 1.222783
v 0.479492 11.639066 0.053853
v 0.464431 11.383256 -1.140568
v 0.423524 10.758328 -2.034234
v 0.441755 9.831028 -2.544219
v 0.439842 8.702730 -2.714503
v 0.434757 8.279940 -2.627462
v 0.431598 7.975801 -2.564686
v 0.428019 7.649075 -2.497164
v 0.409443 7.155740 -2.107223
v -1.133987 8.978576 2.845748
v -0.535676 9.171242 2.985661
v 1.133987 8.978576 2.845748
v 0.535676 9.171242 2.985661
v -0.516403 8.810536 2.966589
v 0.516403 8.810536 2.966589
v 0.933831 8.457250 2.481995
v 1.022096 8.909742 2.497518
v -0.933831 8.457250 2.481995
v -1.030714 8.951184 2.516493
v -1.047471 8.732967 2.707068
v 1.039144 8.692924 2.688733
v 0.416824 9.680268 2.832954
v 0.002917 9.207224 2.949168
v -0.416824 9.680268 2.832954
v -0.519049 9.169615 2.901234
v 0.519049 9.169615 2.901234
v -0.500653 8.810536 2.847009
v 0.500653 8.810536 2.847009
v -0.433769 8.398033 2.700574
v 0.433769 8.398033 2.700574
v 2.189339 7.688414 -1.301392
v 2.452978 7.929766 -1.082531
v -2.189339 7.688414 -1.301391
v -2.452977 7.929766 -1.082531
v -2.507448 8.319117 -1.096950
v 2.507447 8.319117 -1.096950
v -1.676195 7.441978 -1.705037
v -0.942222 7.357067 -2.047056
v -0.317951 7.228830 -2.082855
v -0.000000 7.142724 -2.107408
v 0.317951 7.228830 -2.082855
v 0.942222 7.357067 -2.047056
v 1.676195 7.441978 -1.705037
v 2.382410 8.718376 1.047451
v 1.974716 8.472365 1.778394
v 2.768001 8.802493 -0.152827
v 2.699627 8.272871 -0.531405
v -2.699627 8.272871 -0.531405
v -2.768001 8.802493 -0.152827
v 1.577541 8.553023 2.035389
v 1.841583 8.897714 1.972066
v -1.841357 8.899102 1.972603
v -1.577150 8.555770 2.036534
v -2.458365 8.871542 0.903818
v -2.382411 8.718380 1.047451
v -1.974716 8.472365 1.778394
v 2.458365 8.871542 0.903818
v -1.634603 8.450472 2.024606
v 1.634603 8.450472 2.024606
v -2.636447 8.456737 0.124869
v -2.456423 8.659834 0.929547
v -2.365306 8.351591 1.092962
v 2.456423 8.659834 0.929547
v 2.636447 8.456737 0.124869
v 2.365306 8.351591 1.092962
v 2.033311 7.467984 -1.303439
v -2.033311 7.467984 -1.303438
v -0.640143 9.199118 2.757972
v 0.640144 9.199118 2.757972
v 0.002917 9.112810 2.866685
v -0.621618 9.204768 2.585252
v 0.613001 9.163325 2.566276
v 0.001995 9.092733 2.648232
v 0.971536 9.654493 2.199620
v -0.971536 9.654493 2.199620
v 1.956596 8.747458 -1.703484
v 2.234412 8.932813 -1.432955
v -1.956596 8.747458 -1.703484
v -2.234412 8.932813 -1.432955
v -2.479619 9.123998 -1.150441
v 2.479619 9.123998 -1.150441
v -1.204234 8.459925 -2.142354
v -0.764577 8.372059 -2.268677
v -0.318483 8.296836 -2.372748
v 0.000000 8.254709 -2.429383
v 0.318483 8.296836 -2.372748
v 0.764577 8.372059 -2.268677
v 1.204234 8.459925 -2.142354
v 2.072948 9.770803 1.218979
v 1.787036 9.739213 1.525274
v 2.638256 9.504646 -0.438806
v 2.576509 9.317916 -0.800663
v -2.576509 9.317916 -0.800663
v -2.638256 9.504646 -0.438806
v 1.437165 9.697445 1.849042
v -1.437165 9.697445 1.849042
v -2.314306 9.782646 0.933339
v -2.072948 9.770803 1.218979
v -1.787036 9.739213 1.525274
v 2.314306 9.782646 0.933339
v -2.650318 9.643386 -0.057519
v -2.486947 9.752837 0.665280
v -2.592000 9.708891 0.333698
v 2.486947 9.752837 0.665280
v 2.650318 9.643386 -0.057519
v 2.592000 9.708891 0.333698
v 1.605652 8.589678 -1.941886
v -1.605652 8.589678 -1.941886
v -0.452311 9.674681 2.430729
v 0.452311 9.674681 2.430729
v 0.000000 9.664300 2.529490
vt 0.424762 0.843820
vt 0.058748 0.741480
vt 0.113348 0.838073
vt 0.081286 0.839377
vt 0.187700 0.797714
vt 0.219557 0.808974
vt 0.277487 0.748234
vt 0.178764 0.837918
vt 0.207211 0.635773
vt 0.390013 0.886733
vt 0.133039 0.838616
vt 0.182852 0.637871
vt 0.146059 0.838994
vt 0.159075 0.838555
vt 0.150016 0.638202
vt 0.166435 0.638201
vt 0.306708 0.760315
vt 0.125619 0.636597
vt 0.208694 0.593931
vt 0.350097 0.892012
vt 0.183128 0.596411
vt 0.148903 0.596757
vt 0.166021 0.597148
vt 0.346740 0.764619
vt 0.123292 0.594793
vt 0.205971 0.553324
vt 0.311368 0.887094
vt 0.181774 0.555268
vt 0.149425 0.555595
vt 0.165607 0.556155
vt 0.385338 0.758759
vt 0.125194 0.554139
vt 0.202869 0.519077
vt 0.230412 0.518457
vt 0.180160 0.519471
vt 0.150317 0.519773
vt 0.165239 0.519740
vt 0.411664 0.753437
vt 0.127604 0.519837
vt 0.203277 0.485634
vt 0.277500 0.857051
vt 0.180292 0.484716
vt 0.149483 0.485027
vt 0.164883 0.484391
vt 0.418464 0.727899
vt 0.126521 0.486409
vt 0.203522 0.446900
vt 0.242807 0.448467
vt 0.180017 0.446361
vt 0.148983 0.446675
vt 0.164500 0.446496
vt 0.425528 0.690575
vt 0.125495 0.447687
vt 0.267214 0.793549
vt 0.203349 0.422601
vt 0.203090 0.411616
vt 0.238392 0.410284
vt 0.179927 0.421036
vt 0.179748 0.409471
vt 0.164241 0.420798
vt 0.148562 0.421353
vt 0.148507 0.409786
vt 0.164123 0.409121
vt 0.125176 0.423390
vt 0.088616 0.421609
vt 0.427840 0.654842
vt 0.125214 0.412402
vt 0.055690 0.377121
vt 0.055675 0.391175
vt 0.387195 0.687485
vt 0.385931 0.718295
vt 0.055178 0.446777
vt 0.350874 0.713858
vt 0.314056 0.715721
vt 0.040927 0.588572
vt 0.042242 0.574513
vt 0.307775 0.815887
vt 0.309789 0.846656
vt 0.042186 0.518994
vt 0.344727 0.841366
vt 0.381580 0.842331
vt 0.241519 0.432869
vt 0.041292 0.561119
vt 0.203428 0.432813
vt 0.180019 0.431671
vt 0.148684 0.431987
vt 0.164350 0.431593
vt 0.426402 0.676167
vt 0.125304 0.433602
vt 0.054939 0.404528
vt 0.030279 0.641759
vt 0.036977 0.615419
vt 0.025118 0.661974
vt 0.064517 0.301582
vt 0.063707 0.288100
vt 0.058662 0.350166
vt 0.062660 0.322737
vt 0.035196 0.342355
vt 0.034277 0.326023
vt 0.036370 0.383304
vt 0.036934 0.368530
vt 0.160312 0.718125
vt 0.056370 0.580925
vt 0.057617 0.549262
vt 0.051715 0.521417
vt 0.050663 0.514136
vt 0.040942 0.451189
vt 0.057207 0.424859
vt 0.042671 0.540915
vt 0.051324 0.621038
vt 0.057664 0.595996
vt 0.042067 0.443734
vt 0.042252 0.414519
vt 0.040386 0.398838
vt 0.057720 0.564963
vt 0.042472 0.502880
vt 0.042640 0.458430
vt 0.041528 0.470274
vt 0.052570 0.507035
vt 0.055086 0.462873
vt 0.052486 0.495244
vt 0.057125 0.367987
vt 0.040669 0.597932
vt 0.129159 0.792659
vt 0.162860 0.792582
vt 0.146046 0.790122
vt 0.095825 0.752156
vt 0.062914 0.739793
vt 0.198184 0.749918
vt 0.113576 0.749091
vt 0.196685 0.735786
vt 0.097096 0.737970
vt 0.068920 0.737627
vt 0.095969 0.733906
vt 0.230734 0.737088
vt 0.197683 0.731745
vt 0.224678 0.734961
vt 0.063521 0.725685
vt 0.086499 0.719683
vt 0.231108 0.713737
vt 0.212867 0.706322
vt 0.220788 0.693747
vt 0.062456 0.716410
vt 0.080400 0.708790
vt 0.206858 0.717322
vt 0.229822 0.722923
vt 0.072137 0.696301
vt 0.376465 0.588072
vt 0.392434 0.590385
vt 0.029635 0.343037
vt 0.284857 0.593077
vt 0.134850 0.713975
vt 0.236417 0.710770
vt 0.117582 0.745965
vt 0.195216 0.731047
vt 0.098429 0.733122
vt 0.108150 0.717105
vt 0.185177 0.715252
vt 0.115639 0.706224
vt 0.177455 0.704538
vt 0.071217 0.692823
vt 0.170010 0.690272
vt 0.382508 0.428719
vt 0.387159 0.414816
vt 0.269668 0.420104
vt 0.275108 0.433025
vt 0.287150 0.439847
vt 0.369678 0.433696
vt 0.271245 0.366822
vt 0.267402 0.394742
vt 0.270758 0.344657
vt 0.384788 0.339553
vt 0.385540 0.328023
vt 0.388983 0.390013
vt 0.384553 0.361879
vt 0.389590 0.542836
vt 0.375722 0.515655
vt 0.363635 0.471449
vt 0.377422 0.453168
vt 0.280556 0.458023
vt 0.293827 0.475428
vt 0.389264 0.562958
vt 0.376788 0.554019
vt 0.282594 0.559915
vt 0.269899 0.567778
vt 0.289357 0.520926
vt 0.282137 0.521573
vt 0.270047 0.547464
vt 0.369459 0.510987
vt 0.265689 0.561878
vt 0.393882 0.556903
vt 0.280721 0.484403
vt 0.282918 0.516498
vt 0.269617 0.512875
vt 0.376899 0.510427
vt 0.377754 0.479352
vt 0.389291 0.512775
vt 0.393886 0.408183
vt 0.263584 0.412908
vt 0.031027 0.309329
vt 0.058305 0.651554
vt 0.025715 0.288125
vt 0.295008 0.606534
vt 0.366173 0.601611
vt 0.295992 0.628388
vt 0.344695 0.425572
vt 0.346916 0.410702
vt 0.309959 0.414877
vt 0.312466 0.429342
vt 0.315349 0.443983
vt 0.342169 0.440048
vt 0.308364 0.366648
vt 0.307719 0.382984
vt 0.308963 0.350368
vt 0.346637 0.346105
vt 0.345607 0.334741
vt 0.348439 0.378586
vt 0.347687 0.362309
vt 0.344127 0.547118
vt 0.340866 0.532786
vt 0.336907 0.468363
vt 0.339442 0.454182
vt 0.317884 0.458290
vt 0.320936 0.472443
vt 0.312761 0.567858
vt 0.311614 0.588244
vt 0.320380 0.523641
vt 0.318280 0.537059
vt 0.314998 0.551136
vt 0.338439 0.519926
vt 0.322222 0.486589
vt 0.320981 0.512007
vt 0.321157 0.499392
vt 0.337585 0.508757
vt 0.335875 0.482525
vt 0.336773 0.496520
vt 0.348211 0.394922
vt 0.308430 0.399227
vt 0.313584 0.608029
vt 0.346961 0.603831
vt 0.348647 0.584010
vt 0.315831 0.623994
vt 0.346652 0.563665
vt 0.121819 0.744205
vt 0.113522 0.721438
vt 0.179902 0.719695
vt 0.188010 0.781151
vt 0.057016 0.724331
vt 0.199250 0.753649
vt 0.234962 0.738644
vt 0.094831 0.755909
vt 0.180769 0.750487
vt 0.104215 0.797917
vt 0.172143 0.742414
vt 0.064514 0.672016
vt 0.176412 0.744090
vt 0.180476 0.747145
vt 0.113345 0.752436
vt 0.157809 0.711492
vt 0.221550 0.690270
vt 0.057371 0.715031
vt 0.122592 0.691702
vt 0.209841 0.702898
vt 0.083330 0.705266
vt 0.203843 0.716186
vt 0.089494 0.718475
vt 0.237351 0.720189
vt 0.132505 0.720669
vt 0.223660 0.741526
vt 0.070058 0.744175
vt 0.225546 0.745625
vt 0.068255 0.748313
vt 0.161766 0.886854
vt 0.184880 0.883377
vt 0.130579 0.886929
vt 0.146176 0.888322
vt 0.100171 0.765568
vt 0.104322 0.782500
vt 0.191416 0.765583
vt 0.053990 0.635255
vt 0.072982 0.774980
vt 0.066510 0.789402
vt 0.225364 0.789017
vt 0.218715 0.774675
vt 0.072413 0.809331
vt 0.270924 0.718261
vt 0.222991 0.868483
vt 0.210832 0.839065
vt 0.107450 0.883562
vt 0.418930 0.873943
vt 0.069267 0.868852
vt 0.288932 0.778679
vt 0.284626 0.769779
vt 0.265653 0.770100
vt 0.428188 0.640686
vt 0.409213 0.640827
vt 0.405126 0.649830
vt 0.339158 0.675225
vt 0.305237 0.673869
vt 0.311998 0.684038
vt 0.352031 0.686260
vt 0.312375 0.691852
vt 0.382865 0.810608
vt 0.389376 0.800277
vt 0.355498 0.802459
vt 0.382679 0.818429
vt 0.342899 0.813805
vt 0.275406 0.683497
vt 0.258333 0.684129
vt 0.268239 0.697786
vt 0.426947 0.823285
vt 0.436517 0.809391
vt 0.419433 0.809175
vt 0.305439 0.688222
vt 0.389524 0.814631
vt 0.326432 0.797467
vt 0.304957 0.800498
vt 0.389636 0.672033
vt 0.368095 0.669526
vt 0.089892 0.411783
vt 0.266346 0.784244
vt 0.392992 0.658463
vt 0.087221 0.434427
vt 0.427199 0.664165
vt 0.268303 0.805527
vt 0.239866 0.420082
vt 0.301272 0.787014
vt 0.086249 0.450048
vt 0.269529 0.819910
vt 0.090601 0.491026
vt 0.239283 0.489525
vt 0.100054 0.519773
vt 0.284920 0.882415
vt 0.088826 0.548226
vt 0.242213 0.546677
vt 0.082076 0.589862
vt 0.249801 0.588168
vt 0.083725 0.632020
vt 0.249004 0.630351
vt 0.147570 0.387847
vt 0.123576 0.393829
vt 0.180243 0.387517
vt 0.163883 0.385419
vt 0.093236 0.397538
vt 0.204352 0.393013
vt 0.234761 0.396109
vt 0.060507 0.299938
vt 0.058834 0.321248
vt 0.020841 0.662363
vt 0.061130 0.288276
vt 0.036775 0.588594
vt 0.036422 0.597781
vt 0.032738 0.615426
vt 0.054716 0.348674
vt 0.052948 0.367185
vt 0.051573 0.376490
vt 0.050209 0.462019
vt 0.047492 0.495431
vt 0.047597 0.507471
vt 0.050483 0.446425
vt 0.045922 0.514481
vt 0.037721 0.457778
vt 0.036559 0.469680
vt 0.037549 0.503549
vt 0.036240 0.450782
vt 0.037494 0.519136
vt 0.047193 0.521975
vt 0.037527 0.443381
vt 0.038411 0.541105
vt 0.036997 0.561270
vt 0.050644 0.404491
vt 0.052984 0.424613
vt 0.026162 0.641705
vt 0.051747 0.391069
vt 0.038322 0.574463
vt 0.057077 0.673384
vt 0.345292 0.619943
vt 0.018557 0.290473
vt 0.365434 0.623303
vt 0.025025 0.310834
vt 0.051394 0.653099
vt 0.047827 0.636664
vt 0.027975 0.326654
vt 0.053210 0.550545
vt 0.052634 0.564918
vt 0.051457 0.581172
vt 0.031480 0.383574
vt 0.035405 0.399621
vt 0.037726 0.413916
vt 0.031566 0.368954
vt 0.267185 0.595020
vt 0.052329 0.595386
vt 0.045781 0.620946
vt 0.018510 0.673828
vt 0.270196 0.332973
vt 0.309864 0.338842
vt 0.021010 0.674657
vn -0.527524 0.249433 0.812097
vn -0.527524 0.249433 0.812097
vn -0.527524 0.249433 0.812097
vn -0.527524 0.249433 0.812097
vn 0.527524 0.249433 0.812097
vn 0.527524 0.249433 0.812097
vn 0.527524 0.249433 0.812097
vn 0.527524 0.249433 0.812097
vn -0.481202 0.683332 0.549092
vn -0.344787 0.755139 0.557573
vn -0.372898 0.839770 0.394631
vn -0.501200 0.777277 0.380315
vn -0.198424 0.816501 0.542176
vn -0.191622 0.896476 0.399516
vn 0.000000 0.842070 0.539369
vn 0.198424 0.816501 0.542176
vn 0.191622 0.896475 0.399516
vn -0.000000 0.917145 0.398554
vn 0.344787 0.755138 0.557573
vn 0.481202 0.683332 0.549092
vn 0.501200 0.777277 0.380315
vn 0.372898 0.839770 0.394631
vn -0.410302 0.911895 0.009971
vn -0.542304 0.840132 0.009186
vn -0.188130 0.982100 0.009336
vn 0.188130 0.982100 0.009336
vn 0.000000 0.999923 0.012380
vn 0.542304 0.840132 0.009186
vn 0.410302 0.911895 0.009970
vn -0.400449 0.837540 -0.371708
vn -0.549141 0.762188 -0.342802
vn -0.201290 0.901951 -0.382056
vn 0.201291 0.901950 -0.382057
vn 0.000000 0.925543 -0.378642
vn 0.549140 0.762189 -0.342802
vn 0.400449 0.837540 -0.371709
vn -0.365486 0.737159 -0.568345
vn -0.532816 0.656802 -0.533590
vn -0.209347 0.793713 -0.571134
vn 0.209348 0.793712 -0.571135
vn -0.000000 0.821845 -0.569711
vn 0.532815 0.656802 -0.533592
vn 0.365487 0.737158 -0.568346
vn -0.522245 0.468624 -0.712497
vn -0.356776 0.494538 -0.792555
vn -0.383797 0.292215 -0.875963
vn -0.528878 0.262297 -0.807148
vn -0.187703 0.483986 -0.854708
vn -0.183134 0.309509 -0.933095
vn 0.000000 0.467076 -0.884217
vn 0.187704 0.483986 -0.854708
vn 0.183134 0.309509 -0.933095
vn -0.000000 0.309159 -0.951010
vn 0.356776 0.494538 -0.792555
vn 0.522244 0.468625 -0.712497
vn 0.528878 0.262297 -0.807148
vn 0.383797 0.292215 -0.875963
vn -0.387115 0.050976 -0.920621
vn -0.516062 0.054616 -0.854808
vn -0.180019 0.049842 -0.982400
vn 0.180019 0.049842 -0.982400
vn -0.000000 0.060032 -0.998196
vn 0.516062 0.054616 -0.854808
vn 0.387115 0.050976 -0.920621
vn -0.493742 -0.196599 -0.847094
vn -0.376176 -0.198919 -0.904944
vn -0.336601 -0.434962 -0.835170
vn -0.462786 -0.405400 -0.788340
vn -0.182570 -0.199124 -0.962818
vn -0.181752 -0.477988 -0.859357
vn -0.000000 -0.207365 -0.978264
vn 0.182570 -0.199124 -0.962818
vn 0.181752 -0.477988 -0.859356
vn 0.000000 -0.493262 -0.869881
vn 0.376177 -0.198919 -0.904943
vn 0.493742 -0.196599 -0.847094
vn 0.462786 -0.405400 -0.788340
vn 0.336601 -0.434962 -0.835169
vn 0.775144 -0.277453 -0.567603
vn 0.775144 -0.277453 -0.567603
vn 0.793095 -0.210274 -0.571652
vn 0.796205 -0.196796 -0.572127
vn 0.894820 0.107577 -0.433273
vn 0.829202 0.065347 -0.555116
vn 0.790618 0.301990 -0.532658
vn 0.875509 0.310989 -0.369825
vn 0.964069 0.157964 -0.213583
vn 0.937112 0.344861 -0.053783
vn 0.744416 0.442082 -0.500408
vn 0.841791 0.433875 -0.321156
vn 0.916197 0.399886 0.025964
vn 0.882816 0.334542 0.329724
vn 0.879448 0.330900 0.342165
vn 0.816697 0.274505 0.507595
vn 0.816697 0.274505 0.507595
vn -0.775144 -0.277452 -0.567602
vn -0.775144 -0.277452 -0.567602
vn -0.796205 -0.196797 -0.572126
vn -0.793095 -0.210275 -0.571652
vn -0.829202 0.065347 -0.555116
vn -0.894820 0.107577 -0.433273
vn -0.875509 0.310989 -0.369825
vn -0.790618 0.301990 -0.532659
vn -0.964070 0.157963 -0.213583
vn -0.937112 0.344861 -0.053783
vn -0.841791 0.433875 -0.321156
vn -0.744416 0.442083 -0.500408
vn -0.916197 0.399886 0.025964
vn -0.882816 0.334542 0.329724
vn -0.879448 0.330900 0.342165
vn -0.816697 0.274505 0.507595
vn -0.816697 0.274505 0.507595
vn -0.813830 -0.170472 -0.555535
vn -0.814298 -0.170397 -0.554873
vn -0.376251 -0.198018 -0.905110
vn -0.483263 -0.195959 -0.853263
vn -0.188255 -0.198656 -0.961819
vn 0.188255 -0.198656 -0.961819
vn -0.000000 -0.207182 -0.978302
vn 0.483263 -0.195960 -0.853263
vn 0.376251 -0.198018 -0.905110
vn 0.814298 -0.170396 -0.554873
vn 0.813830 -0.170472 -0.555535
vn -0.301545 -0.591736 -0.747609
vn -0.416166 -0.563058 -0.713983
vn -0.175729 -0.613986 -0.769507
vn 0.175730 -0.613986 -0.769507
vn 0.000000 -0.625532 -0.780199
vn 0.416166 -0.563058 -0.713983
vn 0.301545 -0.591737 -0.747608
vn -0.583339 -0.204853 0.785971
vn -0.583339 -0.204853 0.785971
vn -0.583339 -0.204853 0.785971
vn -0.583339 -0.204853 0.785971
vn 0.571496 0.114734 0.812545
vn 0.571496 0.114734 0.812545
vn 0.571496 0.114734 0.812545
vn 0.571496 0.114734 0.812545
vn 0.844724 0.043048 0.533469
vn 0.829090 0.034553 0.558047
vn 0.857354 0.073050 0.509517
vn 0.855081 0.055675 0.515497
vn -0.854750 0.053314 0.516295
vn -0.854749 0.053314 0.516295
vn -0.855081 0.055675 0.515497
vn -0.844724 0.043048 0.533469
vn -0.965083 0.087071 0.247048
vn -0.965083 0.087071 0.247048
vn -0.966444 0.058695 0.250081
vn -0.966741 0.048465 0.251123
vn 0.968357 -0.032811 -0.247403
vn 0.968357 -0.032811 -0.247403
vn 0.968357 -0.032811 -0.247403
vn 0.968357 -0.032811 -0.247403
vn -0.968357 -0.032812 -0.247402
vn -0.968357 -0.032812 -0.247402
vn -0.968357 -0.032812 -0.247402
vn -0.968357 -0.032812 -0.247402
vn -0.579992 0.137442 0.802944
vn -0.579992 0.137442 0.802944
vn -0.579992 0.137442 0.802944
vn -0.579992 0.137442 0.802944
vn 0.580663 -0.189041 0.791892
vn 0.580663 -0.189041 0.791892
vn 0.580663 -0.189041 0.791892
vn 0.580663 -0.189041 0.791892
vn -0.857354 0.073050 0.509517
vn -0.829090 0.034554 0.558047
vn 0.854749 0.053314 0.516296
vn 0.854749 0.053314 0.516296
vn -0.636184 -0.154516 0.755906
vn 0.636183 -0.154518 0.755907
vn -0.962292 -0.077679 0.260693
vn -0.961198 -0.096613 0.258389
vn 0.965083 0.087071 0.247048
vn 0.965083 0.087071 0.247048
vn 0.966741 0.048464 0.251123
vn 0.966444 0.058694 0.250081
vn -0.956339 -0.148841 0.251520
vn 0.961198 -0.096613 0.258389
vn 0.962292 -0.077679 0.260693
vn 0.956339 -0.148841 0.251520
vn 0.666991 -0.524159 -0.529510
vn 0.666991 -0.524159 -0.529510
vn 0.666991 -0.524159 -0.529510
vn 0.666991 -0.524159 -0.529510
vn -0.666991 -0.524159 -0.529510
vn -0.666991 -0.524159 -0.529510
vn -0.666990 -0.524159 -0.529510
vn -0.666991 -0.524159 -0.529510
vn -0.183019 0.197754 0.963015
vn -0.183511 0.197009 0.963074
vn -0.176572 0.207484 0.962171
vn -0.176572 0.207484 0.962171
vn 0.183507 0.198193 0.962832
vn 0.184022 0.197428 0.962891
vn 0.191529 0.186223 0.963658
vn 0.191529 0.186223 0.963658
vn 0.083849 0.996478 0.000000
vn 0.083529 0.996505 0.000000
vn 0.082486 0.996592 0.000000
vn 0.082486 0.996592 0.000000
vn -0.084287 0.996442 0.000000
vn -0.083963 0.996469 0.000000
vn -0.086306 0.996269 0.000000
vn -0.086306 0.996269 0.000000
vn -0.137218 -0.091714 -0.986286
vn -0.137331 -0.091727 -0.986269
vn -0.139212 -0.091941 -0.985985
vn 0.136527 -0.091611 -0.986391
vn 0.136638 -0.091624 -0.986375
vn 0.135434 -0.091486 -0.986554
vn -0.501029 0.850976 -0.157510
vn -0.501029 0.850976 -0.157510
vn -0.501029 0.850976 -0.157510
vn -0.501029 0.850976 -0.157510
vn 0.502683 0.850869 -0.152748
vn 0.502683 0.850869 -0.152748
vn 0.502683 0.850869 -0.152748
vn 0.502683 0.850869 -0.152748
vn -0.241762 0.138602 0.960386
vn -0.241762 0.138602 0.960386
vn -0.227420 0.057261 0.972112
vn -0.232572 0.085510 0.968813
vn 0.192063 -0.123308 0.973605
vn 0.180556 -0.179003 0.967139
vn 0.132349 -0.381605 0.914801
vn 0.138511 -0.091837 -0.986094
vn 0.085859 0.996307 0.000000
vn 0.085859 0.996307 0.000000
vn -0.191012 0.185599 0.963881
vn -0.191012 0.185599 0.963881
vn -0.136121 -0.091588 -0.986450
vn -0.082916 0.996556 0.000000
vn -0.082916 0.996557 0.000000
vn 0.177054 0.207749 0.962025
vn 0.177054 0.207749 0.962025
vn -0.996071 -0.088555 0.000000
vn -0.996071 -0.088555 0.000000
vn -0.996071 -0.088555 0.000000
vn 0.995091 -0.098966 0.000000
vn 0.995091 -0.098966 0.000000
vn 0.995091 -0.098966 0.000000
vn -0.192064 -0.123308 0.973605
vn -0.180556 -0.179003 0.967139
vn 0.241762 0.138602 0.960386
vn 0.241762 0.138602 0.960386
vn 0.232572 0.085510 0.968813
vn 0.227419 0.057261 0.972112
vn -0.132349 -0.381605 0.914801
vn -0.985719 -0.035037 -0.164713
vn -0.985719 -0.035037 -0.164713
vn -0.985719 -0.035037 -0.164713
vn -0.985719 -0.035037 -0.164713
vn 0.983911 -0.040123 -0.174097
vn 0.983911 -0.040123 -0.174097
vn 0.983911 -0.040123 -0.174097
vn 0.983911 -0.040123 -0.174097
vn -0.915289 0.126943 0.382272
vn -0.915289 0.126943 0.382272
vn -0.915289 0.126943 0.382272
vn -0.915289 0.126943 0.382272
vn 0.916632 0.117927 0.381942
vn 0.916632 0.117927 0.381942
vn 0.916632 0.117927 0.381942
vn 0.916632 0.117927 0.381942
vn -0.955555 -0.270833 -0.116462
vn -0.955555 -0.270833 -0.116462
vn -0.955555 -0.270833 -0.116462
vn -0.955555 -0.270833 -0.116462
vn 0.958860 -0.269752 -0.088434
vn 0.958860 -0.269752 -0.088434
vn 0.958860 -0.269752 -0.088434
vn 0.958860 -0.269752 -0.088434
vn -0.688346 0.639346 0.342660
vn -0.688346 0.639346 0.342660
vn -0.688346 0.639346 0.342660
vn -0.688346 0.639346 0.342660
vn 0.681397 0.641553 0.352291
vn 0.681397 0.641553 0.352291
vn 0.681397 0.641553 0.352291
vn 0.681397 0.641553 0.352291
vn 0.964274 -0.162350 0.209329
vn 0.964274 -0.162350 0.209329
vn 0.964274 -0.162350 0.209329
vn 0.964274 -0.162350 0.209329
vn -0.964274 -0.162350 0.209329
vn -0.964274 -0.162350 0.209329
vn -0.964274 -0.162350 0.209329
vn -0.964274 -0.162350 0.209329
vn 0.987053 0.035733 0.156365
vn 0.987053 0.035733 0.156365
vn 0.987053 0.035733 0.156365
vn 0.987053 0.035733 0.156365
vn -0.987053 0.035733 0.156365
vn -0.987053 0.035733 0.156365
vn -0.987053 0.035733 0.156365
vn -0.987053 0.035733 0.156365
vn 0.985813 0.153075 0.068860
vn 0.985813 0.153075 0.068860
vn 0.985813 0.153075 0.068860
vn 0.985813 0.153075 0.068860
vn -0.985813 0.153075 0.068860
vn -0.985813 0.153075 0.068860
vn -0.985813 0.153075 0.068860
vn -0.985813 0.153075 0.068860
vn 0.973569 -0.134182 0.184821
vn 0.973569 -0.134182 0.184821
vn 0.973569 -0.134182 0.184821
vn -0.978864 -0.121009 0.164867
vn -0.978865 -0.121009 0.164867
vn -0.978864 -0.121009 0.164867
vn -0.476737 -0.878862 -0.017972
vn -0.476737 -0.878862 -0.017972
vn -0.476737 -0.878862 -0.017972
vn -0.476737 -0.878862 -0.017972
vn 0.451305 -0.886828 0.099297
vn 0.451305 -0.886828 0.099297
vn 0.451305 -0.886828 0.099297
vn 0.451305 -0.886828 0.099297
vn -0.032724 -0.621077 0.783066
vn -0.032724 -0.621077 0.783066
vn -0.032724 -0.621077 0.783066
vn -0.032724 -0.621077 0.783066
vn 0.032723 -0.621077 0.783066
vn 0.032723 -0.621078 0.783066
vn 0.032723 -0.621078 0.783066
vn 0.032723 -0.621077 0.783066
vn -0.217332 -0.038256 0.975348
vn -0.217332 -0.038256 0.975348
vn -0.217332 -0.038256 0.975348
vn -0.217332 -0.038256 0.975348
vn 0.217333 -0.038256 0.975348
vn 0.217333 -0.038256 0.975348
vn 0.217333 -0.038256 0.975348
vn 0.217333 -0.038256 0.975348
vn 0.409078 -0.680231 0.608228
vn 0.223400 -0.495408 0.839443
vn 0.118085 -0.406184 0.906129
vn 0.353152 -0.618293 0.702138
vn -0.004554 -0.299205 0.954178
vn -0.006958 -0.308902 0.951068
vn 0.000000 -0.320136 0.947371
vn 0.004553 -0.299203 0.954179
vn 0.006958 -0.308901 0.951069
vn 0.000000 -0.320136 0.947371
vn -0.223401 -0.495404 0.839444
vn -0.409079 -0.680230 0.608229
vn -0.353153 -0.618290 0.702140
vn -0.118085 -0.406180 0.906131
vn -0.021822 -0.908776 -0.416713
vn -0.071763 -0.938368 -0.338107
vn -0.089688 -0.939650 -0.330173
vn -0.019926 -0.906409 -0.421930
vn -0.212463 -0.576248 0.789175
vn -0.212463 -0.576248 0.789175
vn -0.212463 -0.576248 0.789175
vn -0.212463 -0.576248 0.789175
vn -0.204289 -0.978901 0.004251
vn -0.204289 -0.978901 0.004251
vn -0.204289 -0.978901 0.004251
vn -0.204289 -0.978901 0.004251
vn 0.204289 -0.978901 0.004250
vn 0.204289 -0.978901 0.004250
vn 0.204289 -0.978901 0.004250
vn 0.204289 -0.978901 0.004250
vn 0.212463 -0.576249 0.789175
vn 0.212463 -0.576249 0.789175
vn 0.212463 -0.576249 0.789175
vn 0.212463 -0.576249 0.789175
vn -0.104650 -0.951140 -0.290485
vn -0.104650 -0.951140 -0.290486
vn -0.104650 -0.951140 -0.290486
vn -0.104650 -0.951140 -0.290486
vn 0.326526 -0.468161 -0.821101
vn 0.326526 -0.468161 -0.821101
vn 0.326526 -0.468161 -0.821101
vn 0.326526 -0.468161 -0.821101
vn -0.316479 -0.463583 -0.827606
vn -0.316479 -0.463584 -0.827606
vn -0.316479 -0.463584 -0.827606
vn -0.316479 -0.463584 -0.827606
vn 0.108726 -0.948085 -0.298853
vn 0.108726 -0.948085 -0.298853
vn 0.108726 -0.948085 -0.298853
vn 0.108726 -0.948085 -0.298853
vn 0.021831 -0.908775 -0.416716
vn -0.074705 -0.747347 -0.660221
vn -0.074705 -0.747347 -0.660221
vn 0.019934 -0.906407 -0.421935
vn 0.071769 -0.938366 -0.338112
vn 0.089692 -0.939648 -0.330176
vn 0.074715 -0.747344 -0.660224
vn 0.074715 -0.747344 -0.660224
vn 0.148849 -0.941306 -0.302964
vn 0.148849 -0.941306 -0.302964
vn 0.453050 0.365842 0.812961
vn 0.453050 0.365842 0.812961
vn 0.453050 0.365842 0.812961
vn 0.453050 0.365841 0.812961
vn -0.455459 0.367847 0.810706
vn -0.455459 0.367847 0.810706
vn -0.455460 0.367848 0.810706
vn -0.455459 0.367847 0.810706
vn -0.148849 -0.941305 -0.302965
vn -0.148849 -0.941305 -0.302965
vn -0.004263 -0.653850 -0.756612
vn -0.004263 -0.653850 -0.756612
vn -0.004263 -0.653850 -0.756612
vn -0.004263 -0.653850 -0.756612
vn 0.187581 0.052016 0.980871
vn -0.026555 0.337719 0.940872
vn 0.020524 0.278297 0.960276
vn 0.187581 0.052016 0.980871
vn 0.273054 -0.944423 -0.183046
vn 0.273054 -0.944423 -0.183046
vn 0.273054 -0.944423 -0.183046
vn 0.273054 -0.944423 -0.183046
vn -0.107194 0.435130 0.893964
vn -0.107194 0.435130 0.893964
vn 0.026555 0.337719 0.940872
vn -0.187581 0.052015 0.980871
vn -0.187581 0.052015 0.980871
vn -0.020523 0.278297 0.960276
vn 0.004263 -0.653851 -0.756612
vn 0.004263 -0.653851 -0.756612
vn 0.004263 -0.653851 -0.756612
vn 0.004263 -0.653851 -0.756612
vn 0.107194 0.435131 0.893963
vn 0.107194 0.435131 0.893963
vn -0.273054 -0.944423 -0.183047
vn -0.273054 -0.944423 -0.183047
vn -0.273054 -0.944423 -0.183047
vn -0.273054 -0.944423 -0.183047
vn 0.157478 -0.108130 0.981585
vn 0.157478 -0.108130 0.981585
vn 0.157478 -0.108130 0.981585
vn 0.157478 -0.108130 0.981585
vn -0.471151 -0.743749 0.474187
vn -0.471151 -0.743749 0.474187
vn 0.471151 -0.743750 0.474187
vn 0.471151 -0.743750 0.474187
vn -0.157478 -0.108132 0.981584
vn -0.157478 -0.108132 0.981584
vn -0.157478 -0.108132 0.981584
vn -0.157478 -0.108132 0.981584
vn 0.210690 0.229188 -0.950307
vn 0.210690 0.229188 -0.950307
vn 0.210690 0.229188 -0.950307
vn 0.210690 0.229188 -0.950307
vn -0.227582 0.231030 -0.945955
vn -0.227582 0.231030 -0.945955
vn -0.227582 0.231030 -0.945955
vn -0.227582 0.231030 -0.945955
vn 0.387431 -0.071525 -0.919120
vn 0.387431 -0.071525 -0.919120
vn 0.387431 -0.071525 -0.919120
vn 0.387431 -0.071525 -0.919120
vn -0.416993 -0.058147 -0.907048
vn -0.416993 -0.058147 -0.907048
vn -0.416993 -0.058147 -0.907048
vn -0.416993 -0.058147 -0.907048
vn 0.282402 -0.149662 0.947550
vn 0.282402 -0.149662 0.947550
vn 0.282402 -0.149662 0.947550
vn 0.282402 -0.149662 0.947550
vn -0.279988 -0.150747 0.948094
vn -0.279988 -0.150748 0.948094
vn -0.279988 -0.150748 0.948094
vn -0.279988 -0.150748 0.948094
vn 0.718934 -0.231550 -0.655377
vn 0.718934 -0.231550 -0.655377
vn 0.718934 -0.231550 -0.655377
vn -0.718934 -0.231550 -0.655377
vn -0.718934 -0.231550 -0.655377
vn -0.718934 -0.231550 -0.655377
vn 0.526567 -0.849876 0.020918
vn 0.526567 -0.849876 0.020918
vn 0.526567 -0.849876 0.020918
vn 0.526567 -0.849876 0.020918
vn -0.537866 -0.832043 0.135662
vn -0.537866 -0.832043 0.135662
vn -0.537866 -0.832043 0.135662
vn -0.537866 -0.832043 0.135662
vn 0.142381 -0.982011 0.124025
vn 0.142381 -0.982011 0.124025
vn 0.142381 -0.982011 0.124025
vn 0.142381 -0.982011 0.124025
vn -0.158505 -0.986924 0.029265
vn -0.158505 -0.986924 0.029265
vn -0.158505 -0.986924 0.029265
vn -0.158505 -0.986924 0.029265
vn -0.709219 0.099477 0.697935
vn -0.709219 0.099477 0.697935
vn -0.709219 0.099477 0.697935
vn -0.709219 0.099477 0.697935
vn 0.709219 0.099477 0.697934
vn 0.709219 0.099477 0.697934
vn 0.709219 0.099477 0.697934
vn 0.709219 0.099477 0.697934
vn 0.723082 0.055285 0.688546
vn 0.723082 0.055285 0.688546
vn 0.723082 0.055285 0.688546
vn 0.723082 0.055285 0.688546
vn -0.723083 0.055285 0.688546
vn -0.723083 0.055285 0.688546
vn -0.723083 0.055285 0.688546
vn -0.723083 0.055285 0.688546
vn 0.386738 0.170197 0.906348
vn 0.386738 0.170197 0.906348
vn 0.386738 0.170197 0.906348
vn 0.386738 0.170197 0.906348
vn 0.167658 0.221638 0.960608
vn 0.167658 0.221638 0.960608
vn 0.167658 0.221638 0.960608
vn 0.167658 0.221638 0.960608
vn -0.174553 0.266123 0.948003
vn -0.174553 0.266123 0.948003
vn -0.174553 0.266123 0.948003
vn -0.174553 0.266123 0.948003
vn -0.386737 0.170197 0.906348
vn -0.386737 0.170197 0.906348
vn -0.386737 0.170197 0.906348
vn -0.386737 0.170197 0.906348
vn -0.791828 -0.190149 -0.580390
vn -0.791828 -0.190149 -0.580390
vn -0.791828 -0.190149 -0.580390
vn -0.791828 -0.190149 -0.580390
vn -0.969939 -0.065935 0.234244
vn -0.969939 -0.065935 0.234244
vn -0.969939 -0.065935 0.234244
vn -0.969939 -0.065935 0.234244
vn -0.952146 -0.024539 0.304657
vn -0.952146 -0.024539 0.304657
vn -0.952146 -0.024539 0.304657
vn -0.952146 -0.024539 0.304657
vn 0.952146 -0.024540 0.304657
vn 0.952146 -0.024540 0.304657
vn 0.952146 -0.024540 0.304657
vn 0.952146 -0.024540 0.304657
vn 0.969939 -0.065935 0.234244
vn 0.969939 -0.065935 0.234244
vn 0.969939 -0.065935 0.234244
vn 0.969939 -0.065935 0.234244
vn -0.550481 0.194600 -0.811850
vn -0.550481 0.194600 -0.811850
vn -0.552198 -0.150933 -0.819937
vn -0.546103 -0.206733 -0.811809
vn 0.565504 -0.154317 -0.810180
vn 0.561498 -0.199421 -0.803089
vn 0.531470 -0.385261 -0.754396
vn 0.531470 -0.385261 -0.754396
vn 0.776872 -0.116069 -0.618869
vn 0.776872 -0.116069 -0.618869
vn 0.776871 -0.116069 -0.618869
vn 0.776871 -0.116069 -0.618869
vn 0.791827 -0.190149 -0.580390
vn 0.791827 -0.190149 -0.580390
vn 0.791827 -0.190149 -0.580390
vn 0.791827 -0.190149 -0.580390
vn -0.776871 -0.116069 -0.618869
vn -0.776871 -0.116069 -0.618869
vn -0.776871 -0.116069 -0.618869
vn -0.776871 -0.116069 -0.618869
vn 0.793737 -0.286649 -0.536483
vn 0.764087 -0.172977 -0.621490
vn 0.799690 -0.321658 -0.506983
vn 0.799690 -0.321658 -0.506983
vn -0.584550 0.177519 -0.791700
vn -0.793314 -0.286442 -0.537218
vn -0.763824 -0.173214 -0.621747
vn 0.971002 -0.111950 -0.211239
vn 0.971002 -0.111950 -0.211239
vn 0.971002 -0.111950 -0.211239
vn 0.971002 -0.111950 -0.211239
vn 0.859971 -0.107163 -0.498965
vn 0.859971 -0.107163 -0.498965
vn 0.859971 -0.107163 -0.498965
vn 0.859971 -0.107163 -0.498965
vn 0.971882 0.004764 -0.235419
vn 0.971882 0.004764 -0.235419
vn 0.971882 0.004764 -0.235419
vn 0.971882 0.004764 -0.235419
vn 0.986538 0.037024 -0.159287
vn 0.986538 0.037024 -0.159287
vn 0.986538 0.037024 -0.159287
vn 0.986538 0.037024 -0.159287
vn -0.859971 -0.107163 -0.498965
vn -0.859971 -0.107163 -0.498965
vn -0.859971 -0.107163 -0.498965
vn -0.859971 -0.107163 -0.498965
vn -0.971002 -0.111950 -0.211239
vn -0.971002 -0.111950 -0.211239
vn -0.971002 -0.111950 -0.211239
vn -0.971002 -0.111950 -0.211239
vn -0.986538 0.037024 -0.159287
vn -0.986538 0.037024 -0.159287
vn -0.986538 0.037024 -0.159287
vn -0.986538 0.037024 -0.159287
vn -0.971882 0.004764 -0.235419
vn -0.971882 0.004764 -0.235419
vn -0.971882 0.004764 -0.235419
vn -0.971882 0.004764 -0.235419
vn -0.547040 0.219754 0.807747
vn -0.547040 0.219754 0.807747
vn -0.547040 0.219754 0.807747
vn -0.547040 0.219754 0.807747
vn -0.632159 0.119144 0.765623
vn -0.632159 0.119144 0.765623
vn -0.632159 0.119144 0.765623
vn -0.632159 0.119144 0.765623
vn 0.632159 0.119145 0.765624
vn 0.632159 0.119145 0.765624
vn 0.632159 0.119145 0.765624
vn 0.632159 0.119145 0.765624
vn 0.547041 0.219754 0.807747
vn 0.547041 0.219754 0.807747
vn 0.547041 0.219754 0.807747
vn 0.547041 0.219754 0.807747
vn 0.174553 0.266123 0.948003
vn 0.174553 0.266123 0.948003
vn 0.174553 0.266123 0.948003
vn 0.174553 0.266123 0.948003
vn -0.167658 0.221638 0.960608
vn -0.167658 0.221638 0.960608
vn -0.167658 0.221638 0.960608
vn -0.167658 0.221638 0.960608
vn 0.387338 -0.407680 -0.826902
vn 0.387338 -0.407680 -0.826902
vn 0.387338 -0.407680 -0.826902
vn 0.387338 -0.407680 -0.826902
vn -0.380974 -0.358202 -0.852379
vn -0.380974 -0.358202 -0.852379
vn -0.380974 -0.358202 -0.852379
vn -0.380974 -0.358202 -0.852379
vn -0.144088 -0.246678 -0.958326
vn -0.144088 -0.246678 -0.958326
vn -0.144088 -0.246678 -0.958326
vn -0.144088 -0.246678 -0.958326
vn 0.113156 -0.269130 -0.956433
vn 0.113156 -0.269130 -0.956433
vn 0.113156 -0.269130 -0.956434
vn 0.113156 -0.269130 -0.956433
vn 0.584544 0.177622 -0.791681
vn -0.799266 -0.321425 -0.507800
vn -0.799266 -0.321425 -0.507800
vn 0.554513 0.210846 -0.805022
vn 0.554513 0.210846 -0.805022
vn -0.518697 -0.363672 -0.773754
vn -0.518697 -0.363672 -0.773754
s off
g Head_uv Hair
usemtl standardSurface7SG
f 187/539/301 285/507/302 188/257/303 189/258/304
f 186/259/305 192/260/306 193/542/307 191/262/308
s 1
f 189/258/309 188/257/310 194/543/311 195/545/312
f 188/257/310 303/265/313 304/529/314 194/543/311
f 190/267/315 316/268/316 317/527/317 196/530/318
f 191/262/319 193/542/320 198/541/321 197/528/322
f 195/593/312 194/263/311 199/273/323 200/591/324
f 194/263/311 304/266/314 305/275/325 199/273/323
f 196/270/318 317/269/317 318/276/326 201/277/327
f 197/272/322 198/592/321 203/590/328 202/279/329
f 200/591/324 199/273/323 204/280/330 205/589/331
f 199/273/323 305/275/325 306/282/332 204/280/330
f 201/277/327 318/276/326 319/283/333 206/284/334
f 202/279/329 203/590/328 208/588/335 207/286/336
f 205/589/331 204/280/330 209/287/337 210/288/338
f 204/280/330 306/282/332 307/289/339 209/287/337
f 206/284/334 319/283/333 320/290/340 211/291/341
f 207/286/336 208/588/335 213/586/342 212/293/343
s 4
f 210/288/344 209/287/345 214/294/346 215/585/347
f 209/287/345 307/289/348 308/296/349 214/294/346
f 211/291/350 320/290/351 321/297/352 216/298/353
f 212/293/354 213/586/355 218/584/356 217/300/357
f 215/585/347 214/294/346 219/301/358 220/302/359
f 214/294/346 308/296/349 309/303/360 219/301/358
f 216/298/353 321/297/352 322/304/361 221/305/362
f 217/300/357 218/584/356 223/582/363 222/307/364
f 224/580/365 225/309/366 226/310/367 227/311/368
f 225/309/366 311/312/369 312/313/370 226/310/367
f 228/314/371 324/315/372 325/316/373 229/317/374
f 230/318/375 232/319/376 233/574/377 231/321/378
s 10
f 234/551/379 233/320/380 232/578/381 235/576/382
f 236/324/383 223/306/384 218/299/385 237/325/386
f 238/555/387 236/324/383 237/325/386 239/327/388
f 237/325/386 218/299/385 213/292/389 208/285/390
f 239/327/388 237/325/386 208/285/390 203/278/391
f 240/328/392 239/327/388 203/278/391 198/271/393
f 192/540/394 240/328/392 198/271/393 193/261/395
s 12
f 227/575/396 241/546/397 242/581/398 224/308/399
f 220/583/400 243/331/401 244/332/402 215/295/403
f 243/331/401 245/561/404 246/334/405 244/332/402
f 215/295/403 244/332/402 205/281/406 210/587/407
f 244/332/402 246/334/405 200/274/408 205/281/406
f 246/334/405 247/335/409 195/264/410 200/274/408
f 247/335/409 187/255/411 189/544/412 195/264/410
f 249/579/413 248/571/414 243/331/401 220/583/400
s 4
f 220/302/359 219/301/358 250/338/415 249/336/416
f 219/301/358 309/303/360 310/339/417 250/338/415
f 221/305/362 322/304/361 323/340/418 251/341/419
f 222/307/364 223/582/363 253/577/420 252/343/421
s 10
f 254/572/422 253/342/423 223/306/384 236/324/383
s 12
f 224/308/399 242/581/398 248/571/414 249/579/413
s 4
f 249/336/416 250/338/415 225/309/366 224/580/365
f 250/338/415 310/339/417 311/312/369 225/309/366
f 251/341/419 323/340/418 324/315/372 228/314/371
f 252/343/421 253/577/420 232/319/376 230/318/375
s 10
f 235/576/382 232/578/381 253/342/423 254/572/422
s 4
f 227/311/368 226/310/367 255/599/424 256/600/425
f 226/310/367 312/313/370 313/596/426 255/599/424
f 229/317/374 325/316/373 326/594/427 257/597/428
f 231/321/378 233/574/377 259/598/429 258/595/430
s off
f 262/531/431 286/532/432 261/536/433 271/535/434
f 260/501/435 263/537/436 192/260/437 186/259/438
s 14
f 263/564/439 264/562/440 265/568/441 273/556/442
s 15
f 187/255/443 247/335/444 266/560/445 261/565/446
s 16
f 247/335/447 246/334/448 245/561/449 266/560/450
s off
f 236/324/451 238/555/452 267/573/453 254/572/454
f 245/561/455 243/331/456 248/571/457 268/570/458
f 187/539/459 261/536/460 286/532/461 285/507/462
f 269/533/463 270/538/464 263/537/465 260/501/466
s 15
f 261/565/446 266/560/445 272/569/467 274/567/468
s 14
f 240/328/469 192/540/470 263/564/439 273/556/442
s 15
f 261/565/446 274/567/468 275/566/471
s 14
f 264/562/440 263/564/439 276/563/472
s 16
f 266/560/450 245/561/449 277/559/473 278/557/474
s 17
f 239/327/475 240/328/476 273/556/477 238/555/478
s 16
f 278/557/474 277/559/473 279/558/479
s 17
f 238/555/478 273/556/477 280/554/480 281/552/481
f 281/552/481 280/554/480 282/553/482
s off
f 233/320/483 234/551/484 283/550/485 259/549/486
f 241/546/487 227/575/488 256/548/489 284/547/490
s 18
f 302/378/491 303/265/492 188/257/493 285/507/494
s 19
f 315/379/495 316/268/496 190/267/497 287/380/498
s 20
f 301/381/499 302/505/500 285/526/501 288/524/502
s 21
f 314/383/503 315/503/504 287/506/505 289/511/506
s 22
f 292/385/507 314/383/508 289/511/509
s 23
f 291/386/510 301/381/511 288/524/512
s off
f 291/386/513 288/524/514 293/387/515 294/388/516
f 290/523/517 292/385/518 296/390/519 295/391/520
s 24
f 294/388/521 293/387/522 327/392/523 328/393/524
s 25
f 299/394/525 332/395/526 300/396/527
s 23
f 289/384/528 301/381/511 291/386/510
s 20
f 287/512/529 302/505/500 301/381/499 289/384/530
s 18
f 190/267/531 303/265/492 302/378/491 287/380/532
s 1
f 304/529/314 303/265/313 190/267/315 196/530/318
f 305/275/325 304/266/314 196/270/318 201/277/327
f 306/282/332 305/275/325 201/277/327 206/284/334
f 307/289/339 306/282/332 206/284/334 211/291/341
s 4
f 308/296/349 307/289/348 211/291/350 216/298/353
f 309/303/360 308/296/349 216/298/353 221/305/362
f 310/339/417 309/303/360 221/305/362 251/341/419
f 311/312/369 310/339/417 251/341/419 228/314/371
f 312/313/370 311/312/369 228/314/371 229/317/374
f 313/596/426 312/313/370 229/317/374 257/597/428
s 22
f 290/523/533 314/383/508 292/385/507
s 21
f 186/525/534 315/503/504 314/383/503 290/523/535
s 19
f 191/262/536 316/268/496 315/379/495 186/259/537
s 1
f 317/527/317 316/268/316 191/262/319 197/528/322
f 318/276/326 317/269/317 197/272/322 202/279/329
f 319/283/333 318/276/326 202/279/329 207/286/336
f 320/290/340 319/283/333 207/286/336 212/293/343
s 4
f 321/297/352 320/290/351 212/293/354 217/300/357
f 322/304/361 321/297/352 217/300/357 222/307/364
f 323/340/418 322/304/361 222/307/364 252/343/421
f 324/315/372 323/340/418 252/343/421 230/318/375
f 325/316/373 324/315/372 230/318/375 231/321/378
f 326/594/427 325/316/373 231/321/378 258/595/430
s off
f 288/382/538 285/256/539 286/502/540
f 186/504/541 290/389/542 260/521/543
s 24
f 328/393/524 327/392/523 297/397/544 331/398/545
s 25
f 295/391/546 296/390/547 330/399/548 329/400/549
s 24
f 331/398/545 297/397/544 298/401/550
s 25
f 329/400/549 330/399/548 332/395/526 299/394/525
s off
f 293/387/551 288/382/552 286/502/553 327/392/554
f 290/389/555 295/391/556 329/400/557 260/521/558
f 269/364/559 260/534/560 334/636/561 333/647/562
f 286/353/563 262/352/564 335/404/565 336/637/566
f 327/392/567 286/502/568 337/515/569 297/397/570
f 260/521/571 329/400/572 299/394/573 338/407/574
f 292/385/575 289/511/576 340/510/577 339/409/578
f 289/384/579 291/386/580 341/410/581 340/408/582
f 294/388/583 328/393/584 342/520/585 341/410/586
f 330/399/587 296/390/588 339/409/589 343/519/590
f 328/393/591 331/398/592 344/518/593 342/520/594
f 332/395/595 330/399/596 343/519/597 345/517/598
f 331/398/599 298/401/600 346/415/601 344/518/602
f 300/396/603 332/395/604 345/517/605 347/514/606
f 291/386/607 294/388/608 341/410/609
f 296/390/610 292/385/611 339/409/612
f 298/401/613 297/397/614 337/515/615 346/415/616
f 299/394/617 300/396/618 347/514/619 338/407/620
f 234/322/621 235/323/622 349/628/623 348/610/624
f 242/330/625 241/329/626 350/605/627 351/629/628
f 248/337/629 242/330/630 351/629/631 352/624/632
f 235/323/633 254/344/634 353/625/635 349/628/636
s 26
f 256/346/637 255/345/638 355/627/639 354/607/640
f 255/345/638 313/347/641 356/603/642 355/627/639
f 257/349/643 326/348/644 358/601/645 357/604/646
f 258/351/647 259/350/648 360/608/649 359/602/650
s 29
f 265/359/651 264/358/652 362/638/653 361/621/654
s off
f 267/362/655 238/326/656 363/614/657 364/626/658
f 254/344/659 267/362/660 364/626/661 353/625/662
f 268/363/663 248/337/664 352/624/665 365/623/666
f 245/333/667 268/363/668 365/623/669 366/620/670
f 270/365/671 269/364/672 333/647/673 367/646/674
f 263/357/675 270/365/676 367/646/677 368/640/678
f 271/355/679 261/354/680 369/641/681 370/644/682
f 262/352/683 271/355/684 370/644/685 335/404/686
s 30
f 272/366/687 266/361/688 371/619/689 372/622/690
f 274/367/691 272/366/687 372/622/690 373/643/692
s 29
f 273/360/693 265/359/651 361/621/654 374/615/694
s 30
f 275/368/695 274/367/691 373/643/692 375/642/696
s off
f 261/354/697 275/368/698 375/642/699 369/641/700
f 276/369/701 263/357/702 368/640/703 376/639/704
s 29
f 264/358/652 276/369/705 376/639/706 362/638/653
s off
f 277/370/707 245/333/708 366/620/709 377/618/710
s 31
f 266/361/711 278/371/712 378/616/713 371/619/714
s off
f 279/372/715 277/370/716 377/618/717 379/617/718
s 31
f 278/371/712 279/372/719 379/617/720 378/616/713
s 32
f 280/373/721 273/360/722 374/615/723 380/613/724
s off
f 238/326/725 281/374/726 381/611/727 363/614/728
s 32
f 282/375/729 280/373/721 380/613/724 382/612/730
s off
f 281/374/731 282/375/732 382/612/733 381/611/734
f 283/376/735 234/322/736 348/610/737 383/609/738
s 26
f 259/350/648 283/376/739 383/609/740 360/608/649
f 284/377/741 256/346/637 354/607/640 384/606/742
s off
f 241/329/743 284/377/744 384/606/745 350/605/746
s 26
f 313/347/641 257/651/643 357/648/646 356/603/642
f 326/348/644 258/351/647 359/602/650 358/601/645
s off
f 346/516/747 337/406/748 286/522/749 344/413/750
f 338/513/751 347/416/752 345/414/753 260/356/754
f 344/413/755 286/522/756 385/499/757 342/411/758
f 260/356/759 345/414/760 343/412/761 386/500/762
f 339/409/763 340/510/764 387/508/765 386/500/766
f 340/408/767 341/410/768 385/499/769 387/498/770
f 341/410/771 342/411/772 385/499/773
f 343/412/774 339/409/775 386/500/776
f 385/454/777 286/353/778 336/637/779 388/634/780
f 260/534/781 386/455/782 389/635/783 334/636/784
f 386/455/785 387/509/786 390/630/787 389/635/788
f 387/456/789 385/454/790 388/634/791 390/632/792
f 348/418/793 349/417/794 394/460/795 393/461/796
f 351/420/797 350/419/798 395/462/799 396/463/800
f 352/421/801 351/420/802 396/463/803 397/464/804
f 349/417/805 353/422/806 398/465/807 394/460/808
f 354/424/809 355/423/810 400/466/811 399/467/812
f 355/423/813 356/425/814 401/468/815 400/466/816
f 357/427/817 358/426/818 403/469/819 402/470/820
f 359/429/821 360/428/822 405/471/823 404/472/824
f 361/431/825 362/430/826 407/473/827 406/474/828
f 364/433/829 363/432/830 408/475/831 409/476/832
f 353/422/833 364/433/834 409/476/835 398/465/836
f 365/434/837 352/421/838 397/464/839 410/477/840
f 366/435/841 365/434/842 410/477/843 411/478/844
s 33
f 367/436/845 333/403/846 334/402/847 368/437/848
s 34
f 336/405/849 369/438/850 413/479/851 392/480/852
s off
f 372/441/853 371/440/854 414/481/855 415/482/856
f 373/442/857 372/441/858 415/482/859 416/483/860
f 374/443/861 361/431/862 406/474/863 417/484/864
s 35
f 369/438/865 373/442/866 416/483/867 413/479/868
s 36
f 376/445/869 368/437/870 362/430/871
s off
f 377/446/872 366/435/873 411/478/874 418/485/875
f 371/440/876 378/447/877 419/486/878 414/481/879
f 379/448/880 377/446/881 418/485/882 420/487/883
f 378/447/884 379/448/885 420/487/886 419/486/887
f 380/449/888 374/443/889 417/484/890 421/488/891
f 363/432/892 381/450/893 422/489/894 408/475/895
f 382/451/896 380/449/897 421/488/898 423/490/899
f 381/450/900 382/451/901 423/490/902 422/489/903
f 383/452/904 348/418/905 393/461/906 424/491/907
f 360/428/908 383/452/909 424/491/910 405/471/911
f 384/453/912 354/424/913 399/467/914 425/492/915
f 350/419/916 384/453/917 425/492/918 395/462/919
f 356/425/920 357/649/921 402/650/922 401/468/923
f 358/426/924 359/429/925 404/472/926 403/469/927
f 388/457/928 336/405/929 392/480/930 426/493/931
f 334/402/932 389/458/933 427/494/934 391/495/935
f 389/458/936 390/633/937 428/631/938 427/494/939
f 390/459/940 388/457/941 426/493/942 428/496/943
s 35
f 369/438/865 375/444/944 373/442/866
s 36
f 362/430/871 368/437/870 412/497/945 407/473/946
s 34
f 335/645/947 370/439/948 369/438/850 336/405/849
s 33
f 368/437/848 334/402/847 391/495/949 412/497/950
g default
v -1.901393 10.695177 1.393467
v -1.081369 11.321921 1.503442
v 0.000000 11.533894 1.554307
v 1.081369 11.321921 1.503442
v 1.901393 10.695177 1.393467
v -2.199428 11.107000 0.445363
v -1.207333 11.720465 0.452148
v 0.000000 12.125765 0.468864
v 1.207333 11.720465 0.452148
v 2.199428 11.107000 0.445363
v -2.197682 11.179233 -0.620711
v -1.218867 11.845875 -0.695193
v 0.000000 12.299880 -0.726393
v 1.218867 11.845875 -0.695193
v 2.197682 11.179233 -0.620711
v -1.924482 10.976787 -1.426283
v -1.123591 11.690991 -1.453325
v 0.000000 12.167916 -1.513487
v 1.123591 11.690991 -1.453325
v 1.924482 10.976787 -1.426283
v -2.366633 10.162598 1.353976
v -2.790150 10.427899 0.457454
v 2.366633 10.162598 1.353976
v 2.790150 10.427899 0.457454
v -2.758275 10.436169 -0.610187
v 2.758275 10.436169 -0.610187
v -2.472343 10.151602 -1.441738
v 2.472343 10.151602 -1.441738
v -1.530063 10.329032 2.191993
v -0.830941 10.679332 2.427495
v 0.000000 10.826845 2.514517
v 0.830941 10.679332 2.427495
v 1.530063 10.329032 2.191993
v -2.041529 9.919464 1.917555
v 2.041529 9.919464 1.917555
v -2.570288 9.322530 1.262130
v -3.088769 9.663432 0.423325
v 2.570288 9.322530 1.262130
v 3.088769 9.663432 0.423325
v -3.046963 9.549257 -0.610458
v 3.046963 9.549257 -0.610458
v -2.694708 9.388665 -1.498080
v 2.694708 9.388665 -1.498080
v -2.913977 8.913302 0.351363
v -2.901309 8.548002 -0.546084
v 2.913977 8.913302 0.351363
v 2.901309 8.548002 -0.546084
v -2.441497 8.072483 -1.533560
v 2.441497 8.072483 -1.533560
v -1.553254 10.449888 -2.051840
v -0.820695 11.273063 -1.934683
v 0.000000 11.816902 -1.943251
v 0.820695 11.273063 -1.934683
v 1.553254 10.449888 -2.051840
v -1.631235 9.485654 -2.440717
v 1.631235 9.485654 -2.440717
v -1.765759 8.719367 -2.452338
v 1.765759 8.719367 -2.452338
v -1.830185 7.647609 -2.062841
v 1.830185 7.647609 -2.062841
v -1.143645 8.600246 -2.657827
v -0.670373 7.936412 -2.817621
v 1.143645 8.600246 -2.657827
v 0.670373 7.936412 -2.817621
v -0.894640 7.261842 -2.421611
v 0.894640 7.261842 -2.421611
v -0.065597 7.709032 -2.863612
v -0.184513 7.133866 -2.534063
v 0.065597 7.709032 -2.863612
v 0.184513 7.133866 -2.534063
v -1.962306 10.757225 1.444495
v -1.120514 11.400753 1.555026
v -1.250661 11.809244 0.479166
v -2.266546 11.180996 0.471285
v -0.000000 11.625625 1.601735
v 0.000000 12.229782 0.490707
v 1.120514 11.400753 1.555026
v 1.250660 11.809244 0.479166
v 1.962306 10.757225 1.444495
v 2.266546 11.180996 0.471285
v -1.267186 11.936086 -0.703166
v -2.268806 11.252506 -0.637630
v 0.000000 12.407910 -0.735507
v 1.267186 11.936086 -0.703166
v 2.268806 11.252506 -0.637630
v -1.172476 11.767499 -1.504788
v -1.988380 11.033983 -1.483665
v -0.000000 12.266503 -1.567437
v 1.172475 11.767499 -1.504788
v 1.988381 11.033983 -1.483665
v -2.879932 10.476953 0.484209
v -2.444419 10.199878 1.408611
v 2.444419 10.199878 1.408611
v 2.879932 10.476953 0.484209
v -2.847265 10.483566 -0.632786
v 2.847265 10.483567 -0.632785
v -2.548038 10.187630 -1.501030
v 2.548038 10.187630 -1.501030
v -1.590322 10.386000 2.248640
v -0.868487 10.752822 2.487159
v 0.000000 10.908393 2.575550
v 0.868487 10.752822 2.487159
v 1.590322 10.386000 2.248640
v -2.119085 9.952786 1.974826
v 2.119085 9.952786 1.974826
v -3.192512 9.667129 0.449919
v -2.685921 9.332128 1.267131
v 2.685923 9.332129 1.267128
v 3.192512 9.667129 0.449919
v -3.149449 9.556863 -0.631810
v 3.149449 9.556863 -0.631810
v -2.781390 9.392775 -1.555617
v 2.781391 9.392774 -1.555617
v -3.000025 8.530233 -0.563051
v -3.011168 8.891038 0.375181
v 3.011168 8.891038 0.375181
v 3.000025 8.530233 -0.563051
v -2.527514 8.056005 -1.585173
v 2.527514 8.056005 -1.585173
v -0.862698 11.331476 -2.004731
v -1.606890 10.494249 -2.124262
v -0.000000 11.891671 -2.020309
v 0.862699 11.331477 -2.004731
v 1.606890 10.494249 -2.124262
v -1.678090 9.508745 -2.529770
v 1.678090 9.508745 -2.529770
v -1.824577 8.713297 -2.537888
v 1.824577 8.713297 -2.537888
v -1.892559 7.624243 -2.139584
v 1.892559 7.624243 -2.139584
v -1.174265 8.604392 -2.752933
v -0.697382 7.915180 -2.914996
v 0.697382 7.915180 -2.914996
v 1.174265 8.604392 -2.752933
v -0.929960 7.224090 -2.508420
v 0.929960 7.224090 -2.508420
v -0.076959 7.661414 -2.951581
v -0.195875 7.086248 -2.622032
v 0.195875 7.086248 -2.622032
v 0.076959 7.661414 -2.951581
vt 0.563755 0.649653
vt 0.525980 0.650087
vt 0.523224 0.610036
vt 0.565315 0.611138
vt 0.485522 0.657375
vt 0.978807 0.605697
vt 0.929349 0.644552
vt 0.932116 0.604501
vt 0.891574 0.644108
vt 0.890025 0.605592
vt 0.523140 0.568594
vt 0.565103 0.572611
vt 0.979562 0.559874
vt 0.932212 0.563060
vt 0.890248 0.567065
vt 0.524838 0.539966
vt 0.563660 0.540346
vt 0.975044 0.529261
vt 0.930522 0.534431
vt 0.891700 0.534800
vt 0.610779 0.436738
vt 0.640038 0.408196
vt 0.811067 0.404111
vt 0.840337 0.432642
vt 0.572380 0.457415
vt 0.878743 0.453305
vt 0.598763 0.538146
vt 0.916158 0.458184
vt 0.558219 0.683025
vt 0.529221 0.690192
vt 0.955348 0.694256
vt 0.926097 0.684656
vt 0.897100 0.677481
vt 0.654042 0.386906
vt 0.797056 0.382825
vt 0.593734 0.412724
vt 0.615960 0.386060
vt 0.835138 0.381966
vt 0.857374 0.408622
vt 0.558794 0.425627
vt 0.892318 0.421513
vt 0.525049 0.434131
vt 0.926066 0.430005
vt 0.545111 0.391749
vt 0.579662 0.388530
vt 0.871437 0.384423
vt 0.905989 0.387630
vt 0.502666 0.391838
vt 0.948434 0.387704
vt 0.525761 0.514252
vt 0.568219 0.507927
vt 0.967445 0.509121
vt 0.929607 0.508717
vt 0.887150 0.502379
vt 0.808543 0.584753
vt 0.641769 0.586084
vt 0.802247 0.556781
vt 0.647650 0.558025
vt 0.794999 0.516474
vt 0.654287 0.517647
vt 0.778106 0.562303
vt 0.752023 0.546158
vt 0.697723 0.546631
vt 0.671871 0.563178
vt 0.756505 0.516834
vt 0.692765 0.517438
vt 0.727743 0.540760
vt 0.731058 0.516562
vt 0.718141 0.516721
vt 0.721966 0.540768
vt 0.638688 0.849122
vt 0.635023 0.812141
vt 0.674280 0.805129
vt 0.675845 0.845582
vt 0.718569 0.798416
vt 0.746568 0.844176
vt 0.787627 0.802710
vt 0.786141 0.843166
vt 0.826898 0.809646
vt 0.823305 0.846634
vt 0.629095 0.776273
vt 0.667270 0.764437
vt 0.710701 0.752036
vt 0.794559 0.762004
vt 0.832756 0.773766
vt 0.622855 0.746639
vt 0.659448 0.737827
vt 0.699620 0.723604
vt 0.802329 0.735379
vt 0.838940 0.744120
vt 0.612946 0.852421
vt 0.605626 0.818304
vt 0.856307 0.815752
vt 0.849053 0.849883
vt 0.598844 0.783134
vt 0.863021 0.780569
vt 0.589016 0.753579
vt 0.872791 0.750995
vt 0.530260 0.693584
vt 0.558918 0.686486
vt 0.953382 0.697380
vt 0.925056 0.688048
vt 0.896401 0.680941
vt 0.583945 0.681530
vt 0.797725 0.379204
vt 0.617137 0.382233
vt 0.578316 0.822987
vt 0.883626 0.820382
vt 0.833960 0.378139
vt 0.567733 0.788928
vt 0.894143 0.786302
vt 0.561251 0.756281
vt 0.900562 0.753643
vt 0.579449 0.384967
vt 0.545096 0.388189
vt 0.906003 0.384070
vt 0.871648 0.380860
vt 0.503083 0.388272
vt 0.948015 0.384138
vt 0.566818 0.504580
vt 0.525541 0.510706
vt 0.489448 0.511123
vt 0.929827 0.505171
vt 0.888552 0.499033
vt 0.805766 0.587141
vt 0.858779 0.477286
vt 0.654240 0.658671
vt 0.794276 0.658662
vt 0.471546 0.382256
vt 0.655049 0.514099
vt 0.750768 0.549614
vt 0.776106 0.565246
vt 0.673914 0.566092
vt 0.699026 0.550068
vt 0.756461 0.513294
vt 0.692746 0.513898
vt 0.731093 0.512980
vt 0.727360 0.544315
vt 0.722380 0.544326
vt 0.718023 0.513175
vt 0.980280 0.424473
vt 0.980830 0.381544
vt 0.961388 0.719202
vt 0.470833 0.428619
vt 0.470267 0.385691
vt 0.654329 0.618129
vt 0.921558 0.706541
vt 0.540163 0.709220
vt 0.480317 0.534783
vt 0.487922 0.514646
vt 0.773788 0.703933
vt 0.969805 0.651851
vt 0.499966 0.699784
vt 0.706997 0.889881
vt 0.475791 0.565395
vt 0.476533 0.611218
vt 0.762130 0.721234
vt 0.715420 0.846515
vt 0.751104 0.749688
vt 0.743326 0.796082
vt 0.721928 0.632995
vt 0.726585 0.632995
vt 0.748696 0.639303
vt 0.699819 0.639306
vt 0.770641 0.659002
vt 0.892116 0.703916
vt 0.795205 0.686266
vt 0.677876 0.659008
vt 0.653315 0.686275
vt 0.569601 0.706538
vt 0.853326 0.715500
vt 0.608413 0.718046
vt 0.809585 0.711175
vt 0.687928 0.706325
vt 0.965921 0.505598
vt 0.652145 0.713637
vt 0.881158 0.856638
vt 0.843919 0.874025
vt 0.580854 0.859238
vt 0.618127 0.876553
vt 0.910358 0.825045
vt 0.551593 0.827702
vt 0.717706 0.609465
vt 0.730805 0.609464
vt 0.756644 0.611533
vt 0.691866 0.611538
vt 0.794183 0.618120
vt 0.979551 0.378111
vt 0.500358 0.721957
vt 0.794180 0.512938
vt 0.946555 0.748568
vt 0.515248 0.751295
vt 0.929045 0.790739
vt 0.532840 0.793432
vt 0.816543 0.879483
vt 0.645513 0.881957
vt 0.785676 0.883830
vt 0.755074 0.887525
vt 0.501931 0.702909
vt 0.676389 0.886246
vt 0.644581 0.588431
vt 0.972433 0.453349
vt 0.596597 0.482841
vt 0.599072 0.485485
vt 0.856598 0.532591
vt 0.856303 0.479929
vt 0.534967 0.462307
vt 0.478690 0.457492
vt 0.865796 0.647335
vt 0.871436 0.672319
vt 0.871375 0.675978
vt 0.589532 0.652888
vt 0.583885 0.677870
vt 0.653372 0.383284
vt 0.856297 0.567791
vt 0.599054 0.573347
vt 0.857402 0.609263
vt 0.597937 0.614819
vn -0.532256 0.739012 0.412995
vn -0.384393 0.821313 0.421529
vn -0.412148 0.874765 0.254795
vn -0.545628 0.801262 0.245497
vn 0.000000 0.901539 0.432698
vn 0.000000 0.963401 0.268065
vn 0.384393 0.821313 0.421529
vn 0.412148 0.874765 0.254795
vn 0.532256 0.739012 0.412995
vn 0.545628 0.801262 0.245497
vn -0.456103 0.888838 -0.044009
vn -0.573156 0.816037 -0.074674
vn 0.000000 0.999959 -0.009038
vn 0.456103 0.888838 -0.044009
vn 0.573155 0.816037 -0.074673
vn -0.482523 0.838746 -0.252342
vn -0.593791 0.742640 -0.309673
vn -0.000000 0.977995 -0.208626
vn 0.482523 0.838746 -0.252342
vn 0.593791 0.742640 -0.309674
vn -0.669599 0.572934 0.472634
vn -0.669600 0.572934 0.472634
vn -0.669600 0.572934 0.472634
vn -0.669600 0.572934 0.472634
vn 0.669599 0.572934 0.472634
vn 0.669599 0.572934 0.472634
vn 0.669599 0.572934 0.472634
vn 0.669599 0.572934 0.472634
vn -0.777273 0.629059 0.011460
vn -0.777273 0.629059 0.011460
vn -0.777273 0.629059 0.011460
vn -0.777273 0.629059 0.011460
vn 0.777273 0.629059 0.011461
vn 0.777273 0.629059 0.011461
vn 0.777273 0.629059 0.011461
vn 0.777273 0.629059 0.011461
vn -0.744131 0.527484 -0.409914
vn -0.744131 0.527484 -0.409914
vn -0.744131 0.527484 -0.409914
vn -0.744131 0.527484 -0.409914
vn 0.744132 0.527484 -0.409914
vn 0.744132 0.527484 -0.409914
vn 0.744132 0.527484 -0.409914
vn 0.744132 0.527484 -0.409914
vn -0.533637 0.631539 0.562486
vn -0.533637 0.631539 0.562486
vn -0.533637 0.631539 0.562486
vn -0.533637 0.631539 0.562486
vn -0.190298 0.786030 0.588169
vn -0.190298 0.786030 0.588169
vn -0.190298 0.786030 0.588169
vn -0.190298 0.786030 0.588169
vn 0.190298 0.786030 0.588169
vn 0.190298 0.786030 0.588169
vn 0.190298 0.786030 0.588169
vn 0.190298 0.786030 0.588169
vn 0.533637 0.631538 0.562486
vn 0.533637 0.631538 0.562486
vn 0.533637 0.631538 0.562486
vn 0.533637 0.631538 0.562486
vn -0.660599 0.498699 0.561167
vn -0.660599 0.498699 0.561167
vn -0.660599 0.498699 0.561167
vn -0.660599 0.498699 0.561167
vn 0.660599 0.498699 0.561167
vn 0.660599 0.498699 0.561167
vn 0.660599 0.498699 0.561167
vn 0.660599 0.498699 0.561167
vn -0.824452 0.217568 0.522439
vn -0.824452 0.217568 0.522439
vn -0.824452 0.217568 0.522439
vn -0.824452 0.217568 0.522439
vn 0.824452 0.217568 0.522439
vn 0.824452 0.217568 0.522439
vn 0.824452 0.217568 0.522439
vn 0.824452 0.217568 0.522439
vn -0.941285 0.334158 -0.048173
vn -0.941285 0.334158 -0.048173
vn -0.941285 0.334158 -0.048173
vn -0.941285 0.334158 -0.048173
vn 0.941285 0.334158 -0.048173
vn 0.941285 0.334158 -0.048173
vn 0.941285 0.334158 -0.048173
vn 0.941285 0.334158 -0.048173
vn -0.872503 0.283801 -0.397737
vn -0.872504 0.283801 -0.397737
vn -0.872503 0.283801 -0.397737
vn -0.872504 0.283801 -0.397737
vn 0.872504 0.283801 -0.397737
vn 0.872504 0.283801 -0.397737
vn 0.872504 0.283801 -0.397737
vn 0.872504 0.283801 -0.397737
vn -0.983450 -0.180498 0.015703
vn -0.983450 -0.180498 0.015703
vn -0.983450 -0.180498 0.015703
vn -0.983450 -0.180498 0.015703
vn 0.983450 -0.180498 0.015702
vn 0.983450 -0.180498 0.015702
vn 0.983450 -0.180498 0.015702
vn 0.983450 -0.180498 0.015702
vn -0.924060 -0.163417 -0.345555
vn -0.924060 -0.163417 -0.345555
vn -0.924060 -0.163417 -0.345555
vn -0.924060 -0.163417 -0.345555
vn 0.924060 -0.163417 -0.345554
vn 0.924060 -0.163417 -0.345554
vn 0.924060 -0.163417 -0.345554
vn 0.924060 -0.163417 -0.345554
vn -0.468629 0.510616 -0.720873
vn -0.468629 0.510616 -0.720874
vn -0.468629 0.510616 -0.720874
vn -0.468629 0.510616 -0.720873
vn -0.363010 0.648051 -0.669518
vn -0.363010 0.648051 -0.669518
vn -0.363010 0.648051 -0.669518
vn -0.363010 0.648051 -0.669518
vn 0.363010 0.648051 -0.669517
vn 0.363010 0.648051 -0.669517
vn 0.363010 0.648051 -0.669517
vn 0.363010 0.648051 -0.669517
vn 0.468629 0.510616 -0.720873
vn 0.468629 0.510615 -0.720873
vn 0.468629 0.510616 -0.720873
vn 0.468629 0.510616 -0.720873
vn -0.593731 0.369482 -0.714820
vn -0.593731 0.369481 -0.714820
vn -0.593731 0.369481 -0.714820
vn -0.593731 0.369481 -0.714820
vn 0.593731 0.369482 -0.714820
vn 0.593731 0.369482 -0.714820
vn 0.593731 0.369482 -0.714820
vn 0.593731 0.369482 -0.714820
vn -0.661196 0.186576 -0.726642
vn -0.661196 0.186576 -0.726642
vn -0.661196 0.186576 -0.726642
vn -0.661196 0.186576 -0.726642
vn 0.661196 0.186576 -0.726642
vn 0.661196 0.186576 -0.726642
vn 0.661196 0.186576 -0.726642
vn 0.661196 0.186576 -0.726642
vn -0.740282 -0.156130 -0.653915
vn -0.740282 -0.156130 -0.653915
vn -0.740282 -0.156130 -0.653915
vn -0.740282 -0.156130 -0.653915
vn 0.740282 -0.156130 -0.653916
vn 0.740282 -0.156130 -0.653916
vn 0.740282 -0.156130 -0.653916
vn 0.740282 -0.156130 -0.653916
vn -0.307577 0.040523 -0.950660
vn -0.307577 0.040523 -0.950660
vn -0.307577 0.040523 -0.950660
vn -0.307577 0.040523 -0.950660
vn 0.307577 0.040523 -0.950660
vn 0.307577 0.040523 -0.950660
vn 0.307577 0.040523 -0.950660
vn 0.307577 0.040523 -0.950660
vn -0.467643 -0.297400 -0.832384
vn -0.467643 -0.297400 -0.832384
vn -0.467643 -0.297400 -0.832384
vn -0.467643 -0.297400 -0.832384
vn 0.467643 -0.297400 -0.832384
vn 0.467643 -0.297400 -0.832384
vn 0.467643 -0.297400 -0.832384
vn 0.467643 -0.297400 -0.832384
vn -0.224219 -0.442523 -0.868274
vn -0.224219 -0.442523 -0.868274
vn -0.224219 -0.442523 -0.868274
vn -0.224219 -0.442523 -0.868274
vn 0.224220 -0.442523 -0.868274
vn 0.224220 -0.442523 -0.868274
vn 0.224220 -0.442523 -0.868274
vn 0.224220 -0.442523 -0.868274
vn -0.000001 -0.497142 -0.867669
vn -0.000001 -0.497142 -0.867669
vn -0.000001 -0.497142 -0.867669
vn -0.000001 -0.497142 -0.867669
vn -0.865849 -0.244360 0.436571
vn -0.865849 -0.244360 0.436570
vn -0.865849 -0.244360 0.436570
vn 0.865849 -0.244360 0.436570
vn 0.865849 -0.244360 0.436570
vn 0.865849 -0.244359 0.436570
vn -0.829899 0.143046 0.539264
vn -0.829899 0.143046 0.539264
vn -0.829899 0.143046 0.539264
vn 0.829899 0.143046 0.539264
vn 0.829899 0.143046 0.539264
vn 0.829899 0.143046 0.539264
vn 0.532451 -0.739151 -0.412495
vn 0.545276 -0.801232 -0.246375
vn 0.412509 -0.874488 -0.255159
vn 0.384679 -0.821236 -0.421418
vn 0.000000 -0.963026 -0.269409
vn 0.000000 -0.901434 -0.432916
vn -0.412510 -0.874488 -0.255159
vn -0.384679 -0.821236 -0.421418
vn -0.545276 -0.801232 -0.246375
vn -0.532451 -0.739151 -0.412495
vn 0.572140 -0.817087 0.070888
vn 0.456329 -0.888818 0.042033
vn 0.000000 -0.999987 0.005121
vn -0.456329 -0.888818 0.042033
vn -0.572140 -0.817086 0.070888
vn 0.593845 -0.742613 0.309634
vn 0.482805 -0.838888 0.251330
vn 0.000000 -0.978526 0.206122
vn -0.482805 -0.838888 0.251330
vn -0.593845 -0.742613 0.309634
vn 0.669759 -0.573004 -0.472323
vn 0.669759 -0.573004 -0.472323
vn 0.669759 -0.573004 -0.472323
vn 0.669759 -0.573004 -0.472323
vn -0.669759 -0.573004 -0.472323
vn -0.669759 -0.573004 -0.472323
vn -0.669759 -0.573004 -0.472323
vn -0.669759 -0.573004 -0.472323
vn 0.777094 -0.629280 -0.011498
vn 0.777094 -0.629280 -0.011498
vn 0.777094 -0.629280 -0.011498
vn 0.777094 -0.629280 -0.011498
vn -0.777094 -0.629280 -0.011498
vn -0.777094 -0.629280 -0.011498
vn -0.777094 -0.629280 -0.011498
vn -0.777094 -0.629280 -0.011498
vn 0.743893 -0.527083 0.410861
vn 0.743893 -0.527083 0.410861
vn 0.743893 -0.527083 0.410861
vn 0.743893 -0.527083 0.410861
vn -0.743893 -0.527083 0.410861
vn -0.743893 -0.527083 0.410861
vn -0.743893 -0.527083 0.410862
vn -0.743893 -0.527083 0.410861
vn 0.533946 -0.631329 -0.562428
vn 0.533946 -0.631329 -0.562428
vn 0.533946 -0.631329 -0.562428
vn 0.533946 -0.631329 -0.562428
vn 0.190171 -0.785995 -0.588257
vn 0.190171 -0.785995 -0.588257
vn 0.190171 -0.785995 -0.588257
vn 0.190171 -0.785995 -0.588257
vn -0.190171 -0.785995 -0.588257
vn -0.190171 -0.785995 -0.588257
vn -0.190171 -0.785995 -0.588257
vn -0.190171 -0.785995 -0.588257
vn -0.533946 -0.631329 -0.562428
vn -0.533946 -0.631329 -0.562428
vn -0.533946 -0.631329 -0.562428
vn -0.533946 -0.631329 -0.562428
vn 0.661043 -0.498389 -0.560919
vn 0.661043 -0.498389 -0.560919
vn 0.661043 -0.498389 -0.560919
vn 0.661043 -0.498389 -0.560919
vn -0.661043 -0.498389 -0.560919
vn -0.661043 -0.498389 -0.560919
vn -0.661043 -0.498389 -0.560919
vn -0.661043 -0.498389 -0.560919
vn 0.824165 -0.216917 -0.523163
vn 0.824165 -0.216917 -0.523163
vn 0.824165 -0.216917 -0.523163
vn 0.824165 -0.216917 -0.523163
vn -0.824165 -0.216917 -0.523163
vn -0.824165 -0.216917 -0.523163
vn -0.824165 -0.216917 -0.523163
vn -0.824165 -0.216917 -0.523163
vn 0.940686 -0.335591 0.049895
vn 0.940686 -0.335591 0.049895
vn 0.940686 -0.335591 0.049895
vn 0.940686 -0.335591 0.049895
vn -0.940686 -0.335591 0.049895
vn -0.940686 -0.335591 0.049895
vn -0.940686 -0.335591 0.049895
vn -0.940686 -0.335591 0.049895
vn 0.872595 -0.283930 0.397443
vn 0.872595 -0.283930 0.397443
vn 0.872595 -0.283930 0.397443
vn 0.872595 -0.283930 0.397443
vn -0.872595 -0.283930 0.397443
vn -0.872595 -0.283930 0.397443
vn -0.872595 -0.283930 0.397443
vn -0.872595 -0.283930 0.397443
vn 0.983516 0.180024 -0.016953
vn 0.983516 0.180024 -0.016953
vn 0.983516 0.180024 -0.016953
vn 0.983516 0.180024 -0.016953
vn -0.983516 0.180024 -0.016953
vn -0.983516 0.180024 -0.016953
vn -0.983516 0.180024 -0.016953
vn -0.983516 0.180024 -0.016953
vn 0.924319 0.163388 0.344876
vn 0.924319 0.163388 0.344876
vn 0.924319 0.163388 0.344876
vn 0.924319 0.163388 0.344876
vn -0.924319 0.163388 0.344876
vn -0.924319 0.163388 0.344876
vn -0.924319 0.163388 0.344876
vn -0.924319 0.163388 0.344876
vn 0.469008 -0.510072 0.721012
vn 0.469008 -0.510072 0.721012
vn 0.469008 -0.510072 0.721012
vn 0.469008 -0.510072 0.721012
vn 0.364130 -0.648566 0.668410
vn 0.364130 -0.648566 0.668410
vn 0.364130 -0.648566 0.668410
vn 0.364130 -0.648566 0.668410
vn -0.364130 -0.648566 0.668410
vn -0.364130 -0.648566 0.668410
vn -0.364130 -0.648566 0.668410
vn -0.364130 -0.648566 0.668410
vn -0.469008 -0.510072 0.721012
vn -0.469008 -0.510072 0.721012
vn -0.469008 -0.510072 0.721012
vn -0.469008 -0.510072 0.721012
vn 0.594177 -0.369270 0.714558
vn 0.594177 -0.369270 0.714558
vn 0.594177 -0.369270 0.714558
vn 0.594177 -0.369270 0.714558
vn -0.594177 -0.369270 0.714558
vn -0.594177 -0.369270 0.714558
vn -0.594177 -0.369270 0.714558
vn -0.594177 -0.369270 0.714558
vn 0.661138 -0.186592 0.726691
vn 0.661138 -0.186592 0.726691
vn 0.661138 -0.186592 0.726691
vn 0.661138 -0.186592 0.726691
vn -0.661138 -0.186592 0.726691
vn -0.661138 -0.186592 0.726691
vn -0.661138 -0.186592 0.726691
vn -0.661139 -0.186592 0.726691
vn 0.740356 0.155486 0.653985
vn 0.740356 0.155486 0.653986
vn 0.740356 0.155486 0.653986
vn 0.740356 0.155486 0.653986
vn -0.740356 0.155486 0.653985
vn -0.740356 0.155486 0.653986
vn -0.740356 0.155486 0.653986
vn -0.740356 0.155486 0.653985
vn 0.306203 -0.041466 0.951063
vn 0.306203 -0.041466 0.951063
vn 0.306203 -0.041466 0.951063
vn 0.306203 -0.041466 0.951063
vn -0.306203 -0.041466 0.951063
vn -0.306203 -0.041466 0.951063
vn -0.306203 -0.041466 0.951063
vn -0.306203 -0.041466 0.951063
vn 0.467745 0.297106 0.832431
vn 0.467745 0.297106 0.832431
vn 0.467745 0.297106 0.832431
vn 0.467745 0.297106 0.832431
vn -0.467745 0.297106 0.832431
vn -0.467745 0.297106 0.832431
vn -0.467745 0.297106 0.832431
vn -0.467745 0.297106 0.832431
vn 0.224218 0.442522 0.868274
vn 0.224218 0.442522 0.868274
vn 0.224218 0.442522 0.868274
vn 0.224218 0.442522 0.868274
vn -0.224218 0.442522 0.868274
vn -0.224218 0.442522 0.868274
vn -0.224218 0.442522 0.868274
vn -0.224218 0.442522 0.868274
vn 0.000000 0.497142 0.867669
vn 0.000000 0.497142 0.867669
vn 0.000000 0.497142 0.867669
vn 0.000000 0.497142 0.867669
vn 0.866151 0.243687 -0.436347
vn 0.866151 0.243687 -0.436347
vn 0.866151 0.243687 -0.436347
vn -0.866151 0.243687 -0.436347
vn -0.866151 0.243687 -0.436347
vn -0.866151 0.243687 -0.436347
vn 0.829652 -0.142103 -0.539894
vn 0.829652 -0.142103 -0.539894
vn 0.829652 -0.142103 -0.539894
vn -0.829652 -0.142103 -0.539894
vn -0.829652 -0.142103 -0.539894
vn -0.829652 -0.142103 -0.539894
vn 0.114728 -0.654789 0.747053
vn 0.046840 -0.624078 0.779957
vn 0.043942 -0.622042 0.781750
vn 0.103717 -0.650932 0.752018
vn -0.000000 -0.610208 0.792241
vn -0.000000 -0.610209 0.792241
vn -0.046840 -0.624078 0.779957
vn -0.043942 -0.622042 0.781750
vn -0.114728 -0.654789 0.747054
vn -0.103717 -0.650931 0.752018
vn 0.082181 -0.731457 0.676917
vn 0.095864 -0.721380 0.685872
vn -0.082173 -0.731454 0.676921
vn -0.095857 -0.721378 0.685875
vn 0.099612 -0.911109 0.399947
vn 0.151438 -0.913342 0.377986
vn 0.149759 -0.913402 0.378508
vn 0.087649 -0.910501 0.404111
vn -0.151432 -0.913342 0.377988
vn -0.099612 -0.911109 0.399947
vn -0.087649 -0.910501 0.404112
vn -0.149754 -0.913402 0.378511
vn -0.066540 -0.890598 0.449897
vn -0.083964 -0.886961 0.454149
vn 0.066540 -0.890598 0.449897
vn 0.083964 -0.886960 0.454149
vn 0.508816 -0.510658 -0.693062
vn 0.583692 -0.420080 -0.694864
vn 0.583692 -0.420080 -0.694864
vn 0.491444 -0.529593 -0.691386
vn 0.397515 -0.620893 -0.675628
vn 0.397515 -0.620893 -0.675628
vn -0.508815 -0.510657 -0.693064
vn -0.397513 -0.620892 -0.675630
vn -0.397513 -0.620892 -0.675630
vn -0.491442 -0.529592 -0.691388
vn -0.583691 -0.420079 -0.694866
vn -0.583691 -0.420079 -0.694866
vn 0.865317 0.130917 -0.483825
vn 0.861307 0.332007 -0.384605
vn 0.861698 0.329031 -0.386283
vn 0.865317 0.130917 -0.483825
vn -0.861308 0.332007 -0.384604
vn -0.865318 0.130916 -0.483824
vn -0.865318 0.130916 -0.483824
vn -0.861699 0.329031 -0.386282
vn -0.186201 -0.868838 0.458748
vn -0.187389 -0.870068 0.455924
vn 0.186200 -0.868838 0.458748
vn 0.187388 -0.870068 0.455924
vn 0.788961 0.551083 -0.271750
vn 0.787039 0.553627 -0.272152
vn 0.753589 0.595442 -0.278482
vn 0.753589 0.595442 -0.278482
vn -0.753589 0.595442 -0.278481
vn -0.788961 0.551083 -0.271750
vn -0.787039 0.553627 -0.272152
vn -0.753589 0.595442 -0.278481
vn -0.154938 -0.880299 0.448406
vn -0.148295 -0.880956 0.449360
vn 0.154938 -0.880299 0.448406
vn 0.148295 -0.880956 0.449360
vn 0.314320 0.866821 -0.387072
vn 0.263141 0.875552 -0.405174
vn 0.257935 0.876286 -0.406931
vn 0.314320 0.866821 -0.387072
vn -0.061428 -0.883976 0.463479
vn -0.059377 -0.883880 0.463929
vn 0.061428 -0.883977 0.463478
vn 0.059377 -0.883881 0.463928
vn -0.263140 0.875552 -0.405174
vn -0.314319 0.866821 -0.387073
vn -0.314319 0.866821 -0.387073
vn -0.257934 0.876286 -0.406932
vn 0.069022 -0.834956 0.545971
vn 0.080713 -0.861348 0.501562
vn -0.069010 -0.834952 0.545978
vn -0.080703 -0.861348 0.501565
s 1
g Head_uv HairScarf
usemtl standardSurface7SG
f 499/652/951 500/653/952 501/654/953 502/655/954
f 500/653/952 503/656/955 504/807/956 501/654/953
f 503/803/955 505/658/957 506/659/958 504/657/956
f 505/658/957 507/660/959 508/661/960 506/659/958
f 502/655/954 501/654/953 509/662/961 510/663/962
f 501/654/953 504/807/956 511/806/963 509/662/961
f 504/657/956 506/659/958 512/665/964 511/664/963
f 506/659/958 508/661/960 513/666/965 512/665/964
f 510/663/962 509/662/961 514/667/966 515/668/967
f 509/662/961 511/806/963 516/800/968 514/667/966
f 511/664/963 512/665/964 517/670/969 516/669/968
f 512/665/964 513/666/965 518/671/970 517/670/969
s off
f 499/652/971 502/655/972 519/869/973 520/863/974
f 508/661/975 507/660/976 521/860/977 522/868/978
f 502/655/979 510/663/980 523/867/981 519/869/982
f 513/666/983 508/661/984 522/868/985 524/866/986
f 510/663/987 515/668/988 525/678/989 523/867/990
f 518/671/991 513/666/992 524/866/993 526/856/994
f 500/653/995 499/652/996 527/680/997 528/681/998
f 503/656/999 500/653/1000 528/681/1001 529/804/1002
f 505/658/1003 503/803/1004 529/682/1005 530/683/1006
f 507/660/1007 505/658/1008 530/683/1009 531/684/1010
f 499/652/1011 520/863/1012 532/864/1013 527/680/1014
f 521/860/1015 507/660/1016 531/684/1017 533/861/1018
f 520/673/1019 519/672/1020 534/687/1021 535/688/1022
f 522/675/1023 521/674/1024 536/689/1025 537/690/1026
f 519/672/1027 523/676/1028 538/691/1029 534/687/1030
f 524/677/1031 522/675/1032 537/690/1033 539/692/1034
f 523/676/1035 525/858/1036 540/693/1037 538/691/1038
f 526/679/1039 524/677/1040 539/692/1041 541/694/1042
f 534/687/1043 538/691/1044 542/695/1045 543/696/1046
f 539/692/1047 537/690/1048 544/697/1049 545/698/1050
f 538/691/1051 540/693/1052 546/699/1053 542/695/1054
f 541/694/1055 539/692/1056 545/698/1057 547/700/1058
f 515/668/1059 514/667/1060 548/701/1061 549/702/1062
f 514/667/1063 516/800/1064 550/801/1065 548/701/1066
f 516/669/1067 517/670/1068 551/704/1069 550/703/1070
f 517/670/1071 518/671/1072 552/705/1073 551/704/1074
f 525/678/1075 515/668/1076 549/702/1077 553/855/1078
f 518/671/1079 526/856/1080 554/857/1081 552/705/1082
f 540/693/1083 525/858/1084 553/859/1085 555/795/1086
f 526/679/1087 541/694/1088 556/792/1089 554/853/1090
f 546/699/1091 540/693/1092 555/795/1093 557/796/1094
f 541/694/1095 547/700/1096 558/793/1097 556/792/1098
f 555/708/1099 553/706/1100 559/712/1101 560/713/1102
f 554/707/1103 556/709/1104 561/714/1105 562/715/1106
f 557/710/1107 555/708/1108 560/713/1109 563/716/1110
f 556/709/1111 558/711/1112 564/717/1113 561/714/1114
f 563/716/1115 560/713/1116 565/718/1117 566/719/1118
f 561/714/1119 564/717/1120 567/720/1121 568/721/1122
f 566/719/1123 565/718/1124 568/721/1125 567/720/1126
f 535/688/1127 534/687/1128 543/696/1129
f 537/690/1130 536/689/1131 544/697/1132
f 532/685/1133 520/673/1134 535/688/1135
f 521/674/1136 533/686/1137 536/689/1138
s 2
f 429/722/1139 434/723/1140 435/724/1141 430/725/1142
f 430/725/1142 435/724/1141 436/726/1143 431/809/1144
f 431/727/1144 436/811/1143 437/728/1145 432/729/1146
f 432/729/1146 437/728/1145 438/730/1147 433/731/1148
f 434/723/1140 439/732/1149 440/733/1150 435/724/1141
f 435/724/1141 440/733/1150 441/734/1151 436/726/1143
f 436/811/1143 441/810/1151 442/735/1152 437/728/1145
f 437/728/1145 442/735/1152 443/736/1153 438/730/1147
f 439/732/1149 444/737/1154 445/738/1155 440/733/1150
f 440/733/1150 445/738/1155 446/739/1156 441/734/1151
f 441/810/1151 446/808/1156 447/740/1157 442/735/1152
f 442/735/1152 447/740/1157 448/741/1158 443/736/1153
s off
f 429/722/1159 449/742/1160 450/743/1161 434/723/1162
f 438/730/1163 452/744/1164 451/745/1165 433/731/1166
f 434/723/1167 450/743/1168 453/746/1169 439/732/1170
f 443/736/1171 454/747/1172 452/744/1173 438/730/1174
f 439/732/1175 453/746/1176 455/748/1177 444/737/1178
f 448/741/1179 456/749/1180 454/747/1181 443/736/1182
f 430/725/1183 458/851/1184 457/847/1185 429/722/1186
f 431/809/1187 459/805/1188 458/851/1189 430/725/1190
f 432/729/1191 460/848/1192 459/849/1193 431/727/1194
f 433/731/1195 461/846/1196 460/848/1197 432/729/1198
f 429/722/1199 457/847/1200 462/831/1201 449/742/1202
f 451/745/1203 463/829/1204 461/846/1205 433/731/1206
f 449/742/1207 464/830/1208 465/758/1209 450/743/1210
f 452/744/1211 467/759/1212 466/828/1213 451/745/1214
f 450/743/1215 465/758/1216 468/761/1217 453/746/1218
f 454/747/1219 469/762/1220 467/759/1221 452/744/1222
f 453/746/1223 468/761/1224 470/763/1225 455/748/1226
f 456/749/1227 471/764/1228 469/762/1229 454/747/1230
f 465/758/1231 472/833/1232 473/845/1233 468/761/1234
f 469/762/1235 475/844/1236 474/832/1237 467/759/1238
f 468/761/1239 473/845/1240 476/843/1241 470/763/1242
f 471/764/1243 477/842/1244 475/844/1245 469/762/1246
f 444/737/1247 478/823/1248 479/827/1249 445/738/1250
f 445/738/1251 479/827/1252 480/825/1253 446/739/1254
f 446/808/1255 480/802/1256 481/824/1257 447/740/1258
f 447/740/1259 481/824/1260 482/822/1261 448/741/1262
f 455/748/1263 483/821/1264 478/823/1265 444/737/1266
f 448/741/1267 482/822/1268 484/817/1269 456/749/1270
f 470/763/1271 485/799/1272 483/821/1273 455/748/1274
f 456/749/1275 484/817/1276 486/798/1277 471/764/1278
f 476/843/1279 487/840/1280 485/799/1281 470/763/1282
f 471/764/1283 486/798/1284 488/794/1285 477/842/1286
f 485/778/1287 490/815/1288 489/819/1289 483/820/1290
f 484/818/1291 491/816/1292 492/814/1293 486/779/1294
f 487/797/1295 493/837/1296 490/815/1297 485/778/1298
f 486/779/1299 492/814/1300 494/836/1301 488/838/1302
f 493/837/1303 496/834/1304 495/812/1305 490/815/1306
f 492/814/1307 497/813/1308 498/835/1309 494/836/1310
f 496/834/1311 498/835/1312 497/813/1313 495/812/1314
f 464/830/1315 472/833/1316 465/758/1317
f 467/759/1318 474/832/1319 466/828/1320
f 462/831/1321 464/830/1322 449/742/1323
f 451/745/1324 466/828/1325 463/829/1326
s 3
f 457/751/1327 458/750/1328 528/681/1329 527/680/1330
f 458/750/1328 459/850/1331 529/804/1332 528/681/1329
f 459/752/1331 460/753/1333 530/683/1334 529/682/1332
f 460/753/1333 461/754/1335 531/684/1336 530/683/1334
f 462/755/1337 457/751/1327 527/680/1330 532/864/1338
f 461/754/1335 463/862/1339 533/861/1340 531/684/1336
f 473/766/1341 472/765/1342 543/696/1343 542/695/1344
f 474/768/1345 475/767/1346 545/698/1347 544/697/1348
f 476/769/1349 473/766/1341 542/695/1344 546/699/1350
f 475/767/1346 477/770/1351 547/700/1352 545/698/1347
s 6
f 479/772/1353 478/771/1354 549/702/1355 548/701/1356
f 480/773/1357 479/772/1353 548/701/1356 550/801/1358
s 7
f 481/774/1359 480/826/1360 550/703/1361 551/704/1362
f 482/775/1363 481/774/1359 551/704/1362 552/705/1364
s 8
f 478/771/1365 483/854/1366 553/855/1367 549/702/1368
s 9
f 484/777/1369 482/775/1370 552/705/1371 554/857/1372
s 3
f 487/780/1373 476/769/1349 546/699/1350 557/796/1374
f 477/770/1351 488/839/1375 558/793/1376 547/700/1352
s 8
f 483/776/1366 489/783/1377 559/712/1378 553/706/1367
f 489/783/1377 490/782/1379 560/713/1380 559/712/1378
s 9
f 492/785/1381 491/784/1382 562/715/1383 561/714/1384
f 491/784/1382 484/852/1369 554/707/1372 562/715/1383
s 3
f 493/786/1385 487/841/1373 557/710/1374 563/716/1386
f 488/781/1375 494/787/1387 564/717/1388 558/711/1376
s 10
f 490/782/1389 495/789/1390 565/718/1391 560/713/1392
s 3
f 496/788/1393 493/786/1385 563/716/1386 566/719/1394
f 494/787/1387 498/791/1395 567/720/1396 564/717/1388
s 10
f 497/790/1397 492/785/1398 561/714/1399 568/721/1400
f 495/789/1390 497/790/1397 568/721/1400 565/718/1391
s 3
f 498/791/1395 496/788/1393 566/719/1394 567/720/1396
f 472/765/1342 464/757/1401 535/688/1402 543/696/1343
f 466/760/1403 474/768/1345 544/697/1348 536/689/1404
f 464/757/1401 462/865/1337 532/685/1338 535/688/1402
f 463/756/1339 466/760/1403 536/689/1404 533/686/1340
g default
v -2.039798 -4.306696 0.937292
v -0.992569 -4.449508 1.523581
v -0.000000 -4.516535 1.604495
v 0.992569 -4.449508 1.523581
v 2.039798 -4.306696 0.937292
v -1.746393 -1.330729 0.961762
v -0.918856 -1.402130 1.495618
v 0.000000 -1.402130 1.604495
v 0.918856 -1.402130 1.495618
v 1.746393 -1.330729 0.961762
v -1.541532 -0.053655 0.873754
v -0.755286 -0.075066 1.439007
v -0.000000 -0.095685 1.546006
v 0.755286 -0.075066 1.439007
v 1.541532 -0.053655 0.873754
v -1.381144 0.510139 0.782160
v -0.664895 0.530200 1.307270
v -0.000000 0.535677 1.478625
v 0.664895 0.530200 1.307270
v 1.381144 0.510139 0.782160
v -1.452624 2.832939 1.061715
v -0.632791 2.832939 1.485044
v 0.000000 2.832939 1.604495
v 0.632791 2.832939 1.485044
v 1.452624 2.832939 1.061715
v -0.998873 4.742143 1.192202
v -0.499437 4.742143 1.345908
v 0.000000 4.742143 1.482703
v 0.499437 4.742143 1.345907
v 0.998873 4.742143 1.192202
v -2.360974 -4.183472 -0.187219
v -2.082892 -1.245544 -0.046087
v 2.360974 -4.183472 -0.187219
v 2.082892 -1.245544 -0.046087
v -1.826946 -0.036886 -0.010258
v 1.826946 -0.036886 -0.010258
v -1.704290 0.542152 0.022653
v 1.704290 0.542152 0.022653
v -2.193189 -4.183474 -1.105660
v -1.848143 -1.234497 -1.081295
v 2.193189 -4.183474 -1.105659
v 1.848143 -1.234497 -1.081294
v -1.550576 -0.149081 -1.060805
v 1.550576 -0.149082 -1.060806
v -1.363519 0.467298 -0.889828
v 1.363519 0.467299 -0.889828
v 2.026646 -2.772082 -1.065658
v 2.239866 -2.777542 -0.109808
v 1.910567 -2.876609 0.950714
v 0.987065 -2.977915 1.508243
v 0.000000 -3.008900 1.604495
v -0.987065 -2.977915 1.508243
v -1.910567 -2.876609 0.950714
v -2.239866 -2.777542 -0.109808
v -2.026647 -2.772082 -1.065658
v -0.886963 -0.214681 -1.086823
v -0.841232 0.412717 -0.983109
v 0.886963 -0.214682 -1.086824
v 0.841232 0.412718 -0.983109
v -0.312918 -0.226624 -1.202537
v -0.355403 0.372745 -1.098680
v 0.312917 -0.226625 -1.202537
v 0.355403 0.372746 -1.098680
v -1.058290 5.348030 0.840123
v -0.519568 5.379678 0.888824
v 0.519568 5.379678 0.888824
v 1.058290 5.348030 0.840123
v -1.093034 5.576085 0.481805
v -0.525312 5.689045 0.530506
v 0.525312 5.689045 0.530506
v 1.093034 5.576085 0.481805
v -1.131346 5.673576 -0.010161
v -0.563624 5.788000 0.012518
v 0.563625 5.788000 0.012518
v 1.131347 5.673576 -0.010161
v -1.190064 5.653871 -0.574224
v -0.622139 5.767600 -0.578674
v 0.622140 5.767600 -0.578675
v 1.190064 5.653871 -0.574223
v -1.178278 5.397067 -0.899214
v -0.653355 5.485706 -0.995836
v 0.653355 5.485706 -0.995837
v 1.178279 5.397067 -0.899214
v -1.141875 4.981030 -0.974937
v -0.620908 4.981030 -1.074032
v 0.620908 4.981030 -1.074033
v 1.141876 4.981030 -0.974936
v -0.984899 3.546348 -0.928160
v -0.476968 3.546348 -1.033154
v 0.476968 3.546348 -1.033155
v 0.984899 3.546348 -0.928159
v -2.108494 -4.293399 1.008123
v -1.016366 -4.446302 1.621678
v -1.014317 -2.973281 1.605970
v -1.983992 -2.859630 1.019974
v -0.000000 -4.515861 1.704806
v -0.000000 -3.007942 1.704906
v 1.016367 -4.446302 1.621678
v 1.014317 -2.973281 1.605970
v 2.108494 -4.293399 1.008123
v 1.983992 -2.859630 1.019974
v -1.823419 -1.303539 1.026727
v -0.952002 -1.391039 1.592072
v -0.797176 -0.053186 1.531827
v -1.626054 -0.019288 0.934294
v 0.000000 -1.397999 1.705161
v -0.000000 -0.081364 1.647093
v 0.952002 -1.391039 1.592072
v 0.797176 -0.053186 1.531827
v 1.823419 -1.303539 1.026727
v 1.626054 -0.019288 0.934294
v -0.709899 0.535296 1.402102
v -1.478087 0.508196 0.846703
v -0.000000 0.538677 1.582668
v 0.709899 0.535296 1.402102
v 1.478087 0.508196 0.846703
v -0.668350 2.831173 1.580092
v -1.501959 2.825882 1.149300
v 0.000000 2.830990 1.707724
v 0.668350 2.831173 1.580092
v 1.501959 2.825882 1.149300
v -1.042302 4.778060 1.280501
v -0.519842 4.774099 1.441665
v 0.000000 4.749935 1.584921
v 0.519843 4.774099 1.441664
v 1.042301 4.778060 1.280501
v -2.332089 -2.751282 -0.104085
v -2.447959 -4.162357 -0.180973
v 2.332089 -2.751282 -0.104085
v 2.447959 -4.162357 -0.180973
v -1.930990 0.007456 -0.008996
v -2.178155 -1.207923 -0.041778
v 2.178155 -1.207923 -0.041778
v 1.930990 0.007456 -0.008996
v -1.809411 0.585917 0.021680
v 1.809411 0.585916 0.021680
v -2.112328 -2.745395 -1.088350
v -2.274564 -4.161852 -1.127217
v 2.112328 -2.745395 -1.088350
v 2.274563 -4.161852 -1.127216
v -1.635562 -0.099552 -1.124536
v -1.934590 -1.197515 -1.106509
v 1.934590 -1.197515 -1.106508
v 1.635562 -0.099553 -1.124536
v -1.432810 0.514869 -0.968877
v 1.432810 0.514870 -0.968877
v -0.864592 0.428057 -1.080978
v -0.907379 -0.189348 -1.181482
v 0.907379 -0.189350 -1.181482
v 0.864592 0.428058 -1.080978
v -0.371252 0.383651 -1.198523
v -0.323569 -0.207266 -1.300650
v 0.323569 -0.207267 -1.300650
v 0.371252 0.383652 -1.198523
v -0.536752 5.447458 0.962452
v -1.075474 5.415810 0.913750
v 1.075474 5.415810 0.913750
v 0.536752 5.447458 0.962451
v -0.544200 5.780567 0.572496
v -1.111922 5.667607 0.523795
v 1.111922 5.667607 0.523795
v 0.544200 5.780567 0.572495
v -0.583926 5.886067 0.022018
v -1.151647 5.771642 -0.000661
v 1.151648 5.771643 -0.000661
v 0.583926 5.886067 0.022018
v -0.643863 5.864784 -0.610753
v -1.211787 5.751055 -0.606303
v 1.211788 5.751055 -0.606303
v 0.643863 5.864784 -0.610754
v -0.676392 5.540817 -1.085950
v -1.201316 5.452177 -0.989328
v 1.201316 5.452178 -0.989327
v 0.676393 5.540817 -1.085950
v -0.640516 4.985944 -1.172473
v -1.161484 4.985944 -1.073377
v 1.161484 4.985944 -1.073377
v 0.640517 4.985944 -1.172474
v -0.498003 3.539430 -1.130704
v -1.005934 3.539430 -1.025710
v 1.005934 3.539430 -1.025709
v 0.498003 3.539430 -1.130704
vt 0.403643 0.655890
vt 0.450378 0.648592
vt 0.452110 0.696301
vt 0.411681 0.702112
vt 0.489709 0.645030
vt 0.489942 0.694528
vt 0.529028 0.648237
vt 0.527778 0.695911
vt 0.575719 0.655060
vt 0.568223 0.701288
vt 0.418061 0.754730
vt 0.454613 0.750446
vt 0.458923 0.795489
vt 0.422139 0.800222
vt 0.490241 0.750291
vt 0.490501 0.795836
vt 0.525863 0.750045
vt 0.522071 0.795128
vt 0.562451 0.753916
vt 0.558904 0.799443
vt 0.461581 0.819184
vt 0.427949 0.819806
vt 0.490619 0.816571
vt 0.519684 0.818849
vt 0.553331 0.819095
vt 0.468980 0.891934
vt 0.441387 0.891280
vt 0.491039 0.891655
vt 0.513096 0.891647
vt 0.540719 0.890974
vt 0.897078 0.934948
vt 0.871414 0.941361
vt 0.491374 0.951213
vt 0.954094 0.944705
vt 0.932094 0.936043
vt 0.373247 0.710686
vt 0.361503 0.667067
vt 0.606696 0.709400
vt 0.617884 0.665741
vt 0.382716 0.805909
vt 0.379953 0.760671
vt 0.600613 0.759408
vt 0.598390 0.804662
vt 0.383773 0.825019
vt 0.597561 0.823781
vt 0.343721 0.714949
vt 0.335040 0.676268
vt 0.636206 0.713291
vt 0.644357 0.674616
vt 0.806886 0.738751
vt 0.344161 0.761154
vt 0.636404 0.759449
vt 0.676328 0.738746
vt 0.800038 0.756951
vt 0.683178 0.756946
vt 0.894160 0.702024
vt 0.777467 0.736981
vt 0.705754 0.736979
vt 0.937944 0.699417
vt 0.880055 0.698676
vt 0.753871 0.736741
vt 0.729355 0.736730
vt 0.950213 0.696902
vt 0.875103 0.906304
vt 0.899923 0.905908
vt 0.930696 0.908284
vt 0.953995 0.909935
vt 0.876707 0.880427
vt 0.904242 0.879413
vt 0.927884 0.882174
vt 0.954538 0.883951
vt 0.877250 0.849300
vt 0.904169 0.847094
vt 0.926783 0.848491
vt 0.954539 0.850908
vt 0.878629 0.818698
vt 0.905777 0.814665
vt 0.926426 0.810238
vt 0.953523 0.814235
vt 0.877330 0.792246
vt 0.900420 0.791391
vt 0.930653 0.785761
vt 0.952434 0.785877
vt 0.877366 0.781750
vt 0.896013 0.782641
vt 0.934202 0.776780
vt 0.951934 0.775343
vt 0.873517 0.756394
vt 0.888179 0.757447
vt 0.939393 0.751891
vt 0.953221 0.750812
vt 0.400826 0.646971
vt 0.811290 0.467797
vt 0.763447 0.463744
vt 0.448569 0.638121
vt 0.721979 0.463536
vt 0.489663 0.633997
vt 0.680511 0.463735
vt 0.530737 0.637768
vt 0.632668 0.467778
vt 0.578438 0.646121
vt 0.805167 0.512038
vt 0.798657 0.550226
vt 0.755189 0.545260
vt 0.760735 0.507613
vt 0.721971 0.546299
vt 0.721974 0.509250
vt 0.688752 0.545253
vt 0.683214 0.507604
vt 0.645283 0.550210
vt 0.638781 0.512021
vt 0.422584 0.825754
vt 0.753161 0.566370
vt 0.721968 0.564477
vt 0.690775 0.566363
vt 0.558772 0.824984
vt 0.434355 0.892598
vt 0.745735 0.630011
vt 0.721962 0.628938
vt 0.698188 0.630006
vt 0.547705 0.891753
vt 0.448565 0.956665
vt 0.864536 0.939011
vt 0.491429 0.960841
vt 0.510595 0.964642
vt 0.925637 0.934369
vt 0.359817 0.662212
vt 0.858566 0.476218
vt 0.585389 0.476189
vt 0.619517 0.660861
vt 0.851542 0.520841
vt 0.846688 0.558165
vt 0.597251 0.558139
vt 0.592404 0.520813
vt 0.384155 0.831430
vt 0.597255 0.830196
vt 0.332070 0.671499
vt 0.338035 0.715049
vt 0.641893 0.713309
vt 0.649554 0.674522
vt 0.338194 0.760431
vt 0.331178 0.796363
vt 0.678010 0.732786
vt 0.642361 0.758649
vt 0.797557 0.763289
vt 0.639968 0.832176
vt 0.778189 0.729228
vt 0.899004 0.702156
vt 0.709190 0.758396
vt 0.705021 0.729223
vt 0.753925 0.728770
vt 0.757091 0.758015
vt 0.954826 0.696468
vt 0.729304 0.728813
vt 0.905995 0.905343
vt 0.869230 0.904881
vt 0.959799 0.908790
vt 0.924929 0.907446
vt 0.908236 0.879199
vt 0.872878 0.879892
vt 0.958327 0.883571
vt 0.924042 0.881927
vt 0.906352 0.847075
vt 0.875088 0.849225
vt 0.956611 0.850724
vt 0.924675 0.848515
vt 0.909145 0.814670
vt 0.875349 0.818941
vt 0.956755 0.814418
vt 0.923218 0.810287
vt 0.907267 0.790890
vt 0.870898 0.794140
vt 0.958701 0.787463
vt 0.923909 0.785837
vt 0.902116 0.782487
vt 0.871469 0.783216
vt 0.957751 0.776900
vt 0.928089 0.777171
vt 0.892276 0.757382
vt 0.869197 0.756518
vt 0.957571 0.750897
vt 0.935173 0.751725
vt 0.510977 0.953695
vt 0.526266 0.956393
vt 0.678846 0.682283
vt 0.960323 0.942474
vt 0.456536 0.956787
vt 0.471801 0.953915
vt 0.742917 0.680608
vt 0.843348 0.927354
vt 0.707194 0.751212
vt 0.726452 0.750354
vt 0.726817 0.714612
vt 0.776022 0.751221
vt 0.756768 0.750359
vt 0.875229 0.697949
vt 0.967581 0.698230
vt 0.778169 0.714178
vt 0.640808 0.796447
vt 0.642758 0.822127
vt 0.682892 0.713796
vt 0.340210 0.798204
vt 0.338557 0.823893
vt 0.898666 0.581744
vt 0.542746 0.557135
vt 0.805204 0.732792
vt 0.535056 0.447217
vt 0.647290 0.669827
vt 0.908906 0.447257
vt 0.329845 0.676260
vt 0.898887 0.483586
vt 0.897186 0.524362
vt 0.545067 0.483549
vt 0.546759 0.524326
vt 0.649818 0.794495
vt 0.901193 0.557173
vt 0.576951 0.437400
vt 0.867013 0.437431
vt 0.627747 0.428107
vt 0.816219 0.428127
vt 0.680399 0.424067
vt 0.721983 0.423304
vt 0.763568 0.424076
vt 0.545268 0.581707
vt 0.685660 0.763283
vt 0.705049 0.714175
vt 0.800323 0.713802
vt 0.341466 0.833907
vt 0.774027 0.758404
vt 0.599926 0.575142
vt 0.844009 0.575168
vt 0.534228 0.956183
vt 0.666474 0.631972
vt 0.777449 0.631984
vt 0.765066 0.682292
vt 0.650904 0.569235
vt 0.793032 0.569250
vt 0.721957 0.678724
vt 0.700996 0.680603
vt 0.472307 0.964858
vt 0.970788 0.751767
vt 0.933279 0.699169
vt 0.855657 0.757724
vt 0.861105 0.698742
vt 0.977035 0.778569
vt 0.852191 0.786055
vt 0.979980 0.787675
vt 0.849623 0.795516
vt 0.983197 0.811314
vt 0.848698 0.817485
vt 0.983756 0.847876
vt 0.848317 0.845579
vt 0.984414 0.880116
vt 0.846552 0.874602
vt 0.982884 0.905210
vt 0.846027 0.898858
vt 0.981549 0.932977
vt 0.903535 0.932974
vt 0.756395 0.714588
vt 0.726128 0.757986
vn -0.500530 0.022940 0.865415
vn -0.309296 0.014766 0.950851
vn -0.330269 0.019851 0.943678
vn -0.512442 0.030357 0.858185
vn 0.000000 0.005297 0.999986
vn 0.000000 0.005842 0.999983
vn 0.309296 0.014766 0.950851
vn 0.330269 0.019851 0.943678
vn 0.500531 0.022940 0.865415
vn 0.512442 0.030357 0.858185
vn -0.538965 0.074633 0.839015
vn -0.351667 0.053257 0.934609
vn -0.361062 0.123521 0.924325
vn -0.558354 0.168983 0.812210
vn -0.000000 0.025516 0.999674
vn -0.000000 0.083643 0.996496
vn 0.351667 0.053257 0.934609
vn 0.361062 0.123521 0.924325
vn 0.538965 0.074633 0.839016
vn 0.558354 0.168983 0.812210
vn -0.422061 -0.008732 0.906526
vn -0.538043 0.001559 0.842916
vn 0.000000 -0.008887 0.999961
vn 0.422061 -0.008732 0.906526
vn 0.538043 0.001559 0.842916
vn -0.351503 -0.026107 0.935823
vn -0.510342 -0.061398 0.857777
vn 0.000000 -0.005242 0.999986
vn 0.351503 -0.026107 0.935823
vn 0.510342 -0.061398 0.857777
vn -0.406845 0.062101 0.911384
vn -0.242740 0.079215 0.966852
vn 0.000000 0.076129 0.997098
vn 0.242739 0.079215 0.966852
vn 0.406844 0.062101 0.911384
vn -0.954049 0.071535 0.290985
vn -0.949957 0.080711 0.301773
vn -0.950579 0.079347 0.300172
vn -0.954049 0.071535 0.290985
vn 0.950579 0.079347 0.300172
vn 0.949957 0.080711 0.301772
vn 0.954050 0.071535 0.290985
vn 0.954050 0.071535 0.290985
vn -0.941566 0.122585 0.313729
vn -0.928273 0.186842 0.321557
vn -0.927700 0.188550 0.322213
vn -0.941834 0.120794 0.313621
vn 0.928273 0.186842 0.321557
vn 0.941566 0.122585 0.313729
vn 0.941834 0.120794 0.313621
vn 0.927700 0.188551 0.322213
vn -0.909061 0.239121 0.341217
vn -0.909061 0.239121 0.341217
vn 0.909061 0.239121 0.341217
vn 0.909061 0.239121 0.341217
vn -0.974642 0.103974 -0.198146
vn -0.971915 0.105879 -0.210167
vn -0.972160 0.105713 -0.209118
vn -0.974642 0.103974 -0.198146
vn 0.972160 0.105713 -0.209118
vn 0.971915 0.105879 -0.210167
vn 0.974642 0.103974 -0.198146
vn 0.974642 0.103974 -0.198146
vn -0.943665 0.224356 -0.243228
vn -0.943665 0.224356 -0.243228
vn -0.943665 0.224356 -0.243228
vn -0.943665 0.224356 -0.243228
vn 0.943665 0.224356 -0.243228
vn 0.943665 0.224356 -0.243228
vn 0.943665 0.224356 -0.243228
vn 0.943665 0.224356 -0.243228
vn -0.902967 0.294401 -0.313015
vn -0.902967 0.294401 -0.313015
vn -0.902967 0.294401 -0.313015
vn -0.902967 0.294401 -0.313015
vn 0.902967 0.294401 -0.313015
vn 0.902967 0.294401 -0.313015
vn 0.902967 0.294401 -0.313015
vn 0.902967 0.294401 -0.313015
vn 0.969938 0.107189 -0.218473
vn 0.969938 0.107189 -0.218473
vn -0.969938 0.107189 -0.218473
vn -0.969938 0.107189 -0.218473
vn -0.096436 0.221038 -0.970486
vn -0.096436 0.221038 -0.970485
vn -0.096436 0.221038 -0.970485
vn -0.096436 0.221038 -0.970486
vn 0.096436 0.221038 -0.970486
vn 0.096436 0.221038 -0.970486
vn 0.096436 0.221038 -0.970486
vn 0.096436 0.221038 -0.970486
vn -0.202929 0.161146 -0.965843
vn -0.202929 0.161146 -0.965842
vn -0.202929 0.161146 -0.965842
vn -0.202929 0.161146 -0.965842
vn 0.202929 0.161146 -0.965842
vn 0.202929 0.161146 -0.965842
vn 0.202929 0.161146 -0.965842
vn 0.202929 0.161146 -0.965843
vn 0.000000 0.170303 -0.985392
vn 0.000000 0.170303 -0.985392
vn 0.000000 0.170303 -0.985392
vn 0.000000 0.170303 -0.985392
vn -0.177929 0.528707 0.829946
vn -0.177929 0.528707 0.829946
vn -0.177929 0.528707 0.829946
vn -0.177929 0.528707 0.829946
vn 0.177928 0.528708 0.829946
vn 0.177928 0.528708 0.829946
vn 0.177928 0.528708 0.829946
vn 0.177928 0.528708 0.829946
vn -0.155405 0.786076 0.598276
vn -0.155405 0.786076 0.598276
vn -0.155405 0.786076 0.598276
vn -0.155405 0.786076 0.598276
vn 0.155404 0.786076 0.598276
vn 0.155404 0.786076 0.598276
vn 0.155404 0.786076 0.598276
vn 0.155404 0.786076 0.598276
vn -0.204506 0.957833 0.201824
vn -0.204506 0.957833 0.201824
vn -0.204506 0.957833 0.201824
vn -0.204506 0.957833 0.201824
vn 0.204504 0.957833 0.201825
vn 0.204504 0.957833 0.201825
vn 0.204504 0.957833 0.201825
vn 0.204504 0.957833 0.201825
vn -0.196731 0.980357 -0.014070
vn -0.196731 0.980357 -0.014070
vn -0.196731 0.980357 -0.014070
vn -0.196731 0.980357 -0.014070
vn 0.196730 0.980357 -0.014070
vn 0.196730 0.980357 -0.014070
vn 0.196730 0.980357 -0.014070
vn 0.196730 0.980357 -0.014070
vn -0.200196 0.795380 -0.572094
vn -0.200196 0.795380 -0.572094
vn -0.200196 0.795380 -0.572094
vn -0.200196 0.795380 -0.572094
vn 0.200197 0.795381 -0.572093
vn 0.200197 0.795381 -0.572093
vn 0.200197 0.795381 -0.572093
vn 0.200197 0.795381 -0.572093
vn -0.193996 0.147623 -0.969831
vn -0.193996 0.147623 -0.969831
vn -0.193996 0.147623 -0.969831
vn -0.193996 0.147623 -0.969831
vn 0.193998 0.147623 -0.969831
vn 0.193998 0.147623 -0.969831
vn 0.193998 0.147623 -0.969831
vn 0.193998 0.147623 -0.969831
vn -0.194321 -0.050305 -0.979647
vn -0.194321 -0.050305 -0.979647
vn -0.194321 -0.050305 -0.979647
vn -0.194321 -0.050305 -0.979647
vn 0.194323 -0.050306 -0.979647
vn 0.194323 -0.050306 -0.979647
vn 0.194323 -0.050306 -0.979647
vn 0.194323 -0.050306 -0.979647
vn -0.216534 0.009910 -0.976225
vn -0.216534 0.009910 -0.976225
vn -0.216534 0.009910 -0.976225
vn -0.216534 0.009910 -0.976225
vn 0.216535 0.009910 -0.976225
vn 0.216535 0.009910 -0.976225
vn 0.216535 0.009910 -0.976225
vn 0.216535 0.009910 -0.976225
vn 0.499633 -0.023771 -0.865911
vn 0.511329 -0.030811 -0.858833
vn 0.327600 -0.020002 -0.944605
vn 0.307277 -0.015149 -0.951500
vn -0.000000 -0.005795 -0.999983
vn 0.000000 -0.005313 -0.999986
vn -0.327600 -0.020002 -0.944605
vn -0.307277 -0.015149 -0.951500
vn -0.511329 -0.030811 -0.858833
vn -0.499633 -0.023771 -0.865911
vn 0.537946 -0.074881 -0.839647
vn 0.558789 -0.170717 -0.811548
vn 0.359126 -0.124635 -0.924930
vn 0.349401 -0.053431 -0.935449
vn -0.000000 -0.083922 -0.996472
vn -0.000000 -0.025108 -0.999685
vn -0.359126 -0.124635 -0.924930
vn -0.349401 -0.053431 -0.935449
vn -0.558790 -0.170717 -0.811548
vn -0.537946 -0.074881 -0.839647
vn 0.539673 0.001010 -0.841874
vn 0.424537 0.008405 -0.905371
vn -0.000000 0.008142 -0.999967
vn -0.424537 0.008405 -0.905371
vn -0.539673 0.001010 -0.841874
vn 0.511184 0.062349 -0.857207
vn 0.354067 0.027284 -0.934822
vn -0.000000 0.005606 -0.999984
vn -0.354067 0.027284 -0.934822
vn -0.511184 0.062350 -0.857207
vn 0.407360 -0.061652 -0.911185
vn 0.242760 -0.079043 -0.966861
vn -0.000000 -0.076018 -0.997106
vn -0.242760 -0.079043 -0.966861
vn -0.407359 -0.061652 -0.911185
vn 0.953636 -0.074842 -0.291508
vn 0.953636 -0.074842 -0.291508
vn 0.950148 -0.082029 -0.300816
vn 0.949480 -0.083371 -0.302550
vn -0.950148 -0.082029 -0.300816
vn -0.953636 -0.074842 -0.291508
vn -0.953636 -0.074842 -0.291508
vn -0.949480 -0.083371 -0.302550
vn 0.940889 -0.126595 -0.314168
vn 0.941273 -0.123990 -0.314058
vn 0.926527 -0.193968 -0.322374
vn 0.926966 -0.192751 -0.321841
vn -0.926966 -0.192751 -0.321841
vn -0.926527 -0.193968 -0.322374
vn -0.941273 -0.123990 -0.314058
vn -0.940889 -0.126595 -0.314168
vn 0.907451 -0.242372 -0.343204
vn 0.907451 -0.242372 -0.343204
vn -0.907451 -0.242372 -0.343204
vn -0.907451 -0.242372 -0.343204
vn 0.974317 -0.107719 0.197745
vn 0.974317 -0.107719 0.197745
vn 0.972019 -0.108634 0.208272
vn 0.971784 -0.108724 0.209322
vn -0.972019 -0.108633 0.208273
vn -0.974317 -0.107720 0.197745
vn -0.974317 -0.107720 0.197745
vn -0.971784 -0.108724 0.209322
vn 0.941813 -0.233184 0.242102
vn 0.941813 -0.233184 0.242102
vn 0.941813 -0.233184 0.242102
vn 0.941813 -0.233184 0.242102
vn -0.941813 -0.233184 0.242102
vn -0.941813 -0.233184 0.242102
vn -0.941813 -0.233184 0.242102
vn -0.941813 -0.233184 0.242102
vn 0.905417 -0.287806 0.312071
vn 0.905417 -0.287806 0.312071
vn 0.905417 -0.287806 0.312071
vn 0.905417 -0.287806 0.312071
vn -0.905417 -0.287806 0.312071
vn -0.905417 -0.287806 0.312071
vn -0.905417 -0.287806 0.312071
vn -0.905417 -0.287806 0.312071
vn -0.969949 -0.109411 0.217322
vn -0.969949 -0.109411 0.217322
vn 0.969949 -0.109411 0.217322
vn 0.969949 -0.109411 0.217322
vn 0.074513 -0.228334 0.970727
vn 0.074513 -0.228334 0.970727
vn 0.074513 -0.228334 0.970727
vn 0.074513 -0.228334 0.970727
vn -0.074513 -0.228334 0.970727
vn -0.074513 -0.228334 0.970727
vn -0.074513 -0.228334 0.970727
vn -0.074513 -0.228334 0.970727
vn 0.202649 -0.163890 0.965439
vn 0.202649 -0.163890 0.965439
vn 0.202649 -0.163890 0.965439
vn 0.202649 -0.163890 0.965439
vn -0.202649 -0.163891 0.965439
vn -0.202649 -0.163891 0.965439
vn -0.202649 -0.163891 0.965439
vn -0.202649 -0.163891 0.965439
vn 0.000000 -0.170733 0.985317
vn 0.000000 -0.170733 0.985317
vn 0.000000 -0.170733 0.985317
vn 0.000000 -0.170733 0.985317
vn 0.177930 -0.528708 -0.829945
vn 0.177930 -0.528708 -0.829945
vn 0.177930 -0.528708 -0.829945
vn 0.177930 -0.528708 -0.829945
vn -0.177929 -0.528707 -0.829946
vn -0.177929 -0.528707 -0.829946
vn -0.177929 -0.528707 -0.829946
vn -0.177929 -0.528707 -0.829946
vn 0.155405 -0.786076 -0.598275
vn 0.155405 -0.786076 -0.598275
vn 0.155405 -0.786076 -0.598275
vn 0.155405 -0.786076 -0.598275
vn -0.155403 -0.786077 -0.598275
vn -0.155403 -0.786077 -0.598275
vn -0.155403 -0.786077 -0.598275
vn -0.155403 -0.786077 -0.598275
vn 0.204504 -0.957833 -0.201825
vn 0.204504 -0.957833 -0.201825
vn 0.204504 -0.957834 -0.201825
vn 0.204504 -0.957833 -0.201825
vn -0.204504 -0.957834 -0.201825
vn -0.204504 -0.957833 -0.201825
vn -0.204504 -0.957834 -0.201825
vn -0.204504 -0.957833 -0.201825
vn 0.196730 -0.980357 0.014070
vn 0.196730 -0.980357 0.014070
vn 0.196730 -0.980357 0.014070
vn 0.196730 -0.980357 0.014070
vn -0.196730 -0.980357 0.014070
vn -0.196730 -0.980357 0.014070
vn -0.196730 -0.980357 0.014070
vn -0.196730 -0.980357 0.014070
vn 0.200195 -0.795381 0.572094
vn 0.200195 -0.795381 0.572094
vn 0.200195 -0.795381 0.572094
vn 0.200195 -0.795381 0.572094
vn -0.200196 -0.795380 0.572094
vn -0.200196 -0.795380 0.572094
vn -0.200196 -0.795380 0.572094
vn -0.200196 -0.795380 0.572094
vn 0.193995 -0.147624 0.969831
vn 0.193995 -0.147624 0.969831
vn 0.193995 -0.147624 0.969831
vn 0.193995 -0.147624 0.969831
vn -0.193998 -0.147624 0.969831
vn -0.193998 -0.147624 0.969831
vn -0.193998 -0.147624 0.969831
vn -0.193998 -0.147624 0.969831
vn 0.194321 0.050306 0.979647
vn 0.194321 0.050306 0.979647
vn 0.194321 0.050306 0.979647
vn 0.194321 0.050306 0.979647
vn -0.194323 0.050306 0.979647
vn -0.194323 0.050306 0.979647
vn -0.194323 0.050306 0.979647
vn -0.194323 0.050306 0.979647
vn 0.216302 -0.009552 0.976280
vn 0.216301 -0.009552 0.976280
vn 0.216301 -0.009552 0.976280
vn 0.216301 -0.009552 0.976280
vn -0.216303 -0.009552 0.976280
vn -0.216303 -0.009552 0.976280
vn -0.216303 -0.009552 0.976280
vn -0.216303 -0.009552 0.976280
vn -0.201890 -0.979226 -0.018875
vn -0.117235 -0.992996 0.014651
vn -0.100537 -0.994842 0.013486
vn -0.167619 -0.985847 0.002997
vn 0.000000 -0.999936 0.011290
vn 0.000000 -0.999936 0.011290
vn 0.117234 -0.992996 0.014651
vn 0.100536 -0.994842 0.013486
vn 0.201886 -0.979227 -0.018875
vn 0.167617 -0.985848 0.002997
vn -0.774740 0.133156 -0.618100
vn -0.721091 0.071635 -0.689126
vn -0.721092 0.071635 -0.689127
vn -0.796407 0.160976 -0.582943
vn 0.721092 0.071635 -0.689127
vn 0.774742 0.133157 -0.618098
vn 0.796409 0.160977 -0.582940
vn 0.721091 0.071635 -0.689127
vn -0.909357 0.084896 -0.407263
vn -0.871636 0.178090 -0.456657
vn -0.000000 0.981904 -0.189380
vn 0.075098 0.979131 -0.188846
vn 0.075098 0.979131 -0.188846
vn 0.000000 0.981904 -0.189380
vn -0.075098 0.979131 -0.188846
vn -0.075098 0.979131 -0.188846
vn 0.909360 0.084897 -0.407256
vn 0.871639 0.178091 -0.456650
vn -0.237946 -0.970369 -0.042012
vn -0.237489 -0.970494 -0.041727
vn 0.237943 -0.970370 -0.042012
vn 0.237486 -0.970494 -0.041727
vn 0.198411 0.980018 -0.014082
vn 0.323514 0.945246 0.042992
vn 0.327264 0.943874 0.044736
vn 0.198411 0.980018 -0.014082
vn -0.323512 0.945247 0.042992
vn -0.198410 0.980018 -0.014082
vn -0.198409 0.980018 -0.014082
vn -0.327262 0.943874 0.044736
vn 0.254696 -0.024249 -0.966717
vn 0.255311 -0.002718 -0.966855
vn 0.255311 -0.002718 -0.966855
vn 0.254800 -0.020890 -0.966768
vn -0.241989 -0.969256 -0.044539
vn -0.241989 -0.969256 -0.044539
vn 0.241990 -0.969256 -0.044539
vn 0.241990 -0.969256 -0.044539
vn -0.255310 -0.002718 -0.966855
vn -0.254696 -0.024249 -0.966717
vn -0.254799 -0.020890 -0.966768
vn -0.255310 -0.002718 -0.966855
vn 0.412642 -0.111733 -0.904015
vn 0.337552 -0.077387 -0.938120
vn 0.316527 -0.067877 -0.946152
vn 0.412642 -0.111733 -0.904014
vn -0.337553 -0.077387 -0.938120
vn -0.412644 -0.111733 -0.904014
vn -0.412644 -0.111733 -0.904014
vn -0.316528 -0.067877 -0.946152
vn 0.363234 0.921797 0.135468
vn 0.298223 0.938123 0.176037
vn -0.363232 0.921798 0.135467
vn -0.298222 0.938123 0.176037
vn 0.170600 0.953200 0.249611
vn 0.170600 0.953200 0.249611
vn -0.099187 -0.951452 -0.291377
vn -0.124609 -0.926526 -0.354996
vn -0.124609 -0.926526 -0.354996
vn -0.095607 -0.954520 -0.282402
vn 0.124609 -0.926526 -0.354995
vn 0.099186 -0.951452 -0.291377
vn 0.095607 -0.954520 -0.282402
vn 0.124609 -0.926526 -0.354995
vn -0.170600 0.953200 0.249610
vn -0.170600 0.953200 0.249610
vn -0.035270 -0.978213 -0.204588
vn -0.030391 -0.978691 -0.203079
vn 0.035268 -0.978213 -0.204588
vn 0.030388 -0.978691 -0.203079
vn -0.000001 0.994087 0.108584
vn -0.000001 0.994087 0.108584
vn -0.000001 0.994087 0.108584
vn -0.000001 0.994087 0.108584
vn 0.981446 0.129030 0.141825
vn 0.983209 0.141001 0.115840
vn 0.981710 0.130527 0.138595
vn 0.981446 0.129030 0.141825
vn -0.976010 -0.199591 -0.086989
vn -0.956615 -0.202094 -0.209871
vn 0.976011 -0.199590 -0.086988
vn 0.956616 -0.202092 -0.209867
vn -0.983209 0.141000 0.115839
vn -0.981446 0.129031 0.141827
vn -0.981446 0.129031 0.141827
vn -0.981710 0.130528 0.138596
vn 0.980258 0.197692 -0.003431
vn 0.984167 0.158982 0.078355
vn -0.977793 -0.208538 0.020812
vn -0.979502 -0.200533 -0.019053
vn 0.977793 -0.208537 0.020813
vn 0.979502 -0.200533 -0.019052
vn -0.980258 0.197691 -0.003432
vn -0.984168 0.158981 0.078354
vn 0.976331 0.202847 -0.075038
vn 0.976791 0.205296 -0.061103
vn -0.976074 -0.202658 0.078795
vn -0.976572 -0.205323 0.064416
vn 0.976074 -0.202658 0.078795
vn 0.976572 -0.205323 0.064417
vn -0.976331 0.202847 -0.075038
vn -0.976791 0.205296 -0.061103
vn 0.975334 0.187372 -0.116687
vn 0.974844 0.161324 -0.153798
vn -0.974546 -0.196116 0.108620
vn -0.974449 -0.192652 0.115470
vn 0.974546 -0.196116 0.108620
vn 0.974449 -0.192653 0.115470
vn -0.975334 0.187373 -0.116687
vn -0.974844 0.161324 -0.153798
vn 0.975224 0.132824 -0.176907
vn 0.976877 0.100655 -0.188628
vn -0.975776 -0.170206 0.137445
vn -0.976348 -0.128640 0.173770
vn 0.975776 -0.170207 0.137445
vn 0.976348 -0.128640 0.173771
vn -0.975224 0.132824 -0.176908
vn -0.976876 0.100656 -0.188630
vn 0.975611 0.091624 -0.199470
vn 0.975387 0.091456 -0.200641
vn -0.974743 -0.104203 0.197530
vn -0.974533 -0.102297 0.199551
vn 0.974743 -0.104203 0.197531
vn 0.974533 -0.102297 0.199552
vn -0.975610 0.091624 -0.199472
vn -0.975386 0.091456 -0.200643
vn 0.980295 0.057385 -0.189019
vn 0.980229 0.057860 -0.189219
vn -0.974660 -0.063869 0.214378
vn -0.974664 -0.064848 0.214066
vn 0.974660 -0.063869 0.214379
vn 0.974664 -0.064848 0.214067
vn -0.980295 0.057385 -0.189020
vn -0.980229 0.057860 -0.189220
vn 0.982258 0.042385 -0.182682
vn 0.982258 0.042385 -0.182682
vn -0.974461 -0.048343 0.219290
vn -0.974461 -0.048343 0.219290
vn 0.974461 -0.048343 0.219292
vn 0.974461 -0.048343 0.219292
vn -0.982258 0.042385 -0.182682
vn -0.982258 0.042385 -0.182682
s 1
g Apron Body
usemtl standardSurface8SG
f 660/870/1405 661/871/1406 662/872/1407 663/873/1408
f 661/871/1406 664/874/1409 665/875/1410 662/872/1407
f 664/874/1409 666/876/1411 667/877/1412 665/875/1410
f 666/876/1411 668/878/1413 669/879/1414 667/877/1412
f 670/880/1415 671/881/1416 672/882/1417 673/883/1418
f 671/881/1416 674/884/1419 675/885/1420 672/882/1417
f 674/884/1419 676/886/1421 677/887/1422 675/885/1420
f 676/886/1421 678/888/1423 679/889/1424 677/887/1422
f 673/883/1418 672/882/1417 680/890/1425 681/891/1426
f 672/882/1417 675/885/1420 682/892/1427 680/890/1425
f 675/885/1420 677/887/1422 683/893/1428 682/892/1427
f 677/887/1422 679/889/1424 684/894/1429 683/893/1428
f 681/891/1426 680/890/1425 685/895/1430 686/896/1431
f 680/890/1425 682/892/1427 687/897/1432 685/895/1430
f 682/892/1427 683/893/1428 688/898/1433 687/897/1432
f 683/893/1428 684/894/1429 689/899/1434 688/898/1433
f 686/896/1431 685/895/1430 690/1056/1435
f 685/895/1430 691/1057/1436 690/1056/1435
f 685/895/1430 687/897/1432 692/902/1437 691/1057/1436
f 687/897/1432 688/898/1433 693/1052/1438 692/902/1437
f 688/898/1433 694/1053/1439 693/1052/1438
f 688/898/1433 689/899/1434 694/1053/1439
s 2
f 660/870/1440 663/873/1441 695/905/1442 696/906/1443
s 3
f 697/907/1444 669/879/1445 668/878/1446 698/908/1447
s 2
f 670/880/1448 673/883/1449 699/909/1450 700/910/1451
s 3
f 679/889/1452 678/888/1453 701/911/1454 702/912/1455
s 2
f 673/883/1449 681/891/1456 703/913/1457 699/909/1450
s 3
f 684/894/1458 679/889/1452 702/912/1455 704/914/1459
s 5
f 696/906/1460 695/905/1461 705/915/1462 706/916/1463
s 6
f 707/917/1464 697/907/1465 698/908/1466 708/918/1467
s off
f 700/910/1468 699/909/1469 709/1071/1470 710/920/1471
f 702/912/1472 701/911/1473 711/921/1474 712/1068/1475
f 699/909/1476 703/913/1477 713/1072/1478 709/1071/1479
f 704/914/1480 702/912/1481 712/1068/1482 714/1069/1483
s 6
f 701/911/1484 697/907/1465 707/917/1464 711/921/1485
s 3
f 678/888/1453 669/879/1445 697/907/1444 701/911/1454
s 1
f 667/877/1412 669/879/1414 678/888/1423 676/886/1421
f 665/875/1410 667/877/1412 676/886/1421 674/884/1419
f 662/872/1407 665/875/1410 674/884/1419 671/881/1416
f 663/873/1408 662/872/1407 671/881/1416 670/880/1415
s 2
f 695/905/1442 663/873/1441 670/880/1448 700/910/1451
s 5
f 705/915/1462 695/905/1461 700/910/1486 710/920/1487
s off
f 709/919/1488 713/923/1489 715/1063/1490 716/926/1491
f 714/924/1492 712/922/1493 717/927/1494 718/1060/1495
f 716/926/1496 715/1063/1497 719/1064/1498 720/930/1499
f 718/1060/1500 717/927/1501 721/931/1502 722/1061/1503
f 720/930/1504 719/1064/1505 722/1061/1506 721/931/1507
f 690/900/1508 691/901/1509 723/933/1510 724/934/1511
f 693/903/1512 694/904/1513 725/935/1514 726/936/1515
f 724/934/1516 723/933/1517 727/937/1518 728/938/1519
f 726/936/1520 725/935/1521 729/939/1522 730/940/1523
f 728/938/1524 727/937/1525 731/941/1526 732/942/1527
f 730/940/1528 729/939/1529 733/943/1530 734/944/1531
f 732/942/1532 731/941/1533 735/945/1534 736/946/1535
f 734/944/1536 733/943/1537 737/947/1538 738/948/1539
f 736/946/1540 735/945/1541 739/949/1542 740/950/1543
f 738/948/1544 737/947/1545 741/951/1546 742/952/1547
f 740/950/1548 739/949/1549 743/953/1550 744/954/1551
f 742/952/1552 741/951/1553 745/955/1554 746/956/1555
f 744/954/1556 743/953/1557 747/957/1558 748/958/1559
f 746/956/1560 745/955/1561 749/959/1562 750/960/1563
f 748/958/1564 747/957/1565 719/929/1566 715/925/1567
f 750/960/1568 749/959/1569 718/928/1570 722/932/1571
s 7
f 569/1089/1572 621/962/1573 620/963/1574 570/1092/1575
f 570/1092/1575 620/963/1574 619/965/1576 571/1091/1577
f 571/1091/1577 619/965/1576 618/967/1578 572/1090/1579
f 572/1090/1579 618/967/1578 617/969/1580 573/1088/1581
f 574/971/1582 579/972/1583 580/973/1584 575/974/1585
f 575/974/1585 580/973/1584 581/975/1586 576/976/1587
f 576/976/1587 581/975/1586 582/977/1588 577/978/1589
f 577/978/1589 582/977/1588 583/979/1590 578/980/1591
f 579/972/1583 584/1106/1592 585/982/1593 580/973/1584
f 580/973/1584 585/982/1593 586/983/1594 581/975/1586
f 581/975/1586 586/983/1594 587/984/1595 582/977/1588
f 582/977/1588 587/984/1595 588/1105/1596 583/979/1590
f 584/1106/1592 589/1103/1597 590/987/1598 585/982/1593
f 585/982/1593 590/987/1598 591/988/1599 586/983/1594
f 586/983/1594 591/988/1599 592/989/1600 587/984/1595
f 587/984/1595 592/989/1600 593/1102/1601 588/1105/1596
f 589/1103/1597 594/1104/1602 590/987/1598
f 590/987/1598 594/1104/1602 595/1058/1603
f 590/987/1598 595/1058/1603 596/1107/1604 591/988/1599
f 591/988/1599 596/1107/1604 597/1108/1605 592/989/1600
f 592/989/1600 597/1108/1605 598/1054/1606
f 592/989/1600 598/1054/1606 593/1102/1601
s 9
f 569/1089/1607 599/1087/1608 622/997/1609 621/962/1610
s 10
f 616/998/1611 601/1086/1612 573/1088/1613 617/969/1614
s 9
f 574/971/1615 600/1000/1616 603/1001/1617 579/972/1618
s 10
f 583/979/1619 604/1002/1620 602/1003/1621 578/980/1622
s 9
f 579/972/1618 603/1001/1617 605/1100/1623 584/1106/1624
s 10
f 588/1105/1625 606/1099/1626 604/1002/1620 583/979/1619
s 12
f 599/1087/1627 607/1078/1628 623/1080/1629 622/997/1630
s 13
f 615/1082/1631 609/1076/1632 601/1086/1633 616/998/1634
s off
f 600/1000/1635 608/1081/1636 611/1085/1637 603/1001/1638
f 604/1002/1639 612/1074/1640 610/1083/1641 602/1003/1642
f 603/1001/1643 611/1085/1644 613/1073/1645 605/1100/1646
f 606/1099/1647 614/1093/1648 612/1074/1649 604/1002/1650
s 13
f 602/1003/1651 610/1083/1652 615/1082/1631 616/998/1634
s 10
f 578/980/1622 602/1003/1621 616/998/1611 617/969/1614
s 7
f 618/967/1578 577/978/1589 578/980/1591 617/969/1580
f 619/965/1576 576/976/1587 577/978/1589 618/967/1578
f 620/963/1574 575/974/1585 576/976/1587 619/965/1576
f 621/962/1573 574/971/1582 575/974/1585 620/963/1574
s 9
f 622/997/1609 600/1000/1616 574/971/1615 621/962/1610
s 12
f 623/1080/1629 608/1081/1653 600/1000/1654 622/997/1630
s off
f 611/1075/1655 624/1016/1656 625/1067/1657 613/1096/1658
f 614/1070/1659 627/1095/1660 626/1019/1661 612/1012/1662
f 624/1016/1663 628/1020/1664 629/1128/1665 625/1067/1666
f 627/1095/1667 631/1062/1668 630/1023/1669 626/1019/1670
f 628/1020/1671 630/1023/1672 631/1062/1673 629/1128/1674
f 594/1059/1675 632/1125/1676 633/1025/1677 595/992/1678
f 597/1055/1679 634/1026/1680 635/1124/1681 598/1126/1682
f 632/1125/1683 636/1123/1684 637/1029/1685 633/1025/1686
f 634/1026/1687 638/1030/1688 639/1122/1689 635/1124/1690
f 636/1123/1691 640/1121/1692 641/1033/1693 637/1029/1694
f 638/1030/1695 642/1034/1696 643/1120/1697 639/1122/1698
f 640/1121/1699 644/1119/1700 645/1037/1701 641/1033/1702
f 642/1034/1703 646/1038/1704 647/1118/1705 643/1120/1706
f 644/1119/1707 648/1117/1708 649/1041/1709 645/1037/1710
f 646/1038/1711 650/1042/1712 651/1116/1713 647/1118/1714
f 648/1117/1715 652/1115/1716 653/1045/1717 649/1041/1718
f 650/1042/1719 654/1046/1720 655/1114/1721 651/1116/1722
f 652/1115/1723 656/1112/1724 657/1049/1725 653/1045/1726
f 654/1046/1727 658/1050/1728 659/1110/1729 655/1114/1730
f 656/1112/1731 625/1113/1732 629/1065/1733 657/1049/1734
f 658/1050/1735 631/1022/1736 627/1066/1737 659/1110/1738
s 14
f 569/961/1739 570/964/1740 661/871/1741 660/870/1742
f 570/964/1740 571/966/1743 664/874/1744 661/871/1741
f 571/966/1743 572/968/1745 666/876/1746 664/874/1744
f 572/968/1745 573/970/1747 668/878/1748 666/876/1746
s 15
f 589/986/1749 584/981/1750 681/891/1751 686/896/1752
s 16
f 588/985/1753 593/990/1754 689/899/1755 684/894/1756
s 15
f 594/991/1757 589/986/1749 686/896/1752 690/1056/1758
s 17
f 596/993/1759 595/1109/1760 691/1057/1761 692/902/1762
f 597/994/1763 596/993/1759 692/902/1762 693/1052/1764
s 16
f 593/990/1754 598/1101/1765 694/1053/1766 689/899/1755
s 14
f 599/996/1767 569/961/1739 660/870/1742 696/906/1768
f 573/970/1747 601/999/1769 698/908/1770 668/878/1748
s 18
f 584/981/1771 605/1004/1772 703/913/1773 681/891/1774
s 19
f 606/1005/1775 588/985/1776 684/894/1777 704/914/1778
s 20
f 623/1007/1779 607/1079/1780 706/916/1781 705/915/1782
s 14
f 607/1006/1783 599/996/1767 696/906/1768 706/916/1784
f 601/999/1769 609/1077/1785 708/918/1786 698/908/1770
s 21
f 609/1009/1787 615/1008/1788 707/917/1789 708/918/1790
s 20
f 611/1011/1791 608/1010/1792 710/920/1793 709/1071/1794
s 21
f 610/1013/1795 612/1084/1796 712/1068/1797 711/921/1798
s 18
f 605/1004/1772 613/1097/1799 713/1072/1800 703/913/1773
s 19
f 614/1015/1801 606/1005/1775 704/914/1778 714/1069/1802
s 21
f 615/1008/1788 610/1013/1795 711/921/1798 707/917/1789
s 20
f 608/1010/1792 623/1007/1779 705/915/1782 710/920/1793
s 18
f 613/1014/1799 625/1098/1803 715/1063/1804 713/923/1800
s 22
f 624/1016/1805 611/1075/1806 709/919/1807 716/926/1808
f 612/1012/1809 626/1019/1810 717/927/1811 712/922/1812
s 19
f 627/1018/1813 614/1094/1801 714/924/1802 718/1060/1814
s 22
f 628/1020/1815 624/1016/1805 716/926/1808 720/930/1816
f 626/1019/1810 630/1023/1817 721/931/1818 717/927/1811
s off
f 629/1021/1819 631/1129/1820 722/1061/1821 719/1064/1822
s 22
f 630/1023/1817 628/1020/1815 720/930/1816 721/931/1818
s 24
f 595/992/1823 633/1025/1824 723/933/1825 691/901/1826
s 15
f 632/1024/1827 594/1127/1757 690/900/1758 724/934/1828
s 16
f 598/995/1765 635/1027/1829 725/935/1830 694/904/1766
s 25
f 634/1026/1831 597/1055/1832 693/903/1833 726/936/1834
s 24
f 633/1025/1824 637/1029/1835 727/937/1836 723/933/1825
s 15
f 636/1028/1837 632/1024/1827 724/934/1828 728/938/1838
s 16
f 635/1027/1829 639/1031/1839 729/939/1840 725/935/1830
s 25
f 638/1030/1841 634/1026/1831 726/936/1834 730/940/1842
s 24
f 637/1029/1835 641/1033/1843 731/941/1844 727/937/1836
s 15
f 640/1032/1845 636/1028/1837 728/938/1838 732/942/1846
s 16
f 639/1031/1839 643/1035/1847 733/943/1848 729/939/1840
s 25
f 642/1034/1849 638/1030/1841 730/940/1842 734/944/1850
s 24
f 641/1033/1843 645/1037/1851 735/945/1852 731/941/1844
s 15
f 644/1036/1853 640/1032/1845 732/942/1846 736/946/1854
s 16
f 643/1035/1847 647/1039/1855 737/947/1856 733/943/1848
s 25
f 646/1038/1857 642/1034/1849 734/944/1850 738/948/1858
s 24
f 645/1037/1851 649/1041/1859 739/949/1860 735/945/1852
s 15
f 648/1040/1861 644/1036/1853 736/946/1854 740/950/1862
s 16
f 647/1039/1855 651/1043/1863 741/951/1864 737/947/1856
s 25
f 650/1042/1865 646/1038/1857 738/948/1858 742/952/1866
s 24
f 649/1041/1859 653/1045/1867 743/953/1868 739/949/1860
s 15
f 652/1044/1869 648/1040/1861 740/950/1862 744/954/1870
s 16
f 651/1043/1863 655/1047/1871 745/955/1872 741/951/1864
s 25
f 654/1046/1873 650/1042/1865 742/952/1866 746/956/1874
s 24
f 653/1045/1867 657/1049/1875 747/957/1876 743/953/1868
s 15
f 656/1048/1877 652/1044/1869 744/954/1870 748/958/1878
s 16
f 655/1047/1871 659/1051/1879 749/959/1880 745/955/1872
s 25
f 658/1050/1881 654/1046/1873 746/956/1874 750/960/1882
s 24
f 657/1049/1875 629/1065/1883 719/929/1884 747/957/1876
s 15
f 625/1017/1885 656/1048/1877 748/958/1878 715/925/1886
s 16
f 659/1051/1879 627/1111/1887 718/928/1888 749/959/1880
s 25
f 631/1022/1889 658/1050/1881 750/960/1882 722/932/1890
g default
v 0.787331 -9.414248 -0.615484
v 1.295041 -9.414248 -0.615484
v 1.565508 -9.414248 -0.105918
v 0.519559 -9.414248 -0.105917
v -0.787331 -9.414248 -0.615484
v -1.295041 -9.414248 -0.615484
v -1.565508 -9.414248 -0.105918
v -0.519559 -9.414248 -0.105917
v 7.222407 4.770934 -0.011768
v 7.222407 5.057968 -0.011768
v 7.189794 5.029914 0.188348
v 7.189794 4.764469 0.188348
v 7.120486 5.046505 0.232016
v 7.120486 4.756098 0.232016
v 7.056223 4.997592 0.450949
v 7.056223 4.740031 0.450949
v 6.979598 4.759940 -0.516595
v 7.037575 4.775298 -0.319595
v 6.979598 4.991672 -0.516595
v 7.037575 5.036596 -0.319595
v 7.123860 5.037976 -0.263192
v 7.123860 4.777236 -0.263192
v 7.156473 5.066444 -0.066613
v 7.156473 4.784483 -0.066613
v 7.715317 4.782436 0.002401
v 7.715317 5.028824 0.002401
v 7.687322 5.004743 0.174179
v 7.687322 4.776887 0.174179
v 7.556136 5.014066 0.242723
v 7.556136 4.752065 0.242723
v 7.498159 4.969938 0.440242
v 7.498159 4.737569 0.440242
v 7.369471 4.782577 -0.503713
v 7.419866 4.795925 -0.332477
v 7.369471 4.984002 -0.503713
v 7.419866 5.023051 -0.332477
v 7.621727 4.999554 -0.247230
v 7.621727 4.781157 -0.247230
v 7.649044 5.023399 -0.082575
v 7.649044 4.787228 -0.082575
v 7.081026 5.045226 0.231683
v 7.081026 4.753936 0.231683
v 7.016567 4.737820 0.451282
v 7.016567 4.996165 0.451282
v 7.164052 5.043261 0.233087
v 7.164052 4.755695 0.233087
v 7.100417 4.739785 0.449878
v 7.100417 4.994826 0.449878
v 7.175810 4.768324 -0.013033
v 7.142784 4.761777 0.189613
v 7.142784 5.030579 0.189613
v 7.175810 5.058986 -0.013033
v 7.271698 4.772084 -0.010351
v 7.239547 4.765711 0.186931
v 7.239547 5.027397 0.186931
v 7.271698 5.055053 -0.010351
v 7.083394 5.037843 -0.264735
v 7.083394 4.773010 -0.264735
v 7.116519 4.780371 -0.065070
v 7.116519 5.066758 -0.065070
v 7.173647 5.034134 -0.261596
v 7.173647 4.777627 -0.261596
v 7.205730 4.784757 -0.068209
v 7.205730 5.062140 -0.068209
v 6.947588 4.755479 -0.518048
v 7.006421 4.771063 -0.318141
v 7.006421 5.036218 -0.318141
v 6.947588 4.990631 -0.518048
v 7.018585 4.762204 -0.515306
v 7.075804 4.777360 -0.320883
v 7.075804 5.035242 -0.320883
v 7.018585 4.990905 -0.515306
v 1.351886 -8.382815 -0.615259
v 1.630555 -8.506087 -0.090150
v 1.351886 -8.222622 0.369720
v 0.794548 -8.211630 0.369720
v 0.515879 -8.506045 -0.090150
v 0.794548 -8.382815 -0.615259
v -1.351886 -8.382815 -0.615259
v -1.630555 -8.506087 -0.090150
v -1.351886 -8.222622 0.369720
v -0.794548 -8.211630 0.369720
v -0.515879 -8.506045 -0.090150
v -0.794548 -8.382815 -0.615259
v 1.590080 -8.821012 1.097007
v 1.308251 -8.856600 1.319404
v 1.296239 -9.414248 1.335096
v 1.578225 -9.414248 1.096309
v 0.772025 -8.856562 1.319404
v 0.779893 -9.414248 1.335096
v 0.483468 -8.824630 1.097007
v 0.500086 -9.414248 1.096577
v -1.578225 -9.414248 1.096309
v -1.296239 -9.414248 1.335096
v -1.308251 -8.856600 1.319404
v -1.590080 -8.821012 1.097007
v -0.779893 -9.414248 1.335096
v -0.772025 -8.856562 1.319404
v -0.500086 -9.414248 1.096577
v -0.483468 -8.824630 1.097007
v 1.307088 -8.691770 1.097007
v 0.790644 -8.691569 1.097007
v -1.307088 -8.691770 1.097007
v -0.790644 -8.691569 1.097007
v 0.478007 -9.414248 0.377583
v 0.465453 -8.772491 0.378167
v 0.816617 -8.618026 0.574203
v 1.305466 -8.621682 0.574203
v 1.624614 -8.772972 0.378167
v 1.606383 -9.414248 0.377582
v -0.478007 -9.414248 0.377583
v -0.465453 -8.772491 0.378167
v -0.816617 -8.618026 0.574203
v -1.305466 -8.621682 0.574203
v -1.624614 -8.772972 0.378167
v -1.606383 -9.414248 0.377582
v 0.465455 -9.414248 0.849669
v 0.450869 -8.931323 0.849669
v 0.803630 -8.752789 0.849671
v 1.306277 -8.754717 0.849671
v 1.653133 -8.929753 0.849669
v 1.645179 -9.414248 0.849669
v -0.465455 -9.414248 0.849669
v -0.450869 -8.931323 0.849669
v -0.803630 -8.752789 0.849671
v -1.306277 -8.754717 0.849671
v -1.653133 -8.929753 0.849669
v -1.645179 -9.414248 0.849669
v 1.314425 -8.392406 -0.558453
v 1.552276 -8.516236 -0.106866
v 1.311078 -8.228589 0.286876
v 0.836748 -8.219807 0.286145
v 0.599327 -8.516201 -0.104403
v 0.836425 -8.392409 -0.559171
v -1.314425 -8.392406 -0.558453
v -1.552276 -8.516236 -0.106866
v -1.311078 -8.228589 0.286876
v -0.836748 -8.219807 0.286145
v -0.599327 -8.516201 -0.104403
v -0.836425 -8.392409 -0.559171
v 1.374796 -7.689260 -0.663287
v 1.657099 -7.687286 -0.109421
v 1.353184 -7.701076 0.376167
v 0.797433 -7.693809 0.371443
v 0.517911 -7.687243 -0.093514
v 0.795354 -7.689282 -0.667921
v -1.374796 -7.689260 -0.663287
v -1.657099 -7.687286 -0.109421
v -1.353184 -7.701076 0.376167
v -0.797433 -7.693809 0.371443
v -0.517911 -7.687243 -0.093514
v -0.795354 -7.689282 -0.667921
v 1.345518 -7.875767 -0.613624
v 1.601937 -7.873847 -0.113608
v 1.328912 -7.887394 0.325548
v 0.822878 -7.880253 0.321918
v 0.568596 -7.873807 -0.101387
v 0.821281 -7.875783 -0.617185
v -1.345518 -7.875767 -0.613624
v -1.601937 -7.873847 -0.113608
v -1.328912 -7.887394 0.325548
v -0.822878 -7.880253 0.321918
v -0.568596 -7.873807 -0.101387
v -0.821281 -7.875783 -0.617185
v 1.330338 -7.695953 -0.579397
v 1.565526 -7.694450 -0.114577
v 1.308987 -7.704808 0.292079
v 0.847359 -7.699352 0.287412
v 0.614918 -7.694413 -0.098863
v 0.845306 -7.695975 -0.583976
v -1.330338 -7.697419 -0.579397
v -1.565526 -7.695916 -0.114577
v -1.308987 -7.706273 0.292079
v -0.847359 -7.700817 0.287412
v -0.614918 -7.695879 -0.098863
v -0.845306 -7.697441 -0.583976
v 1.303642 -9.236122 -0.611976
v 1.571129 -9.236123 -0.096961
v 1.610487 -9.236124 0.377714
v 1.646969 -9.236125 0.849669
v 1.580894 -9.236124 1.092411
v 1.298943 -9.236124 1.341470
v 0.778122 -9.236125 1.341470
v 0.496345 -9.236124 1.092619
v 0.462172 -9.236124 0.849669
v 0.475181 -9.236124 0.377715
v 0.524402 -9.236123 -0.096961
v 0.794554 -9.236122 -0.611976
v -1.303642 -9.236122 -0.611976
v -1.571129 -9.236123 -0.096961
v -1.610487 -9.236124 0.377714
v -1.646969 -9.236125 0.849669
v -1.580894 -9.236124 1.092411
v -1.298943 -9.236124 1.341470
v -0.778122 -9.236125 1.341470
v -0.496345 -9.236124 1.092619
v -0.462172 -9.236124 0.849669
v -0.475181 -9.236124 0.377715
v -0.524402 -9.236123 -0.096961
v -0.794554 -9.236122 -0.611976
v 1.191740 1.182070 -0.605449
v 0.000000 1.177063 -0.780800
v -1.191739 1.182070 -0.605449
v -1.450176 1.177935 0.048856
v -1.184193 1.186344 0.820189
v 0.000000 1.177063 1.185938
v 1.184193 1.186344 0.820189
v 1.450176 1.177935 0.048856
v 0.733513 -1.794665 -0.931634
v 1.596792 -1.656853 -0.930887
v 2.003437 -1.634000 -0.031370
v 1.531260 -1.653266 0.638497
v 0.757142 -1.843614 0.704093
v 0.245123 -1.843615 -0.031370
v 0.668615 -1.119395 -1.042246
v 1.533134 -0.645093 -0.992259
v 1.960486 -0.421681 -0.018136
v 1.425533 -0.693520 0.699613
v 0.715517 -1.017020 0.788402
v 0.184276 -1.240093 -0.032225
v 0.458099 -0.742093 -1.117909
v 1.318400 0.462943 -0.890453
v 1.759493 0.462946 0.049751
v 1.313323 0.447048 0.814888
v 0.622187 -0.861384 0.813631
v -0.000000 -1.101112 -0.038563
v 0.000000 -0.523576 -1.167072
v -0.000000 -0.614711 1.008888
v -0.000000 0.531085 1.203589
v 0.000000 0.612096 -1.013113
v -0.733513 -1.794665 -0.931634
v -1.596792 -1.658047 -0.928949
v -2.003437 -1.634000 -0.031370
v -1.531260 -1.653266 0.638497
v -0.757142 -1.843614 0.704093
v -0.245123 -1.843615 -0.031370
v -0.668615 -1.119395 -1.032962
v -1.469299 -0.638346 -0.991349
v -1.960486 -0.421681 -0.018136
v -1.425533 -0.693520 0.699613
v -0.715517 -1.017020 0.788402
v -0.184276 -1.240093 -0.032225
v -0.563777 -0.757827 -1.138499
v -1.323932 0.462943 -0.916906
v -1.759493 0.462946 0.049751
v -1.313323 0.447048 0.814888
v -0.622187 -0.861384 0.813631
v -0.706910 -1.477800 -0.977097
v -0.226774 -1.603233 -0.030671
v -0.734537 -1.485318 0.734677
v -1.505672 -1.242713 0.654103
v -2.015328 -1.063302 -0.036934
v -1.540477 -1.211617 -0.952140
v 0.706910 -1.477800 -0.977097
v 0.226774 -1.603233 -0.030671
v 0.734537 -1.485318 0.734677
v 1.505672 -1.242713 0.654103
v 2.015328 -1.063302 -0.036934
v 1.566400 -1.213421 -0.955703
v 0.761803 -3.541442 -0.702438
v 1.530198 -3.465597 -0.671662
v 1.892818 -3.361311 -0.036770
v 1.471589 -3.465597 0.537475
v 0.727354 -3.541442 0.537475
v 0.353938 -3.513001 -0.036770
v -0.761803 -3.541442 -0.702438
v -1.530198 -3.465597 -0.671662
v -1.892818 -3.361311 -0.036770
v -1.471589 -3.465597 0.537475
v -0.727354 -3.541442 0.537475
v -0.353938 -3.513001 -0.036770
v 0.761803 -3.883873 -0.702438
v 1.530198 -3.781342 -0.671662
v 1.865016 -3.642881 -0.036770
v 1.471589 -3.781342 0.537475
v 0.727354 -3.883873 0.537475
v 0.365218 -3.828747 -0.036770
v -0.761803 -3.883873 -0.702438
v -1.530198 -3.781342 -0.671662
v -1.865016 -3.642881 -0.036770
v -1.471589 -3.781342 0.537475
v -0.727354 -3.883873 0.537475
v -0.365218 -3.828747 -0.036770
v 0.761803 -4.154947 -0.702438
v 1.530198 -4.082688 -0.671662
v 1.837214 -3.914393 -0.036770
v 1.471589 -4.082688 0.537475
v 0.727354 -4.154947 0.537475
v 0.372673 -4.098225 -0.036770
v -0.761803 -4.154947 -0.702438
v -1.530198 -4.082688 -0.671662
v -1.837214 -3.914393 -0.036770
v -1.471589 -4.082688 0.537475
v -0.727354 -4.154947 0.537475
v -0.372673 -4.098225 -0.036770
v 0.759754 -4.824286 -0.789022
v 1.493998 -4.824285 -0.758247
v 1.812700 -4.740879 -0.123354
v 1.437995 -4.824285 0.509083
v 0.758792 -4.824286 0.509083
v 0.428763 -4.740880 -0.123354
v -0.759754 -4.824286 -0.789022
v -1.493998 -4.824285 -0.758247
v -1.812700 -4.740879 -0.123354
v -1.437995 -4.824285 0.509083
v -0.758792 -4.824286 0.509083
v -0.428763 -4.740880 -0.123354
v 0.817406 -6.233057 -0.780869
v 1.474594 -6.233057 -0.750093
v 1.780715 -6.205254 -0.115201
v 1.415986 -6.233057 0.459044
v 0.782958 -6.233057 0.459044
v 0.499044 -6.205255 -0.115201
v -0.817406 -6.233057 -0.780869
v -1.474594 -6.233057 -0.750093
v -1.780715 -6.205254 -0.115201
v -1.415986 -6.233057 0.459044
v -0.782958 -6.233057 0.459044
v -0.499044 -6.205255 -0.115201
v 0.818238 -7.027108 -0.711626
v 1.468464 -7.027108 -0.685583
v 1.750876 -7.027107 -0.121522
v 1.418869 -7.027108 0.418571
v 0.789088 -7.027109 0.418571
v 0.513361 -7.027108 -0.121522
v -0.818238 -7.027108 -0.711626
v -1.468464 -7.027108 -0.685583
v -1.750876 -7.027107 -0.121522
v -1.418869 -7.027108 0.418571
v -0.789088 -7.027109 0.418571
v -0.513361 -7.027108 -0.121522
v 0.719388 -6.994294 -0.805416
v 1.543800 -6.994293 -0.771399
v 1.490107 -7.659299 -0.791469
v 0.742715 -7.659300 -0.824407
v 1.909004 -6.994293 -0.117375
v 1.840621 -7.643129 -0.111991
v 1.503912 -6.994294 0.507214
v 1.464263 -7.659300 0.458767
v 0.681312 -6.994294 0.507213
v 0.714896 -7.659300 0.458767
v 0.343119 -6.994294 -0.117375
v 0.396501 -7.659300 -0.111991
v -0.730311 -6.994294 -0.805416
v -1.554724 -6.994293 -0.771399
v -0.753292 -7.659300 -0.824407
v -1.500684 -7.659299 -0.791469
v -1.919928 -6.994293 -0.117375
v -1.851198 -7.643129 -0.111991
v -1.514835 -6.994293 0.507214
v -1.474840 -7.659299 0.458767
v -0.692236 -6.994294 0.507214
v -0.725473 -7.659300 0.458767
v -0.354043 -6.994294 -0.117375
v -0.407078 -7.659300 -0.111991
v 0.791818 5.756675 -0.480496
v 0.000000 5.790764 -0.634015
v -0.791818 5.756675 -0.480496
v -0.791820 5.749110 -0.026169
v -0.641391 5.647954 0.532153
v 0.000000 5.236564 1.081543
v 0.641391 5.647954 0.532154
v 0.791820 5.749110 -0.026169
v 1.721152 5.360525 -0.722388
v 1.749799 5.442666 -0.003798
v 1.586079 5.345031 0.695785
v 0.000000 4.739514 1.411223
v -1.586079 5.345031 0.695785
v -1.749799 5.442666 -0.003798
v -1.721152 5.360525 -0.722388
v 0.000000 5.461994 -1.098305
v 1.703766 4.069266 -0.668801
v 1.749802 3.706603 0.063186
v 1.491331 4.040153 0.756274
v 0.000000 3.920193 1.547996
v -1.491331 4.040153 0.756274
v -1.749802 3.706603 0.063186
v -1.703766 4.069266 -0.668801
v 0.000000 3.920193 -1.023683
v 1.359601 2.074860 -0.537247
v 1.541343 2.074860 0.120152
v 1.292889 2.074860 0.801657
v 0.000000 2.074860 1.434933
v -1.292889 2.074860 0.801657
v -1.541343 2.074860 0.120152
v -1.359601 2.074860 -0.537247
v 0.000000 2.074860 -0.845282
v 1.203716 1.372273 -0.559925
v 1.448573 1.372273 0.055129
v 1.199763 1.372273 0.822121
v 0.000000 1.372273 1.254510
v -1.199763 1.372273 0.822121
v -1.448573 1.372273 0.055129
v -1.203716 1.372273 -0.559925
v 0.000000 1.372273 -0.789776
v 1.941503 4.124907 -0.601794
v 1.891715 3.811246 0.042485
v 1.950101 5.222652 -0.593977
v 1.925904 5.436475 -0.008947
v 1.749460 4.127343 0.656068
v 1.824811 5.244760 0.618300
v -1.749460 4.127343 0.656069
v -1.891715 3.811246 0.042485
v -1.824810 5.244760 0.618300
v -1.925904 5.436474 -0.008947
v -1.941503 4.124907 -0.601794
v -1.950101 5.222652 -0.593977
v 3.203104 4.124907 -0.601794
v 3.203103 3.811246 0.042485
v 3.203103 5.105338 -0.593977
v 3.203102 5.370160 -0.008947
v 3.203101 4.127343 0.656068
v 3.203101 5.163425 0.618300
v -3.203101 4.127343 0.656069
v -3.203103 3.811246 0.042485
v -3.203101 5.163425 0.618300
v -3.203102 5.370159 -0.008947
v -3.203104 4.124907 -0.601794
v -3.203103 5.105338 -0.593977
v 0.000000 5.158459 1.071918
v 5.617241 4.617185 -0.334032
v 5.617241 4.465886 0.002152
v 5.617241 5.001470 -0.334032
v 5.617241 5.152768 0.002152
v 5.617241 4.617185 0.338336
v 5.617241 5.003008 0.338336
v -5.617241 4.617185 0.338336
v -5.617241 4.465886 0.002152
v -5.617241 5.003008 0.338336
v -5.617241 5.152768 0.002152
v -5.617241 4.617185 -0.334032
v -5.617241 5.001470 -0.334032
v 0.782126 5.700419 -0.457850
v -0.000000 5.714783 -0.621951
v -0.782125 5.700419 -0.457850
v -0.763612 5.699148 -0.014090
v -0.600913 5.608479 0.537472
v -0.000000 5.526896 0.571460
v 0.600913 5.608479 0.537472
v 0.763612 5.699148 -0.014090
v 0.298770 5.840870 -0.332044
v 0.000000 5.849775 -0.407095
v -0.298770 5.840870 -0.332044
v -0.373183 5.813511 -0.152510
v -0.298770 5.780966 0.023137
v 0.000000 5.780966 0.093962
v 0.298770 5.780966 0.023137
v 0.373183 5.813511 -0.152510
v 0.298770 6.667140 -0.238633
v 0.000000 6.667140 -0.306853
v -0.298770 6.667140 -0.238633
v -0.373183 6.667140 -0.073936
v -0.298770 6.667140 0.090761
v 0.000000 6.667140 0.158980
v 0.298770 6.667140 0.090761
v 0.373183 6.667140 -0.073936
v 5.805364 4.616259 -0.544691
v 5.836049 4.457740 -0.038306
v 5.805364 5.010458 -0.544691
v 5.836049 5.168975 -0.038306
v 5.799321 4.646005 0.471000
v 5.805364 5.026533 0.468079
v -5.799321 4.646005 0.471000
v -5.836049 4.457740 -0.038306
v -5.805364 5.026533 0.468079
v -5.836049 5.168975 -0.038306
v -5.805364 4.616259 -0.544691
v -5.805364 5.010457 -0.544691
v 6.180921 4.666010 -0.544691
v 6.242292 4.645727 -0.038306
v 6.180921 5.010458 -0.544691
v 6.242292 5.143702 -0.038306
v 6.169070 4.649731 0.470959
v 6.175327 5.031587 0.467567
v -6.169070 4.649731 0.470959
v -6.242292 4.645727 -0.038306
v -6.175327 5.031587 0.467567
v -6.242292 5.143702 -0.038306
v -6.180921 4.666010 -0.544691
v -6.180921 5.010457 -0.544691
v 6.663782 4.696291 -0.544691
v 6.754371 4.725364 -0.038306
v 6.663782 4.994123 -0.544691
v 6.754371 5.088527 -0.038306
v 6.663782 4.698602 0.468079
v 6.663782 4.996467 0.468079
v -6.663782 4.698602 0.468079
v -6.754371 4.725364 -0.038306
v -6.663782 4.996467 0.468079
v -6.754371 5.088527 -0.038306
v -6.663782 4.696291 -0.544691
v -6.663782 4.994122 -0.544691
v 6.345979 4.420305 1.031713
v 6.362297 4.630508 1.066051
v 6.494203 4.462075 0.894292
v 6.526258 4.672486 0.929694
v -6.345979 4.420305 1.031713
v -6.362297 4.630508 1.066051
v -6.526258 4.672486 0.929694
v -6.494203 4.462075 0.894292
v 5.937164 4.598499 0.692161
v 5.983473 4.937167 0.717825
v 6.266706 4.962015 0.638325
v 6.256248 4.596151 0.636339
v -5.937164 4.598499 0.692161
v -5.983473 4.937167 0.717825
v -6.266706 4.962015 0.638325
v -6.256248 4.596151 0.636339
v 6.119813 4.512848 0.856433
v 6.143243 4.819081 0.899700
v 6.419034 4.810343 0.812706
v 6.381824 4.520198 0.791711
v -6.119813 4.512848 0.856433
v -6.143243 4.819081 0.899700
v -6.419034 4.810343 0.812706
v -6.381824 4.520198 0.791711
v 6.721758 5.053033 0.214886
v -6.721758 5.053033 0.214886
v 6.721758 5.051861 -0.291499
v -6.721758 5.051861 -0.291499
v 6.721758 4.717184 0.214886
v -6.721758 4.717184 0.214886
v 6.721758 4.716029 -0.291498
v -6.721758 4.716029 -0.291498
v -6.659660 4.717916 0.454281
v -6.725880 4.734473 0.228684
v -6.659660 4.983318 0.454281
v -6.725880 5.033720 0.228684
v 6.725880 5.033720 0.228684
v 6.725880 4.734473 0.228684
v 6.659660 4.983318 0.454281
v 6.659660 4.717916 0.454281
v 6.756433 4.744838 -0.024416
v 6.756433 5.068155 -0.024416
v 6.719697 5.036556 0.200996
v 6.719697 4.737556 0.200996
v -6.719697 5.036556 0.200996
v -6.719697 4.737556 0.200996
v -6.756433 5.068155 -0.024416
v -6.756433 4.744838 -0.024416
v -6.756931 4.743360 -0.051184
v -6.756931 5.069581 -0.051184
v -6.719199 5.036644 -0.278621
v -6.719199 4.734975 -0.278621
v 6.719199 5.036644 -0.278621
v 6.719199 4.734975 -0.278621
v 6.756931 5.069581 -0.051184
v 6.756931 4.743360 -0.051184
v 6.659503 4.715332 -0.531133
v 6.726037 4.732955 -0.305057
v 6.659503 4.981266 -0.531133
v 6.726037 5.032821 -0.305057
v -6.726037 5.032820 -0.305057
v -6.726037 4.732955 -0.305057
v -6.659503 4.981266 -0.531133
v -6.659503 4.715332 -0.531133
v 7.222407 4.770934 -0.011768
v 7.222407 5.057968 -0.011768
v 7.189794 5.029914 0.188348
v 7.189794 4.764469 0.188348
v -7.056223 4.740031 0.450949
v -7.120486 4.756099 0.232016
v -7.056223 4.997592 0.450949
v -7.120486 5.046505 0.232016
v 7.120486 5.046505 0.232016
v 7.120486 4.756098 0.232016
v 7.056223 4.997592 0.450949
v 7.056223 4.740031 0.450949
v -7.156473 4.784483 -0.066613
v -7.156473 5.066444 -0.066613
v -7.123860 5.037976 -0.263192
v -7.123860 4.777236 -0.263192
v 6.979598 4.759940 -0.516595
v 7.037575 4.775298 -0.319595
v 6.979598 4.991672 -0.516595
v 7.037575 5.036596 -0.319595
v 7.123860 5.037976 -0.263192
v 7.123860 4.777236 -0.263192
v 7.156473 5.066444 -0.066613
v 7.156473 4.784483 -0.066613
v -7.189794 5.029914 0.188348
v -7.189794 4.764469 0.188348
v -7.222407 5.057968 -0.011768
v -7.222407 4.770934 -0.011768
v -7.037575 5.036596 -0.319595
v -7.037575 4.775298 -0.319595
v -6.979598 4.991672 -0.516595
v -6.979598 4.759940 -0.516595
v 7.715317 4.782436 0.002401
v 7.715317 5.028824 0.002401
v 7.687322 5.004743 0.174179
v 7.687322 4.776887 0.174179
v -7.498159 4.737569 0.440242
v -7.556136 4.752066 0.242723
v -7.498159 4.969938 0.440242
v -7.556136 5.014066 0.242723
v 7.556136 5.014066 0.242723
v 7.556136 4.752065 0.242723
v 7.498159 4.969938 0.440242
v 7.498159 4.737569 0.440242
v -7.649044 4.787228 -0.082575
v -7.649044 5.023399 -0.082575
v -7.621727 4.999554 -0.247230
v -7.621727 4.781157 -0.247230
v 7.369471 4.782577 -0.503713
v 7.419866 4.795925 -0.332477
v 7.369471 4.984002 -0.503713
v 7.419866 5.023051 -0.332477
v 7.621727 4.999554 -0.247230
v 7.621727 4.781157 -0.247230
v 7.649044 5.023399 -0.082575
v 7.649044 4.787228 -0.082575
v -7.687322 5.004743 0.174179
v -7.687322 4.776887 0.174179
v -7.715317 5.028824 0.002401
v -7.715317 4.782436 0.002401
v -7.419866 5.023051 -0.332477
v -7.419866 4.795925 -0.332477
v -7.369471 4.984002 -0.503713
v -7.369471 4.782577 -0.503713
v 7.081026 5.045226 0.231683
v 7.081026 4.753936 0.231683
v 7.016567 4.737820 0.451282
v 7.016567 4.996165 0.451282
v -7.081026 5.045226 0.231683
v -7.081026 4.753936 0.231683
v -7.016567 4.737820 0.451282
v -7.016567 4.996165 0.451282
v 7.164052 5.043261 0.233087
v 7.164052 4.755695 0.233087
v 7.100417 4.739785 0.449878
v 7.100417 4.994826 0.449878
v -7.164052 5.043261 0.233087
v -7.164052 4.755696 0.233087
v -7.100417 4.739785 0.449878
v -7.100417 4.994826 0.449878
v 7.175810 4.768324 -0.013033
v 7.142784 4.761777 0.189613
v 7.142784 5.030579 0.189613
v 7.175810 5.058986 -0.013033
v -7.175810 4.768324 -0.013033
v -7.142784 4.761778 0.189613
v -7.142784 5.030579 0.189613
v -7.175810 5.058986 -0.013033
v 7.271698 4.772084 -0.010351
v 7.239547 4.765711 0.186931
v 7.239547 5.027397 0.186931
v 7.271698 5.055053 -0.010351
v -7.271698 4.772084 -0.010351
v -7.239547 4.765711 0.186931
v -7.239547 5.027397 0.186931
v -7.271698 5.055053 -0.010351
v 7.083394 5.037843 -0.264735
v 7.083394 4.773010 -0.264735
v 7.116519 4.780371 -0.065070
v 7.116519 5.066758 -0.065070
v -7.083394 5.037843 -0.264735
v -7.083394 4.773010 -0.264735
v -7.116519 4.780371 -0.065070
v -7.116519 5.066758 -0.065070
v 7.173647 5.034134 -0.261596
v 7.173647 4.777627 -0.261596
v 7.205730 4.784757 -0.068209
v 7.205730 5.062140 -0.068209
v -7.173647 5.034134 -0.261596
v -7.173647 4.777627 -0.261596
v -7.205730 4.784757 -0.068209
v -7.205730 5.062140 -0.068209
v 6.947588 4.755479 -0.518048
v 7.006421 4.771063 -0.318141
v 7.006421 5.036218 -0.318141
v 6.947588 4.990631 -0.518048
v -6.947588 4.755479 -0.518048
v -7.006421 4.771063 -0.318141
v -7.006421 5.036218 -0.318141
v -6.947588 4.990631 -0.518048
v 7.018585 4.762204 -0.515306
v 7.075804 4.777360 -0.320883
v 7.075804 5.035242 -0.320883
v 7.018585 4.990905 -0.515306
v -7.018585 4.762204 -0.515306
v -7.075804 4.777360 -0.320883
v -7.075804 5.035242 -0.320883
v -7.018585 4.990905 -0.515306
v 5.508817 4.611870 -0.337897
v 5.508817 4.457863 0.002387
v 5.508817 4.611852 0.343931
v 5.508817 5.004485 0.342982
v 5.508806 5.157783 0.002046
v 5.508817 5.002996 -0.338856
v -5.508817 4.611870 -0.337897
v -5.508817 4.457864 0.002387
v -5.508817 4.611852 0.343931
v -5.508817 5.004485 0.342982
v -5.508806 5.157783 0.002046
v -5.508817 5.002996 -0.338856
v 3.578993 4.517268 -0.406683
v 3.578993 4.315075 0.006563
v 3.578993 4.516924 0.443513
v 3.578993 5.030766 0.425682
v 3.578781 5.247037 0.000163
v 3.578993 5.030154 -0.424714
v -3.578993 4.517268 -0.406683
v -3.578993 4.315076 0.006563
v -3.578993 4.516924 0.443513
v -3.578993 5.030766 0.425682
v -3.578781 5.247037 0.000163
v -3.578993 5.030154 -0.424714
v 3.386010 4.507808 -0.413562
v 3.386010 4.300797 0.006980
v 3.386010 4.507431 0.453471
v 3.386010 5.033393 0.433952
v 3.385778 5.255962 -0.000025
v 3.386010 5.032870 -0.433300
v -3.386010 4.507808 -0.413562
v -3.386010 4.300797 0.006980
v -3.386010 4.507431 0.453471
v -3.386010 5.033393 0.433952
v -3.385778 5.255962 -0.000025
v -3.386010 5.032870 -0.433300
v 3.771975 4.526728 -0.399804
v 3.771975 4.329354 0.006145
v 3.771975 4.526417 0.433555
v 3.771975 5.028138 0.417412
v 3.771783 5.238111 0.000351
v 3.771975 5.027439 -0.416128
v -3.771975 4.526728 -0.399804
v -3.771975 4.329354 0.006145
v -3.771975 4.526416 0.433555
v -3.771975 5.028138 0.417412
v -3.771783 5.238111 0.000351
v -3.771975 5.027439 -0.416128
v -3.203791 4.498875 -0.420057
v -3.203791 5.035434 -0.441407
v -3.203540 5.264390 -0.000203
v -3.203791 5.035875 0.441761
v -3.203791 4.498467 0.462874
v -3.203791 4.287314 0.007374
v 3.203791 4.498875 -0.420057
v 3.203791 5.035434 -0.441407
v 3.203540 5.264390 -0.000203
v 3.203791 5.035875 0.441761
v 3.203791 4.498467 0.462874
v 3.203791 4.287314 0.007374
vt 0.944039 0.025420
vt 0.944039 0.031710
vt 0.926067 0.032197
vt 0.926239 0.025923
vt 0.905564 0.032228
vt 0.924169 0.130693
vt 0.863354 0.030919
vt 0.850199 0.030351
vt 0.850408 0.024099
vt 0.923729 0.088427
vt 0.832029 0.029711
vt 0.832217 0.023479
vt 0.818874 0.029416
vt 0.961633 0.088424
vt 0.964568 0.031359
vt 0.960941 0.130699
vt 0.858112 0.119112
vt 0.826054 0.125587
vt 0.810452 0.123625
vt 0.795818 0.118342
vt 0.874272 0.110508
vt 0.881486 0.283729
vt 0.958794 0.399985
vt 0.865918 0.374665
vt 0.967577 0.393765
vt 0.873384 0.278009
vt 0.958966 0.323417
vt 0.875260 0.368379
vt 0.968720 0.316289
vt 0.968952 0.541797
vt 0.896949 0.271504
vt 0.962368 0.548309
vt 0.850838 0.364422
vt 0.888352 0.280491
vt 0.960675 0.477373
vt 0.859227 0.372821
vt 0.968061 0.471452
vt 0.957979 0.419004
vt 0.968163 0.418867
vt 0.867728 0.355576
vt 0.967842 0.374635
vt 0.869040 0.352975
vt 0.872654 0.261316
vt 0.877138 0.351518
vt 0.968716 0.299282
vt 0.969627 0.561783
vt 0.969664 0.526075
vt 0.962872 0.561847
vt 0.850699 0.349870
vt 0.852481 0.353039
vt 0.889277 0.261571
vt 0.859601 0.354028
vt 0.968122 0.452721
vt 0.881193 0.266391
vt 0.957984 0.417372
vt 0.958054 0.415634
vt 0.968002 0.415511
vt 0.867566 0.357222
vt 0.867401 0.358966
vt 0.967764 0.376286
vt 0.967738 0.378028
vt 0.872741 0.262702
vt 0.957623 0.338748
vt 0.868810 0.355889
vt 0.872805 0.264233
vt 0.876976 0.352903
vt 0.876804 0.354451
vt 0.968633 0.300703
vt 0.968632 0.302285
vt 0.969525 0.527251
vt 0.897993 0.257807
vt 0.969644 0.559643
vt 0.969497 0.528708
vt 0.962724 0.560901
vt 0.962608 0.559711
vt 0.850707 0.350966
vt 0.850720 0.352312
vt 0.889196 0.263000
vt 0.959456 0.494887
vt 0.852650 0.356214
vt 0.889111 0.264749
vt 0.859580 0.355434
vt 0.859545 0.357172
vt 0.967997 0.454120
vt 0.968000 0.455841
vt 0.675660 0.153126
vt 0.696741 0.157145
vt 0.904377 0.057930
vt 0.925217 0.062302
vt 0.715191 0.146708
vt 0.841123 0.102394
vt 0.734246 0.140528
vt 0.823039 0.102132
vt 0.636713 0.144015
vt 0.965486 0.056958
vt 0.655890 0.147312
vt 0.944755 0.061763
vt 0.603444 0.029308
vt 0.623917 0.029656
vt 0.624645 0.055392
vt 0.603769 0.059397
vt 0.666208 0.029317
vt 0.679385 0.029057
vt 0.679077 0.042379
vt 0.666464 0.043929
vt 0.697581 0.028841
vt 0.698064 0.042202
vt 0.710751 0.028854
vt 0.710896 0.043356
vt 0.564993 0.027846
vt 0.585493 0.028531
vt 0.584276 0.058534
vt 0.753066 0.053657
vt 0.862759 0.045509
vt 0.840018 0.066188
vt 0.850196 0.043665
vt 0.888810 0.031729
vt 0.922735 0.113695
vt 0.823246 0.065807
vt 0.831235 0.043046
vt 0.818391 0.043898
vt 0.793687 0.028343
vt 0.962405 0.113701
vt 0.692612 0.075557
vt 0.657445 0.040196
vt 0.693556 0.066717
vt 0.657361 0.029425
vt 0.711027 0.075539
vt 0.710328 0.066337
vt 0.719380 0.028718
vt 0.719602 0.039442
vt 0.841114 0.086104
vt 0.888271 0.047995
vt 0.822732 0.086211
vt 0.792987 0.044617
vt 0.810258 0.029080
vt 0.962849 0.097105
vt 0.809786 0.039785
vt 0.822546 0.075009
vt 0.840961 0.075028
vt 0.871856 0.041992
vt 0.872187 0.031232
vt 0.921374 0.097098
vt 0.735979 0.028369
vt 0.736299 0.044669
vt 0.710532 0.102662
vt 0.710841 0.086741
vt 0.692448 0.102923
vt 0.692459 0.086633
vt 0.640899 0.045807
vt 0.640709 0.029542
vt 0.677526 0.133795
vt 0.696245 0.135923
vt 0.713722 0.134174
vt 0.730644 0.128566
vt 0.641775 0.120836
vt 0.660356 0.129095
vt 0.827089 0.155097
vt 0.847342 0.150768
vt 0.809302 0.145968
vt 0.789103 0.139457
vt 0.886892 0.141603
vt 0.866607 0.144918
vt 0.679432 0.124749
vt 0.696227 0.129028
vt 0.678877 0.126757
vt 0.712447 0.127686
vt 0.727744 0.122149
vt 0.643923 0.113804
vt 0.662980 0.122861
vt 0.844485 0.131898
vt 0.825958 0.134009
vt 0.825974 0.127184
vt 0.843145 0.124933
vt 0.808658 0.132282
vt 0.809919 0.125861
vt 0.791909 0.126735
vt 0.794778 0.120384
vt 0.879866 0.119063
vt 0.779129 0.112010
vt 0.861477 0.127243
vt 0.858879 0.121073
vt 0.603364 0.023039
vt 0.611223 0.127259
vt 0.612658 0.110260
vt 0.614019 0.093663
vt 0.611664 0.084993
vt 0.601749 0.076600
vt 0.583596 0.076603
vt 0.573760 0.084989
vt 0.572544 0.093670
vt 0.572988 0.110267
vt 0.574452 0.127265
vt 0.585594 0.022249
vt 0.842660 0.123211
vt 0.663574 0.121090
vt 0.740094 0.112324
vt 0.727062 0.120723
vt 0.712078 0.125930
vt 0.696201 0.127193
vt 0.768175 0.140653
vt 0.755280 0.142740
vt 0.647298 0.112489
vt 0.746260 0.120571
vt 0.743553 0.113686
vt 0.657308 0.023163
vt 0.666285 0.023035
vt 0.679238 0.072473
vt 0.683576 0.064811
vt 0.724626 0.072185
vt 0.721080 0.064201
vt 0.719261 0.022456
vt 0.710510 0.022572
vt 0.872387 0.024977
vt 0.863424 0.024642
vt 0.854335 0.071946
vt 0.849998 0.064283
vt 0.808948 0.071653
vt 0.812494 0.063670
vt 0.810523 0.022827
vt 0.819261 0.023148
vt 0.640658 0.023284
vt 0.677910 0.088286
vt 0.726413 0.087965
vt 0.735854 0.022108
vt 0.889013 0.025474
vt 0.855662 0.087759
vt 0.807159 0.087434
vt 0.793958 0.022092
vt 0.711183 0.056689
vt 0.731412 0.106006
vt 0.697538 0.022601
vt 0.752909 0.021720
vt 0.693005 0.056958
vt 0.679322 0.022796
vt 0.827216 0.157145
vt 0.623612 0.023390
vt 0.951797 0.080037
vt 0.964282 0.025104
vt 0.822392 0.056159
vt 0.636891 0.146363
vt 0.755685 0.145891
vt 0.933644 0.080034
vt 0.840570 0.056429
vt 0.905997 0.025976
vt 0.861877 0.105476
vt 0.867262 0.146987
vt 0.847992 0.152701
vt 0.656288 0.149486
vt 0.676345 0.155450
vt 0.583869 0.145178
vt 0.601718 0.145175
vt 0.951523 0.148613
vt 0.933674 0.148609
vt 0.789904 0.142578
vt 0.768220 0.143566
vt 0.810165 0.149286
vt 0.671694 0.106003
vt 0.734398 0.143191
vt 0.802159 0.105474
vt 0.716445 0.149004
vt 0.698444 0.159215
vt 0.776932 0.021307
vt 0.776942 0.027573
vt 0.776030 0.053203
vt 0.782587 0.110619
vt 0.776451 0.118825
vt 0.877738 0.112104
vt 0.889080 0.143956
vt 0.565380 0.021603
vt 0.752752 0.027990
vt 0.563654 0.053396
vt 0.843616 0.350657
vt 0.844582 0.362964
vt 0.959816 0.528867
vt 0.960575 0.541929
vt 0.843394 0.348168
vt 0.843509 0.349289
vt 0.959764 0.526236
vt 0.959765 0.527407
vt 0.958254 0.455934
vt 0.959770 0.471537
vt 0.959593 0.493118
vt 0.853357 0.372005
vt 0.958074 0.452816
vt 0.958088 0.454214
vt 0.959449 0.496327
vt 0.852571 0.354460
vt 0.860333 0.359581
vt 0.859764 0.375200
vt 0.958542 0.378156
vt 0.959569 0.393875
vt 0.860467 0.356207
vt 0.860396 0.357845
vt 0.958365 0.374756
vt 0.958420 0.376411
vt 0.959630 0.302340
vt 0.960595 0.316279
vt 0.957741 0.337200
vt 0.867977 0.369689
vt 0.959532 0.299365
vt 0.959503 0.300773
vt 0.957649 0.340149
vt 0.868902 0.354355
vt 0.890958 0.260919
vt 0.890846 0.273039
vt 0.897888 0.259177
vt 0.969208 0.548227
vt 0.890971 0.258466
vt 0.890971 0.259572
vt 0.898097 0.256674
vt 0.969595 0.560836
vt 0.882291 0.265769
vt 0.882545 0.281359
vt 0.968669 0.492999
vt 0.968324 0.477290
vt 0.882235 0.262624
vt 0.882263 0.264037
vt 0.968944 0.496184
vt 0.968734 0.494753
vt 0.874239 0.267307
vt 0.875406 0.283017
vt 0.881222 0.268124
vt 0.967466 0.399881
vt 0.873987 0.263910
vt 0.874109 0.265561
vt 0.881161 0.264750
vt 0.968055 0.417241
vt 0.865030 0.262514
vt 0.866301 0.276443
vt 0.967868 0.337289
vt 0.968179 0.323514
vt 0.864778 0.259574
vt 0.864889 0.260966
vt 0.967907 0.340185
vt 0.967826 0.338810
vt 0.376976 0.291750
vt 0.407655 0.286911
vt 0.407513 0.300947
vt 0.375265 0.310816
vt 0.341735 0.291918
vt 0.338886 0.313126
vt 0.313139 0.283569
vt 0.308775 0.302802
vt 0.287357 0.272355
vt 0.284374 0.289964
vt 0.461762 0.219442
vt 0.494538 0.218666
vt 0.498748 0.233482
vt 0.461855 0.233112
vt 0.423905 0.219486
vt 0.420712 0.231243
vt 0.412248 0.317148
vt 0.369883 0.348784
vt 0.334700 0.343322
vt 0.304246 0.343150
vt 0.280498 0.295741
vt 0.499075 0.239558
vt 0.461555 0.241105
vt 0.418730 0.246356
vt 0.422726 0.263801
vt 0.495623 0.263680
vt 0.257542 0.346903
vt 0.257564 0.305669
vt 0.424785 0.330210
vt 0.410344 0.369684
vt 0.107791 0.274147
vt 0.137650 0.276214
vt 0.137661 0.291580
vt 0.107709 0.286394
vt 0.171299 0.272941
vt 0.173292 0.291783
vt 0.199314 0.269251
vt 0.201999 0.283504
vt 0.224911 0.259167
vt 0.227844 0.272388
vt 0.016206 0.221449
vt 0.047485 0.224653
vt 0.047510 0.233595
vt 0.014733 0.233182
vt 0.083369 0.222643
vt 0.085358 0.233182
vt 0.107868 0.300298
vt 0.138357 0.311268
vt 0.144925 0.348421
vt 0.106258 0.315249
vt 0.176090 0.312917
vt 0.180480 0.343148
vt 0.206311 0.302712
vt 0.210860 0.343036
vt 0.230765 0.289955
vt 0.234632 0.295720
vt 0.010687 0.248036
vt 0.047572 0.247268
vt 0.047953 0.255259
vt 0.010425 0.254113
vt 0.088398 0.244906
vt 0.092954 0.257765
vt 0.086633 0.278192
vt 0.014134 0.278192
vt 0.104779 0.369744
vt 0.090549 0.330298
vt 0.358703 0.376460
vt 0.333898 0.372332
vt 0.303392 0.371710
vt 0.257525 0.372174
vt 0.398467 0.390291
vt 0.181954 0.372133
vt 0.156455 0.376356
vt 0.212004 0.371564
vt 0.114816 0.391913
vt 0.461684 0.210502
vt 0.425772 0.208916
vt 0.492932 0.206947
vt 0.315893 0.269307
vt 0.290352 0.259115
vt 0.343883 0.273085
vt 0.377632 0.276666
vt 0.407537 0.274644
vt 0.378791 0.213018
vt 0.406099 0.212095
vt 0.352229 0.213866
vt 0.327630 0.206702
vt 0.302314 0.199554
vt 0.461284 0.150674
vt 0.485013 0.148691
vt 0.434230 0.148825
vt 0.109459 0.211578
vt 0.136756 0.212633
vt 0.163315 0.213631
vt 0.187944 0.206593
vt 0.213298 0.199581
vt 0.023458 0.163120
vt 0.047203 0.164832
vt 0.074226 0.162674
vt 0.379505 0.201752
vt 0.406893 0.200347
vt 0.353433 0.204194
vt 0.329629 0.195821
vt 0.304468 0.187829
vt 0.461250 0.139503
vt 0.484866 0.136699
vt 0.434298 0.136811
vt 0.108724 0.199821
vt 0.136102 0.201366
vt 0.162161 0.203951
vt 0.186006 0.195703
vt 0.211210 0.187846
vt 0.023467 0.151130
vt 0.047109 0.153664
vt 0.074022 0.150664
vt 0.380313 0.191080
vt 0.407706 0.191055
vt 0.354533 0.194731
vt 0.331392 0.185494
vt 0.306138 0.178521
vt 0.461218 0.130021
vt 0.484647 0.127150
vt 0.434447 0.127252
vt 0.107958 0.190521
vt 0.135351 0.190691
vt 0.161111 0.194482
vt 0.184302 0.185368
vt 0.209593 0.178529
vt 0.023577 0.141581
vt 0.047033 0.144183
vt 0.073764 0.141110
vt 0.384999 0.165294
vt 0.410487 0.167621
vt 0.360088 0.166060
vt 0.334789 0.159822
vt 0.311313 0.155732
vt 0.458530 0.107237
vt 0.483546 0.103639
vt 0.432457 0.103641
vt 0.105301 0.167066
vt 0.130804 0.164883
vt 0.155713 0.165782
vt 0.181046 0.159678
vt 0.204544 0.155712
vt 0.024409 0.118063
vt 0.049459 0.121375
vt 0.075484 0.117482
vt 0.389924 0.116542
vt 0.412844 0.118139
vt 0.365409 0.114980
vt 0.342060 0.110907
vt 0.320264 0.107172
vt 0.458794 0.055506
vt 0.481351 0.054186
vt 0.432800 0.054133
vt 0.103202 0.117554
vt 0.126164 0.116120
vt 0.150677 0.114676
vt 0.174040 0.110719
vt 0.195853 0.107096
vt 0.026039 0.068598
vt 0.048605 0.069660
vt 0.074577 0.067991
vt 0.391230 0.088804
vt 0.414152 0.090044
vt 0.369110 0.086463
vt 0.347042 0.083526
vt 0.325295 0.079734
vt 0.458590 0.026516
vt 0.479917 0.026273
vt 0.435263 0.026261
vt 0.102132 0.089532
vt 0.124964 0.088353
vt 0.147103 0.086132
vt 0.169189 0.083310
vt 0.190957 0.079628
vt 0.027154 0.040676
vt 0.048479 0.040676
vt 0.071797 0.040154
vt 0.393361 0.061282
vt 0.363843 0.064261
vt 0.364419 0.038930
vt 0.389175 0.037089
vt 0.338494 0.065113
vt 0.338184 0.039725
vt 0.313316 0.063951
vt 0.314584 0.038299
vt 0.284192 0.060617
vt 0.288107 0.036369
vt 0.259753 0.060007
vt 0.263498 0.029969
vt 0.420332 0.060941
vt 0.418122 0.030889
vt 0.139311 0.063934
vt 0.109072 0.061215
vt 0.113269 0.036343
vt 0.138551 0.038070
vt 0.165090 0.064713
vt 0.165304 0.038780
vt 0.190674 0.063404
vt 0.189340 0.037216
vt 0.220478 0.060081
vt 0.216372 0.035163
vt 0.245503 0.059231
vt 0.241577 0.028558
vt 0.081455 0.060836
vt 0.083563 0.030106
vt 0.391095 0.065507
vt 0.365011 0.067803
vt 0.371072 0.042920
vt 0.392418 0.039622
vt 0.338481 0.070521
vt 0.337222 0.044394
vt 0.311534 0.067588
vt 0.309316 0.041974
vt 0.286746 0.064923
vt 0.289776 0.037649
vt 0.263781 0.066463
vt 0.274818 0.030955
vt 0.415985 0.067133
vt 0.412698 0.034994
vt 0.137657 0.067652
vt 0.110966 0.065405
vt 0.107840 0.035305
vt 0.130691 0.039895
vt 0.165144 0.070626
vt 0.158383 0.041341
vt 0.192993 0.067165
vt 0.190246 0.040116
vt 0.218312 0.064369
vt 0.215536 0.035851
vt 0.241701 0.065452
vt 0.229630 0.030770
vt 0.085632 0.066768
vt 0.088619 0.027120
vt 0.108898 0.441779
vt 0.149604 0.442928
vt 0.149576 0.450023
vt 0.107246 0.448420
vt 0.190207 0.441763
vt 0.191906 0.448409
vt 0.214204 0.438598
vt 0.214769 0.445377
vt 0.080860 0.645506
vt 0.108927 0.650251
vt 0.107711 0.656772
vt 0.080065 0.652316
vt 0.151190 0.652346
vt 0.151189 0.659603
vt 0.193324 0.650264
vt 0.194668 0.656781
vt 0.221435 0.645524
vt 0.222315 0.652331
vt 0.084883 0.438566
vt 0.084382 0.445395
vt 0.083069 0.614770
vt 0.090855 0.592275
vt 0.121067 0.612656
vt 0.113259 0.627340
vt 0.211064 0.798920
vt 0.221375 0.821853
vt 0.188802 0.833675
vt 0.179133 0.815826
vt 0.151177 0.776574
vt 0.151175 0.797236
vt 0.091286 0.798907
vt 0.123213 0.815820
vt 0.080970 0.821837
vt 0.113539 0.833667
vt 0.208336 0.592258
vt 0.216129 0.614751
vt 0.185942 0.627330
vt 0.178131 0.612647
vt 0.149596 0.591538
vt 0.149599 0.610392
vt 0.151180 0.748641
vt 0.212413 0.751716
vt 0.089947 0.751703
vt 0.149588 0.539958
vt 0.214700 0.545071
vt 0.084478 0.545089
vt 0.077640 0.468224
vt 0.101232 0.473542
vt 0.065415 0.521748
vt 0.199846 0.681615
vt 0.224668 0.677188
vt 0.234533 0.732134
vt 0.151187 0.684645
vt 0.102528 0.681605
vt 0.077708 0.677173
vt 0.067831 0.732116
vt 0.197927 0.473529
vt 0.221517 0.468204
vt 0.233757 0.521725
vt 0.149579 0.474818
vt 0.075221 0.549217
vt 0.062824 0.526142
vt 0.081030 0.590454
vt 0.078136 0.613403
vt 0.238081 0.735033
vt 0.222943 0.755956
vt 0.220416 0.797609
vt 0.226698 0.821104
vt 0.079416 0.755941
vt 0.064282 0.735015
vt 0.081934 0.797594
vt 0.075647 0.821087
vt 0.236349 0.526117
vt 0.223959 0.549196
vt 0.218161 0.590435
vt 0.221061 0.613382
vt 0.030295 0.562406
vt 0.022012 0.540575
vt 0.037497 0.592673
vt 0.037416 0.613734
vt 0.280587 0.743470
vt 0.273802 0.766169
vt 0.270189 0.799614
vt 0.270483 0.822426
vt 0.028554 0.766143
vt 0.021774 0.743442
vt 0.032160 0.799588
vt 0.031861 0.822400
vt 0.277165 0.540540
vt 0.268888 0.562373
vt 0.261694 0.592641
vt 0.261781 0.613703
vt 0.605696 0.396560
vt 0.603852 0.383519
vt 0.607649 0.383086
vt 0.609463 0.395918
vt 0.602964 0.369745
vt 0.606775 0.369552
vt 0.602738 0.356606
vt 0.606554 0.356616
vt 0.603976 0.329732
vt 0.605694 0.316714
vt 0.609465 0.317337
vt 0.607768 0.330185
vt 0.603014 0.343448
vt 0.606824 0.343660
vt 0.149939 0.841297
vt 0.149990 0.863100
vt 0.128773 0.865575
vt 0.171219 0.865476
vt 0.122260 0.898782
vt 0.149978 0.894179
vt 0.149979 0.903098
vt 0.139344 0.905167
vt 0.177696 0.898776
vt 0.160613 0.905165
vt 0.178847 0.914347
vt 0.164088 0.911125
vt 0.122962 0.885146
vt 0.139555 0.884440
vt 0.136964 0.890723
vt 0.150035 0.882180
vt 0.160524 0.884391
vt 0.177121 0.885019
vt 0.163145 0.890662
vt 0.121112 0.914354
vt 0.135871 0.911128
vt 0.174224 0.920569
vt 0.185051 0.920948
vt 0.184011 0.949879
vt 0.173238 0.949785
vt 0.114507 0.920972
vt 0.125334 0.920586
vt 0.126340 0.949801
vt 0.115567 0.949902
vt 0.132217 0.920102
vt 0.132678 0.950235
vt 0.138986 0.919424
vt 0.139017 0.950668
vt 0.149778 0.919603
vt 0.149789 0.950840
vt 0.160571 0.919417
vt 0.160561 0.950661
vt 0.167341 0.920090
vt 0.166899 0.950223
vt 0.726514 0.297668
vt 0.728673 0.314294
vt 0.722301 0.315056
vt 0.720176 0.298716
vt 0.728897 0.386943
vt 0.726435 0.404420
vt 0.720103 0.403339
vt 0.722517 0.386213
vt 0.730085 0.368075
vt 0.723680 0.367747
vt 0.730431 0.350589
vt 0.724018 0.350606
vt 0.730022 0.333122
vt 0.723619 0.333479
vt 0.879226 0.207990
vt 0.892266 0.207866
vt 0.899105 0.215142
vt 0.880766 0.215513
vt 0.973373 0.602193
vt 0.963476 0.602232
vt 0.963188 0.594977
vt 0.973396 0.594926
vt 0.849963 0.300044
vt 0.862937 0.300704
vt 0.861405 0.308355
vt 0.842839 0.307001
vt 0.866284 0.208787
vt 0.861997 0.215598
vt 0.875885 0.300857
vt 0.879851 0.307921
vt 0.974555 0.207127
vt 0.984008 0.211021
vt 0.981034 0.216233
vt 0.971665 0.212459
vt 0.798107 0.208832
vt 0.811061 0.209368
vt 0.815486 0.216090
vt 0.796719 0.216385
vt 0.914617 0.210009
vt 0.923323 0.206761
vt 0.925777 0.211696
vt 0.917137 0.214833
vt 0.794023 0.302578
vt 0.806965 0.302121
vt 0.808677 0.309734
vt 0.790225 0.309734
vt 0.785066 0.208972
vt 0.778376 0.216385
vt 0.819920 0.301157
vt 0.827205 0.307945
vt 0.934283 0.600037
vt 0.925461 0.600030
vt 0.925424 0.593563
vt 0.934510 0.593567
vt 0.898919 0.228591
vt 0.881055 0.230994
vt 0.963010 0.585223
vt 0.972161 0.585158
vt 0.861038 0.322580
vt 0.842666 0.320247
vt 0.863030 0.228643
vt 0.879318 0.320946
vt 0.972764 0.237252
vt 0.978811 0.238704
vt 0.976779 0.244546
vt 0.969973 0.243317
vt 0.814717 0.229153
vt 0.796743 0.231868
vt 0.918561 0.235047
vt 0.924037 0.233776
vt 0.926685 0.239180
vt 0.920423 0.240437
vt 0.809378 0.323947
vt 0.791064 0.322742
vt 0.778834 0.229827
vt 0.827689 0.321183
vt 0.926471 0.584891
vt 0.934608 0.584890
vt 0.890225 0.247800
vt 0.881336 0.249123
vt 0.963122 0.572205
vt 0.971458 0.572129
vt 0.851570 0.339365
vt 0.842453 0.337251
vt 0.872411 0.248079
vt 0.863472 0.246101
vt 0.869616 0.339828
vt 0.860570 0.340614
vt 0.957503 0.264800
vt 0.971901 0.264170
vt 0.970597 0.283143
vt 0.959204 0.283361
vt 0.805731 0.248775
vt 0.796829 0.249999
vt 0.925318 0.258826
vt 0.939224 0.259299
vt 0.937772 0.277419
vt 0.926506 0.277167
vt 0.801207 0.341391
vt 0.791967 0.339961
vt 0.787915 0.248856
vt 0.778990 0.246805
vt 0.819237 0.340505
vt 0.810269 0.341965
vt 0.926994 0.573286
vt 0.934406 0.573309
vt 0.979660 0.223158
vt 0.970736 0.220896
vt 0.857167 0.232121
vt 0.854480 0.221058
vt 0.959930 0.257469
vt 0.973381 0.257079
vt 0.888942 0.314521
vt 0.885681 0.324371
vt 0.918310 0.227436
vt 0.925741 0.225791
vt 0.774064 0.322652
vt 0.777149 0.332336
vt 0.771303 0.336846
vt 0.766109 0.331251
vt 0.931349 0.244192
vt 0.921756 0.245304
vt 0.826426 0.237279
vt 0.829172 0.228219
vt 0.835597 0.236576
vt 0.830284 0.241486
vt 0.979321 0.230244
vt 0.971063 0.228163
vt 0.896311 0.320456
vt 0.893454 0.330209
vt 0.965224 0.248873
vt 0.975437 0.249752
vt 0.851488 0.237004
vt 0.848559 0.228002
vt 0.926299 0.219371
vt 0.918188 0.221136
vt 0.784783 0.326316
vt 0.781292 0.316546
vt 0.923847 0.252141
vt 0.936696 0.252245
vt 0.823112 0.221397
vt 0.820649 0.232511
vt 0.904466 0.328865
vt 0.899405 0.334581
vt 0.847715 0.241289
vt 0.842304 0.236487
vt 0.878819 0.338181
vt 0.828302 0.338177
vt 0.814628 0.246617
vt 0.899106 0.245568
vt 0.928095 0.319898
vt 0.927279 0.311602
vt 0.936677 0.311546
vt 0.938425 0.319744
vt 0.968657 0.323486
vt 0.958770 0.323382
vt 0.960518 0.315723
vt 0.969238 0.315734
vt 0.929181 0.471018
vt 0.938290 0.471122
vt 0.937453 0.477642
vt 0.928699 0.477547
vt 0.969331 0.541487
vt 0.969609 0.548491
vt 0.962160 0.548580
vt 0.960207 0.541631
vt 0.968675 0.477563
vt 0.960475 0.477651
vt 0.959505 0.471395
vt 0.968394 0.471304
vt 0.928640 0.544681
vt 0.937470 0.544795
vt 0.935521 0.551442
vt 0.928467 0.551356
vt 0.814314 0.247404
vt 0.806266 0.249356
vt 0.937293 0.277970
vt 0.927199 0.277737
vt 0.800543 0.341917
vt 0.792189 0.340611
vt 0.940338 0.352386
vt 0.927396 0.352508
vt 0.928060 0.351952
vt 0.939585 0.351838
vt 0.969775 0.355331
vt 0.957099 0.355423
vt 0.957821 0.354863
vt 0.969125 0.354791
vt 0.878613 0.338835
vt 0.870292 0.340337
vt 0.969871 0.283713
vt 0.959714 0.283898
vt 0.871888 0.248671
vt 0.863802 0.246881
vt 0.970388 0.437171
vt 0.956739 0.437333
vt 0.957499 0.436799
vt 0.969649 0.436652
vt 0.869285 0.340514
vt 0.861198 0.341218
vt 0.969006 0.355866
vt 0.957734 0.355952
vt 0.880804 0.249778
vt 0.872827 0.248844
vt 0.939713 0.352933
vt 0.928182 0.353038
vt 0.809655 0.342584
vt 0.801554 0.342070
vt 0.941007 0.436861
vt 0.927270 0.436765
vt 0.928006 0.436236
vt 0.940240 0.436321
vt 0.805331 0.249548
vt 0.797374 0.250644
vt 0.940283 0.437355
vt 0.927946 0.437268
vt 0.818985 0.341166
vt 0.810892 0.342486
vt 0.939442 0.515708
vt 0.925276 0.515542
vt 0.926086 0.514992
vt 0.938813 0.515138
vt 0.796336 0.250608
vt 0.788292 0.249574
vt 0.971969 0.512420
vt 0.958693 0.512631
vt 0.959298 0.512110
vt 0.971201 0.511920
vt 0.859960 0.341149
vt 0.851837 0.340020
vt 0.969715 0.437672
vt 0.957459 0.437819
vt 0.889863 0.248525
vt 0.881842 0.249721
vt 0.898805 0.246347
vt 0.890751 0.248370
vt 0.963449 0.571798
vt 0.970947 0.571736
vt 0.850880 0.339834
vt 0.842619 0.337905
vt 0.971321 0.512995
vt 0.959443 0.513183
vt 0.938632 0.516307
vt 0.925989 0.516157
vt 0.828152 0.338835
vt 0.819939 0.340958
vt 0.927434 0.572929
vt 0.934112 0.572949
vt 0.787400 0.249438
vt 0.779308 0.247577
vt 0.957590 0.421008
vt 0.968563 0.420860
vt 0.867819 0.355312
vt 0.860565 0.355943
vt 0.968261 0.371743
vt 0.958177 0.371872
vt 0.881082 0.264502
vt 0.873930 0.263665
vt 0.805746 0.261810
vt 0.813562 0.259916
vt 0.813480 0.261306
vt 0.805688 0.263194
vt 0.927391 0.291827
vt 0.937663 0.291998
vt 0.937735 0.293601
vt 0.927411 0.293480
vt 0.793951 0.353036
vt 0.802075 0.354302
vt 0.802245 0.355678
vt 0.794146 0.354417
vt 0.939843 0.338215
vt 0.928619 0.338374
vt 0.928659 0.336864
vt 0.939883 0.336694
vt 0.957358 0.341337
vt 0.968365 0.341375
vt 0.877144 0.351299
vt 0.869052 0.352755
vt 0.969233 0.297483
vt 0.959378 0.297573
vt 0.872660 0.261112
vt 0.864807 0.259376
vt 0.929233 0.450851
vt 0.940078 0.450951
vt 0.940052 0.452452
vt 0.929375 0.452349
vt 0.811380 0.355115
vt 0.818469 0.353960
vt 0.818413 0.355381
vt 0.811434 0.356519
vt 0.939001 0.499692
vt 0.927904 0.499566
vt 0.928133 0.497868
vt 0.938994 0.497990
vt 0.789294 0.262379
vt 0.796336 0.263287
vt 0.796336 0.264696
vt 0.789404 0.263802
vt 0.897854 0.256511
vt 0.890750 0.258298
vt 0.962709 0.563326
vt 0.970066 0.563256
vt 0.850953 0.349692
vt 0.843655 0.347992
vt 0.970107 0.524363
vt 0.959323 0.524538
vt 0.959161 0.497972
vt 0.969340 0.497818
vt 0.859768 0.353787
vt 0.852654 0.352798
vt 0.968458 0.451223
vt 0.957687 0.451325
vt 0.889120 0.261348
vt 0.882098 0.262398
vt 0.929145 0.369396
vt 0.939653 0.369393
vt 0.939654 0.371260
vt 0.929216 0.371218
vt 0.803367 0.356830
vt 0.810634 0.357290
vt 0.810743 0.358924
vt 0.803568 0.358469
vt 0.940048 0.420411
vt 0.928931 0.420319
vt 0.929033 0.418538
vt 0.940037 0.418645
vt 0.797394 0.265370
vt 0.804528 0.264388
vt 0.804440 0.266037
vt 0.797395 0.267006
vt 0.927547 0.528009
vt 0.938536 0.528153
vt 0.938494 0.529437
vt 0.927747 0.529315
vt 0.820097 0.350814
vt 0.827352 0.348943
vt 0.827264 0.350066
vt 0.820114 0.351910
vt 0.934875 0.565308
vt 0.928114 0.565243
vt 0.928125 0.564302
vt 0.935045 0.564373
vt 0.780464 0.257721
vt 0.787603 0.259363
vt 0.787626 0.260466
vt 0.780591 0.258847
vt 0.968447 0.419107
vt 0.957596 0.419249
vt 0.957672 0.417376
vt 0.968389 0.417243
vt 0.860494 0.357579
vt 0.867657 0.356956
vt 0.867493 0.358699
vt 0.860431 0.359313
vt 0.958236 0.373633
vt 0.968178 0.373499
vt 0.968150 0.375353
vt 0.958366 0.375489
vt 0.874051 0.265311
vt 0.881114 0.266138
vt 0.881143 0.267867
vt 0.874181 0.267052
vt 0.805655 0.264721
vt 0.813370 0.262851
vt 0.812384 0.276761
vt 0.805355 0.278465
vt 0.927351 0.295325
vt 0.937641 0.295387
vt 0.794354 0.355959
vt 0.802373 0.357207
vt 0.803530 0.370973
vt 0.796223 0.369835
vt 0.939753 0.335014
vt 0.928590 0.335191
vt 0.968278 0.339900
vt 0.957330 0.339833
vt 0.957456 0.338172
vt 0.968323 0.338268
vt 0.868914 0.354134
vt 0.876981 0.352683
vt 0.876810 0.354230
vt 0.868822 0.355666
vt 0.959347 0.299084
vt 0.969144 0.299008
vt 0.969142 0.300706
vt 0.959483 0.300765
vt 0.864917 0.260764
vt 0.872746 0.262494
vt 0.872810 0.264021
vt 0.865058 0.262307
vt 0.929366 0.454195
vt 0.939872 0.454303
vt 0.811510 0.358255
vt 0.818375 0.357136
vt 0.818040 0.372926
vt 0.812195 0.373878
vt 0.938806 0.495921
vt 0.928226 0.495805
vt 0.789524 0.265544
vt 0.796343 0.266423
vt 0.796404 0.281969
vt 0.790599 0.281221
vt 0.890749 0.259401
vt 0.897750 0.257641
vt 0.897646 0.259006
vt 0.890737 0.260743
vt 0.970031 0.562225
vt 0.962548 0.562295
vt 0.962421 0.560999
vt 0.970084 0.560925
vt 0.843770 0.349112
vt 0.850961 0.350787
vt 0.850974 0.352131
vt 0.843877 0.350478
vt 0.959325 0.525813
vt 0.969955 0.525644
vt 0.969925 0.527231
vt 0.959380 0.527404
vt 0.969115 0.496285
vt 0.959168 0.496428
vt 0.959315 0.494531
vt 0.969046 0.494404
vt 0.852744 0.354218
vt 0.859747 0.355191
vt 0.859712 0.356928
vt 0.852823 0.355971
vt 0.957701 0.452823
vt 0.968325 0.452722
vt 0.968328 0.454568
vt 0.957879 0.454667
vt 0.882126 0.263806
vt 0.889039 0.262773
vt 0.888954 0.264517
vt 0.882154 0.265534
vt 0.929219 0.373165
vt 0.939570 0.373254
vt 0.938392 0.391086
vt 0.929420 0.390951
vt 0.803773 0.360208
vt 0.810847 0.360656
vt 0.811783 0.376243
vt 0.805623 0.375853
vt 0.939966 0.416767
vt 0.929077 0.416641
vt 0.929651 0.399438
vt 0.939276 0.399583
vt 0.797401 0.268735
vt 0.804345 0.267779
vt 0.803499 0.283462
vt 0.797453 0.284294
vt 0.927863 0.530886
vt 0.938365 0.531025
vt 0.820133 0.353254
vt 0.827189 0.351434
vt 0.826514 0.363750
vt 0.820299 0.365352
vt 0.935200 0.563185
vt 0.928044 0.563101
vt 0.780723 0.260211
vt 0.787665 0.261807
vt 0.788022 0.273886
vt 0.781907 0.272479
vt 0.873387 0.277755
vt 0.866325 0.276194
vt 0.875267 0.368146
vt 0.867989 0.369455
vt 0.881406 0.283424
vt 0.875344 0.282714
vt 0.967979 0.392097
vt 0.959458 0.392214
vt 0.866011 0.374384
vt 0.859863 0.374918
vt 0.958468 0.400515
vt 0.967812 0.400404
vt 0.888197 0.280212
vt 0.882407 0.281078
vt 0.859395 0.372564
vt 0.853529 0.371748
vt 0.896709 0.271296
vt 0.890625 0.272826
vt 0.851092 0.364230
vt 0.844842 0.362774
vt 0.646349 0.310910
vt 0.648066 0.323928
vt 0.644275 0.324381
vt 0.642578 0.311532
vt 0.648186 0.377715
vt 0.646341 0.390756
vt 0.642574 0.390114
vt 0.644390 0.377282
vt 0.649075 0.363941
vt 0.645264 0.363747
vt 0.649302 0.350802
vt 0.645486 0.350812
vt 0.649027 0.337644
vt 0.645217 0.337856
vt 0.543240 0.322469
vt 0.545291 0.306733
vt 0.545344 0.406849
vt 0.543035 0.390465
vt 0.541923 0.372853
vt 0.541607 0.356440
vt 0.541985 0.340036
vt 0.713465 0.299825
vt 0.715552 0.315863
vt 0.708803 0.316670
vt 0.706754 0.300934
vt 0.715759 0.385440
vt 0.713398 0.402195
vt 0.706692 0.401050
vt 0.709002 0.384666
vt 0.716898 0.367401
vt 0.710116 0.367054
vt 0.717225 0.350624
vt 0.710433 0.350642
vt 0.716838 0.333858
vt 0.710057 0.334238
vt 0.529743 0.320853
vt 0.531868 0.304513
vt 0.538580 0.305623
vt 0.536491 0.321661
vt 0.531933 0.409137
vt 0.529521 0.392011
vt 0.536278 0.391238
vt 0.538638 0.407993
vt 0.528358 0.373545
vt 0.535141 0.373199
vt 0.528023 0.356404
vt 0.534815 0.356422
vt 0.528423 0.339277
vt 0.535204 0.339657
vt 0.149298 0.959320
vt 0.159782 0.961803
vt 0.162351 0.967614
vt 0.159688 0.973383
vt 0.149166 0.975696
vt 0.138682 0.973214
vt 0.136113 0.967403
vt 0.138775 0.961634
vt 0.522020 0.338919
vt 0.523371 0.320091
vt 0.521609 0.356386
vt 0.521954 0.373872
vt 0.523140 0.392740
vt 0.525601 0.410217
vt 0.525531 0.303465
vt 0.177273 0.815876
vt 0.151174 0.799283
vt 0.125072 0.815870
vt 0.186735 0.833719
vt 0.115606 0.833711
vt 0.121910 0.614757
vt 0.114705 0.628856
vt 0.184497 0.628845
vt 0.177289 0.614748
vt 0.149599 0.613068
vt 0.267787 0.684577
vt 0.245687 0.677457
vt 0.251863 0.672931
vt 0.267455 0.680861
vt 0.244116 0.641041
vt 0.250995 0.654043
vt 0.294319 0.458236
vt 0.292760 0.494651
vt 0.286582 0.490128
vt 0.287444 0.471240
vt 0.270663 0.501780
vt 0.270994 0.498063
vt 0.265613 0.629784
vt 0.266959 0.646513
vt 0.288336 0.640660
vt 0.282035 0.653850
vt 0.288292 0.675130
vt 0.282912 0.672708
vt 0.250155 0.492339
vt 0.255534 0.489916
vt 0.250098 0.457870
vt 0.256404 0.471058
vt 0.272818 0.446987
vt 0.271478 0.463715
vn 0.000000 0.019689 -0.999806
vn 0.000000 0.000145 -1.000000
vn 0.000000 -0.000151 -1.000000
vn 0.000000 0.019689 -0.999806
vn 0.881849 -0.051443 -0.468717
vn 0.881775 -0.052064 -0.468787
vn 0.885219 -0.019078 -0.464784
vn 0.885219 -0.019078 -0.464784
vn 0.645393 -0.003320 0.763843
vn 0.645535 -0.003509 0.763723
vn 0.654166 -0.015119 0.756200
vn 0.654166 -0.015119 0.756200
vn 0.000001 0.029019 0.999579
vn 0.000001 0.028845 0.999584
vn -0.000000 -0.035761 0.999360
vn -0.000000 -0.035761 0.999360
vn -0.642809 -0.003500 0.766019
vn -0.642601 -0.003307 0.766194
vn -0.655362 -0.015259 0.755161
vn -0.655362 -0.015259 0.755160
vn -0.884440 0.005118 -0.466625
vn -0.884444 0.005309 -0.466616
vn -0.884446 0.046202 -0.464351
vn -0.884446 0.046202 -0.464351
vn 0.986979 0.000000 0.160848
vn 0.986979 0.000000 0.160848
vn 0.986979 0.000000 0.160848
vn 0.986979 0.000000 0.160848
vn 0.959519 0.000000 0.281646
vn 0.959519 0.000000 0.281646
vn 0.959519 0.000000 0.281646
vn 0.959519 0.000000 0.281646
vn 0.959319 0.000002 -0.282326
vn 0.959319 0.000002 -0.282326
vn 0.959319 0.000002 -0.282326
vn 0.959319 0.000002 -0.282326
vn 0.986516 0.000000 -0.163668
vn 0.986516 0.000000 -0.163668
vn 0.986516 0.000000 -0.163668
vn 0.986516 0.000000 -0.163668
vn 0.028734 0.000000 -0.999587
vn 0.028734 0.000000 -0.999587
vn 0.028734 0.000000 -0.999587
vn 0.028734 0.000000 -0.999587
vn 0.054167 0.987612 0.147273
vn 0.054167 0.987612 0.147273
vn 0.054160 0.987612 0.147272
vn 0.054160 0.987612 0.147272
vn 0.028467 0.000000 0.999595
vn 0.028467 0.000000 0.999595
vn 0.028467 0.000000 0.999595
vn 0.028467 0.000000 0.999595
vn 0.024137 -0.999307 -0.028350
vn 0.024137 -0.999307 -0.028350
vn 0.024135 -0.999307 -0.028352
vn 0.024135 -0.999307 -0.028352
vn 0.024569 0.000000 -0.999698
vn 0.024569 0.000000 -0.999698
vn 0.024570 0.000000 -0.999698
vn 0.024570 0.000000 -0.999698
vn 0.066387 0.969464 0.236079
vn 0.066387 0.969464 0.236079
vn 0.066385 0.969463 0.236081
vn 0.066384 0.969463 0.236081
vn 0.024221 -0.000000 0.999707
vn 0.024221 -0.000000 0.999707
vn 0.024221 -0.000000 0.999707
vn 0.024221 -0.000000 0.999707
vn -0.007385 -0.997130 -0.075348
vn -0.007385 -0.997130 -0.075348
vn -0.007380 -0.997130 -0.075347
vn -0.007380 -0.997130 -0.075347
vn 0.055836 -0.996559 0.061254
vn 0.055836 -0.996559 0.061254
vn 0.055836 -0.996560 0.061249
vn 0.055836 -0.996560 0.061249
vn 0.033022 0.000000 -0.999455
vn 0.033022 0.000000 -0.999455
vn 0.033022 0.000000 -0.999455
vn 0.033022 0.000000 -0.999455
vn 0.026723 0.972890 -0.229719
vn 0.026723 0.972890 -0.229719
vn 0.026729 0.972889 -0.229723
vn 0.026729 0.972889 -0.229723
vn 0.033677 0.000000 0.999433
vn 0.033677 0.000000 0.999433
vn 0.033677 0.000001 0.999433
vn 0.033677 0.000001 0.999433
vn 0.032044 -0.000001 -0.999487
vn 0.032044 -0.000001 -0.999487
vn 0.032044 -0.000001 -0.999487
vn 0.032044 -0.000001 -0.999487
vn 0.080971 0.984433 -0.155997
vn 0.080971 0.984433 -0.155997
vn 0.080973 0.984433 -0.155995
vn 0.080973 0.984433 -0.155996
vn 0.032389 0.000000 0.999475
vn 0.032389 0.000000 0.999475
vn 0.032388 0.000000 0.999475
vn 0.032388 0.000000 0.999475
vn 0.006717 -0.999339 0.035730
vn 0.006717 -0.999339 0.035730
vn 0.006725 -0.999339 0.035729
vn 0.006726 -0.999339 0.035729
vn 0.008446 0.000000 -0.999964
vn 0.008446 0.000000 -0.999964
vn 0.008446 0.000000 -0.999964
vn 0.008446 0.000000 -0.999964
vn 0.055112 -0.996853 -0.056976
vn 0.055112 -0.996853 -0.056976
vn 0.055112 -0.996853 -0.056976
vn 0.055112 -0.996853 -0.056976
vn 0.008403 -0.000000 0.999965
vn 0.008403 -0.000000 0.999965
vn 0.008403 -0.000000 0.999965
vn 0.008403 -0.000000 0.999965
vn -0.033438 0.977438 0.208558
vn -0.033438 0.977438 0.208558
vn -0.033438 0.977438 0.208558
vn -0.033438 0.977438 0.208558
vn 0.024570 0.000000 -0.999698
vn 0.024570 0.000000 -0.999698
vn -0.007379 -0.997130 -0.075347
vn -0.007379 -0.997130 -0.075347
vn 0.024221 -0.000000 0.999707
vn 0.024221 -0.000000 0.999707
vn 0.066384 0.969463 0.236081
vn 0.066384 0.969463 0.236081
vn 0.056525 -0.998135 -0.023038
vn 0.056525 -0.998135 -0.023038
vn 0.056525 -0.998135 -0.023038
vn 0.056525 -0.998135 -0.023038
vn 0.026896 0.000000 0.999638
vn 0.026896 0.000000 0.999638
vn 0.026896 0.000000 0.999638
vn 0.026896 0.000000 0.999638
vn 0.017793 0.989757 0.141649
vn 0.017793 0.989757 0.141649
vn 0.017793 0.989757 0.141649
vn 0.017793 0.989757 0.141649
vn 0.027134 0.000000 -0.999632
vn 0.027134 0.000000 -0.999632
vn 0.027134 0.000000 -0.999632
vn 0.027134 0.000000 -0.999632
vn 0.024134 -0.999307 -0.028352
vn 0.024134 -0.999307 -0.028352
vn 0.028467 0.000000 0.999595
vn 0.028467 0.000000 0.999595
vn 0.054159 0.987612 0.147272
vn 0.054159 0.987612 0.147272
vn 0.028734 0.000000 -0.999587
vn 0.028734 0.000000 -0.999587
vn 0.038099 -0.000001 -0.999274
vn 0.038099 -0.000001 -0.999274
vn 0.038099 -0.000001 -0.999274
vn 0.038099 -0.000001 -0.999274
vn 0.103113 -0.994477 0.019558
vn 0.103113 -0.994477 0.019558
vn 0.103113 -0.994477 0.019558
vn 0.103113 -0.994477 0.019558
vn 0.038587 0.000000 0.999255
vn 0.038587 0.000000 0.999255
vn 0.038587 0.000000 0.999255
vn 0.038587 0.000000 0.999255
vn 0.002224 0.989622 -0.143682
vn 0.002224 0.989621 -0.143682
vn 0.002224 0.989622 -0.143682
vn 0.002224 0.989622 -0.143682
vn 0.032044 -0.000001 -0.999487
vn 0.032044 -0.000001 -0.999487
vn 0.006727 -0.999339 0.035729
vn 0.006727 -0.999339 0.035729
vn 0.032388 0.000000 0.999475
vn 0.032388 0.000000 0.999475
vn 0.080974 0.984433 -0.155995
vn 0.080974 0.984433 -0.155995
vn 0.136288 -0.989976 0.037066
vn 0.136288 -0.989976 0.037066
vn 0.136288 -0.989976 0.037066
vn 0.136288 -0.989976 0.037066
vn 0.046613 0.000000 0.998913
vn 0.046613 0.000000 0.998913
vn 0.046613 0.000000 0.998913
vn 0.046613 0.000000 0.998913
vn -0.021915 0.976114 -0.216150
vn -0.021915 0.976114 -0.216150
vn -0.021915 0.976114 -0.216149
vn -0.021915 0.976114 -0.216149
vn 0.045372 0.000000 -0.998970
vn 0.045372 0.000000 -0.998970
vn 0.045372 0.000000 -0.998970
vn 0.045372 0.000000 -0.998970
vn 0.055836 -0.996560 0.061248
vn 0.055836 -0.996560 0.061248
vn 0.033677 0.000001 0.999433
vn 0.033677 0.000001 0.999433
vn 0.026730 0.972889 -0.229724
vn 0.026730 0.972889 -0.229724
vn 0.033022 0.000000 -0.999455
vn 0.033022 0.000000 -0.999455
vn 0.894896 0.034485 -0.444941
vn 0.897353 0.090397 -0.431956
vn 0.886320 -0.020623 -0.462614
vn 0.888166 -0.004608 -0.459501
vn 0.896181 0.187699 0.402031
vn 0.880777 0.075289 0.467509
vn 0.243912 0.868129 -0.432272
vn 0.243912 0.868129 -0.432272
vn 0.000026 0.216602 0.976260
vn -0.000043 0.213096 0.977031
vn 0.019155 0.996239 -0.084504
vn 0.019155 0.996239 -0.084504
vn -0.888624 0.099564 0.447700
vn -0.901959 0.235587 0.361895
vn -0.230458 0.859099 -0.456987
vn -0.230458 0.859099 -0.456987
vn -0.900883 0.128794 -0.414514
vn -0.900409 0.068208 -0.429665
vn -0.889209 0.060154 -0.453528
vn -0.887985 0.039002 -0.458215
vn -0.000005 0.038566 -0.999256
vn -0.000005 0.034640 -0.999400
vn 0.004363 0.047246 -0.998874
vn 0.004360 0.039915 -0.999194
vn -0.881850 -0.051443 -0.468716
vn -0.881776 -0.052064 -0.468787
vn -0.886320 -0.020623 -0.462614
vn -0.888166 -0.004608 -0.459501
vn -0.645393 -0.003320 0.763843
vn -0.645535 -0.003509 0.763723
vn -0.641428 0.001937 0.767181
vn -0.641428 0.001937 0.767181
vn -0.000001 0.029019 0.999579
vn -0.000001 0.028845 0.999584
vn -0.000002 0.058038 0.998314
vn -0.000002 0.058038 0.998314
vn 0.642809 -0.003500 0.766019
vn 0.642601 -0.003307 0.766194
vn 0.636900 0.001951 0.770944
vn 0.636900 0.001951 0.770944
vn 0.884440 0.005118 -0.466625
vn 0.884444 0.005309 -0.466616
vn 0.889209 0.060154 -0.453528
vn 0.887985 0.039002 -0.458215
vn 0.000005 0.038566 -0.999256
vn 0.000005 0.034640 -0.999400
vn -0.000000 0.000145 -1.000000
vn -0.000000 -0.000151 -1.000000
vn 0.428985 0.895221 -0.120626
vn 0.429822 0.902825 -0.012670
vn 0.344805 0.754991 0.557762
vn 0.996199 -0.025065 -0.083418
vn 0.996816 -0.052467 -0.060036
vn 0.996990 -0.040356 -0.066204
vn 0.996459 -0.020804 -0.081467
vn 0.001160 0.974947 0.222433
vn 0.001124 0.971162 0.238417
vn 0.000182 0.803256 0.595634
vn 0.000182 0.803256 0.595634
vn -0.418934 0.906630 -0.050171
vn -0.418029 0.896878 -0.144440
vn -0.333654 0.770250 0.543498
vn -0.997076 -0.015495 -0.074825
vn -0.994366 -0.009146 -0.105604
vn -0.995510 0.008043 -0.094310
vn -0.998123 -0.004414 -0.061078
vn -0.482478 0.869279 0.107565
vn -0.483509 0.867041 0.120246
vn -0.428985 0.895221 -0.120625
vn -0.429822 0.902825 -0.012669
vn -0.998817 -0.025172 0.041613
vn -0.998998 -0.021652 0.039179
vn -0.965356 -0.017863 0.260323
vn -0.965535 -0.022193 0.259326
vn -0.003851 0.992680 0.120711
vn -0.003894 0.991439 0.130513
vn -0.001160 0.974947 0.222434
vn -0.001124 0.971162 0.238419
vn 0.989569 -0.028813 0.141146
vn 0.999328 -0.025775 0.026045
vn 0.999230 -0.029764 0.025560
vn 0.989247 -0.034264 0.142183
vn 0.471727 0.875217 0.107096
vn 0.471857 0.874909 0.109019
vn 0.418934 0.906630 -0.050170
vn 0.418029 0.896878 -0.144440
vn 0.793683 0.400344 0.458031
vn 0.793683 0.400344 0.458031
vn 0.686441 0.604973 0.403493
vn 0.720147 0.551538 0.420944
vn 0.006337 0.452569 0.891707
vn 0.006337 0.452569 0.891707
vn 0.006147 0.658864 0.752237
vn 0.006158 0.653392 0.756995
vn -0.776166 0.461893 0.429210
vn -0.776166 0.461893 0.429210
vn -0.694431 0.598828 0.398961
vn -0.668836 0.633613 0.388836
vn -0.344804 0.754991 0.557763
vn -0.000182 0.803255 0.595635
vn -0.000182 0.803255 0.595635
vn 0.333654 0.770249 0.543499
vn -0.999328 -0.025775 0.026045
vn -0.999391 -0.017474 0.030189
vn -0.471727 0.875217 0.107096
vn -0.471857 0.874909 0.109020
vn 0.003851 0.992680 0.120710
vn 0.003894 0.991439 0.130512
vn 0.482478 0.869279 0.107565
vn 0.483509 0.867041 0.120245
vn 0.998998 -0.021652 0.039178
vn 0.999086 -0.014120 0.040343
vn 0.997076 -0.015495 -0.074825
vn 0.994366 -0.009146 -0.105604
vn 0.993921 -0.014532 -0.109135
vn 0.995928 -0.018087 -0.088316
vn 0.776166 0.461893 0.429210
vn 0.776166 0.461893 0.429210
vn 0.668836 0.633613 0.388835
vn 0.694432 0.598828 0.398960
vn -0.006337 0.452569 0.891707
vn -0.006337 0.452569 0.891707
vn -0.006158 0.653393 0.756994
vn -0.006147 0.658865 0.752236
vn -0.793683 0.400344 0.458032
vn -0.793683 0.400344 0.458032
vn -0.720147 0.551538 0.420944
vn -0.686440 0.604973 0.403494
vn -0.996742 -0.061123 -0.052622
vn -0.996816 -0.052468 -0.060036
vn -0.996990 -0.040356 -0.066204
vn -0.996973 -0.051407 -0.058327
vn -0.989569 -0.028813 0.141146
vn -0.990119 -0.017974 0.139072
vn 0.965356 -0.017863 0.260323
vn 0.964943 -0.009207 0.262300
vn 0.877110 -0.134712 -0.461011
vn 0.877169 -0.133888 -0.461138
vn 0.836069 -0.134020 0.532004
vn 0.836136 -0.132542 0.532269
vn -0.008191 -0.169704 0.985461
vn -0.008224 -0.170706 0.985288
vn -0.844178 -0.120717 0.522294
vn -0.844224 -0.119487 0.522502
vn -0.887566 -0.107389 -0.447989
vn -0.887497 -0.109066 -0.447721
vn 0.005173 -0.156434 -0.987675
vn 0.005191 -0.157326 -0.987533
vn -0.897353 0.090397 -0.431956
vn -0.894896 0.034485 -0.444941
vn -0.243913 0.868130 -0.432269
vn -0.243913 0.868130 -0.432269
vn -0.880776 0.075289 0.467509
vn -0.896181 0.187699 0.402032
vn -0.019155 0.996239 -0.084509
vn -0.019155 0.996239 -0.084509
vn 0.000043 0.213095 0.977031
vn -0.000026 0.216602 0.976260
vn 0.230458 0.859099 -0.456987
vn 0.230458 0.859099 -0.456987
vn 0.901960 0.235587 0.361895
vn 0.888624 0.099564 0.447699
vn 0.900409 0.068208 -0.429665
vn 0.900883 0.128794 -0.414514
vn -0.004360 0.039915 -0.999194
vn -0.004363 0.047246 -0.998874
vn -0.079934 0.996106 0.037204
vn -0.079934 0.996106 0.037204
vn 0.889526 0.042988 -0.454857
vn 0.890220 0.019236 -0.455124
vn -0.069215 0.997466 -0.016478
vn -0.069215 0.997466 -0.016478
vn 0.847190 0.048134 0.529105
vn 0.846480 0.060349 0.528989
vn 0.012991 0.998422 -0.054640
vn 0.012991 0.998422 -0.054640
vn -0.007529 0.047657 0.998835
vn -0.007465 0.052617 0.998587
vn 0.069174 0.997208 -0.028128
vn 0.069174 0.997208 -0.028128
vn -0.854325 0.076123 0.514134
vn -0.853989 0.080710 0.513994
vn 0.076270 0.996535 0.033169
vn 0.076270 0.996535 0.033169
vn -0.896783 0.072923 -0.436420
vn -0.895248 0.093011 -0.435752
vn 0.007371 0.065707 -0.997812
vn 0.007384 0.042328 -0.999077
vn -0.000729 0.996832 0.079532
vn -0.000729 0.996832 0.079532
vn -0.877109 -0.134712 -0.461012
vn -0.877169 -0.133887 -0.461139
vn -0.889501 0.043453 -0.454863
vn -0.890207 0.019604 -0.455135
vn -0.836069 -0.134020 0.532003
vn -0.836136 -0.132542 0.532269
vn -0.847173 0.048660 0.529084
vn -0.846463 0.060800 0.528965
vn 0.008191 -0.169704 0.985461
vn 0.008224 -0.170705 0.985288
vn 0.007518 0.048028 0.998818
vn 0.007452 0.053105 0.998561
vn 0.844178 -0.120717 0.522294
vn 0.844225 -0.119487 0.522501
vn 0.854286 0.076696 0.514113
vn 0.853938 0.081408 0.513968
vn 0.887566 -0.107389 -0.447990
vn 0.887497 -0.109066 -0.447721
vn 0.896724 0.073584 -0.436430
vn 0.895169 0.093751 -0.435756
vn -0.007363 0.066297 -0.997773
vn -0.007377 0.042778 -0.999057
vn -0.005173 -0.156434 -0.987675
vn -0.005191 -0.157326 -0.987533
vn 0.096344 0.994305 0.045547
vn 0.096344 0.994305 0.045547
vn 0.084337 0.996098 -0.026015
vn 0.084337 0.996098 -0.026015
vn -0.013137 0.997321 -0.071961
vn -0.013137 0.997321 -0.071961
vn -0.083619 0.995817 -0.036833
vn -0.083619 0.995817 -0.036833
vn -0.091940 0.994933 0.040683
vn -0.091940 0.994933 0.040683
vn 0.000878 0.995304 0.096792
vn 0.000878 0.995304 0.096792
vn 0.996742 -0.061123 -0.052622
vn 0.996973 -0.051407 -0.058327
vn 0.998817 -0.025172 0.041613
vn 0.965535 -0.022193 0.259326
vn 0.641428 0.001937 0.767181
vn 0.641428 0.001937 0.767181
vn 0.000002 0.058038 0.998314
vn 0.000002 0.058038 0.998314
vn -0.636900 0.001951 0.770944
vn -0.636900 0.001951 0.770944
vn -0.999230 -0.029764 0.025561
vn -0.989247 -0.034264 0.142183
vn -0.995928 -0.018087 -0.088316
vn -0.993921 -0.014532 -0.109135
vn -0.885219 -0.019079 -0.464784
vn -0.885219 -0.019079 -0.464784
vn -0.996199 -0.025065 -0.083418
vn -0.996459 -0.020804 -0.081466
vn -0.999086 -0.014120 0.040343
vn -0.964942 -0.009207 0.262301
vn -0.654166 -0.015119 0.756200
vn -0.654166 -0.015119 0.756200
vn 0.000000 -0.035761 0.999360
vn 0.000000 -0.035761 0.999360
vn 0.655362 -0.015259 0.755160
vn 0.655362 -0.015259 0.755161
vn 0.999391 -0.017474 0.030190
vn 0.990119 -0.017974 0.139072
vn 0.998123 -0.004414 -0.061078
vn 0.995510 0.008043 -0.094310
vn 0.884446 0.046202 -0.464351
vn 0.884446 0.046202 -0.464351
vn -0.000000 0.019689 -0.999806
vn -0.000000 0.019689 -0.999806
vn 0.000000 -1.000000 0.000000
vn 0.000000 -1.000000 0.000000
vn 0.000000 -1.000000 0.000000
vn 0.000000 -1.000000 0.000000
vn 0.000000 -1.000000 0.000000
vn 0.000000 -1.000000 0.000000
vn 0.000000 -1.000000 0.000000
vn 0.000000 -1.000000 0.000000
vn 0.000000 -1.000000 0.000000
vn 0.000000 -1.000000 0.000000
vn 0.000000 -1.000000 0.000000
vn 0.000000 -1.000000 0.000000
vn 0.000000 -1.000000 0.000000
vn 0.000000 -1.000000 0.000000
vn 0.000000 -1.000000 0.000000
vn 0.000000 -1.000000 0.000000
vn 0.000000 -1.000000 0.000000
vn 0.000000 -1.000000 0.000000
vn 0.000000 -1.000000 0.000000
vn 0.000000 -1.000000 0.000000
vn 0.000000 -1.000000 -0.000001
vn 0.000000 -1.000000 -0.000001
vn 0.000000 -1.000000 -0.000001
vn 0.000000 -1.000000 -0.000001
vn 0.000000 -1.000000 0.000000
vn 0.000000 -1.000000 0.000000
vn 0.000000 -1.000000 0.000000
vn 0.000000 -1.000000 0.000000
vn 0.000000 -1.000000 0.000000
vn 0.000000 -1.000000 0.000000
vn 0.000000 -1.000000 0.000000
vn 0.000000 -1.000000 0.000000
vn 0.000000 -1.000000 0.000000
vn 0.000000 -1.000000 0.000000
vn 0.000000 -1.000000 0.000000
vn 0.000000 -1.000000 0.000000
vn 0.000000 -1.000000 0.000000
vn 0.000000 -1.000000 0.000000
vn 0.000000 -1.000000 0.000000
vn 0.000000 -1.000000 0.000000
vn 0.065739 -0.097495 -0.993062
vn 0.058876 -0.095788 -0.993659
vn 0.084836 -0.102222 -0.991138
vn 0.084836 -0.102222 -0.991138
vn 0.903037 0.037042 -0.427963
vn 0.903262 0.033484 -0.427781
vn 0.901363 0.059341 -0.428980
vn 0.901363 0.059341 -0.428980
vn 0.801554 0.033145 0.597004
vn 0.800025 0.037619 0.598786
vn 0.793108 0.057153 0.606393
vn 0.793108 0.057153 0.606393
vn 0.126047 -0.067153 0.989749
vn 0.130956 -0.071212 0.988827
vn 0.144151 -0.082130 0.986141
vn 0.144152 -0.082130 0.986142
vn -0.822142 -0.091561 0.561870
vn -0.822301 -0.092355 0.561508
vn -0.823027 -0.096025 0.559827
vn -0.823027 -0.096025 0.559827
vn -0.879344 -0.128964 -0.458391
vn -0.878929 -0.126128 -0.459973
vn -0.880928 -0.140420 -0.451939
vn -0.880928 -0.140420 -0.451939
vn 0.111549 0.049406 -0.992530
vn 0.111549 0.049406 -0.992530
vn 0.111549 0.049406 -0.992530
vn 0.111549 0.049406 -0.992530
vn 0.878590 0.219423 -0.424185
vn 0.878590 0.219423 -0.424185
vn 0.878590 0.219423 -0.424185
vn 0.878590 0.219423 -0.424185
vn 0.824593 0.076835 0.560484
vn 0.824593 0.076835 0.560484
vn 0.824593 0.076835 0.560484
vn 0.824593 0.076835 0.560484
vn 0.156790 -0.081826 0.984237
vn 0.156790 -0.081826 0.984237
vn 0.156790 -0.081826 0.984237
vn 0.156790 -0.081826 0.984237
vn -0.582778 -0.585279 0.563754
vn -0.582778 -0.585279 0.563754
vn -0.582777 -0.585279 0.563754
vn -0.582778 -0.585279 0.563754
vn -0.677855 -0.588362 -0.440843
vn -0.677855 -0.588362 -0.440843
vn -0.677855 -0.588362 -0.440843
vn -0.677855 -0.588362 -0.440843
vn -0.351731 -0.833315 -0.426465
vn -0.351731 -0.833315 -0.426465
vn -0.351731 -0.833315 -0.426465
vn -0.221747 -0.884401 0.410686
vn 0.000000 -0.906981 0.421171
vn 0.000000 -0.906981 0.421172
vn 0.262018 -0.149908 0.953349
vn 0.262018 -0.149908 0.953349
vn 0.262018 -0.149908 0.953349
vn 0.262018 -0.149908 0.953349
vn 0.119520 0.116731 -0.985946
vn 0.119520 0.116731 -0.985946
vn 0.119520 0.116731 -0.985946
vn 0.119520 0.116731 -0.985946
vn -0.036535 -0.085584 -0.995661
vn -0.036535 -0.085584 -0.995661
vn -0.064230 -0.089244 -0.993937
vn -0.058618 -0.088508 -0.994349
vn -0.897985 0.026804 -0.439208
vn -0.897985 0.026804 -0.439208
vn -0.887931 0.060963 -0.455918
vn -0.888866 0.057978 -0.454485
vn -0.810593 0.005323 0.585585
vn -0.810593 0.005323 0.585585
vn -0.801554 0.033145 0.597003
vn -0.800025 0.037619 0.598786
vn -0.108700 -0.052821 0.992670
vn -0.108700 -0.052821 0.992670
vn -0.126047 -0.067153 0.989749
vn -0.130956 -0.071212 0.988827
vn 0.820942 -0.085658 0.564550
vn 0.820942 -0.085658 0.564550
vn 0.822142 -0.091561 0.561871
vn 0.822301 -0.092355 0.561508
vn 0.876126 -0.108409 -0.469735
vn 0.876126 -0.108409 -0.469735
vn 0.879365 -0.125217 -0.459389
vn 0.878950 -0.122959 -0.460792
vn -0.159585 0.006312 -0.987164
vn -0.159585 0.006312 -0.987164
vn -0.159585 0.006312 -0.987164
vn -0.159585 0.006312 -0.987164
vn -0.878590 0.184795 -0.440375
vn -0.878590 0.184795 -0.440375
vn -0.878590 0.184795 -0.440375
vn -0.878590 0.184795 -0.440375
vn -0.824593 0.076835 0.560484
vn -0.824593 0.076835 0.560484
vn -0.824593 0.076835 0.560484
vn -0.824593 0.076835 0.560484
vn -0.156790 -0.081826 0.984237
vn -0.156790 -0.081826 0.984237
vn -0.156790 -0.081826 0.984237
vn -0.156790 -0.081826 0.984237
vn 0.582778 -0.585278 0.563754
vn 0.582778 -0.585278 0.563754
vn 0.582778 -0.585278 0.563754
vn 0.582778 -0.585278 0.563754
vn 0.714318 -0.517805 -0.470773
vn 0.714318 -0.517805 -0.470773
vn 0.714318 -0.517805 -0.470773
vn 0.714318 -0.517805 -0.470773
vn 0.327648 -0.841058 -0.430427
vn 0.327648 -0.841058 -0.430427
vn 0.327648 -0.841058 -0.430427
vn 0.221748 -0.884401 0.410686
vn -0.262019 -0.149908 0.953349
vn -0.262019 -0.149908 0.953349
vn -0.262019 -0.149908 0.953349
vn -0.262019 -0.149908 0.953349
vn -0.091267 0.127951 -0.987572
vn -0.091267 0.127951 -0.987572
vn -0.091267 0.127951 -0.987572
vn -0.091267 0.127951 -0.987572
vn 0.862505 0.336995 -0.377518
vn 0.862505 0.336995 -0.377518
vn 0.862505 0.336995 -0.377518
vn 0.862505 0.336995 -0.377518
vn 0.874962 0.262556 0.406823
vn 0.874962 0.262556 0.406823
vn 0.874962 0.262556 0.406823
vn 0.874962 0.262556 0.406823
vn 0.288239 0.032121 0.957020
vn 0.291613 0.038839 0.955747
vn 0.294491 0.044593 0.954613
vn 0.130552 0.381535 -0.915089
vn 0.130552 0.381535 -0.915089
vn 0.130552 0.381535 -0.915089
vn 0.130552 0.381535 -0.915089
vn -0.862994 0.345505 -0.368601
vn -0.862995 0.345505 -0.368601
vn -0.862994 0.345505 -0.368601
vn -0.862994 0.345505 -0.368601
vn -0.874962 0.262556 0.406824
vn -0.874962 0.262556 0.406823
vn -0.874962 0.262556 0.406824
vn -0.874962 0.262556 0.406824
vn -0.291613 0.038839 0.955747
vn -0.288239 0.032122 0.957020
vn -0.294491 0.044593 0.954613
vn -0.120965 0.397614 -0.909544
vn -0.120965 0.397614 -0.909544
vn -0.120965 0.397614 -0.909544
vn -0.120965 0.397614 -0.909544
vn 0.881047 -0.134737 -0.453434
vn 0.881047 -0.134737 -0.453434
vn 0.823027 -0.096024 0.559827
vn 0.823027 -0.096024 0.559827
vn -0.144151 -0.082130 0.986142
vn -0.144151 -0.082130 0.986142
vn -0.793108 0.057153 0.606393
vn -0.793108 0.057153 0.606393
vn -0.880529 0.083498 -0.466580
vn -0.880529 0.083498 -0.466580
vn -0.082306 -0.091599 -0.992389
vn -0.082306 -0.091599 -0.992389
vn -0.876126 -0.108409 -0.469735
vn -0.876126 -0.108409 -0.469735
vn -0.820942 -0.085658 0.564550
vn -0.820942 -0.085658 0.564550
vn 0.108700 -0.052821 0.992670
vn 0.108700 -0.052821 0.992670
vn 0.810593 0.005322 0.585585
vn 0.810593 0.005322 0.585585
vn 0.904693 0.003741 -0.426048
vn 0.904693 0.003741 -0.426048
vn 0.033685 -0.089489 -0.995418
vn 0.033685 -0.089489 -0.995418
vn 0.036985 -0.136389 -0.989965
vn 0.036985 -0.136389 -0.989965
vn 0.036985 -0.136389 -0.989965
vn 0.036985 -0.136389 -0.989965
vn 0.893852 -0.076509 -0.441787
vn 0.893852 -0.076509 -0.441787
vn 0.893852 -0.076509 -0.441787
vn 0.893852 -0.076509 -0.441787
vn 0.813615 -0.056540 0.578648
vn 0.813615 -0.056540 0.578648
vn 0.813615 -0.056540 0.578648
vn 0.813615 -0.056540 0.578648
vn 0.056562 -0.077338 0.995399
vn 0.056562 -0.077338 0.995399
vn 0.056562 -0.077338 0.995399
vn 0.056562 -0.077338 0.995399
vn -0.827972 -0.047975 0.558713
vn -0.827972 -0.047975 0.558713
vn -0.827972 -0.047975 0.558713
vn -0.827972 -0.047975 0.558713
vn -0.865556 -0.067250 -0.496277
vn -0.865556 -0.067250 -0.496277
vn -0.865556 -0.067250 -0.496277
vn -0.865556 -0.067250 -0.496277
vn -0.037999 -0.135910 -0.989992
vn -0.037999 -0.135910 -0.989992
vn -0.037999 -0.135910 -0.989992
vn -0.037999 -0.135910 -0.989992
vn -0.893661 -0.076313 -0.442206
vn -0.893661 -0.076313 -0.442206
vn -0.893661 -0.076313 -0.442206
vn -0.893661 -0.076313 -0.442206
vn -0.813615 -0.056540 0.578648
vn -0.813615 -0.056540 0.578648
vn -0.813615 -0.056540 0.578648
vn -0.813616 -0.056540 0.578648
vn -0.056562 -0.077338 0.995399
vn -0.056562 -0.077338 0.995399
vn -0.056562 -0.077338 0.995399
vn -0.056562 -0.077338 0.995399
vn 0.827972 -0.047975 0.558713
vn 0.827972 -0.047975 0.558713
vn 0.827972 -0.047975 0.558713
vn 0.827972 -0.047975 0.558713
vn 0.865556 -0.067250 -0.496277
vn 0.865556 -0.067250 -0.496277
vn 0.865556 -0.067250 -0.496277
vn 0.865556 -0.067250 -0.496277
vn 0.040020 0.000000 -0.999199
vn 0.040020 0.000000 -0.999199
vn 0.040020 0.000000 -0.999199
vn 0.040020 0.000000 -0.999199
vn 0.879037 -0.040914 -0.474995
vn 0.879037 -0.040914 -0.474995
vn 0.879037 -0.040914 -0.474995
vn 0.879037 -0.040914 -0.474995
vn 0.818833 -0.038112 0.572765
vn 0.818833 -0.038112 0.572765
vn 0.818833 -0.038112 0.572765
vn 0.818833 -0.038112 0.572765
vn 0.000000 0.000000 1.000000
vn 0.000000 0.000000 1.000000
vn 0.000000 0.000000 1.000000
vn 0.000000 0.000000 1.000000
vn -0.842488 -0.014438 0.538522
vn -0.842488 -0.014438 0.538522
vn -0.842488 -0.014438 0.538522
vn -0.842488 -0.014438 0.538522
vn -0.856202 -0.014674 -0.516432
vn -0.856202 -0.014674 -0.516432
vn -0.856202 -0.014674 -0.516432
vn -0.856202 -0.014674 -0.516432
vn -0.040020 0.000000 -0.999199
vn -0.040020 0.000000 -0.999199
vn -0.040020 0.000000 -0.999199
vn -0.040020 0.000000 -0.999199
vn -0.879037 -0.040914 -0.474995
vn -0.879037 -0.040914 -0.474995
vn -0.879037 -0.040914 -0.474995
vn -0.879037 -0.040914 -0.474995
vn -0.818833 -0.038112 0.572765
vn -0.818833 -0.038112 0.572765
vn -0.818833 -0.038112 0.572765
vn -0.818833 -0.038112 0.572765
vn -0.000000 0.000000 1.000000
vn -0.000000 0.000000 1.000000
vn -0.000000 0.000000 1.000000
vn -0.000000 0.000000 1.000000
vn 0.842488 -0.014438 0.538522
vn 0.842488 -0.014438 0.538522
vn 0.842488 -0.014438 0.538522
vn 0.842488 -0.014438 0.538522
vn 0.856202 -0.014674 -0.516432
vn 0.856203 -0.014674 -0.516432
vn 0.856203 -0.014674 -0.516432
vn 0.856203 -0.014674 -0.516432
vn 0.040020 0.000000 -0.999199
vn 0.040020 0.000000 -0.999199
vn 0.040020 0.000000 -0.999199
vn 0.040020 0.000000 -0.999199
vn 0.895813 -0.043476 -0.442301
vn 0.895813 -0.043476 -0.442301
vn 0.895813 -0.043476 -0.442301
vn 0.895813 -0.043476 -0.442301
vn 0.838534 -0.040696 0.543327
vn 0.838534 -0.040696 0.543327
vn 0.838534 -0.040696 0.543327
vn 0.838534 -0.040696 0.543327
vn 0.000000 0.000000 1.000000
vn 0.000000 0.000000 1.000000
vn 0.000000 0.000000 1.000000
vn 0.000000 0.000000 1.000000
vn -0.848779 -0.011706 0.528618
vn -0.848779 -0.011706 0.528618
vn -0.848779 -0.011706 0.528617
vn -0.848779 -0.011706 0.528618
vn -0.861581 -0.011882 -0.507481
vn -0.861581 -0.011882 -0.507481
vn -0.861581 -0.011882 -0.507481
vn -0.861581 -0.011882 -0.507481
vn -0.040020 0.000000 -0.999199
vn -0.040020 0.000000 -0.999199
vn -0.040020 0.000000 -0.999199
vn -0.040020 0.000000 -0.999199
vn -0.895813 -0.043476 -0.442301
vn -0.895813 -0.043476 -0.442301
vn -0.895813 -0.043476 -0.442301
vn -0.895813 -0.043476 -0.442301
vn -0.838534 -0.040696 0.543327
vn -0.838534 -0.040696 0.543327
vn -0.838534 -0.040696 0.543327
vn -0.838534 -0.040696 0.543327
vn -0.000000 0.000000 1.000000
vn -0.000000 0.000000 1.000000
vn -0.000000 0.000000 1.000000
vn -0.000000 0.000000 1.000000
vn 0.848780 -0.011706 0.528617
vn 0.848780 -0.011706 0.528617
vn 0.848780 -0.011706 0.528617
vn 0.848780 -0.011706 0.528617
vn 0.861581 -0.011882 -0.507481
vn 0.861581 -0.011882 -0.507481
vn 0.861581 -0.011882 -0.507481
vn 0.861581 -0.011882 -0.507481
vn 0.034828 0.120815 -0.992064
vn 0.034828 0.120815 -0.992064
vn 0.034828 0.120815 -0.992064
vn 0.034828 0.120815 -0.992064
vn 0.895779 0.014379 -0.444268
vn 0.895779 0.014379 -0.444268
vn 0.895779 0.014379 -0.444268
vn 0.895779 0.014379 -0.444268
vn 0.856692 -0.069226 0.511162
vn 0.856692 -0.069226 0.511162
vn 0.856692 -0.069226 0.511162
vn 0.856692 -0.069226 0.511162
vn 0.002042 -0.040216 0.999189
vn 0.002042 -0.040216 0.999189
vn 0.002042 -0.040216 0.999189
vn 0.002042 -0.040216 0.999189
vn -0.870304 -0.100317 0.482190
vn -0.870304 -0.100317 0.482190
vn -0.870304 -0.100317 0.482189
vn -0.870304 -0.100317 0.482190
vn -0.878069 0.026893 -0.477778
vn -0.878069 0.026893 -0.477778
vn -0.878069 0.026893 -0.477778
vn -0.878069 0.026893 -0.477778
vn -0.034828 0.120815 -0.992064
vn -0.034828 0.120815 -0.992064
vn -0.034828 0.120815 -0.992064
vn -0.034828 0.120815 -0.992064
vn -0.895779 0.014379 -0.444268
vn -0.895779 0.014379 -0.444268
vn -0.895779 0.014379 -0.444268
vn -0.895779 0.014379 -0.444268
vn -0.856692 -0.069226 0.511162
vn -0.856692 -0.069226 0.511162
vn -0.856692 -0.069226 0.511162
vn -0.856692 -0.069226 0.511162
vn -0.002042 -0.040216 0.999189
vn -0.002042 -0.040216 0.999189
vn -0.002042 -0.040216 0.999189
vn -0.002042 -0.040216 0.999189
vn 0.870304 -0.100317 0.482189
vn 0.870304 -0.100317 0.482189
vn 0.870304 -0.100317 0.482189
vn 0.870304 -0.100317 0.482189
vn 0.878069 0.026893 -0.477778
vn 0.878069 0.026893 -0.477778
vn 0.878069 0.026893 -0.477778
vn 0.878069 0.026893 -0.477778
vn -0.285241 0.026180 0.958098
vn 0.285241 0.026180 0.958098
vn 0.044192 -0.005182 -0.999010
vn 0.044192 -0.005182 -0.999010
vn 0.044192 -0.005182 -0.999010
vn 0.044192 -0.005182 -0.999010
vn 0.897744 -0.018555 -0.440128
vn 0.897744 -0.018555 -0.440128
vn 0.897744 -0.018555 -0.440128
vn 0.897744 -0.018555 -0.440128
vn 0.853378 -0.023629 0.520758
vn 0.853377 -0.023629 0.520758
vn 0.853378 -0.023629 0.520758
vn 0.853378 -0.023629 0.520758
vn 0.000000 -0.035497 0.999370
vn 0.000000 -0.035497 0.999370
vn 0.000000 -0.035497 0.999370
vn 0.000000 -0.035497 0.999370
vn -0.892032 -0.035891 0.450546
vn -0.892032 -0.035891 0.450546
vn -0.892032 -0.035891 0.450546
vn -0.892032 -0.035891 0.450546
vn -0.899371 -0.042516 -0.435113
vn -0.899371 -0.042516 -0.435113
vn -0.899371 -0.042516 -0.435113
vn -0.899371 -0.042516 -0.435113
vn -0.044192 -0.005182 -0.999010
vn -0.044192 -0.005182 -0.999010
vn -0.044192 -0.005182 -0.999010
vn -0.044192 -0.005182 -0.999010
vn -0.897744 -0.018555 -0.440128
vn -0.897744 -0.018555 -0.440128
vn -0.897744 -0.018555 -0.440128
vn -0.897744 -0.018555 -0.440128
vn -0.853377 -0.023629 0.520758
vn -0.853377 -0.023629 0.520758
vn -0.853378 -0.023629 0.520758
vn -0.853378 -0.023629 0.520758
vn -0.000000 -0.035497 0.999370
vn -0.000000 -0.035497 0.999370
vn -0.000000 -0.035497 0.999370
vn -0.000000 -0.035497 0.999370
vn 0.892032 -0.035891 0.450546
vn 0.892032 -0.035891 0.450546
vn 0.892032 -0.035891 0.450546
vn 0.892032 -0.035891 0.450546
vn 0.899371 -0.042516 -0.435113
vn 0.899371 -0.042516 -0.435113
vn 0.899371 -0.042516 -0.435113
vn 0.899371 -0.042516 -0.435113
vn 0.043265 -0.083990 -0.995527
vn 0.043265 -0.083990 -0.995527
vn 0.043265 -0.083990 -0.995527
vn 0.043265 -0.083990 -0.995527
vn 0.897433 -0.035809 -0.439695
vn 0.897433 -0.035809 -0.439695
vn 0.897433 -0.035809 -0.439695
vn 0.897433 -0.035809 -0.439695
vn 0.847866 -0.029473 0.529390
vn 0.847866 -0.029473 0.529390
vn 0.847866 -0.029473 0.529390
vn 0.847866 -0.029473 0.529390
vn 0.000000 -0.050904 0.998704
vn 0.000000 -0.050904 0.998704
vn 0.000000 -0.050904 0.998704
vn 0.000000 -0.050904 0.998704
vn -0.893612 -0.024286 0.448183
vn -0.893612 -0.024286 0.448183
vn -0.893612 -0.024286 0.448183
vn -0.893612 -0.024286 0.448183
vn -0.895680 -0.025684 -0.443958
vn -0.895680 -0.025684 -0.443958
vn -0.895680 -0.025684 -0.443958
vn -0.895680 -0.025684 -0.443958
vn -0.043265 -0.083990 -0.995527
vn -0.043265 -0.083990 -0.995527
vn -0.043265 -0.083990 -0.995527
vn -0.043265 -0.083990 -0.995527
vn -0.897433 -0.035809 -0.439695
vn -0.897433 -0.035809 -0.439695
vn -0.897433 -0.035809 -0.439695
vn -0.897433 -0.035809 -0.439695
vn -0.847866 -0.029473 0.529390
vn -0.847866 -0.029473 0.529390
vn -0.847866 -0.029473 0.529390
vn -0.847866 -0.029473 0.529390
vn -0.000000 -0.050904 0.998704
vn -0.000000 -0.050904 0.998704
vn -0.000000 -0.050904 0.998704
vn -0.000000 -0.050904 0.998704
vn 0.893612 -0.024286 0.448183
vn 0.893612 -0.024286 0.448183
vn 0.893612 -0.024286 0.448183
vn 0.893612 -0.024286 0.448183
vn 0.895680 -0.025684 -0.443958
vn 0.895680 -0.025684 -0.443958
vn 0.895680 -0.025684 -0.443958
vn 0.895680 -0.025684 -0.443958
vn 0.042541 0.028359 -0.998692
vn 0.042541 0.028359 -0.998692
vn 0.042541 0.028359 -0.998692
vn 0.042541 0.028359 -0.998692
vn 0.878921 -0.076403 -0.470808
vn 0.878921 -0.076403 -0.470808
vn 0.878921 -0.076403 -0.470808
vn 0.878921 -0.076403 -0.470808
vn 0.834410 -0.086451 0.544321
vn 0.834410 -0.086451 0.544321
vn 0.834410 -0.086451 0.544321
vn 0.834410 -0.086451 0.544321
vn -0.000000 -0.072659 0.997357
vn -0.000000 -0.072659 0.997357
vn -0.000000 -0.072659 0.997357
vn -0.000000 -0.072659 0.997357
vn -0.874160 -0.072706 0.480165
vn -0.874160 -0.072706 0.480165
vn -0.874160 -0.072706 0.480165
vn -0.874160 -0.072706 0.480165
vn -0.887745 -0.046516 -0.457979
vn -0.887745 -0.046516 -0.457979
vn -0.887745 -0.046516 -0.457979
vn -0.887745 -0.046516 -0.457979
vn -0.042541 0.028337 -0.998693
vn -0.042541 0.028337 -0.998693
vn -0.042541 0.028337 -0.998693
vn -0.042541 0.028337 -0.998693
vn -0.878892 -0.076864 -0.470787
vn -0.878892 -0.076864 -0.470787
vn -0.878892 -0.076864 -0.470787
vn -0.878892 -0.076864 -0.470787
vn -0.834381 -0.086888 0.544296
vn -0.834381 -0.086888 0.544296
vn -0.834381 -0.086888 0.544296
vn -0.834381 -0.086888 0.544296
vn -0.000000 -0.072659 0.997357
vn -0.000000 -0.072659 0.997357
vn -0.000000 -0.072659 0.997357
vn -0.000000 -0.072659 0.997357
vn 0.874189 -0.072253 0.480180
vn 0.874189 -0.072253 0.480180
vn 0.874189 -0.072253 0.480180
vn 0.874189 -0.072253 0.480180
vn 0.887764 -0.046054 -0.457989
vn 0.887764 -0.046054 -0.457989
vn 0.887764 -0.046054 -0.457989
vn 0.887764 -0.046054 -0.457989
vn -0.014044 0.938569 0.344807
vn -0.014044 0.938569 0.344807
vn -0.014044 0.938569 0.344807
vn -0.014044 0.938569 0.344807
vn 0.004869 -0.987208 -0.159365
vn 0.004869 -0.987208 -0.159365
vn 0.004869 -0.987208 -0.159365
vn 0.004869 -0.987208 -0.159365
vn -0.228922 0.965806 0.121709
vn -0.228922 0.965806 0.121709
vn -0.228922 0.965806 0.121709
vn -0.228922 0.965806 0.121709
vn 0.165525 -0.983752 -0.069530
vn 0.165525 -0.983752 -0.069530
vn 0.165525 -0.983752 -0.069530
vn 0.165525 -0.983752 -0.069530
vn -0.210533 0.968464 -0.133240
vn -0.210533 0.968464 -0.133240
vn -0.210533 0.968464 -0.133240
vn -0.210533 0.968464 -0.133240
vn 0.183810 -0.978603 0.092462
vn 0.183810 -0.978604 0.092462
vn 0.183810 -0.978603 0.092462
vn 0.183810 -0.978604 0.092462
vn -0.000001 0.937803 -0.347167
vn -0.000001 0.937803 -0.347167
vn -0.000001 0.937803 -0.347167
vn -0.000001 0.937803 -0.347167
vn -0.005314 -0.969330 0.245706
vn -0.005314 -0.969330 0.245706
vn -0.005314 -0.969330 0.245706
vn -0.005314 -0.969330 0.245706
vn 0.195768 0.975206 -0.103188
vn 0.195768 0.975206 -0.103188
vn 0.195768 0.975206 -0.103188
vn 0.195768 0.975206 -0.103188
vn -0.168718 -0.981358 0.092043
vn -0.168718 -0.981358 0.092043
vn -0.168718 -0.981358 0.092043
vn -0.168718 -0.981358 0.092043
vn 0.201641 0.973547 0.107458
vn 0.201641 0.973547 0.107458
vn 0.201641 0.973547 0.107458
vn 0.201641 0.973547 0.107458
vn -0.160187 -0.984169 -0.075844
vn -0.160187 -0.984169 -0.075844
vn -0.160187 -0.984169 -0.075844
vn -0.160187 -0.984169 -0.075844
vn 0.013982 0.939122 0.343300
vn 0.013982 0.939122 0.343300
vn 0.013982 0.939122 0.343300
vn 0.013982 0.939122 0.343300
vn -0.005051 -0.986225 -0.165333
vn -0.005051 -0.986225 -0.165333
vn -0.005051 -0.986225 -0.165333
vn -0.005051 -0.986225 -0.165333
vn 0.213192 0.970413 0.113346
vn 0.213192 0.970413 0.113346
vn 0.213192 0.970413 0.113346
vn 0.213192 0.970413 0.113346
vn -0.164463 -0.983968 -0.068981
vn -0.164463 -0.983968 -0.068981
vn -0.164463 -0.983968 -0.068981
vn -0.164463 -0.983968 -0.068981
vn 0.197127 0.972408 -0.124753
vn 0.197127 0.972408 -0.124753
vn 0.197127 0.972408 -0.124753
vn 0.197127 0.972408 -0.124753
vn -0.182073 -0.979035 0.091324
vn -0.182073 -0.979035 0.091324
vn -0.182073 -0.979035 0.091324
vn -0.182073 -0.979035 0.091324
vn 0.000001 0.937802 -0.347170
vn 0.000001 0.937802 -0.347170
vn 0.000001 0.937802 -0.347170
vn 0.000001 0.937802 -0.347170
vn 0.005335 -0.967218 0.253890
vn 0.005335 -0.967218 0.253890
vn 0.005335 -0.967219 0.253890
vn 0.005335 -0.967219 0.253890
vn -0.209029 0.971683 -0.110180
vn -0.209029 0.971683 -0.110180
vn -0.209029 0.971683 -0.110180
vn -0.209029 0.971683 -0.110180
vn 0.183384 -0.977890 0.100503
vn 0.183384 -0.977890 0.100503
vn 0.183384 -0.977890 0.100503
vn 0.183384 -0.977890 0.100503
vn -0.215711 0.969667 0.114959
vn -0.215711 0.969667 0.114959
vn -0.215711 0.969667 0.114959
vn -0.215711 0.969667 0.114959
vn 0.174520 -0.981170 -0.082750
vn 0.174520 -0.981170 -0.082750
vn 0.174520 -0.981170 -0.082750
vn 0.174520 -0.981170 -0.082750
vn 0.165960 0.087981 -0.982200
vn 0.165960 0.087981 -0.982200
vn 0.197589 -0.018797 -0.980105
vn 0.198655 -0.022543 -0.979810
vn -0.165960 0.087980 -0.982200
vn -0.165960 0.087980 -0.982200
vn -0.198655 -0.022543 -0.979810
vn -0.197589 -0.018797 -0.980105
vn -0.929343 0.024550 -0.368399
vn -0.929343 0.024550 -0.368399
vn -0.938630 -0.112492 -0.326066
vn -0.938613 -0.103137 -0.329195
vn -0.947419 -0.041643 0.317276
vn -0.947419 -0.041643 0.317276
vn -0.940333 -0.112917 0.320972
vn -0.940326 -0.112970 0.320974
vn -0.312636 -0.185111 0.931661
vn -0.312636 -0.185111 0.931661
vn -0.375953 -0.139860 0.916023
vn -0.375998 -0.139827 0.916010
vn 0.312636 -0.185111 0.931661
vn 0.312636 -0.185111 0.931661
vn 0.375998 -0.139827 0.916010
vn 0.375953 -0.139860 0.916023
vn 0.947419 -0.041643 0.317276
vn 0.947419 -0.041643 0.317276
vn 0.940326 -0.112970 0.320974
vn 0.940333 -0.112917 0.320972
vn 0.929343 0.024550 -0.368399
vn 0.929343 0.024550 -0.368399
vn 0.938613 -0.103137 -0.329195
vn 0.938630 -0.112491 -0.326066
vn 0.341124 0.937560 -0.067943
vn 0.341124 0.937560 -0.067943
vn 0.341124 0.937560 -0.067943
vn 0.341124 0.937560 -0.067943
vn 0.278379 0.935551 0.217370
vn 0.278379 0.935551 0.217370
vn 0.278379 0.935551 0.217370
vn 0.278379 0.935551 0.217370
vn 0.379547 0.193497 0.904712
vn 0.363885 0.231815 0.902136
vn 0.141264 0.635108 0.759397
vn 0.141264 0.635108 0.759396
vn -0.363885 0.231816 0.902136
vn -0.379547 0.193497 0.904712
vn -0.141264 0.635108 0.759396
vn -0.141264 0.635108 0.759397
vn -0.278379 0.935551 0.217370
vn -0.278379 0.935551 0.217370
vn -0.278379 0.935551 0.217370
vn -0.278379 0.935551 0.217370
vn -0.341125 0.937560 -0.067943
vn -0.341124 0.937560 -0.067943
vn -0.341124 0.937560 -0.067943
vn -0.341124 0.937560 -0.067943
vn -0.216100 0.145419 -0.965481
vn -0.212854 0.031881 -0.976564
vn -0.167020 0.789474 -0.590623
vn -0.167020 0.789474 -0.590623
vn 0.212854 0.031881 -0.976564
vn 0.216100 0.145419 -0.965481
vn 0.167020 0.789474 -0.590623
vn 0.167020 0.789474 -0.590623
vn 0.446783 -0.003378 0.894636
vn 0.444448 0.004898 0.895792
vn -0.444448 0.004898 0.895791
vn -0.446783 -0.003378 0.894636
vn -0.212543 -0.075304 -0.974246
vn -0.212084 -0.071274 -0.974649
vn 0.212084 -0.071274 -0.974649
vn 0.212543 -0.075304 -0.974246
vn 0.960936 -0.155064 -0.229254
vn 0.960297 -0.154796 -0.232094
vn 0.967068 -0.157764 -0.199722
vn 0.967069 -0.157764 -0.199722
vn 0.930048 -0.106582 0.351639
vn 0.929802 -0.105733 0.352545
vn 0.926386 -0.094421 0.364546
vn 0.926386 -0.094421 0.364546
vn 0.441890 -0.060147 0.895051
vn 0.442565 -0.059213 0.894780
vn -0.442565 -0.059212 0.894780
vn -0.441890 -0.060147 0.895051
vn -0.929802 -0.105733 0.352545
vn -0.930048 -0.106582 0.351639
vn -0.926386 -0.094421 0.364546
vn -0.926386 -0.094421 0.364546
vn -0.960297 -0.154796 -0.232093
vn -0.960936 -0.155064 -0.229254
vn -0.967069 -0.157764 -0.199722
vn -0.967069 -0.157764 -0.199722
vn -0.212817 -0.085762 -0.973321
vn -0.213170 -0.087655 -0.973075
vn 0.213170 -0.087655 -0.973075
vn 0.212817 -0.085762 -0.973321
vn 0.397186 -0.824086 -0.403889
vn 0.397186 -0.824086 -0.403889
vn 0.397186 -0.824086 -0.403889
vn 0.397186 -0.824086 -0.403889
vn 0.382869 -0.021858 -0.923544
vn 0.382869 -0.021858 -0.923544
vn 0.382869 -0.021858 -0.923544
vn 0.382869 -0.021858 -0.923544
vn 0.382919 0.900574 -0.205767
vn 0.382919 0.900574 -0.205767
vn 0.382919 0.900574 -0.205767
vn 0.382919 0.900574 -0.205767
vn 0.492555 -0.709595 0.503849
vn 0.492555 -0.709595 0.503849
vn 0.492555 -0.709595 0.503849
vn 0.492555 -0.709595 0.503849
vn 0.288130 0.922019 0.258578
vn 0.288130 0.922019 0.258578
vn 0.288130 0.922019 0.258578
vn 0.288130 0.922019 0.258578
vn 0.337042 0.014518 0.941378
vn 0.337042 0.014518 0.941378
vn 0.337042 0.014518 0.941378
vn 0.337042 0.014518 0.941378
vn -0.508331 -0.848815 0.145299
vn -0.492554 -0.709596 0.503849
vn -0.492554 -0.709596 0.503849
vn -0.495363 -0.868648 0.008149
vn -0.337042 0.014518 0.941378
vn -0.337042 0.014518 0.941378
vn -0.337042 0.014518 0.941378
vn -0.337042 0.014518 0.941378
vn -0.288132 0.922019 0.258577
vn -0.342351 0.938640 0.041843
vn -0.349796 0.936812 0.005127
vn -0.288132 0.922019 0.258577
vn -0.397184 -0.824086 -0.403889
vn -0.397184 -0.824086 -0.403889
vn -0.382921 0.900573 -0.205766
vn -0.382921 0.900573 -0.205766
vn -0.382869 -0.021858 -0.923544
vn -0.382869 -0.021858 -0.923544
vn -0.382869 -0.021858 -0.923544
vn -0.382869 -0.021858 -0.923544
vn 0.000000 -0.899110 -0.437723
vn 0.000000 -0.899110 -0.437723
vn 0.000000 -0.899110 -0.437723
vn 0.000000 -0.899110 -0.437723
vn 0.000351 0.007521 -0.999972
vn 0.000351 0.007521 -0.999972
vn 0.000351 0.007521 -0.999972
vn 0.000351 0.007521 -0.999972
vn 0.067056 0.923953 -0.376582
vn 0.067056 0.923953 -0.376582
vn 0.067056 0.923953 -0.376582
vn 0.067056 0.923953 -0.376582
vn 0.000000 -0.888970 0.457966
vn 0.000000 -0.888970 0.457966
vn 0.000000 -0.888970 0.457966
vn 0.000000 -0.888970 0.457966
vn 0.052850 0.950512 0.306159
vn 0.052850 0.950512 0.306159
vn 0.052850 0.950512 0.306159
vn 0.052850 0.950512 0.306159
vn 0.001006 0.035019 0.999386
vn 0.001006 0.035019 0.999386
vn 0.001006 0.035019 0.999386
vn 0.001006 0.035019 0.999386
vn 0.000000 -0.888969 0.457967
vn 0.000000 -0.888969 0.457967
vn 0.000000 -0.888969 0.457967
vn 0.000000 -0.888969 0.457967
vn -0.001006 0.035020 0.999386
vn -0.001006 0.035020 0.999386
vn -0.001006 0.035020 0.999386
vn -0.001006 0.035020 0.999386
vn -0.052850 0.950513 0.306158
vn -0.052850 0.950513 0.306158
vn -0.052850 0.950513 0.306158
vn -0.052850 0.950513 0.306158
vn 0.000000 -0.899110 -0.437723
vn 0.000000 -0.899110 -0.437723
vn 0.000000 -0.899110 -0.437723
vn 0.000000 -0.899110 -0.437723
vn -0.067056 0.923954 -0.376581
vn -0.067056 0.923954 -0.376581
vn -0.067056 0.923954 -0.376581
vn -0.067056 0.923954 -0.376581
vn -0.000351 0.007521 -0.999972
vn -0.000351 0.007521 -0.999972
vn -0.000351 0.007521 -0.999972
vn -0.000351 0.007521 -0.999972
vn -0.067041 -0.907744 0.414133
vn -0.067041 -0.907744 0.414133
vn -0.067042 -0.909715 0.409785
vn -0.067042 -0.909715 0.409785
vn -0.046844 0.018218 0.998736
vn -0.046845 0.018180 0.998737
vn -0.047153 0.001217 0.998887
vn -0.047153 0.001217 0.998887
vn -0.036010 0.901770 0.430714
vn -0.036010 0.901779 0.430694
vn -0.035854 0.912164 0.408254
vn -0.035854 0.912164 0.408254
vn -0.062663 -0.903301 -0.424406
vn -0.062662 -0.903292 -0.424425
vn -0.062820 -0.909669 -0.410555
vn -0.062820 -0.909669 -0.410555
vn -0.037007 0.900574 -0.433125
vn -0.037007 0.900563 -0.433147
vn -0.036824 0.910599 -0.411648
vn -0.036824 0.910599 -0.411648
vn -0.040350 -0.018443 -0.999015
vn -0.040350 -0.018481 -0.999015
vn -0.040056 -0.001236 -0.999197
vn -0.040056 -0.001236 -0.999197
vn 0.075581 0.802998 0.591169
vn 0.075581 0.802998 0.591169
vn 0.075581 0.802998 0.591169
vn -0.075582 0.802999 0.591169
vn -0.075582 0.802999 0.591169
vn -0.075582 0.802999 0.591169
vn 0.130136 0.853150 -0.505173
vn 0.130136 0.853150 -0.505173
vn 0.130136 0.853150 -0.505173
vn 0.130136 0.853150 -0.505173
vn -0.130136 0.853151 -0.505171
vn -0.130136 0.853151 -0.505171
vn -0.130136 0.853151 -0.505171
vn -0.130136 0.853151 -0.505171
vn -0.279656 0.959912 0.019013
vn -0.279656 0.959912 0.019013
vn -0.279656 0.959912 0.019013
vn -0.279656 0.959912 0.019013
vn -0.186271 0.956887 0.222866
vn -0.186271 0.956888 0.222866
vn -0.186271 0.956887 0.222866
vn -0.186271 0.956887 0.222866
vn 0.035818 0.914051 0.404015
vn 0.035818 0.914051 0.404015
vn 0.035818 0.914051 0.404015
vn 0.035818 0.914051 0.404015
vn -0.035818 0.914051 0.404015
vn -0.035818 0.914051 0.404015
vn -0.035818 0.914051 0.404015
vn -0.035818 0.914051 0.404015
vn 0.186271 0.956888 0.222866
vn 0.186271 0.956887 0.222866
vn 0.186271 0.956887 0.222866
vn 0.186271 0.956887 0.222866
vn 0.279656 0.959912 0.019013
vn 0.279656 0.959912 0.019013
vn 0.279656 0.959912 0.019013
vn 0.279656 0.959912 0.019013
vn 0.233248 0.113783 -0.965738
vn 0.233248 0.113783 -0.965738
vn 0.233248 0.113783 -0.965738
vn 0.233248 0.113783 -0.965738
vn -0.233248 0.113783 -0.965738
vn -0.233248 0.113783 -0.965738
vn -0.233248 0.113783 -0.965738
vn -0.233248 0.113783 -0.965738
vn -0.918303 0.040318 -0.393819
vn -0.918303 0.040318 -0.393819
vn -0.918303 0.040318 -0.393819
vn -0.918303 0.040318 -0.393819
vn -0.916888 -0.033423 0.397743
vn -0.916888 -0.033423 0.397743
vn -0.916888 -0.033423 0.397743
vn -0.916888 -0.033423 0.397743
vn -0.226040 -0.072700 0.971401
vn -0.226040 -0.072700 0.971401
vn -0.226040 -0.072700 0.971401
vn -0.226040 -0.072700 0.971401
vn 0.226040 -0.072700 0.971402
vn 0.226040 -0.072700 0.971401
vn 0.226040 -0.072700 0.971401
vn 0.226040 -0.072700 0.971402
vn 0.916888 -0.033423 0.397743
vn 0.916888 -0.033423 0.397743
vn 0.916888 -0.033423 0.397743
vn 0.916888 -0.033423 0.397743
vn 0.918304 0.040318 -0.393818
vn 0.918304 0.040318 -0.393818
vn 0.918304 0.040318 -0.393818
vn 0.918304 0.040318 -0.393818
vn 0.062440 -0.894956 -0.441763
vn 0.062440 -0.894956 -0.441763
vn 0.062454 -0.895466 -0.440727
vn 0.062454 -0.895458 -0.440743
vn 0.067033 -0.905349 0.419343
vn 0.067033 -0.905350 0.419343
vn 0.067034 -0.905489 0.419043
vn 0.067034 -0.905489 0.419042
vn 0.046464 0.038141 0.998192
vn 0.046464 0.038141 0.998192
vn 0.046486 0.037017 0.998233
vn 0.046486 0.036988 0.998234
vn 0.036174 0.888467 0.457513
vn 0.036174 0.888467 0.457513
vn 0.036164 0.889260 0.455971
vn 0.036164 0.889264 0.455962
vn 0.037206 0.887722 -0.458874
vn 0.037206 0.887722 -0.458874
vn 0.037194 0.888493 -0.457380
vn 0.037194 0.888487 -0.457391
vn 0.040679 -0.038643 -0.998425
vn 0.040679 -0.038643 -0.998425
vn 0.040660 -0.037480 -0.998470
vn 0.040661 -0.037503 -0.998469
vn -0.223597 -0.917407 -0.329193
vn -0.223597 -0.917407 -0.329193
vn -0.223597 -0.917407 -0.329193
vn -0.223597 -0.917407 -0.329193
vn -0.745876 0.000001 -0.666085
vn -0.745876 0.000001 -0.666085
vn -0.745876 0.000001 -0.666084
vn -0.745876 0.000001 -0.666084
vn -0.257058 0.910017 -0.325255
vn -0.257058 0.910017 -0.325255
vn -0.257058 0.910017 -0.325255
vn -0.257058 0.910017 -0.325255
vn -0.037485 -0.927869 0.371018
vn -0.037485 -0.927869 0.371018
vn -0.037485 -0.927869 0.371018
vn -0.037485 -0.927869 0.371018
vn -0.161022 0.934270 0.318139
vn -0.161022 0.934270 0.318139
vn -0.161022 0.934270 0.318139
vn -0.161022 0.934270 0.318139
vn -0.578986 0.007675 0.815302
vn -0.578986 0.007675 0.815302
vn -0.578986 0.007675 0.815302
vn -0.578986 0.007675 0.815302
vn 0.037485 -0.927868 0.371019
vn 0.037485 -0.927868 0.371019
vn 0.037485 -0.927868 0.371019
vn 0.037485 -0.927868 0.371019
vn 0.578986 0.007675 0.815302
vn 0.578986 0.007675 0.815302
vn 0.578986 0.007675 0.815302
vn 0.578986 0.007675 0.815301
vn 0.161022 0.934270 0.318139
vn 0.161022 0.934270 0.318139
vn 0.161022 0.934270 0.318139
vn 0.161022 0.934270 0.318139
vn 0.223598 -0.917407 -0.329194
vn 0.223598 -0.917407 -0.329194
vn 0.223598 -0.917407 -0.329194
vn 0.223598 -0.917407 -0.329194
vn 0.257058 0.910016 -0.325257
vn 0.257058 0.910016 -0.325257
vn 0.257058 0.910016 -0.325257
vn 0.257058 0.910016 -0.325257
vn 0.745876 0.000001 -0.666085
vn 0.745876 0.000001 -0.666085
vn 0.745876 0.000001 -0.666085
vn 0.745876 0.000001 -0.666085
vn 0.285539 -0.938993 -0.191730
vn 0.285539 -0.938993 -0.191730
vn 0.285539 -0.938993 -0.191730
vn 0.285539 -0.938993 -0.191730
vn -0.000000 0.000000 -1.000000
vn -0.000000 0.000000 -1.000000
vn -0.000000 0.000000 -1.000000
vn -0.000000 0.000000 -1.000000
vn 0.031025 0.959704 -0.279296
vn 0.031025 0.959704 -0.279296
vn 0.031025 0.959704 -0.279296
vn 0.031025 0.959704 -0.279296
vn 0.190594 -0.974072 0.121890
vn 0.234775 -0.950248 0.204716
vn 0.234775 -0.950248 0.204716
vn 0.165934 -0.983159 0.076581
vn 0.025402 0.968909 0.246109
vn 0.020350 0.963150 0.268195
vn 0.017519 0.959698 0.280487
vn 0.025402 0.968909 0.246109
vn 0.675746 -0.195557 0.710721
vn 0.675746 -0.195557 0.710721
vn 0.675746 -0.195557 0.710721
vn 0.675746 -0.195557 0.710721
vn -0.234776 -0.950249 0.204715
vn -0.190594 -0.974072 0.121889
vn -0.165935 -0.983159 0.076581
vn -0.234776 -0.950248 0.204715
vn -0.675746 -0.195557 0.710721
vn -0.675746 -0.195557 0.710721
vn -0.675746 -0.195557 0.710721
vn -0.675746 -0.195557 0.710721
vn -0.020350 0.963150 0.268194
vn -0.025402 0.968909 0.246108
vn -0.025402 0.968910 0.246108
vn -0.017519 0.959698 0.280486
vn -0.285539 -0.938993 -0.191730
vn -0.285539 -0.938993 -0.191730
vn -0.285539 -0.938993 -0.191730
vn -0.285539 -0.938993 -0.191730
vn -0.031025 0.959703 -0.279298
vn -0.031025 0.959703 -0.279298
vn -0.031025 0.959703 -0.279298
vn -0.031025 0.959703 -0.279298
vn 0.000000 0.000000 -1.000000
vn 0.000000 0.000000 -1.000000
vn 0.000000 0.000000 -1.000000
vn 0.000000 0.000000 -1.000000
vn 0.106214 -0.994266 -0.012394
vn 0.109818 -0.993899 -0.010197
vn 0.153648 -0.987986 0.016631
vn 0.000000 0.000000 -1.000000
vn 0.000000 0.000000 -1.000000
vn 0.000000 0.000000 -1.000000
vn 0.000000 0.000000 -1.000000
vn 0.042969 0.967301 -0.249964
vn 0.050632 0.969771 -0.238708
vn 0.054183 0.970853 -0.233471
vn 0.042969 0.967301 -0.249964
vn 0.122072 -0.992519 0.002029
vn 0.125750 -0.992062 0.000385
vn 0.127894 -0.991788 -0.000574
vn 0.122072 -0.992519 0.002029
vn 0.071501 0.973336 0.217957
vn 0.073765 0.974124 0.213638
vn 0.105891 0.982783 0.151412
vn 0.002339 0.004970 0.999985
vn 0.002339 0.004970 0.999985
vn 0.002339 0.004970 0.999985
vn 0.002339 0.004970 0.999985
vn -0.125750 -0.992062 0.000385
vn -0.127894 -0.991788 -0.000575
vn -0.153658 -0.988050 -0.012126
vn -0.002339 0.004970 0.999985
vn -0.002339 0.004970 0.999985
vn -0.002339 0.004970 0.999985
vn -0.002339 0.004970 0.999985
vn -0.066793 0.971623 0.226910
vn -0.071501 0.973336 0.217957
vn -0.073765 0.974124 0.213638
vn -0.066793 0.971623 0.226910
vn -0.099677 -0.994885 -0.016375
vn -0.106214 -0.994266 -0.012394
vn -0.109818 -0.993900 -0.010197
vn -0.099677 -0.994885 -0.016375
vn -0.050631 0.969770 -0.238709
vn -0.054182 0.970853 -0.233472
vn -0.105817 0.982096 -0.155854
vn -0.000000 0.000000 -1.000000
vn -0.000000 0.000000 -1.000000
vn -0.000000 0.000000 -1.000000
vn -0.000000 0.000000 -1.000000
vn -0.823966 0.042111 0.565073
vn -0.823966 0.042111 0.565073
vn -0.772659 0.022737 0.634414
vn -0.784784 0.027131 0.619175
vn -0.050114 -0.942473 -0.330504
vn -0.034106 -0.957164 -0.287532
vn 0.879806 -0.020560 -0.474888
vn 0.879806 -0.020560 -0.474888
vn 0.839663 -0.024666 -0.542548
vn 0.808663 -0.027432 -0.587632
vn 0.050318 0.906085 0.420093
vn 0.074308 0.889305 0.451236
vn 0.670252 -0.035533 0.741283
vn 0.684102 -0.023058 0.729022
vn 0.633693 -0.067036 0.770675
vn 0.633693 -0.067036 0.770675
vn -0.168232 0.819466 0.547881
vn -0.198018 0.799251 0.567439
vn -0.245534 0.763680 0.597082
vn -0.245534 0.763680 0.597082
vn -0.741685 -0.028279 -0.670152
vn -0.730331 -0.024982 -0.682637
vn -0.699636 -0.016330 -0.714313
vn -0.699636 -0.016330 -0.714313
vn 0.079971 -0.915972 -0.393193
vn 0.076449 -0.916416 -0.392857
vn 0.084341 -0.915403 -0.393603
vn 0.084341 -0.915403 -0.393603
vn -0.670251 -0.035532 0.741283
vn -0.684102 -0.023057 0.729022
vn 0.168232 0.819466 0.547881
vn 0.198017 0.799251 0.567439
vn 0.741685 -0.028279 -0.670152
vn 0.730331 -0.024982 -0.682637
vn -0.079971 -0.915971 -0.393194
vn -0.076449 -0.916416 -0.392858
vn 0.823966 0.042111 0.565073
vn 0.823966 0.042111 0.565073
vn 0.784784 0.027131 0.619175
vn 0.772660 0.022736 0.634413
vn -0.074308 0.889305 0.451236
vn -0.050318 0.906085 0.420092
vn -0.879806 -0.020560 -0.474888
vn -0.879806 -0.020560 -0.474888
vn -0.808663 -0.027433 -0.587632
vn -0.839663 -0.024666 -0.542548
vn 0.034106 -0.957164 -0.287530
vn 0.050114 -0.942474 -0.330502
vn -0.633693 -0.067036 0.770675
vn -0.633693 -0.067036 0.770675
vn 0.245534 0.763679 0.597083
vn 0.245534 0.763679 0.597083
vn 0.699636 -0.016330 -0.714313
vn 0.699636 -0.016330 -0.714313
vn -0.084341 -0.915404 -0.393602
vn -0.084341 -0.915404 -0.393602
vn 0.066793 0.971623 0.226910
vn 0.066793 0.971623 0.226910
vn -0.105891 0.982782 0.151413
vn 0.105817 0.982096 -0.155855
vn -0.042968 0.967301 -0.249965
vn -0.042968 0.967301 -0.249965
vn 0.153659 -0.988050 -0.012124
vn -0.122072 -0.992519 0.002029
vn -0.122072 -0.992519 0.002029
vn 0.099678 -0.994885 -0.016375
vn 0.099678 -0.994885 -0.016375
vn -0.153648 -0.987986 0.016636
vn -0.959518 0.000000 0.281646
vn -0.959518 0.000000 0.281646
vn -0.959518 0.000000 0.281646
vn -0.959518 0.000000 0.281646
vn 0.959519 0.000000 0.281646
vn 0.959519 0.000000 0.281646
vn 0.959519 0.000000 0.281646
vn 0.959519 0.000000 0.281646
vn -0.986516 0.000000 -0.163668
vn -0.986516 0.000000 -0.163668
vn -0.986516 0.000000 -0.163668
vn -0.986516 0.000000 -0.163668
vn 0.959319 0.000002 -0.282326
vn 0.959319 0.000002 -0.282326
vn 0.959319 0.000002 -0.282326
vn 0.959319 0.000002 -0.282326
vn 0.986516 0.000000 -0.163668
vn 0.986516 0.000000 -0.163668
vn 0.986516 0.000000 -0.163668
vn 0.986516 0.000000 -0.163668
vn -0.959319 0.000003 -0.282326
vn -0.959319 0.000003 -0.282326
vn -0.959319 0.000003 -0.282326
vn -0.959319 0.000003 -0.282326
vn -0.967966 -0.000030 0.251080
vn -0.967966 -0.000030 0.251080
vn -0.967966 -0.000030 0.251080
vn -0.967966 -0.000030 0.251080
vn -0.958169 0.000000 -0.286202
vn -0.958169 0.000000 -0.286202
vn -0.958169 0.000000 -0.286202
vn -0.958169 0.000000 -0.286202
vn -0.967965 -0.000032 0.251087
vn -0.967964 -0.000032 0.251087
vn -0.967964 -0.000032 0.251087
vn -0.967964 -0.000032 0.251087
vn -0.958169 0.000000 -0.286202
vn -0.958169 0.000000 -0.286202
vn -0.958169 0.000000 -0.286202
vn -0.958169 0.000000 -0.286202
vn 0.958169 0.000000 -0.286202
vn 0.958169 0.000000 -0.286202
vn 0.958169 0.000000 -0.286202
vn 0.958169 0.000000 -0.286202
vn 0.967964 -0.000026 0.251089
vn 0.967964 -0.000026 0.251089
vn 0.967964 -0.000026 0.251089
vn 0.967964 -0.000026 0.251089
vn 0.958169 0.000000 -0.286202
vn 0.958169 0.000000 -0.286202
vn 0.958169 0.000000 -0.286202
vn 0.958169 0.000000 -0.286202
vn 0.967965 0.000020 0.251087
vn 0.967965 0.000020 0.251087
vn 0.967965 0.000020 0.251087
vn 0.967965 0.000020 0.251087
vn 0.989166 0.000000 -0.146799
vn 0.989166 0.000000 -0.146799
vn 0.989166 0.000000 -0.146799
vn 0.989166 0.000000 -0.146799
vn 0.989665 0.000017 0.143398
vn 0.989665 0.000017 0.143398
vn 0.989665 0.000017 0.143398
vn 0.989665 0.000017 0.143398
vn 0.989166 0.000000 -0.146800
vn 0.989166 0.000000 -0.146800
vn 0.989166 0.000000 -0.146800
vn 0.989166 0.000000 -0.146800
vn 0.989665 -0.000034 0.143398
vn 0.989665 -0.000034 0.143398
vn 0.989665 -0.000034 0.143398
vn 0.989665 -0.000034 0.143398
vn -0.989166 0.000000 -0.146800
vn -0.989166 0.000000 -0.146800
vn -0.989166 0.000000 -0.146800
vn -0.989166 0.000000 -0.146800
vn -0.989666 0.000023 0.143396
vn -0.989666 0.000023 0.143396
vn -0.989666 0.000023 0.143396
vn -0.989665 0.000023 0.143396
vn -0.989166 0.000000 -0.146799
vn -0.989166 0.000000 -0.146799
vn -0.989166 0.000000 -0.146799
vn -0.989166 0.000000 -0.146799
vn -0.989665 0.000017 0.143399
vn -0.989665 0.000017 0.143399
vn -0.989665 0.000017 0.143399
vn -0.989665 0.000017 0.143399
vn -0.980813 -0.000002 0.194949
vn -0.980813 -0.000002 0.194949
vn -0.980813 -0.000002 0.194949
vn -0.980813 -0.000002 0.194949
vn -0.989458 0.000000 -0.144818
vn -0.989458 0.000000 -0.144818
vn -0.989458 0.000000 -0.144818
vn -0.989458 0.000000 -0.144818
vn -0.980813 0.000002 0.194950
vn -0.980813 0.000002 0.194950
vn -0.980813 0.000002 0.194950
vn -0.980813 0.000002 0.194950
vn -0.989459 0.000012 -0.144814
vn -0.989459 0.000012 -0.144814
vn -0.989459 0.000012 -0.144814
vn -0.989459 0.000012 -0.144814
vn 0.980813 0.000002 0.194950
vn 0.980813 0.000002 0.194950
vn 0.980813 0.000002 0.194950
vn 0.980813 0.000002 0.194950
vn 0.989458 -0.000016 -0.144818
vn 0.989458 -0.000016 -0.144818
vn 0.989458 -0.000016 -0.144818
vn 0.989458 -0.000016 -0.144818
vn 0.980813 0.000000 0.194950
vn 0.980813 0.000000 0.194950
vn 0.980813 0.000000 0.194950
vn 0.980813 0.000000 0.194950
vn 0.989459 0.000050 -0.144814
vn 0.989459 0.000050 -0.144814
vn 0.989459 0.000050 -0.144814
vn 0.989459 0.000050 -0.144814
vn 0.967871 0.000003 -0.251448
vn 0.967871 0.000003 -0.251448
vn 0.967871 0.000003 -0.251448
vn 0.967871 0.000003 -0.251448
vn 0.953632 0.000000 0.300977
vn 0.953632 0.000000 0.300977
vn 0.953632 0.000000 0.300977
vn 0.953632 0.000000 0.300977
vn 0.967870 -0.000015 -0.251449
vn 0.967870 -0.000015 -0.251449
vn 0.967870 -0.000015 -0.251449
vn 0.967870 -0.000015 -0.251449
vn 0.953642 0.000000 0.300944
vn 0.953642 0.000000 0.300944
vn 0.953642 0.000000 0.300944
vn 0.953642 0.000000 0.300944
vn -0.953642 0.000002 0.300944
vn -0.953642 0.000002 0.300944
vn -0.953642 0.000002 0.300944
vn -0.953642 0.000002 0.300944
vn -0.967873 -0.000023 -0.251440
vn -0.967873 -0.000023 -0.251440
vn -0.967873 -0.000023 -0.251440
vn -0.967873 -0.000023 -0.251440
vn -0.953632 0.000000 0.300976
vn -0.953632 0.000000 0.300976
vn -0.953632 0.000000 0.300976
vn -0.953632 0.000000 0.300976
vn -0.967871 -0.000032 -0.251446
vn -0.967871 -0.000032 -0.251446
vn -0.967871 -0.000032 -0.251446
vn -0.967871 -0.000032 -0.251446
vn 0.027134 0.000000 -0.999632
vn 0.027134 0.000000 -0.999632
vn 0.027134 0.000000 -0.999632
vn 0.027134 0.000000 -0.999632
vn 0.017795 0.989757 0.141650
vn 0.017795 0.989757 0.141650
vn 0.017795 0.989757 0.141650
vn 0.017795 0.989757 0.141650
vn 0.026896 0.000000 0.999638
vn 0.026896 0.000000 0.999638
vn 0.026896 0.000000 0.999638
vn 0.026896 0.000000 0.999638
vn 0.056524 -0.998135 -0.023036
vn 0.056524 -0.998135 -0.023036
vn 0.056524 -0.998136 -0.023036
vn 0.056524 -0.998135 -0.023036
vn -0.055113 -0.996853 -0.056982
vn -0.055113 -0.996853 -0.056981
vn -0.055118 -0.996853 -0.056983
vn -0.055118 -0.996853 -0.056983
vn -0.008403 -0.000000 0.999965
vn -0.008403 -0.000000 0.999965
vn -0.008403 -0.000000 0.999965
vn -0.008403 -0.000000 0.999965
vn 0.033430 0.977438 0.208560
vn 0.033431 0.977438 0.208560
vn 0.033438 0.977438 0.208560
vn 0.033438 0.977438 0.208560
vn -0.008444 0.000000 -0.999964
vn -0.008444 0.000000 -0.999964
vn -0.008445 0.000000 -0.999964
vn -0.008445 0.000000 -0.999964
vn 0.008444 0.000000 -0.999964
vn 0.008444 0.000000 -0.999964
vn 0.008444 0.000000 -0.999964
vn 0.008444 0.000000 -0.999964
vn -0.033429 0.977438 0.208560
vn -0.033429 0.977438 0.208560
vn -0.033430 0.977438 0.208560
vn -0.033431 0.977438 0.208559
vn 0.008402 -0.000000 0.999965
vn 0.008402 -0.000000 0.999965
vn 0.008402 -0.000000 0.999965
vn 0.008402 -0.000000 0.999965
vn 0.055112 -0.996853 -0.056981
vn 0.055112 -0.996853 -0.056981
vn 0.055112 -0.996853 -0.056981
vn 0.055112 -0.996853 -0.056981
vn -0.038587 -0.000000 0.999255
vn -0.038587 -0.000000 0.999255
vn -0.038587 -0.000000 0.999255
vn -0.038587 -0.000000 0.999255
vn -0.002222 0.989621 -0.143683
vn -0.002221 0.989621 -0.143683
vn -0.002224 0.989621 -0.143683
vn -0.002224 0.989621 -0.143683
vn -0.038100 -0.000001 -0.999274
vn -0.038100 -0.000001 -0.999274
vn -0.038100 -0.000001 -0.999274
vn -0.038100 -0.000001 -0.999274
vn -0.103113 -0.994477 0.019560
vn -0.103113 -0.994477 0.019560
vn -0.103113 -0.994477 0.019556
vn -0.103113 -0.994477 0.019556
vn 0.136281 -0.989977 0.037064
vn 0.136281 -0.989977 0.037064
vn 0.136281 -0.989977 0.037064
vn 0.136282 -0.989977 0.037064
vn 0.045372 0.000000 -0.998970
vn 0.045372 0.000000 -0.998970
vn 0.045372 0.000000 -0.998970
vn 0.045372 0.000000 -0.998970
vn -0.021915 0.976116 -0.216144
vn -0.021915 0.976116 -0.216144
vn -0.021915 0.976115 -0.216145
vn -0.021915 0.976115 -0.216145
vn 0.046615 0.000000 0.998913
vn 0.046615 0.000000 0.998913
vn 0.046615 0.000000 0.998913
vn 0.046615 0.000000 0.998913
vn 0.038100 -0.000001 -0.999274
vn 0.038100 -0.000001 -0.999274
vn 0.038100 -0.000001 -0.999274
vn 0.038100 -0.000001 -0.999274
vn 0.002221 0.989621 -0.143684
vn 0.002221 0.989621 -0.143684
vn 0.002222 0.989621 -0.143684
vn 0.002221 0.989621 -0.143684
vn 0.038587 0.000000 0.999255
vn 0.038587 0.000000 0.999255
vn 0.038587 0.000000 0.999255
vn 0.038587 0.000000 0.999255
vn 0.103112 -0.994477 0.019560
vn 0.103112 -0.994477 0.019560
vn 0.103112 -0.994477 0.019560
vn 0.103112 -0.994477 0.019560
vn -0.026896 0.000000 0.999638
vn -0.026896 0.000000 0.999638
vn -0.026896 0.000000 0.999638
vn -0.026896 0.000000 0.999638
vn -0.017795 0.989757 0.141650
vn -0.017795 0.989757 0.141650
vn -0.017793 0.989757 0.141650
vn -0.017793 0.989757 0.141650
vn -0.027134 -0.000000 -0.999632
vn -0.027134 -0.000000 -0.999632
vn -0.027134 -0.000000 -0.999632
vn -0.027134 -0.000000 -0.999632
vn -0.056524 -0.998136 -0.023033
vn -0.056524 -0.998136 -0.023033
vn -0.056520 -0.998136 -0.023036
vn -0.056520 -0.998136 -0.023036
vn -0.046615 0.000000 0.998913
vn -0.046615 0.000000 0.998913
vn -0.046613 0.000000 0.998913
vn -0.046613 0.000000 0.998913
vn 0.021916 0.976116 -0.216144
vn 0.021916 0.976116 -0.216143
vn 0.021916 0.976113 -0.216154
vn 0.021916 0.976113 -0.216154
vn -0.045372 0.000000 -0.998970
vn -0.045372 0.000000 -0.998970
vn -0.045371 0.000000 -0.998970
vn -0.045371 0.000000 -0.998970
vn -0.136281 -0.989977 0.037064
vn -0.136281 -0.989977 0.037063
vn -0.136286 -0.989976 0.037063
vn -0.136286 -0.989976 0.037063
vn 0.028734 0.000000 -0.999587
vn 0.028734 0.000000 -0.999587
vn 0.028734 0.000000 -0.999587
vn 0.028734 0.000000 -0.999587
vn 0.054167 0.987612 0.147273
vn 0.054167 0.987612 0.147273
vn 0.054160 0.987612 0.147272
vn 0.054160 0.987612 0.147272
vn 0.028467 0.000000 0.999595
vn 0.028467 0.000000 0.999595
vn 0.028467 0.000000 0.999595
vn 0.028467 0.000000 0.999595
vn 0.024137 -0.999307 -0.028350
vn 0.024137 -0.999307 -0.028350
vn 0.024135 -0.999307 -0.028352
vn 0.024135 -0.999307 -0.028352
vn 0.007380 -0.997130 -0.075351
vn 0.007380 -0.997130 -0.075351
vn 0.007379 -0.997130 -0.075351
vn 0.007379 -0.997130 -0.075351
vn -0.024221 -0.000000 0.999707
vn -0.024221 -0.000000 0.999707
vn -0.024221 -0.000000 0.999707
vn -0.024221 -0.000000 0.999707
vn -0.066385 0.969463 0.236081
vn -0.066384 0.969463 0.236081
vn -0.066384 0.969463 0.236081
vn -0.066384 0.969463 0.236081
vn -0.024570 0.000000 -0.999698
vn -0.024570 0.000000 -0.999698
vn -0.024570 0.000000 -0.999698
vn -0.024570 0.000000 -0.999698
vn 0.024569 0.000000 -0.999698
vn 0.024569 0.000000 -0.999698
vn 0.024570 0.000000 -0.999698
vn 0.024570 0.000000 -0.999698
vn 0.066387 0.969464 0.236079
vn 0.066387 0.969464 0.236079
vn 0.066385 0.969463 0.236081
vn 0.066384 0.969463 0.236081
vn 0.024221 -0.000000 0.999707
vn 0.024221 -0.000000 0.999707
vn 0.024221 -0.000000 0.999707
vn 0.024221 -0.000000 0.999707
vn -0.007385 -0.997130 -0.075348
vn -0.007385 -0.997130 -0.075348
vn -0.007380 -0.997130 -0.075347
vn -0.007380 -0.997130 -0.075347
vn -0.032388 -0.000000 0.999475
vn -0.032388 -0.000000 0.999475
vn -0.032388 -0.000000 0.999475
vn -0.032388 -0.000000 0.999475
vn -0.080973 0.984433 -0.155995
vn -0.080973 0.984433 -0.155995
vn -0.080974 0.984433 -0.155996
vn -0.080974 0.984433 -0.155996
vn -0.032044 -0.000001 -0.999487
vn -0.032044 -0.000001 -0.999487
vn -0.032044 -0.000001 -0.999487
vn -0.032044 -0.000001 -0.999487
vn -0.006725 -0.999339 0.035729
vn -0.006726 -0.999339 0.035729
vn -0.006727 -0.999339 0.035729
vn -0.006727 -0.999339 0.035729
vn 0.055836 -0.996559 0.061254
vn 0.055836 -0.996559 0.061254
vn 0.055836 -0.996560 0.061249
vn 0.055836 -0.996560 0.061249
vn 0.033022 0.000000 -0.999455
vn 0.033022 0.000000 -0.999455
vn 0.033022 0.000000 -0.999455
vn 0.033022 0.000000 -0.999455
vn 0.026723 0.972890 -0.229719
vn 0.026723 0.972890 -0.229719
vn 0.026729 0.972889 -0.229723
vn 0.026729 0.972889 -0.229723
vn 0.033677 0.000000 0.999433
vn 0.033677 0.000000 0.999433
vn 0.033677 0.000001 0.999433
vn 0.033677 0.000001 0.999433
vn 0.032044 -0.000001 -0.999487
vn 0.032044 -0.000001 -0.999487
vn 0.032044 -0.000001 -0.999487
vn 0.032044 -0.000001 -0.999487
vn 0.080971 0.984433 -0.155997
vn 0.080971 0.984433 -0.155997
vn 0.080973 0.984433 -0.155995
vn 0.080973 0.984433 -0.155996
vn 0.032389 0.000000 0.999475
vn 0.032389 0.000000 0.999475
vn 0.032388 0.000000 0.999475
vn 0.032388 0.000000 0.999475
vn 0.006717 -0.999339 0.035730
vn 0.006717 -0.999339 0.035730
vn 0.006725 -0.999339 0.035729
vn 0.006726 -0.999339 0.035729
vn -0.028467 0.000000 0.999595
vn -0.028467 0.000000 0.999595
vn -0.028467 0.000000 0.999595
vn -0.028467 0.000000 0.999595
vn -0.054160 0.987612 0.147272
vn -0.054160 0.987612 0.147272
vn -0.054159 0.987612 0.147272
vn -0.054159 0.987612 0.147272
vn -0.028734 -0.000000 -0.999587
vn -0.028734 -0.000000 -0.999587
vn -0.028734 -0.000000 -0.999587
vn -0.028734 -0.000000 -0.999587
vn -0.024135 -0.999307 -0.028352
vn -0.024135 -0.999307 -0.028352
vn -0.024134 -0.999307 -0.028352
vn -0.024134 -0.999307 -0.028352
vn -0.033677 0.000001 0.999433
vn -0.033677 0.000001 0.999433
vn -0.033677 0.000001 0.999433
vn -0.033677 0.000001 0.999433
vn -0.026729 0.972889 -0.229725
vn -0.026729 0.972889 -0.229724
vn -0.026730 0.972888 -0.229725
vn -0.026730 0.972888 -0.229725
vn -0.033022 0.000000 -0.999455
vn -0.033022 0.000000 -0.999455
vn -0.033022 0.000000 -0.999455
vn -0.033022 0.000000 -0.999455
vn -0.055836 -0.996560 0.061250
vn -0.055836 -0.996560 0.061249
vn -0.055836 -0.996560 0.061248
vn -0.055836 -0.996560 0.061248
vn 0.008446 0.000000 -0.999964
vn 0.008446 0.000000 -0.999964
vn 0.055112 -0.996853 -0.056976
vn 0.055112 -0.996853 -0.056976
vn 0.008403 -0.000000 0.999965
vn 0.008403 -0.000000 0.999965
vn -0.033438 0.977438 0.208558
vn -0.033438 0.977438 0.208558
vn -0.008444 0.000000 -0.999964
vn -0.008444 0.000000 -0.999964
vn -0.055112 -0.996853 -0.056981
vn -0.055112 -0.996853 -0.056981
vn -0.008402 -0.000000 0.999965
vn -0.008402 -0.000000 0.999965
vn 0.033430 0.977438 0.208560
vn 0.033430 0.977438 0.208560
vn 0.024570 0.000000 -0.999698
vn 0.024570 0.000000 -0.999698
vn -0.007379 -0.997130 -0.075347
vn -0.007379 -0.997130 -0.075347
vn 0.024221 -0.000000 0.999707
vn 0.024221 -0.000000 0.999707
vn 0.066384 0.969463 0.236081
vn 0.066384 0.969463 0.236081
vn -0.024569 0.000000 -0.999698
vn -0.024569 0.000000 -0.999698
vn 0.007385 -0.997130 -0.075348
vn 0.007385 -0.997130 -0.075348
vn -0.024221 -0.000000 0.999707
vn -0.024221 -0.000000 0.999707
vn -0.066387 0.969463 0.236080
vn -0.066387 0.969463 0.236080
vn 0.056525 -0.998135 -0.023038
vn 0.056525 -0.998135 -0.023038
vn 0.026896 0.000000 0.999638
vn 0.026896 0.000000 0.999638
vn 0.017793 0.989757 0.141649
vn 0.017793 0.989757 0.141649
vn 0.027134 0.000000 -0.999632
vn 0.027134 0.000000 -0.999632
vn -0.056525 -0.998136 -0.023033
vn -0.056525 -0.998136 -0.023033
vn -0.026896 0.000000 0.999638
vn -0.026896 0.000000 0.999638
vn -0.017795 0.989757 0.141650
vn -0.017795 0.989757 0.141650
vn -0.027134 -0.000000 -0.999632
vn -0.027134 -0.000000 -0.999632
vn 0.024134 -0.999307 -0.028352
vn 0.024134 -0.999307 -0.028352
vn 0.028467 0.000000 0.999595
vn 0.028467 0.000000 0.999595
vn 0.054159 0.987612 0.147272
vn 0.054159 0.987612 0.147272
vn 0.028734 0.000000 -0.999587
vn 0.028734 0.000000 -0.999587
vn -0.024137 -0.999307 -0.028350
vn -0.024137 -0.999307 -0.028350
vn -0.028467 0.000000 0.999595
vn -0.028467 0.000000 0.999595
vn -0.054167 0.987612 0.147272
vn -0.054167 0.987612 0.147272
vn -0.028734 -0.000000 -0.999587
vn -0.028734 -0.000000 -0.999587
vn 0.038099 -0.000001 -0.999274
vn 0.038099 -0.000001 -0.999274
vn 0.103113 -0.994477 0.019558
vn 0.103113 -0.994477 0.019558
vn 0.038587 0.000000 0.999255
vn 0.038587 0.000000 0.999255
vn 0.002224 0.989622 -0.143682
vn 0.002224 0.989622 -0.143682
vn -0.038100 -0.000001 -0.999274
vn -0.038100 -0.000001 -0.999274
vn -0.103112 -0.994477 0.019560
vn -0.103112 -0.994477 0.019560
vn -0.038587 -0.000000 0.999255
vn -0.038587 -0.000000 0.999255
vn -0.002221 0.989621 -0.143683
vn -0.002221 0.989621 -0.143683
vn 0.032044 -0.000001 -0.999487
vn 0.032044 -0.000001 -0.999487
vn 0.006727 -0.999339 0.035729
vn 0.006727 -0.999339 0.035729
vn 0.032388 0.000000 0.999475
vn 0.032388 0.000000 0.999475
vn 0.080974 0.984433 -0.155995
vn 0.080974 0.984433 -0.155995
vn -0.032045 -0.000001 -0.999486
vn -0.032045 -0.000001 -0.999486
vn -0.006716 -0.999339 0.035731
vn -0.006716 -0.999339 0.035731
vn -0.032388 -0.000000 0.999475
vn -0.032388 -0.000000 0.999475
vn -0.080968 0.984435 -0.155990
vn -0.080968 0.984435 -0.155990
vn 0.136288 -0.989976 0.037066
vn 0.136288 -0.989976 0.037066
vn 0.046613 0.000000 0.998913
vn 0.046613 0.000000 0.998913
vn -0.021915 0.976114 -0.216149
vn -0.021915 0.976114 -0.216149
vn 0.045372 0.000000 -0.998970
vn 0.045372 0.000000 -0.998970
vn -0.136281 -0.989977 0.037064
vn -0.136281 -0.989977 0.037064
vn -0.046615 0.000000 0.998913
vn -0.046615 0.000000 0.998913
vn 0.021916 0.976116 -0.216142
vn 0.021916 0.976116 -0.216142
vn -0.045372 0.000000 -0.998970
vn -0.045372 0.000000 -0.998970
vn 0.055836 -0.996560 0.061248
vn 0.055836 -0.996560 0.061248
vn 0.033677 0.000001 0.999433
vn 0.033677 0.000001 0.999433
vn 0.026730 0.972889 -0.229724
vn 0.026730 0.972889 -0.229724
vn 0.033022 0.000000 -0.999455
vn 0.033022 0.000000 -0.999455
vn -0.055836 -0.996559 0.061256
vn -0.055836 -0.996559 0.061256
vn -0.033677 0.000000 0.999433
vn -0.033677 0.000000 0.999433
vn -0.026723 0.972890 -0.229719
vn -0.026723 0.972890 -0.229719
vn -0.033021 0.000000 -0.999455
vn -0.033021 0.000000 -0.999455
vn 0.062662 -0.903292 -0.424425
vn 0.062663 -0.903301 -0.424407
vn 0.062821 -0.909670 -0.410554
vn 0.062821 -0.909670 -0.410554
vn 0.067041 -0.907744 0.414134
vn 0.067041 -0.907744 0.414134
vn 0.067044 -0.909714 0.409788
vn 0.067044 -0.909714 0.409788
vn 0.046845 0.018180 0.998737
vn 0.046844 0.018218 0.998736
vn 0.047153 0.001217 0.998887
vn 0.047153 0.001217 0.998887
vn 0.036010 0.901779 0.430694
vn 0.036010 0.901770 0.430714
vn 0.035854 0.912164 0.408254
vn 0.035854 0.912164 0.408254
vn 0.037007 0.900563 -0.433147
vn 0.037007 0.900574 -0.433125
vn 0.036824 0.910599 -0.411648
vn 0.036824 0.910599 -0.411648
vn 0.040350 -0.018481 -0.999015
vn 0.040350 -0.018443 -0.999015
vn 0.040056 -0.001236 -0.999197
vn 0.040056 -0.001236 -0.999197
vn -0.062636 -0.902297 -0.426542
vn -0.062636 -0.902279 -0.426579
vn -0.067040 -0.907443 0.414792
vn -0.067040 -0.907444 0.414791
vn -0.046796 0.020784 0.998688
vn -0.046797 0.020712 0.998690
vn -0.036033 0.900138 0.434111
vn -0.036033 0.900150 0.434087
vn -0.037033 0.899002 -0.436375
vn -0.037034 0.898988 -0.436405
vn -0.040393 -0.021014 -0.998963
vn -0.040394 -0.021075 -0.998962
vn 0.062481 -0.896479 -0.438658
vn 0.062481 -0.896487 -0.438642
vn 0.062636 -0.902297 -0.426542
vn 0.062636 -0.902279 -0.426579
vn 0.067035 -0.905773 0.418426
vn 0.067035 -0.905773 0.418427
vn 0.067040 -0.907443 0.414793
vn 0.067040 -0.907443 0.414792
vn 0.046532 0.034652 0.998316
vn 0.046531 0.034682 0.998315
vn 0.046796 0.020784 0.998688
vn 0.046797 0.020712 0.998690
vn 0.036146 0.890878 0.452802
vn 0.036146 0.890873 0.452811
vn 0.036033 0.900138 0.434111
vn 0.036033 0.900150 0.434087
vn 0.037171 0.890045 -0.454354
vn 0.037171 0.890051 -0.454342
vn 0.037033 0.899002 -0.436375
vn 0.037034 0.898988 -0.436405
vn 0.040623 -0.035143 -0.998556
vn 0.040623 -0.035118 -0.998557
vn 0.040393 -0.021014 -0.998963
vn 0.040394 -0.021075 -0.998962
vn -0.062455 -0.895466 -0.440727
vn -0.062455 -0.895458 -0.440743
vn -0.062481 -0.896479 -0.438658
vn -0.062482 -0.896487 -0.438642
vn -0.067035 -0.905489 0.419042
vn -0.067035 -0.905489 0.419042
vn -0.067035 -0.905774 0.418426
vn -0.067035 -0.905773 0.418427
vn -0.046486 0.037017 0.998233
vn -0.046486 0.036988 0.998234
vn -0.046532 0.034652 0.998316
vn -0.046531 0.034682 0.998315
vn -0.036164 0.889260 0.455971
vn -0.036164 0.889264 0.455962
vn -0.036146 0.890878 0.452801
vn -0.036146 0.890873 0.452811
vn -0.037194 0.888493 -0.457380
vn -0.037194 0.888487 -0.457391
vn -0.037171 0.890045 -0.454355
vn -0.037171 0.890051 -0.454342
vn -0.040660 -0.037480 -0.998470
vn -0.040661 -0.037503 -0.998469
vn -0.040623 -0.035143 -0.998556
vn -0.040623 -0.035118 -0.998557
vn 0.000000 1.000000 0.000000
vn 0.000000 1.000000 0.000000
vn 0.000000 1.000000 0.000000
vn 0.000000 1.000000 0.000000
vn 0.000000 1.000000 0.000000
vn 0.000000 1.000000 0.000000
vn 0.000000 1.000000 0.000000
vn 0.000000 1.000000 0.000000
vn -0.040679 -0.038643 -0.998425
vn -0.040679 -0.038643 -0.998425
vn -0.037206 0.887722 -0.458874
vn -0.037206 0.887722 -0.458874
vn -0.036174 0.888467 0.457513
vn -0.036174 0.888467 0.457513
vn -0.046464 0.038141 0.998192
vn -0.046464 0.038141 0.998192
vn -0.067033 -0.905349 0.419344
vn -0.067033 -0.905349 0.419344
vn -0.062440 -0.894956 -0.441763
vn -0.062440 -0.894956 -0.441763
vn -0.733269 0.275208 -0.621754
vn -0.733269 0.275208 -0.621754
vn -0.733269 0.275208 -0.621754
vn -0.733269 0.275208 -0.621754
vn 0.733268 0.275209 -0.621753
vn 0.733269 0.275209 -0.621753
vn 0.733268 0.275209 -0.621753
vn 0.733268 0.275209 -0.621753
vn -0.798488 0.589219 -0.123440
vn -0.798488 0.589219 -0.123439
vn -0.798488 0.589219 -0.123439
vn -0.798488 0.589219 -0.123439
vn 0.798487 0.589221 -0.123441
vn 0.798487 0.589221 -0.123441
vn 0.798487 0.589221 -0.123441
vn 0.798487 0.589221 -0.123441
vn -0.943377 0.331327 -0.016185
vn -0.943377 0.331327 -0.016185
vn -0.943377 0.331327 -0.016185
vn -0.943377 0.331327 -0.016185
vn 0.943376 0.331330 -0.016185
vn 0.943376 0.331330 -0.016185
vn 0.943376 0.331330 -0.016185
vn 0.943376 0.331330 -0.016185
vn -0.183134 0.262126 0.947498
vn -0.183134 0.262126 0.947498
vn -0.183134 0.262126 0.947498
vn -0.183134 0.262126 0.947498
vn 0.183135 0.262127 0.947497
vn 0.183135 0.262127 0.947497
vn 0.183135 0.262127 0.947497
vn 0.183135 0.262127 0.947497
vn 0.999992 0.003869 0.001342
vn 0.999992 0.003869 0.001342
vn 0.999992 0.003869 0.001342
vn 0.999992 0.003869 0.001342
vn 0.999993 0.000143 0.003827
vn 0.999993 0.000143 0.003827
vn 0.999993 0.000143 0.003827
vn 0.999993 0.000143 0.003827
vn -0.999993 0.000143 0.003827
vn -0.999993 0.000143 0.003827
vn -0.999993 0.000143 0.003827
vn -0.999993 0.000143 0.003827
vn -0.999992 0.003869 0.001342
vn -0.999992 0.003869 0.001342
vn -0.999992 0.003869 0.001342
vn -0.999992 0.003869 0.001342
vn 0.999999 -0.001435 0.000709
vn 0.999999 -0.001435 0.000709
vn 0.999999 -0.001435 0.000709
vn 0.999999 -0.001435 0.000709
vn 0.999999 -0.001493 -0.000730
vn 0.999999 -0.001493 -0.000730
vn 0.999999 -0.001493 -0.000730
vn 0.999999 -0.001493 -0.000730
vn 0.999992 -0.000036 -0.004081
vn 0.999992 -0.000036 -0.004081
vn 0.999992 -0.000036 -0.004081
vn 0.999992 -0.000036 -0.004081
vn 0.999988 0.004597 -0.001968
vn 0.999987 0.004597 -0.001968
vn 0.999988 0.004597 -0.001968
vn 0.999987 0.004597 -0.001968
vn -0.999987 0.004598 -0.001968
vn -0.999988 0.004598 -0.001968
vn -0.999987 0.004598 -0.001968
vn -0.999987 0.004598 -0.001968
vn -0.999992 -0.000036 -0.004081
vn -0.999992 -0.000036 -0.004081
vn -0.999992 -0.000036 -0.004081
vn -0.999992 -0.000036 -0.004081
vn -0.999999 -0.001493 -0.000730
vn -0.999999 -0.001493 -0.000730
vn -0.999999 -0.001493 -0.000730
vn -0.999999 -0.001493 -0.000730
vn -0.999999 -0.001436 0.000709
vn -0.999999 -0.001436 0.000709
vn -0.999999 -0.001436 0.000709
vn -0.999999 -0.001436 0.000709
s 1
g Body Body
usemtl standardSurface8SG
f 751/1130/1891 938/1131/1892 927/1132/1893 752/1133/1894
s 2
f 927/1132/1895 928/1134/1896 753/1374/1897 752/1133/1898
s 3
f 931/1136/1899 932/1137/1900 837/1138/1901 838/1344/1902
s 4
f 932/1137/1903 933/1140/1904 840/1141/1905 837/1138/1906
s 5
f 933/1140/1907 934/1142/1908 842/1350/1909 840/1141/1910
s 6
f 937/1144/1911 938/1131/1912 751/1130/1913 754/1368/1914
s off
f 775/1453/1915 776/1152/1916 777/1421/1917 778/1154/1918
f 780/1461/1919 779/1156/1920 781/1427/1921 782/1158/1922
f 784/1159/1923 783/1437/1924 785/1161/1925 786/1405/1926
f 788/1445/1927 787/1164/1928 789/1411/1929 790/1166/1930
s 7
f 759/1457/1931 760/1184/1932 806/1185/1933 803/1186/1934
s 8
f 760/1423/1935 761/1187/1936 805/1188/1937 806/1418/1938
s 9
f 761/1425/1939 762/1189/1940 804/1190/1941 805/1420/1942
s 10
f 762/1455/1943 759/1183/1944 803/1452/1945 804/1450/1946
s 11
f 764/1465/1947 763/1192/1948 795/1428/1949 796/1460/1950
s 12
f 763/1433/1951 765/1195/1952 798/1196/1953 795/1193/1954
s 13
f 765/1431/1955 766/1197/1956 797/1198/1957 798/1426/1958
s 14
f 766/1463/1959 764/1191/1960 796/1194/1961 797/1458/1962
s 15
f 768/1439/1963 767/1200/1964 819/1436/1965 820/1434/1966
s 16
f 767/1441/1967 769/1203/1968 822/1204/1969 819/1201/1970
s 17
f 769/1407/1971 770/1205/1972 821/1206/1973 822/1402/1974
s 18
f 770/1409/1975 768/1199/1976 820/1202/1977 821/1404/1978
s 19
f 772/1449/1979 771/1208/1980 811/1412/1981 812/1444/1982
s 20
f 771/1417/1983 773/1211/1984 814/1212/1985 811/1209/1986
s 21
f 773/1415/1987 774/1213/1988 813/1214/1989 814/1410/1990
s 22
f 774/1447/1991 772/1207/1992 812/1210/1993 813/1442/1994
s off
f 792/1464/1995 791/1432/1996 763/1192/1997 764/1465/1998
f 793/1462/1999 792/1172/2000 764/1191/2001 766/1463/2002
f 794/1430/2003 793/1174/2004 766/1197/2005 765/1431/2006
f 791/1171/2007 794/1173/2008 765/1195/2009 763/1433/2010
s 11
f 796/1460/1950 795/1428/1949 779/1156/2011 780/1461/2012
s 14
f 797/1458/1962 796/1194/1961 780/1155/2013 782/1459/2014
s 13
f 798/1426/1958 797/1198/1957 782/1158/2015 781/1427/2016
s 12
f 795/1193/1954 798/1196/1953 781/1157/2017 779/1429/2018
s off
f 800/1454/2019 799/1456/2020 759/1183/2021 762/1455/2022
f 801/1424/2023 800/1170/2024 762/1189/2025 761/1425/2026
f 802/1422/2027 801/1169/2028 761/1187/2029 760/1423/2030
f 799/1168/2031 802/1167/2032 760/1184/2033 759/1457/2034
s 10
f 804/1450/1946 803/1452/1945 775/1151/2035 778/1451/2036
s 9
f 805/1420/1942 804/1190/1941 778/1154/2037 777/1421/2038
s 8
f 806/1418/1938 805/1188/1937 777/1153/2039 776/1419/2040
s 7
f 803/1186/1934 806/1185/1933 776/1152/2041 775/1453/2042
s off
f 808/1448/2043 807/1416/2044 771/1208/2045 772/1449/2046
f 809/1446/2047 808/1180/2048 772/1207/2049 774/1447/2050
f 810/1414/2051 809/1182/2052 774/1213/2053 773/1415/2054
f 807/1179/2055 810/1181/2056 773/1211/2057 771/1417/2058
s 19
f 812/1444/1982 811/1412/1981 787/1164/2059 788/1445/2060
s 22
f 813/1442/1994 812/1210/1993 788/1163/2061 790/1443/2062
s 21
f 814/1410/1990 813/1214/1989 790/1166/2063 789/1411/2064
s 20
f 811/1209/1986 814/1212/1985 789/1165/2065 787/1413/2066
s off
f 816/1438/2067 815/1440/2068 767/1200/2069 768/1439/2070
f 817/1408/2071 816/1176/2072 768/1199/2073 770/1409/2074
f 818/1406/2075 817/1178/2076 770/1205/2077 769/1407/2078
f 815/1175/2079 818/1177/2080 769/1203/2081 767/1441/2082
s 15
f 820/1434/1966 819/1436/1965 783/1160/2083 784/1435/2084
s 18
f 821/1404/1978 820/1202/1977 784/1159/2085 786/1405/2086
s 17
f 822/1402/1974 821/1206/1973 786/1162/2087 785/1403/2088
s 16
f 819/1201/1970 822/1204/1969 785/1161/2089 783/1437/2090
s 2
f 879/1215/2091 880/1216/2092 824/1391/2093 823/1379/2094
s 24
f 880/1216/2095 881/1219/2096 825/1390/2097 824/1391/2098
s 25
f 881/1219/2099 882/1221/2100 826/1388/2101 825/1390/2102
s 26
f 882/1221/2103 883/1331/2104 827/1371/2105 826/1388/2106
s 6
f 883/1223/2107 884/1225/2108 828/1378/2109 827/1370/2110
s 1
f 823/1379/2111 828/1378/2112 884/1225/2113 879/1215/2114
s 28
f 939/1227/2115 940/1228/2116 830/1229/2117 829/1230/2118
s 29
f 943/1231/2119 944/1232/2120 845/1233/2121 846/1234/2122
s 30
f 944/1232/2123 945/1235/2124 848/1236/2125 845/1233/2126
s 31
f 945/1235/2127 946/1237/2128 850/1238/2129 848/1236/2130
s 32
f 949/1239/2131 950/1240/2132 834/1241/2133 833/1401/2134
s 33
f 829/1230/2135 834/1241/2136 950/1240/2137 939/1227/2138
s 34
f 835/1346/2139 851/1244/2140 836/1373/2141
s 35
f 753/1374/2142 928/1134/2143 929/1246/2144 860/1355/2145
s 36
f 851/1244/2146 852/1248/2147 839/1369/2148 836/1373/2149
s 37
f 852/1248/2150 841/1348/2151 839/1369/2152
s 38
f 936/1251/2153 937/1393/2154 754/1392/2155 855/1358/2156
s 39
f 876/1253/2157 877/1337/2158 846/1338/2159 853/1255/2160
s 40
f 877/1254/2161 942/1256/2162 943/1231/2163 846/1234/2164
s 41
f 875/1257/2165 876/1253/2166 853/1255/2167 854/1258/2168
s 42
f 946/1237/2169 947/1259/2170 874/1260/2171 850/1238/2172
s 43
f 874/1339/2173 875/1257/2174 854/1258/2175 850/1340/2176
s 34
f 824/1375/2177 825/1220/2178 858/1261/2179 859/1356/2180
s 36
f 825/1220/2181 826/1222/2182 857/1263/2183 858/1261/2184
s 37
f 826/1222/2185 827/1389/2186 856/1357/2187 857/1263/2188
s 39
f 853/1255/2160 846/1338/2159 845/1363/2189
s 41
f 854/1258/2168 853/1255/2167 845/1363/2190 848/1359/2191
s 43
f 850/1340/2176 854/1258/2175 848/1359/2192
s 38
f 935/1265/2193 936/1251/2153 855/1358/2156 867/1349/2194
s 37
f 857/1263/2188 856/1357/2187 868/1347/2195 869/1268/2196
s 36
f 858/1261/2184 857/1263/2183 869/1268/2197 870/1269/2198
s 34
f 859/1356/2180 858/1261/2179 870/1269/2199 871/1345/2200
s 35
f 860/1355/2145 929/1246/2144 930/1271/2201 872/1343/2202
s 42
f 948/1273/2203 949/1400/2204 833/1242/2205 862/1274/2206
s 43
f 833/1360/2207 832/1275/2208 863/1276/2209 862/1353/2210
s 41
f 832/1275/2211 831/1277/2212 864/1278/2213 863/1276/2214
s 39
f 831/1277/2215 830/1387/2216 865/1352/2217 864/1278/2218
s 40
f 830/1229/2219 940/1228/2220 941/1280/2221 865/1279/2222
s 38
f 934/1142/2223 935/1265/2193 867/1349/2194 842/1350/2224
s 37
f 869/1268/2196 868/1347/2195 841/1348/2151 852/1248/2150
s 36
f 870/1269/2198 869/1268/2197 852/1248/2147 851/1244/2146
s 34
f 871/1345/2200 870/1269/2199 851/1244/2140 835/1346/2139
s 35
f 872/1343/2202 930/1271/2201 931/1136/2225 838/1344/2226
s 42
f 947/1259/2170 948/1273/2203 862/1274/2206 874/1260/2171
s 43
f 862/1353/2210 863/1276/2209 875/1257/2174 874/1339/2173
s 41
f 863/1276/2214 864/1278/2213 876/1253/2166 875/1257/2165
s 39
f 864/1278/2218 865/1352/2217 877/1337/2158 876/1253/2157
s 40
f 865/1279/2222 941/1280/2221 942/1256/2162 877/1254/2161
s 2
f 903/1281/2227 904/1282/2228 880/1216/2092 879/1215/2091
s 24
f 904/1282/2229 905/1283/2230 881/1219/2096 880/1216/2095
s 25
f 905/1283/2231 906/1284/2232 882/1221/2100 881/1219/2099
s 26
f 906/1284/2233 907/1333/2234 883/1331/2104 882/1221/2103
s 6
f 907/1285/2235 908/1286/2236 884/1225/2108 883/1223/2107
s 1
f 879/1215/2114 884/1225/2113 908/1286/2237 903/1281/2238
s 28
f 829/1377/2118 830/1365/2117 886/1287/2239 885/1288/2240
s 49
f 830/1365/2241 831/1386/2242 887/1289/2243 886/1287/2244
s 50
f 831/1386/2245 832/1384/2246 888/1290/2247 887/1289/2248
s 51
f 832/1384/2249 833/1385/2250 889/1330/2251 888/1290/2252
s 32
f 833/1398/2134 834/1376/2133 890/1292/2253 889/1291/2254
s 33
f 885/1288/2255 890/1292/2256 834/1376/2136 829/1377/2135
s 2
f 915/1293/2257 916/1329/2258 892/1294/2259 891/1295/2260
s 24
f 916/1329/2261 917/1328/2262 893/1296/2263 892/1294/2264
s 25
f 917/1328/2265 918/1327/2266 894/1297/2267 893/1296/2268
s 26
f 918/1327/2269 919/1326/2270 895/1334/2271 894/1297/2272
s 6
f 919/1332/2273 920/1325/2274 896/1299/2275 895/1298/2276
s 1
f 891/1295/2277 896/1299/2278 920/1325/2279 915/1293/2280
s 28
f 909/1300/2281 910/1301/2282 898/1302/2283 897/1303/2284
s 49
f 910/1301/2285 911/1304/2286 899/1305/2287 898/1302/2288
s 50
f 911/1304/2289 912/1306/2290 900/1307/2291 899/1305/2292
s 51
f 912/1306/2293 913/1396/2294 901/1309/2295 900/1307/2296
s 32
f 913/1308/2297 914/1310/2298 902/1311/2299 901/1397/2300
s 33
f 897/1303/2301 902/1311/2302 914/1310/2303 909/1300/2304
s 2
f 891/1295/2260 892/1294/2259 904/1282/2228 903/1281/2227
s 24
f 892/1294/2264 893/1296/2263 905/1283/2230 904/1282/2229
s 25
f 893/1296/2268 894/1297/2267 906/1284/2232 905/1283/2231
s 26
f 894/1297/2272 895/1334/2271 907/1333/2234 906/1284/2233
s 6
f 895/1298/2276 896/1299/2275 908/1286/2236 907/1285/2235
s 1
f 903/1281/2238 908/1286/2237 896/1299/2278 891/1295/2277
s 28
f 885/1288/2240 886/1287/2239 910/1301/2282 909/1300/2281
s 49
f 886/1287/2244 887/1289/2243 911/1304/2286 910/1301/2285
s 50
f 887/1289/2248 888/1290/2247 912/1306/2290 911/1304/2289
s 51
f 888/1290/2252 889/1330/2251 913/1396/2294 912/1306/2293
s 32
f 889/1291/2254 890/1292/2253 914/1310/2298 913/1308/2297
s 33
f 909/1300/2304 914/1310/2303 890/1292/2256 885/1288/2255
s 28
f 897/1303/2284 898/1302/2283 922/1147/2305 921/1324/2306
s 49
f 898/1302/2288 899/1305/2287 923/1148/2307 922/1147/2308
s 50
f 899/1305/2292 900/1307/2291 924/1149/2309 923/1148/2310
s 51
f 900/1307/2296 901/1309/2295 925/1395/2311 924/1149/2312
s 32
f 901/1397/2300 902/1311/2299 926/1146/2313 925/1150/2314
s 33
f 921/1324/2315 926/1146/2316 902/1311/2302 897/1303/2301
s 2
f 823/1218/2094 824/1217/2093 928/1134/1896 927/1132/1895
s 35
f 929/1246/2144 928/1134/2143 824/1217/2317 859/1262/2318
f 930/1271/2201 929/1246/2144 859/1262/2318 871/1270/2319
f 931/1136/2225 930/1271/2201 871/1270/2319 835/1243/2320
s 3
f 835/1243/2321 836/1245/2322 932/1137/1900 931/1136/1899
s 4
f 836/1245/2323 839/1249/2324 933/1140/1904 932/1137/1903
s 5
f 839/1249/2325 841/1250/2326 934/1142/1908 933/1140/1907
s 38
f 868/1267/2327 935/1265/2193 934/1142/2223 841/1250/2328
f 856/1264/2329 936/1251/2153 935/1265/2193 868/1267/2327
f 827/1394/2330 937/1393/2154 936/1251/2153 856/1264/2329
s 6
f 827/1224/2110 828/1226/2109 938/1131/1912 937/1144/1911
s 1
f 927/1132/1893 938/1131/1892 828/1226/2112 823/1218/2111
s 28
f 756/1312/2331 757/1366/2332 940/1228/2116 939/1227/2115
s 40
f 941/1280/2221 940/1228/2220 757/1366/2333 866/1351/2334
f 942/1256/2162 941/1280/2221 866/1351/2334 878/1335/2335
f 943/1231/2163 942/1256/2162 878/1335/2335 843/1336/2336
s 29
f 843/1336/2337 844/1364/2338 944/1232/2120 943/1231/2119
s 30
f 844/1364/2339 847/1361/2340 945/1235/2124 944/1232/2123
s 31
f 847/1361/2341 849/1342/2342 946/1237/2128 945/1235/2127
s 42
f 873/1341/2343 947/1259/2170 946/1237/2169 849/1342/2344
f 861/1354/2345 948/1273/2203 947/1259/2170 873/1341/2343
f 758/1362/2346 949/1400/2204 948/1273/2203 861/1354/2345
s 32
f 758/1399/2347 755/1323/2348 950/1240/2132 949/1239/2131
s 33
f 939/1227/2138 950/1240/2137 755/1323/2349 756/1312/2350
s off
f 755/1380/2351 758/1322/2352 757/1313/2353 756/1381/2354
f 758/1322/2355 861/1321/2356 866/1314/2357 757/1313/2358
f 861/1321/2359 873/1320/2360 878/1315/2361 866/1314/2362
f 873/1320/2363 849/1319/2364 843/1316/2365 878/1315/2366
f 849/1319/2367 847/1318/2368 844/1317/2369 843/1316/2370
f 752/1383/2371 753/1135/2372 754/1145/2373 751/1382/2374
f 753/1135/2375 860/1247/2376 855/1252/2377 754/1145/2378
f 860/1247/2379 872/1272/2380 867/1266/2381 855/1252/2382
f 872/1272/2383 838/1139/2384 842/1143/2385 867/1266/2386
f 838/1139/2387 837/1372/2388 840/1367/2389 842/1143/2390
s 53
f 1009/1466/2391 1004/1467/2392 965/1468/2393 966/1469/2394
s 54
f 1008/1470/2395 1009/1466/2396 966/1469/2397 967/1471/2398
s 55
f 1007/1472/2399 1008/1470/2400 967/1471/2401 968/1473/2402
s 56
f 1006/1474/2403 1007/1472/2404 968/1473/2405 969/1475/2406
s 57
f 1005/1476/2407 1006/1477/2408 969/1478/2409 970/1479/2410
s 58
f 1004/1480/2411 1005/1476/2412 970/1479/2413 965/1481/2414
s off
f 965/1468/2415 971/1482/2416 972/1483/2417 966/1469/2418
f 966/1469/2419 972/1483/2420 973/1484/2421 967/1471/2422
f 967/1471/2423 973/1484/2424 974/1485/2425 968/1473/2426
f 968/1473/2427 974/1485/2428 975/1486/2429 969/1475/2430
f 969/1478/2431 975/1487/2432 976/1488/2433 970/1479/2434
f 970/1479/2435 976/1488/2436 971/1489/2437 965/1481/2438
f 976/1488/2439 977/1490/2440 971/1489/2441
s 59
f 975/1487/2442 978/1491/2443 976/1488/2444
s off
f 974/1485/2445 979/1492/2446 978/1493/2447 975/1486/2448
f 971/1482/2449 977/1494/2450 980/1495/2451 972/1483/2452
s 60
f 981/1496/2453 982/1497/2454 1003/1498/2455 998/1499/2456
s 61
f 982/1497/2457 983/1500/2458 1002/1501/2459 1003/1498/2460
s 62
f 983/1500/2461 984/1502/2462 1001/1503/2463 1002/1501/2464
s 63
f 984/1502/2465 985/1504/2466 1000/1505/2467 1001/1503/2468
s 64
f 985/1506/2469 986/1507/2470 999/1508/2471 1000/1509/2472
s 65
f 986/1507/2473 981/1510/2474 998/1511/2475 999/1508/2476
s off
f 987/1512/2477 988/1513/2478 994/1514/2479 993/1515/2480
f 988/1513/2481 989/1516/2482 995/1517/2483 994/1514/2484
f 989/1516/2485 990/1518/2486 996/1519/2487 995/1517/2488
f 990/1518/2489 991/1520/2490 997/1521/2491 996/1519/2492
f 991/1522/2493 992/1523/2494 976/1524/2495 997/1525/2496
f 992/1523/2497 987/1526/2498 993/1527/2499 976/1524/2500
f 976/1524/2501 993/1527/2502 977/1528/2503
s 59
f 997/1525/2504 976/1524/2444 978/1529/2443
s off
f 996/1519/2505 997/1521/2506 978/1493/2507 979/1492/2508
f 993/1515/2509 994/1514/2510 980/1530/2511 977/1531/2512
f 973/1484/2513 972/1483/2514 951/1532/2515 958/1533/2516
f 974/1485/2517 973/1484/2518 958/1533/2519 957/1534/2520
s 66
f 956/1535/2521 974/1485/2522 957/1534/2523
s off
f 972/1483/2524 980/1495/2525 952/1536/2526 951/1532/2527
f 994/1514/2528 995/1517/2529 954/1537/2530 953/1538/2531
f 995/1517/2532 996/1519/2533 955/1539/2534 954/1537/2535
s 67
f 996/1519/2536 956/1535/2537 955/1539/2538
s off
f 980/1530/2539 994/1514/2540 953/1538/2541 952/1540/2542
s 65
f 999/1508/2476 998/1511/2475 987/1526/2543 992/1523/2544
s 64
f 1000/1509/2472 999/1508/2471 992/1523/2545 991/1522/2546
s 63
f 1001/1503/2468 1000/1505/2467 991/1520/2547 990/1518/2548
s 62
f 1002/1501/2464 1001/1503/2463 990/1518/2549 989/1516/2550
s 61
f 1003/1498/2460 1002/1501/2459 989/1516/2551 988/1513/2552
s 60
f 998/1499/2456 1003/1498/2455 988/1513/2553 987/1512/2554
s 58
f 964/1541/2555 1005/1476/2412 1004/1480/2411 959/1542/2556
s 57
f 963/1543/2557 1006/1477/2408 1005/1476/2407 964/1541/2558
s 56
f 962/1544/2559 1007/1472/2404 1006/1474/2403 963/1545/2560
s 55
f 961/1546/2561 1008/1470/2400 1007/1472/2399 962/1544/2562
s 54
f 960/1547/2563 1009/1466/2396 1008/1470/2395 961/1546/2564
s 53
f 959/1548/2565 1004/1467/2392 1009/1466/2391 960/1547/2566
s off
f 959/1548/2567 960/1547/2568 1011/1549/2569 1010/1550/2570
f 960/1547/2571 961/1546/2572 1012/1551/2573 1011/1549/2574
f 961/1546/2575 962/1544/2576 1013/1552/2577 1012/1551/2578
f 962/1544/2579 963/1545/2580 1014/1553/2581 1013/1552/2582
f 963/1543/2583 964/1541/2584 1015/1554/2585 1014/1555/2586
f 964/1541/2587 959/1542/2588 1010/1556/2589 1015/1554/2590
f 982/1497/2591 981/1496/2592 1016/1557/2593 1017/1558/2594
f 983/1500/2595 982/1497/2596 1017/1558/2597 1018/1559/2598
f 984/1502/2599 983/1500/2600 1018/1559/2601 1019/1560/2602
f 985/1504/2603 984/1502/2604 1019/1560/2605 1020/1561/2606
f 986/1507/2607 985/1506/2608 1020/1562/2609 1021/1563/2610
f 981/1510/2611 986/1507/2612 1021/1563/2613 1016/1564/2614
f 1010/1550/2615 1011/1549/2616 1023/1565/2617 1022/1566/2618
f 1011/1549/2619 1012/1551/2620 1024/1567/2621 1023/1565/2622
f 1012/1551/2623 1013/1552/2624 1025/1568/2625 1024/1567/2626
f 1013/1552/2627 1014/1553/2628 1026/1569/2629 1025/1568/2630
f 1014/1555/2631 1015/1554/2632 1027/1570/2633 1026/1571/2634
f 1015/1554/2635 1010/1556/2636 1022/1572/2637 1027/1570/2638
f 1017/1558/2639 1016/1557/2640 1028/1573/2641 1029/1574/2642
f 1018/1559/2643 1017/1558/2644 1029/1574/2645 1030/1575/2646
f 1019/1560/2647 1018/1559/2648 1030/1575/2649 1031/1576/2650
f 1020/1561/2651 1019/1560/2652 1031/1576/2653 1032/1577/2654
f 1021/1563/2655 1020/1562/2656 1032/1578/2657 1033/1579/2658
f 1016/1564/2659 1021/1563/2660 1033/1579/2661 1028/1580/2662
f 1022/1566/2663 1023/1565/2664 1035/1581/2665 1034/1582/2666
f 1023/1565/2667 1024/1567/2668 1036/1583/2669 1035/1581/2670
f 1024/1567/2671 1025/1568/2672 1037/1584/2673 1036/1583/2674
f 1025/1568/2675 1026/1569/2676 1038/1585/2677 1037/1584/2678
f 1026/1571/2679 1027/1570/2680 1039/1586/2681 1038/1587/2682
f 1027/1570/2683 1022/1572/2684 1034/1588/2685 1039/1586/2686
f 1029/1574/2687 1028/1573/2688 1040/1589/2689 1041/1590/2690
f 1030/1575/2691 1029/1574/2692 1041/1590/2693 1042/1591/2694
f 1031/1576/2695 1030/1575/2696 1042/1591/2697 1043/1592/2698
f 1032/1577/2699 1031/1576/2700 1043/1592/2701 1044/1593/2702
f 1033/1579/2703 1032/1578/2704 1044/1594/2705 1045/1595/2706
f 1028/1580/2707 1033/1579/2708 1045/1595/2709 1040/1596/2710
f 1034/1582/2711 1035/1581/2712 1047/1597/2713 1046/1598/2714
f 1035/1581/2715 1036/1583/2716 1048/1599/2717 1047/1597/2718
f 1036/1583/2719 1037/1584/2720 1049/1600/2721 1048/1599/2722
f 1037/1584/2723 1038/1585/2724 1050/1601/2725 1049/1600/2726
f 1038/1587/2727 1039/1586/2728 1051/1602/2729 1050/1603/2730
f 1039/1586/2731 1034/1588/2732 1046/1604/2733 1051/1602/2734
f 1041/1590/2735 1040/1589/2736 1052/1605/2737 1053/1606/2738
f 1042/1591/2739 1041/1590/2740 1053/1606/2741 1054/1607/2742
f 1043/1592/2743 1042/1591/2744 1054/1607/2745 1055/1608/2746
f 1044/1593/2747 1043/1592/2748 1055/1608/2749 1056/1609/2750
f 1045/1595/2751 1044/1594/2752 1056/1610/2753 1057/1611/2754
f 1040/1596/2755 1045/1595/2756 1057/1611/2757 1052/1612/2758
s 67
f 996/1519/2536 979/1492/2759 956/1535/2537
s 66
f 979/1492/2760 974/1485/2522 956/1535/2521
s off
f 1047/1597/2761 1059/1613/2762 1058/1614/2763 1046/1598/2764
f 1048/1599/2765 1060/1615/2766 1059/1613/2767 1047/1597/2768
f 1049/1600/2769 1061/1616/2770 1060/1615/2771 1048/1599/2772
f 1050/1601/2773 1062/1617/2774 1061/1616/2775 1049/1600/2776
f 1051/1602/2777 1063/1618/2778 1062/1619/2779 1050/1603/2780
f 1046/1604/2781 1058/1620/2782 1063/1618/2783 1051/1602/2784
f 1053/1606/2785 1052/1605/2786 1064/1621/2787 1065/1622/2788
f 1054/1607/2789 1053/1606/2790 1065/1622/2791 1066/1623/2792
f 1055/1608/2793 1054/1607/2794 1066/1623/2795 1067/1624/2796
f 1056/1609/2797 1055/1608/2798 1067/1624/2799 1068/1625/2800
f 1057/1611/2801 1056/1610/2802 1068/1626/2803 1069/1627/2804
f 1052/1612/2805 1057/1611/2806 1069/1627/2807 1064/1628/2808
f 1058/1614/2809 1059/1613/2810 1071/1629/2811 1070/1630/2812
f 1059/1613/2813 1060/1615/2814 1072/1631/2815 1071/1629/2816
f 1060/1615/2817 1061/1616/2818 1073/1632/2819 1072/1631/2820
f 1061/1616/2821 1062/1617/2822 1074/1633/2823 1073/1632/2824
f 1062/1619/2825 1063/1618/2826 1075/1634/2827 1074/1635/2828
f 1063/1618/2829 1058/1620/2830 1070/1636/2831 1075/1634/2832
f 1065/1622/2833 1064/1621/2834 1076/1637/2835 1077/1638/2836
f 1066/1623/2837 1065/1622/2838 1077/1638/2839 1078/1639/2840
f 1067/1624/2841 1066/1623/2842 1078/1639/2843 1079/1640/2844
f 1068/1625/2845 1067/1624/2846 1079/1640/2847 1080/1641/2848
f 1069/1627/2849 1068/1626/2850 1080/1642/2851 1081/1643/2852
f 1064/1628/2853 1069/1627/2854 1081/1643/2855 1076/1644/2856
f 1082/1645/2857 1083/1646/2858 1084/1647/2859 1085/1648/2860
f 1083/1646/2861 1086/1649/2862 1087/1650/2863 1084/1647/2864
f 1086/1649/2865 1088/1651/2866 1089/1652/2867 1087/1650/2868
f 1088/1651/2869 1090/1653/2870 1091/1654/2871 1089/1652/2872
f 1090/1653/2873 1092/1655/2874 1093/1656/2875 1091/1654/2876
f 1092/1657/2877 1082/1645/2878 1085/1648/2879 1093/1658/2880
f 1095/1659/2881 1094/1660/2882 1096/1661/2883 1097/1662/2884
f 1098/1663/2885 1095/1659/2886 1097/1662/2887 1099/1664/2888
f 1100/1665/2889 1098/1663/2890 1099/1664/2891 1101/1666/2892
f 1102/1667/2893 1100/1665/2894 1101/1666/2895 1103/1668/2896
f 1104/1669/2897 1102/1667/2898 1103/1668/2899 1105/1670/2900
f 1094/1660/2901 1104/1671/2902 1105/1672/2903 1096/1661/2904
f 1070/1673/2905 1071/1674/2906 1083/1646/2907 1082/1645/2908
f 915/1675/2909 920/1676/2910 1085/1648/2911 1084/1647/2912
f 1071/1674/2913 1072/1677/2914 1086/1649/2915 1083/1646/2916
f 916/1678/2917 915/1675/2918 1084/1647/2919 1087/1650/2920
f 1072/1677/2921 1073/1679/2922 1088/1651/2923 1086/1649/2924
f 917/1680/2925 916/1678/2926 1087/1650/2927 1089/1652/2928
f 1073/1679/2929 1074/1681/2930 1090/1653/2931 1088/1651/2932
f 918/1682/2933 917/1680/2934 1089/1652/2935 1091/1654/2936
f 1074/1681/2937 1075/1683/2938 1092/1655/2939 1090/1653/2940
f 919/1684/2941 918/1682/2942 1091/1654/2943 1093/1656/2944
f 1075/1685/2945 1070/1673/2946 1082/1645/2947 1092/1657/2948
f 920/1676/2949 919/1686/2950 1093/1658/2951 1085/1648/2952
f 1077/1687/2953 1076/1688/2954 1094/1660/2955 1095/1659/2956
f 926/1689/2957 921/1690/2958 1097/1662/2959 1096/1661/2960
f 1078/1691/2961 1077/1687/2962 1095/1659/2963 1098/1663/2964
f 921/1690/2965 922/1692/2966 1099/1664/2967 1097/1662/2968
f 1079/1693/2969 1078/1691/2970 1098/1663/2971 1100/1665/2972
f 922/1692/2973 923/1694/2974 1101/1666/2975 1099/1664/2976
f 1080/1695/2977 1079/1693/2978 1100/1665/2979 1102/1667/2980
f 923/1694/2981 924/1696/2982 1103/1668/2983 1101/1666/2984
f 1081/1697/2985 1080/1695/2986 1102/1667/2987 1104/1669/2988
f 924/1696/2989 925/1698/2990 1105/1670/2991 1103/1668/2992
f 1076/1688/2993 1081/1699/2994 1104/1671/2995 1094/1660/2996
f 925/1700/2997 926/1689/2998 1096/1661/2999 1105/1672/3000
s 68
f 951/1701/3001 952/1702/3002 1145/1703/3003 1138/1704/3004
s 69
f 952/1702/3005 953/1705/3006 1144/1706/3007 1145/1703/3008
s 70
f 953/1705/3009 954/1707/3010 1143/1708/3011 1144/1706/3012
s 71
f 954/1709/3013 955/1710/3014 1142/1711/3015 1143/1712/3016
s 72
f 955/1710/3017 956/1713/3018 1141/1714/3019 1142/1711/3020
s 73
f 956/1713/3021 957/1715/3022 1140/1716/3023 1141/1714/3024
s 74
f 957/1715/3025 958/1717/3026 1139/1718/3027 1140/1716/3028
s 75
f 958/1719/3029 951/1701/3030 1138/1704/3031 1139/1720/3032
s off
f 1115/1721/3033 1114/1722/3034 1106/1723/3035 1113/1724/3036
f 1116/1725/3037 1115/1726/3038 1113/1727/3039 1112/1728/3040
s 73
f 1117/1729/3041 1116/1725/3042 1112/1728/3043 1111/1730/3044
s 72
f 1118/1731/3045 1117/1729/3046 1111/1730/3047 1110/1732/3048
s off
f 1119/1733/3049 1118/1731/3050 1110/1732/3051 1109/1734/3052
f 1120/1735/3053 1119/1736/3054 1109/1737/3055 1108/1738/3056
s 69
f 1121/1739/3057 1120/1735/3058 1108/1738/3059 1107/1740/3060
s 68
f 1114/1722/3061 1121/1739/3062 1107/1740/3063 1106/1723/3064
s 73
f 1125/1741/3065 1124/1742/3066 1116/1725/3042 1117/1729/3041
s 72
f 1126/1743/3067 1125/1741/3068 1117/1729/3046 1118/1731/3045
s 69
f 1129/1744/3069 1128/1745/3070 1120/1735/3058 1121/1739/3057
s 68
f 1122/1746/3071 1129/1744/3072 1121/1739/3062 1114/1722/3061
s 75
f 1131/1747/3073 1130/1748/3074 1122/1746/3075 1123/1749/3076
s 74
f 1132/1750/3077 1131/1751/3078 1123/1752/3079 1124/1742/3080
s 73
f 1133/1753/3081 1132/1750/3082 1124/1742/3066 1125/1741/3065
s 72
f 1134/1754/3083 1133/1753/3084 1125/1741/3068 1126/1743/3067
s 71
f 1135/1755/3085 1134/1754/3086 1126/1743/3087 1127/1756/3088
s 70
f 1136/1757/3089 1135/1758/3090 1127/1759/3091 1128/1745/3092
s 69
f 1137/1760/3093 1136/1757/3094 1128/1745/3070 1129/1744/3069
s 68
f 1130/1748/3095 1137/1760/3096 1129/1744/3072 1122/1746/3071
s 75
f 1139/1720/3032 1138/1704/3031 1130/1748/3074 1131/1747/3073
s 74
f 1140/1716/3028 1139/1718/3027 1131/1751/3078 1132/1750/3077
s 73
f 1141/1714/3024 1140/1716/3023 1132/1750/3082 1133/1753/3081
s 72
f 1142/1711/3020 1141/1714/3019 1133/1753/3084 1134/1754/3083
s 71
f 1143/1712/3016 1142/1711/3015 1134/1754/3086 1135/1755/3085
s 70
f 1144/1706/3012 1143/1708/3011 1135/1758/3090 1136/1757/3089
s 69
f 1145/1703/3008 1144/1706/3007 1136/1757/3094 1137/1760/3093
s 68
f 1138/1704/3004 1145/1703/3003 1137/1760/3096 1130/1748/3095
s off
f 1123/1749/3097 1122/1746/3098 1146/1761/3099 1147/1762/3100
f 1122/1746/3101 1114/1722/3102 1148/1763/3103 1146/1761/3104
f 1114/1722/3105 1115/1721/3106 1149/1764/3107 1148/1763/3108
f 1124/1742/3109 1123/1752/3110 1147/1765/3111 1150/1766/3112
f 1115/1726/3113 1116/1725/3114 1151/1767/3115 1149/1768/3116
f 1116/1725/3117 1124/1742/3118 1150/1766/3119 1151/1767/3120
s 80
f 1127/1756/3121 1126/1743/3122 1152/1769/3123 1153/1770/3124
s off
f 1126/1743/3125 1118/1731/3126 1154/1771/3127 1152/1769/3128
s 81
f 1118/1731/3129 1119/1733/3130 1155/1772/3131 1154/1771/3132
s 80
f 1128/1745/3133 1127/1759/3121 1153/1773/3124 1156/1774/3134
s 81
f 1119/1736/3130 1120/1735/3135 1157/1775/3136 1155/1776/3131
s off
f 1120/1735/3137 1128/1745/3138 1156/1774/3139 1157/1775/3140
f 1147/1762/3141 1146/1761/3142 1158/1777/3143 1159/1778/3144
f 1146/1761/3145 1148/1763/3146 1160/1779/3147 1158/1777/3148
f 1148/1763/3149 1149/1764/3150 1161/1780/3151 1160/1779/3152
f 1150/1766/3153 1147/1765/3154 1159/1781/3155 1162/1782/3156
f 1149/1768/3157 1151/1767/3158 1163/1783/3159 1161/1784/3160
f 1151/1767/3161 1150/1766/3162 1162/1782/3163 1163/1783/3164
f 1153/1770/3165 1152/1769/3166 1164/1785/3167 1165/1786/3168
f 1152/1769/3169 1154/1771/3170 1166/1787/3171 1164/1785/3172
f 1154/1771/3173 1155/1772/3174 1167/1788/3175 1166/1787/3176
f 1156/1774/3177 1153/1773/3178 1165/1789/3179 1168/1790/3180
f 1155/1776/3181 1157/1775/3182 1169/1791/3183 1167/1792/3184
f 1157/1775/3185 1156/1774/3186 1168/1790/3187 1169/1791/3188
s 82
f 1442/1793/3189 1443/1794/3190 1177/1795/3191 1178/1796/3192
s 83
f 1443/1794/3193 1444/1797/3194 1179/1798/3195 1177/1795/3196
s 84
f 1444/1797/3197 1445/1799/3198 1180/1800/3199 1179/1798/3200
s 85
f 1441/1801/3201 1442/1802/3202 1178/1803/3203 1181/1804/3204
s 86
f 1445/1799/3205 1446/1805/3206 1182/1806/3207 1180/1800/3208
s 87
f 1446/1805/3209 1441/1801/3210 1181/1804/3211 1182/1806/3212
s off
f 1170/1807/3213 1188/1808/3214 1187/1809/3215
f 1170/1807/3216 1189/1810/3217 1188/1808/3218
f 1183/1811/3219 1184/1812/3220 1192/1813/3221 1191/1814/3222
f 1184/1812/3223 1185/1815/3224 1193/1816/3225 1192/1813/3226
f 1185/1815/3227 1186/1817/3228 1194/1818/3229 1193/1816/3230
f 1186/1819/3231 1187/1809/3232 1195/1820/3233 1194/1821/3234
f 1187/1809/3235 1188/1808/3236 1196/1822/3237 1195/1820/3238
f 1188/1808/3239 1189/1810/3240 1197/1823/3241 1196/1822/3242
f 1189/1810/3243 1190/1824/3244 1198/1825/3245 1197/1823/3246
f 1190/1826/3247 1183/1811/3248 1191/1814/3249 1198/1827/3250
f 1191/1828/3251 1192/1829/3252 1200/1830/3253 1199/1831/3254
f 1192/1832/3255 1193/1833/3256 1201/1834/3257 1200/1835/3258
f 1193/1833/3259 1194/1836/3260 1202/1837/3261 1201/1834/3262
f 1194/1836/3263 1195/1838/3264 1203/1839/3265 1202/1837/3266
f 1195/1838/3267 1196/1840/3268 1204/1841/3269 1203/1839/3270
f 1196/1840/3271 1197/1842/3272 1205/1843/3273 1204/1841/3274
f 1197/1842/3275 1198/1844/3276 1206/1845/3277 1205/1843/3278
f 1198/1844/3279 1191/1828/3280 1199/1831/3281 1206/1845/3282
s 88
f 1494/1846/3283 1489/1847/3284 1459/1848/3285 1460/1849/3286
s 89
f 1493/1850/3287 1494/1851/3288 1460/1852/3289 1461/1853/3290
s 90
f 1492/1854/3291 1493/1850/3292 1461/1853/3293 1462/1855/3294
s 91
f 1491/1856/3295 1492/1854/3296 1462/1855/3297 1463/1857/3298
s 92
f 1490/1858/3299 1491/1856/3300 1463/1857/3301 1464/1859/3302
s 93
f 1489/1847/3303 1490/1858/3304 1464/1859/3305 1459/1848/3306
s off
f 1172/1860/3307 1171/1861/3308 1207/1862/3309 1208/1863/3310
f 1171/1864/3311 1173/1865/3312 1209/1866/3313 1207/1867/3314
f 1173/1868/3315 1174/1869/3316 1210/1870/3317 1209/1871/3318
f 1175/1872/3319 1172/1860/3320 1208/1863/3321 1211/1873/3322
f 1174/1869/3323 1176/1874/3324 1212/1875/3325 1210/1870/3326
f 1176/1876/3327 1175/1877/3328 1211/1878/3329 1212/1879/3330
f 1178/1880/3331 1177/1881/3332 1213/1882/3333 1214/1883/3334
f 1177/1884/3335 1179/1885/3336 1215/1886/3337 1213/1887/3338
f 1179/1888/3339 1180/1889/3340 1216/1890/3341 1215/1891/3342
f 1181/1892/3343 1178/1880/3344 1214/1883/3345 1217/1893/3346
f 1180/1889/3347 1182/1894/3348 1218/1895/3349 1216/1890/3350
f 1182/1896/3351 1181/1897/3352 1217/1898/3353 1218/1899/3354
f 1208/1863/3355 1207/1862/3356 1219/1900/3357 1220/1901/3358
f 1207/1867/3359 1209/1866/3360 1221/1902/3361 1219/1903/3362
f 1209/1871/3363 1210/1870/3364 1222/1904/3365 1221/1905/3366
s 94
f 1211/1873/3367 1208/1863/3368 1220/1901/3369 1223/1906/3370
s 95
f 1210/1870/3371 1212/1875/3372 1224/1907/3373 1222/1904/3374
s off
f 1244/1908/3375 1243/1909/3376 1245/1910/3377 1246/1911/3378
s 96
f 1214/1883/3379 1213/1882/3380 1225/1912/3381 1226/1913/3382
s off
f 1247/1914/3383 1248/1915/3384 1249/1916/3385 1250/1917/3386
s 97
f 1215/1891/3387 1216/1890/3388 1228/1918/3389 1227/1919/3390
s off
f 1217/1893/3391 1214/1883/3392 1226/1913/3393 1229/1920/3394
f 1216/1890/3395 1218/1895/3396 1230/1921/3397 1228/1918/3398
f 1218/1899/3399 1217/1898/3400 1229/1922/3401 1230/1923/3402
s 98
f 1220/1901/3403 1273/1924/3404 1232/1925/3405
s off
f 1219/1903/3406 1221/1902/3407 1233/1926/3408 1231/1927/3409
s 99
f 1221/1905/3410 1222/1904/3411 1269/1928/3412 1233/1929/3413
s 100
f 1223/1906/3414 1220/1901/3415 1271/1930/3416 1235/1931/3417
s 101
f 1222/1904/3418 1267/1932/3419 1234/1933/3420
s off
f 1224/1934/3421 1223/1935/3422 1235/1936/3423 1236/1937/3424
s 102
f 1226/1913/3425 1272/1938/3426 1238/1939/3427
s off
f 1225/1940/3428 1227/1941/3429 1239/1942/3430 1237/1943/3431
s 103
f 1227/1919/3432 1228/1918/3433 1268/1944/3434 1239/1945/3435
s 104
f 1229/1920/3436 1226/1913/3437 1274/1946/3438 1241/1947/3439
s 105
f 1228/1918/3440 1270/1948/3441 1240/1949/3442
s off
f 1230/1923/3443 1229/1922/3444 1241/1950/3445 1242/1951/3446
s 106
f 1212/1879/3447 1211/1878/3448 1251/1952/3449 1252/1953/3450
s 94
f 1211/1873/3367 1223/1906/3370 1254/1954/3451 1251/1955/3452
s 107
f 1223/1935/3453 1224/1934/3454 1253/1956/3455 1254/1957/3456
s 95
f 1224/1907/3373 1212/1875/3372 1252/1958/3457 1253/1959/3458
s 108
f 1263/1960/3459 1264/1961/3460 1248/1915/3461 1247/1914/3462
s 97
f 1264/1962/3463 1265/1963/3464 1249/1964/3465 1248/1965/3466
s 110
f 1265/1966/3467 1266/1967/3468 1250/1917/3469 1249/1916/3470
s 96
f 1266/1968/3471 1263/1969/3472 1247/1970/3473 1250/1971/3474
s 106
f 1252/1953/3450 1251/1952/3449 1259/1972/3475 1260/1973/3476
s 95
f 1253/1959/3458 1252/1958/3457 1260/1974/3477 1261/1975/3478
s 107
f 1254/1957/3456 1253/1956/3455 1261/1976/3479 1262/1977/3480
s 94
f 1251/1955/3452 1254/1954/3451 1262/1978/3481 1259/1979/3482
s 108
f 1213/1887/3483 1215/1886/3484 1256/1980/3485 1255/1981/3486
s 97
f 1215/1891/3387 1227/1919/3390 1257/1982/3487 1256/1983/3488
s 110
f 1227/1941/3489 1225/1940/3490 1258/1984/3491 1257/1985/3492
s 96
f 1225/1912/3381 1213/1882/3380 1255/1986/3493 1258/1987/3494
s 106
f 1260/1973/3476 1259/1972/3475 1243/1909/3495 1244/1908/3496
s 95
f 1261/1975/3478 1260/1974/3477 1244/1988/3497 1246/1989/3498
s 107
f 1262/1977/3480 1261/1976/3479 1246/1911/3499 1245/1910/3500
s 94
f 1259/1979/3482 1262/1978/3481 1245/1990/3501 1243/1991/3502
s 108
f 1255/1981/3486 1256/1980/3485 1264/1961/3460 1263/1960/3459
s 97
f 1256/1983/3488 1257/1982/3487 1265/1963/3464 1264/1962/3463
s 110
f 1257/1985/3492 1258/1984/3491 1266/1967/3468 1265/1966/3467
s 96
f 1258/1987/3494 1255/1986/3493 1263/1969/3472 1266/1968/3471
s 101
f 1222/1904/3418 1224/1907/3503 1236/1992/3504 1267/1932/3419
s 103
f 1268/1944/3434 1228/1918/3433 1240/1949/3505
s 99
f 1269/1928/3412 1222/1904/3411 1234/1933/3506
s 105
f 1228/1918/3440 1230/1921/3507 1242/1993/3508 1270/1948/3441
s 100
f 1271/1930/3416 1220/1901/3415 1232/1925/3509
s 102
f 1226/1913/3425 1225/1912/3510 1237/1994/3511 1272/1938/3426
s 98
f 1220/1901/3403 1219/1900/3512 1231/1995/3513 1273/1924/3404
s 104
f 1274/1946/3438 1226/1913/3437 1238/1939/3514
s off
f 1344/1996/3515 1343/1997/3516 1345/1998/3517 1346/1999/3518
f 1348/2000/3519 1347/2001/3520 1349/2002/3521 1350/2003/3522
f 1351/2004/3523 1352/2005/3524 1353/2006/3525 1354/2007/3526
f 1356/2008/3527 1355/2009/3528 1357/2010/3529 1358/2011/3530
f 1360/2012/3531 1359/2013/3532 1361/2014/3533 1362/2015/3534
f 1368/2016/3535 1367/2017/3536 1369/2018/3537 1370/2019/3538
f 1272/1938/3539 1237/1994/3540 1275/2020/3541 1276/2021/3542
f 1237/1943/3543 1239/1942/3544 1277/2022/3545 1275/2023/3546
f 1239/1945/3547 1268/1944/3548 1278/2024/3549 1277/2025/3550
f 1268/2026/3551 1272/2027/3552 1276/2028/3553 1278/2029/3554
f 1271/2030/3555 1267/2031/3556 1279/2032/3557 1280/2033/3558
f 1267/1932/3559 1236/1992/3560 1281/2034/3561 1279/2035/3562
f 1236/1937/3563 1235/1936/3564 1282/2036/3565 1281/2037/3566
f 1235/1931/3567 1271/1930/3568 1280/2038/3569 1282/2039/3570
f 1232/2040/3571 1234/2041/3572 1284/2042/3573 1283/2043/3574
f 1234/1933/3575 1267/1932/3576 1285/2044/3577 1284/2045/3578
f 1267/2031/3579 1271/2030/3580 1286/2046/3581 1285/2047/3582
f 1271/1930/3583 1232/1925/3584 1283/2048/3585 1286/2049/3586
f 1272/2027/3587 1268/2026/3588 1287/2050/3589 1288/2051/3590
f 1268/1944/3591 1240/1949/3592 1289/2052/3593 1287/2053/3594
f 1240/2054/3595 1238/2055/3596 1290/2056/3597 1289/2057/3598
f 1238/1939/3599 1272/1938/3600 1288/2058/3601 1290/2059/3602
f 1238/2055/3603 1240/2054/3604 1292/2060/3605 1291/2061/3606
f 1240/1949/3607 1270/1948/3608 1293/2062/3609 1292/2063/3610
f 1270/2064/3611 1274/2065/3612 1294/2066/3613 1293/2067/3614
f 1274/1946/3615 1238/1939/3616 1291/2068/3617 1294/2069/3618
f 1273/2070/3619 1269/2071/3620 1295/2072/3621 1296/2073/3622
f 1269/1928/3623 1234/1933/3624 1297/2074/3625 1295/2075/3626
f 1234/2041/3627 1232/2040/3628 1298/2076/3629 1297/2077/3630
f 1232/1925/3631 1273/1924/3632 1296/2078/3633 1298/2079/3634
f 1273/1924/3635 1231/1995/3636 1299/2080/3637 1300/2081/3638
f 1231/1927/3639 1233/1926/3640 1301/2082/3641 1299/2083/3642
f 1233/1929/3643 1269/1928/3644 1302/2084/3645 1301/2085/3646
f 1269/2071/3647 1273/2070/3648 1300/2086/3649 1302/2087/3650
f 1274/2065/3651 1270/2064/3652 1303/2088/3653 1304/2089/3654
f 1270/1948/3655 1242/1993/3656 1305/2090/3657 1303/2091/3658
f 1242/1951/3659 1241/1950/3660 1306/2092/3661 1305/2093/3662
f 1241/1947/3663 1274/1946/3664 1304/2094/3665 1306/2095/3666
s 112
f 1283/2043/3667 1284/2042/3668 1390/2096/3669 1387/2097/3670
s 113
f 1284/2045/3671 1285/2044/3672 1389/2098/3673 1390/2099/3674
s 114
f 1285/2047/3675 1286/2046/3676 1388/2100/3677 1389/2101/3678
s 115
f 1286/2049/3679 1283/2048/3680 1387/2102/3681 1388/2103/3682
s 116
f 1376/2104/3683 1377/2105/3684 1311/2106/3685 1312/2107/3686
s 117
f 1377/2108/3687 1378/2109/3688 1313/2110/3689 1311/2111/3690
s 118
f 1378/2112/3691 1375/2113/3692 1314/2114/3693 1313/2115/3694
s 119
f 1375/2116/3695 1376/2117/3696 1312/2118/3697 1314/2119/3698
s 120
f 1280/2033/3699 1279/2032/3700 1371/2120/3701 1372/2121/3702
s 121
f 1279/2035/3703 1281/2034/3704 1374/2122/3705 1371/2123/3706
s 122
f 1281/2037/3707 1282/2036/3708 1373/2124/3709 1374/2125/3710
s 123
f 1282/2039/3711 1280/2038/3712 1372/2126/3713 1373/2127/3714
s 124
f 1409/2128/3715 1410/2129/3716 1320/2130/3717 1319/2131/3718
s 125
f 1410/2132/3719 1407/2133/3720 1321/2134/3721 1320/2135/3722
s 126
f 1407/2136/3723 1408/2137/3724 1322/2138/3725 1321/2139/3726
s 127
f 1408/2140/3727 1409/2141/3728 1319/2142/3729 1322/2143/3730
s 128
f 1300/2081/3731 1299/2080/3732 1419/2144/3733 1420/2145/3734
s 129
f 1299/2083/3735 1301/2082/3736 1422/2146/3737 1419/2147/3738
s 130
f 1301/2085/3739 1302/2084/3740 1421/2148/3741 1422/2149/3742
s 131
f 1302/2087/3743 1300/2086/3744 1420/2150/3745 1421/2151/3746
s 132
f 1296/2073/3747 1295/2072/3748 1403/2152/3749 1404/2153/3750
s 133
f 1295/2075/3751 1297/2074/3752 1406/2154/3753 1403/2155/3754
s 134
f 1297/2077/3755 1298/2076/3756 1405/2156/3757 1406/2157/3758
s 135
f 1298/2079/3759 1296/2078/3760 1404/2158/3761 1405/2159/3762
s 136
f 1392/2160/3763 1393/2161/3764 1331/2162/3765 1332/2163/3766
s 137
f 1393/2164/3767 1394/2165/3768 1333/2166/3769 1331/2167/3770
s 138
f 1394/2168/3771 1391/2169/3772 1334/2170/3773 1333/2171/3774
s 139
f 1391/2172/3775 1392/2173/3776 1332/2174/3777 1334/2175/3778
s 140
f 1424/2176/3779 1425/2177/3780 1335/2178/3781 1336/2179/3782
s 141
f 1425/2180/3783 1426/2181/3784 1337/2182/3785 1335/2183/3786
s 142
f 1426/2184/3787 1423/2185/3788 1338/2186/3789 1337/2187/3790
s 143
f 1423/2188/3791 1424/2189/3792 1336/2190/3793 1338/2191/3794
s 144
f 1307/2192/3795 1308/2193/3796 1398/2194/3797 1395/2195/3798
s 145
f 1308/2196/3799 1309/2197/3800 1397/2198/3801 1398/2199/3802
s 146
f 1309/2200/3803 1310/2201/3804 1396/2202/3805 1397/2203/3806
s 147
f 1310/2204/3807 1307/2205/3808 1395/2206/3809 1396/2207/3810
s 148
f 1384/2208/3811 1385/2209/3812 1343/2210/3813 1344/2211/3814
s 149
f 1385/2212/3815 1386/2213/3816 1345/1998/3817 1343/1997/3818
s 150
f 1386/2214/3819 1383/2215/3820 1346/2216/3821 1345/2217/3822
s 151
f 1383/2218/3823 1384/2219/3824 1344/1996/3825 1346/1999/3826
s 152
f 1316/2220/3827 1315/2221/3828 1379/2222/3829 1380/2223/3830
s 153
f 1315/2224/3831 1317/2225/3832 1382/2226/3833 1379/2227/3834
s 154
f 1317/2228/3835 1318/2229/3836 1381/2230/3837 1382/2231/3838
s 155
f 1318/2232/3839 1316/2233/3840 1380/2234/3841 1381/2235/3842
s 156
f 1417/2236/3843 1418/2237/3844 1352/2005/3845 1351/2004/3846
s 157
f 1418/2238/3847 1415/2239/3848 1353/2240/3849 1352/2241/3850
s 158
f 1415/2242/3851 1416/2243/3852 1354/2007/3853 1353/2006/3854
s 159
f 1416/2244/3855 1417/2245/3856 1351/2246/3857 1354/2247/3858
s 160
f 1324/2248/3859 1323/2249/3860 1427/2250/3861 1428/2251/3862
s 161
f 1323/2252/3863 1325/2253/3864 1430/2254/3865 1427/2255/3866
s 162
f 1325/2256/3867 1326/2257/3868 1429/2258/3869 1430/2259/3870
s 163
f 1326/2260/3871 1324/2261/3872 1428/2262/3873 1429/2263/3874
s 164
f 1328/2264/3875 1327/2265/3876 1411/2266/3877 1412/2267/3878
s 165
f 1327/2268/3879 1329/2269/3880 1414/2270/3881 1411/2271/3882
s 166
f 1329/2272/3883 1330/2273/3884 1413/2274/3885 1414/2275/3886
s 167
f 1330/2276/3887 1328/2277/3888 1412/2278/3889 1413/2279/3890
s 168
f 1400/2280/3891 1401/2281/3892 1363/2282/3893 1364/2283/3894
s 169
f 1401/2284/3895 1402/2285/3896 1365/2286/3897 1363/2287/3898
s 170
f 1402/2288/3899 1399/2289/3900 1366/2290/3901 1365/2291/3902
s 171
f 1399/2292/3903 1400/2293/3904 1364/2294/3905 1366/2295/3906
s 172
f 1432/2296/3907 1433/2297/3908 1367/2017/3909 1368/2016/3910
s 173
f 1433/2298/3911 1434/2299/3912 1369/2300/3913 1367/2301/3914
s 174
f 1434/2302/3915 1431/2303/3916 1370/2019/3917 1369/2018/3918
s 175
f 1431/2304/3919 1432/2305/3920 1368/2306/3921 1370/2307/3922
s 120
f 1372/2121/3702 1371/2120/3701 1315/2221/3923 1316/2220/3924
s 123
f 1373/2127/3714 1372/2126/3713 1316/2233/3925 1318/2232/3926
s 122
f 1374/2125/3710 1373/2124/3709 1318/2229/3927 1317/2228/3928
s 121
f 1371/2123/3706 1374/2122/3705 1317/2225/3929 1315/2224/3930
s 119
f 1278/2029/3931 1276/2028/3932 1376/2117/3696 1375/2116/3695
s 116
f 1276/2021/3933 1275/2020/3934 1377/2105/3684 1376/2104/3683
s 117
f 1275/2023/3935 1277/2022/3936 1378/2109/3688 1377/2108/3687
s 118
f 1277/2025/3937 1278/2024/3938 1375/2113/3692 1378/2112/3691
s 152
f 1380/2223/3830 1379/2222/3829 1347/2001/3939 1348/2000/3940
s 155
f 1381/2235/3842 1380/2234/3841 1348/2308/3941 1350/2309/3942
s 154
f 1382/2231/3838 1381/2230/3837 1350/2003/3943 1349/2002/3944
s 153
f 1379/2227/3834 1382/2226/3833 1349/2310/3945 1347/2311/3946
s 151
f 1314/2119/3947 1312/2118/3948 1384/2219/3824 1383/2218/3823
s 148
f 1312/2107/3949 1311/2106/3950 1385/2209/3812 1384/2208/3811
s 149
f 1311/2111/3951 1313/2110/3952 1386/2213/3816 1385/2212/3815
s 150
f 1313/2115/3953 1314/2114/3954 1383/2215/3820 1386/2214/3819
s 115
f 1388/2103/3682 1387/2102/3681 1307/2205/3955 1310/2204/3956
s 114
f 1389/2101/3678 1388/2100/3677 1310/2201/3957 1309/2200/3958
s 113
f 1390/2099/3674 1389/2098/3673 1309/2197/3959 1308/2196/3960
s 112
f 1387/2097/3670 1390/2096/3669 1308/2193/3961 1307/2192/3962
s 139
f 1290/2059/3963 1288/2058/3964 1392/2173/3776 1391/2172/3775
s 136
f 1288/2051/3965 1287/2050/3966 1393/2161/3764 1392/2160/3763
s 137
f 1287/2053/3967 1289/2052/3968 1394/2165/3768 1393/2164/3767
s 138
f 1289/2057/3969 1290/2056/3970 1391/2169/3772 1394/2168/3771
s 147
f 1396/2207/3810 1395/2206/3809 1339/2312/3971 1342/2313/3972
s 146
f 1397/2203/3806 1396/2202/3805 1342/2314/3973 1341/2315/3974
s 145
f 1398/2199/3802 1397/2198/3801 1341/2316/3975 1340/2317/3976
s 144
f 1395/2195/3798 1398/2194/3797 1340/2318/3977 1339/2319/3978
s 171
f 1334/2175/3979 1332/2174/3980 1400/2293/3904 1399/2292/3903
s 168
f 1332/2163/3981 1331/2162/3982 1401/2281/3892 1400/2280/3891
s 169
f 1331/2167/3983 1333/2166/3984 1402/2285/3896 1401/2284/3895
s 170
f 1333/2171/3985 1334/2170/3986 1399/2289/3900 1402/2288/3899
s 132
f 1404/2153/3750 1403/2152/3749 1327/2265/3987 1328/2264/3988
s 135
f 1405/2159/3762 1404/2158/3761 1328/2277/3989 1330/2276/3990
s 134
f 1406/2157/3758 1405/2156/3757 1330/2273/3991 1329/2272/3992
s 133
f 1403/2155/3754 1406/2154/3753 1329/2269/3993 1327/2268/3994
s 126
f 1293/2067/3995 1294/2066/3996 1408/2137/3724 1407/2136/3723
s 127
f 1294/2069/3997 1291/2068/3998 1409/2141/3728 1408/2140/3727
s 124
f 1291/2061/3999 1292/2060/4000 1410/2129/3716 1409/2128/3715
s 125
f 1292/2063/4001 1293/2062/4002 1407/2133/3720 1410/2132/3719
s 164
f 1412/2267/3878 1411/2266/3877 1359/2013/4003 1360/2012/4004
s 167
f 1413/2279/3890 1412/2278/3889 1360/2320/4005 1362/2321/4006
s 166
f 1414/2275/3886 1413/2274/3885 1362/2015/4007 1361/2014/4008
s 165
f 1411/2271/3882 1414/2270/3881 1361/2322/4009 1359/2323/4010
s 158
f 1321/2139/4011 1322/2138/4012 1416/2243/3852 1415/2242/3851
s 159
f 1322/2143/4013 1319/2142/4014 1417/2245/3856 1416/2244/3855
s 156
f 1319/2131/4015 1320/2130/4016 1418/2237/3844 1417/2236/3843
s 157
f 1320/2135/4017 1321/2134/4018 1415/2239/3848 1418/2238/3847
s 128
f 1420/2145/3734 1419/2144/3733 1323/2249/4019 1324/2248/4020
s 131
f 1421/2151/3746 1420/2150/3745 1324/2261/4021 1326/2260/4022
s 130
f 1422/2149/3742 1421/2148/3741 1326/2257/4023 1325/2256/4024
s 129
f 1419/2147/3738 1422/2146/3737 1325/2253/4025 1323/2252/4026
s 143
f 1306/2095/4027 1304/2094/4028 1424/2189/3792 1423/2188/3791
s 140
f 1304/2089/4029 1303/2088/4030 1425/2177/3780 1424/2176/3779
s 141
f 1303/2091/4031 1305/2090/4032 1426/2181/3784 1425/2180/3783
s 142
f 1305/2093/4033 1306/2092/4034 1423/2185/3788 1426/2184/3787
s 160
f 1428/2251/3862 1427/2250/3861 1355/2324/4035 1356/2325/4036
s 163
f 1429/2263/3874 1428/2262/3873 1356/2008/4037 1358/2011/4038
s 162
f 1430/2259/3870 1429/2258/3869 1358/2326/4039 1357/2327/4040
s 161
f 1427/2255/3866 1430/2254/3865 1357/2010/4041 1355/2009/4042
s 175
f 1338/2191/4043 1336/2190/4044 1432/2305/3920 1431/2304/3919
s 172
f 1336/2179/4045 1335/2178/4046 1433/2297/3908 1432/2296/3907
s 173
f 1335/2183/4047 1337/2182/4048 1434/2299/3912 1433/2298/3911
s 174
f 1337/2187/4049 1338/2186/4050 1431/2303/3916 1434/2302/3915
s 88
f 1436/2328/4051 1435/2329/4052 1171/2330/4053 1172/2331/4054
s 89
f 1437/2332/4055 1436/2333/4056 1172/2334/4057 1175/2335/4058
s 90
f 1438/2336/4059 1437/2332/4060 1175/2335/4061 1176/2337/4062
s 91
f 1439/2338/4063 1438/2336/4064 1176/2337/4065 1174/2339/4066
s 92
f 1440/2340/4067 1439/2338/4068 1174/2339/4069 1173/2341/4070
s 93
f 1435/2329/4071 1440/2340/4072 1173/2341/4073 1171/2330/4074
s 85
f 1477/2342/4075 1478/2343/4076 1442/1802/3202 1441/1801/3201
s 82
f 1478/2344/4077 1479/2345/4078 1443/1794/3190 1442/1793/3189
s 83
f 1479/2345/4079 1480/2346/4080 1444/1797/3194 1443/1794/3193
s 84
f 1480/2346/4081 1481/2347/4082 1445/1799/3198 1444/1797/3197
s 86
f 1481/2347/4083 1482/2348/4084 1446/1805/3206 1445/1799/3205
s 87
f 1482/2348/4085 1477/2342/4086 1441/1801/3210 1446/1805/3209
s 88
f 1448/2349/4087 1447/2350/4088 1471/2351/4089 1472/2352/4090
s 89
f 1449/2353/4091 1448/2354/4092 1472/2355/4093 1473/2356/4094
s 90
f 1450/2357/4095 1449/2353/4096 1473/2356/4097 1474/2358/4098
s 91
f 1451/2359/4099 1450/2357/4100 1474/2358/4101 1475/2360/4102
s 92
f 1452/2361/4103 1451/2359/4104 1475/2360/4105 1476/2362/4106
s 93
f 1447/2350/4107 1452/2361/4108 1476/2362/4109 1471/2351/4110
s 85
f 1465/2363/4111 1466/2364/4112 1454/2365/4113 1453/2366/4114
s 82
f 1466/2367/4115 1467/2368/4116 1455/2369/4117 1454/2370/4118
s 83
f 1467/2368/4119 1468/2371/4120 1456/2372/4121 1455/2369/4122
s 84
f 1468/2371/4123 1469/2373/4124 1457/2374/4125 1456/2372/4126
s 86
f 1469/2373/4127 1470/2375/4128 1458/2376/4129 1457/2374/4130
s 87
f 1470/2375/4131 1465/2363/4132 1453/2366/4133 1458/2376/4134
s 88
f 1460/1849/3286 1459/1848/3285 1447/2350/4088 1448/2349/4087
s 89
f 1461/1853/3290 1460/1852/3289 1448/2354/4092 1449/2353/4091
s 90
f 1462/1855/3294 1461/1853/3293 1449/2353/4096 1450/2357/4095
s 91
f 1463/1857/3298 1462/1855/3297 1450/2357/4100 1451/2359/4099
s 92
f 1464/1859/3302 1463/1857/3301 1451/2359/4104 1452/2361/4103
s 93
f 1459/1848/3306 1464/1859/3305 1452/2361/4108 1447/2350/4107
s 88
f 1472/2352/4090 1471/2351/4089 1435/2329/4052 1436/2328/4051
s 89
f 1473/2356/4094 1472/2355/4093 1436/2333/4056 1437/2332/4055
s 90
f 1474/2358/4098 1473/2356/4097 1437/2332/4060 1438/2336/4059
s 91
f 1475/2360/4102 1474/2358/4101 1438/2336/4064 1439/2338/4063
s 92
f 1476/2362/4106 1475/2360/4105 1439/2338/4068 1440/2340/4067
s 93
f 1471/2351/4110 1476/2362/4109 1440/2340/4072 1435/2329/4071
s 85
f 1453/2366/4114 1454/2365/4113 1478/2343/4076 1477/2342/4075
s 82
f 1454/2370/4118 1455/2369/4117 1479/2345/4078 1478/2344/4077
s 83
f 1455/2369/4122 1456/2372/4121 1480/2346/4080 1479/2345/4079
s 84
f 1456/2372/4126 1457/2374/4125 1481/2347/4082 1480/2346/4081
s 86
f 1457/2374/4130 1458/2376/4129 1482/2348/4084 1481/2347/4083
s 87
f 1458/2376/4134 1453/2366/4133 1477/2342/4086 1482/2348/4085
s off
f 1200/2377/4135 1201/2378/4136 1202/2379/4137 1203/2380/4138 1204/2381/4139 1205/2382/4140 1206/2383/4141 1199/2384/4142
s 87
f 1484/2385/4143 1483/2386/4144 1465/2363/4132 1470/2375/4131
s 86
f 1485/2387/4145 1484/2385/4146 1470/2375/4128 1469/2373/4127
s 84
f 1486/2388/4147 1485/2387/4148 1469/2373/4124 1468/2371/4123
s 83
f 1487/2389/4149 1486/2388/4150 1468/2371/4120 1467/2368/4119
s 82
f 1488/2390/4151 1487/2389/4152 1467/2368/4116 1466/2367/4115
s 85
f 1483/2386/4153 1488/2391/4154 1466/2364/4112 1465/2363/4111
s off
f 1111/1730/4155 1112/1728/4156 1189/2392/4157 1170/2393/4158
f 1110/1732/4159 1111/1730/4160 1170/2393/4161 1187/2394/4162
f 1112/1728/4163 1113/1727/4164 1190/2395/4165 1189/2392/4166
f 1109/1734/4167 1110/1732/4168 1187/2394/4169 1186/2396/4170
f 1113/1724/4171 1106/1723/4172 1183/2397/4173 1190/2398/4174
f 1108/1738/4175 1109/1737/4176 1186/2399/4177 1185/2400/4178
f 1106/1723/4179 1107/1740/4180 1184/2401/4181 1183/2397/4182
f 1107/1740/4183 1108/1738/4184 1185/2400/4185 1184/2401/4186
f 1161/2402/4187 1163/2403/4188 1492/2404/4189 1491/2405/4190
f 1163/2403/4191 1162/2406/4192 1493/2407/4193 1492/2404/4194
f 1164/2408/4195 1166/2409/4196 1486/2410/4197 1487/2411/4198
f 1166/2409/4199 1167/2412/4200 1485/2413/4201 1486/2410/4202
f 1162/2406/4203 1159/2414/4204 1494/2415/4205 1493/2407/4206
f 1159/2414/4207 1158/2416/4208 1489/2417/4209 1494/2415/4210
f 1158/2416/4211 1160/2418/4212 1490/2419/4213 1489/2417/4214
f 1160/2418/4215 1161/2402/4216 1491/2405/4217 1490/2419/4218
f 1167/2412/4219 1169/2420/4220 1484/2421/4221 1485/2413/4222
f 1169/2420/4223 1168/2422/4224 1483/2423/4225 1484/2421/4226
f 1168/2422/4227 1165/2424/4228 1488/2425/4229 1483/2423/4230
f 1165/2424/4231 1164/2408/4232 1487/2411/4233 1488/2425/4234
