# Apple ModelIO OBJ File: MotherTexture
mtllib MotherTexture.mtl
g hair_standardSurface10SG
v -0.786878 7.91557 2.52413
v 0 7.70673 2.67823
v 0 8.72248 2.77919
v -0.992439 8.66121 2.57136
v 0.786878 7.91557 2.52413
v 0.992439 8.66121 2.57136
v -1.9968 8.69448 1.8724
v -1.69158 9.47713 1.80375
v -0.991487 9.73523 2.2358
v 0 9.89457 2.39913
v 0.991487 9.73523 2.2358
v 1.9968 8.69448 1.8724
v 1.69158 9.47713 1.80375
v -1.0773 10.4257 1.16685
v -1.95921 9.90927 1.10547
v 0 10.6393 1.20621
v 1.0773 10.4257 1.16685
v 1.95921 9.90927 1.10547
v -1.16618 10.7131 0.046337
v -2.16352 10.1035 0.045496
v 0 10.9349 0.061894
v 1.16618 10.7131 0.046337
v 2.16352 10.1035 0.045496
v -2.08995 10.0203 -0.308237
v -1.15318 10.6281 -0.341854
v 0 10.8485 -0.348487
v 1.15318 10.6281 -0.341854
v 2.08995 10.0203 -0.308237
v -1.95276 9.86411 -0.96667
v -1.13044 10.4662 -1.07596
v -1.66375 9.61693 -1.58824
v -1.022 9.87748 -1.84521
v -0.000143 10.6842 -1.12989
v 0.011563 10.0333 -2.03895
v 1.13055 10.4664 -1.07546
v 1.03048 9.88039 -1.86711
v 1.95291 9.86402 -0.96635
v 1.66456 9.61654 -1.58773
v -1.06741 9.02798 -2.33638
v -1.90974 8.95472 -1.81974
v 0.025866 9.01211 -2.59073
v 1.06515 9.00102 -2.36152
v 1.91028 8.95409 -1.81848
v -1.07222 8.04959 -2.53876
v -2.02394 7.98147 -1.95232
v 0.026054 8.02057 -2.78383
v 1.10765 7.99632 -2.5066
v 2.07111 7.9116 -1.92505
v 2.56678 7.90435 -1.07487
v 2.45513 8.94107 -1.05385
v 2.91077 7.98814 -0.018309
v 2.78871 7.96629 -0.347378
v 2.66435 8.90433 -0.350421
v 2.77672 8.88712 0.027859
v 2.53749 8.763 0.980439
v -2.56657 7.90463 -1.07533
v -2.45515 8.94092 -1.05407
v -2.66435 8.90433 -0.350421
v -2.78871 7.96628 -0.347382
v -2.91077 7.98814 -0.018309
v -2.77672 8.88712 0.027859
v -2.53749 8.763 0.980439
v 2.645 7.81085 0.9213
v -2.645 7.81085 0.9213
v -1.53474 7.9747 2.21726
v -2.04259 7.81308 1.84836
v 1.53474 7.9747 2.21726
v 2.04259 7.81308 1.84836
v 2.49349 7.00038 0.966847
v 2.80731 7.14732 0.155089
v -2.49349 7.00038 0.966847
v -2.80731 7.14732 0.155089
v 2.55265 6.41978 0.335011
v 2.20399 6.16559 0.985411
v -2.55265 6.41978 0.335011
v -2.20399 6.16559 0.985411
v -1.08524 7.15859 -2.63567
v -2.04752 7.17429 -1.99726
v 0.030276 7.15598 -2.85635
v 1.11441 7.14706 -2.55862
v 2.06561 7.16369 -1.96377
v 2.56663 7.24847 -1.07407
v -2.56663 7.24971 -1.07333
v -2.0456 6.31453 -1.95687
v -1.10577 6.25211 -2.55424
v 0.017866 6.32952 -2.76151
v 1.08866 6.23733 -2.48766
v 2.04451 6.19254 -1.88929
v 2.5659 6.33922 -1.03893
v -2.56634 6.47666 -1.06896
v -2.04385 5.97895 -1.92643
v -1.06853 5.46122 -2.41335
v 0.002703 5.83746 -2.6551
v 1.07113 5.62272 -2.38496
v 2.04318 5.83967 -1.84328
v 2.56536 5.72319 -1.00905
v -2.56601 5.94746 -1.06357
v 2.81326 7.32694 -0.365322
v -2.81332 7.32727 -0.36511
v 2.81271 6.46175 -0.361062
v -2.81299 6.63451 -0.366161
v 2.81246 5.94057 -0.348296
v -2.81294 6.29359 -0.36513
v 2.81237 5.8357 -0.346242
v 2.6647 5.55915 -0.73769
v -2.81288 5.96403 -0.365175
v -2.56935 5.47171 -0.974053
v 2.33743 5.38245 -1.34481
v 2.15921 5.25091 -1.61082
v 1.91231 5.26494 -1.85943
v 1.39674 4.99179 -2.1362
v 0.15451 5.32165 -2.54622
v 1.05511 4.97383 -2.33103
v -0.100408 5.3126 -2.54838
v -0.652449 5.03379 -2.41964
v -1.77476 5.42884 -2.01903
v -1.4831 5.04378 -2.18206
v -2.41759 5.53377 -1.29924
v -2.05632 5.2399 -1.85252
v -0.766502 7.92612 2.42789
v -0.951415 8.64867 2.47834
v 0 8.71216 2.67634
v 0 7.71775 2.57772
v 0.766502 7.92612 2.42789
v 0.951415 8.64867 2.47834
v -1.96569 8.89416 1.55071
v -1.39197 9.20527 1.87381
v -0.719129 9.63454 2.22262
v 0 9.76185 2.31293
v 0.719129 9.63454 2.22262
v 1.39197 9.20527 1.87381
v 1.96569 8.89416 1.55071
v -1.84196 8.92291 -1.7504
v -1.95205 7.97053 -1.88134
v -1.03431 8.03566 -2.44661
v -1.03 8.9943 -2.24838
v 0.024202 8.0068 -2.68306
v 0.025582 8.97711 -2.49421
v 1.06846 7.98508 -2.41499
v 1.02683 8.96875 -2.27319
v 1.99886 7.9023 -1.85381
v 1.84196 8.92291 -1.74944
v 2.47609 7.89706 -1.03376
v 2.36767 8.91063 -1.01238
v 2.80599 7.99146 -0.015202
v 2.67692 8.85642 0.028934
v 2.57269 8.87469 -0.32202
v 2.6948 7.95711 -0.317159
v -2.47609 7.89706 -1.03376
v -2.36767 8.91063 -1.01238
v -2.57269 8.87469 -0.32202
v -2.67692 8.85642 0.028934
v -2.80599 7.99146 -0.015202
v -2.6948 7.95711 -0.317159
v 2.552 7.80923 0.884079
v 2.44795 8.73907 0.939702
v -2.44795 8.73907 0.939702
v -2.552 7.80923 0.884079
v -1.47761 7.97271 2.13649
v -1.96945 7.80965 1.77896
v 1.96945 7.80965 1.77896
v 1.47761 7.97271 2.13649
v 2.71497 7.16623 0.123742
v 2.40115 7.01929 0.935501
v -2.40115 7.01929 0.935501
v -2.71497 7.16623 0.123742
v 2.46336 6.44667 0.301935
v 2.1147 6.19249 0.952335
v -2.1147 6.19249 0.952335
v -2.46336 6.44667 0.301935
v -1.97373 7.17315 -1.92703
v -1.04722 7.15784 -2.542
v 0.027102 7.15668 -2.75444
v 1.07472 7.14848 -2.46648
v 1.99224 7.16525 -1.89273
v 2.47609 7.24885 -1.03296
v -2.47609 7.24885 -1.0322
v -1.9722 6.32072 -1.88636
v -1.06947 6.26457 -2.46083
v 0.014633 6.34427 -2.66148
v 1.05036 6.25012 -2.39591
v 1.9722 6.20043 -1.81789
v 2.47609 6.3418 -0.996326
v -2.47609 6.4777 -1.02733
v -1.9722 5.9855 -1.85385
v -1.03457 5.47516 -2.31952
v 0 5.85397 -2.55575
v 1.03457 5.63604 -2.29254
v 1.9722 5.84779 -1.77067
v 2.47609 5.72583 -0.965204
v -2.47609 5.94959 -1.02107
v 2.71962 7.32623 -0.333331
v -2.71962 7.32623 -0.333331
v 2.71962 6.46281 -0.327548
v -2.71962 6.6347 -0.333447
v 2.71962 5.94162 -0.3141
v -2.71962 6.29537 -0.332286
v 2.57195 5.55993 -0.703251
v 2.71962 5.83647 -0.311803
v -2.71962 5.9673 -0.332286
v -2.47609 5.47498 -0.941164
v 2.0758 5.25505 -1.55776
v 2.25402 5.38658 -1.29174
v 1.34711 5.00021 -2.05102
v 1.86268 5.27336 -1.77425
v 0.13397 5.3327 -2.45007
v 1.03457 4.98488 -2.23487
v -0.636627 5.04915 -2.32319
v -0.084586 5.32796 -2.45192
v -1.72679 5.43404 -1.93264
v -1.43513 5.04898 -2.09568
v -2.33346 5.53637 -1.24722
v -1.9722 5.24251 -1.80049
vn -0.206634 -0.105947 0.972665
vn 0 -0.108283 0.99412
vn 0 0.146563 0.989201
vn -0.326355 0.189941 0.925967
vn 0.206634 -0.105946 0.972665
vn 0.326355 0.189942 0.925967
vn -0.55727 0.26333 0.787469
vn -0.358329 0.288205 0.887997
vn 0 0.30365 0.952784
vn 0.358329 0.288205 0.887997
vn 0.55727 0.26333 0.787469
vn -0.500281 0.682107 0.533338
vn -0.304779 0.78595 0.537952
vn -0.33496 0.85704 0.391514
vn -0.508555 0.77723 0.37052
vn 0 0.840835 0.541292
vn 0 0.914916 0.403643
vn 0.304779 0.78595 0.537951
vn 0.33496 0.85704 0.391514
vn 0.500281 0.682108 0.533337
vn 0.508555 0.77723 0.37052
vn -0.352187 0.927016 0.128864
vn -0.520455 0.845077 0.122355
vn 0 0.990716 0.135948
vn 0.352187 0.927016 0.128864
vn 0.520455 0.845077 0.122356
vn -0.546292 0.800811 -0.245494
vn -0.360308 0.903898 -0.230537
vn -1.6e-05 0.977041 -0.213052
vn 0.360279 0.903912 -0.230527
vn 0.546324 0.800791 -0.245487
vn -0.553103 0.742371 -0.378104
vn -0.350796 0.83757 -0.41883
vn -0.522806 0.656394 -0.543894
vn -0.3147 0.748974 -0.583097
vn -0.002311 0.90017 -0.435533
vn -0.000317 0.800557 -0.599256
vn 0.350929 0.839598 -0.414636
vn 0.315526 0.754782 -0.575107
vn 0.556976 0.7415 -0.374106
vn 0.532881 0.656604 -0.533769
vn -0.490223 0.451032 -0.745823
vn -0.310043 0.474006 -0.824131
vn -0.348413 0.324342 -0.879438
vn -0.517914 0.277861 -0.809048
vn -0.007833 0.488038 -0.872787
vn 0.001512 0.336194 -0.941791
vn 0.315688 0.469141 -0.824771
vn 0.357417 0.305951 -0.88241
vn 0.505136 0.440826 -0.741963
vn 0.526431 0.260747 -0.809248
vn -0.364069 0.187118 -0.912382
vn -0.525657 0.174937 -0.832515
vn 0.009624 0.184643 -0.982758
vn 0.388647 0.163237 -0.906812
vn 0.529774 0.155113 -0.833834
vn 0.890484 0.132365 -0.435337
vn 0.832898 0.141972 -0.534906
vn 0.864162 0.287813 -0.41278
vn 0.8008 0.272212 -0.533499
vn 0.939671 0.139518 -0.312334
vn 0.947212 0.123461 -0.295883
vn 0.910361 0.305456 -0.279175
vn 0.915686 0.397112 0.061817
vn 0.730694 0.448105 -0.515061
vn 0.807326 0.46199 -0.367138
vn 0.852341 0.455448 -0.257065
vn 0.888998 0.43926 0.12936
vn 0.847082 0.398483 0.351659
vn 0.845527 0.396926 0.357118
vn 0.7879 0.345988 0.509418
vn -0.829519 0.134627 -0.54201
vn -0.890705 0.127866 -0.436228
vn -0.799636 0.266624 -0.538046
vn -0.863689 0.286105 -0.414951
vn -0.910358 0.305471 -0.27917
vn -0.947219 0.123429 -0.295873
vn -0.939672 0.139518 -0.312333
vn -0.915686 0.397111 0.061816
vn -0.730606 0.448443 -0.514892
vn -0.807237 0.462123 -0.367166
vn -0.852337 0.455453 -0.257068
vn -0.888998 0.43926 0.12936
vn -0.847082 0.398483 0.351658
vn -0.845528 0.396926 0.357117
vn -0.7879 0.345988 0.509418
vn 0.955927 0.109245 0.272526
vn 0.955926 0.109245 0.272525
vn -0.955926 0.109245 0.272526
vn -0.577846 0.019963 0.815902
vn 0.577846 0.019962 0.815902
vn 0.845016 0.04649 0.532716
vn -0.845016 0.04649 0.532716
vn 0.949623 -0.107607 0.294342
vn -0.949623 -0.107607 0.294342
vn 0.902414 -0.271838 0.334294
vn -0.902414 -0.271838 0.334294
vn -0.538804 0.081649 -0.838465
vn -0.20365 0.095064 -0.974417
vn -0.20365 0.095064 -0.974418
vn 0.256963 0.071678 -0.96376
vn 0.256963 0.071678 -0.963759
vn 0.524134 0.048719 -0.850241
vn 0.867477 0.009952 -0.497378
vn -0.861089 0.028832 -0.507637
vn -0.545571 -0.051941 -0.836454
vn -0.183761 -0.096018 -0.97827
vn 0.250883 -0.097488 -0.963096
vn 0.527945 -0.078537 -0.845639
vn 0.863794 -0.039317 -0.502309
vn -0.868048 -0.014777 -0.49626
vn -0.520524 -0.145972 -0.841277
vn -0.159045 -0.189506 -0.968913
vn 0.216734 -0.187434 -0.958068
vn 0.513225 -0.140155 -0.846733
vn 0.849666 -0.042801 -0.525582
vn 0.849666 -0.042801 -0.525581
vn -0.859653 -0.023221 -0.51035
vn 0.949818 0.022025 -0.312027
vn -0.949772 0.02191 -0.312176
vn -0.949771 0.02191 -0.312176
vn 0.942464 -0.008108 -0.334211
vn -0.944025 -0.001146 -0.329872
vn 0.9392 -0.013515 -0.343106
vn -0.943513 -0.002865 -0.331324
vn 0.93745 -0.007843 -0.348032
vn -0.94256 -0.033099 -0.332392
vn 0.843096 -0.041914 -0.536128
vn 0.501653 -0.085063 -0.860876
vn 0.207638 -0.111637 -0.971815
vn -0.15981 -0.155329 -0.974851
vn -0.485018 -0.052207 -0.872945
vn -0.850347 -0.026532 -0.525554
vn 0.205946 0.106639 -0.972736
vn 0.332206 -0.18622 -0.924641
vn 0 -0.128981 -0.991647
vn 0 0.108975 -0.994044
vn -0.205946 0.106639 -0.972736
vn -0.332206 -0.186219 -0.924641
vn 0.592181 -0.329813 -0.735217
vn 0.315398 -0.31908 -0.893707
vn 0 -0.311772 -0.950157
vn -0.315398 -0.31908 -0.893707
vn -0.592181 -0.329813 -0.735217
vn 0.525592 -0.174873 0.83257
vn 0.363876 -0.187119 0.912459
vn 0.373689 -0.186569 0.908597
vn -0.009275 -0.184507 0.982787
vn -0.004843 -0.184762 0.982771
vn -0.388649 -0.162951 0.906862
vn -0.384552 -0.163118 0.908577
vn -0.529728 -0.154899 0.833903
vn -0.891081 -0.131988 0.434228
vn -0.889361 -0.132336 0.437634
vn -0.832941 -0.141709 0.534908
vn -0.939369 -0.139272 0.31335
vn -0.947535 -0.122439 0.295272
vn -0.947405 -0.122721 0.295575
vn 0.829602 -0.1342 0.541988
vn 0.891319 -0.127447 0.435096
vn 0.888079 -0.127897 0.441541
vn 0.947535 -0.122439 0.295272
vn 0.939369 -0.139272 0.31335
vn 0.947405 -0.122721 0.295575
vn -0.955804 -0.108966 -0.273065
vn 0.955804 -0.108966 -0.273065
vn 0.637867 -0.14319 -0.756718
vn -0.637867 -0.14319 -0.756718
vn -0.817481 -0.092469 -0.568484
vn 0.817481 -0.092469 -0.568484
vn -0.949603 0.107491 -0.29445
vn 0.949603 0.107491 -0.29445
vn -0.902414 0.271838 -0.334294
vn 0.902414 0.271838 -0.334294
vn 0.538791 -0.08174 0.838464
vn 0.203733 -0.09522 0.974385
vn -0.257177 -0.071598 0.963708
vn -0.523987 -0.048736 0.850331
vn -0.867751 -0.009528 0.496908
vn 0.861256 -0.02841 0.507377
vn 0.545814 0.051891 0.836298
vn 0.183728 0.096131 0.978265
vn -0.251084 0.097464 0.963046
vn -0.528064 0.078579 0.845561
vn -0.863841 0.039157 0.50224
vn 0.86813 0.014733 0.496119
vn 0.520467 0.146173 0.841278
vn 0.158775 0.189562 0.968946
vn -0.216472 0.187374 0.958139
vn -0.216472 0.187373 0.958139
vn -0.513104 0.140282 0.846785
vn -0.849591 0.042521 0.525725
vn 0.859622 0.022926 0.510415
vn -0.949775 -0.022176 0.312149
vn 0.949734 -0.021992 0.312284
vn -0.94244 0.008008 0.334281
vn 0.944 0.001073 0.329942
vn 0.944 0.001073 0.329943
vn -0.939187 0.013449 0.343141
vn -0.939188 0.013449 0.343141
vn 0.943511 0.002835 0.331329
vn -0.937437 0.0078 0.348069
vn 0.942557 0.033089 0.332403
vn -0.843004 0.041775 0.536283
vn -0.843004 0.041775 0.536282
vn -0.50155 0.085131 0.86093
vn -0.207596 0.111676 0.971819
vn 0.159915 0.155197 0.974854
vn 0.484811 0.052592 0.873036
vn 0.850208 0.026297 0.525789
vn -0.233424 -0.963671 -0.129815
vn -0 -0.991048 -0.133503
vn -0.927125 -0.226723 -0.29839
vn 0.233424 -0.963671 -0.129815
vn 0.927125 -0.226723 -0.298389
vn 0.041704 -0.996435 0.073329
vn -0.041685 -0.996435 0.073342
vn 0.052664 -0.995432 0.079639
vn 0.176902 -0.966042 0.188333
vn 0.053511 -0.995327 0.080383
vn 0.609768 -0.683323 0.401562
vn -0.609768 -0.683323 0.401564
vn -0.609768 -0.683322 0.401564
vn -0.176902 -0.966042 0.188333
vn -0.052664 -0.995432 0.079639
vn -0.053511 -0.995327 0.080383
vn 0.020762 -0.999673 0.014962
vn -0.020762 -0.999673 0.014962
vn -0.334616 0.119851 0.934702
vn -0.318099 0.122765 0.940076
vn -0.318945 0.122617 0.939808
vn 0.177962 -0.25154 -0.951345
vn 0.117345 -0.196207 -0.973516
vn 0.181515 -0.254763 -0.949815
vn -0.117345 -0.196207 -0.973516
vn -0.177962 -0.25154 -0.951345
vn -0.181516 -0.254763 -0.949815
vn 0.318098 0.122765 0.940076
vn 0.334615 0.119851 0.934702
vn 0.318944 0.122617 0.939808
vn 0.334615 0.119851 0.934703
vn -0.303443 0.125305 0.944574
vn -0.117734 -0.9019 -0.415591
vn 0.246349 -0.313165 -0.917191
vn -0.24635 -0.313165 -0.917191
vn 0.117733 -0.9019 -0.415591
vn 0.303443 0.125305 0.944575
vn 0.315423 -0.013227 0.948859
vn 0.324367 -0.002591 0.945928
vn 0.324507 -0.002423 0.94588
vn -0.320366 -0.006775 0.947269
vn -0.314399 -0.013102 0.949201
vn -0.320456 -0.00668 0.94724
vn 0.335276 0.012182 0.942041
vn 0.335311 0.012239 0.942028
vn -0.327693 0.000406 0.944784
vn -0.327697 0.000409 0.944783
vn 0.3431 0.022828 0.939022
vn 0.343104 0.022824 0.93902
vn -0.331784 0.001502 0.943354
vn -0.331794 0.001467 0.943351
vn 0.346956 0.019283 0.937683
vn 0.185843 -0.834187 0.519225
vn 0.185844 -0.834187 0.519225
vn -0.212594 -0.863882 -0.456631
vn 0.379619 -0.163662 -0.910552
vn -0.175014 -0.798658 0.575774
vn -0.332269 -0.0001 0.943185
vn 0.295336 -0.759703 0.579334
vn 0.249145 -0.834909 0.490769
vn 0.249219 -0.834803 0.490911
vn 0.171676 -0.923944 0.341839
vn -0.602507 -0.377145 -0.703383
vn -0.602507 -0.377145 -0.703382
vn 0.773836 -0.172334 0.60949
vn 0.327674 -0.902311 0.280114
vn -0.790695 -0.522079 -0.319742
vn 0.957479 0.012949 0.288213
vn -0.366085 -0.930139 0.028684
vn -0.957341 -0.279206 -0.074452
vn 0.982503 -0.182717 -0.036094
vn 0.461908 -0.884539 0.065048
vn -0.692322 -0.66365 0.283301
vn 0.642335 -0.735989 -0.213837
vn -0.643124 -0.655058 0.396598
vn -0.687434 -0.531799 0.494594
vn -0.687282 -0.532364 0.494198
vn -0.710125 -0.41963 0.565362
vn 0.625614 -0.071973 -0.776805
vn -0.193551 -0.913186 0.35865
vn -0.387133 -0.549688 0.740251
vt 0.542095 0.615299
vt 0.567669 0.608914
vt 0.568137 0.644486
vt 0.532329 0.640487
vt 0.593401 0.614623
vt 0.603828 0.639545
vt 0.08602 0.697351
vt 0.128074 0.68779
vt 0.097073 0.724132
vt 0.12717 0.728529
vt 0.532062 0.683159
vt 0.568667 0.684698
vt 0.605219 0.682195
vt 0.430838 0.68204
vt 0.472452 0.693363
vt 0.460282 0.719654
vt 0.430027 0.722781
vt 0.10507 0.76864
vt 0.076114 0.745975
vt 0.569306 0.733224
vt 0.529621 0.729034
vt 0.608867 0.72799
vt 0.450419 0.763787
vt 0.480303 0.742361
vt 0.210511 0.570022
vt 0.248039 0.569731
vt 0.247323 0.610649
vt 0.207445 0.608388
vt 0.288137 0.56942
vt 0.288138 0.610742
vt 0.328235 0.569726
vt 0.328954 0.610644
vt 0.365763 0.570015
vt 0.368832 0.608381
vt 0.20623 0.621141
vt 0.246115 0.624652
vt 0.288139 0.625698
vt 0.330164 0.624647
vt 0.370048 0.621133
vt 0.707676 0.540598
vt 0.674363 0.553812
vt 0.693603 0.519516
vt 0.668877 0.520843
vt 0.634802 0.559016
vt 0.633873 0.520553
vt 0.595115 0.554982
vt 0.599535 0.521504
vt 0.561323 0.542802
vt 0.574743 0.521271
vt 0.671441 0.486954
vt 0.704524 0.496159
vt 0.63284 0.481209
vt 0.596273 0.48692
vt 0.563346 0.49807
vt 0.67652 0.451821
vt 0.718372 0.464639
vt 0.632171 0.446909
vt 0.588206 0.451852
vt 0.546248 0.465371
vt 0.514918 0.485462
vt 0.535562 0.515409
vt 0.448817 0.602941
vt 0.448296 0.615671
vt 0.41469 0.61861
vt 0.415709 0.604646
vt 0.412644 0.570104
vt 0.508224 0.703878
vt 0.752947 0.482725
vt 0.732761 0.512869
vt 0.161587 0.61862
vt 0.127981 0.615683
vt 0.127459 0.602953
vt 0.160567 0.604657
vt 0.16363 0.570114
vt 0.049838 0.706352
vt 0.444416 0.566201
vt 0.131858 0.566213
vt 0.100632 0.669427
vt 0.079228 0.668028
vt 0.459029 0.664849
vt 0.480473 0.664351
vt 0.517239 0.669296
vt 0.042286 0.67142
vt 0.47065 0.55433
vt 0.474784 0.585486
vt 0.105622 0.554344
vt 0.101491 0.585501
vt 0.49659 0.569253
vt 0.499051 0.544643
vt 0.079684 0.569268
vt 0.077222 0.544659
vt 0.371587 0.551941
vt 0.330363 0.556546
vt 0.327708 0.524581
vt 0.368427 0.523279
vt 0.288754 0.557694
vt 0.287697 0.526986
vt 0.246997 0.558074
vt 0.247351 0.528037
vt 0.204177 0.554648
vt 0.206237 0.527653
vt 0.166619 0.552214
vt 0.168518 0.528108
vt 0.409902 0.546118
vt 0.406582 0.523325
vt 0.366577 0.492664
vt 0.327256 0.491824
vt 0.287283 0.497958
vt 0.247838 0.496844
vt 0.207238 0.492692
vt 0.170656 0.494653
vt 0.4028 0.498185
vt 0.366704 0.480355
vt 0.325925 0.461748
vt 0.286959 0.480185
vt 0.24784 0.475706
vt 0.207496 0.479687
vt 0.171909 0.47153
vt 0.400963 0.481806
vt 0.514884 0.531101
vt 0.494357 0.503887
vt 0.549709 0.563672
vt 0.589651 0.581224
vt 0.635543 0.586701
vt 0.680715 0.578972
vt 0.719818 0.561139
vt 0.753749 0.528167
vt 0.773828 0.50076
vt 0.138231 0.551293
vt 0.140599 0.528217
vt 0.437931 0.543036
vt 0.433748 0.521193
vt 0.143887 0.496447
vt 0.429693 0.497949
vt 0.146296 0.47828
vt 0.427478 0.486281
vt 0.147297 0.474799
vt 0.161339 0.467253
vt 0.424679 0.476156
vt 0.401148 0.466216
vt 0.188145 0.461896
vt 0.198764 0.459585
vt 0.21621 0.460734
vt 0.235375 0.453771
vt 0.278338 0.463248
vt 0.249335 0.453986
vt 0.291017 0.461206
vt 0.308275 0.450451
vt 0.355588 0.460808
vt 0.343981 0.449477
vt 0.393715 0.466944
vt 0.374308 0.456051
vt 0.317861 0.820661
vt 0.323749 0.846714
vt 0.289967 0.84801
vt 0.289964 0.813343
vt 0.262068 0.820666
vt 0.256185 0.84672
vt 0.36934 0.86489
vt 0.344726 0.871945
vt 0.315987 0.882906
vt 0.28997 0.886495
vt 0.263953 0.882911
vt 0.235212 0.871955
vt 0.210597 0.864903
vt 0.20619 0.778792
vt 0.205453 0.74484
vt 0.242906 0.747099
vt 0.240714 0.78106
vt 0.280511 0.746168
vt 0.280237 0.780935
vt 0.317937 0.746217
vt 0.317577 0.780874
vt 0.355615 0.743732
vt 0.352725 0.780022
vt 0.388453 0.744775
vt 0.385247 0.780779
vt 0.425868 0.750042
vt 0.423909 0.781238
vt 0.410826 0.780997
vt 0.414472 0.748155
vt 0.170763 0.743348
vt 0.173697 0.779321
vt 0.148112 0.779342
vt 0.135205 0.779399
vt 0.133502 0.748428
vt 0.144728 0.746651
vt 0.151911 0.878373
vt 0.141385 0.84945
vt 0.171488 0.834832
vt 0.182713 0.865808
vt 0.397224 0.86579
vt 0.408444 0.834812
vt 0.428028 0.87835
vt 0.438549 0.849424
vt 0.349894 0.827598
vt 0.371959 0.826009
vt 0.207971 0.826023
vt 0.230037 0.827608
vt 0.139302 0.819935
vt 0.167409 0.806802
vt 0.412518 0.806781
vt 0.440628 0.819909
vt 0.140945 0.792468
vt 0.163136 0.776338
vt 0.416785 0.776316
vt 0.43898 0.792443
vt 0.205444 0.716873
vt 0.243678 0.716306
vt 0.280984 0.716638
vt 0.318021 0.716756
vt 0.355235 0.717917
vt 0.389369 0.721784
vt 0.169909 0.720364
vt 0.204652 0.687015
vt 0.242299 0.685114
vt 0.280925 0.688109
vt 0.318423 0.685175
vt 0.356758 0.684131
vt 0.390851 0.689572
vt 0.169481 0.692955
vt 0.204007 0.675166
vt 0.242116 0.657137
vt 0.280631 0.670497
vt 0.319369 0.663456
vt 0.357902 0.671629
vt 0.391808 0.667841
vt 0.169312 0.674259
vt 0.415209 0.725392
vt 0.144076 0.723917
vt 0.415883 0.694365
vt 0.143656 0.69907
vt 0.416393 0.675825
vt 0.143546 0.686954
vt 0.401723 0.662152
vt 0.416479 0.672111
vt 0.143498 0.675327
vt 0.166483 0.65759
vt 0.36642 0.650971
vt 0.377726 0.655678
vt 0.33364 0.641286
vt 0.354376 0.651191
vt 0.286718 0.652156
vt 0.319958 0.640453
vt 0.256281 0.641953
vt 0.276624 0.651771
vt 0.213691 0.655576
vt 0.225839 0.642095
vt 0.178977 0.659554
vt 0.202371 0.649165
vt 0.540218 0.612533
vt 0.567624 0.605508
vt 0.52965 0.637543
vt 0.595205 0.611808
vt 0.606428 0.636532
vt 0.451987 0.60518
vt 0.451689 0.616237
vt 0.124588 0.616249
vt 0.124289 0.605193
vt 0.079241 0.664603
vt 0.101655 0.666198
vt 0.129206 0.684224
vt 0.429858 0.678429
vt 0.458142 0.661579
vt 0.480604 0.660929
vt 0.516768 0.665692
vt 0.042908 0.667839
vt 0.443755 0.562599
vt 0.469984 0.550798
vt 0.477031 0.588156
vt 0.099244 0.58817
vt 0.106289 0.550812
vt 0.132518 0.562611
vt 0.501021 0.542173
vt 0.499781 0.570498
vt 0.076493 0.570514
vt 0.075251 0.542189
vt 0.13471 0.550798
vt 0.136928 0.527857
vt 0.437334 0.520521
vt 0.441365 0.542176
vt 0.14022 0.496026
vt 0.433249 0.4972
vt 0.142857 0.477041
vt 0.430986 0.485338
vt 0.14418 0.473403
vt 0.161026 0.463768
vt 0.171812 0.467883
vt 0.403132 0.479569
vt 0.399565 0.463362
vt 0.427353 0.473834
vt 0.187065 0.458439
vt 0.200009 0.456406
vt 0.207766 0.476369
vt 0.213826 0.458091
vt 0.236547 0.450513
vt 0.24795 0.472557
vt 0.247758 0.451052
vt 0.2806 0.460508
vt 0.285795 0.477217
vt 0.288113 0.459141
vt 0.30824 0.446943
vt 0.325766 0.458067
vt 0.344362 0.446054
vt 0.358502 0.458649
vt 0.365983 0.4771
vt 0.373076 0.452921
vt 0.396392 0.464525
usemtl standardSurface10SG
f 1/1/1 2/2/2 3/3/3
f 1/1/1 3/3/3 4/4/4
f 2/2/2 5/5/5 3/3/3
f 5/5/5 6/6/6 3/3/3
f 7/7/7 4/8/4 8/9/7
f 4/8/4 9/10/8 8/9/7
f 4/4/4 3/3/3 9/11/8
f 3/3/3 10/12/9 9/11/8
f 3/3/3 6/6/6 11/13/10
f 3/3/3 11/13/10 10/12/9
f 6/14/6 12/15/11 13/16/11
f 6/14/6 13/16/11 11/17/10
f 8/9/12 9/10/13 14/18/14
f 8/9/12 14/18/14 15/19/15
f 9/11/13 10/12/16 16/20/17
f 9/11/13 16/20/17 14/21/14
f 10/12/16 11/13/18 16/20/17
f 11/13/18 17/22/19 16/20/17
f 11/17/18 13/16/20 17/23/19
f 13/16/20 18/24/21 17/23/19
f 15/25/15 14/26/14 19/27/22
f 15/25/15 19/27/22 20/28/23
f 14/26/14 16/29/17 21/30/24
f 14/26/14 21/30/24 19/27/22
f 16/29/17 17/31/19 21/30/24
f 17/31/19 22/32/25 21/30/24
f 17/31/19 18/33/21 22/32/25
f 18/33/21 23/34/26 22/32/25
f 20/28/23 19/27/22 24/35/27
f 19/27/22 25/36/28 24/35/27
f 19/27/22 21/30/24 25/36/28
f 21/30/24 26/37/29 25/36/28
f 21/30/24 22/32/25 27/38/30
f 21/30/24 27/38/30 26/37/29
f 22/32/25 23/34/26 28/39/31
f 22/32/25 28/39/31 27/38/30
f 29/40/32 30/41/33 31/42/34
f 30/41/33 32/43/35 31/42/34
f 30/41/33 33/44/36 32/43/35
f 33/44/36 34/45/37 32/43/35
f 33/44/36 35/46/38 36/47/39
f 33/44/36 36/47/39 34/45/37
f 35/46/38 37/48/40 38/49/41
f 35/46/38 38/49/41 36/47/39
f 31/42/42 32/43/43 39/50/44
f 31/42/42 39/50/44 40/51/45
f 32/43/43 34/45/46 41/52/47
f 32/43/43 41/52/47 39/50/44
f 34/45/46 36/47/48 41/52/47
f 36/47/48 42/53/49 41/52/47
f 36/47/48 38/49/50 42/53/49
f 38/49/50 43/54/51 42/53/49
f 40/51/45 39/50/44 44/55/52
f 40/51/45 44/55/52 45/56/53
f 39/50/44 41/52/47 46/57/54
f 39/50/44 46/57/54 44/55/52
f 41/52/47 42/53/49 47/58/55
f 41/52/47 47/58/55 46/57/54
f 42/53/49 43/54/51 48/59/56
f 42/53/49 48/59/56 47/58/55
f 49/60/57 48/59/58 50/61/59
f 48/59/58 43/54/60 50/61/59
f 51/62/61 52/63/62 53/64/63
f 51/62/61 53/64/63 54/65/64
f 50/61/59 43/54/60 38/49/65
f 50/61/59 38/49/65 37/48/66
f 54/65/64 53/64/63 28/39/67
f 54/65/64 28/39/67 23/34/68
f 55/66/69 54/65/64 23/34/68
f 55/66/69 23/34/68 18/33/70
f 12/15/71 55/67/69 13/16/71
f 55/67/69 18/24/70 13/16/71
f 45/56/72 56/68/73 40/51/74
f 56/68/73 57/69/75 40/51/74
f 58/70/76 59/71/77 60/72/78
f 58/70/76 60/72/78 61/73/79
f 40/51/74 57/69/75 31/42/80
f 57/69/75 29/40/81 31/42/80
f 24/35/82 58/70/76 61/73/79
f 24/35/82 61/73/79 20/28/83
f 61/73/79 62/74/84 20/28/83
f 62/74/84 15/25/85 20/28/83
f 62/75/84 7/7/86 8/9/86
f 62/75/84 8/9/86 15/19/85
f 54/65/87 55/66/88 51/62/87
f 55/66/88 63/76/88 51/62/87
f 62/74/89 61/73/89 60/72/89
f 62/74/89 60/72/89 64/77/89
f 4/8/90 7/7/90 65/78/90
f 7/7/90 66/79/90 65/78/90
f 12/15/91 6/14/91 67/80/91
f 12/15/91 67/80/91 68/81/91
f 55/67/92 12/15/92 63/82/92
f 12/15/92 68/81/92 63/82/92
f 7/7/93 62/75/93 64/83/93
f 7/7/93 64/83/93 66/79/93
f 51/62/94 63/76/94 69/84/94
f 51/62/94 69/84/94 70/85/94
f 64/77/95 60/72/95 71/86/95
f 60/72/95 72/87/95 71/86/95
f 70/85/96 69/84/96 73/88/96
f 69/84/96 74/89/96 73/88/96
f 71/86/97 72/87/97 75/90/97
f 71/86/97 75/90/97 76/91/97
f 45/92/98 44/93/98 77/94/98
f 45/92/98 77/94/98 78/95/98
f 44/93/99 46/96/99 77/94/100
f 46/96/99 79/97/100 77/94/100
f 46/96/101 47/98/101 79/97/102
f 47/98/101 80/99/101 79/97/102
f 47/98/103 48/100/103 81/101/103
f 47/98/103 81/101/103 80/99/103
f 48/100/104 49/102/104 81/101/104
f 49/102/104 82/103/104 81/101/104
f 56/104/105 45/92/105 78/95/105
f 56/104/105 78/95/105 83/105/105
f 78/95/106 77/94/106 84/106/106
f 77/94/106 85/107/106 84/106/106
f 77/94/107 79/97/107 85/107/107
f 79/97/107 86/108/107 85/107/107
f 79/97/108 80/99/108 86/108/108
f 80/99/108 87/109/108 86/108/108
f 80/99/109 81/101/109 88/110/109
f 80/99/109 88/110/109 87/109/109
f 81/101/110 82/103/110 89/111/110
f 81/101/110 89/111/110 88/110/110
f 83/105/111 78/95/111 90/112/111
f 78/95/111 84/106/111 90/112/111
f 84/106/112 85/107/112 91/113/112
f 85/107/112 92/114/112 91/113/112
f 85/107/113 86/108/113 93/115/113
f 85/107/113 93/115/113 92/114/113
f 86/108/114 87/109/114 93/115/114
f 87/109/114 94/116/114 93/115/114
f 87/109/115 88/110/115 94/116/115
f 88/110/115 95/117/115 94/116/115
f 88/110/116 89/111/116 95/117/117
f 89/111/116 96/118/117 95/117/117
f 90/112/118 84/106/118 91/113/118
f 90/112/118 91/113/118 97/119/118
f 53/120/63 52/121/62 49/60/57
f 53/120/63 49/60/57 50/61/59
f 28/122/67 53/120/63 37/48/66
f 53/120/63 50/61/59 37/48/66
f 27/123/30 28/122/31 37/48/40
f 27/123/30 37/48/40 35/46/38
f 26/124/29 27/123/30 35/46/38
f 26/124/29 35/46/38 33/44/36
f 25/125/28 26/124/29 30/41/33
f 26/124/29 33/44/36 30/41/33
f 24/126/27 25/125/28 29/40/32
f 25/125/28 30/41/33 29/40/32
f 57/69/75 58/127/76 29/40/81
f 58/127/76 24/126/82 29/40/81
f 56/68/73 59/128/77 58/127/76
f 56/68/73 58/127/76 57/69/75
f 49/102/119 52/129/119 98/130/119
f 49/102/119 98/130/119 82/103/119
f 59/131/120 56/104/121 99/132/121
f 56/104/121 83/105/120 99/132/121
f 82/103/122 98/130/122 100/133/122
f 82/103/122 100/133/122 89/111/122
f 99/132/123 83/105/123 101/134/123
f 83/105/123 90/112/123 101/134/123
f 89/111/124 100/133/124 102/135/124
f 89/111/124 102/135/124 96/118/124
f 101/134/125 90/112/125 103/136/125
f 90/112/125 97/119/125 103/136/125
f 96/118/126 102/135/126 104/137/126
f 96/118/126 104/137/126 105/138/126
f 103/136/127 97/119/127 106/139/127
f 97/119/127 107/140/127 106/139/127
f 95/117/128 96/118/128 108/141/128
f 95/117/128 108/141/128 109/142/128
f 94/116/129 95/117/129 110/143/129
f 94/116/129 110/143/129 111/144/129
f 93/115/130 94/116/130 112/145/130
f 94/116/130 113/146/130 112/145/130
f 92/114/131 93/115/131 114/147/131
f 92/114/131 114/147/131 115/148/131
f 91/113/132 92/114/132 116/149/132
f 92/114/132 117/150/132 116/149/132
f 97/119/133 91/113/133 118/151/133
f 91/113/133 119/152/133 118/151/133
f 120/153/134 121/154/135 122/155/136
f 120/153/134 122/155/136 123/156/137
f 123/156/137 122/155/136 124/157/138
f 122/155/136 125/158/139 124/157/138
f 126/159/140 127/160/140 121/154/135
f 127/160/140 128/161/141 121/154/135
f 121/154/135 128/161/141 122/155/136
f 128/161/141 129/162/142 122/155/136
f 122/155/136 129/162/142 130/163/143
f 122/155/136 130/163/143 125/158/139
f 125/158/139 130/163/143 131/164/144
f 125/158/139 131/164/144 132/165/144
f 133/166/145 134/167/145 135/168/146
f 133/166/145 135/168/146 136/169/147
f 136/169/147 135/168/146 137/170/148
f 136/169/147 137/170/148 138/171/149
f 138/171/149 137/170/148 139/172/150
f 138/171/149 139/172/150 140/173/151
f 140/173/151 139/172/150 141/174/152
f 140/173/151 141/174/152 142/175/152
f 143/176/153 144/177/154 141/174/155
f 144/177/154 142/175/155 141/174/155
f 145/178/156 146/179/156 147/180/157
f 145/178/156 147/180/157 148/181/158
f 134/167/159 133/166/159 149/182/160
f 133/166/159 150/183/161 149/182/160
f 151/184/162 152/185/163 153/186/163
f 151/184/162 153/186/163 154/187/164
f 146/188/165 145/189/165 155/190/165
f 146/188/165 155/190/165 156/191/165
f 157/192/166 158/193/166 152/194/166
f 158/193/166 153/195/166 152/194/166
f 121/154/167 159/196/167 126/159/167
f 159/196/167 160/197/167 126/159/167
f 132/165/168 161/198/168 162/199/168
f 132/165/168 162/199/168 125/158/168
f 156/191/169 155/190/169 161/198/169
f 156/191/169 161/198/169 132/165/169
f 126/159/170 160/197/170 157/192/170
f 160/197/170 158/193/170 157/192/170
f 145/189/171 163/200/171 164/201/171
f 145/189/171 164/201/171 155/190/171
f 158/193/172 165/202/172 153/195/172
f 165/202/172 166/203/172 153/195/172
f 163/200/173 167/204/173 164/201/173
f 167/204/173 168/205/173 164/201/173
f 165/202/174 169/206/174 170/207/174
f 165/202/174 170/207/174 166/203/174
f 134/167/175 171/208/175 172/209/175
f 134/167/175 172/209/175 135/168/175
f 135/168/176 172/209/176 137/170/176
f 172/209/176 173/210/176 137/170/176
f 137/170/177 173/210/177 139/172/177
f 173/210/177 174/211/177 139/172/177
f 139/172/178 174/211/178 175/212/178
f 139/172/178 175/212/178 141/174/178
f 141/174/179 175/212/179 143/176/179
f 175/212/179 176/213/179 143/176/179
f 149/182/180 177/214/180 171/208/180
f 149/182/180 171/208/180 134/167/180
f 171/208/181 178/215/181 172/209/181
f 178/215/181 179/216/181 172/209/181
f 172/209/182 179/216/182 173/210/182
f 179/216/182 180/217/182 173/210/182
f 173/210/183 180/217/183 174/211/183
f 180/217/183 181/218/183 174/211/183
f 174/211/184 181/218/184 182/219/184
f 174/211/184 182/219/184 175/212/184
f 175/212/185 182/219/185 183/220/185
f 175/212/185 183/220/185 176/213/185
f 177/214/186 184/221/186 171/208/186
f 184/221/186 178/215/186 171/208/186
f 178/215/187 185/222/187 179/216/187
f 185/222/187 186/223/187 179/216/187
f 179/216/188 186/223/188 187/224/188
f 179/216/188 187/224/188 180/217/188
f 180/217/189 187/224/189 181/218/189
f 187/224/189 188/225/190 181/218/189
f 181/218/191 188/225/191 182/219/191
f 188/225/191 189/226/191 182/219/191
f 182/219/192 189/226/192 183/220/192
f 189/226/192 190/227/192 183/220/192
f 184/221/193 191/228/193 185/222/193
f 184/221/193 185/222/193 178/215/193
f 147/180/157 144/177/154 143/176/153
f 147/180/157 143/176/153 148/181/158
f 149/182/160 150/183/161 151/184/162
f 149/182/160 151/184/162 154/187/164
f 143/176/194 176/213/194 192/229/194
f 143/176/194 192/229/194 148/181/194
f 154/187/195 193/230/195 149/182/195
f 193/230/195 177/214/195 149/182/195
f 176/213/196 183/220/196 194/231/196
f 176/213/196 194/231/196 192/229/196
f 193/230/197 195/232/198 177/214/198
f 195/232/198 184/221/198 177/214/198
f 183/220/199 190/227/200 196/233/200
f 183/220/199 196/233/200 194/231/200
f 195/232/201 197/234/201 184/221/201
f 197/234/201 191/228/201 184/221/201
f 190/227/202 198/235/202 199/236/202
f 190/227/202 199/236/202 196/233/202
f 197/234/203 200/237/203 191/228/203
f 200/237/203 201/238/203 191/228/203
f 189/226/204 202/239/204 203/240/204
f 189/226/204 203/240/204 190/227/205
f 188/225/206 204/241/206 205/242/206
f 188/225/206 205/242/206 189/226/206
f 187/224/207 206/243/207 188/225/207
f 206/243/207 207/244/207 188/225/207
f 186/223/208 208/245/208 209/246/208
f 186/223/208 209/246/208 187/224/208
f 185/222/209 210/247/209 186/223/209
f 210/247/209 211/248/209 186/223/209
f 191/228/210 212/249/210 185/222/210
f 212/249/210 213/250/210 185/222/210
f 120/251/211 123/252/212 1/1/211
f 123/252/212 2/2/212 1/1/211
f 121/253/213 120/251/213 1/1/213
f 121/253/213 1/1/213 4/4/213
f 123/252/212 124/254/214 5/5/214
f 123/252/212 5/5/214 2/2/212
f 124/254/215 125/255/215 5/5/215
f 125/255/215 6/6/215 5/5/215
f 145/256/216 148/257/216 51/62/216
f 148/257/216 52/63/216 51/62/216
f 154/258/217 153/259/217 60/72/217
f 154/258/217 60/72/217 59/71/217
f 160/260/218 159/261/219 66/79/220
f 159/261/219 65/78/219 66/79/220
f 159/261/221 121/262/221 4/8/221
f 159/261/221 4/8/221 65/78/221
f 125/263/222 162/264/222 6/14/222
f 162/264/222 67/80/223 6/14/222
f 162/264/224 161/265/225 68/81/226
f 162/264/224 68/81/226 67/80/224
f 161/265/225 155/266/227 68/81/226
f 155/266/227 63/82/227 68/81/226
f 158/267/228 160/260/218 66/79/220
f 158/267/228 66/79/220 64/83/228
f 155/268/229 164/269/230 69/84/231
f 155/268/229 69/84/231 63/76/229
f 163/270/232 145/256/233 51/62/233
f 163/270/232 51/62/233 70/85/234
f 153/259/235 166/271/236 60/72/235
f 166/271/236 72/87/237 60/72/235
f 165/272/238 158/273/239 71/86/240
f 158/273/239 64/77/241 71/86/240
f 164/269/230 168/274/242 74/89/242
f 164/269/230 74/89/242 69/84/231
f 168/274/243 167/275/243 74/89/243
f 167/275/243 73/88/243 74/89/243
f 167/275/244 163/270/232 70/85/234
f 167/275/244 70/85/234 73/88/244
f 166/271/236 170/276/245 72/87/237
f 170/276/245 75/90/245 72/87/237
f 170/276/246 169/277/246 76/91/246
f 170/276/246 76/91/246 75/90/246
f 169/277/247 165/272/238 76/91/247
f 165/272/238 71/86/240 76/91/247
f 148/278/248 192/279/249 52/129/248
f 192/279/249 98/130/250 52/129/248
f 193/280/251 154/281/252 59/131/252
f 193/280/251 59/131/252 99/132/253
f 192/279/249 194/282/254 98/130/250
f 194/282/254 100/133/255 98/130/250
f 195/283/256 193/280/251 99/132/253
f 195/283/256 99/132/253 101/134/257
f 194/282/254 196/284/258 102/135/259
f 194/282/254 102/135/259 100/133/255
f 197/285/260 195/283/256 101/134/257
f 197/285/260 101/134/257 103/136/261
f 196/284/258 199/286/262 104/137/262
f 196/284/258 104/137/262 102/135/259
f 199/286/263 198/287/264 104/137/263
f 198/287/264 105/138/264 104/137/263
f 198/287/265 190/288/265 96/118/265
f 198/287/265 96/118/265 105/138/265
f 191/289/266 201/290/266 97/119/266
f 201/290/266 107/140/266 97/119/266
f 201/290/267 200/291/267 106/139/267
f 201/290/267 106/139/267 107/140/267
f 200/291/268 197/285/260 103/136/261
f 200/291/268 103/136/261 106/139/268
f 190/288/269 203/292/270 96/118/269
f 203/292/270 108/141/271 96/118/269
f 203/292/270 202/293/272 109/142/272
f 203/292/270 109/142/272 108/141/271
f 202/293/273 189/294/273 95/117/274
f 202/293/273 95/117/274 109/142/274
f 189/294/275 205/295/275 95/117/275
f 205/295/275 110/143/275 95/117/275
f 205/295/276 204/296/276 110/143/276
f 204/296/276 111/144/276 110/143/276
f 204/296/277 188/297/277 94/116/277
f 204/296/277 94/116/277 111/144/277
f 188/297/278 207/298/278 113/146/278
f 188/297/278 113/146/278 94/116/278
f 207/298/279 206/299/279 113/146/279
f 206/299/279 112/145/279 113/146/279
f 206/299/280 187/300/280 93/115/280
f 206/299/280 93/115/280 112/145/280
f 187/300/281 209/301/281 93/115/281
f 209/301/281 114/147/281 93/115/281
f 209/301/282 208/302/282 115/148/282
f 209/301/282 115/148/282 114/147/282
f 208/302/283 186/303/283 92/114/283
f 208/302/283 92/114/283 115/148/283
f 186/303/284 211/304/284 92/114/284
f 211/304/284 117/150/284 92/114/284
f 211/304/285 210/305/286 117/150/285
f 210/305/286 116/149/287 117/150/285
f 210/305/286 185/306/288 91/113/288
f 210/305/286 91/113/288 116/149/287
f 185/306/289 213/307/289 119/152/289
f 185/306/289 119/152/289 91/113/289
f 213/307/290 212/308/290 119/152/290
f 212/308/290 118/151/290 119/152/290
f 212/308/291 191/289/291 97/119/291
f 212/308/291 97/119/291 118/151/291
s off
g Head_uv_standardSurface10SG
v 0.982516 8.61869 -2.22196
v 0.95246 8.39053 -2.17525
v 1.81666 8.58047 -1.64474
v 1.75654 8.35356 -1.61002
v -0.982516 8.61869 -2.22196
v -0.95246 8.39053 -2.17525
v 0 8.66109 -2.42749
v 0 8.43168 -2.36879
v -2.41365 8.48274 -0.860631
v -2.34108 8.25887 -0.854842
v -1.81666 8.58047 -1.64474
v -1.75654 8.35356 -1.61002
v 2.41365 8.48274 -0.860631
v 2.34108 8.25887 -0.854842
v 2.72598 8.10027 -0.220466
v 2.75747 8.31572 -0.126057
v 1.05508 8.72784 -2.38103
v 1.96178 8.68658 -1.77488
v -1.05508 8.72784 -2.38103
v 0 8.77327 -2.6155
v -2.50918 8.58154 -0.920904
v -1.96178 8.68658 -1.77488
v 2.50918 8.58154 -0.920904
v 2.8277 8.29813 -0.014039
v 1.12764 8.65405 -2.55927
v 2.1069 8.60975 -1.92418
v -1.12764 8.65405 -2.55927
v 0 8.70251 -2.82268
v -2.68436 8.49739 -1.00035
v -2.1069 8.60975 -1.92418
v 2.68436 8.49739 -1.00035
v 2.85949 8.1315 0.005282
v 1.1577 8.44053 -2.65228
v 2.16702 8.39499 -2.0052
v -1.1577 8.44053 -2.65228
v 0 8.49026 -2.92768
v -2.75692 8.27958 -1.05244
v -2.16702 8.39499 -2.0052
v 2.75692 8.27958 -1.05244
v 2.86535 7.99026 -0.013031
v 1.12764 8.21237 -2.60557
v 2.1069 8.16809 -1.97048
v -1.12764 8.21237 -2.60557
v 0 8.26084 -2.86898
v -2.68436 8.05572 -1.04665
v -2.1069 8.16809 -1.97048
v 2.68436 8.05572 -1.04665
v 2.86095 7.88316 -0.041447
v 1.05508 8.10322 -2.4465
v 1.96178 8.06197 -1.84035
v -1.05508 8.10322 -2.4465
v 0 8.14866 -2.68097
v -2.58883 7.95692 -0.986374
v -1.96178 8.06197 -1.84035
v 2.58883 7.95692 -0.986374
v 2.82963 7.77879 -0.113597
v 0.982516 8.17702 -2.26825
v 1.81666 8.13879 -1.69104
v -0.982516 8.17702 -2.26825
v 0 8.21942 -2.47378
v -2.41365 8.04107 -0.906926
v -1.81666 8.13879 -1.69104
v 2.41365 8.04107 -0.906926
v 2.78146 7.87497 -0.173782
v -2.78146 7.87497 -0.173782
v -2.72598 8.10027 -0.220466
v -2.82963 7.77879 -0.113597
v -2.86095 7.88316 -0.041447
v -2.86535 7.99026 -0.013031
v -2.85949 8.1315 0.005282
v -2.8277 8.29813 -0.014039
v -2.75747 8.31572 -0.126057
vn -0.373623 0.24647 0.894236
vn -0.375679 0.246579 0.893344
vn -0.545884 0.251217 0.799312
vn -0.545885 0.251217 0.799312
vn 0.373623 0.24647 0.894236
vn 0.375679 0.246579 0.893344
vn 0.186848 0.232179 0.954558
vn 0.804821 0.202089 0.558052
vn 0.804702 0.202249 0.558166
vn 0.746013 0.274126 0.606893
vn -0.804821 0.202089 0.558053
vn -0.804702 0.202249 0.558166
vn -0.866854 0.107105 0.486921
vn -0.169252 0.857343 0.486124
vn -0.17194 0.85749 0.48492
vn -0.261305 0.858093 0.442036
vn 0.169252 0.857343 0.486124
vn 0.17194 0.85749 0.48492
vn 0.076743 0.847856 0.524643
vn 0.426774 0.815352 0.391236
vn 0.436416 0.808914 0.393954
vn 0.403057 0.830536 0.384389
vn -0.426774 0.815352 0.391236
vn -0.436416 0.808913 0.393954
vn -0.501313 0.761315 0.4112
vn 0.170667 0.936908 -0.305085
vn 0.172198 0.936856 -0.304382
vn 0.225964 0.933324 -0.279009
vn -0.170667 0.936908 -0.305085
vn -0.172198 0.936856 -0.304382
vn -0.11551 0.937 -0.329679
vn -0.564188 0.823021 -0.065786
vn -0.55273 0.830446 -0.069631
vn -0.373528 0.919305 -0.123914
vn 0.564188 0.823021 -0.065786
vn 0.55273 0.830446 -0.069631
vn 0.773015 0.634192 0.015774
vn 0.369923 0.423941 -0.826699
vn 0.371437 0.423888 -0.826047
vn 0.506411 0.413984 -0.756416
vn -0.369923 0.423941 -0.826699
vn -0.371437 0.423888 -0.826047
vn -0.225052 0.423878 -0.877314
vn -0.902871 0.321791 -0.285087
vn -0.894416 0.329017 -0.302933
vn -0.803626 0.385896 -0.453067
vn 0.902871 0.321791 -0.285087
vn 0.894416 0.329017 -0.302933
vn 0.972401 0.224696 -0.06284
vn 0.371738 -0.244232 -0.895635
vn 0.370262 -0.244152 -0.896268
vn 0.516853 -0.248998 -0.819063
vn -0.371738 -0.244232 -0.895635
vn -0.370262 -0.244152 -0.896267
vn -0.213698 -0.232618 -0.9488
vn -0.883229 -0.257526 -0.391901
vn -0.874683 -0.260808 -0.408544
vn -0.79868 -0.282817 -0.531155
vn 0.883229 -0.257526 -0.391901
vn 0.874683 -0.260808 -0.408544
vn 0.960494 -0.210935 -0.181541
vn 0.171476 -0.856768 -0.486358
vn 0.169133 -0.856638 -0.487407
vn 0.254965 -0.857685 -0.446508
vn -0.171476 -0.856768 -0.486358
vn -0.169133 -0.856638 -0.487407
vn -0.082917 -0.84801 -0.523453
vn -0.607864 -0.714209 -0.346996
vn -0.544921 -0.757499 -0.359523
vn -0.408227 -0.830856 -0.378192
vn 0.607864 -0.714209 -0.346996
vn 0.54492 -0.757499 -0.359523
vn 0.822518 -0.497446 -0.2757
vn 0.822518 -0.497447 -0.2757
vn -0.17269 -0.937114 0.303306
vn -0.170934 -0.937175 0.304113
vn -0.230265 -0.933148 0.276068
vn 0.17269 -0.937114 0.303306
vn 0.170934 -0.937175 0.304113
vn 0.11176 -0.937181 0.330456
vn 0.4433 -0.887302 0.127204
vn 0.46035 -0.879283 0.122223
vn 0.355423 -0.922361 0.151411
vn -0.4433 -0.887302 0.127205
vn -0.46035 -0.879284 0.122223
vn -0.623077 -0.779099 0.069138
vn -0.375302 -0.425561 0.823435
vn -0.373206 -0.42564 0.824347
vn -0.533771 -0.412369 0.738268
vn 0.375302 -0.425561 0.823435
vn 0.373206 -0.42564 0.824347
vn 0.200424 -0.42472 0.882861
vn 0.803298 -0.341613 0.487865
vn 0.812018 -0.331883 0.480084
vn 0.752402 -0.393353 0.52836
vn -0.803298 -0.341613 0.487865
vn -0.812018 -0.331883 0.480084
vn -0.871138 -0.256844 0.418509
vn 0.871138 -0.256844 0.418509
vn 0.623076 -0.7791 0.069137
vn -0.822519 -0.497446 -0.2757
vn -0.960494 -0.210935 -0.181541
vn -0.972401 0.224694 -0.062841
vn -0.773015 0.634192 0.015774
vn 0.501312 0.761315 0.411199
vn 0.866854 0.107105 0.486921
vn -0.752402 -0.393352 0.528361
vn -0.355423 -0.922361 0.15141
vn 0.408227 -0.830856 -0.378193
vn 0.79868 -0.282817 -0.531155
vn 0.803626 0.385895 -0.453067
vn 0.373528 0.919305 -0.123914
vn -0.403057 0.830536 0.384389
vn -0.746013 0.274125 0.606893
vn 0.533771 -0.412369 0.738268
vn 0.230265 -0.933148 0.276068
vn -0.254965 -0.857685 -0.446508
vn -0.516853 -0.248998 -0.819062
vn -0.506411 0.413984 -0.756416
vn -0.225964 0.933324 -0.279009
vn 0.261305 0.858093 0.442036
vn 0.261305 0.858093 0.442037
vn 0.545884 0.251217 0.799312
vn -0.200424 -0.42472 0.882861
vn -0.11176 -0.937181 0.330456
vn 0.082917 -0.84801 -0.523453
vn 0.213698 -0.232618 -0.9488
vn 0.225052 0.423878 -0.877313
vn 0.11551 0.937 -0.329679
vn -0.076743 0.847856 0.524643
vn -0.186848 0.232179 0.954558
vn 0.849953 -0.10223 0.516845
vn -0.849953 -0.10223 0.516845
vt 0.770199 0.738549
vt 0.769582 0.746801
vt 0.732237 0.738271
vt 0.731557 0.746502
vt 0.845522 0.739114
vt 0.845761 0.747399
vt 0.807857 0.739443
vt 0.807669 0.747863
vt 0.919544 0.736881
vt 0.920665 0.744992
vt 0.883364 0.739589
vt 0.883733 0.747859
vt 0.696012 0.734574
vt 0.69458 0.742625
vt 0.667221 0.734888
vt 0.66726 0.726213
vt 0.770577 0.731248
vt 0.732639 0.73077
vt 0.845384 0.731777
vt 0.807988 0.73177
vt 0.918201 0.732053
vt 0.883186 0.732049
vt 0.697524 0.729806
vt 0.663009 0.724214
vt 0.770779 0.7239
vt 0.732854 0.723288
vt 0.845379 0.724393
vt 0.808087 0.724109
vt 0.918579 0.724977
vt 0.883178 0.724527
vt 0.697366 0.722742
vt 0.660763 0.718307
vt 0.770905 0.715394
vt 0.733023 0.715155
vt 0.845421 0.715847
vt 0.80818 0.715715
vt 0.919169 0.716933
vt 0.883208 0.716351
vt 0.697001 0.714704
vt 0.660283 0.713049
vt 0.770847 0.706955
vt 0.732936 0.706957
vt 0.845588 0.707364
vt 0.808257 0.707322
vt 0.920082 0.708982
vt 0.883497 0.708116
vt 0.696358 0.706737
vt 0.660513 0.708972
vt 0.770759 0.699775
vt 0.73278 0.699372
vt 0.845715 0.700145
vt 0.808269 0.699629
vt 0.921497 0.704143
vt 0.883771 0.700501
vt 0.695091 0.70185
vt 0.662428 0.704544
vt 0.770446 0.692591
vt 0.732577 0.691897
vt 0.846059 0.692924
vt 0.808221 0.691846
vt 0.921248 0.696869
vt 0.884085 0.693004
vt 0.695521 0.694576
vt 0.665381 0.701142
vt 0.770037 0.684233
vt 0.732096 0.68364
vt 0.846341 0.684512
vt 0.808042 0.683554
vt 0.921574 0.688581
vt 0.884797 0.684766
vt 0.695463 0.68628
vt 0.668028 0.692876
vt 0.95133 0.704483
vt 0.948802 0.696095
vt 0.954122 0.708002
vt 0.955843 0.712508
vt 0.95591 0.716596
vt 0.955238 0.721838
vt 0.952795 0.727673
vt 0.948493 0.729525
vt 0.948184 0.738217
vt 0.953318 0.688838
vt 0.9578 0.689804
vt 0.958395 0.695876
vt 0.957513 0.700591
vt 0.95674 0.704229
vt 0.954105 0.707914
vt 0.663992 0.685455
vt 0.662494 0.704461
vt 0.660145 0.700691
vt 0.659144 0.697097
vt 0.658466 0.69224
vt 0.659447 0.686175
usemtl standardSurface10SG
f 214/309/292 215/310/293 216/311/294
f 215/310/293 217/312/295 216/311/294
f 218/313/296 219/314/297 220/315/298
f 219/314/297 221/316/298 220/315/298
f 222/317/299 223/318/300 224/319/301
f 223/318/300 225/320/301 224/319/301
f 226/321/302 227/322/303 228/323/304
f 226/321/302 228/323/304 229/324/304
f 230/325/305 214/309/306 231/326/307
f 214/309/306 216/311/307 231/326/307
f 232/327/308 218/313/309 233/328/310
f 218/313/309 220/315/310 233/328/310
f 234/329/311 222/317/312 235/330/313
f 222/317/312 224/319/313 235/330/313
f 236/331/314 226/321/315 229/324/316
f 236/331/314 229/324/316 237/332/316
f 238/333/317 230/325/318 239/334/319
f 230/325/318 231/326/319 239/334/319
f 240/335/320 232/327/321 241/336/322
f 232/327/321 233/328/322 241/336/322
f 242/337/323 234/329/324 243/338/325
f 234/329/324 235/330/325 243/338/325
f 244/339/326 236/331/327 237/332/328
f 244/339/326 237/332/328 245/340/328
f 246/341/329 238/333/330 247/342/331
f 238/333/330 239/334/331 247/342/331
f 248/343/332 240/335/333 249/344/334
f 240/335/333 241/336/334 249/344/334
f 250/345/335 242/337/336 251/346/337
f 242/337/336 243/338/337 251/346/337
f 252/347/338 244/339/339 245/340/340
f 252/347/338 245/340/340 253/348/340
f 254/349/341 246/341/342 247/342/343
f 254/349/341 247/342/343 255/350/343
f 256/351/344 248/343/345 249/344/346
f 256/351/344 249/344/346 257/352/346
f 258/353/347 250/345/348 251/346/349
f 258/353/347 251/346/349 259/354/349
f 260/355/350 252/347/351 261/356/352
f 252/347/351 253/348/352 261/356/352
f 262/357/353 254/349/354 255/350/355
f 262/357/353 255/350/355 263/358/355
f 264/359/356 256/351/357 257/352/358
f 264/359/356 257/352/358 265/360/358
f 266/361/359 258/353/360 259/354/361
f 266/361/359 259/354/361 267/362/361
f 268/363/362 260/355/363 269/364/364
f 260/355/363 261/356/365 269/364/364
f 270/365/366 262/357/367 263/358/368
f 270/365/366 263/358/368 271/366/368
f 272/367/369 264/359/370 265/360/371
f 272/367/369 265/360/371 273/368/371
f 274/369/372 266/361/373 267/362/374
f 274/369/372 267/362/374 275/370/374
f 276/371/375 268/363/376 277/372/377
f 268/363/376 269/364/377 277/372/377
f 215/373/378 270/365/379 271/366/380
f 215/373/378 271/366/380 217/374/380
f 219/375/381 272/367/382 273/368/383
f 219/375/381 273/368/383 221/376/383
f 223/377/384 274/369/385 275/370/386
f 223/377/384 275/370/386 225/378/386
f 227/379/387 276/371/388 228/380/389
f 276/371/388 277/372/389 228/380/389
f 278/381/390 274/369/385 279/382/390
f 274/369/385 223/377/384 279/382/390
f 280/383/391 266/361/373 278/381/391
f 266/361/373 274/369/372 278/381/391
f 281/384/392 258/353/360 280/383/392
f 258/353/360 266/361/359 280/383/392
f 282/385/393 250/345/348 281/384/393
f 250/345/348 258/353/347 281/384/393
f 283/386/394 242/337/336 250/345/335
f 283/386/394 250/345/335 282/385/394
f 284/387/395 234/329/324 242/337/323
f 284/387/395 242/337/323 283/386/395
f 285/388/396 222/317/312 234/329/311
f 285/388/396 234/329/311 284/387/396
f 279/389/397 223/318/300 222/317/299
f 279/389/397 222/317/299 285/388/397
f 271/366/398 276/371/388 227/379/387
f 271/366/398 227/379/387 217/374/398
f 263/358/399 268/363/376 276/371/375
f 263/358/399 276/371/375 271/366/399
f 255/350/400 260/355/363 268/363/362
f 255/350/400 268/363/362 263/358/400
f 247/342/401 252/347/351 260/355/350
f 247/342/401 260/355/350 255/350/401
f 239/334/402 244/339/339 247/342/402
f 244/339/339 252/347/338 247/342/402
f 231/326/403 236/331/327 239/334/403
f 236/331/327 244/339/326 239/334/403
f 216/311/404 226/321/315 231/326/404
f 226/321/315 236/331/314 231/326/404
f 217/312/405 227/322/303 216/311/405
f 227/322/303 226/321/302 216/311/405
f 275/370/406 272/367/382 219/375/381
f 275/370/406 219/375/381 225/378/406
f 267/362/407 264/359/370 272/367/369
f 267/362/407 272/367/369 275/370/407
f 259/354/408 256/351/357 264/359/356
f 259/354/408 264/359/356 267/362/408
f 251/346/409 248/343/345 256/351/344
f 251/346/409 256/351/344 259/354/409
f 243/338/410 240/335/333 251/346/410
f 240/335/333 248/343/332 251/346/410
f 235/330/411 232/327/321 243/338/411
f 232/327/321 240/335/320 243/338/411
f 224/319/412 218/313/309 235/330/413
f 218/313/309 232/327/308 235/330/413
f 225/320/414 219/314/297 224/319/414
f 219/314/297 218/313/296 224/319/414
f 273/368/415 270/365/379 215/373/378
f 273/368/415 215/373/378 221/376/415
f 265/360/416 262/357/367 270/365/366
f 265/360/416 270/365/366 273/368/416
f 257/352/417 254/349/354 262/357/353
f 257/352/417 262/357/353 265/360/417
f 249/344/418 246/341/342 254/349/341
f 249/344/418 254/349/341 257/352/418
f 241/336/419 238/333/330 249/344/419
f 238/333/330 246/341/329 249/344/419
f 233/328/420 230/325/318 241/336/420
f 230/325/318 238/333/317 241/336/420
f 220/315/421 214/309/306 233/328/421
f 214/309/306 230/325/305 233/328/421
f 221/316/422 215/310/293 220/315/422
f 215/310/293 214/309/292 220/315/422
f 285/390/423 284/391/423 283/392/423
f 285/390/423 283/392/423 282/393/423
f 285/390/423 282/393/423 281/394/423
f 285/390/423 281/394/423 280/395/423
f 285/390/423 280/395/423 278/381/423
f 285/390/423 278/381/423 279/382/423
f 229/396/424 228/380/424 277/372/424
f 229/396/424 277/372/424 269/397/424
f 229/396/424 269/397/424 261/398/424
f 229/396/424 261/398/424 253/399/424
f 229/396/424 253/399/424 245/400/424
f 229/396/424 245/400/424 237/401/424
s off
g Head_uv_standardSurface10SG_1
v -0.349431 6.38355 -2.37773
v -0.324976 5.72692 -2.38524
v 0 5.72692 -2.26365
v 0 6.38355 -2.24699
v 0.349431 6.38355 -2.37773
v 0.324976 5.72692 -2.38524
v -0.353914 6.88142 -2.37409
v 0 6.88142 -2.24167
v 0.353914 6.88142 -2.37409
v -0.340291 7.58752 -2.33114
v 0 7.58752 -2.20382
v 0.340291 7.58752 -2.33114
v 0 8.33904 -2.4953
v 0 8.267 -2.2672
v 0.221201 8.267 -2.2672
v 0.296972 8.33904 -2.4953
v -0.347172 5.25852 -2.66494
v -0.283947 5.25852 -2.85725
v 0 5.09473 -2.66801
v 0 5.25852 -3.01085
v 0.154757 5.25852 -2.98649
v 0 5.25852 -2.31235
v -0.283947 5.25852 -2.41859
v 0.283947 5.25852 -2.41859
v 0.347172 5.25852 -2.66494
v 0.397336 5.72692 -2.66718
v 0.427236 6.38355 -2.68089
v 0.432718 6.88142 -2.68113
v 0.416061 7.58752 -2.62637
v -0.427236 6.38355 -2.68089
v -0.397336 5.72692 -2.66718
v -0.432718 6.88142 -2.68113
v -0.416061 7.58752 -2.62637
v -0.29857 8.11766 -2.28722
v -0.221201 8.267 -2.2672
v -0.365051 8.11766 -2.54625
v -0.296972 8.33904 -2.4953
v 0 8.11766 -2.22586
v 0.29857 8.11766 -2.28722
v 0.365051 8.11766 -2.54625
v -0.104385 8.33904 -2.77131
v -0.221201 8.33904 -2.65645
v 0.221201 8.33904 -2.65645
v 0.104385 8.33904 -2.77131
v -0.185466 7.58752 -2.98765
v -0.340291 7.56107 -2.85824
v -0.163319 8.11766 -2.86018
v -0.29857 8.11766 -2.74673
v -0.192891 6.88142 -3.0541
v -0.353914 6.87219 -2.92089
v -0.190447 6.38355 -3.07659
v -0.349431 6.38613 -2.91761
v 0.340291 7.56107 -2.85824
v 0.185466 7.58752 -2.98765
v 0.163319 8.11766 -2.86018
v 0.29857 8.11766 -2.74673
v 0.192891 6.88142 -3.0541
v 0.353914 6.87219 -2.92089
v 0.190447 6.38355 -3.07659
v 0.349431 6.38613 -2.91761
v -0.177119 5.72692 -3.03519
v -0.324976 5.72692 -2.88728
v 0.177119 5.72692 -3.03519
v 0.324976 5.72692 -2.88728
v 0 6.88142 -3.08192
v 0 7.58752 -3.01172
v 0 6.38355 -3.10096
v 0 5.72692 -3.05955
v 0 8.33904 -2.81127
v 0 8.11766 -2.88436
v -0.154757 5.25852 -2.98649
v 0.283947 5.25852 -2.85725
vn -0.350369 -0.017587 0.936446
vn -0.350325 -0.02375 0.936327
vn 0 -0.025357 0.999678
vn 0 -0.018846 0.999822
vn 0.350369 -0.017587 0.936446
vn 0.350325 -0.02375 0.936327
vn -0.35023 -0.033178 0.936076
vn 0 -0.03588 0.999356
vn 0.35023 -0.033178 0.936076
vn -0.325155 -0.034579 0.945028
vn 0 -0.035328 0.999376
vn 0.325155 -0.034579 0.945028
vn 0 0.974241 0.225508
vn 0 0.95356 0.301202
vn 0 0.974206 0.225659
vn -0.325636 -0.929069 0.175479
vn -0.370272 -0.90137 -0.224566
vn -0 -0.988488 0.1513
vn -0 -0.902314 -0.43108
vn 0.198261 -0.90748 -0.370369
vn -0 -0.956619 0.291343
vn -0.283724 -0.917307 0.27937
vn 0.283724 -0.917307 0.279371
vn 0.325636 -0.929069 0.175479
vn 0.968271 -0.026341 0.24851
vn 0.967875 -0.038886 0.248408
vn 0.998963 -0.045374 0.003737
vn 0.999539 -0.030311 -0.001858
vn 0.968605 -0.002134 0.248595
vn 0.99991 0.010097 -0.008837
vn 0.968269 0.026425 0.248509
vn 0.998496 0.054696 -0.003795
vn -0.999539 -0.030311 -0.001858
vn -0.998963 -0.045374 0.003737
vn -0.967875 -0.038886 0.248408
vn -0.968271 -0.026341 0.24851
vn -0.99991 0.010097 -0.008837
vn -0.968605 -0.002134 0.248595
vn -0.998496 0.054696 -0.003795
vn -0.968269 0.026425 0.248509
vn -0.904274 0.295857 0.307827
vn -0.928312 0.367765 -0.054636
vn -0.933999 0.356526 0.023112
vn -0.116627 0.10077 0.98805
vn 0 0.101463 0.994839
vn 0.116627 0.10077 0.98805
vn 0.904274 0.295857 0.307827
vn 0.928312 0.367765 -0.054636
vn 0.933999 0.356527 0.023112
vn 0 -0.009019 0.999959
vn -0.283221 -0.00865 0.959016
vn 0.283221 -0.00865 0.959016
vn 0 1 0
vn 0.995531 0.091128 0.024757
vn 0.967112 0.055544 0.248212
vn -0.967112 0.055544 0.248212
vn -0.995531 0.091128 0.024757
vn -0.642498 0.131435 -0.754931
vn -0.642524 0.130059 -0.755148
vn -0.639565 0.200776 -0.742055
vn -0.656784 0.049931 -0.752423
vn -0.656708 0.0501 -0.752479
vn -0.693295 -0.029821 -0.720037
vn -0.693104 -0.029407 -0.720237
vn 0.642524 0.130059 -0.755148
vn 0.642498 0.131435 -0.754931
vn 0.639566 0.200776 -0.742055
vn 0.656784 0.049931 -0.752423
vn 0.656708 0.0501 -0.752479
vn 0.693295 -0.029821 -0.720037
vn 0.693104 -0.029407 -0.720237
vn -0.706192 -0.058743 -0.70558
vn 0.706192 -0.058743 -0.70558
vn -0.598867 0.451875 -0.661186
vn 0.598867 0.451875 -0.661186
vn -0.135097 0.07337 -0.988112
vn -0.134723 0.153559 -0.978912
vn -0 0.07369 -0.997281
vn 0 0.154067 -0.98806
vn 0.134723 0.153559 -0.978912
vn 0.135097 0.07337 -0.988112
vn -0.132939 -0.017072 -0.990977
vn -0 -0.017623 -0.999845
vn 0.132939 -0.017072 -0.990977
vn -0.131141 -0.063713 -0.989314
vn -0 -0.064268 -0.997933
vn 0.131141 -0.063713 -0.989314
vn 0.949475 -0.032237 -0.312181
vn 0.948736 -0.049638 -0.312146
vn 0.949358 0.021515 -0.31346
vn 0.945715 0.077739 -0.315564
vn -0.949475 -0.032237 -0.312181
vn -0.948736 -0.049638 -0.312146
vn -0.949358 0.021515 -0.31346
vn -0.945715 0.077739 -0.315564
vn -0.857237 0.389154 -0.3372
vn -0.152559 0.263412 -0.952544
vn -0.217312 0.360674 -0.907022
vn 0 0.369505 -0.929229
vn 0 0.268738 -0.963213
vn 0.152559 0.263412 -0.952544
vn 0.217312 0.360674 -0.907022
vn 0.857237 0.389154 -0.3372
vn 0.938581 0.13601 -0.317123
vn -0.938581 0.13601 -0.317123
vn -0.944957 -0.102689 -0.310662
vn -0.703196 -0.106663 -0.70295
vn -0.144441 -0.105748 -0.983847
vn 0.144441 -0.105748 -0.983847
vn 0.703196 -0.106663 -0.70295
vn 0.944957 -0.102689 -0.310662
vn -0.348773 -0.096928 0.932181
vn -0.963554 -0.10201 0.247299
vn 0.348773 -0.096928 0.932181
vn 0.963554 -0.10201 0.247299
vn -0.198261 -0.90748 -0.370369
vn 0.370272 -0.90137 -0.224566
vt 0.823002 0.857464
vt 0.846567 0.855903
vt 0.847843 0.86796
vt 0.823144 0.870537
vt 0.824047 0.776274
vt 0.848709 0.779301
vt 0.823654 0.789346
vt 0.847187 0.791355
vt 0.80489 0.856936
vt 0.8037 0.870346
vt 0.804598 0.776099
vt 0.805533 0.789529
vt 0.779282 0.854496
vt 0.776529 0.866851
vt 0.777358 0.77908
vt 0.779881 0.791481
vt 0.744714 0.790581
vt 0.752536 0.787315
vt 0.755373 0.794636
vt 0.748685 0.800276
vt 0.883596 0.778784
vt 0.888422 0.784503
vt 0.876871 0.789757
vt 0.887758 0.796376
vt 0.884013 0.800722
vt 0.865525 0.782997
vt 0.874546 0.776114
vt 0.863752 0.793873
vt 0.87024 0.800728
vt 0.846624 0.801575
vt 0.82369 0.80034
vt 0.80641 0.800556
vt 0.781867 0.801735
vt 0.823249 0.846474
vt 0.846203 0.84568
vt 0.805977 0.845928
vt 0.781463 0.844281
vt 0.760563 0.85073
vt 0.754806 0.850845
vt 0.76292 0.841844
vt 0.754694 0.841036
vt 0.757155 0.86058
vt 0.751999 0.858257
vt 0.757834 0.785008
vt 0.761098 0.794885
vt 0.763286 0.803813
vt 0.755051 0.80446
vt 0.740709 0.780915
vt 0.749528 0.780136
vt 0.734322 0.790918
vt 0.736485 0.785562
vt 0.742442 0.79997
vt 0.737136 0.797714
vt 0.783586 0.829339
vt 0.783745 0.836267
vt 0.765196 0.828648
vt 0.764467 0.834739
vt 0.80716 0.830005
vt 0.80702 0.837222
vt 0.823653 0.830019
vt 0.823388 0.837799
vt 0.783998 0.809791
vt 0.783707 0.816714
vt 0.765307 0.817051
vt 0.764696 0.810947
vt 0.807289 0.816499
vt 0.807287 0.809281
vt 0.823779 0.816801
vt 0.823663 0.809017
vt 0.845967 0.830018
vt 0.846043 0.837465
vt 0.846089 0.817232
vt 0.846307 0.809787
vt 0.755789 0.834
vt 0.756608 0.827363
vt 0.756697 0.818171
vt 0.756007 0.811519
vt 0.807296 0.823253
vt 0.783765 0.823028
vt 0.823784 0.823411
vt 0.846054 0.823625
vt 0.757053 0.822771
vt 0.765205 0.822849
vt 0.862624 0.844336
vt 0.862463 0.836727
vt 0.862392 0.829777
vt 0.862403 0.823784
vt 0.862504 0.817792
vt 0.862704 0.810848
vt 0.863004 0.80325
vt 0.863207 0.853744
vt 0.864631 0.864454
vt 0.734429 0.794856
vt 0.889902 0.791052
vt 0.877521 0.802407
usemtl standardSurface10SG
f 286/402/425 287/403/426 288/404/427
f 286/402/425 288/404/427 289/405/428
f 289/406/428 288/407/427 290/408/429
f 288/407/427 291/409/430 290/408/429
f 292/410/431 286/402/425 289/405/428
f 292/410/431 289/405/428 293/411/432
f 293/412/432 289/406/428 290/408/429
f 293/412/432 290/408/429 294/413/433
f 295/414/434 292/410/431 293/411/432
f 295/414/434 293/411/432 296/415/435
f 296/416/435 293/412/432 294/413/433
f 296/416/435 294/413/433 297/417/436
f 298/418/437 299/419/438 300/420/438
f 298/418/437 300/420/438 301/421/439
f 302/422/440 303/423/441 304/424/442
f 304/424/442 305/425/443 306/426/444
f 307/427/445 308/428/446 304/424/442
f 308/428/446 302/422/440 304/424/442
f 309/429/447 307/427/445 304/424/442
f 309/429/447 304/424/442 310/430/448
f 290/408/449 291/409/450 311/431/451
f 290/408/449 311/431/451 312/432/452
f 294/413/453 290/408/449 312/432/452
f 294/413/453 312/432/452 313/433/454
f 297/417/455 294/413/453 313/433/454
f 297/417/455 313/433/454 314/434/456
f 315/435/457 316/436/458 287/403/459
f 315/435/457 287/403/459 286/402/460
f 317/437/461 315/435/457 286/402/460
f 317/437/461 286/402/460 292/410/462
f 318/438/463 317/437/461 292/410/462
f 318/438/463 292/410/462 295/414/464
f 319/439/465 320/440/465 321/441/466
f 320/440/465 322/442/467 321/441/466
f 320/440/468 319/439/468 323/443/469
f 320/440/468 323/443/469 299/444/469
f 299/419/469 323/445/469 300/420/470
f 323/445/469 324/446/470 300/420/470
f 300/420/471 324/446/471 325/447/472
f 300/420/471 325/447/472 301/448/473
f 323/443/474 319/439/475 295/414/434
f 323/443/474 295/414/434 296/415/435
f 324/446/476 323/445/474 297/417/436
f 323/445/474 296/416/435 297/417/436
f 322/449/439 320/450/438 299/419/438
f 322/449/439 299/419/438 298/418/437
f 298/418/437 326/451/477 327/452/477
f 297/417/455 314/434/456 325/447/478
f 297/417/455 325/447/478 324/446/479
f 319/439/480 321/441/481 295/414/464
f 321/441/481 318/438/463 295/414/464
f 328/453/477 329/454/477 298/418/437
f 330/455/482 331/456/483 332/457/484
f 331/456/483 333/458/484 332/457/484
f 331/456/483 330/455/482 334/459/485
f 331/456/483 334/459/485 335/460/486
f 335/460/486 334/459/485 336/461/487
f 335/460/486 336/461/487 337/462/488
f 338/463/489 339/464/490 340/465/491
f 338/463/489 340/465/491 341/466/491
f 339/464/490 338/463/489 342/467/492
f 338/463/489 343/468/493 342/467/492
f 342/467/492 343/468/493 344/469/494
f 343/468/493 345/470/495 344/469/494
f 337/462/488 336/461/487 346/471/496
f 337/462/488 346/471/496 347/472/496
f 344/469/494 345/470/495 348/473/497
f 345/470/495 349/474/497 348/473/497
f 327/475/498 326/476/498 333/458/498
f 326/476/498 332/457/498 333/458/498
f 329/477/499 328/478/499 341/466/499
f 329/477/499 341/466/499 340/465/499
f 334/459/500 330/455/501 350/479/502
f 330/455/501 351/480/503 350/479/502
f 350/479/502 351/480/503 339/464/504
f 350/479/502 339/464/504 342/467/505
f 336/461/506 334/459/500 352/481/507
f 334/459/500 350/479/502 352/481/507
f 352/481/507 350/479/502 342/467/505
f 352/481/507 342/467/505 344/469/508
f 346/471/509 336/461/506 353/482/510
f 336/461/506 352/481/507 353/482/510
f 353/482/510 352/481/507 344/469/508
f 353/482/510 344/469/508 348/473/511
f 312/432/452 311/431/451 345/470/512
f 311/431/451 349/474/513 345/470/512
f 313/433/454 312/432/452 345/470/512
f 313/433/454 345/470/512 343/468/514
f 314/434/456 313/433/454 338/463/515
f 313/433/454 343/468/514 338/463/515
f 337/462/516 347/472/517 316/436/458
f 337/462/516 316/436/458 315/435/457
f 335/460/518 337/462/516 317/437/461
f 337/462/516 315/435/457 317/437/461
f 331/456/519 335/460/518 317/437/461
f 331/456/519 317/437/461 318/438/463
f 327/475/520 333/458/520 322/442/467
f 333/458/520 321/441/466 322/442/467
f 332/457/521 326/476/522 354/483/523
f 332/457/521 354/483/523 355/484/524
f 355/484/524 354/483/523 340/465/525
f 354/483/523 329/477/526 340/465/525
f 341/466/527 328/478/527 301/448/473
f 341/466/527 301/448/473 325/447/472
f 351/480/503 330/455/501 355/484/524
f 330/455/501 332/457/521 355/484/524
f 339/464/504 351/480/503 355/484/524
f 339/464/504 355/484/524 340/465/525
f 314/434/456 338/463/515 325/447/478
f 338/463/515 341/466/528 325/447/478
f 321/441/481 333/458/529 331/456/519
f 321/441/481 331/456/519 318/438/463
f 316/436/530 347/472/530 302/485/530
f 347/472/530 303/486/530 302/485/530
f 347/472/531 346/471/531 356/487/531
f 347/472/531 356/487/531 303/486/531
f 346/471/532 353/482/532 305/488/532
f 346/471/532 305/488/532 356/487/532
f 353/482/533 348/473/533 305/488/533
f 348/473/533 306/489/533 305/488/533
f 348/473/534 349/474/534 306/489/534
f 349/474/534 357/490/534 306/489/534
f 349/474/535 311/431/535 310/491/535
f 349/474/535 310/491/535 357/490/535
f 288/404/536 287/403/536 308/492/536
f 288/404/536 308/492/536 307/493/536
f 287/403/537 316/436/537 302/485/537
f 287/403/537 302/485/537 308/492/537
f 291/409/538 288/407/538 309/429/538
f 288/407/538 307/427/538 309/429/538
f 311/431/539 291/409/539 310/491/539
f 291/409/539 309/429/539 310/491/539
f 298/418/437 327/452/477 322/449/439
f 354/494/477 326/451/477 298/418/437
f 298/418/437 329/454/477 354/494/477
f 328/453/477 298/418/437 301/421/439
f 304/424/442 356/495/540 305/425/443
f 304/424/442 303/423/441 356/495/540
f 304/424/442 357/496/541 310/430/448
f 304/424/442 306/426/444 357/496/541
s off
g Head_uv_standardSurface10SG_2
v 2.2228 7.76482 -0.106388
v 2.0426 7.19324 0.067495
v 2.32041 7.81743 0.167737
v 2.14022 7.24586 0.34162
v 2.2574 6.70444 0.012771
v 2.35502 6.75705 0.286896
v 2.88659 6.69747 -0.167089
v 2.93479 6.75009 0.107036
v 3.10493 7.37729 -0.35413
v 3.19745 7.42991 -0.080005
v 2.82015 7.84759 -0.334993
v 2.91777 7.90021 -0.060869
v -2.2228 7.76482 -0.106388
v -2.32041 7.81743 0.167737
v -2.0426 7.19324 0.067495
v -2.14022 7.24586 0.34162
v -2.35502 6.75705 0.286896
v -2.2574 6.70444 0.012771
v -2.93479 6.75009 0.107035
v -2.88659 6.69747 -0.167089
v -3.19745 7.42991 -0.080005
v -3.10493 7.37729 -0.354131
v -2.82015 7.84759 -0.334994
v -2.91777 7.90021 -0.060869
vn -0.898688 0.359676 0.250983
vn -0.832595 -0.407837 0.374772
vn 0.041541 -0.983211 0.177679
vn 0.914917 -0.368809 -0.164035
vn 0.790555 0.489408 -0.368106
vn -0.182049 0.975636 -0.122446
vn -0.329256 -0.136774 -0.934282
vn 0.33582 0.129807 0.932939
vn 0.898688 0.359677 0.250982
vn 0.832596 -0.407836 0.374771
vn -0.041542 -0.983211 0.17768
vn -0.914917 -0.368809 -0.164035
vn -0.914916 -0.368809 -0.164035
vn -0.790554 0.489408 -0.368108
vn 0.18205 0.975636 -0.122444
vn 0.329257 -0.136774 -0.934282
vn -0.33582 0.129807 0.932939
vt 0.212098 0.140539
vt 0.212272 0.119471
vt 0.222948 0.140564
vt 0.222889 0.119154
vt 0.208255 0.099662
vt 0.219515 0.09933
vt 0.209476 0.074262
vt 0.22033 0.076304
vt 0.214866 0.045464
vt 0.226341 0.047346
vt 0.211232 0.189967
vt 0.211517 0.166359
vt 0.223606 0.189709
vt 0.223646 0.166308
vt 0.193383 0.150617
vt 0.199703 0.106925
vt 0.179373 0.114516
vt 0.179317 0.13906
vt 0.241787 0.151292
vt 0.256255 0.139842
vt 0.255513 0.114337
vt 0.236329 0.106568
vt 0.316479 0.143767
vt 0.305492 0.143751
vt 0.315853 0.122629
vt 0.306072 0.122637
vt 0.307549 0.104608
vt 0.318416 0.10442
vt 0.305629 0.080971
vt 0.317111 0.078722
vt 0.299249 0.049113
vt 0.311859 0.047166
vt 0.316071 0.191198
vt 0.304422 0.190532
vt 0.31682 0.169085
vt 0.305222 0.168818
vt 0.336119 0.153312
vt 0.350106 0.141024
vt 0.349021 0.116329
vt 0.328256 0.109561
vt 0.285722 0.153346
vt 0.293671 0.109547
vt 0.274382 0.115801
vt 0.271875 0.140959
usemtl standardSurface10SG
f 358/497/542 359/498/542 360/499/542
f 359/498/542 361/500/542 360/499/542
f 359/498/543 362/501/543 363/502/543
f 359/498/543 363/502/543 361/500/543
f 362/501/544 364/503/544 365/504/544
f 362/501/544 365/504/544 363/502/544
f 364/503/545 366/505/545 367/506/545
f 364/503/545 367/506/545 365/504/545
f 366/507/546 368/508/546 367/509/546
f 368/508/546 369/510/546 367/509/546
f 368/508/547 358/497/547 360/499/547
f 368/508/547 360/499/547 369/510/547
f 359/498/548 358/497/548 368/511/548
f 362/512/548 359/498/548 368/511/548
f 364/513/548 362/512/548 368/511/548
f 366/514/548 364/513/548 368/511/548
f 369/515/549 360/499/549 361/500/549
f 367/516/549 369/515/549 361/500/549
f 365/517/549 367/516/549 361/500/549
f 363/518/549 365/517/549 361/500/549
f 370/519/550 371/520/550 372/521/550
f 371/520/550 373/522/550 372/521/550
f 372/521/551 373/522/551 374/523/551
f 372/521/551 374/523/551 375/524/551
f 375/524/552 374/523/552 376/525/552
f 375/524/552 376/525/552 377/526/552
f 377/526/553 376/525/554 378/527/553
f 377/526/553 378/527/553 379/528/553
f 379/529/555 378/530/555 380/531/555
f 378/530/555 381/532/555 380/531/555
f 380/531/556 381/532/556 370/519/556
f 381/532/556 371/520/556 370/519/556
f 380/533/557 370/519/557 372/521/557
f 379/534/557 380/533/557 372/521/557
f 377/535/557 379/534/557 372/521/557
f 375/536/557 377/535/557 372/521/557
f 373/522/558 371/520/558 381/537/558
f 374/538/558 373/522/558 381/537/558
f 376/539/558 374/538/558 381/537/558
f 378/540/558 376/539/558 381/537/558
s off
g Head_uv_standardSurface10SG_3
v -1.49909 6.14595 1.70769
v -0.932178 5.86615 1.90204
v -0.94273 6.37069 2.26195
v -1.63769 6.42525 1.81887
v 0 6.87577 2.71365
v -0.167244 6.84384 2.59586
v -0.093999 6.80736 2.55722
v 0 6.77125 2.54543
v 0.093999 6.80736 2.55722
v 0.167244 6.84384 2.59586
v 0.932178 5.86615 1.90204
v 1.49909 6.14595 1.70769
v 0.94273 6.37069 2.26195
v 1.63769 6.42525 1.81887
v -1.74026 6.84419 1.90127
v -0.958559 6.84524 2.45609
v -1.7884 7.08856 1.85458
v -0.969355 7.08331 2.46079
v 0 6.99323 2.65202
v 0.958559 6.84524 2.45609
v 1.74026 6.84419 1.90127
v 1.7884 7.08856 1.85458
v 0.969355 7.08331 2.46079
v -1.90073 7.65874 1.74563
v -0.994544 7.63879 2.32788
v -1.81386 8.62189 1.88175
v -0.94317 8.64396 2.45735
v 0 7.65597 2.53691
v 0 8.7069 2.59694
v 0.994544 7.63879 2.32788
v 0.94317 8.64396 2.45735
v 1.90073 7.65874 1.74563
v 1.81386 8.62189 1.88175
v -1.61553 9.41742 1.72347
v -0.880555 9.66385 2.13084
v 0 9.81446 2.29417
v 0.880555 9.66385 2.13084
v 1.61553 9.41742 1.72347
v -0.966513 10.3587 1.12155
v -1.87108 9.83271 1.05489
v 0 10.5247 1.15543
v 0.966513 10.3587 1.12155
v 1.87108 9.83271 1.05489
v -1.11856 10.5949 0.045172
v -2.06698 10.0151 0.045447
v 0 10.8077 0.059209
v 1.11856 10.5949 0.045172
v 2.06698 10.0151 0.045447
v -1.86657 9.78756 -0.917276
v -1.08163 10.3616 -1.02421
v 0 10.5687 -1.07715
v 1.08163 10.3616 -1.02421
v 1.86657 9.78756 -0.917276
v -1.59048 9.55131 -1.51308
v -0.983943 9.8033 -1.77952
v 0 9.97381 -1.95894
v 0.983943 9.8033 -1.77952
v 1.59048 9.55131 -1.51308
v -1.02893 9.02777 -2.26963
v -1.82164 8.94416 -1.73093
v 0 9.05498 -2.41974
v 1.02893 9.02777 -2.26963
v 1.82164 8.94416 -1.73093
v -1.02561 7.98599 -2.39305
v -1.95511 7.97916 -1.87953
v 0 7.99497 -2.60195
v 1.02561 7.98599 -2.39305
v 1.95511 7.97916 -1.87953
v -1.84646 7.33981 -1.78044
v -1.00707 7.33928 -2.26937
v -1.79989 7.0658 -1.73797
v -0.999131 7.06212 -2.21637
v 0 7.28591 -2.44926
v 0 6.98202 -2.38382
v 1.00707 7.33928 -2.26937
v 0.999131 7.06212 -2.21637
v 1.84646 7.33981 -1.78044
v 1.79989 7.0658 -1.73797
v -1.65021 6.75644 -1.59703
v -0.95819 6.67503 -1.92021
v -1.55042 6.55021 -1.50307
v -0.930897 6.41697 -1.72277
v 0 6.49535 -2.07803
v 0 6.1709 -1.87417
v 0.95819 6.67503 -1.92021
v 0.930897 6.41697 -1.72277
v 1.65021 6.75644 -1.59703
v 1.55042 6.55021 -1.50307
v -0.961065 5.89462 -0.928243
v -1.81125 6.37114 -0.925469
v 0 5.65695 -0.949484
v 0.961065 5.89462 -0.928243
v 1.81125 6.37114 -0.925469
v -1.93438 6.08789 0.050215
v -0.985586 5.64362 0.046816
v 0 5.45837 0.051105
v 0.985586 5.64354 0.046816
v 1.93438 6.08782 0.050215
v -0.963641 5.63882 1.05823
v -1.79364 6.06025 1.07037
v 0 5.40351 1.0495
v 0.963641 5.63882 1.05823
v 1.79364 6.06025 1.07037
v 0 5.68083 1.93023
v 2.01522 6.6205 -0.96288
v 2.1785 6.42227 0.04711
v 2.09799 6.3853 0.983983
v 2.32117 6.99454 -1.019
v 2.37526 7.25664 -1.02059
v 2.54469 6.92396 0.042452
v 2.58675 7.18363 0.037388
v 2.37173 6.87289 0.976414
v 2.40915 7.1282 0.963871
v 2.50146 7.86822 -1.02432
v 2.34715 8.90366 -1.00312
v 2.68489 7.78954 0.025571
v 2.58533 8.76552 0.029167
v 2.49647 7.72392 0.934606
v 2.39778 8.66617 0.924507
v -2.01522 6.6205 -0.96288
v -2.1785 6.42232 0.04711
v -2.09799 6.3853 0.983983
v -2.32117 6.99454 -1.019
v -2.37526 7.25664 -1.02059
v -2.54469 6.92396 0.042452
v -2.58675 7.18363 0.037388
v -2.37173 6.87289 0.976414
v -2.40915 7.1282 0.963871
v -2.50146 7.86822 -1.02432
v -2.34715 8.90366 -1.00312
v -2.68489 7.78954 0.025571
v -2.58533 8.76552 0.029167
v -2.49647 7.72392 0.934606
v -2.39778 8.66617 0.924507
v -0.98015 7.32137 2.4171
v -0.111496 7.3282 2.47782
v 0 6.26308 2.31374
v 0.111496 7.3282 2.47782
v 0.98015 7.32137 2.4171
v 0 7.34908 2.55664
v 0 7.11892 2.60977
v 0.195118 7.08238 2.46953
v -0.195118 7.08238 2.46953
v 0 6.73291 2.43751
v -0.13937 6.77113 2.47339
v 0.13937 6.77113 2.47339
v 0.27874 6.85471 2.47296
v -0.27874 6.85471 2.47296
v -1.83654 7.33292 1.80789
v -2.44657 7.38351 0.951329
v -2.62881 7.44331 0.032324
v -2.42935 7.51875 -1.02219
v -1.89302 7.61382 -1.82291
v -1.01502 7.61644 -2.32237
v 0 7.58979 -2.5147
v 1.01502 7.61644 -2.32237
v 1.89302 7.61382 -1.82291
v 2.42935 7.51875 -1.02219
v 2.62881 7.44331 0.032324
v 2.44657 7.38351 0.951329
v 1.83654 7.33292 1.80789
vn -0.491255 -0.515458 0.70212
vn -0.23723 -0.556342 0.79637
vn -0.270217 -0.445939 0.8533
vn -0.524151 -0.392772 0.755642
vn 0 -0.312009 0.950079
vn -0.641716 -0.055203 0.764953
vn -0.259912 -0.853667 0.451329
vn 0 -0.889208 0.457503
vn 0.259912 -0.853667 0.451329
vn 0.641716 -0.055203 0.764953
vn 0.23723 -0.556342 0.79637
vn 0.491255 -0.515458 0.70212
vn 0.270217 -0.445939 0.8533
vn 0.524151 -0.392772 0.755642
vn -0.566013 -0.187266 0.802846
vn -0.311181 -0.231777 0.921654
vn -0.586205 0.047207 0.808787
vn -0.357395 0.042446 0.932988
vn 0 0.369124 0.92938
vn 0.311181 -0.231777 0.921654
vn 0.566013 -0.187266 0.802845
vn 0.586205 0.047208 0.808787
vn 0.357395 0.042446 0.932988
vn -0.548512 -0.028969 0.835641
vn -0.383507 -0.036054 0.922834
vn -0.549275 0.078306 0.831965
vn -0.360185 0.094746 0.928057
vn 0 -0.058354 0.998296
vn -0 0.109744 0.99396
vn 0.383507 -0.036054 0.922834
vn 0.360185 0.094746 0.928057
vn 0.548512 -0.028969 0.835641
vn 0.549275 0.078306 0.831965
vn -0.53453 0.288925 0.794229
vn -0.337496 0.290806 0.895281
vn -0 0.288859 0.957372
vn 0.337496 0.290806 0.895281
vn 0.53453 0.288925 0.794229
vn -0.480755 0.683087 0.549789
vn -0.306934 0.775776 0.551329
vn -0.331116 0.857209 0.394404
vn -0.500372 0.777659 0.380624
vn -0 0.83314 0.553061
vn -0 0.915486 0.40235
vn 0.306934 0.775776 0.551329
vn 0.331116 0.857209 0.394404
vn 0.480754 0.683087 0.549789
vn 0.500372 0.777659 0.380624
vn -0.363476 0.931567 0.008206
vn -0.541721 0.840514 0.008645
vn -0 0.999947 0.010329
vn 0.363476 0.931567 0.008206
vn 0.541721 0.840514 0.008645
vn -0.549176 0.761972 -0.343228
vn -0.353214 0.858014 -0.372897
vn 0 0.92245 -0.386117
vn 0.353214 0.858014 -0.372897
vn 0.549176 0.761972 -0.343228
vn -0.532989 0.656654 -0.533599
vn -0.322937 0.758037 -0.566649
vn 0 0.811477 -0.584385
vn 0.322937 0.758037 -0.566649
vn 0.532989 0.656654 -0.533599
vn -0.522301 0.468984 -0.712219
vn -0.312071 0.486427 -0.816089
vn -0.337126 0.296078 -0.893691
vn -0.528808 0.2615 -0.807453
vn 0 0.493265 -0.869879
vn 0 0.311973 -0.950091
vn 0.312071 0.486427 -0.816089
vn 0.337126 0.296078 -0.893691
vn 0.522301 0.468984 -0.712219
vn 0.528808 0.2615 -0.807453
vn -0.343102 0.053168 -0.937792
vn -0.515821 0.054669 -0.85495
vn -0 0.051947 -0.99865
vn 0.343102 0.053168 -0.937792
vn 0.515821 0.054669 -0.85495
vn -0.49349 -0.195602 -0.847471
vn -0.334457 -0.200033 -0.920937
vn -0.463434 -0.40015 -0.790638
vn -0.31254 -0.420421 -0.851801
vn -0 -0.202173 -0.97935
vn -0 -0.448345 -0.89386
vn 0.334457 -0.200033 -0.920937
vn 0.31254 -0.420421 -0.851801
vn 0.49349 -0.195602 -0.847471
vn 0.463434 -0.40015 -0.790638
vn -0.409555 -0.562745 -0.718041
vn -0.297496 -0.563755 -0.770504
vn -0.392994 -0.563579 -0.726591
vn -0.302167 -0.56044 -0.771105
vn -0 -0.574711 -0.818357
vn 0 -0.575664 -0.817686
vn 0.297496 -0.563755 -0.770504
vn 0.302167 -0.56044 -0.771105
vn 0.409554 -0.562745 -0.718041
vn 0.392994 -0.563579 -0.726591
vn -0.396913 -0.780423 -0.483115
vn -0.307354 -0.811684 -0.496691
vn -0.323251 -0.876154 -0.357579
vn -0.427382 -0.835556 -0.345241
vn -0 -0.854375 -0.519657
vn -1e-05 -0.929817 -0.368021
vn 0.307354 -0.811684 -0.496691
vn 0.323239 -0.876147 -0.357606
vn 0.396913 -0.780423 -0.483115
vn 0.427375 -0.835543 -0.345281
vn -0.443314 -0.886452 -0.132946
vn -0.328548 -0.936237 -0.124566
vn -1.9e-05 -0.992145 -0.125095
vn 0.328529 -0.936243 -0.124566
vn 0.443314 -0.886452 -0.132949
vn -0.322209 -0.939413 0.116976
vn -0.447556 -0.888571 0.100676
vn -1.1e-05 -0.993325 0.115346
vn 0.322199 -0.939413 0.117007
vn 0.447554 -0.888566 0.100725
vn -0.459633 -0.843034 0.27934
vn -0.305548 -0.909808 0.280873
vn 0 -0.958686 0.284468
vn 0.305548 -0.909808 0.280873
vn 0.459633 -0.843034 0.27934
vn 0.732289 -0.597161 -0.327339
vn 0.654627 -0.577211 -0.48815
vn 0.728955 -0.598637 -0.332052
vn 0.645382 -0.575215 -0.502603
vn 0.775922 -0.626591 -0.073002
vn 0.798014 -0.597691 -0.077065
vn 0.759257 -0.597837 0.257138
vn 0.811454 -0.52502 0.256702
vn 0.724376 -0.548085 0.418188
vn 0.770403 -0.432198 0.468705
vn 0.815968 -0.454412 -0.357359
vn 0.724941 -0.41 -0.553498
vn 0.794952 -0.196428 -0.573993
vn 0.902188 -0.191641 -0.386433
vn 0.889767 -0.452349 -0.060792
vn 0.985606 -0.16653 -0.02911
vn 0.878439 -0.360674 0.313463
vn 0.913654 -0.10933 0.391513
vn 0.80725 -0.280498 0.519296
vn 0.820231 -0.073201 0.56733
vn 0.931918 0.055123 -0.358456
vn 0.830519 0.07601 -0.551779
vn 0.795818 0.283157 -0.535253
vn 0.892362 0.290639 -0.345281
vn 0.999123 0.041605 -0.004718
vn 0.961202 0.275648 0.010437
vn 0.915959 0.024364 0.400532
vn 0.901643 0.22225 0.371006
vn 0.8257 0.012738 0.563966
vn 0.826361 0.176365 0.534811
vn 0.731333 0.452949 -0.509892
vn 0.84601 0.436926 -0.305552
vn 0.912975 0.407229 0.025318
vn 0.870911 0.350568 0.344407
vn 0.808009 0.305743 0.50363
vn -0.654627 -0.577211 -0.48815
vn -0.732284 -0.597179 -0.32732
vn -0.728947 -0.598651 -0.332043
vn -0.645382 -0.575215 -0.502603
vn -0.775905 -0.626611 -0.073012
vn -0.798 -0.59771 -0.077067
vn -0.759252 -0.597849 0.257126
vn -0.811449 -0.525033 0.256691
vn -0.724376 -0.548086 0.418188
vn -0.770403 -0.432198 0.468705
vn -0.724941 -0.41 -0.553498
vn -0.815965 -0.454419 -0.357356
vn -0.794952 -0.196427 -0.573993
vn -0.902188 -0.191641 -0.386433
vn -0.889762 -0.452359 -0.060792
vn -0.985607 -0.16653 -0.02911
vn -0.878437 -0.36068 0.313461
vn -0.913655 -0.10933 0.391513
vn -0.80725 -0.280498 0.519296
vn -0.820231 -0.073201 0.56733
vn -0.830519 0.07601 -0.551779
vn -0.931918 0.055123 -0.358456
vn -0.795818 0.283158 -0.535253
vn -0.892362 0.290639 -0.345281
vn -0.999123 0.041605 -0.004719
vn -0.961202 0.275648 0.010437
vn -0.915959 0.024364 0.400532
vn -0.901643 0.222251 0.371006
vn -0.8257 0.012738 0.563966
vn -0.826361 0.176365 0.534811
vn -0.731332 0.452949 -0.509892
vn -0.84601 0.436926 -0.305552
vn -0.912975 0.407229 0.025318
vn -0.870911 0.350568 0.344407
vn -0.808009 0.305743 0.50363
vn -0.362668 0.091946 0.927371
vn -0.173594 0.082293 0.981373
vn 0 -0.565403 0.824815
vn 0 -0.476216 0.879328
vn 0.173594 0.082293 0.981373
vn 0.362668 0.091946 0.927371
vn 0 0.168557 0.985692
vn 0 0.292914 0.956139
vn 0.163156 0.099145 0.981606
vn -0.163156 0.099145 0.981606
vn 0 -0.914357 0.404909
vn -0.317457 -0.859274 0.401085
vn 0.317457 -0.859274 0.401085
vn 0.128403 0.017408 0.991569
vn -0.128403 0.017408 0.991569
vn -0.564624 0.110495 0.817919
vn -0.910379 -0.108104 0.399403
vn -0.814179 -0.071109 0.576243
vn -0.985898 -0.166298 -0.018723
vn -0.905731 -0.192229 -0.377755
vn -0.805381 -0.197154 -0.55901
vn -0.482776 -0.195607 -0.853619
vn -0.334839 -0.199638 -0.920884
vn 0 -0.202252 -0.979333
vn 0.334839 -0.199638 -0.920884
vn 0.482776 -0.195607 -0.853619
vn 0.905731 -0.192229 -0.377756
vn 0.805381 -0.197154 -0.55901
vn 0.985898 -0.166298 -0.018723
vn 0.910379 -0.108104 0.399403
vn 0.814179 -0.071109 0.576243
vn 0.564624 0.110495 0.817919
vn 0.054935 -0.339249 0.939091
vn -0.054935 -0.339249 0.939091
vn 0 -0.342498 0.939519
vt 0.597364 0.109709
vt 0.615277 0.096462
vt 0.621552 0.110274
vt 0.59783 0.120269
vt 0.669573 0.131856
vt 0.661714 0.130508
vt 0.663631 0.128381
vt 0.665548 0.126253
vt 0.68971 0.125089
vt 0.69184 0.127003
vt 0.684197 0.129511
vt 0.687581 0.123175
vt 0.739722 0.093918
vt 0.756534 0.109052
vt 0.732695 0.106735
vt 0.755482 0.119413
vt 0.598529 0.13611
vt 0.630966 0.130992
vt 0.596861 0.144328
vt 0.631194 0.139721
vt 0.669287 0.135979
vt 0.684461 0.133779
vt 0.721271 0.127112
vt 0.753905 0.134956
vt 0.755249 0.14357
vt 0.721185 0.136504
vt 0.592971 0.163503
vt 0.631728 0.160089
vt 0.600481 0.195241
vt 0.636887 0.19544
vt 0.667664 0.159339
vt 0.670161 0.199447
vt 0.685954 0.157963
vt 0.720984 0.158418
vt 0.716485 0.196151
vt 0.68402 0.200467
vt 0.758385 0.163671
vt 0.750948 0.196695
vt 0.603486 0.22347
vt 0.632778 0.232436
vt 0.662611 0.243563
vt 0.720009 0.234516
vt 0.690212 0.24559
vt 0.74813 0.22545
vt 0.607804 0.267816
vt 0.581346 0.24167
vt 0.636439 0.28831
vt 0.715889 0.292606
vt 0.743448 0.270584
vt 0.768479 0.244047
vt 0.577255 0.293394
vt 0.54991 0.2601
vt 0.609627 0.3206
vt 0.745939 0.323252
vt 0.774273 0.294645
vt 0.798939 0.262201
vt 0.393606 0.097083
vt 0.420992 0.06402
vt 0.424575 0.115962
vt 0.448641 0.091619
vt 0.452562 0.035949
vt 0.480601 0.068615
vt 0.907637 0.039885
vt 0.937215 0.070063
vt 0.907735 0.095708
vt 0.877422 0.070562
vt 0.962271 0.104926
vt 0.930074 0.12164
vt 0.445856 0.127807
vt 0.468461 0.117925
vt 0.501921 0.103793
vt 0.886164 0.120594
vt 0.853741 0.104201
vt 0.908037 0.132002
vt 0.476811 0.148256
vt 0.444273 0.150597
vt 0.51334 0.142849
vt 0.839682 0.142389
vt 0.875759 0.150285
vt 0.908053 0.154844
vt 0.478555 0.183598
vt 0.442989 0.181739
vt 0.515911 0.185656
vt 0.834191 0.18492
vt 0.871602 0.185424
vt 0.907203 0.186005
vt 0.442292 0.202394
vt 0.47496 0.205642
vt 0.441993 0.211246
vt 0.473419 0.215089
vt 0.510306 0.214056
vt 0.507903 0.226227
vt 0.837837 0.213636
vt 0.873679 0.20766
vt 0.874569 0.21719
vt 0.8394 0.225943
vt 0.906485 0.206658
vt 0.906177 0.215509
vt 0.441785 0.22355
vt 0.467159 0.230989
vt 0.441647 0.231753
vt 0.462986 0.241589
vt 0.498582 0.246996
vt 0.492368 0.260842
vt 0.847276 0.247302
vt 0.879724 0.233479
vt 0.883161 0.244339
vt 0.852527 0.261541
vt 0.905541 0.227796
vt 0.905117 0.235988
vt 0.441089 0.267688
vt 0.420194 0.240152
vt 0.466799 0.292644
vt 0.875857 0.295016
vt 0.903214 0.271877
vt 0.925939 0.245835
vt 0.389235 0.259752
vt 0.413853 0.291943
vt 0.439534 0.318819
vt 0.901264 0.322997
vt 0.928723 0.297943
vt 0.955484 0.267518
vt 0.538324 0.095506
vt 0.55834 0.058526
vt 0.58982 0.07651
vt 0.572889 0.105102
vt 0.580435 0.027676
vt 0.610878 0.047861
vt 0.781598 0.029467
vt 0.800593 0.061064
vt 0.749366 0.04627
vt 0.767224 0.076755
vt 0.817836 0.098393
vt 0.781367 0.106215
vt 0.635541 0.07122
vt 0.722254 0.066751
vt 0.929938 0.235436
vt 0.962467 0.252614
vt 0.821319 0.11482
vt 0.78589 0.119239
vt 0.935936 0.219836
vt 0.937446 0.21104
vt 0.97294 0.23026
vt 0.97463 0.219865
vt 0.792674 0.138774
vt 0.826543 0.139461
vt 0.792942 0.14793
vt 0.826365 0.150184
vt 0.940969 0.190516
vt 0.938793 0.155558
vt 0.978572 0.19561
vt 0.977024 0.156244
vt 0.793568 0.169293
vt 0.82595 0.175206
vt 0.78796 0.202964
vt 0.817865 0.214
vt 0.416916 0.229501
vt 0.383288 0.244405
vt 0.533574 0.111765
vt 0.567545 0.118021
vt 0.411998 0.213526
vt 0.411094 0.204646
vt 0.374369 0.221385
vt 0.373395 0.210899
vt 0.526448 0.136154
vt 0.559529 0.1374
vt 0.558758 0.146496
vt 0.525854 0.14671
vt 0.408984 0.183928
vt 0.413551 0.149201
vt 0.371123 0.186432
vt 0.375368 0.147269
vt 0.524468 0.17134
vt 0.55696 0.16772
vt 0.561357 0.201013
vt 0.530151 0.210032
vt 0.631423 0.14845
vt 0.662141 0.147268
vt 0.709738 0.086786
vt 0.691366 0.144576
vt 0.721099 0.145896
vt 0.645934 0.090992
vt 0.685251 0.146582
vt 0.668428 0.148346
vt 0.684788 0.138167
vt 0.695424 0.134536
vt 0.668801 0.140253
vt 0.657998 0.138214
vt 0.661523 0.12065
vt 0.657689 0.124905
vt 0.690965 0.116839
vt 0.695224 0.120667
vt 0.699483 0.124495
vt 0.653855 0.12916
vt 0.595194 0.152545
vt 0.557988 0.155592
vt 0.52526 0.157265
vt 0.41019 0.195767
vt 0.372421 0.200413
vt 0.44259 0.193542
vt 0.476501 0.196194
vt 0.512708 0.201884
vt 0.872789 0.19813
vt 0.836275 0.201329
vt 0.906793 0.197807
vt 0.938956 0.202244
vt 0.976319 0.20947
vt 0.79321 0.157085
vt 0.826187 0.160908
vt 0.756593 0.152185
usemtl standardSurface10SG
f 382/541/559 383/542/560 384/543/561
f 382/541/559 384/543/561 385/544/562
f 386/545/563 387/546/564 388/547/565
f 386/545/563 388/547/565 389/548/566
f 390/549/567 391/550/568 386/551/563
f 390/549/567 386/551/563 389/552/566
f 392/553/569 393/554/570 394/555/571
f 393/554/570 395/556/572 394/555/571
f 396/557/573 397/558/574 398/559/575
f 397/558/574 399/560/576 398/559/575
f 400/561/577 387/546/564 386/545/563
f 386/551/563 391/550/568 400/562/577
f 401/563/578 402/564/579 403/565/580
f 401/563/578 403/565/580 404/566/581
f 405/567/582 406/568/583 407/569/584
f 406/568/583 408/570/585 407/569/584
f 406/568/583 409/571/586 408/570/585
f 409/571/586 410/572/587 408/570/585
f 409/573/586 411/574/588 412/575/589
f 409/573/586 412/575/589 410/576/587
f 411/574/588 413/577/590 414/578/591
f 411/574/588 414/578/591 412/575/589
f 407/569/584 408/570/585 415/579/592
f 408/570/585 416/580/593 415/579/592
f 408/570/585 410/572/587 416/580/593
f 410/572/587 417/581/594 416/580/593
f 410/576/587 412/575/589 418/582/595
f 410/576/587 418/582/595 417/583/594
f 412/575/589 414/578/591 419/584/596
f 412/575/589 419/584/596 418/582/595
f 415/579/597 416/580/598 420/585/599
f 415/579/597 420/585/599 421/586/600
f 416/580/598 417/581/601 422/587/602
f 416/580/598 422/587/602 420/585/599
f 417/583/601 418/582/603 422/588/602
f 418/582/603 423/589/604 422/588/602
f 418/582/603 419/584/605 423/589/604
f 419/584/605 424/590/606 423/589/604
f 421/586/600 420/585/599 425/591/607
f 421/586/600 425/591/607 426/592/608
f 420/585/599 422/587/602 427/593/609
f 420/585/599 427/593/609 425/591/607
f 422/588/602 423/589/604 427/594/609
f 423/589/604 428/595/610 427/594/609
f 423/589/604 424/590/606 428/595/610
f 424/590/606 429/596/611 428/595/610
f 426/597/608 425/598/607 430/599/612
f 425/598/607 431/600/613 430/599/612
f 425/598/607 427/601/609 431/600/613
f 427/601/609 432/602/614 431/600/613
f 427/603/609 428/604/610 433/605/615
f 427/603/609 433/605/615 432/606/614
f 428/604/610 429/607/611 434/608/616
f 428/604/610 434/608/616 433/605/615
f 430/599/612 431/600/613 435/609/617
f 431/600/613 436/610/618 435/609/617
f 431/600/613 432/602/614 436/610/618
f 432/602/614 437/611/619 436/610/618
f 432/606/614 433/605/615 438/612/620
f 432/606/614 438/612/620 437/613/619
f 433/605/615 434/608/616 439/614/621
f 433/605/615 439/614/621 438/612/620
f 435/609/622 436/610/623 440/615/624
f 435/609/622 440/615/624 441/616/625
f 436/610/623 437/611/626 442/617/627
f 436/610/623 442/617/627 440/615/624
f 437/613/626 438/612/628 442/618/627
f 438/612/628 443/619/629 442/618/627
f 438/612/628 439/614/630 443/619/629
f 439/614/630 444/620/631 443/619/629
f 441/616/625 440/615/624 445/621/632
f 441/616/625 445/621/632 446/622/633
f 440/615/624 442/617/627 447/623/634
f 440/615/624 447/623/634 445/621/632
f 442/618/627 443/619/629 447/624/634
f 443/619/629 448/625/635 447/624/634
f 443/619/629 444/620/631 448/625/635
f 444/620/631 449/626/636 448/625/635
f 450/627/637 451/628/638 452/629/639
f 451/628/638 453/630/640 452/629/639
f 451/628/638 454/631/641 453/630/640
f 454/631/641 455/632/642 453/630/640
f 454/633/641 456/634/643 457/635/644
f 454/633/641 457/635/644 455/636/642
f 456/634/643 458/637/645 459/638/646
f 456/634/643 459/638/646 457/635/644
f 460/639/647 461/640/648 462/641/649
f 461/640/648 463/642/650 462/641/649
f 461/640/648 464/643/651 463/642/650
f 464/643/651 465/644/652 463/642/650
f 464/645/651 466/646/653 467/647/654
f 464/645/651 467/647/654 465/648/652
f 466/646/653 468/649/655 469/650/656
f 466/646/653 469/650/656 467/647/654
f 462/641/657 463/642/658 470/651/659
f 462/641/657 470/651/659 471/652/660
f 463/642/658 465/644/661 472/653/662
f 463/642/658 472/653/662 470/651/659
f 465/648/661 467/647/663 472/654/662
f 467/647/663 473/655/664 472/654/662
f 467/647/663 469/650/665 473/655/664
f 469/650/665 474/656/666 473/655/664
f 471/652/660 470/651/659 475/657/667
f 470/651/659 476/658/668 475/657/667
f 470/651/659 472/653/662 477/659/669
f 470/651/659 477/659/669 476/658/668
f 472/654/662 473/655/664 477/660/669
f 473/655/664 478/661/670 477/660/669
f 473/655/664 474/656/666 479/662/671
f 473/655/664 479/662/671 478/661/670
f 475/663/667 476/664/668 480/665/672
f 475/663/667 480/665/672 481/666/673
f 476/664/668 477/667/669 482/668/674
f 476/664/668 482/668/674 480/665/672
f 477/669/669 478/670/670 482/671/674
f 478/670/670 483/672/675 482/671/674
f 478/670/670 479/673/671 483/672/675
f 479/673/671 484/674/676 483/672/675
f 481/666/673 480/665/672 382/541/677
f 480/665/672 383/542/678 382/541/677
f 480/665/672 482/668/674 383/542/678
f 482/668/674 485/675/679 383/542/678
f 482/671/674 483/672/675 392/553/680
f 482/671/674 392/553/680 485/676/679
f 483/672/675 484/674/676 393/554/681
f 483/672/675 393/554/681 392/553/680
f 474/656/682 469/650/683 486/677/684
f 469/650/683 468/649/685 486/677/684
f 479/662/686 474/656/682 487/678/687
f 474/656/682 486/677/684 487/678/687
f 484/674/688 479/673/686 487/679/687
f 484/674/688 487/679/687 488/680/689
f 393/554/690 484/674/688 488/680/689
f 393/554/690 488/680/689 395/556/691
f 489/681/692 459/638/693 458/637/694
f 489/681/692 458/637/694 490/682/695
f 491/683/696 489/681/692 492/684/697
f 489/681/692 490/682/695 492/684/697
f 493/685/698 491/686/696 494/687/699
f 491/686/696 492/688/697 494/687/699
f 402/564/700 493/685/698 403/565/701
f 493/685/698 494/687/699 403/565/701
f 495/689/702 449/626/703 444/620/704
f 495/689/702 444/620/704 496/690/705
f 497/691/706 495/689/702 498/692/707
f 495/689/702 496/690/705 498/692/707
f 499/693/708 497/694/706 500/695/709
f 497/694/706 498/696/707 500/695/709
f 413/577/710 499/693/708 414/578/711
f 499/693/708 500/695/709 414/578/711
f 496/690/705 444/620/704 439/614/712
f 496/690/705 439/614/712 434/608/713
f 498/692/707 496/690/705 434/608/713
f 498/692/707 434/608/713 429/607/714
f 500/695/709 498/696/707 429/596/714
f 500/695/709 429/596/714 424/590/715
f 414/578/711 500/695/709 419/584/716
f 500/695/709 424/590/715 419/584/716
f 462/641/717 471/652/718 501/697/719
f 462/641/717 501/697/719 460/639/720
f 471/652/718 475/657/721 502/698/722
f 471/652/718 502/698/722 501/697/719
f 475/663/721 481/666/723 502/699/722
f 481/666/723 503/700/724 502/699/722
f 481/666/723 382/541/725 503/700/724
f 382/541/725 385/544/726 503/700/724
f 452/629/727 504/701/728 450/627/729
f 504/701/728 505/702/730 450/627/729
f 504/701/728 506/703/731 507/704/732
f 504/701/728 507/704/732 505/702/730
f 506/705/731 508/706/733 509/707/734
f 506/705/731 509/707/734 507/708/732
f 508/706/733 396/557/735 398/559/736
f 508/706/733 398/559/736 509/707/734
f 446/622/737 510/709/738 441/616/739
f 510/709/738 511/710/740 441/616/739
f 510/709/738 512/711/741 513/712/742
f 510/709/738 513/712/742 511/710/740
f 512/713/741 514/714/743 515/715/744
f 512/713/741 515/715/744 513/716/742
f 514/714/743 405/567/745 407/569/746
f 514/714/743 407/569/746 515/715/744
f 441/616/739 511/710/740 435/609/747
f 511/710/740 430/599/748 435/609/747
f 511/710/740 513/712/742 430/599/748
f 513/712/742 426/597/749 430/599/748
f 513/716/742 515/715/744 426/592/749
f 515/715/744 421/586/750 426/592/749
f 515/715/744 407/569/746 415/579/751
f 515/715/744 415/579/751 421/586/750
f 516/717/752 517/718/753 406/568/583
f 517/718/753 409/571/586 406/568/583
f 485/676/754 392/553/569 518/719/755
f 392/553/569 394/555/571 518/719/755
f 519/720/756 520/721/757 411/574/588
f 519/720/756 411/574/588 409/573/586
f 383/542/560 485/675/754 518/722/755
f 383/542/560 518/722/755 384/543/561
f 521/723/758 519/720/756 409/573/586
f 409/571/586 517/718/753 521/724/758
f 522/725/759 523/726/760 519/720/756
f 522/725/759 519/720/756 521/723/758
f 521/724/758 517/718/753 522/727/759
f 517/718/753 524/728/761 522/727/759
f 389/548/566 388/547/565 525/729/762
f 388/547/565 526/730/763 525/729/762
f 525/731/762 527/732/764 390/549/567
f 525/731/762 390/549/567 389/552/566
f 391/550/568 390/549/567 528/733/765
f 390/549/567 527/732/764 528/733/765
f 400/562/577 391/550/568 522/725/759
f 522/727/759 387/546/564 400/561/577
f 529/734/766 526/730/763 388/547/565
f 529/734/766 388/547/565 387/546/564
f 523/726/760 522/725/759 528/733/765
f 522/725/759 391/550/568 528/733/765
f 387/546/564 522/727/759 529/734/766
f 522/727/759 524/728/761 529/734/766
f 530/735/767 516/717/752 405/567/582
f 516/717/752 406/568/583 405/567/582
f 531/736/768 530/735/769 405/567/745
f 531/736/768 405/567/745 514/714/743
f 532/737/770 531/736/768 514/714/743
f 532/737/770 514/714/743 512/713/741
f 533/738/771 532/739/770 512/711/741
f 533/738/771 512/711/741 510/709/738
f 534/740/772 533/738/771 446/622/737
f 533/738/771 510/709/738 446/622/737
f 446/622/633 445/621/632 534/740/773
f 445/621/632 535/741/774 534/740/773
f 445/621/632 447/623/634 535/741/774
f 447/623/634 536/742/775 535/741/774
f 447/624/634 448/625/635 537/743/776
f 447/624/634 537/743/776 536/744/775
f 448/625/635 449/626/636 538/745/777
f 448/625/635 538/745/777 537/743/776
f 539/746/778 538/745/779 449/626/703
f 539/746/778 449/626/703 495/689/702
f 540/747/780 539/746/778 497/691/706
f 539/746/778 495/689/702 497/691/706
f 541/748/781 540/749/780 499/693/708
f 540/749/780 497/694/706 499/693/708
f 542/750/782 541/748/781 413/577/710
f 541/748/781 499/693/708 413/577/710
f 520/721/757 542/750/783 413/577/590
f 520/721/757 413/577/590 411/574/588
f 398/559/575 399/560/576 530/735/767
f 399/560/576 516/717/752 530/735/767
f 509/707/734 398/559/736 530/735/769
f 509/707/734 530/735/769 531/736/768
f 507/708/732 509/707/734 531/736/768
f 507/708/732 531/736/768 532/737/770
f 505/702/730 507/704/732 532/739/770
f 505/702/730 532/739/770 533/738/771
f 450/627/729 505/702/730 534/740/772
f 505/702/730 533/738/771 534/740/772
f 534/740/773 535/741/774 450/627/637
f 535/741/774 451/628/638 450/627/637
f 535/741/774 536/742/775 451/628/638
f 536/742/775 454/631/641 451/628/638
f 536/744/775 537/743/776 456/634/643
f 536/744/775 456/634/643 454/633/641
f 537/743/776 538/745/777 458/637/645
f 537/743/776 458/637/645 456/634/643
f 490/682/695 458/637/694 538/745/779
f 490/682/695 538/745/779 539/746/778
f 492/684/697 490/682/695 540/747/780
f 490/682/695 539/746/778 540/747/780
f 494/687/699 492/688/697 541/748/781
f 492/688/697 540/749/780 541/748/781
f 403/565/701 494/687/699 542/750/782
f 494/687/699 541/748/781 542/750/782
f 404/566/581 403/565/580 542/750/783
f 404/566/581 542/750/783 520/721/757
f 529/734/766 524/728/761 399/560/576
f 529/734/766 399/560/576 397/558/574
f 399/560/576 524/728/761 517/718/753
f 399/560/576 517/718/753 516/717/752
f 523/726/760 404/566/581 519/720/756
f 404/566/581 520/721/757 519/720/756
f 528/733/765 401/563/578 404/566/581
f 528/733/765 404/566/581 523/726/760
f 385/544/562 384/543/561 397/558/574
f 385/544/562 397/558/574 396/557/573
f 503/700/724 385/544/726 508/706/733
f 385/544/726 396/557/735 508/706/733
f 502/699/722 503/700/724 506/705/731
f 503/700/724 508/706/733 506/705/731
f 501/697/719 502/698/722 506/703/731
f 501/697/719 506/703/731 504/701/728
f 460/639/720 501/697/719 504/701/728
f 460/639/720 504/701/728 452/629/727
f 452/629/639 453/630/640 460/639/647
f 453/630/640 461/640/648 460/639/647
f 453/630/640 455/632/642 461/640/648
f 455/632/642 464/643/651 461/640/648
f 455/636/642 457/635/644 466/646/653
f 455/636/642 466/646/653 464/645/651
f 457/635/644 459/638/646 468/649/655
f 457/635/644 468/649/655 466/646/653
f 486/677/684 468/649/685 489/681/692
f 468/649/685 459/638/693 489/681/692
f 487/678/687 486/677/684 491/683/696
f 486/677/684 489/681/692 491/683/696
f 488/680/689 487/679/687 491/686/696
f 488/680/689 491/686/696 493/685/698
f 395/556/691 488/680/689 493/685/698
f 395/556/691 493/685/698 402/564/700
f 394/555/571 395/556/572 401/563/578
f 395/556/572 402/564/579 401/563/578
f 527/732/784 401/563/578 528/733/765
f 397/558/574 384/543/561 518/722/755
f 526/730/785 397/558/574 518/722/755
f 525/729/786 526/730/785 518/722/755
f 397/558/574 526/730/785 529/734/766
f 525/731/786 518/719/755 394/555/571
f 527/732/784 525/731/786 394/555/571
f 401/563/578 527/732/784 394/555/571
s off
g dress_standardSurface11SG
v 1.28314 -0.12372 -0.89174
v 0 -0.123384 -1.29871
v 1.23115 1.17638 -0.545166
v 0 1.1821 -0.861125
v -1.28314 -0.12372 -0.89174
v -1.23115 1.17638 -0.545166
v -1.88275 -0.126274 0.127206
v -1.35283 1.1693 -0.128643
v -1.30094 -0.136051 1.01458
v -1.24282 1.17105 0.610699
v -1.02378 1.1716 0.947305
v 0 -0.134534 1.64077
v 0 1.17838 1.32365
v 1.30094 -0.136051 1.01459
v 1.02378 1.1716 0.947305
v 1.24282 1.17105 0.610699
v 1.88275 -0.126274 0.127206
v 1.4593 1.17159 0.274128
v 1.35283 1.1693 -0.128643
v 0 -1.65864 -1.75527
v 1.45624 -1.65185 -1.29784
v -1.45624 -1.65185 -1.29784
v -2.25352 -1.65312 0.0159
v -1.50333 -1.66417 1.09683
v 0 -1.68012 1.93114
v 1.50333 -1.66417 1.09683
v 2.25352 -1.65312 0.0159
v 1.63482 -3.48344 -1.57957
v 0 -3.43474 -2.14176
v -1.63482 -3.48344 -1.57957
v -2.58403 -3.49574 -0.131241
v -1.68659 -3.45707 1.12837
v 0 -3.45314 2.08242
v 1.68659 -3.45707 1.12837
v 2.58403 -3.49574 -0.131241
v 0 -5.25042 -2.43741
v 1.72208 -5.17581 -1.78602
v -1.72208 -5.17581 -1.78602
v -2.75122 -5.11174 -0.185115
v -1.8097 -5.10156 1.17413
v 0 -4.96943 2.18868
v 1.8097 -5.10156 1.17413
v 2.75122 -5.11174 -0.185115
v 1.29615 2.60175 -0.868554
v 0 2.60061 -1.11156
v -1.29615 2.60175 -0.868554
v -1.68762 2.6166 -0.5415
v -1.4593 1.17159 0.274128
v -1.83441 2.59032 0.276052
v -1.54779 2.38464 0.753253
v -1.2506 2.33351 1.1004
v 0 2.29577 1.58739
v 1.2506 2.33351 1.1004
v 1.54779 2.38464 0.753253
v 1.83441 2.59032 0.276052
v 1.68762 2.6166 -0.5415
v 0.880158 3.88172 -1.08047
v 0 3.96737 -1.20841
v -0.880158 3.88172 -1.08047
v -1.27299 3.83485 -1.00247
v -0.819687 3.71093 1.32816
v 0 3.70235 1.56265
v 0.819687 3.71093 1.32816
v 1.17909 3.71521 1.22793
v -1.17909 3.71521 1.22793
v -1.60413 2.906 0.844944
v 1.60413 2.906 0.844944
v -1.73016 3.14239 -0.581709
v 1.73016 3.14239 -0.58171
v 1.27299 3.83485 -1.00247
v -1.15521 4.42019 1.01688
v -0.816465 4.42019 1.11134
v 1.15521 4.42019 1.01688
v 0.816466 4.42019 1.11134
v -0.814423 4.91066 0.64829
v -1.15316 4.86744 0.553828
v 0.814424 4.91066 0.64829
v 1.15316 4.86744 0.553828
v -0.811192 5.09316 0.041304
v -1.14993 5.01649 0.012464
v 0.811193 5.09316 0.041304
v 1.14993 5.01649 0.012464
v -0.821166 5.08384 -0.578616
v -1.1599 5.02734 -0.610387
v 0.821167 5.08384 -0.578616
v 1.15991 5.02734 -0.610387
v -0.862124 4.64018 -1.12184
v -1.20086 4.5862 -1.0373
v 0.862125 4.64018 -1.12184
v 1.20086 4.5862 -1.0373
v 1.21675 -0.153603 -0.811923
v 1.16239 1.17423 -0.456019
v 0 -0.153603 -1.19909
v 0 1.17423 -0.755026
v -1.16239 1.17423 -0.456019
v -1.21675 -0.153603 -0.811923
v -1.77034 -0.153603 0.120183
v -1.34642 1.17423 0.260866
v -1.25664 1.17423 -0.088872
v -1.2342 -0.153603 0.901451
v -0.95705 1.17423 0.864397
v -1.15607 1.17423 0.555913
v 0 -0.153603 1.53129
v 0 1.17423 1.2134
v 0.957051 1.17423 0.864397
v 1.2342 -0.153603 0.901451
v 1.77034 -0.153603 0.120183
v 1.34642 1.17423 0.260866
v 1.15607 1.17423 0.555913
v 1.25664 1.17423 -0.088872
v 0 -1.67648 -1.65157
v 1.39225 -1.67648 -1.2166
v -1.39225 -1.67648 -1.2166
v -2.13685 -1.67648 0.012076
v -1.43522 -1.67648 1.02088
v 0 -1.67648 1.81594
v 1.43522 -1.67648 1.02088
v 2.13685 -1.67648 0.012076
v 0 -3.43304 -2.03412
v 1.57022 -3.50057 -1.49762
v -1.57022 -3.50057 -1.49762
v -2.46499 -3.51203 -0.134003
v -1.61798 -3.46492 1.05257
v 0 -3.43304 1.9659
v 1.61798 -3.46492 1.05257
v 2.46499 -3.51203 -0.134003
v 0 -5.2664 -2.33245
v 1.65714 -5.18961 -1.70414
v -1.65714 -5.18961 -1.70414
v -2.63144 -5.12466 -0.187271
v -1.74094 -5.10851 1.09841
v 0 -4.97746 2.07413
v 1.74094 -5.10851 1.09841
v 2.63144 -5.12466 -0.187271
v 1.25191 2.61801 -0.773748
v 0 2.61551 -1.01063
v -1.25191 2.61801 -0.773748
v -1.59557 2.63568 -0.494691
v -1.73172 2.61221 0.261029
v -1.46628 2.40388 0.696249
v -1.19883 2.34695 1.01129
v 0 2.31255 1.48174
v 1.19883 2.34695 1.01129
v 1.46628 2.40388 0.696249
v 1.73172 2.61221 0.261029
v 1.59557 2.63568 -0.494691
v 0.861527 3.88942 -0.982461
v 0 3.97658 -1.10744
v -0.861527 3.88942 -0.982461
v -1.23075 3.85207 -0.909881
v -0.790391 3.70436 1.23136
v 0 3.70436 1.45672
v 0.790392 3.70436 1.23136
v 1.12913 3.70436 1.1369
v -1.12913 3.70436 1.1369
v -1.5244 2.91921 0.783034
v 1.5244 2.91921 0.783034
v -1.63909 3.15248 -0.526683
v 1.63909 3.15248 -0.526683
v 1.23075 3.85207 -0.909881
v -1.12913 4.36904 0.931631
v -0.790391 4.36904 1.02609
v 0.790392 4.36904 1.02609
v 1.12913 4.36904 0.931631
v -1.12913 4.78111 0.502691
v -0.790391 4.82432 0.597153
v 0.790392 4.82432 0.597153
v 1.12913 4.78111 0.502691
v -1.12913 4.91873 -0.001493
v -0.790391 4.9954 0.027347
v 0.790392 4.9954 0.027347
v 1.12913 4.91873 -0.001493
v -1.13911 4.92935 -0.573177
v -0.800371 4.98585 -0.541407
v 0.800371 4.98585 -0.541407
v 1.13911 4.92935 -0.573177
v -1.17765 4.54387 -0.938352
v -0.838912 4.59784 -1.0229
v 0.838912 4.59784 -1.0229
v 1.17765 4.54387 -0.938352
vn 0.265689 0.282684 -0.921683
vn -0.265689 0.282684 -0.921683
vn -0.873947 0.211224 -0.437723
vn -0.878014 0.219184 -0.4255
vn -0.883209 0.229901 -0.408763
vn -0.819021 0.20281 0.536723
vn -0.818778 0.202414 0.537245
vn -0.819217 0.203129 0.536305
vn -0.390481 0.173908 0.904036
vn 0.390481 0.173908 0.904036
vn 0.819217 0.203128 0.536305
vn 0.819021 0.20281 0.536723
vn 0.822433 0.208414 0.529308
vn 0.878014 0.219183 -0.425501
vn 0.883209 0.229901 -0.408763
vn 0.913639 0.32564 -0.243357
vn 0.288762 0.274597 -0.917177
vn -0.288762 0.274597 -0.917177
vn -0.834464 0.233126 -0.499321
vn -0.818309 0.148244 0.555333
vn -0.457033 0.136638 0.878892
vn 0.457033 0.136638 0.878892
vn 0.818308 0.148244 0.555333
vn 0.834464 0.233127 -0.499322
vn 0.309972 0.187965 -0.93198
vn 0.323615 0.163556 -0.931946
vn 0.323613 0.16356 -0.931946
vn -0.309972 0.187965 -0.93198
vn -0.323615 0.163556 -0.931946
vn -0.323613 0.16356 -0.931946
vn -0.832308 0.176652 -0.525411
vn -0.833338 0.141377 -0.534378
vn -0.833354 0.140114 -0.534685
vn -0.814401 0.096899 0.572156
vn -0.815856 0.082843 0.57229
vn -0.815691 0.084519 0.57228
vn -0.487633 0.069678 0.870264
vn -0.489632 0.065186 0.869489
vn -0.489605 0.065248 0.8695
vn 0.487633 0.069678 0.870264
vn 0.489632 0.065186 0.869489
vn 0.489604 0.065248 0.8695
vn 0.8144 0.096899 0.572156
vn 0.814401 0.096899 0.572156
vn 0.815856 0.082843 0.572291
vn 0.815691 0.084519 0.57228
vn 0.832308 0.176651 -0.525412
vn 0.833338 0.141377 -0.534379
vn 0.833354 0.140114 -0.534686
vn 0.335588 0.141643 -0.931299
vn -0.335588 0.141643 -0.931299
vn -0.833278 0.10677 -0.542447
vn -0.816927 0.071309 0.572316
vn -0.491515 0.060927 0.868735
vn 0.491515 0.060927 0.868735
vn 0.816927 0.071309 0.572316
vn 0.833278 0.10677 -0.542447
vn 0.211336 -0.197959 -0.957157
vn -0.211336 -0.197959 -0.957157
vn -0.890862 -0.262014 -0.371099
vn -0.907501 -0.26297 -0.327549
vn -0.943738 -0.262581 -0.201021
vn -0.82656 -0.246215 0.50614
vn -0.821352 -0.246314 0.514501
vn -0.782165 -0.246328 0.572312
vn -0.782165 -0.246328 0.572311
vn -0.34996 -0.202106 0.914703
vn 0.34996 -0.202106 0.914703
vn 0.82656 -0.246215 0.50614
vn 0.821352 -0.246314 0.514501
vn 0.851159 -0.245374 0.464026
vn 0.890861 -0.262014 -0.3711
vn 0.907501 -0.26297 -0.32755
vn 0.797815 -0.251467 -0.547956
vn 0.164709 -0.089384 -0.982284
vn 0.164003 -0.088836 -0.982451
vn 0.165557 -0.090044 -0.982081
vn -0.165556 -0.090044 -0.982081
vn -0.164709 -0.089384 -0.982284
vn -0.181929 -0.102783 -0.977925
vn -0.327379 -0.019779 0.944686
vn -0.329384 -0.017862 0.944027
vn -0.323438 -0.023539 0.945956
vn 0.323438 -0.023539 0.945957
vn 0.327379 -0.019779 0.944686
vn 0.26871 -0.074728 0.960318
vn -0.665807 -0.08014 0.741808
vn -0.720703 -0.102067 0.685688
vn -0.694921 -0.091615 0.713226
vn 0.694921 -0.091615 0.713227
vn 0.720703 -0.102068 0.685689
vn 0.875479 -0.173895 0.450885
vn -0.699021 -0.088321 -0.709626
vn -0.620176 -0.084044 -0.779948
vn -0.77819 -0.091945 -0.621261
vn 0.69902 -0.088322 -0.709626
vn 0.77819 -0.091946 -0.621262
vn 0.620175 -0.084044 -0.779949
vn -0.979477 -0.092928 -0.178858
vn -0.875479 -0.173893 0.450885
vn -0.851159 -0.245374 0.464026
vn 0.665806 -0.08014 0.741808
vn 0.782165 -0.246328 0.572312
vn -0.797815 -0.251467 -0.547955
vn 0.979477 -0.092928 -0.178858
vn 0.943738 -0.262581 -0.201021
vn -0.26871 -0.074728 0.960318
vn 0.329384 -0.017862 0.944027
vn -0.255912 0.284436 0.923907
vn 0.255912 0.284436 0.923907
vn -0.236245 0.683308 0.690853
vn 0.236245 0.683308 0.690853
vn -0.2152 0.938569 0.269773
vn 0.215199 0.938569 0.269772
vn -0.193252 0.98114 0.004301
vn 0.193251 0.98114 0.004302
vn -0.170981 0.735122 -0.656019
vn 0.170981 0.735123 -0.656019
vn -0.211947 -0.036636 -0.976594
vn 0.211946 -0.036636 -0.976594
vn -0.164003 -0.088836 -0.982451
vn 0.181929 -0.102783 -0.977925
vn -0.265787 -0.283039 0.921545
vn 0.265787 -0.283039 0.921545
vn 0.265787 -0.283039 0.921546
vn 0.88748 -0.234064 0.396981
vn 0.815608 -0.19404 -0.545099
vn 0.402445 -0.162413 -0.900922
vn -0.402445 -0.162413 -0.900922
vn -0.815608 -0.194039 -0.545099
vn -0.88748 -0.234064 0.396981
vn -0.288982 -0.274736 0.917066
vn 0.288982 -0.274736 0.917066
vn 0.833667 -0.23268 0.500859
vn 0.812767 -0.153537 -0.561994
vn 0.812767 -0.153537 -0.561993
vn 0.465815 -0.146522 -0.872667
vn -0.465815 -0.146522 -0.872667
vn -0.812766 -0.153537 -0.561994
vn -0.833667 -0.23268 0.500859
vn -0.309903 -0.188117 0.931972
vn -0.32363 -0.163704 0.931914
vn -0.323838 -0.163329 0.931908
vn 0.309903 -0.188117 0.931972
vn 0.323838 -0.163329 0.931908
vn 0.32363 -0.163704 0.931914
vn 0.83227 -0.176433 0.525546
vn 0.833274 -0.141053 0.534565
vn 0.833289 -0.139787 0.534873
vn 0.814298 -0.096733 -0.57233
vn 0.815638 -0.084431 -0.572369
vn 0.81582 -0.082658 -0.572368
vn 0.48766 -0.069734 -0.870244
vn 0.489622 -0.065283 -0.869487
vn 0.489686 -0.065138 -0.869462
vn -0.48766 -0.069734 -0.870244
vn -0.489686 -0.065138 -0.869462
vn -0.489622 -0.065283 -0.869487
vn -0.814297 -0.096733 -0.572331
vn -0.81582 -0.082658 -0.572368
vn -0.815637 -0.084431 -0.572369
vn -0.832269 -0.176433 0.525546
vn -0.833289 -0.139787 0.534873
vn -0.833274 -0.141053 0.534565
vn -0.335693 -0.141758 0.931244
vn 0.335693 -0.141758 0.931244
vn 0.833187 -0.106637 0.542613
vn 0.816928 -0.071303 -0.572315
vn 0.491525 -0.060941 -0.868729
vn -0.491525 -0.060941 -0.868729
vn -0.816928 -0.071303 -0.572314
vn -0.833187 -0.106637 0.542612
vn -0.212648 0.196799 0.957106
vn 0.212648 0.196799 0.957106
vn 0.895476 0.263016 0.35909
vn 0.943992 0.26357 0.198519
vn 0.910171 0.263859 0.319324
vn 0.829076 0.247613 -0.50132
vn 0.786386 0.248317 -0.565628
vn 0.823467 0.247798 -0.51039
vn 0.350843 0.201037 -0.9146
vn -0.350843 0.201037 -0.9146
vn -0.829076 0.247613 -0.50132
vn -0.852178 0.246491 -0.461557
vn -0.823467 0.247798 -0.51039
vn -0.895475 0.263016 0.359091
vn -0.804169 0.2526 0.538057
vn -0.91017 0.263859 0.319325
vn -0.165212 0.090141 0.98213
vn -0.166086 0.090919 0.981911
vn -0.164599 0.089595 0.982283
vn 0.166086 0.090919 0.981911
vn 0.181607 0.104749 0.977776
vn 0.165212 0.090141 0.98213
vn 0.32847 0.019664 -0.94431
vn 0.324398 0.023462 -0.94563
vn 0.330392 0.017869 -0.943675
vn 0.330391 0.017869 -0.943675
vn -0.324398 0.023462 -0.94563
vn -0.267856 0.075129 -0.960525
vn -0.32847 0.019664 -0.94431
vn 0.663006 0.080312 -0.744294
vn 0.716756 0.101593 -0.689883
vn 0.692142 0.091704 -0.715912
vn -0.692142 0.091704 -0.715912
vn -0.875574 0.1746 -0.450427
vn -0.716756 0.101593 -0.689883
vn 0.695054 0.08769 0.713589
vn 0.775951 0.09163 0.624102
vn 0.615095 0.083142 0.784057
vn -0.695054 0.08769 0.71359
vn -0.615094 0.083142 0.784058
vn -0.77595 0.091631 0.624103
vn 0.979331 0.093554 0.17933
vn 0.875574 0.1746 -0.450427
vn 0.852178 0.246491 -0.461557
vn -0.663006 0.080312 -0.744294
vn -0.786386 0.248317 -0.565628
vn 0.80417 0.2526 0.538056
vn -0.97933 0.093556 0.179331
vn -0.943992 0.26357 0.19852
vn 0.267856 0.075129 -0.960525
vn -0.330391 0.017869 -0.943675
vn 0.257465 -0.285128 -0.923263
vn -0.257465 -0.285128 -0.923263
vn 0.236245 -0.683308 -0.690853
vn -0.236245 -0.683308 -0.690853
vn 0.215198 -0.938569 -0.269773
vn -0.215198 -0.938569 -0.269773
vn 0.193251 -0.98114 -0.0043
vn -0.193251 -0.98114 -0.0043
vn 0.170981 -0.735123 0.656018
vn -0.170981 -0.735123 0.656018
vn 0.212021 0.036595 0.97658
vn -0.212021 0.036595 0.97658
vn 0.164599 0.089595 0.982283
vn -0.181607 0.104749 0.977776
vn 0.110015 -0.990667 -0.080469
vn -0 -0.992023 -0.126056
vn 0.108169 -0.990486 -0.085072
vn -0.110016 -0.990667 -0.080469
vn -0.10817 -0.990486 -0.085071
vn -0.104118 -0.99453 0.008294
vn -0.103936 -0.994546 0.00869
vn -0.023162 -0.996785 0.076699
vn -0.017536 -0.996802 0.077964
vn -0 -0.996171 0.087426
vn 0.023162 -0.996785 0.076698
vn 0.017536 -0.996802 0.077963
vn 0.104118 -0.99453 0.008292
vn 0.103936 -0.994546 0.008688
vn 0 0.997221 -0.074504
vn 0.109109 0.991267 -0.074061
vn 0 0.999781 -0.020913
vn 0.011302 0.999717 -0.020912
vn -0.631735 0.56856 -0.526925
vn -0.515556 0.714737 -0.472603
vn -0.524836 0.70483 -0.477243
vn 0.322993 0.871879 -0.368107
vn 0.515555 0.714736 -0.472604
vn 0.524836 0.70483 -0.477244
vn -0.426475 0.757419 0.494404
vn -0.623324 0.643843 0.443772
vn -0.445619 0.748656 0.490854
vn 0.623323 0.643845 0.44377
vn 0.426476 0.757419 0.494403
vn 0.44562 0.748656 0.490853
vn 0.623324 0.643845 0.44377
vn -0.242176 0.821433 0.516331
vn -0.322994 0.871878 -0.368108
vn 0.631734 0.568559 -0.526927
vn 0.242178 0.821433 0.516332
vn -0.011302 0.999717 -0.020912
vn 0.960437 0.079727 0.266841
vn 0.966048 0.124835 0.226203
vn 0.965748 0.121432 0.229313
vn -0.951689 -0.136616 -0.275
vn -0.925799 -0.095068 -0.365867
vn -0.949366 -0.132171 -0.285018
vn 0.925799 -0.095069 -0.365867
vn 0.951689 -0.136616 -0.275
vn 0.949366 -0.132171 -0.285018
vn -0.966048 0.124835 0.226203
vn -0.960437 0.079727 0.266841
vn -0.965748 0.121432 0.229313
vn 0.973226 0.19268 0.125326
vn 0.972992 0.191204 0.129338
vn -0.972991 -0.197351 -0.119751
vn -0.9726 -0.195313 -0.126103
vn 0.972991 -0.197352 -0.119751
vn 0.9726 -0.195313 -0.126103
vn -0.973226 0.192679 0.125326
vn -0.972992 0.191203 0.129338
vn 0.977451 0.209835 0.023652
vn 0.977387 0.209967 0.025066
vn -0.977278 -0.210768 -0.022469
vn -0.977228 -0.21089 -0.023489
vn 0.977278 -0.210769 -0.02247
vn 0.977227 -0.210892 -0.023489
vn -0.977451 0.209835 0.023652
vn -0.977387 0.209967 0.025066
vn 0.98052 0.168014 -0.101738
vn 0.980306 0.164426 -0.109381
vn -0.981593 -0.158009 0.107273
vn -0.981493 -0.156071 0.110967
vn 0.981593 -0.15801 0.107273
vn 0.981493 -0.156072 0.110967
vn -0.980521 0.168014 -0.101738
vn -0.980306 0.164426 -0.109381
vn 0.979066 0.044085 -0.198711
vn 0.979076 0.035922 -0.2003
vn -0.960306 0.006861 0.278865
vn -0.959705 0.010008 0.280832
vn 0.960306 0.006861 0.278865
vn 0.959705 0.010008 0.280832
vn -0.979066 0.044085 -0.198711
vn -0.979076 0.035922 -0.200299
vn 0.976009 -0.038993 -0.214209
vn -0.937993 0.096003 0.333097
vn 0.937993 0.096002 0.333097
vn -0.976009 -0.038993 -0.214208
vn -0.109109 0.991267 -0.074058
vn 0.818778 0.202414 0.537244
vn 0.873947 0.211224 -0.437723
vn -0.822433 0.208414 0.529308
vn -0.913639 0.32564 -0.243357
vt 0.719902 0.60282
vt 0.76892 0.60011
vt 0.721955 0.652321
vt 0.768928 0.651484
vt 0.817939 0.602805
vt 0.815901 0.652306
vt 0.85923 0.610787
vt 0.831297 0.652405
vt 0.419248 0.614857
vt 0.45736 0.610694
vt 0.45445 0.657866
vt 0.46908 0.657964
vt 0.509849 0.60847
vt 0.509857 0.658014
vt 0.562339 0.610677
vt 0.550633 0.657952
vt 0.565264 0.657849
vt 0.600452 0.614829
vt 0.579628 0.657723
vt 0.678613 0.610814
vt 0.706559 0.652424
vt 0.692173 0.653164
vt 0.768912 0.544957
vt 0.714709 0.547293
vt 0.823115 0.547277
vt 0.876302 0.55512
vt 0.400995 0.558312
vt 0.448136 0.557028
vt 0.509841 0.554558
vt 0.571546 0.557009
vt 0.618687 0.558278
vt 0.661524 0.555153
vt 0.708706 0.482709
vt 0.768902 0.483076
vt 0.829099 0.482691
vt 0.889479 0.485568
vt 0.388101 0.487551
vt 0.442446 0.493688
vt 0.509831 0.495461
vt 0.577216 0.493667
vt 0.631559 0.487513
vt 0.648327 0.485605
vt 0.768893 0.419357
vt 0.710057 0.423649
vt 0.82773 0.423631
vt 0.892832 0.425386
vt 0.445801 0.435989
vt 0.392191 0.426441
vt 0.509824 0.445354
vt 0.573843 0.435969
vt 0.62745 0.426404
vt 0.644955 0.425424
vt 0.723279 0.706117
vt 0.768936 0.706741
vt 0.814593 0.706103
vt 0.832359 0.705175
vt 0.845683 0.653141
vt 0.860956 0.699238
vt 0.446035 0.702084
vt 0.462359 0.701889
vt 0.509864 0.70152
vt 0.557368 0.701874
vt 0.573693 0.702064
vt 0.594669 0.706505
vt 0.705513 0.705194
vt 0.737259 0.752813
vt 0.768943 0.754578
vt 0.800627 0.752803
vt 0.814973 0.750372
vt 0.478833 0.752627
vt 0.509871 0.750643
vt 0.540911 0.752617
vt 0.554561 0.752346
vt 0.465183 0.75236
vt 0.445588 0.721559
vt 0.574146 0.721539
vt 0.834139 0.723457
vt 0.703739 0.723477
vt 0.722912 0.750385
vt 0.42506 0.706532
vt 0.440086 0.657745
vt 0.676914 0.699265
vt 0.327787 0.586448
vt 0.341424 0.585748
vt 0.328227 0.612536
vt 0.340545 0.611103
vt 0.389605 0.722292
vt 0.375968 0.721593
vt 0.376408 0.695505
vt 0.388727 0.696938
vt 0.3403 0.633273
vt 0.32805 0.635091
vt 0.38848 0.674767
vt 0.37623 0.67295
vt 0.340359 0.654153
vt 0.327862 0.654659
vt 0.388538 0.653888
vt 0.37604 0.653382
vt 0.340091 0.674154
vt 0.328163 0.676242
vt 0.388269 0.633887
vt 0.376341 0.631799
vt 0.339889 0.695858
vt 0.327918 0.697279
vt 0.388066 0.612183
vt 0.376096 0.610762
vt 0.341429 0.721176
vt 0.326957 0.723421
vt 0.389605 0.586865
vt 0.375134 0.58462
vt 0.427579 0.816687
vt 0.476346 0.819074
vt 0.424008 0.861639
vt 0.475475 0.861625
vt 0.476356 0.904176
vt 0.427591 0.906584
vt 0.436798 0.943591
vt 0.484049 0.928889
vt 0.476694 0.917016
vt 0.818277 0.911577
vt 0.813577 0.944671
vt 0.767953 0.924524
vt 0.771977 0.899404
vt 0.771985 0.912257
vt 0.821873 0.863068
vt 0.772208 0.863071
vt 0.771971 0.826738
vt 0.81827 0.814558
vt 0.813566 0.781465
vt 0.767945 0.801619
vt 0.771977 0.813885
vt 0.436784 0.779675
vt 0.484028 0.794355
vt 0.476681 0.806232
vt 0.368542 0.861666
vt 0.372262 0.811195
vt 0.372286 0.912068
vt 0.383491 0.960812
vt 0.871864 0.919911
vt 0.866975 0.962604
vt 0.875569 0.863064
vt 0.871857 0.806218
vt 0.866962 0.763526
vt 0.383519 0.76246
vt 0.305939 0.861576
vt 0.307946 0.803553
vt 0.307846 0.919657
vt 0.318232 0.976022
vt 0.934472 0.928375
vt 0.931321 0.979496
vt 0.936833 0.86306
vt 0.934463 0.797745
vt 0.931306 0.746625
vt 0.318377 0.747195
vt 0.241193 0.861531
vt 0.248335 0.798466
vt 0.24823 0.924636
vt 0.261781 0.987369
vt 0.992086 0.934191
vt 0.987665 0.989165
vt 0.99115 0.863057
vt 0.992076 0.791922
vt 0.987649 0.736949
vt 0.261965 0.735765
vt 0.528424 0.817691
vt 0.529584 0.86162
vt 0.528433 0.905549
vt 0.527314 0.920691
vt 0.519852 0.946388
vt 0.470113 0.929456
vt 0.730082 0.921418
vt 0.73035 0.907095
vt 0.729796 0.863075
vt 0.730342 0.819055
vt 0.730071 0.804732
vt 0.725775 0.785972
vt 0.775986 0.801687
vt 0.527303 0.802549
vt 0.573695 0.830743
vt 0.577221 0.861615
vt 0.573701 0.892488
vt 0.571769 0.905794
vt 0.682076 0.892502
vt 0.68181 0.86308
vt 0.68207 0.833658
vt 0.682602 0.82119
vt 0.68261 0.904969
vt 0.711555 0.92221
vt 0.711544 0.803944
vt 0.545322 0.923398
vt 0.54531 0.799838
vt 0.57176 0.817437
vt 0.725789 0.940179
vt 0.775997 0.924454
vt 0.519836 0.776854
vt 0.4701 0.793796
vt 0.324094 0.587276
vt 0.324678 0.612627
vt 0.311566 0.586757
vt 0.312219 0.611301
vt 0.359747 0.721285
vt 0.3604 0.69674
vt 0.372859 0.695415
vt 0.372275 0.720765
vt 0.324547 0.635063
vt 0.312208 0.633122
vt 0.360388 0.674919
vt 0.372727 0.672979
vt 0.324415 0.654702
vt 0.312188 0.654067
vt 0.360367 0.653975
vt 0.372594 0.653339
vt 0.324774 0.676467
vt 0.312737 0.674141
vt 0.360915 0.633901
vt 0.372952 0.631574
vt 0.324295 0.697196
vt 0.311939 0.695318
vt 0.360116 0.612724
vt 0.372472 0.610845
vt 0.323413 0.722528
vt 0.310689 0.719541
vt 0.358865 0.588501
vt 0.371589 0.585514
vt 0.710151 0.420196
vt 0.768892 0.41596
vt 0.827635 0.420178
vt 0.890177 0.421764
vt 0.395303 0.423365
vt 0.446653 0.432601
vt 0.509823 0.441814
vt 0.57299 0.432582
vt 0.624338 0.423329
vt 0.64761 0.4218
vt 0.768944 0.758098
vt 0.737419 0.756394
vt 0.509872 0.754294
vt 0.479358 0.756285
vt 0.461623 0.753632
vt 0.442948 0.724124
vt 0.595856 0.710176
vt 0.576787 0.724103
vt 0.836917 0.72585
vt 0.818182 0.752195
vt 0.719704 0.75221
vt 0.700961 0.725871
vt 0.86232 0.70283
vt 0.423874 0.710203
vt 0.55812 0.753617
vt 0.675551 0.702858
vt 0.540387 0.756275
vt 0.344961 0.586786
vt 0.34408 0.61123
vt 0.392261 0.696811
vt 0.393142 0.721255
vt 0.343795 0.63324
vt 0.391975 0.6748
vt 0.34384 0.654226
vt 0.392019 0.653814
vt 0.343612 0.674248
vt 0.39179 0.633792
vt 0.343322 0.695661
vt 0.391499 0.61238
vt 0.34497 0.720643
vt 0.393147 0.587398
vt 0.800469 0.756384
usemtl standardSurface11SG
f 543/751/787 544/752/787 545/753/787
f 544/752/787 546/754/787 545/753/787
f 544/752/788 547/755/788 548/756/788
f 544/752/788 548/756/788 546/754/788
f 547/755/789 549/757/790 548/756/789
f 549/757/790 550/758/791 548/756/789
f 549/759/792 551/760/793 552/761/794
f 551/760/793 553/762/793 552/761/794
f 551/760/795 554/763/795 553/762/795
f 554/763/795 555/764/795 553/762/795
f 554/763/796 556/765/796 557/766/796
f 554/763/796 557/766/796 555/764/796
f 558/767/797 559/768/798 560/769/799
f 559/770/800 561/771/801 560/772/802
f 544/752/803 543/751/803 562/773/803
f 543/751/803 563/774/803 562/773/803
f 547/755/804 544/752/804 562/773/804
f 547/755/804 562/773/804 564/775/804
f 549/757/805 547/755/805 565/776/805
f 547/755/805 564/775/805 565/776/805
f 551/760/806 549/759/806 565/777/806
f 551/760/806 565/777/806 566/778/806
f 554/763/807 551/760/807 567/779/807
f 551/760/807 566/778/807 567/779/807
f 556/765/808 554/763/808 567/779/808
f 556/765/808 567/779/808 568/780/808
f 559/768/809 556/765/809 569/781/809
f 556/765/809 568/780/809 569/781/809
f 543/751/810 559/770/810 569/782/810
f 543/751/810 569/782/810 563/774/810
f 562/773/811 563/774/811 570/783/812
f 562/773/811 570/783/812 571/784/813
f 564/775/814 562/773/814 572/785/815
f 562/773/814 571/784/816 572/785/815
f 565/776/817 564/775/817 573/786/818
f 564/775/817 572/785/819 573/786/818
f 566/778/820 565/777/820 573/787/821
f 566/778/820 573/787/821 574/788/822
f 567/779/823 566/778/823 574/788/824
f 567/779/823 574/788/824 575/789/825
f 568/780/826 567/779/826 576/790/827
f 567/779/826 575/789/828 576/790/827
f 569/781/829 568/780/830 577/791/831
f 568/780/830 576/790/832 577/791/831
f 563/774/833 569/782/833 577/792/834
f 563/774/833 577/792/834 570/783/835
f 571/784/813 570/783/812 578/793/836
f 570/783/812 579/794/836 578/793/836
f 572/785/815 571/784/816 578/793/837
f 572/785/815 578/793/837 580/795/837
f 573/786/818 572/785/819 580/795/838
f 573/786/818 580/795/838 581/796/838
f 574/788/822 573/787/821 582/797/839
f 573/787/821 581/798/839 582/797/839
f 575/789/825 574/788/824 582/797/840
f 575/789/825 582/797/840 583/799/840
f 576/790/827 575/789/828 584/800/841
f 575/789/828 583/799/841 584/800/841
f 577/791/831 576/790/832 584/800/842
f 577/791/831 584/800/842 585/801/842
f 570/783/835 577/792/834 579/794/843
f 577/792/834 585/802/843 579/794/843
f 545/753/844 546/754/844 586/803/844
f 546/754/844 587/804/844 586/803/844
f 546/754/845 548/756/845 588/805/845
f 546/754/845 588/805/845 587/804/845
f 589/806/846 550/758/847 590/807/848
f 589/806/846 590/807/848 591/808/848
f 592/809/849 552/761/850 553/762/851
f 592/809/849 553/762/851 593/810/852
f 553/762/853 555/764/853 593/810/853
f 555/764/853 594/811/853 593/810/853
f 555/764/854 557/766/854 595/812/854
f 555/764/854 595/812/854 594/811/854
f 596/813/855 558/767/856 597/814/857
f 558/767/856 560/769/857 597/814/857
f 598/815/858 561/771/859 545/753/860
f 598/815/858 545/753/860 586/803/860
f 586/803/861 587/804/862 599/816/863
f 587/804/862 600/817/862 599/816/863
f 601/818/864 588/805/865 602/819/866
f 593/810/867 594/811/868 603/820/869
f 594/811/868 604/821/868 603/820/869
f 605/822/870 595/812/871 606/823/872
f 593/810/873 607/824/873 592/809/874
f 607/824/873 608/825/875 592/809/874
f 609/826/876 596/813/877 597/814/878
f 610/827/879 602/819/880 589/806/881
f 602/819/880 588/805/880 589/806/881
f 611/828/882 598/815/883 612/829/884
f 598/815/883 586/803/884 612/829/884
f 610/827/879 589/806/881 591/808/885
f 591/830/886 592/809/874 608/825/875
f 590/831/887 552/761/850 591/830/887
f 552/761/850 592/809/849 591/830/887
f 595/812/888 596/813/877 606/823/888
f 596/813/877 609/826/876 606/823/888
f 557/766/889 558/767/856 596/813/855
f 557/766/889 596/813/855 595/812/889
f 548/756/890 550/758/847 589/806/846
f 548/756/890 589/806/846 588/805/890
f 597/832/891 598/815/883 611/828/882
f 560/772/892 561/771/859 598/815/858
f 560/772/892 598/815/858 597/832/892
f 593/810/867 603/820/869 607/824/893
f 594/811/894 595/812/871 605/822/870
f 594/811/894 605/822/870 604/821/894
f 607/833/895 603/834/895 613/835/895
f 603/834/895 614/836/895 613/835/895
f 605/837/896 606/838/896 615/839/896
f 605/837/896 615/839/896 616/840/896
f 613/835/897 614/836/897 617/841/897
f 613/835/897 617/841/897 618/842/897
f 616/840/898 615/839/898 619/843/898
f 615/839/898 620/844/898 619/843/898
f 618/842/899 617/841/899 621/845/899
f 618/842/899 621/845/899 622/846/899
f 619/843/900 620/844/900 623/847/900
f 620/844/900 624/848/900 623/847/900
f 622/846/901 621/845/901 625/849/901
f 622/846/901 625/849/901 626/850/901
f 623/847/902 624/848/902 627/851/902
f 624/848/902 628/852/902 627/851/902
f 626/850/903 625/849/903 629/853/903
f 626/850/903 629/853/903 630/854/903
f 627/851/904 628/852/904 631/855/904
f 628/852/904 632/856/904 631/855/904
f 630/854/905 629/853/905 601/857/905
f 630/854/905 601/857/905 602/858/905
f 631/855/906 632/856/906 599/859/906
f 632/856/906 612/860/906 599/859/906
f 587/804/907 588/805/865 601/818/864
f 587/804/907 601/818/864 600/817/907
f 586/803/861 599/816/863 612/829/908
f 633/861/909 634/862/909 635/863/909
f 634/862/909 636/864/909 635/863/909
f 635/863/910 636/864/911 637/865/911
f 635/863/910 637/865/911 638/866/910
f 639/867/912 638/866/912 637/865/912
f 640/868/912 639/867/912 637/865/912
f 641/869/912 640/868/912 637/865/912
f 642/870/913 639/871/913 640/872/913
f 643/873/913 642/870/913 640/872/913
f 644/874/913 643/873/913 640/872/913
f 642/870/914 643/873/914 645/875/914
f 643/873/914 646/876/914 645/875/914
f 645/875/915 646/876/915 647/877/915
f 645/875/915 647/877/915 648/878/915
f 649/879/916 648/878/916 647/877/916
f 650/880/916 649/879/916 647/877/916
f 651/881/916 650/880/916 647/877/916
f 633/861/917 649/882/917 650/883/917
f 633/861/917 650/883/917 652/884/917
f 634/862/917 633/861/917 652/884/917
f 635/863/918 653/885/918 654/886/918
f 635/863/918 654/886/918 633/861/918
f 638/866/919 655/887/919 635/863/919
f 655/887/919 653/885/919 635/863/919
f 639/867/920 656/888/920 638/866/920
f 656/888/920 655/887/920 638/866/920
f 642/870/921 657/889/922 656/890/922
f 642/870/921 656/890/922 639/871/922
f 645/875/923 658/891/923 642/870/923
f 658/891/923 657/889/923 642/870/923
f 648/878/924 659/892/924 658/891/924
f 648/878/924 658/891/924 645/875/924
f 649/879/925 660/893/925 648/878/925
f 660/893/925 659/892/925 648/878/925
f 633/861/926 654/886/926 660/894/926
f 633/861/926 660/894/926 649/882/926
f 653/885/927 661/895/928 662/896/929
f 653/885/927 662/896/929 654/886/927
f 655/887/930 663/897/931 653/885/930
f 663/897/931 661/895/932 653/885/930
f 656/888/933 664/898/934 655/887/933
f 664/898/934 663/897/935 655/887/933
f 657/889/936 665/899/937 664/900/938
f 657/889/936 664/900/938 656/890/936
f 658/891/939 666/901/940 665/899/941
f 658/891/939 665/899/941 657/889/939
f 659/892/942 667/902/943 658/891/942
f 667/902/943 666/901/944 658/891/942
f 660/893/945 668/903/946 659/892/945
f 668/903/946 667/902/947 659/892/945
f 654/886/948 662/896/949 668/904/950
f 654/886/948 668/904/950 660/894/948
f 661/895/928 669/905/951 662/896/929
f 669/905/951 670/906/951 662/896/929
f 663/897/931 671/907/952 669/905/952
f 663/897/931 669/905/952 661/895/932
f 664/898/934 672/908/953 671/907/953
f 664/898/934 671/907/953 663/897/935
f 665/899/937 673/909/954 664/900/938
f 673/909/954 672/910/954 664/900/938
f 666/901/940 674/911/955 673/909/955
f 666/901/940 673/909/955 665/899/941
f 667/902/943 675/912/956 666/901/944
f 675/912/956 674/911/956 666/901/944
f 668/903/946 676/913/957 675/912/957
f 668/903/946 675/912/957 667/902/947
f 662/896/949 670/906/958 668/904/950
f 670/906/958 676/914/958 668/904/950
f 634/862/959 677/915/959 636/864/959
f 677/915/959 678/916/959 636/864/959
f 636/864/960 678/916/960 679/917/960
f 636/864/960 679/917/960 637/865/960
f 680/918/961 681/919/962 640/920/962
f 680/918/961 640/920/962 641/869/963
f 682/921/964 683/922/965 643/873/965
f 682/921/964 643/873/965 644/874/966
f 643/873/967 683/922/967 646/876/967
f 683/922/967 684/923/967 646/876/967
f 646/876/968 684/923/968 685/924/968
f 646/876/968 685/924/968 647/877/968
f 686/925/969 687/926/970 651/881/971
f 687/926/970 650/927/970 651/881/971
f 688/928/972 677/915/973 634/862/973
f 688/928/972 634/862/973 652/884/974
f 677/915/975 689/929/976 678/916/977
f 689/929/976 690/930/977 678/916/977
f 691/931/978 692/932/979 679/917/980
f 683/922/981 693/933/982 684/923/983
f 693/933/982 694/934/984 684/923/983
f 695/935/985 696/936/986 685/924/987
f 683/922/988 682/921/989 697/937/988
f 682/921/989 698/938/990 697/937/988
f 699/939/991 687/926/992 686/925/993
f 700/940/994 680/918/995 692/932/996
f 680/918/995 679/917/996 692/932/996
f 701/941/997 702/942/998 688/928/999
f 702/942/998 677/915/998 688/928/999
f 700/940/994 681/919/1000 680/918/995
f 681/943/1001 698/938/990 682/921/989
f 640/944/1002 681/943/1002 644/874/966
f 681/943/1002 682/921/964 644/874/966
f 685/924/1003 696/936/1003 686/925/993
f 696/936/1003 699/939/991 686/925/993
f 647/877/1004 685/924/1004 686/925/969
f 647/877/1004 686/925/969 651/881/971
f 637/865/1005 679/917/1005 680/918/961
f 637/865/1005 680/918/961 641/869/963
f 687/945/1006 701/941/997 688/928/999
f 650/946/1007 687/945/1007 688/928/972
f 650/946/1007 688/928/972 652/884/974
f 683/922/981 697/937/1008 693/933/982
f 684/923/1009 694/934/1009 695/935/985
f 684/923/1009 695/935/985 685/924/987
f 697/947/1010 703/948/1010 693/949/1010
f 703/948/1010 704/950/1010 693/949/1010
f 695/951/1011 705/952/1011 706/953/1011
f 695/951/1011 706/953/1011 696/954/1011
f 703/948/1012 707/955/1012 708/956/1012
f 703/948/1012 708/956/1012 704/950/1012
f 705/952/1013 709/957/1013 706/953/1013
f 709/957/1013 710/958/1013 706/953/1013
f 707/955/1014 711/959/1014 712/960/1014
f 707/955/1014 712/960/1014 708/956/1014
f 709/957/1015 713/961/1015 710/958/1015
f 713/961/1015 714/962/1015 710/958/1015
f 711/959/1016 715/963/1016 716/964/1016
f 711/959/1016 716/964/1016 712/960/1016
f 713/961/1017 717/965/1017 714/962/1017
f 717/965/1017 718/966/1017 714/962/1017
f 715/963/1018 719/967/1018 720/968/1018
f 715/963/1018 720/968/1018 716/964/1018
f 717/965/1019 721/969/1019 718/966/1019
f 721/969/1019 722/970/1019 718/966/1019
f 719/967/1020 692/971/1020 691/972/1020
f 719/967/1020 691/972/1020 720/968/1020
f 721/969/1021 689/973/1021 722/970/1021
f 689/973/1021 702/974/1021 722/970/1021
f 678/916/1022 690/930/1022 691/931/978
f 678/916/1022 691/931/978 679/917/980
f 677/915/975 702/942/1023 689/929/976
f 670/975/1024 669/976/1025 579/794/1026
f 669/976/1025 578/793/1025 579/794/1026
f 669/976/1025 671/977/1027 580/795/1028
f 669/976/1025 580/795/1028 578/793/1025
f 671/977/1027 672/978/1029 581/796/1030
f 671/977/1027 581/796/1030 580/795/1028
f 672/979/1029 673/980/1031 581/798/1030
f 673/980/1031 582/797/1032 581/798/1030
f 673/980/1031 674/981/1033 582/797/1032
f 674/981/1033 583/799/1033 582/797/1032
f 674/981/1033 675/982/1034 584/800/1035
f 674/981/1033 584/800/1035 583/799/1033
f 675/982/1034 676/983/1036 585/801/1037
f 675/982/1034 585/801/1037 584/800/1035
f 676/984/1036 670/975/1024 585/802/1037
f 670/975/1024 579/794/1026 585/802/1037
f 690/985/1038 689/986/1039 600/817/1038
f 689/986/1039 599/816/1039 600/817/1038
f 694/987/1040 693/988/1041 604/821/1040
f 693/988/1041 603/820/1041 604/821/1040
f 697/989/1042 698/990/1043 607/824/1042
f 698/990/1043 608/825/1044 607/824/1042
f 687/991/1045 699/992/1046 597/814/1045
f 699/992/1046 609/826/1047 597/814/1045
f 700/993/1048 692/994/1049 610/827/1050
f 692/994/1049 602/819/1049 610/827/1050
f 702/995/1051 701/996/1052 611/828/1053
f 702/995/1051 611/828/1053 612/829/1054
f 681/997/1055 700/993/1048 610/827/1050
f 681/997/1055 610/827/1050 591/808/1055
f 698/990/1043 681/998/1056 591/830/1056
f 698/990/1043 591/830/1056 608/825/1044
f 699/992/1046 696/999/1057 606/823/1057
f 699/992/1046 606/823/1057 609/826/1047
f 701/996/1052 687/1000/1058 611/828/1053
f 687/1000/1058 597/832/1058 611/828/1053
f 695/1001/1059 694/987/1040 604/821/1040
f 695/1001/1059 604/821/1040 605/822/1059
f 693/1002/1060 704/1003/1061 614/836/1062
f 693/1002/1060 614/836/1062 603/834/1060
f 703/948/1063 697/947/1064 607/833/1064
f 703/948/1063 607/833/1064 613/835/1065
f 696/954/1066 706/953/1067 606/838/1066
f 706/953/1067 615/839/1068 606/838/1066
f 705/1004/1069 695/1005/1070 616/840/1071
f 695/1005/1070 605/837/1070 616/840/1071
f 704/1003/1061 708/1006/1072 614/836/1062
f 708/1006/1072 617/841/1073 614/836/1062
f 707/955/1074 703/948/1063 618/842/1075
f 703/948/1063 613/835/1065 618/842/1075
f 706/953/1067 710/958/1076 620/844/1077
f 706/953/1067 620/844/1077 615/839/1068
f 709/1007/1078 705/1004/1069 616/840/1071
f 709/1007/1078 616/840/1071 619/843/1079
f 708/1006/1072 712/1008/1080 617/841/1073
f 712/1008/1080 621/845/1081 617/841/1073
f 711/959/1082 707/955/1074 622/846/1083
f 707/955/1074 618/842/1075 622/846/1083
f 710/958/1076 714/962/1084 624/848/1085
f 710/958/1076 624/848/1085 620/844/1077
f 713/1009/1086 709/1007/1078 619/843/1079
f 713/1009/1086 619/843/1079 623/847/1087
f 712/1008/1080 716/1010/1088 625/849/1089
f 712/1008/1080 625/849/1089 621/845/1081
f 715/963/1090 711/959/1082 622/846/1083
f 715/963/1090 622/846/1083 626/850/1091
f 714/962/1084 718/966/1092 624/848/1085
f 718/966/1092 628/852/1093 624/848/1085
f 717/1011/1094 713/1009/1086 627/851/1095
f 713/1009/1086 623/847/1087 627/851/1095
f 716/1010/1088 720/1012/1096 625/849/1089
f 720/1012/1096 629/853/1097 625/849/1089
f 719/967/1098 715/963/1090 630/854/1099
f 715/963/1090 626/850/1091 630/854/1099
f 718/966/1092 722/970/1100 632/856/1101
f 718/966/1092 632/856/1101 628/852/1093
f 721/1013/1102 717/1011/1094 627/851/1095
f 721/1013/1102 627/851/1095 631/855/1103
f 720/1012/1096 691/1014/1104 601/857/1104
f 720/1012/1096 601/857/1104 629/853/1097
f 692/971/1105 719/967/1098 602/858/1105
f 719/967/1098 630/854/1099 602/858/1105
f 722/970/1100 702/974/1106 612/860/1106
f 722/970/1100 612/860/1106 632/856/1101
f 689/1015/1107 721/1013/1102 599/859/1107
f 721/1013/1102 631/855/1103 599/859/1107
f 691/1016/1108 690/985/1038 600/817/1038
f 691/1016/1108 600/817/1038 601/818/1108
f 556/765/1109 559/768/798 558/767/797
f 556/765/1109 558/767/797 557/766/1109
f 559/770/800 543/751/1110 545/753/1110
f 559/770/800 545/753/1110 561/771/801
f 549/759/792 552/761/794 590/831/1111
f 550/758/791 549/757/790 590/807/1112
s off
g Body_standardSurface11SG
v 1.70847 4.63629 0.001602
v 1.6805 4.55609 -0.700017
v 0.77312 4.9355 -0.020241
v 0.773118 4.94288 -0.463838
v 1.54862 4.54096 0.684662
v 0.626243 4.83673 0.524896
v 0.464586 4.12711 1.17364
v 0 4.43506 1.06131
v -0.464586 4.12711 1.17364
v 0 3.94974 1.3832
v -1.70847 4.63629 0.001602
v -1.54862 4.54096 0.684662
v -0.77312 4.9355 -0.020241
v -0.626243 4.83673 0.524896
v -1.6805 4.55609 -0.700017
v -0.773118 4.94288 -0.463838
v 0 4.65516 -1.06706
v 0 4.97617 -0.613732
v 0 3.14977 1.44812
v 1.45611 3.2669 0.787723
v -1.45611 3.2669 0.787723
v 0 3.14977 -0.994196
v -1.52844 3.28351 -0.557245
v 1.52844 3.28351 -0.557245
v 1.23709 1.34313 0.161028
v 0.957764 1.3453 -0.39098
v 1.70848 2.94123 0.067004
v 0.921649 1.33637 0.8456
v 0 1.33632 1.17911
v -0.921649 1.33637 0.8456
v -1.23709 1.34313 0.161028
v -1.70848 2.94123 0.067004
v -0.957698 1.34531 -0.430339
v 0 1.3453 -0.705273
v 1.84704 3.0434 0.046792
v 1.89565 3.34965 -0.582271
v 1.90405 4.42147 -0.574639
v 1.88042 4.63025 -0.003426
v 1.70814 3.35203 0.645884
v 1.78171 4.44306 0.609008
v -1.84704 3.0434 0.046792
v -1.70814 3.35203 0.645885
v -1.78171 4.44306 0.609008
v -1.88042 4.63025 -0.003426
v -1.89565 3.34965 -0.582271
v -1.90405 4.42147 -0.574639
v 4.00383 2.88131 0.053149
v 4.00384 3.31749 -0.842781
v 4.00384 4.68087 -0.831911
v 4.00383 5.04913 -0.018372
v 4.00383 3.32088 0.906394
v 4.00383 4.76164 0.853874
v -4.00383 3.32088 0.906394
v -4.00383 2.88131 0.05315
v -4.00383 4.76164 0.853873
v -4.00383 5.04913 -0.018372
v -4.00384 3.31749 -0.842781
v -4.00384 4.68087 -0.831911
v 0 4.3588 1.05191
v 0 4.71853 0.563274
v -0.586721 4.79819 0.530088
v 0.586721 4.79819 0.530083
v 0.763654 4.88796 -0.441727
v 0 4.90198 -0.601953
v 0 5.03378 -0.39217
v 0.291714 5.02509 -0.318892
v -0.763654 4.88796 -0.441727
v -0.291714 5.02509 -0.318892
v -0.745578 4.88671 -0.008447
v -0.36437 4.99838 -0.143598
v -0.291714 4.9666 0.0279
v 0 4.9666 0.097053
v 0.291714 4.9666 0.027901
v 0.745578 4.88671 -0.008447
v 0.36437 4.99838 -0.143598
v 0.29877 5.87284 -0.238633
v 0 5.87284 -0.306853
v -0.29877 5.87284 -0.238633
v -0.373183 5.87284 -0.073936
v -0.29877 5.87284 0.090761
v 0 5.87284 0.15898
v 0.29877 5.87284 0.090761
v 0.373183 5.87284 -0.073936
v 4.21438 3.31749 -0.842781
v 4.21438 2.88131 0.053149
v 4.21438 4.68087 -0.831911
v 4.21438 5.04913 -0.018372
v 4.21438 3.32088 0.906394
v 4.21438 4.76164 0.853874
v -4.21438 3.32088 0.906394
v -4.21438 2.88131 0.05315
v -4.21438 4.76164 0.853873
v -4.21438 5.04913 -0.018372
v -4.21438 3.31749 -0.842781
v -4.21438 4.68087 -0.831911
v 4.58468 3.38857 0.043161
v 4.58468 3.62062 -0.433482
v 4.58468 4.34595 -0.4277
v 4.58468 4.54187 0.005111
v 4.58468 3.62242 0.497095
v 4.58468 4.38893 0.469154
v -4.58468 3.62242 0.497096
v -4.58468 3.38857 0.043161
v -4.58468 4.38893 0.469154
v -4.58468 4.54187 0.005111
v -4.58468 3.62062 -0.433483
v -4.58468 4.34595 -0.4277
v 5.13105 3.62062 -0.433482
v 5.13105 3.38857 0.043161
v 5.13105 4.34595 -0.4277
v 5.13105 4.54187 0.005111
v 5.13105 3.62242 0.497095
v 5.13105 4.38893 0.469154
v -5.13105 3.62242 0.497096
v -5.13105 3.38857 0.043161
v -5.13105 4.38893 0.469154
v -5.13105 4.54187 0.005111
v -5.13105 3.62062 -0.433483
v -5.13105 4.34595 -0.4277
v 0 4.43506 1.15366
v 0.464586 4.12711 1.26599
v 0.626243 4.83673 0.617242
v -0.626243 4.83673 0.617242
v -0.464586 4.12711 1.26599
v 1.39844 -5.71174 -0.607834
v 0.807095 -5.71888 -0.615003
v 1.38448 -5.24907 -0.526989
v 0.786803 -5.26486 -0.527147
v 1.66879 -5.71267 -0.077539
v 1.65233 -5.25145 -0.050493
v 1.35868 -5.71377 0.412886
v 1.36969 -5.25388 0.436286
v 0.812279 -5.72036 0.405628
v 0.791245 -5.26847 0.436237
v 0.546925 -5.72043 -0.054762
v 0.525047 -5.26872 -0.054019
v 0.777635 -5.03258 -0.527988
v 0.772803 -4.80325 -0.547243
v 1.38347 -4.78501 -0.547243
v 1.38296 -5.02323 -0.527961
v 1.6656 -4.78501 -0.053557
v 1.65027 -5.02358 -0.050093
v 1.39231 -4.78501 0.45548
v 1.38093 -5.02456 0.442362
v 0.778506 -5.0331 0.442362
v 0.772803 -4.80325 0.45548
v 0.494301 -4.80325 -0.053557
v 0.511819 -5.03384 -0.050177
v 0.705217 -2.04579 -0.899443
v 0.289475 -2.10964 -0.138218
v 0.698205 -1.83598 -0.934811
v 0.272163 -1.90668 -0.146704
v 0.705217 -2.04579 0.590982
v 0.698205 -1.83598 0.601315
v 1.47003 -1.93032 0.590982
v 1.46876 -1.70811 0.601315
v 1.87301 -1.86647 -0.138218
v 1.88646 -1.63741 -0.146704
v 1.47938 -1.93032 -0.867419
v 1.48944 -1.70811 -0.894722
v 1.49325 -1.44402 -0.91123
v 0.674377 -1.69989 -0.955505
v 1.42005 -1.0581 -0.875155
v 0.63512 -1.47567 -0.992359
v 1.87175 -1.35961 -0.13316
v 1.81472 -0.976476 -0.110846
v 1.44006 -1.48077 0.627595
v 1.39277 -1.10621 0.670892
v 0.674377 -1.69989 0.629188
v 0.635121 -1.47567 0.675109
v 0.251029 -1.82104 -0.146704
v 0.216212 -1.67994 -0.146704
v 0.557716 -1.28847 -1.04905
v 1.28069 -0.283082 -0.687413
v 1.67683 -0.28308 -0.026112
v 1.28548 -0.298037 0.750386
v 0.557453 -1.2935 0.725352
v 0 -1.51903 -0.146418
v 0 -1.13726 -0.898691
v 0 -1.28162 0.698914
v 0 -0.283083 1.10948
v 0 -0.283083 -0.924001
v -0.823716 -6.09078 -0.686967
v -0.845306 -7.69597 -0.583976
v -1.33034 -7.69595 -0.579397
v -1.40987 -6.09071 -0.674054
v -1.56553 -7.69445 -0.114577
v -1.68228 -6.09047 -0.099692
v -1.30899 -7.70481 0.292079
v -1.34965 -6.09047 0.393718
v -0.847359 -7.69935 0.287412
v -0.829508 -6.0905 0.380555
v -0.614918 -7.69441 -0.098863
v -0.564846 -6.09043 -0.05537
v -1.39844 -5.71174 -0.607834
v -0.807095 -5.71888 -0.615003
v -1.66879 -5.71267 -0.077539
v -1.35868 -5.71377 0.412886
v -0.812279 -5.72036 0.405628
v -0.546925 -5.72043 -0.054762
v -0.777635 -5.03258 -0.527988
v -1.38296 -5.02323 -0.527961
v -1.38347 -4.78501 -0.547243
v -0.772803 -4.80325 -0.547243
v -1.65027 -5.02358 -0.050093
v -1.6656 -4.78501 -0.053557
v -1.38093 -5.02456 0.442362
v -1.39231 -4.78501 0.45548
v -0.778506 -5.0331 0.442362
v -0.772803 -4.80325 0.45548
v -0.511819 -5.03384 -0.050177
v -0.494301 -4.80325 -0.053557
v -0.525047 -5.26872 -0.054019
v -0.786803 -5.26486 -0.527147
v -0.791245 -5.26847 0.436237
v -1.36969 -5.25388 0.436286
v -1.65233 -5.25145 -0.050493
v -1.38448 -5.24907 -0.526989
v -0.73901 -3.42452 -0.707331
v -0.391888 -3.45645 -0.095887
v -0.73901 -3.42452 0.523231
v -1.43117 -3.35766 0.523231
v -1.7693 -3.32574 -0.095888
v -1.42625 -3.35766 -0.707331
v -0.698205 -1.83598 -0.934811
v -1.48944 -1.70811 -0.894722
v -1.46617 -1.44402 -0.91123
v -0.674377 -1.69989 -0.955505
v -1.88646 -1.63741 -0.146704
v -1.87175 -1.35961 -0.13316
v -1.46876 -1.70811 0.601315
v -1.44006 -1.48077 0.627595
v -0.698205 -1.83598 0.601315
v -0.674377 -1.69989 0.629188
v -0.272163 -1.90668 -0.146704
v -0.251029 -1.82104 -0.146704
v -0.63512 -1.47567 -0.992359
v -1.34836 -1.0581 -0.875155
v -1.28069 -0.283082 -0.797166
v -0.557716 -1.28847 -1.04905
v -1.81472 -0.976476 -0.110846
v -1.67683 -0.28308 -0.026112
v -1.39277 -1.10621 0.670892
v -1.28548 -0.298037 0.750386
v -0.635121 -1.47567 0.675109
v -0.557453 -1.2935 0.725352
v -0.216212 -1.67994 -0.146704
v 1.09536 0.525592 -0.458864
v 1.39118 0.540154 0.080093
v 1.05571 0.544446 0.804523
v 0 0.547778 1.16513
v 0 0.529537 -0.724991
v -1.09537 0.523274 -0.510235
v -1.39118 0.540154 0.080093
v -1.05571 0.544446 0.804523
v -5.50882 3.66356 0.002387
v -5.50882 3.81755 0.343931
v -5.61724 3.82288 0.338336
v -5.61724 3.67158 0.002152
v -5.50882 4.21018 0.342982
v -5.61724 4.20871 0.338336
v -5.50881 4.36348 0.002046
v -5.61724 4.35847 0.002152
v -5.50882 3.81757 -0.337897
v -5.61724 3.82288 -0.334032
v -5.50882 4.20869 -0.338856
v -5.61724 4.20717 -0.334032
v 5.50882 3.66356 0.002387
v 5.50882 3.81757 -0.337897
v 5.61724 3.82288 -0.334032
v 5.61724 3.67158 0.002152
v 5.50882 3.81755 0.343931
v 5.61724 3.82288 0.338336
v 5.50882 4.21018 0.342982
v 5.61724 4.20871 0.338336
v 5.50881 4.36348 0.002046
v 5.61724 4.35847 0.002152
v 5.50882 4.20869 -0.338856
v 5.61724 4.20717 -0.334032
v 5.11625 3.63452 0.003236
v 5.11625 3.79832 -0.351889
v 5.11625 3.79824 0.364188
v 5.11625 4.21553 0.359805
v 5.1162 4.38164 0.001663
v 5.11625 4.21422 -0.356321
v -0.289475 -2.10964 -0.138218
v -0.705217 -2.04579 -0.899443
v -0.705217 -2.04579 0.590982
v -1.47003 -1.93032 0.590982
v -1.87301 -1.86647 -0.138218
v -1.47938 -1.93032 -0.867419
v 0.73901 -3.42452 -0.707331
v 0.391888 -3.45645 -0.095887
v 0.73901 -3.42452 0.523231
v 1.43117 -3.35766 0.523231
v 1.7693 -3.32574 -0.095888
v 1.42625 -3.35766 -0.707331
v 1.40987 -6.09071 -0.674054
v 1.68228 -6.09047 -0.099692
v 1.56553 -7.69445 -0.114577
v 1.33034 -7.69595 -0.579397
v 1.34965 -6.09047 0.393718
v 1.30899 -7.70481 0.292079
v 0.829508 -6.0905 0.380555
v 0.847359 -7.69935 0.287412
v 0.564846 -6.09043 -0.05537
v 0.614918 -7.69441 -0.098863
v 0.823716 -6.09078 -0.686967
v 0.845306 -7.69597 -0.583976
v -5.11625 4.21422 -0.356321
v -5.11625 3.79832 -0.351889
v -5.1162 4.38164 0.001663
v -5.11625 4.21553 0.359805
v -5.11625 3.79824 0.364188
v -5.11625 3.63452 0.003236
vn 0.341124 0.93756 -0.067944
vn 0.278379 0.935551 0.217371
vn 0.083257 0.662001 0.744865
vn 0.379326 0.113784 0.91824
vn 0.35773 0.168945 0.918415
vn -0.162687 0.545378 0.822251
vn -0.379324 0.113789 0.91824
vn -0.392714 0.077541 0.916386
vn -0.278379 0.935551 0.217372
vn -0.341124 0.93756 -0.067944
vn -0.246497 0.114344 -0.962374
vn -0.245715 -0.002064 -0.96934
vn -0.16702 0.789473 -0.590624
vn 0.245715 -0.002064 -0.96934
vn 0.246497 0.114344 -0.962374
vn 0.16702 0.789473 -0.590624
vn 0.392714 0.077541 0.916386
vn 0.394086 -0.043078 0.918064
vn 0.395432 -0.026257 0.91812
vn -0.35773 0.168945 0.918415
vn -0.395432 -0.026257 0.91812
vn -0.394086 -0.043078 0.918063
vn -0.262595 -0.12009 -0.957404
vn -0.258812 -0.113918 -0.959187
vn 0.264955 -0.119015 -0.956888
vn 0.270107 -0.126276 -0.954514
vn 0.861701 -0.284832 -0.419931
vn 0.881906 -0.233766 0.409385
vn 0.387933 -0.107004 0.915455
vn -0.387933 -0.107004 0.915455
vn -0.881906 -0.233766 0.409385
vn -0.868522 -0.281438 -0.407997
vn -0.279597 -0.148036 -0.948636
vn 0.293397 -0.159379 -0.942612
vn 0.241628 -0.85125 -0.465821
vn 0.241628 -0.85125 -0.465822
vn 0.159458 -0.067686 -0.984882
vn 0.38292 0.900574 -0.205765
vn 0.533759 -0.689485 0.489603
vn 0.28813 0.922019 0.258577
vn 0.409514 0.025202 0.911956
vn -0.454006 -0.890536 0.028718
vn -0.533758 -0.689486 0.489603
vn -0.415395 -0.905268 -0.089084
vn -0.409514 0.025202 0.911956
vn -0.288133 0.922018 0.258577
vn -0.342352 0.93864 0.041843
vn -0.349797 0.936811 0.005127
vn -0.241627 -0.85125 -0.465821
vn -0.382922 0.900573 -0.205765
vn -0.159458 -0.067686 -0.984882
vn -0.066949 -0.896251 -0.438465
vn -0.122546 0.007963 -0.992431
vn -0.170504 0.908512 -0.381491
vn -0.065701 -0.889593 0.452004
vn -0.175019 0.941118 0.289251
vn -0.113497 0.038353 0.992798
vn 0.065701 -0.889593 0.452005
vn 0.113497 0.038354 0.992798
vn 0.175018 0.941118 0.28925
vn 0.066949 -0.896251 -0.438465
vn 0.170504 0.908512 -0.38149
vn 0.122546 0.007963 -0.992431
vn 0.075582 0.802998 0.591169
vn -0.075575 0.802999 0.591169
vn 0.130136 0.853151 -0.505171
vn -0.130136 0.853152 -0.505169
vn -0.130136 0.853153 -0.505169
vn -0.279656 0.959912 0.019012
vn -0.186271 0.956888 0.222864
vn 0.035818 0.914051 0.404014
vn -0.035815 0.91405 0.404017
vn 0.186272 0.956887 0.222867
vn 0.279656 0.959912 0.019012
vn 0.23331 0.094028 -0.967846
vn -0.23331 0.094028 -0.967846
vn -0.918244 0.025938 -0.395164
vn -0.916826 -0.037753 0.397498
vn -0.226071 -0.067785 0.97175
vn 0.22607 -0.067785 0.97175
vn 0.916826 -0.037753 0.397498
vn 0.918244 0.025938 -0.395164
vn 0 1 0
vn -0.733274 0.275241 -0.621733
vn 0.733268 0.275212 -0.621753
vn -0.798484 0.589225 -0.123436
vn 0.798484 0.589225 -0.123437
vn -0.943378 0.331325 -0.016185
vn 0.943376 0.331331 -0.016185
vn -0.183135 0.262125 0.947498
vn 0.183135 0.262126 0.947498
vn 0 -0.89911 -0.437723
vn 0 0.007972 -0.999968
vn 0 0.911011 -0.412382
vn 0 -0.888969 0.457967
vn 0 0.949745 0.313026
vn 0 0.036429 0.999336
vn 0 0.949745 0.313024
vn 0 0.911012 -0.412381
vn 0 0.007973 -0.999968
vn 0.773354 -0.570013 -0.277504
vn 0.739562 0.005366 -0.673067
vn 0.786645 0.562463 -0.254606
vn 0.77595 -0.560757 0.288883
vn 0.788297 0.584373 0.192605
vn 0.732161 0.024813 0.68068
vn -0.77595 -0.560757 0.288884
vn -0.732161 0.024813 0.68068
vn -0.788297 0.584373 0.192604
vn -0.773354 -0.570013 -0.277505
vn -0.786644 0.562465 -0.254605
vn -0.739562 0.005366 -0.673067
vn 0 -0.88897 0.457966
vn 0 0.949744 0.313027
vn 0 0.911011 -0.412381
vn 0.162687 0.545378 0.822251
vn 0.235232 0.626073 0.743437
vn -0.083257 0.662001 0.744865
vn -0.235232 0.626073 0.743437
vn -0.55249 -0.83352 0
vn 0.97502 -0.222117 0
vn -0.539891 0.841735 0
vn -0.97502 -0.222117 0
vn 0.55249 -0.83352 0
vn 0.539891 0.841735 0
vn 0.008495 0.181295 -0.983392
vn 0.008308 0.181288 -0.983395
vn 0.001795 0.119683 -0.992811
vn 0.00179 0.119288 -0.992858
vn 0.886226 0.082419 -0.455863
vn 0.887091 0.082254 -0.454206
vn 0.877374 0.058835 -0.476186
vn 0.87748 0.06029 -0.475809
vn 0.84691 -0.02408 0.531191
vn 0.846374 -0.02413 0.532043
vn 0.860237 -0.023705 0.509344
vn 0.86004 -0.023691 0.509676
vn -0.011077 -0.05925 0.998182
vn -0.011063 -0.05925 0.998182
vn -0.003232 -0.047136 0.998883
vn -0.003294 -0.047486 0.998866
vn -0.866193 -0.058356 0.49629
vn -0.866241 -0.058355 0.496206
vn -0.873548 -0.058379 0.483225
vn -0.873546 -0.058378 0.483229
vn -0.906042 -0.000788 -0.423187
vn -0.90443 -0.000377 -0.426621
vn -0.886616 -0.011252 -0.462369
vn -0.887206 -0.009928 -0.461267
vn 0.001886 -0.082129 -0.99662
vn 0.006681 -0.109149 -0.994003
vn 0.006724 -0.109387 -0.993977
vn 0.869246 -0.05232 -0.491603
vn 0.868767 -0.075357 -0.489455
vn 0.868773 -0.075144 -0.489476
vn 0.877748 -0.058633 0.475522
vn 0.878632 -0.048921 0.474987
vn 0.878629 -0.048957 0.474989
vn 0.001223 -0.055819 0.99844
vn 0.002891 -0.049187 0.998785
vn 0.002871 -0.049266 0.998782
vn -0.876996 -0.054325 0.477417
vn -0.873449 -0.048924 0.484452
vn -0.873437 -0.048905 0.484476
vn -0.870443 -0.066306 -0.487784
vn -0.866972 -0.078183 -0.492186
vn -0.86694 -0.07829 -0.492226
vn -0.873695 -0.038772 -0.484927
vn -0.877558 -0.058546 0.475883
vn 0.000472 -0.026247 0.999655
vn 0.870915 -0.024445 0.490826
vn 0.872222 0.00626 -0.489071
vn 0.000236 -0.003953 -0.999992
vn -0.868717 -0.088464 -0.487345
vn -0.868628 -0.087722 -0.487638
vn -0.870298 -0.102467 -0.481749
vn -0.867548 -0.048729 0.49496
vn -0.867506 -0.048822 0.495025
vn -0.865511 -0.053232 0.498054
vn -0.86551 -0.053232 0.498054
vn 0.006223 -0.048168 0.99882
vn 0.00629 -0.048141 0.998821
vn 0.00755 -0.047633 0.998836
vn 0.876533 -0.044445 0.479286
vn 0.876481 -0.043799 0.47944
vn 0.874859 -0.025595 0.4837
vn 0.876891 -0.081229 -0.473776
vn 0.876821 -0.081208 -0.473909
vn 0.881753 -0.08276 -0.464396
vn 0.881752 -0.08276 -0.464396
vn 0.04257 -0.128 -0.99086
vn 0.041125 -0.127099 -0.991037
vn 0.06782 -0.1437 -0.987295
vn 0.087212 -0.017087 -0.996043
vn 0.085115 -0.027953 -0.995979
vn 0.093525 0.015969 -0.995489
vn 0.881373 0.119746 -0.456994
vn 0.882561 0.110816 -0.456953
vn 0.87102 0.182135 -0.456236
vn 0.867923 0.060924 0.492948
vn 0.867912 0.061154 0.49294
vn 0.867029 0.076741 0.492312
vn 0.047649 -0.140467 0.988938
vn 0.049477 -0.140195 0.988887
vn 0.057477 -0.139 0.988623
vn -0.83897 -0.231997 0.492246
vn -0.839197 -0.231995 0.491861
vn -0.840188 -0.231984 0.49017
vn -0.850905 -0.219536 -0.477248
vn -0.850892 -0.219333 -0.477364
vn -0.850975 -0.220637 -0.476615
vn 0.151875 0.166892 -0.974208
vn 0.841055 0.248006 -0.48075
vn 0.879172 0.092427 0.467456
vn 0.879171 0.092427 0.467456
vn 0.089818 -0.112857 0.989543
vn -0.615839 -0.602317 0.507895
vn -0.621593 -0.604919 -0.49769
vn -0.341859 -0.838012 -0.425287
vn -0.033322 -0.962216 0.27024
vn 0.167335 -0.268341 0.948679
vn 0.059031 0.155398 -0.986087
vn -0.016301 -0.061733 -0.99796
vn -0.896638 -0.065727 -0.437858
vn -0.835467 -0.060642 0.546184
vn 0.018458 -0.060181 0.998017
vn 0.855173 -0.040058 0.516793
vn 0.915609 -0.027882 -0.401102
vn -0.01566 0.181538 -0.983259
vn -0.008495 0.181295 -0.983392
vn -0.008308 0.181288 -0.983395
vn -0.894601 0.080784 -0.439502
vn -0.894601 0.080784 -0.439503
vn -0.886226 0.082419 -0.455863
vn -0.887091 0.082254 -0.454206
vn -0.836928 -0.024991 0.546743
vn -0.84691 -0.02408 0.531191
vn -0.846374 -0.02413 0.532043
vn 0.018742 -0.059327 0.998063
vn 0.011063 -0.05925 0.998182
vn 0.011077 -0.05925 0.998182
vn 0.859298 -0.058439 0.508125
vn 0.866241 -0.058355 0.496206
vn 0.866193 -0.058356 0.49629
vn 0.916824 -0.003629 -0.399276
vn 0.90443 -0.000377 -0.426621
vn 0.906042 -0.000788 -0.423186
vn -0.001886 -0.082129 -0.99662
vn -0.006724 -0.109387 -0.993977
vn -0.006681 -0.109149 -0.994003
vn -0.869246 -0.05232 -0.491603
vn -0.868773 -0.075144 -0.489476
vn -0.868766 -0.075357 -0.489455
vn -0.877748 -0.058633 0.475522
vn -0.878629 -0.048957 0.474989
vn -0.878632 -0.048921 0.474987
vn -0.001223 -0.055819 0.99844
vn -0.002891 -0.049187 0.998785
vn -0.002871 -0.049266 0.998782
vn 0.876996 -0.054325 0.477417
vn 0.873437 -0.048905 0.484475
vn 0.873449 -0.048924 0.484452
vn 0.870443 -0.066306 -0.487784
vn 0.866972 -0.078183 -0.492186
vn 0.86694 -0.07829 -0.492226
vn 0.886616 -0.011252 -0.462369
vn 0.887206 -0.009928 -0.461267
vn 0.873695 -0.038772 -0.484927
vn 0.873548 -0.058379 0.483225
vn 0.873546 -0.058379 0.483229
vn 0.877558 -0.058546 0.475883
vn 0.003232 -0.047136 0.998883
vn 0.003294 -0.047486 0.998866
vn -0.000472 -0.026247 0.999655
vn -0.86004 -0.023691 0.509676
vn -0.860237 -0.023705 0.509344
vn -0.870915 -0.024445 0.490826
vn -0.87748 0.06029 -0.475809
vn -0.877374 0.058835 -0.476186
vn -0.872222 0.00626 -0.489071
vn -0.00179 0.119288 -0.992858
vn -0.001795 0.119683 -0.992811
vn -0.000236 -0.003953 -0.999992
vn 0.867591 -0.083195 -0.49027
vn 0.867486 -0.082888 -0.490508
vn 0.870069 -0.048056 0.490582
vn 0.870158 -0.048059 0.490424
vn -0.004773 -0.048241 0.998824
vn -0.004594 -0.04824 0.998825
vn -0.877609 -0.047543 0.477014
vn -0.877684 -0.047546 0.476876
vn -0.872806 -0.079827 -0.481494
vn -0.872763 -0.079812 -0.481576
vn -0.024477 -0.119861 -0.992489
vn -0.022575 -0.11914 -0.992621
vn -0.073266 -0.083763 -0.993789
vn -0.088305 -0.014146 -0.995993
vn -0.086516 -0.022539 -0.995995
vn -0.881021 0.059171 -0.469361
vn -0.856383 0.165975 -0.488938
vn -0.858037 0.160072 -0.488006
vn -0.868895 0.035738 0.493705
vn -0.867911 0.061154 0.49294
vn -0.867923 0.060924 0.492948
vn -0.033233 -0.142594 0.989223
vn -0.049477 -0.140195 0.988887
vn -0.047649 -0.140467 0.988938
vn 0.836932 -0.232017 0.495694
vn 0.839197 -0.231995 0.491861
vn 0.83897 -0.231997 0.492246
vn 0.85075 -0.217174 -0.478602
vn 0.850905 -0.219536 -0.477248
vn 0.850892 -0.219333 -0.477364
vn -0.200098 0.05182 -0.978405
vn -0.854597 0.173855 -0.489324
vn -0.879172 0.092427 0.467456
vn -0.879171 0.092427 0.467456
vn -0.089818 -0.112857 0.989543
vn 0.615839 -0.602317 0.507894
vn 0.615839 -0.602317 0.507895
vn 0.621593 -0.604919 -0.49769
vn 0.341859 -0.838012 -0.425287
vn 0.033323 -0.962216 0.27024
vn -0.167335 -0.268341 0.948679
vn 0.00267 0.121972 -0.99253
vn 0.815285 0.332538 -0.474056
vn 0.87528 0.22988 0.425488
vn 0.293607 -0.022386 0.955664
vn 0.19967 0.271138 -0.941603
vn -0.835063 0.344774 -0.42872
vn -0.87528 0.22988 0.425488
vn -0.293607 -0.022386 0.955664
vn -0.136559 0.299097 -0.944401
vn 0.27142 0.074235 -0.959594
vn -0.23152 0.078437 -0.969663
vn -0.879872 0.200609 -0.430791
vn -0.899928 0.130767 0.415967
vn -0.331207 -0.004771 0.943546
vn 0.331207 -0.004771 0.943546
vn 0.899928 0.130767 0.415967
vn 0.866195 0.19779 -0.458896
vn -0.067044 -0.909225 0.410872
vn -0.067044 -0.909225 0.410871
vn -0.067043 -0.909715 0.409786
vn -0.047077 0.005506 0.998876
vn -0.047077 0.005466 0.998876
vn -0.047153 0.001217 0.998887
vn -0.035893 0.909628 0.413871
vn -0.035893 0.909637 0.413851
vn -0.035854 0.912163 0.408257
vn -0.062784 -0.908131 -0.413951
vn -0.062784 -0.908123 -0.413969
vn -0.062821 -0.909669 -0.410555
vn -0.036869 0.90816 -0.416996
vn -0.03687 0.90815 -0.417019
vn -0.036824 0.910599 -0.411648
vn -0.040131 -0.00555 -0.999179
vn -0.040132 -0.005589 -0.999179
vn -0.040056 -0.001236 -0.999197
vn 0.062784 -0.908123 -0.413969
vn 0.062784 -0.908132 -0.413951
vn 0.062821 -0.90967 -0.410553
vn 0.067044 -0.909225 0.410872
vn 0.067044 -0.909714 0.409788
vn 0.047077 0.005466 0.998876
vn 0.047077 0.005505 0.998876
vn 0.047153 0.001217 0.998887
vn 0.035893 0.909637 0.413851
vn 0.035893 0.909628 0.413871
vn 0.035854 0.912163 0.408257
vn 0.03687 0.90815 -0.417018
vn 0.036869 0.90816 -0.416996
vn 0.036824 0.910599 -0.411648
vn 0.040132 -0.005589 -0.999179
vn 0.040131 -0.00555 -0.999179
vn 0.040056 -0.001236 -0.999197
vn 0.062775 -0.907723 -0.414847
vn 0.067044 -0.909099 0.41115
vn 0.047057 0.006575 0.998871
vn 0.035903 0.908974 0.415303
vn 0.035903 0.908975 0.415303
vn 0.036881 0.90752 -0.418387
vn 0.04015 -0.006675 -0.999171
vn 0.868628 -0.087722 -0.487638
vn 0.868717 -0.088464 -0.487345
vn 0.870298 -0.102467 -0.481749
vn 0.867506 -0.048822 0.495025
vn 0.867548 -0.048729 0.494961
vn 0.86551 -0.053232 0.498054
vn -0.00629 -0.048141 0.998821
vn -0.006223 -0.048168 0.99882
vn -0.00755 -0.047633 0.998836
vn -0.876481 -0.043799 0.47944
vn -0.876533 -0.044445 0.479286
vn -0.874859 -0.025595 0.4837
vn -0.876821 -0.081208 -0.473909
vn -0.876891 -0.081229 -0.473776
vn -0.881753 -0.08276 -0.464396
vn -0.881752 -0.08276 -0.464396
vn -0.041125 -0.127099 -0.991037
vn -0.04257 -0.128 -0.99086
vn -0.06782 -0.143701 -0.987295
vn -0.867591 -0.083195 -0.49027
vn -0.867486 -0.082888 -0.490508
vn -0.870158 -0.048059 0.490424
vn -0.870069 -0.048056 0.490582
vn 0.004594 -0.04824 0.998825
vn 0.004773 -0.048241 0.998824
vn 0.877684 -0.047546 0.476876
vn 0.877609 -0.047543 0.477014
vn 0.872807 -0.079827 -0.481494
vn 0.872763 -0.079812 -0.481576
vn 0.024477 -0.119861 -0.992489
vn 0.022575 -0.11914 -0.992621
vn 0.850975 -0.220637 -0.476615
vn 0.840188 -0.231984 0.49017
vn -0.057477 -0.139 0.988623
vn -0.867029 0.076741 0.492312
vn -0.836863 0.228046 -0.49765
vn -0.096246 0.023509 -0.99508
vn -0.85075 -0.217174 -0.478602
vn -0.836932 -0.232017 0.495694
vn -0.836932 -0.232017 0.495695
vn 0.033233 -0.142594 0.989223
vn 0.868895 0.035738 0.493705
vn 0.890753 0.015421 -0.454226
vn 0.073185 -0.088686 -0.993367
vn 0.896638 -0.065727 -0.437858
vn 0.835467 -0.060642 0.546184
vn -0.018458 -0.060181 0.998017
vn -0.855173 -0.040058 0.516793
vn -0.915609 -0.027882 -0.401102
vn 0.016301 -0.061733 -0.99796
vn -0.916824 -0.003629 -0.399276
vn -0.859298 -0.058439 0.508125
vn -0.018742 -0.059327 0.998063
vn 0.836928 -0.024992 0.546743
vn 0.894601 0.080785 -0.439503
vn 0.01566 0.181538 -0.983259
vn -0.04015 -0.006675 -0.999171
vn -0.036881 0.90752 -0.418387
vn -0.035903 0.908974 0.415303
vn -0.047057 0.006575 0.998871
vn -0.067044 -0.909099 0.411151
vn -0.062775 -0.907723 -0.414846
vn 0.997277 0.066585 0.031691
vn 0.981763 -0.000225 0.190108
vn 0.994936 -0.091307 0.042018
vn 0.997888 0.058381 -0.028483
vn 0.996465 -0.078293 -0.030445
vn 0.992605 -0.003312 -0.121344
vn -0.997888 0.058381 -0.028483
vn -0.992605 -0.003312 -0.121344
vn -0.996465 -0.078293 -0.030445
vn -0.997277 0.066586 0.031691
vn -0.994937 -0.091301 0.042018
vn -0.981763 -0.000225 0.190107
vn -0.981763 -0.000225 0.190108
vt 0.179158 0.592504
vt 0.172972 0.619189
vt 0.145961 0.590194
vt 0.143706 0.604868
vt 0.174096 0.564757
vt 0.142234 0.571354
vt 0.136677 0.539605
vt 0.120457 0.549689
vt 0.104297 0.539276
vt 0.120596 0.531365
vt 0.060433 0.589304
vt 0.066891 0.562985
vt 0.093799 0.588782
vt 0.0989 0.570842
vt 0.064789 0.615532
vt 0.094841 0.603032
vt 0.118515 0.6269
vt 0.119077 0.60949
vt 0.120709 0.506045
vt 0.177768 0.515973
vt 0.063629 0.515273
vt 0.116631 0.672974
vt 0.057653 0.662952
vt 0.1762 0.667573
vt 0.171588 0.743411
vt 0.15061 0.737279
vt 0.193397 0.687519
vt 0.158303 0.444961
vt 0.185399 0.443295
vt 0.202992 0.50206
vt 0.120502 0.445068
vt 0.082707 0.444822
vt 0.055512 0.443326
vt 0.038332 0.501684
vt 0.077508 0.734051
vt 0.05479 0.738476
vt 0.038608 0.681021
vt 0.113889 0.734895
vt 0.197228 0.682877
vt 0.188199 0.660227
vt 0.182062 0.619954
vt 0.185092 0.593618
vt 0.206428 0.507221
vt 0.187145 0.521842
vt 0.182728 0.565309
vt 0.034938 0.506862
vt 0.054255 0.521103
vt 0.058207 0.563321
vt 0.054438 0.590015
vt 0.035243 0.676058
vt 0.046337 0.654576
vt 0.055673 0.615571
vt 0.560873 0.364237
vt 0.561002 0.338382
vt 0.644389 0.367883
vt 0.636546 0.335079
vt 0.557213 0.294813
vt 0.633974 0.294163
vt 0.556764 0.268833
vt 0.633353 0.26907
vt 0.554655 0.19783
vt 0.560109 0.171327
vt 0.636566 0.199188
vt 0.644588 0.16844
vt 0.554415 0.241483
vt 0.633147 0.243147
vt 0.523848 0.174096
vt 0.529557 0.200512
vt 0.448076 0.202726
vt 0.439995 0.171996
vt 0.530232 0.244278
vt 0.451602 0.246608
vt 0.528028 0.271693
vt 0.451425 0.27251
vt 0.524221 0.341207
vt 0.524734 0.366991
vt 0.440419 0.371452
vt 0.448343 0.338577
vt 0.527669 0.2977
vt 0.450832 0.29758
vt 0.114607 0.833612
vt 0.113755 0.854879
vt 0.092794 0.856635
vt 0.134507 0.858307
vt 0.139264 0.89369
vt 0.111977 0.899214
vt 0.112333 0.890339
vt 0.122398 0.888295
vt 0.085219 0.891523
vt 0.102463 0.887495
vt 0.086471 0.87592
vt 0.100032 0.881294
vt 0.102722 0.875276
vt 0.113016 0.873304
vt 0.123118 0.876094
vt 0.139266 0.878037
vt 0.125318 0.882308
vt 0.137996 0.910313
vt 0.148573 0.910435
vt 0.137578 0.940246
vt 0.14835 0.940084
vt 0.079679 0.910447
vt 0.090256 0.91032
vt 0.090684 0.940254
vt 0.079911 0.940095
vt 0.096979 0.909891
vt 0.097019 0.940732
vt 0.103588 0.909221
vt 0.103359 0.941157
vt 0.114126 0.909386
vt 0.114131 0.941319
vt 0.124664 0.909218
vt 0.124903 0.941153
vt 0.131273 0.909886
vt 0.131242 0.940726
vt 0.121778 0.965107
vt 0.111307 0.967643
vt 0.100772 0.965382
vt 0.124318 0.959283
vt 0.121626 0.953528
vt 0.111092 0.951267
vt 0.100621 0.953803
vt 0.098081 0.959627
vt 0.115929 0.783762
vt 0.099797 0.751788
vt 0.101489 0.75273
vt 0.115917 0.782271
vt 0.132049 0.751769
vt 0.130357 0.752713
vt 0.14412 0.589412
vt 0.140631 0.570494
vt 0.095686 0.588202
vt 0.10071 0.570472
vt 0.142643 0.603171
vt 0.096047 0.601335
vt 0.119153 0.607214
vt 0.64377 0.333273
vt 0.653013 0.364704
vt 0.641133 0.293378
vt 0.640954 0.268937
vt 0.653286 0.171891
vt 0.643822 0.20114
vt 0.640327 0.243862
vt 0.440876 0.20471
vt 0.431405 0.175169
vt 0.444406 0.247404
vt 0.443814 0.272454
vt 0.431703 0.367956
vt 0.441066 0.336806
vt 0.443693 0.296875
vt 0.669973 0.344712
vt 0.662797 0.32488
vt 0.662489 0.293021
vt 0.660123 0.268834
vt 0.662559 0.210602
vt 0.670001 0.192075
vt 0.661727 0.243841
vt 0.42213 0.213833
vt 0.414731 0.195107
vt 0.422984 0.247104
vt 0.424653 0.272066
vt 0.414763 0.34766
vt 0.422044 0.328047
vt 0.422355 0.296244
vt 0.254163 0.561207
vt 0.254163 0.54257
vt 0.273372 0.54257
vt 0.273372 0.561207
vt 0.254163 0.517069
vt 0.273371 0.517069
vt 0.254163 0.500367
vt 0.273371 0.500367
vt 0.254163 0.456224
vt 0.254162 0.438272
vt 0.273371 0.438272
vt 0.273371 0.456224
vt 0.254163 0.483189
vt 0.273371 0.483189
vt 0.237955 0.438251
vt 0.237955 0.456202
vt 0.218746 0.456202
vt 0.218746 0.438251
vt 0.237955 0.483168
vt 0.218746 0.483168
vt 0.237955 0.500345
vt 0.218746 0.500345
vt 0.237954 0.542548
vt 0.237954 0.561185
vt 0.218746 0.561185
vt 0.218746 0.542548
vt 0.237954 0.517047
vt 0.218746 0.517047
vt 0.113729 0.783977
vt 0.093515 0.790154
vt 0.098016 0.754483
vt 0.133837 0.754454
vt 0.138325 0.790122
vt 0.118123 0.78397
vt 0.09444 0.793622
vt 0.091207 0.788272
vt 0.0956 0.752689
vt 0.136254 0.752657
vt 0.140629 0.788276
vt 0.137427 0.793591
vt 0.30197 0.190412
vt 0.281305 0.191872
vt 0.301885 0.173647
vt 0.279529 0.175717
vt 0.322638 0.189183
vt 0.322305 0.172988
vt 0.342926 0.189178
vt 0.342755 0.173105
vt 0.36207 0.190879
vt 0.363286 0.175141
vt 0.38056 0.193608
vt 0.382753 0.177992
vt 0.259854 0.192911
vt 0.259982 0.177367
vt 0.278995 0.167395
vt 0.278592 0.159154
vt 0.300843 0.156949
vt 0.301497 0.165558
vt 0.321758 0.15641
vt 0.321991 0.164899
vt 0.342809 0.156734
vt 0.342651 0.165103
vt 0.364203 0.16703
vt 0.364896 0.159091
vt 0.385233 0.162079
vt 0.383823 0.169924
vt 0.259272 0.169512
vt 0.258433 0.161845
vt 0.267077 0.06106
vt 0.238063 0.069979
vt 0.266307 0.053452
vt 0.23637 0.063011
vt 0.406118 0.070264
vt 0.377587 0.062554
vt 0.378644 0.055035
vt 0.408051 0.063452
vt 0.351168 0.056618
vt 0.351675 0.048792
vt 0.322372 0.053681
vt 0.32224 0.045759
vt 0.293747 0.055677
vt 0.293468 0.047967
vt 0.293288 0.03884
vt 0.265312 0.04854
vt 0.292226 0.025035
vt 0.263802 0.040435
vt 0.322738 0.036106
vt 0.323411 0.022678
vt 0.352984 0.040753
vt 0.355044 0.027426
vt 0.379507 0.050061
vt 0.380895 0.041954
vt 0.409036 0.060555
vt 0.410685 0.055757
vt 0.235309 0.060095
vt 0.233569 0.055287
vt 0.344432 0.315762
vt 0.344073 0.323137
vt 0.303453 0.342797
vt 0.313087 0.316042
vt 0.277916 0.336409
vt 0.283269 0.312117
vt 0.252105 0.307265
vt 0.248374 0.335769
vt 0.225261 0.294347
vt 0.222467 0.300948
vt 0.232052 0.286965
vt 0.225407 0.289283
vt 0.212909 0.248509
vt 0.221964 0.254373
vt 0.254508 0.242844
vt 0.25259 0.235854
vt 0.236611 0.223035
vt 0.208254 0.284351
vt 0.202695 0.338364
vt 0.202645 0.30082
vt 0.358898 0.337847
vt 0.34356 0.36371
vt 0.141289 0.214613
vt 0.13712 0.270538
vt 0.119878 0.269343
vt 0.121992 0.213517
vt 0.10129 0.268818
vt 0.101126 0.212192
vt 0.08445 0.26944
vt 0.080963 0.212284
vt 0.068347 0.27059
vt 0.063006 0.213688
vt 0.052663 0.272678
vt 0.045328 0.216263
vt 0.155858 0.272676
vt 0.164609 0.21614
vt 0.12213 0.200193
vt 0.142805 0.201642
vt 0.101449 0.19897
vt 0.081149 0.198964
vt 0.061996 0.200658
vt 0.043502 0.203378
vt 0.16426 0.202667
vt 0.145121 0.177154
vt 0.122605 0.175344
vt 0.12326 0.166738
vt 0.145526 0.168909
vt 0.102092 0.174695
vt 0.102323 0.166211
vt 0.081417 0.174894
vt 0.081256 0.166527
vt 0.059853 0.176806
vt 0.059156 0.168866
vt 0.040226 0.179682
vt 0.038813 0.171831
vt 0.164849 0.179247
vt 0.165691 0.17157
vt 0.164137 0.187112
vt 0.144585 0.18548
vt 0.060774 0.184918
vt 0.041301 0.187755
vt 0.081315 0.182894
vt 0.101779 0.182779
vt 0.122217 0.183431
vt 0.150862 0.119898
vt 0.174841 0.125707
vt 0.053294 0.121002
vt 0.028784 0.125974
vt 0.077269 0.116551
vt 0.102116 0.114564
vt 0.126983 0.115554
vt 0.157515 0.063079
vt 0.130447 0.057991
vt 0.131254 0.048909
vt 0.15844 0.058136
vt 0.101846 0.055638
vt 0.101421 0.045989
vt 0.072441 0.05857
vt 0.071168 0.050517
vt 0.045484 0.064738
vt 0.044638 0.059757
vt 0.016062 0.073065
vt 0.015088 0.070163
vt 0.187528 0.072388
vt 0.188558 0.069454
vt 0.061209 0.314939
vt 0.090521 0.317687
vt 0.099412 0.343109
vt 0.061113 0.322335
vt 0.121883 0.312136
vt 0.127669 0.336471
vt 0.153164 0.307248
vt 0.157055 0.335783
vt 0.179999 0.294332
vt 0.182818 0.300928
vt 0.185064 0.279982
vt 0.203302 0.25349
vt 0.190661 0.284648
vt 0.17162 0.242192
vt 0.175059 0.236908
vt 0.187337 0.223617
vt 0.045803 0.336737
vt 0.060264 0.363464
vt 0.292801 0.371638
vt 0.271067 0.366566
vt 0.242274 0.365743
vt 0.202691 0.367048
vt 0.329009 0.388902
vt 0.110824 0.371837
vt 0.134336 0.366663
vt 0.163123 0.365804
vt 0.074848 0.38893
vt 0.317056 0.414781
vt 0.284999 0.399984
vt 0.086898 0.414826
vt 0.118742 0.400203
vt 0.141033 0.394941
vt 0.167676 0.39374
vt 0.202664 0.39447
vt 0.237626 0.39367
vt 0.264155 0.394831
vt 0.695503 0.212249
vt 0.697341 0.225292
vt 0.693544 0.225724
vt 0.691735 0.21289
vt 0.698225 0.239067
vt 0.694414 0.23926
vt 0.698449 0.252207
vt 0.694632 0.252196
vt 0.697211 0.279083
vt 0.695496 0.292102
vt 0.69342 0.278631
vt 0.691725 0.29148
vt 0.698172 0.265366
vt 0.694362 0.265154
vt 0.731839 0.211555
vt 0.733552 0.224574
vt 0.72976 0.225026
vt 0.728068 0.212176
vt 0.733671 0.278366
vt 0.73183 0.291408
vt 0.729874 0.277934
vt 0.728062 0.290767
vt 0.734557 0.264591
vt 0.730746 0.264398
vt 0.734784 0.251451
vt 0.730968 0.251461
vt 0.734509 0.238292
vt 0.730699 0.238503
vt 0.745494 0.209306
vt 0.747281 0.222939
vt 0.747418 0.279933
vt 0.745473 0.29373
vt 0.748354 0.265292
vt 0.748601 0.251415
vt 0.748304 0.237525
vt 0.185901 0.079398
vt 0.156835 0.070717
vt 0.046518 0.072266
vt 0.017974 0.07989
vt 0.072921 0.066406
vt 0.101675 0.063561
vt 0.130199 0.065647
vt 0.27324 0.110174
vt 0.24928 0.11608
vt 0.395245 0.116268
vt 0.370746 0.111241
vt 0.346778 0.106744
vt 0.321934 0.104719
vt 0.297096 0.105737
vt 0.159816 0.049982
vt 0.190245 0.06462
vt 0.043283 0.05164
vt 0.013456 0.065357
vt 0.069214 0.037262
vt 0.100799 0.032494
vt 0.133383 0.034892
vt 0.302107 0.203737
vt 0.322962 0.202408
vt 0.322799 0.259034
vt 0.304218 0.259562
vt 0.343114 0.2025
vt 0.339632 0.259657
vt 0.361064 0.203909
vt 0.355729 0.260809
vt 0.378739 0.206489
vt 0.371411 0.2629
vt 0.259503 0.206376
vt 0.282818 0.204841
vt 0.268246 0.262901
vt 0.286981 0.26076
vt 0.711966 0.266136
vt 0.710941 0.280722
vt 0.712266 0.252246
vt 0.712022 0.238369
vt 0.711089 0.223728
vt 0.709146 0.20993
vt 0.709151 0.294354
vt 0.287632 0.501463
vt 0.295791 0.484682
vt 0.302047 0.487585
vt 0.296292 0.500059
vt 0.321298 0.484855
vt 0.316661 0.487417
vt 0.328222 0.5001
vt 0.322565 0.499987
vt 0.295869 0.517441
vt 0.302057 0.512741
vt 0.322839 0.516446
vt 0.316729 0.512576
vt 0.288699 0.458592
vt 0.296359 0.442331
vt 0.302712 0.446807
vt 0.297404 0.459686
vt 0.323347 0.442362
vt 0.31738 0.446448
vt 0.32931 0.458505
vt 0.323661 0.45882
vt 0.297452 0.475071
vt 0.3036 0.471946
vt 0.322936 0.473987
vt 0.31821 0.471593
usemtl standardSurface11SG
f 723/1017/1113 724/1018/1113 725/1019/1113
f 724/1018/1113 726/1020/1113 725/1019/1113
f 727/1021/1114 723/1017/1114 725/1019/1114
f 727/1021/1114 725/1019/1114 728/1022/1114
f 728/1022/1115 729/1023/1116 727/1021/1117
f 730/1024/1118 731/1025/1119 732/1026/1120
f 733/1027/1121 734/1028/1121 735/1029/1121
f 734/1028/1121 736/1030/1121 735/1029/1121
f 737/1031/1122 733/1027/1122 735/1029/1122
f 737/1031/1122 735/1029/1122 738/1032/1122
f 739/1033/1123 737/1031/1124 738/1032/1125
f 739/1033/1123 738/1032/1125 740/1034/1125
f 724/1018/1126 739/1033/1127 726/1020/1128
f 739/1033/1127 740/1034/1128 726/1020/1128
f 732/1026/1129 741/1035/1130 742/1036/1131
f 729/1023/1116 732/1026/1129 742/1036/1131
f 727/1021/1117 729/1023/1116 742/1036/1131
f 734/1028/1132 743/1037/1133 741/1035/1134
f 731/1025/1119 734/1028/1132 741/1035/1134
f 732/1026/1120 731/1025/1119 741/1035/1134
f 744/1038/1135 745/1039/1136 739/1033/1123
f 745/1039/1136 737/1031/1124 739/1033/1123
f 746/1040/1137 744/1038/1138 739/1033/1127
f 746/1040/1137 739/1033/1127 724/1018/1126
f 747/1041/1139 748/1042/1139 746/1040/1139
f 747/1041/1139 746/1040/1139 749/1043/1139
f 750/1044/1140 747/1045/1140 742/1036/1140
f 747/1045/1140 749/1046/1140 742/1036/1140
f 751/1047/1141 750/1044/1141 742/1036/1131
f 751/1047/1141 742/1036/1131 741/1035/1130
f 752/1048/1142 751/1047/1142 743/1037/1133
f 751/1047/1142 741/1035/1134 743/1037/1133
f 753/1049/1143 752/1048/1143 743/1037/1143
f 753/1049/1143 743/1037/1143 754/1050/1143
f 755/1051/1144 753/1052/1144 745/1039/1144
f 753/1052/1144 754/1053/1144 745/1039/1144
f 756/1054/1145 755/1051/1145 745/1039/1136
f 756/1054/1145 745/1039/1136 744/1038/1135
f 748/1042/1146 756/1054/1146 746/1040/1137
f 756/1054/1146 744/1038/1138 746/1040/1137
f 749/1043/1147 746/1040/1147 757/1055/1147
f 746/1040/1147 758/1056/1148 757/1055/1147
f 746/1040/1149 724/1018/1149 759/1057/1149
f 746/1040/1149 759/1057/1149 758/1056/1149
f 724/1018/1150 723/1017/1150 760/1058/1150
f 724/1018/1150 760/1058/1150 759/1057/1150
f 742/1036/1151 749/1046/1151 757/1059/1151
f 742/1036/1151 757/1059/1151 761/1060/1151
f 723/1017/1152 727/1021/1152 760/1058/1152
f 727/1021/1152 762/1061/1152 760/1058/1152
f 727/1021/1153 742/1036/1153 762/1061/1153
f 742/1036/1153 761/1060/1153 762/1061/1153
f 754/1050/1154 743/1037/1155 763/1062/1156
f 743/1037/1155 764/1063/1155 763/1062/1156
f 743/1037/1157 734/1028/1157 765/1064/1157
f 743/1037/1157 765/1064/1157 764/1063/1157
f 734/1028/1158 733/1027/1159 766/1065/1160
f 734/1028/1158 766/1065/1160 765/1064/1158
f 745/1039/1161 754/1053/1154 763/1066/1156
f 745/1039/1161 763/1066/1156 767/1067/1161
f 733/1027/1159 737/1031/1162 766/1065/1160
f 737/1031/1162 768/1068/1162 766/1065/1160
f 737/1031/1163 745/1039/1163 768/1068/1163
f 745/1039/1163 767/1067/1163 768/1068/1163
f 757/1069/1164 758/1070/1164 769/1071/1164
f 758/1070/1164 770/1072/1164 769/1071/1164
f 758/1070/1165 759/1073/1165 770/1072/1165
f 759/1073/1165 771/1074/1165 770/1072/1165
f 759/1073/1166 760/1075/1166 772/1076/1166
f 759/1073/1166 772/1076/1166 771/1074/1166
f 761/1077/1167 757/1078/1167 773/1079/1167
f 757/1078/1167 769/1080/1167 773/1079/1167
f 760/1075/1168 762/1081/1168 774/1082/1168
f 760/1075/1168 774/1082/1168 772/1076/1168
f 762/1081/1169 761/1077/1169 773/1079/1169
f 762/1081/1169 773/1079/1169 774/1082/1169
f 763/1083/1170 764/1084/1170 775/1085/1170
f 763/1083/1170 775/1085/1170 776/1086/1170
f 764/1084/1171 765/1087/1171 775/1085/1171
f 765/1087/1171 777/1088/1171 775/1085/1171
f 765/1087/1172 766/1089/1172 777/1088/1172
f 766/1089/1172 778/1090/1172 777/1088/1172
f 767/1091/1173 763/1092/1173 776/1093/1173
f 767/1091/1173 776/1093/1173 779/1094/1173
f 766/1089/1174 768/1095/1174 778/1090/1174
f 768/1095/1174 780/1096/1174 778/1090/1174
f 768/1095/1175 767/1091/1175 779/1094/1175
f 768/1095/1175 779/1094/1175 780/1096/1175
f 781/1097/1176 782/1098/1176 783/1099/1176
f 781/1097/1177 784/1100/1177 782/1098/1177
f 785/1101/1178 786/1102/1178 787/1103/1178
f 785/1101/1178 787/1103/1178 788/1104/1178
f 786/1102/1179 789/1105/1179 787/1103/1180
f 789/1105/1179 790/1106/1180 787/1103/1180
f 789/1105/1181 791/1107/1181 792/1108/1181
f 789/1105/1181 792/1108/1181 790/1106/1181
f 791/1107/1182 783/1099/1182 792/1108/1182
f 783/1099/1182 793/1109/1182 792/1108/1182
f 783/1099/1183 782/1098/1183 794/1110/1183
f 783/1099/1183 794/1110/1183 793/1109/1183
f 782/1098/1184 784/1100/1184 794/1110/1184
f 784/1100/1184 795/1111/1184 794/1110/1184
f 784/1100/1185 796/1112/1185 797/1113/1185
f 784/1100/1185 797/1113/1185 795/1111/1185
f 796/1112/1186 785/1101/1186 797/1113/1186
f 785/1101/1186 788/1104/1186 797/1113/1186
f 788/1114/1187 787/1115/1187 798/1116/1187
f 787/1115/1187 799/1117/1187 798/1116/1187
f 787/1118/1188 790/1119/1188 800/1120/1188
f 787/1118/1188 800/1120/1188 799/1121/1188
f 790/1119/1189 792/1122/1189 800/1120/1189
f 792/1122/1189 801/1123/1189 800/1120/1189
f 792/1122/1190 793/1124/1190 801/1123/1190
f 793/1124/1190 802/1125/1190 801/1123/1190
f 793/1124/1191 794/1126/1191 802/1125/1191
f 794/1126/1191 803/1127/1191 802/1125/1191
f 794/1126/1192 795/1128/1192 804/1129/1192
f 794/1126/1192 804/1129/1192 803/1127/1192
f 795/1128/1193 797/1130/1193 805/1131/1193
f 795/1128/1193 805/1131/1193 804/1129/1193
f 797/1130/1194 788/1114/1194 798/1116/1194
f 797/1130/1194 798/1116/1194 805/1131/1194
f 798/1132/1195 799/1133/1195 800/1134/1195
f 805/1135/1195 798/1132/1195 800/1134/1195
f 804/1136/1195 805/1135/1195 800/1134/1195
f 803/1137/1195 804/1136/1195 800/1134/1195
f 802/1138/1195 803/1137/1195 800/1134/1195
f 801/1139/1195 802/1138/1195 800/1134/1195
f 730/1140/1196 728/1141/1196 784/1142/1196
f 730/1140/1196 784/1142/1196 781/1143/1196
f 736/1144/1197 730/1140/1197 783/1145/1197
f 730/1140/1197 781/1143/1197 783/1145/1197
f 728/1022/1198 725/1019/1198 796/1146/1198
f 728/1022/1198 796/1146/1198 784/1147/1198
f 735/1029/1199 736/1030/1199 791/1148/1199
f 736/1030/1199 783/1149/1199 791/1148/1199
f 725/1019/1200 726/1020/1200 785/1150/1200
f 725/1019/1200 785/1150/1200 796/1146/1200
f 738/1032/1201 735/1029/1201 789/1151/1201
f 735/1029/1201 791/1148/1201 789/1151/1201
f 726/1020/1202 740/1034/1202 785/1150/1202
f 740/1034/1202 786/1152/1202 785/1150/1202
f 740/1034/1203 738/1032/1203 789/1151/1203
f 740/1034/1203 789/1151/1203 786/1152/1203
f 769/1071/1204 770/1072/1204 806/1153/1204
f 769/1071/1204 806/1153/1204 807/1154/1204
f 770/1072/1205 771/1074/1205 808/1155/1205
f 770/1072/1205 808/1155/1205 806/1153/1205
f 771/1074/1206 772/1076/1206 809/1156/1206
f 771/1074/1206 809/1156/1206 808/1155/1206
f 773/1079/1207 769/1080/1207 807/1157/1207
f 773/1079/1207 807/1157/1207 810/1158/1207
f 772/1076/1208 774/1082/1208 811/1159/1208
f 772/1076/1208 811/1159/1208 809/1156/1208
f 774/1082/1209 773/1079/1209 810/1158/1209
f 774/1082/1209 810/1158/1209 811/1159/1209
f 776/1086/1207 775/1085/1207 812/1160/1207
f 776/1086/1207 812/1160/1207 813/1161/1207
f 775/1085/1209 777/1088/1209 814/1162/1209
f 775/1085/1209 814/1162/1209 812/1160/1209
f 777/1088/1210 778/1090/1210 815/1163/1210
f 777/1088/1210 815/1163/1210 814/1162/1210
f 779/1094/1204 776/1093/1204 813/1164/1204
f 779/1094/1204 813/1164/1204 816/1165/1204
f 778/1090/1211 780/1096/1211 817/1166/1211
f 778/1090/1211 817/1166/1211 815/1163/1211
f 780/1096/1212 779/1094/1212 816/1165/1212
f 780/1096/1212 816/1165/1212 817/1166/1212
f 807/1154/1213 806/1153/1213 818/1167/1213
f 806/1153/1213 819/1168/1213 818/1167/1213
f 806/1153/1214 808/1155/1214 820/1169/1214
f 806/1153/1214 820/1169/1214 819/1168/1214
f 808/1155/1215 809/1156/1215 820/1169/1215
f 809/1156/1215 821/1170/1215 820/1169/1215
f 810/1158/1216 807/1157/1216 822/1171/1216
f 807/1157/1216 818/1172/1216 822/1171/1216
f 809/1156/1217 811/1159/1217 823/1173/1217
f 809/1156/1217 823/1173/1217 821/1170/1217
f 811/1159/1218 810/1158/1218 822/1171/1218
f 811/1159/1218 822/1171/1218 823/1173/1218
f 813/1161/1219 812/1160/1219 824/1174/1219
f 813/1161/1219 824/1174/1219 825/1175/1219
f 812/1160/1220 814/1162/1220 824/1174/1220
f 814/1162/1220 826/1176/1220 824/1174/1220
f 814/1162/1221 815/1163/1221 827/1177/1221
f 814/1162/1221 827/1177/1221 826/1176/1221
f 816/1165/1222 813/1164/1222 825/1178/1222
f 816/1165/1222 825/1178/1222 828/1179/1222
f 815/1163/1223 817/1166/1223 827/1177/1223
f 817/1166/1223 829/1180/1223 827/1177/1223
f 817/1166/1224 816/1165/1224 829/1180/1224
f 816/1165/1224 828/1179/1224 829/1180/1224
f 818/1181/1204 819/1182/1204 830/1183/1204
f 818/1181/1204 830/1183/1204 831/1184/1204
f 819/1182/1205 820/1185/1205 832/1186/1205
f 819/1182/1205 832/1186/1205 830/1183/1205
f 820/1185/1206 821/1187/1206 832/1186/1206
f 821/1187/1206 833/1188/1206 832/1186/1206
f 822/1189/1225 818/1190/1225 831/1191/1225
f 822/1189/1225 831/1191/1225 834/1192/1225
f 821/1187/1226 823/1193/1226 835/1194/1226
f 821/1187/1226 835/1194/1226 833/1188/1226
f 823/1193/1209 822/1189/1209 834/1192/1209
f 823/1193/1209 834/1192/1209 835/1194/1209
f 825/1195/1207 824/1196/1207 836/1197/1207
f 825/1195/1207 836/1197/1207 837/1198/1207
f 824/1196/1209 826/1199/1209 838/1200/1209
f 824/1196/1209 838/1200/1209 836/1197/1209
f 826/1199/1208 827/1201/1208 839/1202/1208
f 826/1199/1208 839/1202/1208 838/1200/1208
f 828/1203/1204 825/1204/1204 837/1205/1204
f 828/1203/1204 837/1205/1204 840/1206/1204
f 827/1201/1227 829/1207/1227 841/1208/1227
f 827/1201/1227 841/1208/1227 839/1202/1227
f 829/1207/1212 828/1203/1212 840/1206/1212
f 829/1207/1212 840/1206/1212 841/1208/1212
f 732/1026/1129 729/1023/1116 730/1024/1228
f 842/1209/1229 843/1210/1229 844/1211/1229
f 734/1028/1132 731/1025/1119 736/1030/1230
f 845/1212/1231 846/1213/1231 842/1214/1231
f 730/1140/1232 729/1215/1232 843/1210/1232
f 730/1140/1232 843/1210/1232 842/1209/1232
f 729/1216/1233 728/1217/1233 844/1211/1233
f 729/1216/1233 844/1211/1233 843/1210/1233
f 728/1141/1234 730/1140/1234 842/1209/1234
f 728/1141/1234 842/1209/1234 844/1211/1234
f 736/1218/1235 731/1219/1235 845/1212/1235
f 731/1219/1235 846/1213/1235 845/1212/1235
f 731/1220/1236 730/1140/1236 842/1214/1236
f 731/1220/1236 842/1214/1236 846/1213/1236
f 730/1140/1237 736/1144/1237 842/1214/1237
f 736/1144/1237 845/1212/1237 842/1214/1237
f 847/1221/1238 848/1222/1239 849/1223/1240
f 848/1222/1239 850/1224/1241 849/1223/1240
f 851/1225/1242 847/1221/1243 852/1226/1244
f 847/1221/1243 849/1223/1245 852/1226/1244
f 853/1227/1246 851/1225/1247 854/1228/1248
f 851/1225/1247 852/1226/1249 854/1228/1248
f 855/1229/1250 853/1227/1251 854/1228/1252
f 855/1229/1250 854/1228/1252 856/1230/1253
f 857/1231/1254 855/1229/1255 856/1230/1256
f 857/1231/1254 856/1230/1256 858/1232/1257
f 848/1222/1258 857/1233/1259 858/1234/1260
f 848/1222/1258 858/1234/1260 850/1224/1261
f 859/1235/1262 860/1236/1263 861/1237/1264
f 859/1235/1262 861/1237/1264 862/1238/1262
f 862/1238/1265 861/1237/1266 863/1239/1267
f 862/1238/1265 863/1239/1267 864/1240/1265
f 864/1240/1268 863/1239/1269 865/1241/1270
f 864/1240/1268 865/1241/1270 866/1242/1268
f 866/1242/1271 865/1241/1272 867/1243/1271
f 865/1241/1272 868/1244/1273 867/1243/1271
f 867/1243/1274 868/1244/1275 869/1245/1276
f 867/1243/1274 869/1245/1276 870/1246/1274
f 870/1247/1277 869/1248/1278 859/1235/1277
f 869/1248/1278 860/1236/1279 859/1235/1277
f 858/1234/1260 870/1247/1280 850/1224/1261
f 870/1247/1280 859/1235/1280 850/1224/1261
f 856/1230/1256 867/1243/1281 858/1232/1257
f 867/1243/1281 870/1246/1281 858/1232/1257
f 854/1228/1252 866/1242/1282 867/1243/1282
f 854/1228/1252 867/1243/1282 856/1230/1253
f 852/1226/1249 864/1240/1283 854/1228/1248
f 864/1240/1283 866/1242/1283 854/1228/1248
f 849/1223/1245 862/1238/1284 864/1240/1284
f 849/1223/1245 864/1240/1284 852/1226/1244
f 850/1224/1241 859/1235/1285 849/1223/1240
f 859/1235/1285 862/1238/1285 849/1223/1240
f 871/1249/1286 872/1250/1287 873/1251/1288
f 872/1250/1287 874/1252/1288 873/1251/1288
f 872/1253/1289 875/1254/1290 876/1255/1291
f 872/1253/1289 876/1255/1291 874/1256/1292
f 875/1254/1293 877/1257/1294 878/1258/1295
f 875/1254/1293 878/1258/1295 876/1255/1295
f 877/1257/1296 879/1259/1297 880/1260/1298
f 877/1257/1296 880/1260/1298 878/1258/1298
f 879/1259/1299 881/1261/1300 880/1260/1301
f 881/1261/1300 882/1262/1302 880/1260/1301
f 881/1261/1303 871/1249/1304 882/1262/1305
f 871/1249/1304 873/1251/1305 882/1262/1305
f 883/1263/1306 884/1264/1307 885/1265/1308
f 884/1264/1307 886/1266/1308 885/1265/1308
f 887/1267/1309 883/1263/1310 888/1268/1311
f 883/1263/1310 885/1265/1311 888/1268/1311
f 889/1269/1312 887/1267/1313 888/1268/1314
f 889/1269/1312 888/1268/1314 890/1270/1314
f 891/1271/1315 889/1269/1316 890/1270/1317
f 891/1271/1315 890/1270/1317 892/1272/1317
f 893/1273/1318 891/1271/1319 892/1272/1320
f 893/1273/1318 892/1272/1320 894/1274/1320
f 884/1264/1321 893/1275/1322 886/1266/1323
f 893/1275/1322 894/1276/1323 886/1266/1323
f 886/1277/1324 895/1278/1324 896/1279/1324
f 886/1277/1324 896/1279/1324 885/1280/1324
f 885/1280/1325 896/1279/1325 897/1281/1325
f 885/1280/1325 897/1281/1325 888/1282/1325
f 888/1282/1326 897/1281/1326 890/1283/1327
f 897/1281/1326 898/1284/1327 890/1283/1327
f 890/1283/1328 898/1284/1328 892/1285/1328
f 898/1284/1328 899/1286/1328 892/1285/1328
f 892/1287/1329 899/1288/1329 900/1289/1329
f 892/1287/1329 900/1289/1329 894/1290/1329
f 894/1290/1330 900/1289/1330 886/1291/1330
f 900/1289/1330 895/1292/1330 886/1291/1330
f 900/1289/1331 901/1293/1331 895/1292/1331
f 899/1288/1332 902/1294/1332 900/1289/1332
f 902/1294/1332 900/1289/1332 900/1289/1332
f 898/1284/1333 903/1295/1333 899/1286/1333
f 903/1295/1333 902/1296/1333 899/1286/1333
f 895/1278/1334 901/1297/1334 896/1279/1334
f 901/1297/1334 904/1298/1334 896/1279/1334
f 905/1299/1335 906/1300/1335 907/1301/1335
f 905/1299/1335 907/1301/1335 908/1302/1335
f 907/1301/1336 909/1303/1336 908/1302/1336
f 909/1303/1336 910/1304/1336 908/1302/1336
f 909/1303/1337 911/1305/1337 912/1306/1337
f 909/1303/1337 912/1306/1337 910/1304/1337
f 911/1305/1338 913/1307/1338 912/1306/1338
f 913/1307/1338 914/1308/1338 912/1306/1338
f 913/1307/1339 915/1309/1339 914/1308/1339
f 915/1309/1339 916/1310/1339 914/1308/1339
f 915/1311/1340 906/1300/1340 905/1299/1340
f 915/1311/1340 905/1299/1340 916/1312/1340
f 905/1299/1341 908/1302/1341 917/1313/1342
f 905/1299/1341 917/1313/1342 918/1314/1343
f 908/1302/1344 910/1304/1345 919/1315/1346
f 908/1302/1344 919/1315/1346 917/1313/1347
f 910/1304/1348 912/1306/1348 920/1316/1349
f 910/1304/1348 920/1316/1349 919/1315/1350
f 912/1306/1351 914/1308/1351 920/1316/1352
f 914/1308/1351 921/1317/1353 920/1316/1352
f 914/1308/1354 916/1310/1354 921/1317/1355
f 916/1310/1354 922/1318/1356 921/1317/1355
f 916/1312/1357 905/1299/1357 922/1319/1358
f 905/1299/1357 918/1314/1359 922/1319/1358
f 923/1320/1360 924/1321/1360 925/1322/1361
f 923/1320/1360 925/1322/1361 926/1323/1362
f 924/1321/1363 927/1324/1363 928/1325/1364
f 924/1321/1363 928/1325/1364 925/1322/1365
f 927/1324/1366 929/1326/1366 930/1327/1367
f 927/1324/1366 930/1327/1367 928/1325/1368
f 929/1326/1369 931/1328/1369 930/1327/1370
f 931/1328/1369 932/1329/1371 930/1327/1370
f 931/1328/1372 933/1330/1372 934/1331/1373
f 931/1328/1372 934/1331/1373 932/1329/1374
f 933/1332/1375 923/1320/1375 934/1333/1376
f 923/1320/1375 926/1323/1377 934/1333/1376
f 935/1334/1378 936/1335/1379 933/1332/1380
f 936/1335/1379 923/1320/1380 933/1332/1380
f 937/1336/1381 935/1337/1382 931/1328/1383
f 935/1337/1382 933/1330/1383 931/1328/1383
f 938/1338/1384 937/1336/1385 931/1328/1386
f 938/1338/1384 931/1328/1386 929/1326/1386
f 939/1339/1387 938/1338/1388 927/1324/1389
f 938/1338/1388 929/1326/1389 927/1324/1389
f 940/1340/1390 939/1339/1391 927/1324/1392
f 940/1340/1390 927/1324/1392 924/1321/1392
f 936/1335/1393 940/1340/1394 923/1320/1395
f 940/1340/1394 924/1321/1395 923/1320/1395
f 934/1333/1376 926/1323/1377 941/1341/1396
f 934/1333/1376 941/1341/1396 942/1342/1397
f 932/1329/1374 934/1331/1373 943/1343/1398
f 934/1331/1373 942/1344/1399 943/1343/1398
f 930/1327/1370 932/1329/1371 944/1345/1400
f 932/1329/1371 943/1343/1401 944/1345/1400
f 928/1325/1368 930/1327/1367 945/1346/1402
f 930/1327/1367 944/1345/1403 945/1346/1402
f 925/1322/1365 928/1325/1364 945/1346/1404
f 925/1322/1365 945/1346/1404 946/1347/1405
f 926/1323/1362 925/1322/1361 946/1347/1406
f 926/1323/1362 946/1347/1406 941/1341/1407
f 947/1348/1408 948/1349/1408 949/1350/1409
f 947/1348/1408 949/1350/1409 950/1351/1410
f 948/1349/1411 951/1352/1411 952/1353/1412
f 948/1349/1411 952/1353/1412 949/1350/1413
f 951/1352/1414 953/1354/1414 952/1353/1415
f 953/1354/1414 954/1355/1416 952/1353/1415
f 953/1354/1417 955/1356/1417 954/1355/1418
f 955/1356/1417 956/1357/1419 954/1355/1418
f 955/1356/1420 957/1358/1420 956/1357/1421
f 957/1358/1420 958/1359/1422 956/1357/1421
f 957/1360/1423 947/1348/1423 950/1351/1424
f 957/1360/1423 950/1351/1424 958/1361/1425
f 959/1362/1426 960/1363/1426 961/1364/1426
f 959/1362/1426 961/1364/1426 962/1365/1426
f 960/1363/1427 963/1366/1427 964/1367/1427
f 960/1363/1427 964/1367/1427 961/1364/1427
f 963/1366/1428 965/1368/1429 964/1367/1428
f 965/1368/1429 966/1369/1429 964/1367/1428
f 965/1368/1430 967/1370/1430 966/1369/1430
f 967/1370/1430 968/1371/1430 966/1369/1430
f 967/1372/1431 969/1373/1432 900/1289/1431
f 967/1372/1431 900/1289/1431 968/1374/1431
f 969/1373/1433 959/1375/1433 900/1289/1433
f 959/1375/1433 962/1376/1433 900/1289/1433
f 900/1289/1434 962/1376/1434 901/1377/1434
f 968/1374/1435 900/1289/1435 902/1294/1435
f 900/1289/1435 900/1289/1435 902/1294/1435
f 966/1369/1436 968/1371/1436 903/1295/1436
f 968/1371/1436 902/1296/1436 903/1295/1436
f 962/1365/1437 961/1364/1437 901/1378/1437
f 961/1364/1437 904/1379/1437 901/1378/1437
f 897/1281/1438 896/1279/1438 970/1380/1438
f 897/1281/1438 970/1380/1438 971/1381/1438
f 898/1284/1439 897/1281/1439 971/1381/1439
f 898/1284/1439 971/1381/1439 972/1382/1439
f 903/1295/1440 898/1284/1440 973/1383/1440
f 898/1284/1440 972/1382/1440 973/1383/1440
f 896/1279/1441 904/1298/1441 974/1384/1441
f 896/1279/1441 974/1384/1441 970/1380/1441
f 961/1364/1442 964/1367/1442 975/1385/1442
f 964/1367/1442 976/1386/1442 975/1385/1442
f 964/1367/1443 966/1369/1443 976/1386/1443
f 966/1369/1443 977/1387/1443 976/1386/1443
f 966/1369/1444 903/1295/1444 973/1383/1444
f 966/1369/1444 973/1383/1444 977/1387/1444
f 904/1379/1445 961/1364/1445 974/1388/1445
f 961/1364/1445 975/1385/1445 974/1388/1445
f 970/1380/1446 974/1384/1446 756/1389/1446
f 970/1380/1446 756/1389/1446 748/1390/1446
f 974/1388/1447 975/1385/1447 756/1391/1447
f 975/1385/1447 755/1392/1447 756/1391/1447
f 975/1385/1448 976/1386/1448 753/1393/1448
f 975/1385/1448 753/1393/1448 755/1392/1448
f 976/1386/1449 977/1387/1449 752/1394/1449
f 976/1386/1449 752/1394/1449 753/1393/1449
f 977/1387/1450 973/1383/1450 751/1395/1450
f 977/1387/1450 751/1395/1450 752/1394/1450
f 973/1383/1451 972/1382/1451 751/1395/1451
f 972/1382/1451 750/1396/1451 751/1395/1451
f 972/1382/1452 971/1381/1452 750/1396/1452
f 971/1381/1452 747/1397/1452 750/1396/1452
f 971/1381/1453 970/1380/1453 748/1390/1453
f 971/1381/1453 748/1390/1453 747/1397/1453
f 978/1398/1454 979/1399/1455 980/1400/1456
f 978/1398/1454 980/1400/1456 981/1401/1456
f 979/1399/1457 982/1402/1458 983/1403/1459
f 979/1399/1457 983/1403/1459 980/1400/1459
f 982/1402/1460 984/1404/1461 983/1403/1462
f 984/1404/1461 985/1405/1462 983/1403/1462
f 986/1406/1463 978/1407/1464 987/1408/1465
f 978/1407/1464 981/1409/1465 987/1408/1465
f 984/1404/1466 988/1410/1467 989/1411/1468
f 984/1404/1466 989/1411/1468 985/1405/1468
f 988/1410/1469 986/1406/1470 987/1408/1471
f 988/1410/1469 987/1408/1471 989/1411/1471
f 990/1412/1472 991/1413/1473 992/1414/1474
f 990/1412/1472 992/1414/1474 993/1415/1474
f 994/1416/1475 990/1417/1475 995/1418/1476
f 990/1417/1475 993/1419/1476 995/1418/1476
f 996/1420/1477 994/1416/1478 997/1421/1479
f 994/1416/1478 995/1418/1479 997/1421/1479
f 998/1422/1480 996/1420/1481 997/1421/1482
f 998/1422/1480 997/1421/1482 999/1423/1482
f 1000/1424/1483 998/1422/1484 1001/1425/1485
f 998/1422/1484 999/1423/1485 1001/1425/1485
f 991/1413/1486 1000/1424/1487 992/1414/1488
f 1000/1424/1487 1001/1425/1488 992/1414/1488
f 1002/1426/1489 1003/1427/1489 991/1413/1473
f 1002/1426/1489 991/1413/1473 990/1412/1472
f 1004/1428/1490 1002/1429/1490 994/1416/1475
f 1002/1429/1490 990/1417/1475 994/1416/1475
f 1005/1430/1491 1004/1428/1491 996/1420/1477
f 1004/1428/1491 994/1416/1478 996/1420/1477
f 1006/1431/1492 1005/1430/1493 996/1420/1481
f 1006/1431/1492 996/1420/1481 998/1422/1480
f 1007/1432/1494 1006/1431/1494 1000/1424/1483
f 1006/1431/1494 998/1422/1484 1000/1424/1483
f 1003/1427/1495 1007/1432/1495 991/1413/1486
f 1007/1432/1495 1000/1424/1487 991/1413/1486
f 1008/1433/1496 1009/1434/1497 947/1348/1498
f 1008/1433/1496 947/1348/1498 957/1360/1498
f 1010/1435/1499 1008/1436/1500 955/1356/1501
f 1008/1436/1500 957/1358/1501 955/1356/1501
f 1011/1437/1502 1010/1435/1503 953/1354/1504
f 1010/1435/1503 955/1356/1504 953/1354/1504
f 1012/1438/1505 1011/1437/1506 951/1352/1507
f 1011/1437/1506 953/1354/1507 951/1352/1507
f 1013/1439/1508 1012/1438/1509 951/1352/1510
f 1013/1439/1508 951/1352/1510 948/1349/1511
f 1009/1434/1512 1013/1439/1513 948/1349/1514
f 1009/1434/1512 948/1349/1514 947/1348/1514
f 1014/1440/1515 1015/1441/1516 871/1249/1286
f 1015/1441/1516 872/1250/1287 871/1249/1286
f 1015/1442/1517 1016/1443/1518 875/1254/1290
f 1015/1442/1517 875/1254/1290 872/1253/1289
f 1016/1443/1519 1017/1444/1520 877/1257/1294
f 1016/1443/1519 877/1257/1294 875/1254/1293
f 1017/1444/1521 1018/1445/1522 879/1259/1297
f 1017/1444/1521 879/1259/1297 877/1257/1296
f 1018/1445/1523 1019/1446/1524 879/1259/1299
f 1019/1446/1524 881/1261/1300 879/1259/1299
f 1019/1446/1525 1014/1440/1526 881/1261/1303
f 1014/1440/1526 871/1249/1304 881/1261/1303
f 958/1361/1425 950/1351/1424 959/1447/1527
f 958/1361/1425 959/1447/1527 969/1448/1527
f 956/1357/1421 958/1359/1422 967/1449/1528
f 958/1359/1422 969/1450/1528 967/1449/1528
f 954/1355/1418 956/1357/1419 965/1451/1529
f 956/1357/1419 967/1449/1529 965/1451/1529
f 952/1353/1415 954/1355/1416 963/1452/1530
f 954/1355/1416 965/1451/1530 963/1452/1530
f 949/1350/1413 952/1353/1412 960/1453/1531
f 952/1353/1412 963/1452/1531 960/1453/1531
f 950/1351/1410 949/1350/1409 959/1447/1532
f 949/1350/1409 960/1453/1532 959/1447/1532
f 874/1252/1533 893/1275/1322 884/1264/1321
f 874/1252/1533 884/1264/1321 873/1251/1533
f 876/1255/1534 891/1271/1319 874/1256/1535
f 891/1271/1319 893/1273/1318 874/1256/1535
f 878/1258/1536 889/1269/1316 876/1255/1536
f 889/1269/1316 891/1271/1315 876/1255/1536
f 880/1260/1537 887/1267/1313 878/1258/1537
f 887/1267/1313 889/1269/1312 878/1258/1537
f 882/1262/1538 883/1263/1310 887/1267/1309
f 882/1262/1538 887/1267/1309 880/1260/1538
f 873/1251/1539 884/1264/1307 883/1263/1306
f 873/1251/1539 883/1263/1306 882/1262/1539
f 1020/1454/1540 1021/1455/1540 1022/1456/1540
f 1020/1454/1540 1022/1456/1540 1023/1457/1540
f 1021/1455/1541 1024/1458/1541 1022/1456/1541
f 1024/1458/1541 1025/1459/1541 1022/1456/1541
f 1024/1458/1542 1026/1460/1542 1027/1461/1542
f 1024/1458/1542 1027/1461/1542 1025/1459/1542
f 1026/1460/1543 1028/1462/1543 1029/1463/1543
f 1026/1460/1543 1029/1463/1543 1027/1461/1543
f 1028/1464/1544 1030/1465/1544 1029/1466/1544
f 1030/1465/1544 1031/1467/1544 1029/1466/1544
f 1023/1457/1545 1031/1467/1545 1030/1465/1545
f 1023/1457/1545 1030/1465/1545 1020/1454/1545
f 942/1342/1397 941/1341/1396 1009/1434/1497
f 942/1342/1397 1009/1434/1497 1008/1433/1496
f 943/1343/1398 942/1344/1399 1010/1435/1499
f 942/1344/1399 1008/1436/1500 1010/1435/1499
f 944/1345/1400 943/1343/1401 1011/1437/1502
f 943/1343/1401 1010/1435/1503 1011/1437/1502
f 945/1346/1402 944/1345/1403 1012/1438/1505
f 944/1345/1403 1011/1437/1506 1012/1438/1505
f 946/1347/1405 945/1346/1404 1012/1438/1509
f 946/1347/1405 1012/1438/1509 1013/1439/1508
f 941/1341/1407 946/1347/1406 1013/1439/1513
f 941/1341/1407 1013/1439/1513 1009/1434/1512
f 869/1248/1278 1015/1441/1516 1014/1440/1515
f 869/1248/1278 1014/1440/1515 860/1236/1279
f 868/1244/1275 1016/1443/1518 869/1245/1276
f 1016/1443/1518 1015/1442/1517 869/1245/1276
f 865/1241/1272 1017/1444/1520 868/1244/1273
f 1017/1444/1520 1016/1443/1519 868/1244/1273
f 863/1239/1269 1018/1445/1522 865/1241/1270
f 1018/1445/1522 1017/1444/1521 865/1241/1270
f 861/1237/1266 1019/1446/1524 1018/1445/1523
f 861/1237/1266 1018/1445/1523 863/1239/1267
f 860/1236/1263 1014/1440/1526 1019/1446/1525
f 860/1236/1263 1019/1446/1525 861/1237/1264
f 922/1319/1358 918/1314/1359 935/1334/1378
f 918/1314/1359 936/1335/1379 935/1334/1378
f 921/1317/1355 922/1318/1356 937/1336/1381
f 922/1318/1356 935/1337/1382 937/1336/1381
f 920/1316/1352 921/1317/1353 938/1338/1384
f 921/1317/1353 937/1336/1385 938/1338/1384
f 919/1315/1350 920/1316/1349 938/1338/1388
f 919/1315/1350 938/1338/1388 939/1339/1387
f 917/1313/1347 919/1315/1346 939/1339/1391
f 917/1313/1347 939/1339/1391 940/1340/1390
f 918/1314/1343 917/1313/1342 940/1340/1394
f 918/1314/1343 940/1340/1394 936/1335/1393
f 1028/1464/1546 857/1233/1259 1030/1465/1546
f 857/1233/1259 848/1222/1258 1030/1465/1546
f 1026/1460/1547 855/1229/1255 1028/1462/1547
f 855/1229/1255 857/1231/1254 1028/1462/1547
f 1024/1458/1548 853/1227/1251 1026/1460/1548
f 853/1227/1251 855/1229/1250 1026/1460/1548
f 1021/1455/1549 851/1225/1247 853/1227/1246
f 1021/1455/1549 853/1227/1246 1024/1458/1549
f 1020/1454/1550 847/1221/1243 851/1225/1242
f 1020/1454/1550 851/1225/1242 1021/1455/1550
f 1030/1465/1551 848/1222/1239 847/1221/1238
f 1030/1465/1551 847/1221/1238 1020/1454/1551
f 1032/1468/1552 1033/1469/1552 986/1406/1470
f 1032/1468/1552 986/1406/1470 988/1410/1469
f 1034/1470/1553 1032/1468/1553 988/1410/1467
f 1034/1470/1553 988/1410/1467 984/1404/1466
f 1035/1471/1554 1034/1470/1554 982/1402/1460
f 1034/1470/1554 984/1404/1461 982/1402/1460
f 1036/1472/1555 1035/1471/1555 982/1402/1458
f 1036/1472/1555 982/1402/1458 979/1399/1457
f 1037/1473/1556 1036/1472/1556 979/1399/1455
f 1037/1473/1556 979/1399/1455 978/1398/1454
f 1033/1469/1557 1037/1474/1557 986/1406/1463
f 1037/1474/1557 978/1407/1464 986/1406/1463
f 831/1475/1558 830/1476/1558 1003/1477/1558
f 831/1475/1558 1003/1477/1558 1002/1478/1558
f 830/1476/1559 832/1479/1559 1007/1480/1559
f 830/1476/1559 1007/1480/1559 1003/1477/1559
f 832/1479/1560 833/1481/1560 1006/1482/1560
f 832/1479/1560 1006/1482/1560 1007/1480/1560
f 834/1483/1561 831/1475/1561 1004/1484/1561
f 831/1475/1561 1002/1478/1561 1004/1484/1561
f 833/1481/1562 835/1485/1562 1006/1482/1562
f 835/1485/1562 1005/1486/1562 1006/1482/1562
f 835/1485/1563 834/1483/1563 1005/1486/1563
f 834/1483/1563 1004/1484/1563 1005/1486/1563
f 837/1487/1564 836/1488/1564 1036/1489/1564
f 837/1487/1564 1036/1489/1564 1037/1490/1564
f 836/1488/1565 838/1491/1565 1035/1492/1565
f 836/1488/1565 1035/1492/1565 1036/1489/1565
f 838/1491/1566 839/1493/1566 1034/1494/1566
f 838/1491/1566 1034/1494/1566 1035/1492/1566
f 840/1495/1567 837/1487/1567 1033/1496/1567
f 837/1487/1567 1037/1490/1567 1033/1496/1567
f 839/1493/1568 841/1497/1568 1034/1494/1568
f 841/1497/1568 1032/1498/1568 1034/1494/1568
f 841/1497/1569 840/1495/1570 1032/1498/1569
f 840/1495/1570 1033/1496/1569 1032/1498/1569
s off
g Body_standardSurface11SG_1
v 0.787331 -9.41425 -0.615484
v 0.794554 -9.23612 -0.611976
v 1.30364 -9.23612 -0.611976
v 1.29504 -9.41425 -0.615484
v 1.57113 -9.23612 -0.096961
v 1.56551 -9.41425 -0.105918
v 1.58089 -9.23612 1.09241
v 1.29894 -9.23612 1.34147
v 1.57823 -9.41425 1.09631
v 1.29624 -9.41425 1.3351
v 0.778122 -9.23612 1.34147
v 0.779893 -9.41425 1.3351
v 0.496345 -9.23612 1.09262
v 0.500086 -9.41425 1.09658
v 0.524402 -9.23612 -0.096961
v 0.519559 -9.41425 -0.105917
v 5.61724 3.67158 0.002152
v 5.61724 3.82288 -0.334032
v 5.83605 3.66344 -0.038306
v 5.80536 3.82196 -0.544691
v 5.61724 4.20717 -0.334032
v 5.80536 4.21616 -0.544691
v 5.61724 4.35847 0.002152
v 5.83605 4.37467 -0.038306
v 5.61724 3.82288 0.338336
v 5.79932 3.8517 0.471
v 5.61724 4.20871 0.338336
v 5.80536 4.23223 0.468079
v -5.61724 3.67158 0.002152
v -5.61724 3.82288 0.338336
v -5.83605 3.66344 -0.038306
v -5.79932 3.8517 0.471
v -5.61724 4.20871 0.338336
v -5.80536 4.23223 0.468079
v -5.61724 4.35847 0.002152
v -5.83605 4.37467 -0.038306
v -5.61724 3.82288 -0.334032
v -5.80536 3.82196 -0.544691
v -5.61724 4.20717 -0.334032
v -5.80536 4.21615 -0.544691
v 6.18092 3.87171 -0.544691
v 6.24229 3.85142 -0.038306
v 6.18092 4.21616 -0.544691
v 6.24229 4.3494 -0.038306
v 6.16907 3.85543 0.470959
v 6.17533 4.23728 0.467567
v 6.3623 3.83621 1.06605
v 6.34598 3.626 1.03171
v 6.52626 3.87818 0.929694
v 6.4942 3.66777 0.894292
v -6.16907 3.85543 0.470959
v -6.24229 3.85142 -0.038306
v -6.34598 3.626 1.03171
v -6.3623 3.83621 1.06605
v -6.52626 3.87818 0.929694
v -6.4942 3.66777 0.894292
v -6.17533 4.23728 0.467567
v -6.24229 4.3494 -0.038306
v -6.18092 3.87171 -0.544691
v -6.18092 4.21615 -0.544691
v 6.72176 3.92173 -0.291498
v 6.75437 3.93106 -0.038306
v 6.66378 4.19982 -0.544691
v 6.66378 3.90199 -0.544691
v 6.72176 4.25756 -0.291499
v 6.66378 3.9043 0.468079
v 6.72176 3.92288 0.214886
v 6.72176 4.25873 0.214886
v 6.75437 4.29423 -0.038306
v 6.66378 4.20217 0.468079
v -6.72176 3.92288 0.214886
v -6.75437 3.93106 -0.038306
v -6.66378 4.20217 0.468079
v -6.66378 3.9043 0.468079
v -6.72176 4.25873 0.214886
v -6.66378 3.90199 -0.544691
v -6.72176 3.92173 -0.291498
v -6.72176 4.25756 -0.291499
v -6.75437 4.29423 -0.038306
v -6.66378 4.19982 -0.544691
v 5.93716 3.8042 0.692161
v 5.98347 4.14286 0.717825
v 6.25625 3.80185 0.636339
v 6.26671 4.16771 0.638325
v -6.11981 3.71854 0.856433
v -6.14324 4.02478 0.8997
v -6.41903 4.01604 0.812706
v -6.38182 3.72589 0.791711
v 6.11981 3.71854 0.856433
v 6.14324 4.02478 0.8997
v 6.41903 4.01604 0.812706
v 6.38182 3.72589 0.791711
v -5.93716 3.8042 0.692161
v -5.98347 4.14286 0.717825
v -6.26671 4.16771 0.638325
v -6.25625 3.80185 0.636339
v 7.71532 3.98813 0.002401
v 7.71532 4.23452 0.002401
v 7.68732 4.21044 0.174179
v 7.68732 3.98258 0.174179
v -7.55614 3.95776 0.242723
v -7.49816 3.94327 0.440242
v -7.49816 4.17563 0.440242
v -7.55614 4.21976 0.242723
v 7.55614 3.95776 0.242723
v 7.55614 4.21976 0.242723
v 7.49816 4.17563 0.440242
v 7.49816 3.94327 0.440242
v -7.64904 3.99292 -0.082575
v -7.64904 4.2291 -0.082575
v -7.62173 4.20525 -0.24723
v -7.62173 3.98686 -0.24723
v 7.41987 4.00162 -0.332477
v 7.36947 3.98827 -0.503713
v 7.36947 4.1897 -0.503713
v 7.41987 4.22875 -0.332477
v 7.62173 3.98686 -0.24723
v 7.62173 4.20525 -0.24723
v 7.64904 4.2291 -0.082575
v 7.64904 3.99292 -0.082575
v -7.68732 3.98258 0.174179
v -7.68732 4.21044 0.174179
v -7.71532 4.23452 0.002401
v -7.71532 3.98813 0.002401
v -7.41987 4.00162 -0.332477
v -7.41987 4.22875 -0.332477
v -7.36947 4.1897 -0.503713
v -7.36947 3.98827 -0.503713
v -6.72588 3.94017 0.228684
v -6.65966 3.92361 0.454281
v -6.65966 4.18901 0.454281
v -6.72588 4.23942 0.228684
v 6.72588 4.23942 0.228684
v 6.72588 3.94017 0.228684
v 6.65966 4.18901 0.454281
v 6.65966 3.92361 0.454281
v 6.75643 4.27385 -0.024416
v 6.75643 3.95054 -0.024416
v 6.7197 4.24225 0.200996
v 6.7197 3.94325 0.200996
v -6.7197 4.24225 0.200996
v -6.7197 3.94325 0.200996
v -6.75643 4.27385 -0.024416
v -6.75643 3.95054 -0.024416
v -6.75693 4.27528 -0.051184
v -6.75693 3.94906 -0.051184
v -6.7192 4.24234 -0.278621
v -6.7192 3.94067 -0.278621
v 6.7192 3.94067 -0.278621
v 6.7192 4.24234 -0.278621
v 6.75693 4.27528 -0.051184
v 6.75693 3.94906 -0.051184
v 6.72604 3.93865 -0.305057
v 6.6595 3.92103 -0.531133
v 6.6595 4.18696 -0.531133
v 6.72604 4.23852 -0.305057
v -6.72604 4.23852 -0.305057
v -6.72604 3.93865 -0.305057
v -6.6595 4.18696 -0.531133
v -6.6595 3.92103 -0.531133
v 7.17581 4.26468 -0.013033
v 7.17581 3.97402 -0.013033
v 7.14278 4.23628 0.189613
v 7.14278 3.96747 0.189613
v -7.08103 3.95963 0.231683
v -7.01657 3.94352 0.451282
v -7.12049 3.9618 0.232016
v -7.05622 3.94573 0.450949
v -7.01657 4.20186 0.451282
v -7.05622 4.20329 0.450949
v -7.08103 4.25092 0.231683
v -7.12049 4.2522 0.232016
v 7.08103 4.25092 0.231683
v 7.08103 3.95963 0.231683
v 7.01657 4.20186 0.451282
v 7.01657 3.94352 0.451282
v -7.11652 3.98607 -0.06507
v -7.11652 4.27246 -0.06507
v -7.15647 4.27214 -0.066613
v -7.15647 3.99018 -0.066613
v -7.08339 4.24354 -0.264735
v -7.12386 4.24367 -0.263192
v -7.08339 3.97871 -0.264735
v -7.12386 3.98293 -0.263192
v 6.94759 3.96118 -0.518048
v 7.00642 3.97676 -0.318141
v 6.94759 4.19633 -0.518048
v 7.00642 4.24192 -0.318141
v 7.08339 4.24354 -0.264735
v 7.08339 3.97871 -0.264735
v 7.11652 4.27246 -0.06507
v 7.11652 3.98607 -0.06507
v -7.14278 3.96747 0.189613
v -7.14278 4.23628 0.189613
v -7.18979 4.23561 0.188348
v -7.18979 3.97017 0.188348
v -7.17581 4.26468 -0.013033
v -7.22241 4.26367 -0.011768
v -7.17581 3.97402 -0.013033
v -7.22241 3.97663 -0.011768
v -7.00642 3.97676 -0.318141
v -7.00642 4.24192 -0.318141
v -7.03757 4.24229 -0.319595
v -7.03757 3.98099 -0.319595
v -6.94759 4.19633 -0.518048
v -6.9796 4.19737 -0.516595
v -6.94759 3.96118 -0.518048
v -6.9796 3.96564 -0.516595
v 7.22241 3.97663 -0.011768
v 7.22241 4.26367 -0.011768
v 7.2717 4.26075 -0.010351
v 7.2717 3.97778 -0.010351
v 7.18979 4.23561 0.188348
v 7.23955 4.2331 0.186931
v 7.18979 3.97017 0.188348
v 7.23955 3.97141 0.186931
v -7.16405 3.96139 0.233087
v -7.10042 3.94548 0.449878
v -7.10042 4.20052 0.449878
v -7.16405 4.24896 0.233087
v 7.12049 3.9618 0.232016
v 7.12049 4.2522 0.232016
v 7.16405 4.24896 0.233087
v 7.16405 3.96139 0.233087
v 7.05622 4.20329 0.450949
v 7.10042 4.20052 0.449878
v 7.05622 3.94573 0.450949
v 7.10042 3.94548 0.449878
v -7.20573 3.99045 -0.068209
v -7.20573 4.26784 -0.068209
v -7.17365 4.23983 -0.261596
v -7.17365 3.98333 -0.261596
v 7.03757 3.98099 -0.319595
v 6.9796 3.96564 -0.516595
v 7.01859 3.9679 -0.515306
v 7.0758 3.98306 -0.320883
v 6.9796 4.19737 -0.516595
v 7.01859 4.1966 -0.515306
v 7.03757 4.24229 -0.319595
v 7.0758 4.24094 -0.320883
v 7.12386 3.98293 -0.263192
v 7.12386 4.24367 -0.263192
v 7.17365 4.23983 -0.261596
v 7.17365 3.98333 -0.261596
v 7.15647 4.27214 -0.066613
v 7.20573 4.26784 -0.068209
v 7.15647 3.99018 -0.066613
v 7.20573 3.99045 -0.068209
v -7.23955 3.97141 0.186931
v -7.23955 4.2331 0.186931
v -7.2717 4.26075 -0.010351
v -7.2717 3.97778 -0.010351
v -7.0758 3.98306 -0.320883
v -7.0758 4.24094 -0.320883
v -7.01859 4.1966 -0.515306
v -7.01859 3.9679 -0.515306
v 1.31442 -8.39241 -0.558453
v 1.55228 -8.51624 -0.106866
v 1.63056 -8.50609 -0.09015
v 1.35189 -8.38282 -0.615259
v 1.31108 -8.22859 0.286876
v 1.35189 -8.22262 0.36972
v 0.836748 -8.21981 0.286145
v 0.794548 -8.21163 0.36972
v 0.599327 -8.5162 -0.104403
v 0.515879 -8.50605 -0.09015
v 0.836425 -8.39241 -0.559171
v 0.794548 -8.38282 -0.615259
v -1.30364 -9.23612 -0.611976
v -1.57113 -9.23612 -0.096961
v -1.35189 -8.38282 -0.615259
v -1.63056 -8.50609 -0.09015
v -1.58089 -9.23612 1.09241
v -1.29894 -9.23612 1.34147
v -1.30825 -8.8566 1.3194
v -1.59008 -8.82101 1.09701
v -0.778122 -9.23612 1.34147
v -0.772025 -8.85656 1.3194
v -0.496345 -9.23612 1.09262
v -0.483468 -8.82463 1.09701
v -0.524402 -9.23612 -0.096961
v -0.794554 -9.23612 -0.611976
v -0.794548 -8.38282 -0.615259
v -0.515879 -8.50605 -0.09015
v 1.59008 -8.82101 1.09701
v 1.30709 -8.69177 1.09701
v 1.30825 -8.8566 1.3194
v 1.61049 -9.23612 0.377714
v 1.60638 -9.41425 0.377582
v 0.790644 -8.69157 1.09701
v 0.772025 -8.85656 1.3194
v 0.483468 -8.82463 1.09701
v 0.475181 -9.23612 0.377715
v 0.478007 -9.41425 0.377583
v -1.30628 -8.75472 0.849671
v -1.65313 -8.92975 0.849669
v -1.30709 -8.69177 1.09701
v -1.64697 -9.23612 0.849669
v -0.80363 -8.75279 0.849671
v -0.790644 -8.69157 1.09701
v -0.462172 -9.23612 0.849669
v -0.450869 -8.93132 0.849669
v 1.30547 -8.62168 0.574203
v 1.62461 -8.77297 0.378167
v 0.816617 -8.61803 0.574203
v 0.465453 -8.77249 0.378167
v 0.462172 -9.23612 0.849669
v 0.465455 -9.41425 0.849669
v 0.80363 -8.75279 0.849671
v 0.450869 -8.93132 0.849669
v 1.30628 -8.75472 0.849671
v 1.65313 -8.92975 0.849669
v 1.64697 -9.23612 0.849669
v 1.64518 -9.41425 0.849669
v -0.475181 -9.23612 0.377715
v -0.465453 -8.77249 0.378167
v -0.794548 -8.21163 0.36972
v -0.816617 -8.61803 0.574203
v -1.35189 -8.22262 0.36972
v -1.30547 -8.62168 0.574203
v -1.62461 -8.77297 0.378167
v -1.61049 -9.23612 0.377714
v 1.34552 -7.87577 -0.613624
v 1.60194 -7.87385 -0.113608
v 1.32891 -7.88739 0.325548
v 0.822878 -7.88025 0.321918
v 0.568596 -7.87381 -0.101387
v 0.821281 -7.87578 -0.617185
v -1.31442 -8.39241 -0.558453
v -1.55228 -8.51624 -0.106866
v -1.31108 -8.22859 0.286876
v -0.836748 -8.21981 0.286145
v -0.599327 -8.5162 -0.104403
v -0.836425 -8.39241 -0.559171
v 1.33034 -7.69595 -0.579397
v 1.56553 -7.69445 -0.114577
v 1.6571 -7.68729 -0.109421
v 1.3748 -7.68926 -0.663287
v 1.30899 -7.70481 0.292079
v 1.35318 -7.70108 0.376167
v 0.847359 -7.69935 0.287412
v 0.797433 -7.69381 0.371443
v 0.614918 -7.69441 -0.098863
v 0.517911 -7.68724 -0.093514
v 0.845306 -7.69597 -0.583976
v 0.795354 -7.68928 -0.667921
v -1.34552 -7.87577 -0.613624
v -1.60194 -7.87385 -0.113608
v -1.3748 -7.68926 -0.663287
v -1.6571 -7.68729 -0.109421
v -1.32891 -7.88739 0.325548
v -1.35318 -7.70108 0.376167
v -0.822878 -7.88025 0.321918
v -0.797433 -7.69381 0.371443
v -0.568596 -7.87381 -0.101387
v -0.517911 -7.68724 -0.093514
v -0.821281 -7.87578 -0.617185
v -0.795354 -7.68928 -0.667921
v -1.33034 -7.69595 -0.579397
v -1.56553 -7.69445 -0.114577
v -1.30899 -7.70481 0.292079
v -0.847359 -7.69935 0.287412
v -0.614918 -7.69441 -0.098863
v -0.845306 -7.69597 -0.583976
v -1.29504 -9.41425 -0.615484
v -1.56551 -9.41425 -0.105918
v -1.60638 -9.41425 0.377582
v -1.64518 -9.41425 0.849669
v -1.57823 -9.41425 1.09631
v -1.29624 -9.41425 1.3351
v -0.779893 -9.41425 1.3351
v -0.500086 -9.41425 1.09658
v -0.465455 -9.41425 0.849669
v -0.478007 -9.41425 0.377583
v -0.519559 -9.41425 -0.105917
v -0.787331 -9.41425 -0.615484
vn 0 0.019689 -0.999806
vn 0 0.000145 -1
vn 0 -0.000151 -1
vn 0.881849 -0.051443 -0.468717
vn 0.881775 -0.052064 -0.468787
vn 0.885219 -0.019078 -0.464784
vn 0.645393 -0.00332 0.763843
vn 0.645535 -0.003509 0.763723
vn 0.654166 -0.015119 0.7562
vn 1e-06 0.029019 0.999579
vn 1e-06 0.028845 0.999584
vn -0 -0.035761 0.99936
vn -0.642809 -0.0035 0.766019
vn -0.642601 -0.003307 0.766194
vn -0.655362 -0.015259 0.755161
vn -0.655362 -0.015259 0.75516
vn -0.88444 0.005118 -0.466625
vn -0.884444 0.005309 -0.466616
vn -0.884446 0.046202 -0.464351
vn -0.223597 -0.917407 -0.329193
vn -0.745876 0 -0.666085
vn -0.257058 0.910016 -0.325256
vn -0.037485 -0.927869 0.371018
vn -0.161022 0.934269 0.31814
vn -0.578986 0.007675 0.815302
vn -0.578985 0.007675 0.815302
vn 0.037485 -0.927868 0.371019
vn 0.578985 0.007675 0.815302
vn 0.161022 0.934269 0.31814
vn 0.223598 -0.917407 -0.329194
vn 0.257058 0.910015 -0.325259
vn 0.257058 0.910016 -0.325259
vn 0.745876 1e-06 -0.666085
vn 0.285539 -0.938993 -0.191731
vn -0 1e-06 -1
vn 0.031025 0.959704 -0.279294
vn 0.190594 -0.974073 0.121889
vn 0.234775 -0.950248 0.204716
vn 0.165934 -0.983159 0.076581
vn 0.025402 0.96891 0.246106
vn 0.02035 0.96315 0.268193
vn 0.017519 0.959698 0.280486
vn 0.675746 -0.195557 0.710721
vn -0.234776 -0.950249 0.204714
vn -0.190594 -0.974072 0.121888
vn -0.165935 -0.983159 0.076581
vn -0.675747 -0.195557 0.710721
vn -0.02035 0.96315 0.268193
vn -0.025402 0.96891 0.246106
vn -0.017519 0.959698 0.280486
vn -0.285539 -0.938993 -0.19173
vn -0.031025 0.959704 -0.279295
vn 0 0 -1
vn 0.106214 -0.994266 -0.012395
vn 0.109818 -0.993899 -0.010198
vn 0.153648 -0.987986 0.016636
vn 0.042969 0.967302 -0.249962
vn 0.050632 0.969771 -0.238706
vn 0.054183 0.970854 -0.233469
vn 0.122072 -0.992519 0.002028
vn 0.12575 -0.992062 0.000384
vn 0.127894 -0.991788 -0.000576
vn 0.071501 0.973336 0.217956
vn 0.073765 0.974124 0.213636
vn 0.105891 0.982783 0.151409
vn 0.002339 0.00497 0.999985
vn -0.12575 -0.992062 0.000383
vn -0.127894 -0.991788 -0.000576
vn -0.153658 -0.98805 -0.012128
vn -0.002339 0.00497 0.999985
vn -0.066793 0.971623 0.226909
vn -0.071501 0.973336 0.217956
vn -0.073765 0.974124 0.213636
vn -0.099677 -0.994885 -0.016376
vn -0.106214 -0.994266 -0.012395
vn -0.109818 -0.9939 -0.010197
vn -0.050631 0.969771 -0.238707
vn -0.054182 0.970853 -0.23347
vn -0.105817 0.982096 -0.15585
vn -0.823966 0.042111 0.565073
vn -0.77266 0.022737 0.634413
vn -0.784784 0.027131 0.619175
vn -0.050114 -0.942473 -0.330503
vn -0.034106 -0.957164 -0.287531
vn 0.879806 -0.02056 -0.474889
vn 0.808663 -0.027432 -0.587632
vn 0.839663 -0.024666 -0.542548
vn 0.074308 0.889305 0.451238
vn 0.050318 0.906084 0.420094
vn 0.670251 -0.035532 0.741284
vn 0.684102 -0.023058 0.729022
vn 0.633691 -0.067036 0.770676
vn -0.168232 0.819466 0.547881
vn -0.198018 0.799251 0.567439
vn -0.245534 0.763679 0.597083
vn -0.741686 -0.028279 -0.670151
vn -0.730331 -0.024982 -0.682636
vn -0.699636 -0.01633 -0.714313
vn 0.079971 -0.915972 -0.393193
vn 0.076449 -0.916416 -0.392857
vn 0.084341 -0.915404 -0.393602
vn -0.670251 -0.035532 0.741284
vn -0.684102 -0.023057 0.729022
vn 0.168232 0.819466 0.547881
vn 0.198017 0.799251 0.567439
vn 0.730331 -0.024982 -0.682636
vn 0.741685 -0.028279 -0.670151
vn -0.079971 -0.915972 -0.393193
vn -0.076449 -0.916416 -0.392858
vn 0.823966 0.042111 0.565073
vn 0.77266 0.022736 0.634413
vn 0.784784 0.027131 0.619175
vn -0.074308 0.889305 0.451238
vn -0.050318 0.906084 0.420095
vn -0.879806 -0.02056 -0.474889
vn -0.808663 -0.027433 -0.587632
vn -0.839663 -0.024666 -0.542548
vn 0.050114 -0.942474 -0.330503
vn 0.034106 -0.957164 -0.28753
vn -0.633691 -0.067036 0.770676
vn 0.245534 0.763679 0.597082
vn 0.699636 -0.01633 -0.714313
vn -0.084341 -0.915404 -0.393602
vn 0.066793 0.971623 0.226909
vn -0.105891 0.982783 0.151409
vn 0.105817 0.982096 -0.155852
vn -0.042968 0.967301 -0.249964
vn 0.153659 -0.98805 -0.012128
vn -0.122072 -0.992519 0.002028
vn 0.099678 -0.994885 -0.016377
vn -0.153648 -0.987986 0.016636
vn 0.986979 0 0.160848
vn -0.959519 0 0.281646
vn 0.959519 0 0.281646
vn -0.986516 0 -0.163667
vn 0.959319 2e-06 -0.282325
vn 0.986516 0 -0.163667
vn -0.986979 3e-06 0.160848
vn -0.959319 3e-06 -0.282325
vn -0.967964 -3e-05 0.251089
vn -0.958169 0 -0.286202
vn -0.967965 -3.2e-05 0.251084
vn 0.958169 0 -0.286202
vn 0.967965 -2.6e-05 0.251085
vn 0.967965 2e-05 0.251084
vn 0.989166 0 -0.146799
vn 0.989665 1.7e-05 0.143399
vn 0.989665 -3.4e-05 0.1434
vn -0.989166 0 -0.146799
vn -0.989665 2.3e-05 0.1434
vn -0.989665 1.7e-05 0.143398
vn -0.980813 -2e-06 0.19495
vn -0.989458 0 -0.144822
vn -0.980813 2e-06 0.194951
vn -0.989459 1.2e-05 -0.144814
vn 0.980813 2e-06 0.194951
vn 0.989458 -1.6e-05 -0.144821
vn 0.980813 0 0.19495
vn 0.989459 5e-05 -0.144815
vn 0.96787 3e-06 -0.251451
vn 0.953631 0 0.300977
vn 0.967872 -1.5e-05 -0.251442
vn 0.953642 0 0.300945
vn -0.953642 2e-06 0.300945
vn -0.967872 -2.3e-05 -0.251445
vn -0.953632 0 0.300976
vn -0.96787 -3.2e-05 -0.251449
vn -0.967871 -3.2e-05 -0.251449
vn 0.027134 0 -0.999632
vn 0.017795 0.989757 0.141647
vn 0.026896 0 0.999638
vn 0.056524 -0.998136 -0.023034
vn -0.055113 -0.996853 -0.056984
vn -0.055118 -0.996852 -0.056985
vn -0.008403 -0 0.999965
vn 0.03343 0.977438 0.20856
vn 0.033431 0.977438 0.20856
vn 0.033438 0.977438 0.20856
vn -0.008444 0 -0.999964
vn -0.008445 0 -0.999964
vn 0.008444 0 -0.999964
vn -0.033429 0.977438 0.20856
vn -0.033431 0.977438 0.208559
vn 0.008402 -0 0.999965
vn 0.055112 -0.996853 -0.056981
vn -0.038587 -0 0.999255
vn -0.002222 0.989622 -0.14368
vn -0.002221 0.989622 -0.14368
vn -0.002224 0.989622 -0.143679
vn -0.0381 -1e-06 -0.999274
vn -0.103113 -0.994477 0.019557
vn -0.103113 -0.994477 0.019554
vn 0.136281 -0.989977 0.037065
vn 0.136282 -0.989977 0.037065
vn 0.045372 0 -0.99897
vn -0.021915 0.976115 -0.216148
vn 0.046615 0 0.998913
vn 0.0381 -1e-06 -0.999274
vn 0.002221 0.989622 -0.143681
vn 0.002222 0.989622 -0.143681
vn 0.038587 0 0.999255
vn 0.103112 -0.994477 0.019557
vn 0.103112 -0.994478 0.019557
vn -0.026896 0 0.999638
vn -0.017795 0.989757 0.141647
vn -0.017793 0.989757 0.141649
vn -0.027134 -0 -0.999632
vn -0.056524 -0.998136 -0.023033
vn -0.05652 -0.998136 -0.023036
vn -0.046615 0 0.998913
vn -0.046613 0 0.998913
vn 0.021916 0.976116 -0.216144
vn -0.045372 0 -0.99897
vn -0.045371 0 -0.99897
vn -0.136281 -0.989977 0.037065
vn -0.136286 -0.989976 0.037063
vn 0.028734 0 -0.999587
vn 0.054166 0.987611 0.147278
vn 0.05416 0.987611 0.147277
vn 0.05416 0.987611 0.147276
vn 0.028467 0 0.999595
vn 0.024137 -0.999307 -0.028352
vn 0.024135 -0.999307 -0.028349
vn 0.00738 -0.99713 -0.07535
vn 0.007379 -0.99713 -0.07535
vn -0.024221 -0 0.999707
vn -0.066385 0.969464 0.236079
vn -0.066384 0.969464 0.236078
vn -0.02457 0 -0.999698
vn 0.024569 0 -0.999698
vn 0.02457 0 -0.999698
vn 0.066387 0.969462 0.236086
vn 0.066385 0.969464 0.236078
vn 0.066384 0.969464 0.236078
vn 0.024221 -0 0.999707
vn -0.007385 -0.99713 -0.075344
vn -0.00738 -0.99713 -0.075345
vn -0.032388 -0 0.999475
vn -0.080973 0.984434 -0.155992
vn -0.080974 0.984434 -0.155993
vn -0.032044 -1e-06 -0.999487
vn -0.006725 -0.999339 0.035729
vn -0.006727 -0.999339 0.035729
vn 0.055836 -0.996559 0.061252
vn 0.055836 -0.996559 0.061251
vn 0.055836 -0.99656 0.06125
vn 0.033022 0 -0.999455
vn 0.026723 0.972889 -0.229722
vn 0.026729 0.972888 -0.229728
vn 0.033677 0 0.999433
vn 0.033677 1e-06 0.999433
vn 0.032044 -1e-06 -0.999487
vn 0.080971 0.984433 -0.155995
vn 0.080973 0.984434 -0.155991
vn 0.032389 0 0.999475
vn 0.032388 0 0.999475
vn 0.006717 -0.999339 0.035728
vn 0.006726 -0.999339 0.035729
vn 0.006725 -0.999339 0.035729
vn -0.028467 0 0.999595
vn -0.05416 0.987611 0.147277
vn -0.054159 0.987612 0.147276
vn -0.028734 -0 -0.999587
vn -0.024135 -0.999307 -0.028349
vn -0.033677 1e-06 0.999433
vn -0.026729 0.972888 -0.229728
vn -0.02673 0.972888 -0.229729
vn -0.033022 0 -0.999455
vn -0.055836 -0.996559 0.061251
vn -0.055836 -0.99656 0.06125
vn 0.008446 0 -0.999964
vn 0.055111 -0.996853 -0.056979
vn 0.008403 -0 0.999965
vn -0.033438 0.977438 0.208558
vn -0.008402 -0 0.999965
vn 0.066384 0.969464 0.236077
vn -0.024569 0 -0.999698
vn 0.007385 -0.99713 -0.075348
vn -0.066387 0.969462 0.236085
vn 0.056525 -0.998136 -0.023034
vn 0.017793 0.989757 0.141649
vn 0.024134 -0.999307 -0.028349
vn 0.054159 0.987611 0.147276
vn 0.054159 0.987612 0.147276
vn -0.024137 -0.999307 -0.028352
vn -0.054167 0.987611 0.147279
vn 0.038099 -1e-06 -0.999274
vn 0.103113 -0.994477 0.019554
vn 0.002224 0.989622 -0.14368
vn -0.103112 -0.994478 0.019557
vn -0.103112 -0.994477 0.019557
vn 0.006727 -0.999339 0.035729
vn 0.080974 0.984434 -0.155991
vn -0.006716 -0.999339 0.035726
vn -0.080968 0.984435 -0.15599
vn 0.136288 -0.989976 0.037065
vn 0.046613 0 0.998913
vn -0.021915 0.976116 -0.216143
vn 0.02673 0.972888 -0.229729
vn 0.033023 0 -0.999455
vn -0.055836 -0.996559 0.061254
vn -0.033677 0 0.999433
vn -0.026723 0.97289 -0.229721
vn -0.033021 0 -0.999455
vn 0.894896 0.034485 -0.444941
vn 0.897353 0.090397 -0.431956
vn 0.88632 -0.020623 -0.462614
vn 0.888166 -0.004608 -0.459501
vn 0.896181 0.187699 0.402031
vn 0.880777 0.075289 0.467509
vn 0.243912 0.868129 -0.432272
vn 2.6e-05 0.216602 0.97626
vn -4.3e-05 0.213096 0.977031
vn 0.019155 0.996239 -0.084504
vn -0.888624 0.099564 0.4477
vn -0.901959 0.235587 0.361895
vn -0.230458 0.859099 -0.456987
vn -0.900883 0.128794 -0.414514
vn -0.900409 0.068208 -0.429665
vn -0.887985 0.039002 -0.458215
vn -0.889209 0.060154 -0.453528
vn -5e-06 0.038566 -0.999256
vn -5e-06 0.03464 -0.9994
vn 0.004363 0.047246 -0.998874
vn 0.00436 0.039915 -0.999194
vn -0.88185 -0.051443 -0.468716
vn -0.881776 -0.052064 -0.468787
vn -0.888166 -0.004608 -0.459501
vn -0.88632 -0.020623 -0.462614
vn -0.645393 -0.00332 0.763843
vn -0.645535 -0.003509 0.763723
vn -0.641428 0.001937 0.767181
vn -1e-06 0.029019 0.999579
vn -1e-06 0.028845 0.999584
vn -2e-06 0.058038 0.998314
vn 0.642809 -0.0035 0.766019
vn 0.642601 -0.003307 0.766194
vn 0.6369 0.001951 0.770944
vn 0.88444 0.005118 -0.466625
vn 0.884444 0.005309 -0.466616
vn 0.889209 0.060154 -0.453528
vn 0.887985 0.039002 -0.458215
vn 5e-06 0.038566 -0.999256
vn 5e-06 0.03464 -0.9994
vn 0.428985 0.895221 -0.120626
vn 0.429822 0.902825 -0.01267
vn 0.344805 0.754991 0.557762
vn 0.996199 -0.025065 -0.083418
vn 0.996816 -0.052467 -0.060036
vn 0.99699 -0.040356 -0.066204
vn 0.996459 -0.020804 -0.081467
vn 0.00116 0.974947 0.222433
vn 0.001124 0.971162 0.238417
vn 0.000182 0.803256 0.595634
vn -0.418934 0.90663 -0.050171
vn -0.418029 0.896878 -0.14444
vn -0.333654 0.77025 0.543498
vn -0.997076 -0.015495 -0.074825
vn -0.994366 -0.009146 -0.105604
vn -0.99551 0.008043 -0.09431
vn -0.998123 -0.004414 -0.061078
vn -0.482478 0.869279 0.107565
vn -0.483509 0.867041 0.120246
vn -0.429822 0.902825 -0.012669
vn -0.428985 0.895221 -0.120625
vn -0.998817 -0.025172 0.041613
vn -0.998998 -0.021652 0.039179
vn -0.965535 -0.022193 0.259326
vn -0.965356 -0.017863 0.260323
vn -0.003851 0.99268 0.120711
vn -0.003894 0.991439 0.130513
vn -0.00116 0.974947 0.222434
vn -0.001124 0.971162 0.238419
vn 0.989569 -0.028813 0.141146
vn 0.999328 -0.025775 0.026045
vn 0.989247 -0.034264 0.142183
vn 0.99923 -0.029764 0.02556
vn 0.471727 0.875217 0.107096
vn 0.471857 0.874909 0.109019
vn 0.418934 0.90663 -0.05017
vn 0.418029 0.896878 -0.14444
vn 0.793683 0.400344 0.458031
vn 0.686441 0.604973 0.403493
vn 0.720147 0.551538 0.420944
vn 0.006337 0.452569 0.891707
vn 0.006158 0.653392 0.756995
vn 0.006147 0.658864 0.752237
vn -0.776166 0.461893 0.42921
vn -0.668836 0.633613 0.388836
vn -0.694431 0.598828 0.398961
vn -0.344804 0.754991 0.557763
vn -0.000182 0.803255 0.595635
vn 0.333654 0.770249 0.543499
vn -0.999328 -0.025775 0.026045
vn -0.999391 -0.017474 0.030189
vn -0.471857 0.874909 0.10902
vn -0.471727 0.875217 0.107096
vn 0.003851 0.99268 0.12071
vn 0.003894 0.991439 0.130512
vn 0.482478 0.869279 0.107565
vn 0.483509 0.867041 0.120245
vn 0.998998 -0.021652 0.039178
vn 0.999086 -0.01412 0.040343
vn 0.997076 -0.015495 -0.074825
vn 0.994366 -0.009146 -0.105604
vn 0.995928 -0.018087 -0.088316
vn 0.993921 -0.014532 -0.109135
vn 0.776166 0.461893 0.42921
vn 0.668836 0.633613 0.388835
vn 0.694432 0.598828 0.39896
vn -0.006337 0.452569 0.891707
vn -0.006158 0.653393 0.756994
vn -0.006147 0.658865 0.752236
vn -0.793683 0.400344 0.458032
vn -0.68644 0.604973 0.403494
vn -0.720147 0.551538 0.420944
vn -0.996742 -0.061123 -0.052622
vn -0.996816 -0.052468 -0.060036
vn -0.996973 -0.051407 -0.058327
vn -0.99699 -0.040356 -0.066204
vn -0.989569 -0.028813 0.141146
vn -0.990119 -0.017974 0.139072
vn 0.965356 -0.017863 0.260323
vn 0.964943 -0.009207 0.2623
vn 0.87711 -0.134712 -0.461011
vn 0.877169 -0.133888 -0.461138
vn 0.836069 -0.13402 0.532004
vn 0.836136 -0.132542 0.532269
vn -0.008191 -0.169704 0.985461
vn -0.008224 -0.170706 0.985288
vn -0.844178 -0.120717 0.522294
vn -0.844224 -0.119487 0.522502
vn -0.887566 -0.107389 -0.447989
vn -0.887497 -0.109066 -0.447721
vn 0.005173 -0.156434 -0.987675
vn 0.005191 -0.157326 -0.987533
vn -0.894896 0.034485 -0.444941
vn -0.897353 0.090397 -0.431956
vn -0.243913 0.86813 -0.432269
vn -0.896181 0.187699 0.402032
vn -0.880776 0.075289 0.467509
vn -0.019155 0.996239 -0.084509
vn -2.6e-05 0.216602 0.97626
vn 4.3e-05 0.213095 0.977031
vn 0.230458 0.859099 -0.456987
vn 0.888624 0.099564 0.447699
vn 0.90196 0.235587 0.361895
vn 0.900409 0.068208 -0.429665
vn 0.900883 0.128794 -0.414514
vn -0.00436 0.039915 -0.999194
vn -0.004363 0.047246 -0.998874
vn -0.079934 0.996106 0.037204
vn 0.889526 0.042989 -0.454857
vn 0.89022 0.019237 -0.455124
vn -0.069215 0.997466 -0.016478
vn 0.84719 0.048133 0.529105
vn 0.84648 0.060349 0.528989
vn 0.012991 0.998422 -0.05464
vn -0.007529 0.047657 0.998835
vn -0.007465 0.052617 0.998587
vn 0.069174 0.997208 -0.028123
vn -0.853988 0.08071 0.513995
vn -0.854324 0.076123 0.514135
vn 0.07627 0.996535 0.033167
vn -0.895248 0.093011 -0.435753
vn -0.896783 0.072923 -0.43642
vn 0.007371 0.065707 -0.997812
vn 0.007384 0.042328 -0.999077
vn -0.000729 0.996832 0.079532
vn -0.877109 -0.134712 -0.461012
vn -0.877169 -0.133887 -0.461139
vn -0.890219 0.019237 -0.455126
vn -0.889526 0.042989 -0.454858
vn -0.836069 -0.13402 0.532003
vn -0.836136 -0.132542 0.532269
vn -0.84719 0.048133 0.529105
vn -0.84648 0.060349 0.528989
vn 0.008191 -0.169704 0.985461
vn 0.008224 -0.170705 0.985288
vn 0.007465 0.052618 0.998587
vn 0.007529 0.047658 0.998835
vn 0.844178 -0.120717 0.522294
vn 0.844225 -0.119487 0.522501
vn 0.853989 0.08071 0.513993
vn 0.854325 0.076123 0.514134
vn 0.887566 -0.107389 -0.44799
vn 0.887497 -0.109066 -0.447721
vn 0.896782 0.072924 -0.436422
vn 0.895247 0.093011 -0.435754
vn -0.007371 0.065707 -0.997812
vn -0.007384 0.042328 -0.999077
vn -0.005191 -0.157326 -0.987533
vn -0.005173 -0.156434 -0.987675
vn 0.079934 0.996106 0.037202
vn 0.069215 0.997466 -0.016478
vn -0.012991 0.998422 -0.05464
vn -0.069174 0.997208 -0.028125
vn -0.07627 0.996536 0.033165
vn 0.000729 0.996832 0.079532
vn 0.996973 -0.051407 -0.058327
vn 0.996742 -0.061123 -0.052622
vn 0.998817 -0.025172 0.041613
vn 0.965535 -0.022193 0.259326
vn 0.641428 0.001937 0.767181
vn 2e-06 0.058038 0.998314
vn -0.6369 0.001951 0.770944
vn -0.99923 -0.029764 0.025561
vn -0.989247 -0.034264 0.142183
vn -0.995928 -0.018087 -0.088316
vn -0.993921 -0.014532 -0.109135
vn -0.885219 -0.019079 -0.464784
vn -0.996199 -0.025065 -0.083418
vn -0.996459 -0.020804 -0.081466
vn -0.999086 -0.01412 0.040343
vn -0.964942 -0.009207 0.262301
vn -0.654166 -0.015119 0.7562
vn 0.655362 -0.015259 0.75516
vn 0.655362 -0.015259 0.755161
vn 0.999391 -0.017474 0.03019
vn 0.990119 -0.017974 0.139072
vn 0.998123 -0.004414 -0.061078
vn 0.99551 0.008043 -0.09431
vn 0.884446 0.046202 -0.464351
vn 0 -1 0
vn 0 -1 -1e-06
vt 0.944039 0.02542
vt 0.944039 0.03171
vt 0.926067 0.032197
vt 0.926239 0.025923
vt 0.905564 0.032228
vt 0.905997 0.025976
vt 0.863354 0.030919
vt 0.850199 0.030351
vt 0.863424 0.024642
vt 0.850408 0.024099
vt 0.832029 0.029711
vt 0.832217 0.023479
vt 0.818874 0.029416
vt 0.819261 0.023148
vt 0.964568 0.031359
vt 0.964282 0.025104
vt 0.879226 0.20799
vt 0.892266 0.207866
vt 0.880766 0.215513
vt 0.899105 0.215142
vt 0.973367 0.60053
vt 0.96354 0.600569
vt 0.963254 0.593365
vt 0.97339 0.593315
vt 0.849963 0.300044
vt 0.862937 0.300704
vt 0.861405 0.308355
vt 0.842839 0.307001
vt 0.866284 0.208787
vt 0.861997 0.215598
vt 0.875885 0.300857
vt 0.879851 0.307921
vt 0.974576 0.207642
vt 0.984081 0.211558
vt 0.98109 0.216798
vt 0.97167 0.213004
vt 0.798107 0.208832
vt 0.811061 0.209368
vt 0.796719 0.216385
vt 0.815486 0.21609
vt 0.914557 0.210594
vt 0.923305 0.20733
vt 0.917089 0.215442
vt 0.925771 0.212289
vt 0.794023 0.302578
vt 0.806965 0.302121
vt 0.808677 0.309734
vt 0.790225 0.309734
vt 0.785066 0.208972
vt 0.778376 0.216385
vt 0.81992 0.301157
vt 0.827205 0.307945
vt 0.934221 0.5983
vt 0.925468 0.598293
vt 0.925432 0.591877
vt 0.934446 0.591881
vt 0.898919 0.228591
vt 0.881055 0.230994
vt 0.963078 0.58368
vt 0.972163 0.583615
vt 0.842666 0.320247
vt 0.861038 0.32258
vt 0.86303 0.228643
vt 0.879318 0.320946
vt 0.972775 0.237932
vt 0.978855 0.239392
vt 0.969969 0.24403
vt 0.976812 0.245266
vt 0.814717 0.229153
vt 0.796743 0.231868
vt 0.91852 0.235754
vt 0.924023 0.234476
vt 0.926684 0.239907
vt 0.920391 0.24117
vt 0.791064 0.322742
vt 0.809378 0.323947
vt 0.778834 0.229827
vt 0.827689 0.321183
vt 0.926471 0.583273
vt 0.934544 0.583272
vt 0.890225 0.2478
vt 0.881336 0.249123
vt 0.963189 0.570754
vt 0.971466 0.570679
vt 0.842453 0.337251
vt 0.85157 0.339365
vt 0.863472 0.246101
vt 0.872411 0.248079
vt 0.869616 0.339828
vt 0.86057 0.340614
vt 0.957431 0.265631
vt 0.971907 0.264997
vt 0.959141 0.284293
vt 0.970596 0.284073
vt 0.805731 0.248775
vt 0.796829 0.249999
vt 0.925309 0.259649
vt 0.939284 0.260124
vt 0.937824 0.278332
vt 0.926503 0.278078
vt 0.791967 0.339961
vt 0.801207 0.341391
vt 0.77899 0.246805
vt 0.787915 0.248856
vt 0.819237 0.340505
vt 0.810269 0.341965
vt 0.92699 0.571759
vt 0.934343 0.571782
vt 0.979709 0.223761
vt 0.970736 0.221486
vt 0.857167 0.232121
vt 0.85448 0.221058
vt 0.973395 0.257867
vt 0.959871 0.258259
vt 0.885681 0.324371
vt 0.888942 0.314521
vt 0.918268 0.228106
vt 0.925734 0.226453
vt 0.774064 0.322652
vt 0.777149 0.332336
vt 0.771303 0.336846
vt 0.766109 0.331251
vt 0.93137 0.244944
vt 0.92173 0.246061
vt 0.826426 0.237279
vt 0.829172 0.228219
vt 0.830284 0.241486
vt 0.835597 0.236576
vt 0.979368 0.230886
vt 0.971065 0.228793
vt 0.896311 0.320456
vt 0.893454 0.330209
vt 0.975463 0.2505
vt 0.965194 0.249616
vt 0.851488 0.237004
vt 0.848559 0.228002
vt 0.918145 0.221775
vt 0.926295 0.220002
vt 0.784783 0.326316
vt 0.781292 0.316546
vt 0.923832 0.252931
vt 0.936743 0.253035
vt 0.820649 0.232511
vt 0.823112 0.221397
vt 0.899405 0.334581
vt 0.904466 0.328865
vt 0.847715 0.241289
vt 0.842304 0.236487
vt 0.878819 0.338181
vt 0.828302 0.338177
vt 0.814628 0.246617
vt 0.899106 0.245568
vt 0.967846 0.400166
vt 0.958567 0.400277
vt 0.959397 0.393741
vt 0.967964 0.393623
vt 0.928101 0.321018
vt 0.92728 0.312681
vt 0.936724 0.312625
vt 0.938481 0.320863
vt 0.968646 0.324637
vt 0.958705 0.324533
vt 0.960463 0.316831
vt 0.96923 0.316842
vt 0.929159 0.470294
vt 0.938197 0.470397
vt 0.937366 0.476866
vt 0.928681 0.476771
vt 0.969353 0.540253
vt 0.96963 0.547207
vt 0.962233 0.547296
vt 0.960294 0.540396
vt 0.968702 0.47678
vt 0.96056 0.476868
vt 0.959597 0.470656
vt 0.968423 0.470566
vt 0.929432 0.392417
vt 0.938447 0.392553
vt 0.939174 0.39942
vt 0.929625 0.399276
vt 0.928622 0.543378
vt 0.937383 0.543492
vt 0.93545 0.550087
vt 0.928451 0.550001
vt 0.806266 0.249356
vt 0.814314 0.247404
vt 0.937344 0.278885
vt 0.9272 0.278652
vt 0.792189 0.340611
vt 0.800543 0.341917
vt 0.940403 0.353664
vt 0.927398 0.353786
vt 0.928065 0.353227
vt 0.939646 0.353113
vt 0.96977 0.356656
vt 0.957025 0.356748
vt 0.95775 0.356186
vt 0.969116 0.356114
vt 0.878613 0.338835
vt 0.870292 0.340337
vt 0.969866 0.284646
vt 0.959654 0.284833
vt 0.871888 0.248671
vt 0.863802 0.246881
vt 0.970403 0.436673
vt 0.95685 0.436834
vt 0.957605 0.436304
vt 0.969669 0.436159
vt 0.869285 0.340514
vt 0.861198 0.341218
vt 0.968997 0.357194
vt 0.957663 0.35728
vt 0.880804 0.249778
vt 0.872827 0.248844
vt 0.939775 0.354213
vt 0.928188 0.354319
vt 0.801554 0.34207
vt 0.809655 0.342584
vt 0.940892 0.436405
vt 0.927263 0.43631
vt 0.927993 0.435785
vt 0.940132 0.435869
vt 0.797374 0.250644
vt 0.805331 0.249548
vt 0.940174 0.436895
vt 0.927934 0.436809
vt 0.818985 0.341166
vt 0.810892 0.342486
vt 0.939339 0.514633
vt 0.925285 0.514469
vt 0.926088 0.513922
vt 0.938715 0.514067
vt 0.796336 0.250608
vt 0.788292 0.249574
vt 0.971973 0.511391
vt 0.958791 0.5116
vt 0.97121 0.510895
vt 0.959392 0.511084
vt 0.851837 0.34002
vt 0.85996 0.341149
vt 0.969735 0.437171
vt 0.957566 0.437317
vt 0.881842 0.249721
vt 0.889863 0.248525
vt 0.890751 0.24837
vt 0.898805 0.246347
vt 0.963513 0.57035
vt 0.970959 0.570288
vt 0.842619 0.337905
vt 0.85088 0.339834
vt 0.959535 0.512149
vt 0.97133 0.511962
vt 0.938536 0.515227
vt 0.925992 0.515078
vt 0.828152 0.338835
vt 0.819939 0.340958
vt 0.927426 0.571405
vt 0.934051 0.571424
vt 0.7874 0.249438
vt 0.779308 0.247577
vt 0.957696 0.420624
vt 0.968591 0.420478
vt 0.860565 0.355943
vt 0.867819 0.355312
vt 0.968247 0.373158
vt 0.958108 0.373287
vt 0.881082 0.264502
vt 0.87393 0.263665
vt 0.805746 0.26181
vt 0.813562 0.259916
vt 0.805688 0.263194
vt 0.81348 0.261306
vt 0.927393 0.292811
vt 0.937715 0.292982
vt 0.937788 0.294593
vt 0.927413 0.294471
vt 0.793951 0.353036
vt 0.802075 0.354302
vt 0.802245 0.355678
vt 0.794146 0.354417
vt 0.939906 0.339424
vt 0.928627 0.339583
vt 0.928667 0.338067
vt 0.939946 0.337896
vt 0.957285 0.342585
vt 0.968352 0.342624
vt 0.869052 0.352755
vt 0.877144 0.351299
vt 0.969225 0.298492
vt 0.959316 0.298582
vt 0.87266 0.261112
vt 0.864807 0.259376
vt 0.92921 0.450285
vt 0.93997 0.450384
vt 0.939945 0.451874
vt 0.929352 0.451771
vt 0.81138 0.355115
vt 0.818469 0.35396
vt 0.818413 0.355381
vt 0.811434 0.356519
vt 0.938902 0.498743
vt 0.927892 0.498618
vt 0.928119 0.496934
vt 0.938895 0.497054
vt 0.789294 0.262379
vt 0.796336 0.263287
vt 0.789404 0.263802
vt 0.796336 0.264696
vt 0.897854 0.256511
vt 0.89075 0.258298
vt 0.962778 0.561938
vt 0.970084 0.561869
vt 0.843655 0.347992
vt 0.850953 0.349692
vt 0.970124 0.52325
vt 0.959416 0.523424
vt 0.959255 0.497045
vt 0.969363 0.496892
vt 0.852654 0.352798
vt 0.859768 0.353787
vt 0.968487 0.450626
vt 0.957792 0.450727
vt 0.88912 0.261348
vt 0.882098 0.262398
vt 0.929155 0.370757
vt 0.939715 0.370754
vt 0.939715 0.37263
vt 0.929227 0.372588
vt 0.803367 0.35683
vt 0.810634 0.35729
vt 0.810743 0.358924
vt 0.803568 0.358469
vt 0.939941 0.420084
vt 0.928911 0.419993
vt 0.929012 0.418226
vt 0.93993 0.418332
vt 0.797394 0.26537
vt 0.804528 0.264388
vt 0.797395 0.267006
vt 0.80444 0.266037
vt 0.927538 0.526838
vt 0.938441 0.526981
vt 0.938399 0.528254
vt 0.927736 0.528134
vt 0.820097 0.350814
vt 0.827352 0.348943
vt 0.820114 0.35191
vt 0.827264 0.350066
vt 0.934808 0.563844
vt 0.9281 0.563779
vt 0.928111 0.562846
vt 0.934977 0.562917
vt 0.780464 0.257721
vt 0.787603 0.259363
vt 0.787626 0.260466
vt 0.780591 0.258847
vt 0.968476 0.418738
vt 0.957701 0.418878
vt 0.957777 0.417018
vt 0.968418 0.416887
vt 0.860494 0.357579
vt 0.867657 0.356956
vt 0.867493 0.358699
vt 0.860431 0.359313
vt 0.958167 0.375058
vt 0.968164 0.374923
vt 0.968136 0.376788
vt 0.958298 0.376925
vt 0.874051 0.265311
vt 0.881114 0.266138
vt 0.874181 0.267052
vt 0.881143 0.267867
vt 0.805655 0.264721
vt 0.81337 0.262851
vt 0.805355 0.278465
vt 0.812384 0.276761
vt 0.927353 0.296325
vt 0.937693 0.296388
vt 0.794354 0.355959
vt 0.802373 0.357207
vt 0.80353 0.370973
vt 0.796223 0.369835
vt 0.939815 0.336207
vt 0.928598 0.336385
vt 0.968265 0.34114
vt 0.957257 0.341074
vt 0.957384 0.339403
vt 0.96831 0.3395
vt 0.868914 0.354134
vt 0.876981 0.352683
vt 0.87681 0.35423
vt 0.868822 0.355666
vt 0.959285 0.300102
vt 0.969136 0.300026
vt 0.969134 0.301732
vt 0.959422 0.301792
vt 0.864917 0.260764
vt 0.872746 0.262494
vt 0.865058 0.262307
vt 0.87281 0.264021
vt 0.929342 0.453603
vt 0.939766 0.453711
vt 0.81151 0.358255
vt 0.818375 0.357136
vt 0.81804 0.372926
vt 0.812195 0.373878
vt 0.938708 0.495001
vt 0.928212 0.494886
vt 0.789524 0.265544
vt 0.796343 0.266423
vt 0.790599 0.281221
vt 0.796404 0.281969
vt 0.890749 0.259401
vt 0.89775 0.257641
vt 0.897646 0.259006
vt 0.890737 0.260743
vt 0.970049 0.560844
vt 0.962618 0.560915
vt 0.962492 0.559628
vt 0.970102 0.559554
vt 0.84377 0.349112
vt 0.850961 0.350787
vt 0.843877 0.350478
vt 0.850974 0.352131
vt 0.959418 0.52469
vt 0.969973 0.524521
vt 0.969943 0.526097
vt 0.959473 0.526269
vt 0.969139 0.49537
vt 0.959263 0.495512
vt 0.959409 0.493629
vt 0.96907 0.493503
vt 0.852744 0.354218
vt 0.859747 0.355191
vt 0.859712 0.356928
vt 0.852823 0.355971
vt 0.957806 0.452215
vt 0.968355 0.452115
vt 0.968358 0.453947
vt 0.957983 0.454046
vt 0.882126 0.263806
vt 0.889039 0.262773
vt 0.882154 0.265534
vt 0.888954 0.264517
vt 0.929229 0.374545
vt 0.939631 0.374633
vt 0.803773 0.360208
vt 0.810847 0.360656
vt 0.811783 0.376243
vt 0.805623 0.375853
vt 0.939859 0.416469
vt 0.929056 0.416343
vt 0.797401 0.268735
vt 0.804345 0.267779
vt 0.797453 0.284294
vt 0.803499 0.283462
vt 0.927852 0.529692
vt 0.938271 0.52983
vt 0.820133 0.353254
vt 0.827189 0.351434
vt 0.820299 0.365352
vt 0.826514 0.36375
vt 0.935131 0.561737
vt 0.928031 0.561654
vt 0.780723 0.260211
vt 0.787665 0.261807
vt 0.788022 0.273886
vt 0.781907 0.272479
vt 0.873387 0.277755
vt 0.866325 0.276194
vt 0.867989 0.369455
vt 0.875267 0.368146
vt 0.881406 0.283424
vt 0.875344 0.282714
vt 0.859863 0.374918
vt 0.866011 0.374384
vt 0.888197 0.280212
vt 0.882407 0.281078
vt 0.853529 0.371748
vt 0.859395 0.372564
vt 0.890625 0.272826
vt 0.896709 0.271296
vt 0.851092 0.36423
vt 0.844842 0.362774
vt 0.895191 0.067249
vt 0.880493 0.078305
vt 0.877744 0.077551
vt 0.894904 0.064856
vt 0.880471 0.097237
vt 0.877744 0.099078
vt 0.895157 0.104771
vt 0.895375 0.108094
vt 0.910168 0.093171
vt 0.912615 0.094928
vt 0.910193 0.074697
vt 0.912402 0.073576
vt 0.603444 0.029308
vt 0.623917 0.029656
vt 0.603769 0.059397
vt 0.624645 0.055392
vt 0.666208 0.029317
vt 0.679385 0.029057
vt 0.679077 0.042379
vt 0.666464 0.043929
vt 0.697581 0.028841
vt 0.698064 0.042202
vt 0.710751 0.028854
vt 0.710896 0.043356
vt 0.564993 0.027846
vt 0.585493 0.028531
vt 0.584276 0.058534
vt 0.563654 0.053396
vt 0.849998 0.064283
vt 0.840018 0.066188
vt 0.84057 0.056429
vt 0.88881 0.031729
vt 0.889013 0.025474
vt 0.823246 0.065807
vt 0.822392 0.056159
vt 0.812494 0.06367
vt 0.793687 0.028343
vt 0.776942 0.027573
vt 0.776932 0.021307
vt 0.793958 0.022092
vt 0.692612 0.075557
vt 0.679238 0.072473
vt 0.693556 0.066717
vt 0.683576 0.064811
vt 0.657445 0.040196
vt 0.657361 0.029425
vt 0.711027 0.075539
vt 0.710328 0.066337
vt 0.71938 0.028718
vt 0.719602 0.039442
vt 0.724626 0.072185
vt 0.72108 0.064201
vt 0.861877 0.105476
vt 0.841123 0.102394
vt 0.841114 0.086104
vt 0.855662 0.087759
vt 0.823039 0.102132
vt 0.822732 0.086211
vt 0.802159 0.105474
vt 0.807159 0.087434
vt 0.693005 0.056958
vt 0.711183 0.056689
vt 0.810258 0.02908
vt 0.810523 0.022827
vt 0.822546 0.075009
vt 0.808948 0.071653
vt 0.840961 0.075028
vt 0.854335 0.071946
vt 0.872187 0.031232
vt 0.872387 0.024977
vt 0.735979 0.028369
vt 0.752752 0.02799
vt 0.736299 0.044669
vt 0.753066 0.053657
vt 0.731412 0.106006
vt 0.710532 0.102662
vt 0.710841 0.086741
vt 0.726413 0.087965
vt 0.692448 0.102923
vt 0.692459 0.086633
vt 0.671694 0.106003
vt 0.67791 0.088286
vt 0.640899 0.045807
vt 0.640709 0.029542
vt 0.677529 0.133802
vt 0.696246 0.135929
vt 0.675664 0.153131
vt 0.696742 0.157148
vt 0.713721 0.13418
vt 0.71519 0.146713
vt 0.73064 0.128574
vt 0.734241 0.140534
vt 0.746254 0.120579
vt 0.755272 0.142745
vt 0.641784 0.120845
vt 0.660362 0.129103
vt 0.655897 0.147317
vt 0.636723 0.14402
vt 0.646382 0.102794
vt 0.62918 0.090174
vt 0.646667 0.100402
vt 0.631929 0.089412
vt 0.629164 0.068642
vt 0.631893 0.07048
vt 0.646782 0.059618
vt 0.646572 0.06294
vt 0.664067 0.072738
vt 0.661623 0.074499
vt 0.663885 0.094084
vt 0.661674 0.092965
vt 0.679327 0.125225
vt 0.696195 0.127234
vt 0.696228 0.129035
vt 0.678881 0.126765
vt 0.711955 0.125426
vt 0.712446 0.127694
vt 0.727087 0.120712
vt 0.72774 0.122157
vt 0.740283 0.112647
vt 0.743548 0.113696
vt 0.647478 0.112038
vt 0.663644 0.121034
vt 0.643932 0.113814
vt 0.662986 0.12287
vt 0.844585 0.131897
vt 0.825951 0.13402
vt 0.843238 0.124892
vt 0.825967 0.127156
vt 0.808553 0.132283
vt 0.809821 0.125825
vt 0.791707 0.126704
vt 0.794593 0.120316
vt 0.776162 0.118749
vt 0.778855 0.111895
vt 0.880168 0.118988
vt 0.861675 0.127215
vt 0.859061 0.12101
vt 0.878028 0.111989
vt 0.847458 0.150874
vt 0.827089 0.155228
vt 0.809201 0.146047
vt 0.788886 0.139499
vt 0.767838 0.140701
vt 0.887234 0.141657
vt 0.866834 0.144991
vt 0.842776 0.123451
vt 0.826007 0.125758
vt 0.810287 0.123941
vt 0.795224 0.118903
vt 0.782016 0.11055
vt 0.858321 0.118884
vt 0.874703 0.110109
vt 0.925217 0.062302
vt 0.904377 0.05793
vt 0.888271 0.047995
vt 0.871856 0.041992
vt 0.862759 0.045509
vt 0.850196 0.043665
vt 0.831235 0.043046
vt 0.818391 0.043898
vt 0.809786 0.039785
vt 0.792987 0.044617
vt 0.77603 0.053203
vt 0.965486 0.056958
vt 0.944755 0.061763
vt 0.603364 0.023039
vt 0.623612 0.02339
vt 0.640658 0.023284
vt 0.657308 0.023163
vt 0.666285 0.023035
vt 0.679322 0.022796
vt 0.697538 0.022601
vt 0.71051 0.022572
vt 0.719261 0.022456
vt 0.735854 0.022108
vt 0.752909 0.02172
vt 0.56538 0.021603
vt 0.585594 0.022249
vt 0.583869 0.145178
vt 0.574452 0.127265
vt 0.601718 0.145175
vt 0.611223 0.127259
vt 0.572988 0.110267
vt 0.612658 0.11026
vt 0.572544 0.09367
vt 0.614019 0.093663
vt 0.57376 0.084989
vt 0.611664 0.084993
vt 0.583596 0.076603
vt 0.601749 0.0766
vt 0.933674 0.148609
vt 0.924169 0.130693
vt 0.960941 0.130699
vt 0.951523 0.148613
vt 0.922735 0.113695
vt 0.962405 0.113701
vt 0.921374 0.097098
vt 0.962849 0.097105
vt 0.923729 0.088427
vt 0.961633 0.088424
vt 0.933644 0.080034
vt 0.951797 0.080037
usemtl standardSurface11SG
f 1038/1499/1571 1039/1500/1572 1040/1501/1573
f 1038/1499/1571 1040/1501/1573 1041/1502/1571
f 1040/1501/1574 1042/1503/1575 1043/1504/1576
f 1040/1501/1574 1043/1504/1576 1041/1502/1576
f 1044/1505/1577 1045/1506/1578 1046/1507/1579
f 1045/1506/1578 1047/1508/1579 1046/1507/1579
f 1045/1506/1580 1048/1509/1581 1049/1510/1582
f 1045/1506/1580 1049/1510/1582 1047/1508/1582
f 1048/1509/1583 1050/1511/1584 1051/1512/1585
f 1048/1509/1583 1051/1512/1585 1049/1510/1586
f 1052/1513/1587 1039/1500/1588 1038/1499/1589
f 1052/1513/1587 1038/1499/1589 1053/1514/1589
f 1054/1515/1590 1055/1516/1590 1056/1517/1590
f 1055/1516/1590 1057/1518/1590 1056/1517/1590
f 1055/1519/1591 1058/1520/1591 1059/1521/1591
f 1055/1519/1591 1059/1521/1591 1057/1522/1591
f 1058/1523/1592 1060/1524/1592 1061/1525/1592
f 1058/1523/1592 1061/1525/1592 1059/1526/1592
f 1062/1527/1593 1054/1515/1593 1056/1517/1593
f 1062/1527/1593 1056/1517/1593 1063/1528/1593
f 1060/1524/1594 1064/1529/1594 1061/1525/1594
f 1064/1529/1594 1065/1530/1594 1061/1525/1594
f 1064/1531/1595 1062/1532/1595 1063/1533/1596
f 1064/1531/1595 1063/1533/1596 1065/1534/1595
f 1066/1535/1597 1067/1536/1597 1068/1537/1597
f 1067/1536/1597 1069/1538/1597 1068/1537/1597
f 1067/1539/1598 1070/1540/1598 1069/1541/1598
f 1070/1540/1598 1071/1542/1598 1069/1541/1598
f 1070/1543/1599 1072/1544/1599 1073/1545/1599
f 1070/1543/1599 1073/1545/1599 1071/1546/1599
f 1074/1547/1600 1066/1535/1600 1068/1537/1600
f 1074/1547/1600 1068/1537/1600 1075/1548/1600
f 1072/1544/1601 1076/1549/1602 1073/1545/1602
f 1076/1549/1602 1077/1550/1602 1073/1545/1602
f 1076/1551/1603 1074/1552/1603 1075/1553/1603
f 1076/1551/1603 1075/1553/1603 1077/1554/1603
f 1056/1517/1604 1057/1518/1604 1078/1555/1604
f 1056/1517/1604 1078/1555/1604 1079/1556/1604
f 1057/1522/1605 1059/1521/1605 1080/1557/1605
f 1057/1522/1605 1080/1557/1605 1078/1558/1605
f 1059/1526/1606 1061/1525/1606 1080/1559/1606
f 1061/1525/1606 1081/1560/1606 1080/1559/1606
f 1063/1528/1607 1056/1517/1608 1082/1561/1609
f 1056/1517/1608 1079/1556/1608 1082/1561/1609
f 1061/1525/1610 1065/1530/1611 1083/1562/1612
f 1061/1525/1610 1083/1562/1612 1081/1560/1610
f 1084/1563/1613 1085/1564/1613 1086/1565/1613
f 1085/1564/1613 1087/1566/1613 1086/1565/1613
f 1068/1537/1614 1069/1538/1615 1088/1567/1616
f 1068/1537/1614 1088/1567/1616 1089/1568/1614
f 1090/1569/1617 1091/1570/1617 1092/1571/1617
f 1090/1569/1617 1092/1571/1617 1093/1572/1617
f 1071/1546/1618 1073/1545/1619 1094/1573/1620
f 1073/1545/1619 1095/1574/1619 1094/1573/1620
f 1075/1548/1621 1068/1537/1621 1096/1575/1621
f 1068/1537/1621 1089/1568/1621 1096/1575/1621
f 1073/1545/1622 1077/1550/1622 1097/1576/1622
f 1073/1545/1622 1097/1576/1622 1095/1574/1622
f 1077/1554/1623 1075/1553/1623 1096/1577/1623
f 1077/1554/1623 1096/1577/1623 1097/1578/1623
f 1079/1556/1624 1098/1579/1625 1099/1580/1626
f 1078/1558/1623 1080/1557/1623 1100/1581/1623
f 1078/1558/1623 1100/1581/1623 1101/1582/1623
f 1080/1559/1627 1081/1560/1628 1100/1583/1627
f 1081/1560/1628 1102/1584/1629 1100/1583/1627
f 1082/1561/1630 1079/1556/1631 1103/1585/1630
f 1079/1556/1631 1104/1586/1632 1103/1585/1630
f 1081/1560/1633 1105/1587/1634 1106/1588/1635
f 1083/1589/1636 1082/1590/1636 1107/1591/1636
f 1082/1590/1636 1103/1592/1636 1107/1591/1636
f 1089/1568/1637 1108/1593/1638 1109/1594/1639
f 1088/1595/1640 1094/1596/1640 1110/1597/1640
f 1088/1595/1640 1110/1597/1640 1111/1598/1640
f 1094/1573/1641 1095/1574/1642 1110/1599/1641
f 1095/1574/1642 1112/1600/1643 1110/1599/1641
f 1096/1575/1644 1089/1568/1645 1113/1601/1644
f 1089/1568/1645 1114/1602/1646 1113/1601/1644
f 1095/1574/1647 1115/1603/1648 1116/1604/1649
f 1097/1578/1623 1096/1577/1623 1113/1605/1623
f 1097/1578/1623 1113/1605/1623 1117/1606/1623
f 1065/1534/1650 1063/1533/1650 1118/1607/1651
f 1065/1534/1650 1118/1607/1651 1119/1608/1652
f 1063/1528/1607 1082/1561/1609 1120/1609/1653
f 1063/1528/1607 1120/1609/1653 1118/1610/1654
f 1082/1590/1655 1083/1589/1655 1120/1611/1656
f 1083/1589/1655 1121/1612/1657 1120/1611/1656
f 1083/1562/1612 1065/1530/1611 1121/1613/1658
f 1065/1530/1611 1119/1614/1659 1121/1613/1658
f 1122/1615/1660 1123/1616/1661 1090/1569/1662
f 1123/1616/1661 1091/1570/1662 1090/1569/1662
f 1123/1617/1663 1124/1618/1664 1092/1619/1665
f 1123/1617/1663 1092/1619/1665 1091/1620/1665
f 1124/1621/1666 1125/1622/1667 1093/1572/1668
f 1124/1621/1666 1093/1572/1668 1092/1571/1668
f 1125/1623/1669 1122/1624/1670 1093/1625/1671
f 1122/1624/1670 1090/1626/1671 1093/1625/1671
f 1119/1608/1652 1118/1607/1651 1126/1627/1672
f 1119/1608/1652 1126/1627/1672 1127/1628/1673
f 1121/1613/1658 1119/1614/1659 1127/1629/1674
f 1121/1613/1658 1127/1629/1674 1128/1630/1675
f 1120/1611/1656 1121/1612/1657 1129/1631/1676
f 1121/1612/1657 1128/1632/1677 1129/1631/1676
f 1118/1610/1654 1120/1609/1653 1129/1633/1678
f 1118/1610/1654 1129/1633/1678 1126/1634/1679
f 1069/1541/1680 1071/1542/1680 1130/1635/1681
f 1071/1542/1680 1131/1636/1682 1130/1635/1681
f 1071/1546/1618 1094/1573/1620 1132/1637/1683
f 1071/1546/1618 1132/1637/1683 1131/1638/1684
f 1094/1596/1685 1088/1595/1685 1133/1639/1686
f 1094/1596/1685 1133/1639/1686 1132/1640/1687
f 1088/1567/1616 1069/1538/1615 1133/1641/1688
f 1069/1538/1615 1130/1642/1689 1133/1641/1688
f 1127/1628/1673 1126/1627/1672 1085/1564/1690
f 1127/1628/1673 1085/1564/1690 1084/1563/1690
f 1128/1630/1675 1127/1629/1674 1086/1643/1691
f 1127/1629/1674 1084/1644/1691 1086/1643/1691
f 1129/1631/1676 1128/1632/1677 1087/1566/1692
f 1128/1632/1677 1086/1565/1692 1087/1566/1692
f 1126/1634/1679 1129/1633/1678 1087/1645/1693
f 1126/1634/1679 1087/1645/1693 1085/1646/1693
f 1130/1635/1681 1131/1636/1682 1122/1615/1660
f 1131/1636/1682 1123/1616/1661 1122/1615/1660
f 1131/1638/1684 1132/1637/1683 1123/1617/1663
f 1132/1637/1683 1124/1618/1664 1123/1617/1663
f 1132/1640/1687 1133/1639/1686 1125/1622/1667
f 1132/1640/1687 1125/1622/1667 1124/1621/1666
f 1133/1641/1688 1130/1642/1689 1125/1623/1669
f 1130/1642/1689 1122/1624/1670 1125/1623/1669
f 1081/1560/1633 1083/1562/1694 1107/1647/1694
f 1081/1560/1633 1107/1647/1694 1105/1587/1634
f 1112/1600/1643 1095/1574/1642 1116/1604/1695
f 1102/1584/1629 1081/1560/1628 1106/1588/1696
f 1095/1574/1647 1097/1576/1697 1117/1648/1697
f 1095/1574/1647 1117/1648/1697 1115/1603/1648
f 1104/1586/1632 1079/1556/1631 1099/1580/1698
f 1089/1568/1637 1088/1567/1699 1111/1649/1699
f 1089/1568/1637 1111/1649/1699 1108/1593/1638
f 1079/1556/1624 1078/1555/1700 1101/1650/1700
f 1079/1556/1624 1101/1650/1700 1098/1579/1625
f 1114/1602/1646 1089/1568/1645 1109/1594/1701
f 1134/1651/1702 1135/1652/1702 1136/1653/1702
f 1134/1651/1702 1136/1653/1702 1137/1654/1702
f 1138/1655/1703 1139/1656/1703 1140/1657/1703
f 1138/1655/1703 1140/1657/1703 1141/1658/1703
f 1142/1659/1704 1143/1660/1704 1144/1661/1704
f 1142/1659/1704 1144/1661/1704 1145/1662/1704
f 1146/1663/1705 1147/1664/1705 1148/1665/1705
f 1146/1663/1705 1148/1665/1705 1149/1666/1705
f 1150/1667/1706 1151/1668/1706 1152/1669/1706
f 1150/1667/1706 1152/1669/1706 1153/1670/1706
f 1154/1671/1707 1155/1672/1707 1156/1673/1707
f 1154/1671/1707 1156/1673/1707 1157/1674/1707
f 1158/1675/1708 1159/1676/1708 1160/1677/1708
f 1158/1675/1708 1160/1677/1708 1161/1678/1708
f 1162/1679/1709 1163/1680/1709 1164/1681/1709
f 1162/1679/1709 1164/1681/1709 1165/1682/1709
f 1108/1593/1710 1111/1649/1710 1166/1683/1710
f 1111/1649/1710 1167/1684/1710 1166/1683/1710
f 1111/1598/1711 1110/1597/1711 1168/1685/1711
f 1111/1598/1711 1168/1685/1711 1167/1686/1711
f 1110/1599/1712 1112/1600/1712 1168/1687/1712
f 1112/1600/1712 1169/1688/1712 1168/1687/1712
f 1112/1689/1711 1108/1690/1711 1166/1691/1711
f 1112/1689/1711 1166/1691/1711 1169/1692/1711
f 1104/1693/1713 1105/1694/1713 1170/1695/1713
f 1104/1693/1713 1170/1695/1713 1171/1696/1713
f 1105/1587/1714 1107/1647/1714 1172/1697/1714
f 1105/1587/1714 1172/1697/1714 1170/1698/1714
f 1107/1591/1713 1103/1592/1713 1173/1699/1713
f 1107/1591/1713 1173/1699/1713 1172/1700/1713
f 1103/1585/1715 1104/1586/1715 1171/1701/1715
f 1103/1585/1715 1171/1701/1715 1173/1702/1715
f 1099/1703/1716 1106/1704/1716 1174/1705/1716
f 1099/1703/1716 1174/1705/1716 1175/1706/1716
f 1106/1588/1717 1105/1587/1717 1176/1707/1717
f 1106/1588/1717 1176/1707/1717 1174/1708/1717
f 1105/1694/1716 1104/1693/1716 1177/1709/1716
f 1105/1694/1716 1177/1709/1716 1176/1710/1716
f 1104/1586/1718 1099/1580/1718 1175/1711/1718
f 1104/1586/1718 1175/1711/1718 1177/1712/1718
f 1108/1690/1719 1112/1689/1719 1178/1713/1719
f 1108/1690/1719 1178/1713/1719 1179/1714/1719
f 1112/1600/1720 1116/1604/1720 1178/1715/1720
f 1116/1604/1720 1180/1716/1720 1178/1715/1720
f 1116/1717/1719 1109/1718/1719 1181/1719/1719
f 1116/1717/1719 1181/1719/1719 1180/1720/1719
f 1109/1594/1721 1108/1593/1721 1181/1721/1721
f 1108/1593/1721 1179/1722/1721 1181/1721/1721
f 1109/1718/1722 1116/1717/1722 1182/1723/1722
f 1109/1718/1722 1182/1723/1722 1183/1724/1722
f 1116/1604/1723 1115/1603/1723 1184/1725/1723
f 1116/1604/1723 1184/1725/1723 1182/1726/1723
f 1115/1727/1724 1114/1728/1724 1185/1729/1724
f 1115/1727/1724 1185/1729/1724 1184/1730/1724
f 1114/1602/1725 1109/1594/1725 1183/1731/1725
f 1114/1602/1725 1183/1731/1725 1185/1732/1725
f 1098/1733/1726 1102/1734/1726 1186/1735/1726
f 1102/1734/1726 1187/1736/1726 1186/1735/1726
f 1102/1584/1727 1106/1588/1727 1187/1737/1727
f 1106/1588/1727 1188/1738/1727 1187/1737/1727
f 1106/1704/1728 1099/1703/1728 1189/1739/1728
f 1106/1704/1728 1189/1739/1728 1188/1740/1728
f 1099/1580/1729 1098/1579/1729 1189/1741/1729
f 1098/1579/1729 1186/1742/1729 1189/1741/1729
f 1098/1579/1730 1101/1650/1730 1190/1743/1730
f 1101/1650/1730 1191/1744/1730 1190/1743/1730
f 1101/1582/1731 1100/1581/1731 1192/1745/1731
f 1101/1582/1731 1192/1745/1731 1191/1746/1731
f 1100/1583/1732 1102/1584/1732 1192/1747/1732
f 1102/1584/1732 1193/1748/1732 1192/1747/1732
f 1102/1734/1733 1098/1733/1733 1193/1749/1733
f 1098/1733/1733 1190/1750/1733 1193/1749/1733
f 1114/1728/1734 1115/1727/1734 1194/1751/1734
f 1114/1728/1734 1194/1751/1734 1195/1752/1734
f 1115/1603/1735 1117/1648/1735 1196/1753/1735
f 1115/1603/1735 1196/1753/1735 1194/1754/1735
f 1117/1606/1736 1113/1605/1736 1197/1755/1736
f 1117/1606/1736 1197/1755/1736 1196/1756/1736
f 1113/1601/1737 1114/1602/1738 1195/1757/1737
f 1113/1601/1737 1195/1757/1737 1197/1758/1737
f 1175/1706/1739 1174/1705/1739 1198/1759/1739
f 1175/1706/1739 1198/1759/1739 1199/1760/1739
f 1174/1708/1740 1176/1707/1740 1198/1761/1740
f 1176/1707/1740 1200/1762/1740 1198/1761/1740
f 1176/1710/1741 1177/1709/1741 1201/1763/1741
f 1176/1710/1741 1201/1763/1741 1200/1764/1741
f 1177/1712/1742 1175/1711/1742 1199/1765/1742
f 1177/1712/1742 1199/1765/1742 1201/1766/1742
f 1202/1767/1743 1203/1768/1743 1204/1769/1744
f 1203/1768/1743 1205/1770/1744 1204/1769/1744
f 1203/1771/1745 1206/1772/1745 1207/1773/1745
f 1203/1771/1745 1207/1773/1745 1205/1774/1745
f 1206/1775/1746 1208/1776/1747 1209/1777/1748
f 1206/1775/1746 1209/1777/1748 1207/1778/1748
f 1208/1779/1749 1202/1780/1749 1204/1781/1750
f 1208/1779/1749 1204/1781/1750 1209/1782/1750
f 1171/1696/1751 1170/1695/1751 1210/1783/1751
f 1171/1696/1751 1210/1783/1751 1211/1784/1751
f 1170/1698/1752 1172/1697/1752 1210/1785/1753
f 1172/1697/1752 1212/1786/1752 1210/1785/1753
f 1172/1700/1754 1173/1699/1754 1213/1787/1754
f 1172/1700/1754 1213/1787/1754 1212/1788/1754
f 1173/1702/1755 1171/1701/1755 1211/1789/1755
f 1173/1702/1755 1211/1789/1755 1213/1790/1755
f 1214/1791/1756 1215/1792/1756 1216/1793/1756
f 1214/1791/1756 1216/1793/1756 1217/1794/1756
f 1215/1795/1757 1218/1796/1758 1219/1797/1759
f 1215/1795/1757 1219/1797/1759 1216/1798/1759
f 1218/1799/1760 1220/1800/1760 1221/1801/1760
f 1218/1799/1760 1221/1801/1760 1219/1802/1760
f 1220/1803/1761 1214/1804/1761 1221/1805/1762
f 1214/1804/1761 1217/1806/1762 1221/1805/1762
f 1190/1743/1763 1191/1744/1763 1222/1807/1763
f 1190/1743/1763 1222/1807/1763 1223/1808/1764
f 1191/1746/1765 1192/1745/1765 1224/1809/1765
f 1191/1746/1765 1224/1809/1765 1222/1810/1765
f 1192/1747/1766 1193/1748/1766 1224/1811/1766
f 1193/1748/1766 1225/1812/1766 1224/1811/1766
f 1193/1749/1767 1190/1750/1767 1223/1813/1767
f 1193/1749/1767 1223/1813/1767 1225/1814/1767
f 1186/1735/1768 1187/1736/1768 1226/1815/1768
f 1186/1735/1768 1226/1815/1768 1227/1816/1768
f 1187/1737/1769 1188/1738/1769 1226/1817/1769
f 1188/1738/1769 1228/1818/1770 1226/1817/1769
f 1188/1740/1771 1189/1739/1771 1229/1819/1771
f 1188/1740/1771 1229/1819/1771 1228/1820/1771
f 1189/1741/1772 1186/1742/1772 1227/1821/1773
f 1189/1741/1772 1227/1821/1773 1229/1822/1773
f 1230/1823/1774 1231/1824/1774 1232/1825/1774
f 1230/1823/1774 1232/1825/1774 1233/1826/1774
f 1231/1827/1775 1234/1828/1775 1235/1829/1776
f 1231/1827/1775 1235/1829/1776 1232/1830/1776
f 1234/1831/1777 1236/1832/1777 1237/1833/1777
f 1234/1831/1777 1237/1833/1777 1235/1834/1777
f 1236/1835/1778 1230/1836/1778 1237/1837/1779
f 1230/1836/1778 1233/1838/1779 1237/1837/1779
f 1238/1839/1780 1239/1840/1780 1240/1841/1781
f 1238/1839/1780 1240/1841/1781 1241/1842/1781
f 1239/1843/1782 1242/1844/1782 1240/1845/1782
f 1242/1844/1782 1243/1846/1782 1240/1845/1782
f 1242/1847/1783 1244/1848/1783 1245/1849/1784
f 1242/1847/1783 1245/1849/1784 1243/1850/1784
f 1244/1851/1785 1238/1852/1785 1241/1853/1786
f 1244/1851/1785 1241/1853/1786 1245/1854/1786
f 1246/1855/1787 1247/1856/1787 1248/1857/1787
f 1246/1855/1787 1248/1857/1787 1249/1858/1787
f 1247/1859/1788 1250/1860/1788 1251/1861/1789
f 1247/1859/1788 1251/1861/1789 1248/1862/1790
f 1250/1863/1791 1252/1864/1791 1253/1865/1791
f 1250/1863/1791 1253/1865/1791 1251/1866/1791
f 1252/1867/1792 1246/1868/1792 1253/1869/1793
f 1246/1868/1792 1249/1870/1793 1253/1869/1793
f 1254/1871/1794 1255/1872/1794 1138/1873/1795
f 1255/1872/1794 1139/1874/1795 1138/1873/1795
f 1255/1875/1796 1256/1876/1796 1140/1657/1796
f 1255/1875/1796 1140/1657/1796 1139/1656/1796
f 1256/1877/1797 1257/1878/1797 1141/1879/1798
f 1256/1877/1797 1141/1879/1798 1140/1880/1798
f 1257/1881/1799 1254/1882/1799 1138/1655/1799
f 1257/1881/1799 1138/1655/1799 1141/1658/1799
f 1258/1883/1800 1259/1884/1800 1260/1885/1801
f 1258/1883/1800 1260/1885/1801 1261/1886/1801
f 1259/1887/1802 1262/1888/1802 1263/1889/1803
f 1259/1887/1802 1263/1889/1803 1260/1890/1804
f 1262/1891/1805 1264/1892/1805 1265/1893/1805
f 1262/1891/1805 1265/1893/1805 1263/1894/1805
f 1264/1895/1806 1258/1896/1806 1265/1897/1807
f 1258/1896/1806 1261/1898/1807 1265/1897/1807
f 1266/1899/1808 1267/1900/1808 1147/1664/1808
f 1266/1899/1808 1147/1664/1808 1146/1663/1808
f 1267/1901/1809 1268/1902/1809 1148/1903/1810
f 1267/1901/1809 1148/1903/1810 1147/1904/1810
f 1268/1905/1811 1269/1906/1811 1149/1666/1811
f 1268/1905/1811 1149/1666/1811 1148/1665/1811
f 1269/1907/1812 1266/1908/1812 1149/1909/1813
f 1266/1908/1812 1146/1910/1813 1149/1909/1813
f 1270/1911/1814 1271/1912/1814 1272/1913/1815
f 1270/1911/1814 1272/1913/1815 1273/1914/1816
f 1271/1915/1817 1274/1916/1817 1275/1917/1817
f 1271/1915/1817 1275/1917/1817 1272/1918/1817
f 1274/1919/1818 1276/1920/1818 1275/1921/1819
f 1276/1920/1818 1277/1922/1819 1275/1921/1819
f 1276/1923/1820 1270/1924/1820 1273/1925/1821
f 1276/1923/1820 1273/1925/1821 1277/1926/1821
f 1278/1927/1822 1279/1928/1822 1280/1929/1822
f 1278/1927/1822 1280/1929/1822 1281/1930/1822
f 1279/1931/1823 1282/1932/1823 1283/1933/1824
f 1279/1931/1823 1283/1933/1824 1280/1934/1824
f 1282/1935/1825 1284/1936/1825 1285/1937/1826
f 1282/1935/1825 1285/1937/1826 1283/1938/1826
f 1284/1939/1827 1278/1940/1827 1285/1941/1828
f 1278/1940/1827 1281/1942/1829 1285/1941/1828
f 1286/1943/1830 1287/1944/1830 1159/1676/1830
f 1286/1943/1830 1159/1676/1830 1158/1675/1830
f 1287/1945/1831 1288/1946/1831 1160/1947/1832
f 1287/1945/1831 1160/1947/1832 1159/1948/1832
f 1288/1949/1833 1289/1950/1833 1161/1678/1833
f 1288/1949/1833 1161/1678/1833 1160/1677/1833
f 1289/1951/1834 1286/1952/1834 1161/1953/1834
f 1286/1952/1834 1158/1954/1834 1161/1953/1834
f 1290/1955/1835 1291/1956/1835 1163/1680/1835
f 1290/1955/1835 1163/1680/1835 1162/1679/1835
f 1291/1957/1836 1292/1958/1836 1163/1959/1837
f 1292/1958/1836 1164/1960/1837 1163/1959/1837
f 1292/1961/1838 1293/1962/1838 1165/1682/1838
f 1292/1961/1838 1165/1682/1838 1164/1681/1838
f 1293/1963/1839 1290/1964/1839 1162/1965/1840
f 1293/1963/1839 1162/1965/1840 1165/1966/1840
f 1211/1784/1751 1210/1783/1751 1259/1884/1841
f 1211/1784/1751 1259/1884/1841 1258/1883/1841
f 1213/1790/1755 1211/1789/1755 1258/1896/1842
f 1213/1790/1755 1258/1896/1842 1264/1895/1842
f 1212/1788/1754 1213/1787/1754 1264/1892/1843
f 1212/1788/1754 1264/1892/1843 1262/1891/1843
f 1210/1785/1753 1212/1786/1752 1259/1887/1844
f 1212/1786/1752 1262/1888/1844 1259/1887/1844
f 1169/1692/1749 1166/1691/1749 1202/1780/1749
f 1169/1692/1749 1202/1780/1749 1208/1779/1749
f 1166/1683/1743 1167/1684/1743 1202/1767/1743
f 1167/1684/1743 1203/1768/1743 1202/1767/1743
f 1167/1686/1845 1168/1685/1845 1206/1772/1745
f 1167/1686/1845 1206/1772/1745 1203/1771/1745
f 1168/1687/1746 1169/1688/1746 1208/1776/1747
f 1168/1687/1746 1208/1776/1747 1206/1775/1746
f 1261/1886/1801 1260/1885/1801 1143/1660/1801
f 1261/1886/1801 1143/1660/1801 1142/1659/1801
f 1265/1897/1807 1261/1898/1807 1142/1967/1807
f 1265/1897/1807 1142/1967/1807 1145/1968/1807
f 1263/1894/1805 1265/1893/1805 1145/1662/1805
f 1263/1894/1805 1145/1662/1805 1144/1661/1805
f 1260/1890/1804 1263/1889/1803 1143/1969/1846
f 1263/1889/1803 1144/1970/1846 1143/1969/1846
f 1209/1782/1847 1204/1781/1847 1254/1882/1799
f 1209/1782/1847 1254/1882/1799 1257/1881/1799
f 1204/1769/1848 1205/1770/1848 1255/1872/1794
f 1204/1769/1848 1255/1872/1794 1254/1871/1794
f 1205/1774/1796 1207/1773/1796 1256/1876/1796
f 1205/1774/1796 1256/1876/1796 1255/1875/1796
f 1207/1778/1849 1209/1777/1849 1256/1877/1797
f 1209/1777/1849 1257/1878/1797 1256/1877/1797
f 1201/1766/1742 1199/1765/1742 1246/1868/1850
f 1201/1766/1742 1246/1868/1850 1252/1867/1850
f 1200/1764/1741 1201/1763/1741 1252/1864/1741
f 1200/1764/1741 1252/1864/1741 1250/1863/1741
f 1198/1761/1740 1200/1762/1740 1247/1859/1851
f 1200/1762/1740 1250/1860/1851 1247/1859/1851
f 1199/1760/1739 1198/1759/1739 1247/1856/1739
f 1199/1760/1739 1247/1856/1739 1246/1855/1739
f 1181/1721/1778 1179/1722/1778 1236/1835/1778
f 1179/1722/1778 1230/1836/1778 1236/1835/1778
f 1179/1714/1774 1178/1713/1774 1231/1824/1774
f 1179/1714/1774 1231/1824/1774 1230/1823/1774
f 1178/1715/1775 1180/1716/1775 1234/1828/1775
f 1178/1715/1775 1234/1828/1775 1231/1827/1775
f 1180/1720/1777 1181/1719/1777 1236/1832/1777
f 1180/1720/1777 1236/1832/1777 1234/1831/1777
f 1253/1869/1793 1249/1870/1793 1134/1971/1852
f 1253/1869/1793 1134/1971/1852 1137/1972/1852
f 1251/1866/1791 1253/1865/1791 1137/1654/1791
f 1251/1866/1791 1137/1654/1791 1136/1653/1791
f 1248/1862/1790 1251/1861/1789 1135/1973/1853
f 1251/1861/1789 1136/1974/1854 1135/1973/1853
f 1249/1858/1787 1248/1857/1787 1135/1652/1787
f 1249/1858/1787 1135/1652/1787 1134/1651/1787
f 1237/1837/1855 1233/1838/1855 1286/1952/1834
f 1237/1837/1855 1286/1952/1834 1289/1951/1834
f 1233/1826/1830 1232/1825/1830 1287/1944/1830
f 1233/1826/1830 1287/1944/1830 1286/1943/1830
f 1232/1830/1856 1235/1829/1856 1287/1945/1831
f 1235/1829/1856 1288/1946/1831 1287/1945/1831
f 1235/1834/1833 1237/1833/1833 1289/1950/1833
f 1235/1834/1833 1289/1950/1833 1288/1949/1833
f 1227/1816/1768 1226/1815/1768 1279/1928/1857
f 1227/1816/1768 1279/1928/1857 1278/1927/1857
f 1229/1822/1773 1227/1821/1773 1278/1940/1858
f 1229/1822/1773 1278/1940/1858 1284/1939/1858
f 1228/1820/1771 1229/1819/1771 1284/1936/1771
f 1228/1820/1771 1284/1936/1771 1282/1935/1771
f 1226/1817/1769 1228/1818/1770 1279/1931/1859
f 1228/1818/1770 1282/1932/1859 1279/1931/1859
f 1184/1730/1760 1185/1729/1760 1220/1800/1760
f 1184/1730/1760 1220/1800/1760 1218/1799/1760
f 1185/1732/1860 1183/1731/1861 1220/1803/1761
f 1183/1731/1861 1214/1804/1761 1220/1803/1761
f 1183/1724/1756 1182/1723/1756 1215/1792/1756
f 1183/1724/1756 1215/1792/1756 1214/1791/1756
f 1182/1726/1758 1184/1725/1758 1218/1796/1758
f 1182/1726/1758 1218/1796/1758 1215/1795/1757
f 1281/1930/1822 1280/1929/1822 1155/1672/1822
f 1281/1930/1822 1155/1672/1822 1154/1671/1822
f 1285/1941/1828 1281/1942/1829 1154/1975/1862
f 1285/1941/1828 1154/1975/1862 1157/1976/1862
f 1283/1938/1826 1285/1937/1826 1157/1674/1826
f 1283/1938/1826 1157/1674/1826 1156/1673/1826
f 1280/1934/1824 1283/1933/1824 1155/1977/1863
f 1283/1933/1824 1156/1978/1863 1155/1977/1863
f 1219/1802/1811 1221/1801/1811 1269/1906/1811
f 1219/1802/1811 1269/1906/1811 1268/1905/1811
f 1221/1805/1864 1217/1806/1864 1266/1908/1812
f 1221/1805/1864 1266/1908/1812 1269/1907/1812
f 1217/1794/1808 1216/1793/1808 1267/1900/1808
f 1217/1794/1808 1267/1900/1808 1266/1899/1808
f 1216/1798/1865 1219/1797/1865 1267/1901/1809
f 1219/1797/1865 1268/1902/1809 1267/1901/1809
f 1223/1808/1764 1222/1807/1763 1270/1911/1866
f 1222/1807/1763 1271/1912/1866 1270/1911/1866
f 1225/1814/1767 1223/1813/1767 1270/1924/1867
f 1225/1814/1767 1270/1924/1867 1276/1923/1867
f 1224/1811/1766 1225/1812/1766 1276/1920/1868
f 1224/1811/1766 1276/1920/1868 1274/1919/1868
f 1222/1810/1765 1224/1809/1765 1274/1916/1765
f 1222/1810/1765 1274/1916/1765 1271/1915/1765
f 1197/1758/1785 1195/1757/1785 1244/1851/1785
f 1195/1757/1785 1238/1852/1785 1244/1851/1785
f 1195/1752/1780 1194/1751/1780 1239/1840/1780
f 1195/1752/1780 1239/1840/1780 1238/1839/1780
f 1194/1754/1782 1196/1753/1782 1242/1844/1782
f 1194/1754/1782 1242/1844/1782 1239/1843/1782
f 1196/1756/1783 1197/1755/1783 1244/1848/1783
f 1196/1756/1783 1244/1848/1783 1242/1847/1783
f 1273/1914/1816 1272/1913/1815 1150/1979/1816
f 1272/1913/1815 1151/1980/1816 1150/1979/1816
f 1277/1926/1821 1273/1925/1821 1150/1667/1821
f 1277/1926/1821 1150/1667/1821 1153/1670/1821
f 1275/1921/1819 1277/1922/1819 1153/1981/1869
f 1275/1921/1819 1153/1981/1869 1152/1982/1869
f 1272/1918/1817 1275/1917/1817 1152/1669/1870
f 1272/1918/1817 1152/1669/1870 1151/1668/1870
f 1245/1854/1871 1241/1853/1871 1293/1963/1839
f 1241/1853/1871 1290/1964/1839 1293/1963/1839
f 1241/1842/1872 1240/1841/1872 1291/1956/1835
f 1241/1842/1872 1291/1956/1835 1290/1955/1835
f 1240/1845/1873 1243/1846/1873 1292/1958/1836
f 1240/1845/1873 1292/1958/1836 1291/1957/1836
f 1243/1850/1874 1245/1849/1874 1293/1962/1838
f 1243/1850/1874 1293/1962/1838 1292/1961/1838
f 1294/1983/1875 1295/1984/1876 1296/1985/1877
f 1294/1983/1875 1296/1985/1877 1297/1986/1878
f 1295/1984/1879 1298/1987/1880 1299/1988/1881
f 1295/1984/1879 1299/1988/1881 1296/1985/1881
f 1298/1987/1882 1300/1989/1883 1301/1990/1884
f 1298/1987/1882 1301/1990/1884 1299/1988/1884
f 1300/1989/1885 1302/1991/1886 1303/1992/1887
f 1300/1989/1885 1303/1992/1887 1301/1990/1887
f 1302/1991/1888 1304/1993/1889 1303/1992/1890
f 1304/1993/1889 1305/1994/1891 1303/1992/1890
f 1297/1986/1892 1305/1994/1893 1304/1993/1894
f 1297/1986/1892 1304/1993/1894 1294/1983/1895
f 1306/1995/1896 1307/1996/1897 1308/1997/1898
f 1307/1996/1897 1309/1998/1899 1308/1997/1898
f 1310/1999/1900 1311/2000/1901 1312/2001/1902
f 1310/1999/1900 1312/2001/1902 1313/2002/1902
f 1311/2000/1903 1314/2003/1904 1315/2004/1905
f 1311/2000/1903 1315/2004/1905 1312/2001/1905
f 1314/2003/1906 1316/2005/1907 1315/2004/1908
f 1316/2005/1907 1317/2006/1908 1315/2004/1908
f 1318/2007/1909 1319/2008/1910 1320/2009/1911
f 1318/2007/1909 1320/2009/1911 1321/2010/1912
f 1308/1997/1913 1320/2009/1914 1319/2008/1572
f 1308/1997/1913 1319/2008/1572 1306/1995/1573
f 1322/2011/1915 1323/2012/1916 1324/2013/1917
f 1043/1504/1918 1042/1503/1919 1325/2014/1920
f 1043/1504/1918 1325/2014/1920 1326/2015/1921
f 1323/2012/1922 1327/2016/1923 1328/2017/1924
f 1323/2012/1922 1328/2017/1924 1324/2013/1924
f 1327/2016/1925 1329/2018/1926 1328/2017/1927
f 1330/2019/1928 1052/2020/1929 1053/2021/1930
f 1330/2019/1928 1053/2021/1930 1331/2022/1931
f 1332/2023/1932 1333/2024/1933 1334/2025/1934
f 1333/2024/1933 1313/2026/1935 1334/2025/1934
f 1333/2027/1936 1335/2028/1937 1313/2002/1938
f 1335/2028/1937 1310/1999/1939 1313/2002/1938
f 1336/2029/1940 1332/2023/1941 1334/2025/1942
f 1336/2029/1940 1334/2025/1942 1337/2030/1943
f 1316/2005/1944 1338/2031/1945 1317/2006/1946
f 1338/2031/1945 1339/2032/1947 1317/2006/1946
f 1339/2033/1948 1336/2029/1949 1337/2030/1950
f 1339/2033/1948 1337/2030/1950 1317/2034/1951
f 1296/2035/1952 1299/2036/1952 1340/2037/1953
f 1296/2035/1952 1340/2037/1953 1341/2038/1954
f 1299/2036/1955 1301/2039/1955 1340/2037/1956
f 1301/2039/1955 1342/2040/1957 1340/2037/1956
f 1301/2039/1958 1303/2041/1958 1342/2040/1959
f 1303/2041/1958 1343/2042/1960 1342/2040/1959
f 1334/2025/1934 1313/2026/1935 1312/2043/1961
f 1337/2030/1943 1334/2025/1942 1315/2044/1962
f 1334/2025/1942 1312/2043/1962 1315/2044/1962
f 1317/2034/1951 1337/2030/1950 1315/2044/1963
f 1344/2045/1964 1330/2019/1928 1345/2046/1965
f 1330/2019/1928 1331/2022/1931 1345/2046/1965
f 1342/2040/1959 1343/2042/1960 1346/2047/1966
f 1343/2042/1960 1347/2048/1967 1346/2047/1966
f 1340/2037/1956 1342/2040/1957 1346/2047/1968
f 1340/2037/1956 1346/2047/1968 1348/2049/1969
f 1341/2038/1954 1340/2037/1953 1348/2049/1970
f 1341/2038/1954 1348/2049/1970 1349/2050/1971
f 1326/2015/1921 1325/2014/1920 1350/2051/1972
f 1326/2015/1921 1350/2051/1972 1351/2052/1973
f 1352/2053/1974 1318/2054/1975 1353/2055/1976
f 1318/2054/1975 1321/2056/1977 1353/2055/1976
f 1321/2057/1978 1354/2058/1978 1355/2059/1979
f 1321/2057/1978 1355/2059/1979 1353/2060/1980
f 1354/2058/1981 1356/2061/1981 1357/2062/1982
f 1354/2058/1981 1357/2062/1982 1355/2059/1983
f 1356/2061/1984 1309/2063/1984 1357/2062/1985
f 1309/2063/1984 1358/2064/1986 1357/2062/1985
f 1309/1998/1987 1307/1996/1988 1358/2065/1989
f 1307/1996/1988 1359/2066/1990 1358/2065/1989
f 1050/1511/1991 1344/2045/1964 1345/2046/1965
f 1050/1511/1991 1345/2046/1965 1051/1512/1992
f 1346/2047/1966 1347/2048/1967 1327/2016/1925
f 1347/2048/1967 1329/2018/1926 1327/2016/1925
f 1348/2049/1969 1346/2047/1968 1323/2012/1922
f 1346/2047/1968 1327/2016/1923 1323/2012/1922
f 1349/2050/1971 1348/2049/1970 1323/2012/1916
f 1349/2050/1971 1323/2012/1916 1322/2011/1915
f 1351/2052/1973 1350/2051/1972 1044/1505/1993
f 1351/2052/1973 1044/1505/1993 1046/1507/1994
f 1338/2031/1945 1352/2053/1974 1339/2032/1947
f 1352/2053/1974 1353/2055/1976 1339/2032/1947
f 1353/2060/1980 1355/2059/1979 1336/2029/1949
f 1353/2060/1980 1336/2029/1949 1339/2033/1948
f 1355/2059/1983 1357/2062/1982 1336/2029/1940
f 1357/2062/1982 1332/2023/1941 1336/2029/1940
f 1357/2062/1985 1358/2064/1986 1332/2023/1932
f 1358/2064/1986 1333/2024/1933 1332/2023/1932
f 1358/2065/1989 1359/2066/1990 1333/2027/1936
f 1359/2066/1990 1335/2028/1937 1333/2027/1936
f 1360/2067/1995 1361/2068/1996 1294/2069/1875
f 1361/2068/1996 1295/2070/1876 1294/2069/1875
f 1361/2068/1997 1362/2071/1998 1298/2072/1880
f 1361/2068/1997 1298/2072/1880 1295/2070/1879
f 1362/2071/1999 1363/2073/2000 1300/2074/1883
f 1362/2071/1999 1300/2074/1883 1298/2072/1882
f 1363/2073/2001 1364/2075/2002 1300/2074/1885
f 1364/2075/2002 1302/2076/1886 1300/2074/1885
f 1364/2077/2003 1365/2078/2004 1304/2079/1889
f 1364/2077/2003 1304/2079/1889 1302/2080/1888
f 1294/2069/1895 1304/2079/1894 1365/2078/2005
f 1294/2069/1895 1365/2078/2005 1360/2067/2006
f 1308/2081/1898 1309/2082/1899 1366/2083/2007
f 1309/2082/1899 1367/2084/2008 1366/2083/2007
f 1309/2082/2009 1356/2085/2009 1367/2084/2010
f 1356/2085/2009 1368/2086/2011 1367/2084/2010
f 1356/2085/2012 1354/2087/2012 1368/2086/2013
f 1354/2087/2012 1369/2088/2014 1368/2086/2013
f 1354/2087/2015 1321/2089/2015 1369/2088/2016
f 1321/2089/2015 1370/2090/2017 1369/2088/2016
f 1321/2089/1912 1320/2091/1911 1371/2092/2018
f 1321/2089/1912 1371/2092/2018 1370/2090/2019
f 1366/2083/2020 1371/2092/2021 1308/2081/1913
f 1371/2092/2021 1320/2091/1914 1308/2081/1913
f 1372/2093/2022 1373/2094/2022 1374/2095/2023
f 1372/2093/2022 1374/2095/2023 1375/2096/2024
f 1373/2094/2025 1376/2097/2025 1377/2098/2026
f 1373/2094/2025 1377/2098/2026 1374/2095/2027
f 1376/2097/2028 1378/2099/2028 1379/2100/2029
f 1376/2097/2028 1379/2100/2029 1377/2098/2030
f 1378/2099/2031 1380/2101/2031 1379/2100/2032
f 1380/2101/2031 1381/2102/2033 1379/2100/2032
f 1380/2103/2034 1382/2104/2034 1381/2105/2035
f 1382/2104/2034 1383/2106/2036 1381/2105/2035
f 1375/2096/2037 1383/2106/2038 1382/2104/2039
f 1375/2096/2037 1382/2104/2039 1372/2093/2039
f 1384/2107/2040 1385/2108/2041 1386/2109/2042
f 1385/2108/2041 1387/2110/2043 1386/2109/2042
f 1385/2108/2044 1388/2111/2045 1389/2112/2046
f 1385/2108/2044 1389/2112/2046 1387/2110/2047
f 1388/2111/2048 1390/2113/2049 1389/2112/2050
f 1390/2113/2049 1391/2114/2051 1389/2112/2050
f 1390/2113/2052 1392/2115/2053 1391/2114/2054
f 1392/2115/2053 1393/2116/2055 1391/2114/2054
f 1392/2117/2056 1394/2118/2057 1395/2119/2058
f 1392/2117/2056 1395/2119/2058 1393/2120/2059
f 1386/2109/2060 1395/2119/2061 1384/2107/2062
f 1395/2119/2061 1394/2118/2063 1384/2107/2062
f 1375/2096/2024 1374/2095/2023 1361/2068/1996
f 1375/2096/2024 1361/2068/1996 1360/2067/1995
f 1374/2095/2027 1377/2098/2026 1361/2068/1997
f 1377/2098/2026 1362/2071/1998 1361/2068/1997
f 1377/2098/2030 1379/2100/2029 1363/2073/2000
f 1377/2098/2030 1363/2073/2000 1362/2071/1999
f 1379/2100/2032 1381/2102/2033 1364/2075/2002
f 1379/2100/2032 1364/2075/2002 1363/2073/2001
f 1381/2105/2035 1383/2106/2036 1364/2077/2003
f 1383/2106/2036 1365/2078/2004 1364/2077/2003
f 1360/2067/2006 1365/2078/2005 1383/2106/2038
f 1360/2067/2006 1383/2106/2038 1375/2096/2037
f 1366/2121/2007 1367/2122/2008 1385/2108/2041
f 1366/2121/2007 1385/2108/2041 1384/2107/2040
f 1367/2122/2010 1368/2123/2011 1385/2108/2044
f 1368/2123/2011 1388/2111/2045 1385/2108/2044
f 1368/2123/2013 1369/2124/2014 1388/2111/2048
f 1369/2124/2014 1390/2113/2049 1388/2111/2048
f 1369/2124/2016 1370/2125/2017 1392/2115/2053
f 1369/2124/2016 1392/2115/2053 1390/2113/2052
f 1370/2126/2019 1371/2127/2018 1392/2117/2056
f 1371/2127/2018 1394/2118/2057 1392/2117/2056
f 1384/2107/2062 1394/2118/2063 1366/2121/2020
f 1394/2118/2063 1371/2127/2021 1366/2121/2020
f 1386/2109/2042 1387/2110/2043 1396/2128/2064
f 1387/2110/2043 1397/2129/2064 1396/2128/2064
f 1387/2110/2047 1389/2112/2046 1397/2129/2065
f 1389/2112/2046 1398/2130/2065 1397/2129/2065
f 1389/2112/2050 1391/2114/2051 1398/2130/2066
f 1391/2114/2051 1399/2131/2066 1398/2130/2066
f 1391/2114/2054 1393/2116/2055 1400/2132/2067
f 1391/2114/2054 1400/2132/2067 1399/2131/2067
f 1393/2120/2059 1395/2119/2058 1401/2133/2068
f 1393/2120/2059 1401/2133/2068 1400/2134/2068
f 1396/2128/2069 1401/2133/2069 1386/2109/2060
f 1401/2133/2069 1395/2119/2061 1386/2109/2060
f 1297/2135/1878 1296/2136/1877 1042/1503/1575
f 1297/2135/1878 1042/1503/1575 1040/1501/1574
f 1325/2014/1920 1042/1503/1919 1341/2137/2070
f 1042/1503/1919 1296/2136/2071 1341/2137/2070
f 1350/2051/1972 1325/2014/1920 1349/2138/2072
f 1325/2014/1920 1341/2137/2070 1349/2138/2072
f 1044/1505/1993 1350/2051/1972 1322/2139/2073
f 1350/2051/1972 1349/2138/2072 1322/2139/2073
f 1322/2139/2074 1324/2140/2074 1044/1505/1577
f 1324/2140/2074 1045/1506/1578 1044/1505/1577
f 1324/2140/2075 1328/2141/2075 1045/1506/1580
f 1328/2141/2075 1048/1509/1581 1045/1506/1580
f 1328/2141/2076 1329/2142/2076 1050/1511/1584
f 1328/2141/2076 1050/1511/1584 1048/1509/1583
f 1347/2143/2077 1344/2045/1964 1329/2142/2078
f 1344/2045/1964 1050/1511/1991 1329/2142/2078
f 1343/2144/2079 1330/2019/1928 1347/2143/2077
f 1330/2019/1928 1344/2045/1964 1347/2143/2077
f 1303/2145/2080 1052/2020/1929 1343/2144/2079
f 1052/2020/1929 1330/2019/1928 1343/2144/2079
f 1303/2146/1890 1305/2147/1891 1052/1513/1587
f 1305/2147/1891 1039/1500/1588 1052/1513/1587
f 1040/1501/1573 1039/1500/1572 1305/2147/1893
f 1040/1501/1573 1305/2147/1893 1297/2135/1892
f 1402/2148/2081 1403/2149/2081 1306/1995/1896
f 1403/2149/2081 1307/1996/1897 1306/1995/1896
f 1359/2066/1990 1307/1996/1988 1403/2149/2082
f 1359/2066/1990 1403/2149/2082 1404/2150/2083
f 1335/2028/1937 1359/2066/1990 1404/2150/2083
f 1335/2028/1937 1404/2150/2083 1405/2151/2084
f 1310/1999/1939 1335/2028/1937 1405/2151/2084
f 1310/1999/1939 1405/2151/2084 1406/2152/2085
f 1406/2152/2086 1407/2153/2086 1311/2000/1901
f 1406/2152/2086 1311/2000/1901 1310/1999/1900
f 1407/2153/1582 1408/2154/1582 1311/2000/1903
f 1408/2154/1582 1314/2003/1904 1311/2000/1903
f 1408/2154/2087 1409/2155/2088 1314/2003/1906
f 1409/2155/2088 1316/2005/1907 1314/2003/1906
f 1410/2156/2089 1338/2031/1945 1316/2005/1944
f 1410/2156/2089 1316/2005/1944 1409/2155/2090
f 1411/2157/2091 1352/2053/1974 1410/2156/2089
f 1352/2053/1974 1338/2031/1945 1410/2156/2089
f 1412/2158/2092 1318/2054/1975 1352/2053/1974
f 1412/2158/2092 1352/2053/1974 1411/2157/2091
f 1412/2159/2093 1413/2160/2093 1318/2007/1909
f 1413/2160/2093 1319/2008/1910 1318/2007/1909
f 1306/1995/1573 1319/2008/1572 1413/2160/1571
f 1306/1995/1573 1413/2160/1571 1402/2148/1571
f 1413/2161/2094 1412/2162/2094 1402/2163/2094
f 1412/2162/2094 1403/2164/2094 1402/2163/2094
f 1412/2162/2094 1411/2165/2094 1404/2166/2094
f 1412/2162/2094 1404/2166/2094 1403/2164/2094
f 1411/2165/2094 1410/2167/2094 1405/2168/2094
f 1411/2165/2094 1405/2168/2094 1404/2166/2094
f 1410/2167/2094 1409/2169/2094 1406/2170/2094
f 1410/2167/2094 1406/2170/2094 1405/2168/2094
f 1409/2169/2094 1408/2171/2094 1406/2170/2094
f 1408/2171/2094 1407/2172/2094 1406/2170/2094
f 1041/2173/2095 1043/2174/2095 1053/2175/2095
f 1041/2173/2095 1053/2175/2095 1038/2176/2095
f 1043/2174/2094 1326/2177/2094 1053/2175/2094
f 1326/2177/2094 1331/2178/2094 1053/2175/2094
f 1326/2177/2094 1351/2179/2094 1331/2178/2094
f 1351/2179/2094 1345/2180/2094 1331/2178/2094
f 1351/2179/2094 1046/2181/2094 1345/2180/2094
f 1046/2181/2094 1051/2182/2094 1345/2180/2094
f 1046/2181/2094 1047/2183/2094 1049/2184/2094
f 1046/2181/2094 1049/2184/2094 1051/2182/2094
s off
