# Apple ModelIO OBJ File: NPC1_G_Texture
mtllib NPC1_G_Texture.mtl
g ears_standardSurface10SG
v 2.2228 7.76482 -0.106388
v 2.0426 7.19324 0.067495
v 2.32041 7.81743 0.167737
v 2.14022 7.24586 0.34162
v 2.2574 6.70444 0.012771
v 2.35502 6.75705 0.286896
v 2.88659 6.69747 -0.167089
v 2.93479 6.75009 0.107036
v 3.10493 7.37729 -0.35413
v 3.19745 7.42991 -0.080005
v 2.82015 7.84759 -0.334993
v 2.91777 7.90021 -0.060869
v -2.2228 7.76482 -0.106388
v -2.32041 7.81743 0.167737
v -2.0426 7.19324 0.067495
v -2.14022 7.24586 0.34162
v -2.35502 6.75705 0.286896
v -2.2574 6.70444 0.012771
v -2.93479 6.75009 0.107035
v -2.88659 6.69747 -0.167089
v -3.19745 7.42991 -0.080005
v -3.10493 7.37729 -0.354131
v -2.82015 7.84759 -0.334994
v -2.91777 7.90021 -0.060869
vn -0.898688 0.359676 0.250983
vn -0.832595 -0.407837 0.374772
vn 0.041541 -0.983211 0.177679
vn 0.914917 -0.368809 -0.164035
vn 0.790555 0.489408 -0.368106
vn -0.182049 0.975636 -0.122446
vn -0.329256 -0.136774 -0.934282
vn 0.33582 0.129807 0.932939
vn 0.898688 0.359677 0.250982
vn 0.832596 -0.407836 0.374771
vn -0.041542 -0.983211 0.17768
vn -0.914917 -0.368809 -0.164035
vn -0.914916 -0.368809 -0.164035
vn -0.790554 0.489408 -0.368108
vn 0.18205 0.975636 -0.122444
vn 0.329257 -0.136774 -0.934282
vn -0.33582 0.129807 0.932939
vt 0.212098 0.140539
vt 0.212272 0.119471
vt 0.222948 0.140564
vt 0.222889 0.119154
vt 0.208255 0.099662
vt 0.219515 0.09933
vt 0.209476 0.074262
vt 0.22033 0.076304
vt 0.214866 0.045464
vt 0.226341 0.047346
vt 0.211232 0.189967
vt 0.211517 0.166359
vt 0.223606 0.189709
vt 0.223646 0.166308
vt 0.193383 0.150617
vt 0.199703 0.106925
vt 0.179373 0.114516
vt 0.179317 0.13906
vt 0.241787 0.151292
vt 0.256255 0.139842
vt 0.255513 0.114337
vt 0.236329 0.106568
vt 0.316479 0.143767
vt 0.305492 0.143751
vt 0.315853 0.122629
vt 0.306072 0.122637
vt 0.307549 0.104608
vt 0.318416 0.10442
vt 0.305629 0.080971
vt 0.317111 0.078722
vt 0.299249 0.049113
vt 0.311859 0.047166
vt 0.316071 0.191198
vt 0.304422 0.190532
vt 0.31682 0.169085
vt 0.305222 0.168818
vt 0.336119 0.153312
vt 0.350106 0.141024
vt 0.349021 0.116329
vt 0.328256 0.109561
vt 0.285722 0.153346
vt 0.293671 0.109547
vt 0.274382 0.115801
vt 0.271875 0.140959
usemtl standardSurface10SG
f 1/1/1 2/2/1 3/3/1
f 2/2/1 4/4/1 3/3/1
f 2/2/2 5/5/2 6/6/2
f 2/2/2 6/6/2 4/4/2
f 5/5/3 7/7/3 8/8/3
f 5/5/3 8/8/3 6/6/3
f 7/7/4 9/9/4 10/10/4
f 7/7/4 10/10/4 8/8/4
f 9/11/5 11/12/5 10/13/5
f 11/12/5 12/14/5 10/13/5
f 11/12/6 1/1/6 3/3/6
f 11/12/6 3/3/6 12/14/6
f 2/2/7 1/1/7 11/15/7
f 5/16/7 2/2/7 11/15/7
f 7/17/7 5/16/7 11/15/7
f 9/18/7 7/17/7 11/15/7
f 12/19/8 3/3/8 4/4/8
f 10/20/8 12/19/8 4/4/8
f 8/21/8 10/20/8 4/4/8
f 6/22/8 8/21/8 4/4/8
f 13/23/9 14/24/9 15/25/9
f 14/24/9 16/26/9 15/25/9
f 15/25/10 16/26/10 17/27/10
f 15/25/10 17/27/10 18/28/10
f 18/28/11 17/27/11 19/29/11
f 18/28/11 19/29/11 20/30/11
f 20/30/12 19/29/13 21/31/12
f 20/30/12 21/31/12 22/32/12
f 22/33/14 21/34/14 23/35/14
f 21/34/14 24/36/14 23/35/14
f 23/35/15 24/36/15 13/23/15
f 24/36/15 14/24/15 13/23/15
f 23/37/16 13/23/16 15/25/16
f 22/38/16 23/37/16 15/25/16
f 20/39/16 22/38/16 15/25/16
f 18/40/16 20/39/16 15/25/16
f 16/26/17 14/24/17 24/41/17
f 17/42/17 16/26/17 24/41/17
f 19/43/17 17/42/17 24/41/17
f 21/44/17 19/43/17 24/41/17
s off
g Head_uv_standardSurface10SG
v -1.49909 6.14595 1.70769
v -0.932178 5.86615 1.90204
v -0.94273 6.37069 2.26195
v -1.63769 6.42525 1.81887
v 0 6.87577 2.71365
v -0.167244 6.84384 2.59586
v -0.093999 6.80736 2.55722
v 0 6.77125 2.54543
v 0.093999 6.80736 2.55722
v 0.167244 6.84384 2.59586
v 0.932178 5.86615 1.90204
v 1.49909 6.14595 1.70769
v 0.94273 6.37069 2.26195
v 1.63769 6.42525 1.81887
v -1.74026 6.84419 1.90127
v -0.958559 6.84524 2.45609
v -1.7884 7.08856 1.85458
v -0.969355 7.08331 2.46079
v 0 6.99323 2.65202
v 0.958559 6.84524 2.45609
v 1.74026 6.84419 1.90127
v 1.7884 7.08856 1.85458
v 0.969355 7.08331 2.46079
v -1.90073 7.65874 1.74563
v -0.994544 7.63879 2.32788
v -1.81386 8.62189 1.88175
v -0.94317 8.64396 2.45735
v 0 7.65597 2.53691
v 0 8.7069 2.59694
v 0.994544 7.63879 2.32788
v 0.94317 8.64396 2.45735
v 1.90073 7.65874 1.74563
v 1.81386 8.62189 1.88175
v -1.61553 9.41742 1.72347
v -0.880555 9.66385 2.13084
v 0 9.81446 2.29417
v 0.880555 9.66385 2.13084
v 1.61553 9.41742 1.72347
v -0.966513 10.3587 1.12155
v -1.87108 9.83271 1.05489
v 0 10.5247 1.15543
v 0.966513 10.3587 1.12155
v 1.87108 9.83271 1.05489
v -1.11856 10.5949 0.045172
v -2.06698 10.0151 0.045447
v 0 10.8077 0.059209
v 1.11856 10.5949 0.045172
v 2.06698 10.0151 0.045447
v -1.86657 9.78756 -0.917276
v -1.08163 10.3616 -1.02421
v 0 10.5687 -1.07715
v 1.08163 10.3616 -1.02421
v 1.86657 9.78756 -0.917276
v -1.59048 9.55131 -1.51308
v -0.983943 9.8033 -1.77952
v 0 9.97381 -1.95894
v 0.983943 9.8033 -1.77952
v 1.59048 9.55131 -1.51308
v -1.02893 9.02777 -2.26963
v -1.82164 8.94416 -1.73093
v 0 9.05498 -2.41974
v 1.02893 9.02777 -2.26963
v 1.82164 8.94416 -1.73093
v -1.02561 7.98599 -2.39305
v -1.95511 7.97916 -1.87953
v 0 7.99497 -2.60195
v 1.02561 7.98599 -2.39305
v 1.95511 7.97916 -1.87953
v -1.84646 7.33981 -1.78044
v -1.00707 7.33928 -2.26937
v -1.79989 7.0658 -1.73797
v -0.999131 7.06212 -2.21637
v 0 7.28591 -2.44926
v 0 6.98202 -2.38382
v 1.00707 7.33928 -2.26937
v 0.999131 7.06212 -2.21637
v 1.84646 7.33981 -1.78044
v 1.79989 7.0658 -1.73797
v -1.65021 6.75644 -1.59703
v -0.95819 6.67503 -1.92021
v -1.55042 6.55021 -1.50307
v -0.930897 6.41697 -1.72277
v 0 6.49535 -2.07803
v 0 6.1709 -1.87417
v 0.95819 6.67503 -1.92021
v 0.930897 6.41697 -1.72277
v 1.65021 6.75644 -1.59703
v 1.55042 6.55021 -1.50307
v -0.961065 5.89462 -0.928243
v -1.81125 6.37114 -0.925469
v 0 5.65695 -0.949484
v 0.961065 5.89462 -0.928243
v 1.81125 6.37114 -0.925469
v -1.93438 6.08789 0.050215
v -0.985586 5.64362 0.046816
v 0 5.45837 0.051105
v 0.985586 5.64354 0.046816
v 1.93438 6.08782 0.050215
v -0.963641 5.63882 1.05823
v -1.79364 6.06025 1.07037
v 0 5.40351 1.0495
v 0.963641 5.63882 1.05823
v 1.79364 6.06025 1.07037
v 0 5.68083 1.93023
v 2.01522 6.6205 -0.96288
v 2.1785 6.42227 0.04711
v 2.09799 6.3853 0.983983
v 2.32117 6.99454 -1.019
v 2.37526 7.25664 -1.02059
v 2.54469 6.92396 0.042452
v 2.58675 7.18363 0.037388
v 2.37173 6.87289 0.976414
v 2.40915 7.1282 0.963871
v 2.50146 7.86822 -1.02432
v 2.34715 8.90366 -1.00312
v 2.68489 7.78954 0.025571
v 2.58533 8.76552 0.029167
v 2.49647 7.72392 0.934606
v 2.39778 8.66617 0.924507
v -2.01522 6.6205 -0.96288
v -2.1785 6.42232 0.04711
v -2.09799 6.3853 0.983983
v -2.32117 6.99454 -1.019
v -2.37526 7.25664 -1.02059
v -2.54469 6.92396 0.042452
v -2.58675 7.18363 0.037388
v -2.37173 6.87289 0.976414
v -2.40915 7.1282 0.963871
v -2.50146 7.86822 -1.02432
v -2.34715 8.90366 -1.00312
v -2.68489 7.78954 0.025571
v -2.58533 8.76552 0.029167
v -2.49647 7.72392 0.934606
v -2.39778 8.66617 0.924507
v -0.98015 7.32137 2.4171
v -0.111496 7.3282 2.47782
v 0 6.26308 2.31374
v 0.111496 7.3282 2.47782
v 0.98015 7.32137 2.4171
v 0 7.34908 2.55664
v 0 7.11892 2.60977
v 0.195118 7.08238 2.46953
v -0.195118 7.08238 2.46953
v 0 6.73291 2.43751
v -0.13937 6.77113 2.47339
v 0.13937 6.77113 2.47339
v 0.27874 6.85471 2.47296
v -0.27874 6.85471 2.47296
v -1.83654 7.33292 1.80789
v -2.44657 7.38351 0.951329
v -2.62881 7.44331 0.032324
v -2.42935 7.51875 -1.02219
v -1.89302 7.61382 -1.82291
v -1.01502 7.61644 -2.32237
v 0 7.58979 -2.5147
v 1.01502 7.61644 -2.32237
v 1.89302 7.61382 -1.82291
v 2.42935 7.51875 -1.02219
v 2.62881 7.44331 0.032324
v 2.44657 7.38351 0.951329
v 1.83654 7.33292 1.80789
vn -0.491255 -0.515458 0.70212
vn -0.23723 -0.556342 0.79637
vn -0.270217 -0.445939 0.8533
vn -0.524151 -0.392772 0.755642
vn 0 -0.312009 0.950079
vn -0.641716 -0.055203 0.764953
vn -0.259912 -0.853667 0.451329
vn 0 -0.889208 0.457503
vn 0.259912 -0.853667 0.451329
vn 0.641716 -0.055203 0.764953
vn 0.23723 -0.556342 0.79637
vn 0.491255 -0.515458 0.70212
vn 0.270217 -0.445939 0.8533
vn 0.524151 -0.392772 0.755642
vn -0.566013 -0.187266 0.802846
vn -0.311181 -0.231777 0.921654
vn -0.586205 0.047207 0.808787
vn -0.357395 0.042446 0.932988
vn 0 0.369124 0.92938
vn 0.311181 -0.231777 0.921654
vn 0.566013 -0.187266 0.802845
vn 0.586205 0.047208 0.808787
vn 0.357395 0.042446 0.932988
vn -0.548512 -0.028969 0.835641
vn -0.383507 -0.036054 0.922834
vn -0.549275 0.078306 0.831965
vn -0.360185 0.094746 0.928057
vn 0 -0.058354 0.998296
vn -0 0.109744 0.99396
vn 0.383507 -0.036054 0.922834
vn 0.360185 0.094746 0.928057
vn 0.548512 -0.028969 0.835641
vn 0.549275 0.078306 0.831965
vn -0.53453 0.288925 0.794229
vn -0.337496 0.290806 0.895281
vn -0 0.288859 0.957372
vn 0.337496 0.290806 0.895281
vn 0.53453 0.288925 0.794229
vn -0.480755 0.683087 0.549789
vn -0.306934 0.775776 0.551329
vn -0.331116 0.857209 0.394404
vn -0.500372 0.777659 0.380624
vn -0 0.83314 0.553061
vn -0 0.915486 0.40235
vn 0.306934 0.775776 0.551329
vn 0.331116 0.857209 0.394404
vn 0.480754 0.683087 0.549789
vn 0.500372 0.777659 0.380624
vn -0.363476 0.931567 0.008206
vn -0.541721 0.840514 0.008645
vn -0 0.999947 0.010329
vn 0.363476 0.931567 0.008206
vn 0.541721 0.840514 0.008645
vn -0.549176 0.761972 -0.343228
vn -0.353214 0.858014 -0.372897
vn 0 0.92245 -0.386117
vn 0.353214 0.858014 -0.372897
vn 0.549176 0.761972 -0.343228
vn -0.532989 0.656654 -0.533599
vn -0.322937 0.758037 -0.566649
vn 0 0.811477 -0.584385
vn 0.322937 0.758037 -0.566649
vn 0.532989 0.656654 -0.533599
vn -0.522301 0.468984 -0.712219
vn -0.312071 0.486427 -0.816089
vn -0.337126 0.296078 -0.893691
vn -0.528808 0.2615 -0.807453
vn 0 0.493265 -0.869879
vn 0 0.311973 -0.950091
vn 0.312071 0.486427 -0.816089
vn 0.337126 0.296078 -0.893691
vn 0.522301 0.468984 -0.712219
vn 0.528808 0.2615 -0.807453
vn -0.343102 0.053168 -0.937792
vn -0.515821 0.054669 -0.85495
vn -0 0.051947 -0.99865
vn 0.343102 0.053168 -0.937792
vn 0.515821 0.054669 -0.85495
vn -0.49349 -0.195602 -0.847471
vn -0.334457 -0.200033 -0.920937
vn -0.463434 -0.40015 -0.790638
vn -0.31254 -0.420421 -0.851801
vn -0 -0.202173 -0.97935
vn -0 -0.448345 -0.89386
vn 0.334457 -0.200033 -0.920937
vn 0.31254 -0.420421 -0.851801
vn 0.49349 -0.195602 -0.847471
vn 0.463434 -0.40015 -0.790638
vn -0.409555 -0.562745 -0.718041
vn -0.297496 -0.563755 -0.770504
vn -0.392994 -0.563579 -0.726591
vn -0.302167 -0.56044 -0.771105
vn -0 -0.574711 -0.818357
vn 0 -0.575664 -0.817686
vn 0.297496 -0.563755 -0.770504
vn 0.302167 -0.56044 -0.771105
vn 0.409554 -0.562745 -0.718041
vn 0.392994 -0.563579 -0.726591
vn -0.396913 -0.780423 -0.483115
vn -0.307354 -0.811684 -0.496691
vn -0.323251 -0.876154 -0.357579
vn -0.427382 -0.835556 -0.345241
vn -0 -0.854375 -0.519657
vn -1e-05 -0.929817 -0.368021
vn 0.307354 -0.811684 -0.496691
vn 0.323239 -0.876147 -0.357606
vn 0.396913 -0.780423 -0.483115
vn 0.427375 -0.835543 -0.345281
vn -0.443314 -0.886452 -0.132946
vn -0.328548 -0.936237 -0.124566
vn -1.9e-05 -0.992145 -0.125095
vn 0.328529 -0.936243 -0.124566
vn 0.443314 -0.886452 -0.132949
vn -0.322209 -0.939413 0.116976
vn -0.447556 -0.888571 0.100676
vn -1.1e-05 -0.993325 0.115346
vn 0.322199 -0.939413 0.117007
vn 0.447554 -0.888566 0.100725
vn -0.459633 -0.843034 0.27934
vn -0.305548 -0.909808 0.280873
vn 0 -0.958686 0.284468
vn 0.305548 -0.909808 0.280873
vn 0.459633 -0.843034 0.27934
vn 0.732289 -0.597161 -0.327339
vn 0.654627 -0.577211 -0.48815
vn 0.728955 -0.598637 -0.332052
vn 0.645382 -0.575215 -0.502603
vn 0.775922 -0.626591 -0.073002
vn 0.798014 -0.597691 -0.077065
vn 0.759257 -0.597837 0.257138
vn 0.811454 -0.52502 0.256702
vn 0.724376 -0.548085 0.418188
vn 0.770403 -0.432198 0.468705
vn 0.815968 -0.454412 -0.357359
vn 0.724941 -0.41 -0.553498
vn 0.794952 -0.196428 -0.573993
vn 0.902188 -0.191641 -0.386433
vn 0.889767 -0.452349 -0.060792
vn 0.985606 -0.16653 -0.02911
vn 0.878439 -0.360674 0.313463
vn 0.913654 -0.10933 0.391513
vn 0.80725 -0.280498 0.519296
vn 0.820231 -0.073201 0.56733
vn 0.931918 0.055123 -0.358456
vn 0.830519 0.07601 -0.551779
vn 0.795818 0.283157 -0.535253
vn 0.892362 0.290639 -0.345281
vn 0.999123 0.041605 -0.004718
vn 0.961202 0.275648 0.010437
vn 0.915959 0.024364 0.400532
vn 0.901643 0.22225 0.371006
vn 0.8257 0.012738 0.563966
vn 0.826361 0.176365 0.534811
vn 0.731333 0.452949 -0.509892
vn 0.84601 0.436926 -0.305552
vn 0.912975 0.407229 0.025318
vn 0.870911 0.350568 0.344407
vn 0.808009 0.305743 0.50363
vn -0.654627 -0.577211 -0.48815
vn -0.732284 -0.597179 -0.32732
vn -0.728947 -0.598651 -0.332043
vn -0.645382 -0.575215 -0.502603
vn -0.775905 -0.626611 -0.073012
vn -0.798 -0.59771 -0.077067
vn -0.759252 -0.597849 0.257126
vn -0.811449 -0.525033 0.256691
vn -0.724376 -0.548086 0.418188
vn -0.770403 -0.432198 0.468705
vn -0.724941 -0.41 -0.553498
vn -0.815965 -0.454419 -0.357356
vn -0.794952 -0.196427 -0.573993
vn -0.902188 -0.191641 -0.386433
vn -0.889762 -0.452359 -0.060792
vn -0.985607 -0.16653 -0.02911
vn -0.878437 -0.36068 0.313461
vn -0.913655 -0.10933 0.391513
vn -0.80725 -0.280498 0.519296
vn -0.820231 -0.073201 0.56733
vn -0.830519 0.07601 -0.551779
vn -0.931918 0.055123 -0.358456
vn -0.795818 0.283158 -0.535253
vn -0.892362 0.290639 -0.345281
vn -0.999123 0.041605 -0.004719
vn -0.961202 0.275648 0.010437
vn -0.915959 0.024364 0.400532
vn -0.901643 0.222251 0.371006
vn -0.8257 0.012738 0.563966
vn -0.826361 0.176365 0.534811
vn -0.731332 0.452949 -0.509892
vn -0.84601 0.436926 -0.305552
vn -0.912975 0.407229 0.025318
vn -0.870911 0.350568 0.344407
vn -0.808009 0.305743 0.50363
vn -0.362668 0.091946 0.927371
vn -0.173594 0.082293 0.981373
vn 0 -0.565403 0.824815
vn 0 -0.476216 0.879328
vn 0.173594 0.082293 0.981373
vn 0.362668 0.091946 0.927371
vn 0 0.168557 0.985692
vn 0 0.292914 0.956139
vn 0.163156 0.099145 0.981606
vn -0.163156 0.099145 0.981606
vn 0 -0.914357 0.404909
vn -0.317457 -0.859274 0.401085
vn 0.317457 -0.859274 0.401085
vn 0.128403 0.017408 0.991569
vn -0.128403 0.017408 0.991569
vn -0.564624 0.110495 0.817919
vn -0.910379 -0.108104 0.399403
vn -0.814179 -0.071109 0.576243
vn -0.985898 -0.166298 -0.018723
vn -0.905731 -0.192229 -0.377755
vn -0.805381 -0.197154 -0.55901
vn -0.482776 -0.195607 -0.853619
vn -0.334839 -0.199638 -0.920884
vn 0 -0.202252 -0.979333
vn 0.334839 -0.199638 -0.920884
vn 0.482776 -0.195607 -0.853619
vn 0.905731 -0.192229 -0.377756
vn 0.805381 -0.197154 -0.55901
vn 0.985898 -0.166298 -0.018723
vn 0.910379 -0.108104 0.399403
vn 0.814179 -0.071109 0.576243
vn 0.564624 0.110495 0.817919
vn 0.054935 -0.339249 0.939091
vn -0.054935 -0.339249 0.939091
vn 0 -0.342498 0.939519
vt 0.597364 0.109709
vt 0.615277 0.096462
vt 0.621552 0.110274
vt 0.59783 0.120269
vt 0.669573 0.131856
vt 0.661714 0.130508
vt 0.663631 0.128381
vt 0.665548 0.126253
vt 0.68971 0.125089
vt 0.69184 0.127003
vt 0.684197 0.129511
vt 0.687581 0.123175
vt 0.739722 0.093918
vt 0.756534 0.109052
vt 0.732695 0.106735
vt 0.755482 0.119413
vt 0.598529 0.13611
vt 0.630966 0.130992
vt 0.596861 0.144328
vt 0.631194 0.139721
vt 0.669287 0.135979
vt 0.684461 0.133779
vt 0.721271 0.127112
vt 0.753905 0.134956
vt 0.755249 0.14357
vt 0.721185 0.136504
vt 0.592971 0.163503
vt 0.631728 0.160089
vt 0.600481 0.195241
vt 0.636887 0.19544
vt 0.667664 0.159339
vt 0.670161 0.199447
vt 0.685954 0.157963
vt 0.720984 0.158418
vt 0.716485 0.196151
vt 0.68402 0.200467
vt 0.758385 0.163671
vt 0.750948 0.196695
vt 0.603486 0.22347
vt 0.632778 0.232436
vt 0.662611 0.243563
vt 0.720009 0.234516
vt 0.690212 0.24559
vt 0.74813 0.22545
vt 0.607804 0.267816
vt 0.581346 0.24167
vt 0.636439 0.28831
vt 0.715889 0.292606
vt 0.743448 0.270584
vt 0.768479 0.244047
vt 0.577255 0.293394
vt 0.54991 0.2601
vt 0.609627 0.3206
vt 0.745939 0.323252
vt 0.774273 0.294645
vt 0.798939 0.262201
vt 0.393606 0.097083
vt 0.420992 0.06402
vt 0.424575 0.115962
vt 0.448641 0.091619
vt 0.452562 0.035949
vt 0.480601 0.068615
vt 0.907637 0.039885
vt 0.937215 0.070063
vt 0.907735 0.095708
vt 0.877422 0.070562
vt 0.962271 0.104926
vt 0.930074 0.12164
vt 0.445856 0.127807
vt 0.468461 0.117925
vt 0.501921 0.103793
vt 0.886164 0.120594
vt 0.853741 0.104201
vt 0.908037 0.132002
vt 0.476811 0.148256
vt 0.444273 0.150597
vt 0.51334 0.142849
vt 0.839682 0.142389
vt 0.875759 0.150285
vt 0.908053 0.154844
vt 0.478555 0.183598
vt 0.442989 0.181739
vt 0.515911 0.185656
vt 0.834191 0.18492
vt 0.871602 0.185424
vt 0.907203 0.186005
vt 0.442292 0.202394
vt 0.47496 0.205642
vt 0.441993 0.211246
vt 0.473419 0.215089
vt 0.510306 0.214056
vt 0.507903 0.226227
vt 0.837837 0.213636
vt 0.873679 0.20766
vt 0.874569 0.21719
vt 0.8394 0.225943
vt 0.906485 0.206658
vt 0.906177 0.215509
vt 0.441785 0.22355
vt 0.467159 0.230989
vt 0.441647 0.231753
vt 0.462986 0.241589
vt 0.498582 0.246996
vt 0.492368 0.260842
vt 0.847276 0.247302
vt 0.879724 0.233479
vt 0.883161 0.244339
vt 0.852527 0.261541
vt 0.905541 0.227796
vt 0.905117 0.235988
vt 0.441089 0.267688
vt 0.420194 0.240152
vt 0.466799 0.292644
vt 0.875857 0.295016
vt 0.903214 0.271877
vt 0.925939 0.245835
vt 0.389235 0.259752
vt 0.413853 0.291943
vt 0.439534 0.318819
vt 0.901264 0.322997
vt 0.928723 0.297943
vt 0.955484 0.267518
vt 0.538324 0.095506
vt 0.55834 0.058526
vt 0.58982 0.07651
vt 0.572889 0.105102
vt 0.580435 0.027676
vt 0.610878 0.047861
vt 0.781598 0.029467
vt 0.800593 0.061064
vt 0.749366 0.04627
vt 0.767224 0.076755
vt 0.817836 0.098393
vt 0.781367 0.106215
vt 0.635541 0.07122
vt 0.722254 0.066751
vt 0.929938 0.235436
vt 0.962467 0.252614
vt 0.821319 0.11482
vt 0.78589 0.119239
vt 0.935936 0.219836
vt 0.937446 0.21104
vt 0.97294 0.23026
vt 0.97463 0.219865
vt 0.792674 0.138774
vt 0.826543 0.139461
vt 0.792942 0.14793
vt 0.826365 0.150184
vt 0.940969 0.190516
vt 0.938793 0.155558
vt 0.978572 0.19561
vt 0.977024 0.156244
vt 0.793568 0.169293
vt 0.82595 0.175206
vt 0.78796 0.202964
vt 0.817865 0.214
vt 0.416916 0.229501
vt 0.383288 0.244405
vt 0.533574 0.111765
vt 0.567545 0.118021
vt 0.411998 0.213526
vt 0.411094 0.204646
vt 0.374369 0.221385
vt 0.373395 0.210899
vt 0.526448 0.136154
vt 0.559529 0.1374
vt 0.558758 0.146496
vt 0.525854 0.14671
vt 0.408984 0.183928
vt 0.413551 0.149201
vt 0.371123 0.186432
vt 0.375368 0.147269
vt 0.524468 0.17134
vt 0.55696 0.16772
vt 0.561357 0.201013
vt 0.530151 0.210032
vt 0.631423 0.14845
vt 0.662141 0.147268
vt 0.709738 0.086786
vt 0.691366 0.144576
vt 0.721099 0.145896
vt 0.645934 0.090992
vt 0.685251 0.146582
vt 0.668428 0.148346
vt 0.684788 0.138167
vt 0.695424 0.134536
vt 0.668801 0.140253
vt 0.657998 0.138214
vt 0.661523 0.12065
vt 0.657689 0.124905
vt 0.690965 0.116839
vt 0.695224 0.120667
vt 0.699483 0.124495
vt 0.653855 0.12916
vt 0.595194 0.152545
vt 0.557988 0.155592
vt 0.52526 0.157265
vt 0.41019 0.195767
vt 0.372421 0.200413
vt 0.44259 0.193542
vt 0.476501 0.196194
vt 0.512708 0.201884
vt 0.872789 0.19813
vt 0.836275 0.201329
vt 0.906793 0.197807
vt 0.938956 0.202244
vt 0.976319 0.20947
vt 0.79321 0.157085
vt 0.826187 0.160908
vt 0.756593 0.152185
usemtl standardSurface10SG
f 25/45/18 26/46/19 27/47/20
f 25/45/18 27/47/20 28/48/21
f 29/49/22 30/50/23 31/51/24
f 29/49/22 31/51/24 32/52/25
f 33/53/26 34/54/27 29/55/22
f 33/53/26 29/55/22 32/56/25
f 35/57/28 36/58/29 37/59/30
f 36/58/29 38/60/31 37/59/30
f 39/61/32 40/62/33 41/63/34
f 40/62/33 42/64/35 41/63/34
f 43/65/36 30/50/23 29/49/22
f 29/55/22 34/54/27 43/66/36
f 44/67/37 45/68/38 46/69/39
f 44/67/37 46/69/39 47/70/40
f 48/71/41 49/72/42 50/73/43
f 49/72/42 51/74/44 50/73/43
f 49/72/42 52/75/45 51/74/44
f 52/75/45 53/76/46 51/74/44
f 52/77/45 54/78/47 55/79/48
f 52/77/45 55/79/48 53/80/46
f 54/78/47 56/81/49 57/82/50
f 54/78/47 57/82/50 55/79/48
f 50/73/43 51/74/44 58/83/51
f 51/74/44 59/84/52 58/83/51
f 51/74/44 53/76/46 59/84/52
f 53/76/46 60/85/53 59/84/52
f 53/80/46 55/79/48 61/86/54
f 53/80/46 61/86/54 60/87/53
f 55/79/48 57/82/50 62/88/55
f 55/79/48 62/88/55 61/86/54
f 58/83/56 59/84/57 63/89/58
f 58/83/56 63/89/58 64/90/59
f 59/84/57 60/85/60 65/91/61
f 59/84/57 65/91/61 63/89/58
f 60/87/60 61/86/62 65/92/61
f 61/86/62 66/93/63 65/92/61
f 61/86/62 62/88/64 66/93/63
f 62/88/64 67/94/65 66/93/63
f 64/90/59 63/89/58 68/95/66
f 64/90/59 68/95/66 69/96/67
f 63/89/58 65/91/61 70/97/68
f 63/89/58 70/97/68 68/95/66
f 65/92/61 66/93/63 70/98/68
f 66/93/63 71/99/69 70/98/68
f 66/93/63 67/94/65 71/99/69
f 67/94/65 72/100/70 71/99/69
f 69/101/67 68/102/66 73/103/71
f 68/102/66 74/104/72 73/103/71
f 68/102/66 70/105/68 74/104/72
f 70/105/68 75/106/73 74/104/72
f 70/107/68 71/108/69 76/109/74
f 70/107/68 76/109/74 75/110/73
f 71/108/69 72/111/70 77/112/75
f 71/108/69 77/112/75 76/109/74
f 73/103/71 74/104/72 78/113/76
f 74/104/72 79/114/77 78/113/76
f 74/104/72 75/106/73 79/114/77
f 75/106/73 80/115/78 79/114/77
f 75/110/73 76/109/74 81/116/79
f 75/110/73 81/116/79 80/117/78
f 76/109/74 77/112/75 82/118/80
f 76/109/74 82/118/80 81/116/79
f 78/113/81 79/114/82 83/119/83
f 78/113/81 83/119/83 84/120/84
f 79/114/82 80/115/85 85/121/86
f 79/114/82 85/121/86 83/119/83
f 80/117/85 81/116/87 85/122/86
f 81/116/87 86/123/88 85/122/86
f 81/116/87 82/118/89 86/123/88
f 82/118/89 87/124/90 86/123/88
f 84/120/84 83/119/83 88/125/91
f 84/120/84 88/125/91 89/126/92
f 83/119/83 85/121/86 90/127/93
f 83/119/83 90/127/93 88/125/91
f 85/122/86 86/123/88 90/128/93
f 86/123/88 91/129/94 90/128/93
f 86/123/88 87/124/90 91/129/94
f 87/124/90 92/130/95 91/129/94
f 93/131/96 94/132/97 95/133/98
f 94/132/97 96/134/99 95/133/98
f 94/132/97 97/135/100 96/134/99
f 97/135/100 98/136/101 96/134/99
f 97/137/100 99/138/102 100/139/103
f 97/137/100 100/139/103 98/140/101
f 99/138/102 101/141/104 102/142/105
f 99/138/102 102/142/105 100/139/103
f 103/143/106 104/144/107 105/145/108
f 104/144/107 106/146/109 105/145/108
f 104/144/107 107/147/110 106/146/109
f 107/147/110 108/148/111 106/146/109
f 107/149/110 109/150/112 110/151/113
f 107/149/110 110/151/113 108/152/111
f 109/150/112 111/153/114 112/154/115
f 109/150/112 112/154/115 110/151/113
f 105/145/116 106/146/117 113/155/118
f 105/145/116 113/155/118 114/156/119
f 106/146/117 108/148/120 115/157/121
f 106/146/117 115/157/121 113/155/118
f 108/152/120 110/151/122 115/158/121
f 110/151/122 116/159/123 115/158/121
f 110/151/122 112/154/124 116/159/123
f 112/154/124 117/160/125 116/159/123
f 114/156/119 113/155/118 118/161/126
f 113/155/118 119/162/127 118/161/126
f 113/155/118 115/157/121 120/163/128
f 113/155/118 120/163/128 119/162/127
f 115/158/121 116/159/123 120/164/128
f 116/159/123 121/165/129 120/164/128
f 116/159/123 117/160/125 122/166/130
f 116/159/123 122/166/130 121/165/129
f 118/167/126 119/168/127 123/169/131
f 118/167/126 123/169/131 124/170/132
f 119/168/127 120/171/128 125/172/133
f 119/168/127 125/172/133 123/169/131
f 120/173/128 121/174/129 125/175/133
f 121/174/129 126/176/134 125/175/133
f 121/174/129 122/177/130 126/176/134
f 122/177/130 127/178/135 126/176/134
f 124/170/132 123/169/131 25/45/136
f 123/169/131 26/46/137 25/45/136
f 123/169/131 125/172/133 26/46/137
f 125/172/133 128/179/138 26/46/137
f 125/175/133 126/176/134 35/57/139
f 125/175/133 35/57/139 128/180/138
f 126/176/134 127/178/135 36/58/140
f 126/176/134 36/58/140 35/57/139
f 117/160/141 112/154/142 129/181/143
f 112/154/142 111/153/144 129/181/143
f 122/166/145 117/160/141 130/182/146
f 117/160/141 129/181/143 130/182/146
f 127/178/147 122/177/145 130/183/146
f 127/178/147 130/183/146 131/184/148
f 36/58/149 127/178/147 131/184/148
f 36/58/149 131/184/148 38/60/150
f 132/185/151 102/142/152 101/141/153
f 132/185/151 101/141/153 133/186/154
f 134/187/155 132/185/151 135/188/156
f 132/185/151 133/186/154 135/188/156
f 136/189/157 134/190/155 137/191/158
f 134/190/155 135/192/156 137/191/158
f 45/68/159 136/189/157 46/69/160
f 136/189/157 137/191/158 46/69/160
f 138/193/161 92/130/162 87/124/163
f 138/193/161 87/124/163 139/194/164
f 140/195/165 138/193/161 141/196/166
f 138/193/161 139/194/164 141/196/166
f 142/197/167 140/198/165 143/199/168
f 140/198/165 141/200/166 143/199/168
f 56/81/169 142/197/167 57/82/170
f 142/197/167 143/199/168 57/82/170
f 139/194/164 87/124/163 82/118/171
f 139/194/164 82/118/171 77/112/172
f 141/196/166 139/194/164 77/112/172
f 141/196/166 77/112/172 72/111/173
f 143/199/168 141/200/166 72/100/173
f 143/199/168 72/100/173 67/94/174
f 57/82/170 143/199/168 62/88/175
f 143/199/168 67/94/174 62/88/175
f 105/145/176 114/156/177 144/201/178
f 105/145/176 144/201/178 103/143/179
f 114/156/177 118/161/180 145/202/181
f 114/156/177 145/202/181 144/201/178
f 118/167/180 124/170/182 145/203/181
f 124/170/182 146/204/183 145/203/181
f 124/170/182 25/45/184 146/204/183
f 25/45/184 28/48/185 146/204/183
f 95/133/186 147/205/187 93/131/188
f 147/205/187 148/206/189 93/131/188
f 147/205/187 149/207/190 150/208/191
f 147/205/187 150/208/191 148/206/189
f 149/209/190 151/210/192 152/211/193
f 149/209/190 152/211/193 150/212/191
f 151/210/192 39/61/194 41/63/195
f 151/210/192 41/63/195 152/211/193
f 89/126/196 153/213/197 84/120/198
f 153/213/197 154/214/199 84/120/198
f 153/213/197 155/215/200 156/216/201
f 153/213/197 156/216/201 154/214/199
f 155/217/200 157/218/202 158/219/203
f 155/217/200 158/219/203 156/220/201
f 157/218/202 48/71/204 50/73/205
f 157/218/202 50/73/205 158/219/203
f 84/120/198 154/214/199 78/113/206
f 154/214/199 73/103/207 78/113/206
f 154/214/199 156/216/201 73/103/207
f 156/216/201 69/101/208 73/103/207
f 156/220/201 158/219/203 69/96/208
f 158/219/203 64/90/209 69/96/208
f 158/219/203 50/73/205 58/83/210
f 158/219/203 58/83/210 64/90/209
f 159/221/211 160/222/212 49/72/42
f 160/222/212 52/75/45 49/72/42
f 128/180/213 35/57/28 161/223/214
f 35/57/28 37/59/30 161/223/214
f 162/224/215 163/225/216 54/78/47
f 162/224/215 54/78/47 52/77/45
f 26/46/19 128/179/213 161/226/214
f 26/46/19 161/226/214 27/47/20
f 164/227/217 162/224/215 52/77/45
f 52/75/45 160/222/212 164/228/217
f 165/229/218 166/230/219 162/224/215
f 165/229/218 162/224/215 164/227/217
f 164/228/217 160/222/212 165/231/218
f 160/222/212 167/232/220 165/231/218
f 32/52/25 31/51/24 168/233/221
f 31/51/24 169/234/222 168/233/221
f 168/235/221 170/236/223 33/53/26
f 168/235/221 33/53/26 32/56/25
f 34/54/27 33/53/26 171/237/224
f 33/53/26 170/236/223 171/237/224
f 43/66/36 34/54/27 165/229/218
f 165/231/218 30/50/23 43/65/36
f 172/238/225 169/234/222 31/51/24
f 172/238/225 31/51/24 30/50/23
f 166/230/219 165/229/218 171/237/224
f 165/229/218 34/54/27 171/237/224
f 30/50/23 165/231/218 172/238/225
f 165/231/218 167/232/220 172/238/225
f 173/239/226 159/221/211 48/71/41
f 159/221/211 49/72/42 48/71/41
f 174/240/227 173/239/228 48/71/204
f 174/240/227 48/71/204 157/218/202
f 175/241/229 174/240/227 157/218/202
f 175/241/229 157/218/202 155/217/200
f 176/242/230 175/243/229 155/215/200
f 176/242/230 155/215/200 153/213/197
f 177/244/231 176/242/230 89/126/196
f 176/242/230 153/213/197 89/126/196
f 89/126/92 88/125/91 177/244/232
f 88/125/91 178/245/233 177/244/232
f 88/125/91 90/127/93 178/245/233
f 90/127/93 179/246/234 178/245/233
f 90/128/93 91/129/94 180/247/235
f 90/128/93 180/247/235 179/248/234
f 91/129/94 92/130/95 181/249/236
f 91/129/94 181/249/236 180/247/235
f 182/250/237 181/249/238 92/130/162
f 182/250/237 92/130/162 138/193/161
f 183/251/239 182/250/237 140/195/165
f 182/250/237 138/193/161 140/195/165
f 184/252/240 183/253/239 142/197/167
f 183/253/239 140/198/165 142/197/167
f 185/254/241 184/252/240 56/81/169
f 184/252/240 142/197/167 56/81/169
f 163/225/216 185/254/242 56/81/49
f 163/225/216 56/81/49 54/78/47
f 41/63/34 42/64/35 173/239/226
f 42/64/35 159/221/211 173/239/226
f 152/211/193 41/63/195 173/239/228
f 152/211/193 173/239/228 174/240/227
f 150/212/191 152/211/193 174/240/227
f 150/212/191 174/240/227 175/241/229
f 148/206/189 150/208/191 175/243/229
f 148/206/189 175/243/229 176/242/230
f 93/131/188 148/206/189 177/244/231
f 148/206/189 176/242/230 177/244/231
f 177/244/232 178/245/233 93/131/96
f 178/245/233 94/132/97 93/131/96
f 178/245/233 179/246/234 94/132/97
f 179/246/234 97/135/100 94/132/97
f 179/248/234 180/247/235 99/138/102
f 179/248/234 99/138/102 97/137/100
f 180/247/235 181/249/236 101/141/104
f 180/247/235 101/141/104 99/138/102
f 133/186/154 101/141/153 181/249/238
f 133/186/154 181/249/238 182/250/237
f 135/188/156 133/186/154 183/251/239
f 133/186/154 182/250/237 183/251/239
f 137/191/158 135/192/156 184/252/240
f 135/192/156 183/253/239 184/252/240
f 46/69/160 137/191/158 185/254/241
f 137/191/158 184/252/240 185/254/241
f 47/70/40 46/69/39 185/254/242
f 47/70/40 185/254/242 163/225/216
f 172/238/225 167/232/220 42/64/35
f 172/238/225 42/64/35 40/62/33
f 42/64/35 167/232/220 160/222/212
f 42/64/35 160/222/212 159/221/211
f 166/230/219 47/70/40 162/224/215
f 47/70/40 163/225/216 162/224/215
f 171/237/224 44/67/37 47/70/40
f 171/237/224 47/70/40 166/230/219
f 28/48/21 27/47/20 40/62/33
f 28/48/21 40/62/33 39/61/32
f 146/204/183 28/48/185 151/210/192
f 28/48/185 39/61/194 151/210/192
f 145/203/181 146/204/183 149/209/190
f 146/204/183 151/210/192 149/209/190
f 144/201/178 145/202/181 149/207/190
f 144/201/178 149/207/190 147/205/187
f 103/143/179 144/201/178 147/205/187
f 103/143/179 147/205/187 95/133/186
f 95/133/98 96/134/99 103/143/106
f 96/134/99 104/144/107 103/143/106
f 96/134/99 98/136/101 104/144/107
f 98/136/101 107/147/110 104/144/107
f 98/140/101 100/139/103 109/150/112
f 98/140/101 109/150/112 107/149/110
f 100/139/103 102/142/105 111/153/114
f 100/139/103 111/153/114 109/150/112
f 129/181/143 111/153/144 132/185/151
f 111/153/144 102/142/152 132/185/151
f 130/182/146 129/181/143 134/187/155
f 129/181/143 132/185/151 134/187/155
f 131/184/148 130/183/146 134/190/155
f 131/184/148 134/190/155 136/189/157
f 38/60/150 131/184/148 136/189/157
f 38/60/150 136/189/157 45/68/159
f 37/59/30 38/60/31 44/67/37
f 38/60/31 45/68/38 44/67/37
f 170/236/243 44/67/37 171/237/224
f 40/62/33 27/47/20 161/226/214
f 169/234/244 40/62/33 161/226/214
f 168/233/245 169/234/244 161/226/214
f 40/62/33 169/234/244 172/238/225
f 168/235/245 161/223/214 37/59/30
f 170/236/243 168/235/245 37/59/30
f 44/67/37 170/236/243 37/59/30
s off
g Head_uv_standardSurface10SG_1
v -2.08027 7.66709 1.96407
v -1.09689 7.98846 2.6021
v -2.02938 8.69712 2.08663
v -1.06181 9.08459 2.73544
v 0 8.76642 2.82621
v 0 9.46862 2.89687
v 1.09689 7.98846 2.6021
v 1.06181 9.08459 2.73544
v 2.08027 7.66709 1.96407
v 2.02938 8.69712 2.08663
v -1.72988 9.56268 1.90435
v -0.997925 9.87807 2.34742
v 0 10.0294 2.53496
v 0.997925 9.87807 2.34742
v 1.72988 9.56268 1.90435
v -1.07691 10.6132 1.24515
v -2.10054 9.90167 1.17617
v 0 10.8021 1.27855
v 1.07691 10.6132 1.24515
v 2.10054 9.90167 1.17617
v -1.23828 10.8803 0.050812
v -2.31007 10.2196 0.050374
v 0 11.1149 0.064124
v 1.23828 10.8803 0.050812
v 2.31007 10.2196 0.050374
v -2.08446 9.96914 -1.0275
v -1.19914 10.6163 -1.14379
v 0 10.8479 -1.20193
v 1.19914 10.6163 -1.14379
v 2.08446 9.96914 -1.0275
v -1.77668 9.7105 -1.68396
v -1.09592 9.99419 -1.98436
v 0 10.1838 -2.18197
v 1.09592 9.99419 -1.98436
v 1.77668 9.7105 -1.68396
v -1.14343 9.12784 -2.53096
v -2.03729 9.03385 -1.92324
v 0 9.16 -2.70001
v 1.14343 9.12784 -2.53096
v 2.03729 9.03385 -1.92324
v -1.14116 7.98083 -2.66756
v -2.14694 7.97045 -1.978
v 0 7.99193 -2.89951
v 1.14116 7.98083 -2.66756
v 2.14694 7.97045 -1.978
v -2.03665 7.16097 -1.84069
v -1.11337 7.10302 -2.48503
v -1.98426 6.86307 -1.80676
v -1.10152 6.7546 -2.38353
v 0 7.08273 -2.6889
v 0 6.69523 -2.5543
v 1.11337 7.10302 -2.48503
v 1.10152 6.7546 -2.38353
v 2.03665 7.16097 -1.84069
v 1.98426 6.86307 -1.80676
v 2.47109 7.17445 -1.20044
v 2.77781 7.95086 -0.68131
v 2.59468 8.91705 -0.859176
v 2.91626 7.99265 0.093818
v 2.77512 8.84574 0.024908
v 2.60583 7.79099 1.13733
v 2.57532 8.741 1.06849
v -2.47109 7.17445 -1.20044
v -2.77781 7.95086 -0.68131
v -2.59468 8.91705 -0.859176
v -2.91626 7.99265 0.093818
v -2.77512 8.84574 0.024908
v -2.60583 7.79099 1.13733
v -2.57532 8.741 1.06849
v -2.12195 7.51239 -1.91588
v -2.63934 7.46398 -1.05709
v -1.12849 7.50567 -2.58741
v 0 7.47202 -2.81903
v 1.12849 7.50567 -2.58741
v 2.12195 7.51239 -1.91588
v 2.63934 7.46398 -1.05709
v -1.60053 6.64385 -1.79364
v -1.06207 6.48913 -2.12379
v 0 6.31533 -2.31157
v 1.06207 6.48913 -2.12379
v 1.60053 6.64385 -1.79364
v 2.72446 7.00982 0.414472
v 2.43176 6.75887 1.23068
v 2.55254 6.41197 0.579903
v 2.14403 6.09015 1.29555
v -2.80955 7.3968 0.307407
v -2.5118 7.20367 1.18725
v -2.72446 7.00982 0.414472
v -2.43176 6.75887 1.23068
v 2.80955 7.3968 0.307407
v 2.5118 7.20367 1.18725
v -2.55254 6.41197 0.579903
v -2.14403 6.09015 1.29555
v -1.93785 7.67316 1.82521
v -1.8828 8.66362 1.95328
v -1.03235 8.00812 2.41637
v -0.979021 9.04871 2.55076
v 0 9.41755 2.69566
v 0 8.78844 2.63334
v 1.03235 8.00812 2.41637
v 0.979021 9.04871 2.55076
v 1.8828 8.66362 1.95328
v 1.93785 7.67316 1.82521
v -1.89607 7.28949 -1.71897
v -1.84946 6.95966 -1.6933
v -1.59842 7.03573 -2.0089
v -1.02648 6.85489 -2.22455
v 1.59842 7.03573 -2.0089
v 1.02648 6.85489 -2.22455
v 1.84946 6.95966 -1.6933
v 1.89607 7.28949 -1.71897
v 2.30903 7.22729 -1.1097
v 2.59655 7.93695 -0.610158
v 2.4159 8.86803 -0.795218
v 2.23775 8.71323 -1.25197
v 1.99617 7.96996 -1.84623
v 2.71605 7.99865 0.089546
v 2.582 8.79747 0.020543
v 2.42315 7.78872 1.06902
v 2.39766 8.70164 0.994024
v -2.30903 7.22729 -1.1097
v -1.99617 7.96996 -1.84623
v -2.23775 8.71323 -1.25197
v -2.59655 7.93695 -0.610158
v -2.4159 8.86803 -0.795218
v -2.71605 7.99865 0.089546
v -2.582 8.79747 0.020543
v -2.42315 7.78872 1.06902
v -2.39766 8.70164 0.994024
v -1.9764 7.55211 -1.78546
v -2.4721 7.49936 -0.967953
v 2.4721 7.49936 -0.967953
v 1.9764 7.55211 -1.78546
v -1.50924 6.78446 -1.69827
v -0.994613 6.62356 -1.99813
v 0 6.70682 -2.37982
v 0 6.43706 -2.15702
v 0.994613 6.62356 -1.99813
v 1.50924 6.78446 -1.69827
v 2.54458 7.04932 0.355494
v 2.37716 6.4646 0.5193
v 2.25188 6.79837 1.1717
v 1.96865 6.14278 1.23495
v -2.32844 7.22618 1.13168
v -2.62619 7.41931 0.251844
v -2.25188 6.79837 1.1717
v -2.54458 7.04932 0.355494
v 2.62619 7.41931 0.251844
v 2.32844 7.22618 1.13168
v -1.96865 6.14278 1.23495
v -2.37716 6.4646 0.5193
vn -0.528314 -0.080367 0.845237
vn -0.423079 -0.090175 0.901594
vn -0.565159 0.05557 0.823108
vn -0.393311 0.135224 0.909407
vn -0 -0.11044 0.993883
vn -0 0.230792 0.973003
vn 0.423079 -0.090175 0.901594
vn 0.393311 0.135224 0.909407
vn 0.528314 -0.080367 0.845237
vn 0.565159 0.055571 0.823108
vn -0.605819 0.374068 0.702179
vn -0.437476 0.435147 0.786931
vn 0 0.494359 0.869258
vn 0.437476 0.435147 0.786932
vn 0.605819 0.374068 0.70218
vn -0.539086 0.661908 0.520831
vn -0.325835 0.777505 0.537883
vn -0.350676 0.85012 0.392839
vn -0.539257 0.750853 0.381342
vn -0 0.839579 0.543238
vn -0 0.917933 0.396736
vn 0.325835 0.777505 0.537883
vn 0.350676 0.85012 0.392839
vn 0.539086 0.661908 0.520831
vn 0.539257 0.750853 0.381342
vn -0.376606 0.926148 0.020458
vn -0.559631 0.827869 0.038022
vn -0 0.999955 0.009493
vn 0.376606 0.926148 0.020458
vn 0.559631 0.827869 0.038022
vn -0.54973 0.76223 -0.341763
vn -0.355126 0.857241 -0.372858
vn 0 0.922044 -0.387084
vn 0.355126 0.857241 -0.372858
vn 0.54973 0.76223 -0.341764
vn -0.532589 0.657451 -0.533017
vn -0.3239 0.757527 -0.566782
vn 0 0.810976 -0.585079
vn 0.3239 0.757527 -0.566782
vn 0.532589 0.65745 -0.533018
vn -0.523114 0.467424 -0.712648
vn -0.313637 0.486544 -0.815418
vn -0.352924 0.284237 -0.891434
vn -0.560167 0.227554 -0.796513
vn 0 0.494409 -0.869229
vn 0 0.313838 -0.949477
vn 0.313637 0.486544 -0.815418
vn 0.352924 0.284238 -0.891433
vn 0.523114 0.467425 -0.712647
vn 0.560167 0.227555 -0.796513
vn -0.37317 0.039054 -0.92694
vn -0.565917 0.019198 -0.824239
vn -0 0.053121 -0.998588
vn 0.37317 0.039054 -0.92694
vn 0.565917 0.019198 -0.824238
vn -0.555618 -0.245044 -0.794507
vn -0.365203 -0.274815 -0.88944
vn -0.554564 -0.346042 -0.756779
vn -0.334534 -0.457476 -0.823895
vn 0 -0.295824 -0.955242
vn -0 -0.473206 -0.880952
vn 0.365203 -0.274815 -0.88944
vn 0.334534 -0.457476 -0.823895
vn 0.555619 -0.245044 -0.794507
vn 0.554564 -0.346041 -0.756779
vn 0.811258 -0.261688 -0.522858
vn 0.811905 -0.205048 -0.546595
vn 0.811687 -0.248395 -0.528644
vn 0.928979 0.105703 -0.354719
vn 0.889517 0.073602 -0.450934
vn 0.911424 0.240736 -0.333696
vn 0.867522 0.219813 -0.446192
vn 0.988692 0.128936 0.076569
vn 0.963502 0.265298 0.035799
vn 0.912851 0.058914 0.40402
vn 0.909128 0.213691 0.357522
vn 0.863663 0.021841 0.503596
vn 0.844172 0.179915 0.50498
vn 0.813172 0.380654 -0.440289
vn 0.875964 0.366783 -0.313302
vn 0.937162 0.348106 0.023439
vn 0.881379 0.329658 0.338373
vn 0.805743 0.326101 0.494406
vn -0.811905 -0.205049 -0.546594
vn -0.811258 -0.261688 -0.522858
vn -0.811687 -0.248396 -0.528644
vn -0.889517 0.073602 -0.450934
vn -0.928979 0.105703 -0.354719
vn -0.911424 0.240736 -0.333696
vn -0.867522 0.219813 -0.446192
vn -0.988692 0.128936 0.076569
vn -0.963502 0.265298 0.0358
vn -0.912851 0.058914 0.40402
vn -0.909128 0.213691 0.357522
vn -0.863663 0.02184 0.503595
vn -0.844172 0.179915 0.50498
vn -0.813172 0.380654 -0.440289
vn -0.875964 0.366783 -0.313302
vn -0.937162 0.348106 0.023439
vn -0.881379 0.329658 0.338373
vn -0.805743 0.326101 0.494405
vn -0.868201 -0.079278 -0.489838
vn -0.874485 -0.047704 -0.482702
vn -0.555634 -0.196453 -0.807885
vn -0.379346 -0.2077 -0.901641
vn -0 -0.216678 -0.976243
vn 0.379346 -0.2077 -0.901641
vn 0.555634 -0.196453 -0.807884
vn 0.874485 -0.047704 -0.482702
vn 0.868201 -0.079278 -0.489838
vn -0.468726 -0.707214 -0.529287
vn -0.302039 -0.657788 -0.689991
vn 0 -0.621791 -0.783183
vn 0.302039 -0.657788 -0.689991
vn 0.468726 -0.707214 -0.529287
vn 0.934451 -0.187784 0.302553
vn 0.921761 -0.23404 0.309163
vn 0.909296 -0.272866 0.314205
vn -0.954435 -0.099255 0.281427
vn -0.952648 -0.107512 0.284435
vn -0.950571 -0.11668 0.287751
vn -0.934451 -0.187783 0.302553
vn -0.921761 -0.23404 0.309164
vn 0.954435 -0.099256 0.281427
vn 0.952648 -0.107513 0.284435
vn 0.950571 -0.116681 0.287751
vn -0.909296 -0.272866 0.314206
vn 0.524372 0.081548 -0.847575
vn 0.427224 0.091149 -0.89954
vn 0.290995 0.102111 -0.95126
vn -0 0.11341 -0.993548
vn -0.427224 0.091149 -0.89954
vn -0.290995 0.102111 -0.95126
vn -0.524372 0.081548 -0.847575
vn 0.608418 0.511082 0.607143
vn 0.562975 0.586531 0.582271
vn 0.327674 0.679602 0.656331
vn -0.608418 0.511081 0.607144
vn -0.327674 0.679603 0.656331
vn -0.562975 0.586531 0.582271
vn -0.798838 0.2761 0.534441
vn -0.802555 0.248103 0.54254
vn -0.809737 0.15839 0.565013
vn -0.940089 -0.096912 0.326866
vn -0.940579 -0.104555 0.323077
vn -0.90438 -0.069964 0.420954
vn -0.893687 -0.041403 0.446776
vn -0.988389 -0.129576 -0.079355
vn -0.990317 -0.133398 -0.03842
vn -0.911275 -0.058462 -0.407627
vn -0.92308 -0.068756 -0.378413
vn -0.862802 -0.022423 -0.505045
vn 0.809737 0.15839 0.565013
vn 0.802555 0.248103 0.54254
vn 0.798837 0.2761 0.534441
vn 0.893687 -0.041404 0.446776
vn 0.90438 -0.069964 0.420954
vn 0.940089 -0.096912 0.326866
vn 0.940579 -0.104555 0.323077
vn 0.988389 -0.129576 -0.079355
vn 0.990317 -0.133398 -0.03842
vn 0.911275 -0.058462 -0.407627
vn 0.92308 -0.068756 -0.378413
vn 0.862802 -0.022424 -0.505045
vn 0.86685 0.073828 0.493073
vn 0.873821 0.039235 0.484662
vn -0.873821 0.039236 0.484662
vn -0.86685 0.073828 0.493073
vn 0.466894 0.712598 0.523654
vn 0.316246 0.687029 0.654202
vn -0 0.675457 0.7374
vn -0.316247 0.687029 0.654201
vn -0.466894 0.712598 0.523654
vn -0.934322 0.188301 -0.30263
vn -0.909296 0.272866 -0.314205
vn -0.921624 0.234496 -0.309225
vn 0.954386 0.098751 -0.281773
vn 0.950458 0.116825 -0.288066
vn 0.952533 0.107491 -0.284828
vn 0.954386 0.098751 -0.281772
vn 0.921624 0.234496 -0.309226
vn 0.934322 0.188301 -0.30263
vn -0.954386 0.098751 -0.281772
vn -0.952533 0.107491 -0.284828
vn -0.950458 0.116825 -0.288066
vn 0.909296 0.272866 -0.314206
vn 0.126016 -0.992021 0.003877
vn 0.445597 -0.893696 0.052454
vn 0.124498 -0.992216 0.002916
vn 0.449649 -0.891727 0.051366
vn 0.588995 -0.808055 0.011461
vn -0.588996 -0.808055 0.011461
vn -0.445597 -0.893696 0.052454
vn -0.449649 -0.891727 0.051366
vn -0.126016 -0.992021 0.003876
vn -0.124499 -0.992215 0.002916
vn -0.094163 -0.863686 0.495156
vn 0.031979 -0.997412 0.064399
vn 0.059716 -0.991922 -0.111912
vn 0.094163 -0.863686 0.495156
vn 0.094163 -0.863686 0.495155
vn -0.031979 -0.997412 0.064399
vn -0.059718 -0.991922 -0.111911
vn -0.283469 -0.615504 0.735391
vn -0.286495 -0.644209 0.709165
vn -0.283019 -0.611481 0.738913
vn 0.286496 -0.644209 0.709165
vn 0.283469 -0.615504 0.735391
vn 0.283019 -0.61148 0.738912
vn -0.276711 -0.559761 0.781088
vn 0.276712 -0.559762 0.781087
vn 0.073639 -0.720606 0.689424
vn 0.2127 -0.683714 0.698064
vn 0.067283 -0.721927 0.688691
vn -0.270005 -0.478312 0.835652
vn 0 -0.736276 0.676681
vn 0 -0.736277 0.676681
vn -0.073639 -0.720606 0.689424
vn -0.067283 -0.721927 0.688691
vn 0.270004 -0.478312 0.835653
vn -0.2127 -0.683714 0.698064
vn -0.268563 0.181233 0.946059
vn -0.26406 0.205026 0.942463
vn -0.268882 0.17951 0.946297
vn -0.106671 -0.882629 -0.457808
vn 0.22631 -0.32098 -0.91965
vn 0.230899 -0.316059 -0.920213
vn 0.230554 -0.31643 -0.920172
vn -0.122649 -0.3209 -0.939138
vn -0.167096 -0.316735 -0.933679
vn -0.168326 -0.316611 -0.933501
vn 0.295208 0.141868 0.944842
vn 0.310179 0.142934 0.939872
vn 0.295601 0.141896 0.944714
vn -0.2309 -0.316059 -0.920213
vn -0.230554 -0.31643 -0.920172
vn 0.268563 0.181233 0.946059
vn 0.268882 0.17951 0.946297
vn -0.310179 0.142934 0.939872
vn -0.295208 0.141868 0.944842
vn -0.295602 0.141896 0.944714
vn 0.167098 -0.316735 -0.933679
vn 0.12265 -0.3209 -0.939138
vn 0.168327 -0.316611 -0.933501
vn -0.226311 -0.32098 -0.91965
vn 0.106668 -0.88263 -0.457806
vn 0.26406 0.205027 0.942463
vt 0.159786 0.508271
vt 0.200719 0.508271
vt 0.170799 0.542177
vt 0.212949 0.543278
vt 0.249151 0.522706
vt 0.249219 0.54919
vt 0.297456 0.50811
vt 0.285459 0.543135
vt 0.338302 0.50779
vt 0.32764 0.541779
vt 0.183151 0.572752
vt 0.215073 0.573624
vt 0.249276 0.572928
vt 0.283493 0.573473
vt 0.315435 0.572434
vt 0.206347 0.619161
vt 0.162237 0.595156
vt 0.249376 0.626044
vt 0.292381 0.618978
vt 0.336408 0.594756
vt 0.237951 0.874975
vt 0.238732 0.924648
vt 0.19586 0.923411
vt 0.196796 0.879956
vt 0.237803 0.964722
vt 0.191618 0.966981
vt 0.254842 0.962965
vt 0.253904 0.922892
vt 0.301028 0.965213
vt 0.296776 0.921644
vt 0.254674 0.873219
vt 0.295829 0.878189
vt 0.159734 0.880393
vt 0.153727 0.917352
vt 0.141395 0.959082
vt 0.338907 0.915576
vt 0.35125 0.957303
vt 0.332892 0.878618
vt 0.134147 0.881898
vt 0.11942 0.905486
vt 0.098689 0.938256
vt 0.373212 0.903702
vt 0.39395 0.936466
vt 0.358479 0.880117
vt 0.093814 0.881122
vt 0.123123 0.858679
vt 0.063308 0.90879
vt 0.429325 0.906992
vt 0.398812 0.879331
vt 0.369497 0.856895
vt 0.070951 0.848401
vt 0.108192 0.825727
vt 0.036923 0.87042
vt 0.4557 0.868616
vt 0.421667 0.846605
vt 0.384421 0.82394
vt 0.094641 0.800662
vt 0.058 0.82014
vt 0.088506 0.791601
vt 0.053043 0.808542
vt 0.021691 0.838101
vt 0.016158 0.823937
vt 0.470925 0.836294
vt 0.434612 0.818341
vt 0.439566 0.806742
vt 0.476454 0.822129
vt 0.397966 0.798871
vt 0.404099 0.789808
vt 0.371589 0.785916
vt 0.336012 0.801828
vt 0.332407 0.837186
vt 0.304659 0.798178
vt 0.301704 0.828514
vt 0.265082 0.789809
vt 0.264267 0.824518
vt 0.37233 0.517196
vt 0.366018 0.554231
vt 0.121015 0.787701
vt 0.156596 0.803605
vt 0.160209 0.838962
vt 0.187948 0.799947
vt 0.190909 0.830282
vt 0.227523 0.791569
vt 0.228346 0.826277
vt 0.125925 0.518022
vt 0.13246 0.554874
vt 0.101377 0.811638
vt 0.133876 0.793653
vt 0.06379 0.833295
vt 0.027692 0.852374
vt 0.428825 0.831497
vt 0.464927 0.850568
vt 0.391233 0.809849
vt 0.358729 0.791872
vt 0.072445 0.787708
vt 0.048952 0.796101
vt 0.011001 0.808557
vt 0.443655 0.7943
vt 0.481608 0.806748
vt 0.42016 0.785912
vt 0.405157 0.63553
vt 0.379444 0.616613
vt 0.40571 0.612916
vt 0.383194 0.590987
vt 0.12912 0.654766
vt 0.094989 0.673845
vt 0.095867 0.651119
vt 0.124941 0.634112
vt 0.095865 0.63664
vt 0.122 0.61831
vt 0.405192 0.672744
vt 0.371501 0.652899
vt 0.404828 0.650005
vt 0.376146 0.632345
vt 0.095824 0.61402
vt 0.11883 0.592605
vt 0.17605 0.474238
vt 0.178094 0.438796
vt 0.213682 0.460153
vt 0.21569 0.422918
vt 0.250649 0.409386
vt 0.250648 0.431824
vt 0.28761 0.460158
vt 0.285607 0.422923
vt 0.3232 0.438806
vt 0.325239 0.474248
vt 0.175912 0.686321
vt 0.176196 0.674052
vt 0.190151 0.680357
vt 0.211399 0.675054
vt 0.303862 0.680635
vt 0.282641 0.675229
vt 0.317848 0.674399
vt 0.31807 0.686672
vt 0.343132 0.688048
vt 0.364175 0.71611
vt 0.344831 0.746932
vt 0.330868 0.738181
vt 0.313955 0.710558
vt 0.385986 0.732048
vt 0.370324 0.755474
vt 0.421046 0.745191
vt 0.401753 0.77142
vt 0.357357 0.472724
vt 0.361828 0.440509
vt 0.150855 0.687598
vt 0.179895 0.710183
vt 0.162986 0.737643
vt 0.129576 0.715585
vt 0.149122 0.746361
vt 0.10791 0.731833
vt 0.123858 0.755027
vt 0.073033 0.745499
vt 0.092704 0.771438
vt 0.143933 0.47271
vt 0.139467 0.440494
vt 0.177292 0.696232
vt 0.142901 0.697802
vt 0.351032 0.69828
vt 0.316635 0.696589
vt 0.1886 0.667013
vt 0.210006 0.663308
vt 0.24703 0.670744
vt 0.247061 0.658465
vt 0.284091 0.66349
vt 0.305479 0.667299
vt 0.411993 0.635999
vt 0.412512 0.613843
vt 0.438871 0.617599
vt 0.434326 0.592354
vt 0.056605 0.653671
vt 0.060019 0.63355
vt 0.088984 0.650999
vt 0.088039 0.672618
vt 0.062565 0.617952
vt 0.08902 0.636955
vt 0.412168 0.671675
vt 0.411712 0.65004
vt 0.444023 0.653443
vt 0.441064 0.63325
vt 0.067679 0.592816
vt 0.089002 0.614793
vt 0.159466 0.501511
vt 0.201373 0.50171
vt 0.249134 0.515506
vt 0.296758 0.501553
vt 0.338526 0.501115
vt 0.321444 0.668144
vt 0.347242 0.682915
vt 0.391348 0.727708
vt 0.368758 0.710877
vt 0.371818 0.509679
vt 0.172631 0.66778
vt 0.146774 0.682443
vt 0.102284 0.727467
vt 0.125142 0.710341
vt 0.126362 0.510708
vt 0.138169 0.692588
vt 0.355804 0.693103
vt 0.186491 0.660938
vt 0.209038 0.656438
vt 0.247078 0.65147
vt 0.285092 0.656624
vt 0.307617 0.661234
vt 0.441029 0.591603
vt 0.445762 0.616858
vt 0.387629 0.585775
vt 0.410144 0.6077
vt 0.0497 0.653469
vt 0.053284 0.632658
vt 0.055692 0.617056
vt 0.45093 0.653397
vt 0.447817 0.63251
vt 0.091508 0.608705
vt 0.114513 0.587295
vt 0.060995 0.591914
usemtl standardSurface10SG
f 186/255/246 187/256/247 188/257/248
f 187/256/247 189/258/249 188/257/248
f 187/256/247 190/259/250 191/260/251
f 187/256/247 191/260/251 189/258/249
f 190/259/250 192/261/252 191/260/251
f 192/261/252 193/262/253 191/260/251
f 192/261/252 194/263/254 195/264/255
f 192/261/252 195/264/255 193/262/253
f 188/257/248 189/258/249 196/265/256
f 189/258/249 197/266/257 196/265/256
f 189/258/249 191/260/251 198/267/258
f 189/258/249 198/267/258 197/266/257
f 191/260/251 193/262/253 198/267/258
f 193/262/253 199/268/259 198/267/258
f 193/262/253 195/264/255 200/269/260
f 193/262/253 200/269/260 199/268/259
f 196/265/261 197/266/262 201/270/263
f 196/265/261 201/270/263 202/271/264
f 197/266/262 198/267/265 203/272/266
f 197/266/262 203/272/266 201/270/263
f 198/267/265 199/268/267 203/272/266
f 199/268/267 204/273/268 203/272/266
f 199/268/267 200/269/269 204/273/268
f 200/269/269 205/274/270 204/273/268
f 202/275/264 201/276/263 206/277/271
f 202/275/264 206/277/271 207/278/272
f 201/276/263 203/279/266 208/280/273
f 201/276/263 208/280/273 206/277/271
f 203/281/266 204/282/268 208/283/273
f 204/282/268 209/284/274 208/283/273
f 204/282/268 205/285/270 209/284/274
f 205/285/270 210/286/275 209/284/274
f 207/278/272 206/277/271 211/287/276
f 206/277/271 212/288/277 211/287/276
f 206/277/271 208/280/273 212/288/277
f 208/280/273 213/289/278 212/288/277
f 208/283/273 209/284/274 214/290/279
f 208/283/273 214/290/279 213/291/278
f 209/284/274 210/286/275 215/292/280
f 209/284/274 215/292/280 214/290/279
f 211/287/276 212/288/277 216/293/281
f 212/288/277 217/294/282 216/293/281
f 212/288/277 213/289/278 217/294/282
f 213/289/278 218/295/283 217/294/282
f 213/291/278 214/290/279 219/296/284
f 213/291/278 219/296/284 218/297/283
f 214/290/279 215/292/280 220/298/285
f 214/290/279 220/298/285 219/296/284
f 216/293/286 217/294/287 221/299/288
f 216/293/286 221/299/288 222/300/289
f 217/294/287 218/295/290 223/301/291
f 217/294/287 223/301/291 221/299/288
f 218/297/290 219/296/292 223/302/291
f 219/296/292 224/303/293 223/302/291
f 219/296/292 220/298/294 224/303/293
f 220/298/294 225/304/295 224/303/293
f 222/300/289 221/299/288 226/305/296
f 222/300/289 226/305/296 227/306/297
f 221/299/288 223/301/291 228/307/298
f 221/299/288 228/307/298 226/305/296
f 223/302/291 224/303/293 228/308/298
f 224/303/293 229/309/299 228/308/298
f 224/303/293 225/304/295 229/309/299
f 225/304/295 230/310/300 229/309/299
f 231/311/301 232/312/302 233/313/303
f 232/312/302 234/314/304 233/313/303
f 232/312/302 235/315/305 234/314/304
f 235/315/305 236/316/306 234/314/304
f 235/317/305 237/318/307 238/319/308
f 235/317/305 238/319/308 236/320/306
f 237/318/307 239/321/309 240/322/310
f 237/318/307 240/322/310 238/319/308
f 241/323/311 240/322/312 239/321/313
f 242/324/314 230/310/315 243/325/316
f 230/310/315 225/304/317 243/325/316
f 244/326/318 242/324/314 243/325/316
f 244/326/318 243/325/316 245/327/319
f 246/328/320 244/326/318 245/327/319
f 246/328/320 245/327/319 247/329/321
f 194/263/322 246/330/320 195/264/323
f 246/330/320 247/331/321 195/264/323
f 243/325/316 225/304/317 220/298/324
f 243/325/316 220/298/324 215/292/325
f 245/327/319 243/325/316 210/286/326
f 243/325/316 215/292/325 210/286/326
f 247/329/321 245/327/319 210/286/326
f 247/329/321 210/286/326 205/285/327
f 195/264/323 247/331/321 200/269/328
f 247/331/321 205/274/327 200/269/328
f 233/313/329 248/332/330 231/311/331
f 227/306/332 249/333/333 250/334/334
f 227/306/332 250/334/334 222/300/335
f 249/333/333 251/335/336 250/334/334
f 251/335/336 252/336/337 250/334/334
f 251/335/336 253/337/338 252/336/337
f 253/337/338 254/338/339 252/336/337
f 253/339/338 186/255/340 188/257/341
f 253/339/338 188/257/341 254/340/339
f 222/300/335 250/334/334 216/293/342
f 250/334/334 211/287/343 216/293/342
f 250/334/334 252/336/337 207/278/344
f 250/334/334 207/278/344 211/287/343
f 252/336/337 254/338/339 207/278/344
f 254/338/339 202/275/345 207/278/344
f 254/340/339 188/257/341 196/265/346
f 254/340/339 196/265/346 202/271/345
f 255/341/347 256/342/348 249/333/333
f 255/341/347 249/333/333 227/306/332
f 227/306/297 226/305/296 255/341/349
f 226/305/296 257/343/350 255/341/349
f 226/305/296 228/307/298 257/343/350
f 228/307/298 258/344/351 257/343/350
f 228/308/298 229/309/299 259/345/352
f 228/308/298 259/345/352 258/346/351
f 229/309/299 230/310/300 260/347/353
f 229/309/299 260/347/353 259/345/352
f 261/348/354 260/347/355 242/324/314
f 260/347/355 230/310/315 242/324/314
f 231/311/331 248/332/330 255/341/347
f 248/332/330 256/342/348 255/341/347
f 255/341/349 257/343/350 231/311/301
f 257/343/350 232/312/302 231/311/301
f 257/343/350 258/344/351 235/315/305
f 257/343/350 235/315/305 232/312/302
f 258/346/351 259/345/352 235/317/305
f 259/345/352 237/318/307 235/317/305
f 259/345/352 260/347/353 239/321/309
f 259/345/352 239/321/309 237/318/307
f 241/323/311 239/321/313 260/347/355
f 241/323/311 260/347/355 261/348/354
f 233/313/303 234/314/304 262/349/356
f 234/314/304 263/350/357 262/349/356
f 234/314/304 236/316/306 263/350/357
f 236/316/306 264/351/358 263/350/357
f 236/320/306 238/319/308 265/352/359
f 236/320/306 265/352/359 264/353/358
f 238/319/308 240/322/310 266/354/360
f 238/319/308 266/354/360 265/352/359
f 267/355/361 268/356/362 269/357/363
f 268/356/362 270/358/363 269/357/363
f 253/359/364 251/360/364 271/361/365
f 253/359/364 271/361/365 272/362/366
f 272/362/366 271/361/365 273/363/367
f 272/362/366 273/363/367 274/364/368
f 244/365/369 246/366/369 275/367/370
f 246/366/369 276/368/371 275/367/370
f 274/364/368 273/363/367 277/369/372
f 274/364/368 277/369/372 278/370/372
f 275/367/370 276/368/371 267/355/361
f 276/368/371 268/356/362 267/355/361
f 279/371/373 280/372/373 281/373/374
f 280/372/373 282/374/375 281/373/374
f 281/373/374 282/374/375 283/375/376
f 281/373/374 283/375/376 284/376/376
f 284/376/376 283/375/376 285/377/377
f 283/375/376 286/378/378 285/377/377
f 285/377/377 286/378/378 287/379/379
f 285/377/377 287/379/379 288/380/379
f 289/381/380 290/382/381 291/383/380
f 290/382/381 292/384/382 291/383/380
f 293/385/383 294/386/384 295/387/385
f 293/385/383 295/387/385 296/388/383
f 297/389/386 296/388/387 295/387/388
f 298/390/389 299/391/390 300/392/391
f 298/390/389 300/392/391 301/393/392
f 302/394/393 303/395/394 299/391/390
f 302/394/393 299/391/390 298/390/389
f 304/396/395 305/397/396 303/395/394
f 304/396/395 303/395/394 302/394/393
f 288/380/397 287/379/397 304/398/395
f 287/379/397 305/399/396 304/398/395
f 290/382/398 289/381/399 306/400/400
f 307/401/401 308/402/402 309/403/403
f 308/402/402 310/404/404 309/403/403
f 309/403/403 310/404/404 311/405/405
f 310/404/404 312/406/406 311/405/405
f 311/405/405 312/406/406 313/407/407
f 312/406/406 314/408/408 313/407/407
f 313/409/407 314/410/408 280/372/409
f 313/409/407 280/372/409 279/371/409
f 315/411/410 307/401/401 309/403/403
f 315/411/410 309/403/403 316/412/411
f 317/413/412 298/390/389 318/414/413
f 298/390/389 301/393/392 318/414/413
f 289/381/399 315/411/410 316/412/411
f 289/381/399 316/412/411 306/400/400
f 297/389/386 317/413/412 296/388/387
f 317/413/412 318/414/413 296/388/387
f 290/382/381 319/415/414 292/384/382
f 319/415/414 320/416/415 292/384/382
f 292/384/382 320/416/415 321/417/416
f 320/416/415 322/418/416 321/417/416
f 321/417/416 322/418/416 323/419/417
f 321/417/416 323/419/417 294/386/384
f 294/386/384 323/419/417 324/420/418
f 294/386/384 324/420/418 295/387/385
f 325/421/419 326/422/420 327/423/421
f 326/422/420 328/424/420 327/423/421
f 313/425/422 329/426/423 330/427/424
f 313/425/422 330/427/424 311/428/425
f 329/426/423 331/429/426 332/430/427
f 329/426/423 332/430/427 330/427/424
f 302/431/428 333/432/429 304/433/428
f 333/432/429 334/434/430 304/433/428
f 331/429/426 335/435/431 336/436/431
f 331/429/426 336/436/431 332/430/427
f 333/432/429 325/421/419 334/434/430
f 325/421/419 327/423/421 334/434/430
f 279/437/432 281/438/433 186/255/434
f 281/438/433 187/256/435 186/255/434
f 281/438/433 284/439/436 187/256/435
f 284/439/436 190/259/436 187/256/435
f 284/439/437 285/440/438 192/261/439
f 284/439/437 192/261/439 190/259/437
f 285/440/438 288/441/440 194/263/441
f 285/440/438 194/263/441 192/261/439
f 297/389/442 295/387/442 240/442/442
f 297/389/442 240/442/442 241/443/442
f 302/394/443 298/390/443 244/444/443
f 298/390/443 242/445/443 244/444/443
f 288/441/440 304/446/444 194/263/441
f 304/446/444 246/330/444 194/263/441
f 290/382/445 306/400/446 233/447/445
f 306/400/446 248/448/445 233/447/445
f 309/403/447 311/405/447 251/449/447
f 309/403/447 251/449/447 249/450/447
f 313/451/448 279/437/432 186/255/434
f 313/451/448 186/255/434 253/339/448
f 316/412/449 309/403/450 249/450/450
f 316/412/449 249/450/450 256/452/451
f 298/390/452 317/413/453 242/445/452
f 317/413/453 261/453/454 242/445/452
f 306/400/455 316/412/449 248/448/455
f 316/412/449 256/452/451 248/448/455
f 317/413/453 297/389/456 241/443/456
f 317/413/453 241/443/456 261/453/454
f 320/416/457 319/415/458 262/454/458
f 320/416/457 262/454/458 263/455/459
f 319/415/460 290/382/460 262/454/460
f 290/382/460 233/447/460 262/454/460
f 322/418/461 320/416/457 263/455/459
f 322/418/461 263/455/459 264/456/462
f 323/419/463 322/418/461 265/457/464
f 322/418/461 264/456/462 265/457/464
f 295/387/465 324/420/465 266/458/465
f 295/387/465 266/458/465 240/442/465
f 324/420/466 323/419/463 266/458/466
f 323/419/463 265/457/464 266/458/466
f 327/423/467 328/424/468 270/459/468
f 327/423/467 270/459/468 268/460/469
f 328/461/470 326/462/470 270/358/470
f 326/462/470 269/357/470 270/358/470
f 326/422/471 325/421/472 267/355/473
f 326/422/471 267/355/473 269/357/471
f 311/428/474 330/427/475 251/360/474
f 330/427/475 271/361/476 251/360/474
f 329/426/477 313/425/478 253/463/478
f 329/426/477 253/463/478 272/464/479
f 330/427/475 332/430/480 271/361/476
f 332/430/480 273/363/481 271/361/476
f 331/429/482 329/426/477 274/465/483
f 329/426/477 272/464/479 274/465/483
f 304/433/484 334/434/485 246/466/484
f 334/434/485 276/467/486 246/466/484
f 333/432/487 302/431/488 244/365/488
f 333/432/487 244/365/488 275/367/489
f 332/430/480 336/436/490 273/363/481
f 336/436/490 277/369/490 273/363/481
f 336/468/491 335/469/491 278/370/491
f 336/468/491 278/370/491 277/369/491
f 335/435/492 331/429/482 278/470/492
f 331/429/482 274/465/483 278/470/492
f 334/434/485 327/423/467 268/460/469
f 334/434/485 268/460/469 276/467/486
f 325/421/472 333/432/487 275/367/489
f 325/421/472 275/367/489 267/355/473
s off
g Head_uv_standardSurface10SG_2
v 0.307494 5.99794 -4.02257
v 0.195337 5.31063 -3.62888
v -0.155898 5.30037 -3.62645
v -0.319865 5.97962 -4.01822
v 0.372138 5.3471 -3.32741
v 0.612688 6.0609 -3.50216
v -0.330331 5.32658 -3.32254
v -0.609515 6.02315 -3.51357
v -0.144357 5.39683 -3.04317
v -0.275029 6.09599 -3.03036
v 0.195304 5.41128 -3.03148
v 0.32728 6.08669 -3.04494
v 0.327929 6.5617 -4.15762
v -0.359512 6.53442 -4.14081
v -0.704609 6.58414 -3.56428
v -0.345438 6.62629 -3.03977
v 0.322234 6.66394 -3.04535
v 0.660449 6.61944 -3.62108
v 0.020903 5.33684 -3.32497
v 0.315299 6.91726 -4.17478
v -0.349381 6.90045 -4.15484
v 0.301058 8.31853 -4.09907
v -0.3703 8.29745 -4.09809
v -0.712635 6.94015 -3.58481
v -0.72337 8.33966 -3.49186
v -0.353675 7.05946 -3.01721
v -0.357109 8.37247 -2.92241
v 0.333732 7.08592 -3.04625
v 0.31222 8.39236 -2.94068
v 0.668989 6.99599 -3.60955
v 0.665806 8.38181 -3.49425
v 0.351358 10.2497 -1.99106
v -0.351358 10.2497 -1.99106
v -0.351358 9.83831 -1.41436
v 0.351358 9.83831 -1.41436
v -0.702715 9.67684 -2.23592
v -0.702715 9.34288 -1.76778
v -0.351358 9.25886 -2.38296
v -0.351358 8.84745 -2.13749
v 0.351358 9.25886 -2.38616
v 0.351358 8.84745 -2.14241
v 0.702715 9.67684 -2.23592
v 0.702715 9.34288 -1.76778
v 0 9.34288 -1.76792
v -0.33732 10.4067 -2.35788
v -0.676896 9.83228 -2.50135
v -0.323983 9.40818 -2.56634
v 0.33517 9.40516 -2.53074
v 0.67559 9.82862 -2.45562
v 0.321833 10.4037 -2.32025
v -0.687241 8.659 -3.47955
v -0.350868 8.65585 -4.04203
v -0.365308 8.68976 -2.91195
v 0.292998 8.71738 -2.91227
v 0.629371 8.71424 -3.46854
v 0.307438 8.68347 -4.03309
v -0.658422 9.02796 -3.41989
v -0.341354 9.12684 -3.94322
v -0.347722 8.95489 -2.88857
v 0.280046 8.98069 -2.88484
v 0.597115 9.07957 -3.4061
v 0.286415 9.15265 -3.93531
v -0.637516 9.4023 -3.28969
v -0.335619 9.62272 -3.76855
v -0.327175 9.21037 -2.80864
v 0.285065 9.23886 -2.80447
v 0.586963 9.45928 -3.27642
v 0.276621 9.65121 -3.7613
v -0.628924 9.69845 -3.11749
v -0.332369 10.086 -3.47477
v -0.3123 9.356 -2.73912
v 0.300881 9.40105 -2.7159
v 0.599737 9.79797 -3.04616
v 0.280811 10.131 -3.45028
v -0.636402 9.88137 -2.92783
v -0.330537 10.4165 -2.95454
v -0.313781 9.38338 -2.66389
v 0.315536 9.41202 -2.62174
v 0.631862 9.92933 -2.73397
v 0.299388 10.4502 -2.88439
vn 0.008531 -0.49806 -0.8671
vn 0.816838 -0.381262 -0.432914
vn -0.796814 -0.434513 -0.419864
vn -0.80075 -0.161485 0.57682
vn 0.003058 0.000469 0.999995
vn 0.834202 -0.151873 0.530134
vn -0.007891 -0.224581 -0.974423
vn -0.007891 -0.224581 -0.974424
vn -0.855121 -0.178842 -0.486604
vn -0.815272 -0.092152 0.571699
vn 0.01565 0.009923 0.999828
vn 0.856535 0.021957 0.515622
vn 0.852802 -0.164018 -0.495809
vn 0.029746 -0.994254 0.102828
vn 0.029747 -0.994254 0.102828
vn 0.030505 -0.985998 0.163945
vn 0.029923 -0.986498 0.161014
vn 0.031793 -0.973632 0.225901
vn 0.03171 -0.973149 0.22798
vn 0.029936 -0.985687 0.165907
vn -0.01697 0.047061 -0.998748
vn -0.853381 0.018228 -0.520968
vn -0.839823 -0.04185 0.541244
vn 0.037335 -0.075867 0.996419
vn 0.849172 -0.035441 0.526925
vn 0.849196 0.041389 -0.526453
vn 0 0.814085 0.580746
vn -0.866026 0.407042 0.290373
vn -0.819514 -0.396299 -0.413937
vn -0.004966 -0.511049 -0.859537
vn 0.820981 -0.394348 -0.412892
vn 0.866025 0.407042 0.290374
vn -7.8e-05 -0.580857 0.814006
vn 7.7e-05 -0.580856 0.814007
vn 0.000927 -0.59082 0.806803
vn 0.000154 -0.589539 0.80774
vn 0.002909 -0.599259 0.80055
vn 0.002749 -0.601769 0.798666
vn -0.000154 -0.592165 0.805816
vn -0.869695 0.488707 0.069255
vn -0.869858 0.487727 0.073958
vn -0.868498 0.463951 0.174531
vn -0.779694 -0.567746 -0.264087
vn -0.778777 -0.56602 -0.27042
vn -0.741658 -0.51081 -0.434759
vn 0.015245 -0.869399 -0.493875
vn 0.015155 -0.854643 -0.518996
vn 0.014275 -0.742959 -0.669185
vn 0.758733 -0.514054 -0.40009
vn 0.762084 -0.52027 -0.385417
vn 0.736844 -0.477647 -0.47845
vn 0.858588 0.501953 0.104261
vn 0.856833 0.507828 0.089155
vn 0.863754 0.472826 0.174252
vn -0.019898 0.976995 0.212331
vn -0.020747 0.980466 0.195591
vn -0.009255 0.912883 0.408118
vn -0.852891 0.121153 -0.507838
vn -0.853677 0.128118 -0.504798
vn -0.853597 0.127385 -0.50512
vn -0.855823 0.019058 0.516918
vn -0.861596 0.008091 0.507531
vn -0.860587 0.010036 0.509204
vn 0.016103 -0.059707 0.998086
vn 0.009848 -0.074983 0.997136
vn 0.00961 -0.075564 0.997095
vn 0.84908 0.028457 0.527497
vn 0.852598 0.0072 0.522517
vn 0.852029 0.010819 0.523383
vn 0.853987 0.103829 -0.509829
vn 0.856759 0.129338 -0.499235
vn 0.856324 0.124902 -0.501108
vn -0.00019 0.166365 -0.986064
vn 0.002213 0.186891 -0.982378
vn 0.00237 0.188226 -0.982123
vn -0.858297 0.163492 -0.486412
vn -0.858107 0.161906 -0.487277
vn -0.864321 -0.058687 0.499506
vn -0.864788 -0.051259 0.499513
vn 0.004196 -0.198431 0.980106
vn 0.003946 -0.189462 0.98188
vn 0.860041 -0.084586 0.503165
vn 0.859886 -0.07988 0.504199
vn 0.858834 0.168112 -0.483884
vn 0.858811 0.1662 -0.484583
vn 0.000551 0.270607 -0.96269
vn 0.000712 0.267806 -0.963473
vn -0.864033 0.230288 -0.447677
vn -0.864038 0.2304 -0.447609
vn -0.855954 -0.157878 0.49236
vn -0.856307 -0.154333 0.492869
vn 0.00722 -0.354987 0.934843
vn 0.007262 -0.365922 0.930617
vn 0.863225 -0.222798 0.452994
vn 0.863238 -0.224391 0.452182
vn 0.857187 0.233023 -0.459272
vn 0.857414 0.229038 -0.46085
vn -0.006784 0.437233 -0.899323
vn -0.007019 0.443634 -0.896181
vn -0.861918 0.341264 -0.375015
vn -0.861114 0.34959 -0.369148
vn -0.859088 -0.309104 0.407949
vn -0.859011 -0.3078 0.409095
vn 0.021276 -0.671009 0.741144
vn 0.025032 -0.725237 0.688044
vn 0.869923 -0.409468 0.274901
vn 0.869894 -0.410691 0.273163
vn 0.854832 0.361302 -0.372456
vn 0.853671 0.379288 -0.356912
vn -0.0136 0.738539 -0.674074
vn -0.013336 0.720556 -0.693268
vn -0.867645 0.471124 -0.158853
vn -0.868569 0.480369 -0.121793
vn -0.841905 -0.533497 0.081097
vn -0.835278 -0.547787 0.047323
vn 0.026832 -0.989425 0.142543
vn 0.029508 -0.987824 0.152751
vn 0.832221 -0.548987 -0.077603
vn 0.828722 -0.550786 -0.099276
vn 0.855263 0.497191 -0.146034
vn 0.855748 0.504656 -0.114094
vn -0.022979 0.97483 -0.221763
vn -0.021894 0.962559 -0.270187
vn 0.858975 -0.028355 0.511233
vn 0.848789 0.000677 -0.528731
vn 0.84879 0.000677 -0.528731
vn -0.025734 -0.043236 -0.998733
vn -0.851307 -0.022601 -0.524181
vn -0.834137 -0.018601 0.551243
vn -0.834137 -0.018601 0.551244
vn 0.026735 -0.025404 0.99932
vt 0.09899 0.182674
vt 0.099562 0.154843
vt 0.116129 0.153913
vt 0.12015 0.181878
vt 0.083134 0.153793
vt 0.078224 0.181013
vt 0.1318 0.151275
vt 0.139961 0.178457
vt 0.14497 0.146866
vt 0.160505 0.171609
vt 0.037375 0.170135
vt 0.05521 0.146876
vt 0.067746 0.151914
vt 0.059536 0.17663
vt 0.09859 0.200356
vt 0.121206 0.199337
vt 0.143804 0.198148
vt 0.167 0.194522
vt 0.05302 0.197675
vt 0.028546 0.191691
vt 0.077044 0.200032
vt 0.235034 0.261723
vt 0.245432 0.268392
vt 0.234449 0.274058
vt 0.22406 0.267395
vt 0.224095 0.27945
vt 0.233875 0.286335
vt 0.224097 0.279447
vt 0.244856 0.280732
vt 0.098371 0.21127
vt 0.121025 0.210758
vt 0.096148 0.252401
vt 0.119235 0.252492
vt 0.144493 0.210695
vt 0.142481 0.258923
vt 0.169326 0.213691
vt 0.165837 0.267334
vt 0.025359 0.2099
vt 0.051236 0.213635
vt 0.0486 0.262906
vt 0.023652 0.263051
vt 0.075079 0.212508
vt 0.071608 0.257811
vt 0.089157 0.346833
vt 0.115036 0.348457
vt 0.118813 0.372278
vt 0.083764 0.370601
vt 0.140997 0.339686
vt 0.150536 0.358487
vt 0.159672 0.327898
vt 0.175542 0.33827
vt 0.023895 0.309308
vt 0.045581 0.32349
vt 0.012524 0.320911
vt 0.031675 0.336084
vt 0.063441 0.336227
vt 0.053669 0.354404
vt 0.263202 0.283566
vt 0.263276 0.258861
vt 0.284637 0.271277
vt 0.284708 0.246572
vt 0.306403 0.25899
vt 0.306433 0.283695
vt 0.28456 0.295982
vt 0.113364 0.337013
vt 0.136028 0.330367
vt 0.154945 0.318976
vt 0.029619 0.304784
vt 0.050465 0.316032
vt 0.068483 0.328836
vt 0.092135 0.336845
vt 0.140224 0.270008
vt 0.118221 0.263538
vt 0.161906 0.280694
vt 0.024916 0.27567
vt 0.049355 0.276133
vt 0.072146 0.269256
vt 0.095149 0.263578
vt 0.137745 0.282934
vt 0.116879 0.277747
vt 0.158788 0.292123
vt 0.050674 0.287284
vt 0.027396 0.285495
vt 0.073047 0.282011
vt 0.095232 0.277641
vt 0.135484 0.296501
vt 0.115457 0.292567
vt 0.156019 0.30421
vt 0.030258 0.294304
vt 0.052033 0.299467
vt 0.074041 0.295771
vt 0.095429 0.292505
vt 0.132993 0.307952
vt 0.113815 0.306879
vt 0.154654 0.311366
vt 0.031767 0.299365
vt 0.052225 0.308088
vt 0.075493 0.309394
vt 0.095691 0.307368
vt 0.131183 0.316992
vt 0.112699 0.321922
vt 0.154974 0.314667
vt 0.051416 0.312183
vt 0.031333 0.302001
vt 0.073823 0.320554
vt 0.094738 0.322999
usemtl standardSurface10SG
f 337/471/493 338/472/493 339/473/493
f 337/471/493 339/473/493 340/474/493
f 338/472/494 337/471/494 341/475/494
f 337/471/494 342/476/494 341/475/494
f 340/474/495 339/473/495 343/477/495
f 340/474/495 343/477/495 344/478/495
f 344/478/496 343/477/496 345/479/496
f 344/478/496 345/479/496 346/480/496
f 346/481/497 345/482/497 347/483/497
f 346/481/497 347/483/497 348/484/497
f 348/484/498 347/483/498 342/476/498
f 347/483/498 341/475/498 342/476/498
f 337/471/499 340/474/500 349/485/499
f 340/474/500 350/486/499 349/485/499
f 340/474/501 344/478/501 351/487/501
f 340/474/501 351/487/501 350/486/501
f 344/478/502 346/480/502 351/487/502
f 346/480/502 352/488/502 351/487/502
f 346/481/503 348/484/503 353/489/503
f 346/481/503 353/489/503 352/490/503
f 348/484/504 342/476/504 353/489/504
f 342/476/504 354/491/504 353/489/504
f 342/476/505 337/471/505 349/485/505
f 342/476/505 349/485/505 354/491/505
f 339/492/506 338/493/507 355/494/508
f 343/495/509 339/492/506 355/494/508
f 345/496/510 343/495/509 355/494/508
f 347/497/511 345/498/510 355/494/508
f 341/499/512 347/497/511 355/494/508
f 338/493/507 341/499/512 355/494/508
f 356/500/513 357/501/513 358/502/513
f 357/501/513 359/503/513 358/502/513
f 357/501/514 360/504/514 361/505/514
f 357/501/514 361/505/514 359/503/514
f 360/504/515 362/506/515 361/505/515
f 362/506/515 363/507/515 361/505/515
f 362/508/516 364/509/516 365/510/516
f 362/508/516 365/510/516 363/511/516
f 364/509/517 366/512/517 367/513/517
f 364/509/517 367/513/517 365/510/517
f 366/512/518 356/500/518 358/502/518
f 366/512/518 358/502/518 367/513/518
f 368/514/519 369/515/519 370/516/519
f 368/514/519 370/516/519 371/517/519
f 369/515/520 372/518/520 370/516/520
f 372/518/520 373/519/520 370/516/520
f 372/518/521 374/520/521 373/519/521
f 374/520/521 375/521/521 373/519/521
f 374/522/522 376/523/522 375/524/522
f 376/523/522 377/525/522 375/524/522
f 376/523/523 378/526/523 379/527/523
f 376/523/523 379/527/523 377/525/523
f 378/526/524 368/514/524 371/517/524
f 378/526/524 371/517/524 379/527/524
f 371/528/525 370/529/526 380/530/527
f 370/529/526 373/531/528 380/530/527
f 373/531/528 375/532/529 380/530/527
f 375/532/529 377/533/530 380/530/527
f 377/533/530 379/534/531 380/530/527
f 379/534/531 371/528/525 380/530/527
f 381/535/532 382/536/533 369/515/534
f 382/536/533 372/518/534 369/515/534
f 382/536/535 383/537/536 372/518/537
f 383/537/536 374/520/537 372/518/537
f 383/538/538 384/539/539 374/522/540
f 384/539/539 376/523/540 374/522/540
f 384/539/541 385/540/542 378/526/543
f 384/539/541 378/526/543 376/523/543
f 385/540/544 386/541/545 368/514/546
f 385/540/544 368/514/546 378/526/546
f 386/541/547 381/535/548 369/515/549
f 386/541/547 369/515/549 368/514/549
f 359/503/550 361/505/550 387/542/551
f 359/503/550 387/542/551 388/543/552
f 361/505/553 363/507/553 389/544/554
f 361/505/553 389/544/554 387/542/555
f 363/511/556 365/510/556 389/545/557
f 365/510/556 390/546/558 389/545/557
f 365/510/559 367/513/559 390/546/560
f 367/513/559 391/547/561 390/546/560
f 367/513/562 358/502/562 391/547/563
f 358/502/562 392/548/564 391/547/563
f 358/502/565 359/503/565 388/543/566
f 358/502/565 388/543/566 392/548/567
f 388/543/552 387/542/551 393/549/568
f 388/543/552 393/549/568 394/550/569
f 387/542/555 389/544/554 395/551/570
f 387/542/555 395/551/570 393/549/571
f 389/545/557 390/546/558 396/552/572
f 389/545/557 396/552/572 395/553/573
f 390/546/560 391/547/561 396/552/574
f 391/547/561 397/554/575 396/552/574
f 391/547/563 392/548/564 397/554/576
f 392/548/564 398/555/577 397/554/576
f 392/548/567 388/543/566 398/555/578
f 388/543/566 394/550/579 398/555/578
f 394/550/569 393/549/568 399/556/580
f 394/550/569 399/556/580 400/557/581
f 393/549/571 395/551/570 401/558/582
f 393/549/571 401/558/582 399/556/583
f 395/553/573 396/552/572 401/559/584
f 396/552/572 402/560/585 401/559/584
f 396/552/574 397/554/575 402/560/586
f 397/554/575 403/561/587 402/560/586
f 397/554/576 398/555/577 403/561/588
f 398/555/577 404/562/589 403/561/588
f 398/555/578 394/550/579 400/557/590
f 398/555/578 400/557/590 404/562/591
f 400/557/581 399/556/580 405/563/592
f 400/557/581 405/563/592 406/564/593
f 399/556/583 401/558/582 407/565/594
f 399/556/583 407/565/594 405/563/595
f 401/559/584 402/560/585 407/566/596
f 402/560/585 408/567/597 407/566/596
f 402/560/586 403/561/587 408/567/598
f 403/561/587 409/568/599 408/567/598
f 403/561/588 404/562/589 410/569/600
f 403/561/588 410/569/600 409/568/601
f 404/562/591 400/557/590 410/569/602
f 400/557/590 406/564/603 410/569/602
f 406/564/593 405/563/592 411/570/604
f 406/564/593 411/570/604 412/571/605
f 405/563/595 407/565/594 411/570/606
f 407/565/594 413/572/607 411/570/606
f 407/566/596 408/567/597 414/573/608
f 407/566/596 414/573/608 413/574/609
f 408/567/598 409/568/599 415/575/610
f 408/567/598 415/575/610 414/573/611
f 409/568/601 410/569/600 416/576/612
f 409/568/601 416/576/612 415/575/613
f 410/569/602 406/564/603 416/576/614
f 406/564/603 412/571/615 416/576/614
f 412/571/605 411/570/604 381/535/532
f 411/570/604 382/536/533 381/535/532
f 411/570/606 413/572/607 383/537/536
f 411/570/606 383/537/536 382/536/535
f 413/574/609 414/573/608 383/538/538
f 414/573/608 384/539/539 383/538/538
f 414/573/611 415/575/610 384/539/541
f 415/575/610 385/540/542 384/539/541
f 415/575/613 416/576/612 386/541/545
f 415/575/613 386/541/545 385/540/544
f 416/576/614 412/571/615 381/535/548
f 416/576/614 381/535/548 386/541/547
f 353/489/616 354/491/616 366/512/616
f 353/489/616 366/512/616 364/509/616
f 354/491/617 349/485/618 366/512/618
f 349/485/618 356/500/618 366/512/618
f 349/485/619 350/486/619 356/500/619
f 350/486/619 357/501/619 356/500/619
f 350/486/620 351/487/620 357/501/620
f 351/487/620 360/504/620 357/501/620
f 351/487/621 352/488/621 362/506/622
f 351/487/621 362/506/622 360/504/622
f 352/490/623 353/489/623 362/508/623
f 353/489/623 364/509/623 362/508/623
s off
g Head_uv_standardSurface10SG_3
v -0.189911 9.4375 -2.35805
v 0.189911 9.4375 -2.35805
v 0.284866 9.50594 -2.71938
v -0.284866 9.50594 -2.71938
v -0.379821 9.69919 -2.15876
v -0.569732 9.89848 -2.42046
v -0.189911 9.96089 -1.95948
v -0.284866 10.291 -2.12153
v 0.189911 9.96089 -1.95948
v 0.284866 10.291 -2.12153
v 0.379821 9.69919 -2.15876
v 0.569732 9.89848 -2.42046
v 0.474777 9.24424 -2.91867
v -0.474777 9.24424 -2.91867
v -0.949554 9.89848 -2.42046
v -0.474777 10.5527 -1.92225
v 0.474777 10.5527 -1.92225
v 0.949554 9.89848 -2.42046
v 0.569733 8.91411 -2.75662
v -0.569732 8.91411 -2.75662
v -1.13946 9.69919 -2.15876
v -0.569732 10.4843 -1.56091
v 0.569732 10.4843 -1.56091
v 1.13946 9.69919 -2.15876
v 0.474777 8.84567 -2.39528
v -0.474777 8.84567 -2.39528
v -0.949554 9.49991 -1.89707
v -0.474777 10.1541 -1.39886
v 0.474777 10.1541 -1.39886
v 0.949554 9.49991 -1.89707
v 0.284866 9.10737 -2.196
v -0.284866 9.10737 -2.196
v -0.569732 9.49991 -1.89707
v -0.284866 9.89245 -1.59814
v 0.284866 9.89245 -1.59814
v 0.569732 9.49991 -1.89707
vn 0 0.982532 0.186092
vn 0.774597 0.626738 -0.084851
vn 0.774597 -0.084852 -0.626738
vn 0.774596 -0.084852 -0.626738
vn 0 -0.440646 -0.897681
vn -0.774596 -0.084852 -0.626738
vn -0.774597 -0.084852 -0.626738
vn -0.774597 0.626737 -0.084852
vn 0 0.605847 -0.795581
vn -1e-06 0.605848 -0.795581
vn 0 0.605849 -0.79558
vn 1e-06 0.605848 -0.795581
vn 0 -0.440647 -0.89768
vn 0 -0.440647 -0.897681
vn -0.774596 0.626738 -0.084852
vn 0 0.982533 0.18609
vn 0 0.982533 0.186089
vn 0.774596 0.626738 -0.084852
vn 0 -0.982533 -0.186091
vn -0.774597 -0.626738 0.084851
vn -0.774596 0.084851 0.626738
vn 0 0.440647 0.897681
vn 0.774596 0.084851 0.626738
vn 0.774597 -0.626738 0.084851
vn 0.774597 -0.626738 0.084852
vn 0 -0.605847 0.795581
vn -1e-06 -0.605846 0.795582
vn 0 -0.605845 0.795582
vn 0 -0.605845 0.795583
vn 1e-06 -0.605846 0.795582
vn 0 0.440646 0.897681
vn 0.774596 0.084852 0.626738
vn 0.774598 -0.626737 0.084851
vn 0 -0.982532 -0.186093
vn -0.774598 -0.626737 0.084851
vn -0.774597 0.084851 0.626738
vt 0.100037 0.095756
vt 0.079008 0.09569
vt 0.077213 0.083457
vt 0.099946 0.08351
vt 0.120963 0.095493
vt 0.122853 0.083327
vt 0.140833 0.095002
vt 0.146495 0.082704
vt 0.158452 0.09708
vt 0.16898 0.08573
vt 0.058825 0.095681
vt 0.041203 0.098576
vt 0.053749 0.082852
vt 0.031036 0.085696
vt 0.076776 0.070492
vt 0.100219 0.070894
vt 0.123513 0.070707
vt 0.149794 0.070332
vt 0.181373 0.073544
vt 0.050951 0.069844
vt 0.018384 0.072659
vt 0.076906 0.056518
vt 0.100279 0.05665
vt 0.123651 0.056783
vt 0.150307 0.056868
vt 0.187858 0.057283
vt 0.012696 0.056017
vt 0.050248 0.056433
vt 0.077044 0.042595
vt 0.100339 0.042407
vt 0.123781 0.04281
vt 0.149603 0.043458
vt 0.182169 0.040642
vt 0.019182 0.039756
vt 0.050762 0.042968
vt 0.077703 0.029971
vt 0.100611 0.029789
vt 0.123344 0.029842
vt 0.146805 0.030448
vt 0.169518 0.027603
vt 0.031576 0.027571
vt 0.054061 0.030597
vt 0.079594 0.017809
vt 0.100519 0.017545
vt 0.121548 0.01761
vt 0.14173 0.017619
vt 0.159351 0.014724
vt 0.059724 0.018299
vt 0.042104 0.016221
usemtl standardSurface10SG
f 417/577/624 418/578/624 419/579/624
f 417/577/624 419/579/624 420/580/624
f 421/581/625 417/577/625 422/582/625
f 417/577/625 420/580/625 422/582/625
f 423/583/626 421/581/626 422/582/627
f 423/583/626 422/582/627 424/584/626
f 425/585/628 423/583/628 424/584/628
f 425/585/628 424/584/628 426/586/628
f 427/587/629 425/588/629 428/589/630
f 425/588/629 426/590/629 428/589/630
f 418/578/631 427/587/631 428/589/631
f 418/578/631 428/589/631 419/579/631
f 420/580/632 419/579/632 429/591/632
f 420/580/632 429/591/632 430/592/632
f 422/582/632 420/580/632 431/593/632
f 420/580/632 430/592/632 431/593/632
f 424/584/633 422/582/633 431/593/633
f 424/584/633 431/593/633 432/594/633
f 426/586/634 424/584/634 432/594/634
f 426/586/634 432/594/634 433/595/634
f 428/589/635 426/590/635 434/596/635
f 426/590/635 433/597/635 434/596/635
f 419/579/632 428/589/632 434/596/632
f 419/579/632 434/596/632 429/591/632
f 430/592/636 429/591/637 435/598/637
f 430/592/636 435/598/637 436/599/637
f 431/593/630 430/592/630 436/599/630
f 431/593/630 436/599/630 437/600/630
f 432/594/638 431/593/638 438/601/638
f 431/593/638 437/600/638 438/601/638
f 433/595/639 432/594/639 438/601/640
f 433/595/639 438/601/640 439/602/639
f 434/596/641 433/597/641 439/603/641
f 434/596/641 439/603/641 440/604/641
f 429/591/626 434/596/626 435/598/626
f 434/596/626 440/604/626 435/598/626
f 436/599/642 435/598/642 441/605/642
f 436/599/642 441/605/642 442/606/642
f 437/600/643 436/599/643 443/607/643
f 436/599/643 442/606/643 443/607/643
f 438/601/644 437/600/644 444/608/644
f 437/600/644 443/607/644 444/608/644
f 439/602/645 438/601/645 444/608/645
f 439/602/645 444/608/645 445/609/645
f 440/604/646 439/603/646 445/610/646
f 440/604/646 445/610/646 446/611/646
f 435/598/647 440/604/647 446/611/648
f 435/598/647 446/611/648 441/605/647
f 442/606/649 441/605/649 447/612/649
f 442/606/649 447/612/649 448/613/649
f 443/607/649 442/606/649 448/613/649
f 443/607/649 448/613/649 449/614/649
f 444/608/650 443/607/650 450/615/650
f 443/607/650 449/614/650 450/615/650
f 445/609/651 444/608/652 450/615/651
f 445/609/651 450/615/651 451/616/652
f 446/611/653 445/610/653 451/617/653
f 446/611/653 451/617/653 452/618/653
f 441/605/649 446/611/649 447/612/649
f 446/611/649 452/618/649 447/612/649
f 448/613/654 447/612/654 418/619/654
f 448/613/654 418/619/654 417/620/654
f 449/614/655 448/613/655 417/620/655
f 449/614/655 417/620/655 421/621/655
f 450/615/656 449/614/656 421/621/656
f 450/615/656 421/621/656 423/622/656
f 451/616/657 450/615/657 423/622/657
f 451/616/657 423/622/657 425/623/657
f 452/618/658 451/617/658 427/624/658
f 451/617/658 425/625/658 427/624/658
f 447/612/659 452/618/659 418/619/659
f 452/618/659 427/624/659 418/619/659
s off
g Body_standardSurface11SG
v 1.19174 0.387767 -0.605449
v 0 0.382761 -0.7808
v 0 0.577971 -0.789776
v 1.20372 0.577971 -0.559925
v -1.19174 0.387767 -0.605449
v -1.20372 0.577971 -0.559925
v -1.45018 0.383632 0.048856
v -1.44857 0.577971 0.055129
v -1.18419 0.392041 0.820189
v -1.19976 0.577971 0.822121
v 0 0.382761 1.18594
v 0 0.577971 1.25451
v 1.18419 0.392041 0.820189
v 1.19976 0.577971 0.822121
v 1.45018 0.383632 0.048856
v 1.44857 0.577971 0.055129
v 1.7498 4.64836 -0.003798
v 1.72115 4.56622 -0.722388
v 0.79182 4.95481 -0.026169
v 0.791818 4.96237 -0.480496
v 1.58608 4.55073 0.695785
v 0.641391 4.85365 0.532154
v 0 3.94521 1.41122
v 0 4.44226 1.08154
v -1.58608 4.55073 0.695785
v -0.641391 4.85365 0.532153
v -1.7498 4.64836 -0.003798
v -0.79182 4.95481 -0.026169
v -1.72115 4.56622 -0.722388
v -0.791818 4.96237 -0.480496
v 0 4.66769 -1.0983
v 0 4.99646 -0.634015
v 0 3.12589 1.548
v 1.49133 3.24585 0.756274
v -1.49133 3.24585 0.756274
v 0 3.12589 -1.02368
v -1.70377 3.27496 -0.668801
v 1.70377 3.27496 -0.668801
v 1.54134 1.28056 0.120152
v 1.3596 1.28056 -0.537247
v 1.7498 2.9123 0.063186
v 1.29289 1.28056 0.801657
v 0 1.28056 1.43493
v -1.29289 1.28056 0.801657
v -1.54134 1.28056 0.120152
v -1.7498 2.9123 0.063186
v -1.3596 1.28056 -0.537247
v 0 1.28056 -0.845282
v 1.89172 3.01694 0.042485
v 1.9415 3.33061 -0.601794
v 1.9501 4.42835 -0.593977
v 1.9259 4.64217 -0.008947
v 1.74946 3.33304 0.656068
v 1.82481 4.45046 0.6183
v -1.89172 3.01694 0.042485
v -1.74946 3.33304 0.656069
v -1.82481 4.45046 0.6183
v -1.9259 4.64217 -0.008947
v -1.9415 3.33061 -0.601794
v -1.9501 4.42835 -0.593977
v 3.2031 3.33061 -0.601794
v 3.2031 3.01694 0.042485
v 3.2031 4.31104 -0.593977
v 3.2031 4.57586 -0.008947
v 3.2031 3.33304 0.656068
v 3.2031 4.36912 0.6183
v -3.2031 3.33304 0.656069
v -3.2031 3.01694 0.042485
v -3.2031 4.36912 0.6183
v -3.2031 4.57586 -0.008947
v -3.2031 3.33061 -0.601794
v -3.2031 4.31104 -0.593977
v 1.83769 -1.98278 -1.21207
v 0.71812 -2.25355 -1.25463
v 0.6682 -1.88599 -1.22761
v 1.74503 -1.39956 -1.12546
v 2.32688 -1.82846 -0.163051
v 2.15975 -1.17044 -0.135136
v 1.75934 -2.01246 0.792243
v 1.65487 -1.44923 0.827665
v 0.725656 -2.26126 0.868488
v 0.729339 -1.781 0.949403
v 0.154272 -2.38219 -0.153751
v 0.09013 -2.00977 -0.156058
v 0.393786 -1.49904 -1.22134
v 1.39608 -0.263217 -0.853516
v 1.82792 -0.263214 -0.034323
v 1.4013 -0.279518 0.812137
v 0.60768 -1.62138 0.973881
v -1e-06 -1.86724 -0.165471
v 0 -1.31788 -1.23371
v 0 -1.40901 1.00889
v 0 -0.263217 1.20359
v 0 -0.182206 -1.01311
v -0.752797 -2.57851 -1.25937
v -1.87811 -2.4404 -1.209
v -0.71812 -2.25355 -1.25463
v -1.80421 -1.98091 -1.21167
v -2.40664 -2.41374 -0.154788
v -2.32688 -1.82846 -0.163051
v -1.79269 -2.4335 0.822299
v -1.75934 -2.01246 0.792243
v -0.707945 -2.62871 0.856837
v -0.725656 -2.26126 0.868488
v -0.179742 -2.62871 -0.154788
v -0.154272 -2.38219 -0.153751
v -0.6682 -1.88599 -1.22761
v -1.66182 -1.39265 -1.12458
v -1.40329 -0.263217 -0.892799
v -0.531541 -1.51518 -1.24598
v -2.15975 -1.17044 -0.135136
v -1.82792 -0.263214 -0.034323
v -1.65487 -1.44923 0.827665
v -1.4013 -0.279518 0.812137
v -0.729339 -1.781 0.949403
v -0.60768 -1.62138 0.973881
v -0.09013 -2.00977 -0.156058
v 0.179742 -2.62871 -0.154788
v 0.752797 -2.57851 -1.25937
v 0.707945 -2.62871 0.856837
v 1.79269 -2.4335 0.822299
v 2.40664 -2.41374 -0.154788
v 1.87811 -2.43918 -1.209
v 0.758154 -4.30541 -1.2601
v 1.87811 -4.21844 -1.209
v 2.40664 -4.09885 -0.154788
v 1.79269 -4.21844 0.798719
v 0.707945 -4.30541 0.798719
v 0.190985 -4.2728 -0.154788
v -0.758154 -4.30541 -1.2601
v -1.87811 -4.21844 -1.209
v -2.40664 -4.09885 -0.154788
v -1.79269 -4.21844 0.798719
v -0.707945 -4.30541 0.798719
v -0.190985 -4.2728 -0.154788
v 1.87811 -4.5805 -1.209
v 0.758154 -4.69808 -1.2601
v 2.40664 -4.42173 -0.154788
v 1.79269 -4.5805 0.798719
v 0.707945 -4.69808 0.798719
v 0.190985 -4.63486 -0.154788
v -0.758154 -4.69808 -1.2601
v -1.87811 -4.5805 -1.209
v -2.40664 -4.42173 -0.154788
v -1.79269 -4.5805 0.798719
v -0.707945 -4.69808 0.798719
v -0.190985 -4.63486 -0.154788
v 1.87811 -4.92606 -1.209
v 0.758154 -5.00892 -1.2601
v 2.40664 -4.75433 -0.154788
v 1.79269 -4.92606 0.798719
v 0.707945 -5.00892 0.798719
v 0.190985 -4.94387 -0.154788
v -0.758154 -5.00892 -1.2601
v -1.87811 -4.92606 -1.209
v -2.40664 -4.75433 -0.154788
v -1.79269 -4.92606 0.798719
v -0.707945 -5.00892 0.798719
v -0.190985 -4.94387 -0.154788
v 1.87811 -5.64234 -1.209
v 0.758154 -5.68912 -1.2601
v 2.40664 -5.62845 -0.154788
v 1.79269 -5.68968 0.798719
v 0.707945 -5.73317 0.798719
v 0.190985 -5.66794 -0.154788
v -0.758154 -5.68912 -1.2601
v -1.87811 -5.64234 -1.209
v -2.40664 -5.62845 -0.154788
v -1.79269 -5.68968 0.798719
v -0.707945 -5.73317 0.798719
v -0.190985 -5.66794 -0.154788
v 0.787331 -9.41425 -0.615484
v 0.794554 -9.23612 -0.611976
v 1.30364 -9.23612 -0.611976
v 1.29504 -9.41425 -0.615484
v 1.57113 -9.23612 -0.096961
v 1.56551 -9.41425 -0.105918
v 1.58089 -9.23612 1.09241
v 1.29894 -9.23612 1.34147
v 1.57823 -9.41425 1.09631
v 1.29624 -9.41425 1.3351
v 0.778122 -9.23612 1.34147
v 0.779893 -9.41425 1.3351
v 0.496345 -9.23612 1.09262
v 0.500086 -9.41425 1.09658
v 0.524402 -9.23612 -0.096961
v 0.519559 -9.41425 -0.105917
v -0.823716 -6.09078 -0.686967
v -0.845306 -7.69597 -0.583976
v -1.33034 -7.69595 -0.579397
v -1.40987 -6.09071 -0.674054
v -1.56553 -7.69445 -0.114577
v -1.68228 -6.09047 -0.099692
v -1.30899 -7.70481 0.292079
v -1.34965 -6.09047 0.393718
v -0.847359 -7.69935 0.287412
v -0.829508 -6.0905 0.380555
v -0.614918 -7.69441 -0.098863
v -0.564846 -6.09043 -0.05537
v -1.39844 -5.71174 -0.607834
v -0.807095 -5.71888 -0.615003
v -1.66879 -5.71267 -0.077539
v -1.35868 -5.71377 0.412886
v -0.812279 -5.72036 0.405628
v -0.546925 -5.72043 -0.054762
v -5.50882 3.66356 0.002387
v -5.50882 3.81755 0.343931
v -5.61724 3.82288 0.338336
v -5.61724 3.67158 0.002152
v -5.50882 4.21018 0.342982
v -5.61724 4.20871 0.338336
v -5.50881 4.36348 0.002046
v -5.61724 4.35847 0.002152
v -5.50882 3.81757 -0.337897
v -5.61724 3.82288 -0.334032
v -5.50882 4.20869 -0.338856
v -5.61724 4.20717 -0.334032
v 0 4.36416 1.07192
v 0 4.73259 0.57146
v -0.600913 4.81418 0.537472
v 0.600913 4.81418 0.537472
v 0.782126 4.90612 -0.45785
v 0 4.92048 -0.621951
v 0 5.05547 -0.407095
v 0.29877 5.04657 -0.332044
v -0.782125 4.90612 -0.45785
v -0.29877 5.04657 -0.332044
v -0.763612 4.90485 -0.01409
v -0.373183 5.01921 -0.15251
v -0.29877 4.98666 0.023137
v 0 4.98666 0.093962
v 0.29877 4.98666 0.023137
v 0.763612 4.90485 -0.01409
v 0.373183 5.01921 -0.15251
v 0 5.87284 -0.306853
v 0.29877 5.87284 -0.238633
v -0.29877 5.87284 -0.238633
v -0.373183 5.87284 -0.073936
v -0.29877 5.87284 0.090761
v 0 5.87284 0.15898
v 0.29877 5.87284 0.090761
v 0.373183 5.87284 -0.073936
v 3.20379 3.49301 0.007374
v 3.20379 3.70457 -0.420057
v 3.38601 3.71351 -0.413562
v 3.38601 3.50649 0.00698
v 3.20379 3.70416 0.462874
v 3.38601 3.71313 0.453471
v 3.20379 4.24157 0.441761
v 3.38601 4.23909 0.433952
v 3.20354 4.47009 -0.000203
v 3.38578 4.46166 -2.5e-05
v 3.20379 4.24113 -0.441407
v 3.38601 4.23857 -0.4333
v 5.61724 3.67158 0.002152
v 5.61724 3.82288 -0.334032
v 5.83605 3.66344 -0.038306
v 5.80536 3.82196 -0.544691
v 5.61724 4.20717 -0.334032
v 5.80536 4.21616 -0.544691
v 5.61724 4.35847 0.002152
v 5.83605 4.37467 -0.038306
v 5.61724 3.82288 0.338336
v 5.79932 3.8517 0.471
v 5.61724 4.20871 0.338336
v 5.80536 4.23223 0.468079
v -5.83605 3.66344 -0.038306
v -5.79932 3.8517 0.471
v -5.80536 4.23223 0.468079
v -5.83605 4.37467 -0.038306
v -5.80536 3.82196 -0.544691
v -5.80536 4.21615 -0.544691
v 6.18092 3.87171 -0.544691
v 6.24229 3.85142 -0.038306
v 6.18092 4.21616 -0.544691
v 6.24229 4.3494 -0.038306
v 6.16907 3.85543 0.470959
v 6.17533 4.23728 0.467567
v 6.3623 3.83621 1.06605
v 6.34598 3.626 1.03171
v 6.52626 3.87818 0.929694
v 6.4942 3.66777 0.894292
v -6.16907 3.85543 0.470959
v -6.24229 3.85142 -0.038306
v -6.34598 3.626 1.03171
v -6.3623 3.83621 1.06605
v -6.52626 3.87818 0.929694
v -6.4942 3.66777 0.894292
v -6.17533 4.23728 0.467567
v -6.24229 4.3494 -0.038306
v -6.18092 3.87171 -0.544691
v -6.18092 4.21615 -0.544691
v 6.72176 3.92173 -0.291498
v 6.75437 3.93106 -0.038306
v 6.66378 4.19982 -0.544691
v 6.66378 3.90199 -0.544691
v 6.72176 4.25756 -0.291499
v 6.66378 3.9043 0.468079
v 6.72176 3.92288 0.214886
v 6.72176 4.25873 0.214886
v 6.75437 4.29423 -0.038306
v 6.66378 4.20217 0.468079
v -6.72176 3.92288 0.214886
v -6.75437 3.93106 -0.038306
v -6.66378 4.20217 0.468079
v -6.66378 3.9043 0.468079
v -6.72176 4.25873 0.214886
v -6.66378 3.90199 -0.544691
v -6.72176 3.92173 -0.291498
v -6.72176 4.25756 -0.291499
v -6.75437 4.29423 -0.038306
v -6.66378 4.19982 -0.544691
v 5.93716 3.8042 0.692161
v 5.98347 4.14286 0.717825
v 6.25625 3.80185 0.636339
v 6.26671 4.16771 0.638325
v -6.11981 3.71854 0.856433
v -6.14324 4.02478 0.8997
v -6.41903 4.01604 0.812706
v -6.38182 3.72589 0.791711
v 6.11981 3.71854 0.856433
v 6.14324 4.02478 0.8997
v 6.41903 4.01604 0.812706
v 6.38182 3.72589 0.791711
v -5.93716 3.8042 0.692161
v -5.98347 4.14286 0.717825
v -6.26671 4.16771 0.638325
v -6.25625 3.80185 0.636339
v 7.71532 3.98813 0.002401
v 7.71532 4.23452 0.002401
v 7.68732 4.21044 0.174179
v 7.68732 3.98258 0.174179
v -7.55614 3.95776 0.242723
v -7.49816 3.94327 0.440242
v -7.49816 4.17563 0.440242
v -7.55614 4.21976 0.242723
v 7.55614 3.95776 0.242723
v 7.55614 4.21976 0.242723
v 7.49816 4.17563 0.440242
v 7.49816 3.94327 0.440242
v -7.64904 3.99292 -0.082575
v -7.64904 4.2291 -0.082575
v -7.62173 4.20525 -0.24723
v -7.62173 3.98686 -0.24723
v 7.41987 4.00162 -0.332477
v 7.36947 3.98827 -0.503713
v 7.36947 4.1897 -0.503713
v 7.41987 4.22875 -0.332477
v 7.62173 3.98686 -0.24723
v 7.62173 4.20525 -0.24723
v 7.64904 4.2291 -0.082575
v 7.64904 3.99292 -0.082575
v -7.68732 3.98258 0.174179
v -7.68732 4.21044 0.174179
v -7.71532 4.23452 0.002401
v -7.71532 3.98813 0.002401
v -7.41987 4.00162 -0.332477
v -7.41987 4.22875 -0.332477
v -7.36947 4.1897 -0.503713
v -7.36947 3.98827 -0.503713
v -6.72588 3.94017 0.228684
v -6.65966 3.92361 0.454281
v -6.65966 4.18901 0.454281
v -6.72588 4.23942 0.228684
v 6.72588 4.23942 0.228684
v 6.72588 3.94017 0.228684
v 6.65966 4.18901 0.454281
v 6.65966 3.92361 0.454281
v 6.75643 4.27385 -0.024416
v 6.75643 3.95054 -0.024416
v 6.7197 4.24225 0.200996
v 6.7197 3.94325 0.200996
v -6.7197 4.24225 0.200996
v -6.7197 3.94325 0.200996
v -6.75643 4.27385 -0.024416
v -6.75643 3.95054 -0.024416
v -6.75693 4.27528 -0.051184
v -6.75693 3.94906 -0.051184
v -6.7192 4.24234 -0.278621
v -6.7192 3.94067 -0.278621
v 6.7192 3.94067 -0.278621
v 6.7192 4.24234 -0.278621
v 6.75693 4.27528 -0.051184
v 6.75693 3.94906 -0.051184
v 6.72604 3.93865 -0.305057
v 6.6595 3.92103 -0.531133
v 6.6595 4.18696 -0.531133
v 6.72604 4.23852 -0.305057
v -6.72604 4.23852 -0.305057
v -6.72604 3.93865 -0.305057
v -6.6595 4.18696 -0.531133
v -6.6595 3.92103 -0.531133
v 7.17581 4.26468 -0.013033
v 7.17581 3.97402 -0.013033
v 7.14278 4.23628 0.189613
v 7.14278 3.96747 0.189613
v -7.08103 3.95963 0.231683
v -7.01657 3.94352 0.451282
v -7.12049 3.9618 0.232016
v -7.05622 3.94573 0.450949
v -7.01657 4.20186 0.451282
v -7.05622 4.20329 0.450949
v -7.08103 4.25092 0.231683
v -7.12049 4.2522 0.232016
v 7.08103 4.25092 0.231683
v 7.08103 3.95963 0.231683
v 7.01657 4.20186 0.451282
v 7.01657 3.94352 0.451282
v -7.11652 3.98607 -0.06507
v -7.11652 4.27246 -0.06507
v -7.15647 4.27214 -0.066613
v -7.15647 3.99018 -0.066613
v -7.08339 4.24354 -0.264735
v -7.12386 4.24367 -0.263192
v -7.08339 3.97871 -0.264735
v -7.12386 3.98293 -0.263192
v 6.94759 3.96118 -0.518048
v 7.00642 3.97676 -0.318141
v 6.94759 4.19633 -0.518048
v 7.00642 4.24192 -0.318141
v 7.08339 4.24354 -0.264735
v 7.08339 3.97871 -0.264735
v 7.11652 4.27246 -0.06507
v 7.11652 3.98607 -0.06507
v -7.14278 3.96747 0.189613
v -7.14278 4.23628 0.189613
v -7.18979 4.23561 0.188348
v -7.18979 3.97017 0.188348
v -7.17581 4.26468 -0.013033
v -7.22241 4.26367 -0.011768
v -7.17581 3.97402 -0.013033
v -7.22241 3.97663 -0.011768
v -7.00642 3.97676 -0.318141
v -7.00642 4.24192 -0.318141
v -7.03757 4.24229 -0.319595
v -7.03757 3.98099 -0.319595
v -6.94759 4.19633 -0.518048
v -6.9796 4.19737 -0.516595
v -6.94759 3.96118 -0.518048
v -6.9796 3.96564 -0.516595
v 7.22241 3.97663 -0.011768
v 7.22241 4.26367 -0.011768
v 7.2717 4.26075 -0.010351
v 7.2717 3.97778 -0.010351
v 7.18979 4.23561 0.188348
v 7.23955 4.2331 0.186931
v 7.18979 3.97017 0.188348
v 7.23955 3.97141 0.186931
v -7.16405 3.96139 0.233087
v -7.10042 3.94548 0.449878
v -7.10042 4.20052 0.449878
v -7.16405 4.24896 0.233087
v 7.12049 3.9618 0.232016
v 7.12049 4.2522 0.232016
v 7.16405 4.24896 0.233087
v 7.16405 3.96139 0.233087
v 7.05622 4.20329 0.450949
v 7.10042 4.20052 0.449878
v 7.05622 3.94573 0.450949
v 7.10042 3.94548 0.449878
v -7.20573 3.99045 -0.068209
v -7.20573 4.26784 -0.068209
v -7.17365 4.23983 -0.261596
v -7.17365 3.98333 -0.261596
v 7.03757 3.98099 -0.319595
v 6.9796 3.96564 -0.516595
v 7.01859 3.9679 -0.515306
v 7.0758 3.98306 -0.320883
v 6.9796 4.19737 -0.516595
v 7.01859 4.1966 -0.515306
v 7.03757 4.24229 -0.319595
v 7.0758 4.24094 -0.320883
v 7.12386 3.98293 -0.263192
v 7.12386 4.24367 -0.263192
v 7.17365 4.23983 -0.261596
v 7.17365 3.98333 -0.261596
v 7.15647 4.27214 -0.066613
v 7.20573 4.26784 -0.068209
v 7.15647 3.99018 -0.066613
v 7.20573 3.99045 -0.068209
v -7.23955 3.97141 0.186931
v -7.23955 4.2331 0.186931
v -7.2717 4.26075 -0.010351
v -7.2717 3.97778 -0.010351
v -7.0758 3.98306 -0.320883
v -7.0758 4.24094 -0.320883
v -7.01859 4.1966 -0.515306
v -7.01859 3.9679 -0.515306
v 5.50882 3.66356 0.002387
v 5.50882 3.81757 -0.337897
v 5.50882 3.81755 0.343931
v 5.50882 4.21018 0.342982
v 5.50881 4.36348 0.002046
v 5.50882 4.20869 -0.338856
v -3.77198 3.73242 -0.399804
v -3.77198 3.53505 0.006145
v -3.77198 3.73211 0.433555
v -3.77198 4.23384 0.417412
v -3.77178 4.44381 0.000351
v -3.77198 4.23314 -0.416128
v 3.57899 3.52077 0.006563
v 3.57899 3.72297 -0.406683
v 3.77198 3.73242 -0.399804
v 3.77198 3.53505 0.006145
v 3.57899 3.72262 0.443513
v 3.77198 3.73211 0.433555
v 3.57899 4.23646 0.425682
v 3.77198 4.23384 0.417412
v 3.57878 4.45273 0.000163
v 3.77178 4.44381 0.000351
v 3.57899 4.23585 -0.424714
v 3.77198 4.23314 -0.416128
v -3.38601 3.71351 -0.413562
v -3.38601 3.50649 0.00698
v -3.57899 3.72297 -0.406683
v -3.57899 3.52077 0.006563
v -3.38601 3.71313 0.453471
v -3.57899 3.72262 0.443513
v -3.38601 4.23909 0.433952
v -3.57899 4.23646 0.425682
v -3.38578 4.46166 -2.5e-05
v -3.57878 4.45273 0.000163
v -3.38601 4.23857 -0.4333
v -3.57899 4.23585 -0.424714
v 1.31442 -8.39241 -0.558453
v 1.55228 -8.51624 -0.106866
v 1.63056 -8.50609 -0.09015
v 1.35189 -8.38282 -0.615259
v 1.31108 -8.22859 0.286876
v 1.35189 -8.22262 0.36972
v 0.836748 -8.21981 0.286145
v 0.794548 -8.21163 0.36972
v 0.599327 -8.5162 -0.104403
v 0.515879 -8.50605 -0.09015
v 0.836425 -8.39241 -0.559171
v 0.794548 -8.38282 -0.615259
v -1.30364 -9.23612 -0.611976
v -1.57113 -9.23612 -0.096961
v -1.35189 -8.38282 -0.615259
v -1.63056 -8.50609 -0.09015
v -1.58089 -9.23612 1.09241
v -1.29894 -9.23612 1.34147
v -1.30825 -8.8566 1.3194
v -1.59008 -8.82101 1.09701
v -0.778122 -9.23612 1.34147
v -0.772025 -8.85656 1.3194
v -0.496345 -9.23612 1.09262
v -0.483468 -8.82463 1.09701
v -0.524402 -9.23612 -0.096961
v -0.794554 -9.23612 -0.611976
v -0.794548 -8.38282 -0.615259
v -0.515879 -8.50605 -0.09015
v 1.59008 -8.82101 1.09701
v 1.30709 -8.69177 1.09701
v 1.30825 -8.8566 1.3194
v 1.61049 -9.23612 0.377714
v 1.60638 -9.41425 0.377582
v 0.790644 -8.69157 1.09701
v 0.772025 -8.85656 1.3194
v 0.483468 -8.82463 1.09701
v 0.475181 -9.23612 0.377715
v 0.478007 -9.41425 0.377583
v -1.30628 -8.75472 0.849671
v -1.65313 -8.92975 0.849669
v -1.30709 -8.69177 1.09701
v -1.64697 -9.23612 0.849669
v -0.80363 -8.75279 0.849671
v -0.790644 -8.69157 1.09701
v -0.462172 -9.23612 0.849669
v -0.450869 -8.93132 0.849669
v 1.30547 -8.62168 0.574203
v 1.62461 -8.77297 0.378167
v 0.816617 -8.61803 0.574203
v 0.465453 -8.77249 0.378167
v 0.462172 -9.23612 0.849669
v 0.465455 -9.41425 0.849669
v 0.80363 -8.75279 0.849671
v 0.450869 -8.93132 0.849669
v 1.30628 -8.75472 0.849671
v 1.65313 -8.92975 0.849669
v 1.64697 -9.23612 0.849669
v 1.64518 -9.41425 0.849669
v -0.475181 -9.23612 0.377715
v -0.465453 -8.77249 0.378167
v -0.794548 -8.21163 0.36972
v -0.816617 -8.61803 0.574203
v -1.35189 -8.22262 0.36972
v -1.30547 -8.62168 0.574203
v -1.62461 -8.77297 0.378167
v -1.61049 -9.23612 0.377714
v 1.34552 -7.87577 -0.613624
v 1.60194 -7.87385 -0.113608
v 1.32891 -7.88739 0.325548
v 0.822878 -7.88025 0.321918
v 0.568596 -7.87381 -0.101387
v 0.821281 -7.87578 -0.617185
v -1.31442 -8.39241 -0.558453
v -1.55228 -8.51624 -0.106866
v -1.31108 -8.22859 0.286876
v -0.836748 -8.21981 0.286145
v -0.599327 -8.5162 -0.104403
v -0.836425 -8.39241 -0.559171
v 1.33034 -7.69595 -0.579397
v 1.56553 -7.69445 -0.114577
v 1.6571 -7.68729 -0.109421
v 1.3748 -7.68926 -0.663287
v 1.30899 -7.70481 0.292079
v 1.35318 -7.70108 0.376167
v 0.847359 -7.69935 0.287412
v 0.797433 -7.69381 0.371443
v 0.614918 -7.69441 -0.098863
v 0.517911 -7.68724 -0.093514
v 0.845306 -7.69597 -0.583976
v 0.795354 -7.68928 -0.667921
v -1.34552 -7.87577 -0.613624
v -1.60194 -7.87385 -0.113608
v -1.3748 -7.68926 -0.663287
v -1.6571 -7.68729 -0.109421
v -1.32891 -7.88739 0.325548
v -1.35318 -7.70108 0.376167
v -0.822878 -7.88025 0.321918
v -0.797433 -7.69381 0.371443
v -0.568596 -7.87381 -0.101387
v -0.517911 -7.68724 -0.093514
v -0.821281 -7.87578 -0.617185
v -0.795354 -7.68928 -0.667921
v 1.40987 -6.09071 -0.674054
v 1.68228 -6.09047 -0.099692
v 1.34965 -6.09047 0.393718
v 0.829508 -6.0905 0.380555
v 0.564846 -6.09043 -0.05537
v 0.823716 -6.09078 -0.686967
v -1.29504 -9.41425 -0.615484
v -1.56551 -9.41425 -0.105918
v -1.60638 -9.41425 0.377582
v -1.64518 -9.41425 0.849669
v -1.57823 -9.41425 1.09631
v -1.29624 -9.41425 1.3351
v -0.779893 -9.41425 1.3351
v -0.500086 -9.41425 1.09658
v -0.465455 -9.41425 0.849669
v -0.478007 -9.41425 0.377583
v -0.519559 -9.41425 -0.105917
v -0.787331 -9.41425 -0.615484
v -3.20379 4.24113 -0.441407
v -3.20379 3.70457 -0.420057
v -3.20354 4.47009 -0.000203
v -3.20379 4.24157 0.441761
v -3.20379 3.70416 0.462874
v -3.20379 3.49301 0.007374
v 0.546925 -5.72043 -0.054762
v 0.807095 -5.71888 -0.615003
v 0.812279 -5.72036 0.405628
v 1.35868 -5.71377 0.412886
v 1.66879 -5.71267 -0.077539
v 1.39844 -5.71174 -0.607834
vn 0.16596 0.08798 -0.9822
vn 0.197589 -0.018797 -0.980105
vn 0.198655 -0.022544 -0.97981
vn -0.16596 0.08798 -0.9822
vn -0.197589 -0.018797 -0.980105
vn -0.198655 -0.022544 -0.97981
vn -0.929343 0.024549 -0.3684
vn -0.938613 -0.103138 -0.329195
vn -0.93863 -0.112492 -0.326066
vn -0.947419 -0.041643 0.317276
vn -0.940333 -0.112917 0.320972
vn -0.940326 -0.11297 0.320974
vn -0.312636 -0.185111 0.931661
vn -0.375953 -0.13986 0.916023
vn -0.375998 -0.139827 0.91601
vn 0.312636 -0.185111 0.931661
vn 0.375953 -0.13986 0.916023
vn 0.375998 -0.139827 0.91601
vn 0.947419 -0.041643 0.317276
vn 0.940333 -0.112917 0.320972
vn 0.940326 -0.11297 0.320974
vn 0.929343 0.024549 -0.3684
vn 0.938612 -0.103138 -0.329195
vn 0.93863 -0.112492 -0.326067
vn 0.341124 0.937559 -0.067944
vn 0.341124 0.93756 -0.067944
vn 0.278379 0.935551 0.217372
vn 0.379547 0.193497 0.904712
vn 0.363885 0.231816 0.902136
vn 0.141264 0.635108 0.759396
vn -0.363885 0.231816 0.902136
vn -0.379547 0.193497 0.904712
vn -0.141264 0.635108 0.759396
vn -0.278379 0.935551 0.217372
vn -0.341124 0.93756 -0.067944
vn -0.2161 0.145419 -0.965481
vn -0.212854 0.031881 -0.976564
vn -0.16702 0.789473 -0.590624
vn 0.212854 0.031881 -0.976564
vn 0.2161 0.145419 -0.965481
vn 0.16702 0.789473 -0.590624
vn 0.446783 -0.003378 0.894636
vn 0.444448 0.004898 0.895791
vn -0.444448 0.004898 0.895791
vn -0.446783 -0.003378 0.894636
vn -0.212544 -0.075304 -0.974246
vn -0.212085 -0.071274 -0.974649
vn 0.212085 -0.071274 -0.974649
vn 0.212544 -0.075304 -0.974246
vn 0.960936 -0.155064 -0.229254
vn 0.960297 -0.154796 -0.232094
vn 0.967068 -0.157764 -0.199722
vn 0.967069 -0.157764 -0.199722
vn 0.930048 -0.106582 0.351639
vn 0.929802 -0.105733 0.352545
vn 0.926386 -0.094421 0.364546
vn 0.44189 -0.060147 0.895051
vn 0.442565 -0.059213 0.89478
vn -0.442565 -0.059212 0.89478
vn -0.44189 -0.060147 0.895051
vn -0.929802 -0.105733 0.352545
vn -0.930048 -0.106582 0.351639
vn -0.926386 -0.094421 0.364546
vn -0.960297 -0.154796 -0.232093
vn -0.960936 -0.155064 -0.229254
vn -0.967068 -0.157764 -0.199722
vn -0.212817 -0.085762 -0.973321
vn -0.21317 -0.087655 -0.973075
vn 0.21317 -0.087655 -0.973075
vn 0.212817 -0.085762 -0.973321
vn 0.397185 -0.824086 -0.403889
vn 0.382869 -0.021858 -0.923544
vn 0.382919 0.900574 -0.205767
vn 0.492555 -0.709595 0.503849
vn 0.28813 0.922019 0.258577
vn 0.337042 0.014518 0.941378
vn -0.508331 -0.848815 0.145299
vn -0.492554 -0.709596 0.50385
vn -0.495363 -0.868648 0.008149
vn -0.337042 0.014518 0.941378
vn -0.288132 0.922019 0.258577
vn -0.342351 0.93864 0.041843
vn -0.349796 0.936812 0.005127
vn -0.397184 -0.824086 -0.403889
vn -0.382921 0.900573 -0.205766
vn -0.382869 -0.021858 -0.923544
vn 0 -0.89911 -0.437723
vn 0.000351 0.007521 -0.999972
vn 0.067056 0.923954 -0.376581
vn 0.067056 0.923953 -0.376581
vn 0 -0.88897 0.457966
vn 0 -0.888969 0.457966
vn 0.05285 0.950512 0.306159
vn 0.001006 0.035019 0.999386
vn 0 -0.888969 0.457967
vn -0.001006 0.03502 0.999386
vn -0.05285 0.950513 0.306158
vn -0.067056 0.923954 -0.37658
vn -0.000351 0.007521 -0.999972
vn 0.030294 0.074671 -0.996748
vn 0.031558 0.066045 -0.997317
vn 0.02329 0.122083 -0.992247
vn 0.884528 0.167788 -0.435268
vn 0.885712 0.159491 -0.435978
vn 0.875033 0.222801 -0.429742
vn 0.843513 0.138956 0.518822
vn 0.843614 0.141155 0.518064
vn 0.844327 0.161272 0.510984
vn 0.086433 -0.034238 0.995669
vn 0.095729 -0.048143 0.994243
vn 0.128649 -0.097601 0.986876
vn -0.866731 -0.071496 0.493625
vn -0.865103 -0.077498 0.495572
vn -0.856466 -0.107276 0.504933
vn -0.877299 -0.105563 -0.46819
vn -0.877449 -0.105075 -0.46802
vn -0.873145 -0.118795 -0.472764
vn 0.05461 0.200977 -0.978073
vn 0.828725 0.354994 -0.43266
vn 0.852053 0.220667 0.47467
vn 0.133228 0.030938 0.990602
vn -0.698764 -0.514578 0.496929
vn -0.733303 -0.507572 -0.452368
vn -0.367191 -0.827174 -0.425386
vn -0.291409 -0.891162 0.347723
vn 0 -0.931594 0.3635
vn 0.19872 -0.076342 0.977078
vn 0.12148 0.190372 -0.974167
vn -0.040636 0.008258 -0.99914
vn -0.032367 0.066737 -0.997246
vn -0.031444 0.073194 -0.996822
vn -0.883125 0.125156 -0.452135
vn -0.864019 0.197349 -0.463167
vn -0.865927 0.190944 -0.462289
vn -0.842101 0.114722 0.526977
vn -0.843513 0.138956 0.518822
vn -0.843614 0.141155 0.518064
vn -0.04714 0.024245 0.998594
vn -0.086433 -0.034238 0.995669
vn -0.095729 -0.048143 0.994243
vn 0.878955 -0.020954 0.476444
vn 0.865103 -0.077498 0.495572
vn 0.866731 -0.071496 0.493625
vn 0.882455 -0.088208 -0.462053
vn 0.877449 -0.105075 -0.46802
vn 0.877299 -0.105563 -0.46819
vn -0.087887 0.162941 -0.982714
vn -0.833241 0.315659 -0.453948
vn -0.852053 0.220667 0.47467
vn -0.133228 0.030938 0.990602
vn 0.698765 -0.514577 0.496929
vn 0.787798 -0.374506 -0.488999
vn 0.322452 -0.841795 -0.432905
vn 0.322452 -0.841794 -0.432905
vn 0.29141 -0.891162 0.347723
vn -0.19872 -0.076342 0.977078
vn -0.083789 0.203812 -0.975418
vn 0.805769 0.457405 -0.376188
vn 0.856661 0.361015 0.36851
vn 0.275477 0.040786 0.960442
vn 0.284919 0.063003 0.956479
vn 0.293477 0.083459 0.952316
vn 0.129627 0.383097 -0.914567
vn 0.129627 0.383098 -0.914567
vn -0.80536 0.469137 -0.362362
vn -0.80536 0.469136 -0.362362
vn -0.856661 0.361015 0.36851
vn -0.284919 0.063003 0.956479
vn -0.275477 0.040786 0.960442
vn -0.293477 0.083459 0.952316
vn -0.115156 0.407247 -0.906029
vn 0.873145 -0.118795 -0.472764
vn 0.856466 -0.107276 0.504933
vn -0.128649 -0.097601 0.986876
vn -0.844327 0.161271 0.510984
vn -0.845524 0.253367 -0.469994
vn -0.024225 0.123319 -0.992071
vn -0.882455 -0.088209 -0.462053
vn -0.878955 -0.020954 0.476444
vn 0.04714 0.024245 0.998594
vn 0.842101 0.114723 0.526977
vn 0.892489 0.098179 -0.440254
vn 0.040269 0.006003 -0.999171
vn 0.04512 0.000277 -0.998982
vn 0.893943 0 -0.44818
vn 0.843904 -0.003646 0.536481
vn 0.018981 -0.02359 0.999542
vn -0.882917 -0.011204 0.469396
vn -0.888659 -0.004276 -0.458549
vn -0.04512 0.000277 -0.998982
vn -0.893943 0 -0.44818
vn -0.843904 -0.003646 0.536481
vn -0.018981 -0.02359 0.999542
vn 0.882917 -0.011204 0.469396
vn 0.888659 -0.004276 -0.458549
vn 0.045581 0 -0.998961
vn 0.840784 0 0.541371
vn 0 0 1
vn -0.879108 0 0.476623
vn -0.889706 0 -0.456535
vn -0.045581 0 -0.998961
vn -0.840784 0 0.541371
vn 0.879108 0 0.476623
vn 0.889706 0 -0.456535
vn 0.840783 0 0.541372
vn -0.840783 0 0.541372
vn -0.889705 0 -0.456535
vn 0 0.019689 -0.999806
vn 0 0.000145 -1
vn 0 -0.000151 -1
vn 0.881849 -0.051443 -0.468717
vn 0.881775 -0.052064 -0.468787
vn 0.885219 -0.019078 -0.464784
vn 0.645393 -0.00332 0.763843
vn 0.645535 -0.003509 0.763723
vn 0.654166 -0.015119 0.7562
vn 1e-06 0.029019 0.999579
vn 1e-06 0.028845 0.999584
vn -0 -0.035761 0.99936
vn -0.642809 -0.0035 0.766019
vn -0.642601 -0.003307 0.766194
vn -0.655362 -0.015259 0.755161
vn -0.655362 -0.015259 0.75516
vn -0.88444 0.005118 -0.466625
vn -0.884444 0.005309 -0.466616
vn -0.884446 0.046202 -0.464351
vn -0.016301 -0.061733 -0.99796
vn -0.016371 0.007512 -0.999838
vn -0.01637 0.00381 -0.999859
vn -0.898533 0.000154 -0.438906
vn -0.898531 -0.003234 -0.438898
vn -0.896638 -0.065727 -0.437858
vn -0.836165 0.002527 0.548473
vn -0.836135 0.00439 0.548507
vn -0.835467 -0.060642 0.546184
vn 0.017643 0.010146 0.999793
vn 0.017634 0.010893 0.999785
vn 0.018458 -0.060181 0.998017
vn 0.855008 0.031215 0.517674
vn 0.854971 0.032348 0.517667
vn 0.855173 -0.040058 0.516793
vn 0.915351 0.036436 -0.401005
vn 0.915264 0.038946 -0.400967
vn 0.915609 -0.027882 -0.401102
vn -0.01566 0.181538 -0.983259
vn -0.894601 0.080784 -0.439502
vn -0.894601 0.080784 -0.439503
vn -0.836928 -0.024991 0.546743
vn 0.018742 -0.059327 0.998063
vn 0.859298 -0.058439 0.508125
vn 0.916824 -0.003629 -0.399276
vn -0.067041 -0.907744 0.414134
vn -0.067041 -0.907744 0.414133
vn -0.067043 -0.909715 0.409786
vn -0.046844 0.018218 0.998736
vn -0.046845 0.01818 0.998737
vn -0.047153 0.001217 0.998887
vn -0.03601 0.901769 0.430716
vn -0.03601 0.901778 0.430697
vn -0.035854 0.912163 0.408257
vn -0.062663 -0.903301 -0.424406
vn -0.062662 -0.903292 -0.424425
vn -0.062821 -0.909669 -0.410555
vn -0.037007 0.900574 -0.433126
vn -0.037007 0.900563 -0.433148
vn -0.036824 0.910599 -0.411648
vn -0.04035 -0.018443 -0.999015
vn -0.04035 -0.018481 -0.999015
vn -0.040056 -0.001236 -0.999197
vn 0.075582 0.802999 0.591168
vn -0.075582 0.803 0.591167
vn 0.130136 0.853152 -0.505171
vn 0.130136 0.853152 -0.50517
vn -0.130136 0.853153 -0.505168
vn -0.279656 0.959912 0.01901
vn -0.186271 0.956888 0.222864
vn 0.035818 0.91405 0.404016
vn 0.035818 0.914051 0.404016
vn -0.035818 0.91405 0.404017
vn 0.186272 0.956888 0.222865
vn 0.279656 0.959912 0.019012
vn 0.233248 0.113783 -0.965738
vn -0.233248 0.113783 -0.965738
vn -0.918304 0.040318 -0.393819
vn -0.916888 -0.033423 0.397743
vn -0.22604 -0.0727 0.971401
vn 0.22604 -0.0727 0.971402
vn 0.22604 -0.0727 0.971401
vn 0.916888 -0.033423 0.397743
vn 0.918304 0.040318 -0.393818
vn 0.06244 -0.894956 -0.441763
vn 0.062454 -0.895466 -0.440727
vn 0.062454 -0.895458 -0.440743
vn 0.067034 -0.905349 0.419343
vn 0.067034 -0.905489 0.419042
vn 0.046464 0.038141 0.998192
vn 0.046486 0.036988 0.998234
vn 0.046486 0.037017 0.998233
vn 0.036174 0.888467 0.457513
vn 0.036164 0.88926 0.455971
vn 0.036164 0.889264 0.455962
vn 0.037206 0.887722 -0.458874
vn 0.037194 0.888487 -0.457392
vn 0.037194 0.888493 -0.457381
vn 0.040679 -0.038643 -0.998425
vn 0.040661 -0.037503 -0.998469
vn 0.04066 -0.03748 -0.99847
vn -0.223597 -0.917407 -0.329193
vn -0.745876 1e-06 -0.666085
vn -0.257058 0.910016 -0.325256
vn -0.037485 -0.927869 0.371018
vn -0.161022 0.934269 0.31814
vn -0.578986 0.007675 0.815302
vn -0.578985 0.007675 0.815302
vn 0.037485 -0.927868 0.371019
vn 0.578985 0.007675 0.815302
vn 0.161022 0.934269 0.31814
vn 0.223598 -0.917407 -0.329194
vn 0.257058 0.910015 -0.325259
vn 0.257058 0.910016 -0.325259
vn 0.745876 1e-06 -0.666085
vn 0.285539 -0.938993 -0.191731
vn -0 0 -1
vn 0.031025 0.959704 -0.279294
vn 0.190594 -0.974073 0.121889
vn 0.234775 -0.950248 0.204716
vn 0.165934 -0.983159 0.076581
vn 0.025402 0.96891 0.246106
vn 0.02035 0.96315 0.268193
vn 0.017519 0.959698 0.280486
vn 0.675746 -0.195557 0.710721
vn -0.234776 -0.950249 0.204714
vn -0.190594 -0.974072 0.121888
vn -0.165935 -0.983159 0.076581
vn -0.675747 -0.195557 0.710721
vn -0.02035 0.96315 0.268193
vn -0.025402 0.96891 0.246106
vn -0.017519 0.959698 0.280486
vn -0.285539 -0.938993 -0.19173
vn -0.031025 0.959704 -0.279295
vn 0.106214 -0.994266 -0.012395
vn 0.109818 -0.993899 -0.010198
vn 0.153648 -0.987986 0.016636
vn 0.042969 0.967302 -0.249962
vn 0.050632 0.969771 -0.238706
vn 0.054183 0.970854 -0.233469
vn 0.122072 -0.992519 0.002028
vn 0.12575 -0.992062 0.000384
vn 0.127894 -0.991788 -0.000576
vn 0.071501 0.973336 0.217956
vn 0.073765 0.974124 0.213636
vn 0.105891 0.982783 0.151409
vn 0.002339 0.00497 0.999985
vn -0.12575 -0.992062 0.000383
vn -0.127894 -0.991788 -0.000576
vn -0.153658 -0.98805 -0.012128
vn -0.002339 0.00497 0.999985
vn -0.066793 0.971623 0.226909
vn -0.071501 0.973336 0.217956
vn -0.073765 0.974124 0.213636
vn -0.099677 -0.994885 -0.016376
vn -0.106214 -0.994266 -0.012395
vn -0.109818 -0.9939 -0.010197
vn -0.050631 0.969771 -0.238707
vn -0.054182 0.970853 -0.23347
vn -0.105817 0.982096 -0.15585
vn -0.823966 0.042111 0.565073
vn -0.77266 0.022737 0.634413
vn -0.784784 0.027131 0.619175
vn -0.050114 -0.942473 -0.330503
vn -0.034106 -0.957164 -0.287531
vn 0.879806 -0.02056 -0.474889
vn 0.808663 -0.027432 -0.587632
vn 0.839663 -0.024666 -0.542548
vn 0.074308 0.889305 0.451238
vn 0.050318 0.906084 0.420094
vn 0.670251 -0.035532 0.741284
vn 0.684102 -0.023058 0.729022
vn 0.633691 -0.067036 0.770676
vn -0.168232 0.819466 0.547881
vn -0.198018 0.799251 0.567439
vn -0.245534 0.763679 0.597083
vn -0.741686 -0.028279 -0.670151
vn -0.730331 -0.024982 -0.682636
vn -0.699636 -0.01633 -0.714313
vn 0.079971 -0.915972 -0.393193
vn 0.076449 -0.916416 -0.392857
vn 0.084341 -0.915404 -0.393602
vn -0.670251 -0.035532 0.741284
vn -0.684102 -0.023057 0.729022
vn 0.168232 0.819466 0.547881
vn 0.198017 0.799251 0.567439
vn 0.730331 -0.024982 -0.682636
vn 0.741685 -0.028279 -0.670151
vn -0.079971 -0.915972 -0.393193
vn -0.076449 -0.916416 -0.392858
vn 0.823966 0.042111 0.565073
vn 0.77266 0.022736 0.634413
vn 0.784784 0.027131 0.619175
vn -0.074308 0.889305 0.451238
vn -0.050318 0.906084 0.420095
vn -0.879806 -0.02056 -0.474889
vn -0.808663 -0.027433 -0.587632
vn -0.839663 -0.024666 -0.542548
vn 0.050114 -0.942474 -0.330503
vn 0.034106 -0.957164 -0.28753
vn -0.633691 -0.067036 0.770676
vn 0.245534 0.763679 0.597082
vn 0.699636 -0.01633 -0.714313
vn -0.084341 -0.915404 -0.393602
vn 0.066793 0.971623 0.226909
vn -0.105891 0.982783 0.151409
vn 0.105817 0.982096 -0.155852
vn -0.042968 0.967301 -0.249964
vn 0.153659 -0.98805 -0.012128
vn -0.122072 -0.992519 0.002028
vn 0.099678 -0.994885 -0.016377
vn -0.153648 -0.987986 0.016636
vn 0.986979 0 0.160848
vn -0.959519 0 0.281646
vn 0.959519 0 0.281646
vn -0.986516 0 -0.163667
vn 0.959319 2e-06 -0.282325
vn 0.986516 0 -0.163667
vn -0.986979 3e-06 0.160848
vn -0.959319 3e-06 -0.282325
vn -0.967964 -3e-05 0.251089
vn -0.958169 0 -0.286202
vn -0.967965 -3.2e-05 0.251084
vn 0.958169 0 -0.286202
vn 0.967965 -2.6e-05 0.251085
vn 0.967965 2e-05 0.251084
vn 0.989166 0 -0.146799
vn 0.989665 1.7e-05 0.143399
vn 0.989665 -3.4e-05 0.1434
vn -0.989166 0 -0.146799
vn -0.989665 2.3e-05 0.1434
vn -0.989665 1.7e-05 0.143398
vn -0.980813 -2e-06 0.19495
vn -0.989458 0 -0.144822
vn -0.980813 2e-06 0.194951
vn -0.989459 1.2e-05 -0.144814
vn 0.980813 2e-06 0.194951
vn 0.989458 -1.6e-05 -0.144821
vn 0.980813 0 0.19495
vn 0.989459 5e-05 -0.144815
vn 0.96787 3e-06 -0.251451
vn 0.953631 0 0.300977
vn 0.967872 -1.5e-05 -0.251442
vn 0.953642 0 0.300945
vn -0.953642 2e-06 0.300945
vn -0.967872 -2.3e-05 -0.251445
vn -0.953632 0 0.300976
vn -0.96787 -3.2e-05 -0.251449
vn -0.967871 -3.2e-05 -0.251449
vn 0.027134 0 -0.999632
vn 0.017795 0.989757 0.141647
vn 0.026896 0 0.999638
vn 0.056524 -0.998136 -0.023034
vn -0.055113 -0.996853 -0.056984
vn -0.055118 -0.996852 -0.056985
vn -0.008403 -0 0.999965
vn 0.03343 0.977438 0.20856
vn 0.033431 0.977438 0.20856
vn 0.033438 0.977438 0.20856
vn -0.008444 0 -0.999964
vn -0.008445 0 -0.999964
vn 0.008444 0 -0.999964
vn -0.033429 0.977438 0.20856
vn -0.033431 0.977438 0.208559
vn 0.008402 -0 0.999965
vn 0.055112 -0.996853 -0.056981
vn -0.038587 -0 0.999255
vn -0.002222 0.989622 -0.14368
vn -0.002221 0.989622 -0.14368
vn -0.002224 0.989622 -0.143679
vn -0.0381 -1e-06 -0.999274
vn -0.103113 -0.994477 0.019557
vn -0.103113 -0.994477 0.019554
vn 0.136281 -0.989977 0.037065
vn 0.136282 -0.989977 0.037065
vn 0.045372 0 -0.99897
vn -0.021915 0.976115 -0.216148
vn 0.046615 0 0.998913
vn 0.0381 -1e-06 -0.999274
vn 0.002221 0.989622 -0.143681
vn 0.002222 0.989622 -0.143681
vn 0.038587 0 0.999255
vn 0.103112 -0.994477 0.019557
vn 0.103112 -0.994478 0.019557
vn -0.026896 0 0.999638
vn -0.017795 0.989757 0.141647
vn -0.017793 0.989757 0.141649
vn -0.027134 -0 -0.999632
vn -0.056524 -0.998136 -0.023033
vn -0.05652 -0.998136 -0.023036
vn -0.046615 0 0.998913
vn -0.046613 0 0.998913
vn 0.021916 0.976116 -0.216144
vn -0.045372 0 -0.99897
vn -0.045371 0 -0.99897
vn -0.136281 -0.989977 0.037065
vn -0.136286 -0.989976 0.037063
vn 0.028734 0 -0.999587
vn 0.054166 0.987611 0.147278
vn 0.05416 0.987611 0.147277
vn 0.05416 0.987611 0.147276
vn 0.028467 0 0.999595
vn 0.024137 -0.999307 -0.028352
vn 0.024135 -0.999307 -0.028349
vn 0.00738 -0.99713 -0.07535
vn 0.007379 -0.99713 -0.07535
vn -0.024221 -0 0.999707
vn -0.066385 0.969464 0.236079
vn -0.066384 0.969464 0.236078
vn -0.02457 0 -0.999698
vn 0.024569 0 -0.999698
vn 0.02457 0 -0.999698
vn 0.066387 0.969462 0.236086
vn 0.066385 0.969464 0.236078
vn 0.066384 0.969464 0.236078
vn 0.024221 -0 0.999707
vn -0.007385 -0.99713 -0.075344
vn -0.00738 -0.99713 -0.075345
vn -0.032388 -0 0.999475
vn -0.080973 0.984434 -0.155992
vn -0.080974 0.984434 -0.155993
vn -0.032044 -1e-06 -0.999487
vn -0.006725 -0.999339 0.035729
vn -0.006727 -0.999339 0.035729
vn 0.055836 -0.996559 0.061252
vn 0.055836 -0.996559 0.061251
vn 0.055836 -0.99656 0.06125
vn 0.033022 0 -0.999455
vn 0.026723 0.972889 -0.229722
vn 0.026729 0.972888 -0.229728
vn 0.033677 0 0.999433
vn 0.033677 1e-06 0.999433
vn 0.032044 -1e-06 -0.999487
vn 0.080971 0.984433 -0.155995
vn 0.080973 0.984434 -0.155991
vn 0.032389 0 0.999475
vn 0.032388 0 0.999475
vn 0.006717 -0.999339 0.035728
vn 0.006726 -0.999339 0.035729
vn 0.006725 -0.999339 0.035729
vn -0.028467 0 0.999595
vn -0.05416 0.987611 0.147277
vn -0.054159 0.987612 0.147276
vn -0.028734 -0 -0.999587
vn -0.024135 -0.999307 -0.028349
vn -0.033677 1e-06 0.999433
vn -0.026729 0.972888 -0.229728
vn -0.02673 0.972888 -0.229729
vn -0.033022 0 -0.999455
vn -0.055836 -0.996559 0.061251
vn -0.055836 -0.99656 0.06125
vn 0.008446 0 -0.999964
vn 0.055111 -0.996853 -0.056979
vn 0.008403 -0 0.999965
vn -0.033438 0.977438 0.208558
vn -0.008402 -0 0.999965
vn 0.066384 0.969464 0.236077
vn -0.024569 0 -0.999698
vn 0.007385 -0.99713 -0.075348
vn -0.066387 0.969462 0.236085
vn 0.056525 -0.998136 -0.023034
vn 0.017793 0.989757 0.141649
vn 0.024134 -0.999307 -0.028349
vn 0.054159 0.987611 0.147276
vn 0.054159 0.987612 0.147276
vn -0.024137 -0.999307 -0.028352
vn -0.054167 0.987611 0.147279
vn 0.038099 -1e-06 -0.999274
vn 0.103113 -0.994477 0.019554
vn 0.002224 0.989622 -0.14368
vn -0.103112 -0.994478 0.019557
vn -0.103112 -0.994477 0.019557
vn 0.006727 -0.999339 0.035729
vn 0.080974 0.984434 -0.155991
vn -0.006716 -0.999339 0.035726
vn -0.080968 0.984435 -0.15599
vn 0.136288 -0.989976 0.037065
vn 0.046613 0 0.998913
vn -0.021915 0.976116 -0.216143
vn 0.02673 0.972888 -0.229729
vn 0.033023 0 -0.999455
vn -0.055836 -0.996559 0.061254
vn -0.033677 0 0.999433
vn -0.026723 0.97289 -0.229721
vn -0.033021 0 -0.999455
vn 0.062662 -0.903292 -0.424426
vn 0.062663 -0.9033 -0.424408
vn 0.062821 -0.90967 -0.410553
vn 0.067041 -0.907744 0.414134
vn 0.067041 -0.907743 0.414135
vn 0.067044 -0.909714 0.409788
vn 0.046845 0.01818 0.998737
vn 0.046844 0.018218 0.998736
vn 0.047153 0.001217 0.998887
vn 0.03601 0.901778 0.430697
vn 0.03601 0.901769 0.430716
vn 0.035854 0.912163 0.408257
vn 0.037007 0.900563 -0.433148
vn 0.037007 0.900574 -0.433125
vn 0.036824 0.910599 -0.411648
vn 0.04035 -0.018481 -0.999015
vn 0.04035 -0.018443 -0.999015
vn 0.040056 -0.001236 -0.999197
vn -0.062636 -0.902296 -0.426542
vn -0.062636 -0.902279 -0.426579
vn -0.06704 -0.907443 0.414793
vn -0.06704 -0.907444 0.414791
vn -0.046796 0.020784 0.998688
vn -0.046797 0.020712 0.99869
vn -0.036033 0.900137 0.434113
vn -0.036033 0.900149 0.434089
vn -0.037033 0.899002 -0.436376
vn -0.037034 0.898987 -0.436406
vn -0.040393 -0.021014 -0.998963
vn -0.040394 -0.021075 -0.998962
vn 0.062481 -0.896479 -0.438659
vn 0.062481 -0.896487 -0.438642
vn 0.062636 -0.902296 -0.426543
vn 0.062636 -0.902279 -0.42658
vn 0.067035 -0.905773 0.418427
vn 0.067035 -0.905773 0.418428
vn 0.06704 -0.907443 0.414792
vn 0.06704 -0.907443 0.414794
vn 0.046532 0.034652 0.998316
vn 0.046531 0.034682 0.998315
vn 0.046797 0.020712 0.99869
vn 0.046796 0.020784 0.998688
vn 0.036146 0.890878 0.452803
vn 0.036146 0.890873 0.452813
vn 0.036033 0.900137 0.434113
vn 0.036033 0.900149 0.434089
vn 0.037171 0.890045 -0.454355
vn 0.037171 0.890051 -0.454343
vn 0.037034 0.898987 -0.436406
vn 0.037033 0.899002 -0.436376
vn 0.040623 -0.035143 -0.998556
vn 0.040623 -0.035118 -0.998557
vn 0.040394 -0.021075 -0.998962
vn 0.040393 -0.021014 -0.998963
vn -0.062454 -0.895466 -0.440727
vn -0.062454 -0.895458 -0.440743
vn -0.062482 -0.896488 -0.438641
vn -0.062481 -0.896479 -0.438658
vn -0.067034 -0.905489 0.419042
vn -0.067035 -0.905774 0.418426
vn -0.067035 -0.905774 0.418427
vn -0.046486 0.037017 0.998233
vn -0.046486 0.036988 0.998234
vn -0.046532 0.034652 0.998316
vn -0.046531 0.034682 0.998315
vn -0.036164 0.88926 0.455971
vn -0.036164 0.889264 0.455962
vn -0.036146 0.890873 0.452812
vn -0.036146 0.890878 0.452803
vn -0.037194 0.888493 -0.457381
vn -0.037194 0.888487 -0.457392
vn -0.037171 0.890045 -0.454355
vn -0.037171 0.890051 -0.454343
vn -0.04066 -0.03748 -0.99847
vn -0.040661 -0.037503 -0.998469
vn -0.040623 -0.035143 -0.998556
vn -0.040623 -0.035118 -0.998557
vn 0 1 0
vn 0.894896 0.034485 -0.444941
vn 0.897353 0.090397 -0.431956
vn 0.88632 -0.020623 -0.462614
vn 0.888166 -0.004608 -0.459501
vn 0.896181 0.187699 0.402031
vn 0.880777 0.075289 0.467509
vn 0.243912 0.868129 -0.432272
vn 2.6e-05 0.216602 0.97626
vn -4.3e-05 0.213096 0.977031
vn 0.019155 0.996239 -0.084504
vn -0.888624 0.099564 0.4477
vn -0.901959 0.235587 0.361895
vn -0.230458 0.859099 -0.456987
vn -0.900883 0.128794 -0.414514
vn -0.900409 0.068208 -0.429665
vn -0.887985 0.039002 -0.458215
vn -0.889209 0.060154 -0.453528
vn -5e-06 0.038566 -0.999256
vn -5e-06 0.03464 -0.9994
vn 0.004363 0.047246 -0.998874
vn 0.00436 0.039915 -0.999194
vn -0.88185 -0.051443 -0.468716
vn -0.881776 -0.052064 -0.468787
vn -0.888166 -0.004608 -0.459501
vn -0.88632 -0.020623 -0.462614
vn -0.645393 -0.00332 0.763843
vn -0.645535 -0.003509 0.763723
vn -0.641428 0.001937 0.767181
vn -1e-06 0.029019 0.999579
vn -1e-06 0.028845 0.999584
vn -2e-06 0.058038 0.998314
vn 0.642809 -0.0035 0.766019
vn 0.642601 -0.003307 0.766194
vn 0.6369 0.001951 0.770944
vn 0.88444 0.005118 -0.466625
vn 0.884444 0.005309 -0.466616
vn 0.889209 0.060154 -0.453528
vn 0.887985 0.039002 -0.458215
vn 5e-06 0.038566 -0.999256
vn 5e-06 0.03464 -0.9994
vn 0.428985 0.895221 -0.120626
vn 0.429822 0.902825 -0.01267
vn 0.344805 0.754991 0.557762
vn 0.996199 -0.025065 -0.083418
vn 0.996816 -0.052467 -0.060036
vn 0.99699 -0.040356 -0.066204
vn 0.996459 -0.020804 -0.081467
vn 0.00116 0.974947 0.222433
vn 0.001124 0.971162 0.238417
vn 0.000182 0.803256 0.595634
vn -0.418934 0.90663 -0.050171
vn -0.418029 0.896878 -0.14444
vn -0.333654 0.77025 0.543498
vn -0.997076 -0.015495 -0.074825
vn -0.994366 -0.009146 -0.105604
vn -0.99551 0.008043 -0.09431
vn -0.998123 -0.004414 -0.061078
vn -0.482478 0.869279 0.107565
vn -0.483509 0.867041 0.120246
vn -0.429822 0.902825 -0.012669
vn -0.428985 0.895221 -0.120625
vn -0.998817 -0.025172 0.041613
vn -0.998998 -0.021652 0.039179
vn -0.965535 -0.022193 0.259326
vn -0.965356 -0.017863 0.260323
vn -0.003851 0.99268 0.120711
vn -0.003894 0.991439 0.130513
vn -0.00116 0.974947 0.222434
vn -0.001124 0.971162 0.238419
vn 0.989569 -0.028813 0.141146
vn 0.999328 -0.025775 0.026045
vn 0.989247 -0.034264 0.142183
vn 0.99923 -0.029764 0.02556
vn 0.471727 0.875217 0.107096
vn 0.471857 0.874909 0.109019
vn 0.418934 0.90663 -0.05017
vn 0.418029 0.896878 -0.14444
vn 0.793683 0.400344 0.458031
vn 0.686441 0.604973 0.403493
vn 0.720147 0.551538 0.420944
vn 0.006337 0.452569 0.891707
vn 0.006158 0.653392 0.756995
vn 0.006147 0.658864 0.752237
vn -0.776166 0.461893 0.42921
vn -0.668836 0.633613 0.388836
vn -0.694431 0.598828 0.398961
vn -0.344804 0.754991 0.557763
vn -0.000182 0.803255 0.595635
vn 0.333654 0.770249 0.543499
vn -0.999328 -0.025775 0.026045
vn -0.999391 -0.017474 0.030189
vn -0.471857 0.874909 0.10902
vn -0.471727 0.875217 0.107096
vn 0.003851 0.99268 0.12071
vn 0.003894 0.991439 0.130512
vn 0.482478 0.869279 0.107565
vn 0.483509 0.867041 0.120245
vn 0.998998 -0.021652 0.039178
vn 0.999086 -0.01412 0.040343
vn 0.997076 -0.015495 -0.074825
vn 0.994366 -0.009146 -0.105604
vn 0.995928 -0.018087 -0.088316
vn 0.993921 -0.014532 -0.109135
vn 0.776166 0.461893 0.42921
vn 0.668836 0.633613 0.388835
vn 0.694432 0.598828 0.39896
vn -0.006337 0.452569 0.891707
vn -0.006158 0.653393 0.756994
vn -0.006147 0.658865 0.752236
vn -0.793683 0.400344 0.458032
vn -0.68644 0.604973 0.403494
vn -0.720147 0.551538 0.420944
vn -0.996742 -0.061123 -0.052622
vn -0.996816 -0.052468 -0.060036
vn -0.996973 -0.051407 -0.058327
vn -0.99699 -0.040356 -0.066204
vn -0.989569 -0.028813 0.141146
vn -0.990119 -0.017974 0.139072
vn 0.965356 -0.017863 0.260323
vn 0.964943 -0.009207 0.2623
vn 0.87711 -0.134712 -0.461011
vn 0.877169 -0.133888 -0.461138
vn 0.836069 -0.13402 0.532004
vn 0.836136 -0.132542 0.532269
vn -0.008191 -0.169704 0.985461
vn -0.008224 -0.170706 0.985288
vn -0.844178 -0.120717 0.522294
vn -0.844224 -0.119487 0.522502
vn -0.887566 -0.107389 -0.447989
vn -0.887497 -0.109066 -0.447721
vn 0.005173 -0.156434 -0.987675
vn 0.005191 -0.157326 -0.987533
vn -0.894896 0.034485 -0.444941
vn -0.897353 0.090397 -0.431956
vn -0.243913 0.86813 -0.432269
vn -0.896181 0.187699 0.402032
vn -0.880776 0.075289 0.467509
vn -0.019155 0.996239 -0.084509
vn -2.6e-05 0.216602 0.97626
vn 4.3e-05 0.213095 0.977031
vn 0.230458 0.859099 -0.456987
vn 0.888624 0.099564 0.447699
vn 0.90196 0.235587 0.361895
vn 0.900409 0.068208 -0.429665
vn 0.900883 0.128794 -0.414514
vn -0.00436 0.039915 -0.999194
vn -0.004363 0.047246 -0.998874
vn 0.898533 0.000154 -0.438906
vn 0.898531 -0.003234 -0.438898
vn 0.889526 0.042989 -0.454857
vn 0.89022 0.019237 -0.455124
vn 0.836165 0.002527 0.548473
vn 0.836134 0.00439 0.548507
vn 0.84719 0.048133 0.529105
vn 0.84648 0.060349 0.528989
vn -0.017643 0.010146 0.999793
vn -0.017634 0.010893 0.999785
vn -0.007529 0.047657 0.998835
vn -0.007465 0.052617 0.998587
vn -0.855008 0.031215 0.517674
vn -0.854971 0.032348 0.517667
vn -0.853988 0.08071 0.513995
vn -0.854324 0.076123 0.514135
vn -0.915351 0.036436 -0.401005
vn -0.915264 0.038946 -0.400967
vn -0.895248 0.093011 -0.435753
vn -0.896783 0.072923 -0.43642
vn 0.007371 0.065707 -0.997812
vn 0.007384 0.042328 -0.999077
vn 0.016371 0.007512 -0.999838
vn 0.01637 0.00381 -0.999859
vn -0.877109 -0.134712 -0.461012
vn -0.877169 -0.133887 -0.461139
vn -0.890219 0.019237 -0.455126
vn -0.889526 0.042989 -0.454858
vn -0.836069 -0.13402 0.532003
vn -0.836136 -0.132542 0.532269
vn -0.84719 0.048133 0.529105
vn -0.84648 0.060349 0.528989
vn 0.008191 -0.169704 0.985461
vn 0.008224 -0.170705 0.985288
vn 0.007465 0.052618 0.998587
vn 0.007529 0.047658 0.998835
vn 0.844178 -0.120717 0.522294
vn 0.844225 -0.119487 0.522501
vn 0.853989 0.08071 0.513993
vn 0.854325 0.076123 0.514134
vn 0.887566 -0.107389 -0.44799
vn 0.887497 -0.109066 -0.447721
vn 0.896782 0.072924 -0.436422
vn 0.895247 0.093011 -0.435754
vn -0.007371 0.065707 -0.997812
vn -0.007384 0.042328 -0.999077
vn -0.005191 -0.157326 -0.987533
vn -0.005173 -0.156434 -0.987675
vn 0.896638 -0.065727 -0.437858
vn 0.835467 -0.060642 0.546184
vn -0.018458 -0.060181 0.998017
vn -0.855173 -0.040058 0.516793
vn -0.915609 -0.027882 -0.401102
vn 0.016301 -0.061733 -0.99796
vn 0.996973 -0.051407 -0.058327
vn 0.996742 -0.061123 -0.052622
vn 0.998817 -0.025172 0.041613
vn 0.965535 -0.022193 0.259326
vn 0.641428 0.001937 0.767181
vn 2e-06 0.058038 0.998314
vn -0.6369 0.001951 0.770944
vn -0.99923 -0.029764 0.025561
vn -0.989247 -0.034264 0.142183
vn -0.995928 -0.018087 -0.088316
vn -0.993921 -0.014532 -0.109135
vn -0.885219 -0.019079 -0.464784
vn -0.996199 -0.025065 -0.083418
vn -0.996459 -0.020804 -0.081466
vn -0.999086 -0.01412 0.040343
vn -0.964942 -0.009207 0.262301
vn -0.654166 -0.015119 0.7562
vn 0.655362 -0.015259 0.75516
vn 0.655362 -0.015259 0.755161
vn 0.999391 -0.017474 0.03019
vn 0.990119 -0.017974 0.139072
vn 0.998123 -0.004414 -0.061078
vn 0.99551 0.008043 -0.09431
vn 0.884446 0.046202 -0.464351
vn 0 -1 0
vn 0 -1 -1e-06
vn -0.040679 -0.038643 -0.998425
vn -0.037206 0.887722 -0.458874
vn -0.036174 0.888467 0.457513
vn -0.046464 0.038141 0.998192
vn -0.067034 -0.905349 0.419344
vn -0.06244 -0.894956 -0.441763
vn -0.916824 -0.003629 -0.399276
vn -0.859298 -0.058439 0.508125
vn -0.859299 -0.058439 0.508125
vn -0.018742 -0.059327 0.998063
vn 0.836928 -0.024992 0.546743
vn 0.894601 0.080785 -0.439503
vn 0.01566 0.181538 -0.983259
vn -0.733271 0.275208 -0.621751
vn -0.733271 0.275209 -0.621751
vn -0.733271 0.275209 -0.62175
vn 0.733271 0.27521 -0.62175
vn -0.798489 0.589219 -0.123437
vn 0.798487 0.589221 -0.123437
vn -0.943377 0.331327 -0.016186
vn 0.943376 0.33133 -0.016185
vn -0.183135 0.262127 0.947497
vn 0.183135 0.262127 0.947497
vn 0.999992 0.003869 0.001342
vn 0.999993 0.000143 0.003827
vn -0.999993 0.000143 0.003827
vn -0.999992 0.003869 0.001342
vn 0.999999 -0.001435 0.000709
vn 0.999999 -0.001493 -0.00073
vn 0.999992 -3.6e-05 -0.004081
vn 0.999988 0.004597 -0.001968
vn 0.999987 0.004597 -0.001968
vn -0.999987 0.004598 -0.001968
vn -0.999988 0.004598 -0.001968
vn -0.999992 -3.6e-05 -0.004081
vn -0.999999 -0.001493 -0.00073
vn -0.999999 -0.001436 0.000709
vn 0.030679 -0.999528 0.001479
vn -0.030679 -0.999528 0.001479
vn 0.088463 -0.995986 0.013623
vn -0.088463 -0.995986 0.013623
vn 0.101438 -0.993911 -0.04302
vn -0.101438 -0.993911 -0.04302
vn 0.033725 -0.997136 -0.067687
vn 0.033725 -0.997137 -0.067687
vn -0.033725 -0.997136 -0.067687
vn -0.116528 -0.992113 -0.04619
vn 0.116528 -0.992113 -0.04619
vn -0.085121 -0.99637 0.001182
vn 0.085121 -0.99637 0.001182
vn -0.269239 0.026306 0.962714
vn 0.269239 0.026306 0.962714
vt 0.108386 0.440742
vt 0.149575 0.442207
vt 0.149576 0.449192
vt 0.106826 0.447574
vt 0.190764 0.44073
vt 0.192326 0.447563
vt 0.214648 0.437763
vt 0.215416 0.444501
vt 0.080179 0.644569
vt 0.108337 0.649361
vt 0.107282 0.655954
vt 0.079363 0.651454
vt 0.15119 0.65149
vt 0.151189 0.658813
vt 0.194043 0.64937
vt 0.195097 0.655963
vt 0.222203 0.644584
vt 0.223017 0.651469
vt 0.084501 0.437781
vt 0.083735 0.444519
vt 0.082409 0.615574
vt 0.090273 0.592856
vt 0.112899 0.628269
vt 0.120784 0.613439
vt 0.211655 0.799505
vt 0.222068 0.822665
vt 0.189174 0.834604
vt 0.179409 0.816579
vt 0.151177 0.776939
vt 0.151175 0.797805
vt 0.090694 0.799492
vt 0.122936 0.816573
vt 0.080276 0.822649
vt 0.113167 0.834596
vt 0.208919 0.592839
vt 0.216789 0.615555
vt 0.186303 0.628259
vt 0.178414 0.61343
vt 0.149596 0.592112
vt 0.149599 0.611153
vt 0.15118 0.74873
vt 0.213017 0.751836
vt 0.089342 0.751822
vt 0.149588 0.54002
vt 0.215346 0.545184
vt 0.083832 0.545202
vt 0.076926 0.467574
vt 0.100752 0.472945
vt 0.06458 0.52163
vt 0.200327 0.681042
vt 0.225393 0.676571
vt 0.235356 0.73206
vt 0.151187 0.684102
vt 0.102048 0.681032
vt 0.076982 0.676556
vt 0.067008 0.732042
vt 0.198407 0.472931
vt 0.222231 0.467554
vt 0.234592 0.521606
vt 0.149579 0.474233
vt 0.061963 0.526066
vt 0.074483 0.549371
vt 0.080349 0.591017
vt 0.077427 0.614193
vt 0.238939 0.734988
vt 0.223652 0.756118
vt 0.227443 0.821908
vt 0.2211 0.798182
vt 0.063424 0.734969
vt 0.078707 0.756102
vt 0.08125 0.798166
vt 0.074901 0.821892
vt 0.23721 0.526042
vt 0.224697 0.54935
vt 0.22177 0.614173
vt 0.218842 0.590998
vt 0.029111 0.562691
vt 0.020746 0.540643
vt 0.036385 0.593258
vt 0.036303 0.614528
vt 0.281865 0.743508
vt 0.275013 0.766432
vt 0.271364 0.800206
vt 0.271661 0.823244
vt 0.027343 0.766405
vt 0.020497 0.74348
vt 0.030985 0.80018
vt 0.030683 0.823218
vt 0.278431 0.540608
vt 0.270072 0.562657
vt 0.262895 0.614496
vt 0.262807 0.593226
vt 0.390977 0.291291
vt 0.431759 0.29533
vt 0.428041 0.309963
vt 0.386073 0.309763
vt 0.353631 0.289121
vt 0.350405 0.310306
vt 0.317582 0.282106
vt 0.314595 0.3012
vt 0.281595 0.273777
vt 0.28196 0.291268
vt 0.279184 0.073184
vt 0.294849 0.109797
vt 0.283437 0.12045
vt 0.26445 0.073153
vt 0.296209 0.034013
vt 0.284735 0.029838
vt 0.430134 0.328184
vt 0.375038 0.349776
vt 0.34385 0.34212
vt 0.310363 0.342769
vt 0.278107 0.297168
vt 0.277318 0.122785
vt 0.255823 0.072866
vt 0.270335 0.025552
vt 0.257066 0.022958
vt 0.25617 0.124807
vt 0.257204 0.346744
vt 0.25719 0.305178
vt 0.439278 0.341413
vt 0.417144 0.378203
vt 0.079907 0.281528
vt 0.120375 0.276226
vt 0.082302 0.294641
vt 0.12243 0.291403
vt 0.158723 0.270604
vt 0.160602 0.289061
vt 0.196288 0.267937
vt 0.196786 0.28211
vt 0.233366 0.26049
vt 0.232753 0.273815
vt 0.207171 0.103886
vt 0.225234 0.073131
vt 0.21724 0.109954
vt 0.232949 0.073106
vt 0.206931 0.038197
vt 0.21654 0.033801
vt 0.085933 0.309472
vt 0.126307 0.311201
vt 0.138735 0.349786
vt 0.087638 0.325166
vt 0.163825 0.310389
vt 0.170608 0.34219
vt 0.199736 0.301215
vt 0.204042 0.342807
vt 0.232395 0.291278
vt 0.236259 0.297175
vt 0.228761 0.120603
vt 0.248098 0.073127
vt 0.234918 0.122909
vt 0.227476 0.029584
vt 0.238899 0.023752
vt 0.074642 0.341841
vt 0.097024 0.378653
vt 0.36565 0.374568
vt 0.338408 0.369184
vt 0.305202 0.368943
vt 0.257224 0.370982
vt 0.404511 0.397186
vt 0.148729 0.374688
vt 0.176047 0.369268
vt 0.209258 0.368963
vt 0.109861 0.397627
vt 0.286934 0.073253
vt 0.305441 0.038347
vt 0.304836 0.103748
vt 0.318076 0.267961
vt 0.281004 0.260415
vt 0.355593 0.270725
vt 0.393884 0.276643
vt 0.434284 0.282184
vt 0.446146 0.218353
vt 0.404509 0.214654
vt 0.36192 0.213442
vt 0.322093 0.206244
vt 0.283897 0.201169
vt 0.402826 0.122215
vt 0.367548 0.125287
vt 0.36676 0.065511
vt 0.404732 0.065001
vt 0.323991 0.124016
vt 0.322738 0.06391
vt 0.068606 0.217676
vt 0.110106 0.214306
vt 0.15265 0.213292
vt 0.192449 0.206242
vt 0.230617 0.201282
vt 0.143879 0.127093
vt 0.108579 0.124536
vt 0.143965 0.067346
vt 0.106056 0.067386
vt 0.187397 0.12543
vt 0.188001 0.065373
vt 0.406462 0.201491
vt 0.448544 0.203587
vt 0.363104 0.202017
vt 0.322881 0.193326
vt 0.28454 0.187346
vt 0.405858 0.050557
vt 0.366677 0.052242
vt 0.322184 0.049825
vt 0.066312 0.202934
vt 0.108348 0.201081
vt 0.151556 0.201869
vt 0.191723 0.193374
vt 0.23 0.18747
vt 0.14378 0.054065
vt 0.104719 0.052941
vt 0.1883 0.05112
vt 0.408087 0.188695
vt 0.450356 0.191873
vt 0.364224 0.190074
vt 0.323569 0.180875
vt 0.284929 0.176356
vt 0.366688 0.040967
vt 0.40649 0.038808
vt 0.322175 0.038514
vt 0.064601 0.191251
vt 0.106677 0.188406
vt 0.150443 0.189972
vt 0.191049 0.180909
vt 0.229635 0.176497
vt 0.143712 0.04279
vt 0.103905 0.041185
vt 0.188303 0.039784
vt 0.411511 0.161975
vt 0.454167 0.166088
vt 0.367116 0.157894
vt 0.32501 0.153044
vt 0.285708 0.150312
vt 0.366604 0.014494
vt 0.406734 0.011173
vt 0.322206 0.013889
vt 0.060989 0.165571
vt 0.103484 0.161716
vt 0.147704 0.157858
vt 0.189689 0.153161
vt 0.228905 0.150511
vt 0.103223 0.013609
vt 0.143504 0.016368
vt 0.187947 0.015151
vt 0.944762 0.025258
vt 0.944762 0.03161
vt 0.926612 0.032102
vt 0.926786 0.025766
vt 0.905908 0.032134
vt 0.906344 0.02582
vt 0.863281 0.030812
vt 0.849996 0.030238
vt 0.863352 0.024472
vt 0.850208 0.023925
vt 0.831647 0.029592
vt 0.831837 0.023298
vt 0.818363 0.029294
vt 0.818753 0.022964
vt 0.965493 0.031256
vt 0.965204 0.024939
vt 0.588393 0.217645
vt 0.583454 0.274115
vt 0.565894 0.272827
vt 0.568237 0.216281
vt 0.546937 0.27231
vt 0.546376 0.215083
vt 0.529744 0.273058
vt 0.525495 0.215408
vt 0.51336 0.274328
vt 0.507138 0.216994
vt 0.497488 0.27652
vt 0.489236 0.219717
vt 0.60245 0.2764
vt 0.612313 0.219545
vt 0.56841 0.202614
vt 0.590607 0.204645
vt 0.546228 0.201723
vt 0.525101 0.202005
vt 0.50563 0.203847
vt 0.486963 0.206739
vt 0.612984 0.206202
vt 0.606092 0.396952
vt 0.60423 0.383782
vt 0.608064 0.383345
vt 0.609896 0.396304
vt 0.603333 0.369873
vt 0.607181 0.369677
vt 0.603105 0.356604
vt 0.606959 0.356614
vt 0.604355 0.329464
vt 0.60609 0.316318
vt 0.608184 0.329922
vt 0.609898 0.316947
vt 0.603384 0.343316
vt 0.607231 0.34353
vt 0.149938 0.841053
vt 0.149989 0.863072
vt 0.128563 0.865571
vt 0.171428 0.865471
vt 0.121986 0.898728
vt 0.149978 0.894079
vt 0.149979 0.903087
vt 0.139239 0.905176
vt 0.17797 0.898722
vt 0.160718 0.905174
vt 0.179133 0.914446
vt 0.164228 0.911192
vt 0.122695 0.885334
vt 0.136835 0.890966
vt 0.139452 0.884622
vt 0.150035 0.88234
vt 0.160628 0.884573
vt 0.177388 0.885206
vt 0.163274 0.890905
vt 0.120827 0.914453
vt 0.135731 0.911196
vt 0.174465 0.920426
vt 0.185399 0.920808
vt 0.184348 0.950025
vt 0.173469 0.94993
vt 0.114159 0.920832
vt 0.125093 0.920443
vt 0.115229 0.950048
vt 0.126109 0.949946
vt 0.132043 0.919954
vt 0.13251 0.950384
vt 0.138879 0.91927
vt 0.138911 0.950821
vt 0.149778 0.91945
vt 0.149789 0.950995
vt 0.160678 0.919262
vt 0.160667 0.950814
vt 0.167514 0.919942
vt 0.167068 0.950372
vt 0.726908 0.297141
vt 0.729089 0.313931
vt 0.722654 0.314701
vt 0.720508 0.298199
vt 0.729315 0.387297
vt 0.726829 0.404946
vt 0.722872 0.38656
vt 0.720435 0.403855
vt 0.730514 0.368243
vt 0.724047 0.367912
vt 0.730864 0.350585
vt 0.724388 0.350602
vt 0.730451 0.332945
vt 0.723985 0.333306
vt 0.87931 0.207618
vt 0.892479 0.207494
vt 0.880865 0.215216
vt 0.899385 0.214841
vt 0.973396 0.60247
vt 0.963472 0.602509
vt 0.963183 0.595234
vt 0.973419 0.595183
vt 0.849731 0.299674
vt 0.862833 0.300341
vt 0.861286 0.308067
vt 0.842537 0.3067
vt 0.866241 0.208424
vt 0.861911 0.215302
vt 0.875909 0.300495
vt 0.879914 0.307629
vt 0.974616 0.205702
vt 0.984215 0.209657
vt 0.981195 0.214949
vt 0.971682 0.211117
vt 0.798019 0.20846
vt 0.811102 0.209001
vt 0.796618 0.216087
vt 0.81557 0.21579
vt 0.914427 0.208692
vt 0.923262 0.205396
vt 0.916984 0.213588
vt 0.925752 0.210404
vt 0.793992 0.302222
vt 0.807061 0.30176
vt 0.80879 0.309448
vt 0.790156 0.309448
vt 0.78485 0.208601
vt 0.778094 0.216087
vt 0.820144 0.300787
vt 0.827501 0.307642
vt 0.934286 0.600234
vt 0.925446 0.600227
vt 0.925409 0.593747
vt 0.934513 0.593751
vt 0.899197 0.228423
vt 0.881157 0.230849
vt 0.963005 0.585453
vt 0.97218 0.585388
vt 0.842362 0.320077
vt 0.860915 0.322433
vt 0.862954 0.228475
vt 0.879376 0.320782
vt 0.972798 0.236291
vt 0.978938 0.237766
vt 0.969964 0.242449
vt 0.976875 0.243697
vt 0.814794 0.228981
vt 0.796642 0.231723
vt 0.918429 0.234101
vt 0.923986 0.232811
vt 0.926673 0.238295
vt 0.920319 0.239571
vt 0.791003 0.322585
vt 0.809498 0.323802
vt 0.778556 0.229662
vt 0.82799 0.32101
vt 0.926458 0.585059
vt 0.934611 0.585058
vt 0.890418 0.247821
vt 0.881441 0.249157
vt 0.963117 0.5724
vt 0.971476 0.572323
vt 0.842147 0.337249
vt 0.851354 0.339384
vt 0.863401 0.246106
vt 0.872428 0.248103
vt 0.869578 0.339851
vt 0.860443 0.340645
vt 0.957302 0.264264
vt 0.971921 0.263624
vt 0.95903 0.28311
vt 0.970597 0.282888
vt 0.805719 0.248797
vt 0.796729 0.250033
vt 0.925286 0.258233
vt 0.939398 0.258713
vt 0.937924 0.277101
vt 0.926491 0.276844
vt 0.791916 0.339974
vt 0.801246 0.341418
vt 0.778714 0.246807
vt 0.787727 0.248879
vt 0.819454 0.340523
vt 0.810397 0.341997
vt 0.926982 0.573431
vt 0.934409 0.573454
vt 0.9798 0.22198
vt 0.970739 0.219683
vt 0.857033 0.231987
vt 0.85432 0.220816
vt 0.973424 0.256423
vt 0.959767 0.256819
vt 0.885802 0.324241
vt 0.889095 0.314294
vt 0.918174 0.226377
vt 0.925715 0.224708
vt 0.773836 0.322494
vt 0.776951 0.332273
vt 0.771048 0.336828
vt 0.765802 0.331178
vt 0.931406 0.243382
vt 0.921671 0.24451
vt 0.826618 0.237187
vt 0.829391 0.228038
vt 0.830514 0.241436
vt 0.835879 0.236478
vt 0.979455 0.229176
vt 0.971071 0.227062
vt 0.896537 0.320288
vt 0.893652 0.330137
vt 0.975512 0.248984
vt 0.965142 0.248091
vt 0.851298 0.236919
vt 0.84834 0.227828
vt 0.91805 0.219984
vt 0.926281 0.218193
vt 0.78466 0.326194
vt 0.781135 0.316327
vt 0.923793 0.251448
vt 0.936833 0.251553
vt 0.820784 0.232373
vt 0.823271 0.221149
vt 0.899661 0.334552
vt 0.904772 0.32878
vt 0.847489 0.241246
vt 0.842024 0.236396
vt 0.878872 0.338188
vt 0.828609 0.338172
vt 0.814703 0.246618
vt 0.899387 0.245568
vt 0.96782 0.400127
vt 0.95845 0.400239
vt 0.959288 0.393638
vt 0.967939 0.39352
vt 0.928104 0.320209
vt 0.927276 0.311789
vt 0.936813 0.311733
vt 0.938587 0.320052
vt 0.968628 0.323853
vt 0.958589 0.323747
vt 0.960364 0.31597
vt 0.969218 0.315981
vt 0.929173 0.470962
vt 0.9383 0.471066
vt 0.937461 0.477599
vt 0.928691 0.477503
vt 0.969342 0.541597
vt 0.969622 0.54862
vt 0.962152 0.54871
vt 0.960193 0.541742
vt 0.968685 0.477497
vt 0.960463 0.477587
vt 0.95949 0.471313
vt 0.968403 0.471222
vt 0.929449 0.392314
vt 0.938553 0.392451
vt 0.939288 0.399386
vt 0.929644 0.399241
vt 0.928631 0.544769
vt 0.937479 0.544884
vt 0.935526 0.551544
vt 0.928458 0.551457
vt 0.806259 0.249384
vt 0.814386 0.247412
vt 0.937439 0.277659
vt 0.927195 0.277423
vt 0.79214 0.340629
vt 0.800576 0.341948
vt 0.940529 0.353177
vt 0.927395 0.353301
vt 0.928068 0.352737
vt 0.939764 0.352621
vt 0.969763 0.356188
vt 0.956892 0.356281
vt 0.957625 0.355713
vt 0.969103 0.35564
vt 0.878663 0.338848
vt 0.870261 0.340365
vt 0.96986 0.283467
vt 0.959547 0.283655
vt 0.871899 0.248701
vt 0.863734 0.246894
vt 0.970403 0.436995
vt 0.956716 0.437157
vt 0.957478 0.436622
vt 0.969661 0.436475
vt 0.869244 0.340544
vt 0.861077 0.341255
vt 0.968983 0.356731
vt 0.957536 0.356818
vt 0.880903 0.249819
vt 0.872847 0.248875
vt 0.939894 0.353733
vt 0.928193 0.35384
vt 0.801597 0.342103
vt 0.809778 0.342622
vt 0.941022 0.436738
vt 0.927258 0.436641
vt 0.927996 0.436111
vt 0.940254 0.436196
vt 0.79728 0.250684
vt 0.805315 0.249578
vt 0.940298 0.437232
vt 0.927936 0.437145
vt 0.8192 0.34119
vt 0.811027 0.342523
vt 0.939454 0.515739
vt 0.925261 0.515573
vt 0.926072 0.515022
vt 0.938824 0.515168
vt 0.79623 0.250648
vt 0.788107 0.249604
vt 0.971988 0.51245
vt 0.958676 0.512662
vt 0.971218 0.511949
vt 0.959282 0.51214
vt 0.851624 0.340045
vt 0.859827 0.341185
vt 0.969727 0.437498
vt 0.957438 0.437645
vt 0.881952 0.249761
vt 0.890052 0.248553
vt 0.890949 0.248397
vt 0.899082 0.246354
vt 0.963444 0.571992
vt 0.970963 0.571929
vt 0.842314 0.337909
vt 0.850657 0.339858
vt 0.959427 0.513215
vt 0.971338 0.513027
vt 0.938643 0.516339
vt 0.925975 0.516189
vt 0.828457 0.338836
vt 0.820163 0.34098
vt 0.927423 0.573073
vt 0.934114 0.573093
vt 0.787207 0.249466
vt 0.779035 0.247587
vt 0.95757 0.420788
vt 0.968572 0.420639
vt 0.860438 0.356125
vt 0.867763 0.355488
vt 0.968225 0.372852
vt 0.957986 0.372983
vt 0.881184 0.264688
vt 0.873962 0.263842
vt 0.805734 0.261961
vt 0.813627 0.260048
vt 0.805675 0.263358
vt 0.813544 0.261451
vt 0.92739 0.291722
vt 0.937814 0.291895
vt 0.937887 0.293523
vt 0.92741 0.293399
vt 0.793919 0.353178
vt 0.802123 0.354455
vt 0.802295 0.355845
vt 0.794116 0.354572
vt 0.940026 0.338797
vt 0.928636 0.338958
vt 0.928676 0.337426
vt 0.940066 0.337253
vt 0.957155 0.341978
vt 0.968332 0.342017
vt 0.869009 0.352905
vt 0.87718 0.351435
vt 0.969213 0.297449
vt 0.959206 0.297541
vt 0.872679 0.261265
vt 0.864749 0.259511
vt 0.929225 0.450755
vt 0.940091 0.450855
vt 0.940065 0.452359
vt 0.929368 0.452256
vt 0.81152 0.355277
vt 0.818679 0.35411
vt 0.818622 0.355546
vt 0.811574 0.356694
vt 0.939013 0.499692
vt 0.927893 0.499566
vt 0.928123 0.497865
vt 0.939006 0.497987
vt 0.78912 0.262535
vt 0.79623 0.263452
vt 0.789231 0.263972
vt 0.796231 0.264875
vt 0.898122 0.256619
vt 0.890948 0.258422
vt 0.962702 0.563496
vt 0.97008 0.563426
vt 0.843361 0.348095
vt 0.850731 0.349812
vt 0.970121 0.524426
vt 0.959307 0.524602
vt 0.959145 0.497963
vt 0.969352 0.497808
vt 0.852449 0.352949
vt 0.859633 0.353948
vt 0.968468 0.451085
vt 0.957666 0.451187
vt 0.889301 0.261503
vt 0.88221 0.262563
vt 0.929169 0.37044
vt 0.939833 0.370436
vt 0.939834 0.372331
vt 0.929242 0.372288
vt 0.803428 0.357008
vt 0.810766 0.357473
vt 0.810877 0.359123
vt 0.80363 0.358664
vt 0.940062 0.420255
vt 0.928923 0.420163
vt 0.929025 0.418378
vt 0.94005 0.418486
vt 0.797299 0.265556
vt 0.804503 0.264564
vt 0.797301 0.267208
vt 0.804415 0.266229
vt 0.927536 0.528065
vt 0.938547 0.528209
vt 0.938504 0.529495
vt 0.927737 0.529374
vt 0.820322 0.350934
vt 0.82765 0.349044
vt 0.82034 0.35204
vt 0.82756 0.350178
vt 0.934878 0.565437
vt 0.928104 0.565372
vt 0.928115 0.564429
vt 0.935049 0.564501
vt 0.780202 0.257831
vt 0.787411 0.259489
vt 0.787435 0.260603
vt 0.78033 0.258969
vt 0.968456 0.418882
vt 0.957575 0.419024
vt 0.957651 0.417146
vt 0.968398 0.417013
vt 0.860366 0.357778
vt 0.8676 0.357149
vt 0.867434 0.358908
vt 0.860303 0.359529
vt 0.958046 0.374771
vt 0.968141 0.374635
vt 0.968113 0.376518
vt 0.958178 0.376656
vt 0.874084 0.265505
vt 0.881216 0.26634
vt 0.874215 0.267263
vt 0.881246 0.268086
vt 0.805642 0.264901
vt 0.813433 0.263012
vt 0.805339 0.27878
vt 0.812438 0.277059
vt 0.927349 0.295271
vt 0.937791 0.295335
vt 0.794326 0.356129
vt 0.802424 0.35739
vt 0.803592 0.371291
vt 0.796213 0.370142
vt 0.939935 0.335548
vt 0.928607 0.335728
vt 0.968243 0.340519
vt 0.957126 0.340451
vt 0.957255 0.338764
vt 0.968289 0.338862
vt 0.868869 0.354299
vt 0.877016 0.352833
vt 0.876843 0.354395
vt 0.868776 0.355846
vt 0.959174 0.299075
vt 0.969123 0.298998
vt 0.969121 0.300721
vt 0.959313 0.300782
vt 0.86486 0.260913
vt 0.872766 0.262661
vt 0.865003 0.262471
vt 0.872831 0.264202
vt 0.929358 0.454105
vt 0.939886 0.454214
vt 0.811651 0.358447
vt 0.818584 0.357318
vt 0.818245 0.373263
vt 0.812343 0.374225
vt 0.938817 0.495913
vt 0.928216 0.495797
vt 0.789351 0.265732
vt 0.796238 0.266619
vt 0.790437 0.281563
vt 0.7963 0.282319
vt 0.890947 0.259537
vt 0.898017 0.257759
vt 0.897911 0.259138
vt 0.890935 0.260892
vt 0.970045 0.562392
vt 0.962541 0.562463
vt 0.962413 0.561163
vt 0.970098 0.561089
vt 0.843477 0.349227
vt 0.850739 0.350919
vt 0.843585 0.350606
vt 0.850752 0.352276
vt 0.959309 0.52588
vt 0.969968 0.52571
vt 0.969938 0.527302
vt 0.959365 0.527476
vt 0.969126 0.496271
vt 0.959152 0.496414
vt 0.9593 0.494513
vt 0.969057 0.494385
vt 0.852539 0.354383
vt 0.859612 0.355366
vt 0.859576 0.35712
vt 0.852619 0.356153
vt 0.957681 0.45269
vt 0.968334 0.452589
vt 0.968337 0.454439
vt 0.95786 0.454539
vt 0.882239 0.263985
vt 0.88922 0.262942
vt 0.882267 0.26573
vt 0.889134 0.264703
vt 0.929244 0.374265
vt 0.939749 0.374355
vt 0.803838 0.36042
vt 0.810982 0.360872
vt 0.811926 0.376613
vt 0.805706 0.37622
vt 0.939979 0.416604
vt 0.929069 0.416477
vt 0.797307 0.268954
vt 0.804319 0.267989
vt 0.797359 0.284667
vt 0.803465 0.283826
vt 0.927853 0.530947
vt 0.938375 0.531087
vt 0.820359 0.353397
vt 0.827485 0.35156
vt 0.820527 0.365615
vt 0.826803 0.363997
vt 0.935204 0.563309
vt 0.928034 0.563226
vt 0.780464 0.260345
vt 0.787474 0.261958
vt 0.787834 0.274155
vt 0.78166 0.272735
vt 0.873414 0.278072
vt 0.866282 0.276495
vt 0.867935 0.369771
vt 0.875285 0.368449
vt 0.881512 0.283796
vt 0.87539 0.28308
vt 0.859728 0.375288
vt 0.865937 0.374748
vt 0.888369 0.280553
vt 0.882523 0.281427
vt 0.853333 0.372087
vt 0.859256 0.37291
vt 0.890822 0.273094
vt 0.896966 0.271549
vt 0.850871 0.364494
vt 0.844559 0.363024
vt 0.645953 0.310514
vt 0.647687 0.32366
vt 0.643858 0.324118
vt 0.642145 0.311143
vt 0.647808 0.377978
vt 0.645945 0.391148
vt 0.643974 0.377541
vt 0.64214 0.390499
vt 0.648706 0.364069
vt 0.644858 0.363873
vt 0.648935 0.3508
vt 0.645081 0.35081
vt 0.648657 0.337512
vt 0.64481 0.337726
vt 0.54302 0.32213
vt 0.545091 0.306239
vt 0.545145 0.407342
vt 0.542814 0.390797
vt 0.54169 0.373011
vt 0.541371 0.356436
vt 0.541752 0.33987
vt 0.713731 0.29932
vt 0.715839 0.315516
vt 0.709023 0.316331
vt 0.706953 0.30044
vt 0.716048 0.385779
vt 0.713663 0.402699
vt 0.709224 0.384998
vt 0.706891 0.401543
vt 0.717198 0.367562
vt 0.710349 0.367212
vt 0.717528 0.35062
vt 0.710669 0.350638
vt 0.717137 0.333689
vt 0.710289 0.334072
vt 0.52939 0.320499
vt 0.531536 0.303997
vt 0.536205 0.321314
vt 0.538314 0.305118
vt 0.531601 0.409653
vt 0.529166 0.392358
vt 0.53599 0.391577
vt 0.538373 0.408498
vt 0.527992 0.37371
vt 0.534841 0.37336
vt 0.527653 0.356399
vt 0.534512 0.356418
vt 0.528057 0.339104
vt 0.534905 0.339487
vt 0.138672 0.961576
vt 0.149298 0.959239
vt 0.159886 0.961747
vt 0.135983 0.967402
vt 0.138578 0.97327
vt 0.149165 0.975777
vt 0.159792 0.973441
vt 0.162481 0.967615
vt 0.675777 0.153028
vt 0.696738 0.157023
vt 0.698431 0.159082
vt 0.676458 0.155338
vt 0.715083 0.146646
vt 0.716329 0.148929
vt 0.734029 0.140501
vt 0.73418 0.143148
vt 0.754943 0.1427
vt 0.755346 0.145833
vt 0.637052 0.143968
vt 0.656119 0.147247
vt 0.637229 0.146303
vt 0.656516 0.149408
vt 0.602903 0.029198
vt 0.623577 0.029549
vt 0.603231 0.059584
vt 0.624313 0.055539
vt 0.666286 0.029207
vt 0.679593 0.028944
vt 0.679281 0.042397
vt 0.666544 0.043963
vt 0.697968 0.028726
vt 0.698455 0.042219
vt 0.711267 0.028739
vt 0.711414 0.043384
vt 0.564072 0.027721
vt 0.584775 0.028413
vt 0.583546 0.058712
vt 0.56272 0.053524
vt 0.850175 0.06412
vt 0.840097 0.066044
vt 0.840655 0.056189
vt 0.888988 0.03163
vt 0.889193 0.025313
vt 0.82316 0.065659
vt 0.822297 0.055916
vt 0.812302 0.0635
vt 0.792927 0.028211
vt 0.776017 0.027433
vt 0.776006 0.021105
vt 0.7932 0.021898
vt 0.692524 0.075499
vt 0.679018 0.072386
vt 0.693477 0.066573
vt 0.683399 0.064648
vt 0.657436 0.040193
vt 0.657351 0.029316
vt 0.711121 0.075482
vt 0.710415 0.066189
vt 0.719982 0.028602
vt 0.720206 0.039431
vt 0.724853 0.072095
vt 0.721273 0.064032
vt 0.862171 0.105719
vt 0.841213 0.102607
vt 0.841203 0.086156
vt 0.855895 0.087827
vt 0.822951 0.102342
vt 0.82264 0.086264
vt 0.801864 0.105717
vt 0.806914 0.087499
vt 0.692921 0.056717
vt 0.711278 0.056446
vt 0.809662 0.028954
vt 0.809929 0.02264
vt 0.822453 0.074951
vt 0.80872 0.071563
vt 0.84105 0.074971
vt 0.854555 0.071858
vt 0.872201 0.031127
vt 0.872403 0.024811
vt 0.736744 0.02825
vt 0.753683 0.027867
vt 0.737067 0.04471
vt 0.754 0.053786
vt 0.731707 0.10625
vt 0.71062 0.102872
vt 0.710932 0.086795
vt 0.726658 0.088031
vt 0.692358 0.103136
vt 0.692369 0.086685
vt 0.671399 0.106246
vt 0.677677 0.088355
vt 0.640727 0.045859
vt 0.640535 0.029434
vt 0.677632 0.133806
vt 0.696244 0.135922
vt 0.713623 0.134183
vt 0.730448 0.128607
vt 0.745975 0.120657
vt 0.642085 0.120921
vt 0.66056 0.129133
vt 0.847941 0.152651
vt 0.82722 0.157084
vt 0.847293 0.150724
vt 0.827093 0.155041
vt 0.810213 0.149245
vt 0.809352 0.145937
vt 0.790004 0.142556
vt 0.789206 0.139443
vt 0.768377 0.14354
vt 0.768332 0.140635
vt 0.888923 0.143929
vt 0.867162 0.146953
vt 0.866509 0.144889
vt 0.88674 0.141583
vt 0.679716 0.12402
vt 0.696239 0.126267
vt 0.696227 0.129066
vt 0.678975 0.126809
vt 0.71166 0.124765
vt 0.712354 0.127732
vt 0.726118 0.119454
vt 0.727564 0.122226
vt 0.740165 0.111881
vt 0.743284 0.113812
vt 0.647256 0.111892
vt 0.664163 0.120063
vt 0.644221 0.113929
vt 0.663169 0.122935
vt 0.844444 0.131903
vt 0.825964 0.134008
vt 0.843108 0.124956
vt 0.82598 0.127201
vt 0.80871 0.132286
vt 0.809968 0.125882
vt 0.792004 0.126754
vt 0.794866 0.120418
vt 0.776587 0.118864
vt 0.779258 0.112067
vt 0.879733 0.119102
vt 0.861392 0.12726
vt 0.8588 0.121106
vt 0.87761 0.11216
vt 0.675257 0.216097
vt 0.697109 0.214765
vt 0.696898 0.271995
vt 0.677944 0.272628
vt 0.717992 0.214963
vt 0.714095 0.272638
vt 0.736358 0.216437
vt 0.730487 0.273808
vt 0.754277 0.219051
vt 0.746372 0.275903
vt 0.631202 0.21963
vt 0.655109 0.217584
vt 0.641411 0.276424
vt 0.660392 0.274023
vt 0.842372 0.122187
vt 0.825968 0.124422
vt 0.810656 0.122935
vt 0.796302 0.117666
vt 0.782354 0.110149
vt 0.857812 0.118255
vt 0.874596 0.110138
vt 0.925755 0.062504
vt 0.904708 0.058089
vt 0.888443 0.048057
vt 0.871866 0.041994
vt 0.86268 0.045546
vt 0.849994 0.043684
vt 0.830846 0.043058
vt 0.817875 0.043919
vt 0.809185 0.039765
vt 0.79222 0.044644
vt 0.775095 0.053315
vt 0.96642 0.057108
vt 0.945485 0.06196
vt 0.602822 0.022867
vt 0.623269 0.023221
vt 0.640483 0.023114
vt 0.657297 0.022992
vt 0.666363 0.022863
vt 0.679528 0.022622
vt 0.697925 0.022424
vt 0.711025 0.022396
vt 0.719862 0.022278
vt 0.736618 0.021926
vt 0.753841 0.021535
vt 0.564463 0.021417
vt 0.584876 0.022069
vt 0.583776 0.145516
vt 0.574266 0.127426
vt 0.601801 0.145513
vt 0.6114 0.12742
vt 0.572788 0.110261
vt 0.612849 0.110254
vt 0.57234 0.0935
vt 0.614223 0.093493
vt 0.573568 0.084734
vt 0.611845 0.084737
vt 0.5835 0.076264
vt 0.601832 0.076261
vt 0.933591 0.148947
vt 0.923992 0.130854
vt 0.961127 0.130861
vt 0.951616 0.148951
vt 0.922544 0.113688
vt 0.962605 0.113695
vt 0.921169 0.096928
vt 0.963053 0.096935
vt 0.923548 0.088172
vt 0.961825 0.088169
vt 0.933561 0.079696
vt 0.951893 0.079699
vt 0.521591 0.338742
vt 0.522955 0.319728
vt 0.521176 0.356382
vt 0.521525 0.37404
vt 0.522722 0.393094
vt 0.525207 0.410744
vt 0.525137 0.302938
vt 0.630449 0.206291
vt 0.652816 0.204597
vt 0.737787 0.203281
vt 0.756471 0.206059
vt 0.718305 0.201558
vt 0.697176 0.201406
vt 0.675 0.202431
vt 0.177531 0.816629
vt 0.151174 0.799872
vt 0.124814 0.816623
vt 0.187086 0.834648
vt 0.115255 0.834641
vt 0.121635 0.615561
vt 0.114359 0.6298
vt 0.177564 0.615552
vt 0.184843 0.629789
vt 0.149599 0.613855
vt 0.267802 0.684847
vt 0.245484 0.677656
vt 0.267467 0.681094
vt 0.251722 0.673086
vt 0.243898 0.640882
vt 0.250845 0.654012
vt 0.294537 0.458077
vt 0.292963 0.494851
vt 0.287594 0.471209
vt 0.286724 0.490283
vt 0.270648 0.50205
vt 0.270982 0.498297
vt 0.265606 0.629514
vt 0.266966 0.646407
vt 0.288554 0.640497
vt 0.282191 0.653817
vt 0.288509 0.675307
vt 0.283076 0.672861
vt 0.249937 0.492517
vt 0.25537 0.490069
vt 0.24988 0.457707
vt 0.256248 0.471025
vt 0.272824 0.446716
vt 0.271471 0.46361
vt 0.477573 0.100292
vt 0.439032 0.100293
vt 0.462135 0.086596
vt 0.442726 0.086332
vt 0.070908 0.102166
vt 0.032424 0.100266
vt 0.048506 0.087347
vt 0.06789 0.088043
vt 0.499499 0.066429
vt 0.473142 0.069199
vt 0.012183 0.065407
vt 0.038379 0.069415
vt 0.480716 0.028983
vt 0.463586 0.05037
vt 0.03266 0.028899
vt 0.048809 0.051043
vt 0.440898 0.02716
vt 0.442615 0.050091
vt 0.072485 0.028853
vt 0.06979 0.05168
vt 0.420595 0.066375
vt 0.433368 0.069941
vt 0.091099 0.068831
vt 0.078211 0.071922
vt 0.090914 0.069195
vt 0.077985 0.072112
usemtl standardSurface11SG
f 453/626/660 454/627/660 455/628/661
f 453/626/660 455/628/661 456/629/662
f 454/627/663 457/630/663 455/628/664
f 457/630/663 458/631/665 455/628/664
f 457/630/666 459/632/666 458/631/667
f 459/632/666 460/633/668 458/631/667
f 459/634/669 461/635/669 462/636/670
f 459/634/669 462/636/670 460/637/671
f 461/635/672 463/638/672 464/639/673
f 461/635/672 464/639/673 462/636/674
f 463/638/675 465/640/675 464/639/676
f 465/640/675 466/641/677 464/639/676
f 465/640/678 467/642/678 466/641/679
f 467/642/678 468/643/680 466/641/679
f 467/644/681 453/626/681 456/629/682
f 467/644/681 456/629/682 468/645/683
f 469/646/684 470/647/684 471/648/685
f 470/647/684 472/649/684 471/648/685
f 473/650/686 469/651/686 471/652/686
f 473/650/686 471/652/686 474/653/686
f 475/654/687 473/650/688 476/655/689
f 473/650/688 474/653/689 476/655/689
f 477/656/690 475/654/691 476/655/692
f 477/656/690 476/655/692 478/657/692
f 479/658/693 477/656/693 480/659/693
f 477/656/693 478/657/693 480/659/693
f 481/660/694 479/661/694 480/662/694
f 481/660/694 480/662/694 482/663/694
f 483/664/695 481/660/696 482/663/697
f 483/664/695 482/663/697 484/665/697
f 470/647/698 483/664/699 472/649/700
f 483/664/699 484/665/700 472/649/700
f 485/666/701 486/667/702 473/650/688
f 485/666/701 473/650/688 475/654/687
f 487/668/703 485/666/704 477/656/690
f 485/666/704 475/654/691 477/656/690
f 488/669/705 489/670/706 483/664/695
f 489/670/706 481/660/696 483/664/695
f 490/671/707 488/669/708 483/664/699
f 490/671/707 483/664/699 470/647/698
f 491/672/709 492/673/710 490/671/711
f 491/672/709 490/671/711 493/674/712
f 494/675/713 491/676/714 486/667/715
f 491/676/714 493/677/715 486/667/715
f 495/678/716 494/675/717 486/667/702
f 495/678/716 486/667/702 485/666/701
f 496/679/718 495/678/719 487/668/703
f 495/678/719 485/666/704 487/668/703
f 497/680/720 496/679/721 487/668/722
f 497/680/720 487/668/722 498/681/722
f 499/682/723 497/683/724 489/670/725
f 497/683/724 498/684/725 489/670/725
f 500/685/726 499/682/727 489/670/706
f 500/685/726 489/670/706 488/669/705
f 492/673/728 500/685/729 490/671/707
f 500/685/729 488/669/708 490/671/707
f 468/645/683 456/629/682 492/673/710
f 468/645/683 492/673/710 491/672/709
f 466/641/679 468/643/680 494/675/713
f 468/643/680 491/676/714 494/675/713
f 464/639/676 466/641/677 495/678/716
f 466/641/677 494/675/717 495/678/716
f 462/636/674 464/639/673 495/678/719
f 462/636/674 495/678/719 496/679/718
f 460/637/671 462/636/670 496/679/721
f 460/637/671 496/679/721 497/680/720
f 458/631/667 460/633/668 499/682/723
f 460/633/668 497/683/724 499/682/723
f 455/628/664 458/631/665 500/685/726
f 458/631/665 499/682/727 500/685/726
f 456/629/662 455/628/661 500/685/729
f 456/629/662 500/685/729 492/673/728
f 493/674/730 490/671/730 501/686/730
f 490/671/730 502/687/730 501/686/730
f 490/671/731 470/647/731 502/687/731
f 470/647/731 503/688/731 502/687/731
f 470/647/732 469/646/732 504/689/732
f 470/647/732 504/689/732 503/688/732
f 486/667/733 493/677/733 501/690/733
f 486/667/733 501/690/733 505/691/733
f 469/651/734 473/650/734 504/692/734
f 473/650/734 506/693/734 504/692/734
f 473/650/735 486/667/735 506/693/735
f 486/667/735 505/691/735 506/693/735
f 498/681/736 487/668/737 507/694/738
f 487/668/737 508/695/737 507/694/738
f 487/668/739 477/656/739 509/696/739
f 487/668/739 509/696/739 508/695/739
f 477/656/740 479/658/741 510/697/742
f 477/656/740 510/697/742 509/696/740
f 489/670/743 498/684/736 507/698/738
f 489/670/743 507/698/738 511/699/743
f 479/661/741 481/660/744 510/700/742
f 481/660/744 512/701/744 510/700/742
f 481/660/745 489/670/745 511/699/745
f 481/660/745 511/699/745 512/701/745
f 501/686/746 502/687/746 513/702/746
f 501/686/746 513/702/746 514/703/746
f 502/687/747 503/688/747 515/704/747
f 502/687/747 515/704/747 513/702/747
f 503/688/748 504/689/748 516/705/748
f 503/688/748 516/705/748 515/704/749
f 505/691/750 501/690/751 514/706/750
f 505/691/750 514/706/750 517/707/750
f 504/692/752 506/693/752 518/708/752
f 504/692/752 518/708/752 516/709/752
f 506/693/753 505/691/753 518/708/753
f 505/691/753 517/707/753 518/708/753
f 507/694/754 508/695/754 519/710/754
f 507/694/754 519/710/754 520/711/754
f 508/695/755 509/696/755 521/712/755
f 508/695/755 521/712/755 519/710/755
f 509/696/756 510/697/756 521/712/756
f 510/697/756 522/713/756 521/712/756
f 511/699/746 507/698/746 520/714/746
f 511/699/746 520/714/746 523/715/746
f 510/700/757 512/701/757 522/716/757
f 512/701/757 524/717/757 522/716/757
f 512/701/758 511/699/758 524/717/758
f 511/699/758 523/715/758 524/717/758
f 525/718/759 526/719/760 527/720/761
f 525/718/759 527/720/761 528/721/761
f 529/722/762 525/718/763 528/721/764
f 529/722/762 528/721/764 530/723/764
f 531/724/765 529/722/766 532/725/767
f 529/722/766 530/723/767 532/725/767
f 533/726/768 531/724/769 534/727/770
f 531/724/769 532/725/770 534/727/770
f 535/728/771 533/729/772 534/730/773
f 535/728/771 534/730/773 536/731/773
f 526/732/774 535/728/775 527/733/776
f 535/728/775 536/731/776 527/733/776
f 527/720/777 537/734/777 538/735/777
f 527/720/777 538/735/777 528/721/777
f 528/721/778 538/735/778 539/736/778
f 528/721/778 539/736/778 530/723/778
f 530/723/779 539/736/779 532/725/779
f 539/736/779 540/737/779 532/725/779
f 532/725/780 540/737/780 534/727/780
f 540/737/780 541/738/780 534/727/780
f 534/730/781 541/739/781 536/731/781
f 541/739/781 542/740/781 536/731/781
f 536/731/782 542/740/782 527/733/782
f 542/740/782 537/741/782 527/733/782
f 542/740/783 543/742/783 537/741/783
f 541/739/784 544/743/785 542/740/785
f 540/737/786 545/744/786 544/745/786
f 540/737/786 544/745/786 541/738/786
f 537/734/787 543/746/787 538/735/787
f 543/746/787 546/747/787 538/735/787
f 547/748/788 548/749/788 549/750/789
f 548/749/788 550/751/790 549/750/789
f 548/749/791 551/752/791 552/753/792
f 548/749/791 552/753/792 550/751/793
f 551/752/794 553/754/794 554/755/795
f 551/752/794 554/755/795 552/753/796
f 553/754/797 555/756/797 556/757/798
f 553/754/797 556/757/798 554/755/799
f 555/758/800 557/759/800 556/760/801
f 557/759/800 558/761/802 556/760/801
f 557/759/803 547/762/803 558/761/804
f 547/762/803 549/763/805 558/761/804
f 559/764/806 560/765/806 561/766/806
f 559/764/806 561/766/806 562/767/806
f 560/765/807 563/768/807 564/769/807
f 560/765/807 564/769/807 561/766/807
f 563/768/808 565/770/808 564/769/808
f 565/770/808 566/771/808 564/769/808
f 565/770/809 567/772/809 566/771/809
f 567/772/809 568/773/809 566/771/809
f 567/774/810 569/775/810 568/776/810
f 569/775/810 542/740/810 568/776/810
f 569/775/811 559/777/811 562/778/811
f 569/775/811 562/778/811 542/740/811
f 542/740/812 562/778/812 543/742/813
f 568/776/814 542/740/785 544/743/785
f 566/771/815 568/773/815 544/745/815
f 566/771/815 544/745/815 545/744/815
f 562/767/816 561/766/816 543/779/816
f 561/766/816 546/780/816 543/779/816
f 539/736/817 538/735/817 453/781/817
f 539/736/817 453/781/817 467/782/817
f 540/737/818 539/736/818 465/783/818
f 539/736/818 467/782/818 465/783/818
f 463/784/819 540/737/820 465/783/821
f 538/735/822 546/747/823 454/785/823
f 538/735/822 454/785/823 453/781/823
f 561/766/824 564/769/824 457/786/825
f 564/769/824 459/787/824 457/786/825
f 564/769/826 566/771/826 461/788/826
f 564/769/826 461/788/826 459/787/826
f 566/771/827 463/784/828 461/788/829
f 546/780/830 561/766/830 454/789/830
f 561/766/830 457/786/830 454/789/830
f 558/761/804 549/763/805 559/777/831
f 558/761/804 559/777/831 569/775/831
f 556/760/801 558/761/802 567/774/832
f 558/761/802 569/775/832 567/774/832
f 554/755/799 556/757/798 567/772/833
f 554/755/799 567/772/833 565/770/833
f 552/753/796 554/755/795 565/770/834
f 552/753/796 565/770/834 563/768/834
f 550/751/793 552/753/792 560/765/835
f 552/753/792 563/768/835 560/765/835
f 549/750/789 550/751/790 559/764/836
f 550/751/790 560/765/836 559/764/836
f 570/790/837 535/728/775 571/791/837
f 535/728/775 526/732/774 571/791/837
f 572/792/838 533/729/772 570/790/838
f 533/729/772 535/728/771 570/790/838
f 573/793/839 531/724/769 533/726/768
f 573/793/839 533/726/768 572/794/839
f 574/795/840 529/722/766 531/724/765
f 574/795/840 531/724/765 573/793/840
f 575/796/841 525/718/763 574/795/841
f 525/718/763 529/722/762 574/795/841
f 571/797/842 526/719/760 525/718/759
f 571/797/842 525/718/759 575/796/842
f 571/797/843 575/796/843 576/798/843
f 575/796/843 577/799/843 576/798/843
f 575/796/844 574/795/844 578/800/844
f 575/796/844 578/800/844 577/799/844
f 574/795/845 573/793/845 578/800/845
f 573/793/845 579/801/845 578/800/845
f 573/793/846 572/794/846 580/802/846
f 573/793/846 580/802/846 579/801/846
f 572/803/847 570/804/847 581/805/847
f 572/803/847 581/805/847 580/806/847
f 570/804/848 571/807/848 581/805/848
f 571/807/848 576/808/848 581/805/848
f 548/749/849 547/748/849 582/809/849
f 548/749/849 582/809/849 583/810/849
f 551/752/850 548/749/850 583/810/850
f 551/752/850 583/810/850 584/811/850
f 553/754/851 551/752/851 584/811/851
f 553/754/851 584/811/851 585/812/851
f 555/756/852 553/754/852 586/813/852
f 553/754/852 585/812/852 586/813/852
f 557/814/853 555/815/853 587/816/853
f 555/815/853 586/817/853 587/816/853
f 547/818/854 557/814/854 587/816/854
f 547/818/854 587/816/854 582/819/854
f 576/798/855 577/799/855 588/820/855
f 576/798/855 588/820/855 589/821/855
f 577/799/844 578/800/844 590/822/844
f 577/799/844 590/822/844 588/820/844
f 578/800/856 579/801/856 591/823/856
f 578/800/856 591/823/856 590/822/856
f 579/801/857 580/802/857 591/823/857
f 580/802/857 592/824/857 591/823/857
f 580/806/858 581/805/858 592/825/858
f 581/805/858 593/826/858 592/825/858
f 581/805/859 576/808/859 589/827/859
f 581/805/859 589/827/859 593/826/859
f 583/810/860 582/809/860 594/828/860
f 583/810/860 594/828/860 595/829/860
f 584/811/850 583/810/850 595/829/850
f 584/811/850 595/829/850 596/830/850
f 585/812/861 584/811/861 597/831/861
f 584/811/861 596/830/861 597/831/861
f 586/813/857 585/812/857 597/831/857
f 586/813/857 597/831/857 598/832/857
f 587/816/862 586/817/862 599/833/862
f 586/817/862 598/834/862 599/833/862
f 582/819/863 587/816/863 599/833/863
f 582/819/863 599/833/863 594/835/863
f 589/821/855 588/820/855 600/836/855
f 589/821/855 600/836/855 601/837/855
f 588/820/844 590/822/844 602/838/844
f 588/820/844 602/838/844 600/836/844
f 590/822/864 591/823/864 603/839/864
f 590/822/864 603/839/864 602/838/864
f 591/823/857 592/824/857 604/840/857
f 591/823/857 604/840/857 603/839/857
f 592/825/858 593/826/858 605/841/858
f 592/825/858 605/841/858 604/842/858
f 593/826/859 589/827/859 601/843/859
f 593/826/859 601/843/859 605/841/859
f 595/829/860 594/828/860 606/844/860
f 595/829/860 606/844/860 607/845/860
f 596/830/850 595/829/850 607/845/850
f 596/830/850 607/845/850 608/846/850
f 597/831/865 596/830/865 608/846/865
f 597/831/865 608/846/865 609/847/865
f 598/832/857 597/831/857 609/847/857
f 598/832/857 609/847/857 610/848/857
f 599/833/862 598/834/862 611/849/862
f 598/834/862 610/850/862 611/849/862
f 594/835/863 599/833/863 611/849/863
f 594/835/863 611/849/863 606/851/863
f 601/837/855 600/836/855 612/852/855
f 601/837/855 612/852/855 613/853/855
f 600/836/844 602/838/844 614/854/844
f 600/836/844 614/854/844 612/852/844
f 602/838/864 603/839/864 615/855/864
f 602/838/864 615/855/864 614/854/864
f 603/839/857 604/840/857 615/855/857
f 604/840/857 616/856/857 615/855/857
f 604/842/858 605/841/858 617/857/858
f 604/842/858 617/857/858 616/858/858
f 605/841/859 601/843/859 613/859/866
f 605/841/859 613/859/866 617/857/859
f 607/845/860 606/844/860 618/860/860
f 607/845/860 618/860/860 619/861/860
f 608/846/850 607/845/850 619/861/850
f 608/846/850 619/861/850 620/862/850
f 609/847/865 608/846/865 620/862/865
f 609/847/865 620/862/865 621/863/865
f 610/848/857 609/847/857 621/863/857
f 610/848/857 621/863/857 622/864/857
f 611/849/862 610/850/862 622/865/862
f 611/849/862 622/865/862 623/866/862
f 606/851/863 611/849/863 618/867/863
f 611/849/863 623/866/863 618/867/863
f 624/868/867 625/869/868 626/870/869
f 624/868/867 626/870/869 627/871/867
f 626/870/870 628/872/871 629/873/872
f 626/870/870 629/873/872 627/871/872
f 630/874/873 631/875/874 632/876/875
f 631/875/874 633/877/875 632/876/875
f 631/875/876 634/878/877 635/879/878
f 631/875/876 635/879/878 633/877/878
f 634/878/879 636/880/880 637/881/881
f 634/878/879 637/881/881 635/879/882
f 638/882/883 625/869/884 624/868/885
f 638/882/883 624/868/885 639/883/885
f 640/884/886 641/885/887 642/886/888
f 640/884/886 642/886/888 643/887/886
f 642/886/889 644/888/890 643/887/891
f 644/888/890 645/889/891 643/887/891
f 644/888/892 646/890/893 647/891/894
f 644/888/892 647/891/894 645/889/894
f 646/890/895 648/892/896 647/891/897
f 648/892/896 649/893/897 647/891/897
f 648/892/898 650/894/899 649/893/900
f 650/894/899 651/895/900 649/893/900
f 650/896/901 641/885/902 640/884/903
f 650/896/901 640/884/903 651/897/903
f 640/884/904 643/887/904 652/898/904
f 640/884/904 652/898/904 653/899/904
f 643/887/905 645/889/906 654/900/906
f 643/887/905 654/900/906 652/898/906
f 645/889/907 647/891/907 655/901/907
f 645/889/907 655/901/907 654/900/907
f 647/891/908 649/893/908 655/901/908
f 649/893/908 656/902/908 655/901/908
f 649/893/909 651/895/909 656/902/909
f 651/895/909 657/903/909 656/902/909
f 651/897/910 640/884/910 657/904/910
f 640/884/910 653/899/910 657/904/910
f 658/905/911 659/906/912 660/907/913
f 658/905/911 660/907/913 661/908/913
f 659/906/914 662/909/915 663/910/916
f 659/906/914 663/910/916 660/907/916
f 662/909/917 664/911/918 663/910/919
f 664/911/918 665/912/919 663/910/919
f 666/913/920 658/914/921 667/915/922
f 658/914/921 661/916/922 667/915/922
f 664/911/923 668/917/924 669/918/925
f 664/911/923 669/918/925 665/912/925
f 668/917/926 666/913/927 667/915/928
f 668/917/926 667/915/928 669/918/928
f 670/919/929 671/920/929 672/921/929
f 670/919/930 673/922/930 671/920/930
f 674/923/931 675/924/932 676/925/931
f 674/923/931 676/925/931 677/926/932
f 675/924/933 678/927/933 676/925/933
f 678/927/933 679/928/933 676/925/933
f 678/927/934 680/929/934 681/930/934
f 678/927/934 681/930/934 679/928/934
f 680/931/935 672/921/935 681/932/935
f 672/921/935 682/933/935 681/932/935
f 672/921/936 671/920/936 683/934/937
f 672/921/936 683/934/937 682/933/937
f 671/920/938 673/922/938 683/934/938
f 673/922/938 684/935/938 683/934/938
f 673/922/939 685/936/939 686/937/939
f 673/922/939 686/937/939 684/935/939
f 685/938/940 674/923/940 686/939/940
f 674/923/940 677/926/940 686/939/940
f 677/940/941 676/941/941 687/942/941
f 677/940/941 687/942/941 688/943/941
f 676/944/942 679/945/942 687/946/942
f 679/945/942 689/947/942 687/946/942
f 679/945/943 681/948/943 689/947/943
f 681/948/943 690/949/943 689/947/943
f 681/948/944 682/950/944 690/949/944
f 682/950/944 691/951/944 690/949/944
f 682/950/945 683/952/945 692/953/945
f 682/950/945 692/953/945 691/951/945
f 683/952/946 684/954/947 692/953/946
f 684/954/947 693/955/947 692/953/946
f 684/954/948 686/956/948 694/957/948
f 684/954/948 694/957/948 693/955/948
f 686/956/949 677/940/949 688/943/949
f 686/956/949 688/943/949 694/957/949
f 695/958/950 696/959/950 697/960/951
f 695/958/950 697/960/951 698/961/952
f 699/962/953 695/963/953 700/964/954
f 695/963/953 698/965/954 700/964/954
f 701/966/955 699/962/955 702/967/956
f 699/962/955 700/964/957 702/967/956
f 703/968/958 701/966/958 702/967/959
f 703/968/958 702/967/959 704/969/960
f 705/970/961 703/968/961 706/971/962
f 703/968/961 704/969/963 706/971/962
f 696/959/964 705/970/964 697/960/965
f 705/970/964 706/971/966 697/960/965
f 707/972/967 708/973/967 709/974/967
f 708/973/967 710/975/967 709/974/967
f 708/976/968 711/977/968 712/978/968
f 708/976/968 712/978/968 710/979/968
f 711/980/969 713/981/969 714/982/969
f 711/980/969 714/982/969 712/983/969
f 715/984/970 707/972/970 709/974/970
f 715/984/970 709/974/970 716/985/970
f 713/981/971 717/986/971 714/982/971
f 717/986/971 718/987/971 714/982/971
f 717/988/972 715/989/972 716/990/973
f 717/988/972 716/990/973 718/991/972
f 661/992/974 660/993/974 719/994/974
f 660/993/974 720/995/974 719/994/974
f 660/996/975 663/997/975 720/998/975
f 663/997/975 721/999/975 720/998/975
f 663/1000/976 665/1001/976 722/1002/976
f 663/1000/976 722/1002/976 721/1003/976
f 667/1004/977 661/992/977 719/994/977
f 667/1004/977 719/994/977 723/1005/977
f 665/1001/978 669/1006/979 722/1002/979
f 669/1006/979 724/1007/979 722/1002/979
f 669/1008/980 667/1009/980 723/1010/980
f 669/1008/980 723/1010/980 724/1011/980
f 709/974/981 710/975/981 725/1012/981
f 709/974/981 725/1012/981 726/1013/981
f 710/979/982 712/978/982 727/1014/982
f 710/979/982 727/1014/982 725/1015/982
f 712/983/983 714/982/983 727/1016/983
f 714/982/983 728/1017/983 727/1016/983
f 716/985/984 709/974/985 729/1018/986
f 709/974/985 726/1013/985 729/1018/986
f 714/982/987 718/987/988 730/1019/989
f 714/982/987 730/1019/989 728/1017/987
f 731/1020/990 732/1021/990 733/1022/990
f 732/1021/990 734/1023/990 733/1022/990
f 719/994/991 720/995/992 735/1024/993
f 719/994/991 735/1024/993 736/1025/991
f 737/1026/994 738/1027/994 739/1028/994
f 737/1026/994 739/1028/994 740/1029/994
f 721/1003/995 722/1002/996 741/1030/997
f 722/1002/996 742/1031/996 741/1030/997
f 723/1005/998 719/994/998 743/1032/998
f 719/994/998 736/1025/998 743/1032/998
f 722/1002/999 724/1007/999 744/1033/999
f 722/1002/999 744/1033/999 742/1031/999
f 724/1011/982 723/1010/982 743/1034/982
f 724/1011/982 743/1034/982 744/1035/982
f 726/1013/1000 745/1036/1001 746/1037/1002
f 725/1015/982 727/1014/982 747/1038/982
f 725/1015/982 747/1038/982 748/1039/982
f 727/1016/1003 728/1017/1004 747/1040/1003
f 728/1017/1004 749/1041/1005 747/1040/1003
f 729/1018/1006 726/1013/1007 750/1042/1006
f 726/1013/1007 751/1043/1008 750/1042/1006
f 728/1017/1009 752/1044/1010 753/1045/1011
f 730/1046/1012 729/1047/1012 754/1048/1012
f 729/1047/1012 750/1049/1012 754/1048/1012
f 736/1025/1013 755/1050/1014 756/1051/1015
f 735/1052/1016 741/1053/1016 757/1054/1016
f 735/1052/1016 757/1054/1016 758/1055/1016
f 741/1030/1017 742/1031/1018 757/1056/1017
f 742/1031/1018 759/1057/1019 757/1056/1017
f 743/1032/1020 736/1025/1021 760/1058/1020
f 736/1025/1021 761/1059/1022 760/1058/1020
f 742/1031/1023 762/1060/1024 763/1061/1025
f 744/1035/982 743/1034/982 760/1062/982
f 744/1035/982 760/1062/982 764/1063/982
f 718/991/1026 716/990/1026 765/1064/1027
f 718/991/1026 765/1064/1027 766/1065/1028
f 716/985/984 729/1018/986 767/1066/1029
f 716/985/984 767/1066/1029 765/1067/1030
f 729/1047/1031 730/1046/1031 767/1068/1032
f 730/1046/1031 768/1069/1033 767/1068/1032
f 730/1019/989 718/987/988 768/1070/1034
f 718/987/988 766/1071/1035 768/1070/1034
f 769/1072/1036 770/1073/1037 737/1026/1038
f 770/1073/1037 738/1027/1038 737/1026/1038
f 770/1074/1039 771/1075/1040 739/1076/1041
f 770/1074/1039 739/1076/1041 738/1077/1041
f 771/1078/1042 772/1079/1043 740/1029/1044
f 771/1078/1042 740/1029/1044 739/1028/1044
f 772/1080/1045 769/1081/1046 740/1082/1047
f 769/1081/1046 737/1083/1047 740/1082/1047
f 766/1065/1028 765/1064/1027 773/1084/1048
f 766/1065/1028 773/1084/1048 774/1085/1049
f 768/1070/1034 766/1071/1035 774/1086/1050
f 768/1070/1034 774/1086/1050 775/1087/1051
f 767/1068/1032 768/1069/1033 776/1088/1052
f 768/1069/1033 775/1089/1053 776/1088/1052
f 765/1067/1030 767/1066/1029 776/1090/1054
f 765/1067/1030 776/1090/1054 773/1091/1055
f 720/998/1056 721/999/1056 777/1092/1057
f 721/999/1056 778/1093/1058 777/1092/1057
f 721/1003/995 741/1030/997 779/1094/1059
f 721/1003/995 779/1094/1059 778/1095/1060
f 741/1053/1061 735/1052/1061 780/1096/1062
f 741/1053/1061 780/1096/1062 779/1097/1063
f 735/1024/993 720/995/992 780/1098/1064
f 720/995/992 777/1099/1065 780/1098/1064
f 774/1085/1049 773/1084/1048 732/1021/1066
f 774/1085/1049 732/1021/1066 731/1020/1066
f 775/1087/1051 774/1086/1050 733/1100/1067
f 774/1086/1050 731/1101/1067 733/1100/1067
f 776/1088/1052 775/1089/1053 734/1023/1068
f 775/1089/1053 733/1022/1068 734/1023/1068
f 773/1091/1055 776/1090/1054 734/1102/1069
f 773/1091/1055 734/1102/1069 732/1103/1069
f 777/1092/1057 778/1093/1058 769/1072/1036
f 778/1093/1058 770/1073/1037 769/1072/1036
f 778/1095/1060 779/1094/1059 770/1074/1039
f 779/1094/1059 771/1075/1040 770/1074/1039
f 779/1097/1063 780/1096/1062 772/1079/1043
f 779/1097/1063 772/1079/1043 771/1078/1042
f 780/1098/1064 777/1099/1065 772/1080/1045
f 777/1099/1065 769/1081/1046 772/1080/1045
f 728/1017/1009 730/1019/1070 754/1104/1070
f 728/1017/1009 754/1104/1070 752/1044/1010
f 759/1057/1019 742/1031/1018 763/1061/1071
f 749/1041/1005 728/1017/1004 753/1045/1072
f 742/1031/1023 744/1033/1073 764/1105/1073
f 742/1031/1023 764/1105/1073 762/1060/1024
f 751/1043/1008 726/1013/1007 746/1037/1074
f 736/1025/1013 735/1024/1075 758/1106/1075
f 736/1025/1013 758/1106/1075 755/1050/1014
f 726/1013/1000 725/1012/1076 748/1107/1076
f 726/1013/1000 748/1107/1076 745/1036/1001
f 761/1059/1022 736/1025/1021 756/1051/1077
f 781/1108/1078 782/1109/1078 783/1110/1078
f 781/1108/1078 783/1110/1078 784/1111/1078
f 785/1112/1079 786/1113/1079 787/1114/1079
f 785/1112/1079 787/1114/1079 788/1115/1079
f 789/1116/1080 790/1117/1080 791/1118/1080
f 789/1116/1080 791/1118/1080 792/1119/1080
f 793/1120/1081 794/1121/1081 795/1122/1081
f 793/1120/1081 795/1122/1081 796/1123/1081
f 797/1124/1082 798/1125/1082 799/1126/1082
f 797/1124/1082 799/1126/1082 800/1127/1082
f 801/1128/1083 802/1129/1083 803/1130/1083
f 801/1128/1083 803/1130/1083 804/1131/1083
f 805/1132/1084 806/1133/1084 807/1134/1084
f 805/1132/1084 807/1134/1084 808/1135/1084
f 809/1136/1085 810/1137/1085 811/1138/1085
f 809/1136/1085 811/1138/1085 812/1139/1085
f 755/1050/1086 758/1106/1086 813/1140/1086
f 758/1106/1086 814/1141/1086 813/1140/1086
f 758/1055/1087 757/1054/1087 815/1142/1087
f 758/1055/1087 815/1142/1087 814/1143/1087
f 757/1056/1088 759/1057/1088 815/1144/1088
f 759/1057/1088 816/1145/1088 815/1144/1088
f 759/1146/1087 755/1147/1087 813/1148/1087
f 759/1146/1087 813/1148/1087 816/1149/1087
f 751/1150/1089 752/1151/1089 817/1152/1089
f 751/1150/1089 817/1152/1089 818/1153/1089
f 752/1044/1090 754/1104/1090 819/1154/1090
f 752/1044/1090 819/1154/1090 817/1155/1090
f 754/1048/1089 750/1049/1089 820/1156/1089
f 754/1048/1089 820/1156/1089 819/1157/1089
f 750/1042/1091 751/1043/1091 818/1158/1091
f 750/1042/1091 818/1158/1091 820/1159/1091
f 746/1160/1092 753/1161/1092 821/1162/1092
f 746/1160/1092 821/1162/1092 822/1163/1092
f 753/1045/1093 752/1044/1093 823/1164/1093
f 753/1045/1093 823/1164/1093 821/1165/1093
f 752/1151/1092 751/1150/1092 824/1166/1092
f 752/1151/1092 824/1166/1092 823/1167/1092
f 751/1043/1094 746/1037/1094 822/1168/1094
f 751/1043/1094 822/1168/1094 824/1169/1094
f 755/1147/1095 759/1146/1095 825/1170/1095
f 755/1147/1095 825/1170/1095 826/1171/1095
f 759/1057/1096 763/1061/1096 825/1172/1096
f 763/1061/1096 827/1173/1096 825/1172/1096
f 763/1174/1095 756/1175/1095 828/1176/1095
f 763/1174/1095 828/1176/1095 827/1177/1095
f 756/1051/1097 755/1050/1097 828/1178/1097
f 755/1050/1097 826/1179/1097 828/1178/1097
f 756/1175/1098 763/1174/1098 829/1180/1098
f 756/1175/1098 829/1180/1098 830/1181/1098
f 763/1061/1099 762/1060/1099 831/1182/1099
f 763/1061/1099 831/1182/1099 829/1183/1099
f 762/1184/1100 761/1185/1100 832/1186/1100
f 762/1184/1100 832/1186/1100 831/1187/1100
f 761/1059/1101 756/1051/1101 830/1188/1101
f 761/1059/1101 830/1188/1101 832/1189/1101
f 745/1190/1102 749/1191/1102 833/1192/1102
f 749/1191/1102 834/1193/1102 833/1192/1102
f 749/1041/1103 753/1045/1103 834/1194/1103
f 753/1045/1103 835/1195/1103 834/1194/1103
f 753/1161/1104 746/1160/1104 836/1196/1104
f 753/1161/1104 836/1196/1104 835/1197/1104
f 746/1037/1105 745/1036/1105 836/1198/1105
f 745/1036/1105 833/1199/1105 836/1198/1105
f 745/1036/1106 748/1107/1106 837/1200/1106
f 748/1107/1106 838/1201/1106 837/1200/1106
f 748/1039/1107 747/1038/1107 839/1202/1107
f 748/1039/1107 839/1202/1107 838/1203/1107
f 747/1040/1108 749/1041/1108 839/1204/1108
f 749/1041/1108 840/1205/1108 839/1204/1108
f 749/1191/1109 745/1190/1109 840/1206/1109
f 745/1190/1109 837/1207/1109 840/1206/1109
f 761/1185/1110 762/1184/1110 841/1208/1110
f 761/1185/1110 841/1208/1110 842/1209/1110
f 762/1060/1111 764/1105/1111 843/1210/1111
f 762/1060/1111 843/1210/1111 841/1211/1111
f 764/1063/1112 760/1062/1112 844/1212/1112
f 764/1063/1112 844/1212/1112 843/1213/1112
f 760/1058/1113 761/1059/1114 842/1214/1113
f 760/1058/1113 842/1214/1113 844/1215/1113
f 822/1163/1115 821/1162/1115 845/1216/1115
f 822/1163/1115 845/1216/1115 846/1217/1115
f 821/1165/1116 823/1164/1116 845/1218/1116
f 823/1164/1116 847/1219/1116 845/1218/1116
f 823/1167/1117 824/1166/1117 848/1220/1117
f 823/1167/1117 848/1220/1117 847/1221/1117
f 824/1169/1118 822/1168/1118 846/1222/1118
f 824/1169/1118 846/1222/1118 848/1223/1118
f 849/1224/1119 850/1225/1119 851/1226/1120
f 850/1225/1119 852/1227/1120 851/1226/1120
f 850/1228/1121 853/1229/1121 854/1230/1121
f 850/1228/1121 854/1230/1121 852/1231/1121
f 853/1232/1122 855/1233/1123 856/1234/1124
f 853/1232/1122 856/1234/1124 854/1235/1124
f 855/1236/1125 849/1237/1125 851/1238/1126
f 855/1236/1125 851/1238/1126 856/1239/1126
f 818/1153/1127 817/1152/1127 857/1240/1127
f 818/1153/1127 857/1240/1127 858/1241/1127
f 817/1155/1128 819/1154/1128 857/1242/1129
f 819/1154/1128 859/1243/1128 857/1242/1129
f 819/1157/1130 820/1156/1130 860/1244/1130
f 819/1157/1130 860/1244/1130 859/1245/1130
f 820/1159/1131 818/1158/1131 858/1246/1131
f 820/1159/1131 858/1246/1131 860/1247/1131
f 861/1248/1132 862/1249/1132 863/1250/1132
f 861/1248/1132 863/1250/1132 864/1251/1132
f 862/1252/1133 865/1253/1134 866/1254/1135
f 862/1252/1133 866/1254/1135 863/1255/1135
f 865/1256/1136 867/1257/1136 868/1258/1136
f 865/1256/1136 868/1258/1136 866/1259/1136
f 867/1260/1137 861/1261/1137 868/1262/1138
f 861/1261/1137 864/1263/1138 868/1262/1138
f 837/1200/1139 838/1201/1139 869/1264/1139
f 837/1200/1139 869/1264/1139 870/1265/1140
f 838/1203/1141 839/1202/1141 871/1266/1141
f 838/1203/1141 871/1266/1141 869/1267/1141
f 839/1204/1142 840/1205/1142 871/1268/1142
f 840/1205/1142 872/1269/1142 871/1268/1142
f 840/1206/1143 837/1207/1143 870/1270/1143
f 840/1206/1143 870/1270/1143 872/1271/1143
f 833/1192/1144 834/1193/1144 873/1272/1144
f 833/1192/1144 873/1272/1144 874/1273/1144
f 834/1194/1145 835/1195/1145 873/1274/1145
f 835/1195/1145 875/1275/1146 873/1274/1145
f 835/1197/1147 836/1196/1147 876/1276/1147
f 835/1197/1147 876/1276/1147 875/1277/1147
f 836/1198/1148 833/1199/1148 874/1278/1149
f 836/1198/1148 874/1278/1149 876/1279/1149
f 877/1280/1150 878/1281/1150 879/1282/1150
f 877/1280/1150 879/1282/1150 880/1283/1150
f 878/1284/1151 881/1285/1151 882/1286/1152
f 878/1284/1151 882/1286/1152 879/1287/1152
f 881/1288/1153 883/1289/1153 884/1290/1153
f 881/1288/1153 884/1290/1153 882/1291/1153
f 883/1292/1154 877/1293/1154 884/1294/1155
f 877/1293/1154 880/1295/1155 884/1294/1155
f 885/1296/1156 886/1297/1156 887/1298/1157
f 885/1296/1156 887/1298/1157 888/1299/1157
f 886/1300/1158 889/1301/1158 887/1302/1158
f 889/1301/1158 890/1303/1158 887/1302/1158
f 889/1304/1159 891/1305/1159 892/1306/1160
f 889/1304/1159 892/1306/1160 890/1307/1160
f 891/1308/1161 885/1309/1161 888/1310/1162
f 891/1308/1161 888/1310/1162 892/1311/1162
f 893/1312/1163 894/1313/1163 895/1314/1163
f 893/1312/1163 895/1314/1163 896/1315/1163
f 894/1316/1164 897/1317/1164 898/1318/1165
f 894/1316/1164 898/1318/1165 895/1319/1166
f 897/1320/1167 899/1321/1167 900/1322/1167
f 897/1320/1167 900/1322/1167 898/1323/1167
f 899/1324/1168 893/1325/1168 900/1326/1169
f 893/1325/1168 896/1327/1169 900/1326/1169
f 901/1328/1170 902/1329/1170 785/1330/1171
f 902/1329/1170 786/1331/1171 785/1330/1171
f 902/1332/1172 903/1333/1172 787/1114/1172
f 902/1332/1172 787/1114/1172 786/1113/1172
f 903/1334/1173 904/1335/1173 788/1336/1174
f 903/1334/1173 788/1336/1174 787/1337/1174
f 904/1338/1175 901/1339/1175 785/1112/1175
f 904/1338/1175 785/1112/1175 788/1115/1175
f 905/1340/1176 906/1341/1176 907/1342/1177
f 905/1340/1176 907/1342/1177 908/1343/1177
f 906/1344/1178 909/1345/1178 910/1346/1179
f 906/1344/1178 910/1346/1179 907/1347/1180
f 909/1348/1181 911/1349/1181 912/1350/1181
f 909/1348/1181 912/1350/1181 910/1351/1181
f 911/1352/1182 905/1353/1182 912/1354/1183
f 905/1353/1182 908/1355/1183 912/1354/1183
f 913/1356/1184 914/1357/1184 794/1121/1184
f 913/1356/1184 794/1121/1184 793/1120/1184
f 914/1358/1185 915/1359/1185 795/1360/1186
f 914/1358/1185 795/1360/1186 794/1361/1186
f 915/1362/1187 916/1363/1187 796/1123/1187
f 915/1362/1187 796/1123/1187 795/1122/1187
f 916/1364/1188 913/1365/1188 796/1366/1189
f 913/1365/1188 793/1367/1189 796/1366/1189
f 917/1368/1190 918/1369/1190 919/1370/1191
f 917/1368/1190 919/1370/1191 920/1371/1192
f 918/1372/1193 921/1373/1193 922/1374/1193
f 918/1372/1193 922/1374/1193 919/1375/1193
f 921/1376/1194 923/1377/1194 922/1378/1195
f 923/1377/1194 924/1379/1195 922/1378/1195
f 923/1380/1196 917/1381/1196 920/1382/1197
f 923/1380/1196 920/1382/1197 924/1383/1197
f 925/1384/1198 926/1385/1198 927/1386/1198
f 925/1384/1198 927/1386/1198 928/1387/1198
f 926/1388/1199 929/1389/1199 930/1390/1200
f 926/1388/1199 930/1390/1200 927/1391/1200
f 929/1392/1201 931/1393/1201 932/1394/1202
f 929/1392/1201 932/1394/1202 930/1395/1202
f 931/1396/1203 925/1397/1203 932/1398/1204
f 925/1397/1203 928/1399/1205 932/1398/1204
f 933/1400/1206 934/1401/1206 806/1133/1206
f 933/1400/1206 806/1133/1206 805/1132/1206
f 934/1402/1207 935/1403/1207 807/1404/1208
f 934/1402/1207 807/1404/1208 806/1405/1208
f 935/1406/1209 936/1407/1209 808/1135/1209
f 935/1406/1209 808/1135/1209 807/1134/1209
f 936/1408/1210 933/1409/1210 808/1410/1210
f 933/1409/1210 805/1411/1210 808/1410/1210
f 937/1412/1211 938/1413/1211 810/1137/1211
f 937/1412/1211 810/1137/1211 809/1136/1211
f 938/1414/1212 939/1415/1212 810/1416/1213
f 939/1415/1212 811/1417/1213 810/1416/1213
f 939/1418/1214 940/1419/1214 812/1139/1214
f 939/1418/1214 812/1139/1214 811/1138/1214
f 940/1420/1215 937/1421/1215 809/1422/1216
f 940/1420/1215 809/1422/1216 812/1423/1216
f 858/1241/1127 857/1240/1127 906/1341/1217
f 858/1241/1127 906/1341/1217 905/1340/1217
f 860/1247/1131 858/1246/1131 905/1353/1218
f 860/1247/1131 905/1353/1218 911/1352/1218
f 859/1245/1130 860/1244/1130 911/1349/1219
f 859/1245/1130 911/1349/1219 909/1348/1219
f 857/1242/1129 859/1243/1128 906/1344/1220
f 859/1243/1128 909/1345/1220 906/1344/1220
f 816/1149/1125 813/1148/1125 849/1237/1125
f 816/1149/1125 849/1237/1125 855/1236/1125
f 813/1140/1119 814/1141/1119 849/1224/1119
f 814/1141/1119 850/1225/1119 849/1224/1119
f 814/1143/1221 815/1142/1221 853/1229/1121
f 814/1143/1221 853/1229/1121 850/1228/1121
f 815/1144/1122 816/1145/1122 855/1233/1123
f 815/1144/1122 855/1233/1123 853/1232/1122
f 908/1343/1177 907/1342/1177 790/1117/1177
f 908/1343/1177 790/1117/1177 789/1116/1177
f 912/1354/1183 908/1355/1183 789/1424/1183
f 912/1354/1183 789/1424/1183 792/1425/1183
f 910/1351/1181 912/1350/1181 792/1119/1181
f 910/1351/1181 792/1119/1181 791/1118/1181
f 907/1347/1180 910/1346/1179 790/1426/1222
f 910/1346/1179 791/1427/1222 790/1426/1222
f 856/1239/1223 851/1238/1223 901/1339/1175
f 856/1239/1223 901/1339/1175 904/1338/1175
f 851/1226/1224 852/1227/1224 902/1329/1170
f 851/1226/1224 902/1329/1170 901/1328/1170
f 852/1231/1172 854/1230/1172 903/1333/1172
f 852/1231/1172 903/1333/1172 902/1332/1172
f 854/1235/1225 856/1234/1225 903/1334/1173
f 856/1234/1225 904/1335/1173 903/1334/1173
f 848/1223/1118 846/1222/1118 893/1325/1226
f 848/1223/1118 893/1325/1226 899/1324/1226
f 847/1221/1117 848/1220/1117 899/1321/1117
f 847/1221/1117 899/1321/1117 897/1320/1117
f 845/1218/1116 847/1219/1116 894/1316/1227
f 847/1219/1116 897/1317/1227 894/1316/1227
f 846/1217/1115 845/1216/1115 894/1313/1115
f 846/1217/1115 894/1313/1115 893/1312/1115
f 828/1178/1154 826/1179/1154 883/1292/1154
f 826/1179/1154 877/1293/1154 883/1292/1154
f 826/1171/1150 825/1170/1150 878/1281/1150
f 826/1171/1150 878/1281/1150 877/1280/1150
f 825/1172/1151 827/1173/1151 881/1285/1151
f 825/1172/1151 881/1285/1151 878/1284/1151
f 827/1177/1153 828/1176/1153 883/1289/1153
f 827/1177/1153 883/1289/1153 881/1288/1153
f 900/1326/1169 896/1327/1169 781/1428/1228
f 900/1326/1169 781/1428/1228 784/1429/1228
f 898/1323/1167 900/1322/1167 784/1111/1167
f 898/1323/1167 784/1111/1167 783/1110/1167
f 895/1319/1166 898/1318/1165 782/1430/1229
f 898/1318/1165 783/1431/1230 782/1430/1229
f 896/1315/1163 895/1314/1163 782/1109/1163
f 896/1315/1163 782/1109/1163 781/1108/1163
f 884/1294/1231 880/1295/1231 933/1409/1210
f 884/1294/1231 933/1409/1210 936/1408/1210
f 880/1283/1206 879/1282/1206 934/1401/1206
f 880/1283/1206 934/1401/1206 933/1400/1206
f 879/1287/1232 882/1286/1232 934/1402/1207
f 882/1286/1232 935/1403/1207 934/1402/1207
f 882/1291/1209 884/1290/1209 936/1407/1209
f 882/1291/1209 936/1407/1209 935/1406/1209
f 874/1273/1144 873/1272/1144 926/1385/1233
f 874/1273/1144 926/1385/1233 925/1384/1233
f 876/1279/1149 874/1278/1149 925/1397/1234
f 876/1279/1149 925/1397/1234 931/1396/1234
f 875/1277/1147 876/1276/1147 931/1393/1147
f 875/1277/1147 931/1393/1147 929/1392/1147
f 873/1274/1145 875/1275/1146 926/1388/1235
f 875/1275/1146 929/1389/1235 926/1388/1235
f 831/1187/1136 832/1186/1136 867/1257/1136
f 831/1187/1136 867/1257/1136 865/1256/1136
f 832/1189/1236 830/1188/1237 867/1260/1137
f 830/1188/1237 861/1261/1137 867/1260/1137
f 830/1181/1132 829/1180/1132 862/1249/1132
f 830/1181/1132 862/1249/1132 861/1248/1132
f 829/1183/1134 831/1182/1134 865/1253/1134
f 829/1183/1134 865/1253/1134 862/1252/1133
f 928/1387/1198 927/1386/1198 802/1129/1198
f 928/1387/1198 802/1129/1198 801/1128/1198
f 932/1398/1204 928/1399/1205 801/1432/1238
f 932/1398/1204 801/1432/1238 804/1433/1238
f 930/1395/1202 932/1394/1202 804/1131/1202
f 930/1395/1202 804/1131/1202 803/1130/1202
f 927/1391/1200 930/1390/1200 802/1434/1239
f 930/1390/1200 803/1435/1239 802/1434/1239
f 866/1259/1187 868/1258/1187 916/1363/1187
f 866/1259/1187 916/1363/1187 915/1362/1187
f 868/1262/1240 864/1263/1240 913/1365/1188
f 868/1262/1240 913/1365/1188 916/1364/1188
f 864/1251/1184 863/1250/1184 914/1357/1184
f 864/1251/1184 914/1357/1184 913/1356/1184
f 863/1255/1241 866/1254/1241 914/1358/1185
f 866/1254/1241 915/1359/1185 914/1358/1185
f 870/1265/1140 869/1264/1139 917/1368/1242
f 869/1264/1139 918/1369/1242 917/1368/1242
f 872/1271/1143 870/1270/1143 917/1381/1243
f 872/1271/1143 917/1381/1243 923/1380/1243
f 871/1268/1142 872/1269/1142 923/1377/1244
f 871/1268/1142 923/1377/1244 921/1376/1244
f 869/1267/1141 871/1266/1141 921/1373/1141
f 869/1267/1141 921/1373/1141 918/1372/1141
f 844/1215/1161 842/1214/1161 891/1308/1161
f 842/1214/1161 885/1309/1161 891/1308/1161
f 842/1209/1156 841/1208/1156 886/1297/1156
f 842/1209/1156 886/1297/1156 885/1296/1156
f 841/1211/1158 843/1210/1158 889/1301/1158
f 841/1211/1158 889/1301/1158 886/1300/1158
f 843/1213/1159 844/1212/1159 891/1305/1159
f 843/1213/1159 891/1305/1159 889/1304/1159
f 920/1371/1192 919/1370/1191 797/1436/1192
f 919/1370/1191 798/1437/1192 797/1436/1192
f 924/1383/1197 920/1382/1197 797/1124/1197
f 924/1383/1197 797/1124/1197 800/1127/1197
f 922/1378/1195 924/1379/1195 800/1438/1245
f 922/1378/1195 800/1438/1245 799/1439/1245
f 919/1375/1193 922/1374/1193 799/1126/1246
f 919/1375/1193 799/1126/1246 798/1125/1246
f 892/1311/1247 888/1310/1247 940/1420/1215
f 888/1310/1247 937/1421/1215 940/1420/1215
f 888/1299/1248 887/1298/1248 938/1413/1211
f 888/1299/1248 938/1413/1211 937/1412/1211
f 887/1302/1249 890/1303/1249 939/1415/1212
f 887/1302/1249 939/1415/1212 938/1414/1212
f 890/1307/1250 892/1306/1250 940/1419/1214
f 890/1307/1250 940/1419/1214 939/1418/1214
f 941/1440/1251 942/1441/1252 708/1442/1253
f 941/1440/1251 708/1442/1253 707/1443/1253
f 943/1444/1254 941/1445/1255 715/1446/1256
f 941/1445/1255 707/1447/1256 715/1446/1256
f 944/1448/1257 943/1444/1258 717/1449/1259
f 943/1444/1258 715/1446/1259 717/1449/1259
f 945/1450/1260 944/1448/1261 717/1449/1262
f 945/1450/1260 717/1449/1262 713/1451/1262
f 946/1452/1263 945/1450/1264 711/1453/1265
f 945/1450/1264 713/1451/1265 711/1453/1265
f 942/1441/1266 946/1452/1267 708/1442/1268
f 946/1452/1267 711/1453/1268 708/1442/1268
f 947/1454/1269 948/1455/1270 666/913/920
f 948/1455/1270 658/914/921 666/913/920
f 948/1456/1271 949/1457/1272 659/906/912
f 948/1456/1271 659/906/912 658/905/911
f 949/1457/1273 950/1458/1274 662/909/915
f 949/1457/1273 662/909/915 659/906/914
f 950/1458/1275 951/1459/1276 662/909/917
f 951/1459/1276 664/911/918 662/909/917
f 951/1459/1277 952/1460/1278 668/917/924
f 951/1459/1277 668/917/924 664/911/923
f 952/1460/1279 947/1454/1280 666/913/927
f 952/1460/1279 666/913/927 668/917/926
f 953/1461/1281 954/1462/1282 955/1463/1283
f 953/1461/1281 955/1463/1283 956/1464/1284
f 957/1465/1285 953/1466/1286 958/1467/1287
f 953/1466/1286 956/1468/1288 958/1467/1287
f 959/1469/1289 957/1465/1290 960/1470/1291
f 957/1465/1290 958/1467/1292 960/1470/1291
f 961/1471/1293 959/1469/1294 960/1470/1295
f 961/1471/1293 960/1470/1295 962/1472/1296
f 963/1473/1297 961/1471/1298 964/1474/1299
f 961/1471/1298 962/1472/1300 964/1474/1299
f 954/1462/1301 963/1473/1302 955/1463/1303
f 963/1473/1302 964/1474/1304 955/1463/1303
f 965/1475/1305 966/1476/1306 967/1477/1307
f 966/1476/1306 968/1478/1308 967/1477/1307
f 966/1479/1309 969/1480/1309 970/1481/1310
f 966/1479/1309 970/1481/1310 968/1482/1311
f 969/1480/1312 971/1483/1313 972/1484/1314
f 969/1480/1312 972/1484/1314 970/1481/1315
f 971/1483/1316 973/1485/1317 972/1484/1318
f 973/1485/1317 974/1486/1319 972/1484/1318
f 973/1485/1320 975/1487/1321 976/1488/1322
f 973/1485/1320 976/1488/1322 974/1486/1323
f 975/1487/1324 965/1475/1325 967/1477/1326
f 975/1487/1324 967/1477/1326 976/1488/1327
f 698/961/952 697/960/951 954/1462/1282
f 698/961/952 954/1462/1282 953/1461/1281
f 700/964/954 698/965/954 957/1465/1285
f 698/965/954 953/1466/1286 957/1465/1285
f 702/967/956 700/964/957 959/1469/1289
f 700/964/957 957/1465/1290 959/1469/1289
f 704/969/960 702/967/959 959/1469/1294
f 704/969/960 959/1469/1294 961/1471/1293
f 706/971/962 704/969/963 963/1473/1297
f 704/969/963 961/1471/1298 963/1473/1297
f 697/960/965 706/971/966 954/1462/1301
f 706/971/966 963/1473/1302 954/1462/1301
f 956/1464/1284 955/1463/1283 942/1441/1252
f 956/1464/1284 942/1441/1252 941/1440/1251
f 958/1467/1287 956/1468/1288 943/1444/1254
f 956/1468/1288 941/1445/1255 943/1444/1254
f 960/1470/1291 958/1467/1292 944/1448/1257
f 958/1467/1292 943/1444/1258 944/1448/1257
f 962/1472/1296 960/1470/1295 944/1448/1261
f 962/1472/1296 944/1448/1261 945/1450/1260
f 964/1474/1299 962/1472/1300 946/1452/1263
f 962/1472/1300 945/1450/1264 946/1452/1263
f 955/1463/1303 964/1474/1304 942/1441/1266
f 964/1474/1304 946/1452/1267 942/1441/1266
f 967/1477/1307 968/1478/1308 947/1454/1269
f 968/1478/1308 948/1455/1270 947/1454/1269
f 968/1482/1311 970/1481/1310 949/1457/1272
f 968/1482/1311 949/1457/1272 948/1456/1271
f 970/1481/1315 972/1484/1314 950/1458/1274
f 970/1481/1315 950/1458/1274 949/1457/1273
f 972/1484/1318 974/1486/1319 950/1458/1275
f 974/1486/1319 951/1459/1276 950/1458/1275
f 974/1486/1323 976/1488/1322 952/1460/1278
f 974/1486/1323 952/1460/1278 951/1459/1277
f 976/1488/1327 967/1477/1326 947/1454/1280
f 976/1488/1327 947/1454/1280 952/1460/1279
f 688/1489/1328 687/1490/1328 689/1491/1328
f 694/1492/1328 688/1489/1328 689/1491/1328
f 693/1493/1328 694/1492/1328 689/1491/1328
f 692/1494/1328 693/1493/1328 689/1491/1328
f 691/1495/1328 692/1494/1328 689/1491/1328
f 690/1496/1328 691/1495/1328 689/1491/1328
f 977/1497/1329 978/1498/1330 979/1499/1331
f 977/1497/1329 979/1499/1331 980/1500/1332
f 978/1498/1333 981/1501/1334 982/1502/1335
f 978/1498/1333 982/1502/1335 979/1499/1335
f 981/1501/1336 983/1503/1337 984/1504/1338
f 981/1501/1336 984/1504/1338 982/1502/1338
f 983/1503/1339 985/1505/1340 986/1506/1341
f 983/1503/1339 986/1506/1341 984/1504/1341
f 985/1507/1342 987/1508/1343 986/1509/1344
f 987/1508/1343 988/1510/1345 986/1509/1344
f 980/1500/1346 988/1510/1347 987/1508/1348
f 980/1500/1346 987/1508/1348 977/1497/1349
f 989/1511/1350 990/1512/1351 991/1513/1352
f 990/1512/1351 992/1514/1353 991/1513/1352
f 993/1515/1354 994/1516/1355 995/1517/1356
f 993/1515/1354 995/1517/1356 996/1518/1356
f 994/1516/1357 997/1519/1358 998/1520/1359
f 994/1516/1357 998/1520/1359 995/1517/1359
f 997/1519/1360 999/1521/1361 998/1520/1362
f 999/1521/1361 1000/1522/1362 998/1520/1362
f 1001/1523/1363 1002/1524/1364 1003/1525/1365
f 1001/1523/1363 1003/1525/1365 1004/1526/1366
f 991/1513/1367 1003/1525/1368 1002/1524/868
f 991/1513/1367 1002/1524/868 989/1511/869
f 1005/1527/1369 1006/1528/1370 1007/1529/1371
f 629/873/1372 628/872/1373 1008/1530/1374
f 629/873/1372 1008/1530/1374 1009/1531/1375
f 1006/1528/1376 1010/1532/1377 1011/1533/1378
f 1006/1528/1376 1011/1533/1378 1007/1529/1378
f 1010/1532/1379 1012/1534/1380 1011/1533/1381
f 1013/1535/1382 638/1536/1383 639/1537/1384
f 1013/1535/1382 639/1537/1384 1014/1538/1385
f 1015/1539/1386 1016/1540/1387 1017/1541/1388
f 1016/1540/1387 996/1542/1389 1017/1541/1388
f 1016/1543/1390 1018/1544/1391 996/1518/1392
f 1018/1544/1391 993/1515/1393 996/1518/1392
f 1019/1545/1394 1015/1539/1395 1017/1541/1396
f 1019/1545/1394 1017/1541/1396 1020/1546/1397
f 999/1521/1398 1021/1547/1399 1000/1522/1400
f 1021/1547/1399 1022/1548/1401 1000/1522/1400
f 1022/1549/1402 1019/1545/1403 1020/1546/1404
f 1022/1549/1402 1020/1546/1404 1000/1550/1405
f 979/1551/1406 982/1552/1406 1023/1553/1407
f 979/1551/1406 1023/1553/1407 1024/1554/1408
f 982/1552/1409 984/1555/1409 1023/1553/1410
f 984/1555/1409 1025/1556/1411 1023/1553/1410
f 984/1555/1412 986/1557/1412 1025/1556/1413
f 986/1557/1412 1026/1558/1414 1025/1556/1413
f 1017/1541/1388 996/1542/1389 995/1559/1415
f 1020/1546/1397 1017/1541/1396 998/1560/1416
f 1017/1541/1396 995/1559/1416 998/1560/1416
f 1000/1550/1405 1020/1546/1404 998/1560/1417
f 1027/1561/1418 1013/1535/1382 1028/1562/1419
f 1013/1535/1382 1014/1538/1385 1028/1562/1419
f 1025/1556/1413 1026/1558/1414 1029/1563/1420
f 1026/1558/1414 1030/1564/1421 1029/1563/1420
f 1023/1553/1410 1025/1556/1411 1029/1563/1422
f 1023/1553/1410 1029/1563/1422 1031/1565/1423
f 1024/1554/1408 1023/1553/1407 1031/1565/1424
f 1024/1554/1408 1031/1565/1424 1032/1566/1425
f 1009/1531/1375 1008/1530/1374 1033/1567/1426
f 1009/1531/1375 1033/1567/1426 1034/1568/1427
f 1035/1569/1428 1001/1570/1429 1036/1571/1430
f 1001/1570/1429 1004/1572/1431 1036/1571/1430
f 1004/1573/1432 1037/1574/1432 1038/1575/1433
f 1004/1573/1432 1038/1575/1433 1036/1576/1434
f 1037/1574/1435 1039/1577/1435 1040/1578/1436
f 1037/1574/1435 1040/1578/1436 1038/1575/1437
f 1039/1577/1438 992/1579/1438 1040/1578/1439
f 992/1579/1438 1041/1580/1440 1040/1578/1439
f 992/1514/1441 990/1512/1442 1041/1581/1443
f 990/1512/1442 1042/1582/1444 1041/1581/1443
f 636/880/1445 1027/1561/1418 1028/1562/1419
f 636/880/1445 1028/1562/1419 637/881/1446
f 1029/1563/1420 1030/1564/1421 1010/1532/1379
f 1030/1564/1421 1012/1534/1380 1010/1532/1379
f 1031/1565/1423 1029/1563/1422 1006/1528/1376
f 1029/1563/1422 1010/1532/1377 1006/1528/1376
f 1032/1566/1425 1031/1565/1424 1006/1528/1370
f 1032/1566/1425 1006/1528/1370 1005/1527/1369
f 1034/1568/1427 1033/1567/1426 630/874/1447
f 1034/1568/1427 630/874/1447 632/876/1448
f 1021/1547/1399 1035/1569/1428 1022/1548/1401
f 1035/1569/1428 1036/1571/1430 1022/1548/1401
f 1036/1576/1434 1038/1575/1433 1019/1545/1403
f 1036/1576/1434 1019/1545/1403 1022/1549/1402
f 1038/1575/1437 1040/1578/1436 1019/1545/1394
f 1040/1578/1436 1015/1539/1395 1019/1545/1394
f 1040/1578/1439 1041/1580/1440 1015/1539/1386
f 1041/1580/1440 1016/1540/1387 1015/1539/1386
f 1041/1581/1443 1042/1582/1444 1016/1543/1390
f 1042/1582/1444 1018/1544/1391 1016/1543/1390
f 1043/1583/1449 1044/1584/1450 977/1497/1329
f 1044/1584/1450 978/1498/1330 977/1497/1329
f 1044/1584/1451 1045/1585/1452 981/1501/1334
f 1044/1584/1451 981/1501/1334 978/1498/1333
f 1045/1585/1453 1046/1586/1454 983/1503/1337
f 1045/1585/1453 983/1503/1337 981/1501/1336
f 1046/1586/1455 1047/1587/1456 983/1503/1339
f 1047/1587/1456 985/1505/1340 983/1503/1339
f 1047/1588/1457 1048/1589/1458 987/1508/1343
f 1047/1588/1457 987/1508/1343 985/1507/1342
f 977/1497/1349 987/1508/1348 1048/1589/1459
f 977/1497/1349 1048/1589/1459 1043/1583/1460
f 991/1590/1352 992/1591/1353 1049/1592/1461
f 992/1591/1353 1050/1593/1462 1049/1592/1461
f 992/1591/1463 1039/1594/1463 1050/1593/1464
f 1039/1594/1463 1051/1595/1465 1050/1593/1464
f 1039/1594/1466 1037/1596/1466 1051/1595/1467
f 1037/1596/1466 1052/1597/1468 1051/1595/1467
f 1037/1596/1469 1004/1598/1469 1052/1597/1470
f 1004/1598/1469 1053/1599/1471 1052/1597/1470
f 1004/1600/1366 1003/1601/1365 1054/1602/1472
f 1004/1600/1366 1054/1602/1472 1053/1603/1473
f 1049/1592/1474 1054/1602/1475 991/1590/1367
f 1054/1602/1475 1003/1601/1368 991/1590/1367
f 1055/1604/1476 1056/1605/1477 1057/1606/1478
f 1055/1604/1476 1057/1606/1478 1058/1607/1479
f 1056/1605/1480 1059/1608/1481 1060/1609/1482
f 1056/1605/1480 1060/1609/1482 1057/1606/1483
f 1059/1608/1484 1061/1610/1485 1062/1611/1486
f 1059/1608/1484 1062/1611/1486 1060/1609/1487
f 1061/1610/1488 1063/1612/1489 1062/1611/1490
f 1063/1612/1489 1064/1613/1491 1062/1611/1490
f 1063/1614/1492 1065/1615/1493 1064/1616/1494
f 1065/1615/1493 1066/1617/1495 1064/1616/1494
f 1058/1607/1496 1066/1617/1497 1065/1615/1498
f 1058/1607/1496 1065/1615/1498 1055/1604/1499
f 1067/1618/1500 1068/1619/1501 1069/1620/1502
f 1068/1619/1501 1070/1621/1503 1069/1620/1502
f 1068/1619/1504 1071/1622/1505 1072/1623/1506
f 1068/1619/1504 1072/1623/1506 1070/1621/1507
f 1071/1622/1508 1073/1624/1509 1072/1623/1510
f 1073/1624/1509 1074/1625/1511 1072/1623/1510
f 1073/1624/1512 1075/1626/1513 1074/1625/1514
f 1075/1626/1513 1076/1627/1515 1074/1625/1514
f 1075/1628/1516 1077/1629/1517 1078/1630/1518
f 1075/1628/1516 1078/1630/1518 1076/1631/1519
f 1069/1620/1520 1078/1630/1521 1067/1618/1522
f 1078/1630/1521 1077/1629/1523 1067/1618/1522
f 1058/1607/1479 1057/1606/1478 1044/1584/1450
f 1058/1607/1479 1044/1584/1450 1043/1583/1449
f 1057/1606/1483 1060/1609/1482 1044/1584/1451
f 1060/1609/1482 1045/1585/1452 1044/1584/1451
f 1060/1609/1487 1062/1611/1486 1046/1586/1454
f 1060/1609/1487 1046/1586/1454 1045/1585/1453
f 1062/1611/1490 1064/1613/1491 1047/1587/1456
f 1062/1611/1490 1047/1587/1456 1046/1586/1455
f 1064/1616/1494 1066/1617/1495 1047/1588/1457
f 1066/1617/1495 1048/1589/1458 1047/1588/1457
f 1043/1583/1460 1048/1589/1459 1066/1617/1497
f 1043/1583/1460 1066/1617/1497 1058/1607/1496
f 1049/1592/1461 1050/1593/1462 1068/1619/1501
f 1049/1592/1461 1068/1619/1501 1067/1618/1500
f 1050/1593/1464 1051/1595/1465 1068/1619/1504
f 1051/1595/1465 1071/1622/1505 1068/1619/1504
f 1051/1595/1467 1052/1597/1468 1071/1622/1508
f 1052/1597/1468 1073/1624/1509 1071/1622/1508
f 1052/1597/1470 1053/1599/1471 1075/1626/1513
f 1052/1597/1470 1075/1626/1513 1073/1624/1512
f 1053/1603/1473 1054/1602/1472 1075/1628/1516
f 1054/1602/1472 1077/1629/1517 1075/1628/1516
f 1067/1618/1522 1077/1629/1523 1049/1592/1474
f 1077/1629/1523 1054/1602/1475 1049/1592/1474
f 1079/1632/1524 1080/1633/1524 1056/1634/1477
f 1079/1632/1524 1056/1634/1477 1055/1635/1476
f 1080/1633/1525 1081/1636/1525 1056/1634/1480
f 1081/1636/1525 1059/1637/1481 1056/1634/1480
f 1081/1636/1526 1082/1638/1526 1061/1639/1485
f 1081/1636/1526 1061/1639/1485 1059/1637/1484
f 1082/1638/1527 1083/1640/1527 1063/1641/1489
f 1082/1638/1527 1063/1641/1489 1061/1639/1488
f 1083/1642/1528 1084/1643/1528 1063/1644/1492
f 1084/1643/1528 1065/1645/1493 1063/1644/1492
f 1055/1635/1499 1065/1645/1498 1084/1643/1529
f 1055/1635/1499 1084/1643/1529 1079/1632/1529
f 1069/1620/1502 1070/1621/1503 642/1646/889
f 1070/1621/1503 644/1647/890 642/1646/889
f 1070/1621/1507 1072/1623/1506 644/1647/892
f 1072/1623/1506 646/1648/893 644/1647/892
f 1072/1623/1510 1074/1625/1511 646/1648/895
f 1074/1625/1511 648/1649/896 646/1648/895
f 1074/1625/1514 1076/1627/1515 650/1650/899
f 1074/1625/1514 650/1650/899 648/1649/898
f 1076/1631/1519 1078/1630/1518 641/1651/902
f 1076/1631/1519 641/1651/902 650/1652/901
f 642/1646/888 641/1651/887 1069/1620/1520
f 641/1651/887 1078/1630/1521 1069/1620/1520
f 980/1653/1332 979/1654/1331 628/872/871
f 980/1653/1332 628/872/871 626/870/870
f 1008/1530/1374 628/872/1373 1024/1655/1530
f 628/872/1373 979/1654/1531 1024/1655/1530
f 1033/1567/1426 1008/1530/1374 1032/1656/1532
f 1008/1530/1374 1024/1655/1530 1032/1656/1532
f 630/874/1447 1033/1567/1426 1005/1657/1533
f 1033/1567/1426 1032/1656/1532 1005/1657/1533
f 1005/1657/1534 1007/1658/1534 630/874/873
f 1007/1658/1534 631/875/874 630/874/873
f 1007/1658/1535 1011/1659/1535 631/875/876
f 1011/1659/1535 634/878/877 631/875/876
f 1011/1659/1536 1012/1660/1536 636/880/880
f 1011/1659/1536 636/880/880 634/878/879
f 1030/1661/1537 1027/1561/1418 1012/1660/1538
f 1027/1561/1418 636/880/1445 1012/1660/1538
f 1026/1662/1539 1013/1535/1382 1030/1661/1537
f 1013/1535/1382 1027/1561/1418 1030/1661/1537
f 986/1663/1540 638/1536/1383 1026/1662/1539
f 638/1536/1383 1013/1535/1382 1026/1662/1539
f 986/1664/1344 988/1665/1345 638/882/883
f 988/1665/1345 625/869/884 638/882/883
f 626/870/869 625/869/868 988/1665/1347
f 626/870/869 988/1665/1347 980/1653/1346
f 1085/1666/1541 1086/1667/1541 989/1511/1350
f 1086/1667/1541 990/1512/1351 989/1511/1350
f 1042/1582/1444 990/1512/1442 1086/1667/1542
f 1042/1582/1444 1086/1667/1542 1087/1668/1543
f 1018/1544/1391 1042/1582/1444 1087/1668/1543
f 1018/1544/1391 1087/1668/1543 1088/1669/1544
f 993/1515/1393 1018/1544/1391 1088/1669/1544
f 993/1515/1393 1088/1669/1544 1089/1670/1545
f 1089/1670/1546 1090/1671/1546 994/1516/1355
f 1089/1670/1546 994/1516/1355 993/1515/1354
f 1090/1671/878 1091/1672/878 994/1516/1357
f 1091/1672/878 997/1519/1358 994/1516/1357
f 1091/1672/1547 1092/1673/1548 997/1519/1360
f 1092/1673/1548 999/1521/1361 997/1519/1360
f 1093/1674/1549 1021/1547/1399 999/1521/1398
f 1093/1674/1549 999/1521/1398 1092/1673/1550
f 1094/1675/1551 1035/1569/1428 1093/1674/1549
f 1035/1569/1428 1021/1547/1399 1093/1674/1549
f 1095/1676/1552 1001/1570/1429 1035/1569/1428
f 1095/1676/1552 1035/1569/1428 1094/1675/1551
f 1095/1677/1553 1096/1678/1553 1001/1523/1363
f 1096/1678/1553 1002/1524/1364 1001/1523/1363
f 989/1511/869 1002/1524/868 1096/1678/867
f 989/1511/869 1096/1678/867 1085/1666/867
f 1096/1679/1554 1095/1680/1554 1085/1681/1554
f 1095/1680/1554 1086/1682/1554 1085/1681/1554
f 1095/1680/1554 1094/1683/1554 1087/1684/1554
f 1095/1680/1554 1087/1684/1554 1086/1682/1554
f 1094/1683/1554 1093/1685/1554 1088/1686/1554
f 1094/1683/1554 1088/1686/1554 1087/1684/1554
f 1093/1685/1554 1092/1687/1554 1089/1688/1554
f 1093/1685/1554 1089/1688/1554 1088/1686/1554
f 1092/1687/1554 1091/1689/1554 1089/1688/1554
f 1091/1689/1554 1090/1690/1554 1089/1688/1554
f 627/1691/1555 629/1692/1555 639/1693/1555
f 627/1691/1555 639/1693/1555 624/1694/1555
f 629/1692/1554 1009/1695/1554 639/1693/1554
f 1009/1695/1554 1014/1696/1554 639/1693/1554
f 1009/1695/1554 1034/1697/1554 1014/1696/1554
f 1034/1697/1554 1028/1698/1554 1014/1696/1554
f 1034/1697/1554 632/1699/1554 1028/1698/1554
f 632/1699/1554 637/1700/1554 1028/1698/1554
f 632/1699/1554 633/1701/1554 635/1702/1554
f 632/1699/1554 635/1702/1554 637/1700/1554
f 1097/1703/1556 1098/1704/1556 965/1475/1325
f 1097/1703/1556 965/1475/1325 975/1487/1324
f 1099/1705/1557 1097/1703/1557 975/1487/1321
f 1099/1705/1557 975/1487/1321 973/1485/1320
f 1100/1706/1558 1099/1705/1558 971/1483/1316
f 1099/1705/1558 973/1485/1317 971/1483/1316
f 1101/1707/1559 1100/1706/1559 971/1483/1313
f 1101/1707/1559 971/1483/1313 969/1480/1312
f 1102/1708/1560 1101/1707/1560 969/1480/1309
f 1102/1708/1560 969/1480/1309 966/1479/1309
f 1098/1704/1561 1102/1709/1561 965/1475/1305
f 1102/1709/1561 966/1476/1306 965/1475/1305
f 1083/1642/1562 1103/1710/1562 1084/1643/1562
f 1103/1710/1562 1104/1711/1562 1084/1643/1562
f 1082/1638/1563 1105/1712/1564 1083/1640/1563
f 1105/1712/1564 1103/1713/1563 1083/1640/1563
f 1081/1636/1565 1106/1714/1565 1082/1638/1565
f 1106/1714/1565 1105/1712/1565 1082/1638/1565
f 1080/1633/1566 1107/1715/1566 1106/1714/1566
f 1080/1633/1566 1106/1714/1566 1081/1636/1566
f 1079/1632/1567 1108/1716/1567 1107/1715/1567
f 1079/1632/1567 1107/1715/1567 1080/1633/1567
f 1084/1643/1568 1104/1711/1568 1108/1716/1568
f 1084/1643/1568 1108/1716/1568 1079/1632/1568
f 476/655/1569 474/653/1570 673/1717/1570
f 476/655/1569 673/1717/1570 670/1718/1571
f 478/657/1572 476/655/1572 672/1719/1572
f 476/655/1572 670/1718/1572 672/1719/1572
f 474/653/1573 471/652/1573 685/1720/1573
f 474/653/1573 685/1720/1573 673/1717/1573
f 480/659/1574 478/657/1574 680/1721/1574
f 478/657/1574 672/1719/1574 680/1721/1574
f 471/648/1575 472/649/1575 674/1722/1575
f 471/648/1575 674/1722/1575 685/1723/1575
f 482/663/1576 480/662/1576 678/1724/1576
f 480/662/1576 680/1725/1576 678/1724/1576
f 472/649/1577 484/665/1577 674/1722/1577
f 484/665/1577 675/1726/1577 674/1722/1577
f 484/665/1578 482/663/1578 678/1724/1578
f 484/665/1578 678/1724/1578 675/1726/1578
f 516/1727/1579 518/1728/1579 703/1729/1579
f 518/1728/1579 701/1730/1579 703/1729/1579
f 518/1728/1580 517/1731/1580 699/1732/1580
f 518/1728/1580 699/1732/1580 701/1730/1580
f 519/1733/1581 521/1734/1581 1101/1735/1581
f 521/1734/1581 1100/1736/1581 1101/1735/1581
f 521/1734/1582 522/1737/1582 1099/1738/1582
f 521/1734/1582 1099/1738/1582 1100/1736/1582
f 517/1731/1583 514/1739/1583 699/1732/1583
f 514/1739/1583 695/1740/1583 699/1732/1583
f 514/1739/1584 513/1741/1584 695/1740/1584
f 513/1741/1584 696/1742/1584 695/1740/1584
f 513/1741/1585 515/1743/1585 705/1744/1585
f 513/1741/1585 705/1744/1585 696/1742/1585
f 515/1743/1586 516/1727/1587 703/1729/1586
f 515/1743/1586 703/1729/1586 705/1744/1587
f 522/1737/1588 524/1745/1589 1099/1738/1588
f 524/1745/1589 1097/1746/1588 1099/1738/1588
f 524/1745/1590 523/1747/1590 1097/1746/1590
f 523/1747/1590 1098/1748/1590 1097/1746/1590
f 523/1747/1591 520/1749/1591 1102/1750/1591
f 523/1747/1591 1102/1750/1591 1098/1748/1591
f 520/1749/1592 519/1733/1592 1101/1735/1592
f 520/1749/1592 1101/1735/1592 1102/1750/1592
f 615/1751/1593 616/1752/1593 1106/1753/1593
f 616/1752/1593 1105/1754/1593 1106/1753/1593
f 622/1755/1594 621/1756/1594 655/1757/1594
f 622/1755/1594 655/1757/1594 656/1758/1594
f 614/1759/1595 615/1751/1595 1106/1753/1595
f 614/1759/1595 1106/1753/1595 1107/1760/1595
f 621/1756/1596 620/1761/1596 655/1757/1596
f 620/1761/1596 654/1762/1596 655/1757/1596
f 612/1763/1597 614/1759/1597 1107/1760/1597
f 612/1763/1597 1107/1760/1597 1108/1764/1597
f 620/1761/1598 619/1765/1598 654/1762/1598
f 619/1765/1598 652/1766/1598 654/1762/1598
f 613/1767/1599 612/1763/1599 1108/1764/1600
f 613/1767/1599 1108/1764/1600 1104/1768/1600
f 619/1765/1601 618/1769/1601 652/1766/1601
f 618/1769/1601 653/1770/1601 652/1766/1601
f 617/1771/1602 613/1767/1602 1104/1768/1602
f 617/1771/1602 1104/1768/1602 1103/1772/1602
f 618/1769/1603 623/1773/1603 653/1770/1603
f 623/1773/1603 657/1774/1603 653/1770/1603
f 616/1752/1604 617/1771/1604 1103/1772/1604
f 616/1752/1604 1103/1772/1604 1105/1754/1604
f 623/1775/1605 622/1755/1605 657/1776/1605
f 622/1755/1605 656/1758/1605 657/1776/1605
f 566/771/827 545/744/1606 463/784/828
f 545/744/1607 540/737/820 463/784/819
s off
