# Apple ModelIO OBJ File: charlie_final1.6
mtllib charlie_final1.6.mtl
g Body_standardSurface5SG
v -5.4321 0.838248 0.000239
v -5.4321 0.995039 0.348001
v -5.5425 1.00047 0.342305
v -5.5425 0.846416 0
v -5.4321 1.39482 0.347036
v -5.5425 1.39332 0.342305
v -5.43209 1.55091 -0.000108
v -5.5425 1.5458 0
v -5.4321 0.995058 -0.34624
v -5.5425 1.00047 -0.342305
v -5.4321 1.3933 -0.347216
v -5.5425 1.39175 -0.342305
v 2.56326 0.625982 0.006447
v 2.56326 0.854424 -0.448496
v 3.27064 0.889101 -0.423282
v 3.27064 0.678321 0.004916
v 2.56326 0.853922 0.496038
v 3.27064 0.888718 0.459536
v 2.56326 1.43389 0.469976
v 3.27064 1.42426 0.439662
v 2.56295 1.68359 -0.002907
v 3.27041 1.65088 -0.002217
v 2.56326 1.43368 -0.474851
v 3.27064 1.42372 -0.44338
v 5.5425 0.846416 0
v 5.5425 1.00047 -0.342305
v 5.76529 0.838122 -0.041195
v 5.73405 0.999527 -0.556799
v 5.5425 1.39175 -0.342305
v 5.73405 1.4009 -0.556799
v 5.5425 1.5458 0
v 5.76529 1.56231 -0.041195
v 5.5425 1.00047 0.342305
v 5.72789 1.02981 0.477384
v 5.5425 1.39332 0.342305
v 5.73405 1.41727 0.47441
v -5.76529 0.838122 -0.041194
v -5.72789 1.02981 0.477384
v -5.73405 1.41727 0.47441
v -5.76529 1.56231 -0.041195
v -5.73405 0.999527 -0.556799
v -5.73405 1.4009 -0.556799
v 6.11644 1.05018 -0.556799
v 6.17893 1.02953 -0.041195
v 6.11644 1.4009 -0.556799
v 6.17893 1.53657 -0.041195
v 6.10437 1.03361 0.477342
v 6.11074 1.42242 0.473888
v 6.30112 1.01403 1.08327
v 6.2845 0.800006 1.04831
v 6.46806 1.05678 0.94443
v 6.43542 0.842536 0.908382
v -6.10437 1.03361 0.477342
v -6.17893 1.02953 -0.041194
v -6.2845 0.800006 1.04831
v -6.30112 1.01403 1.08327
v -6.46806 1.05678 0.94443
v -6.43542 0.842536 0.908382
v -6.11074 1.42242 0.473888
v -6.17893 1.53657 -0.041195
v -6.11644 1.05018 -0.556799
v -6.11644 1.4009 -0.556799
v 6.66712 1.10111 -0.298997
v 6.70033 1.11062 -0.041195
v 6.60809 1.38427 -0.556799
v 6.60809 1.08102 -0.556799
v 6.66712 1.44306 -0.298997
v 6.60809 1.08337 0.47441
v 6.66712 1.10229 0.216607
v 6.66712 1.44425 0.216608
v 6.70033 1.48039 -0.041195
v 6.60809 1.38666 0.47441
v -6.66712 1.10229 0.216608
v -6.70033 1.11062 -0.041194
v -6.60809 1.38666 0.47441
v -6.60809 1.08337 0.47441
v -6.66712 1.44425 0.216608
v -6.60809 1.08102 -0.556799
v -6.66712 1.10111 -0.298997
v -6.66712 1.44306 -0.298997
v -6.70033 1.48039 -0.041195
v -6.60809 1.38427 -0.556799
v 5.86825 0.981444 0.702572
v 5.9154 1.32628 0.728703
v 6.19314 0.979053 0.645733
v 6.20379 1.35158 0.647756
v -6.05422 0.894233 0.869835
v -6.07808 1.20604 0.913889
v -6.35889 1.19714 0.825311
v -6.321 0.901717 0.803934
v 6.05422 0.894233 0.869835
v 6.07808 1.20604 0.913889
v 6.35889 1.19714 0.825311
v 6.321 0.901717 0.803934
v -5.86825 0.981444 0.702572
v -5.9154 1.32628 0.728703
v -6.20379 1.35158 0.647756
v -6.19314 0.979053 0.645733
v 7.67877 1.16873 0.000254
v 7.67877 1.4196 0.000254
v 7.65027 1.39508 0.175159
v 7.65027 1.16308 0.175159
v -7.51669 1.13781 0.244951
v -7.45766 1.12305 0.446066
v -7.45766 1.35965 0.446066
v -7.51669 1.40458 0.244951
v 7.51669 1.13781 0.244951
v 7.51669 1.40458 0.244951
v 7.45766 1.35965 0.446066
v 7.45766 1.12305 0.446066
v -7.61129 1.17361 -0.086269
v -7.61129 1.41408 -0.086269
v -7.58348 1.3898 -0.253922
v -7.58348 1.16743 -0.253922
v 7.37794 1.18246 -0.340721
v 7.32663 1.16887 -0.515075
v 7.32663 1.37397 -0.515075
v 7.37794 1.41373 -0.340721
v 7.58348 1.16743 -0.253922
v 7.58348 1.3898 -0.253922
v 7.61129 1.41408 -0.086269
v 7.61129 1.17361 -0.086269
v -7.65027 1.16308 0.175159
v -7.65027 1.39508 0.175159
v -7.67877 1.4196 0.000254
v -7.67877 1.16873 0.000254
v -7.37794 1.18246 -0.340721
v -7.37794 1.41373 -0.340721
v -7.32663 1.37397 -0.515075
v -7.32663 1.16887 -0.515075
v -6.67132 1.11989 0.230656
v -6.6039 1.10303 0.460361
v -6.6039 1.37327 0.460361
v -6.67132 1.42459 0.230656
v 6.67132 1.42459 0.230656
v 6.67132 1.11989 0.230656
v 6.6039 1.37327 0.460361
v 6.6039 1.10303 0.460361
v 6.70243 1.45965 -0.027052
v 6.70243 1.13045 -0.027052
v 6.66502 1.42748 0.202465
v 6.66502 1.12303 0.202465
v -6.66502 1.42748 0.202465
v -6.66502 1.12303 0.202465
v -6.70243 1.45965 -0.027052
v -6.70243 1.13045 -0.027052
v -6.70294 1.4611 -0.054307
v -6.70294 1.12894 -0.054307
v -6.66452 1.42757 -0.285884
v -6.66452 1.1204 -0.285884
v 6.66452 1.42757 -0.285884
v 6.66452 1.1204 -0.285884
v 6.70294 1.4611 -0.054307
v 6.70294 1.12894 -0.054307
v 6.67148 1.11835 -0.312802
v 6.60373 1.1004 -0.542994
v 6.60373 1.37118 -0.542994
v 6.67148 1.42367 -0.312802
v -6.67148 1.42367 -0.312802
v -6.67148 1.11835 -0.312802
v -6.60373 1.37118 -0.542994
v -6.60373 1.1004 -0.542994
v 7.12944 1.45031 -0.015461
v 7.12944 1.15436 -0.015461
v 7.09581 1.42139 0.190874
v 7.09581 1.14769 0.190874
v -7.03293 1.13971 0.23371
v -6.9673 1.1233 0.457307
v -7.07311 1.14191 0.234049
v -7.00768 1.12555 0.456968
v -6.9673 1.38635 0.457307
v -7.00768 1.3878 0.456968
v -7.03293 1.4363 0.23371
v -7.07311 1.43761 0.234049
v 7.03293 1.4363 0.23371
v 7.03293 1.13971 0.23371
v 6.9673 1.38635 0.457307
v 6.9673 1.1233 0.457307
v -7.06907 1.16663 -0.068446
v -7.06907 1.45823 -0.068446
v -7.10975 1.45791 -0.070017
v -7.10975 1.17081 -0.070017
v -7.03534 1.42879 -0.271746
v -7.07655 1.42892 -0.270175
v -7.03534 1.15913 -0.271746
v -7.07655 1.16343 -0.270175
v 6.89706 1.14128 -0.529671
v 6.95697 1.15715 -0.326124
v 6.89706 1.38072 -0.529671
v 6.95697 1.42713 -0.326124
v 7.03534 1.42879 -0.271746
v 7.03534 1.15913 -0.271746
v 7.06907 1.45823 -0.068446
v 7.06907 1.16663 -0.068446
v -7.09581 1.14769 0.190874
v -7.09581 1.42139 0.190874
v -7.14368 1.42071 0.189586
v -7.14368 1.15043 0.189586
v -7.12944 1.45031 -0.015461
v -7.17689 1.44928 -0.014173
v -7.12944 1.15436 -0.015461
v -7.17689 1.15702 -0.014173
v -6.95697 1.15715 -0.326124
v -6.95697 1.42713 -0.326124
v -6.98869 1.42752 -0.327605
v -6.98869 1.16146 -0.327605
v -6.89706 1.38072 -0.529671
v -6.92966 1.38177 -0.528191
v -6.89706 1.14128 -0.529671
v -6.92966 1.14582 -0.528191
v 7.17689 1.15702 -0.014173
v 7.17689 1.44928 -0.014173
v 7.22708 1.44631 -0.01273
v 7.22708 1.15819 -0.01273
v 7.14368 1.42071 0.189586
v 7.19434 1.41815 0.188143
v 7.14368 1.15043 0.189586
v 7.19434 1.1517 0.188143
v -7.11747 1.1415 0.235139
v -7.05268 1.1253 0.455878
v -7.05268 1.38499 0.455878
v -7.11747 1.4343 0.235139
v 7.07311 1.14191 0.234049
v 7.07311 1.43761 0.234049
v 7.11747 1.4343 0.235139
v 7.11747 1.1415 0.235139
v 7.00768 1.3878 0.456968
v 7.05268 1.38499 0.455878
v 7.00768 1.12555 0.456968
v 7.05268 1.1253 0.455878
v -7.15991 1.17109 -0.071642
v -7.15991 1.45352 -0.071642
v -7.12724 1.42501 -0.26855
v -7.12724 1.16383 -0.268549
v 6.98869 1.16146 -0.327605
v 6.92966 1.14582 -0.528191
v 7.02762 1.16356 -0.328916
v 6.96935 1.14813 -0.526879
v 6.92966 1.38177 -0.528191
v 6.96935 1.38099 -0.526879
v 6.98869 1.42752 -0.327605
v 7.02762 1.42614 -0.328916
v 7.07655 1.16343 -0.270175
v 7.07655 1.42892 -0.270175
v 7.12724 1.42501 -0.26855
v 7.12724 1.16383 -0.268549
v 7.10975 1.45791 -0.070017
v 7.15991 1.45352 -0.071642
v 7.10975 1.17081 -0.070017
v 7.15991 1.17109 -0.071642
v -7.19434 1.1517 0.188143
v -7.19434 1.41815 0.188143
v -7.22708 1.44631 -0.01273
v -7.22708 1.15819 -0.01273
v -7.02762 1.16356 -0.328916
v -7.02762 1.42614 -0.328916
v -6.96935 1.38099 -0.526879
v -6.96935 1.14813 -0.526879
v 5.4321 0.838247 0.000239
v 5.4321 0.995058 -0.34624
v 5.4321 0.995039 0.348001
v 5.4321 1.39482 0.347036
v 5.43209 1.55091 -0.000108
v 5.4321 1.3933 -0.347216
v -3.66364 0.908366 -0.409274
v -3.66364 0.707399 0.004066
v -3.66364 0.908049 0.439257
v -3.66364 1.4189 0.422821
v -3.66344 1.6327 -0.001833
v -3.66364 1.41819 -0.425895
v 3.46714 0.69286 0.004491
v 3.46714 0.898734 -0.416278
v 3.66364 0.908366 -0.409274
v 3.66364 0.707399 0.004066
v 3.46714 0.898383 0.449397
v 3.66364 0.908049 0.439257
v 3.46714 1.42158 0.431241
v 3.66364 1.4189 0.422821
v 3.46692 1.64179 -0.002025
v 3.66344 1.6327 -0.001833
v 3.46714 1.42096 -0.434638
v 3.66364 1.41819 -0.425895
v -3.27064 0.889101 -0.423282
v -3.27064 0.678321 0.004916
v -3.46714 0.898734 -0.416278
v -3.46714 0.69286 0.004491
v -3.27064 0.888718 0.459536
v -3.46714 0.898383 0.449397
v -3.27064 1.42426 0.439662
v -3.46714 1.42158 0.431241
v -3.27041 1.65088 -0.002217
v -3.46692 1.64179 -0.002025
v -3.27064 1.42372 -0.44338
v -3.46714 1.42096 -0.434638
v -2.56326 1.43368 -0.474851
v -2.56326 0.854424 -0.448496
v -2.56295 1.68359 -0.002907
v -2.56326 1.43389 0.469976
v -2.56326 0.853922 0.496038
v -2.56326 0.625982 0.006447
v 0.574815 -4.55532 -1.13616
v 0.03406 -4.57343 -0.14667
v 0.481147 -3.75388 -1.20793
v 0.029966 -3.82875 -0.163007
v 0.574815 -4.55532 0.812511
v 0.460577 -3.75388 0.86173
v 1.65189 -4.39307 0.721082
v 1.48081 -3.6412 0.77076
v 2.10474 -4.22289 -0.145049
v 1.9187 -3.53775 -0.150724
v 1.60275 -4.35444 -1.15198
v 1.47406 -3.61845 -1.17344
v 1.40205 -3.32759 -1.16026
v 0.44112 -3.58573 -1.23736
v 0.394496 -3.27586 -1.25263
v 1.33561 -2.98105 -1.09309
v 1.85177 -3.28819 -0.136272
v 1.72372 -2.89942 -0.098491
v 1.42822 -3.39613 0.78319
v 1.33143 -3.03982 0.796135
v 0.443278 -3.60976 0.87253
v 0.367085 -3.41426 0.887268
v 0.018721 -3.73806 -0.163943
v 0 -3.51853 -0.177681
v 1.07156 -2.223 -0.720277
v 1.43023 -2.20348 0.015009
v 1.07589 -2.2383 0.857535
v 0.265411 -3.3111 0.895218
v 0 -3.19811 -1.26318
v 0 -3.3451 0.909942
v 0 -2.25481 1.10101
v 0 -2.25237 -0.829066
v -0.481147 -3.75388 -1.20775
v -1.43705 -3.61845 -1.17639
v -0.44112 -3.58573 -1.23653
v -1.36001 -3.32756 -1.163
v -1.92074 -3.5377 -0.148297
v -1.85206 -3.28796 -0.134065
v -1.49074 -3.6412 0.770658
v -1.42921 -3.39613 0.78318
v -0.460577 -3.75388 0.86173
v -0.44319 -3.60976 0.87253
v -0.029966 -3.82875 -0.163007
v -0.018721 -3.73806 -0.163943
v -0.394496 -3.27586 -1.2507
v -1.25968 -2.98105 -1.09254
v -1.07156 -2.2234 -0.754255
v -1.72373 -2.89935 -0.095669
v -1.43023 -2.20227 0.015009
v -1.33143 -3.03982 0.796135
v -1.07589 -2.2383 0.857535
v -0.367085 -3.41426 0.887268
v -0.265411 -3.3111 0.895218
v 1.22427 -1.8409 0.095743
v 0.865002 -1.87567 -0.511865
v 0.865692 -1.87479 0.873902
v 0.346277 -1.89242 1.02367
v 0 -1.90418 1.08858
v 0.692002 -1.88149 -0.546761
v 0 -1.90476 -0.686348
v -1.22427 -1.83866 0.095743
v -0.865002 -1.87625 -0.563026
v -0.865692 -1.87479 0.873902
v -0.346277 -1.89242 1.02367
v -0.761809 -1.87832 0.903856
v -0.667261 -1.88277 -0.591217
v -0.03406 -4.57343 -0.14667
v -0.574815 -4.55532 -1.13616
v -0.574815 -4.55532 0.80948
v -1.65189 -4.39307 0.721082
v -2.10474 -4.22289 -0.14511
v -1.60275 -4.35444 -1.14998
v -0.221564 -4.52911 -0.106858
v -0.565359 -4.52365 -0.712085
v -0.56536 -4.52365 0.50492
v -1.24355 -4.43209 0.50492
v -1.58481 -4.34906 -0.106858
v -1.23924 -4.43209 -0.712085
v 0.221564 -4.52911 -0.106858
v 0.565359 -4.52365 -0.712085
v 0.56536 -4.52365 0.50492
v 1.24355 -4.43209 0.50492
v 1.58481 -4.34906 -0.106858
v 1.23924 -4.43209 -0.712085
v 0.624653 -9.33802 -0.628881
v 0.632008 -9.15666 -0.625309
v 1.15036 -9.15666 -0.625309
v 1.14161 -9.33802 -0.628881
v 1.42272 -9.15666 -0.100918
v 1.417 -9.33802 -0.110037
v 1.43266 -9.15666 1.11011
v 1.14558 -9.15666 1.3637
v 1.42995 -9.33802 1.11408
v 1.14283 -9.33802 1.35721
v 0.615276 -9.15666 1.3637
v 0.61708 -9.33802 1.35721
v 0.32837 -9.15666 1.11032
v 0.332178 -9.33802 1.11435
v 0.356937 -9.15666 -0.100917
v 0.352006 -9.33802 -0.110036
v 0.659958 -6.63126 -0.691059
v 0.624116 -5.98462 -0.538935
v 1.24528 -6.6312 -0.678164
v 1.23268 -5.98478 -0.538775
v 1.5054 -5.98572 -0.053604
v 1.5173 -6.63096 -0.104619
v 1.18515 -6.63096 0.388089
v 1.21762 -5.9859 0.442038
v 0.628638 -5.9859 0.441988
v 0.665741 -6.63099 0.374944
v 0.401456 -6.63091 -0.06036
v 0.357594 -5.98597 -0.057193
v 0.614781 -5.78949 -0.539792
v 0.60986 -5.55908 -0.559397
v 1.23164 -5.55908 -0.559398
v 1.23113 -5.78955 -0.539764
v 1.51891 -5.55908 -0.056723
v 1.5033 -5.78992 -0.053196
v 1.24065 -5.55908 0.461581
v 1.22906 -5.79002 0.448225
v 0.609861 -5.55908 0.461581
v 0.615667 -5.79002 0.448225
v 0.326288 -5.55908 -0.056723
v 0.344125 -5.79004 -0.053281
v -0.659958 -6.63126 -0.691059
v -0.683683 -7.58847 -0.596799
v -1.17755 -7.58845 -0.592137
v -1.24528 -6.6312 -0.678164
v -1.41702 -7.58692 -0.118854
v -1.5173 -6.63096 -0.104619
v -1.15581 -7.59746 0.295206
v -1.18515 -6.63096 0.388089
v -0.685774 -7.59191 0.290454
v -0.665741 -6.63099 0.374944
v -0.449102 -7.58688 -0.102854
v -0.401456 -6.63091 -0.06036
v -0.624116 -5.98462 -0.538935
v -1.23268 -5.98478 -0.538775
v -1.5054 -5.98572 -0.053604
v -1.21762 -5.9859 0.442038
v -0.628638 -5.9859 0.441988
v -0.357594 -5.98597 -0.057193
v -0.614781 -5.78949 -0.539792
v -1.23113 -5.78955 -0.539764
v -1.23164 -5.55908 -0.559398
v -0.60986 -5.55908 -0.559397
v -1.5033 -5.78992 -0.053196
v -1.51891 -5.55908 -0.056723
v -1.22906 -5.79002 0.448225
v -1.24065 -5.55908 0.461581
v -0.615667 -5.79002 0.448225
v -0.609861 -5.55908 0.461581
v -0.344125 -5.79004 -0.053281
v -0.326288 -5.55908 -0.056723
v 1.16134 -8.29758 -0.570811
v 1.40352 -8.42366 -0.111003
v 1.48323 -8.41333 -0.093982
v 1.19949 -8.28781 -0.628651
v 1.15794 -8.13078 0.289908
v 1.19949 -8.1247 0.37426
v 0.674969 -8.12184 0.289163
v 0.632002 -8.11351 0.37426
v 0.433226 -8.42363 -0.108495
v 0.348259 -8.41329 -0.093982
v 0.674641 -8.29758 -0.571542
v 0.632001 -8.28781 -0.628651
v -1.15036 -9.15666 -0.625309
v -1.42272 -9.15666 -0.100918
v -1.19949 -8.28781 -0.628651
v -1.48323 -8.41333 -0.093982
v -1.43266 -9.15666 1.11011
v -1.14558 -9.15666 1.3637
v -1.15506 -8.77022 1.34124
v -1.44202 -8.73399 1.11479
v -0.615276 -9.15666 1.3637
v -0.609068 -8.77018 1.34124
v -0.32837 -9.15666 1.11032
v -0.315258 -8.73767 1.11479
v -0.356937 -9.15666 -0.100917
v -0.632008 -9.15666 -0.625309
v -0.632001 -8.28781 -0.628651
v -0.348259 -8.41329 -0.093982
v 1.44202 -8.73399 1.11479
v 1.15387 -8.60239 1.11479
v 1.15506 -8.77022 1.34124
v 1.4628 -9.15666 0.382399
v 1.45862 -9.33802 0.382265
v 0.628026 -8.60219 1.11479
v 0.609068 -8.77018 1.34124
v 0.315258 -8.73767 1.11479
v 0.30682 -9.15666 0.3824
v 0.309697 -9.33802 0.382266
v -1.15305 -8.66648 0.862949
v -1.50622 -8.84471 0.862947
v -1.15387 -8.60239 1.11479
v -1.49994 -9.15666 0.862947
v -0.641249 -8.66452 0.862949
v -0.628026 -8.60219 1.11479
v -0.293574 -9.15666 0.862947
v -0.282066 -8.84631 0.862947
v 1.15222 -8.53103 0.582466
v 1.47718 -8.68507 0.382861
v 0.654472 -8.5273 0.582466
v 0.296915 -8.68458 0.382861
v 0.293574 -9.15666 0.862947
v 0.296917 -9.33802 0.862947
v 0.641249 -8.66452 0.862949
v 0.282066 -8.84631 0.862947
v 1.15305 -8.66648 0.862949
v 1.50622 -8.84471 0.862947
v 1.49994 -9.15666 0.862947
v 1.49812 -9.33802 0.862947
v -0.30682 -9.15666 0.3824
v -0.296915 -8.68458 0.382861
v -0.632002 -8.11351 0.37426
v -0.654472 -8.5273 0.582466
v -1.19949 -8.1247 0.37426
v -1.15222 -8.53103 0.582466
v -1.47718 -8.68507 0.382861
v -1.4628 -9.15666 0.382399
v 1.193 -7.77153 -0.626987
v 1.45409 -7.76958 -0.117868
v 1.1761 -7.78337 0.329284
v 0.660848 -7.7761 0.325588
v 0.401936 -7.76954 -0.105424
v 0.659221 -7.77155 -0.630612
v -1.16134 -8.29758 -0.570811
v -1.40352 -8.42366 -0.111003
v -1.15794 -8.13078 0.289908
v -0.674969 -8.12184 0.289163
v -0.433226 -8.42363 -0.108495
v -0.674641 -8.29758 -0.571542
v 1.17755 -7.58845 -0.592137
v 1.41702 -7.58692 -0.118854
v 1.51026 -7.57962 -0.113604
v 1.22281 -7.58163 -0.677554
v 1.15581 -7.59746 0.295206
v 1.20081 -7.59366 0.380824
v 0.685774 -7.59191 0.290454
v 0.634939 -7.58626 0.376014
v 0.449102 -7.58688 -0.102854
v 0.350328 -7.57958 -0.097408
v 0.683683 -7.58847 -0.596799
v 0.632823 -7.58165 -0.682272
v -1.193 -7.77153 -0.626987
v -1.45409 -7.76958 -0.117868
v -1.22281 -7.58163 -0.677554
v -1.51026 -7.57962 -0.113604
v -1.1761 -7.78337 0.329284
v -1.20081 -7.59366 0.380824
v -0.660848 -7.7761 0.325588
v -0.634939 -7.58626 0.376014
v -0.401936 -7.76954 -0.105424
v -0.350328 -7.57958 -0.097408
v -0.659221 -7.77155 -0.630612
v -0.632823 -7.58165 -0.682272
v -1.14161 -9.33802 -0.628881
v -1.417 -9.33802 -0.110037
v -1.45862 -9.33802 0.382265
v -1.49812 -9.33802 0.862947
v -1.42995 -9.33802 1.11408
v -1.14283 -9.33802 1.35721
v -0.61708 -9.33802 1.35721
v -0.332178 -9.33802 1.11435
v -0.296917 -9.33802 0.862947
v -0.309697 -9.33802 0.382266
v -0.352006 -9.33802 -0.110036
v -0.624653 -9.33802 -0.628881
v 1.28689 -1.83708 0.092017
v 0.90293 -1.87109 -0.56636
v 0.868673 -1.58696 -0.576204
v 1.29157 -1.55439 0.113984
v 0.908159 -1.87201 0.923994
v 0.890319 -1.58658 0.901539
v 0.783632 -1.56249 0.982784
v 0.798707 -1.91254 1.00644
v 0.936274 -1.90854 0.95489
v 0.914433 -1.55909 0.927398
v 0.695168 -1.5919 -0.614717
v 0.722574 -1.87695 -0.604433
v 0.001149 -1.90036 -0.756723
v 0.001149 -1.61165 -0.768769
v -0.90191 -1.86698 -0.616958
v -1.28702 -1.83323 0.092624
v -0.867653 -1.58197 -0.57564
v -1.2917 -1.55094 0.114591
v -0.908159 -1.87201 0.923994
v -0.890319 -1.58657 0.901539
v -0.28301 -1.87309 1.18169
v -0.346336 -1.88835 1.17282
v 0 -1.88574 1.21359
v 0 -1.89842 1.21418
v -0.706599 -1.55232 -0.64891
v -0.734614 -1.90847 -0.687105
v -0.919241 -1.90015 -0.652265
v -0.884222 -1.54492 -0.600769
v 0.23122 2.24643 -0.34028
v 0 2.2555 -0.416697
v 0 3.08775 -0.314631
v 0.23122 3.08775 -0.245169
v -0.23122 2.24643 -0.34028
v -0.23122 3.08775 -0.245169
v -0.312614 2.24684 -0.164969
v -0.306988 3.08775 -0.077473
v -0.25459 2.24684 0.018092
v -0.23122 3.08775 0.090222
v 0 2.20342 0.110014
v 0 3.08775 0.159684
v 0.25459 2.24684 0.018092
v 0.23122 3.08775 0.090222
v 0.312614 2.24684 -0.164969
v 0.306988 3.08775 -0.077473
v 0.573509 -1.36856 -0.655029
v 0.570476 -1.59922 -0.584191
v 0 -1.37973 -0.822759
v 0 -1.61605 -0.721148
v -0.85038 -1.37375 -0.64008
v -0.590556 -1.37875 -0.716069
v -0.586888 -1.61603 -0.644263
v -0.847157 -1.60825 -0.581779
v -0.681008 -1.61321 -0.621667
v -0.830745 -1.59124 -0.521708
v -1.22896 -1.55637 0.11771
v -0.833334 -1.36367 -0.579039
v -1.32347 -1.3388 0.109565
v -0.804663 -1.58631 0.851447
v -0.857872 -1.36426 1.05962
v -0.343016 -1.37067 1.21385
v -0.345573 -1.60327 1.04388
v 0 -1.37697 1.31667
v 0 -1.61543 1.07478
v 0.343016 -1.37068 1.21385
v 0.345573 -1.60328 1.04388
v 0.548826 -1.3669 1.15216
v 0.506302 -1.59882 0.982299
v 0.804662 -1.58632 0.851447
v 1.22896 -1.55821 0.11771
v 0.857869 -1.36428 1.05962
v 1.32347 -1.33985 0.109565
v 0.830745 -1.59154 -0.521708
v 0.833334 -1.3635 -0.579039
v 0 0.279321 1.34745
v 0.384814 0.342877 1.24083
v 0 0.920729 1.22517
v 0.371166 0.981451 1.10553
v -0.926316 0.444467 1.14223
v -0.618374 0.387267 1.23818
v -0.655654 1.04385 1.07854
v -0.96751 1.09096 0.985726
v -0.713464 1.07041 -0.948846
v -0.611554 0.27115 -0.79161
v -0.981867 1.07309 -0.8779
v -0.89666 0.281543 -0.713004
v 0.696137 1.07582 -0.887544
v 0.594347 0.279875 -0.730264
v 0 1.06922 -1.06187
v 0 0.257937 -0.886771
v 0.879452 0.290269 -0.651658
v 1.38619 0.088759 0.117289
v 0.908716 0.438211 1.08092
v -0.876427 -1.38539 1.11373
v -0.56738 -1.38802 1.20626
v -0.908716 0.438211 1.08092
v -1.38619 0.088759 0.117289
v -0.879452 0.290269 -0.651658
v 1.45532 0.333486 0.091573
v 1.45532 0.607589 -0.597009
v 0.96454 1.0785 -0.816598
v 1.12889 1.73887 -0.724817
v 1.45532 1.56196 -0.628208
v 1.24732 1.88979 -0.065134
v 1.45532 1.84528 -0.058261
v 1.45532 0.637985 0.675855
v 1.0826 1.70288 0.637769
v 1.45532 1.57428 0.569488
v 0.951844 1.07253 0.926061
v -1.45532 0.333486 0.091573
v -1.45532 0.637985 0.675855
v -1.45532 1.57428 0.569488
v -0.951844 1.07253 0.926061
v -1.0826 1.70288 0.637769
v -1.24732 1.88979 -0.065133
v -1.45532 1.84528 -0.058261
v -1.45532 0.607589 -0.597008
v -1.12889 1.73887 -0.724817
v -1.45532 1.56196 -0.628209
v -0.96454 1.0785 -0.816598
v 2.57497 0.357279 0.05111
v 2.57497 0.606824 -0.570352
v 2.57497 1.51534 -0.574853
v 2.57497 1.79047 -0.007285
v 2.57497 0.63722 0.631052
v 2.57497 1.52003 0.58228
v -2.57497 0.63722 0.631052
v -2.57497 0.357279 0.05111
v -2.57497 1.52003 0.58228
v -2.57497 1.79047 -0.007285
v -2.57497 0.606824 -0.570351
v -2.57497 1.51534 -0.574853
v 0.64839 2.02206 -0.640299
v 0.913483 1.88778 -0.707282
v 0.8362 1.76706 -0.814819
v 0 2.02136 -0.817771
v 0 1.77643 -0.99048
v -0.938729 1.93163 -0.741327
v -0.854721 1.78567 -0.871586
v -1.15354 1.7676 -0.764016
v -1.27743 1.94402 -0.063824
v -0.997552 2.07722 -0.100452
v -1.10458 1.74163 0.676519
v -0.869534 1.95022 0.534898
v -0.781417 1.69188 0.795291
v 0.67162 2.01787 0.397384
v 0 1.89726 0.683688
v 0 1.55039 0.999902
v 0.850314 1.9013 0.501905
v 0.769072 1.65872 0.742644
v 0.967438 2.02299 -0.101761
v 0.779323 2.10278 -0.126379
v 0 2.21318 -0.494552
v 0.3414 2.21318 -0.39936
v -0.64839 2.02206 -0.640299
v -0.3414 2.21318 -0.39936
v -0.779323 2.10278 -0.126379
v -0.436298 2.21318 -0.186892
v -0.67162 2.01787 0.397384
v -0.410459 2.21318 0.073172
v 0 2.10654 0.29715
v 0.410459 2.21318 0.073172
v 0.436298 2.21318 -0.186892
v 0.639988 1.02543 1.01887
v 0.369477 2.35992 -0.425858
v 0 2.35992 -0.536032
v 0 2.33283 -0.450403
v 0.254308 2.32286 -0.366355
v -0.369477 2.35992 -0.425858
v -0.254308 2.32286 -0.366355
v -0.479863 2.35992 -0.197651
v -0.351917 2.32331 -0.173539
v -0.451444 2.35992 0.088382
v -0.332485 2.3058 0.029026
v 0 2.24264 0.293879
v 0 2.22934 0.176635
v 0.451444 2.35992 0.088382
v 0.332485 2.3058 0.029025
v 0.479863 2.35992 -0.197651
v 0.351917 2.32331 -0.173539
v 0.757099 -1.91627 0.930235
v 0.884283 -1.91195 0.893563
v 0.356128 -1.57059 1.12773
v 0.345573 -1.57343 1.04388
v 0 -1.57386 1.17222
v 0 -1.57961 1.07478
v 0.664596 -1.59644 -0.561596
v -0.346336 -1.93291 1.13454
v -0.346277 -1.93699 1.02367
v 0 -1.94299 1.1759
v 0 -1.94874 1.08858
v -0.356128 -1.60044 1.12773
v -0.506302 -1.59882 0.982299
v -0.747397 -1.59214 0.889933
v -0.783481 -1.58934 0.946777
v -0.679375 -1.91982 -0.620184
v -0.881512 -1.91169 -0.585047
v -0.846493 -1.55647 -0.53355
v -0.676651 -1.56265 -0.583265
v -0.795794 -1.87528 0.966103
v -0.346336 -1.88835 1.13454
v 0.282999 -1.87309 1.1816
v 0.346336 -1.88835 1.17282
v 0.356128 -1.60044 1.16601
v 0.289712 -1.63336 1.17724
v 0.346277 -1.93699 1.02367
v 0.346336 -1.93291 1.13454
v 0 -1.63412 1.21124
v 0 -1.60968 1.21051
v -0.356128 -1.60044 1.16601
v -0.289794 -1.63334 1.17764
v 0 -1.88574 1.17531
v 0.282999 -1.87309 1.14332
v 0 -1.63412 1.17296
v 0.289712 -1.63336 1.13896
v -0.289794 -1.63334 1.13936
v -0.28301 -1.87309 1.1434
v 0 -1.94299 1.21418
v -0.346336 -1.93291 1.17282
v 0.346336 -1.88835 1.13454
v 0.346336 -1.93291 1.17282
v -0.345573 -1.57343 1.04388
v -0.356128 -1.57059 1.12773
v 0.862442 -1.5625 0.866071
v 0.739454 -1.56591 0.913189
v -0.384814 0.342877 1.24083
v -0.371166 0.981451 1.10553
v 0.600774 0.381011 1.17687
v -0.822796 -1.62723 0.897973
v -0.765529 -1.63305 0.936458
v -0.524434 -1.63973 1.02883
v 0.356128 -1.60044 1.12773
v 0.356128 -1.57059 1.16601
v 0 -1.57386 1.21051
v -0.356128 -1.57059 1.16601
v -0.783632 -1.56248 0.982784
v -0.739454 -1.5659 0.913189
v -0.862442 -1.56249 0.866071
v -0.914434 -1.55908 0.927398
v -0.936275 -1.90854 0.95489
v -0.798707 -1.91254 1.00644
v -0.884283 -1.91195 0.893563
v -0.757099 -1.91627 0.930235
v 0.783481 -1.58935 0.946778
v 0.747397 -1.59214 0.889933
v 0.795794 -1.87528 0.966103
v 0.761809 -1.87832 0.903856
v -0.693893 -1.58791 -0.614266
v -0.664596 -1.5962 -0.561596
v -0.570476 -1.59901 -0.584191
v -0.721299 -1.87366 -0.644911
v 0.707903 -1.55729 -0.649472
v 0.676651 -1.56295 -0.583265
v 0.885264 -1.55114 -0.601471
v 0.846493 -1.55684 -0.53355
v 0.920283 -1.90527 -0.589203
v 0.735918 -1.91256 -0.636655
v 0.881512 -1.91097 -0.521282
v 0.704666 -1.91822 -0.564776
v -0.600774 0.381011 1.17687
v -0.548826 -1.36689 1.15216
v -0.639988 1.02543 1.01887
v 0.618374 0.387267 1.23818
v 0.56738 -1.38803 1.20626
v 0.876423 -1.38541 1.11373
v 0.926316 0.444467 1.14223
v 0.655654 1.04385 1.07854
v 0.96751 1.09096 0.985726
v 0.524434 -1.63974 1.02882
v 0.822793 -1.62724 0.897972
v 0.765528 -1.63306 0.936458
v -0.769072 1.65872 0.742644
v -0.850314 1.9013 0.501905
v -0.967438 2.02299 -0.101761
v -0.913483 1.88778 -0.707282
v -0.8362 1.76706 -0.814819
v -0.696137 1.07582 -0.887544
v -0.594347 0.279875 -0.730264
v -0.573509 -1.36868 -0.655029
v 0.781417 1.69188 0.795291
v 1.10458 1.74162 0.676519
v 0.869534 1.95022 0.534898
v 1.27743 1.94402 -0.063824
v 0.997552 2.07722 -0.100452
v 1.15354 1.7676 -0.764016
v 0.938729 1.93163 -0.741327
v 0.854721 1.78567 -0.871586
v 0.981867 1.07309 -0.8779
v 0.713464 1.07041 -0.948846
v 0.89666 0.281543 -0.713004
v 0.611554 0.271149 -0.79161
v 0.85038 -1.37356 -0.640084
v 0.590556 -1.37862 -0.716073
v 0.847157 -1.60853 -0.581787
v 0.681008 -1.61343 -0.621675
v 0.586888 -1.61621 -0.644271
v -0.43505 2.27006 0.082298
v 0 2.15703 0.295187
v 0.43505 2.27005 0.082298
v 0.135433 2.18377 0.470942
v 0.130515 2.09724 0.470033
v 0.293439 2.06848 0.591786
v 0.282783 1.9795 0.588289
v -0.135433 2.18377 0.470942
v -0.130515 2.09724 0.470033
v 0 2.16196 0.368671
v 0 2.24375 0.367362
v 0.43505 2.13158 0.331997
v 0.43505 1.99652 0.519271
v 0.451445 2.22078 0.33808
v 0.451445 2.08751 0.525355
v 0.451444 1.90474 0.712629
v -0.43505 2.13158 0.331997
v -0.451444 2.22078 0.338081
v -0.451444 2.08751 0.525355
v -0.293439 2.06848 0.591786
v -0.451444 1.90474 0.712629
v -0.43505 1.81397 0.706545
v -0.282783 1.9795 0.588289
v -0.43505 1.99652 0.519271
v 0.43505 1.81397 0.706545
vn -0.067041 -0.907744 0.414134
vn -0.067045 -0.909715 0.409786
vn -0.046844 0.018218 0.998736
vn -0.046845 0.01818 0.998737
vn -0.047153 0.001217 0.998887
vn -0.03601 0.901769 0.430715
vn -0.03601 0.901778 0.430696
vn -0.03585 0.912163 0.408256
vn -0.062663 -0.903301 -0.424407
vn -0.062662 -0.903292 -0.424426
vn -0.062822 -0.909669 -0.410555
vn -0.037007 0.900573 -0.433126
vn -0.037007 0.900562 -0.433149
vn -0.03682 0.910598 -0.411649
vn -0.04035 -0.018443 -0.999015
vn -0.04035 -0.018481 -0.999015
vn -0.040056 -0.001236 -0.999197
vn 0.062403 -0.893632 -0.44444
vn 0.062417 -0.894119 -0.443458
vn 0.062416 -0.894107 -0.443482
vn 0.067032 -0.904986 0.420127
vn 0.067033 -0.905117 0.419844
vn 0.067033 -0.905117 0.419845
vn 0.046406 0.041101 0.998077
vn 0.046427 0.04002 0.99812
vn 0.046426 0.040062 0.998118
vn 0.036195 0.886387 0.461528
vn 0.036187 0.887135 0.460089
vn 0.036187 0.887142 0.460076
vn 0.037232 0.885715 -0.462735
vn 0.037222 0.886436 -0.461353
vn 0.037222 0.886444 -0.461336
vn 0.040726 -0.041633 -0.998303
vn 0.04071 -0.04058 -0.998347
vn 0.040709 -0.040546 -0.998348
vn -0.223597 -0.917407 -0.329193
vn -0.223597 -0.917407 -0.329194
vn -0.745877 1e-06 -0.666084
vn -0.257057 0.910016 -0.325256
vn -0.037486 -0.927868 0.37102
vn -0.161021 0.934269 0.31814
vn -0.578986 0.007674 0.815301
vn 0.037486 -0.927868 0.371019
vn 0.578986 0.007674 0.815301
vn 0.161022 0.934269 0.31814
vn 0.223597 -0.917407 -0.329193
vn 0.223597 -0.917408 -0.329193
vn 0.257056 0.910017 -0.325256
vn 0.745877 1e-06 -0.666084
vn 0.285538 -0.938993 -0.191732
vn 0 0 -1
vn 0.031025 0.959704 -0.279295
vn 0.190593 -0.974072 0.121889
vn 0.234775 -0.950249 0.204716
vn 0.165934 -0.983159 0.076582
vn 0.025402 0.96891 0.246107
vn 0.02035 0.96315 0.268194
vn 0.017519 0.959698 0.280486
vn 0.675746 -0.195556 0.710722
vn -0.234776 -0.950248 0.204715
vn -0.190594 -0.974072 0.121889
vn -0.165935 -0.983159 0.076581
vn -0.234776 -0.950249 0.204715
vn -0.675746 -0.195555 0.710722
vn -0.02035 0.96315 0.268193
vn -0.025402 0.96891 0.246107
vn -0.017519 0.959698 0.280486
vn -0.285539 -0.938992 -0.191731
vn -0.031025 0.959704 -0.279297
vn 0.106214 -0.994266 -0.012396
vn 0.109818 -0.993899 -0.010199
vn 0.15365 -0.987985 0.016636
vn 0.042968 0.967302 -0.249963
vn 0.050631 0.969771 -0.238707
vn 0.054182 0.970853 -0.23347
vn 0.122072 -0.992519 0.002029
vn 0.12575 -0.992062 0.000384
vn 0.127894 -0.991788 -0.000575
vn 0.0715 0.973336 0.217956
vn 0.073764 0.974124 0.213637
vn 0.10589 0.982783 0.15141
vn 0.002339 0.004969 0.999985
vn -0.125749 -0.992062 0.000383
vn -0.127894 -0.991788 -0.000576
vn -0.153659 -0.98805 -0.012127
vn -0.002339 0.004969 0.999985
vn -0.066792 0.971623 0.22691
vn -0.0715 0.973336 0.217957
vn -0.073765 0.974124 0.213637
vn -0.099677 -0.994885 -0.016377
vn -0.106214 -0.994266 -0.012395
vn -0.109818 -0.993899 -0.010198
vn -0.05063 0.969771 -0.238708
vn -0.054181 0.970853 -0.233471
vn -0.105817 0.982096 -0.155853
vn -0.823966 0.04211 0.565073
vn -0.77266 0.022736 0.634413
vn -0.784784 0.02713 0.619175
vn -0.050114 -0.942473 -0.330503
vn -0.034106 -0.957164 -0.28753
vn 0.879806 -0.020561 -0.474888
vn 0.808663 -0.027433 -0.587632
vn 0.839663 -0.024667 -0.542548
vn 0.074309 0.889305 0.451237
vn 0.050318 0.906085 0.420093
vn 0.670251 -0.035533 0.741283
vn 0.684102 -0.023058 0.729022
vn 0.633692 -0.067037 0.770675
vn -0.168233 0.819466 0.547881
vn -0.198018 0.799251 0.567439
vn -0.245534 0.76368 0.597082
vn -0.741685 -0.028279 -0.670152
vn -0.730331 -0.024982 -0.682637
vn -0.699635 -0.01633 -0.714314
vn 0.07997 -0.915972 -0.393191
vn 0.076449 -0.916416 -0.392857
vn 0.08434 -0.915405 -0.3936
vn -0.670251 -0.035533 0.741283
vn -0.684102 -0.023058 0.729022
vn 0.168232 0.819466 0.547881
vn 0.198018 0.799251 0.567439
vn 0.730331 -0.024982 -0.682637
vn 0.741685 -0.028279 -0.670152
vn -0.07997 -0.915972 -0.393191
vn -0.076449 -0.916416 -0.392857
vn 0.823966 0.04211 0.565073
vn 0.77266 0.022736 0.634413
vn 0.784784 0.02713 0.619175
vn -0.074309 0.889305 0.451237
vn -0.050318 0.906085 0.420093
vn -0.879806 -0.020561 -0.474888
vn -0.808663 -0.027433 -0.587632
vn -0.839663 -0.024667 -0.542548
vn 0.050114 -0.942474 -0.330503
vn 0.034106 -0.957164 -0.28753
vn -0.633692 -0.067037 0.770675
vn 0.245534 0.76368 0.597081
vn 0.699635 -0.01633 -0.714313
vn -0.08434 -0.915405 -0.393599
vn 0.066792 0.971623 0.226909
vn -0.10589 0.982783 0.15141
vn 0.105816 0.982096 -0.155852
vn -0.042967 0.967301 -0.249964
vn 0.15366 -0.988049 -0.012129
vn -0.122072 -0.992519 0.002028
vn 0.099678 -0.994885 -0.016378
vn -0.153648 -0.987986 0.016636
vn 0.986979 0 0.160848
vn -0.959519 0 0.281644
vn 0.959519 0 0.281644
vn -0.986516 -3e-06 -0.163667
vn 0.959318 2e-06 -0.282328
vn 0.986516 -3e-06 -0.163667
vn -0.986979 0 0.160848
vn -0.959318 3e-06 -0.282328
vn -0.967965 1.1e-05 0.251086
vn -0.958173 0 -0.28619
vn -0.967965 -2.1e-05 0.251085
vn 0.958173 2e-06 -0.286191
vn 0.967965 -4.1e-05 0.251085
vn 0.958173 0 -0.28619
vn 0.967965 3e-06 0.251085
vn 0.989165 0 -0.146808
vn 0.989665 -2.9e-05 0.143399
vn 0.989665 3.6e-05 0.143399
vn -0.989165 0 -0.146809
vn -0.989665 0 0.143399
vn -0.989165 1e-06 -0.146809
vn -0.989665 1.2e-05 0.143399
vn -0.980812 0 0.194958
vn -0.989459 0 -0.144816
vn -0.980811 0 0.19496
vn -0.989459 2.9e-05 -0.144817
vn 0.980811 0 0.19496
vn 0.989459 -3e-06 -0.144817
vn 0.980812 2e-06 0.194959
vn 0.980811 2e-06 0.194959
vn 0.989459 -3.4e-05 -0.144817
vn 0.967871 2.3e-05 -0.251448
vn 0.953635 0 0.300965
vn 0.967872 -3.1e-05 -0.251444
vn 0.953645 0 0.300934
vn -0.953645 0 0.300934
vn -0.967871 -1.6e-05 -0.251445
vn -0.967872 -1.6e-05 -0.251445
vn -0.953635 0 0.300965
vn -0.967871 1.1e-05 -0.251448
vn 0.027134 0 -0.999632
vn 0.017795 0.989757 0.141647
vn 0.026896 0 0.999638
vn 0.056524 -0.998136 -0.023035
vn -0.055112 -0.996853 -0.056985
vn -0.008403 -0 0.999965
vn -0.008401 -0 0.999965
vn 0.03343 0.977438 0.208562
vn 0.03343 0.977438 0.208561
vn 0.033432 0.977439 0.208557
vn -0.008444 0 -0.999964
vn -0.008445 0 -0.999964
vn 0.008444 0 -0.999964
vn -0.03343 0.977438 0.208562
vn -0.03343 0.977438 0.208561
vn 0.008403 -0 0.999965
vn 0.055112 -0.996853 -0.056981
vn -0.038587 -0 0.999255
vn -0.002221 0.989622 -0.143678
vn -0.002223 0.989622 -0.143679
vn -0.0381 -1e-06 -0.999274
vn -0.103112 -0.994478 0.019557
vn -0.10311 -0.994478 0.019558
vn 0.13628 -0.989977 0.037066
vn 0.045372 0 -0.99897
vn -0.021916 0.976115 -0.216147
vn 0.046615 1e-06 0.998913
vn 0.0381 -1e-06 -0.999274
vn 0.002221 0.989622 -0.143678
vn 0.038587 0 0.999255
vn 0.103112 -0.994478 0.019557
vn 0.103112 -0.994477 0.019557
vn 0.103112 -0.994478 0.019558
vn 0.103112 -0.994477 0.019558
vn -0.026896 0 0.999638
vn -0.017795 0.989757 0.141647
vn -0.017794 0.989757 0.141647
vn -0.027134 -0 -0.999632
vn -0.056525 -0.998136 -0.023034
vn -0.056525 -0.998135 -0.023035
vn -0.046615 1e-06 0.998913
vn -0.046615 0 0.998913
vn 0.021916 0.976115 -0.216146
vn 0.021915 0.976116 -0.216144
vn -0.045372 0 -0.99897
vn -0.04537 0 -0.99897
vn -0.13628 -0.989977 0.037066
vn 0.028734 0 -0.999587
vn 0.054161 0.987612 0.147273
vn 0.05416 0.987612 0.147273
vn 0.028467 0 0.999595
vn 0.024134 -0.999307 -0.028351
vn 0.024135 -0.999307 -0.028352
vn 0.00738 -0.99713 -0.075348
vn 0.007379 -0.99713 -0.075348
vn -0.024221 -0 0.999707
vn -0.066384 0.969464 0.236078
vn -0.02457 0 -0.999698
vn 0.024569 0 -0.999698
vn 0.02457 0 -0.999698
vn 0.066386 0.969464 0.236079
vn 0.066384 0.969464 0.236078
vn 0.024221 -0 0.999707
vn -0.007379 -0.99713 -0.075346
vn -0.032388 -0 0.999475
vn -0.080974 0.984434 -0.155994
vn -0.032044 -1e-06 -0.999487
vn -0.006726 -0.999339 0.035729
vn 0.055834 -0.996559 0.061253
vn 0.055836 -0.996559 0.061253
vn 0.033023 0 -0.999455
vn 0.033022 0 -0.999455
vn 0.026731 0.972888 -0.229726
vn 0.026729 0.972888 -0.229728
vn 0.033677 0 0.999433
vn 0.032044 -1e-06 -0.999487
vn 0.080973 0.984434 -0.15599
vn 0.080973 0.984434 -0.155994
vn 0.032389 0 0.999475
vn 0.032388 0 0.999475
vn 0.006724 -0.999339 0.035728
vn 0.006726 -0.999339 0.035729
vn -0.028467 0 0.999595
vn -0.05416 0.987612 0.147273
vn -0.028734 -0 -0.999587
vn -0.024135 -0.999307 -0.028351
vn -0.033677 0 0.999433
vn -0.033677 1e-06 0.999433
vn -0.026729 0.972888 -0.229727
vn -0.033022 0 -0.999455
vn -0.055836 -0.996559 0.061253
vn 0.008445 0 -0.999964
vn 0.008401 -0 0.999965
vn -0.033433 0.977438 0.20856
vn 0.066384 0.969464 0.236077
vn -0.024569 0 -0.999698
vn 0.007379 -0.99713 -0.07535
vn -0.066386 0.969464 0.236078
vn 0.017794 0.989757 0.141649
vn -0.024134 -0.999307 -0.02835
vn -0.05416 0.987612 0.147272
vn 0.103113 -0.994477 0.019559
vn 0.002223 0.989622 -0.143681
vn 0.080974 0.984433 -0.155994
vn 0.080974 0.984434 -0.155994
vn -0.006724 -0.999339 0.035729
vn -0.080975 0.984433 -0.155994
vn 0.13628 -0.989977 0.037065
vn 0.046614 0 0.998913
vn -0.021916 0.976114 -0.216149
vn 0.04537 0 -0.99897
vn 0.033677 1e-06 0.999433
vn -0.055835 -0.996559 0.061254
vn -0.033676 0 0.999433
vn 0.062662 -0.903292 -0.424426
vn 0.062663 -0.9033 -0.424408
vn 0.062822 -0.909669 -0.410556
vn 0.067041 -0.907744 0.414134
vn 0.067041 -0.907744 0.414135
vn 0.067045 -0.909714 0.409786
vn 0.046845 0.01818 0.998737
vn 0.046844 0.018218 0.998736
vn 0.047153 0.001217 0.998887
vn 0.03601 0.901778 0.430696
vn 0.03601 0.901769 0.430715
vn 0.03585 0.912163 0.408256
vn 0.037007 0.900562 -0.433149
vn 0.037007 0.900573 -0.433126
vn 0.03682 0.910598 -0.411649
vn 0.04035 -0.018481 -0.999015
vn 0.04035 -0.018443 -0.999015
vn 0.040056 -0.001236 -0.999197
vn -0.062637 -0.902296 -0.426542
vn -0.062636 -0.902279 -0.426579
vn -0.06704 -0.907443 0.414793
vn -0.06704 -0.907443 0.414792
vn -0.046796 0.020784 0.998688
vn -0.046797 0.020712 0.99869
vn -0.036033 0.900138 0.434113
vn -0.036033 0.900149 0.434089
vn -0.037033 0.899002 -0.436377
vn -0.037034 0.898987 -0.436407
vn -0.040393 -0.021014 -0.998963
vn -0.040394 -0.021075 -0.998962
vn 0.062481 -0.896479 -0.438658
vn 0.062482 -0.896487 -0.438642
vn 0.062637 -0.902296 -0.426543
vn 0.062636 -0.902278 -0.42658
vn 0.067035 -0.905773 0.418427
vn 0.06704 -0.907443 0.414792
vn 0.06704 -0.907443 0.414793
vn 0.046532 0.034652 0.998316
vn 0.046531 0.034682 0.998315
vn 0.046797 0.020712 0.99869
vn 0.046796 0.020784 0.998688
vn 0.036147 0.890878 0.452802
vn 0.036147 0.890873 0.452812
vn 0.036033 0.900138 0.434113
vn 0.036033 0.900149 0.434089
vn 0.037172 0.890045 -0.454355
vn 0.037172 0.890051 -0.454343
vn 0.037034 0.898987 -0.436407
vn 0.037033 0.899002 -0.436377
vn 0.040623 -0.035143 -0.998556
vn 0.040623 -0.035118 -0.998557
vn 0.040394 -0.021075 -0.998962
vn 0.040393 -0.021014 -0.998963
vn -0.062417 -0.894119 -0.443458
vn -0.062416 -0.894107 -0.443482
vn -0.062482 -0.896487 -0.438642
vn -0.062482 -0.896479 -0.438658
vn -0.067033 -0.905117 0.419845
vn -0.067033 -0.905117 0.419844
vn -0.067035 -0.905773 0.418426
vn -0.067035 -0.905773 0.418427
vn -0.046426 0.040062 0.998118
vn -0.046427 0.04002 0.99812
vn -0.046532 0.034652 0.998316
vn -0.046531 0.034682 0.998315
vn -0.036187 0.887135 0.460089
vn -0.036187 0.887142 0.460076
vn -0.036147 0.890873 0.452812
vn -0.036147 0.890878 0.452802
vn -0.037222 0.886444 -0.461336
vn -0.037222 0.886436 -0.461353
vn -0.037172 0.890045 -0.454355
vn -0.037172 0.890051 -0.454343
vn -0.040709 -0.040546 -0.998348
vn -0.04071 -0.04058 -0.998347
vn -0.040623 -0.035143 -0.998556
vn -0.040623 -0.035118 -0.998557
vn -0.040726 -0.041633 -0.998303
vn -0.037232 0.885715 -0.462735
vn -0.036195 0.886387 0.461528
vn -0.046406 0.041101 0.998077
vn -0.067032 -0.904987 0.420127
vn -0.067032 -0.904986 0.420126
vn -0.062403 -0.893632 -0.44444
vn -0.894376 -0.081616 -0.439808
vn -0.893957 -0.077806 0.441346
vn 0.092573 -0.046323 0.994628
vn 0.864231 0.200647 0.461353
vn 0.864231 0.200647 0.461352
vn 0.8826 0.187237 -0.431231
vn 0.018846 -0.057808 -0.99815
vn 0.082028 0.048865 -0.995431
vn 0.080771 0.044669 -0.995731
vn 0.095717 0.094834 -0.990881
vn 0.880449 0.269887 -0.389834
vn 0.880505 0.269341 -0.390086
vn 0.878562 0.286899 -0.381861
vn 0.878562 0.286899 -0.38186
vn 0.876952 0.217116 0.428738
vn 0.877206 0.215449 0.429059
vn 0.874087 0.234813 0.425247
vn 0.097275 -0.028245 0.994857
vn 0.097243 -0.028695 0.994847
vn 0.097921 -0.019223 0.995009
vn -0.909741 -0.178788 0.374709
vn -0.909546 -0.181792 0.373734
vn -0.907419 -0.208408 0.364906
vn -0.911474 -0.1594 -0.379218
vn -0.909515 -0.16672 -0.380773
vn -0.917888 -0.13377 -0.373613
vn 0.012497 0.444781 -0.895552
vn 0.815307 0.438939 -0.377632
vn 0.815308 0.438939 -0.377632
vn 0.873485 0.27319 0.402977
vn 0.10159 -0.036097 0.994171
vn -0.668496 -0.681759 0.297183
vn -0.17852 -0.943682 -0.27856
vn 0.134036 -0.978613 0.156049
vn 0.192254 -0.1409 0.971177
vn 0.087427 0.409516 -0.908104
vn -0.059666 -0.018236 -0.998052
vn -0.079895 0.051389 -0.995478
vn -0.080888 0.054838 -0.995214
vn -0.867608 0.255653 -0.426496
vn -0.856662 0.295652 -0.422754
vn -0.856646 0.295703 -0.422749
vn -0.877815 0.207653 0.431648
vn -0.877816 0.207653 0.431648
vn -0.875247 0.224863 0.428227
vn -0.875421 0.223756 0.428452
vn -0.095517 -0.040233 0.994614
vn -0.096923 -0.027488 0.994912
vn -0.096863 -0.028028 0.994903
vn 0.911613 -0.127573 0.390751
vn 0.909563 -0.181778 0.3737
vn 0.909754 -0.178794 0.374675
vn 0.89275 -0.22186 -0.392142
vn 0.911476 -0.158679 -0.379516
vn 0.909551 -0.165908 -0.38104
vn -0.025748 0.412887 -0.910418
vn -0.822597 0.397756 -0.406356
vn -0.873056 0.27351 0.40369
vn -0.10159 -0.036097 0.994171
vn 0.668497 -0.681759 0.297182
vn 0.177201 -0.94391 -0.278627
vn -0.134036 -0.978613 0.156048
vn -0.192254 -0.1409 0.971177
vn -0.067739 0.402243 -0.913023
vn 0.710371 0.576958 -0.403103
vn 0.823501 0.421154 0.380101
vn 0.215722 0.013088 0.976367
vn 0.211793 0.006186 0.977295
vn 0.233195 0.044074 0.971431
vn 0.090402 0.511798 -0.854336
vn 0.12763 0.450823 -0.883442
vn 0.171258 0.374188 -0.911402
vn -0.724974 0.569174 -0.387884
vn -0.823475 0.420432 0.380953
vn -0.233195 0.044074 0.971431
vn -0.215722 0.013088 0.976367
vn -0.271669 0.114068 0.955607
vn -0.087131 0.433896 -0.89674
vn -0.05722 0.485458 -0.872385
vn -0.062357 0.476776 -0.87681
vn 0.894365 -0.081564 -0.43984
vn 0.893613 -0.078657 0.441892
vn -0.091111 -0.049049 0.994632
vn -0.867315 0.193512 0.458604
vn -0.872054 0.205335 -0.444252
vn -0.01906 -0.060399 -0.997992
vn 0.917864 -0.13301 -0.373944
vn 0.907476 -0.208226 0.364869
vn 0.907476 -0.208226 0.364868
vn -0.097838 -0.019106 0.995019
vn -0.873475 0.23575 0.425986
vn -0.873474 0.23575 0.425987
vn -0.847362 0.32567 -0.419425
vn -0.095598 0.106271 -0.989731
vn -0.892587 -0.222788 -0.391987
vn -0.911652 -0.127234 0.390772
vn 0.09627 -0.042066 0.994466
vn 0.880849 0.189267 0.433916
vn 0.882457 0.247321 -0.400128
vn 0.061108 -0.0204 -0.997923
vn -0.17166 -0.984716 0.029452
vn -0.203791 -0.978823 0.019364
vn -0.210917 -0.977453 -0.009992
vn -0.177064 -0.982864 0.051255
vn -0.152883 -0.983173 -0.099984
vn -0.185363 -0.976797 -0.107276
vn -0.178229 -0.981303 -0.072657
vn -0.161623 -0.983399 -0.082488
vn -0.212212 -0.976965 -0.022501
vn -0.209913 -0.977356 -0.026676
vn -0.207676 -0.978108 0.01327
vn -0.20042 -0.9796 0.014703
vn 0.203585 -0.978868 0.019255
vn 0.171675 -0.984715 0.029397
vn 0.21058 -0.977526 -0.009963
vn 0.17707 -0.982865 0.051204
vn 0.152632 -0.98328 -0.099315
vn 0.184868 -0.976966 -0.106589
vn 0.178124 -0.981327 -0.072587
vn 0.161478 -0.983447 -0.082196
vn 0.212245 -0.976958 -0.022466
vn 0.209941 -0.977351 -0.026647
vn 0.207651 -0.978113 0.013254
vn 0.20047 -0.97959 0.014669
vn 0 0.019689 -0.999806
vn 0 0.000144 -1
vn 0 -0.000151 -1
vn 0.881849 -0.051443 -0.468717
vn 0.881775 -0.052064 -0.468787
vn 0.885219 -0.019079 -0.464782
vn 0.645393 -0.00332 0.763843
vn 0.645535 -0.003509 0.763723
vn 0.654167 -0.01512 0.756199
vn 1e-06 0.029019 0.999579
vn 1e-06 0.028845 0.999584
vn -0 -0.035762 0.99936
vn -0.642808 -0.0035 0.766019
vn -0.642601 -0.003307 0.766194
vn -0.655365 -0.015259 0.755158
vn -0.884441 0.005118 -0.466625
vn -0.884444 0.005309 -0.466616
vn -0.884447 0.046202 -0.464349
vn 0.010685 0.220293 -0.975375
vn 0.008155 0.166215 -0.986056
vn 0.008311 0.169551 -0.985486
vn 0.886078 0.084013 -0.455859
vn 0.883767 0.068447 -0.462894
vn 0.883497 0.066733 -0.463659
vn 0.845788 -0.056638 0.530504
vn 0.851505 -0.050577 0.521901
vn 0.85187 -0.050186 0.521344
vn -0.011849 -0.093408 0.995557
vn -0.008782 -0.077387 0.996962
vn -0.00876 -0.077276 0.996971
vn -0.86484 -0.081243 0.495431
vn -0.867893 -0.078808 0.49046
vn -0.867867 -0.078829 0.490503
vn -0.904331 -0.00449 -0.426808
vn -0.897907 -0.014025 -0.439962
vn -0.898856 -0.012641 -0.438062
vn 1.8e-05 -0.084833 -0.996395
vn 0.00827 -0.130773 -0.991378
vn 0.008223 -0.130511 -0.991413
vn 0.869118 -0.055054 -0.491532
vn 0.868551 -0.067908 -0.490926
vn 0.86856 -0.06771 -0.490936
vn 0.877557 -0.061804 0.475472
vn 0.877472 -0.029772 0.478702
vn 0.877475 -0.029911 0.47869
vn 0 -0.05774 0.998332
vn 0.002339 -0.042908 0.999076
vn 0.002343 -0.042886 0.999077
vn -0.876974 -0.055137 0.477365
vn -0.873257 -0.060421 0.483499
vn -0.873225 -0.060466 0.483551
vn -0.870406 -0.067296 -0.487715
vn -0.865656 -0.103572 -0.489808
vn -0.870406 -0.067296 -0.487714
vn -0.865584 -0.104063 -0.489832
vn -0.873429 -0.047148 -0.484664
vn -0.876838 -0.071487 0.475441
vn -4.2e-05 -0.031696 0.999498
vn 0.870774 -0.029049 0.490825
vn 0.872211 0.007395 -0.489074
vn 0.000153 -0.004726 -0.999989
vn -0.016201 -0.094114 -0.99543
vn -0.016337 0.024451 -0.999568
vn -0.016335 0.017469 -0.999714
vn -0.898327 0.017506 -0.438978
vn -0.898409 0.011604 -0.439007
vn -0.894488 -0.09495 -0.436894
vn -0.835599 0.021417 0.548922
vn -0.835526 0.023699 0.54894
vn -0.834086 -0.086596 0.544796
vn 0.017134 0.028951 0.999434
vn 0.017122 0.029936 0.999405
vn 0.01852 -0.091535 0.99563
vn 0.853801 0.057072 0.517461
vn 0.853578 0.061016 0.51738
vn 0.854164 -0.06434 0.516008
vn 0.913947 0.064601 -0.400658
vn 0.913695 0.068727 -0.400548
vn 0.914944 -0.044984 -0.401066
vn -0.010685 0.220293 -0.975375
vn -0.008155 0.166215 -0.986056
vn -0.008311 0.169551 -0.985486
vn -0.886078 0.084013 -0.455859
vn -0.883497 0.066733 -0.463659
vn -0.883767 0.068447 -0.462893
vn -0.845788 -0.056638 0.530504
vn -0.851505 -0.050577 0.521901
vn -0.85187 -0.050186 0.521343
vn 0.011849 -0.093408 0.995557
vn 0.00876 -0.077276 0.996971
vn 0.008782 -0.077387 0.996962
vn 0.86484 -0.081243 0.495431
vn 0.867893 -0.078808 0.49046
vn 0.867867 -0.078829 0.490503
vn 0.904331 -0.00449 -0.426808
vn 0.897907 -0.014024 -0.439962
vn 0.898856 -0.012641 -0.438062
vn -1.8e-05 -0.084833 -0.996395
vn -0.008223 -0.130511 -0.991413
vn -0.00827 -0.130773 -0.991378
vn -0.869118 -0.055054 -0.491531
vn -0.86856 -0.06771 -0.490936
vn -0.868551 -0.067908 -0.490926
vn -0.877558 -0.061804 0.475472
vn -0.877475 -0.029911 0.478689
vn -0.877472 -0.029772 0.478702
vn -0.002343 -0.042886 0.999077
vn -0.002339 -0.042908 0.999076
vn 0.876974 -0.055137 0.477365
vn 0.873225 -0.060466 0.483551
vn 0.873257 -0.060421 0.483499
vn 0.870406 -0.067296 -0.487715
vn 0.865656 -0.103572 -0.489808
vn 0.865584 -0.104063 -0.489832
vn 0.873429 -0.047148 -0.484664
vn 0.876838 -0.071487 0.475441
vn 4.2e-05 -0.031696 0.999498
vn -0.870774 -0.029049 0.490824
vn -0.872211 0.007395 -0.489073
vn -0.000153 -0.004726 -0.999989
vn -0.8646 -0.110598 -0.490138
vn -0.872529 -0.061445 0.484683
vn 0.002798 -0.039997 0.999196
vn 0.87737 -0.024434 0.479192
vn 0.868449 -0.069908 -0.490825
vn 0.00987 -0.139659 -0.990151
vn 0.894896 0.034485 -0.444941
vn 0.897353 0.090398 -0.431956
vn 0.88632 -0.020622 -0.462615
vn 0.888165 -0.004608 -0.459501
vn 0.896182 0.1877 0.402028
vn 0.880777 0.07529 0.467507
vn 0.243909 0.868124 -0.432283
vn 2.6e-05 0.216601 0.97626
vn -4.3e-05 0.213095 0.977032
vn 0.019156 0.996238 -0.084512
vn -0.888623 0.099564 0.447701
vn -0.901959 0.235586 0.361897
vn -0.230458 0.8591 -0.456986
vn -0.900883 0.128794 -0.414514
vn -0.900409 0.068208 -0.429665
vn -0.887985 0.039002 -0.458215
vn -0.889209 0.060154 -0.453529
vn -5e-06 0.038566 -0.999256
vn -5e-06 0.03464 -0.9994
vn 0.004363 0.047246 -0.998874
vn 0.00436 0.039916 -0.999194
vn -0.881849 -0.051443 -0.468717
vn -0.881775 -0.052064 -0.468787
vn -0.888165 -0.004608 -0.459501
vn -0.88632 -0.020622 -0.462615
vn -0.645393 -0.00332 0.763843
vn -0.645535 -0.003509 0.763723
vn -0.641427 0.001938 0.767181
vn -1e-06 0.029019 0.999579
vn -1e-06 0.028845 0.999584
vn -2e-06 0.058038 0.998314
vn 0.642808 -0.0035 0.766019
vn 0.642601 -0.003307 0.766194
vn 0.636898 0.001951 0.770945
vn 0.636898 0.001951 0.770946
vn 0.884441 0.005118 -0.466625
vn 0.884444 0.005309 -0.466616
vn 0.889209 0.060154 -0.453529
vn 0.887985 0.039002 -0.458215
vn 5e-06 0.038566 -0.999256
vn 5e-06 0.03464 -0.9994
vn -0 0.000145 -1
vn 0.428984 0.895222 -0.120625
vn 0.429821 0.902825 -0.012669
vn 0.344803 0.754991 0.557763
vn 0.996199 -0.025066 -0.083418
vn 0.996816 -0.052468 -0.060036
vn 0.99699 -0.040356 -0.066204
vn 0.996459 -0.020804 -0.081467
vn 0.00116 0.974947 0.222435
vn 0.001124 0.971162 0.23842
vn 0.000182 0.803253 0.595638
vn -0.418933 0.90663 -0.050172
vn -0.418028 0.896878 -0.144441
vn -0.333653 0.77025 0.543498
vn -0.997076 -0.015495 -0.074825
vn -0.994366 -0.009146 -0.105604
vn -0.99551 0.008043 -0.094311
vn -0.998123 -0.004414 -0.061078
vn -0.482477 0.869279 0.107563
vn -0.483508 0.867042 0.120243
vn -0.429821 0.902825 -0.012669
vn -0.428984 0.895222 -0.120624
vn -0.998817 -0.025172 0.041613
vn -0.998998 -0.021652 0.039179
vn -0.965535 -0.022193 0.259327
vn -0.965356 -0.017863 0.260323
vn -0.003852 0.992681 0.120709
vn -0.003895 0.991439 0.130511
vn -0.00116 0.974947 0.222434
vn -0.001124 0.971162 0.238419
vn 0.989569 -0.028813 0.141146
vn 0.999328 -0.025775 0.026045
vn 0.989247 -0.034264 0.142183
vn 0.99923 -0.029764 0.025561
vn 0.471727 0.875217 0.107096
vn 0.471857 0.874909 0.10902
vn 0.418933 0.90663 -0.050172
vn 0.418028 0.896878 -0.144441
vn 0.793682 0.400344 0.458033
vn 0.68644 0.604974 0.403493
vn 0.720147 0.551538 0.420945
vn 0.006337 0.452569 0.891707
vn 0.006158 0.653393 0.756994
vn 0.006147 0.658865 0.752236
vn -0.776167 0.461893 0.429209
vn -0.668836 0.633613 0.388835
vn -0.694432 0.598829 0.39896
vn -0.344804 0.754992 0.557761
vn -0.000182 0.803254 0.595637
vn 0.333653 0.770251 0.543497
vn -0.999328 -0.025775 0.026045
vn -0.999391 -0.017474 0.030189
vn -0.471857 0.874909 0.109019
vn -0.471727 0.875217 0.107096
vn 0.003852 0.99268 0.120709
vn 0.003895 0.991439 0.130511
vn 0.482477 0.869279 0.107563
vn 0.483509 0.867042 0.120243
vn 0.998998 -0.021652 0.039179
vn 0.999086 -0.014119 0.040343
vn 0.997076 -0.015495 -0.074825
vn 0.994366 -0.009146 -0.105604
vn 0.995928 -0.018087 -0.088316
vn 0.993921 -0.014532 -0.109134
vn 0.776167 0.461893 0.429209
vn 0.776166 0.461893 0.429209
vn 0.668836 0.633613 0.388836
vn 0.694431 0.598829 0.39896
vn -0.006337 0.452569 0.891707
vn -0.006158 0.653393 0.756994
vn -0.006147 0.658865 0.752236
vn -0.793682 0.400344 0.458033
vn -0.68644 0.604974 0.403493
vn -0.720147 0.551538 0.420945
vn -0.996742 -0.061123 -0.052622
vn -0.996816 -0.052468 -0.060036
vn -0.996973 -0.051407 -0.058327
vn -0.99699 -0.040356 -0.066204
vn -0.989569 -0.028813 0.141146
vn -0.990119 -0.017975 0.139072
vn 0.965356 -0.017863 0.260323
vn 0.964943 -0.009207 0.2623
vn 0.877109 -0.134712 -0.461011
vn 0.877169 -0.133888 -0.461138
vn 0.836069 -0.134019 0.532004
vn 0.836135 -0.132542 0.532269
vn -0.008191 -0.169704 0.985461
vn -0.008224 -0.170705 0.985288
vn -0.844178 -0.120717 0.522294
vn -0.844224 -0.119487 0.522502
vn -0.887566 -0.107389 -0.44799
vn -0.887497 -0.109065 -0.447721
vn 0.005173 -0.156435 -0.987675
vn 0.005191 -0.157326 -0.987533
vn -0.894896 0.034485 -0.444941
vn -0.897353 0.090398 -0.431956
vn -0.243909 0.868124 -0.432283
vn -0.896182 0.1877 0.402028
vn -0.880777 0.07529 0.467507
vn -0.019156 0.996238 -0.084512
vn -2.6e-05 0.216601 0.97626
vn 4.3e-05 0.213095 0.977032
vn 0.230458 0.8591 -0.456986
vn 0.888623 0.099564 0.447701
vn 0.901959 0.235587 0.361897
vn 0.900408 0.068208 -0.429666
vn 0.900883 0.128794 -0.414515
vn -0.00436 0.039915 -0.999194
vn -0.004363 0.047246 -0.998874
vn 0.898327 0.017506 -0.438978
vn 0.898409 0.011604 -0.439007
vn 0.889526 0.042989 -0.454857
vn 0.89022 0.019237 -0.455124
vn 0.835599 0.021417 0.548922
vn 0.835526 0.023699 0.54894
vn 0.847189 0.048134 0.529107
vn 0.846479 0.060349 0.528991
vn -0.017134 0.028951 0.999434
vn -0.017122 0.029936 0.999405
vn -0.007529 0.047658 0.998835
vn -0.007465 0.052618 0.998587
vn -0.853801 0.057072 0.517461
vn -0.853578 0.061016 0.51738
vn -0.85399 0.080711 0.513992
vn -0.854326 0.076124 0.514132
vn -0.913948 0.064601 -0.400658
vn -0.913695 0.068727 -0.400548
vn -0.895248 0.093011 -0.435753
vn -0.896783 0.072924 -0.43642
vn 0.007371 0.065707 -0.997812
vn 0.007384 0.042327 -0.999077
vn 0.016337 0.024451 -0.999568
vn 0.016335 0.017469 -0.999714
vn -0.877109 -0.134712 -0.461011
vn -0.877169 -0.133888 -0.461138
vn -0.89022 0.019237 -0.455124
vn -0.889527 0.042989 -0.454856
vn -0.836068 -0.134019 0.532004
vn -0.836135 -0.132542 0.532269
vn -0.847189 0.048134 0.529106
vn -0.84648 0.060349 0.52899
vn 0.008191 -0.169704 0.985461
vn 0.008224 -0.170705 0.985288
vn 0.007465 0.052618 0.998587
vn 0.007529 0.047658 0.998835
vn 0.844178 -0.120717 0.522294
vn 0.844224 -0.119487 0.522502
vn 0.85399 0.080711 0.513991
vn 0.854327 0.076124 0.514131
vn 0.887566 -0.107389 -0.44799
vn 0.887497 -0.109065 -0.447721
vn 0.896783 0.072924 -0.436421
vn 0.895248 0.093011 -0.435753
vn -0.007371 0.065706 -0.997812
vn -0.007384 0.042327 -0.999077
vn -0.005191 -0.157326 -0.987533
vn -0.005173 -0.156435 -0.987675
vn 0.894488 -0.09495 -0.436894
vn 0.834086 -0.086596 0.544796
vn -0.01852 -0.091535 0.99563
vn -0.854164 -0.064341 0.516008
vn -0.914944 -0.044984 -0.401066
vn 0.016201 -0.094114 -0.99543
vn 0.996973 -0.051407 -0.058327
vn 0.996742 -0.061123 -0.052622
vn 0.998817 -0.025172 0.041613
vn 0.965535 -0.022193 0.259327
vn 0.641427 0.001938 0.767181
vn 2e-06 0.058038 0.998314
vn -0.636898 0.001951 0.770945
vn -0.636898 0.001951 0.770946
vn -0.99923 -0.029764 0.025561
vn -0.989247 -0.034264 0.142183
vn -0.995928 -0.018087 -0.088316
vn -0.993921 -0.014532 -0.109134
vn -0.88522 -0.019079 -0.464782
vn -0.996199 -0.025066 -0.083418
vn -0.996459 -0.020804 -0.081467
vn -0.999086 -0.01412 0.040343
vn -0.964943 -0.009207 0.2623
vn -0.654167 -0.01512 0.756199
vn 0.655365 -0.015259 0.755158
vn 0.999391 -0.017474 0.030189
vn 0.990119 -0.017975 0.139071
vn 0.998123 -0.004414 -0.061078
vn 0.99551 0.008043 -0.094311
vn 0.884447 0.046202 -0.464349
vn 0 -1 0
vn 0 -1 1e-06
vn 0 -1 2e-06
vn -0.00987 -0.139659 -0.990151
vn -0.868449 -0.069907 -0.490825
vn -0.87737 -0.024434 0.479192
vn -0.002798 -0.039997 0.999196
vn 0.872529 -0.061445 0.484683
vn 0.8646 -0.110598 -0.490138
vn 0.855591 0.055643 -0.514654
vn 0.85559 0.055642 -0.514654
vn 0.90041 0.021218 0.434525
vn 0.366695 0.087086 0.926256
vn 0.366695 0.087086 0.926257
vn 0.212261 -0.027877 -0.976815
vn -0.859334 0.100723 -0.501397
vn -0.900188 0.021228 0.434985
vn -0.142528 0.001492 0.98979
vn -0.152167 0.013185 0.988267
vn -0.116648 -0.029708 0.992729
vn -0.215246 0.140911 -0.96634
vn 0.300951 0.111586 -0.947089
vn -0.300951 0.111586 -0.947089
vn -0.908036 0.048206 -0.41611
vn -0.93419 -0.017714 0.356336
vn -0.31966 -0.06242 0.945474
vn 0.31966 -0.06242 0.945474
vn 0.93419 -0.017714 0.356336
vn 0.908036 0.048206 -0.416109
vn 0.908036 0.048206 -0.41611
vn 0 1 0
vn 0.267358 -0.08147 -0.960147
vn 0.250018 -0.336847 -0.907758
vn 0.267439 -0.07889 -0.96034
vn -0.272149 -0.075068 -0.959323
vn -0.272185 -0.07454 -0.959354
vn -0.254372 -0.260561 -0.931345
vn -0.809081 -0.254414 -0.529775
vn -0.82283 -0.064282 -0.56464
vn -0.822812 -0.062433 -0.564874
vn -0.794925 -0.4515 0.405268
vn -0.892075 -0.07086 0.446298
vn -0.891486 -0.078713 0.446157
vn -0.276341 -0.110455 0.954691
vn -0.202356 -0.626043 0.753075
vn -0.270063 -0.105325 0.957065
vn -0.161761 -0.649049 0.74335
vn 0.27634 -0.110456 0.954692
vn 0.202346 -0.626048 0.753074
vn 0.291036 -0.094325 0.952051
vn 0.270615 -0.583468 0.765724
vn 0.794831 -0.451002 0.406005
vn 0.892046 -0.070784 0.446367
vn 0.891444 -0.078749 0.446236
vn 0.808973 -0.253743 -0.530262
vn 0.822792 -0.064212 -0.564703
vn 0.822777 -0.062446 -0.564924
vn 0.273067 0.031652 0.961474
vn 0.275045 0.04591 0.960335
vn 0.24949 0.230063 0.940652
vn 0.251964 0.278261 0.926869
vn -0.28188 0.055157 0.957863
vn -0.286712 0.025503 0.957677
vn -0.249528 0.273106 0.929058
vn -0.248036 0.305579 0.919293
vn -0.279866 -0.101715 -0.954636
vn -0.270182 -0.102929 -0.957292
vn -0.284215 -0.072755 -0.955996
vn -0.269672 -0.109577 -0.956697
vn 0.235888 -0.053062 -0.970331
vn 0.261305 -0.106146 -0.959402
vn 0.237069 -0.066456 -0.969217
vn 0.261743 -0.102486 -0.959681
vn 0.822382 -0.040984 -0.567458
vn 0.822381 -0.040984 -0.567458
vn 0.894031 -0.035434 0.446602
vn 0.270062 -0.105323 0.957065
vn -0.300637 -0.115842 0.946678
vn -0.300664 -0.116327 0.946609
vn -0.894038 -0.035445 0.446586
vn -0.822397 -0.040996 -0.567435
vn 0.733876 -0.679066 0.017207
vn 0.604253 -0.671348 -0.42915
vn 0.7314 -0.681941 -0.003255
vn 0.331434 -0.047187 -0.942298
vn 0.359742 -0.00161 -0.93305
vn 0.293462 -0.105779 -0.9501
vn 0.415344 0.844452 -0.338215
vn 0.37883 0.925215 0.021572
vn 0.377514 0.925548 0.029048
vn 0.707799 -0.545526 0.4488
vn 0.301468 0.889487 0.343409
vn 0.526222 0.125433 0.841045
vn 0.464022 0.189952 0.865218
vn 0.513392 0.139225 0.846785
vn -0.707799 -0.545527 0.4488
vn -0.464022 0.189952 0.865218
vn -0.513392 0.139225 0.846785
vn -0.284127 0.349411 0.892851
vn -0.301468 0.889488 0.343408
vn -0.301468 0.889487 0.343408
vn -0.604253 -0.671348 -0.42915
vn -0.415345 0.844452 -0.338215
vn -0.415344 0.844452 -0.338215
vn -0.331434 -0.047188 -0.942298
vn -0.293463 -0.105779 -0.9501
vn -0.359742 -0.00161 -0.93305
vn 0.007261 -0.928543 -0.371155
vn 0.035297 -0.019149 -0.999193
vn 0.06108 0.895982 -0.439871
vn 0.06108 0.895981 -0.439871
vn 0.026265 -0.893403 0.448488
vn 0.032907 0.913203 0.406173
vn 0.016328 0.084964 0.99625
vn -0.026265 -0.893403 0.448488
vn -0.016328 0.084963 0.99625
vn -0.032907 0.913204 0.406173
vn -0.007261 -0.928542 -0.371156
vn -0.06108 0.895981 -0.439871
vn -0.035297 -0.019149 -0.999193
vn 0.180105 0.608127 -0.773139
vn -0.316405 0.523752 -0.790931
vn -0.501978 0.822959 -0.266001
vn -0.453257 0.839342 0.300104
vn -0.16184 0.672612 0.722081
vn 0.147507 0.688075 0.710489
vn 0.390817 0.888429 0.240742
vn 0.396799 0.886885 -0.236611
vn 0.3968 0.886885 -0.236611
vn 0.138148 0.852775 -0.503677
vn -0.138148 0.852775 -0.503677
vn -0.361763 0.907536 -0.213322
vn -0.361975 0.918155 0.161139
vn -0.043582 0.87503 0.482103
vn 0.043582 0.87503 0.482103
vn 0.361975 0.918155 0.161138
vn 0.361763 0.907536 -0.213322
vn -0.301158 0.062167 -0.951546
vn 0.222125 0.077912 -0.9719
vn 0.249372 0.336823 0.907945
vn 0.252719 0.30971 0.916631
vn 0.250823 0.338555 0.9069
vn -0.244777 0.36098 0.899877
vn 0.284127 0.349411 0.892851
vn -0.526222 0.125433 0.841045
vn 0.212669 -0.222072 -0.951554
vn -0.212669 -0.222072 -0.951554
vn -0.091267 0.935565 0.341157
vn 0.091267 0.935565 0.341159
vn 0.249185 0.960731 0.122079
vn 0.344944 0.938623 -0.000145
vn 0.344944 0.938624 -0.000145
vn 0.302393 0.940442 -0.155333
vn -0.302392 0.940442 -0.155334
vn -0.344943 0.938624 -0.000144
vn -0.249185 0.960731 0.122078
vn 0.999129 0.041649 -0.002744
vn 0.998837 0.03646 0.031549
vn 0.999125 0.0418 0.001121
vn 0.997921 0.022767 0.060292
vn 0.995919 -0.046882 0.077116
vn 0.995909 -0.036896 0.082491
vn 0.995299 -0.096842 0.001509
vn 0.995304 -0.0968 -0.00072
vn 0.99892 0.033372 -0.032342
vn 0.998237 0.019261 -0.05615
vn 0.996154 -0.046187 -0.074454
vn 0.996166 -0.041858 -0.076816
vn -0.999129 0.041649 -0.002744
vn -0.99892 0.033372 -0.032342
vn -0.998237 0.019262 -0.05615
vn -0.999125 0.0418 0.001121
vn -0.996154 -0.046186 -0.074454
vn -0.996166 -0.041858 -0.076816
vn -0.995299 -0.096842 0.001509
vn -0.995304 -0.0968 -0.00072
vn -0.998837 0.03646 0.031549
vn -0.997921 0.022767 0.060292
vn -0.995919 -0.046883 0.077116
vn -0.995909 -0.036897 0.082491
vn 0.075816 -0.997112 -0.004528
vn 0.085451 -0.996335 0.003961
vn 0.075922 -0.997104 -0.004435
vn -0.082335 0.996604 0.001458
vn -0.051531 0.99857 0.014259
vn -0.052501 0.998525 0.013857
vn 0.06778 -0.997633 -0.0116
vn -0.031097 0.999258 0.022729
vn 0.039657 -0.998905 0.02481
vn -0.018422 0.99876 -0.046252
vn 5e-06 0.998929 -0.04626
vn 5e-06 0.99893 -0.04626
vn 0.045021 -0.997272 -0.058496
vn -0.001033 -0.997321 -0.073147
vn -0.000333 -0.997337 -0.072926
vn 0.006105 0.995733 0.092077
vn -0.045937 0.996202 0.073969
vn 0.00451 0.995792 0.091527
vn -0.133985 -0.990756 -0.021231
vn -0.106106 -0.994247 -0.014634
vn -0.106653 -0.994187 -0.014763
vn 0.076278 0.996784 0.024572
vn 0.128748 0.991208 0.030493
vn 0.077334 0.996699 0.024691
vn -0.081822 -0.996607 -0.008894
vn 0.041381 0.998931 0.020608
vn -0.039046 -0.998012 0.049473
vn 0 -0.998774 0.049511
vn 0.037857 0.998907 -0.027434
vn -0.064576 -0.990147 -0.124255
vn 0.073957 0.989363 0.125262
vn -0.368772 0.043903 0.928483
vn -0.042283 -0.99857 0.032727
vn 0.139887 0.002966 0.990163
vn 0.148531 0.014055 0.988808
vn 0.144841 0.025381 0.989129
vn 0.137602 0.037651 0.989772
vn 0.039046 -0.998012 0.049473
vn 0.119324 0.068391 0.990497
vn -0.147861 0.026181 0.988662
vn -0.139546 0.040495 0.989387
vn -0.118507 0.076373 0.990012
vn -0.118507 0.076374 0.990012
vn 0.114186 0.012015 0.993387
vn -0.11335 0.011366 0.99349
vn 0.116681 -0.02663 0.992812
vn -1 0 -0.000537
vn 0.184243 0 -0.982881
vn -0.118583 0 0.992944
vn -0.184243 0 -0.982881
vn 1 0 -0.000536
vn 0.118583 0 0.992944
vn 0.018433 0.99876 -0.046253
vn -0.036877 0.999006 -0.025027
vn -0.275045 0.04591 0.960335
vn -0.273066 0.031652 0.961474
vn -0.251964 0.278261 0.926869
vn -0.24949 0.230063 0.940652
vn 0.278181 0.06396 0.958397
vn -0.285243 -0.61664 0.733752
vn 0.16175 -0.649052 0.743349
vn 0.992172 0 -0.124882
vn -0.089077 0 -0.996025
vn 0.123971 0 0.992286
vn 0.089078 0 -0.996025
vn -0.992172 0 -0.124882
vn -0.12397 0 0.992286
vn 0.04467 0.999002 0
vn 0.999422 -0.033988 0
vn -0.999608 0.027987 0
vn 0.002642 -0.999997 0
vn -0.002687 -0.999996 0
vn -0.999422 -0.033988 0
vn 0.9996 0.028282 0
vn -0.044662 0.999002 0
vn -1 0 0
vn -0.029077 -0.999577 0
vn 0.029077 -0.999577 0
vn 1 0 0
vn -0.009174 0.999958 0
vn 0.009185 0.999958 0
vn 0.036885 0.999006 -0.025017
vn -0.366695 0.087083 0.926257
vn -0.039657 -0.998905 0.024811
vn -0.037847 0.998907 -0.027435
vn 0.368772 0.043904 0.928483
vn 0.042283 -0.99857 0.032727
vn 0.057128 0.992337 0.109566
vn -0.183102 0.040539 -0.982258
vn -0.047951 -0.994975 -0.087898
vn -0.051432 0.997014 0.057602
vn 0.255528 -0.011479 -0.966733
vn 0.255528 -0.011479 -0.966734
vn -0.998576 -0.04067 0.034533
vn 0.735228 -0.00737 -0.67778
vn -0.813818 0.396379 0.424951
vn -0.216424 -0.53898 -0.81404
vn 0.761169 0.03826 -0.647424
vn -0.313982 0.751599 -0.580098
vn -0.662247 -0.599224 0.449843
vn 0.588631 -0.374115 -0.716625
vn 0.662265 -0.599195 0.449855
vn 0.314002 0.751567 -0.58013
vn -0.588645 -0.374077 -0.716634
vn 0.998576 -0.040668 0.034536
vn -0.735229 -0.00737 -0.677779
vn 0.216425 -0.538978 -0.814041
vn 0.813817 0.396378 0.424955
vn -0.761167 0.038258 -0.647427
vn 0.053777 -0.997087 -0.054094
vn 0.945955 -0.047265 -0.320835
vn -0.871292 0.023211 0.490215
vn 0.725383 0.337433 -0.599966
vn 0.103772 -0.599264 0.793797
vn -0.852518 -0.016056 0.522451
vn 0.238115 0.504138 0.830148
vn 0.889791 -0.05074 -0.45354
vn -0.854181 -0.124482 0.504856
vn -0.884015 -0.062092 -0.463316
vn -0.237842 0.504844 0.829798
vn 0.846157 -0.114107 0.520574
vn -0.928264 -0.093332 -0.360022
vn 0.810574 0.10792 0.575607
vn -0.184266 -0.414075 0.891397
vn -0.901502 -0.024037 -0.432108
vn 0.830894 0.157134 0.533783
vn -0.278182 0.06396 0.958397
vn -0.291038 -0.094324 0.95205
vn -0.252719 0.30971 0.916631
vn 0.286714 0.025503 0.957677
vn 0.300664 -0.116325 0.94661
vn 0.300637 -0.115843 0.946677
vn 0.281882 0.055157 0.957862
vn 0.249528 0.273106 0.929058
vn 0.248036 0.305579 0.919293
vn -0.270626 -0.583459 0.765726
vn 0.285234 -0.61665 0.733747
vn -0.250823 0.338555 0.9069
vn -0.249372 0.336823 0.907945
vn -0.147507 0.688075 0.710489
vn -0.390817 0.888429 0.240742
vn -0.3968 0.886885 -0.236611
vn -0.180105 0.608127 -0.773139
vn -0.237069 -0.066456 -0.969217
vn -0.235888 -0.053062 -0.970331
vn -0.222125 0.077912 -0.9719
vn -0.261741 -0.102483 -0.959682
vn -0.261303 -0.106143 -0.959403
vn -0.267439 -0.078885 -0.96034
vn -0.267358 -0.081485 -0.960146
vn -0.250028 -0.337054 -0.907679
vn 0.244776 0.360979 0.899877
vn 0.161841 0.672613 0.72208
vn 0.453257 0.839342 0.300104
vn 0.501977 0.82296 -0.266
vn 0.316404 0.523751 -0.790932
vn 0.284215 -0.072755 -0.955996
vn 0.279866 -0.101715 -0.954636
vn 0.301158 0.062167 -0.951546
vn 0.269675 -0.109583 -0.956696
vn 0.270185 -0.102935 -0.95729
vn 0.272147 -0.075049 -0.959324
vn 0.272183 -0.074535 -0.959354
vn 0.254372 -0.26015 -0.93146
vn 0.96356 -0.008361 -0.267361
vn 0.965506 -0.063216 -0.25259
vn 0.963548 -0.00817 -0.267411
vn 0.034495 -0.964004 0.263642
vn 0.034495 -0.964004 0.263643
vn -0.965514 0.05171 0.255166
vn -0.962939 -0.006623 0.269639
vn -0.962957 -0.006379 0.26958
vn 0.957337 0.04954 0.284695
vn 0.965844 0.183012 0.183445
vn 0.965836 0.183378 0.183123
vn 0.957354 0.04966 0.284618
vn -0.954332 -0.205268 -0.217062
vn -0.957273 -0.049889 -0.284851
vn -0.954414 -0.204716 -0.217221
vn -0.95729 -0.050021 -0.284771
vn 0.9529 0.136254 -0.270954
vn 0.96194 0.022363 -0.272343
vn 0.961945 0.02228 -0.272333
vn 0.952869 0.136534 -0.270924
vn -0.961696 -0.025077 0.272969
vn -0.944496 -0.144544 0.295015
vn -0.961694 -0.02511 0.272974
vn -0.944746 -0.14335 0.294798
vn 0.952893 0.011568 0.303087
vn 0.952873 0.010911 0.303174
vn -0.953086 -0.009272 -0.302558
vn -0.953101 -0.010209 -0.302482
vn 0.867213 0.496976 -0.030915
vn 0.933181 0.285462 -0.218371
vn 0.932865 0.287466 -0.217087
vn 0.866977 0.497386 -0.030949
vn -0.892794 -0.421791 0.158148
vn -0.84704 -0.530811 0.027608
vn -0.847007 -0.530869 0.027512
vn -0.892228 -0.4239 0.155683
vn 0.881654 0.468377 -0.057527
vn 0.881714 0.468233 -0.057781
vn -0.912336 -0.404294 -0.064728
vn -0.912015 -0.405179 -0.063706
vn 0.909516 0.413057 -0.046532
vn 0.910456 0.411177 -0.044752
vn 0.956265 0.277636 0.092059
vn 0.956201 0.277985 0.091671
vn 0.299092 -0.771335 -0.56177
vn 0.229302 -0.773494 -0.59087
vn 0.22478 -0.773482 -0.592621
vn 0.208042 -0.773278 -0.598965
vn 0.208042 -0.773278 -0.598966
vn 0.948648 -0.055933 0.311349
vn -0.949456 0.062452 -0.307624
vn -0.957337 0.049539 0.284694
vn -0.952893 0.011569 0.303085
vn -0.957354 0.04966 0.284617
vn -0.952873 0.010912 0.303172
vn 0.953086 -0.009273 -0.302557
vn 0.957273 -0.04989 -0.284851
vn 0.95729 -0.050022 -0.284771
vn 0.953101 -0.01021 -0.30248
vn -0.965844 0.183013 0.183445
vn -0.965836 0.183379 0.183123
vn 0.954332 -0.205268 -0.217063
vn 0.954414 -0.204716 -0.217221
vn -0.94865 -0.055929 0.311344
vn -0.208055 -0.77327 -0.598972
vn -0.229316 -0.773485 -0.590876
vn -0.208055 -0.773269 -0.598972
vn -0.224794 -0.773473 -0.592627
vn -0.299116 -0.771324 -0.561773
vn 0.949459 0.062452 -0.307617
vn -0.956265 0.277637 0.09206
vn -0.956201 0.277985 0.091671
vn 0.912335 -0.404295 -0.064728
vn 0.912015 -0.40518 -0.063706
vn -0.909516 0.413057 -0.046531
vn -0.910456 0.411177 -0.044752
vn 0.84704 -0.530813 0.027608
vn 0.847007 -0.53087 0.027512
vn -0.881655 0.468376 -0.057527
vn -0.881714 0.468232 -0.057781
vn 0.892794 -0.421791 0.158148
vn 0.892228 -0.4239 0.155684
vn -0.867214 0.496975 -0.030916
vn -0.866978 0.497385 -0.030949
vn -0.93318 0.285462 -0.218371
vn -0.932865 0.287466 -0.217088
vn -0.9529 0.136254 -0.270955
vn -0.952868 0.136534 -0.270925
vn 0.944496 -0.144543 0.295017
vn 0.944746 -0.14335 0.294799
vn -0.961941 0.022364 -0.27234
vn -0.961946 0.022281 -0.27233
vn 0.961697 -0.025079 0.272965
vn 0.961695 -0.025112 0.272969
vn -0.963562 -0.008359 -0.267356
vn -0.963549 -0.008168 -0.267406
vn 0.962941 -0.006623 0.269631
vn 0.962959 -0.006379 0.269573
vn -0.03472 -0.964132 0.263142
vn -0.03472 -0.964132 0.263141
vn -0.034721 -0.964133 0.263139
vn -0.965507 -0.063133 -0.252608
vn 0.965514 0.051608 0.255184
vn 0.269313 -0.241693 -0.932231
vn -0.27613 0.384025 0.881066
vn -0.269314 -0.241693 -0.932231
vn 0.27613 0.384025 0.881066
vn -0.874049 -0.265056 -0.407166
vn 0.815524 0.42243 0.395567
vn -0.965268 -0.249612 0.077143
vn -0.90876 -0.407435 0.090289
vn -0.960577 -0.26666 0.078639
vn 0.749551 0.650794 -0.121003
vn 0.749551 0.650793 -0.121003
vn -0.486697 -0.168676 0.857132
vn 0.363661 0.787867 -0.497008
vn 0.486695 -0.168674 0.857133
vn -0.363662 0.787867 -0.497008
vn 0.960577 -0.26666 0.078638
vn 0.965268 -0.249612 0.077143
vn 0.966871 -0.243502 0.076603
vn -0.749551 0.650793 -0.121003
vn -0.749551 0.650794 -0.121003
vn 0.874048 -0.265056 -0.407167
vn 0.874049 -0.265056 -0.407167
vn -0.815525 0.42243 0.395566
vn -0.815524 0.42243 0.395566
vn -0.600287 0.025142 0.799389
vn -0.597815 0.028391 0.801131
vn -0.589449 0.03666 0.806973
vn -0.584845 0.040271 0.810145
vn 0.600288 0.025142 0.799389
vn 0.597816 0.02839 0.801131
vn 0.604513 0.019553 0.796356
vn 0.604512 0.019553 0.796356
vn -0.074028 -0.893132 -0.443661
vn -0.072768 -0.894125 -0.441866
vn -0.183544 -0.780056 -0.598184
vn -0.182646 -0.781497 -0.596576
vn 0.978976 -0.171075 -0.111085
vn 0.979654 -0.17205 -0.103332
vn 0.974777 -0.166322 -0.148821
vn 0.976679 -0.168279 -0.133347
vn 0.157561 0.786848 0.596695
vn 0.157917 0.786245 0.597396
vn 0.203151 0.700736 0.683885
vn 0.072767 -0.894125 -0.441866
vn 0.042378 -0.916413 -0.397985
vn 0.074027 -0.893132 -0.44366
vn -0.023726 0.915464 0.401699
vn -0.023726 0.915465 0.401699
vn -0.052478 0.894433 0.444112
vn -0.052932 0.894079 0.444771
vn -0.980228 -0.172944 -0.096141
vn -0.978976 -0.171074 -0.111085
vn -0.979654 -0.172049 -0.103332
vn -0.15756 0.786848 0.596696
vn -0.157916 0.786245 0.597396
vn 0.052933 0.894078 0.444772
vn 0.023727 0.915464 0.4017
vn 0.052479 0.894433 0.444112
vn -0.20315 0.700734 0.683887
vn 0.580125 0.043952 0.813341
vn 0.584847 0.040271 0.810144
vn 0.589451 0.036659 0.806972
vn 0.182645 -0.781497 -0.596577
vn 0.183543 -0.780056 -0.598185
vn 0.230038 -0.696879 -0.679295
vn -0.976679 -0.168278 -0.133346
vn -0.974777 -0.166321 -0.148821
vn -0.973146 -0.164785 -0.160725
vn -0.604512 0.019553 0.796356
vn -0.042379 -0.916412 -0.397986
vn 0.980228 -0.172945 -0.096142
vn 0.973146 -0.164786 -0.160725
vn -0.230039 -0.696879 -0.679295
vn -0.580123 0.043953 0.813342
vn -0.211794 0.006186 0.977295
vn 0.271669 0.114068 0.955607
vn -0.118526 0.377122 -0.918548
vn 0.083115 0.523278 -0.848099
vn -0.966871 -0.243502 0.076603
vn 0.908759 -0.407437 0.090289
vt 0.121745 0.427007
vt 0.108346 0.428403
vt 0.108078 0.42451
vt 0.121225 0.423139
vt 0.094266 0.42857
vt 0.094273 0.424668
vt 0.080834 0.428079
vt 0.081042 0.424188
vt 0.134952 0.424811
vt 0.134271 0.420957
vt 0.067383 0.427114
vt 0.067798 0.423218
vt 0.053409 0.42541
vt 0.054056 0.421552
vt 0.407885 0.507172
vt 0.38996 0.504865
vt 0.393418 0.479944
vt 0.410224 0.482099
vt 0.427018 0.508394
vt 0.427972 0.483235
vt 0.447624 0.508116
vt 0.446995 0.482985
vt 0.466577 0.507055
vt 0.464597 0.48199
vt 0.48544 0.505163
vt 0.482126 0.480241
vt 0.505799 0.502125
vt 0.500912 0.477447
vt 0.901062 0.027639
vt 0.914635 0.027235
vt 0.902919 0.035323
vt 0.92179 0.034611
vt 0.921212 0.412639
vt 0.909427 0.405921
vt 0.914084 0.39711
vt 0.926181 0.403986
vt 0.873034 0.124198
vt 0.886447 0.123919
vt 0.885375 0.131877
vt 0.866254 0.131877
vt 0.887689 0.029092
vt 0.883595 0.036269
vt 0.899783 0.123245
vt 0.904312 0.130229
vt 0.937154 0.020517
vt 0.951657 0.018911
vt 0.951513 0.027507
vt 0.937222 0.02919
vt 0.818675 0.029386
vt 0.832214 0.030518
vt 0.817038 0.037136
vt 0.836509 0.03763
vt 0.764713 0.017433
vt 0.779518 0.018075
vt 0.76543 0.026123
vt 0.780053 0.026878
vt 0.817591 0.127115
vt 0.830974 0.127245
vt 0.832351 0.135195
vt 0.813331 0.13428
vt 0.805001 0.029495
vt 0.798092 0.037136
vt 0.844392 0.126996
vt 0.851494 0.134411
vt 0.76917 0.402139
vt 0.758189 0.397505
vt 0.761568 0.389424
vt 0.772833 0.394177
vt 0.92188 0.048336
vt 0.90361 0.051266
vt 0.920574 0.385606
vt 0.931183 0.391559
vt 0.866964 0.145501
vt 0.885981 0.146497
vt 0.885116 0.049545
vt 0.904596 0.143603
vt 0.955189 0.05843
vt 0.962945 0.056619
vt 0.955714 0.066278
vt 0.963426 0.064425
vt 0.835251 0.051047
vt 0.816727 0.053327
vt 0.755333 0.056601
vt 0.763608 0.058078
vt 0.763625 0.066622
vt 0.755068 0.064901
vt 0.813745 0.147592
vt 0.832326 0.149814
vt 0.798449 0.050856
vt 0.851265 0.148063
vt 0.767483 0.379271
vt 0.777409 0.383471
vt 0.913537 0.068221
vt 0.9045 0.069875
vt 0.929372 0.370996
vt 0.93859 0.376112
vt 0.868026 0.16304
vt 0.877534 0.164432
vt 0.886051 0.067589
vt 0.895316 0.069277
vt 0.896021 0.163562
vt 0.886827 0.164993
vt 0.951754 0.090329
vt 0.964706 0.085672
vt 0.958396 0.106446
vt 0.968628 0.103349
vt 0.825399 0.071133
vt 0.816198 0.071983
vt 0.753431 0.089127
vt 0.768716 0.094803
vt 0.760502 0.113948
vt 0.748517 0.110039
vt 0.813542 0.165227
vt 0.82293 0.167184
vt 0.798163 0.068206
vt 0.807203 0.070491
vt 0.841464 0.167555
vt 0.832156 0.168364
vt 0.774211 0.365608
vt 0.782977 0.369297
vt 0.954439 0.037117
vt 0.941893 0.040294
vt 0.879132 0.053375
vt 0.876077 0.042089
vt 0.964102 0.078515
vt 0.951679 0.083063
vt 0.911299 0.146774
vt 0.914092 0.136471
vt 0.759348 0.045487
vt 0.771186 0.047664
vt 0.796336 0.147393
vt 0.799488 0.157374
vt 0.793482 0.162022
vt 0.788141 0.156258
vt 0.766418 0.074764
vt 0.754606 0.071667
vt 0.846951 0.059981
vt 0.850237 0.050725
vt 0.850721 0.064541
vt 0.856501 0.05973
vt 0.958561 0.046092
vt 0.947227 0.04888
vt 0.921997 0.142188
vt 0.91957 0.152363
vt 0.963856 0.070572
vt 0.953583 0.073428
vt 0.873404 0.058544
vt 0.870172 0.049357
vt 0.76305 0.036071
vt 0.77606 0.038509
vt 0.807323 0.151203
vt 0.803853 0.141099
vt 0.754252 0.08075
vt 0.768813 0.086113
vt 0.841223 0.054777
vt 0.844242 0.043401
vt 0.925901 0.156556
vt 0.930809 0.150422
vt 0.869625 0.063044
vt 0.86394 0.058235
vt 0.905354 0.161319
vt 0.850918 0.165627
vt 0.834754 0.069163
vt 0.922605 0.065776
vt 0.964241 0.214992
vt 0.95525 0.214638
vt 0.956584 0.208135
vt 0.964874 0.208904
vt 0.741901 0.152061
vt 0.74218 0.144194
vt 0.750678 0.145674
vt 0.751189 0.152826
vt 0.972624 0.142281
vt 0.963226 0.142131
vt 0.964692 0.135137
vt 0.972933 0.134533
vt 0.784089 0.28083
vt 0.791593 0.277433
vt 0.792988 0.283476
vt 0.786041 0.285755
vt 0.950282 0.345833
vt 0.947996 0.351849
vt 0.941647 0.348723
vt 0.943022 0.34263
vt 0.966135 0.290706
vt 0.958436 0.290017
vt 0.95764 0.28434
vt 0.966268 0.284318
vt 0.749945 0.215156
vt 0.757307 0.21261
vt 0.760353 0.217494
vt 0.75245 0.22108
vt 0.787585 0.338021
vt 0.795499 0.339973
vt 0.792182 0.346049
vt 0.78539 0.343785
vt 0.825929 0.071773
vt 0.834415 0.069969
vt 0.759776 0.114331
vt 0.749114 0.110904
vt 0.813722 0.165917
vt 0.822223 0.167694
vt 0.752157 0.181221
vt 0.740867 0.182204
vt 0.7414 0.18164
vt 0.751479 0.180822
vt 0.971478 0.173545
vt 0.959251 0.172066
vt 0.960022 0.171633
vt 0.970914 0.172937
vt 0.905186 0.16202
vt 0.896743 0.16403
vt 0.96812 0.104074
vt 0.958993 0.106774
vt 0.894803 0.0699
vt 0.88642 0.068389
vt 0.966965 0.250289
vt 0.953445 0.251005
vt 0.954174 0.250435
vt 0.966209 0.249812
vt 0.895738 0.164279
vt 0.887508 0.16556
vt 0.970671 0.173973
vt 0.959784 0.172644
vt 0.903994 0.070543
vt 0.895773 0.070067
vt 0.751635 0.181711
vt 0.741602 0.182645
vt 0.823237 0.167878
vt 0.831488 0.168987
vt 0.778509 0.247156
vt 0.766939 0.253545
vt 0.767305 0.252758
vt 0.777611 0.247068
vt 0.816733 0.072661
vt 0.824949 0.071914
vt 0.778142 0.247907
vt 0.767746 0.253651
vt 0.841153 0.168245
vt 0.83275 0.168911
vt 0.800022 0.314199
vt 0.788689 0.314125
vt 0.789344 0.313723
vt 0.799498 0.313717
vt 0.815658 0.072582
vt 0.807569 0.071227
vt 0.961883 0.323329
vt 0.950833 0.319931
vt 0.951463 0.319674
vt 0.961399 0.322688
vt 0.877853 0.165088
vt 0.886251 0.16557
vt 0.966327 0.25081
vt 0.954177 0.251464
vt 0.905032 0.070482
vt 0.913194 0.068967
vt 0.914083 0.068793
vt 0.922316 0.066592
vt 0.930012 0.370778
vt 0.938248 0.375343
vt 0.868254 0.16371
vt 0.876868 0.164962
vt 0.961174 0.323643
vt 0.951318 0.320569
vt 0.799385 0.314716
vt 0.789241 0.314571
vt 0.850719 0.166282
vt 0.842168 0.168057
vt 0.774935 0.365423
vt 0.78279 0.368723
vt 0.806664 0.07107
vt 0.798472 0.069003
vt 0.953847 0.2347
vt 0.964589 0.234408
vt 0.887873 0.180729
vt 0.895274 0.179566
vt 0.967767 0.189311
vt 0.957977 0.188077
vt 0.905402 0.085551
vt 0.898003 0.085268
vt 0.825041 0.085005
vt 0.8334 0.083164
vt 0.824947 0.086492
vt 0.833297 0.084649
vt 0.745855 0.125671
vt 0.755929 0.12841
vt 0.755513 0.129873
vt 0.745597 0.12733
vt 0.81491 0.178789
vt 0.823199 0.180481
vt 0.823308 0.181904
vt 0.815044 0.180218
vt 0.75148 0.169023
vt 0.741448 0.169165
vt 0.741496 0.167725
vt 0.751543 0.16774
vt 0.96111 0.158818
vt 0.971665 0.159796
vt 0.904281 0.174955
vt 0.896021 0.176812
vt 0.9707 0.11695
vt 0.961711 0.118889
vt 0.887929 0.081226
vt 0.896082 0.082708
vt 0.775328 0.26437
vt 0.784433 0.259466
vt 0.785117 0.260783
vt 0.776152 0.265525
vt 0.831903 0.181791
vt 0.839277 0.181395
vt 0.839055 0.182862
vt 0.831779 0.183211
vt 0.798742 0.301153
vt 0.790093 0.302157
vt 0.79008 0.301001
vt 0.79853 0.299673
vt 0.808042 0.084034
vt 0.814979 0.085265
vt 0.808096 0.085436
vt 0.814891 0.086652
vt 0.921448 0.077083
vt 0.914151 0.078984
vt 0.934642 0.3617
vt 0.941967 0.365651
vt 0.870287 0.174003
vt 0.877939 0.175001
vt 0.956709 0.332604
vt 0.948106 0.329422
vt 0.954651 0.307891
vt 0.963551 0.309953
vt 0.887285 0.178468
vt 0.879896 0.178174
vt 0.965824 0.264323
vt 0.95516 0.264916
vt 0.90578 0.083502
vt 0.912951 0.082123
vt 0.744337 0.196941
vt 0.753187 0.195381
vt 0.753443 0.196774
vt 0.744747 0.198613
vt 0.823865 0.183088
vt 0.831274 0.184184
vt 0.82392 0.184771
vt 0.831228 0.185882
vt 0.769936 0.233931
vt 0.760662 0.238888
vt 0.759944 0.237309
vt 0.769105 0.232511
vt 0.815988 0.087647
vt 0.823302 0.087082
vt 0.823096 0.088767
vt 0.815898 0.089276
vt 0.789735 0.323864
vt 0.798945 0.324936
vt 0.798823 0.326139
vt 0.789718 0.324872
vt 0.841951 0.178255
vt 0.849485 0.176614
vt 0.841929 0.179383
vt 0.849348 0.177764
vt 0.786895 0.360144
vt 0.779586 0.357217
vt 0.780074 0.356273
vt 0.787392 0.359147
vt 0.799474 0.079326
vt 0.806639 0.08108
vt 0.806652 0.082182
vt 0.799587 0.080459
vt 0.964433 0.232755
vt 0.953859 0.232915
vt 0.953966 0.231031
vt 0.964356 0.231015
vt 0.887917 0.182415
vt 0.895225 0.181264
vt 0.887977 0.184201
vt 0.89518 0.183063
vt 0.957777 0.189805
vt 0.96744 0.190999
vt 0.967158 0.192785
vt 0.957638 0.191645
vt 0.898269 0.086978
vt 0.905592 0.087194
vt 0.905785 0.08893
vt 0.898571 0.08878
vt 0.824863 0.08812
vt 0.833159 0.086291
vt 0.831814 0.10119
vt 0.824223 0.102848
vt 0.745238 0.129122
vt 0.754914 0.131431
vt 0.815185 0.181814
vt 0.823369 0.183481
vt 0.816448 0.196169
vt 0.823904 0.197683
vt 0.751473 0.166311
vt 0.74147 0.166126
vt 0.971716 0.158301
vt 0.961205 0.157443
vt 0.961459 0.155945
vt 0.97185 0.156657
vt 0.895937 0.178235
vt 0.904169 0.176388
vt 0.895906 0.179812
vt 0.904057 0.177987
vt 0.961926 0.12016
vt 0.970922 0.118471
vt 0.971214 0.120155
vt 0.962269 0.121553
vt 0.888102 0.082651
vt 0.896222 0.08413
vt 0.896348 0.085698
vt 0.888306 0.084234
vt 0.776999 0.267023
vt 0.785814 0.26248
vt 0.831645 0.184963
vt 0.838798 0.184678
vt 0.836402 0.200774
vt 0.83031 0.200985
vt 0.798069 0.297887
vt 0.789822 0.29961
vt 0.80814 0.087147
vt 0.814797 0.088352
vt 0.808395 0.102543
vt 0.814026 0.103578
vt 0.914157 0.080122
vt 0.92135 0.078246
vt 0.914157 0.081506
vt 0.921252 0.079651
vt 0.942373 0.364557
vt 0.935144 0.360704
vt 0.935807 0.359527
vt 0.942961 0.363274
vt 0.870525 0.175141
vt 0.878064 0.176119
vt 0.870781 0.176532
vt 0.87822 0.177488
vt 0.947717 0.330376
vt 0.956173 0.33361
vt 0.955606 0.334874
vt 0.947283 0.331572
vt 0.963747 0.30845
vt 0.954912 0.306636
vt 0.955315 0.305103
vt 0.964101 0.306615
vt 0.88014 0.179623
vt 0.887412 0.179903
vt 0.887559 0.181676
vt 0.880406 0.181417
vt 0.955276 0.266388
vt 0.965759 0.265846
vt 0.965844 0.26772
vt 0.955555 0.268182
vt 0.905877 0.084969
vt 0.912932 0.08357
vt 0.906005 0.086772
vt 0.912931 0.085337
vt 0.745189 0.200385
vt 0.753717 0.198251
vt 0.823966 0.186555
vt 0.83117 0.187684
vt 0.824333 0.202748
vt 0.830602 0.203747
vt 0.768188 0.231042
vt 0.759148 0.235661
vt 0.815787 0.090991
vt 0.822866 0.09054
vt 0.820773 0.106282
vt 0.814613 0.106643
vt 0.789554 0.326106
vt 0.79857 0.327605
vt 0.841897 0.180767
vt 0.849223 0.179167
vt 0.848058 0.191806
vt 0.841607 0.193217
vt 0.787933 0.357878
vt 0.780572 0.355063
vt 0.799714 0.081848
vt 0.80668 0.083522
vt 0.800826 0.094167
vt 0.806938 0.09561
vt 0.890146 0.098477
vt 0.897473 0.099811
vt 0.903039 0.19237
vt 0.895608 0.194016
vt 0.901359 0.104721
vt 0.907642 0.104828
vt 0.894812 0.199263
vt 0.888542 0.200263
vt 0.913103 0.101487
vt 0.907211 0.10273
vt 0.882904 0.197503
vt 0.888999 0.197681
vt 0.920414 0.092309
vt 0.914167 0.093947
vt 0.873121 0.18903
vt 0.87968 0.189836
vt 0.417365 0.405484
vt 0.40397 0.403795
vt 0.404509 0.399906
vt 0.417731 0.401571
vt 0.43088 0.406358
vt 0.431028 0.402432
vt 0.445072 0.406194
vt 0.444973 0.402272
vt 0.458561 0.4054
vt 0.458253 0.401488
vt 0.472031 0.40409
vt 0.471516 0.4002
vt 0.486019 0.402034
vt 0.485259 0.398181
vt 0.145823 0.486207
vt 0.129779 0.488916
vt 0.112823 0.49064
vt 0.094612 0.490964
vt 0.077691 0.490486
vt 0.060818 0.48925
vt 0.042883 0.487058
vt 0.410874 0.475134
vt 0.394378 0.473022
vt 0.395338 0.4661
vt 0.411523 0.468169
vt 0.428237 0.476246
vt 0.428501 0.469257
vt 0.446821 0.476004
vt 0.446646 0.469023
vt 0.464047 0.475028
vt 0.463498 0.468065
vt 0.481206 0.473319
vt 0.480287 0.466396
vt 0.499556 0.470591
vt 0.4982 0.463736
vt 0.148516 0.499925
vt 0.131697 0.502857
vt 0.147161 0.493022
vt 0.130747 0.495876
vt 0.113855 0.504679
vt 0.113342 0.49764
vt 0.09467 0.505006
vt 0.094643 0.497979
vt 0.076929 0.504455
vt 0.077312 0.497454
vt 0.059292 0.503107
vt 0.060066 0.496178
vt 0.040465 0.500767
vt 0.041657 0.493907
vt 0.056487 0.528077
vt 0.036165 0.525448
vt 0.075443 0.529722
vt 0.094678 0.53046
vt 0.115685 0.530152
vt 0.135133 0.528172
vt 0.153214 0.525006
vt 0.695814 0.171875
vt 0.655586 0.17387
vt 0.69526 0.14286
vt 0.654715 0.147242
vt 0.616972 0.175526
vt 0.615216 0.147242
vt 0.491201 0.351939
vt 0.496011 0.306222
vt 0.526509 0.313435
vt 0.525187 0.355501
vt 0.507951 0.265901
vt 0.534121 0.274939
vt 0.528477 0.224882
vt 0.551636 0.239662
vt 0.55419 0.193122
vt 0.577307 0.214882
vt 0.559862 0.244916
vt 0.582628 0.219704
vt 0.590676 0.229666
vt 0.568002 0.251928
vt 0.54274 0.278197
vt 0.555646 0.28288
vt 0.535874 0.315038
vt 0.549628 0.317387
vt 0.531495 0.355892
vt 0.540302 0.358226
vt 0.654563 0.143955
vt 0.614654 0.142219
vt 0.654557 0.136078
vt 0.614552 0.135001
vt 0.695326 0.136673
vt 0.694633 0.125713
vt 0.585042 0.268548
vt 0.578624 0.290327
vt 0.580727 0.321469
vt 0.545426 0.361865
vt 0.615144 0.12995
vt 0.687602 0.113565
vt 0.618401 0.121123
vt 0.592784 0.36499
vt 0.546103 0.373333
vt 0.605744 0.230016
vt 0.606187 0.258518
vt 0.633558 0.215317
vt 0.657736 0.23774
vt 0.628408 0.220012
vt 0.650187 0.243128
vt 0.677686 0.270265
vt 0.669842 0.27413
vt 0.689932 0.306064
vt 0.680758 0.309234
vt 0.69797 0.349141
vt 0.691453 0.350576
vt 0.602982 0.145642
vt 0.563753 0.147869
vt 0.603126 0.140551
vt 0.563762 0.144611
vt 0.522951 0.144926
vt 0.522608 0.13868
vt 0.620744 0.229764
vt 0.641907 0.250234
vt 0.627807 0.26781
vt 0.657859 0.279812
vt 0.636101 0.288874
vt 0.667382 0.313084
vt 0.636228 0.319901
vt 0.682338 0.354373
vt 0.677252 0.358774
vt 0.602651 0.133229
vt 0.563425 0.136814
vt 0.601617 0.128278
vt 0.522896 0.127479
vt 0.529659 0.114833
vt 0.597737 0.119801
vt 0.627172 0.365631
vt 0.677521 0.371103
vt 0.591756 0.293348
vt 0.594364 0.274278
vt 0.596755 0.324211
vt 0.603389 0.345758
vt 0.609634 0.360503
vt 0.597276 0.272261
vt 0.606386 0.265633
vt 0.623762 0.29262
vt 0.619432 0.273653
vt 0.620329 0.323536
vt 0.615031 0.346339
vt 0.619327 0.328098
vt 0.615879 0.271611
vt 0.564094 0.174389
vt 0.523915 0.173922
vt 0.60278 0.174207
vt 0.718586 0.294858
vt 0.731744 0.339461
vt 0.701067 0.25905
vt 0.679101 0.223141
vt 0.654368 0.194978
vt 0.563841 0.035412
vt 0.60197 0.058477
vt 0.596156 0.06374
vt 0.571758 0.049654
vt 0.603601 0.103724
vt 0.566061 0.125182
vt 0.57183 0.115157
vt 0.596259 0.101022
vt 0.533916 0.109405
vt 0.548772 0.106252
vt 0.52197 0.082193
vt 0.539402 0.082575
vt 0.531921 0.048459
vt 0.547935 0.059018
vt 0.614388 0.057146
vt 0.651619 0.033742
vt 0.620204 0.062233
vt 0.644064 0.047989
vt 0.65367 0.125005
vt 0.614574 0.106007
vt 0.647193 0.115219
vt 0.621748 0.10279
vt 0.684358 0.106752
vt 0.669407 0.104611
vt 0.694991 0.079266
vt 0.67755 0.08033
vt 0.683852 0.045679
vt 0.668131 0.056851
vt 0.453034 0.097951
vt 0.452557 0.104388
vt 0.434134 0.103723
vt 0.43451 0.097262
vt 0.413107 0.103699
vt 0.413465 0.097244
vt 0.369495 0.104385
vt 0.355913 0.105067
vt 0.369094 0.097935
vt 0.355639 0.0986
vt 0.337184 0.106
vt 0.336885 0.099536
vt 0.323618 0.106679
vt 0.323627 0.100186
vt 0.473569 0.106326
vt 0.473905 0.09986
vt 0.412931 0.266052
vt 0.416619 0.289335
vt 0.393871 0.267582
vt 0.394263 0.291421
vt 0.374014 0.292509
vt 0.373252 0.269583
vt 0.352941 0.269862
vt 0.353548 0.292846
vt 0.332717 0.291535
vt 0.334676 0.268565
vt 0.316804 0.265839
vt 0.312782 0.288692
vt 0.435996 0.264153
vt 0.436356 0.287082
vt 0.417164 0.296267
vt 0.41799 0.304499
vt 0.395579 0.306522
vt 0.394804 0.298271
vt 0.374789 0.307638
vt 0.374461 0.299457
vt 0.353634 0.307958
vt 0.353732 0.299784
vt 0.331165 0.306678
vt 0.331864 0.298464
vt 0.310313 0.303803
vt 0.311759 0.295657
vt 0.437276 0.293853
vt 0.438489 0.301773
vt 0.084583 0.279805
vt 0.087011 0.245893
vt 0.105054 0.246977
vt 0.10368 0.280859
vt 0.124487 0.247924
vt 0.12443 0.282339
vt 0.142184 0.24753
vt 0.144734 0.282285
vt 0.158995 0.246388
vt 0.163012 0.280647
vt 0.175154 0.243763
vt 0.180839 0.277552
vt 0.067444 0.244083
vt 0.061381 0.278438
vt 0.081536 0.303105
vt 0.103826 0.30469
vt 0.124049 0.305371
vt 0.144589 0.305265
vt 0.165406 0.303585
vt 0.185349 0.300314
vt 0.06181 0.301358
vt 0.081057 0.310084
vt 0.103459 0.311617
vt 0.102831 0.319887
vt 0.080503 0.318396
vt 0.123843 0.312296
vt 0.123647 0.320476
vt 0.144483 0.312208
vt 0.144747 0.320364
vt 0.166394 0.310468
vt 0.167268 0.318606
vt 0.186506 0.307232
vt 0.188109 0.315311
vt 0.061056 0.308112
vt 0.059983 0.316051
vt 0.446981 0.336546
vt 0.423249 0.341973
vt 0.327213 0.343244
vt 0.30235 0.339762
vt 0.351261 0.347854
vt 0.375971 0.35121
vt 0.400322 0.347622
vt 0.431915 0.137252
vt 0.413049 0.133143
vt 0.411949 0.130423
vt 0.432788 0.135171
vt 0.400768 0.190666
vt 0.380828 0.187819
vt 0.381438 0.184776
vt 0.40189 0.188016
vt 0.363104 0.187427
vt 0.362904 0.184174
vt 0.343269 0.189697
vt 0.342206 0.18685
vt 0.470537 0.135853
vt 0.450442 0.137641
vt 0.471919 0.133045
vt 0.45117 0.135316
vt 0.073781 0.106126
vt 0.095552 0.107009
vt 0.073749 0.13737
vt 0.095315 0.134459
vt 0.140642 0.108053
vt 0.154463 0.108144
vt 0.153891 0.121971
vt 0.14056 0.12349
vt 0.17313 0.108443
vt 0.173372 0.121972
vt 0.18628 0.108863
vt 0.186268 0.123163
vt 0.031198 0.107573
vt 0.053 0.106017
vt 0.054575 0.137252
vt 0.032985 0.134828
vt 0.393332 0.13567
vt 0.382347 0.136355
vt 0.383406 0.126331
vt 0.395819 0.103445
vt 0.395738 0.096998
vt 0.364483 0.135815
vt 0.363185 0.126002
vt 0.352696 0.134955
vt 0.297618 0.106752
vt 0.28038 0.106787
vt 0.279944 0.100319
vt 0.297581 0.100259
vt 0.118749 0.149411
vt 0.103243 0.149233
vt 0.119055 0.140214
vt 0.107551 0.138884
vt 0.131017 0.119391
vt 0.131236 0.107904
vt 0.137484 0.148612
vt 0.137184 0.139822
vt 0.194645 0.109032
vt 0.194776 0.119167
vt 0.151391 0.14754
vt 0.148195 0.138655
vt 0.381555 0.168283
vt 0.396308 0.169496
vt 0.363036 0.168045
vt 0.347143 0.168057
vt 0.11963 0.129357
vt 0.138453 0.130467
vt 0.314716 0.106801
vt 0.31464 0.100325
vt 0.363808 0.156729
vt 0.351 0.151176
vt 0.380868 0.157337
vt 0.393856 0.152383
vt 0.378628 0.103989
vt 0.378399 0.097543
vt 0.209912 0.109128
vt 0.224693 0.108972
vt 0.21007 0.123817
vt 0.22501 0.131759
vt 0.155895 0.191996
vt 0.135333 0.188748
vt 0.135459 0.172663
vt 0.151359 0.172964
vt 0.116819 0.189188
vt 0.116895 0.172688
vt 0.096367 0.192349
vt 0.102138 0.173853
vt 0.11307 0.124852
vt 0.113471 0.107471
vt 0.36407 0.145175
vt 0.34963 0.144301
vt 0.383011 0.145475
vt 0.397224 0.144944
vt 0.134842 0.161356
vt 0.147772 0.156027
vt 0.117742 0.161782
vt 0.104748 0.156717
vt 0.391632 0.219121
vt 0.371663 0.218979
vt 0.391217 0.200287
vt 0.371769 0.196443
vt 0.353114 0.218043
vt 0.353428 0.20577
vt 0.334953 0.218006
vt 0.335474 0.205721
vt 0.31726 0.217967
vt 0.318722 0.195029
vt 0.43088 0.216957
vt 0.410313 0.218249
vt 0.409155 0.199768
vt 0.427511 0.193934
vt 0.073807 0.139416
vt 0.09379 0.137136
vt 0.097473 0.195009
vt 0.117388 0.19224
vt 0.135074 0.192
vt 0.154794 0.194831
vt 0.054709 0.139371
vt 0.034542 0.137681
vt 0.391494 0.229552
vt 0.371391 0.229034
vt 0.37158 0.226148
vt 0.391878 0.226445
vt 0.352776 0.228227
vt 0.352918 0.225044
vt 0.335191 0.228626
vt 0.334875 0.225226
vt 0.318214 0.228051
vt 0.316502 0.224989
vt 0.430537 0.227024
vt 0.410416 0.228666
vt 0.432119 0.223893
vt 0.410556 0.22532
vt 0.105531 0.226035
vt 0.125482 0.225924
vt 0.105167 0.233341
vt 0.125581 0.233106
vt 0.143948 0.225069
vt 0.144343 0.232067
vt 0.16208 0.224676
vt 0.162404 0.2319
vt 0.179791 0.223788
vt 0.180818 0.230785
vt 0.066399 0.222308
vt 0.086837 0.224802
vt 0.086401 0.231864
vt 0.064802 0.229163
vt 0.106339 0.207186
vt 0.125536 0.203058
vt 0.143424 0.212712
vt 0.161236 0.212398
vt 0.176949 0.200642
vt 0.070622 0.19948
vt 0.088577 0.206265
vt 0.372468 0.235184
vt 0.391796 0.233858
vt 0.354785 0.235271
vt 0.337945 0.234265
vt 0.321733 0.23182
vt 0.429211 0.229953
vt 0.409752 0.232292
vt 0.105452 0.236445
vt 0.125695 0.235989
vt 0.14446 0.235236
vt 0.162218 0.235308
vt 0.179223 0.23392
vt 0.086357 0.235197
vt 0.066238 0.23237
vt 0.395749 0.12035
vt 0.378956 0.11508
vt 0.369991 0.119539
vt 0.356956 0.118792
vt 0.337335 0.119838
vt 0.324036 0.121525
vt 0.314828 0.117881
vt 0.297789 0.123665
vt 0.280816 0.133401
vt 0.073576 0.099151
vt 0.095445 0.100257
vt 0.113637 0.100792
vt 0.13138 0.101237
vt 0.140925 0.101425
vt 0.154602 0.101673
vt 0.173304 0.102106
vt 0.186322 0.102676
vt 0.194778 0.103145
vt 0.210011 0.103515
vt 0.2248 0.10351
vt 0.030857 0.100811
vt 0.052678 0.099041
vt 0.120096 0.093399
vt 0.110409 0.075005
vt 0.138448 0.093396
vt 0.148228 0.074986
vt 0.108928 0.057325
vt 0.149725 0.057523
vt 0.108586 0.040258
vt 0.151181 0.0405
vt 0.109894 0.031352
vt 0.148807 0.031594
vt 0.120047 0.022809
vt 0.138682 0.022925
vt 0.382054 0.023812
vt 0.391792 0.041699
vt 0.354278 0.041801
vt 0.364003 0.023675
vt 0.393403 0.058837
vt 0.352657 0.059204
vt 0.395138 0.075992
vt 0.352137 0.076415
vt 0.392857 0.085057
vt 0.353382 0.085489
vt 0.382636 0.093994
vt 0.363567 0.094264
vt 0.099126 0.36086
vt 0.076136 0.355795
vt 0.123473 0.363974
vt 0.14809 0.360178
vt 0.172017 0.3551
vt 0.19678 0.351192
vt 0.052277 0.35111
vt 0.739568 0.425738
vt 0.765776 0.424611
vt 0.766591 0.434956
vt 0.738385 0.435852
vt 0.707397 0.423707
vt 0.70782 0.43395
vt 0.692539 0.434539
vt 0.692719 0.423546
vt 0.69796 0.423861
vt 0.697969 0.434304
vt 0.674826 0.39513
vt 0.675365 0.405349
vt 0.649457 0.404607
vt 0.649629 0.394355
vt 0.529317 0.424409
vt 0.557851 0.424134
vt 0.53038 0.434647
vt 0.558531 0.434285
vt 0.589487 0.422545
vt 0.589122 0.432834
vt 0.657668 0.448924
vt 0.659928 0.448957
vt 0.647419 0.451819
vt 0.647421 0.452285
vt 0.614628 0.393718
vt 0.614282 0.404862
vt 0.607444 0.404245
vt 0.607661 0.393569
vt 0.135143 0.919732
vt 0.144089 0.920481
vt 0.141228 0.950349
vt 0.132732 0.949858
vt 0.152864 0.921489
vt 0.149686 0.951534
vt 0.159607 0.923065
vt 0.156075 0.952907
vt 0.094779 0.920432
vt 0.101458 0.920281
vt 0.102921 0.950366
vt 0.096474 0.950106
vt 0.111164 0.919104
vt 0.11135 0.950471
vt 0.120986 0.919997
vt 0.119826 0.950318
vt 0.128031 0.919952
vt 0.126275 0.950025
vt 0.115325 0.963336
vt 0.123434 0.96056
vt 0.131732 0.962713
vt 0.112863 0.969387
vt 0.115777 0.975235
vt 0.124074 0.977388
vt 0.132183 0.974613
vt 0.134646 0.96856
vt 0.13757 0.752542
vt 0.137184 0.743555
vt 0.15909 0.752587
vt 0.159076 0.743368
vt 0.178357 0.39582
vt 0.168792 0.395535
vt 0.168411 0.386662
vt 0.177284 0.388041
vt 0.1718 0.386939
vt 0.065205 0.563595
vt 0.092371 0.564216
vt 0.063726 0.571796
vt 0.094241 0.572461
vt 0.176002 0.561201
vt 0.206243 0.558761
vt 0.212274 0.567995
vt 0.17443 0.569541
vt 0.064357 0.74669
vt 0.063345 0.735879
vt 0.076847 0.747034
vt 0.076901 0.735271
vt 0.089341 0.746807
vt 0.090452 0.736003
vt 0.097045 0.746828
vt 0.097054 0.735717
vt 0.288554 0.568685
vt 0.318777 0.569989
vt 0.282871 0.578109
vt 0.320659 0.578319
vt 0.398408 0.569043
vt 0.425385 0.568316
vt 0.426831 0.576579
vt 0.396617 0.577374
vt 0.076567 0.805073
vt 0.090584 0.807534
vt 0.076447 0.827637
vt 0.090027 0.83094
vt 0.228323 0.458981
vt 0.239666 0.456409
vt 0.237969 0.480352
vt 0.226515 0.482586
vt 0.170023 0.484383
vt 0.169141 0.455234
vt 0.179785 0.485209
vt 0.17957 0.455835
vt 0.13435 0.840958
vt 0.137024 0.812088
vt 0.159191 0.840683
vt 0.159167 0.811629
vt 0.427446 0.633846
vt 0.394913 0.628545
vt 0.284326 0.640456
vt 0.321613 0.629786
vt 0.226749 0.393997
vt 0.238185 0.393383
vt 0.211763 0.631527
vt 0.174873 0.620347
vt 0.063534 0.628961
vt 0.096112 0.62325
vt 0.393648 0.63763
vt 0.415118 0.654086
vt 0.440634 0.657278
vt 0.450565 0.678038
vt 0.437344 0.682803
vt 0.454584 0.701202
vt 0.447526 0.703794
vt 0.324236 0.638441
vt 0.306066 0.654825
vt 0.272959 0.709227
vt 0.274667 0.683705
vt 0.280369 0.710703
vt 0.2889 0.687225
vt 0.280686 0.660964
vt 0.171948 0.628813
vt 0.189654 0.645543
vt 0.204628 0.678904
vt 0.214491 0.652881
vt 0.219008 0.676307
vt 0.219105 0.701965
vt 0.211636 0.702948
vt 0.097517 0.632284
vt 0.076274 0.648956
vt 0.038501 0.697296
vt 0.041559 0.673886
vt 0.045647 0.699643
vt 0.054902 0.678198
vt 0.050767 0.652717
vt 0.367821 0.66961
vt 0.386179 0.680988
vt 0.403956 0.704683
vt 0.412262 0.724275
vt 0.33859 0.678153
vt 0.35523 0.665419
vt 0.317808 0.723882
vt 0.32504 0.703165
vt 0.155665 0.666794
vt 0.139334 0.653558
vt 0.16745 0.692709
vt 0.173298 0.713907
vt 0.124569 0.663227
vt 0.10618 0.674865
vt 0.088954 0.698927
vt 0.081749 0.718825
vt 0.135683 0.877314
vt 0.126544 0.87127
vt 0.129789 0.865732
vt 0.159203 0.874663
vt 0.159201 0.864503
vt 0.176042 0.516699
vt 0.172598 0.510053
vt 0.183791 0.510917
vt 0.196816 0.533399
vt 0.186531 0.53743
vt 0.206198 0.532007
vt 0.220258 0.507873
vt 0.215611 0.537852
vt 0.227557 0.517695
vt 0.232312 0.505188
vt 0.100185 0.87715
vt 0.076213 0.866762
vt 0.076313 0.850629
vt 0.106687 0.871532
vt 0.10389 0.858999
vt 0.113365 0.893146
vt 0.106294 0.895445
vt 0.118777 0.892259
vt 0.126038 0.893984
vt 0.159205 0.888238
vt 0.145527 0.890289
vt 0.182733 0.877308
vt 0.172883 0.890291
vt 0.19238 0.893995
vt 0.179155 0.89606
vt 0.045767 0.89505
vt 0.052117 0.876843
vt 0.061174 0.891209
vt 0.057559 0.899624
vt 0.076114 0.882242
vt 0.090938 0.8914
vt 0.094439 0.899863
vt 0.139255 0.896053
vt 0.100071 0.833589
vt 0.147163 0.895029
vt 0.159204 0.893417
vt 0.159204 0.896336
vt 0.150195 0.897909
vt 0.171246 0.895031
vt 0.168213 0.89791
vt 0.176754 0.899661
vt 0.173612 0.902065
vt 0.061565 0.901714
vt 0.064606 0.893792
vt 0.065522 0.902182
vt 0.067891 0.896604
vt 0.027067 0.978094
vt 0.045169 0.978731
vt 0.030272 0.98207
vt 0.043479 0.982567
vt 0.05726 0.976856
vt 0.075467 0.977114
vt 0.072066 0.980868
vt 0.05865 0.980879
vt 0.087472 0.893935
vt 0.090404 0.901898
vt 0.086441 0.902311
vt 0.08415 0.896703
vt 0.141654 0.899655
vt 0.144794 0.90206
vt 0.367787 0.679977
vt 0.386079 0.689896
vt 0.399723 0.705615
vt 0.408421 0.723901
vt 0.340293 0.686358
vt 0.358439 0.675211
vt 0.321594 0.72312
vt 0.329477 0.704565
vt 0.153507 0.674961
vt 0.135848 0.66318
vt 0.162936 0.693866
vt 0.169581 0.712888
vt 0.124549 0.67358
vt 0.106565 0.683706
vt 0.085562 0.718269
vt 0.093263 0.699659
vt 0.738882 0.42367
vt 0.764606 0.422555
vt 0.765668 0.437136
vt 0.738411 0.437935
vt 0.70849 0.421645
vt 0.70778 0.437457
vt 0.692528 0.420497
vt 0.697853 0.421079
vt 0.634317 0.436974
vt 0.633155 0.434364
vt 0.647468 0.433026
vt 0.647479 0.429647
vt 0.67468 0.407577
vt 0.649457 0.407082
vt 0.649501 0.392695
vt 0.670719 0.392991
vt 0.674165 0.393039
vt 0.530371 0.422308
vt 0.557174 0.422085
vt 0.558721 0.436362
vt 0.531448 0.436737
vt 0.588322 0.42053
vt 0.589116 0.436337
vt 0.660262 0.451185
vt 0.661718 0.454564
vt 0.647494 0.455388
vt 0.647575 0.458462
vt 0.627013 0.433616
vt 0.62616 0.436498
vt 0.620053 0.436194
vt 0.610895 0.435738
vt 0.610533 0.433369
vt 0.615777 0.40759
vt 0.607502 0.407003
vt 0.608164 0.390822
vt 0.614986 0.391101
vt 0.610802 0.423195
vt 0.62784 0.423427
vt 0.611193 0.420708
vt 0.626516 0.419719
vt 0.637197 0.449068
vt 0.634956 0.449142
vt 0.634724 0.438806
vt 0.637205 0.439412
vt 0.633201 0.454749
vt 0.634656 0.451391
vt 0.64748 0.436634
vt 0.647478 0.43574
vt 0.66025 0.438707
vt 0.657767 0.439328
vt 0.647569 0.425055
vt 0.637457 0.424184
vt 0.647793 0.416167
vt 0.637638 0.415692
vt 0.658108 0.416148
vt 0.657902 0.424756
vt 0.661153 0.449785
vt 0.663182 0.453707
vt 0.609696 0.359858
vt 0.613375 0.346137
vt 0.647466 0.453954
vt 0.659146 0.4504
vt 0.605208 0.345512
vt 0.631735 0.453888
vt 0.633715 0.449968
vt 0.63571 0.450562
vt 0.661697 0.434227
vt 0.660623 0.436848
vt 0.697678 0.437027
vt 0.692581 0.437528
vt 0.062529 0.807393
vt 0.062835 0.830787
vt 0.0986 0.809026
vt 0.225727 0.382382
vt 0.228177 0.382582
vt 0.237342 0.382377
vt 0.633593 0.437836
vt 0.632215 0.434891
vt 0.076907 0.73387
vt 0.090563 0.734835
vt 0.635305 0.437816
vt 0.647477 0.434445
vt 0.063244 0.73471
vt 0.662659 0.434707
vt 0.661405 0.437724
vt 0.659731 0.437746
vt 0.647399 0.450436
vt 0.656576 0.447907
vt 0.638425 0.440376
vt 0.638288 0.448044
vt 0.647492 0.438022
vt 0.656544 0.44029
vt 0.602704 0.434096
vt 0.602632 0.437071
vt 0.597611 0.436465
vt 0.597366 0.433751
vt 0.59751 0.423377
vt 0.602693 0.42308
vt 0.597619 0.420618
vt 0.602974 0.420076
vt 0.683976 0.433645
vt 0.683671 0.436017
vt 0.674527 0.436683
vt 0.668432 0.437127
vt 0.667512 0.43427
vt 0.66646 0.424096
vt 0.683492 0.423475
vt 0.6677 0.420358
vt 0.683045 0.420995
vt 0.624339 0.394209
vt 0.625029 0.392153
vt 0.628472 0.392232
vt 0.623764 0.404498
vt 0.625338 0.406723
vt 0.689936 0.406037
vt 0.690031 0.408732
vt 0.682746 0.405818
vt 0.683422 0.408561
vt 0.682858 0.395195
vt 0.689847 0.395321
vt 0.691341 0.435597
vt 0.691005 0.422603
vt 0.69952 0.4225
vt 0.698986 0.43557
vt 0.690912 0.419902
vt 0.597943 0.328538
vt 0.599841 0.328384
vt 0.598358 0.323516
vt 0.699189 0.420032
vt 0.314654 0.37928
vt 0.313648 0.379304
vt 0.314728 0.378908
vt 0.313815 0.37904
vt 0.691396 0.438147
vt 0.69846 0.439278
vt 0.603871 0.43516
vt 0.603803 0.437688
vt 0.228536 0.38037
vt 0.226051 0.379433
vt 0.225854 0.377054
vt 0.228865 0.379303
vt 0.596834 0.438702
vt 0.596342 0.434989
vt 0.604414 0.422234
vt 0.595968 0.422046
vt 0.59789 0.418768
vt 0.602264 0.418328
vt 0.60461 0.419574
vt 0.596274 0.419606
vt 0.683334 0.392426
vt 0.69061 0.39263
vt 0.61595 0.392434
vt 0.616239 0.405051
vt 0.605933 0.405364
vt 0.606637 0.392176
vt 0.617573 0.40762
vt 0.615486 0.27243
vt 0.619338 0.274539
vt 0.606068 0.407836
vt 0.178593 0.386076
vt 0.172185 0.384739
vt 0.173061 0.38355
vt 0.179042 0.384747
vt 0.616225 0.390174
vt 0.607143 0.389751
vt 0.69114 0.407355
vt 0.691262 0.409659
vt 0.368881 0.386557
vt 0.36194 0.386715
vt 0.368155 0.385286
vt 0.362279 0.385319
vt 0.682377 0.409604
vt 0.681773 0.407172
vt 0.69153 0.39473
vt 0.681599 0.394186
vt 0.59792 0.272961
vt 0.594772 0.275287
vt 0.692176 0.392363
vt 0.682026 0.391725
vt 0.054502 0.808806
vt 0.056654 0.746637
vt 0.052769 0.833318
vt 0.302196 0.455304
vt 0.303605 0.392263
vt 0.315061 0.392815
vt 0.313543 0.458
vt 0.30353 0.479211
vt 0.314927 0.481782
vt 0.056749 0.735533
vt 0.304329 0.381235
vt 0.315959 0.381169
vt 0.313508 0.381381
vt 0.048645 0.858658
vt 0.045691 0.871145
vt 0.038729 0.892658
vt 0.191881 0.87126
vt 0.199648 0.892273
vt 0.188628 0.865714
vt 0.184041 0.840925
vt 0.181315 0.812039
vt 0.18061 0.752478
vt 0.180971 0.743499
vt 0.308089 0.504193
vt 0.319991 0.507475
vt 0.312161 0.516933
vt 0.332663 0.532442
vt 0.322929 0.537769
vt 0.341742 0.532203
vt 0.356487 0.510775
vt 0.363859 0.516987
vt 0.351726 0.536973
vt 0.367766 0.510539
vt 0.361677 0.48551
vt 0.371503 0.484909
vt 0.362016 0.456524
vt 0.372505 0.455935
vt 0.362853 0.397617
vt 0.372458 0.397424
vt 0.362372 0.389039
vt 0.368428 0.388785
vt 0.371859 0.388641
vt 0.166544 0.395245
vt 0.166126 0.386747
vt 0.168721 0.384392
vt 0.180653 0.395211
vt 0.241903 0.456826
vt 0.240254 0.480354
vt 0.224257 0.482236
vt 0.226051 0.459072
vt 0.167774 0.484174
vt 0.166869 0.455171
vt 0.181834 0.455758
vt 0.181989 0.484725
vt 0.24025 0.394031
vt 0.241917 0.456078
vt 0.226059 0.458763
vt 0.22472 0.394749
vt 0.166887 0.455424
vt 0.166555 0.395856
vt 0.1806 0.396098
vt 0.181828 0.455942
vt 0.173917 0.517081
vt 0.170913 0.511489
vt 0.185723 0.510892
vt 0.198271 0.531753
vt 0.184387 0.537908
vt 0.174544 0.518252
vt 0.204736 0.53036
vt 0.218186 0.507557
vt 0.229031 0.519331
vt 0.217721 0.538486
vt 0.234252 0.506329
vt 0.229744 0.517955
vt 0.170403 0.509794
vt 0.167819 0.484914
vt 0.182045 0.485373
vt 0.185264 0.509669
vt 0.218564 0.50664
vt 0.224255 0.482248
vt 0.240162 0.480995
vt 0.234561 0.505297
vt 0.225959 0.381633
vt 0.23735 0.380147
vt 0.239633 0.382347
vt 0.24022 0.392646
vt 0.224681 0.393359
vt 0.223437 0.382462
vt 0.299939 0.454982
vt 0.301535 0.392909
vt 0.317092 0.393571
vt 0.315809 0.45777
vt 0.301241 0.479211
vt 0.299941 0.455648
vt 0.315812 0.45818
vt 0.317191 0.481444
vt 0.301558 0.391551
vt 0.302034 0.381232
vt 0.304422 0.378939
vt 0.315039 0.380619
vt 0.318253 0.381227
vt 0.317126 0.392154
vt 0.305833 0.504243
vt 0.301299 0.479725
vt 0.317208 0.481587
vt 0.321734 0.506302
vt 0.30996 0.517091
vt 0.306082 0.50522
vt 0.322082 0.507286
vt 0.334218 0.530877
vt 0.320784 0.538284
vt 0.310589 0.51848
vt 0.340411 0.530449
vt 0.354563 0.510589
vt 0.365211 0.518675
vt 0.353836 0.537601
vt 0.369347 0.512095
vt 0.365966 0.51748
vt 0.373694 0.485497
vt 0.369976 0.510331
vt 0.35505 0.509481
vt 0.359408 0.485465
vt 0.374784 0.455796
vt 0.373765 0.484718
vt 0.359444 0.485119
vt 0.359745 0.45633
vt 0.374723 0.397663
vt 0.374778 0.456137
vt 0.359741 0.456682
vt 0.360588 0.397834
vt 0.37235 0.387037
vt 0.371942 0.38935
vt 0.37414 0.388435
vt 0.37469 0.39698
vt 0.360577 0.39756
vt 0.36009 0.389231
vt 0.135188 0.916794
vt 0.144432 0.91748
vt 0.153419 0.918625
vt 0.160619 0.920346
vt 0.061994 0.89292
vt 0.099267 0.918019
vt 0.094107 0.918403
vt 0.076576 0.883937
vt 0.111413 0.916904
vt 0.090095 0.893099
vt 0.07563 0.88393
vt 0.110804 0.916873
vt 0.123008 0.917583
vt 0.128045 0.917301
vt 0.058817 0.968566
vt 0.056796 0.96625
vt 0.061856 0.960981
vt 0.059601 0.958702
vt 0.044197 0.970465
vt 0.046654 0.9686
vt 0.048624 0.974548
vt 0.046447 0.976443
vt 0.072037 0.933824
vt 0.060178 0.933597
vt 0.069451 0.926284
vt 0.063522 0.926167
vt 0.072851 0.96563
vt 0.071014 0.968207
vt 0.069771 0.958344
vt 0.067933 0.960882
vt 0.064681 0.952241
vt 0.045967 0.933486
vt 0.050511 0.942479
vt 0.032974 0.941814
vt 0.034109 0.933718
vt 0.031751 0.93952
vt 0.032463 0.970216
vt 0.027851 0.974225
vt 0.031225 0.968472
vt 0.034763 0.962954
vt 0.041193 0.96248
vt 0.056121 0.974502
vt 0.036742 0.952595
vt 0.039027 0.949378
vt 0.043305 0.959309
vt 0.04262 0.926058
vt 0.036692 0.926177
vt 0.039082 0.917535
vt 0.03233 0.960104
vt 0.034271 0.949628
vt 0.054013 0.972497
vt 0.056407 0.966567
vt 0.074397 0.939626
vt 0.073176 0.94192
vt 0.055637 0.942592
vt 0.077469 0.974597
vt 0.072975 0.965734
vt 0.030463 0.967948
vt 0.032709 0.96068
vt 0.043585 0.960217
vt 0.046348 0.968075
vt 0.069618 0.958029
vt 0.066302 0.949432
vt 0.067057 0.917641
vt 0.059834 0.958534
vt 0.062379 0.949822
usemtl standardSurface5SG
f 1/1/1 2/2/1 3/3/2
f 1/1/1 3/3/2 4/4/2
f 2/2/3 5/5/4 6/6/5
f 2/2/3 6/6/5 3/3/5
f 5/5/6 7/7/7 6/6/8
f 7/7/7 8/8/8 6/6/8
f 9/9/9 1/1/10 10/10/11
f 1/1/10 4/4/11 10/10/11
f 7/7/12 11/11/13 12/12/14
f 7/7/12 12/12/14 8/8/14
f 11/11/15 9/13/16 10/14/17
f 11/11/15 10/14/17 12/12/17
f 13/15/18 14/16/18 15/17/19
f 13/15/18 15/17/19 16/18/20
f 17/19/21 13/15/21 18/20/22
f 13/15/21 16/18/23 18/20/22
f 19/21/24 17/19/24 20/22/25
f 17/19/24 18/20/26 20/22/25
f 21/23/27 19/21/27 20/22/28
f 21/23/27 20/22/28 22/24/29
f 23/25/30 21/23/30 24/26/31
f 21/23/30 22/24/32 24/26/31
f 14/27/33 23/25/33 15/28/34
f 23/25/33 24/26/35 15/28/34
f 25/29/36 26/30/36 27/31/37
f 26/30/36 28/32/37 27/31/37
f 26/33/38 29/34/38 30/35/38
f 26/33/38 30/35/38 28/36/38
f 29/37/39 31/38/39 32/39/39
f 29/37/39 32/39/39 30/40/39
f 33/41/40 25/29/40 27/31/40
f 33/41/40 27/31/40 34/42/40
f 31/38/41 35/43/41 32/39/41
f 35/43/41 36/44/41 32/39/41
f 35/45/42 33/46/42 34/47/42
f 35/45/42 34/47/42 36/48/42
f 4/49/43 3/50/43 37/51/43
f 3/50/43 38/52/43 37/51/43
f 3/53/44 6/54/44 38/55/44
f 6/54/44 39/56/44 38/55/44
f 6/57/45 8/58/45 40/59/45
f 6/57/45 40/59/45 39/60/45
f 10/61/46 4/49/46 37/51/47
f 10/61/46 37/51/47 41/62/47
f 8/58/48 12/63/48 40/59/48
f 12/63/48 42/64/48 40/59/48
f 12/65/49 10/66/49 41/67/49
f 12/65/49 41/67/49 42/68/49
f 27/31/50 28/32/50 43/69/50
f 27/31/50 43/69/50 44/70/50
f 28/36/51 30/35/51 45/71/51
f 28/36/51 45/71/51 43/72/51
f 30/40/52 32/39/52 45/73/52
f 32/39/52 46/74/52 45/73/52
f 34/42/53 27/31/54 47/75/55
f 27/31/54 44/70/54 47/75/55
f 32/39/56 36/44/57 48/76/58
f 32/39/56 48/76/58 46/74/56
f 49/77/59 50/78/59 51/79/59
f 50/78/59 52/80/59 51/79/59
f 37/51/60 38/52/61 53/81/62
f 37/51/60 53/81/62 54/82/63
f 55/83/64 56/84/64 57/85/64
f 55/83/64 57/85/64 58/86/64
f 39/60/65 40/59/66 59/87/67
f 40/59/66 60/88/66 59/87/67
f 41/62/68 37/51/68 61/89/68
f 37/51/68 54/82/68 61/89/68
f 40/59/69 42/64/69 62/90/69
f 40/59/69 62/90/69 60/88/69
f 42/68/51 41/67/51 61/91/51
f 42/68/51 61/91/51 62/92/51
f 44/70/70 63/93/71 64/94/72
f 43/72/51 45/71/51 65/95/51
f 43/72/51 65/95/51 66/96/51
f 45/73/73 46/74/74 65/97/73
f 46/74/74 67/98/75 65/97/73
f 47/75/76 44/70/77 68/99/76
f 44/70/77 69/100/78 68/99/76
f 46/74/79 70/101/80 71/102/81
f 48/103/82 47/104/82 72/105/82
f 47/104/82 68/106/82 72/105/82
f 54/82/83 73/107/84 74/108/85
f 53/109/86 59/110/86 75/111/86
f 53/109/86 75/111/86 76/112/86
f 59/87/87 60/88/88 75/113/87
f 60/88/88 77/114/89 75/113/87
f 61/89/90 54/82/91 78/115/90
f 54/82/91 79/116/92 78/115/90
f 60/88/93 80/117/94 81/118/95
f 62/92/51 61/91/51 78/119/51
f 62/92/51 78/119/51 82/120/51
f 36/48/96 34/47/96 83/121/97
f 36/48/96 83/121/97 84/122/98
f 34/42/53 47/75/55 85/123/99
f 34/42/53 85/123/99 83/124/100
f 47/104/101 48/103/101 85/125/102
f 48/103/101 86/126/103 85/125/102
f 48/76/58 36/44/57 86/127/104
f 36/44/57 84/128/105 86/127/104
f 87/129/106 88/130/107 55/83/108
f 88/130/107 56/84/108 55/83/108
f 88/131/109 89/132/110 57/133/111
f 88/131/109 57/133/111 56/134/111
f 89/135/112 90/136/113 58/86/114
f 89/135/112 58/86/114 57/85/114
f 90/137/115 87/138/116 58/139/117
f 87/138/116 55/140/117 58/139/117
f 84/122/98 83/121/97 91/141/118
f 84/122/98 91/141/118 92/142/119
f 86/127/104 84/128/105 92/143/120
f 86/127/104 92/143/120 93/144/121
f 85/125/102 86/126/103 94/145/122
f 86/126/103 93/146/123 94/145/122
f 83/124/100 85/123/99 94/147/124
f 83/124/100 94/147/124 91/148/125
f 38/55/126 39/56/126 95/149/127
f 39/56/126 96/150/128 95/149/127
f 39/60/65 59/87/67 97/151/129
f 39/60/65 97/151/129 96/152/130
f 59/110/131 53/109/131 98/153/132
f 59/110/131 98/153/132 97/154/133
f 53/81/62 38/52/61 98/155/134
f 38/52/61 95/156/135 98/155/134
f 92/142/119 91/141/118 50/78/136
f 92/142/119 50/78/136 49/77/136
f 93/144/121 92/143/120 51/157/137
f 92/143/120 49/158/137 51/157/137
f 94/145/122 93/146/123 52/80/138
f 93/146/123 51/79/138 52/80/138
f 91/148/125 94/147/124 52/159/139
f 91/148/125 52/159/139 50/160/139
f 95/149/127 96/150/128 87/129/106
f 96/150/128 88/130/107 87/129/106
f 96/152/130 97/151/129 88/131/109
f 97/151/129 89/132/110 88/131/109
f 97/154/133 98/153/132 90/136/113
f 97/154/133 90/136/113 89/135/112
f 98/155/134 95/156/135 90/137/115
f 95/156/135 87/138/116 90/137/115
f 46/74/79 48/76/140 72/161/140
f 46/74/79 72/161/140 70/101/80
f 77/114/89 60/88/88 81/118/141
f 67/98/75 46/74/74 71/102/142
f 60/88/93 62/90/143 82/162/143
f 60/88/93 82/162/143 80/117/94
f 69/100/78 44/70/77 64/94/144
f 54/82/83 53/81/145 76/163/145
f 54/82/83 76/163/145 73/107/84
f 44/70/70 43/69/146 66/164/146
f 44/70/70 66/164/146 63/93/71
f 79/116/92 54/82/91 74/108/147
f 99/165/148 100/166/148 101/167/148
f 99/165/148 101/167/148 102/168/148
f 103/169/149 104/170/149 105/171/149
f 103/169/149 105/171/149 106/172/149
f 107/173/150 108/174/150 109/175/150
f 107/173/150 109/175/150 110/176/150
f 111/177/151 112/178/151 113/179/151
f 111/177/151 113/179/151 114/180/151
f 115/181/152 116/182/152 117/183/152
f 115/181/152 117/183/152 118/184/152
f 119/185/153 120/186/153 121/187/153
f 119/185/153 121/187/153 122/188/153
f 123/189/154 124/190/154 125/191/154
f 123/189/154 125/191/154 126/192/154
f 127/193/155 128/194/155 129/195/155
f 127/193/155 129/195/155 130/196/155
f 73/107/156 76/163/156 131/197/156
f 76/163/156 132/198/156 131/197/156
f 76/112/157 75/111/157 133/199/157
f 76/112/157 133/199/157 132/200/157
f 75/113/158 77/114/158 133/201/158
f 77/114/158 134/202/158 133/201/158
f 77/203/157 73/204/157 131/205/157
f 77/203/157 131/205/157 134/206/157
f 69/207/159 70/208/159 135/209/159
f 69/207/159 135/209/159 136/210/159
f 70/101/160 72/161/160 137/211/160
f 70/101/160 137/211/160 135/212/160
f 72/105/161 68/106/161 138/213/161
f 72/105/161 138/213/161 137/214/161
f 68/99/162 69/100/162 136/215/162
f 68/99/162 136/215/162 138/216/162
f 64/217/163 71/218/163 139/219/163
f 64/217/163 139/219/163 140/220/163
f 71/102/164 70/101/164 141/221/164
f 71/102/164 141/221/164 139/222/164
f 70/208/163 69/207/163 142/223/163
f 70/208/163 142/223/163 141/224/163
f 69/100/165 64/94/165 140/225/165
f 69/100/165 140/225/165 142/226/165
f 73/204/166 77/203/166 143/227/166
f 73/204/166 143/227/166 144/228/166
f 77/114/167 81/118/167 143/229/167
f 81/118/167 145/230/167 143/229/167
f 81/231/168 74/232/168 146/233/168
f 81/231/168 146/233/168 145/234/168
f 74/108/169 73/107/169 146/235/169
f 73/107/169 144/236/169 146/235/169
f 74/232/170 81/231/170 147/237/170
f 74/232/170 147/237/170 148/238/170
f 81/118/171 80/117/171 149/239/171
f 81/118/171 149/239/171 147/240/171
f 80/241/172 79/242/172 150/243/172
f 80/241/172 150/243/172 149/244/172
f 79/116/173 74/108/173 148/245/173
f 79/116/173 148/245/173 150/246/173
f 63/247/174 67/248/174 151/249/174
f 63/247/174 151/249/174 152/250/174
f 67/98/175 71/102/175 151/251/175
f 71/102/175 153/252/175 151/251/175
f 71/218/176 64/217/176 154/253/177
f 71/218/176 154/253/177 153/254/176
f 64/94/178 63/93/178 154/255/178
f 63/93/178 152/256/178 154/255/178
f 63/93/179 66/164/179 155/257/179
f 66/164/179 156/258/179 155/257/179
f 66/96/180 65/95/180 157/259/180
f 66/96/180 157/259/180 156/260/180
f 65/97/181 67/98/181 157/261/181
f 67/98/181 158/262/181 157/261/181
f 67/248/182 63/247/182 155/263/182
f 67/248/182 155/263/182 158/264/182
f 79/242/183 80/241/183 159/265/183
f 79/242/183 159/265/183 160/266/183
f 80/117/184 82/162/185 161/267/184
f 80/117/184 161/267/184 159/268/184
f 82/120/186 78/119/186 162/269/186
f 82/120/186 162/269/186 161/270/186
f 78/115/187 79/116/187 160/271/187
f 78/115/187 160/271/187 162/272/187
f 140/220/188 139/219/188 163/273/188
f 140/220/188 163/273/188 164/274/188
f 139/222/189 141/221/189 163/275/189
f 141/221/189 165/276/189 163/275/189
f 141/224/190 142/223/190 166/277/190
f 141/224/190 166/277/190 165/278/190
f 142/226/191 140/225/191 164/279/191
f 142/226/191 164/279/191 166/280/191
f 167/281/192 168/282/192 169/283/192
f 168/282/192 170/284/192 169/283/192
f 168/285/193 171/286/193 172/287/194
f 168/285/193 172/287/194 170/288/194
f 171/289/195 173/290/196 174/291/197
f 171/289/195 174/291/197 172/292/197
f 173/293/198 167/294/198 169/295/199
f 173/293/198 169/295/199 174/296/199
f 136/210/200 135/209/200 175/297/200
f 136/210/200 175/297/200 176/298/200
f 135/212/201 137/211/202 177/299/202
f 135/212/201 177/299/202 175/300/202
f 137/214/203 138/213/203 178/301/203
f 137/214/203 178/301/203 177/302/203
f 138/216/204 136/215/204 178/303/204
f 136/215/204 176/304/204 178/303/204
f 179/305/205 180/306/205 181/307/205
f 179/305/205 181/307/205 182/308/205
f 180/309/206 183/310/206 184/311/207
f 180/309/206 184/311/207 181/312/207
f 183/313/208 185/314/208 186/315/208
f 183/313/208 186/315/208 184/316/208
f 185/317/209 179/318/209 186/319/210
f 179/318/209 182/320/210 186/319/210
f 155/257/211 156/258/211 187/321/211
f 155/257/211 187/321/211 188/322/211
f 156/260/212 157/259/212 189/323/212
f 156/260/212 189/323/212 187/324/212
f 157/261/213 158/262/213 189/325/213
f 158/262/213 190/326/213 189/325/213
f 158/264/214 155/263/214 188/327/214
f 158/264/214 188/327/214 190/328/214
f 152/250/215 151/249/215 191/329/215
f 152/250/215 191/329/215 192/330/215
f 151/251/216 153/252/216 193/331/216
f 151/251/216 193/331/216 191/332/216
f 153/254/217 154/253/217 194/333/217
f 153/254/217 194/333/217 193/334/217
f 154/255/218 152/256/219 194/335/220
f 152/256/219 192/336/221 194/335/220
f 195/337/222 196/338/222 197/339/222
f 195/337/222 197/339/222 198/340/222
f 196/341/223 199/342/223 197/343/224
f 199/342/223 200/344/224 197/343/224
f 199/345/225 201/346/225 202/347/225
f 199/345/225 202/347/225 200/348/225
f 201/349/226 195/350/226 198/351/226
f 201/349/226 198/351/226 202/352/227
f 203/353/228 204/354/228 205/355/229
f 203/353/228 205/355/229 206/356/229
f 204/357/230 207/358/230 205/359/231
f 207/358/230 208/360/231 205/359/231
f 207/361/232 209/362/232 210/363/233
f 207/361/232 210/363/233 208/364/233
f 209/365/234 203/366/234 206/367/234
f 209/365/234 206/367/234 210/368/234
f 211/369/235 212/370/235 213/371/235
f 211/369/235 213/371/235 214/372/235
f 212/373/236 215/374/236 213/375/237
f 215/374/236 216/376/237 213/375/237
f 215/377/238 217/378/238 218/379/238
f 215/377/238 218/379/238 216/380/238
f 217/381/239 211/382/239 214/383/240
f 217/381/239 214/383/240 218/384/240
f 219/385/241 220/386/242 104/387/241
f 219/385/241 104/387/241 103/388/241
f 220/389/243 221/390/243 105/171/243
f 220/389/243 105/171/243 104/170/243
f 221/391/244 222/392/244 105/393/244
f 222/392/244 106/394/244 105/393/244
f 222/395/245 219/396/245 103/169/245
f 222/395/245 103/169/245 106/172/245
f 223/397/246 224/398/246 225/399/247
f 223/397/246 225/399/247 226/400/247
f 224/401/248 227/402/248 225/403/249
f 227/402/248 228/404/249 225/403/249
f 227/405/250 229/406/250 230/407/250
f 227/405/250 230/407/250 228/408/250
f 229/409/251 223/410/251 226/411/251
f 229/409/251 226/411/251 230/412/251
f 231/413/252 232/414/252 112/178/252
f 231/413/252 112/178/252 111/177/252
f 232/415/253 233/416/253 113/417/253
f 232/415/253 113/417/253 112/418/253
f 233/419/254 234/420/254 114/180/254
f 233/419/254 114/180/254 113/179/254
f 234/421/255 231/422/255 114/423/255
f 231/422/255 111/424/255 114/423/255
f 235/425/256 236/426/256 237/427/257
f 236/426/256 238/428/257 237/427/257
f 236/429/258 239/430/258 240/431/259
f 236/429/258 240/431/259 238/432/259
f 239/433/260 241/434/260 240/435/261
f 241/434/260 242/436/261 240/435/261
f 241/437/262 235/438/262 237/439/262
f 241/437/262 237/439/262 242/440/262
f 243/441/263 244/442/263 245/443/263
f 243/441/263 245/443/263 246/444/263
f 244/445/264 247/446/264 248/447/265
f 244/445/264 248/447/265 245/448/265
f 247/449/266 249/450/266 250/451/267
f 247/449/266 250/451/267 248/452/267
f 249/453/268 243/454/268 250/455/269
f 243/454/268 246/456/269 250/455/269
f 251/457/270 252/458/270 124/190/270
f 251/457/270 124/190/270 123/189/270
f 252/459/271 253/460/271 124/461/271
f 253/460/271 125/462/271 124/461/271
f 253/463/272 254/464/272 126/192/272
f 253/463/272 126/192/272 125/191/272
f 254/465/273 251/466/273 123/467/273
f 254/465/273 123/467/273 126/468/273
f 255/469/274 256/470/274 128/194/275
f 255/469/274 128/194/275 127/193/275
f 256/471/276 257/472/276 129/473/276
f 256/471/276 129/473/276 128/474/276
f 257/475/277 258/476/277 130/196/277
f 257/475/277 130/196/277 129/195/277
f 258/477/278 255/478/278 130/479/278
f 255/478/278 127/480/278 130/479/278
f 176/298/200 175/297/200 224/398/279
f 176/298/200 224/398/279 223/397/279
f 178/303/204 176/304/204 223/410/204
f 178/303/204 223/410/204 229/409/204
f 177/302/203 178/301/203 229/406/280
f 177/302/203 229/406/280 227/405/280
f 175/300/202 177/299/202 224/401/281
f 177/299/202 227/402/281 224/401/281
f 134/206/198 131/205/198 167/294/198
f 134/206/198 167/294/198 173/293/198
f 131/197/192 132/198/192 168/282/192
f 131/197/192 168/282/192 167/281/192
f 132/200/193 133/199/193 171/286/193
f 132/200/193 171/286/193 168/285/193
f 133/201/195 134/202/195 171/289/195
f 134/202/195 173/290/196 171/289/195
f 226/400/247 225/399/247 108/174/247
f 226/400/247 108/174/247 107/173/247
f 230/412/251 226/411/251 110/481/251
f 226/411/251 107/482/251 110/481/251
f 228/408/250 230/407/250 110/176/250
f 228/408/250 110/176/250 109/175/250
f 225/403/249 228/404/249 109/483/282
f 225/403/249 109/483/282 108/484/282
f 174/296/283 169/295/283 219/396/245
f 174/296/283 219/396/245 222/395/245
f 169/283/284 170/284/284 219/385/241
f 170/284/284 220/386/242 219/385/241
f 170/288/243 172/287/243 221/390/243
f 170/288/243 221/390/243 220/389/243
f 172/292/285 174/291/285 222/392/244
f 172/292/285 222/392/244 221/391/244
f 166/280/191 164/279/191 217/381/191
f 164/279/191 211/382/191 217/381/191
f 165/278/190 166/277/190 217/378/190
f 165/278/190 217/378/190 215/377/190
f 163/275/189 165/276/189 215/374/286
f 163/275/189 215/374/286 212/373/286
f 164/274/188 163/273/188 212/370/188
f 164/274/188 212/370/188 211/369/188
f 146/235/226 144/236/226 201/349/226
f 144/236/226 195/350/226 201/349/226
f 144/228/222 143/227/222 196/338/222
f 144/228/222 196/338/222 195/337/222
f 143/229/223 145/230/223 199/342/223
f 143/229/223 199/342/223 196/341/223
f 145/234/225 146/233/225 201/346/225
f 145/234/225 201/346/225 199/345/225
f 218/384/240 214/383/240 102/485/240
f 214/383/240 99/486/240 102/485/240
f 216/380/238 218/379/238 102/168/238
f 216/380/238 102/168/238 101/167/238
f 213/375/237 216/376/237 101/487/237
f 213/375/237 101/487/237 100/488/237
f 214/372/235 213/371/235 100/166/235
f 214/372/235 100/166/235 99/165/235
f 202/352/287 198/351/287 254/465/273
f 198/351/287 251/466/273 254/465/273
f 198/340/270 197/339/270 252/458/270
f 198/340/270 252/458/270 251/457/270
f 197/343/288 200/344/288 253/460/271
f 197/343/288 253/460/271 252/459/271
f 200/348/272 202/347/272 254/464/272
f 200/348/272 254/464/272 253/463/272
f 192/330/215 191/329/215 244/442/215
f 192/330/215 244/442/215 243/441/215
f 194/335/220 192/336/221 243/454/289
f 194/335/220 243/454/289 249/453/289
f 193/334/217 194/333/217 249/450/217
f 193/334/217 249/450/217 247/449/217
f 191/332/216 193/331/216 244/445/290
f 193/331/216 247/446/290 244/445/290
f 149/244/208 150/243/208 185/314/208
f 149/244/208 185/314/208 183/313/208
f 150/246/209 148/245/209 179/318/209
f 150/246/209 179/318/209 185/317/209
f 148/238/205 147/237/205 180/306/205
f 148/238/205 180/306/205 179/305/205
f 147/240/206 149/239/206 180/309/206
f 149/239/206 183/310/206 180/309/206
f 246/444/263 245/443/263 119/185/263
f 245/443/263 120/186/263 119/185/263
f 250/455/269 246/456/269 119/489/269
f 250/455/269 119/489/269 122/490/269
f 248/452/267 250/451/267 122/188/267
f 248/452/267 122/188/267 121/187/267
f 245/448/265 248/447/265 120/491/291
f 248/447/265 121/492/292 120/491/291
f 184/316/254 186/315/254 233/419/254
f 186/315/254 234/420/254 233/419/254
f 186/319/293 182/320/293 231/422/255
f 186/319/293 231/422/255 234/421/255
f 182/308/252 181/307/252 232/414/252
f 182/308/252 232/414/252 231/413/252
f 181/312/294 184/311/294 232/415/253
f 184/311/294 233/416/253 232/415/253
f 188/322/211 187/321/211 235/425/295
f 187/321/211 236/426/295 235/425/295
f 190/328/214 188/327/214 235/438/296
f 190/328/214 235/438/296 241/437/296
f 189/325/213 190/326/213 241/434/297
f 189/325/213 241/434/297 239/433/297
f 187/324/212 189/323/212 239/430/298
f 187/324/212 239/430/298 236/429/298
f 162/272/234 160/271/234 203/366/234
f 162/272/234 203/366/234 209/365/234
f 160/266/228 159/265/228 204/354/228
f 160/266/228 204/354/228 203/353/228
f 159/268/230 161/267/230 207/358/230
f 159/268/230 207/358/230 204/357/230
f 161/270/232 162/269/232 209/362/232
f 161/270/232 209/362/232 207/361/232
f 237/427/257 238/428/257 116/493/257
f 237/427/257 116/493/257 115/494/257
f 242/440/262 237/439/262 115/181/299
f 242/440/262 115/181/299 118/184/299
f 240/435/261 242/436/261 117/495/261
f 242/436/261 118/496/261 117/495/261
f 238/432/259 240/431/259 117/183/259
f 238/432/259 117/183/259 116/182/259
f 210/368/300 206/367/300 255/478/278
f 210/368/300 255/478/278 258/477/278
f 206/356/301 205/355/301 256/470/274
f 206/356/301 256/470/274 255/469/274
f 205/359/276 208/360/276 256/471/276
f 208/360/276 257/472/276 256/471/276
f 208/364/277 210/363/277 258/476/277
f 208/364/277 258/476/277 257/475/277
f 259/497/302 260/498/303 26/499/304
f 259/497/302 26/499/304 25/500/304
f 261/501/305 259/497/306 33/502/307
f 259/497/306 25/500/307 33/502/307
f 262/503/308 261/501/309 35/504/310
f 261/501/309 33/502/310 35/504/310
f 263/505/311 262/503/312 35/504/313
f 263/505/311 35/504/313 31/506/313
f 264/507/314 263/505/315 29/508/316
f 263/505/315 31/506/316 29/508/316
f 260/509/317 264/507/318 26/510/319
f 264/507/318 29/508/319 26/510/319
f 265/511/320 266/512/321 9/9/9
f 266/512/321 1/1/10 9/9/9
f 266/512/322 267/513/323 2/2/1
f 266/512/322 2/2/1 1/1/1
f 267/513/324 268/514/325 5/5/4
f 267/513/324 5/5/4 2/2/3
f 268/514/326 269/515/327 5/5/6
f 269/515/327 7/7/7 5/5/6
f 269/515/328 270/516/329 11/11/13
f 269/515/328 11/11/13 7/7/12
f 270/516/330 265/517/331 9/13/16
f 270/516/330 9/13/16 11/11/15
f 271/518/332 272/519/333 273/520/334
f 271/518/332 273/520/334 274/521/335
f 275/522/336 271/518/336 276/523/337
f 271/518/336 274/521/338 276/523/337
f 277/524/339 275/522/340 278/525/341
f 275/522/340 276/523/342 278/525/341
f 279/526/343 277/524/344 278/525/345
f 279/526/343 278/525/345 280/527/346
f 281/528/347 279/526/348 282/529/349
f 279/526/348 280/527/350 282/529/349
f 272/530/351 281/528/352 273/531/353
f 281/528/352 282/529/354 273/531/353
f 283/532/355 284/533/356 285/534/357
f 284/533/356 286/535/358 285/534/357
f 284/533/359 287/536/360 288/537/361
f 284/533/359 288/537/361 286/535/362
f 287/536/363 289/538/364 290/539/365
f 287/536/363 290/539/365 288/537/366
f 289/538/367 291/540/368 290/539/369
f 291/540/368 292/541/370 290/539/369
f 291/540/371 293/542/372 294/543/373
f 291/540/371 294/543/373 292/541/374
f 293/542/375 283/544/376 285/545/377
f 293/542/375 285/545/377 294/543/378
f 16/18/20 15/17/19 272/519/333
f 16/18/20 272/519/333 271/518/332
f 18/20/22 16/18/23 275/522/336
f 16/18/23 271/518/336 275/522/336
f 20/22/25 18/20/26 277/524/339
f 18/20/26 275/522/340 277/524/339
f 22/24/29 20/22/28 277/524/344
f 22/24/29 277/524/344 279/526/343
f 24/26/31 22/24/32 281/528/347
f 22/24/32 279/526/348 281/528/347
f 15/28/34 24/26/35 272/530/351
f 24/26/35 281/528/352 272/530/351
f 274/521/335 273/520/334 260/498/303
f 274/521/335 260/498/303 259/497/302
f 276/523/337 274/521/338 261/501/305
f 274/521/338 259/497/306 261/501/305
f 278/525/341 276/523/342 262/503/308
f 276/523/342 261/501/309 262/503/308
f 280/527/346 278/525/345 262/503/312
f 280/527/346 262/503/312 263/505/311
f 282/529/349 280/527/350 264/507/314
f 280/527/350 263/505/315 264/507/314
f 273/531/353 282/529/354 260/509/317
f 282/529/354 264/507/318 260/509/317
f 285/534/357 286/535/358 265/511/320
f 286/535/358 266/512/321 265/511/320
f 286/535/362 288/537/361 267/513/323
f 286/535/362 267/513/323 266/512/322
f 288/537/366 290/539/365 268/514/325
f 288/537/366 268/514/325 267/513/324
f 290/539/369 292/541/370 268/514/326
f 292/541/370 269/515/327 268/514/326
f 292/541/374 294/543/373 270/516/329
f 292/541/374 270/516/329 269/515/328
f 294/543/378 285/545/377 265/517/331
f 294/543/378 265/517/331 270/516/330
f 295/546/379 296/547/379 283/544/376
f 295/546/379 283/544/376 293/542/375
f 297/548/380 295/546/380 293/542/372
f 297/548/380 293/542/372 291/540/371
f 298/549/381 297/548/381 289/538/367
f 297/548/381 291/540/368 289/538/367
f 299/550/382 298/549/382 289/538/364
f 299/550/382 289/538/364 287/536/363
f 300/551/383 299/550/384 287/536/360
f 300/551/383 287/536/360 284/533/359
f 296/552/385 300/551/385 283/532/355
f 300/551/385 284/533/356 283/532/355
f 301/553/386 302/554/386 303/555/386
f 302/554/386 304/556/386 303/555/386
f 302/554/387 305/557/387 306/558/387
f 302/554/387 306/558/387 304/556/387
f 305/559/388 307/560/388 308/561/388
f 305/559/388 308/561/388 306/562/388
f 307/560/389 309/563/390 308/561/390
f 309/563/390 310/564/389 308/561/390
f 309/563/391 311/565/391 310/564/391
f 311/565/391 312/566/391 310/564/391
f 311/565/392 301/567/392 312/566/392
f 301/567/392 303/568/392 312/566/392
f 313/569/393 314/570/394 315/571/395
f 313/569/393 315/571/395 316/572/395
f 317/573/396 313/569/397 316/572/398
f 317/573/396 316/572/398 318/574/399
f 319/575/400 317/573/401 320/576/402
f 317/573/401 318/574/402 320/576/402
f 321/577/403 319/575/404 320/576/405
f 321/577/403 320/576/405 322/578/405
f 323/579/406 321/580/407 324/581/408
f 321/580/407 322/582/408 324/581/408
f 314/583/409 323/579/410 324/581/411
f 314/583/409 324/581/411 315/584/411
f 315/571/412 325/585/412 316/572/412
f 316/572/413 325/585/414 326/586/413
f 316/572/413 326/586/413 318/574/414
f 318/574/415 326/586/415 320/576/415
f 326/586/415 327/587/415 320/576/415
f 320/576/416 327/587/416 322/578/416
f 327/587/416 328/588/416 322/578/416
f 322/582/417 328/589/417 324/581/417
f 324/581/418 329/590/418 315/584/418
f 328/589/419 330/591/419 324/581/419
f 327/587/420 331/592/420 328/588/420
f 331/592/420 330/593/420 328/588/420
f 315/571/421 329/594/421 325/585/421
f 329/594/421 332/595/421 325/585/421
f 333/596/422 334/597/422 335/598/423
f 334/597/422 336/599/424 335/598/423
f 334/597/425 337/600/425 336/599/426
f 337/600/425 338/601/427 336/599/426
f 337/600/428 339/602/429 340/603/430
f 337/600/428 340/603/430 338/601/431
f 339/602/432 341/604/432 342/605/433
f 339/602/432 342/605/433 340/603/434
f 341/606/435 343/607/435 342/608/436
f 343/607/435 344/609/437 342/608/436
f 343/607/438 333/610/438 335/611/439
f 343/607/438 335/611/439 344/609/440
f 345/612/441 346/613/441 347/614/441
f 346/613/442 348/615/442 349/616/442
f 346/613/442 349/616/442 347/614/442
f 348/615/443 350/617/443 349/616/443
f 350/617/443 351/618/443 349/616/443
f 350/617/444 352/619/444 351/618/444
f 352/619/444 353/620/444 351/618/444
f 352/621/445 324/622/445 353/623/445
f 324/622/446 345/624/446 329/625/446
f 353/623/447 324/622/447 330/626/447
f 351/618/448 353/620/448 331/627/448
f 353/620/448 330/628/448 331/627/448
f 345/612/449 347/614/449 329/594/449
f 347/614/449 332/595/449 329/594/449
f 326/586/450 325/585/450 354/629/450
f 325/585/450 355/630/450 354/629/450
f 327/587/451 326/586/451 354/629/451
f 327/587/451 354/629/451 356/631/451
f 357/632/452 358/633/453 327/587/454
f 358/633/453 331/592/453 327/587/454
f 359/634/455 332/595/456 360/635/457
f 347/614/458 349/616/458 361/636/458
f 347/614/458 361/636/458 362/637/458
f 349/616/459 351/618/459 361/636/459
f 351/618/459 363/638/459 361/636/459
f 351/618/460 364/639/461 365/640/462
f 351/618/460 365/640/462 363/638/462
f 332/595/463 347/614/464 366/641/465
f 347/614/464 362/637/464 366/641/465
f 367/642/466 368/643/466 333/610/466
f 367/642/466 333/610/466 343/607/466
f 369/644/467 367/642/467 341/606/467
f 367/642/467 343/607/467 341/606/467
f 370/645/468 369/646/468 339/602/468
f 369/646/468 341/604/468 339/602/468
f 371/647/469 370/645/469 339/602/469
f 371/647/469 339/602/469 337/600/469
f 372/648/470 371/647/470 334/597/470
f 371/647/470 337/600/470 334/597/470
f 368/649/471 372/648/471 334/597/471
f 368/649/471 334/597/471 333/596/471
f 344/609/440 335/611/439 324/622/472
f 335/611/439 345/624/472 324/622/472
f 342/608/436 344/609/437 324/622/473
f 342/608/436 324/622/473 352/621/474
f 340/603/434 342/605/433 350/617/475
f 342/605/433 352/619/475 350/617/475
f 338/601/431 340/603/430 350/617/476
f 338/601/431 350/617/476 348/615/477
f 336/599/426 338/601/427 346/613/478
f 338/601/427 348/615/478 346/613/478
f 335/598/423 336/599/424 345/612/479
f 336/599/424 346/613/479 345/612/479
f 304/556/480 323/579/410 314/583/409
f 304/556/480 314/583/409 303/555/480
f 306/558/481 321/580/407 304/556/481
f 321/580/407 323/579/406 304/556/481
f 308/561/482 319/575/404 321/577/403
f 308/561/482 321/577/403 306/562/482
f 310/564/483 317/573/401 319/575/400
f 310/564/483 319/575/400 308/561/483
f 312/566/484 313/569/397 310/564/484
f 313/569/397 317/573/396 310/564/484
f 303/568/485 314/570/394 313/569/393
f 303/568/485 313/569/393 312/566/485
f 368/650/486 367/651/487 373/652/488
f 368/650/486 373/652/488 374/653/489
f 367/654/487 369/655/490 375/656/491
f 367/654/487 375/656/491 373/657/488
f 369/655/490 370/658/492 376/659/493
f 369/655/490 376/659/493 375/656/491
f 370/658/492 371/660/494 377/661/495
f 370/658/492 377/661/495 376/659/493
f 371/660/494 372/662/496 377/661/495
f 372/662/496 378/663/497 377/661/495
f 372/662/496 368/650/486 374/653/489
f 372/662/496 374/653/489 378/663/497
f 302/664/498 301/665/499 379/666/500
f 301/665/499 380/667/501 379/666/500
f 305/668/502 302/669/498 381/670/503
f 302/669/498 379/671/500 381/670/503
f 307/672/504 305/668/502 382/673/505
f 305/668/502 381/670/503 382/673/505
f 309/674/506 307/672/504 383/675/507
f 307/672/504 382/673/505 383/675/507
f 311/676/508 309/674/506 383/675/507
f 311/676/508 383/675/507 384/677/509
f 301/665/499 311/676/508 380/667/501
f 311/676/508 384/677/509 380/667/501
f 385/678/510 386/679/511 387/680/512
f 385/678/510 387/680/512 388/681/510
f 387/680/513 389/682/514 390/683/515
f 387/680/513 390/683/515 388/681/515
f 391/684/516 392/685/517 393/686/518
f 392/685/517 394/687/518 393/686/518
f 392/685/519 395/688/520 396/689/521
f 392/685/519 396/689/521 394/687/521
f 395/688/522 397/690/523 398/691/524
f 395/688/522 398/691/524 396/689/524
f 399/692/525 386/679/526 385/678/527
f 399/692/525 385/678/527 400/693/527
f 401/694/528 402/695/529 403/696/528
f 402/695/529 404/697/530 403/696/528
f 403/696/531 404/697/532 405/698/533
f 403/696/531 405/698/533 406/699/531
f 406/699/534 405/698/535 407/700/534
f 405/698/535 408/701/536 407/700/534
f 407/700/537 408/701/538 409/702/539
f 407/700/537 409/702/539 410/703/537
f 410/703/540 409/702/541 411/704/540
f 409/702/541 412/705/542 411/704/540
f 411/706/543 412/707/544 401/694/543
f 412/707/544 402/695/545 401/694/543
f 413/708/546 414/709/547 415/710/548
f 413/708/546 415/710/548 416/711/546
f 416/711/549 415/710/550 417/712/551
f 416/711/549 417/712/551 418/713/549
f 418/713/552 417/712/553 419/714/554
f 418/713/552 419/714/554 420/715/552
f 420/715/555 419/714/556 421/716/557
f 420/715/555 421/716/557 422/717/555
f 422/717/558 421/716/559 423/718/560
f 422/717/558 423/718/560 424/719/558
f 424/720/561 423/721/562 413/708/563
f 423/721/562 414/709/564 413/708/563
f 412/707/544 424/720/565 402/695/545
f 424/720/565 413/708/565 402/695/545
f 409/702/541 422/717/566 412/705/542
f 422/717/566 424/719/566 412/705/542
f 408/701/538 420/715/567 422/717/567
f 408/701/538 422/717/567 409/702/539
f 405/698/535 418/713/568 408/701/536
f 418/713/568 420/715/568 408/701/536
f 404/697/532 416/711/569 418/713/569
f 404/697/532 418/713/569 405/698/533
f 402/695/529 413/708/570 416/711/570
f 402/695/529 416/711/570 404/697/530
f 425/722/571 426/723/572 427/724/573
f 425/722/571 427/724/573 428/725/571
f 427/724/574 429/726/575 428/725/576
f 429/726/575 430/727/576 428/725/576
f 429/726/577 431/728/578 432/729/579
f 429/726/577 432/729/579 430/727/579
f 431/728/580 433/730/581 432/729/582
f 433/730/581 434/731/582 432/729/582
f 433/730/583 435/732/584 434/731/585
f 435/732/584 436/733/585 434/731/585
f 435/734/586 426/723/587 425/722/588
f 435/734/586 425/722/588 436/735/588
f 425/722/589 428/725/589 437/736/590
f 428/725/589 438/737/591 437/736/590
f 428/725/592 430/727/592 439/738/593
f 428/725/592 439/738/593 438/737/594
f 430/727/595 432/729/595 439/738/596
f 432/729/595 440/739/597 439/738/596
f 432/729/598 434/731/598 441/740/599
f 432/729/598 441/740/599 440/739/600
f 434/731/601 436/733/601 441/740/602
f 436/733/601 442/741/603 441/740/602
f 436/735/604 425/722/604 442/742/605
f 425/722/604 437/736/606 442/742/605
f 443/743/607 444/744/607 445/745/608
f 443/743/607 445/745/608 446/746/609
f 444/744/610 447/747/610 448/748/611
f 444/744/610 448/748/611 445/745/612
f 447/747/613 449/749/613 450/750/614
f 447/747/613 450/750/614 448/748/615
f 449/749/555 451/751/555 452/752/616
f 449/749/555 452/752/616 450/750/617
f 451/751/618 453/753/618 454/754/619
f 451/751/618 454/754/619 452/752/620
f 453/755/621 443/743/621 454/756/622
f 443/743/621 446/746/623 454/756/622
f 442/742/605 437/736/606 453/755/624
f 437/736/606 443/743/624 453/755/624
f 441/740/602 442/741/603 451/751/625
f 442/741/603 453/753/625 451/751/625
f 440/739/600 441/740/599 451/751/626
f 440/739/600 451/751/626 449/749/626
f 439/738/596 440/739/597 447/747/627
f 440/739/597 449/749/627 447/747/627
f 438/737/594 439/738/593 447/747/628
f 438/737/594 447/747/628 444/744/628
f 437/736/590 438/737/591 444/744/629
f 437/736/590 444/744/629 443/743/629
f 423/721/562 379/757/630 380/758/630
f 423/721/562 380/758/630 414/709/564
f 421/716/559 381/759/631 423/718/560
f 381/759/631 379/760/631 423/718/560
f 419/714/556 382/761/632 421/716/557
f 382/761/632 381/759/632 421/716/557
f 417/712/553 383/762/633 419/714/554
f 383/762/633 382/761/633 419/714/554
f 415/710/550 384/763/634 383/762/634
f 415/710/550 383/762/634 417/712/551
f 414/709/547 380/758/635 384/763/635
f 414/709/547 384/763/635 415/710/548
f 455/764/636 456/765/637 457/766/638
f 455/764/636 457/766/638 458/767/639
f 456/768/640 459/769/641 460/770/642
f 456/768/640 460/770/642 457/771/642
f 459/769/643 461/772/644 462/773/645
f 459/769/643 462/773/645 460/770/645
f 461/772/646 463/774/647 464/775/648
f 461/772/646 464/775/648 462/773/648
f 463/776/649 465/777/650 464/778/651
f 465/777/650 466/779/652 464/778/651
f 458/767/653 466/779/654 465/777/655
f 458/767/653 465/777/655 455/764/656
f 467/780/657 468/781/658 469/782/659
f 468/781/658 470/783/660 469/782/659
f 471/784/661 472/785/662 473/786/663
f 471/784/661 473/786/663 474/787/663
f 472/785/664 475/788/665 476/789/666
f 472/785/664 476/789/666 473/786/666
f 475/788/667 477/790/668 476/789/669
f 477/790/668 478/791/670 476/789/669
f 479/792/671 480/793/672 481/794/673
f 479/792/671 481/794/673 482/795/674
f 469/782/675 481/794/676 480/793/677
f 469/782/675 480/793/677 467/780/512
f 483/796/678 484/797/679 485/798/680
f 390/683/681 389/682/682 486/799/683
f 390/683/681 486/799/683 487/800/684
f 484/797/685 488/801/686 489/802/687
f 484/797/685 489/802/687 485/798/687
f 488/801/688 490/803/689 489/802/690
f 491/804/691 399/805/692 400/806/693
f 491/804/691 400/806/693 492/807/694
f 493/808/695 494/809/696 495/810/697
f 494/809/696 474/811/698 495/810/697
f 494/812/699 496/813/700 474/787/701
f 496/813/700 471/784/702 474/787/701
f 497/814/703 493/808/704 495/810/705
f 497/814/703 495/810/705 498/815/706
f 477/790/707 499/816/708 478/791/709
f 499/816/708 500/817/710 478/791/709
f 500/818/711 497/814/712 498/815/713
f 500/818/711 498/815/713 478/819/714
f 457/771/715 460/770/715 501/820/716
f 457/771/715 501/820/716 502/821/717
f 460/770/718 462/773/718 501/820/719
f 462/773/718 503/822/720 501/820/719
f 462/773/721 464/775/721 503/822/722
f 464/775/721 504/823/723 503/822/722
f 495/810/697 474/811/698 473/824/724
f 498/815/706 495/810/705 476/825/725
f 495/810/705 473/824/725 476/825/725
f 478/819/714 498/815/713 476/825/726
f 505/826/727 491/804/691 506/827/728
f 491/804/691 492/807/694 506/827/728
f 503/822/722 504/823/723 507/828/729
f 504/823/723 508/829/730 507/828/729
f 501/820/719 503/822/720 507/828/731
f 501/820/719 507/828/731 509/830/732
f 502/821/717 501/820/716 509/830/733
f 502/821/717 509/830/733 510/831/734
f 487/800/684 486/799/683 511/832/735
f 487/800/684 511/832/735 512/833/736
f 513/834/737 479/835/738 514/836/739
f 479/835/738 482/837/740 514/836/739
f 482/838/741 515/839/742 516/840/743
f 482/838/741 516/840/743 514/841/744
f 515/839/745 517/842/745 518/843/746
f 515/839/745 518/843/746 516/840/747
f 517/842/748 470/844/748 518/843/749
f 470/844/748 519/845/750 518/843/749
f 470/783/751 468/781/752 519/846/753
f 468/781/752 520/847/754 519/846/753
f 397/690/755 505/826/727 506/827/728
f 397/690/755 506/827/728 398/691/756
f 507/848/729 508/849/730 488/801/688
f 508/849/730 490/803/689 488/801/688
f 509/850/732 507/848/731 484/797/685
f 507/848/731 488/801/686 484/797/685
f 510/851/734 509/850/733 484/797/679
f 510/851/734 484/797/679 483/796/678
f 512/833/736 511/832/735 391/684/757
f 512/833/736 391/684/757 393/686/758
f 499/816/708 513/834/737 500/817/710
f 513/834/737 514/836/739 500/817/710
f 514/841/744 516/840/743 497/852/712
f 514/841/744 497/852/712 500/853/711
f 516/840/747 518/843/746 497/852/703
f 518/843/746 493/854/704 497/852/703
f 518/843/749 519/845/750 493/854/695
f 519/845/750 494/855/696 493/854/695
f 519/846/753 520/847/754 494/812/699
f 520/847/754 496/813/700 494/812/699
f 521/856/759 522/857/760 455/858/636
f 522/857/760 456/859/637 455/858/636
f 522/857/761 523/860/762 459/861/641
f 522/857/761 459/861/641 456/859/640
f 523/860/763 524/862/764 461/863/644
f 523/860/763 461/863/644 459/861/643
f 524/862/765 525/864/766 461/863/646
f 525/864/766 463/865/647 461/863/646
f 525/866/767 526/867/768 465/868/650
f 525/866/767 465/868/650 463/869/649
f 455/858/656 465/868/655 526/867/769
f 455/858/656 526/867/769 521/856/770
f 469/782/659 470/783/660 527/870/771
f 470/783/660 528/871/772 527/870/771
f 470/844/773 517/842/773 528/872/774
f 517/842/773 529/873/775 528/872/774
f 517/842/776 515/839/776 529/873/777
f 515/839/776 530/874/778 529/873/777
f 515/839/779 482/838/779 530/874/780
f 482/838/779 531/875/781 530/874/780
f 482/795/674 481/794/673 532/876/782
f 482/795/674 532/876/782 531/877/783
f 527/870/784 532/876/785 469/782/675
f 532/876/785 481/794/676 469/782/675
f 533/878/786 534/879/787 535/880/788
f 533/878/786 535/880/788 536/881/789
f 534/879/790 537/882/791 538/883/792
f 534/879/790 538/883/792 535/880/793
f 537/882/794 539/884/795 540/885/796
f 537/882/794 540/885/796 538/883/797
f 539/884/798 541/886/799 540/885/800
f 541/886/799 542/887/801 540/885/800
f 541/888/802 543/889/803 542/890/804
f 543/889/803 544/891/805 542/890/804
f 536/881/806 544/891/807 543/889/808
f 536/881/806 543/889/808 533/878/809
f 545/892/810 546/893/811 547/894/812
f 546/893/811 548/895/813 547/894/812
f 546/893/814 549/896/815 550/897/816
f 546/893/814 550/897/816 548/895/817
f 549/896/818 551/898/819 550/897/820
f 551/898/819 552/899/821 550/897/820
f 551/898/822 553/900/823 552/899/824
f 553/900/823 554/901/825 552/899/824
f 553/902/826 555/903/827 556/904/828
f 553/902/826 556/904/828 554/905/829
f 547/894/830 556/904/831 545/892/832
f 556/904/831 555/903/833 545/892/832
f 536/881/789 535/880/788 522/857/760
f 536/881/789 522/857/760 521/856/759
f 535/880/793 538/883/792 522/857/761
f 538/883/792 523/860/762 522/857/761
f 538/883/797 540/885/796 524/862/764
f 538/883/797 524/862/764 523/860/763
f 540/885/800 542/887/801 525/864/766
f 540/885/800 525/864/766 524/862/765
f 542/890/804 544/891/805 525/866/767
f 544/891/805 526/867/768 525/866/767
f 521/856/770 526/867/769 544/891/807
f 521/856/770 544/891/807 536/881/806
f 527/906/771 528/907/772 546/893/811
f 527/906/771 546/893/811 545/892/810
f 528/907/774 529/908/775 546/893/814
f 529/908/775 549/896/815 546/893/814
f 529/908/777 530/909/778 549/896/818
f 530/909/778 551/898/819 549/896/818
f 530/909/780 531/910/781 553/900/823
f 530/909/780 553/900/823 551/898/822
f 531/911/783 532/912/782 553/902/826
f 532/912/782 555/903/827 553/902/826
f 545/892/832 555/903/833 527/906/784
f 555/903/833 532/912/785 527/906/784
f 403/696/834 406/699/834 534/913/787
f 403/696/834 534/913/787 533/914/786
f 406/699/835 407/700/835 534/913/790
f 407/700/835 537/915/791 534/913/790
f 407/700/836 410/703/836 539/916/795
f 407/700/836 539/916/795 537/915/794
f 410/703/837 411/704/837 541/917/799
f 410/703/837 541/917/799 539/916/798
f 411/706/838 401/694/838 541/918/802
f 401/694/838 543/919/803 541/918/802
f 533/914/809 543/919/808 401/694/839
f 533/914/809 401/694/839 403/696/839
f 547/894/812 548/895/813 427/920/574
f 548/895/813 429/921/575 427/920/574
f 548/895/817 550/897/816 429/921/577
f 550/897/816 431/922/578 429/921/577
f 550/897/820 552/899/821 431/922/580
f 552/899/821 433/923/581 431/922/580
f 552/899/824 554/901/825 435/924/584
f 552/899/824 435/924/584 433/923/583
f 554/905/829 556/904/828 426/925/587
f 554/905/829 426/925/587 435/926/586
f 427/920/573 426/925/572 547/894/830
f 426/925/572 556/904/831 547/894/830
f 458/767/639 457/766/638 389/682/514
f 458/767/639 389/682/514 387/680/513
f 486/799/683 389/682/682 502/927/840
f 389/682/682 457/766/841 502/927/840
f 511/832/735 486/799/683 510/928/842
f 486/799/683 502/927/840 510/928/842
f 391/684/757 511/832/735 483/929/843
f 511/832/735 510/928/842 483/929/843
f 483/929/844 485/930/844 391/684/516
f 485/930/844 392/685/517 391/684/516
f 485/930/845 489/931/845 392/685/519
f 489/931/845 395/688/520 392/685/519
f 489/931/846 490/932/847 397/690/523
f 489/931/846 397/690/523 395/688/522
f 508/933/848 505/826/727 490/932/849
f 505/826/727 397/690/755 490/932/849
f 504/934/850 491/804/691 508/933/848
f 491/804/691 505/826/727 508/933/848
f 464/935/851 399/805/692 504/934/850
f 399/805/692 491/804/691 504/934/850
f 464/778/651 466/779/652 399/692/525
f 466/779/652 386/679/526 399/692/525
f 387/680/512 386/679/511 466/779/654
f 387/680/512 466/779/654 458/767/653
f 557/936/852 558/937/852 467/780/657
f 558/937/852 468/781/658 467/780/657
f 520/847/754 468/781/752 558/937/853
f 520/847/754 558/937/853 559/938/854
f 496/813/700 520/847/754 559/938/854
f 496/813/700 559/938/854 560/939/855
f 471/784/702 496/813/700 560/939/855
f 471/784/702 560/939/855 561/940/856
f 561/940/857 562/941/857 472/785/662
f 561/940/857 472/785/662 471/784/661
f 562/941/521 563/942/521 472/785/664
f 563/942/521 475/788/665 472/785/664
f 563/942/858 564/943/858 475/788/667
f 564/943/858 477/790/668 475/788/667
f 565/944/859 499/816/708 477/790/707
f 565/944/859 477/790/707 564/943/860
f 566/945/861 513/834/737 565/944/859
f 513/834/737 499/816/708 565/944/859
f 567/946/862 479/835/738 513/834/737
f 567/946/862 513/834/737 566/945/861
f 567/947/863 568/948/863 479/792/671
f 568/948/863 480/793/672 479/792/671
f 467/780/512 480/793/677 568/948/510
f 467/780/512 568/948/510 557/936/510
f 568/949/864 567/950/864 557/951/864
f 567/950/864 558/952/864 557/951/864
f 567/950/864 566/953/864 559/954/864
f 567/950/864 559/954/864 558/952/864
f 566/953/864 565/955/864 560/956/864
f 566/953/864 560/956/864 559/954/864
f 565/955/864 564/957/864 561/958/864
f 565/955/864 561/958/864 560/956/864
f 564/957/864 563/959/864 561/958/864
f 563/959/864 562/960/864 561/958/864
f 388/961/865 390/962/865 400/963/865
f 388/961/865 400/963/865 385/964/865
f 390/962/866 487/965/866 400/963/866
f 487/965/866 492/966/866 400/963/866
f 487/965/864 512/967/864 492/966/864
f 512/967/864 506/968/864 492/966/864
f 512/967/864 393/969/864 506/968/864
f 393/969/864 398/970/864 506/968/864
f 393/969/864 394/971/864 396/972/864
f 393/969/864 396/972/864 398/970/864
f 446/746/609 445/745/608 378/973/867
f 446/746/609 378/973/867 374/974/867
f 445/745/612 448/748/611 377/975/868
f 445/745/612 377/975/868 378/973/868
f 448/748/615 450/750/614 377/975/869
f 450/750/614 376/976/869 377/975/869
f 450/750/617 452/752/616 376/976/870
f 452/752/616 375/977/870 376/976/870
f 452/752/620 454/754/619 375/977/871
f 454/754/619 373/978/871 375/977/871
f 454/756/622 446/746/623 374/974/872
f 454/756/622 374/974/872 373/979/872
f 569/980/873 570/981/873 571/982/874
f 569/980/873 571/982/874 572/983/873
f 573/984/875 569/980/875 572/983/875
f 573/984/875 572/983/875 574/985/875
f 575/986/876 576/987/877 577/988/876
f 575/986/876 577/988/876 578/989/876
f 579/990/878 580/991/878 581/992/878
f 579/990/878 581/992/878 582/993/878
f 583/994/879 584/995/879 585/996/879
f 584/995/879 586/997/879 585/996/879
f 584/995/880 587/998/880 586/997/880
f 587/998/880 588/999/880 586/997/880
f 589/1000/881 590/1001/882 591/1002/883
f 590/1001/882 592/1003/883 591/1002/883
f 593/1004/884 594/1005/884 595/1006/884
f 593/1004/884 595/1006/884 596/1007/884
f 597/1008/885 598/1009/885 599/1010/885
f 597/1008/885 599/1010/885 600/1011/885
f 598/1009/886 601/1012/886 599/1010/886
f 601/1012/886 602/1013/886 599/1010/886
f 601/1012/887 603/1014/887 604/1015/887
f 601/1012/887 604/1015/887 602/1013/887
f 603/1016/888 605/1017/888 606/1018/888
f 603/1016/888 606/1018/888 604/1019/888
f 605/1017/889 607/1020/889 606/1018/889
f 607/1020/889 608/1021/889 606/1018/889
f 607/1020/890 609/1022/890 610/1023/890
f 607/1020/890 610/1023/890 608/1021/890
f 609/1022/891 611/1024/891 610/1023/891
f 611/1024/891 612/1025/891 610/1023/891
f 611/1024/892 597/1008/893 612/1025/893
f 597/1008/893 600/1011/893 612/1025/893
f 600/1026/894 599/1027/894 602/1028/894
f 612/1029/894 600/1026/894 602/1028/894
f 610/1030/894 612/1029/894 602/1028/894
f 608/1031/894 610/1030/894 602/1028/894
f 606/1032/894 608/1031/894 602/1028/894
f 604/1033/894 606/1032/894 602/1028/894
f 613/1034/895 614/1035/896 615/1036/897
f 614/1035/896 616/1037/896 615/1036/897
f 617/1038/898 618/1039/899 619/1040/900
f 620/1041/900 617/1038/898 619/1040/900
f 621/1042/900 620/1041/900 619/1040/900
f 622/1043/901 623/1044/901 624/1045/902
f 623/1044/901 625/1046/903 624/1045/902
f 623/1047/904 626/1048/904 627/1049/905
f 623/1047/904 627/1049/905 625/1050/906
f 628/1051/907 629/1052/908 630/1053/909
f 629/1052/908 631/1054/910 630/1053/909
f 632/1055/911 633/1056/912 634/1057/913
f 633/1056/912 635/1058/914 634/1057/913
f 636/1059/915 637/1060/915 638/1061/916
f 637/1060/915 639/1062/917 638/1061/916
f 637/1063/918 640/1064/918 641/1065/919
f 637/1063/918 641/1065/919 639/1066/920
f 642/1067/921 643/1068/922 644/1069/923
f 643/1068/922 645/1070/924 644/1069/923
f 646/1071/925 647/1072/926 648/1073/927
f 646/1071/925 648/1073/927 649/1074/928
f 650/1075/929 651/1076/930 652/1077/931
f 651/1076/930 653/1078/932 652/1077/931
f 654/1079/933 655/1080/934 656/1081/935
f 655/1080/934 657/1082/936 656/1081/935
f 639/1066/920 641/1065/919 658/1083/937
f 639/1066/920 658/1083/937 659/1084/938
f 638/1061/916 639/1062/917 660/1085/939
f 639/1062/917 659/1086/939 660/1085/939
f 630/1053/940 632/1055/911 643/1068/922
f 630/1053/940 643/1068/922 642/1067/921
f 661/1087/941 662/1088/942 647/1072/926
f 661/1087/941 647/1072/926 646/1071/925
f 625/1050/906 627/1049/905 663/1089/943
f 625/1050/906 663/1089/943 664/1090/943
f 624/1045/902 625/1046/903 665/1091/944
f 625/1046/903 664/1092/944 665/1091/944
f 651/1076/930 618/1039/899 653/1078/932
f 618/1039/899 617/1038/898 653/1078/932
f 655/1080/934 613/1034/895 615/1036/897
f 655/1080/934 615/1036/897 657/1082/936
f 659/1084/945 658/1083/946 666/1093/947
f 658/1083/946 667/1094/946 666/1093/947
f 668/1095/948 669/1096/949 667/1094/950
f 669/1096/949 670/1097/949 667/1094/950
f 669/1096/951 671/1098/952 672/1099/953
f 669/1096/951 672/1099/953 670/1097/951
f 660/1085/954 659/1086/945 666/1100/947
f 660/1085/954 666/1100/947 673/1101/954
f 671/1102/952 674/1103/955 672/1104/953
f 674/1103/955 675/1105/955 672/1104/953
f 673/1101/956 675/1105/957 676/1106/958
f 673/1101/956 676/1106/958 660/1085/956
f 664/1090/959 663/1089/959 677/1107/959
f 663/1089/959 678/1108/959 677/1107/959
f 679/1109/960 680/1110/961 681/1111/962
f 681/1111/963 682/1112/964 683/1113/963
f 681/1111/963 683/1113/963 679/1109/963
f 665/1091/965 664/1092/965 677/1114/965
f 665/1091/965 677/1114/965 684/1115/965
f 682/1116/966 685/1117/966 683/1118/966
f 685/1117/966 686/1119/967 683/1118/966
f 687/1120/968 684/1115/969 685/1117/970
f 684/1115/969 686/1119/970 685/1117/970
f 666/1093/971 667/1094/971 688/1121/971
f 667/1094/971 689/1122/971 688/1121/971
f 690/1123/972 689/1122/972 670/1097/972
f 689/1122/972 667/1094/972 670/1097/972
f 670/1097/973 672/1099/974 690/1123/973
f 672/1099/974 691/1124/974 690/1123/973
f 673/1101/975 666/1100/975 692/1125/975
f 666/1100/975 688/1126/975 692/1125/975
f 672/1104/976 675/1105/976 691/1127/976
f 675/1105/976 693/1128/976 691/1127/976
f 673/1101/977 692/1125/977 693/1128/977
f 673/1101/977 693/1128/977 675/1105/977
f 677/1107/978 678/1108/978 694/1129/978
f 677/1107/978 694/1129/978 695/1130/978
f 696/1131/979 694/1129/979 678/1108/979
f 696/1131/979 678/1108/979 679/1109/979
f 679/1109/980 683/1113/980 697/1132/980
f 679/1109/980 697/1132/980 696/1131/980
f 684/1115/981 677/1114/981 695/1133/981
f 684/1115/981 695/1133/981 698/1134/981
f 683/1118/982 686/1119/982 699/1135/982
f 683/1118/982 699/1135/982 697/1136/982
f 684/1115/983 698/1134/983 686/1119/983
f 698/1134/983 699/1135/983 686/1119/983
f 700/1137/984 701/1138/984 702/1139/984
f 703/1140/984 700/1137/984 702/1139/984
f 704/1141/984 703/1140/984 702/1139/984
f 705/1142/985 706/1143/985 707/1144/985
f 707/1144/986 708/1145/986 705/1142/986
f 708/1145/986 709/1146/986 705/1142/986
f 708/1147/987 710/1148/987 709/1149/987
f 710/1148/987 711/1150/987 709/1149/987
f 712/1151/988 711/1150/988 710/1148/988
f 713/1152/989 714/1153/989 715/1154/989
f 716/1155/989 713/1152/989 715/1154/989
f 717/1156/989 716/1155/989 715/1154/989
f 716/1155/990 718/1157/990 719/1158/990
f 716/1155/990 719/1158/990 713/1152/990
f 718/1159/991 701/1138/992 719/1160/992
f 701/1138/992 700/1137/991 719/1160/992
f 700/1137/993 703/1140/993 720/1161/993
f 700/1137/993 720/1161/993 721/1162/993
f 703/1140/994 722/1163/994 720/1161/994
f 722/1163/994 723/1164/994 720/1161/994
f 722/1163/995 724/1165/995 725/1166/995
f 722/1163/995 725/1166/995 723/1164/995
f 724/1167/996 726/1168/996 727/1169/996
f 724/1167/996 727/1169/996 725/1170/996
f 727/1169/997 726/1168/997 728/1171/997
f 726/1168/997 714/1153/997 728/1171/997
f 728/1171/998 714/1153/998 713/1152/998
f 728/1171/998 713/1152/998 729/1172/998
f 713/1152/999 719/1158/999 729/1172/999
f 719/1158/999 730/1173/999 729/1172/999
f 719/1160/1000 700/1137/1000 730/1174/1000
f 700/1137/1000 721/1162/1000 730/1174/1000
f 706/1143/1001 650/1075/929 652/1077/931
f 706/1143/1001 652/1077/931 707/1144/1001
f 702/1139/1002 654/1079/933 704/1141/1002
f 654/1079/933 656/1081/935 704/1141/1002
f 715/1154/1003 645/1070/924 731/1175/1004
f 715/1154/1003 731/1175/1004 717/1156/1005
f 710/1148/1006 649/1074/928 648/1073/927
f 710/1148/1006 648/1073/927 712/1151/1006
f 676/1106/958 675/1105/957 674/1103/1007
f 678/1108/1008 663/1089/1008 680/1110/961
f 678/1108/1008 680/1110/961 679/1109/960
f 668/1095/948 667/1094/950 658/1083/1009
f 687/1120/968 665/1091/1010 684/1115/969
f 732/1176/1011 733/1177/1011 734/1178/1011
f 732/1176/1011 734/1178/1011 735/1179/1011
f 733/1177/1012 736/1180/1012 734/1178/1012
f 736/1180/1012 737/1181/1012 734/1178/1012
f 736/1180/1013 738/1182/1013 739/1183/1013
f 736/1180/1013 739/1183/1013 737/1181/1013
f 738/1184/1014 740/1185/1015 739/1186/1015
f 740/1185/1015 741/1187/1015 739/1186/1015
f 740/1188/1016 742/1189/1016 741/1190/1016
f 742/1189/1016 743/1191/1016 741/1190/1016
f 742/1192/1017 744/1193/1017 745/1194/1017
f 742/1192/1017 745/1194/1017 743/1195/1017
f 744/1196/1018 746/1197/1018 747/1198/1018
f 744/1196/1018 747/1198/1018 745/1199/1018
f 746/1200/1019 732/1176/1019 747/1201/1019
f 732/1176/1019 735/1179/1019 747/1201/1019
f 688/1121/1020 689/1122/1021 13/1202/1022
f 689/1122/1021 14/1203/1023 13/1202/1022
f 689/1122/1021 690/1123/1024 23/1204/1025
f 689/1122/1021 23/1204/1025 14/1203/1023
f 690/1123/1024 691/1124/1026 21/1205/1027
f 690/1123/1024 21/1205/1027 23/1204/1025
f 692/1125/1028 688/1126/1020 17/1206/1029
f 688/1126/1020 13/1207/1022 17/1206/1029
f 691/1127/1026 693/1128/1030 21/1208/1027
f 693/1128/1030 19/1209/1031 21/1208/1027
f 695/1130/1032 694/1129/1033 299/1210/1034
f 695/1130/1032 299/1210/1034 300/1211/1035
f 694/1129/1033 696/1131/1036 298/1212/1037
f 694/1129/1033 298/1212/1037 299/1210/1034
f 696/1131/1036 697/1132/1038 297/1213/1039
f 696/1131/1036 297/1213/1039 298/1212/1037
f 698/1134/1040 695/1133/1032 300/1214/1035
f 698/1134/1040 300/1214/1035 296/1215/1041
f 697/1136/1038 699/1135/1042 297/1216/1039
f 699/1135/1042 295/1217/1043 297/1216/1039
f 699/1135/1042 698/1134/1040 295/1217/1043
f 698/1134/1040 296/1215/1041 295/1217/1043
f 693/1128/1030 692/1125/1028 19/1209/1031
f 692/1125/1028 17/1206/1029 19/1209/1031
f 354/1218/1044 355/1219/1045 570/981/1045
f 354/1218/1044 570/981/1045 569/980/1046
f 640/1220/1047 637/1221/1048 571/982/1047
f 637/1221/1048 572/983/1049 571/982/1047
f 356/1222/1050 354/1218/1044 573/984/1050
f 354/1218/1044 569/980/1046 573/984/1050
f 637/1221/1048 636/1223/1051 574/985/1051
f 637/1221/1048 574/985/1051 572/983/1049
f 576/987/1052 748/1224/1052 749/1225/1052
f 576/987/1052 749/1225/1052 577/988/1052
f 750/1226/1053 751/1227/1053 752/1228/1054
f 751/1227/1053 753/1229/1055 752/1228/1054
f 580/991/1056 359/1230/1056 581/992/1057
f 359/1230/1056 360/1231/1058 581/992/1057
f 616/1232/1059 614/1233/1060 754/1234/1060
f 616/1232/1059 754/1234/1060 579/990/1060
f 616/1232/1059 579/990/1060 582/993/1061
f 362/1235/1062 361/1236/1063 583/994/1062
f 361/1236/1063 584/995/1064 583/994/1062
f 623/1237/1065 622/1238/1066 585/996/1066
f 623/1237/1065 585/996/1066 586/997/1067
f 361/1236/1063 363/1239/1068 587/998/1068
f 361/1236/1063 587/998/1068 584/995/1064
f 626/1240/1069 623/1237/1065 588/999/1069
f 623/1237/1065 586/997/1067 588/999/1069
f 755/1241/1070 756/1242/1070 757/1243/1071
f 756/1242/1070 758/1244/1071 757/1243/1071
f 759/1245/1072 629/1246/1072 760/1247/1072
f 759/1245/1072 760/1247/1072 761/1248/1072
f 759/1245/1072 761/1248/1072 762/1249/1072
f 594/1005/1073 763/1250/1073 595/1006/1073
f 763/1250/1073 764/1251/1073 595/1006/1073
f 765/1252/1074 766/1253/1074 596/1007/1074
f 766/1253/1074 593/1004/1074 596/1007/1074
f 762/1249/1075 767/1254/1075 768/1255/1075
f 762/1249/1075 768/1255/1075 759/1245/1075
f 767/1254/1076 365/1256/1076 768/1255/1076
f 365/1256/1076 364/1257/1076 768/1255/1076
f 769/1258/1077 770/1259/1078 771/1260/1079
f 769/1258/1077 771/1260/1079 772/1261/1080
f 758/1244/1071 773/1262/1081 757/1243/1071
f 773/1262/1081 774/1263/1081 757/1243/1071
f 775/1264/1082 772/1261/1080 771/1260/1079
f 775/1264/1082 771/1260/1079 776/1265/1082
f 777/1266/1083 778/1267/1084 775/1264/1085
f 777/1266/1083 775/1264/1085 776/1265/1086
f 779/1268/1087 780/1269/1087 781/1270/1087
f 780/1269/1087 782/1271/1087 781/1270/1087
f 783/1272/1088 784/1273/1088 781/1270/1088
f 784/1273/1088 779/1268/1088 781/1270/1088
f 777/1266/1083 590/1001/882 589/1000/881
f 777/1266/1083 589/1000/881 778/1267/1084
f 592/1003/1089 770/1259/1078 591/1002/1089
f 770/1259/1078 769/1258/1077 591/1002/1089
f 768/1274/1090 364/1275/1090 756/1242/1090
f 768/1274/1090 756/1242/1090 755/1241/1090
f 364/639/1091 358/633/1091 758/1276/1091
f 364/639/1091 758/1276/1091 756/1277/1091
f 592/1003/1092 590/1001/1092 785/1278/1092
f 590/1001/1092 786/1279/1092 785/1278/1092
f 358/633/1093 357/632/1093 773/1280/1093
f 358/633/1093 773/1280/1093 758/1276/1093
f 357/1281/1094 787/1282/1094 774/1263/1094
f 357/1281/1094 774/1263/1094 773/1262/1094
f 770/1259/1095 592/1003/1095 788/1283/1095
f 592/1003/1095 785/1278/1095 788/1283/1095
f 753/1229/1055 789/1284/1096 752/1228/1054
f 789/1284/1096 790/1285/1096 752/1228/1054
f 791/1286/1097 792/1287/1097 575/986/1097
f 791/1286/1097 575/986/1097 578/989/1097
f 793/1288/1098 628/1051/907 630/1053/909
f 793/1288/1098 630/1053/909 642/1067/1099
f 794/1289/1100 793/1288/1098 644/1069/1101
f 793/1288/1098 642/1067/1099 644/1069/1101
f 643/1068/922 632/1055/911 795/1290/1102
f 632/1055/911 634/1057/913 795/1290/1102
f 645/1070/924 643/1068/922 795/1290/1102
f 645/1070/924 795/1290/1102 731/1175/1004
f 661/1087/941 796/1291/1103 797/1292/1103
f 662/1088/942 661/1087/941 797/1292/1103
f 798/1293/1103 662/1088/942 797/1292/1103
f 631/1054/1104 633/1056/912 630/1053/940
f 633/1056/912 632/1055/911 630/1053/940
f 799/1294/1105 633/1295/1105 751/1227/1105
f 799/1294/1105 751/1227/1105 750/1226/1105
f 633/1056/1106 631/1054/1106 753/1296/1106
f 633/1056/1106 753/1296/1106 751/1297/1106
f 776/1265/1107 771/1260/1107 800/1298/1107
f 776/1265/1107 800/1298/1107 801/1299/1107
f 631/1054/1108 629/1052/1108 789/1300/1108
f 631/1054/1108 789/1300/1108 753/1296/1108
f 629/1301/1109 759/1302/1109 790/1285/1109
f 629/1301/1109 790/1285/1109 789/1284/1109
f 777/1266/1110 776/1265/1110 801/1299/1110
f 777/1266/1110 801/1299/1110 802/1303/1110
f 779/1304/1111 784/1305/1111 589/1000/1111
f 779/1304/1111 589/1000/1111 591/1002/1111
f 787/1282/1112 799/1294/1112 771/1260/1112
f 787/1282/1112 771/1260/1112 770/1259/1112
f 782/1306/1113 780/1307/1113 769/1258/1113
f 782/1306/1113 769/1258/1113 772/1261/1113
f 781/1308/1114 782/1306/1114 775/1264/1114
f 782/1306/1114 772/1261/1114 775/1264/1114
f 783/1309/1115 781/1308/1115 778/1267/1115
f 781/1308/1115 775/1264/1115 778/1267/1115
f 759/1302/1116 768/1274/1116 590/1001/1116
f 759/1302/1116 590/1001/1116 777/1266/1116
f 784/1305/1117 783/1309/1117 589/1000/1117
f 783/1309/1117 778/1267/1117 589/1000/1117
f 780/1307/1118 779/1304/1118 591/1002/1118
f 780/1307/1118 591/1002/1118 769/1258/1118
f 768/1274/1119 755/1241/1119 786/1279/1119
f 768/1274/1119 786/1279/1119 590/1001/1119
f 755/1241/1120 757/1243/1120 785/1278/1120
f 755/1241/1120 785/1278/1120 786/1279/1120
f 757/1243/1121 774/1263/1121 788/1283/1121
f 757/1243/1121 788/1283/1121 785/1278/1121
f 774/1263/1122 787/1282/1122 770/1259/1122
f 774/1263/1122 770/1259/1122 788/1283/1122
f 799/1294/1122 750/1226/1122 800/1298/1122
f 799/1294/1122 800/1298/1122 771/1260/1122
f 750/1226/1123 752/1228/1123 801/1299/1123
f 750/1226/1123 801/1299/1123 800/1298/1123
f 752/1228/1124 790/1285/1124 802/1303/1124
f 752/1228/1124 802/1303/1124 801/1299/1124
f 790/1285/1119 759/1302/1119 777/1266/1119
f 790/1285/1119 777/1266/1119 802/1303/1119
f 803/1310/1125 804/1311/1125 805/1312/1125
f 803/1310/1125 805/1312/1125 806/1313/1125
f 807/1314/1126 808/1315/1126 803/1310/1126
f 807/1314/1126 803/1310/1126 806/1313/1126
f 809/1316/1127 810/1317/1127 808/1315/1127
f 809/1316/1127 808/1315/1127 807/1314/1127
f 811/1318/1128 812/1319/1128 635/1320/1128
f 811/1318/1128 635/1320/1128 633/1321/1128
f 811/1318/1128 633/1321/1128 799/1322/1128
f 799/1322/1129 787/1323/1129 811/1318/1129
f 787/1323/1129 813/1324/1129 811/1318/1129
f 787/1323/1130 357/1325/1130 814/1326/1130
f 787/1323/1130 814/1326/1130 813/1324/1130
f 815/1327/1131 816/1328/1131 817/1329/1131
f 815/1327/1131 817/1329/1131 616/1232/1059
f 815/1327/1131 616/1232/1059 582/993/1061
f 581/992/1132 818/1330/1132 815/1327/1132
f 581/992/1132 815/1327/1132 582/993/1132
f 360/1231/1058 366/1331/1133 581/992/1057
f 366/1331/1133 818/1330/1133 581/992/1057
f 819/1332/1134 820/1333/1134 821/1334/1134
f 820/1333/1134 822/1335/1134 821/1334/1134
f 823/1336/1135 824/1337/1135 821/1334/1135
f 824/1337/1135 819/1332/1136 821/1334/1135
f 811/1338/1137 813/1339/1137 576/987/1137
f 811/1338/1137 576/987/1137 575/986/1137
f 573/1340/1138 574/1341/1138 577/988/1138
f 574/1341/1138 578/989/1138 577/988/1138
f 813/1339/1139 814/1342/1139 748/1224/1139
f 813/1339/1139 748/1224/1139 576/987/1139
f 814/1343/1140 356/631/1140 748/1344/1140
f 356/631/1140 749/1345/1140 748/1344/1140
f 356/1346/1141 573/1340/1141 577/988/1141
f 356/1346/1141 577/988/1141 749/1225/1141
f 636/1347/1142 812/1348/1142 791/1349/1142
f 812/1348/1142 792/1350/1142 791/1349/1142
f 812/1351/1143 811/1338/1143 575/986/1143
f 812/1351/1143 575/986/1143 792/1287/1143
f 574/1341/1144 636/1352/1144 578/989/1144
f 636/1352/1144 791/1286/1144 578/989/1144
f 762/1353/1145 761/1354/1145 803/1310/1145
f 761/1354/1145 804/1311/1145 803/1310/1145
f 761/1355/1146 626/1356/1146 805/1357/1146
f 761/1355/1146 805/1357/1146 804/1358/1146
f 626/1359/1147 588/1360/1147 806/1313/1147
f 626/1359/1147 806/1313/1147 805/1312/1147
f 767/1361/1148 762/1353/1148 803/1310/1148
f 767/1361/1148 803/1310/1148 808/1315/1148
f 588/1360/1149 587/1362/1149 807/1314/1149
f 588/1360/1149 807/1314/1149 806/1313/1149
f 363/1363/1150 365/1364/1150 810/1317/1150
f 363/1363/1150 810/1317/1150 809/1316/1150
f 365/1365/1151 767/1361/1151 810/1317/1151
f 767/1361/1151 808/1315/1151 810/1317/1151
f 587/1362/1152 363/1366/1152 807/1314/1152
f 363/1366/1152 809/1316/1152 807/1314/1152
f 825/1367/1153 826/1368/1153 824/1337/1153
f 825/1367/1153 824/1337/1153 823/1336/1153
f 815/1369/1154 818/1370/1154 593/1004/1154
f 818/1370/1154 594/1005/1154 593/1004/1154
f 583/1371/1155 585/1372/1155 596/1007/1155
f 583/1371/1155 596/1007/1155 595/1006/1155
f 818/1370/1156 366/1373/1156 594/1005/1156
f 366/1373/1156 763/1250/1156 594/1005/1156
f 366/641/1157 362/637/1157 763/1374/1157
f 362/637/1157 764/1375/1157 763/1374/1157
f 362/1376/1158 583/1371/1158 764/1251/1158
f 583/1371/1158 595/1006/1158 764/1251/1158
f 622/1377/1159 816/1378/1159 766/1379/1159
f 622/1377/1159 766/1379/1159 765/1380/1159
f 816/1381/1160 815/1369/1160 593/1004/1160
f 816/1381/1160 593/1004/1160 766/1253/1160
f 585/1372/1161 622/1382/1161 765/1252/1161
f 585/1372/1161 765/1252/1161 596/1007/1161
f 579/1383/1162 754/1384/1162 819/1332/1162
f 754/1384/1162 820/1333/1162 819/1332/1162
f 754/1385/1163 640/1386/1163 820/1387/1163
f 640/1386/1163 822/1388/1163 820/1387/1163
f 640/1389/1164 571/1390/1164 822/1335/1164
f 571/1390/1164 821/1334/1164 822/1335/1164
f 580/1391/1165 579/1383/1165 819/1332/1165
f 580/1391/1165 819/1332/1165 824/1337/1165
f 571/1390/1166 570/1392/1166 821/1334/1166
f 570/1392/1166 823/1336/1166 821/1334/1166
f 355/630/1167 359/634/1167 826/1393/1167
f 355/630/1167 826/1393/1167 825/1394/1167
f 359/1395/1168 580/1391/1168 826/1368/1168
f 580/1391/1168 824/1337/1168 826/1368/1168
f 570/1392/1169 355/1396/1169 825/1367/1169
f 570/1392/1169 825/1367/1169 823/1336/1169
f 827/1397/1170 828/1398/1171 628/1051/907
f 827/1397/1170 628/1051/907 793/1288/1098
f 829/1399/1172 827/1397/1170 794/1289/1100
f 827/1397/1170 793/1288/1098 794/1289/1100
f 830/1400/1173 831/1401/1174 832/1402/1175
f 830/1400/1173 832/1402/1175 833/1403/1176
f 834/1404/1177 830/1400/1173 833/1403/1176
f 834/1404/1177 833/1403/1176 835/1405/1178
f 828/1398/1171 760/1406/1179 629/1052/908
f 828/1398/1171 629/1052/908 628/1051/907
f 832/1402/1175 831/1401/1174 836/1407/1180
f 837/1408/1180 832/1402/1175 836/1407/1180
f 838/1409/1180 837/1408/1180 836/1407/1180
f 839/1410/1181 829/1399/1172 715/1154/1182
f 829/1399/1172 794/1289/1100 715/1154/1182
f 714/1153/1183 726/1168/1183 840/1411/1183
f 715/1154/1183 714/1153/1183 840/1411/1183
f 839/1410/1183 715/1154/1183 840/1411/1183
f 841/1412/1184 840/1411/1184 724/1167/1184
f 840/1411/1184 726/1168/1184 724/1167/1184
f 842/1413/1185 841/1414/1185 724/1165/1185
f 842/1413/1185 724/1165/1185 722/1163/1185
f 703/1140/1186 704/1141/1186 843/1415/1186
f 722/1163/1186 703/1140/1186 843/1415/1186
f 842/1413/1186 722/1163/1186 843/1415/1186
f 656/1081/1187 844/1416/1188 704/1141/1189
f 844/1416/1188 843/1415/1189 704/1141/1189
f 657/1082/1190 845/1417/1191 656/1081/1187
f 845/1417/1191 844/1416/1188 656/1081/1187
f 615/1036/1192 846/1418/1193 845/1417/1191
f 615/1036/1192 845/1417/1191 657/1082/1190
f 616/1037/1194 817/1419/1194 615/1036/1192
f 817/1419/1194 846/1418/1193 615/1036/1192
f 847/1420/1195 834/1404/1177 848/1421/1195
f 834/1404/1177 835/1405/1178 848/1421/1195
f 849/1422/1196 847/1420/1196 848/1421/1196
f 848/1421/1197 850/1423/1197 851/1424/1197
f 848/1421/1197 851/1424/1197 849/1422/1197
f 850/1425/1198 852/1426/1198 853/1427/1198
f 850/1425/1198 853/1427/1198 851/1428/1198
f 852/1426/1199 854/1429/1199 853/1427/1199
f 855/1430/1200 856/1431/1201 854/1429/1202
f 855/1430/1200 854/1429/1202 852/1426/1202
f 857/1432/1203 858/1433/1204 855/1430/1200
f 858/1433/1204 856/1431/1201 855/1430/1200
f 859/1434/1205 860/1435/1206 857/1432/1203
f 860/1435/1206 858/1433/1204 857/1432/1203
f 859/1434/1205 861/1436/1207 862/1437/1207
f 860/1435/1206 859/1434/1205 862/1437/1207
f 863/1438/1207 860/1435/1206 862/1437/1207
f 846/1439/1208 817/1440/1209 619/1040/1209
f 846/1439/1208 619/1040/1209 618/1039/1210
f 817/1441/1211 816/1378/1212 619/1040/1211
f 816/1378/1212 621/1042/1212 619/1040/1211
f 816/1378/1212 622/1377/1212 621/1042/1212
f 622/1377/1212 620/1041/1212 621/1042/1212
f 622/1377/1213 624/1442/1214 620/1041/1213
f 624/1442/1214 617/1038/1215 620/1041/1213
f 827/1443/1216 829/1444/1217 648/1073/1218
f 827/1443/1216 648/1073/1218 647/1072/1219
f 680/1445/1220 663/1446/1221 649/1074/1222
f 663/1446/1221 646/1071/1223 649/1074/1222
f 844/1447/1224 845/1448/1225 651/1076/1226
f 844/1447/1224 651/1076/1226 650/1075/1227
f 665/1449/1228 687/1450/1229 653/1078/1230
f 687/1450/1229 652/1077/1231 653/1078/1230
f 828/1451/1232 827/1452/1216 647/1072/1219
f 828/1451/1232 647/1072/1219 662/1088/1233
f 663/1453/1221 627/1454/1234 646/1071/1223
f 627/1454/1234 661/1087/1235 646/1071/1223
f 845/1455/1225 846/1456/1208 651/1076/1226
f 846/1456/1208 618/1039/1210 651/1076/1226
f 624/1457/1214 665/1458/1228 653/1078/1230
f 624/1457/1214 653/1078/1230 617/1038/1215
f 842/1459/1236 843/1460/1237 706/1143/1238
f 842/1459/1236 706/1143/1238 705/1142/1239
f 685/1461/1240 682/1462/1241 708/1145/1242
f 685/1461/1240 708/1145/1242 707/1144/1243
f 841/1463/1244 842/1464/1236 709/1146/1245
f 842/1464/1236 705/1142/1239 709/1146/1245
f 682/1465/1241 681/1466/1246 708/1147/1242
f 681/1466/1246 710/1148/1247 708/1147/1242
f 840/1467/1248 841/1468/1244 709/1149/1245
f 840/1467/1248 709/1149/1245 711/1150/1249
f 839/1469/1250 840/1470/1248 712/1151/1251
f 840/1470/1248 711/1150/1249 712/1151/1251
f 843/1471/1237 844/1472/1224 650/1075/1227
f 843/1471/1237 650/1075/1227 706/1143/1238
f 687/1473/1229 685/1474/1240 652/1077/1231
f 685/1474/1240 707/1144/1243 652/1077/1231
f 681/1475/1246 680/1476/1220 649/1074/1222
f 681/1475/1246 649/1074/1222 710/1148/1247
f 829/1477/1217 839/1478/1250 648/1073/1218
f 839/1478/1250 712/1151/1251 648/1073/1218
f 626/1356/1252 761/1355/1253 796/1479/1252
f 761/1355/1253 797/1292/1254 796/1479/1252
f 761/1355/1253 760/1480/1255 798/1293/1256
f 761/1355/1253 798/1293/1256 797/1292/1254
f 760/1481/1257 828/1482/1232 798/1293/1257
f 828/1482/1232 662/1088/1233 798/1293/1257
f 627/1483/1234 626/1484/1258 796/1291/1258
f 627/1483/1234 796/1291/1258 661/1087/1235
f 795/1485/1259 634/1486/1260 830/1400/1261
f 634/1486/1260 831/1401/1262 830/1400/1261
f 638/1487/1263 660/1488/1264 833/1403/1265
f 638/1487/1263 833/1403/1265 832/1402/1266
f 731/1489/1267 795/1490/1259 834/1404/1268
f 795/1490/1259 830/1400/1261 834/1404/1268
f 660/1491/1264 676/1492/1269 835/1405/1270
f 660/1491/1264 835/1405/1270 833/1403/1265
f 634/1493/1260 635/1494/1271 836/1407/1271
f 634/1493/1260 836/1407/1271 831/1401/1262
f 635/1495/1272 812/1348/1273 836/1407/1274
f 812/1348/1273 838/1409/1275 836/1407/1274
f 812/1348/1273 636/1347/1276 837/1496/1276
f 812/1348/1273 837/1496/1276 838/1409/1275
f 636/1497/1277 638/1498/1263 837/1408/1277
f 638/1498/1263 832/1402/1266 837/1408/1277
f 717/1499/1278 731/1500/1267 834/1404/1268
f 717/1499/1278 834/1404/1268 847/1420/1279
f 676/1501/1269 674/1502/1280 835/1405/1270
f 674/1502/1280 848/1421/1281 835/1405/1270
f 716/1503/1282 717/1504/1278 847/1420/1279
f 716/1503/1282 847/1420/1279 849/1422/1283
f 674/1505/1280 671/1506/1284 850/1423/1285
f 674/1505/1280 850/1423/1285 848/1421/1281
f 718/1507/1286 716/1508/1282 851/1424/1287
f 716/1508/1282 849/1422/1283 851/1424/1287
f 671/1509/1284 669/1510/1288 850/1425/1285
f 669/1510/1288 852/1426/1289 850/1425/1285
f 701/1511/1290 718/1512/1286 851/1428/1287
f 701/1511/1290 851/1428/1287 853/1427/1291
f 702/1513/1292 701/1514/1290 854/1429/1293
f 701/1514/1290 853/1427/1291 854/1429/1293
f 654/1515/1294 702/1516/1292 856/1431/1295
f 702/1516/1292 854/1429/1293 856/1431/1295
f 669/1517/1288 668/1518/1296 855/1430/1297
f 669/1517/1288 855/1430/1297 852/1426/1289
f 655/1519/1298 654/1520/1294 858/1433/1299
f 654/1520/1294 856/1431/1295 858/1433/1299
f 668/1521/1296 658/1522/1300 857/1432/1301
f 668/1521/1296 857/1432/1301 855/1430/1297
f 613/1523/1302 655/1524/1298 858/1433/1299
f 613/1523/1302 858/1433/1299 860/1435/1303
f 658/1525/1300 641/1526/1304 857/1432/1301
f 641/1526/1304 859/1434/1305 857/1432/1301
f 640/1386/1306 754/1385/1307 861/1436/1306
f 754/1385/1307 862/1437/1307 861/1436/1306
f 754/1385/1307 614/1527/1308 863/1528/1308
f 754/1385/1307 863/1528/1308 862/1437/1307
f 614/1529/1309 613/1530/1302 863/1438/1309
f 613/1530/1302 860/1435/1303 863/1438/1309
f 641/1531/1304 640/1532/1310 861/1436/1310
f 641/1531/1304 861/1436/1310 859/1434/1305
f 721/1162/1311 720/1161/1311 733/1177/1311
f 721/1162/1311 733/1177/1311 732/1176/1311
f 598/1009/1312 597/1008/1312 735/1533/1312
f 598/1009/1312 735/1533/1312 734/1534/1312
f 720/1161/1313 723/1164/1313 733/1177/1313
f 723/1164/1313 736/1180/1313 733/1177/1313
f 601/1012/1314 598/1009/1314 737/1535/1314
f 598/1009/1314 734/1534/1314 737/1535/1314
f 723/1164/1315 725/1166/1315 738/1182/1315
f 723/1164/1315 738/1182/1315 736/1180/1315
f 603/1014/1316 601/1012/1316 739/1536/1316
f 601/1012/1316 737/1535/1316 739/1536/1316
f 725/1170/1317 727/1169/1318 864/1537/1319
f 605/1017/1320 603/1016/1321 741/1538/1320
f 603/1016/1321 739/1539/1320 741/1538/1320
f 727/1169/1322 728/1171/1322 864/1537/1322
f 728/1171/1322 865/1540/1322 864/1537/1322
f 607/1020/1323 605/1017/1323 743/1541/1323
f 605/1017/1323 741/1538/1323 743/1541/1323
f 728/1171/1324 729/1172/1324 866/1542/1324
f 728/1171/1324 866/1542/1324 865/1543/1324
f 609/1022/1325 607/1020/1325 743/1544/1325
f 609/1022/1325 743/1544/1325 745/1545/1325
f 866/1542/1326 730/1173/1327 746/1197/1328
f 866/1542/1326 746/1197/1328 744/1196/1328
f 611/1024/1329 609/1022/1329 745/1545/1330
f 611/1024/1329 745/1545/1330 747/1546/1330
f 730/1174/1331 721/1162/1332 746/1200/1331
f 721/1162/1332 732/1176/1332 746/1200/1331
f 597/1008/1333 611/1024/1334 747/1546/1334
f 597/1008/1333 747/1546/1334 735/1533/1334
f 867/1547/1335 868/1548/1336 869/1549/1337
f 868/1548/1336 870/1550/1338 869/1549/1337
f 871/1551/1339 872/1552/1340 873/1553/1341
f 871/1551/1339 873/1553/1341 874/1554/1342
f 868/1555/1343 875/1556/1344 870/1557/1345
f 875/1556/1344 876/1558/1346 870/1557/1345
f 875/1559/1347 877/1560/1348 876/1561/1349
f 877/1560/1348 878/1562/1350 876/1561/1349
f 878/1562/1351 869/1549/1352 879/1563/1353
f 880/1564/1354 864/1565/1355 865/1566/1355
f 872/1567/1356 880/1564/1354 865/1566/1355
f 873/1568/1355 872/1567/1356 865/1566/1355
f 874/1554/1357 742/1189/1358 740/1188/1357
f 871/1551/1359 874/1554/1357 740/1188/1357
f 881/1569/1360 871/1551/1359 740/1188/1357
f 740/1188/1361 864/1570/1361 880/1571/1362
f 740/1188/1361 880/1571/1362 881/1569/1363
f 871/1551/1359 881/1569/1360 882/1572/1364
f 871/1551/1359 882/1572/1364 883/1573/1365
f 877/1560/1366 744/1193/1367 742/1192/1367
f 867/1547/1368 877/1560/1366 742/1192/1367
f 874/1574/1367 867/1547/1368 742/1192/1367
f 883/1573/1365 882/1572/1364 884/1575/1369
f 877/1560/1366 867/1547/1368 878/1562/1351
f 867/1547/1368 869/1549/1352 878/1562/1351
f 885/1576/1370 886/1577/1371 884/1575/1370
f 886/1577/1371 883/1573/1372 884/1575/1370
f 887/1578/1373 886/1579/1374 885/1580/1375
f 882/1572/1376 887/1581/1377 885/1582/1378
f 882/1572/1376 885/1582/1378 884/1575/1378
f 873/1583/1379 868/1584/1336 867/1547/1335
f 873/1583/1379 867/1547/1335 874/1574/1379
f 873/1585/1380 865/1586/1380 866/1587/1380
f 868/1555/1343 873/1585/1380 866/1587/1380
f 875/1556/1344 868/1555/1343 866/1587/1380
f 866/1588/1381 744/1193/1381 875/1589/1347
f 744/1193/1381 877/1560/1348 875/1589/1347
f 881/1569/1363 880/1590/1362 887/1591/1377
f 881/1569/1363 887/1591/1377 882/1572/1376
f 880/1564/1354 872/1567/1356 886/1579/1374
f 880/1564/1354 886/1579/1374 887/1578/1373
f 883/1573/1372 886/1592/1371 872/1593/1340
f 883/1573/1372 872/1593/1340 871/1551/1339
f 876/1594/1349 878/1562/1350 888/1595/1382
f 878/1562/1350 879/1563/1382 888/1595/1382
f 870/1557/1345 876/1558/1346 888/1596/1383
f 869/1549/1337 870/1597/1338 879/1563/1384
f 870/1597/1338 888/1598/1384 879/1563/1384
f 715/1154/1182 794/1289/1100 644/1069/1101
f 715/1154/1003 644/1069/923 645/1070/924
f 331/627/1385 358/633/1385 351/618/460
f 358/633/1385 364/639/461 351/618/460
f 357/632/452 327/587/454 814/1343/1386
f 327/587/454 356/631/1386 814/1343/1386
f 332/595/463 366/641/465 360/635/1387
f 325/585/1388 332/595/456 359/634/455
f 325/585/1388 359/634/455 355/630/1388
f 725/1170/1317 864/1537/1319 738/1184/1389
f 864/1537/1319 740/1185/1389 738/1184/1389
f 729/1172/1390 730/1173/1327 866/1542/1326
s off
g Hair_standardSurface4SG
v -2.12048 6.05977 1.98803
v -1.19692 5.96394 2.67163
v -1.76857 6.68858 1.88536
v -1.13983 6.86703 2.21021
v 0 6.03943 2.84937
v 0 7.08088 2.44621
v 1.19692 5.96394 2.67416
v 1.13984 6.86701 2.21023
v 2.12048 6.05977 1.98803
v 1.76857 6.68858 1.88536
v -2.09579 7.21716 0.716388
v -1.66376 7.35922 0.714269
v -1.24104 7.77963 0.871012
v 0 7.92821 1.15735
v 1.15856 7.74318 1.05367
v 2.0818 7.17579 0.841753
v 0 8.2106 0.063445
v -1.30541 7.94386 0.048078
v 1.22452 7.97763 0.048078
v 2.18274 7.27402 -0.098233
v -1.2041 7.75875 -0.929534
v 0 7.96406 -1.10864
v 1.18409 7.72219 -1.12261
v 2.04339 7.09379 -1.00554
v -1.84925 6.83515 -1.79667
v -2.02981 7.20404 -0.883814
v -1.51226 7.51335 -0.884809
v -1.07715 7.11102 -1.94947
v 0 7.29768 -2.14588
v 1.07715 7.11102 -1.94947
v 1.84925 6.83515 -1.79667
v -1.1264 6.3907 -2.486
v -2.10231 6.29916 -2.03516
v 0 6.42048 -2.65034
v 1.1264 6.3907 -2.486
v 2.10231 6.29916 -2.03516
v -1.12276 4.88348 -2.66702
v -2.08729 4.91845 -2.13736
v 0 4.86145 -2.81897
v 1.12276 4.88348 -2.66702
v 2.08729 4.91845 -2.13736
v -2.04032 4.0441 -1.98852
v -1.06001 3.9662 -2.45124
v 0 3.94578 -2.58246
v 1.06001 3.9662 -2.45124
v 2.04032 4.0441 -1.98852
v 2.61708 4.16167 -1.23319
v 2.69611 4.93364 -1.24786
v 2.77683 4.25292 -0.646992
v 2.93058 4.98415 -0.54197
v 2.67947 6.26714 -1.18026
v 2.8603 6.19917 -0.349961
v 2.73232 6.10432 0.618027
v -2.61708 4.16167 -1.23319
v -2.69611 4.93364 -1.24786
v -2.77683 4.25292 -0.646992
v -2.93058 4.98415 -0.54197
v -2.70011 6.25648 -1.08197
v -2.8603 6.19917 -0.349961
v -2.15047 7.36009 -0.098233
v -2.74365 6.11272 0.52973
v 2.36297 4.9915 1.88708
v 2.90543 4.98567 0.493751
v -2.36297 4.9915 1.88708
v -2.90543 4.98567 0.493751
v -2.34061 4.58895 1.89241
v -2.6534 4.53519 1.00989
v -2.19669 4.20006 1.88708
v -3.00785 5.07126 -0.008055
v 2.34061 4.58895 1.89241
v 2.6534 4.53519 1.00989
v 0 5.60806 2.89863
v -0.916376 5.35048 2.73617
v 0 4.77416 2.75481
v 0.253157 4.79713 2.74625
v -1.45489 5.6078 2.59057
v 1.45489 5.6078 2.61398
v -2.23372 5.09673 2.014
v -1.53196 5.28799 2.49855
v -2.0538 4.77692 2.06954
v 2.23372 5.09673 2.014
v 1.53196 5.28799 2.50616
v 2.0538 4.77692 2.06954
v 2.19669 4.20006 1.88708
v 0.56141 4.94983 2.74876
v 0.785918 4.97367 2.67416
v -1.79773 7.39124 -0.050648
v -1.56482 7.46787 -0.264449
v -1.61014 7.3908 0.175936
v -1.4614 7.68313 0.022507
v -1.60918 7.55711 -0.264449
v -1.84503 7.46063 -0.050648
v -1.64364 7.48325 0.175936
v -1.48071 7.75318 0.022507
v -1.73852 7.81731 -0.264449
v -1.5113 7.95917 0.022507
v -1.74805 7.76311 0.175936
v -1.99277 7.66476 -0.050648
v -1.84274 8.02126 -0.264449
v -1.55971 8.12031 0.022507
v -1.89499 7.99342 0.175936
v -2.19639 7.83016 -0.050648
v -1.61308 8.20917 0.022507
v -1.90008 8.14022 -0.264449
v -2.01599 8.12023 0.175936
v -2.32084 7.91822 -0.050648
v 3.00785 5.07126 -0.008055
v -1.91352 3.58676 -1.72227
v -1.00178 3.41971 -2.05236
v -0.918128 3.48728 -1.88931
v -1.73392 3.67688 -1.56262
v 0 3.33177 -2.22327
v 0 3.43332 -1.9478
v 1.00178 3.41971 -2.05236
v 0.918128 3.48728 -1.88932
v 1.91352 3.58676 -1.72227
v 1.73392 3.67688 -1.56262
v 2.4556 3.88487 -1.15025
v 2.21884 3.98075 -1.0153
v 2.49084 4.26775 -0.551701
v 2.65369 5.00732 -0.481739
v -2.4556 3.88487 -1.15025
v -2.21884 3.98075 -1.0153
v -2.49084 4.26775 -0.551701
v -2.65369 5.00732 -0.481739
v 1.90523 6.00991 1.82622
v 2.09242 4.94809 1.77662
v -1.90798 6.01356 1.82734
v -2.09167 4.95119 1.77832
v 2.07215 4.63158 1.79164
v -2.07215 4.63158 1.79164
v -2.72771 5.04058 -0.017416
v -2.62959 4.98504 0.402281
v -2.38975 4.6027 0.901696
v 2.62924 4.98597 0.402348
v 2.38975 4.6027 0.901697
v -1.09298 5.92918 2.4234
v -0.870975 5.37236 2.44539
v 0.011478 4.82445 2.46317
v 1.09371 5.9465 2.43128
v 0.674582 4.99957 2.39578
v 0.238544 4.84806 2.45096
v -2.0666 5.11147 1.77676
v -1.29866 5.5837 2.35323
v 1.30021 5.58931 2.38443
v 2.06116 5.10705 1.78151
v -1.89455 4.82889 1.82053
v -1.3702 5.32036 2.24803
v 1.37026 5.33275 2.25746
v 1.89263 4.82562 1.82123
v -1.93185 4.29943 1.78716
v 1.93185 4.29943 1.78716
v 0.454539 4.95502 2.46798
v -0.031483 5.63301 2.6061
v 2.72745 5.04147 -0.017295
vn -0.511326 0.413862 0.75317
vn -0.314062 0.411491 0.855593
vn -0.318867 0.41178 0.853675
vn -0.000375 0.411949 0.911207
vn -0.000428 0.411948 0.911207
vn 0.313721 0.412576 0.855196
vn 0.318714 0.412876 0.853203
vn 0.511964 0.414893 0.752168
vn -0.494222 0.766348 0.410433
vn -0.51941 0.730919 0.442686
vn -0.336559 0.786658 0.517588
vn -0.532043 0.750376 0.392257
vn -0.325588 0.851612 0.410793
vn -0.021608 0.821556 0.569717
vn -0.015792 0.89351 0.448765
vn 0.326797 0.768993 0.549413
vn 0.348598 0.845405 0.404684
vn 0.509474 0.694911 0.507479
vn 0.553532 0.763164 0.333441
vn 0.00117 0.999991 0.00417
vn -0.288043 0.957611 0.003439
vn 0.373053 0.927808 -0.002078
vn 0.586348 0.809161 -0.038124
vn -0.292075 0.879117 -0.376624
vn -0.011783 0.92238 -0.386105
vn 0.34715 0.86351 -0.365837
vn 0.545163 0.773867 -0.322379
vn -0.457062 0.765672 -0.452593
vn -0.466948 0.781883 -0.413061
vn -0.482267 0.780999 -0.396812
vn -0.316779 0.801636 -0.506982
vn -0.02509 0.827952 -0.560238
vn 0.30816 0.784503 -0.538138
vn 0.484342 0.729821 -0.482466
vn -0.373532 0.550476 -0.746626
vn -0.253669 0.546382 -0.798197
vn -0.285506 0.260526 -0.922286
vn -0.441491 0.211308 -0.872029
vn 0 0.55007 -0.835119
vn 0 0.28255 -0.959253
vn 0.25367 0.546382 -0.798197
vn 0.285506 0.260526 -0.922286
vn 0.373531 0.550476 -0.746626
vn 0.441491 0.211308 -0.872029
vn -0.291938 -0.02304 -0.95616
vn -0.456979 -0.024927 -0.889128
vn -0 -0.021211 -0.999775
vn 0.291938 -0.02304 -0.95616
vn 0.456979 -0.024927 -0.889128
vn -0.434787 -0.341073 -0.833444
vn -0.280107 -0.360146 -0.889851
vn 0 -0.372518 -0.928025
vn 0.280107 -0.360146 -0.889851
vn 0.434787 -0.341073 -0.833444
vn 0.85588 -0.221752 -0.467222
vn 0.80097 -0.237126 -0.549744
vn 0.822829 -0.021364 -0.567888
vn 0.889907 -0.01559 -0.455876
vn 0.950655 -0.151191 -0.270916
vn 0.964152 0.008209 -0.265223
vn 0.876658 0.283064 -0.389032
vn 0.816364 0.226911 -0.531094
vn 0.908591 0.4069 -0.094313
vn 0.702353 0.582399 -0.409283
vn 0.763681 0.588851 -0.264664
vn 0.842264 0.538569 0.023135
vn 0.83873 0.47694 0.262794
vn 0.833231 0.471659 0.288555
vn 0.800194 0.442988 0.40429
vn -0.80097 -0.237126 -0.549744
vn -0.85588 -0.221752 -0.467222
vn -0.829454 -0.011753 -0.558451
vn -0.888309 -0.009869 -0.45914
vn -0.950655 -0.151191 -0.270916
vn -0.96328 0.007724 -0.268387
vn -0.823527 0.245248 -0.511524
vn -0.877165 0.286288 -0.385514
vn -0.912435 0.397957 -0.095356
vn -0.720834 0.566277 -0.399661
vn -0.77662 0.569403 -0.269522
vn -0.850152 0.526303 0.015679
vn -0.840437 0.47027 0.269281
vn -0.836922 0.467693 0.284296
vn -0.805647 0.44581 0.390112
vn 0.913722 0.134142 0.383561
vn -0.915026 0.145026 0.376423
vn -0.924507 -0.15232 0.349406
vn -0.930777 -0.098949 0.351943
vn -0.8828 -0.33125 0.333073
vn -0.973369 0.164465 0.159698
vn -0.990423 0.127087 0.053964
vn -0.966618 0.131736 0.219762
vn 0.932019 -0.084342 0.352458
vn 0.924507 -0.15232 0.349406
vn 0.930777 -0.098949 0.351943
vn -0.145659 -0.04282 0.988408
vn -0.160858 -0.049445 0.985738
vn -0.125923 -0.168603 0.977607
vn 0.048714 -0.169755 0.984282
vn -0.563918 0.227804 0.79379
vn -0.623037 0.114122 0.773822
vn -0.601726 0.157711 0.782977
vn 0.635176 0.121076 0.762819
vn 0.556021 0.269915 0.786121
vn 0.607171 0.178246 0.77432
vn -0.538076 -0.133999 0.832177
vn 0.538766 -0.154335 0.828198
vn 0.538767 -0.154335 0.828198
vn -0.932019 -0.084341 0.352458
vn 0.8828 -0.331249 0.333073
vn 0.213107 -0.042661 0.976097
vn 0.150847 0.112174 0.982172
vn 0.200423 -0.009983 0.979658
vn 0.222804 -0.068082 0.972483
vn -0.152871 0.112139 0.981863
vn -0.173526 0.043934 0.983849
vn -0.246758 0.96893 0.016902
vn -0.122348 0.989667 0.074764
vn -0.557648 0.829641 0.026918
vn -0.528803 0.848612 0.014992
vn -0.871573 0.488658 -0.039679
vn -0.567665 -0.327999 -0.755098
vn -0.538231 -0.318436 -0.780324
vn -0.536196 -0.317767 -0.781996
vn -0.702108 -0.350516 0.619825
vn -0.648926 -0.333968 0.683638
vn -0.640985 -0.331421 0.692313
vn 0.519799 0.168893 0.837427
vn 0.506484 0.150896 0.848943
vn 0.499406 0.141464 0.85474
vn 0.781702 0.312404 -0.539765
vn 0.75922 0.275158 -0.589807
vn 0.752618 0.264955 -0.602798
vn 0.708256 0.26528 -0.654217
vn 0.699829 0.267088 -0.662498
vn 0.444653 0.161552 0.881014
vn 0.421057 0.17173 0.890629
vn -0.54561 -0.369812 0.75203
vn -0.527939 -0.378039 0.760504
vn -0.464703 -0.328113 -0.822431
vn -0.460639 -0.328876 -0.82441
vn 0.642998 0.297544 -0.705706
vn 0.644731 0.295047 -0.705173
vn 0.345153 0.218795 0.912687
vn 0.352171 0.212763 0.911432
vn -0.427023 -0.412268 0.804789
vn -0.412735 -0.414245 0.811203
vn -0.370011 -0.316233 -0.873549
vn -0.377562 -0.320895 -0.868604
vn 0.619657 0.330092 -0.712085
vn 0.308609 0.249497 0.917884
vn 0.308609 0.249497 0.917885
vn -0.367462 -0.419754 0.829927
vn -0.336267 -0.295289 -0.894276
vn -0.363177 0.930192 -0.053351
vn -0.393652 0.917169 -0.061963
vn -0.220523 0.975285 -0.013758
vn -0.501131 0.860378 -0.092829
vn 0.646365 0.096418 0.756912
vn -0.631847 0.095043 0.769244
vn 0.973701 0.163614 0.158545
vn 0.990165 0.127901 0.056697
vn 0.983466 0.156355 0.091368
vn -0.98402 0.155191 0.08729
vn -0.984419 0.081562 -0.15578
vn 0.967653 0.125425 0.218897
vn 0.984419 0.081562 -0.15578
vn 0.014027 -0.878708 0.477154
vn -0.019498 -0.912604 0.408379
vn -0.020689 -0.916536 0.399418
vn 0.009955 -0.880994 0.473023
vn 0 -0.93139 0.364024
vn 0.019498 -0.912604 0.408379
vn 0.020689 -0.916535 0.399418
vn -0.014027 -0.878708 0.477154
vn -0.009955 -0.880994 0.473023
vn 0.007199 -0.856724 0.515724
vn 0.009158 -0.856221 0.516528
vn 0.057448 -0.842535 0.535569
vn 0.252018 -0.167641 0.953091
vn -0.007199 -0.856724 0.515725
vn -0.009158 -0.856221 0.516528
vn -0.057447 -0.842535 0.535569
vn -0.252018 -0.167641 0.953091
vn -0.44016 -0.108174 0.89138
vn -0.460271 -0.154631 0.874208
vn -0.436216 -0.099355 0.89434
vn 0.459702 -0.153519 0.874703
vn 0.438502 -0.107043 0.892333
vn 0.434869 -0.09932 0.895
vn -0.343839 0.081627 0.935474
vn -0.342434 0.08388 0.93579
vn 0.342319 0.080101 0.936163
vn 0.341026 0.082444 0.936432
vn -0.051738 -0.998642 -0.006107
vn -0.023995 -0.992949 0.116085
vn -0.05173 -0.998643 -0.006069
vn 0.034508 -0.877173 -0.478934
vn -0.108018 -0.899242 -0.423906
vn -0.108046 -0.899083 -0.424236
vn 0.028543 -0.874744 -0.483745
vn 0.106026 -0.898997 -0.424926
vn -0.034878 -0.876939 -0.479334
vn 0.106038 -0.898936 -0.425053
vn -0.028913 -0.874486 -0.484189
vn -0.886433 -0.398115 -0.236094
vn -0.521333 -0.839175 -0.154912
vn 0.859961 -0.361918 -0.359836
vn 0.087874 -0.981561 -0.169753
vn -0.714421 0.113238 -0.690493
vn 0.70093 -0.558743 0.443287
vn 0.73904 -0.481483 0.471162
vn 0.742387 -0.473844 0.473639
vn -0.747967 -0.477523 0.460996
vn -0.723077 -0.536175 0.435518
vn -0.749495 -0.473548 0.462611
vn 0.703287 0.108504 -0.702577
vn -0.690648 -0.491061 -0.530909
vn 0.781395 -0.369254 0.503064
vn 0.567654 -0.790073 0.231417
vn -0.645068 -0.701023 0.304062
vn -0.641667 -0.705856 0.30005
vn 0.689485 -0.484843 -0.538087
vn -0.576206 -0.785242 0.226676
vn 0.323031 0.114551 0.93943
vn 0.130627 -0.908546 -0.396839
vn -0.323031 0.114551 0.93943
vn -0.130626 -0.908546 -0.396838
vn 0.118555 -0.98778 -0.101167
vn 0.947786 0.317153 -0.033391
vn 0.947787 0.317153 -0.033391
vn -0.761981 -0.6298 0.150791
vn 0.049383 -0.998763 -0.005851
vn 0.049394 -0.998762 -0.005904
vn 0.022515 -0.992856 0.11718
vn 0.7485 -0.511293 -0.422288
vn 0.731327 -0.505139 -0.458251
vn 0.381047 -0.558459 -0.736835
vn 0.256441 -0.555889 -0.790712
vn 0 -0.552192 -0.833717
vn -0.256441 -0.555889 -0.790712
vn -0.381047 -0.558459 -0.736835
vn -0.731327 -0.505139 -0.458251
vn -0.7485 -0.511293 -0.422288
vt 0.682216 0.743009
vt 0.721168 0.729387
vt 0.696272 0.764908
vt 0.722305 0.76566
vt 0.764094 0.730413
vt 0.764283 0.769773
vt 0.806587 0.729153
vt 0.805997 0.765122
vt 0.845387 0.74184
vt 0.831853 0.763848
vt 0.677514 0.829011
vt 0.693073 0.784036
vt 0.718616 0.777906
vt 0.693588 0.833208
vt 0.715466 0.835397
vt 0.761526 0.775795
vt 0.759494 0.829894
vt 0.803511 0.78098
vt 0.799813 0.83174
vt 0.828635 0.788807
vt 0.83849 0.830704
vt 0.758298 0.869458
vt 0.710458 0.864613
vt 0.803235 0.867901
vt 0.846395 0.86416
vt 0.407884 0.949093
vt 0.359736 0.952925
vt 0.402711 0.913785
vt 0.360027 0.910675
vt 0.314284 0.948581
vt 0.318794 0.906632
vt 0.273787 0.933663
vt 0.281804 0.900954
vt 0.429763 0.87061
vt 0.43778 0.905812
vt 0.416677 0.911585
vt 0.399708 0.870807
vt 0.360132 0.867645
vt 0.320544 0.870588
vt 0.290479 0.871319
vt 0.432596 0.851297
vt 0.400755 0.859522
vt 0.401522 0.826771
vt 0.440588 0.827531
vt 0.363701 0.859343
vt 0.363433 0.82534
vt 0.323819 0.85615
vt 0.324982 0.824841
vt 0.293896 0.84753
vt 0.28683 0.824604
vt 0.402236 0.773764
vt 0.44182 0.775795
vt 0.363809 0.772282
vt 0.325532 0.772894
vt 0.286598 0.774149
vt 0.442295 0.741837
vt 0.402101 0.74055
vt 0.363986 0.739585
vt 0.326122 0.740076
vt 0.286623 0.740767
vt 0.238075 0.741095
vt 0.272117 0.736765
vt 0.274801 0.768366
vt 0.236642 0.76875
vt 0.215555 0.743039
vt 0.209309 0.77103
vt 0.235747 0.815227
vt 0.270944 0.816455
vt 0.205176 0.817745
vt 0.268333 0.837822
vt 0.242087 0.84928
vt 0.21427 0.868698
vt 0.920486 0.808847
vt 0.954697 0.803921
vt 0.918118 0.854342
vt 0.95245 0.85076
vt 0.86919 0.823611
vt 0.875581 0.848889
vt 0.454725 0.743388
vt 0.488333 0.748563
vt 0.451021 0.774696
vt 0.489054 0.77613
vt 0.510612 0.750997
vt 0.516132 0.778981
vt 0.453342 0.823077
vt 0.492206 0.822705
vt 0.519309 0.825318
vt 0.455348 0.844695
vt 0.484496 0.861564
vt 0.508894 0.878998
vt 0.565991 0.801959
vt 0.597011 0.805915
vt 0.598214 0.852341
vt 0.567981 0.852002
vt 0.651327 0.820573
vt 0.645346 0.8463
vt 0.864546 0.78538
vt 0.915711 0.769181
vt 0.6558 0.782482
vt 0.604545 0.766726
vt 0.66057 0.769211
vt 0.62901 0.75722
vt 0.666448 0.755512
vt 0.585581 0.766105
vt 0.859733 0.772124
vt 0.890999 0.759712
vt 0.764035 0.715118
vt 0.730594 0.707169
vt 0.759958 0.705139
vt 0.768991 0.705353
vt 0.708974 0.719001
vt 0.817947 0.718381
vt 0.67075 0.710285
vt 0.701999 0.70896
vt 0.673978 0.69741
vt 0.856076 0.709091
vt 0.824958 0.70833
vt 0.852637 0.696356
vt 0.853521 0.758344
vt 0.783037 0.712479
vt 0.793596 0.69356
vt 0.446666 0.933624
vt 0.668529 0.857492
vt 0.434754 0.938499
vt 0.42437 0.933055
vt 0.681313 0.859134
vt 0.689939 0.852954
vt 0.699585 0.862057
vt 0.418505 0.945466
vt 0.66411 0.879874
vt 0.671593 0.870782
vt 0.667139 0.881891
vt 0.674298 0.872153
vt 0.643944 0.90518
vt 0.648439 0.896134
vt 0.651174 0.898408
vt 0.645699 0.9073
vt 0.661568 0.8935
vt 0.663698 0.895203
vt 0.676183 0.887706
vt 0.669511 0.899942
vt 0.658988 0.905525
vt 0.650721 0.913994
vt 0.682631 0.87581
vt 0.683414 0.89231
vt 0.673888 0.903718
vt 0.664561 0.913312
vt 0.65388 0.921957
vt 0.69237 0.877538
vt 0.676552 0.906166
vt 0.687508 0.895155
vt 0.667115 0.91885
vt 0.655227 0.926631
vt 0.698229 0.878245
vt 0.670697 0.933597
vt 0.680887 0.924227
vt 0.934657 0.768447
vt 0.567738 0.760881
vt 0.952209 0.76279
vt 0.528221 0.071432
vt 0.542622 0.044986
vt 0.548483 0.053154
vt 0.536172 0.075762
vt 0.558068 0.016624
vt 0.561961 0.028404
vt 0.031609 0.983376
vt 0.048436 0.952477
vt 0.056387 0.956807
vt 0.043538 0.980402
vt 0.064399 0.923163
vt 0.07235 0.927493
vt 0.079653 0.895151
vt 0.087605 0.899481
vt 0.092058 0.872372
vt 0.100009 0.876702
vt 0.106385 0.846063
vt 0.114336 0.850393
vt 0.513213 0.098991
vt 0.521165 0.103321
vt 0.501023 0.121377
vt 0.508974 0.125707
vt 0.486821 0.147457
vt 0.494772 0.151787
vt 0.172609 0.724453
vt 0.1939 0.685357
vt 0.201851 0.689687
vt 0.18056 0.728783
vt 0.401561 0.304022
vt 0.42237 0.265808
vt 0.409512 0.308351
vt 0.430322 0.270139
vt 0.165736 0.737075
vt 0.173687 0.741405
vt 0.429157 0.253347
vt 0.437108 0.257677
vt 0.477406 0.164745
vt 0.485357 0.169075
vt 0.455347 0.205253
vt 0.468508 0.181084
vt 0.47646 0.185414
vt 0.463298 0.209583
vt 0.125059 0.811771
vt 0.138575 0.786951
vt 0.13301 0.816101
vt 0.146526 0.79128
vt 0.334506 0.427158
vt 0.346837 0.404513
vt 0.354788 0.408843
vt 0.342457 0.431488
vt 0.313694 0.465375
vt 0.321645 0.469705
vt 0.249964 0.582405
vt 0.270667 0.544386
vt 0.257915 0.586735
vt 0.278618 0.548716
vt 0.308975 0.47404
vt 0.316926 0.47837
vt 0.383731 0.336763
vt 0.391682 0.341093
vt 0.355015 0.389497
vt 0.362965 0.393826
vt 0.2417 0.597579
vt 0.249652 0.601908
vt 0.212232 0.651694
vt 0.220183 0.656024
vt 0.376953 0.34921
vt 0.384904 0.35354
vt 0.360867 0.378749
vt 0.368818 0.383079
vt 0.235634 0.60872
vt 0.243585 0.61305
vt 0.219034 0.639202
vt 0.226985 0.643532
vt 0.436067 0.240658
vt 0.444018 0.244988
vt 0.158609 0.750163
vt 0.16656 0.754493
vt 0.275297 0.535884
vt 0.283248 0.540214
vt 0.292227 0.504795
vt 0.300178 0.509125
vt 0.115927 0.828541
vt 0.123878 0.832871
vt 0.238352 0.729093
vt 0.267008 0.717627
vt 0.287963 0.720204
vt 0.324935 0.71524
vt 0.364037 0.713322
vt 0.403517 0.715437
vt 0.441325 0.720799
vt 0.460205 0.724723
vt 0.488319 0.73665
usemtl standardSurface4SG
f 889/1599/1391 890/1600/1392 891/1601/1391
f 890/1600/1392 892/1602/1393 891/1601/1391
f 890/1600/1392 893/1603/1394 892/1602/1393
f 893/1603/1394 894/1604/1395 892/1602/1393
f 893/1603/1394 895/1605/1396 896/1606/1397
f 893/1603/1394 896/1606/1397 894/1604/1395
f 895/1605/1396 897/1607/1398 898/1608/1398
f 895/1605/1396 898/1608/1398 896/1606/1397
f 899/1609/1399 891/1610/1400 892/1611/1401
f 900/1612/1402 899/1609/1399 892/1611/1401
f 901/1613/1403 900/1612/1402 892/1611/1401
f 892/1611/1401 894/1614/1404 901/1613/1403
f 894/1614/1404 902/1615/1405 901/1613/1403
f 894/1614/1404 896/1616/1406 903/1617/1407
f 894/1614/1404 903/1617/1407 902/1615/1405
f 896/1616/1406 898/1618/1408 903/1617/1407
f 898/1618/1408 904/1619/1409 903/1617/1407
f 901/1613/1403 902/1615/1405 905/1620/1410
f 901/1613/1403 905/1620/1410 906/1621/1411
f 902/1615/1405 903/1617/1407 905/1620/1410
f 903/1617/1407 907/1622/1412 905/1620/1410
f 903/1617/1407 904/1619/1409 907/1622/1412
f 904/1619/1409 908/1623/1413 907/1622/1412
f 906/1624/1411 905/1625/1410 909/1626/1414
f 905/1625/1410 910/1627/1415 909/1626/1414
f 905/1625/1410 907/1628/1412 910/1627/1415
f 907/1628/1412 911/1629/1416 910/1627/1415
f 907/1628/1412 908/1630/1413 912/1631/1417
f 907/1628/1412 912/1631/1417 911/1629/1416
f 913/1632/1418 914/1633/1419 915/1634/1420
f 916/1635/1421 913/1632/1418 915/1634/1420
f 909/1626/1414 916/1635/1421 915/1634/1420
f 909/1626/1414 910/1627/1415 916/1635/1421
f 910/1627/1415 917/1636/1422 916/1635/1421
f 910/1627/1415 911/1629/1416 918/1637/1423
f 910/1627/1415 918/1637/1423 917/1636/1422
f 911/1629/1416 912/1631/1417 919/1638/1424
f 911/1629/1416 919/1638/1424 918/1637/1423
f 913/1639/1425 916/1640/1426 920/1641/1427
f 913/1639/1425 920/1641/1427 921/1642/1428
f 916/1640/1426 917/1643/1429 922/1644/1430
f 916/1640/1426 922/1644/1430 920/1641/1427
f 917/1643/1429 918/1645/1431 922/1644/1430
f 918/1645/1431 923/1646/1432 922/1644/1430
f 918/1645/1431 919/1647/1433 923/1646/1432
f 919/1647/1433 924/1648/1434 923/1646/1432
f 921/1642/1428 920/1641/1427 925/1649/1435
f 921/1642/1428 925/1649/1435 926/1650/1436
f 920/1641/1427 922/1644/1430 925/1649/1435
f 922/1644/1430 927/1651/1437 925/1649/1435
f 922/1644/1430 923/1646/1432 928/1652/1438
f 922/1644/1430 928/1652/1438 927/1651/1437
f 923/1646/1432 924/1648/1434 928/1652/1438
f 924/1648/1434 929/1653/1439 928/1652/1438
f 926/1650/1436 925/1649/1435 930/1654/1440
f 925/1649/1435 931/1655/1441 930/1654/1440
f 925/1649/1435 927/1651/1437 931/1655/1441
f 927/1651/1437 932/1656/1442 931/1655/1441
f 927/1651/1437 928/1652/1438 933/1657/1443
f 927/1651/1437 933/1657/1443 932/1656/1442
f 928/1652/1438 929/1653/1439 934/1658/1444
f 928/1652/1438 934/1658/1444 933/1657/1443
f 935/1659/1445 934/1660/1446 929/1661/1447
f 935/1659/1445 929/1661/1447 936/1662/1448
f 937/1663/1449 935/1659/1445 936/1662/1448
f 937/1663/1449 936/1662/1448 938/1664/1450
f 936/1662/1448 929/1661/1447 939/1665/1451
f 929/1661/1447 924/1666/1452 939/1665/1451
f 938/1664/1450 936/1662/1448 939/1665/1451
f 938/1664/1450 939/1665/1451 940/1667/1453
f 939/1665/1451 924/1666/1452 919/1668/1454
f 939/1665/1451 919/1668/1454 912/1669/1455
f 940/1667/1453 939/1665/1451 908/1670/1456
f 939/1665/1451 912/1669/1455 908/1670/1456
f 941/1671/1457 940/1672/1453 904/1673/1458
f 940/1672/1453 908/1674/1456 904/1673/1458
f 897/1675/1459 941/1671/1457 898/1676/1459
f 941/1671/1457 904/1673/1458 898/1676/1459
f 930/1677/1460 942/1678/1461 926/1679/1462
f 942/1678/1461 943/1680/1463 926/1679/1462
f 942/1678/1461 944/1681/1464 943/1680/1463
f 944/1681/1464 945/1682/1465 943/1680/1463
f 926/1679/1462 943/1680/1463 921/1683/1466
f 943/1680/1463 946/1684/1467 921/1683/1466
f 943/1680/1463 945/1682/1465 946/1684/1467
f 945/1682/1465 947/1685/1468 946/1684/1467
f 921/1683/1466 946/1684/1467 913/1686/1469
f 946/1684/1467 914/1687/1470 913/1686/1469
f 946/1684/1467 947/1685/1468 948/1688/1471
f 946/1684/1467 948/1688/1471 914/1687/1470
f 947/1689/1468 949/1690/1472 899/1691/1473
f 947/1689/1468 899/1691/1473 948/1692/1471
f 949/1690/1472 889/1693/1474 891/1694/1474
f 949/1690/1472 891/1694/1474 899/1691/1473
f 941/1671/1475 897/1675/1475 950/1695/1475
f 941/1671/1475 950/1695/1475 951/1696/1475
f 889/1693/1476 949/1690/1476 952/1697/1476
f 949/1690/1476 953/1698/1476 952/1697/1476
f 954/1699/1477 955/1700/1478 956/1701/1479
f 949/1690/1480 957/1702/1481 953/1698/1482
f 951/1696/1483 950/1695/1483 958/1703/1484
f 951/1696/1483 958/1703/1484 959/1704/1485
f 960/1705/1486 961/1706/1487 962/1707/1488
f 963/1708/1489 960/1705/1489 962/1707/1489
f 890/1600/1490 889/1599/1491 964/1709/1492
f 897/1607/1493 895/1605/1494 965/1710/1495
f 964/1709/1496 966/1711/1496 967/1712/1496
f 966/1711/1496 968/1713/1496 967/1712/1496
f 969/1714/1497 965/1710/1497 970/1715/1498
f 969/1714/1497 970/1715/1498 971/1716/1497
f 952/1697/1499 953/1698/1499 954/1699/1477
f 953/1698/1499 955/1700/1478 954/1699/1477
f 959/1704/1485 958/1703/1484 972/1717/1500
f 895/1605/1501 893/1603/1502 960/1705/1503
f 895/1605/1501 960/1705/1503 973/1718/1504
f 895/1605/1501 973/1718/1504 974/1719/1504
f 893/1603/1505 890/1600/1506 960/1705/1486
f 906/1621/1411 900/1612/1402 901/1613/1403
f 915/1634/1420 906/1624/1411 909/1626/1414
f 948/1720/1507 915/1634/1420 914/1633/1419
f 899/1609/1399 900/1612/1402 948/1721/1507
f 948/1720/1507 975/1722/1508 915/1634/1420
f 975/1722/1508 976/1723/1509 915/1634/1420
f 948/1721/1507 900/1612/1402 975/1724/1508
f 900/1612/1402 977/1725/1510 975/1724/1508
f 978/1726/1511 977/1725/1510 900/1612/1402
f 978/1726/1511 900/1612/1402 906/1621/1411
f 915/1634/1420 976/1723/1509 978/1727/1511
f 915/1634/1420 978/1727/1511 906/1624/1411
f 976/1728/1512 975/1729/1512 979/1730/1513
f 975/1729/1512 980/1731/1514 979/1730/1513
f 975/1732/1515 977/1733/1515 981/1734/1516
f 975/1732/1515 981/1734/1516 980/1735/1517
f 977/1733/1518 978/1736/1518 981/1734/1519
f 978/1736/1518 982/1737/1520 981/1734/1519
f 978/1736/1521 976/1728/1521 979/1730/1522
f 978/1736/1521 979/1730/1522 982/1737/1523
f 982/1737/1523 979/1730/1522 983/1738/1524
f 982/1737/1523 983/1738/1524 984/1739/1525
f 981/1734/1519 982/1737/1520 985/1740/1526
f 982/1737/1520 984/1739/1527 985/1740/1526
f 980/1735/1517 981/1734/1516 985/1740/1528
f 980/1735/1517 985/1740/1528 986/1741/1529
f 979/1730/1513 980/1731/1514 983/1738/1530
f 980/1731/1514 986/1742/1531 983/1738/1530
f 984/1739/1525 983/1738/1524 987/1743/1532
f 984/1739/1525 987/1743/1532 988/1744/1533
f 985/1740/1526 984/1739/1527 989/1745/1534
f 984/1739/1527 988/1744/1535 989/1745/1534
f 986/1741/1529 985/1740/1528 989/1745/1536
f 986/1741/1529 989/1745/1536 990/1746/1537
f 983/1738/1530 986/1742/1531 990/1747/1538
f 983/1738/1530 990/1747/1538 987/1743/1539
f 988/1744/1533 987/1743/1532 991/1748/1540
f 987/1743/1532 992/1749/1540 991/1748/1540
f 989/1745/1534 988/1744/1535 993/1750/1541
f 988/1744/1535 991/1748/1542 993/1750/1541
f 990/1746/1537 989/1745/1536 993/1750/1543
f 990/1746/1537 993/1750/1543 994/1751/1543
f 987/1743/1539 990/1747/1538 994/1752/1544
f 987/1743/1539 994/1752/1544 992/1749/1544
f 992/1753/1545 993/1750/1546 991/1754/1547
f 994/1751/1548 993/1750/1546 992/1753/1545
f 960/1705/1486 890/1600/1506 961/1706/1487
f 897/1607/1493 965/1710/1495 969/1714/1549
f 964/1709/1492 889/1599/1491 966/1711/1550
f 941/1671/1551 995/1755/1552 940/1672/1553
f 947/1689/1554 945/1756/1555 957/1702/1481
f 947/1689/1554 957/1702/1481 949/1690/1480
f 941/1671/1551 951/1696/1556 995/1755/1552
f 940/1672/1553 995/1755/1552 938/1757/1557
f 996/1758/1558 997/1759/1559 998/1760/1560
f 996/1758/1558 998/1760/1560 999/1761/1561
f 997/1759/1559 1000/1762/1562 998/1760/1560
f 1000/1762/1562 1001/1763/1562 998/1760/1560
f 1000/1764/1562 1002/1765/1563 1003/1766/1564
f 1000/1764/1562 1003/1766/1564 1001/1767/1562
f 1002/1765/1563 1004/1768/1565 1003/1766/1564
f 1004/1768/1565 1005/1769/1566 1003/1766/1564
f 1004/1768/1565 1006/1770/1567 1005/1769/1566
f 1006/1770/1567 1007/1771/1568 1005/1769/1566
f 1006/1770/1567 937/1772/1569 1007/1771/1568
f 937/1772/1569 1008/1773/1569 1007/1771/1568
f 937/1772/1570 938/1774/1570 1008/1773/1570
f 938/1774/1570 1009/1775/1570 1008/1773/1570
f 1010/1776/1571 996/1758/1558 999/1761/1561
f 1010/1776/1571 999/1761/1561 1011/1777/1572
f 944/1778/1573 1010/1776/1571 1011/1777/1572
f 944/1778/1573 1011/1777/1572 1012/1779/1573
f 945/1780/1574 944/1778/1574 1012/1779/1574
f 945/1780/1574 1012/1779/1574 1013/1781/1574
f 950/1782/1575 897/1783/1576 1014/1784/1576
f 950/1782/1575 1014/1784/1576 1015/1785/1577
f 889/1786/1578 952/1787/1579 1016/1788/1578
f 952/1787/1579 1017/1789/1580 1016/1788/1578
f 958/1790/1581 950/1782/1575 1018/1791/1582
f 950/1782/1575 1015/1785/1577 1018/1791/1582
f 952/1787/1579 954/1792/1583 1019/1793/1584
f 952/1787/1579 1019/1793/1584 1017/1789/1580
f 957/1794/1585 945/1780/1586 1020/1795/1587
f 945/1780/1586 1013/1781/1586 1020/1795/1587
f 955/1796/1588 953/1797/1589 1021/1798/1590
f 955/1796/1588 1021/1798/1590 1022/1799/1591
f 951/1800/1592 959/1801/1593 1023/1802/1594
f 959/1801/1593 1024/1803/1595 1023/1802/1594
f 961/1804/1596 890/1805/1596 1025/1806/1596
f 961/1804/1596 1025/1806/1596 1026/1807/1596
f 962/1808/1597 961/1804/1597 1026/1807/1597
f 962/1808/1597 1026/1807/1597 1027/1809/1597
f 895/1810/1598 974/1811/1598 1028/1812/1598
f 974/1811/1598 1029/1813/1598 1028/1812/1598
f 963/1814/1599 962/1808/1599 1027/1809/1599
f 963/1814/1599 1027/1809/1599 1030/1815/1599
f 966/1816/1600 889/1786/1600 1016/1788/1600
f 966/1816/1600 1016/1788/1600 1031/1817/1600
f 890/1805/1601 964/1818/1602 1025/1806/1601
f 964/1818/1602 1032/1819/1603 1025/1806/1601
f 965/1820/1604 895/1810/1605 1028/1812/1605
f 965/1820/1604 1028/1812/1605 1033/1821/1606
f 897/1783/1607 969/1822/1607 1014/1784/1607
f 969/1822/1607 1034/1823/1607 1014/1784/1607
f 968/1824/1608 966/1816/1608 1031/1817/1608
f 968/1824/1608 1031/1817/1608 1035/1825/1608
f 964/1818/1602 967/1826/1609 1032/1819/1603
f 967/1826/1609 1036/1827/1609 1032/1819/1603
f 967/1826/1610 968/1824/1610 1036/1827/1610
f 968/1824/1610 1035/1825/1610 1036/1827/1610
f 970/1828/1611 965/1820/1604 1033/1821/1606
f 970/1828/1611 1033/1821/1606 1037/1829/1612
f 969/1822/1613 971/1830/1613 1034/1823/1613
f 971/1830/1613 1038/1831/1613 1034/1823/1613
f 971/1830/1614 970/1828/1611 1037/1829/1612
f 971/1830/1614 1037/1829/1612 1038/1831/1614
f 954/1792/1583 956/1832/1615 1019/1793/1584
f 956/1832/1615 1039/1833/1615 1019/1793/1584
f 956/1832/1616 955/1796/1588 1022/1799/1591
f 956/1832/1616 1022/1799/1591 1039/1833/1616
f 972/1834/1617 958/1790/1581 1018/1791/1582
f 972/1834/1617 1018/1791/1582 1040/1835/1617
f 959/1801/1593 972/1834/1618 1024/1803/1595
f 972/1834/1618 1040/1835/1618 1024/1803/1595
f 974/1811/1619 973/1836/1619 1041/1837/1619
f 974/1811/1619 1041/1837/1619 1029/1813/1619
f 960/1838/1620 963/1814/1621 1042/1839/1621
f 963/1814/1621 1030/1815/1621 1042/1839/1621
f 973/1836/1622 960/1838/1622 1042/1839/1622
f 973/1836/1622 1042/1839/1622 1041/1837/1622
f 995/1840/1623 951/1800/1592 1043/1841/1624
f 951/1800/1592 1023/1802/1594 1043/1841/1624
f 953/1797/1589 957/1794/1585 1020/1795/1587
f 953/1797/1589 1020/1795/1587 1021/1798/1590
f 938/1774/1625 995/1840/1623 1043/1841/1624
f 938/1774/1625 1043/1841/1624 1009/1775/1625
f 937/1663/1449 1006/1842/1626 935/1659/1445
f 1006/1842/1626 1004/1843/1627 934/1660/1446
f 1006/1842/1626 934/1660/1446 935/1659/1445
f 933/1657/1443 934/1658/1444 1004/1844/1628
f 933/1657/1443 1004/1844/1628 1002/1845/1629
f 932/1656/1442 933/1657/1443 1002/1845/1629
f 932/1656/1442 1002/1845/1629 1000/1846/1630
f 931/1655/1441 932/1656/1442 997/1847/1631
f 932/1656/1442 1000/1846/1630 997/1847/1631
f 930/1654/1440 931/1655/1441 996/1848/1632
f 931/1655/1441 997/1847/1631 996/1848/1632
f 996/1849/1633 1010/1850/1634 930/1677/1460
f 1010/1850/1634 942/1678/1461 930/1677/1460
f 1010/1850/1634 944/1681/1464 942/1678/1461
s off
g Head_uv_standardSurface4SG
v 2.2228 4.88976 -0.106388
v 2.0426 4.31818 0.067495
v 2.14022 4.3708 0.34162
v 2.32041 4.94238 0.167737
v 2.2574 3.82938 0.012771
v 2.35502 3.88199 0.286896
v 2.88659 3.82241 -0.167089
v 2.93479 3.87503 0.107036
v 3.10493 4.50223 -0.35413
v 3.19745 4.55485 -0.080005
v 2.82015 4.97253 -0.334993
v 2.91777 5.02515 -0.060869
v -2.2228 4.88976 -0.106388
v -2.32041 4.94238 0.167737
v -2.0426 4.31818 0.067495
v -2.14022 4.3708 0.34162
v -2.35502 3.88199 0.286896
v -2.2574 3.82938 0.012771
v -2.93479 3.87503 0.107035
v -2.88659 3.82241 -0.167089
v -3.19745 4.55485 -0.080005
v -3.10493 4.50223 -0.354131
v -2.82015 4.97253 -0.334994
v -2.91777 5.02515 -0.060869
vn -0.898688 0.359676 0.250983
vn -0.832595 -0.407837 0.374772
vn 0.041541 -0.983211 0.177679
vn 0.914917 -0.368809 -0.164035
vn 0.790555 0.489408 -0.368106
vn -0.182049 0.975636 -0.122446
vn -0.329256 -0.136774 -0.934282
vn 0.33582 0.129807 0.932939
vn 0.898688 0.359677 0.250982
vn 0.832596 -0.407836 0.374771
vn -0.041542 -0.983211 0.17768
vn -0.914917 -0.368809 -0.164035
vn -0.914916 -0.368809 -0.164035
vn -0.790554 0.489408 -0.368108
vn 0.18205 0.975636 -0.122444
vn 0.329257 -0.136774 -0.934282
vn -0.33582 0.129807 0.932939
vt 0.696641 0.182947
vt 0.696815 0.161878
vt 0.707432 0.161562
vt 0.707491 0.182971
vt 0.692798 0.14207
vt 0.704058 0.141738
vt 0.694019 0.116669
vt 0.704873 0.118711
vt 0.699409 0.087872
vt 0.710884 0.089754
vt 0.695774 0.232374
vt 0.69606 0.208766
vt 0.708148 0.232117
vt 0.708189 0.208715
vt 0.677926 0.193024
vt 0.684246 0.149332
vt 0.663915 0.156924
vt 0.66386 0.181468
vt 0.72633 0.1937
vt 0.740798 0.18225
vt 0.740056 0.156745
vt 0.720872 0.148976
vt 0.801022 0.186175
vt 0.790035 0.186159
vt 0.800396 0.165037
vt 0.790615 0.165045
vt 0.792092 0.147016
vt 0.802959 0.146828
vt 0.790172 0.123378
vt 0.801653 0.12113
vt 0.783792 0.09152
vt 0.796402 0.089573
vt 0.800614 0.233605
vt 0.788965 0.23294
vt 0.801363 0.211493
vt 0.789765 0.211226
vt 0.820662 0.19572
vt 0.834649 0.183432
vt 0.833563 0.158737
vt 0.812799 0.151969
vt 0.770265 0.195753
vt 0.778214 0.151955
vt 0.758925 0.158208
vt 0.756418 0.183367
usemtl standardSurface4SG
f 1044/1851/1635 1045/1852/1635 1046/1853/1635
f 1044/1851/1635 1046/1853/1635 1047/1854/1635
f 1045/1852/1636 1048/1855/1636 1049/1856/1636
f 1045/1852/1636 1049/1856/1636 1046/1853/1636
f 1048/1855/1637 1050/1857/1637 1051/1858/1637
f 1048/1855/1637 1051/1858/1637 1049/1856/1637
f 1050/1857/1638 1052/1859/1638 1053/1860/1638
f 1050/1857/1638 1053/1860/1638 1051/1858/1638
f 1052/1861/1639 1054/1862/1639 1053/1863/1639
f 1054/1862/1639 1055/1864/1639 1053/1863/1639
f 1054/1862/1640 1044/1851/1640 1047/1854/1640
f 1054/1862/1640 1047/1854/1640 1055/1864/1640
f 1045/1852/1641 1044/1851/1641 1054/1865/1641
f 1048/1866/1641 1045/1852/1641 1054/1865/1641
f 1050/1867/1641 1048/1866/1641 1054/1865/1641
f 1052/1868/1641 1050/1867/1641 1054/1865/1641
f 1055/1869/1642 1047/1854/1642 1046/1853/1642
f 1053/1870/1642 1055/1869/1642 1046/1853/1642
f 1051/1871/1642 1053/1870/1642 1046/1853/1642
f 1049/1872/1642 1051/1871/1642 1046/1853/1642
f 1056/1873/1643 1057/1874/1643 1058/1875/1643
f 1057/1874/1643 1059/1876/1643 1058/1875/1643
f 1058/1875/1644 1059/1876/1644 1060/1877/1644
f 1058/1875/1644 1060/1877/1644 1061/1878/1644
f 1061/1878/1645 1060/1877/1645 1062/1879/1645
f 1061/1878/1645 1062/1879/1645 1063/1880/1645
f 1063/1880/1646 1062/1879/1647 1064/1881/1646
f 1063/1880/1646 1064/1881/1646 1065/1882/1646
f 1065/1883/1648 1064/1884/1648 1066/1885/1648
f 1064/1884/1648 1067/1886/1648 1066/1885/1648
f 1066/1885/1649 1067/1886/1649 1056/1873/1649
f 1067/1886/1649 1057/1874/1649 1056/1873/1649
f 1066/1887/1650 1056/1873/1650 1058/1875/1650
f 1065/1888/1650 1066/1887/1650 1058/1875/1650
f 1063/1889/1650 1065/1888/1650 1058/1875/1650
f 1061/1890/1650 1063/1889/1650 1058/1875/1650
f 1059/1876/1651 1057/1874/1651 1067/1891/1651
f 1060/1892/1651 1059/1876/1651 1067/1891/1651
f 1062/1893/1651 1060/1892/1651 1067/1891/1651
f 1064/1894/1651 1062/1893/1651 1067/1891/1651
s off
g Head_uv_standardSurface4SG_1
v -1.49909 3.2709 1.70769
v -0.932178 2.99109 1.90204
v -0.94273 3.49563 2.26195
v -1.63769 3.55019 1.81887
v 0 4.00071 2.71365
v -0.167244 3.96878 2.59586
v -0.093999 3.9323 2.55722
v 0 3.89619 2.54543
v 0.093999 3.9323 2.55722
v 0.167244 3.96878 2.59586
v 0.932178 2.99109 1.90204
v 1.49909 3.2709 1.70769
v 0.94273 3.49563 2.26195
v 1.63769 3.55019 1.81887
v -1.74026 3.96913 1.90127
v -0.958559 3.97018 2.45609
v -1.7884 4.2135 1.85458
v -0.969355 4.20825 2.46079
v 0 4.11817 2.65202
v 0.958559 3.97018 2.45609
v 1.74026 3.96913 1.90127
v 1.7884 4.2135 1.85458
v 0.969355 4.20825 2.46079
v -1.90073 4.78368 1.74563
v -0.994544 4.76373 2.32788
v -1.81386 5.74683 1.88175
v -0.94317 5.7689 2.45735
v 0 4.78091 2.53691
v 0 5.83184 2.59694
v 0.994544 4.76373 2.32788
v 0.94317 5.7689 2.45735
v 1.90073 4.78368 1.74563
v 1.81386 5.74683 1.88175
v -1.61553 6.54236 1.72347
v -0.880555 6.78879 2.13084
v 0 6.9394 2.29417
v 0.880555 6.78879 2.13084
v 1.61553 6.54236 1.72347
v -0.966513 7.4836 1.12155
v -1.87108 6.95765 1.05489
v 0 7.64969 1.15543
v 0.966513 7.4836 1.12155
v 1.87108 6.95765 1.05489
v -1.11856 7.71986 0.045172
v -2.06698 7.14004 0.045447
v 0 7.93267 0.059209
v 1.11856 7.71986 0.045172
v 2.06698 7.14004 0.045447
v -1.86657 6.9125 -0.917276
v -1.08163 7.48653 -1.02421
v 0 7.69365 -1.07715
v 1.08163 7.48653 -1.02421
v 1.86657 6.9125 -0.917276
v -1.59048 6.67625 -1.51308
v -0.983943 6.92824 -1.77952
v 0 7.09875 -1.95894
v 0.983943 6.92824 -1.77952
v 1.59048 6.67625 -1.51308
v -1.02893 6.15272 -2.26963
v -1.82164 6.0691 -1.73093
v 0 6.17992 -2.41974
v 1.02893 6.15272 -2.26963
v 1.82164 6.0691 -1.73093
v -1.02561 5.11093 -2.39305
v -1.95511 5.1041 -1.87953
v 0 5.11991 -2.60195
v 1.02561 5.11093 -2.39305
v 1.95511 5.1041 -1.87953
v -1.84646 4.46475 -1.78044
v -1.00707 4.46422 -2.26937
v -1.79989 4.19074 -1.73797
v -0.999131 4.18706 -2.21637
v 0 4.41085 -2.44926
v 0 4.10696 -2.38382
v 1.00707 4.46422 -2.26937
v 0.999131 4.18706 -2.21637
v 1.84646 4.46475 -1.78044
v 1.79989 4.19074 -1.73797
v -1.65021 3.88139 -1.59703
v -0.95819 3.79997 -1.92021
v -1.55042 3.67515 -1.50307
v -0.930897 3.54191 -1.72277
v 0 3.62029 -2.07803
v 0 3.29584 -1.87417
v 0.95819 3.79997 -1.92021
v 0.930897 3.54191 -1.72277
v 1.65021 3.88139 -1.59703
v 1.55042 3.67515 -1.50307
v -0.961065 3.01957 -0.928243
v -1.81125 3.49608 -0.925469
v 0 2.78189 -0.949484
v 0.961065 3.01957 -0.928243
v 1.81125 3.49608 -0.925469
v -1.93438 3.21283 0.050215
v -0.985586 2.76856 0.046816
v 0 2.58331 0.051105
v 0.985586 2.76848 0.046816
v 1.93438 3.21276 0.050215
v -0.963641 2.76376 1.05823
v -1.79364 3.18519 1.07037
v 0 2.52845 1.0495
v 0.963641 2.76376 1.05823
v 1.79364 3.18519 1.07037
v 0 2.80577 1.93023
v 2.01522 3.74544 -0.96288
v 2.1785 3.54721 0.04711
v 2.09799 3.51025 0.983983
v 2.32117 4.11948 -1.019
v 2.37526 4.38158 -1.02059
v 2.54469 4.0489 0.042452
v 2.58675 4.30857 0.037388
v 2.37173 3.99783 0.976414
v 2.40915 4.25314 0.963871
v 2.50146 4.99316 -1.02432
v 2.34715 6.0286 -1.00312
v 2.68489 4.91448 0.025571
v 2.58533 5.89046 0.029167
v 2.49647 4.84886 0.934606
v 2.39778 5.79111 0.924507
v -2.01522 3.74544 -0.96288
v -2.1785 3.54726 0.04711
v -2.09799 3.51025 0.983983
v -2.32117 4.11948 -1.019
v -2.37526 4.38158 -1.02059
v -2.54469 4.0489 0.042452
v -2.58675 4.30857 0.037388
v -2.37173 3.99783 0.976414
v -2.40915 4.25314 0.963871
v -2.50146 4.99316 -1.02432
v -2.34715 6.0286 -1.00312
v -2.68489 4.91448 0.025571
v -2.58533 5.89046 0.029167
v -2.49647 4.84886 0.934606
v -2.39778 5.79111 0.924507
v -0.98015 4.44631 2.4171
v -0.111496 4.45314 2.47782
v 0 3.38802 2.31374
v 0.111496 4.45314 2.47782
v 0.98015 4.44631 2.4171
v 0 4.47402 2.55664
v 0 4.24386 2.60977
v 0.195118 4.20732 2.46953
v -0.195118 4.20732 2.46953
v 0 3.85785 2.43751
v -0.13937 3.89607 2.47339
v 0.13937 3.89607 2.47339
v 0.27874 3.97965 2.47296
v -0.27874 3.97965 2.47296
v -1.83654 4.45786 1.80789
v -2.44657 4.50845 0.951329
v -2.62881 4.56825 0.032324
v -2.42935 4.64369 -1.02219
v -1.89302 4.73876 -1.82291
v -1.01502 4.74138 -2.32237
v 0 4.71473 -2.5147
v 1.01502 4.74138 -2.32237
v 1.89302 4.73876 -1.82291
v 2.42935 4.64369 -1.02219
v 2.62881 4.56825 0.032324
v 2.44657 4.50845 0.951329
v 1.83654 4.45786 1.80789
vn -0.491255 -0.515458 0.70212
vn -0.23723 -0.556342 0.79637
vn -0.270217 -0.445939 0.8533
vn -0.524151 -0.392772 0.755642
vn 0 -0.312009 0.950079
vn -0.641716 -0.055203 0.764953
vn -0.259912 -0.853667 0.451329
vn 0 -0.889208 0.457503
vn 0.259912 -0.853667 0.451329
vn 0.641716 -0.055203 0.764953
vn 0.23723 -0.556342 0.79637
vn 0.491255 -0.515458 0.70212
vn 0.270217 -0.445939 0.8533
vn 0.524151 -0.392772 0.755642
vn -0.566013 -0.187266 0.802846
vn -0.311181 -0.231777 0.921654
vn -0.586205 0.047207 0.808787
vn -0.357395 0.042446 0.932988
vn 0 0.369124 0.92938
vn 0.311181 -0.231777 0.921654
vn 0.566013 -0.187266 0.802845
vn 0.586205 0.047208 0.808787
vn 0.357395 0.042446 0.932988
vn -0.548512 -0.028969 0.835641
vn -0.383507 -0.036054 0.922834
vn -0.549275 0.078306 0.831965
vn -0.360185 0.094746 0.928057
vn 0 -0.058354 0.998296
vn -0 0.109744 0.99396
vn 0.383507 -0.036054 0.922834
vn 0.360185 0.094746 0.928057
vn 0.548512 -0.028969 0.835641
vn 0.549275 0.078306 0.831965
vn -0.53453 0.288925 0.794229
vn -0.337496 0.290806 0.895281
vn -0 0.288859 0.957372
vn 0.337496 0.290806 0.895281
vn 0.53453 0.288925 0.794229
vn -0.480755 0.683087 0.549789
vn -0.306934 0.775776 0.551329
vn -0.331116 0.857209 0.394404
vn -0.500372 0.777659 0.380624
vn -0 0.83314 0.553061
vn -0 0.915486 0.40235
vn 0.306934 0.775776 0.551329
vn 0.331116 0.857209 0.394404
vn 0.480754 0.683087 0.549789
vn 0.500372 0.777659 0.380624
vn -0.363476 0.931567 0.008206
vn -0.541721 0.840514 0.008645
vn -0 0.999947 0.010329
vn 0.363476 0.931567 0.008206
vn 0.541721 0.840514 0.008645
vn -0.549176 0.761972 -0.343228
vn -0.353214 0.858014 -0.372897
vn 0 0.92245 -0.386117
vn 0.353214 0.858014 -0.372897
vn 0.549176 0.761972 -0.343228
vn -0.532989 0.656654 -0.533599
vn -0.322937 0.758037 -0.566649
vn 0 0.811477 -0.584385
vn 0.322937 0.758037 -0.566649
vn 0.532989 0.656654 -0.533599
vn -0.522301 0.468984 -0.712219
vn -0.312071 0.486427 -0.816089
vn -0.337126 0.296078 -0.893691
vn -0.528808 0.2615 -0.807453
vn 0 0.493265 -0.869879
vn 0 0.311973 -0.950091
vn 0.312071 0.486427 -0.816089
vn 0.337126 0.296078 -0.893691
vn 0.522301 0.468984 -0.712219
vn 0.528808 0.2615 -0.807453
vn -0.343102 0.053168 -0.937792
vn -0.515821 0.054669 -0.85495
vn -0 0.051947 -0.99865
vn 0.343102 0.053168 -0.937792
vn 0.515821 0.054669 -0.85495
vn -0.49349 -0.195602 -0.847471
vn -0.334457 -0.200033 -0.920937
vn -0.463434 -0.40015 -0.790638
vn -0.31254 -0.420421 -0.851801
vn -0 -0.202173 -0.97935
vn -0 -0.448345 -0.89386
vn 0.334457 -0.200033 -0.920937
vn 0.31254 -0.420421 -0.851801
vn 0.49349 -0.195602 -0.847471
vn 0.463434 -0.40015 -0.790638
vn -0.409555 -0.562745 -0.718041
vn -0.297496 -0.563755 -0.770504
vn -0.392994 -0.563579 -0.726591
vn -0.302167 -0.56044 -0.771105
vn -0 -0.574711 -0.818357
vn 0 -0.575664 -0.817686
vn 0.297496 -0.563755 -0.770504
vn 0.302167 -0.56044 -0.771105
vn 0.409554 -0.562745 -0.718041
vn 0.392994 -0.563579 -0.726591
vn -0.396913 -0.780423 -0.483115
vn -0.307354 -0.811684 -0.496691
vn -0.323251 -0.876154 -0.357579
vn -0.427382 -0.835556 -0.345241
vn -0 -0.854375 -0.519657
vn -1e-05 -0.929817 -0.368021
vn 0.307354 -0.811684 -0.496691
vn 0.323239 -0.876147 -0.357606
vn 0.396913 -0.780423 -0.483115
vn 0.427375 -0.835543 -0.345281
vn -0.443314 -0.886452 -0.132946
vn -0.328548 -0.936237 -0.124566
vn -1.9e-05 -0.992145 -0.125095
vn 0.328529 -0.936243 -0.124566
vn 0.443314 -0.886452 -0.132949
vn -0.322209 -0.939413 0.116976
vn -0.447556 -0.888571 0.100676
vn -1.1e-05 -0.993325 0.115346
vn 0.322199 -0.939413 0.117007
vn 0.447554 -0.888566 0.100725
vn -0.459633 -0.843034 0.27934
vn -0.305548 -0.909808 0.280873
vn 0 -0.958686 0.284468
vn 0.305548 -0.909808 0.280873
vn 0.459633 -0.843034 0.27934
vn 0.732289 -0.597161 -0.327339
vn 0.654627 -0.577211 -0.48815
vn 0.728955 -0.598637 -0.332052
vn 0.645382 -0.575215 -0.502603
vn 0.775922 -0.626591 -0.073002
vn 0.798014 -0.597691 -0.077065
vn 0.759257 -0.597837 0.257138
vn 0.811454 -0.52502 0.256702
vn 0.724376 -0.548085 0.418188
vn 0.770403 -0.432198 0.468705
vn 0.815968 -0.454412 -0.357359
vn 0.724941 -0.41 -0.553498
vn 0.794952 -0.196428 -0.573993
vn 0.902188 -0.191641 -0.386433
vn 0.889767 -0.452349 -0.060792
vn 0.985606 -0.16653 -0.02911
vn 0.878439 -0.360674 0.313463
vn 0.913654 -0.10933 0.391513
vn 0.80725 -0.280498 0.519296
vn 0.820231 -0.073201 0.56733
vn 0.931918 0.055123 -0.358456
vn 0.830519 0.07601 -0.551779
vn 0.795818 0.283157 -0.535253
vn 0.892362 0.290639 -0.345281
vn 0.999123 0.041605 -0.004718
vn 0.961202 0.275648 0.010437
vn 0.915959 0.024364 0.400532
vn 0.901643 0.22225 0.371006
vn 0.8257 0.012738 0.563966
vn 0.826361 0.176365 0.534811
vn 0.731333 0.452949 -0.509892
vn 0.84601 0.436926 -0.305552
vn 0.912975 0.407229 0.025318
vn 0.870911 0.350568 0.344407
vn 0.808009 0.305743 0.50363
vn -0.654627 -0.577211 -0.48815
vn -0.732284 -0.597179 -0.32732
vn -0.728947 -0.598651 -0.332043
vn -0.645382 -0.575215 -0.502603
vn -0.775905 -0.626611 -0.073012
vn -0.798 -0.59771 -0.077067
vn -0.759252 -0.597849 0.257126
vn -0.811449 -0.525033 0.256691
vn -0.724376 -0.548086 0.418188
vn -0.770403 -0.432198 0.468705
vn -0.724941 -0.41 -0.553498
vn -0.815965 -0.454419 -0.357356
vn -0.794952 -0.196427 -0.573993
vn -0.902188 -0.191641 -0.386433
vn -0.889762 -0.452359 -0.060792
vn -0.985607 -0.16653 -0.02911
vn -0.878437 -0.36068 0.313461
vn -0.913655 -0.10933 0.391513
vn -0.80725 -0.280498 0.519296
vn -0.820231 -0.073201 0.56733
vn -0.830519 0.07601 -0.551779
vn -0.931918 0.055123 -0.358456
vn -0.795818 0.283158 -0.535253
vn -0.892362 0.290639 -0.345281
vn -0.999123 0.041605 -0.004719
vn -0.961202 0.275648 0.010437
vn -0.915959 0.024364 0.400532
vn -0.901643 0.222251 0.371006
vn -0.8257 0.012738 0.563966
vn -0.826361 0.176365 0.534811
vn -0.731332 0.452949 -0.509892
vn -0.84601 0.436926 -0.305552
vn -0.912975 0.407229 0.025318
vn -0.870911 0.350568 0.344407
vn -0.808009 0.305743 0.50363
vn -0.362668 0.091946 0.927371
vn -0.173594 0.082293 0.981373
vn 0 -0.565403 0.824815
vn 0 -0.476216 0.879328
vn 0.173594 0.082293 0.981373
vn 0.362668 0.091946 0.927371
vn 0 0.168557 0.985692
vn 0 0.292914 0.956139
vn 0.163156 0.099145 0.981606
vn -0.163156 0.099145 0.981606
vn 0 -0.914357 0.404909
vn -0.317457 -0.859274 0.401085
vn 0.317457 -0.859274 0.401085
vn 0.128403 0.017408 0.991569
vn -0.128403 0.017408 0.991569
vn -0.564624 0.110495 0.817919
vn -0.910379 -0.108104 0.399403
vn -0.814179 -0.071109 0.576243
vn -0.985898 -0.166298 -0.018723
vn -0.905731 -0.192229 -0.377755
vn -0.805381 -0.197154 -0.55901
vn -0.482776 -0.195607 -0.853619
vn -0.334839 -0.199638 -0.920884
vn 0 -0.202252 -0.979333
vn 0.334839 -0.199638 -0.920884
vn 0.482776 -0.195607 -0.853619
vn 0.905731 -0.192229 -0.377756
vn 0.805381 -0.197154 -0.55901
vn 0.985898 -0.166298 -0.018723
vn 0.910379 -0.108104 0.399403
vn 0.814179 -0.071109 0.576243
vn 0.564624 0.110495 0.817919
vn 0.054935 -0.339249 0.939091
vn -0.054935 -0.339249 0.939091
vn 0 -0.342498 0.939519
vt 0.597364 0.407637
vt 0.615277 0.39439
vt 0.621552 0.408202
vt 0.59783 0.418197
vt 0.669573 0.429785
vt 0.661714 0.428436
vt 0.663631 0.426309
vt 0.665548 0.424181
vt 0.68971 0.423017
vt 0.69184 0.424931
vt 0.684197 0.427439
vt 0.687581 0.421103
vt 0.739722 0.391846
vt 0.756534 0.40698
vt 0.732695 0.404663
vt 0.755482 0.417341
vt 0.598529 0.434038
vt 0.630966 0.42892
vt 0.596861 0.442256
vt 0.631194 0.437649
vt 0.669287 0.433907
vt 0.684461 0.431707
vt 0.721271 0.42504
vt 0.753905 0.432884
vt 0.755249 0.441498
vt 0.721185 0.434432
vt 0.592971 0.461431
vt 0.631728 0.458018
vt 0.600481 0.49317
vt 0.636887 0.493368
vt 0.667664 0.457267
vt 0.670161 0.497375
vt 0.685954 0.455891
vt 0.720984 0.456347
vt 0.716485 0.494079
vt 0.68402 0.498395
vt 0.758385 0.461599
vt 0.750948 0.494624
vt 0.603486 0.521398
vt 0.632778 0.530364
vt 0.662611 0.541491
vt 0.720009 0.532444
vt 0.690212 0.543518
vt 0.74813 0.523378
vt 0.607804 0.565744
vt 0.581346 0.539598
vt 0.636439 0.586239
vt 0.715889 0.590534
vt 0.743448 0.568513
vt 0.768479 0.541976
vt 0.577255 0.591322
vt 0.54991 0.558028
vt 0.609627 0.618528
vt 0.745939 0.621181
vt 0.774273 0.592573
vt 0.798939 0.560129
vt 0.393606 0.395011
vt 0.420992 0.361949
vt 0.424575 0.41389
vt 0.448641 0.389547
vt 0.452562 0.333878
vt 0.480601 0.366543
vt 0.907637 0.337814
vt 0.937215 0.367991
vt 0.907735 0.393637
vt 0.877422 0.36849
vt 0.962271 0.402854
vt 0.930074 0.419569
vt 0.445856 0.425735
vt 0.468461 0.415853
vt 0.501921 0.401721
vt 0.886164 0.418523
vt 0.853741 0.402129
vt 0.908037 0.429931
vt 0.476811 0.446185
vt 0.444273 0.448525
vt 0.51334 0.440777
vt 0.839682 0.440317
vt 0.875759 0.448213
vt 0.908053 0.452773
vt 0.478555 0.481526
vt 0.442989 0.479667
vt 0.515911 0.483584
vt 0.834191 0.482848
vt 0.871602 0.483352
vt 0.907203 0.483933
vt 0.442292 0.500322
vt 0.47496 0.50357
vt 0.441993 0.509174
vt 0.473419 0.513017
vt 0.510306 0.511984
vt 0.507903 0.524155
vt 0.837837 0.511565
vt 0.873679 0.505588
vt 0.874569 0.515118
vt 0.8394 0.523872
vt 0.906485 0.504586
vt 0.906177 0.513438
vt 0.441785 0.521479
vt 0.467159 0.528917
vt 0.441647 0.529682
vt 0.462986 0.539517
vt 0.498582 0.544924
vt 0.492368 0.55877
vt 0.847276 0.54523
vt 0.879724 0.531408
vt 0.883161 0.542267
vt 0.852527 0.55947
vt 0.905541 0.525725
vt 0.905117 0.533916
vt 0.441089 0.565617
vt 0.420194 0.53808
vt 0.466799 0.590572
vt 0.875857 0.592944
vt 0.903214 0.569805
vt 0.925939 0.543763
vt 0.389235 0.55768
vt 0.413853 0.589871
vt 0.439534 0.616747
vt 0.901264 0.620925
vt 0.928723 0.595871
vt 0.955484 0.565446
vt 0.538324 0.393434
vt 0.55834 0.356454
vt 0.58982 0.374438
vt 0.572889 0.40303
vt 0.580435 0.325604
vt 0.610878 0.34579
vt 0.781598 0.327395
vt 0.800593 0.358992
vt 0.749366 0.344198
vt 0.767224 0.374683
vt 0.817836 0.396322
vt 0.781367 0.404144
vt 0.635541 0.369148
vt 0.722254 0.36468
vt 0.929938 0.533364
vt 0.962467 0.550543
vt 0.821319 0.412749
vt 0.78589 0.417167
vt 0.935936 0.517765
vt 0.937446 0.508969
vt 0.97294 0.528188
vt 0.97463 0.517793
vt 0.792674 0.436702
vt 0.826543 0.437389
vt 0.792942 0.445858
vt 0.826365 0.448113
vt 0.940969 0.488444
vt 0.938793 0.453487
vt 0.978572 0.493538
vt 0.977024 0.454172
vt 0.793568 0.467221
vt 0.82595 0.473135
vt 0.78796 0.500892
vt 0.817865 0.511928
vt 0.416916 0.527429
vt 0.383288 0.542333
vt 0.533574 0.409693
vt 0.567545 0.415949
vt 0.411998 0.511454
vt 0.411094 0.502575
vt 0.374369 0.519313
vt 0.373395 0.508827
vt 0.526448 0.434082
vt 0.559529 0.435328
vt 0.558758 0.444424
vt 0.525854 0.444638
vt 0.408984 0.481856
vt 0.413551 0.447129
vt 0.371123 0.484361
vt 0.375368 0.445198
vt 0.524468 0.469268
vt 0.55696 0.465648
vt 0.561357 0.498941
vt 0.530151 0.507961
vt 0.631423 0.446379
vt 0.662141 0.445196
vt 0.709738 0.384715
vt 0.691366 0.442504
vt 0.721099 0.443824
vt 0.645934 0.38892
vt 0.685251 0.444511
vt 0.668428 0.446274
vt 0.684788 0.436095
vt 0.695424 0.432464
vt 0.668801 0.438182
vt 0.657998 0.436142
vt 0.661523 0.418578
vt 0.657689 0.422833
vt 0.690965 0.414767
vt 0.695224 0.418595
vt 0.699483 0.422424
vt 0.653855 0.427088
vt 0.595194 0.450474
vt 0.557988 0.45352
vt 0.52526 0.455194
vt 0.41019 0.493695
vt 0.372421 0.498342
vt 0.44259 0.49147
vt 0.476501 0.494123
vt 0.512708 0.499812
vt 0.872789 0.496059
vt 0.836275 0.499258
vt 0.906793 0.495735
vt 0.938956 0.500172
vt 0.976319 0.507398
vt 0.79321 0.455014
vt 0.826187 0.458836
vt 0.756593 0.450113
usemtl standardSurface4SG
f 1068/1895/1652 1069/1896/1653 1070/1897/1654
f 1068/1895/1652 1070/1897/1654 1071/1898/1655
f 1072/1899/1656 1073/1900/1657 1074/1901/1658
f 1072/1899/1656 1074/1901/1658 1075/1902/1659
f 1076/1903/1660 1077/1904/1661 1072/1905/1656
f 1076/1903/1660 1072/1905/1656 1075/1906/1659
f 1078/1907/1662 1079/1908/1663 1080/1909/1664
f 1079/1908/1663 1081/1910/1665 1080/1909/1664
f 1082/1911/1666 1083/1912/1667 1084/1913/1668
f 1083/1912/1667 1085/1914/1669 1084/1913/1668
f 1086/1915/1670 1073/1900/1657 1072/1899/1656
f 1072/1905/1656 1077/1904/1661 1086/1916/1670
f 1087/1917/1671 1088/1918/1672 1089/1919/1673
f 1087/1917/1671 1089/1919/1673 1090/1920/1674
f 1091/1921/1675 1092/1922/1676 1093/1923/1677
f 1092/1922/1676 1094/1924/1678 1093/1923/1677
f 1092/1922/1676 1095/1925/1679 1094/1924/1678
f 1095/1925/1679 1096/1926/1680 1094/1924/1678
f 1095/1927/1679 1097/1928/1681 1098/1929/1682
f 1095/1927/1679 1098/1929/1682 1096/1930/1680
f 1097/1928/1681 1099/1931/1683 1100/1932/1684
f 1097/1928/1681 1100/1932/1684 1098/1929/1682
f 1093/1923/1677 1094/1924/1678 1101/1933/1685
f 1094/1924/1678 1102/1934/1686 1101/1933/1685
f 1094/1924/1678 1096/1926/1680 1102/1934/1686
f 1096/1926/1680 1103/1935/1687 1102/1934/1686
f 1096/1930/1680 1098/1929/1682 1104/1936/1688
f 1096/1930/1680 1104/1936/1688 1103/1937/1687
f 1098/1929/1682 1100/1932/1684 1105/1938/1689
f 1098/1929/1682 1105/1938/1689 1104/1936/1688
f 1101/1933/1690 1102/1934/1691 1106/1939/1692
f 1101/1933/1690 1106/1939/1692 1107/1940/1693
f 1102/1934/1691 1103/1935/1694 1108/1941/1695
f 1102/1934/1691 1108/1941/1695 1106/1939/1692
f 1103/1937/1694 1104/1936/1696 1108/1942/1695
f 1104/1936/1696 1109/1943/1697 1108/1942/1695
f 1104/1936/1696 1105/1938/1698 1109/1943/1697
f 1105/1938/1698 1110/1944/1699 1109/1943/1697
f 1107/1940/1693 1106/1939/1692 1111/1945/1700
f 1107/1940/1693 1111/1945/1700 1112/1946/1701
f 1106/1939/1692 1108/1941/1695 1113/1947/1702
f 1106/1939/1692 1113/1947/1702 1111/1945/1700
f 1108/1942/1695 1109/1943/1697 1113/1948/1702
f 1109/1943/1697 1114/1949/1703 1113/1948/1702
f 1109/1943/1697 1110/1944/1699 1114/1949/1703
f 1110/1944/1699 1115/1950/1704 1114/1949/1703
f 1112/1951/1701 1111/1952/1700 1116/1953/1705
f 1111/1952/1700 1117/1954/1706 1116/1953/1705
f 1111/1952/1700 1113/1955/1702 1117/1954/1706
f 1113/1955/1702 1118/1956/1707 1117/1954/1706
f 1113/1957/1702 1114/1958/1703 1119/1959/1708
f 1113/1957/1702 1119/1959/1708 1118/1960/1707
f 1114/1958/1703 1115/1961/1704 1120/1962/1709
f 1114/1958/1703 1120/1962/1709 1119/1959/1708
f 1116/1953/1705 1117/1954/1706 1121/1963/1710
f 1117/1954/1706 1122/1964/1711 1121/1963/1710
f 1117/1954/1706 1118/1956/1707 1122/1964/1711
f 1118/1956/1707 1123/1965/1712 1122/1964/1711
f 1118/1960/1707 1119/1959/1708 1124/1966/1713
f 1118/1960/1707 1124/1966/1713 1123/1967/1712
f 1119/1959/1708 1120/1962/1709 1125/1968/1714
f 1119/1959/1708 1125/1968/1714 1124/1966/1713
f 1121/1963/1715 1122/1964/1716 1126/1969/1717
f 1121/1963/1715 1126/1969/1717 1127/1970/1718
f 1122/1964/1716 1123/1965/1719 1128/1971/1720
f 1122/1964/1716 1128/1971/1720 1126/1969/1717
f 1123/1967/1719 1124/1966/1721 1128/1972/1720
f 1124/1966/1721 1129/1973/1722 1128/1972/1720
f 1124/1966/1721 1125/1968/1723 1129/1973/1722
f 1125/1968/1723 1130/1974/1724 1129/1973/1722
f 1127/1970/1718 1126/1969/1717 1131/1975/1725
f 1127/1970/1718 1131/1975/1725 1132/1976/1726
f 1126/1969/1717 1128/1971/1720 1133/1977/1727
f 1126/1969/1717 1133/1977/1727 1131/1975/1725
f 1128/1972/1720 1129/1973/1722 1133/1978/1727
f 1129/1973/1722 1134/1979/1728 1133/1978/1727
f 1129/1973/1722 1130/1974/1724 1134/1979/1728
f 1130/1974/1724 1135/1980/1729 1134/1979/1728
f 1136/1981/1730 1137/1982/1731 1138/1983/1732
f 1137/1982/1731 1139/1984/1733 1138/1983/1732
f 1137/1982/1731 1140/1985/1734 1139/1984/1733
f 1140/1985/1734 1141/1986/1735 1139/1984/1733
f 1140/1987/1734 1142/1988/1736 1143/1989/1737
f 1140/1987/1734 1143/1989/1737 1141/1990/1735
f 1142/1988/1736 1144/1991/1738 1145/1992/1739
f 1142/1988/1736 1145/1992/1739 1143/1989/1737
f 1146/1993/1740 1147/1994/1741 1148/1995/1742
f 1147/1994/1741 1149/1996/1743 1148/1995/1742
f 1147/1994/1741 1150/1997/1744 1149/1996/1743
f 1150/1997/1744 1151/1998/1745 1149/1996/1743
f 1150/1999/1744 1152/2000/1746 1153/2001/1747
f 1150/1999/1744 1153/2001/1747 1151/2002/1745
f 1152/2000/1746 1154/2003/1748 1155/2004/1749
f 1152/2000/1746 1155/2004/1749 1153/2001/1747
f 1148/1995/1750 1149/1996/1751 1156/2005/1752
f 1148/1995/1750 1156/2005/1752 1157/2006/1753
f 1149/1996/1751 1151/1998/1754 1158/2007/1755
f 1149/1996/1751 1158/2007/1755 1156/2005/1752
f 1151/2002/1754 1153/2001/1756 1158/2008/1755
f 1153/2001/1756 1159/2009/1757 1158/2008/1755
f 1153/2001/1756 1155/2004/1758 1159/2009/1757
f 1155/2004/1758 1160/2010/1759 1159/2009/1757
f 1157/2006/1753 1156/2005/1752 1161/2011/1760
f 1156/2005/1752 1162/2012/1761 1161/2011/1760
f 1156/2005/1752 1158/2007/1755 1163/2013/1762
f 1156/2005/1752 1163/2013/1762 1162/2012/1761
f 1158/2008/1755 1159/2009/1757 1163/2014/1762
f 1159/2009/1757 1164/2015/1763 1163/2014/1762
f 1159/2009/1757 1160/2010/1759 1165/2016/1764
f 1159/2009/1757 1165/2016/1764 1164/2015/1763
f 1161/2017/1760 1162/2018/1761 1166/2019/1765
f 1161/2017/1760 1166/2019/1765 1167/2020/1766
f 1162/2018/1761 1163/2021/1762 1168/2022/1767
f 1162/2018/1761 1168/2022/1767 1166/2019/1765
f 1163/2023/1762 1164/2024/1763 1168/2025/1767
f 1164/2024/1763 1169/2026/1768 1168/2025/1767
f 1164/2024/1763 1165/2027/1764 1169/2026/1768
f 1165/2027/1764 1170/2028/1769 1169/2026/1768
f 1167/2020/1766 1166/2019/1765 1068/1895/1770
f 1166/2019/1765 1069/1896/1771 1068/1895/1770
f 1166/2019/1765 1168/2022/1767 1069/1896/1771
f 1168/2022/1767 1171/2029/1772 1069/1896/1771
f 1168/2025/1767 1169/2026/1768 1078/1907/1773
f 1168/2025/1767 1078/1907/1773 1171/2030/1772
f 1169/2026/1768 1170/2028/1769 1079/1908/1774
f 1169/2026/1768 1079/1908/1774 1078/1907/1773
f 1160/2010/1775 1155/2004/1776 1172/2031/1777
f 1155/2004/1776 1154/2003/1778 1172/2031/1777
f 1165/2016/1779 1160/2010/1775 1173/2032/1780
f 1160/2010/1775 1172/2031/1777 1173/2032/1780
f 1170/2028/1781 1165/2027/1779 1173/2033/1780
f 1170/2028/1781 1173/2033/1780 1174/2034/1782
f 1079/1908/1783 1170/2028/1781 1174/2034/1782
f 1079/1908/1783 1174/2034/1782 1081/1910/1784
f 1175/2035/1785 1145/1992/1786 1144/1991/1787
f 1175/2035/1785 1144/1991/1787 1176/2036/1788
f 1177/2037/1789 1175/2035/1785 1178/2038/1790
f 1175/2035/1785 1176/2036/1788 1178/2038/1790
f 1179/2039/1791 1177/2040/1789 1180/2041/1792
f 1177/2040/1789 1178/2042/1790 1180/2041/1792
f 1088/1918/1793 1179/2039/1791 1089/1919/1794
f 1179/2039/1791 1180/2041/1792 1089/1919/1794
f 1181/2043/1795 1135/1980/1796 1130/1974/1797
f 1181/2043/1795 1130/1974/1797 1182/2044/1798
f 1183/2045/1799 1181/2043/1795 1184/2046/1800
f 1181/2043/1795 1182/2044/1798 1184/2046/1800
f 1185/2047/1801 1183/2048/1799 1186/2049/1802
f 1183/2048/1799 1184/2050/1800 1186/2049/1802
f 1099/1931/1803 1185/2047/1801 1100/1932/1804
f 1185/2047/1801 1186/2049/1802 1100/1932/1804
f 1182/2044/1798 1130/1974/1797 1125/1968/1805
f 1182/2044/1798 1125/1968/1805 1120/1962/1806
f 1184/2046/1800 1182/2044/1798 1120/1962/1806
f 1184/2046/1800 1120/1962/1806 1115/1961/1807
f 1186/2049/1802 1184/2050/1800 1115/1950/1807
f 1186/2049/1802 1115/1950/1807 1110/1944/1808
f 1100/1932/1804 1186/2049/1802 1105/1938/1809
f 1186/2049/1802 1110/1944/1808 1105/1938/1809
f 1148/1995/1810 1157/2006/1811 1187/2051/1812
f 1148/1995/1810 1187/2051/1812 1146/1993/1813
f 1157/2006/1811 1161/2011/1814 1188/2052/1815
f 1157/2006/1811 1188/2052/1815 1187/2051/1812
f 1161/2017/1814 1167/2020/1816 1188/2053/1815
f 1167/2020/1816 1189/2054/1817 1188/2053/1815
f 1167/2020/1816 1068/1895/1818 1189/2054/1817
f 1068/1895/1818 1071/1898/1819 1189/2054/1817
f 1138/1983/1820 1190/2055/1821 1136/1981/1822
f 1190/2055/1821 1191/2056/1823 1136/1981/1822
f 1190/2055/1821 1192/2057/1824 1193/2058/1825
f 1190/2055/1821 1193/2058/1825 1191/2056/1823
f 1192/2059/1824 1194/2060/1826 1195/2061/1827
f 1192/2059/1824 1195/2061/1827 1193/2062/1825
f 1194/2060/1826 1082/1911/1828 1084/1913/1829
f 1194/2060/1826 1084/1913/1829 1195/2061/1827
f 1132/1976/1830 1196/2063/1831 1127/1970/1832
f 1196/2063/1831 1197/2064/1833 1127/1970/1832
f 1196/2063/1831 1198/2065/1834 1199/2066/1835
f 1196/2063/1831 1199/2066/1835 1197/2064/1833
f 1198/2067/1834 1200/2068/1836 1201/2069/1837
f 1198/2067/1834 1201/2069/1837 1199/2070/1835
f 1200/2068/1836 1091/1921/1838 1093/1923/1839
f 1200/2068/1836 1093/1923/1839 1201/2069/1837
f 1127/1970/1832 1197/2064/1833 1121/1963/1840
f 1197/2064/1833 1116/1953/1841 1121/1963/1840
f 1197/2064/1833 1199/2066/1835 1116/1953/1841
f 1199/2066/1835 1112/1951/1842 1116/1953/1841
f 1199/2070/1835 1201/2069/1837 1112/1946/1842
f 1201/2069/1837 1107/1940/1843 1112/1946/1842
f 1201/2069/1837 1093/1923/1839 1101/1933/1844
f 1201/2069/1837 1101/1933/1844 1107/1940/1843
f 1202/2071/1845 1203/2072/1846 1092/1922/1676
f 1203/2072/1846 1095/1925/1679 1092/1922/1676
f 1171/2030/1847 1078/1907/1662 1204/2073/1848
f 1078/1907/1662 1080/1909/1664 1204/2073/1848
f 1205/2074/1849 1206/2075/1850 1097/1928/1681
f 1205/2074/1849 1097/1928/1681 1095/1927/1679
f 1069/1896/1653 1171/2029/1847 1204/2076/1848
f 1069/1896/1653 1204/2076/1848 1070/1897/1654
f 1207/2077/1851 1205/2074/1849 1095/1927/1679
f 1095/1925/1679 1203/2072/1846 1207/2078/1851
f 1208/2079/1852 1209/2080/1853 1205/2074/1849
f 1208/2079/1852 1205/2074/1849 1207/2077/1851
f 1207/2078/1851 1203/2072/1846 1208/2081/1852
f 1203/2072/1846 1210/2082/1854 1208/2081/1852
f 1075/1902/1659 1074/1901/1658 1211/2083/1855
f 1074/1901/1658 1212/2084/1856 1211/2083/1855
f 1211/2085/1855 1213/2086/1857 1076/1903/1660
f 1211/2085/1855 1076/1903/1660 1075/1906/1659
f 1077/1904/1661 1076/1903/1660 1214/2087/1858
f 1076/1903/1660 1213/2086/1857 1214/2087/1858
f 1086/1916/1670 1077/1904/1661 1208/2079/1852
f 1208/2081/1852 1073/1900/1657 1086/1915/1670
f 1215/2088/1859 1212/2084/1856 1074/1901/1658
f 1215/2088/1859 1074/1901/1658 1073/1900/1657
f 1209/2080/1853 1208/2079/1852 1214/2087/1858
f 1208/2079/1852 1077/1904/1661 1214/2087/1858
f 1073/1900/1657 1208/2081/1852 1215/2088/1859
f 1208/2081/1852 1210/2082/1854 1215/2088/1859
f 1216/2089/1860 1202/2071/1845 1091/1921/1675
f 1202/2071/1845 1092/1922/1676 1091/1921/1675
f 1217/2090/1861 1216/2089/1862 1091/1921/1838
f 1217/2090/1861 1091/1921/1838 1200/2068/1836
f 1218/2091/1863 1217/2090/1861 1200/2068/1836
f 1218/2091/1863 1200/2068/1836 1198/2067/1834
f 1219/2092/1864 1218/2093/1863 1198/2065/1834
f 1219/2092/1864 1198/2065/1834 1196/2063/1831
f 1220/2094/1865 1219/2092/1864 1132/1976/1830
f 1219/2092/1864 1196/2063/1831 1132/1976/1830
f 1132/1976/1726 1131/1975/1725 1220/2094/1866
f 1131/1975/1725 1221/2095/1867 1220/2094/1866
f 1131/1975/1725 1133/1977/1727 1221/2095/1867
f 1133/1977/1727 1222/2096/1868 1221/2095/1867
f 1133/1978/1727 1134/1979/1728 1223/2097/1869
f 1133/1978/1727 1223/2097/1869 1222/2098/1868
f 1134/1979/1728 1135/1980/1729 1224/2099/1870
f 1134/1979/1728 1224/2099/1870 1223/2097/1869
f 1225/2100/1871 1224/2099/1872 1135/1980/1796
f 1225/2100/1871 1135/1980/1796 1181/2043/1795
f 1226/2101/1873 1225/2100/1871 1183/2045/1799
f 1225/2100/1871 1181/2043/1795 1183/2045/1799
f 1227/2102/1874 1226/2103/1873 1185/2047/1801
f 1226/2103/1873 1183/2048/1799 1185/2047/1801
f 1228/2104/1875 1227/2102/1874 1099/1931/1803
f 1227/2102/1874 1185/2047/1801 1099/1931/1803
f 1206/2075/1850 1228/2104/1876 1099/1931/1683
f 1206/2075/1850 1099/1931/1683 1097/1928/1681
f 1084/1913/1668 1085/1914/1669 1216/2089/1860
f 1085/1914/1669 1202/2071/1845 1216/2089/1860
f 1195/2061/1827 1084/1913/1829 1216/2089/1862
f 1195/2061/1827 1216/2089/1862 1217/2090/1861
f 1193/2062/1825 1195/2061/1827 1217/2090/1861
f 1193/2062/1825 1217/2090/1861 1218/2091/1863
f 1191/2056/1823 1193/2058/1825 1218/2093/1863
f 1191/2056/1823 1218/2093/1863 1219/2092/1864
f 1136/1981/1822 1191/2056/1823 1220/2094/1865
f 1191/2056/1823 1219/2092/1864 1220/2094/1865
f 1220/2094/1866 1221/2095/1867 1136/1981/1730
f 1221/2095/1867 1137/1982/1731 1136/1981/1730
f 1221/2095/1867 1222/2096/1868 1137/1982/1731
f 1222/2096/1868 1140/1985/1734 1137/1982/1731
f 1222/2098/1868 1223/2097/1869 1142/1988/1736
f 1222/2098/1868 1142/1988/1736 1140/1987/1734
f 1223/2097/1869 1224/2099/1870 1144/1991/1738
f 1223/2097/1869 1144/1991/1738 1142/1988/1736
f 1176/2036/1788 1144/1991/1787 1224/2099/1872
f 1176/2036/1788 1224/2099/1872 1225/2100/1871
f 1178/2038/1790 1176/2036/1788 1226/2101/1873
f 1176/2036/1788 1225/2100/1871 1226/2101/1873
f 1180/2041/1792 1178/2042/1790 1227/2102/1874
f 1178/2042/1790 1226/2103/1873 1227/2102/1874
f 1089/1919/1794 1180/2041/1792 1228/2104/1875
f 1180/2041/1792 1227/2102/1874 1228/2104/1875
f 1090/1920/1674 1089/1919/1673 1228/2104/1876
f 1090/1920/1674 1228/2104/1876 1206/2075/1850
f 1215/2088/1859 1210/2082/1854 1085/1914/1669
f 1215/2088/1859 1085/1914/1669 1083/1912/1667
f 1085/1914/1669 1210/2082/1854 1203/2072/1846
f 1085/1914/1669 1203/2072/1846 1202/2071/1845
f 1209/2080/1853 1090/1920/1674 1205/2074/1849
f 1090/1920/1674 1206/2075/1850 1205/2074/1849
f 1214/2087/1858 1087/1917/1671 1090/1920/1674
f 1214/2087/1858 1090/1920/1674 1209/2080/1853
f 1071/1898/1655 1070/1897/1654 1083/1912/1667
f 1071/1898/1655 1083/1912/1667 1082/1911/1666
f 1189/2054/1817 1071/1898/1819 1194/2060/1826
f 1071/1898/1819 1082/1911/1828 1194/2060/1826
f 1188/2053/1815 1189/2054/1817 1192/2059/1824
f 1189/2054/1817 1194/2060/1826 1192/2059/1824
f 1187/2051/1812 1188/2052/1815 1192/2057/1824
f 1187/2051/1812 1192/2057/1824 1190/2055/1821
f 1146/1993/1813 1187/2051/1812 1190/2055/1821
f 1146/1993/1813 1190/2055/1821 1138/1983/1820
f 1138/1983/1732 1139/1984/1733 1146/1993/1740
f 1139/1984/1733 1147/1994/1741 1146/1993/1740
f 1139/1984/1733 1141/1986/1735 1147/1994/1741
f 1141/1986/1735 1150/1997/1744 1147/1994/1741
f 1141/1990/1735 1143/1989/1737 1152/2000/1746
f 1141/1990/1735 1152/2000/1746 1150/1999/1744
f 1143/1989/1737 1145/1992/1739 1154/2003/1748
f 1143/1989/1737 1154/2003/1748 1152/2000/1746
f 1172/2031/1777 1154/2003/1778 1175/2035/1785
f 1154/2003/1778 1145/1992/1786 1175/2035/1785
f 1173/2032/1780 1172/2031/1777 1177/2037/1789
f 1172/2031/1777 1175/2035/1785 1177/2037/1789
f 1174/2034/1782 1173/2033/1780 1177/2040/1789
f 1174/2034/1782 1177/2040/1789 1179/2039/1791
f 1081/1910/1784 1174/2034/1782 1179/2039/1791
f 1081/1910/1784 1179/2039/1791 1088/1918/1793
f 1080/1909/1664 1081/1910/1665 1087/1917/1671
f 1081/1910/1665 1088/1918/1672 1087/1917/1671
f 1213/2086/1877 1087/1917/1671 1214/2087/1858
f 1083/1912/1667 1070/1897/1654 1204/2076/1848
f 1212/2084/1878 1083/1912/1667 1204/2076/1848
f 1211/2083/1879 1212/2084/1878 1204/2076/1848
f 1083/1912/1667 1212/2084/1878 1215/2088/1859
f 1211/2085/1879 1204/2073/1848 1080/1909/1664
f 1213/2086/1877 1211/2085/1879 1080/1909/1664
f 1087/1917/1671 1213/2086/1877 1080/1909/1664
s off
g Head_uv_standardSurface4SG_2
v 0.441428 7.50857 1.98505
v 0.808462 7.41991 2.19413
v 0.479315 7.77808 2.00902
v 0.89441 7.66443 2.21997
v 1.18154 7.26777 2.28722
v 1.29286 7.50464 2.29467
v 1.53676 7.07764 2.19413
v 1.67016 7.29986 2.21997
v 1.83926 6.85165 1.98505
v 2.02257 7.05281 2.00902
v 0.532831 7.90414 1.40482
v 0.939403 7.76133 1.6677
v 0.506863 8.16154 1.42908
v 1.04642 7.94722 1.73311
v 1.33729 7.59919 1.74996
v 1.42685 7.78975 1.78523
v 1.71605 7.39633 1.6677
v 1.79087 7.59736 1.73311
v 2.08546 7.17446 1.40482
v 2.3002 7.31874 1.42908
v 0.666775 8.35924 1.384
v 1.21539 8.14148 1.61789
v 1.53441 8.01863 1.70779
v 1.83259 7.85143 1.61789
v 2.35036 7.56802 1.384
v 1.3928 8.44696 1.41231
v 1.04539 8.62062 1.21608
v 1.67676 8.32152 1.49102
v 1.95455 8.18296 1.41231
v 2.30996 8.02632 1.21608
v 1.38047 8.7745 0.839323
v 0.897721 8.80557 0.918391
v 1.82865 8.64471 0.864162
v 2.2146 8.3825 0.839323
v 2.54659 8.03066 0.918392
v 1.35263 8.91672 0.384364
v 0.890264 8.95262 0.454735
v 1.62452 8.85281 0.357356
v 1.70668 8.8335 0.349195
v 1.7848 8.81514 0.341435
v 1.89641 8.7889 0.330349
v 1.98784 8.71972 0.341435
v 2.05183 8.67129 0.349195
v 2.11913 8.62037 0.357356
v 2.34185 8.45183 0.384363
v 2.66457 8.11877 0.454735
v 0.931948 9.00664 -0.08873
v 1.39244 8.95783 -0.132416
v 1.6952 8.87404 0.214592
v 1.70918 8.89464 0.006206
v 1.65781 8.90184 -0.138802
v 1.91568 8.8299 -0.012038
v 2.00407 8.76071 -0.007046
v 1.92317 8.84585 -0.145189
v 2.01039 8.77665 -0.142567
v 2.67955 8.18533 -0.088729
v 2.34809 8.5087 -0.132415
v 1.10277 8.90094 -0.458459
v 1.51246 8.8473 -0.523217
v 1.738 8.88492 -0.140732
v 1.81424 8.86883 -0.142568
v 1.88503 8.76468 -0.571662
v 2.07143 8.72822 -0.140732
v 2.13563 8.67728 -0.138802
v 2.1864 8.53057 -0.523217
v 2.48917 8.24939 -0.458458
v 1.34545 8.71553 -0.835663
v 0.805945 8.76857 -0.632656
v 1.78886 8.56005 -0.890771
v 2.19154 8.3179 -0.835663
v 2.57667 7.93639 -0.632656
v 1.23052 8.49873 -0.960447
v 0.68409 8.59217 -0.745042
v 1.68857 8.34665 -1.00832
v 2.09798 8.09106 -0.960447
v 2.51864 7.73001 -0.745042
v 1.11984 8.17132 -1.06127
v 0.601064 8.2425 -0.8503
v 1.53905 8.02849 -1.12304
v 1.91655 7.7969 -1.06127
v 2.30241 7.44293 -0.8503
v 0.525451 7.8916 -0.833324
v 0.959445 7.78006 -0.995268
v 1.35132 7.62904 -1.04189
v 1.71768 7.42372 -0.995268
v 2.08052 7.16078 -0.833324
v 0.773334 7.91733 -0.3668
v 0.210744 7.98438 -0.236015
v 1.39674 7.72569 -0.39325
v 1.94214 7.36804 -0.366799
v 2.35279 6.9777 -0.236015
v 0.728995 7.85013 0.352933
v 0.150843 7.94565 0.345187
v 1.38015 7.69039 0.372107
v 1.9187 7.29102 0.352934
v 2.3612 6.90687 0.345187
v 0.797938 7.69001 1.02788
v 0.209066 7.80279 0.936407
v 1.32306 7.5689 1.07835
v 1.75142 7.24191 1.02788
v 2.21406 6.86052 0.936407
v 0.561147 7.64905 1.49919
v 0.856681 7.52603 1.66857
v 1.22852 7.36775 1.71123
v 1.58768 7.18248 1.66857
v 1.871 7.03346 1.49919
v 2.56254 7.15933 -0.218436
v 2.56335 7.09978 0.423495
v 2.38853 7.09145 0.958077
v 2.08013 6.69403 1.61345
v 2.26318 6.95175 1.61443
v 2.76846 7.46562 -0.159457
v 2.72987 7.32797 0.468791
v 2.57382 7.24297 0.991361
v 2.81568 7.77347 -0.123194
v 2.80021 7.58987 0.471087
v 2.64935 7.50451 1.00213
v 0.216716 8.26178 -0.218436
v 0.170354 8.2244 0.423495
v 0.275513 8.08449 0.958077
v 0.166358 7.59343 1.61345
v 0.247959 7.89883 1.61443
v 0.321111 8.61578 -0.159456
v 0.239768 8.49822 0.468791
v 0.273918 8.32384 0.991361
v 0.527989 8.8486 -0.123193
v 0.396501 8.71952 0.471087
v 0.427072 8.5489 1.00213
v 1.75881 8.8737 -0.000588
v 2.0973 8.71223 0.006206
v 2.09037 8.68833 0.214592
v 1.74566 8.8521 0.205182
v 1.90444 8.80598 0.187688
v 1.9946 8.7368 0.196235
v 1.71908 9.32088 0.28438
v 1.73223 9.34248 0.07861
v 1.55106 9.22804 0.051176
v 1.53708 9.20745 0.259563
v 1.94211 8.88615 0.204674
v 2.25843 9.1013 0.281024
v 1.95335 8.91006 0.004948
v 2.2679 9.12522 0.077742
v 2.4549 8.80327 0.051177
v 2.44797 8.77937 0.259563
v 1.79363 8.83124 0.196235
v 1.90589 9.26699 0.281024
v 1.91825 9.28954 0.077742
v 1.806 8.8538 -0.007046
v 2.04128 8.71317 0.205182
v 2.41914 8.99188 0.284379
v 2.42738 9.01579 0.07861
v 2.04951 8.73708 -0.000588
vn -0.46752 0.027013 0.88357
vn -0.350295 0.022508 0.936369
vn -0.342325 0.022196 0.939319
vn -0.031405 -0.066824 0.99727
vn 0.24088 -0.255323 0.936369
vn 0.235554 -0.249386 0.939319
vn 0.31916 -0.342697 0.88357
vn -0.532774 -0.073116 0.843093
vn -0.433771 -0.097312 0.895753
vn -0.357902 0.294825 0.885993
vn -0.267627 0.237242 0.933858
vn -0.095752 -0.203743 0.974331
vn 0.04544 0.096689 0.994277
vn 0.201905 -0.396059 0.895752
vn 0.353444 -0.054639 0.933859
vn 0.283716 -0.456838 0.843092
vn 0.455388 -0.087392 0.885994
vn -0.158677 0.565118 0.809607
vn -0.09093 0.548945 0.830898
vn 0.19854 0.42246 0.884369
vn 0.480654 0.280322 0.830898
vn 0.536339 0.238485 0.809608
vn -0.068063 0.601665 0.795843
vn -0.104956 0.616897 0.780015
vn 0.226217 0.481352 0.846833
vn 0.506649 0.331575 0.795842
vn 0.54192 0.312892 0.780014
vn 0.145075 0.864098 0.481962
vn 0.205022 0.850582 0.484227
vn 0.190104 0.907134 0.375457
vn 0.128188 0.916612 0.378669
vn 0.370652 0.788683 0.490506
vn 0.391936 0.833972 0.388428
vn 0.524008 0.700671 0.484227
vn 0.577067 0.725277 0.375457
vn 0.572669 0.663146 0.481962
vn 0.623877 0.683658 0.378669
vn 0.160549 0.966709 0.199242
vn 0.109278 0.972823 0.204142
vn 0.230567 0.945708 0.229074
vn 0.251493 0.927516 0.276526
vn 0.249982 0.929113 0.272504
vn 0.409264 0.870844 0.272277
vn 0.555776 0.785402 0.272503
vn 0.553581 0.785545 0.276526
vn 0.580943 0.781045 0.229074
vn 0.641795 0.740542 0.199241
vn 0.679221 0.704972 0.20414
vn 0.098498 0.995137 -3.1e-05
vn 0.134525 0.989257 -0.05721
vn 0.184758 0.976829 0.108031
vn 0.182305 0.978427 0.097188
vn 0.191178 0.976187 -0.102519
vn 0.42187 0.897671 0.127329
vn 0.588666 0.801439 0.10568
vn 0.417764 0.888929 -0.187828
vn 0.61594 0.765146 -0.187535
vn 0.703279 0.710913 -3e-05
vn 0.675763 0.734896 -0.057209
vn 0.083528 0.966467 -0.242828
vn 0.158501 0.963047 -0.217758
vn 0.197194 0.960773 -0.19501
vn 0.195992 0.962506 -0.187535
vn 0.415704 0.884545 -0.21159
vn 0.61384 0.764965 -0.19501
vn 0.629547 0.77017 -0.102512
vn 0.640282 0.736629 -0.217756
vn 0.69076 0.681094 -0.24282
vn -0.028558 0.889676 -0.455699
vn 0.091504 0.863751 -0.495541
vn -0.001925 0.742365 -0.669993
vn -0.150396 0.725686 -0.671387
vn 0.360824 0.767774 -0.529462
vn 0.296875 0.631701 -0.716114
vn 0.606592 0.621681 -0.49554
vn 0.572764 0.472284 -0.669992
vn 0.703173 0.54579 -0.455698
vn 0.654675 0.347333 -0.671387
vn -0.142317 0.433633 -0.88978
vn -0.269905 0.453693 -0.849302
vn 0.155083 0.32999 -0.931158
vn 0.424671 0.167169 -0.88978
vn 0.52154 0.081743 -0.849302
vn -0.219308 0.155869 -0.963124
vn -0.336156 0.187171 -0.92302
vn 0.026333 0.056032 -0.998082
vn 0.259961 -0.069369 -0.963124
vn 0.358629 -0.139352 -0.92302
vn -0.362609 0.011115 -0.931875
vn -0.277302 -0.042808 -0.959829
vn -0.07254 -0.154355 -0.985349
vn 0.144012 -0.240809 -0.959829
vn 0.239968 -0.272073 -0.931875
vn -0.138473 -0.982093 0.127742
vn -0.263933 -0.954893 0.136085
vn -0.218305 -0.975827 0.010203
vn -0.147982 -0.988265 -0.037866
vn -0.42117 -0.89618 0.139563
vn -0.425294 -0.904954 0.013579
vn -0.566719 -0.812595 0.136085
vn -0.611956 -0.790826 0.010203
vn -0.667727 -0.733364 0.127741
vn -0.66641 -0.744623 -0.037866
vn -0.200766 -0.969314 -0.14186
vn -0.152289 -0.976404 -0.153111
vn -0.421511 -0.896905 -0.133755
vn -0.618134 -0.773166 -0.14186
vn -0.654531 -0.740369 -0.153112
vn -0.207921 -0.954845 -0.212228
vn -0.164837 -0.964042 -0.208452
vn -0.413718 -0.880323 -0.232095
vn -0.602428 -0.769441 -0.212229
vn -0.637006 -0.742139 -0.208453
vn -0.201857 -0.961782 -0.185012
vn -0.243856 -0.93753 -0.248137
vn -0.408769 -0.86979 -0.276355
vn -0.566165 -0.786056 -0.248138
vn -0.611639 -0.769199 -0.185012
vn 0.669511 -0.662067 -0.336783
vn 0.634705 -0.590082 -0.498951
vn 0.708836 -0.493559 -0.503935
vn 0.753547 -0.571928 -0.324139
vn 0.702932 -0.710445 0.033979
vn 0.749726 -0.660582 0.039278
vn 0.715917 -0.676697 0.171884
vn 0.650362 -0.713134 0.261667
vn 0.625486 -0.530473 0.57216
vn 0.825892 -0.289572 -0.483788
vn 0.896916 -0.348759 -0.271861
vn 0.893515 -0.443836 0.068116
vn 0.78614 -0.499225 0.36436
vn 0.48743 -0.74711 0.451928
vn 0.665154 -0.512854 0.542726
vn 0.909019 0.145907 -0.390379
vn 0.982359 0.128757 -0.135619
vn 0.984845 0.066182 0.160313
vn 0.900746 0.06308 0.429741
vn 0.797494 0.092485 0.596197
vn 0.870551 0.363925 -0.331209
vn 0.940908 0.322495 -0.103393
vn 0.94885 0.259257 0.180194
vn 0.875041 0.250011 0.414484
vn 0.769073 0.260976 0.583454
vn -0.859354 0.112068 -0.49895
vn -0.936986 0.092925 -0.336783
vn -0.832351 0.23074 -0.503935
vn -0.92122 0.215149 -0.324138
vn -0.99556 0.087781 0.033978
vn -0.987034 0.155631 0.039278
vn -0.977865 0.119315 0.171882
vn -0.964081 0.045596 0.261667
vn -0.807576 0.143013 0.572161
vn -0.750007 0.451041 -0.483788
vn -0.840902 0.467949 -0.271861
vn -0.91193 0.404653 0.068116
vn -0.886047 0.28664 0.364361
vn -0.886257 -0.101523 0.45193
vn -0.819328 0.184798 0.542727
vn -0.467789 0.792955 -0.39038
vn -0.527796 0.838474 -0.135619
vn -0.577559 0.800453 0.160314
vn -0.526276 0.733727 0.429742
vn -0.437743 0.673 0.596198
vn -0.275388 0.902475 -0.331211
vn -0.352186 0.930201 -0.103393
vn -0.405942 0.895958 0.180195
vn -0.365957 0.833234 0.414484
vn -0.289887 0.758647 0.583455
vn -0.156911 -0.953197 -0.258447
vn 0.184279 0.962066 0.20117
vn -0.345288 -0.916645 -0.20134
vn 0.335932 0.922844 0.188438
vn -0.485356 -0.850819 -0.201339
vn 0.496098 0.847572 0.188438
vn -0.633711 -0.72912 -0.258446
vn 0.623074 0.75585 0.201172
vn -0.77205 -0.570185 -0.280763
vn -0.77205 -0.570185 -0.280764
vn 0.806413 -0.590976 0.0211
vn 0.630868 0.735616 0.246728
vn 0.053731 -0.958272 -0.280764
vn 0.163734 0.955153 0.246727
vn -0.969623 0.243693 0.021101
vn 0.281857 0.95886 0.033819
vn 0.636935 0.764767 0.097186
vn 0.634139 0.765635 0.108029
vn 0.31495 0.928309 0.197608
vn 0.421863 0.89766 0.127426
vn 0.569985 0.810039 0.137674
vn -0.176117 0.980172 0.090809
vn -0.167275 0.981647 0.091593
vn -0.53601 0.842686 0.050728
vn 0.421442 0.896757 0.134959
vn -0.201727 0.974043 0.102692
vn 0.421443 0.896756 0.134959
vn -0.247848 0.963689 0.099374
vn 0.024112 0.168298 -0.985441
vn 0.024108 0.170187 -0.985117
vn 0.024127 0.158345 -0.987089
vn -0.904091 -0.415071 -0.101665
vn -0.004849 -0.154056 0.98805
vn -0.00501 -0.170088 0.985416
vn -0.004982 -0.167369 0.985882
vn -0.164075 -0.113041 0.97995
vn -0.146297 -0.115647 0.982458
vn -0.137312 -0.116946 0.9836
vn 0.257419 -0.960937 -0.101663
vn 0.122917 0.130551 -0.983793
vn 0.129607 0.129549 -0.983066
vn 0.143283 0.127479 -0.981437
vn 0.259882 0.955776 0.137676
vn -0.002406 -0.180348 0.9836
vn 0.004329 -0.186436 0.982458
vn 0.017682 -0.19846 0.97995
vn 0.017682 -0.19846 0.979949
vn 0.900101 0.424196 0.099373
vn 0.87864 0.466311 0.10269
vn 0.006703 0.191666 -0.981437
vn 0.017025 0.182458 -0.983066
vn 0.022067 0.177947 -0.983793
vn 0.241336 0.96467 0.105682
vn 0.513698 0.834906 0.197604
vn -0.127752 -0.112402 0.985416
vn -0.125676 -0.110647 0.985882
vn 0.867015 0.489938 0.090808
vn 0.862507 0.497687 0.091592
vn 0.114184 0.125968 -0.985441
vn 0.11564 0.127171 -0.985117
vn 0.558333 0.828927 0.03382
vn -0.115511 -0.102048 0.98805
vn 0.990844 0.125123 0.050727
vn 0.106512 0.119627 -0.987089
vt 0.200512 0.111143
vt 0.215231 0.113178
vt 0.198828 0.12111
vt 0.214915 0.122804
vt 0.229475 0.113475
vt 0.229626 0.12314
vt 0.243704 0.112734
vt 0.244319 0.122346
vt 0.258352 0.110242
vt 0.260346 0.120152
vt 0.102183 0.136969
vt 0.116983 0.123272
vt 0.108106 0.144131
vt 0.124058 0.127825
vt 0.129275 0.112945
vt 0.135177 0.118145
vt 0.324846 0.11181
vt 0.337121 0.122221
vt 0.318917 0.11699
vt 0.330021 0.126731
vt 0.351855 0.136014
vt 0.345913 0.143172
vt 0.116558 0.148312
vt 0.132865 0.133633
vt 0.142335 0.125172
vt 0.311723 0.123982
vt 0.321198 0.132494
vt 0.337459 0.147308
vt 0.143066 0.144737
vt 0.132286 0.155299
vt 0.152029 0.137334
vt 0.302005 0.136112
vt 0.310982 0.143539
vt 0.321724 0.154188
vt 0.146739 0.168335
vt 0.128931 0.167387
vt 0.163141 0.164851
vt 0.290828 0.163467
vt 0.307235 0.167089
vt 0.325044 0.166287
vt 0.145925 0.185709
vt 0.129549 0.182479
vt 0.156208 0.186607
vt 0.159339 0.186408
vt 0.162366 0.186318
vt 0.166667 0.186379
vt 0.287124 0.184934
vt 0.291429 0.184895
vt 0.294458 0.185004
vt 0.29759 0.185233
vt 0.307892 0.184422
vt 0.324303 0.181369
vt 0.129485 0.19931
vt 0.145033 0.203018
vt 0.158726 0.191995
vt 0.157881 0.200474
vt 0.154408 0.205057
vt 0.288671 0.202637
vt 0.292398 0.20107
vt 0.289849 0.207307
vt 0.293782 0.205986
vt 0.324167 0.198187
vt 0.308589 0.201737
vt 0.132816 0.212581
vt 0.146101 0.21845
vt 0.1572 0.206126
vt 0.159777 0.20744
vt 0.16369 0.208815
vt 0.157816 0.225198
vt 0.296385 0.204719
vt 0.299191 0.203676
vt 0.307345 0.217145
vt 0.295528 0.223757
vt 0.320707 0.21142
vt 0.136116 0.228287
vt 0.120769 0.216708
vt 0.14857 0.238627
vt 0.304634 0.237268
vt 0.31723 0.227072
vt 0.332688 0.215679
vt 0.128326 0.234752
vt 0.113447 0.220949
vt 0.140923 0.246102
vt 0.32493 0.233624
vt 0.312197 0.244821
vt 0.339942 0.22001
vt 0.118024 0.242652
vt 0.103473 0.228233
vt 0.128902 0.254778
vt 0.3351 0.241658
vt 0.324093 0.253654
vt 0.349791 0.227422
vt 0.092228 0.23389
vt 0.10401 0.249529
vt 0.113603 0.262254
vt 0.349028 0.248727
vt 0.339294 0.261331
vt 0.360976 0.23322
vt 0.257565 0.243481
vt 0.241298 0.249083
vt 0.249442 0.226642
vt 0.269541 0.221995
vt 0.22608 0.25044
vt 0.226456 0.227322
vt 0.210915 0.24859
vt 0.203503 0.225896
vt 0.194838 0.242463
vt 0.183565 0.2206
vt 0.250513 0.200984
vt 0.271225 0.200977
vt 0.226892 0.200443
vt 0.203265 0.200217
vt 0.182565 0.199538
vt 0.246409 0.176563
vt 0.267807 0.17923
vt 0.2273 0.175301
vt 0.208161 0.175942
vt 0.186687 0.177913
vt 0.253638 0.159349
vt 0.24217 0.153308
vt 0.227683 0.151694
vt 0.213152 0.152837
vt 0.201494 0.158502
vt 0.37136 0.205929
vt 0.361792 0.20292
vt 0.373811 0.181035
vt 0.363368 0.179031
vt 0.372763 0.157379
vt 0.361981 0.156822
vt 0.274113 0.107237
vt 0.276369 0.118692
vt 0.34952 0.199548
vt 0.353109 0.178519
vt 0.35343 0.159625
vt 0.338834 0.198123
vt 0.343365 0.17947
vt 0.343672 0.16201
vt 0.082167 0.206536
vt 0.091756 0.203647
vt 0.079987 0.181716
vt 0.090442 0.179807
vt 0.081218 0.158168
vt 0.092003 0.157668
vt 0.184665 0.10863
vt 0.182766 0.12015
vt 0.104097 0.200414
vt 0.100725 0.179375
vt 0.100546 0.160518
vt 0.114811 0.199092
vt 0.110476 0.180412
vt 0.110301 0.162964
vt 0.256187 0.141113
vt 0.242403 0.134209
vt 0.212874 0.075553
vt 0.197092 0.082635
vt 0.197556 0.061477
vt 0.213339 0.055564
vt 0.228021 0.130879
vt 0.227746 0.073693
vt 0.228629 0.054067
vt 0.213539 0.133741
vt 0.242391 0.076882
vt 0.243723 0.056931
vt 0.199537 0.140194
vt 0.257473 0.085352
vt 0.258911 0.064238
vt 0.188079 0.152513
vt 0.298007 0.107568
vt 0.299812 0.117683
vt 0.268755 0.100539
vt 0.268475 0.077963
vt 0.267241 0.153798
vt 0.184491 0.096747
vt 0.186798 0.074287
vt 0.159303 0.119871
vt 0.160793 0.109705
vt 0.159538 0.201675
vt 0.29578 0.199049
vt 0.295037 0.190596
vt 0.16075 0.191572
vt 0.286938 0.190081
vt 0.291074 0.190139
vt 0.199168 0.285585
vt 0.19926 0.293078
vt 0.191819 0.293387
vt 0.191666 0.285667
vt 0.226478 0.285752
vt 0.239839 0.28472
vt 0.226578 0.292905
vt 0.239866 0.29206
vt 0.203609 0.308315
vt 0.201826 0.308808
vt 0.193649 0.298379
vt 0.179075 0.294045
vt 0.178987 0.286585
vt 0.202501 0.270018
vt 0.204318 0.27058
vt 0.193841 0.280016
vt 0.235741 0.268809
vt 0.239818 0.26937
vt 0.234822 0.271896
vt 0.267186 0.285136
vt 0.267191 0.292592
vt 0.254427 0.292094
vt 0.254485 0.284373
vt 0.241024 0.307352
vt 0.237047 0.308191
vt 0.235879 0.305185
vt 0.166815 0.191535
vt 0.162689 0.191562
vt 0.206317 0.285846
vt 0.206226 0.270524
vt 0.210304 0.269918
vt 0.211258 0.272997
vt 0.219662 0.293883
vt 0.206374 0.293177
vt 0.219691 0.286724
vt 0.209449 0.30925
vt 0.205459 0.308457
vt 0.210583 0.306229
vt 0.161226 0.202557
vt 0.164937 0.204166
vt 0.293021 0.190159
vt 0.241728 0.269411
vt 0.24698 0.284386
vt 0.246976 0.291871
vt 0.24287 0.307183
vt 0.29411 0.200223
vt 0.243536 0.268834
vt 0.252262 0.27877
vt 0.244655 0.30765
vt 0.252659 0.297092
usemtl standardSurface4SG
f 1229/2105/1880 1230/2106/1881 1231/2107/1880
f 1230/2106/1881 1232/2108/1882 1231/2107/1880
f 1230/2106/1881 1233/2109/1883 1234/2110/1883
f 1230/2106/1881 1234/2110/1883 1232/2108/1882
f 1233/2109/1883 1235/2111/1884 1234/2110/1883
f 1235/2111/1884 1236/2112/1885 1234/2110/1883
f 1235/2111/1884 1237/2113/1886 1238/2114/1886
f 1235/2111/1884 1238/2114/1886 1236/2112/1885
f 1239/2115/1887 1240/2116/1888 1241/2117/1889
f 1240/2116/1888 1242/2118/1890 1241/2117/1889
f 1240/2116/1888 1243/2119/1891 1244/2120/1892
f 1240/2116/1888 1244/2120/1892 1242/2118/1890
f 1243/2121/1891 1245/2122/1893 1244/2123/1892
f 1245/2122/1893 1246/2124/1894 1244/2123/1892
f 1245/2122/1893 1247/2125/1895 1248/2126/1896
f 1245/2122/1893 1248/2126/1896 1246/2124/1894
f 1241/2117/1889 1242/2118/1890 1249/2127/1897
f 1242/2118/1890 1250/2128/1898 1249/2127/1897
f 1242/2118/1890 1244/2120/1892 1251/2129/1899
f 1242/2118/1890 1251/2129/1899 1250/2128/1898
f 1244/2123/1892 1246/2124/1894 1251/2130/1899
f 1246/2124/1894 1252/2131/1900 1251/2130/1899
f 1246/2124/1894 1248/2126/1896 1253/2132/1901
f 1246/2124/1894 1253/2132/1901 1252/2131/1900
f 1249/2127/1897 1250/2128/1898 1254/2133/1902
f 1249/2127/1897 1254/2133/1902 1255/2134/1903
f 1250/2128/1898 1251/2129/1899 1256/2135/1904
f 1250/2128/1898 1256/2135/1904 1254/2133/1902
f 1251/2130/1899 1252/2131/1900 1256/2136/1904
f 1252/2131/1900 1257/2137/1905 1256/2136/1904
f 1252/2131/1900 1253/2132/1901 1257/2137/1905
f 1253/2132/1901 1258/2138/1906 1257/2137/1905
f 1255/2134/1907 1254/2133/1908 1259/2139/1909
f 1255/2134/1907 1259/2139/1909 1260/2140/1910
f 1254/2133/1908 1256/2135/1911 1261/2141/1912
f 1254/2133/1908 1261/2141/1912 1259/2139/1909
f 1256/2136/1911 1257/2137/1913 1261/2142/1912
f 1257/2137/1913 1262/2143/1914 1261/2142/1912
f 1257/2137/1913 1258/2138/1915 1262/2143/1914
f 1258/2138/1915 1263/2144/1916 1262/2143/1914
f 1260/2140/1910 1259/2139/1909 1264/2145/1917
f 1260/2140/1910 1264/2145/1917 1265/2146/1918
f 1264/2145/1917 1259/2139/1909 1261/2141/1912
f 1266/2147/1919 1264/2145/1917 1261/2141/1912
f 1267/2148/1920 1266/2147/1919 1261/2141/1912
f 1268/2149/1921 1267/2148/1920 1261/2141/1912
f 1269/2150/1922 1268/2149/1921 1261/2141/1912
f 1269/2151/1922 1261/2142/1912 1262/2143/1914
f 1270/2152/1923 1269/2151/1922 1262/2143/1914
f 1271/2153/1924 1270/2152/1923 1262/2143/1914
f 1272/2154/1925 1271/2153/1924 1262/2143/1914
f 1273/2155/1926 1272/2154/1925 1262/2143/1914
f 1262/2143/1914 1263/2144/1916 1273/2155/1926
f 1263/2144/1916 1274/2156/1927 1273/2155/1926
f 1265/2146/1918 1264/2145/1917 1275/2157/1928
f 1264/2145/1917 1276/2158/1929 1275/2157/1928
f 1266/2147/1919 1277/2159/1930 1278/2160/1931
f 1266/2147/1919 1278/2160/1931 1279/2161/1932
f 1266/2147/1919 1279/2161/1932 1276/2158/1929
f 1264/2145/1917 1266/2147/1919 1276/2158/1929
f 1280/2162/1933 1281/2163/1934 1282/2164/1935
f 1281/2163/1934 1283/2165/1936 1282/2164/1935
f 1273/2155/1926 1274/2156/1927 1284/2166/1937
f 1273/2155/1926 1284/2166/1937 1285/2167/1938
f 1275/2157/1928 1276/2158/1929 1286/2168/1939
f 1276/2158/1929 1287/2169/1940 1286/2168/1939
f 1276/2158/1929 1279/2161/1932 1288/2170/1941
f 1276/2158/1929 1288/2170/1941 1289/2171/1942
f 1276/2158/1929 1289/2171/1942 1282/2172/1935
f 1276/2158/1929 1282/2172/1935 1290/2173/1943
f 1276/2158/1929 1290/2173/1943 1287/2169/1940
f 1282/2164/1935 1283/2165/1936 1291/2174/1944
f 1282/2164/1935 1291/2174/1944 1292/2175/1945
f 1282/2164/1935 1292/2175/1945 1285/2167/1938
f 1282/2164/1935 1285/2167/1938 1293/2176/1946
f 1282/2164/1935 1293/2176/1946 1290/2177/1943
f 1285/2167/1938 1284/2166/1937 1294/2178/1947
f 1285/2167/1938 1294/2178/1947 1293/2176/1946
f 1286/2168/1948 1287/2169/1949 1295/2179/1950
f 1286/2168/1948 1295/2179/1950 1296/2180/1951
f 1287/2169/1949 1290/2173/1952 1297/2181/1953
f 1287/2169/1949 1297/2181/1953 1295/2179/1950
f 1290/2177/1952 1293/2176/1954 1297/2182/1953
f 1293/2176/1954 1298/2183/1955 1297/2182/1953
f 1293/2176/1954 1294/2178/1956 1298/2183/1955
f 1294/2178/1956 1299/2184/1957 1298/2183/1955
f 1296/2180/1951 1295/2179/1950 1300/2185/1958
f 1296/2180/1951 1300/2185/1958 1301/2186/1959
f 1295/2179/1950 1297/2181/1953 1300/2185/1958
f 1297/2181/1953 1302/2187/1960 1300/2185/1958
f 1297/2182/1953 1298/2183/1955 1303/2188/1961
f 1297/2182/1953 1303/2188/1961 1302/2189/1960
f 1298/2183/1955 1299/2184/1957 1303/2188/1961
f 1299/2184/1957 1304/2190/1962 1303/2188/1961
f 1301/2186/1959 1300/2185/1958 1305/2191/1963
f 1301/2186/1959 1305/2191/1963 1306/2192/1964
f 1300/2185/1958 1302/2187/1960 1305/2191/1963
f 1302/2187/1960 1307/2193/1965 1305/2191/1963
f 1302/2189/1960 1303/2188/1961 1308/2194/1966
f 1302/2189/1960 1308/2194/1966 1307/2195/1965
f 1303/2188/1961 1304/2190/1962 1308/2194/1966
f 1304/2190/1962 1309/2196/1967 1308/2194/1966
f 1306/2192/1964 1305/2191/1963 1310/2197/1968
f 1305/2191/1963 1311/2198/1969 1310/2197/1968
f 1305/2191/1963 1307/2193/1965 1311/2198/1969
f 1307/2193/1965 1312/2199/1970 1311/2198/1969
f 1307/2195/1965 1308/2194/1966 1313/2200/1971
f 1307/2195/1965 1313/2200/1971 1312/2201/1970
f 1308/2194/1966 1309/2196/1967 1314/2202/1972
f 1308/2194/1966 1314/2202/1972 1313/2200/1971
f 1310/2203/1973 1311/2204/1974 1315/2205/1975
f 1310/2203/1973 1315/2205/1975 1316/2206/1976
f 1311/2204/1974 1312/2207/1977 1317/2208/1978
f 1311/2204/1974 1317/2208/1978 1315/2205/1975
f 1312/2207/1977 1313/2209/1979 1317/2208/1978
f 1313/2209/1979 1318/2210/1980 1317/2208/1978
f 1313/2209/1979 1314/2211/1981 1318/2210/1980
f 1314/2211/1981 1319/2212/1982 1318/2210/1980
f 1316/2206/1976 1315/2205/1975 1320/2213/1983
f 1316/2206/1976 1320/2213/1983 1321/2214/1984
f 1315/2205/1975 1317/2208/1978 1322/2215/1985
f 1315/2205/1975 1322/2215/1985 1320/2213/1983
f 1317/2208/1978 1318/2210/1980 1322/2215/1985
f 1318/2210/1980 1323/2216/1986 1322/2215/1985
f 1318/2210/1980 1319/2212/1982 1323/2216/1986
f 1319/2212/1982 1324/2217/1987 1323/2216/1986
f 1321/2214/1984 1320/2213/1983 1325/2218/1988
f 1321/2214/1984 1325/2218/1988 1326/2219/1989
f 1320/2213/1983 1322/2215/1985 1325/2218/1988
f 1322/2215/1985 1327/2220/1990 1325/2218/1988
f 1322/2215/1985 1323/2216/1986 1328/2221/1991
f 1322/2215/1985 1328/2221/1991 1327/2220/1990
f 1323/2216/1986 1324/2217/1987 1328/2221/1991
f 1324/2217/1987 1329/2222/1992 1328/2221/1991
f 1326/2219/1989 1325/2218/1988 1330/2223/1993
f 1325/2218/1988 1331/2224/1994 1330/2223/1993
f 1325/2218/1988 1327/2220/1990 1331/2224/1994
f 1327/2220/1990 1332/2225/1995 1331/2224/1994
f 1327/2220/1990 1328/2221/1991 1333/2226/1996
f 1327/2220/1990 1333/2226/1996 1332/2225/1995
f 1328/2221/1991 1329/2222/1992 1334/2227/1997
f 1328/2221/1991 1334/2227/1997 1333/2226/1996
f 1319/2228/1998 1314/2202/1999 1309/2196/2000
f 1319/2228/1998 1309/2196/2000 1335/2229/2001
f 1324/2230/2002 1319/2228/1998 1336/2231/2003
f 1319/2228/1998 1335/2229/2001 1336/2231/2003
f 1329/2232/2004 1324/2230/2002 1337/2233/2005
f 1324/2230/2002 1336/2231/2003 1337/2233/2005
f 1237/2113/2006 1338/2234/2006 1339/2235/2006
f 1237/2113/2006 1339/2235/2006 1238/2114/2006
f 1335/2229/2001 1309/2196/2000 1304/2190/2007
f 1335/2229/2001 1304/2190/2007 1340/2236/2008
f 1336/2231/2003 1335/2229/2001 1340/2236/2008
f 1336/2231/2003 1340/2236/2008 1341/2237/2009
f 1337/2233/2005 1336/2231/2003 1342/2238/2010
f 1336/2231/2003 1341/2237/2009 1342/2238/2010
f 1247/2125/2011 1337/2233/2005 1342/2238/2010
f 1247/2125/2011 1342/2238/2010 1248/2126/2012
f 1340/2236/2008 1304/2190/2007 1299/2184/2013
f 1340/2236/2008 1299/2184/2013 1343/2239/2014
f 1341/2237/2009 1340/2236/2008 1344/2240/2015
f 1340/2236/2008 1343/2239/2014 1344/2240/2015
f 1342/2238/2010 1341/2237/2009 1345/2241/2016
f 1341/2237/2009 1344/2240/2015 1345/2241/2016
f 1248/2126/2012 1342/2238/2010 1253/2132/2017
f 1342/2238/2010 1345/2241/2016 1253/2132/2017
f 1343/2239/2014 1299/2184/2013 1294/2178/2018
f 1343/2239/2014 1294/2178/2018 1284/2166/2019
f 1344/2240/2015 1343/2239/2014 1284/2166/2019
f 1344/2240/2015 1284/2166/2019 1274/2156/2020
f 1345/2241/2016 1344/2240/2015 1263/2144/2021
f 1344/2240/2015 1274/2156/2020 1263/2144/2021
f 1253/2132/2017 1345/2241/2016 1258/2138/2022
f 1345/2241/2016 1263/2144/2021 1258/2138/2022
f 1310/2197/2023 1316/2242/2024 1306/2192/2025
f 1316/2242/2024 1346/2243/2026 1306/2192/2025
f 1316/2242/2024 1321/2244/2027 1347/2245/2028
f 1316/2242/2024 1347/2245/2028 1346/2243/2026
f 1321/2244/2027 1326/2246/2029 1348/2247/2030
f 1321/2244/2027 1348/2247/2030 1347/2245/2028
f 1349/2248/2031 1229/2105/2031 1350/2249/2031
f 1229/2105/2031 1231/2107/2031 1350/2249/2031
f 1306/2192/2025 1346/2243/2026 1301/2186/2032
f 1346/2243/2026 1351/2250/2033 1301/2186/2032
f 1346/2243/2026 1347/2245/2028 1351/2250/2033
f 1347/2245/2028 1352/2251/2034 1351/2250/2033
f 1347/2245/2028 1348/2247/2030 1353/2252/2035
f 1347/2245/2028 1353/2252/2035 1352/2251/2034
f 1348/2247/2030 1239/2115/2036 1353/2252/2035
f 1239/2115/2036 1241/2117/2037 1353/2252/2035
f 1301/2186/2032 1351/2250/2033 1296/2180/2038
f 1351/2250/2033 1354/2253/2039 1296/2180/2038
f 1351/2250/2033 1352/2251/2034 1355/2254/2040
f 1351/2250/2033 1355/2254/2040 1354/2253/2039
f 1352/2251/2034 1353/2252/2035 1356/2255/2041
f 1352/2251/2034 1356/2255/2041 1355/2254/2040
f 1353/2252/2035 1241/2117/2037 1249/2127/2042
f 1353/2252/2035 1249/2127/2042 1356/2255/2041
f 1296/2180/2038 1354/2253/2039 1286/2168/2043
f 1354/2253/2039 1275/2157/2044 1286/2168/2043
f 1354/2253/2039 1355/2254/2040 1275/2157/2044
f 1355/2254/2040 1265/2146/2045 1275/2157/2044
f 1355/2254/2040 1356/2255/2041 1260/2140/2046
f 1355/2254/2040 1260/2140/2046 1265/2146/2045
f 1356/2255/2041 1249/2127/2042 1255/2134/2047
f 1356/2255/2041 1255/2134/2047 1260/2140/2046
f 1330/2223/2048 1331/2224/2048 1229/2256/2048
f 1331/2224/2048 1230/2257/2048 1229/2256/2048
f 1240/2258/2049 1239/2259/2049 1231/2260/2049
f 1240/2258/2049 1231/2260/2049 1232/2261/2049
f 1331/2224/2050 1332/2225/2050 1230/2257/2050
f 1332/2225/2050 1233/2262/2050 1230/2257/2050
f 1243/2263/2051 1240/2258/2051 1234/2264/2051
f 1240/2258/2051 1232/2261/2051 1234/2264/2051
f 1332/2225/2052 1333/2226/2052 1235/2265/2052
f 1332/2225/2052 1235/2265/2052 1233/2262/2052
f 1245/2266/2053 1243/2263/2053 1234/2264/2053
f 1245/2266/2053 1234/2264/2053 1236/2267/2053
f 1333/2226/2054 1334/2227/2054 1237/2268/2054
f 1333/2226/2054 1237/2268/2054 1235/2265/2054
f 1247/2269/2055 1245/2266/2055 1238/2270/2055
f 1245/2266/2055 1236/2267/2055 1238/2270/2055
f 1334/2227/2056 1329/2222/2057 1237/2268/2056
f 1329/2222/2057 1338/2271/2056 1237/2268/2056
f 1329/2272/2058 1337/2273/2058 1338/2234/2058
f 1337/2273/2058 1339/2235/2058 1338/2234/2058
f 1337/2274/2059 1247/2269/2059 1238/2270/2059
f 1337/2274/2059 1238/2270/2059 1339/2275/2059
f 1326/2219/2060 1330/2223/2060 1229/2256/2060
f 1326/2219/2060 1229/2256/2060 1349/2276/2060
f 1239/2259/2061 1348/2277/2061 1231/2260/2061
f 1348/2277/2061 1350/2278/2061 1231/2260/2061
f 1348/2279/2062 1326/2280/2062 1349/2248/2062
f 1348/2279/2062 1349/2248/2062 1350/2249/2062
f 1279/2161/1932 1278/2160/1931 1357/2281/2063
f 1279/2161/1932 1357/2281/2063 1288/2170/1941
f 1292/2175/1945 1358/2282/2064 1359/2283/2065
f 1292/2175/1945 1359/2283/2065 1272/2154/1925
f 1292/2175/1945 1272/2154/1925 1273/2155/1926
f 1292/2175/1945 1273/2155/1926 1285/2167/1938
f 1267/2148/1920 1360/2284/2066 1277/2159/1930
f 1267/2148/1920 1277/2159/1930 1266/2147/1919
f 1269/2151/1922 1270/2152/1923 1361/2285/2067
f 1270/2152/1923 1362/2286/2068 1361/2285/2067
f 1363/2287/2069 1364/2288/2070 1365/2289/2071
f 1363/2287/2069 1365/2289/2071 1366/2290/2071
f 1367/2291/2072 1368/2292/2073 1369/2293/2074
f 1368/2292/2073 1370/2294/2075 1369/2293/2074
f 1364/2288/2076 1357/2295/2077 1278/2296/2078
f 1364/2288/2076 1278/2296/2078 1365/2297/2078
f 1278/2298/2079 1277/2299/2079 1366/2290/2079
f 1278/2298/2079 1366/2290/2079 1365/2289/2079
f 1277/2300/2080 1360/2301/2081 1363/2287/2082
f 1277/2300/2080 1363/2287/2082 1366/2302/2080
f 1361/2303/2083 1362/2304/2084 1368/2292/2085
f 1361/2303/2083 1368/2292/2085 1367/2305/2083
f 1359/2306/2086 1358/2307/2086 1371/2308/2086
f 1359/2306/2086 1371/2308/2086 1372/2309/2086
f 1370/2294/2087 1281/2310/2088 1280/2311/2089
f 1370/2294/2087 1280/2311/2089 1369/2312/2089
f 1361/2313/2067 1373/2314/2090 1268/2149/1921
f 1361/2313/2067 1268/2149/1921 1269/2150/1922
f 1374/2315/2091 1373/2316/2092 1361/2317/2093
f 1374/2315/2091 1361/2317/2093 1367/2318/2094
f 1369/2319/2074 1375/2320/2095 1374/2315/2096
f 1369/2319/2074 1374/2315/2096 1367/2321/2072
f 1280/2322/2097 1376/2323/2098 1375/2320/2099
f 1280/2322/2097 1375/2320/2099 1369/2324/2097
f 1289/2171/1942 1376/2325/2100 1282/2172/1935
f 1376/2325/2100 1280/2326/1933 1282/2172/1935
f 1362/2286/2068 1270/2152/1923 1377/2327/2101
f 1270/2152/1923 1271/2153/1924 1377/2327/2101
f 1368/2292/2085 1362/2304/2084 1377/2328/2102
f 1368/2292/2085 1377/2328/2102 1378/2329/2103
f 1370/2294/2075 1368/2292/2073 1378/2329/2104
f 1370/2294/2075 1378/2329/2104 1379/2330/2105
f 1379/2330/2106 1380/2331/2107 1370/2294/2087
f 1380/2331/2107 1281/2310/2088 1370/2294/2087
f 1283/2165/1936 1281/2163/1934 1291/2174/1944
f 1281/2163/1934 1380/2332/2108 1291/2174/1944
f 1268/2149/1921 1373/2314/2090 1360/2284/2066
f 1268/2149/1921 1360/2284/2066 1267/2148/1920
f 1363/2287/2082 1360/2301/2081 1374/2315/2091
f 1360/2301/2081 1373/2316/2092 1374/2315/2091
f 1374/2315/2096 1375/2320/2095 1363/2287/2069
f 1375/2320/2095 1364/2288/2070 1363/2287/2069
f 1375/2320/2099 1376/2323/2098 1357/2295/2077
f 1375/2320/2099 1357/2295/2077 1364/2288/2076
f 1288/2170/1941 1357/2281/2063 1376/2325/2100
f 1288/2170/1941 1376/2325/2100 1289/2171/1942
f 1377/2327/2101 1271/2153/1924 1359/2283/2065
f 1271/2153/1924 1272/2154/1925 1359/2283/2065
f 1378/2329/2103 1377/2328/2102 1359/2333/2109
f 1378/2329/2103 1359/2333/2109 1372/2334/2109
f 1379/2330/2105 1378/2329/2104 1371/2308/2110
f 1378/2329/2104 1372/2309/2110 1371/2308/2110
f 1358/2335/2111 1380/2331/2107 1379/2330/2106
f 1358/2335/2111 1379/2330/2106 1371/2336/2111
f 1291/2174/1944 1380/2332/2108 1292/2175/1945
f 1380/2332/2108 1358/2282/2064 1292/2175/1945
s off
