# Apple ModelIO OBJ File: StallCW
mtllib StallCW.mtl
g pCylinder2_phongE1SG
v 0.572742 0.807127 -0.364003 1 1 1
v 0.481943 0.807127 -0.424254 1 1 1
v 0.481943 0.833134 -0.424254 1 1 1
v 0.572742 0.833134 -0.364003 1 1 1
v 0.605976 0.807127 -0.281698 1 1 1
v 0.605976 0.833134 -0.281698 1 1 1
v 0.35791 0.807127 -0.281698 1 1 1
v 0.35791 0.807127 -0.446307 1 1 1
v 0.35791 0.833134 -0.446307 1 1 1
v 0.35791 0.833134 -0.281698 1 1 1
v 0.572742 0.807127 -0.199394 1 1 1
v 0.572742 0.833134 -0.199394 1 1 1
v 0.233876 0.807127 -0.424254 1 1 1
v 0.143078 0.807127 -0.364003 1 1 1
v 0.109843 0.807127 -0.281698 1 1 1
v 0.143078 0.807127 -0.199394 1 1 1
v 0.233876 0.807127 -0.139143 1 1 1
v 0.35791 0.807127 -0.11709 1 1 1
v 0.481943 0.807127 -0.139143 1 1 1
v 0.233876 0.833134 -0.424254 1 1 1
v 0.143078 0.833134 -0.364003 1 1 1
v 0.109843 0.833134 -0.281698 1 1 1
v 0.143078 0.833134 -0.199394 1 1 1
v 0.233876 0.833134 -0.139143 1 1 1
v 0.35791 0.833134 -0.11709 1 1 1
v 0.481943 0.833134 -0.139143 1 1 1
v 0.046327 0.639195 -0.109492 1 1 1
v 0.65826 0.639195 -0.109492 1 1 1
v 0.539633 0.822228 -0.195893 1 1 1
v 0.164954 0.822228 -0.195893 1 1 1
v 0.046327 0.639195 -0.455577 1 1 1
v 0.65826 0.639195 -0.455577 1 1 1
v 0.164954 0.822228 -0.369175 1 1 1
v 0.539633 0.822228 -0.369175 1 1 1
vt 0.846185 0.120682
vt 0.774281 0.196823
vt 0.794116 0.213153
vt 0.863485 0.129557
vt 0.896017 0.060532
vt 0.914971 0.0616187
vt 0.713918 0.00281697
vt 0.796312 0.997269
vt 0.859043 0.91331
vt 0.842368 0.901219
vt 0.775542 0.983739
vt 0.968195 0.999119
vt 0.989174 0.267286
vt 0.734897 0.815314
vt 0.955694 0.0046342
vt 0.978351 0.0248747
vt 0.927551 0.830694
vt 0.619639 0.264105
vt 0.667407 0.34974
vt 0.756217 0.159773
vt 0.576508 0.199458
vt 0.540696 0.130534
vt 0.303379 0.200264
vt 0.390849 0.22786
vt 0.308912 0.0138236
vt 0.221678 0.130448
vt 0.145365 0.0650072
vt 0.0774221 0.000958323
vt 0.906781 0.817163
vt 0.644587 0.362249
vt 0.603418 0.276481
vt 0.43895 0.359903
vt 0.565012 0.212517
vt 0.517698 0.146269
vt 0.414917 0.161543
vt 0.292089 0.222415
vt 0.208938 0.14798
vt 0.111664 0.245409
vt 0.131105 0.0781013
vt 0.0545118 0.0222722
vt 0.384845 0.246464
vt 0.299574 0.484607
vt 0.302482 0.951661
vt 0.53565 0.707595
vt 0.45258 0.39014
vt 0.00192884 0.327492
vt 0.000432359 0.910794
vt 0.295155 0.229783
vt 0.847891 0.292912
vt 0.555938 0.403506
vt 0.727537 0.517518
vt 0.880223 0.472542
vt 0.875514 0.799441
vt 0.703124 0.812216
vt 0.530086 0.919459
usemtl phongE1SG
f 1/1 2/2 3/3
f 1/1 3/3 4/4
f 5/5 1/1 4/4
f 5/5 4/4 6/6
f 2/2 1/1 7/7
f 1/1 5/5 7/7
f 2/8 8/9 9/10
f 2/8 9/10 3/11
f 8/9 2/8 7/12
f 4/4 3/3 10/13
f 3/11 9/10 10/14
f 6/6 4/4 10/13
f 11/15 5/5 6/6
f 11/15 6/6 12/16
f 12/16 6/6 10/13
f 5/5 11/15 7/7
f 13/17 8/9 7/12
f 14/18 13/19 7/20
f 15/21 14/18 7/20
f 16/22 15/21 7/20
f 17/23 16/24 7/25
f 18/26 17/23 7/25
f 19/27 18/26 7/25
f 11/28 19/27 7/25
f 8/9 13/17 20/29
f 8/9 20/29 9/10
f 9/10 20/29 10/14
f 20/30 21/31 10/32
f 21/31 22/33 10/32
f 22/33 23/34 10/32
f 23/34 24/35 10/32
f 24/36 25/37 10/38
f 25/37 26/39 10/38
f 26/39 12/40 10/38
f 19/27 11/28 12/40
f 19/27 12/40 26/39
f 18/26 19/27 26/39
f 18/26 26/39 25/37
f 17/23 18/26 25/37
f 17/23 25/37 24/36
f 16/24 17/23 24/36
f 16/24 24/36 23/41
f 15/21 16/22 23/34
f 15/21 23/34 22/33
f 14/18 15/21 22/33
f 14/18 22/33 21/31
f 13/19 14/18 21/31
f 13/19 21/31 20/30
f 27/42 28/43 29/44
f 27/42 29/44 30/45
f 31/46 32/47 28/43
f 31/46 28/43 27/42
f 31/46 27/42 30/45
f 31/46 30/45 33/48
f 28/49 32/50 34/51
f 28/49 34/51 29/52
f 30/53 29/52 34/51
f 30/53 34/51 33/54
f 33/54 34/51 32/50
f 33/54 32/50 31/55
s off
g pCube35_standardSurface2SG
v 0.718303 0.40985 -0.489464 1 1 1
v 0.806921 0.40985 -0.489464 1 1 1
v 0.806921 1.92194 -0.489464 1 1 1
v 0.718303 1.92194 -0.489464 1 1 1
v 0.718303 0.40985 -0.587467 1 1 1
v 0.806921 0.40985 -0.587467 1 1 1
v 0.718303 1.92194 -0.587467 1 1 1
v 0.806921 1.92194 -0.587467 1 1 1
v -0.827202 0.40985 -0.490276 1 1 1
v -0.738585 0.40985 -0.490276 1 1 1
v -0.738585 1.92194 -0.490276 1 1 1
v -0.827202 1.92194 -0.490276 1 1 1
v -0.827202 0.40985 -0.588279 1 1 1
v -0.738585 0.40985 -0.588279 1 1 1
v -0.827202 1.92194 -0.588279 1 1 1
v -0.738585 1.92194 -0.588279 1 1 1
v -0.792868 0.40985 0.448513 1 1 1
v -0.704251 0.40985 0.448513 1 1 1
v -0.704251 1.92194 0.448513 1 1 1
v -0.792868 1.92194 0.448513 1 1 1
v -0.792868 0.40985 0.35051 1 1 1
v -0.704251 0.40985 0.35051 1 1 1
v -0.792868 1.92194 0.35051 1 1 1
v -0.704251 1.92194 0.35051 1 1 1
v 0.718303 0.40985 0.448513 1 1 1
v 0.806921 0.40985 0.448513 1 1 1
v 0.806921 1.92194 0.448513 1 1 1
v 0.718303 1.92194 0.448513 1 1 1
v 0.718303 0.40985 0.35051 1 1 1
v 0.806921 0.40985 0.35051 1 1 1
v 0.718303 1.92194 0.35051 1 1 1
v 0.806921 1.92194 0.35051 1 1 1
v 0.723429 -0.012076 -0.473155 1 1 1
v 0.816944 -0.012076 -0.473155 1 1 1
v 0.816944 0.689169 -0.473155 1 1 1
v 0.723429 0.689169 -0.473155 1 1 1
v 0.723429 -0.012076 -0.61061 1 1 1
v 0.816944 -0.012076 -0.61061 1 1 1
v 0.723429 0.689169 -0.61061 1 1 1
v 0.816944 0.689169 -0.61061 1 1 1
v 0.723429 -0.012076 0.624766 1 1 1
v 0.816944 -0.012076 0.624766 1 1 1
v 0.816944 0.689169 0.624766 1 1 1
v 0.723429 0.689169 0.624766 1 1 1
v 0.723429 -0.012076 0.48731 1 1 1
v 0.816944 -0.012076 0.48731 1 1 1
v 0.723429 0.689169 0.48731 1 1 1
v 0.816944 0.689169 0.48731 1 1 1
v -0.82931 -0.012076 0.61059 1 1 1
v -0.735795 -0.012076 0.61059 1 1 1
v -0.735795 0.689169 0.61059 1 1 1
v -0.82931 0.689169 0.61059 1 1 1
v -0.82931 -0.012076 0.473135 1 1 1
v -0.735795 -0.012076 0.473135 1 1 1
v -0.82931 0.689169 0.473135 1 1 1
v -0.735795 0.689169 0.473135 1 1 1
v -0.742164 0.578759 0.607039 1 1 1
v 0.742164 0.578759 0.607039 1 1 1
v 0.742164 0.656449 0.607039 1 1 1
v -0.742164 0.656449 0.607039 1 1 1
v -0.742164 0.578759 0.549999 1 1 1
v 0.742164 0.578759 0.549999 1 1 1
v -0.742164 0.656449 0.549999 1 1 1
v 0.742164 0.656449 0.549999 1 1 1
v -0.742164 0.480053 0.607039 1 1 1
v 0.742164 0.480053 0.607039 1 1 1
v 0.742164 0.557743 0.607039 1 1 1
v -0.742164 0.557743 0.607039 1 1 1
v -0.742164 0.480053 0.549999 1 1 1
v 0.742164 0.480053 0.549999 1 1 1
v -0.742164 0.557743 0.549999 1 1 1
v 0.742164 0.557743 0.549999 1 1 1
v -0.739641 0.322643 0.607039 1 1 1
v 0.743162 0.389913 0.607039 1 1 1
v 0.739641 0.467524 0.607039 1 1 1
v -0.743162 0.400253 0.607039 1 1 1
v -0.739641 0.322643 0.549999 1 1 1
v 0.743162 0.389913 0.549999 1 1 1
v -0.743162 0.400253 0.549999 1 1 1
v 0.739641 0.467524 0.549999 1 1 1
v -0.741988 0.236428 0.607039 1 1 1
v 0.742326 0.242897 0.607039 1 1 1
v 0.741988 0.320587 0.607039 1 1 1
v -0.742326 0.314117 0.607039 1 1 1
v -0.741988 0.236428 0.549999 1 1 1
v 0.742326 0.242897 0.549999 1 1 1
v -0.742326 0.314117 0.549999 1 1 1
v 0.741988 0.320587 0.549999 1 1 1
v -0.741008 0.121114 0.607039 1 1 1
v 0.742886 0.157002 0.607039 1 1 1
v 0.741008 0.23467 0.607039 1 1 1
v -0.742886 0.198782 0.607039 1 1 1
v -0.741008 0.121114 0.549999 1 1 1
v 0.742886 0.157002 0.549999 1 1 1
v -0.742886 0.198782 0.549999 1 1 1
v 0.741008 0.23467 0.549999 1 1 1
v -0.741008 0.017326 0.607039 1 1 1
v 0.742886 0.053213 0.607039 1 1 1
v 0.741008 0.130881 0.607039 1 1 1
v -0.742886 0.094993 0.607039 1 1 1
v -0.741008 0.017326 0.549999 1 1 1
v 0.742886 0.053213 0.549999 1 1 1
v -0.742886 0.094993 0.549999 1 1 1
v 0.741008 0.130881 0.549999 1 1 1
v 0.810639 0.578759 0.576679 1 1 1
v 0.810639 0.578759 -0.567119 1 1 1
v 0.810639 0.656449 -0.567119 1 1 1
v 0.810639 0.656449 0.576679 1 1 1
v 0.7536 0.578759 0.576679 1 1 1
v 0.7536 0.578759 -0.567119 1 1 1
v 0.7536 0.656449 0.576679 1 1 1
v 0.7536 0.656449 -0.567119 1 1 1
v 0.810639 0.476827 0.576679 1 1 1
v 0.810639 0.476827 -0.567119 1 1 1
v 0.810639 0.554518 -0.567119 1 1 1
v 0.810639 0.554518 0.576679 1 1 1
v 0.7536 0.476827 0.576679 1 1 1
v 0.7536 0.476827 -0.567119 1 1 1
v 0.7536 0.554518 0.576679 1 1 1
v 0.7536 0.554518 -0.567119 1 1 1
v 0.810639 0.295879 0.572919 1 1 1
v 0.810639 0.37061 -0.568435 1 1 1
v 0.810639 0.448135 -0.563359 1 1 1
v 0.810639 0.373403 0.577995 1 1 1
v 0.7536 0.295879 0.572919 1 1 1
v 0.7536 0.37061 -0.568435 1 1 1
v 0.7536 0.373403 0.577995 1 1 1
v 0.7536 0.448135 -0.563359 1 1 1
v 0.810639 0.202514 0.572919 1 1 1
v 0.810639 0.277246 -0.568435 1 1 1
v 0.810639 0.280039 0.577995 1 1 1
v 0.810639 0.35477 -0.563359 1 1 1
v 0.7536 0.202514 0.572919 1 1 1
v 0.7536 0.277246 -0.568435 1 1 1
v 0.7536 0.280039 0.577995 1 1 1
v 0.7536 0.35477 -0.563359 1 1 1
v 0.810639 0.131423 0.576927 1 1 1
v 0.810639 0.123739 -0.566846 1 1 1
v 0.810639 0.201428 -0.567367 1 1 1
v 0.810639 0.209112 0.576405 1 1 1
v 0.7536 0.131423 0.576927 1 1 1
v 0.7536 0.123739 -0.566846 1 1 1
v 0.7536 0.209112 0.576405 1 1 1
v 0.7536 0.201428 -0.567367 1 1 1
v 0.810639 0.015082 0.576679 1 1 1
v 0.810639 0.015082 -0.567119 1 1 1
v 0.810639 0.092772 -0.567119 1 1 1
v 0.810639 0.092772 0.576679 1 1 1
v 0.7536 0.015082 0.576679 1 1 1
v 0.7536 0.015082 -0.567119 1 1 1
v 0.7536 0.092772 0.576679 1 1 1
v 0.7536 0.092772 -0.567119 1 1 1
v -0.742164 0.578759 -0.536935 1 1 1
v 0.742164 0.578759 -0.536935 1 1 1
v 0.742164 0.656449 -0.536935 1 1 1
v -0.742164 0.656449 -0.536935 1 1 1
v -0.742164 0.578759 -0.593974 1 1 1
v 0.742164 0.578759 -0.593974 1 1 1
v -0.742164 0.656449 -0.593974 1 1 1
v 0.742164 0.656449 -0.593974 1 1 1
v -0.742164 0.480053 -0.536935 1 1 1
v 0.742164 0.480053 -0.536935 1 1 1
v 0.742164 0.557743 -0.536935 1 1 1
v -0.742164 0.557743 -0.536935 1 1 1
v -0.742164 0.480053 -0.593974 1 1 1
v 0.742164 0.480053 -0.593974 1 1 1
v -0.742164 0.557743 -0.593974 1 1 1
v 0.742164 0.557743 -0.593974 1 1 1
v -0.739641 0.322643 -0.536935 1 1 1
v 0.743162 0.389913 -0.536935 1 1 1
v 0.739641 0.467524 -0.536935 1 1 1
v -0.743162 0.400253 -0.536935 1 1 1
v -0.739641 0.322643 -0.593974 1 1 1
v 0.743162 0.389913 -0.593974 1 1 1
v -0.743162 0.400253 -0.593974 1 1 1
v 0.739641 0.467524 -0.593974 1 1 1
v -0.741988 0.236428 -0.536935 1 1 1
v 0.742326 0.242897 -0.536935 1 1 1
v 0.741988 0.320587 -0.536935 1 1 1
v -0.742326 0.314117 -0.536935 1 1 1
v -0.741988 0.236428 -0.593974 1 1 1
v 0.742326 0.242897 -0.593974 1 1 1
v -0.742326 0.314117 -0.593974 1 1 1
v 0.741988 0.320587 -0.593974 1 1 1
v -0.741008 0.121114 -0.536935 1 1 1
v 0.742886 0.157002 -0.536935 1 1 1
v 0.741008 0.23467 -0.536935 1 1 1
v -0.742886 0.198782 -0.536935 1 1 1
v -0.741008 0.121114 -0.593974 1 1 1
v 0.742886 0.157002 -0.593974 1 1 1
v -0.742886 0.198782 -0.593974 1 1 1
v 0.741008 0.23467 -0.593974 1 1 1
v -0.741008 0.017326 -0.536935 1 1 1
v 0.742886 0.053213 -0.536935 1 1 1
v 0.741008 0.130881 -0.536935 1 1 1
v -0.742886 0.094993 -0.536935 1 1 1
v -0.741008 0.017326 -0.593974 1 1 1
v 0.742886 0.053213 -0.593974 1 1 1
v -0.742886 0.094993 -0.593974 1 1 1
v 0.741008 0.130881 -0.593974 1 1 1
v -0.82931 -0.012076 -0.473155 1 1 1
v -0.735795 -0.012076 -0.473155 1 1 1
v -0.735795 0.689169 -0.473155 1 1 1
v -0.82931 0.689169 -0.473155 1 1 1
v -0.82931 -0.012076 -0.61061 1 1 1
v -0.735795 -0.012076 -0.61061 1 1 1
v -0.82931 0.689169 -0.61061 1 1 1
v -0.735795 0.689169 -0.61061 1 1 1
v -0.74826 0.578759 0.576679 1 1 1
v -0.74826 0.578759 -0.567119 1 1 1
v -0.74826 0.656449 -0.567119 1 1 1
v -0.74826 0.656449 0.576679 1 1 1
v -0.805299 0.578759 0.576679 1 1 1
v -0.805299 0.578759 -0.567119 1 1 1
v -0.805299 0.656449 0.576679 1 1 1
v -0.805299 0.656449 -0.567119 1 1 1
v -0.74826 0.476827 0.576679 1 1 1
v -0.74826 0.476827 -0.567119 1 1 1
v -0.74826 0.554518 -0.567119 1 1 1
v -0.74826 0.554518 0.576679 1 1 1
v -0.805299 0.476827 0.576679 1 1 1
v -0.805299 0.476827 -0.567119 1 1 1
v -0.805299 0.554518 0.576679 1 1 1
v -0.805299 0.554518 -0.567119 1 1 1
v -0.74826 0.295879 0.572919 1 1 1
v -0.74826 0.37061 -0.568435 1 1 1
v -0.74826 0.448135 -0.563359 1 1 1
v -0.74826 0.373403 0.577995 1 1 1
v -0.805299 0.295879 0.572919 1 1 1
v -0.805299 0.37061 -0.568435 1 1 1
v -0.805299 0.373403 0.577995 1 1 1
v -0.805299 0.448135 -0.563359 1 1 1
v -0.74826 0.202514 0.572919 1 1 1
v -0.74826 0.277246 -0.568435 1 1 1
v -0.74826 0.280039 0.577995 1 1 1
v -0.74826 0.35477 -0.563359 1 1 1
v -0.805299 0.202514 0.572919 1 1 1
v -0.805299 0.277246 -0.568435 1 1 1
v -0.805299 0.280039 0.577995 1 1 1
v -0.805299 0.35477 -0.563359 1 1 1
v -0.74826 0.131423 0.576927 1 1 1
v -0.74826 0.123739 -0.566846 1 1 1
v -0.74826 0.201428 -0.567367 1 1 1
v -0.74826 0.209112 0.576405 1 1 1
v -0.805299 0.131423 0.576927 1 1 1
v -0.805299 0.123739 -0.566846 1 1 1
v -0.805299 0.209112 0.576405 1 1 1
v -0.805299 0.201428 -0.567367 1 1 1
v -0.74826 0.015082 0.576679 1 1 1
v -0.74826 0.015082 -0.567119 1 1 1
v -0.74826 0.092772 -0.567119 1 1 1
v -0.74826 0.092772 0.576679 1 1 1
v -0.805299 0.015082 0.576679 1 1 1
v -0.805299 0.015082 -0.567119 1 1 1
v -0.805299 0.092772 0.576679 1 1 1
v -0.805299 0.092772 -0.567119 1 1 1
vt 0.357324 0.641987
vt 0.378666 0.65724
vt 0.382999 0.382138
vt 0.352758 0.382209
vt 0.329513 0.65456
vt 0.349103 0.667149
vt 0.32933 0.379818
vt 0.383795 0.715142
vt 0.415261 0.716054
vt 0.413423 0.453792
vt 0.38813 0.434875
vt 0.413976 0.43561
vt 0.438123 0.450517
vt 0.436402 0.717767
vt 0.305751 0.662903
vt 0.324386 0.662903
vt 0.324386 0.344925
vt 0.305751 0.344925
vt 0.722173 0.255405
vt 0.724829 0.240899
vt 0.704101 0.239528
vt 0.69565 0.253399
vt 0.696397 0.504398
vt 0.727051 0.506069
vt 0.578373 0.343327
vt 0.547663 0.342437
vt 0.551776 0.599513
vt 0.577929 0.61032
vt 0.548911 0.616183
vt 0.525345 0.601631
vt 0.527022 0.340765
vt 0.282267 0.662903
vt 0.300903 0.662903
vt 0.300903 0.344925
vt 0.282267 0.344925
vt 0.319936 0.242721
vt 0.334443 0.245376
vt 0.335814 0.224644
vt 0.321943 0.216198
vt 0.0709449 0.216943
vt 0.0692739 0.247598
vt 0.292383 0.72407
vt 0.293336 0.691204
vt 0.0171584 0.697365
vt 0.00361606 0.713524
vt 0.000373693 0.69254
vt 0.0159466 0.667319
vt 0.295125 0.669114
vt 0.258784 0.662903
vt 0.27742 0.662903
vt 0.27742 0.344925
vt 0.258784 0.344925
vt 0.411961 0.228903
vt 0.397455 0.226248
vt 0.396084 0.246977
vt 0.409955 0.255426
vt 0.660954 0.25468
vt 0.662625 0.224025
vt 0.01514 0.72613
vt 0.0142239 0.757747
vt 0.278418 0.753433
vt 0.296695 0.730709
vt 0.296014 0.756456
vt 0.281035 0.780719
vt 0.0125031 0.77899
vt 0.711003 0.0459403
vt 0.711003 0.0656057
vt 0.858468 0.0656056
vt 0.858468 0.0459403
vt 0.934667 0.160115
vt 0.912342 0.16467
vt 0.950792 0.185122
vt 0.966569 0.166779
vt 0.962836 0.0298992
vt 0.923575 0.0289623
vt 0.951301 0.948488
vt 0.980206 0.948488
vt 0.980206 0.801023
vt 0.951301 0.801023
vt 0.00484439 0.119149
vt 0.0245098 0.119149
vt 0.0245097 0.0902439
vt 0.00484439 0.0902439
vt 0.906229 0.0281857
vt 0.466385 0.0674667
vt 0.466385 0.087132
vt 0.61385 0.087132
vt 0.61385 0.0674666
vt 0.938439 0.518431
vt 0.916245 0.523005
vt 0.947593 0.543091
vt 0.970496 0.525115
vt 0.966762 0.388174
vt 0.927483 0.387236
vt 0.97087 0.175494
vt 0.999776 0.175494
vt 0.999776 0.0280286
vt 0.97087 0.0280286
vt 0.360303 0.100735
vt 0.360303 0.1204
vt 0.389208 0.1204
vt 0.389208 0.100735
vt 0.91013 0.386459
vt 0.0781396 0.0432128
vt 0.0561528 0.0145035
vt 0.051364 0.187062
vt 0.0791414 0.18376
vt 0.102536 0.0424299
vt 0.116652 0.0264706
vt 0.121013 0.183284
vt 0.936733 0.694694
vt 0.973771 0.698311
vt 0.968952 0.569881
vt 0.936209 0.565819
vt 0.944301 0.550222
vt 0.973304 0.553418
vt 0.13846 0.18429
vt 0.0815543 0.66292
vt 0.0815542 0.350779
vt 0.0652167 0.350779
vt 0.0652168 0.66292
vt 0.470786 0.195472
vt 0.706387 0.198983
vt 0.705668 0.17988
vt 0.469864 0.178708
vt 0.457996 0.185714
vt 0.458537 0.197384
vt 0.0491751 0.956214
vt 0.0636168 0.966394
vt 0.0659352 0.944474
vt 0.0597371 0.931125
vt 0.313945 0.930317
vt 0.313374 0.950271
vt 0.314817 0.971836
vt 0.0600279 0.66292
vt 0.0600278 0.350779
vt 0.0436903 0.350779
vt 0.0436904 0.66292
vt 0.17333 0.185687
vt 0.408931 0.189198
vt 0.408212 0.170095
vt 0.172408 0.168923
vt 0.16054 0.175929
vt 0.161081 0.187599
vt 0.6666 0.617473
vt 0.674967 0.601109
vt 0.654206 0.598245
vt 0.64005 0.608699
vt 0.638516 0.348184
vt 0.658677 0.34876
vt 0.680466 0.347302
vt 0.189186 0.66292
vt 0.189186 0.350779
vt 0.172849 0.350779
vt 0.172849 0.66292
vt 0.763433 0.639069
vt 0.759921 0.874699
vt 0.779018 0.873982
vt 0.780196 0.638148
vt 0.773178 0.626279
vt 0.76152 0.626819
vt 0.352421 0.929389
vt 0.367641 0.939196
vt 0.370752 0.918416
vt 0.362741 0.905133
vt 0.621255 0.90265
vt 0.620677 0.922862
vt 0.622138 0.944708
vt 0.210714 0.66292
vt 0.210712 0.350779
vt 0.194374 0.350779
vt 0.194376 0.66292
vt 0.779089 0.329871
vt 0.775577 0.565502
vt 0.794674 0.564784
vt 0.795851 0.32895
vt 0.788834 0.317082
vt 0.777176 0.317621
vt 0.472547 0.584714
vt 0.477654 0.566965
vt 0.454011 0.564581
vt 0.444055 0.572091
vt 0.440412 0.308556
vt 0.461007 0.309143
vt 0.483267 0.307654
vt 0.0169759 0.66292
vt 0.0169742 0.350779
vt 0.000636597 0.350779
vt 0.000638244 0.66292
vt 0.804528 0.171376
vt 0.801019 0.406972
vt 0.820124 0.406253
vt 0.82129 0.170454
vt 0.814297 0.158585
vt 0.802616 0.159128
vt 0.490465 0.471816
vt 0.485268 0.489715
vt 0.506264 0.493989
vt 0.519012 0.483638
vt 0.522271 0.746466
vt 0.501809 0.745882
vt 0.479687 0.747362
vt 0.103081 0.66292
vt 0.10308 0.350779
vt 0.0867424 0.350779
vt 0.086744 0.66292
vt 0.825609 0.959742
vt 0.82912 0.724141
vt 0.810017 0.72486
vt 0.808845 0.960664
vt 0.815851 0.972532
vt 0.827521 0.971991
vt 0.576571 0.759158
vt 0.558896 0.753421
vt 0.554973 0.773498
vt 0.563177 0.786387
vt 0.302991 0.790301
vt 0.303574 0.769906
vt 0.302099 0.747859
vt 0.624353 0.999362
vt 0.864883 0.999362
vt 0.864883 0.983025
vt 0.624353 0.983025
vt 0.166145 0.09348
vt 0.351855 0.0969056
vt 0.351061 0.0785644
vt 0.165127 0.0772625
vt 0.153038 0.0840295
vt 0.153642 0.0956108
vt 0.626163 0.10199
vt 0.608695 0.0959176
vt 0.606736 0.116071
vt 0.610547 0.129256
vt 0.411908 0.130509
vt 0.412552 0.111411
vt 0.411019 0.0906259
vt 0.864333 0.414786
vt 0.864333 0.174255
vt 0.847996 0.174255
vt 0.847996 0.414786
vt 0.378468 0.864265
vt 0.604809 0.866129
vt 0.62784 0.847755
vt 0.364254 0.851274
vt 0.354548 0.899799
vt 0.376017 0.881929
vt 0.602926 0.883245
vt 0.617017 0.895985
vt 0.164471 0.163746
vt 0.405001 0.163746
vt 0.405001 0.147408
vt 0.164471 0.147409
vt 0.143511 0.263623
vt 0.378271 0.271434
vt 0.397133 0.254916
vt 0.128132 0.250726
vt 0.121458 0.29604
vt 0.140521 0.280772
vt 0.380543 0.287874
vt 0.396785 0.301133
vt 0.862376 0.667232
vt 0.862376 0.426702
vt 0.846039 0.667232
vt 0.846039 0.426702
vt 0.619056 0.358677
vt 0.61734 0.592973
vt 0.633847 0.61363
vt 0.63226 0.348119
vt 0.583374 0.339403
vt 0.600588 0.360586
vt 0.599349 0.58424
vt 0.584965 0.605462
vt 0.461927 0.17353
vt 0.702457 0.173532
vt 0.702457 0.157195
vt 0.461927 0.157192
vt 0.718009 0.0876096
vt 0.90371 0.0910352
vt 0.902915 0.0726919
vt 0.71699 0.0713914
vt 0.704901 0.0781562
vt 0.705506 0.0897402
vt 0.900123 0.968124
vt 0.912178 0.957244
vt 0.892025 0.95398
vt 0.878105 0.96473
vt 0.876954 0.756854
vt 0.8964 0.757508
vt 0.917566 0.755947
vt 0.850635 0.960774
vt 0.850635 0.720244
vt 0.834297 0.720244
vt 0.834297 0.960774
vt 0.905613 0.661643
vt 0.909039 0.475934
vt 0.890698 0.476728
vt 0.889396 0.662662
vt 0.896163 0.674751
vt 0.907744 0.674146
vt 0.897247 0.431512
vt 0.90411 0.41429
vt 0.883297 0.412048
vt 0.870708 0.416146
vt 0.869453 0.217129
vt 0.888588 0.217774
vt 0.909412 0.216238
vt 0.124607 0.66292
vt 0.124607 0.350779
vt 0.10827 0.350779
vt 0.10827 0.66292
vt 0.302208 0.19396
vt 0.0666061 0.190452
vt 0.0673254 0.209555
vt 0.30313 0.210722
vt 0.314999 0.203727
vt 0.314457 0.192049
vt 0.662257 0.901593
vt 0.67123 0.885401
vt 0.64871 0.882542
vt 0.637461 0.889952
vt 0.634371 0.629632
vt 0.654749 0.630213
vt 0.676784 0.628739
vt 0.146134 0.66292
vt 0.146133 0.350779
vt 0.129796 0.350779
vt 0.129796 0.66292
vt 0.786915 0.733017
vt 0.783407 0.968619
vt 0.80251 0.9679
vt 0.803677 0.732095
vt 0.796683 0.720226
vt 0.785004 0.720768
vt 0.757223 0.514176
vt 0.768865 0.502208
vt 0.747561 0.499495
vt 0.733304 0.509195
vt 0.732506 0.249914
vt 0.752607 0.250487
vt 0.774343 0.249033
vt 0.232239 0.66292
vt 0.232239 0.350779
vt 0.215902 0.350779
vt 0.215902 0.66292
vt 0.755158 0.767979
vt 0.758669 0.532343
vt 0.739573 0.533061
vt 0.738396 0.768899
vt 0.745412 0.780768
vt 0.75707 0.780229
vt 0.053012 0.871789
vt 0.0705414 0.876669
vt 0.0735914 0.856538
vt 0.066389 0.843893
vt 0.325746 0.839896
vt 0.325165 0.86023
vt 0.326636 0.882217
vt 0.253767 0.66292
vt 0.253765 0.350779
vt 0.237427 0.350779
vt 0.237429 0.66292
vt 0.120473 0.993905
vt 0.356112 0.997418
vt 0.355395 0.978324
vt 0.119552 0.977142
vt 0.107684 0.984171
vt 0.108222 0.995818
vt 0.674805 0.272801
vt 0.657392 0.2662
vt 0.654474 0.28619
vt 0.661565 0.298978
vt 0.402407 0.302943
vt 0.402986 0.282627
vt 0.401516 0.260658
vt 0.0385023 0.66292
vt 0.0385006 0.350779
vt 0.022163 0.350779
vt 0.0221646 0.66292
vt 0.599669 0.203746
vt 0.364059 0.200233
vt 0.364777 0.219332
vt 0.600591 0.220511
vt 0.612458 0.213487
vt 0.611919 0.201833
vt 0.283243 0.893841
vt 0.267259 0.886909
vt 0.262951 0.908526
vt 0.271264 0.92026
vt 0.0102987 0.926725
vt 0.0147525 0.907898
vt 0.0173152 0.881494
vt 0.167661 0.66292
vt 0.167659 0.350779
vt 0.151322 0.350779
vt 0.151323 0.66292
vt 0.802571 0.423819
vt 0.799062 0.659421
vt 0.818165 0.658702
vt 0.819333 0.422898
vt 0.812338 0.411029
vt 0.80066 0.411571
vt 0.328229 0.30749
vt 0.310726 0.305869
vt 0.305784 0.329532
vt 0.314715 0.339353
vt 0.04842 0.343668
vt 0.0490165 0.322767
vt 0.0475046 0.300168
vt 0.919869 0.942117
vt 0.947059 0.944428
vt 0.94493 0.821434
vt 0.921858 0.818531
vt 0.946009 0.236238
vt 0.96839 0.230353
vt 0.939653 0.211817
vt 0.913924 0.228234
vt 0.917674 0.365718
vt 0.957108 0.366659
vt 0.159144 0.0432771
vt 0.159144 0.0721827
vt 0.306609 0.0721826
vt 0.306609 0.043277
vt 0.94543 0.797225
vt 0.923097 0.795298
vt 0.97453 0.367439
vt 0.160557 0.14222
vt 0.401087 0.14222
vt 0.401087 0.125882
vt 0.160557 0.125882
vt 0.607671 0.982845
vt 0.374986 0.98468
vt 0.36096 0.997789
vt 0.617193 0.995004
vt 0.625342 0.949374
vt 0.608642 0.965107
vt 0.377849 0.964256
vt 0.369407 0.952099
vt 0.872161 0.964688
vt 0.872161 0.724158
vt 0.855823 0.724158
vt 0.855823 0.964688
vt 0.342662 0.104172
vt 0.156951 0.100745
vt 0.157745 0.119086
vt 0.34368 0.12039
vt 0.35577 0.113618
vt 0.355165 0.102041
vt 0.0118773 0.124112
vt 0.00642756 0.141824
vt 0.0283152 0.150287
vt 0.0408549 0.139786
vt 0.0420787 0.344638
vt 0.0223958 0.343975
vt 0.000974249 0.345555
vt 0.842807 0.410872
vt 0.842807 0.170341
vt 0.826469 0.170341
vt 0.826469 0.410872
vt 0.601203 0.825835
vt 0.374257 0.828859
vt 0.358261 0.845117
vt 0.624641 0.841227
vt 0.631954 0.790891
vt 0.602054 0.81021
vt 0.375249 0.808342
vt 0.363824 0.796334
vt 0.883903 0.671146
vt 0.883903 0.430615
vt 0.867565 0.671146
vt 0.867565 0.430615
vt 0.69832 0.757331
vt 0.698925 0.525695
vt 0.681983 0.507117
vt 0.685201 0.768385
vt 0.73289 0.776641
vt 0.716208 0.756492
vt 0.717128 0.531127
vt 0.729429 0.51665
vt 0.840849 0.663318
vt 0.840851 0.422788
vt 0.824514 0.422788
vt 0.824511 0.663318
vt 0.914347 0.549711
vt 0.910922 0.735412
vt 0.929265 0.734618
vt 0.930566 0.548693
vt 0.923801 0.536604
vt 0.912217 0.537209
vt 0.623109 0.125239
vt 0.64073 0.129445
vt 0.643704 0.109961
vt 0.63598 0.0976224
vt 0.841734 0.094113
vt 0.841078 0.113618
vt 0.842644 0.13485
vt 0.458013 0.152004
vt 0.698543 0.152004
vt 0.698543 0.135667
vt 0.458013 0.135667
vt 0.256538 0.820822
vt 0.0294143 0.821225
vt 0.00859312 0.839268
vt 0.272928 0.833752
vt 0.282992 0.784998
vt 0.256587 0.804332
vt 0.030653 0.80314
vt 0.0180585 0.790472
usemtl standardSurface2SG
f 35/56 36/57 37/58
f 35/56 37/58 38/59
f 39/60 40/61 36/57
f 39/60 36/57 35/56
f 39/60 35/56 38/59
f 39/60 38/59 41/62
f 36/63 40/64 42/65
f 36/63 42/65 37/66
f 38/67 37/66 42/65
f 38/67 42/65 41/68
f 41/68 42/65 40/64
f 41/68 40/64 39/69
f 43/70 44/71 45/72
f 43/70 45/72 46/73
f 47/74 48/75 44/76
f 47/74 44/76 43/77
f 47/74 43/77 46/78
f 47/74 46/78 49/79
f 44/80 48/81 50/82
f 44/80 50/82 45/83
f 46/84 45/83 50/82
f 46/84 50/82 49/85
f 49/85 50/82 48/81
f 49/85 48/81 47/86
f 51/87 52/88 53/89
f 51/87 53/89 54/90
f 55/91 56/92 52/93
f 55/91 52/93 51/94
f 55/91 51/94 54/95
f 55/91 54/95 57/96
f 52/97 56/98 58/99
f 52/97 58/99 53/100
f 54/101 53/100 58/99
f 54/101 58/99 57/102
f 57/102 58/99 56/98
f 57/102 56/98 55/103
f 59/104 60/105 61/106
f 59/104 61/106 62/107
f 63/108 64/109 60/110
f 63/108 60/110 59/111
f 63/108 59/111 62/112
f 63/108 62/112 65/113
f 60/114 64/115 66/116
f 60/114 66/116 61/117
f 62/118 61/117 66/116
f 62/118 66/116 65/119
f 65/119 66/116 64/115
f 65/119 64/115 63/120
f 67/121 68/122 69/123
f 67/121 69/123 70/124
f 71/125 72/126 68/127
f 71/125 68/127 67/128
f 71/125 67/128 70/129
f 71/125 70/129 73/130
f 68/131 72/132 74/133
f 68/131 74/133 69/134
f 70/135 69/136 74/137
f 70/135 74/137 73/138
f 73/130 74/139 72/126
f 73/130 72/126 71/125
f 75/140 76/141 77/142
f 75/140 77/142 78/143
f 79/144 80/145 76/146
f 79/144 76/146 75/147
f 79/144 75/147 78/148
f 79/144 78/148 81/149
f 76/150 80/151 82/152
f 76/150 82/152 77/153
f 78/154 77/155 82/156
f 78/154 82/156 81/157
f 81/149 82/158 80/145
f 81/149 80/145 79/144
f 83/159 84/160 85/161
f 83/159 85/161 86/162
f 87/163 88/164 84/160
f 87/163 84/160 83/159
f 87/163 83/159 86/162
f 87/163 86/162 89/165
f 84/166 88/167 90/168
f 84/166 90/168 85/169
f 86/170 85/169 90/168
f 86/170 90/168 89/171
f 89/165 90/172 88/164
f 89/165 88/164 87/163
f 91/173 92/174 93/175
f 91/173 93/175 94/176
f 95/177 96/178 92/179
f 95/177 92/179 91/180
f 95/177 91/180 94/181
f 95/177 94/181 97/182
f 92/183 96/184 98/185
f 92/183 98/185 93/186
f 94/187 93/186 98/185
f 94/187 98/185 97/188
f 97/188 98/185 96/184
f 97/188 96/184 95/189
f 99/190 100/191 101/192
f 99/190 101/192 102/193
f 103/194 104/195 100/196
f 103/194 100/196 99/197
f 103/194 99/197 102/198
f 103/194 102/198 105/199
f 100/200 104/201 106/202
f 100/200 106/202 101/203
f 102/204 101/203 106/202
f 102/204 106/202 105/205
f 105/205 106/202 104/201
f 105/205 104/201 103/206
f 107/207 108/208 109/209
f 107/207 109/209 110/210
f 111/211 112/212 108/213
f 111/211 108/213 107/214
f 111/211 107/214 110/215
f 111/211 110/215 113/216
f 108/217 112/218 114/219
f 108/217 114/219 109/220
f 110/221 109/220 114/219
f 110/221 114/219 113/222
f 113/222 114/219 111/223
f 114/219 112/218 111/223
f 115/224 116/225 117/226
f 115/224 117/226 118/227
f 119/228 120/229 116/230
f 119/228 116/230 115/231
f 119/228 115/231 118/232
f 119/228 118/232 121/233
f 116/234 120/235 122/236
f 116/234 122/236 117/237
f 118/238 117/237 122/236
f 118/238 122/236 121/239
f 121/239 122/236 120/235
f 121/239 120/235 119/240
f 123/241 124/242 125/243
f 123/241 125/243 126/244
f 127/245 128/246 124/247
f 127/245 124/247 123/248
f 127/245 123/248 126/249
f 127/245 126/249 129/250
f 124/251 128/252 130/253
f 124/251 130/253 125/254
f 126/255 125/254 130/253
f 126/255 130/253 129/256
f 129/256 130/253 128/252
f 129/256 128/252 127/257
f 131/258 132/259 133/260
f 131/258 133/260 134/261
f 135/262 136/263 132/264
f 135/262 132/264 131/265
f 135/262 131/265 134/266
f 135/262 134/266 137/267
f 132/268 136/269 138/270
f 132/268 138/270 133/271
f 134/272 133/271 138/270
f 134/272 138/270 137/273
f 137/273 138/270 135/274
f 138/270 136/269 135/274
f 139/275 140/276 141/277
f 139/275 141/277 142/278
f 143/279 144/280 140/281
f 143/279 140/281 139/282
f 143/279 139/282 142/283
f 143/279 142/283 145/284
f 140/285 144/286 146/287
f 140/285 146/287 141/288
f 142/289 141/288 146/287
f 142/289 146/287 145/290
f 145/290 146/287 144/286
f 145/290 144/286 143/291
f 147/292 148/293 149/294
f 147/292 149/294 150/295
f 151/296 152/297 148/298
f 151/296 148/298 147/299
f 151/296 147/299 150/300
f 151/296 150/300 153/301
f 148/298 152/297 154/302
f 148/298 154/302 149/303
f 150/300 149/303 154/302
f 150/300 154/302 153/301
f 153/301 154/302 152/297
f 153/301 152/297 151/296
f 155/304 156/305 157/306
f 155/304 157/306 158/307
f 159/308 160/309 156/310
f 159/308 156/310 155/311
f 159/308 155/311 158/312
f 159/308 158/312 161/313
f 156/310 160/309 162/314
f 156/310 162/314 157/315
f 158/312 157/315 162/314
f 158/312 162/314 161/313
f 161/313 162/314 159/308
f 162/314 160/309 159/308
f 163/316 164/317 165/318
f 164/317 166/319 165/318
f 167/320 168/321 164/322
f 167/320 164/322 163/323
f 167/320 163/323 165/324
f 167/320 165/324 169/325
f 164/322 168/321 170/326
f 164/322 170/326 166/327
f 165/324 166/327 170/326
f 165/324 170/326 169/325
f 169/325 170/326 168/321
f 169/325 168/321 167/320
f 171/328 172/329 173/330
f 171/328 173/330 174/331
f 175/332 176/333 172/334
f 175/332 172/334 171/335
f 175/332 171/335 174/336
f 175/332 174/336 177/337
f 172/338 176/339 178/340
f 172/338 178/340 173/341
f 174/342 173/341 178/340
f 174/342 178/340 177/343
f 177/343 178/340 175/344
f 178/340 176/339 175/344
f 179/345 180/346 181/347
f 179/345 181/347 182/348
f 183/349 184/350 180/351
f 183/349 180/351 179/352
f 183/349 179/352 182/353
f 183/349 182/353 185/354
f 180/355 184/356 186/357
f 180/355 186/357 181/358
f 182/359 181/358 186/357
f 182/359 186/357 185/360
f 185/360 186/357 184/356
f 185/360 184/356 183/361
f 187/362 188/363 189/364
f 187/362 189/364 190/365
f 191/366 192/367 188/368
f 191/366 188/368 187/369
f 191/366 187/369 190/370
f 191/366 190/370 193/371
f 188/372 192/373 194/374
f 188/372 194/374 189/375
f 190/376 189/375 194/374
f 190/376 194/374 193/377
f 193/377 194/374 192/373
f 193/377 192/373 191/378
f 195/379 196/380 197/381
f 195/379 197/381 198/382
f 199/383 200/384 196/385
f 199/383 196/385 195/386
f 199/383 195/386 198/387
f 199/383 198/387 201/388
f 196/389 200/390 202/391
f 196/389 202/391 197/392
f 198/393 197/392 202/391
f 198/393 202/391 201/394
f 201/394 202/391 200/390
f 201/394 200/390 199/395
f 203/396 204/397 205/398
f 203/396 205/398 206/399
f 207/400 208/401 204/402
f 207/400 204/402 203/403
f 207/400 203/403 206/404
f 207/400 206/404 209/405
f 204/406 208/407 210/408
f 204/406 210/408 205/409
f 206/410 205/409 210/408
f 206/410 210/408 209/411
f 209/411 210/408 207/412
f 210/408 208/407 207/412
f 211/413 212/414 213/415
f 211/413 213/415 214/416
f 215/417 216/418 212/419
f 215/417 212/419 211/420
f 215/417 211/420 214/421
f 215/417 214/421 217/422
f 212/423 216/424 218/425
f 212/423 218/425 213/426
f 214/427 213/426 218/425
f 214/427 218/425 217/428
f 217/428 218/425 216/424
f 217/428 216/424 215/429
f 219/430 220/431 221/432
f 219/430 221/432 222/433
f 223/434 224/435 220/436
f 223/434 220/436 219/437
f 223/434 219/437 222/438
f 223/434 222/438 225/439
f 220/440 224/441 226/442
f 220/440 226/442 221/443
f 222/444 221/443 226/442
f 222/444 226/442 225/445
f 225/445 226/442 224/441
f 225/445 224/441 223/446
f 227/447 228/448 229/449
f 227/447 229/449 230/450
f 231/451 232/452 228/453
f 231/451 228/453 227/454
f 231/451 227/454 230/455
f 231/451 230/455 233/456
f 228/457 232/458 234/459
f 228/457 234/459 229/460
f 230/461 229/460 234/459
f 230/461 234/459 233/462
f 233/462 234/459 231/463
f 234/459 232/458 231/463
f 235/464 236/465 237/466
f 235/464 237/466 238/467
f 239/468 240/469 236/470
f 239/468 236/470 235/471
f 239/468 235/471 238/472
f 239/468 238/472 241/473
f 236/474 240/475 242/476
f 236/474 242/476 237/477
f 238/467 237/466 242/478
f 238/467 242/478 241/479
f 241/473 242/480 240/469
f 241/473 240/469 239/468
f 243/481 244/482 245/483
f 243/481 245/483 246/484
f 247/485 248/486 244/487
f 247/485 244/487 243/488
f 247/485 243/488 246/489
f 247/485 246/489 249/490
f 244/487 248/486 250/491
f 244/487 250/491 245/492
f 246/489 245/492 250/491
f 246/489 250/491 249/490
f 249/490 250/491 248/486
f 249/490 248/486 247/485
f 251/493 252/494 253/495
f 251/493 253/495 254/496
f 255/497 256/498 252/499
f 255/497 252/499 251/500
f 255/497 251/500 254/501
f 255/497 254/501 257/502
f 252/503 256/504 258/505
f 252/503 258/505 253/506
f 254/507 253/506 258/505
f 254/507 258/505 257/508
f 257/508 258/505 256/504
f 257/508 256/504 255/509
f 259/510 260/511 261/512
f 259/510 261/512 262/513
f 263/514 264/515 260/516
f 263/514 260/516 259/517
f 263/514 259/517 262/518
f 263/514 262/518 265/519
f 260/516 264/515 266/520
f 260/516 266/520 261/521
f 262/518 261/521 266/520
f 262/518 266/520 265/519
f 265/519 266/520 263/514
f 266/520 264/515 263/514
f 267/522 268/523 269/524
f 268/523 270/525 269/524
f 271/526 272/527 268/528
f 271/526 268/528 267/529
f 271/526 267/529 269/530
f 271/526 269/530 273/531
f 268/528 272/527 274/532
f 268/528 274/532 270/533
f 269/530 270/533 274/532
f 269/530 274/532 273/531
f 273/531 274/532 272/527
f 273/531 272/527 271/526
f 275/534 276/535 277/536
f 275/534 277/536 278/537
f 279/538 280/539 276/540
f 279/538 276/540 275/541
f 279/538 275/541 278/542
f 279/538 278/542 281/543
f 276/544 280/545 282/546
f 276/544 282/546 277/547
f 278/548 277/547 282/546
f 278/548 282/546 281/549
f 281/549 282/546 279/550
f 282/546 280/545 279/550
f 283/551 284/552 285/553
f 283/551 285/553 286/554
f 287/555 288/556 284/557
f 287/555 284/557 283/558
f 287/555 283/558 286/559
f 287/555 286/559 289/560
f 284/557 288/556 290/561
f 284/557 290/561 285/562
f 286/559 285/562 290/561
f 286/559 290/561 289/560
f 289/560 290/561 288/556
f 289/560 288/556 287/555
s off
g polySurface4_phong1SG
v 0.292136 0.762197 0.113944 1 1 1
v 0.271378 0.762197 0.113944 1 1 1
v 0.271378 0.819981 0.113364 1 1 1
v 0.29299 0.818851 0.113439 1 1 1
v 0.281757 0.745347 0.119082 1 1 1
v 0.381126 0.73577 0.119993 1 1 1
v 0.357907 0.721496 0.124087 1 1 1
v 0.381534 0.79588 0.119925 1 1 1
v 0.182389 0.73577 0.119993 1 1 1
v 0.206438 0.721548 0.124165 1 1 1
v 0.18198 0.79588 0.119925 1 1 1
v 0.270805 0.839104 0.119248 1 1 1
v 0.177065 0.814555 0.127079 1 1 1
v 0.292709 0.839104 0.119248 1 1 1
v 0.386655 0.814255 0.12688 1 1 1
v 0.398654 0.744568 0.12847 1 1 1
v 0.399173 0.797746 0.128237 1 1 1
v 0.386148 0.723841 0.131771 1 1 1
v 0.310622 0.69811 0.15406 1 1 1
v 0.281757 0.697195 0.146485 1 1 1
v 0.177375 0.723847 0.131786 1 1 1
v 0.252893 0.69811 0.15406 1 1 1
v 0.16486 0.744568 0.12847 1 1 1
v 0.164341 0.797746 0.128237 1 1 1
v 0.149722 0.81299 0.146398 1 1 1
v 0.160269 0.831814 0.146497 1 1 1
v 0.271378 0.876085 0.146376 1 1 1
v 0.292136 0.876085 0.146376 1 1 1
v 0.403105 0.831799 0.146437 1 1 1
v 0.413792 0.81299 0.146398 1 1 1
v 0.412516 0.760787 0.146376 1 1 1
v 0.40869 0.741571 0.15406 1 1 1
v 0.386139 0.723847 0.176333 1 1 1
v 0.357076 0.721548 0.183954 1 1 1
v 0.281757 0.697195 0.161634 1 1 1
v 0.205608 0.721496 0.184032 1 1 1
v 0.177366 0.723841 0.176348 1 1 1
v 0.154824 0.741571 0.15406 1 1 1
v 0.150998 0.760787 0.146376 1 1 1
v 0.150998 0.760787 0.161743 1 1 1
v 0.149722 0.81299 0.161721 1 1 1
v 0.160409 0.831799 0.161683 1 1 1
v 0.271378 0.876085 0.161743 1 1 1
v 0.292136 0.876085 0.161743 1 1 1
v 0.403245 0.831814 0.161622 1 1 1
v 0.413792 0.81299 0.161721 1 1 1
v 0.412516 0.760787 0.161743 1 1 1
v 0.398654 0.744568 0.179649 1 1 1
v 0.381126 0.73577 0.188126 1 1 1
v 0.292136 0.762197 0.194176 1 1 1
v 0.281757 0.745347 0.189037 1 1 1
v 0.182389 0.73577 0.188126 1 1 1
v 0.271378 0.762197 0.194176 1 1 1
v 0.16486 0.744568 0.179649 1 1 1
v 0.164341 0.797746 0.179882 1 1 1
v 0.176859 0.814255 0.181239 1 1 1
v 0.271378 0.838822 0.189226 1 1 1
v 0.292709 0.839104 0.188871 1 1 1
v 0.386449 0.814555 0.18104 1 1 1
v 0.399173 0.797746 0.179882 1 1 1
v 0.381534 0.79588 0.188194 1 1 1
v 0.29299 0.818851 0.19468 1 1 1
v 0.270524 0.818851 0.19468 1 1 1
v 0.18198 0.79588 0.188194 1 1 1
v 0.292136 0.737774 0.267832 1 1 1
v 0.271378 0.737774 0.267832 1 1 1
v 0.271378 0.795559 0.267253 1 1 1
v 0.29299 0.794428 0.267327 1 1 1
v 0.281757 0.720924 0.27297 1 1 1
v 0.381126 0.711348 0.273881 1 1 1
v 0.357907 0.697074 0.277975 1 1 1
v 0.381534 0.771458 0.273814 1 1 1
v 0.182389 0.711348 0.273881 1 1 1
v 0.206438 0.697126 0.278053 1 1 1
v 0.18198 0.771458 0.273814 1 1 1
v 0.270805 0.814682 0.273136 1 1 1
v 0.177065 0.790132 0.280967 1 1 1
v 0.292709 0.814682 0.273136 1 1 1
v 0.386655 0.789833 0.280768 1 1 1
v 0.398654 0.720145 0.282358 1 1 1
v 0.399173 0.773323 0.282125 1 1 1
v 0.386148 0.699418 0.285659 1 1 1
v 0.310622 0.673688 0.307948 1 1 1
v 0.281757 0.672772 0.300373 1 1 1
v 0.177375 0.699425 0.285674 1 1 1
v 0.252893 0.673688 0.307948 1 1 1
v 0.16486 0.720145 0.282358 1 1 1
v 0.164341 0.773323 0.282125 1 1 1
v 0.149722 0.788568 0.300286 1 1 1
v 0.160269 0.807391 0.300385 1 1 1
v 0.271378 0.851662 0.300264 1 1 1
v 0.292136 0.851662 0.300264 1 1 1
v 0.403105 0.807376 0.300325 1 1 1
v 0.413792 0.788568 0.300286 1 1 1
v 0.412516 0.736365 0.300264 1 1 1
v 0.40869 0.717148 0.307948 1 1 1
v 0.386139 0.699425 0.330221 1 1 1
v 0.357076 0.697126 0.337842 1 1 1
v 0.281757 0.672772 0.315522 1 1 1
v 0.205608 0.697074 0.337921 1 1 1
v 0.177366 0.699418 0.330237 1 1 1
v 0.154824 0.717148 0.307948 1 1 1
v 0.150998 0.736365 0.300264 1 1 1
v 0.150998 0.736365 0.315631 1 1 1
v 0.149722 0.788568 0.315609 1 1 1
v 0.160409 0.807376 0.315571 1 1 1
v 0.271378 0.851662 0.315631 1 1 1
v 0.292136 0.851662 0.315631 1 1 1
v 0.403245 0.807391 0.31551 1 1 1
v 0.413792 0.788568 0.315609 1 1 1
v 0.412516 0.736365 0.315631 1 1 1
v 0.398654 0.720145 0.333537 1 1 1
v 0.381126 0.711348 0.342014 1 1 1
v 0.292136 0.737774 0.348064 1 1 1
v 0.281757 0.720924 0.342925 1 1 1
v 0.182389 0.711348 0.342014 1 1 1
v 0.271378 0.737774 0.348064 1 1 1
v 0.16486 0.720145 0.333537 1 1 1
v 0.164341 0.773323 0.333771 1 1 1
v 0.176859 0.789833 0.335128 1 1 1
v 0.271378 0.8144 0.343114 1 1 1
v 0.292709 0.814682 0.342759 1 1 1
v 0.386449 0.790132 0.334928 1 1 1
v 0.399173 0.773323 0.333771 1 1 1
v 0.381534 0.771458 0.342082 1 1 1
v 0.29299 0.794428 0.348568 1 1 1
v 0.270524 0.794428 0.348568 1 1 1
v 0.18198 0.771458 0.342082 1 1 1
v 0.296727 0.737774 0.004703 1 1 1
v 0.275969 0.737774 0.004703 1 1 1
v 0.275969 0.795559 0.004124 1 1 1
v 0.297581 0.794428 0.004198 1 1 1
v 0.286348 0.720924 0.009842 1 1 1
v 0.385717 0.711348 0.010752 1 1 1
v 0.362498 0.697074 0.014846 1 1 1
v 0.386125 0.771458 0.010685 1 1 1
v 0.18698 0.711348 0.010752 1 1 1
v 0.211029 0.697126 0.014925 1 1 1
v 0.186571 0.771458 0.010685 1 1 1
v 0.275396 0.814682 0.010008 1 1 1
v 0.181656 0.790132 0.017839 1 1 1
v 0.2973 0.814682 0.010008 1 1 1
v 0.391246 0.789833 0.017639 1 1 1
v 0.403245 0.720145 0.01923 1 1 1
v 0.403764 0.773323 0.018996 1 1 1
v 0.390739 0.699418 0.02253 1 1 1
v 0.315213 0.673688 0.044819 1 1 1
v 0.286348 0.672772 0.037244 1 1 1
v 0.181966 0.699425 0.022545 1 1 1
v 0.257484 0.673688 0.044819 1 1 1
v 0.169451 0.720145 0.01923 1 1 1
v 0.168932 0.773323 0.018996 1 1 1
v 0.154313 0.788568 0.037157 1 1 1
v 0.16486 0.807391 0.037256 1 1 1
v 0.275969 0.851662 0.037136 1 1 1
v 0.296727 0.851662 0.037136 1 1 1
v 0.407696 0.807376 0.037196 1 1 1
v 0.418383 0.788568 0.037157 1 1 1
v 0.417107 0.736365 0.037136 1 1 1
v 0.413281 0.717148 0.044819 1 1 1
v 0.39073 0.699425 0.067093 1 1 1
v 0.361667 0.697126 0.074713 1 1 1
v 0.286348 0.672772 0.052393 1 1 1
v 0.210199 0.697074 0.074792 1 1 1
v 0.181957 0.699418 0.067108 1 1 1
v 0.159415 0.717148 0.044819 1 1 1
v 0.155589 0.736365 0.037136 1 1 1
v 0.155589 0.736365 0.052502 1 1 1
v 0.154313 0.788568 0.052481 1 1 1
v 0.165 0.807376 0.052442 1 1 1
v 0.275969 0.851662 0.052502 1 1 1
v 0.296727 0.851662 0.052502 1 1 1
v 0.407836 0.807391 0.052382 1 1 1
v 0.418383 0.788568 0.052481 1 1 1
v 0.417107 0.736365 0.052502 1 1 1
v 0.403245 0.720145 0.070408 1 1 1
v 0.385717 0.711348 0.078885 1 1 1
v 0.296727 0.737774 0.084935 1 1 1
v 0.286348 0.720924 0.079796 1 1 1
v 0.18698 0.711348 0.078885 1 1 1
v 0.275969 0.737774 0.084935 1 1 1
v 0.169451 0.720145 0.070408 1 1 1
v 0.168932 0.773323 0.070642 1 1 1
v 0.18145 0.789833 0.071999 1 1 1
v 0.275969 0.8144 0.079985 1 1 1
v 0.2973 0.814682 0.07963 1 1 1
v 0.39104 0.790132 0.071799 1 1 1
v 0.403764 0.773323 0.070642 1 1 1
v 0.386125 0.771458 0.078953 1 1 1
v 0.297581 0.794428 0.08544 1 1 1
v 0.275115 0.794428 0.08544 1 1 1
v 0.186571 0.771458 0.078953 1 1 1
v 0.300084 0.737774 0.069914 1 1 1
v 0.279327 0.737774 0.069914 1 1 1
v 0.279327 0.795559 0.069335 1 1 1
v 0.300939 0.794428 0.06941 1 1 1
v 0.289706 0.720924 0.075053 1 1 1
v 0.389074 0.711348 0.075964 1 1 1
v 0.365855 0.697074 0.080058 1 1 1
v 0.389482 0.771458 0.075896 1 1 1
v 0.190337 0.711348 0.075964 1 1 1
v 0.214386 0.697126 0.080136 1 1 1
v 0.189929 0.771458 0.075896 1 1 1
v 0.278754 0.814682 0.075219 1 1 1
v 0.185014 0.790132 0.08305 1 1 1
v 0.300658 0.814682 0.075219 1 1 1
v 0.394603 0.789833 0.082851 1 1 1
v 0.406603 0.720145 0.084441 1 1 1
v 0.407121 0.773323 0.084208 1 1 1
v 0.394097 0.699418 0.087742 1 1 1
v 0.31857 0.673688 0.11003 1 1 1
v 0.289706 0.672772 0.102456 1 1 1
v 0.185324 0.699425 0.087757 1 1 1
v 0.260841 0.673688 0.11003 1 1 1
v 0.172809 0.720145 0.084441 1 1 1
v 0.17229 0.773323 0.084208 1 1 1
v 0.15767 0.788568 0.102369 1 1 1
v 0.168217 0.807391 0.102468 1 1 1
v 0.279327 0.851662 0.102347 1 1 1
v 0.300084 0.851662 0.102347 1 1 1
v 0.411054 0.807376 0.102407 1 1 1
v 0.421741 0.788568 0.102369 1 1 1
v 0.420464 0.736365 0.102347 1 1 1
v 0.416638 0.717148 0.11003 1 1 1
v 0.394087 0.699425 0.132304 1 1 1
v 0.365025 0.697126 0.139925 1 1 1
v 0.289706 0.672772 0.117605 1 1 1
v 0.213556 0.697074 0.140003 1 1 1
v 0.185314 0.699418 0.132319 1 1 1
v 0.162772 0.717148 0.11003 1 1 1
v 0.158947 0.736365 0.102347 1 1 1
v 0.158947 0.736365 0.117714 1 1 1
v 0.15767 0.788568 0.117692 1 1 1
v 0.168357 0.807376 0.117653 1 1 1
v 0.279327 0.851662 0.117714 1 1 1
v 0.300084 0.851662 0.117714 1 1 1
v 0.411194 0.807391 0.117593 1 1 1
v 0.421741 0.788568 0.117692 1 1 1
v 0.420464 0.736365 0.117714 1 1 1
v 0.406603 0.720145 0.13562 1 1 1
v 0.389074 0.711348 0.144097 1 1 1
v 0.300084 0.737774 0.150146 1 1 1
v 0.289706 0.720924 0.145008 1 1 1
v 0.190337 0.711348 0.144097 1 1 1
v 0.279327 0.737774 0.150146 1 1 1
v 0.172809 0.720145 0.13562 1 1 1
v 0.17229 0.773323 0.135853 1 1 1
v 0.184808 0.789833 0.13721 1 1 1
v 0.279327 0.8144 0.145197 1 1 1
v 0.300658 0.814682 0.144842 1 1 1
v 0.394398 0.790132 0.137011 1 1 1
v 0.407121 0.773323 0.135853 1 1 1
v 0.389482 0.771458 0.144165 1 1 1
v 0.300939 0.794428 0.150651 1 1 1
v 0.278472 0.794428 0.150651 1 1 1
v 0.189929 0.771458 0.144165 1 1 1
v 0.292136 0.713118 0.190729 1 1 1
v 0.271378 0.713118 0.190729 1 1 1
v 0.271378 0.770903 0.19015 1 1 1
v 0.29299 0.769772 0.190224 1 1 1
v 0.281757 0.696268 0.195867 1 1 1
v 0.381126 0.686692 0.196778 1 1 1
v 0.357907 0.672418 0.200872 1 1 1
v 0.381534 0.746802 0.196711 1 1 1
v 0.182389 0.686692 0.196778 1 1 1
v 0.206438 0.67247 0.20095 1 1 1
v 0.18198 0.746802 0.196711 1 1 1
v 0.270805 0.790026 0.196034 1 1 1
v 0.177065 0.765476 0.203864 1 1 1
v 0.292709 0.790026 0.196034 1 1 1
v 0.386655 0.765177 0.203665 1 1 1
v 0.398654 0.695489 0.205255 1 1 1
v 0.399173 0.748667 0.205022 1 1 1
v 0.386148 0.674762 0.208556 1 1 1
v 0.310622 0.649032 0.230845 1 1 1
v 0.281757 0.648116 0.22327 1 1 1
v 0.177375 0.674769 0.208571 1 1 1
v 0.252893 0.649032 0.230845 1 1 1
v 0.16486 0.695489 0.205255 1 1 1
v 0.164341 0.748667 0.205022 1 1 1
v 0.149722 0.763912 0.223183 1 1 1
v 0.160269 0.782735 0.223282 1 1 1
v 0.271378 0.827006 0.223161 1 1 1
v 0.292136 0.827006 0.223161 1 1 1
v 0.403105 0.78272 0.223222 1 1 1
v 0.413792 0.763912 0.223183 1 1 1
v 0.412516 0.711709 0.223161 1 1 1
v 0.40869 0.692492 0.230845 1 1 1
v 0.386139 0.674769 0.253118 1 1 1
v 0.357076 0.67247 0.260739 1 1 1
v 0.281757 0.648116 0.238419 1 1 1
v 0.205608 0.672418 0.260818 1 1 1
v 0.177366 0.674762 0.253134 1 1 1
v 0.154824 0.692492 0.230845 1 1 1
v 0.150998 0.711709 0.223161 1 1 1
v 0.150998 0.711709 0.238528 1 1 1
v 0.149722 0.763912 0.238506 1 1 1
v 0.160409 0.78272 0.238468 1 1 1
v 0.271378 0.827006 0.238528 1 1 1
v 0.292136 0.827006 0.238528 1 1 1
v 0.403245 0.782735 0.238407 1 1 1
v 0.413792 0.763912 0.238506 1 1 1
v 0.412516 0.711709 0.238528 1 1 1
v 0.398654 0.695489 0.256434 1 1 1
v 0.381126 0.686692 0.264911 1 1 1
v 0.292136 0.713118 0.270961 1 1 1
v 0.281757 0.696268 0.265822 1 1 1
v 0.182389 0.686692 0.264911 1 1 1
v 0.271378 0.713118 0.270961 1 1 1
v 0.16486 0.695489 0.256434 1 1 1
v 0.164341 0.748667 0.256668 1 1 1
v 0.176859 0.765177 0.258025 1 1 1
v 0.271378 0.789744 0.266011 1 1 1
v 0.292709 0.790026 0.265656 1 1 1
v 0.386449 0.765476 0.257825 1 1 1
v 0.399173 0.748667 0.256668 1 1 1
v 0.381534 0.746802 0.264979 1 1 1
v 0.29299 0.769772 0.271465 1 1 1
v 0.270524 0.769772 0.271465 1 1 1
v 0.18198 0.746802 0.264979 1 1 1
v 0.292136 0.737774 0.317872 1 1 1
v 0.271378 0.737774 0.317872 1 1 1
v 0.271378 0.795559 0.317293 1 1 1
v 0.29299 0.794428 0.317367 1 1 1
v 0.281757 0.720924 0.323011 1 1 1
v 0.381126 0.711348 0.323922 1 1 1
v 0.357907 0.697074 0.328015 1 1 1
v 0.381534 0.771458 0.323854 1 1 1
v 0.182389 0.711348 0.323922 1 1 1
v 0.206438 0.697126 0.328094 1 1 1
v 0.18198 0.771458 0.323854 1 1 1
v 0.270805 0.814682 0.323177 1 1 1
v 0.177065 0.790132 0.331008 1 1 1
v 0.292709 0.814682 0.323177 1 1 1
v 0.386655 0.789833 0.330808 1 1 1
v 0.398654 0.720145 0.332399 1 1 1
v 0.399173 0.773323 0.332165 1 1 1
v 0.386148 0.699418 0.335699 1 1 1
v 0.310622 0.673688 0.357988 1 1 1
v 0.281757 0.672772 0.350413 1 1 1
v 0.177375 0.699425 0.335714 1 1 1
v 0.252893 0.673688 0.357988 1 1 1
v 0.16486 0.720145 0.332399 1 1 1
v 0.164341 0.773323 0.332165 1 1 1
v 0.149722 0.788568 0.350326 1 1 1
v 0.160269 0.807391 0.350425 1 1 1
v 0.271378 0.851662 0.350305 1 1 1
v 0.292136 0.851662 0.350305 1 1 1
v 0.403105 0.807376 0.350365 1 1 1
v 0.413792 0.788568 0.350326 1 1 1
v 0.412516 0.736365 0.350305 1 1 1
v 0.40869 0.717148 0.357988 1 1 1
v 0.386139 0.699425 0.380262 1 1 1
v 0.357076 0.697126 0.387882 1 1 1
v 0.281757 0.672772 0.365563 1 1 1
v 0.205608 0.697074 0.387961 1 1 1
v 0.177366 0.699418 0.380277 1 1 1
v 0.154824 0.717148 0.357988 1 1 1
v 0.150998 0.736365 0.350305 1 1 1
v 0.150998 0.736365 0.365671 1 1 1
v 0.149722 0.788568 0.36565 1 1 1
v 0.160409 0.807376 0.365611 1 1 1
v 0.271378 0.851662 0.365671 1 1 1
v 0.292136 0.851662 0.365671 1 1 1
v 0.403245 0.807391 0.365551 1 1 1
v 0.413792 0.788568 0.36565 1 1 1
v 0.412516 0.736365 0.365671 1 1 1
v 0.398654 0.720145 0.383577 1 1 1
v 0.381126 0.711348 0.392054 1 1 1
v 0.292136 0.737774 0.398104 1 1 1
v 0.281757 0.720924 0.392965 1 1 1
v 0.182389 0.711348 0.392054 1 1 1
v 0.271378 0.737774 0.398104 1 1 1
v 0.16486 0.720145 0.383577 1 1 1
v 0.164341 0.773323 0.383811 1 1 1
v 0.176859 0.789833 0.385168 1 1 1
v 0.271378 0.8144 0.393155 1 1 1
v 0.292709 0.814682 0.392799 1 1 1
v 0.386449 0.790132 0.384968 1 1 1
v 0.399173 0.773323 0.383811 1 1 1
v 0.381534 0.771458 0.392122 1 1 1
v 0.29299 0.794428 0.398609 1 1 1
v 0.270524 0.794428 0.398609 1 1 1
v 0.18198 0.771458 0.392122 1 1 1
v 0.292136 0.737774 0.152111 1 1 1
v 0.271378 0.737774 0.152111 1 1 1
v 0.271378 0.795559 0.151532 1 1 1
v 0.29299 0.794428 0.151607 1 1 1
v 0.281757 0.720924 0.15725 1 1 1
v 0.381126 0.711348 0.158161 1 1 1
v 0.357907 0.697074 0.162254 1 1 1
v 0.381534 0.771458 0.158093 1 1 1
v 0.182389 0.711348 0.158161 1 1 1
v 0.206438 0.697126 0.162333 1 1 1
v 0.18198 0.771458 0.158093 1 1 1
v 0.270805 0.814682 0.157416 1 1 1
v 0.177065 0.790132 0.165247 1 1 1
v 0.292709 0.814682 0.157416 1 1 1
v 0.386655 0.789833 0.165047 1 1 1
v 0.398654 0.720145 0.166638 1 1 1
v 0.399173 0.773323 0.166404 1 1 1
v 0.386148 0.699418 0.169938 1 1 1
v 0.310622 0.673688 0.192227 1 1 1
v 0.281757 0.672772 0.184653 1 1 1
v 0.177375 0.699425 0.169954 1 1 1
v 0.252893 0.673688 0.192227 1 1 1
v 0.16486 0.720145 0.166638 1 1 1
v 0.164341 0.773323 0.166404 1 1 1
v 0.149722 0.788568 0.184566 1 1 1
v 0.160269 0.807391 0.184665 1 1 1
v 0.271378 0.851662 0.184544 1 1 1
v 0.292136 0.851662 0.184544 1 1 1
v 0.403105 0.807376 0.184604 1 1 1
v 0.413792 0.788568 0.184566 1 1 1
v 0.412516 0.736365 0.184544 1 1 1
v 0.40869 0.717148 0.192227 1 1 1
v 0.386139 0.699425 0.214501 1 1 1
v 0.357076 0.697126 0.222122 1 1 1
v 0.281757 0.672772 0.199802 1 1 1
v 0.205608 0.697074 0.2222 1 1 1
v 0.177366 0.699418 0.214516 1 1 1
v 0.154824 0.717148 0.192227 1 1 1
v 0.150998 0.736365 0.184544 1 1 1
v 0.150998 0.736365 0.199911 1 1 1
v 0.149722 0.788568 0.199889 1 1 1
v 0.160409 0.807376 0.19985 1 1 1
v 0.271378 0.851662 0.199911 1 1 1
v 0.292136 0.851662 0.199911 1 1 1
v 0.403245 0.807391 0.19979 1 1 1
v 0.413792 0.788568 0.199889 1 1 1
v 0.412516 0.736365 0.199911 1 1 1
v 0.398654 0.720145 0.217817 1 1 1
v 0.381126 0.711348 0.226294 1 1 1
v 0.292136 0.737774 0.232343 1 1 1
v 0.281757 0.720924 0.227205 1 1 1
v 0.182389 0.711348 0.226294 1 1 1
v 0.271378 0.737774 0.232343 1 1 1
v 0.16486 0.720145 0.217817 1 1 1
v 0.164341 0.773323 0.21805 1 1 1
v 0.176859 0.789833 0.219407 1 1 1
v 0.271378 0.8144 0.227394 1 1 1
v 0.292709 0.814682 0.227039 1 1 1
v 0.386449 0.790132 0.219208 1 1 1
v 0.399173 0.773323 0.21805 1 1 1
v 0.381534 0.771458 0.226361 1 1 1
v 0.29299 0.794428 0.232848 1 1 1
v 0.270524 0.794428 0.232848 1 1 1
v 0.18198 0.771458 0.226361 1 1 1
v 0.292136 0.703204 0.359163 1 1 1
v 0.271378 0.703204 0.359163 1 1 1
v 0.271378 0.760989 0.358584 1 1 1
v 0.29299 0.759859 0.358659 1 1 1
v 0.281757 0.686354 0.364302 1 1 1
v 0.381126 0.676778 0.365213 1 1 1
v 0.357907 0.662504 0.369306 1 1 1
v 0.381534 0.736888 0.365145 1 1 1
v 0.182389 0.676778 0.365213 1 1 1
v 0.206438 0.662556 0.369385 1 1 1
v 0.18198 0.736888 0.365145 1 1 1
v 0.270805 0.780112 0.364468 1 1 1
v 0.177065 0.755563 0.372299 1 1 1
v 0.292709 0.780112 0.364468 1 1 1
v 0.386655 0.755263 0.372099 1 1 1
v 0.398654 0.685576 0.37369 1 1 1
v 0.399173 0.738753 0.373456 1 1 1
v 0.386148 0.664849 0.37699 1 1 1
v 0.310622 0.639118 0.399279 1 1 1
v 0.281757 0.638203 0.391705 1 1 1
v 0.177375 0.664855 0.377005 1 1 1
v 0.252893 0.639118 0.399279 1 1 1
v 0.16486 0.685576 0.37369 1 1 1
v 0.164341 0.738753 0.373456 1 1 1
v 0.149722 0.753998 0.391618 1 1 1
v 0.160269 0.772822 0.391717 1 1 1
v 0.271378 0.817092 0.391596 1 1 1
v 0.292136 0.817092 0.391596 1 1 1
v 0.403105 0.772806 0.391656 1 1 1
v 0.413792 0.753998 0.391618 1 1 1
v 0.412516 0.701795 0.391596 1 1 1
v 0.40869 0.682578 0.399279 1 1 1
v 0.386139 0.664855 0.421553 1 1 1
v 0.357076 0.662556 0.429174 1 1 1
v 0.281757 0.638203 0.406854 1 1 1
v 0.205608 0.662504 0.429252 1 1 1
v 0.177366 0.664849 0.421568 1 1 1
v 0.154824 0.682578 0.399279 1 1 1
v 0.150998 0.701795 0.391596 1 1 1
v 0.150998 0.701795 0.406963 1 1 1
v 0.149722 0.753998 0.406941 1 1 1
v 0.160409 0.772806 0.406902 1 1 1
v 0.271378 0.817092 0.406963 1 1 1
v 0.292136 0.817092 0.406963 1 1 1
v 0.403245 0.772822 0.406842 1 1 1
v 0.413792 0.753998 0.406941 1 1 1
v 0.412516 0.701795 0.406963 1 1 1
v 0.398654 0.685576 0.424869 1 1 1
v 0.381126 0.676778 0.433346 1 1 1
v 0.292136 0.703204 0.439395 1 1 1
v 0.281757 0.686354 0.434257 1 1 1
v 0.182389 0.676778 0.433346 1 1 1
v 0.271378 0.703204 0.439395 1 1 1
v 0.16486 0.685576 0.424869 1 1 1
v 0.164341 0.738753 0.425102 1 1 1
v 0.176859 0.755263 0.426459 1 1 1
v 0.271378 0.77983 0.434446 1 1 1
v 0.292709 0.780112 0.43409 1 1 1
v 0.386449 0.755563 0.42626 1 1 1
v 0.399173 0.738753 0.425102 1 1 1
v 0.381534 0.736888 0.433413 1 1 1
v 0.29299 0.759859 0.4399 1 1 1
v 0.270524 0.759859 0.4399 1 1 1
v 0.18198 0.736888 0.433413 1 1 1
vt 0.71771 0.892488
vt 0.734258 0.885151
vt 0.715276 0.840917
vt 0.698325 0.847446
vt 0.731464 0.903124
vt 0.662387 0.944178
vt 0.684735 0.951335
vt 0.639038 0.894914
vt 0.813178 0.882207
vt 0.7985 0.900838
vt 0.790327 0.830129
vt 0.710728 0.824334
vt 0.791041 0.811712
vt 0.692442 0.831877
vt 0.628598 0.878731
vt 0.644008 0.945393
vt 0.623472 0.898282
vt 0.659556 0.961516
vt 0.730962 0.96772
vt 0.748905 0.949051
vt 0.823792 0.896263
vt 0.77564 0.949184
vt 0.825165 0.868856
vt 0.805893 0.824513
vt 0.814956 0.801866
vt 0.801216 0.786244
vt 0.697476 0.79374
vt 0.678648 0.799985
vt 0.602263 0.869541
vt 0.6017 0.891066
vt 0.617646 0.938834
vt 0.625907 0.958184
vt 0.50099 0.646094
vt 0.516811 0.605378
vt 0.4231 0.648249
vt 0.484963 0.615342
vt 0.460384 0.610675
vt 0.399064 0.637322
vt 0.754837 0.96656
vt 0.336749 0.612639
vt 0.309534 0.6122
vt 0.372762 0.647905
vt 0.296731 0.645559
vt 0.281169 0.601863
vt 0.846032 0.869717
vt 0.838861 0.847244
vt 0.268803 0.582598
vt 0.280817 0.581387
vt 0.283971 0.528028
vt 0.273133 0.523698
vt 0.292346 0.507451
vt 0.280338 0.505671
vt 0.692204 0.783403
vt 0.801131 0.773897
vt 0.6776 0.787914
vt 0.416149 0.460232
vt 0.410667 0.471506
vt 0.517655 0.503468
vt 0.506455 0.510848
vt 0.527721 0.526532
vt 0.515826 0.528695
vt 0.517521 0.580384
vt 0.530013 0.585596
vt 0.499113 0.593756
vt 0.48173 0.599972
vt 0.408582 0.571457
vt 0.398852 0.587249
vt 0.318868 0.597553
vt 0.390656 0.570933
vt 0.301711 0.592634
vt 0.300924 0.542274
vt 0.312773 0.524938
vt 0.39092 0.470547
vt 0.39218 0.505956
vt 0.410637 0.5051
vt 0.488714 0.527713
vt 0.498912 0.54486
vt 0.482497 0.544084
vt 0.409194 0.52291
vt 0.390363 0.52211
vt 0.316942 0.543015
vt 0.733836 0.608305
vt 0.735361 0.625752
vt 0.783768 0.621321
vt 0.78249 0.603046
vt 0.719196 0.617617
vt 0.701799 0.538733
vt 0.688577 0.556627
vt 0.755718 0.53323
vt 0.713818 0.701705
vt 0.701303 0.68096
vt 0.770451 0.696064
vt 0.800326 0.622106
vt 0.787554 0.702067
vt 0.799004 0.602596
vt 0.773827 0.527135
vt 0.706237 0.521217
vt 0.756251 0.51701
vt 0.68587 0.531055
vt 0.657902 0.597055
vt 0.670627 0.624234
vt 0.697179 0.707435
vt 0.661724 0.64528
vt 0.722131 0.717683
vt 0.771518 0.712626
vt 0.789695 0.728203
vt 0.808799 0.719962
vt 0.833822 0.618959
vt 0.83361 0.599136
vt 0.791058 0.504986
vt 0.770759 0.497798
vt 0.720397 0.498202
vt 0.699438 0.50008
vt 0.65084 0.813701
vt 0.666653 0.773006
vt 0.57299 0.815854
vt 0.63538 0.783309
vt 0.611056 0.778876
vt 0.548966 0.804933
vt 0.651626 0.620123
vt 0.485525 0.779956
vt 0.45898 0.779558
vt 0.522677 0.815511
vt 0.446684 0.813166
vt 0.43113 0.769493
vt 0.715554 0.736791
vt 0.739146 0.736916
vt 0.41877 0.750236
vt 0.431263 0.748074
vt 0.433818 0.695571
vt 0.423098 0.691366
vt 0.442302 0.675128
vt 0.4303 0.673349
vt 0.845192 0.617154
vt 0.820569 0.723697
vt 0.845415 0.601869
vt 0.566042 0.627933
vt 0.560563 0.639201
vt 0.667497 0.671147
vt 0.657104 0.678694
vt 0.677558 0.694198
vt 0.665894 0.697028
vt 0.66797 0.750545
vt 0.679849 0.753232
vt 0.648167 0.76155
vt 0.631766 0.76772
vt 0.558349 0.738878
vt 0.548939 0.755142
vt 0.468896 0.765152
vt 0.541016 0.739069
vt 0.452031 0.760095
vt 0.450704 0.709407
vt 0.462686 0.692938
vt 0.540825 0.638242
vt 0.541697 0.67405
vt 0.560654 0.673443
vt 0.639751 0.695985
vt 0.648921 0.713289
vt 0.63245 0.71203
vt 0.559064 0.690998
vt 0.540053 0.689914
vt 0.466816 0.710363
vt 0.638382 0.179944
vt 0.645201 0.196407
vt 0.689802 0.176979
vt 0.68332 0.159987
vt 0.627272 0.193255
vt 0.586425 0.124238
vt 0.579474 0.145557
vt 0.635812 0.101299
vt 0.648274 0.274946
vt 0.63018 0.26061
vt 0.700787 0.253119
vt 0.705994 0.172327
vt 0.720067 0.25133
vt 0.698759 0.154725
vt 0.651935 0.0899358
vt 0.585408 0.106075
vt 0.631782 0.0856556
vt 0.56902 0.121069
vt 0.562814 0.192503
vt 0.583924 0.213185
vt 0.634299 0.28537
vt 0.581357 0.237199
vt 0.661803 0.287282
vt 0.707255 0.267586
vt 0.728734 0.27653
vt 0.744361 0.262785
vt 0.736866 0.159003
vt 0.730616 0.140169
vt 0.661032 0.0637535
vt 0.639498 0.06319
vt 0.591711 0.0791417
vt 0.572353 0.0874068
vt 0.0966276 0.0659232
vt 0.0808049 0.106645
vt 0.174529 0.0637688
vt 0.112538 0.0963265
vt 0.136904 0.101047
vt 0.198569 0.074697
vt 0.563974 0.216388
vt 0.26188 0.0994164
vt 0.288573 0.0999491
vt 0.224875 0.0641127
vt 0.300918 0.0664586
vt 0.316482 0.11016
vt 0.660855 0.307619
vt 0.683338 0.300445
vt 0.328849 0.12943
vt 0.316811 0.130749
vt 0.313635 0.183724
vt 0.324519 0.188339
vt 0.305303 0.204587
vt 0.317313 0.206368
vt 0.747203 0.153731
vt 0.756712 0.2627
vt 0.742691 0.13912
vt 0.181482 0.251813
vt 0.186964 0.240538
vt 0.0799596 0.208571
vt 0.0903568 0.200995
vt 0.0698925 0.185505
vt 0.0818936 0.182925
vt 0.0792428 0.132287
vt 0.0676002 0.126432
vt 0.0997047 0.118233
vt 0.116281 0.111924
vt 0.189085 0.14052
vt 0.198746 0.125239
vt 0.278641 0.114577
vt 0.206177 0.142548
vt 0.295812 0.119597
vt 0.296323 0.169863
vt 0.285148 0.187431
vt 0.206715 0.241498
vt 0.204179 0.206459
vt 0.186731 0.206402
vt 0.108892 0.184648
vt 0.09878 0.167126
vt 0.115237 0.168033
vt 0.188015 0.188864
vt 0.207069 0.190466
vt 0.279792 0.169614
vt 0.284254 0.765401
vt 0.302712 0.763703
vt 0.29833 0.715519
vt 0.279954 0.716346
vt 0.294133 0.779787
vt 0.215589 0.797416
vt 0.233423 0.810874
vt 0.209823 0.742225
vt 0.378293 0.785236
vt 0.358194 0.797711
vt 0.373596 0.728521
vt 0.298665 0.698739
vt 0.37853 0.711416
vt 0.278541 0.699484
vt 0.203379 0.724742
vt 0.198116 0.792556
vt 0.193485 0.742294
vt 0.207567 0.813157
vt 0.273581 0.841129
vt 0.297827 0.827396
vt 0.383981 0.801845
vt 0.321815 0.837306
vt 0.393825 0.776211
vt 0.389612 0.727683
vt 0.404754 0.70931
vt 0.396512 0.690203
vt 0.295503 0.665269
vt 0.275661 0.665387
vt 0.181493 0.707948
vt 0.174303 0.728251
vt 0.174708 0.778623
vt 0.176586 0.799585
vt 0.531707 0.0946571
vt 0.490988 0.0788349
vt 0.533863 0.172557
vt 0.501365 0.110495
vt 0.497234 0.135384
vt 0.522934 0.196596
vt 0.296652 0.847407
vt 0.498175 0.258779
vt 0.497963 0.286352
vt 0.533519 0.222903
vt 0.531173 0.298943
vt 0.487472 0.314508
vt 0.413343 0.783466
vt 0.413468 0.759869
vt 0.468203 0.326875
vt 0.46687 0.314818
vt 0.413723 0.311794
vt 0.409295 0.322544
vt 0.393047 0.303329
vt 0.391267 0.315338
vt 0.293683 0.653803
vt 0.400247 0.678431
vt 0.278395 0.65358
vt 0.345822 0.17951
vt 0.357097 0.184992
vt 0.389063 0.0779889
vt 0.396326 0.089318
vt 0.41213 0.0679228
vt 0.415269 0.0796344
vt 0.466965 0.0785868
vt 0.471201 0.0656303
vt 0.479593 0.0977278
vt 0.485806 0.113683
vt 0.456897 0.187166
vt 0.472738 0.196951
vt 0.4831 0.276969
vt 0.456445 0.20553
vt 0.477627 0.294045
vt 0.427777 0.294812
vt 0.409951 0.283607
vt 0.356138 0.204742
vt 0.391394 0.203831
vt 0.391383 0.184832
vt 0.413905 0.105911
vt 0.431023 0.0967905
vt 0.430568 0.113531
vt 0.40892 0.18653
vt 0.40739 0.205714
vt 0.428476 0.278812
vt 0.0831534 0.839296
vt 0.0845765 0.856605
vt 0.132393 0.853225
vt 0.131555 0.833931
vt 0.0683601 0.848536
vt 0.0507606 0.769923
vt 0.0376295 0.787645
vt 0.105065 0.764113
vt 0.0628572 0.932446
vt 0.0493107 0.912406
vt 0.119264 0.927994
vt 0.149343 0.852957
vt 0.13674 0.932009
vt 0.1484 0.834379
vt 0.123701 0.757822
vt 0.0564021 0.751196
vt 0.106058 0.747764
vt 0.0349957 0.761843
vt 0.00703385 0.827829
vt 0.018184 0.855051
vt 0.0463026 0.938184
vt 0.0108557 0.876043
vt 0.0712603 0.947552
vt 0.119958 0.943831
vt 0.138799 0.958948
vt 0.157898 0.950709
vt 0.182819 0.849743
vt 0.182704 0.829909
vt 0.140161 0.73578
vt 0.119866 0.728593
vt 0.0695151 0.728997
vt 0.0485608 0.730875
vt 0.369985 0.262296
vt 0.329259 0.246471
vt 0.37214 0.340206
vt 0.339376 0.278499
vt 0.334793 0.303138
vt 0.361211 0.36425
vt 0.000759812 0.850892
vt 0.337275 0.426269
vt 0.336594 0.453625
vt 0.371796 0.390559
vt 0.36945 0.466611
vt 0.325743 0.482177
vt 0.0646738 0.967535
vt 0.0882608 0.967659
vt 0.306471 0.494547
vt 0.303617 0.481589
vt 0.252006 0.479455
vt 0.247555 0.490215
vt 0.231304 0.470997
vt 0.229524 0.483008
vt 0.194283 0.847924
vt 0.169666 0.954443
vt 0.194506 0.832642
vt 0.184073 0.34716
vt 0.195349 0.352643
vt 0.22732 0.245626
vt 0.234319 0.256741
vt 0.25039 0.235557
vt 0.252942 0.247332
vt 0.303319 0.24494
vt 0.30947 0.233264
vt 0.317189 0.26509
vt 0.323798 0.281873
vt 0.295237 0.354741
vt 0.311561 0.364396
vt 0.321512 0.444431
vt 0.295187 0.372172
vt 0.316323 0.460969
vt 0.26602 0.462013
vt 0.249364 0.449946
vt 0.19439 0.372396
vt 0.229953 0.372287
vt 0.229632 0.352565
vt 0.251683 0.274544
vt 0.268887 0.264425
vt 0.268083 0.28098
vt 0.247321 0.353578
vt 0.245964 0.372893
vt 0.267725 0.446145
vt 0.775579 0.346444
vt 0.766657 0.361829
vt 0.808159 0.386523
vt 0.817986 0.371136
vt 0.758266 0.345599
vt 0.790174 0.271779
vt 0.769149 0.278407
vt 0.837816 0.299254
vt 0.704952 0.410323
vt 0.706135 0.386201
vt 0.753479 0.439792
vt 0.821322 0.396826
vt 0.763626 0.454577
vt 0.831446 0.380339
vt 0.856015 0.304549
vt 0.805417 0.260216
vt 0.847677 0.286032
vt 0.78227 0.255965
vt 0.720874 0.292906
vt 0.712769 0.321385
vt 0.687784 0.405246
vt 0.695631 0.334151
vt 0.702736 0.428185
vt 0.744165 0.453424
vt 0.750399 0.476399
vt 0.770689 0.48096
vt 0.850182 0.413942
vt 0.861746 0.397826
vt 0.882652 0.296687
vt 0.870459 0.278947
vt 0.829494 0.249683
vt 0.811442 0.238888
vt 0.234689 0.675654
vt 0.250505 0.63495
vt 0.156822 0.677808
vt 0.21893 0.645184
vt 0.194582 0.640541
vt 0.132792 0.666884
vt 0.702245 0.307873
vt 0.0692285 0.641965
vt 0.0427489 0.641567
vt 0.106497 0.677464
vt 0.0304879 0.675119
vt 0.01493 0.631436
vt 0.685396 0.439783
vt 0.704401 0.453746
vt 0.00256825 0.612175
vt 0.0142528 0.61048
vt 0.0175052 0.558074
vt 0.00689659 0.553292
vt 0.0261043 0.53705
vt 0.0140998 0.53527
vt 0.860524 0.419202
vt 0.778013 0.490895
vt 0.869686 0.406972
vt 0.149872 0.489845
vt 0.144392 0.501115
vt 0.25135 0.533068
vt 0.240423 0.540062
vt 0.261413 0.556125
vt 0.249689 0.558536
vt 0.251521 0.61142
vt 0.263704 0.615172
vt 0.231424 0.623443
vt 0.215145 0.629554
vt 0.142311 0.600882
vt 0.13272 0.617132
vt 0.0525716 0.627186
vt 0.124826 0.600942
vt 0.0353431 0.622018
vt 0.0347983 0.57216
vt 0.0468339 0.555377
vt 0.12465 0.500156
vt 0.126576 0.535241
vt 0.14446 0.535385
vt 0.223638 0.558047
vt 0.232882 0.574998
vt 0.216458 0.574141
vt 0.143098 0.552923
vt 0.124074 0.551679
vt 0.0508509 0.573678
vt 0.413124 0.887722
vt 0.395866 0.889242
vt 0.400394 0.937552
vt 0.418271 0.936411
vt 0.404083 0.873056
vt 0.483274 0.855931
vt 0.465312 0.842797
vt 0.488336 0.909716
vt 0.320179 0.867658
vt 0.340811 0.85437
vt 0.325849 0.923241
vt 0.399601 0.954072
vt 0.319685 0.940917
vt 0.418029 0.952841
vt 0.494505 0.927667
vt 0.50049 0.86007
vt 0.504598 0.910341
vt 0.490555 0.839778
vt 0.424621 0.811838
vt 0.399176 0.822369
vt 0.314351 0.851076
vt 0.376444 0.815657
vt 0.304619 0.876679
vt 0.309215 0.9249
vt 0.293603 0.943501
vt 0.301836 0.962586
vt 0.402726 0.987516
vt 0.422542 0.987371
vt 0.516598 0.944862
vt 0.523779 0.924583
vt 0.523375 0.874271
vt 0.5215 0.853333
vt 0.677648 0.3215
vt 0.636935 0.30568
vt 0.679802 0.399386
vt 0.647247 0.337339
vt 0.642424 0.362475
vt 0.668876 0.423421
vt 0.401576 0.805569
vt 0.643838 0.48557
vt 0.643404 0.513164
vt 0.679458 0.449722
vt 0.677112 0.525749
vt 0.63342 0.54131
vt 0.285024 0.869433
vt 0.284899 0.893002
vt 0.614154 0.553675
vt 0.610955 0.540941
vt 0.559842 0.53858
vt 0.555257 0.549345
vt 0.539012 0.530134
vt 0.537232 0.54214
vt 0.404541 0.998942
vt 0.298105 0.974343
vt 0.419812 0.999165
vt 0.491795 0.406337
vt 0.503069 0.411819
vt 0.535029 0.304835
vt 0.54232 0.316236
vt 0.558091 0.294771
vt 0.560259 0.306773
vt 0.611924 0.304598
vt 0.617152 0.292478
vt 0.625561 0.324346
vt 0.631831 0.340528
vt 0.602889 0.414104
vt 0.61888 0.423674
vt 0.629066 0.503624
vt 0.602656 0.431987
vt 0.62403 0.520484
vt 0.573461 0.521133
vt 0.556768 0.509701
vt 0.502109 0.431565
vt 0.5376 0.430219
vt 0.53724 0.411657
vt 0.559803 0.334087
vt 0.576714 0.323747
vt 0.576526 0.34037
vt 0.554857 0.413209
vt 0.553614 0.432245
vt 0.574214 0.50514
vt 0.870214 0.175432
vt 0.888329 0.174198
vt 0.88378 0.125745
vt 0.865477 0.126904
vt 0.879853 0.190054
vt 0.801343 0.207665
vt 0.819078 0.220766
vt 0.794974 0.153835
vt 0.963801 0.19535
vt 0.943976 0.209349
vt 0.958474 0.139763
vt 0.884531 0.10908
vt 0.962616 0.121625
vt 0.864503 0.11035
vt 0.789424 0.135066
vt 0.783171 0.202984
vt 0.779011 0.152299
vt 0.793422 0.223371
vt 0.859392 0.251326
vt 0.886406 0.24083
vt 0.96972 0.212067
vt 0.907594 0.247505
vt 0.979397 0.186349
vt 0.974824 0.137746
vt 0.990479 0.119594
vt 0.982242 0.100498
vt 0.881306 0.0755833
vt 0.861472 0.0757
vt 0.767366 0.118232
vt 0.760181 0.138521
vt 0.760585 0.188861
vt 0.762462 0.20981
vt 0.00477344 0.465509
vt 0.0454971 0.481333
vt 0.00261869 0.387603
vt 0.035137 0.44962
vt 0.0398423 0.425256
vt 0.0135483 0.363561
vt 0.882449 0.257599
vt 0.0378243 0.301686
vt 0.0387165 0.273924
vt 0.00296261 0.337253
vt 0.00530851 0.261206
vt 0.0490129 0.24564
vt 0.999063 0.193701
vt 0.999188 0.17012
vt 0.0682838 0.233272
vt 0.0695158 0.245288
vt 0.122667 0.24851
vt 0.127197 0.237604
vt 0.143446 0.25682
vt 0.145227 0.24481
vt 0.879482 0.0641235
vt 0.985975 0.0887345
vt 0.864204 0.0639001
vt 0.190675 0.38065
vt 0.179399 0.375167
vt 0.14743 0.482179
vt 0.140879 0.47272
vt 0.124362 0.492245
vt 0.12181 0.480459
vt 0.0685401 0.482093
vt 0.0652852 0.494539
vt 0.0564013 0.462256
vt 0.0507767 0.446134
vt 0.0795862 0.372992
vt 0.0638181 0.363199
vt 0.0533647 0.283338
vt 0.0804037 0.354863
vt 0.0592334 0.265518
vt 0.108915 0.26583
vt 0.125813 0.277333
vt 0.180359 0.355415
vt 0.144923 0.356988
vt 0.145145 0.375285
vt 0.122848 0.453224
vt 0.105523 0.46326
vt 0.105922 0.446635
vt 0.12743 0.373934
vt 0.128859 0.354699
vt 0.108039 0.282344
usemtl phong1SG
f 291/563 292/564 293/565
f 291/563 293/565 294/566
f 295/567 291/563 296/568
f 295/567 296/568 297/569
f 291/563 294/566 296/568
f 294/566 298/570 296/568
f 291/563 295/567 292/564
f 292/564 295/567 299/571
f 295/567 300/572 299/571
f 292/564 299/571 301/573
f 292/564 301/573 293/565
f 302/574 293/565 303/575
f 293/565 301/573 303/575
f 294/566 293/565 304/576
f 293/565 302/574 304/576
f 294/566 304/576 298/570
f 304/576 305/577 298/570
f 306/578 296/568 298/570
f 306/578 298/570 307/579
f 305/577 307/579 298/570
f 306/578 308/580 296/568
f 308/580 297/569 296/568
f 297/569 308/580 309/581
f 297/569 309/581 310/582
f 295/567 297/569 310/582
f 295/567 310/582 300/572
f 311/583 300/572 312/584
f 300/572 310/582 312/584
f 299/571 300/572 311/583
f 299/571 311/583 313/585
f 299/571 313/585 301/573
f 313/585 314/586 301/573
f 303/575 301/573 314/586
f 315/587 316/588 303/575
f 315/587 303/575 314/586
f 317/589 302/574 303/575
f 317/589 303/575 316/588
f 304/576 302/574 317/589
f 304/576 317/589 318/590
f 318/590 319/591 305/577
f 318/590 305/577 304/576
f 319/591 320/592 307/579
f 319/591 307/579 305/577
f 321/593 306/578 307/579
f 321/593 307/579 320/592
f 321/593 322/594 306/578
f 322/594 308/580 306/578
f 308/595 322/596 309/597
f 322/596 323/598 309/597
f 323/598 324/599 309/597
f 324/599 325/600 309/597
f 312/584 310/582 325/601
f 310/582 309/581 325/601
f 326/602 327/603 312/604
f 326/602 312/604 325/600
f 311/605 312/604 328/606
f 312/604 327/603 328/606
f 313/585 311/583 328/607
f 313/585 328/607 329/608
f 329/608 315/587 314/586
f 329/608 314/586 313/585
f 329/609 330/610 331/611
f 329/609 331/611 315/612
f 332/613 316/614 331/611
f 316/614 315/612 331/611
f 333/615 317/589 332/616
f 317/589 316/588 332/616
f 318/590 317/589 333/615
f 318/590 333/615 334/617
f 318/618 334/619 319/620
f 334/619 335/621 319/620
f 319/620 335/621 320/622
f 335/621 336/623 320/622
f 337/624 321/625 320/622
f 337/624 320/622 336/623
f 337/624 322/596 321/625
f 338/626 323/598 322/596
f 338/626 322/596 337/624
f 339/627 324/599 323/598
f 339/627 323/598 338/626
f 340/628 341/629 339/627
f 341/629 324/599 339/627
f 325/600 324/599 341/629
f 325/600 341/629 326/602
f 342/630 326/602 341/629
f 342/630 341/629 343/631
f 344/632 327/603 342/630
f 327/603 326/602 342/630
f 330/610 328/606 344/632
f 328/606 327/603 344/632
f 329/609 328/606 330/610
f 330/610 344/632 345/633
f 330/610 345/633 331/611
f 332/613 331/611 345/633
f 332/613 345/633 346/634
f 333/635 332/613 346/634
f 333/635 346/634 347/636
f 334/619 333/635 347/636
f 334/619 347/636 348/637
f 334/619 348/637 349/638
f 334/619 349/638 335/621
f 336/623 335/621 349/638
f 336/623 349/638 350/639
f 337/624 336/623 350/639
f 337/624 350/639 338/626
f 339/627 338/626 351/640
f 338/626 350/639 351/640
f 340/628 339/627 352/641
f 339/627 351/640 352/641
f 343/631 340/628 352/641
f 343/631 352/641 353/642
f 343/631 341/629 340/628
f 343/631 353/642 342/630
f 353/642 354/643 342/630
f 344/632 342/630 354/643
f 344/632 354/643 345/633
f 346/634 345/633 354/643
f 353/642 347/636 346/634
f 353/642 346/634 354/643
f 348/637 347/636 352/641
f 347/636 353/642 352/641
f 348/637 352/641 349/638
f 352/641 351/640 349/638
f 349/638 351/640 350/639
f 355/644 356/645 357/646
f 355/644 357/646 358/647
f 359/648 355/644 360/649
f 359/648 360/649 361/650
f 355/644 358/647 360/649
f 358/647 362/651 360/649
f 355/644 359/648 356/645
f 356/645 359/648 363/652
f 359/648 364/653 363/652
f 356/645 363/652 365/654
f 356/645 365/654 357/646
f 366/655 357/646 367/656
f 357/646 365/654 367/656
f 358/647 357/646 368/657
f 357/646 366/655 368/657
f 358/647 368/657 362/651
f 368/657 369/658 362/651
f 370/659 360/649 362/651
f 370/659 362/651 371/660
f 369/658 371/660 362/651
f 370/659 372/661 360/649
f 372/661 361/650 360/649
f 361/650 372/661 373/662
f 361/650 373/662 374/663
f 359/648 361/650 374/663
f 359/648 374/663 364/653
f 375/664 364/653 376/665
f 364/653 374/663 376/665
f 363/652 364/653 375/664
f 363/652 375/664 377/666
f 363/652 377/666 365/654
f 377/666 378/667 365/654
f 367/656 365/654 378/667
f 379/668 380/669 367/656
f 379/668 367/656 378/667
f 381/670 366/655 367/656
f 381/670 367/656 380/669
f 368/657 366/655 381/670
f 368/657 381/670 382/671
f 382/671 383/672 369/658
f 382/671 369/658 368/657
f 383/672 384/673 371/660
f 383/672 371/660 369/658
f 385/674 370/659 371/660
f 385/674 371/660 384/673
f 385/674 386/675 370/659
f 386/675 372/661 370/659
f 372/676 386/677 373/678
f 386/677 387/679 373/678
f 387/679 388/680 373/678
f 388/680 389/681 373/678
f 376/665 374/663 389/682
f 374/663 373/662 389/682
f 390/683 391/684 376/685
f 390/683 376/685 389/681
f 375/686 376/685 392/687
f 376/685 391/684 392/687
f 377/666 375/664 392/688
f 377/666 392/688 393/689
f 393/689 379/668 378/667
f 393/689 378/667 377/666
f 393/690 394/691 395/692
f 393/690 395/692 379/693
f 396/694 380/695 395/692
f 380/695 379/693 395/692
f 397/696 381/670 396/697
f 381/670 380/669 396/697
f 382/671 381/670 397/696
f 382/671 397/696 398/698
f 382/699 398/700 383/701
f 398/700 399/702 383/701
f 383/701 399/702 384/703
f 399/702 400/704 384/703
f 401/705 385/706 384/703
f 401/705 384/703 400/704
f 401/705 386/677 385/706
f 402/707 387/679 386/677
f 402/707 386/677 401/705
f 403/708 388/680 387/679
f 403/708 387/679 402/707
f 404/709 405/710 403/708
f 405/710 388/680 403/708
f 389/681 388/680 405/710
f 389/681 405/710 390/683
f 406/711 390/683 405/710
f 406/711 405/710 407/712
f 408/713 391/684 406/711
f 391/684 390/683 406/711
f 394/691 392/687 408/713
f 392/687 391/684 408/713
f 393/690 392/687 394/691
f 394/691 408/713 409/714
f 394/691 409/714 395/692
f 396/694 395/692 409/714
f 396/694 409/714 410/715
f 397/716 396/694 410/715
f 397/716 410/715 411/717
f 398/700 397/716 411/717
f 398/700 411/717 412/718
f 398/700 412/718 413/719
f 398/700 413/719 399/702
f 400/704 399/702 413/719
f 400/704 413/719 414/720
f 401/705 400/704 414/720
f 401/705 414/720 402/707
f 403/708 402/707 415/721
f 402/707 414/720 415/721
f 404/709 403/708 416/722
f 403/708 415/721 416/722
f 407/712 404/709 416/722
f 407/712 416/722 417/723
f 407/712 405/710 404/709
f 407/712 417/723 406/711
f 417/723 418/724 406/711
f 408/713 406/711 418/724
f 408/713 418/724 409/714
f 410/715 409/714 418/724
f 417/723 411/717 410/715
f 417/723 410/715 418/724
f 412/718 411/717 416/722
f 411/717 417/723 416/722
f 412/718 416/722 413/719
f 416/722 415/721 413/719
f 413/719 415/721 414/720
f 419/725 420/726 421/727
f 419/725 421/727 422/728
f 423/729 419/725 424/730
f 423/729 424/730 425/731
f 419/725 422/728 424/730
f 422/728 426/732 424/730
f 419/725 423/729 420/726
f 420/726 423/729 427/733
f 423/729 428/734 427/733
f 420/726 427/733 429/735
f 420/726 429/735 421/727
f 430/736 421/727 431/737
f 421/727 429/735 431/737
f 422/728 421/727 432/738
f 421/727 430/736 432/738
f 422/728 432/738 426/732
f 432/738 433/739 426/732
f 434/740 424/730 426/732
f 434/740 426/732 435/741
f 433/739 435/741 426/732
f 434/740 436/742 424/730
f 436/742 425/731 424/730
f 425/731 436/742 437/743
f 425/731 437/743 438/744
f 423/729 425/731 438/744
f 423/729 438/744 428/734
f 439/745 428/734 440/746
f 428/734 438/744 440/746
f 427/733 428/734 439/745
f 427/733 439/745 441/747
f 427/733 441/747 429/735
f 441/747 442/748 429/735
f 431/737 429/735 442/748
f 443/749 444/750 431/737
f 443/749 431/737 442/748
f 445/751 430/736 431/737
f 445/751 431/737 444/750
f 432/738 430/736 445/751
f 432/738 445/751 446/752
f 446/752 447/753 433/739
f 446/752 433/739 432/738
f 447/753 448/754 435/741
f 447/753 435/741 433/739
f 449/755 434/740 435/741
f 449/755 435/741 448/754
f 449/755 450/756 434/740
f 450/756 436/742 434/740
f 436/757 450/758 437/759
f 450/758 451/760 437/759
f 451/760 452/761 437/759
f 452/761 453/762 437/759
f 440/746 438/744 453/763
f 438/744 437/743 453/763
f 454/764 455/765 440/766
f 454/764 440/766 453/762
f 439/767 440/766 456/768
f 440/766 455/765 456/768
f 441/747 439/745 456/769
f 441/747 456/769 457/770
f 457/770 443/749 442/748
f 457/770 442/748 441/747
f 457/771 458/772 459/773
f 457/771 459/773 443/774
f 460/775 444/776 459/773
f 444/776 443/774 459/773
f 461/777 445/751 460/778
f 445/751 444/750 460/778
f 446/752 445/751 461/777
f 446/752 461/777 462/779
f 446/780 462/781 447/782
f 462/781 463/783 447/782
f 447/782 463/783 448/784
f 463/783 464/785 448/784
f 465/786 449/787 448/784
f 465/786 448/784 464/785
f 465/786 450/758 449/787
f 466/788 451/760 450/758
f 466/788 450/758 465/786
f 467/789 452/761 451/760
f 467/789 451/760 466/788
f 468/790 469/791 467/789
f 469/791 452/761 467/789
f 453/762 452/761 469/791
f 453/762 469/791 454/764
f 470/792 454/764 469/791
f 470/792 469/791 471/793
f 472/794 455/765 470/792
f 455/765 454/764 470/792
f 458/772 456/768 472/794
f 456/768 455/765 472/794
f 457/771 456/768 458/772
f 458/772 472/794 473/795
f 458/772 473/795 459/773
f 460/775 459/773 473/795
f 460/775 473/795 474/796
f 461/797 460/775 474/796
f 461/797 474/796 475/798
f 462/781 461/797 475/798
f 462/781 475/798 476/799
f 462/781 476/799 477/800
f 462/781 477/800 463/783
f 464/785 463/783 477/800
f 464/785 477/800 478/801
f 465/786 464/785 478/801
f 465/786 478/801 466/788
f 467/789 466/788 479/802
f 466/788 478/801 479/802
f 468/790 467/789 480/803
f 467/789 479/802 480/803
f 471/793 468/790 480/803
f 471/793 480/803 481/804
f 471/793 469/791 468/790
f 471/793 481/804 470/792
f 481/804 482/805 470/792
f 472/794 470/792 482/805
f 472/794 482/805 473/795
f 474/796 473/795 482/805
f 481/804 475/798 474/796
f 481/804 474/796 482/805
f 476/799 475/798 480/803
f 475/798 481/804 480/803
f 476/799 480/803 477/800
f 480/803 479/802 477/800
f 477/800 479/802 478/801
f 483/806 484/807 485/808
f 483/806 485/808 486/809
f 487/810 483/806 488/811
f 487/810 488/811 489/812
f 483/806 486/809 488/811
f 486/809 490/813 488/811
f 483/806 487/810 484/807
f 484/807 487/810 491/814
f 487/810 492/815 491/814
f 484/807 491/814 493/816
f 484/807 493/816 485/808
f 494/817 485/808 495/818
f 485/808 493/816 495/818
f 486/809 485/808 496/819
f 485/808 494/817 496/819
f 486/809 496/819 490/813
f 496/819 497/820 490/813
f 498/821 488/811 490/813
f 498/821 490/813 499/822
f 497/820 499/822 490/813
f 498/821 500/823 488/811
f 500/823 489/812 488/811
f 489/812 500/823 501/824
f 489/812 501/824 502/825
f 487/810 489/812 502/825
f 487/810 502/825 492/815
f 503/826 492/815 504/827
f 492/815 502/825 504/827
f 491/814 492/815 503/826
f 491/814 503/826 505/828
f 491/814 505/828 493/816
f 505/828 506/829 493/816
f 495/818 493/816 506/829
f 507/830 508/831 495/818
f 507/830 495/818 506/829
f 509/832 494/817 495/818
f 509/832 495/818 508/831
f 496/819 494/817 509/832
f 496/819 509/832 510/833
f 510/833 511/834 497/820
f 510/833 497/820 496/819
f 511/834 512/835 499/822
f 511/834 499/822 497/820
f 513/836 498/821 499/822
f 513/836 499/822 512/835
f 513/836 514/837 498/821
f 514/837 500/823 498/821
f 500/838 514/839 501/840
f 514/839 515/841 501/840
f 515/841 516/842 501/840
f 516/842 517/843 501/840
f 504/827 502/825 517/844
f 502/825 501/824 517/844
f 518/845 519/846 504/847
f 518/845 504/847 517/843
f 503/848 504/847 520/849
f 504/847 519/846 520/849
f 505/828 503/826 520/850
f 505/828 520/850 521/851
f 521/851 507/830 506/829
f 521/851 506/829 505/828
f 521/852 522/853 523/854
f 521/852 523/854 507/855
f 524/856 508/857 523/854
f 508/857 507/855 523/854
f 525/858 509/832 524/859
f 509/832 508/831 524/859
f 510/833 509/832 525/858
f 510/833 525/858 526/860
f 510/861 526/862 511/863
f 526/862 527/864 511/863
f 511/863 527/864 512/865
f 527/864 528/866 512/865
f 529/867 513/868 512/865
f 529/867 512/865 528/866
f 529/867 514/839 513/868
f 530/869 515/841 514/839
f 530/869 514/839 529/867
f 531/870 516/842 515/841
f 531/870 515/841 530/869
f 532/871 533/872 531/870
f 533/872 516/842 531/870
f 517/843 516/842 533/872
f 517/843 533/872 518/845
f 534/873 518/845 533/872
f 534/873 533/872 535/874
f 536/875 519/846 534/873
f 519/846 518/845 534/873
f 522/853 520/849 536/875
f 520/849 519/846 536/875
f 521/852 520/849 522/853
f 522/853 536/875 537/876
f 522/853 537/876 523/854
f 524/856 523/854 537/876
f 524/856 537/876 538/877
f 525/878 524/856 538/877
f 525/878 538/877 539/879
f 526/862 525/878 539/879
f 526/862 539/879 540/880
f 526/862 540/880 541/881
f 526/862 541/881 527/864
f 528/866 527/864 541/881
f 528/866 541/881 542/882
f 529/867 528/866 542/882
f 529/867 542/882 530/869
f 531/870 530/869 543/883
f 530/869 542/882 543/883
f 532/871 531/870 544/884
f 531/870 543/883 544/884
f 535/874 532/871 544/884
f 535/874 544/884 545/885
f 535/874 533/872 532/871
f 535/874 545/885 534/873
f 545/885 546/886 534/873
f 536/875 534/873 546/886
f 536/875 546/886 537/876
f 538/877 537/876 546/886
f 545/885 539/879 538/877
f 545/885 538/877 546/886
f 540/880 539/879 544/884
f 539/879 545/885 544/884
f 540/880 544/884 541/881
f 544/884 543/883 541/881
f 541/881 543/883 542/882
f 547/887 548/888 549/889
f 547/887 549/889 550/890
f 551/891 547/887 552/892
f 551/891 552/892 553/893
f 547/887 550/890 552/892
f 550/890 554/894 552/892
f 547/887 551/891 548/888
f 548/888 551/891 555/895
f 551/891 556/896 555/895
f 548/888 555/895 557/897
f 548/888 557/897 549/889
f 558/898 549/889 559/899
f 549/889 557/897 559/899
f 550/890 549/889 560/900
f 549/889 558/898 560/900
f 550/890 560/900 554/894
f 560/900 561/901 554/894
f 562/902 552/892 554/894
f 562/902 554/894 563/903
f 561/901 563/903 554/894
f 562/902 564/904 552/892
f 564/904 553/893 552/892
f 553/893 564/904 565/905
f 553/893 565/905 566/906
f 551/891 553/893 566/906
f 551/891 566/906 556/896
f 567/907 556/896 568/908
f 556/896 566/906 568/908
f 555/895 556/896 567/907
f 555/895 567/907 569/909
f 555/895 569/909 557/897
f 569/909 570/910 557/897
f 559/899 557/897 570/910
f 571/911 572/912 559/899
f 571/911 559/899 570/910
f 573/913 558/898 559/899
f 573/913 559/899 572/912
f 560/900 558/898 573/913
f 560/900 573/913 574/914
f 574/914 575/915 561/901
f 574/914 561/901 560/900
f 575/915 576/916 563/903
f 575/915 563/903 561/901
f 577/917 562/902 563/903
f 577/917 563/903 576/916
f 577/917 578/918 562/902
f 578/918 564/904 562/902
f 564/919 578/920 565/921
f 578/920 579/922 565/921
f 579/922 580/923 565/921
f 580/923 581/924 565/921
f 568/908 566/906 581/925
f 566/906 565/905 581/925
f 582/926 583/927 568/928
f 582/926 568/928 581/924
f 567/929 568/928 584/930
f 568/928 583/927 584/930
f 569/909 567/907 584/931
f 569/909 584/931 585/932
f 585/932 571/911 570/910
f 585/932 570/910 569/909
f 585/933 586/934 587/935
f 585/933 587/935 571/936
f 588/937 572/938 587/935
f 572/938 571/936 587/935
f 589/939 573/913 588/940
f 573/913 572/912 588/940
f 574/914 573/913 589/939
f 574/914 589/939 590/941
f 574/942 590/943 575/944
f 590/943 591/945 575/944
f 575/944 591/945 576/946
f 591/945 592/947 576/946
f 593/948 577/949 576/946
f 593/948 576/946 592/947
f 593/948 578/920 577/949
f 594/950 579/922 578/920
f 594/950 578/920 593/948
f 595/951 580/923 579/922
f 595/951 579/922 594/950
f 596/952 597/953 595/951
f 597/953 580/923 595/951
f 581/924 580/923 597/953
f 581/924 597/953 582/926
f 598/954 582/926 597/953
f 598/954 597/953 599/955
f 600/956 583/927 598/954
f 583/927 582/926 598/954
f 586/934 584/930 600/956
f 584/930 583/927 600/956
f 585/933 584/930 586/934
f 586/934 600/956 601/957
f 586/934 601/957 587/935
f 588/937 587/935 601/957
f 588/937 601/957 602/958
f 589/959 588/937 602/958
f 589/959 602/958 603/960
f 590/943 589/959 603/960
f 590/943 603/960 604/961
f 590/943 604/961 605/962
f 590/943 605/962 591/945
f 592/947 591/945 605/962
f 592/947 605/962 606/963
f 593/948 592/947 606/963
f 593/948 606/963 594/950
f 595/951 594/950 607/964
f 594/950 606/963 607/964
f 596/952 595/951 608/965
f 595/951 607/964 608/965
f 599/955 596/952 608/965
f 599/955 608/965 609/966
f 599/955 597/953 596/952
f 599/955 609/966 598/954
f 609/966 610/967 598/954
f 600/956 598/954 610/967
f 600/956 610/967 601/957
f 602/958 601/957 610/967
f 609/966 603/960 602/958
f 609/966 602/958 610/967
f 604/961 603/960 608/965
f 603/960 609/966 608/965
f 604/961 608/965 605/962
f 608/965 607/964 605/962
f 605/962 607/964 606/963
f 611/968 612/969 613/970
f 611/968 613/970 614/971
f 615/972 611/968 616/973
f 615/972 616/973 617/974
f 611/968 614/971 616/973
f 614/971 618/975 616/973
f 611/968 615/972 612/969
f 612/969 615/972 619/976
f 615/972 620/977 619/976
f 612/969 619/976 621/978
f 612/969 621/978 613/970
f 622/979 613/970 623/980
f 613/970 621/978 623/980
f 614/971 613/970 624/981
f 613/970 622/979 624/981
f 614/971 624/981 618/975
f 624/981 625/982 618/975
f 626/983 616/973 618/975
f 626/983 618/975 627/984
f 625/982 627/984 618/975
f 626/983 628/985 616/973
f 628/985 617/974 616/973
f 617/974 628/985 629/986
f 617/974 629/986 630/987
f 615/972 617/974 630/987
f 615/972 630/987 620/977
f 631/988 620/977 632/989
f 620/977 630/987 632/989
f 619/976 620/977 631/988
f 619/976 631/988 633/990
f 619/976 633/990 621/978
f 633/990 634/991 621/978
f 623/980 621/978 634/991
f 635/992 636/993 623/980
f 635/992 623/980 634/991
f 637/994 622/979 623/980
f 637/994 623/980 636/993
f 624/981 622/979 637/994
f 624/981 637/994 638/995
f 638/995 639/996 625/982
f 638/995 625/982 624/981
f 639/996 640/997 627/984
f 639/996 627/984 625/982
f 641/998 626/983 627/984
f 641/998 627/984 640/997
f 641/998 642/999 626/983
f 642/999 628/985 626/983
f 628/1000 642/1001 629/1002
f 642/1001 643/1003 629/1002
f 643/1003 644/1004 629/1002
f 644/1004 645/1005 629/1002
f 632/989 630/987 629/986
f 632/989 629/986 645/1006
f 646/1007 647/1008 632/1009
f 646/1007 632/1009 645/1005
f 631/1010 632/1009 648/1011
f 632/1009 647/1008 648/1011
f 633/990 631/988 648/1012
f 633/990 648/1012 649/1013
f 649/1013 635/992 634/991
f 649/1013 634/991 633/990
f 649/1014 650/1015 651/1016
f 649/1014 651/1016 635/1017
f 652/1018 636/1019 651/1016
f 636/1019 635/1017 651/1016
f 653/1020 637/994 652/1021
f 637/994 636/993 652/1021
f 638/995 637/994 653/1020
f 638/995 653/1020 654/1022
f 638/1023 654/1024 639/1025
f 654/1024 655/1026 639/1025
f 639/1025 655/1026 640/1027
f 655/1026 656/1028 640/1027
f 657/1029 641/1030 640/1027
f 657/1029 640/1027 656/1028
f 657/1029 642/1001 641/1030
f 658/1031 643/1003 642/1001
f 658/1031 642/1001 657/1029
f 659/1032 644/1004 643/1003
f 659/1032 643/1003 658/1031
f 660/1033 661/1034 659/1032
f 661/1034 644/1004 659/1032
f 645/1005 644/1004 661/1034
f 645/1005 661/1034 646/1007
f 662/1035 646/1007 661/1034
f 662/1035 661/1034 663/1036
f 664/1037 647/1008 662/1035
f 647/1008 646/1007 662/1035
f 650/1015 648/1011 664/1037
f 648/1011 647/1008 664/1037
f 649/1014 648/1011 650/1015
f 650/1015 664/1037 665/1038
f 650/1015 665/1038 651/1016
f 652/1018 651/1016 665/1038
f 652/1018 665/1038 666/1039
f 653/1040 652/1018 666/1039
f 653/1040 666/1039 667/1041
f 654/1024 653/1040 667/1041
f 654/1024 667/1041 668/1042
f 654/1024 668/1042 669/1043
f 654/1024 669/1043 655/1026
f 656/1028 655/1026 669/1043
f 656/1028 669/1043 670/1044
f 657/1029 656/1028 670/1044
f 657/1029 670/1044 658/1031
f 659/1032 658/1031 671/1045
f 658/1031 670/1044 671/1045
f 660/1033 659/1032 672/1046
f 659/1032 671/1045 672/1046
f 663/1036 660/1033 672/1046
f 663/1036 672/1046 673/1047
f 663/1036 661/1034 660/1033
f 663/1036 673/1047 662/1035
f 673/1047 674/1048 662/1035
f 664/1037 662/1035 674/1048
f 664/1037 674/1048 665/1038
f 666/1039 665/1038 674/1048
f 673/1047 667/1041 666/1039
f 673/1047 666/1039 674/1048
f 668/1042 667/1041 672/1046
f 667/1041 673/1047 672/1046
f 668/1042 672/1046 669/1043
f 672/1046 671/1045 669/1043
f 669/1043 671/1045 670/1044
f 675/1049 676/1050 677/1051
f 675/1049 677/1051 678/1052
f 679/1053 675/1049 680/1054
f 679/1053 680/1054 681/1055
f 675/1049 678/1052 680/1054
f 678/1052 682/1056 680/1054
f 675/1049 679/1053 676/1050
f 676/1050 679/1053 683/1057
f 679/1053 684/1058 683/1057
f 676/1050 683/1057 685/1059
f 676/1050 685/1059 677/1051
f 686/1060 677/1051 687/1061
f 677/1051 685/1059 687/1061
f 678/1052 677/1051 688/1062
f 677/1051 686/1060 688/1062
f 678/1052 688/1062 682/1056
f 688/1062 689/1063 682/1056
f 690/1064 680/1054 682/1056
f 690/1064 682/1056 691/1065
f 689/1063 691/1065 682/1056
f 690/1064 692/1066 680/1054
f 692/1066 681/1055 680/1054
f 681/1055 692/1066 693/1067
f 681/1055 693/1067 694/1068
f 679/1053 681/1055 694/1068
f 679/1053 694/1068 684/1058
f 695/1069 684/1058 696/1070
f 684/1058 694/1068 696/1070
f 683/1057 684/1058 695/1069
f 683/1057 695/1069 697/1071
f 683/1057 697/1071 685/1059
f 697/1071 698/1072 685/1059
f 687/1061 685/1059 698/1072
f 699/1073 700/1074 687/1061
f 699/1073 687/1061 698/1072
f 701/1075 686/1060 687/1061
f 701/1075 687/1061 700/1074
f 688/1062 686/1060 701/1075
f 688/1062 701/1075 702/1076
f 702/1076 703/1077 689/1063
f 702/1076 689/1063 688/1062
f 703/1077 704/1078 691/1065
f 703/1077 691/1065 689/1063
f 705/1079 690/1064 691/1065
f 705/1079 691/1065 704/1078
f 705/1079 706/1080 690/1064
f 706/1080 692/1066 690/1064
f 692/1081 706/1082 693/1083
f 706/1082 707/1084 693/1083
f 707/1084 708/1085 693/1083
f 708/1085 709/1086 693/1083
f 696/1070 694/1068 709/1087
f 694/1068 693/1067 709/1087
f 710/1088 711/1089 696/1090
f 710/1088 696/1090 709/1086
f 695/1091 696/1090 712/1092
f 696/1090 711/1089 712/1092
f 697/1071 695/1069 712/1093
f 697/1071 712/1093 713/1094
f 713/1094 699/1073 698/1072
f 713/1094 698/1072 697/1071
f 713/1095 714/1096 715/1097
f 713/1095 715/1097 699/1098
f 716/1099 700/1100 715/1097
f 700/1100 699/1098 715/1097
f 717/1101 701/1075 716/1102
f 701/1075 700/1074 716/1102
f 702/1076 701/1075 717/1101
f 702/1076 717/1101 718/1103
f 702/1104 718/1105 703/1106
f 718/1105 719/1107 703/1106
f 703/1106 719/1107 704/1108
f 719/1107 720/1109 704/1108
f 721/1110 705/1111 704/1108
f 721/1110 704/1108 720/1109
f 721/1110 706/1082 705/1111
f 722/1112 707/1084 706/1082
f 722/1112 706/1082 721/1110
f 723/1113 708/1085 707/1084
f 723/1113 707/1084 722/1112
f 724/1114 725/1115 723/1113
f 725/1115 708/1085 723/1113
f 709/1086 708/1085 725/1115
f 709/1086 725/1115 710/1088
f 726/1116 710/1088 725/1115
f 726/1116 725/1115 727/1117
f 728/1118 711/1089 726/1116
f 711/1089 710/1088 726/1116
f 714/1096 712/1092 728/1118
f 712/1092 711/1089 728/1118
f 713/1095 712/1092 714/1096
f 714/1096 728/1118 729/1119
f 714/1096 729/1119 715/1097
f 716/1099 715/1097 729/1119
f 716/1099 729/1119 730/1120
f 717/1121 716/1099 730/1120
f 717/1121 730/1120 731/1122
f 718/1105 717/1121 731/1122
f 718/1105 731/1122 732/1123
f 718/1105 732/1123 733/1124
f 718/1105 733/1124 719/1107
f 720/1109 719/1107 733/1124
f 720/1109 733/1124 734/1125
f 721/1110 720/1109 734/1125
f 721/1110 734/1125 722/1112
f 723/1113 722/1112 735/1126
f 722/1112 734/1125 735/1126
f 724/1114 723/1113 736/1127
f 723/1113 735/1126 736/1127
f 727/1117 724/1114 736/1127
f 727/1117 736/1127 737/1128
f 727/1117 725/1115 724/1114
f 727/1117 737/1128 726/1116
f 737/1128 738/1129 726/1116
f 728/1118 726/1116 738/1129
f 728/1118 738/1129 729/1119
f 730/1120 729/1119 738/1129
f 737/1128 731/1122 730/1120
f 737/1128 730/1120 738/1129
f 732/1123 731/1122 736/1127
f 731/1122 737/1128 736/1127
f 732/1123 736/1127 733/1124
f 736/1127 735/1126 733/1124
f 733/1124 735/1126 734/1125
f 739/1130 740/1131 741/1132
f 739/1130 741/1132 742/1133
f 743/1134 739/1130 744/1135
f 743/1134 744/1135 745/1136
f 739/1130 742/1133 744/1135
f 742/1133 746/1137 744/1135
f 739/1130 743/1134 740/1131
f 740/1131 743/1134 747/1138
f 743/1134 748/1139 747/1138
f 740/1131 747/1138 749/1140
f 740/1131 749/1140 741/1132
f 750/1141 741/1132 751/1142
f 741/1132 749/1140 751/1142
f 742/1133 741/1132 752/1143
f 741/1132 750/1141 752/1143
f 742/1133 752/1143 746/1137
f 752/1143 753/1144 746/1137
f 754/1145 744/1135 746/1137
f 754/1145 746/1137 755/1146
f 753/1144 755/1146 746/1137
f 754/1145 756/1147 744/1135
f 756/1147 745/1136 744/1135
f 745/1136 756/1147 757/1148
f 745/1136 757/1148 758/1149
f 743/1134 745/1136 758/1149
f 743/1134 758/1149 748/1139
f 759/1150 748/1139 760/1151
f 748/1139 758/1149 760/1151
f 747/1138 748/1139 759/1150
f 747/1138 759/1150 761/1152
f 747/1138 761/1152 749/1140
f 761/1152 762/1153 749/1140
f 751/1142 749/1140 762/1153
f 763/1154 764/1155 751/1142
f 763/1154 751/1142 762/1153
f 765/1156 750/1141 751/1142
f 765/1156 751/1142 764/1155
f 752/1143 750/1141 765/1156
f 752/1143 765/1156 766/1157
f 766/1157 767/1158 753/1144
f 766/1157 753/1144 752/1143
f 767/1158 768/1159 755/1146
f 767/1158 755/1146 753/1144
f 769/1160 754/1145 755/1146
f 769/1160 755/1146 768/1159
f 769/1160 770/1161 754/1145
f 770/1161 756/1147 754/1145
f 756/1162 770/1163 757/1164
f 770/1163 771/1165 757/1164
f 771/1165 772/1166 757/1164
f 772/1166 773/1167 757/1164
f 760/1151 758/1149 773/1168
f 758/1149 757/1148 773/1168
f 774/1169 775/1170 760/1171
f 774/1169 760/1171 773/1167
f 759/1172 760/1171 776/1173
f 760/1171 775/1170 776/1173
f 761/1152 759/1150 776/1174
f 761/1152 776/1174 777/1175
f 777/1175 763/1154 762/1153
f 777/1175 762/1153 761/1152
f 777/1176 778/1177 779/1178
f 777/1176 779/1178 763/1179
f 780/1180 764/1181 779/1178
f 764/1181 763/1179 779/1178
f 781/1182 765/1156 780/1183
f 765/1156 764/1155 780/1183
f 766/1157 765/1156 781/1182
f 766/1157 781/1182 782/1184
f 766/1185 782/1186 767/1187
f 782/1186 783/1188 767/1187
f 767/1187 783/1188 768/1189
f 783/1188 784/1190 768/1189
f 785/1191 769/1192 768/1189
f 785/1191 768/1189 784/1190
f 785/1191 770/1163 769/1192
f 786/1193 771/1165 770/1163
f 786/1193 770/1163 785/1191
f 787/1194 772/1166 771/1165
f 787/1194 771/1165 786/1193
f 788/1195 789/1196 787/1194
f 789/1196 772/1166 787/1194
f 773/1167 772/1166 789/1196
f 773/1167 789/1196 774/1169
f 790/1197 774/1169 789/1196
f 790/1197 789/1196 791/1198
f 792/1199 775/1170 790/1197
f 775/1170 774/1169 790/1197
f 778/1177 776/1173 792/1199
f 776/1173 775/1170 792/1199
f 777/1176 776/1173 778/1177
f 778/1177 792/1199 793/1200
f 778/1177 793/1200 779/1178
f 780/1180 779/1178 793/1200
f 780/1180 793/1200 794/1201
f 781/1202 780/1180 794/1201
f 781/1202 794/1201 795/1203
f 782/1186 781/1202 795/1203
f 782/1186 795/1203 796/1204
f 782/1186 796/1204 797/1205
f 782/1186 797/1205 783/1188
f 784/1190 783/1188 797/1205
f 784/1190 797/1205 798/1206
f 785/1191 784/1190 798/1206
f 785/1191 798/1206 786/1193
f 787/1194 786/1193 799/1207
f 786/1193 798/1206 799/1207
f 788/1195 787/1194 800/1208
f 787/1194 799/1207 800/1208
f 791/1198 788/1195 800/1208
f 791/1198 800/1208 801/1209
f 791/1198 789/1196 788/1195
f 791/1198 801/1209 790/1197
f 801/1209 802/1210 790/1197
f 792/1199 790/1197 802/1210
f 792/1199 802/1210 793/1200
f 794/1201 793/1200 802/1210
f 801/1209 795/1203 794/1201
f 801/1209 794/1201 802/1210
f 796/1204 795/1203 800/1208
f 795/1203 801/1209 800/1208
f 796/1204 800/1208 797/1205
f 800/1208 799/1207 797/1205
f 797/1205 799/1207 798/1206
s off
g pCube56_blinn1SG
v -0.836101 1.83459 0.480893 1 1 1
v -0.836101 1.64818 0.453294 1 1 1
v -0.627076 1.61773 0.445691 1 1 1
v -0.418051 2.02099 0.509263 1 1 1
v -0.836101 2.02099 0.509263 1 1 1
v -0.418051 1.61773 0.445691 1 1 1
v -0.836101 1.64818 0.388497 1 1 1
v -0.815034 1.9779 -0.314279 1 1 1
v -0.836101 2.12544 0.390082 1 1 1
v -0.418051 1.67864 0.331304 1 1 1
v -0.627076 1.67864 0.331304 1 1 1
v -0.836101 1.64818 0.323701 1 1 1
v -0.209025 1.61773 0.445691 1 1 1
v 0 1.61773 0.445691 1 1 1
v 0.418051 1.61773 0.445691 1 1 1
v 0.836101 2.02099 0.509263 1 1 1
v -0.209025 1.67864 0.331304 1 1 1
v 0 2.02099 0.509263 1 1 1
v -0.836101 2.22989 0.271672 1 1 1
v 0 2.22989 0.271672 1 1 1
v -0.836101 2.27917 0.103297 1 1 1
v -0.836101 1.93105 -0.583452 1 1 1
v -0.836101 1.64818 -0.583452 1 1 1
v -0.836101 1.64818 -0.518655 1 1 1
v -0.796928 1.86124 -0.27796 1 1 1
v -0.836101 2.32846 -0.065079 1 1 1
v -0.836101 2.39966 -0.194672 1 1 1
v -0.836101 2.47087 -0.324265 1 1 1
v -0.836101 2.34239 -0.453859 1 1 1
v -0.836101 2.21391 -0.583452 1 1 1
v -0.836101 1.64818 -0.453859 1 1 1
v -0.627076 1.64818 0.194108 1 1 1
v -0.426342 2.06239 0.077432 1 1 1
v -0.217317 2.06239 0.077432 1 1 1
v -0.008291 2.06239 0.077432 1 1 1
v 0 1.67864 0.331304 1 1 1
v 0.209025 1.61773 0.445691 1 1 1
v 0.209025 1.67864 0.331304 1 1 1
v 0.627076 1.61773 0.445691 1 1 1
v 0.836101 1.64818 0.453294 1 1 1
v 0.418051 1.67864 0.331304 1 1 1
v 0.627076 1.67864 0.331304 1 1 1
v 0.200734 2.06239 0.077432 1 1 1
v 0.409759 2.06239 0.077432 1 1 1
v -0.008291 2.06239 -0.052161 1 1 1
v 0.200734 2.06239 -0.052161 1 1 1
v -0.217317 2.06239 -0.052161 1 1 1
v -0.426342 2.06239 -0.052161 1 1 1
v -0.627076 1.64818 0.064514 1 1 1
v -0.627076 1.64818 -0.065079 1 1 1
v -0.627076 1.64818 -0.194672 1 1 1
v -0.627076 1.64818 -0.583452 1 1 1
v -0.627076 1.64818 -0.453859 1 1 1
v -0.627076 1.64818 -0.324265 1 1 1
v -0.426342 2.06239 -0.311348 1 1 1
v -0.426342 2.06239 -0.181755 1 1 1
v -0.426342 2.06239 -0.440941 1 1 1
v -0.217317 2.06239 -0.181755 1 1 1
v -0.008291 2.06239 -0.181755 1 1 1
v 0.200734 2.06239 -0.181755 1 1 1
v 0.409759 2.06239 -0.181755 1 1 1
v 0.409759 2.06239 -0.052161 1 1 1
v 0.627076 1.64818 0.194108 1 1 1
v 0.627076 1.64818 0.064514 1 1 1
v 0.836101 1.64818 0.323701 1 1 1
v 0.836101 1.64818 0.388497 1 1 1
v 0.836101 1.83459 0.480893 1 1 1
v 0.801828 2.02094 -0.313369 1 1 1
v 0.720931 1.7961 -0.293853 1 1 1
v 0.627076 1.64818 -0.194672 1 1 1
v 0.627076 1.64818 -0.065079 1 1 1
v 0.409759 2.06239 -0.311348 1 1 1
v 0.200734 2.06239 -0.311348 1 1 1
v -0.008291 2.06239 -0.311348 1 1 1
v -0.217317 2.06239 -0.311348 1 1 1
v -0.217317 2.06239 -0.440941 1 1 1
v -0.418051 1.64818 -0.453859 1 1 1
v -0.209025 1.64818 -0.453859 1 1 1
v -0.418051 1.64818 -0.583452 1 1 1
v -0.209025 1.64818 -0.583452 1 1 1
v 0 1.64818 -0.583452 1 1 1
v 0 1.64818 -0.453859 1 1 1
v -0.008291 2.06239 -0.440941 1 1 1
v 0.200734 2.06239 -0.440941 1 1 1
v 0.409759 2.06239 -0.440941 1 1 1
v 0.627076 1.64818 -0.324265 1 1 1
v 0.627076 1.64818 -0.453859 1 1 1
v 0.836101 1.64818 -0.453859 1 1 1
v 0.836101 1.64818 -0.518655 1 1 1
v 0.418051 1.64818 -0.453859 1 1 1
v 0.418051 1.64818 -0.583452 1 1 1
v 0.627076 1.64818 -0.583452 1 1 1
v 0.209025 1.64818 -0.453859 1 1 1
v 0.209025 1.64818 -0.583452 1 1 1
v 0.836101 1.93105 -0.583452 1 1 1
v -0.418051 2.21391 -0.583452 1 1 1
v 0.418051 2.21391 -0.583452 1 1 1
v 0.836101 2.21391 -0.583452 1 1 1
v 0.836101 1.64818 -0.583452 1 1 1
v 0.836101 2.34239 -0.453859 1 1 1
v 0.836101 2.47087 -0.324265 1 1 1
v 0.836101 2.39966 -0.194672 1 1 1
v 0.836101 2.32846 -0.065079 1 1 1
v 0.836101 2.27917 0.103297 1 1 1
v 0.836101 2.22989 0.271672 1 1 1
v 0.836101 2.12544 0.390082 1 1 1
v 0.418051 2.47087 -0.324265 1 1 1
v 0 2.47087 -0.324265 1 1 1
v -0.418051 2.47087 -0.324265 1 1 1
v 0 2.21391 -0.583452 1 1 1
v -0.418051 2.22989 0.271672 1 1 1
v 0.418051 2.22989 0.271672 1 1 1
v 0.418051 2.02099 0.509263 1 1 1
v -0.550256 1.55807 0.509129 1 1 1
v -0.550256 1.6474 0.509129 1 1 1
v -0.550256 1.73672 0.509129 1 1 1
v -0.70514 1.37931 0.509129 1 1 1
v -0.550256 1.55605 0.509129 1 1 1
v -0.825385 1.6474 0.509129 1 1 1
v -0.407575 1.43067 0.509129 1 1 1
v -0.275128 1.6474 0.509129 1 1 1
v -0.825385 1.73672 0.509129 1 1 1
v -0.275128 1.73672 0.509129 1 1 1
v -0.550256 1.8372 0.509129 1 1 1
v -0.825385 1.8372 0.509129 1 1 1
v -0.275128 1.8372 0.509129 1 1 1
v -0.825385 1.55807 0.509129 1 1 1
v -0.550256 1.93727 0.509129 1 1 1
v -0.825385 1.93727 0.509129 1 1 1
v -0.275128 1.93727 0.509129 1 1 1
v 0 1.73672 0.509129 1 1 1
v 0 1.8372 0.509129 1 1 1
v 0 1.93727 0.509129 1 1 1
v -0.275128 1.55633 0.509129 1 1 1
v -0.275128 1.55807 0.509129 1 1 1
v 0 1.55807 0.509129 1 1 1
v -0.139708 1.37359 0.509129 1 1 1
v 0 1.6474 0.509129 1 1 1
v 0.275128 1.73672 0.509129 1 1 1
v 0.275128 1.8372 0.509129 1 1 1
v 0.275128 1.93727 0.509129 1 1 1
v 0 2.02056 0.509129 1 1 1
v -0.275128 2.02056 0.509129 1 1 1
v 0.275128 2.02056 0.509129 1 1 1
v -0.550256 2.02056 0.509129 1 1 1
v -0.825385 2.02056 0.509129 1 1 1
v 0.550256 1.93727 0.509129 1 1 1
v 0.550256 2.02056 0.509129 1 1 1
v 0.550256 1.8372 0.509129 1 1 1
v 0.550256 1.73672 0.509129 1 1 1
v 0.275128 1.55807 0.509129 1 1 1
v 0.275128 1.6474 0.509129 1 1 1
v 0.550256 1.6474 0.509129 1 1 1
v 0.143649 1.45856 0.509129 1 1 1
v 0 1.55699 0.509129 1 1 1
v 0.275128 1.55722 0.509129 1 1 1
v 0.409933 1.40712 0.509129 1 1 1
v 0.550256 1.55348 0.509129 1 1 1
v 0.550256 1.55807 0.509129 1 1 1
v 0.825385 1.6474 0.509129 1 1 1
v 0.825385 1.73672 0.509129 1 1 1
v 0.825385 1.8372 0.509129 1 1 1
v 0.825385 1.93727 0.509129 1 1 1
v 0.825385 2.02056 0.509129 1 1 1
v 0.697954 1.43694 0.509129 1 1 1
v 0.825385 1.55807 0.509129 1 1 1
vt 0.625593 0.445827
vt 0.587997 0.423649
vt 0.549318 0.445635
vt 0.587297 0.528019
vt 0.664175 0.457233
vt 0.508525 0.471433
vt 0.586843 0.410066
vt 0.675687 0.250575
vt 0.705967 0.430167
vt 0.493097 0.431755
vt 0.535148 0.412023
vt 0.582913 0.39557
vt 0.467132 0.47298
vt 0.436296 0.48904
vt 0.893313 0.999179
vt 0.845269 0.916316
vt 0.746061 0.886032
vt 0.560198 0.860845
vt 0.4147 0.719573
vt 0.453869 0.4508
vt 0.999823 0.198839
vt 0.999823 0.4
vt 0.999823 0.500581
vt 0.999823 0.601161
vt 0.744676 0.409263
vt 0.880143 0.495672
vt 0.923707 0.4
vt 0.7651 0.376333
vt 0.661273 0.179736
vt 0.592071 0.191461
vt 0.589763 0.205857
vt 0.643694 0.258057
vt 0.778805 0.328224
vt 0.780011 0.285413
vt 0.785273 0.240804
vt 0.753006 0.202869
vt 0.722718 0.16474
vt 0.587515 0.214374
vt 0.515264 0.375131
vt 0.416465 0.351699
vt 0.376201 0.376399
vt 0.982072 0.807751
vt 0.934204 0.794501
vt 0.855529 0.89291
vt 0.912324 0.914382
vt 0.427704 0.472719
vt 0.79318 0.892427
vt 0.812894 0.869067
vt 0.707186 0.858829
vt 0.662641 0.843167
vt 0.769756 0.84606
vt 0.724371 0.821916
vt 0.888622 0.78584
vt 0.842466 0.766471
vt 0.94665 0.753499
vt 0.897876 0.743234
vt 0.992164 0.761228
vt 0.411499 0.320941
vt 0.367051 0.331247
vt 0.502306 0.341416
vt 0.502265 0.305989
vt 0.518866 0.276666
vt 0.0987172 0.510623
vt 0.084581 0.46871
vt 0.0329144 0.48873
vt 0.0451676 0.512274
vt 0.0774162 0.429377
vt 0.525491 0.24282
vt 0.414443 0.23917
vt 0.410455 0.278724
vt 0.417476 0.20578
vt 0.363039 0.283462
vt 0.997566 0.713973
vt 0.950613 0.706971
vt 0.905326 0.699528
vt 0.849688 0.697538
vt 0.849515 0.734462
vt 0.735861 0.779593
vt 0.744375 0.742754
vt 0.674177 0.815159
vt 0.665348 0.829043
vt 0.611531 0.851768
vt 0.623316 0.644108
vt 0.679734 0.666558
vt 0.735993 0.677871
vt 0.742794 0.707566
vt 0.84521 0.661506
vt 0.896327 0.660257
vt 0.94951 0.659995
vt 0.999265 0.666525
vt 0.364782 0.243394
vt 0.368105 0.211121
vt 0.136561 0.474008
vt 0.131657 0.384877
vt 0.179476 0.409509
vt 0.203231 0.469526
vt 0.159044 0.517871
vt 0.20863 0.491728
vt 0.272525 0.505392
vt 0.263354 0.462091
vt 0.842661 0.533102
vt 0.931653 0.616323
vt 0.991873 0.613363
vt 0.89407 0.516941
vt 0.88196 0.6186
vt 0.828778 0.631483
vt 0.732179 0.642243
vt 0.720005 0.605721
vt 0.673445 0.604258
vt 0.664611 0.591554
vt 0.758624 0.573123
vt 0.74388 0.545542
vt 0.704939 0.565358
vt 0.802205 0.553392
vt 0.83766 0.494939
vt 0.786548 0.530548
vt 0.0628537 0.526548
vt 0.606513 0.549105
vt 0.436939 0.600107
vt 0.0438804 0.662944
vt 0.142766 0.687566
vt 0.32536 0.70301
vt 0.40815 0.71729
vt 0.663842 0.5804
vt 0.571224 0.557976
vt 0.561325 0.587603
vt 0.420493 0.778247
vt 0.400664 0.811126
vt 0.464366 0.789528
vt 0.413514 0.831722
vt 0.50883 0.66747
vt 0.501485 0.715696
vt 0.504972 0.773538
vt 0.517915 0.809708
vt 0.539933 0.838424
vt 0.28147 0.833805
vt 0.195288 0.808044
vt 0.106589 0.785995
vt 0.832353 0.409061
vt 0.832353 0.340196
vt 0.832353 0.271332
vt 0.0366883 0.708015
vt 0.0258567 0.749984
vt 0.000340324 0.794763
vt 0.900544 0.405869
vt 0.966123 0.36489
vt 0.942737 0.260798
vt 0.0905561 0.913567
vt 0.330162 0.980451
vt 0.825876 0.328005
vt 0.822197 0.370054
vt 0.826823 0.405328
vt 0.449652 0.837987
vt 0.236645 0.993555
vt 0.500153 0.926205
vt 0.404323 0.982007
vt 0.357598 0.892277
vt 0.837131 0.420004
vt 0.966372 0.531179
vt 0.868598 0.329746
vt 0.83963 0.401444
vt 0.917233 0.478097
vt 0.91865 0.317778
vt 0.904749 0.350526
vt 0.897036 0.392026
vt 0.26852 0.136069
vt 0.281152 0.153455
vt 0.293784 0.170841
vt 0.273387 0.0793702
vt 0.268235 0.135676
vt 0.334705 0.114547
vt 0.222731 0.131448
vt 0.890181 0.372315
vt 0.911687 0.306126
vt 0.868705 0.306116
vt 0.2276 0.192363
vt 0.347337 0.131933
vt 0.240232 0.209749
vt 0.307994 0.1904
vt 0.361547 0.151492
vt 0.254442 0.229308
vt 0.322073 0.0971605
vt 0.322146 0.209878
vt 0.375698 0.17097
vt 0.268594 0.248786
vt 0.18668 0.248657
vt 0.200889 0.268216
vt 0.215041 0.287694
vt 0.214721 0.174637
vt 0.214968 0.174977
vt 0.161416 0.213885
vt 0.16252 0.15822
vt 0.174048 0.231271
vt 0.133127 0.287566
vt 0.147337 0.307124
vt 0.161489 0.326602
vt 0.22682 0.303906
vt 0.280372 0.264998
vt 0.173267 0.342814
vt 0.333924 0.22609
vt 0.387477 0.187181
vt 0.107937 0.36551
vt 0.119715 0.381722
vt 0.093785 0.346032
vt 0.079575 0.326474
vt 0.107863 0.252793
vt 0.120495 0.270179
vt 0.0669431 0.309087
vt 0.88629 0.235528
vt 0.864784 0.301717
vt 0.907765 0.301727
vt 0.119383 0.21483
vt 0.161262 0.213674
vt 0.107742 0.252626
vt 0.0602772 0.242475
vt 0.053662 0.290807
vt 0.0543111 0.291701
vt 0.0133907 0.347995
vt 0.0260226 0.365382
vt 0.0402325 0.38494
vt 0.0543843 0.404418
vt 0.0661628 0.42063
vt 0.00843219 0.28901
vt 0.000758674 0.330609
usemtl blinn1SG
f 803/1211 804/1212 805/1213
f 806/1214 807/1215 803/1211
f 803/1211 805/1213 808/1216
f 806/1214 803/1211 808/1216
f 809/1217 804/1212 810/1218
f 804/1212 803/1211 810/1218
f 803/1211 807/1215 810/1218
f 807/1215 811/1219 810/1218
f 805/1213 804/1212 809/1217
f 812/1220 808/1216 805/1213
f 812/1220 805/1213 813/1221
f 814/1222 813/1221 805/1213
f 809/1217 814/1222 805/1213
f 808/1216 815/1223 816/1224
f 808/1225 816/1226 817/1227
f 808/1225 817/1227 818/1228
f 818/1229 806/1214 808/1216
f 815/1223 808/1216 812/1220
f 815/1223 812/1220 819/1230
f 818/1231 820/1232 806/1233
f 807/1234 806/1233 820/1232
f 821/1235 811/1219 807/1215
f 822/1236 821/1235 807/1215
f 822/1237 807/1234 820/1232
f 811/1219 821/1235 810/1218
f 821/1235 823/1238 810/1218
f 824/1239 825/1240 810/1218
f 825/1240 826/1241 810/1218
f 810/1218 827/1242 814/1222
f 810/1218 814/1222 809/1217
f 823/1238 828/1243 810/1218
f 828/1243 829/1244 810/1218
f 829/1244 830/1245 810/1218
f 830/1245 831/1246 810/1218
f 831/1246 832/1247 810/1218
f 832/1247 824/1239 810/1218
f 810/1218 826/1241 833/1248
f 810/1218 833/1248 827/1242
f 834/1249 813/1221 814/1222
f 814/1222 827/1242 833/1248
f 834/1249 814/1222 833/1248
f 834/1249 835/1250 813/1221
f 835/1250 812/1220 813/1221
f 812/1220 835/1250 819/1230
f 835/1250 836/1251 819/1230
f 836/1252 837/1253 838/1254
f 836/1252 838/1254 819/1255
f 838/1256 816/1224 815/1223
f 838/1256 815/1223 819/1230
f 816/1226 839/1257 817/1227
f 839/1257 816/1226 838/1254
f 839/1257 838/1254 840/1258
f 817/1227 841/1259 842/1260
f 817/1227 842/1260 818/1228
f 843/1261 817/1227 839/1257
f 843/1261 839/1257 840/1258
f 841/1259 817/1227 843/1261
f 841/1259 843/1261 844/1262
f 838/1254 837/1253 845/1263
f 838/1254 845/1263 840/1258
f 845/1263 846/1264 843/1261
f 845/1263 843/1261 840/1258
f 845/1263 837/1253 847/1265
f 845/1263 847/1265 848/1266
f 847/1265 837/1253 836/1252
f 847/1265 836/1252 849/1267
f 836/1251 835/1250 850/1268
f 836/1251 850/1268 849/1269
f 850/1268 835/1250 834/1249
f 850/1268 834/1249 851/1270
f 852/1271 851/1270 834/1249
f 853/1272 852/1271 834/1249
f 853/1272 834/1249 833/1248
f 854/1273 855/1274 833/1275
f 854/1273 833/1275 826/1276
f 833/1275 855/1274 856/1277
f 833/1248 856/1278 853/1272
f 857/1279 858/1280 852/1271
f 857/1279 852/1271 853/1272
f 856/1278 859/1281 857/1279
f 856/1278 857/1279 853/1272
f 852/1271 858/1280 851/1270
f 858/1280 850/1268 851/1270
f 850/1268 858/1280 860/1282
f 850/1268 860/1282 849/1269
f 860/1283 861/1284 847/1265
f 860/1283 847/1265 849/1267
f 847/1265 861/1284 862/1285
f 847/1265 862/1285 848/1266
f 862/1285 863/1286 864/1287
f 862/1285 864/1287 848/1266
f 864/1287 846/1264 845/1263
f 864/1287 845/1263 848/1266
f 865/1288 846/1264 864/1287
f 865/1288 864/1287 866/1289
f 843/1261 846/1264 844/1262
f 846/1264 865/1288 844/1262
f 867/1290 844/1262 865/1288
f 841/1259 844/1262 867/1290
f 868/1291 842/1260 841/1259
f 841/1259 867/1290 868/1291
f 842/1260 869/1292 818/1228
f 869/1292 842/1260 870/1293
f 842/1260 868/1291 870/1293
f 870/1293 868/1291 867/1290
f 870/1293 867/1290 871/1294
f 871/1294 867/1290 865/1288
f 865/1288 866/1289 872/1295
f 871/1294 865/1288 872/1295
f 864/1287 863/1286 873/1296
f 864/1287 873/1296 866/1289
f 866/1289 873/1296 872/1295
f 874/1297 863/1286 862/1285
f 874/1297 862/1285 875/1298
f 873/1296 863/1286 874/1297
f 873/1296 874/1297 872/1295
f 862/1285 861/1284 876/1299
f 862/1285 876/1299 875/1298
f 876/1299 861/1284 860/1283
f 876/1299 860/1283 877/1300
f 860/1282 858/1280 857/1279
f 860/1282 857/1279 877/1301
f 857/1279 859/1281 878/1302
f 857/1279 878/1302 877/1301
f 879/1303 859/1304 855/1274
f 859/1304 856/1277 855/1274
f 878/1305 859/1304 879/1303
f 878/1305 879/1303 880/1306
f 854/1273 881/1307 879/1303
f 854/1273 879/1303 855/1274
f 879/1303 881/1307 882/1308
f 879/1303 882/1308 880/1306
f 882/1308 883/1309 884/1310
f 882/1308 884/1310 880/1306
f 884/1311 885/1312 878/1313
f 884/1311 878/1313 880/1314
f 878/1313 885/1312 876/1299
f 878/1313 876/1299 877/1300
f 876/1299 885/1312 886/1315
f 876/1299 886/1315 875/1298
f 886/1315 887/1316 874/1297
f 886/1315 874/1297 875/1298
f 874/1297 887/1316 888/1317
f 874/1297 888/1317 872/1295
f 872/1295 888/1317 889/1318
f 872/1295 889/1318 871/1294
f 889/1318 890/1319 871/1294
f 870/1293 871/1294 890/1319
f 870/1293 890/1319 891/1320
f 892/1321 893/1322 894/1323
f 892/1321 894/1323 889/1318
f 890/1319 889/1318 894/1323
f 888/1317 887/1316 889/1318
f 887/1316 892/1321 889/1318
f 892/1321 887/1316 886/1315
f 892/1321 886/1315 895/1324
f 886/1315 885/1312 884/1311
f 886/1315 884/1311 895/1324
f 884/1311 883/1325 896/1326
f 884/1311 896/1326 895/1324
f 893/1322 896/1326 883/1325
f 883/1309 882/1308 881/1307
f 883/1309 881/1307 825/1327
f 897/1328 893/1322 883/1325
f 883/1309 825/1327 897/1329
f 881/1307 854/1273 825/1327
f 825/1240 824/1239 832/1247
f 825/1327 832/1330 898/1331
f 825/1327 898/1331 897/1329
f 826/1276 825/1327 854/1273
f 899/1332 900/1333 897/1329
f 897/1328 901/1334 894/1323
f 898/1331 899/1332 897/1329
f 897/1328 894/1323 893/1322
f 891/1320 901/1334 870/1293
f 901/1334 897/1328 870/1293
f 897/1328 900/1335 870/1293
f 900/1335 902/1336 870/1293
f 894/1323 901/1334 891/1320
f 891/1320 890/1319 894/1323
f 902/1337 903/1338 870/1339
f 903/1338 904/1340 870/1339
f 904/1341 905/1342 870/1293
f 905/1342 906/1343 870/1293
f 906/1343 907/1344 870/1293
f 907/1344 908/1345 870/1293
f 908/1345 818/1228 870/1293
f 818/1228 869/1292 870/1293
f 909/1346 903/1338 902/1337
f 902/1337 900/1333 899/1332
f 910/1347 909/1346 902/1337
f 902/1337 899/1332 898/1331
f 911/1348 910/1347 902/1337
f 902/1337 898/1331 911/1348
f 898/1349 912/1350 899/1351
f 898/1331 832/1330 831/1352
f 898/1331 831/1352 911/1348
f 911/1348 830/1353 829/1354
f 910/1347 911/1348 829/1354
f 831/1352 830/1353 911/1348
f 909/1346 910/1347 829/1354
f 904/1340 903/1338 909/1346
f 906/1355 904/1356 909/1357
f 913/1358 906/1359 909/1346
f 829/1354 913/1358 909/1346
f 906/1360 905/1361 904/1362
f 914/1363 907/1344 906/1343
f 913/1358 914/1364 906/1359
f 908/1345 907/1344 914/1363
f 915/1365 818/1228 908/1345
f 820/1366 915/1365 908/1345
f 908/1345 914/1363 822/1367
f 820/1366 908/1345 822/1367
f 818/1228 915/1365 820/1366
f 822/1236 913/1368 821/1235
f 913/1368 822/1236 914/1369
f 823/1238 821/1235 913/1368
f 829/1370 823/1371 913/1372
f 829/1373 828/1374 823/1375
f 896/1326 893/1322 892/1321
f 896/1326 892/1321 895/1324
f 916/1376 917/1377 918/1378
f 919/1379 920/1380 916/1376
f 916/1376 918/1378 921/1381
f 921/1381 919/1379 916/1376
f 916/1376 920/1380 922/1382
f 923/1383 918/1384 916/1385
f 916/1376 922/1382 923/1386
f 918/1378 924/1387 921/1381
f 923/1386 925/1388 918/1378
f 924/1387 918/1378 926/1389
f 924/1387 926/1389 927/1390
f 918/1378 925/1388 928/1391
f 918/1378 928/1391 926/1389
f 921/1381 929/1392 919/1379
f 927/1390 926/1389 930/1393
f 927/1390 930/1393 931/1394
f 926/1389 928/1391 932/1395
f 926/1389 932/1395 930/1393
f 925/1388 933/1396 934/1397
f 925/1388 934/1397 928/1391
f 928/1391 934/1397 935/1398
f 928/1391 935/1398 932/1395
f 933/1396 925/1388 923/1386
f 936/1399 937/1400 923/1386
f 922/1382 936/1399 923/1386
f 938/1401 933/1396 923/1386
f 923/1386 937/1400 939/1402
f 939/1402 938/1401 923/1386
f 938/1401 940/1403 933/1396
f 941/1404 933/1396 940/1403
f 933/1396 941/1404 942/1405
f 933/1396 942/1405 934/1397
f 934/1397 942/1405 943/1406
f 934/1397 943/1406 935/1398
f 932/1395 935/1398 944/1407
f 932/1395 944/1407 945/1408
f 935/1398 943/1406 946/1409
f 935/1398 946/1409 944/1407
f 930/1393 932/1395 945/1408
f 930/1393 945/1408 947/1410
f 931/1394 930/1393 947/1410
f 931/1394 947/1410 948/1411
f 943/1406 949/1412 950/1413
f 943/1406 950/1413 946/1409
f 942/1405 951/1414 949/1412
f 942/1405 949/1412 943/1406
f 941/1404 952/1415 951/1414
f 941/1404 951/1414 942/1405
f 953/1416 954/1417 941/1404
f 953/1416 941/1404 940/1403
f 955/1418 952/1415 941/1404
f 955/1419 941/1420 953/1421
f 940/1403 938/1401 956/1422
f 956/1422 953/1416 940/1403
f 939/1402 957/1423 938/1401
f 938/1401 957/1423 956/1422
f 937/1400 936/1399 939/1402
f 956/1422 958/1424 953/1416
f 953/1416 958/1424 959/1425
f 953/1416 959/1425 955/1418
f 960/1426 961/1427 955/1418
f 959/1425 960/1426 955/1418
f 962/1428 952/1415 955/1418
f 955/1418 960/1426 962/1428
f 962/1428 963/1429 952/1415
f 952/1415 963/1429 964/1430
f 952/1415 964/1430 951/1414
f 951/1414 964/1430 965/1431
f 951/1414 965/1431 949/1412
f 949/1412 965/1431 966/1432
f 949/1412 966/1432 950/1413
f 967/1433 968/1434 962/1428
f 960/1426 967/1433 962/1428
s off
g pCube12_lambert4SG
v 0.138106 1.46004 -0.502748 1 1 1
v 0.780484 1.46004 -0.502748 1 1 1
v 0.780484 1.51755 -0.502748 1 1 1
v 0.138106 1.51755 -0.502748 1 1 1
v 0.138106 1.46004 -0.570503 1 1 1
v 0.780484 1.46004 -0.570503 1 1 1
v 0.138106 1.51755 -0.570503 1 1 1
v 0.780484 1.51755 -0.570503 1 1 1
v 0.183976 1.01687 -0.516498 1 1 1
v 0.620972 1.01687 -0.516498 1 1 1
v 0.620972 1.39016 -0.516498 1 1 1
v 0.183976 1.39016 -0.516498 1 1 1
v 0.183976 1.01687 -0.539371 1 1 1
v 0.620972 1.01687 -0.539371 1 1 1
v 0.183976 1.39016 -0.539371 1 1 1
v 0.620972 1.39016 -0.539371 1 1 1
v 0.226699 1.38491 -0.579961 1 1 1
v 0.226699 1.3737 -0.562927 1 1 1
v 0.2372 1.36956 -0.564668 1 1 1
v 0.2372 1.38174 -0.583177 1 1 1
v 0.226699 1.40169 -0.591342 1 1 1
v 0.2372 1.39998 -0.595545 1 1 1
v 0.218662 1.38341 -0.581487 1 1 1
v 0.218662 1.37173 -0.563753 1 1 1
v 0.218662 1.40088 -0.593336 1 1 1
v 0.226699 1.36976 -0.542834 1 1 1
v 0.2372 1.36528 -0.542834 1 1 1
v 0.218662 1.36763 -0.542834 1 1 1
v 0.231049 1.37503 -0.589986 1 1 1
v 0.231049 1.36079 -0.568352 1 1 1
v 0.231049 1.35579 -0.542834 1 1 1
v 0.231049 1.39635 -0.604441 1 1 1
v 0.226699 1.42149 -0.595339 1 1 1
v 0.2372 1.42149 -0.599888 1 1 1
v 0.231049 1.42149 -0.609517 1 1 1
v 0.218662 1.42149 -0.597497 1 1 1
v 0.216198 1.39785 -0.600756 1 1 1
v 0.216198 1.37781 -0.587166 1 1 1
v 0.216198 1.42149 -0.605528 1 1 1
v 0.216198 1.36442 -0.566826 1 1 1
v 0.216198 1.35972 -0.542834 1 1 1
v 0.216198 1.36442 -0.518842 1 1 1
v 0.218662 1.37173 -0.521915 1 1 1
v 0.226699 1.3737 -0.522741 1 1 1
v 0.2372 1.36956 -0.521 1 1 1
v 0.231049 1.36079 -0.517315 1 1 1
v 0.2372 1.44299 -0.595545 1 1 1
v 0.231049 1.44662 -0.604441 1 1 1
v 0.216198 1.44512 -0.600756 1 1 1
v 0.226699 1.44128 -0.591342 1 1 1
v 0.218662 1.44209 -0.593336 1 1 1
v 0.231049 1.46794 -0.589986 1 1 1
v 0.216198 1.46516 -0.587166 1 1 1
v 0.218662 1.45956 -0.581487 1 1 1
v 0.2372 1.46123 -0.583177 1 1 1
v 0.226699 1.45806 -0.579961 1 1 1
v 0.216198 1.47855 -0.566826 1 1 1
v 0.218662 1.47124 -0.563753 1 1 1
v 0.226699 1.46927 -0.562927 1 1 1
v 0.231049 1.48218 -0.568352 1 1 1
v 0.2372 1.47341 -0.564668 1 1 1
v 0.226699 1.47321 -0.542834 1 1 1
v 0.2372 1.47769 -0.542834 1 1 1
v 0.218662 1.47534 -0.542834 1 1 1
v 0.216198 1.48325 -0.542834 1 1 1
v 0.231049 1.48718 -0.542834 1 1 1
v 0.226699 1.46927 -0.522741 1 1 1
v 0.2372 1.47341 -0.521 1 1 1
v 0.231049 1.48218 -0.517315 1 1 1
v 0.218662 1.47124 -0.521915 1 1 1
v 0.216198 1.47855 -0.518842 1 1 1
v 0.2372 1.46123 -0.50249 1 1 1
v 0.231049 1.46794 -0.495682 1 1 1
v 0.216198 1.46516 -0.498502 1 1 1
v 0.226699 1.45806 -0.505707 1 1 1
v 0.218662 1.45956 -0.504181 1 1 1
v 0.231049 1.44662 -0.481227 1 1 1
v 0.216198 1.44512 -0.484912 1 1 1
v 0.218662 1.44209 -0.492331 1 1 1
v 0.2372 1.44299 -0.490123 1 1 1
v 0.226699 1.44128 -0.494326 1 1 1
v 0.216198 1.42149 -0.480139 1 1 1
v 0.218662 1.42149 -0.48817 1 1 1
v 0.226699 1.42149 -0.490329 1 1 1
v 0.231049 1.42149 -0.476151 1 1 1
v 0.2372 1.42149 -0.48578 1 1 1
v 0.226699 1.40169 -0.494326 1 1 1
v 0.2372 1.39998 -0.490123 1 1 1
v 0.218662 1.40088 -0.492331 1 1 1
v 0.216198 1.39785 -0.484912 1 1 1
v 0.231049 1.39635 -0.481227 1 1 1
v 0.226699 1.38491 -0.505707 1 1 1
v 0.2372 1.38174 -0.50249 1 1 1
v 0.231049 1.37503 -0.495682 1 1 1
v 0.218662 1.38341 -0.504181 1 1 1
v 0.216198 1.37781 -0.498502 1 1 1
v 0.576312 1.38491 -0.579961 1 1 1
v 0.576312 1.3737 -0.562927 1 1 1
v 0.586813 1.36956 -0.564668 1 1 1
v 0.586813 1.38174 -0.583177 1 1 1
v 0.576312 1.40169 -0.591342 1 1 1
v 0.586813 1.39998 -0.595545 1 1 1
v 0.568275 1.38341 -0.581487 1 1 1
v 0.568275 1.37173 -0.563753 1 1 1
v 0.568275 1.40088 -0.593336 1 1 1
v 0.576312 1.36976 -0.542834 1 1 1
v 0.586813 1.36528 -0.542834 1 1 1
v 0.568275 1.36763 -0.542834 1 1 1
v 0.580661 1.37503 -0.589986 1 1 1
v 0.580661 1.36079 -0.568352 1 1 1
v 0.580661 1.35579 -0.542834 1 1 1
v 0.580661 1.39635 -0.604441 1 1 1
v 0.576312 1.42149 -0.595339 1 1 1
v 0.586813 1.42149 -0.599888 1 1 1
v 0.580661 1.42149 -0.609517 1 1 1
v 0.568275 1.42149 -0.597497 1 1 1
v 0.565811 1.39785 -0.600756 1 1 1
v 0.565811 1.37781 -0.587166 1 1 1
v 0.565811 1.42149 -0.605528 1 1 1
v 0.565811 1.36442 -0.566826 1 1 1
v 0.565811 1.35972 -0.542834 1 1 1
v 0.565811 1.36442 -0.518842 1 1 1
v 0.568275 1.37173 -0.521915 1 1 1
v 0.576312 1.3737 -0.522741 1 1 1
v 0.586813 1.36956 -0.521 1 1 1
v 0.580661 1.36079 -0.517315 1 1 1
v 0.586813 1.44299 -0.595545 1 1 1
v 0.580661 1.44662 -0.604441 1 1 1
v 0.565811 1.44512 -0.600756 1 1 1
v 0.576312 1.44128 -0.591342 1 1 1
v 0.568275 1.44209 -0.593336 1 1 1
v 0.580661 1.46794 -0.589986 1 1 1
v 0.565811 1.46516 -0.587166 1 1 1
v 0.568275 1.45956 -0.581487 1 1 1
v 0.586813 1.46123 -0.583177 1 1 1
v 0.576312 1.45806 -0.579961 1 1 1
v 0.565811 1.47855 -0.566826 1 1 1
v 0.568275 1.47124 -0.563753 1 1 1
v 0.576312 1.46927 -0.562927 1 1 1
v 0.580661 1.48218 -0.568352 1 1 1
v 0.586813 1.47341 -0.564668 1 1 1
v 0.576312 1.47321 -0.542834 1 1 1
v 0.586813 1.47769 -0.542834 1 1 1
v 0.568275 1.47534 -0.542834 1 1 1
v 0.565811 1.48325 -0.542834 1 1 1
v 0.580661 1.48718 -0.542834 1 1 1
v 0.576312 1.46927 -0.522741 1 1 1
v 0.586813 1.47341 -0.521 1 1 1
v 0.580661 1.48218 -0.517315 1 1 1
v 0.568275 1.47124 -0.521915 1 1 1
v 0.565811 1.47855 -0.518842 1 1 1
v 0.586813 1.46123 -0.50249 1 1 1
v 0.580661 1.46794 -0.495682 1 1 1
v 0.565811 1.46516 -0.498502 1 1 1
v 0.576312 1.45806 -0.505707 1 1 1
v 0.568275 1.45956 -0.504181 1 1 1
v 0.580661 1.44662 -0.481227 1 1 1
v 0.565811 1.44512 -0.484912 1 1 1
v 0.568275 1.44209 -0.492331 1 1 1
v 0.586813 1.44299 -0.490123 1 1 1
v 0.576312 1.44128 -0.494326 1 1 1
v 0.565811 1.42149 -0.480139 1 1 1
v 0.568275 1.42149 -0.48817 1 1 1
v 0.576312 1.42149 -0.490329 1 1 1
v 0.580661 1.42149 -0.476151 1 1 1
v 0.586813 1.42149 -0.48578 1 1 1
v 0.576312 1.40169 -0.494326 1 1 1
v 0.586813 1.39998 -0.490123 1 1 1
v 0.568275 1.40088 -0.492331 1 1 1
v 0.565811 1.39785 -0.484912 1 1 1
v 0.580661 1.39635 -0.481227 1 1 1
v 0.576312 1.38491 -0.505707 1 1 1
v 0.586813 1.38174 -0.50249 1 1 1
v 0.580661 1.37503 -0.495682 1 1 1
v 0.568275 1.38341 -0.504181 1 1 1
v 0.565811 1.37781 -0.498502 1 1 1
vt 0.255862 0.88901
vt 0.263106 0.3199
vt 0.167443 0.319412
vt 0.181839 0.965054
vt 0.340583 0.954433
vt 0.34714 0.310897
vt 0.286279 0.999519
vt 0.0835448 0.315462
vt 0.000284028 0.367132
vt 0.0805092 0.380273
vt 0.160925 0.353955
vt 0.174716 0.952308
vt 0.0716011 0.95786
vt 0.00868803 0.963705
vt 0.773551 0.889532
vt 0.798332 0.433455
vt 0.384117 0.467025
vt 0.370946 0.927043
vt 0.807467 0.916761
vt 0.828737 0.402381
vt 0.346263 0.951785
vt 0.35491 0.443657
vt 0.828486 0.000223636
vt 0.363181 0.000223696
vt 0.363181 0.397693
vt 0.828486 0.397693
vt 0.330052 0.241137
vt 0.306921 0.242113
vt 0.307661 0.253963
vt 0.332152 0.253666
vt 0.352314 0.237789
vt 0.355035 0.250405
vt 0.33263 0.293255
vt 0.30987 0.291649
vt 0.310298 0.300145
vt 0.332046 0.301802
vt 0.352964 0.298353
vt 0.351873 0.305961
vt 0.283951 0.241554
vt 0.283488 0.25312
vt 0.28695 0.291797
vt 0.287979 0.300658
vt 0.333944 0.266687
vt 0.308631 0.26589
vt 0.283356 0.264742
vt 0.358252 0.267184
vt 0.181943 0.131463
vt 0.160788 0.129191
vt 0.159223 0.140064
vt 0.180807 0.14296
vt 0.181189 0.155195
vt 0.156732 0.153348
vt 0.185058 0.182062
vt 0.16316 0.185553
vt 0.18626 0.190697
vt 0.164993 0.19358
vt 0.355847 0.289677
vt 0.333575 0.284692
vt 0.18319 0.173116
vt 0.159003 0.175452
vt 0.309264 0.28311
vt 0.285024 0.283035
vt 0.260618 0.285304
vt 0.264682 0.295353
vt 0.266443 0.303401
vt 0.262577 0.239228
vt 0.261012 0.250088
vt 0.258415 0.26328
vt 0.205802 0.143486
vt 0.206478 0.155538
vt 0.207146 0.173028
vt 0.204668 0.131926
vt 0.207886 0.181585
vt 0.20831 0.190049
vt 0.231094 0.156182
vt 0.231298 0.174214
vt 0.2305 0.182857
vt 0.229918 0.143314
vt 0.227753 0.13081
vt 0.229972 0.191566
vt 0.253591 0.179323
vt 0.250959 0.18795
vt 0.249965 0.195585
vt 0.255768 0.156884
vt 0.252763 0.140102
vt 0.250173 0.127331
vt 0.283951 0.168637
vt 0.262577 0.166311
vt 0.261012 0.177172
vt 0.283467 0.180421
vt 0.286811 0.219196
vt 0.264681 0.222435
vt 0.287978 0.227741
vt 0.266442 0.230484
vt 0.284836 0.210457
vt 0.260617 0.212387
vt 0.28325 0.19228
vt 0.258415 0.190363
vt 0.30692 0.169196
vt 0.307094 0.181047
vt 0.308823 0.19286
vt 0.309767 0.218849
vt 0.310298 0.227228
vt 0.309437 0.210219
vt 0.331846 0.180505
vt 0.333683 0.193249
vt 0.333492 0.211591
vt 0.330052 0.168221
vt 0.332897 0.22029
vt 0.332044 0.228885
vt 0.358251 0.194267
vt 0.355846 0.216761
vt 0.352963 0.225436
vt 0.355035 0.177489
vt 0.352314 0.164873
vt 0.351872 0.233044
vt 0.12821 0.183916
vt 0.152269 0.182222
vt 0.148637 0.17145
vt 0.126688 0.174855
vt 0.125502 0.166098
vt 0.147055 0.163211
vt 0.129752 0.202231
vt 0.153403 0.205647
vt 0.129081 0.214596
vt 0.150462 0.219347
vt 0.128274 0.226754
vt 0.148474 0.230681
vt 0.106171 0.225102
vt 0.105614 0.213222
vt 0.103621 0.175291
vt 0.10314 0.166878
vt 0.1042 0.183865
vt 0.104772 0.201126
vt 0.0834361 0.225437
vt 0.0816744 0.213056
vt 0.0799478 0.200467
vt 0.0804587 0.174309
vt 0.0809367 0.165924
vt 0.0799513 0.182693
vt 0.0584187 0.216026
vt 0.0549306 0.200144
vt 0.0566199 0.178784
vt 0.0613155 0.228023
vt 0.0592186 0.170387
vt 0.0600958 0.163069
vt 0.330051 0.0953062
vt 0.306921 0.0962817
vt 0.307879 0.108054
vt 0.33208 0.107728
vt 0.352311 0.0919583
vt 0.355031 0.104574
vt 0.332604 0.147421
vt 0.30995 0.145819
vt 0.310298 0.154309
vt 0.332044 0.155966
vt 0.35296 0.152517
vt 0.351869 0.160125
vt 0.283953 0.0957233
vt 0.283524 0.107385
vt 0.286732 0.146044
vt 0.28798 0.154822
vt 0.333796 0.120551
vt 0.308876 0.119882
vt 0.283431 0.119109
vt 0.358248 0.121352
vt 0.181941 0.204377
vt 0.160785 0.202105
vt 0.159219 0.212979
vt 0.181446 0.216153
vt 0.181223 0.228124
vt 0.156728 0.226264
vt 0.184908 0.254826
vt 0.163156 0.258471
vt 0.186259 0.263615
vt 0.16499 0.266498
vt 0.355843 0.143842
vt 0.333486 0.138869
vt 0.183127 0.246039
vt 0.158999 0.248369
vt 0.309428 0.137276
vt 0.285134 0.13716
vt 0.260622 0.139469
vt 0.264685 0.149517
vt 0.266446 0.157565
vt 0.262581 0.0933973
vt 0.261016 0.104256
vt 0.258419 0.117448
vt 0.205397 0.216409
vt 0.206029 0.228395
vt 0.206935 0.245882
vt 0.204668 0.20484
vt 0.20819 0.254548
vt 0.20831 0.262967
vt 0.231039 0.228926
vt 0.231099 0.247294
vt 0.231021 0.256229
vt 0.229848 0.216226
vt 0.227754 0.203725
vt 0.229974 0.264485
vt 0.253594 0.252241
vt 0.250962 0.260868
vt 0.249967 0.268504
vt 0.255772 0.229801
vt 0.252767 0.213017
vt 0.250176 0.200246
vt 0.283954 0.022808
vt 0.262583 0.0204824
vt 0.261019 0.0313412
vt 0.283268 0.0346186
vt 0.286648 0.0731074
vt 0.264687 0.0765979
vt 0.287981 0.0819027
vt 0.266448 0.0846453
vt 0.284795 0.0641911
vt 0.260624 0.0665513
vt 0.283722 0.0465178
vt 0.258423 0.044531
vt 0.306921 0.0233667
vt 0.307699 0.0352036
vt 0.308968 0.0470623
vt 0.31009 0.0730093
vt 0.310297 0.0813902
vt 0.309436 0.0643972
vt 0.331988 0.0348425
vt 0.333818 0.0476829
vt 0.333538 0.0658666
vt 0.330049 0.0223917
vt 0.332608 0.0744629
vt 0.332041 0.0830472
vt 0.358244 0.0484357
vt 0.355839 0.0709244
vt 0.352956 0.0795983
vt 0.355028 0.0316589
vt 0.352308 0.019044
vt 0.351866 0.0872058
vt 0.230457 0.073462
vt 0.254354 0.0718057
vt 0.250723 0.0610331
vt 0.22857 0.0646211
vt 0.227587 0.0556807
vt 0.249141 0.0527933
vt 0.231833 0.0917953
vt 0.255488 0.0952294
vt 0.231103 0.104105
vt 0.252547 0.108931
vt 0.230358 0.116338
vt 0.250559 0.120265
vt 0.208255 0.114686
vt 0.207643 0.102712
vt 0.205994 0.0647404
vt 0.205224 0.0564606
vt 0.206154 0.0733234
vt 0.206952 0.0905791
vt 0.185519 0.115021
vt 0.183865 0.102833
vt 0.182003 0.0900342
vt 0.182572 0.0638731
vt 0.183019 0.0555066
vt 0.182012 0.0722806
vt 0.1605 0.10561
vt 0.157012 0.0897262
vt 0.158702 0.0683669
vt 0.163397 0.117607
vt 0.161301 0.0599691
vt 0.162178 0.0526512
usemtl lambert4SG
f 969/1435 970/1436 971/1437
f 969/1435 971/1437 972/1438
f 973/1439 974/1440 970/1436
f 973/1439 970/1436 969/1435
f 973/1439 969/1435 972/1438
f 973/1439 972/1438 975/1441
f 970/1442 974/1443 976/1444
f 970/1442 976/1444 971/1445
f 972/1446 971/1445 976/1444
f 972/1446 976/1444 975/1447
f 975/1447 976/1444 974/1443
f 975/1447 974/1443 973/1448
f 977/1449 978/1450 979/1451
f 977/1449 979/1451 980/1452
f 981/1453 982/1454 978/1450
f 981/1453 978/1450 977/1449
f 981/1453 977/1449 980/1452
f 981/1453 980/1452 983/1455
f 978/1450 982/1454 984/1456
f 978/1450 984/1456 979/1451
f 980/1452 979/1451 984/1456
f 980/1452 984/1456 983/1455
f 983/1457 984/1458 982/1459
f 983/1457 982/1459 981/1460
f 985/1461 986/1462 987/1463
f 985/1461 987/1463 988/1464
f 989/1465 985/1461 990/1466
f 985/1461 988/1464 990/1466
f 991/1467 992/1468 986/1469
f 991/1467 986/1469 985/1470
f 993/1471 991/1467 989/1472
f 991/1467 985/1470 989/1472
f 986/1462 994/1473 995/1474
f 986/1462 995/1474 987/1463
f 992/1468 996/1475 986/1469
f 996/1475 994/1476 986/1469
f 988/1464 987/1463 997/1477
f 987/1463 998/1478 997/1477
f 987/1463 995/1474 998/1478
f 995/1474 999/1479 998/1478
f 990/1466 988/1464 997/1477
f 990/1466 997/1477 1000/1480
f 1001/1481 989/1482 990/1483
f 1001/1481 990/1483 1002/1484
f 1002/1484 990/1483 1003/1485
f 990/1483 1000/1486 1003/1485
f 1004/1487 993/1488 1001/1489
f 993/1488 989/1490 1001/1489
f 1005/1491 1006/1492 991/1467
f 1005/1491 991/1467 993/1471
f 1007/1493 1005/1494 1004/1487
f 1005/1494 993/1488 1004/1487
f 1006/1492 1008/1495 991/1467
f 1008/1495 992/1468 991/1467
f 1008/1495 1009/1496 996/1475
f 1008/1495 996/1475 992/1468
f 1009/1496 1010/1497 996/1475
f 1010/1497 1011/1498 996/1475
f 996/1475 1011/1498 1012/1499
f 996/1475 1012/1499 994/1476
f 994/1473 1012/1500 995/1474
f 1012/1500 1013/1501 995/1474
f 995/1474 1013/1501 1014/1502
f 995/1474 1014/1502 999/1479
f 999/1479 1014/1502 1009/1496
f 1014/1502 1010/1497 1009/1496
f 998/1478 999/1479 1009/1496
f 998/1478 1009/1496 1008/1495
f 997/1477 998/1478 1008/1495
f 997/1477 1008/1495 1006/1492
f 1000/1480 997/1477 1006/1492
f 1000/1480 1006/1492 1005/1491
f 1003/1485 1000/1486 1005/1494
f 1003/1485 1005/1494 1007/1493
f 1015/1503 1002/1484 1016/1504
f 1002/1484 1003/1485 1016/1504
f 1016/1504 1003/1485 1017/1505
f 1003/1485 1007/1493 1017/1505
f 1018/1506 1001/1481 1015/1503
f 1001/1481 1002/1484 1015/1503
f 1019/1507 1004/1487 1001/1489
f 1019/1507 1001/1489 1018/1508
f 1017/1505 1007/1493 1004/1487
f 1017/1505 1004/1487 1019/1507
f 1020/1509 1016/1504 1021/1510
f 1016/1504 1017/1505 1021/1510
f 1021/1510 1017/1505 1019/1507
f 1021/1510 1019/1507 1022/1511
f 1023/1512 1015/1503 1016/1504
f 1023/1512 1016/1504 1020/1509
f 1024/1513 1018/1506 1015/1503
f 1024/1513 1015/1503 1023/1512
f 1022/1511 1019/1507 1024/1514
f 1019/1507 1018/1508 1024/1514
f 1025/1515 1021/1510 1026/1516
f 1021/1510 1022/1511 1026/1516
f 1026/1516 1022/1511 1024/1514
f 1026/1516 1024/1514 1027/1517
f 1028/1518 1020/1509 1021/1510
f 1028/1518 1021/1510 1025/1515
f 1029/1519 1023/1512 1020/1509
f 1029/1519 1020/1509 1028/1518
f 1027/1520 1024/1513 1029/1519
f 1024/1513 1023/1512 1029/1519
f 1030/1521 1027/1522 1029/1523
f 1030/1521 1029/1523 1031/1524
f 1032/1525 1026/1526 1030/1527
f 1026/1526 1027/1528 1030/1527
f 1033/1529 1025/1530 1026/1526
f 1033/1529 1026/1526 1032/1525
f 1034/1531 1028/1532 1033/1529
f 1028/1532 1025/1530 1033/1529
f 1031/1524 1029/1523 1034/1531
f 1029/1523 1028/1532 1034/1531
f 1035/1533 1030/1521 1036/1534
f 1030/1521 1031/1524 1036/1534
f 1036/1534 1031/1524 1034/1531
f 1036/1534 1034/1531 1037/1535
f 1038/1536 1032/1525 1030/1527
f 1038/1536 1030/1527 1035/1537
f 1039/1538 1033/1529 1038/1536
f 1033/1529 1032/1525 1038/1536
f 1037/1535 1034/1531 1033/1529
f 1037/1535 1033/1529 1039/1538
f 1040/1539 1036/1534 1037/1535
f 1040/1539 1037/1535 1041/1540
f 1041/1540 1037/1535 1042/1541
f 1037/1535 1039/1538 1042/1541
f 1043/1542 1035/1533 1036/1534
f 1043/1542 1036/1534 1040/1539
f 1044/1543 1038/1536 1043/1544
f 1038/1536 1035/1537 1043/1544
f 1042/1541 1039/1538 1038/1536
f 1042/1541 1038/1536 1044/1543
f 1045/1545 1041/1540 1042/1541
f 1045/1545 1042/1541 1046/1546
f 1046/1546 1042/1541 1047/1547
f 1042/1541 1044/1543 1047/1547
f 1048/1548 1040/1539 1045/1545
f 1040/1539 1041/1540 1045/1545
f 1049/1549 1043/1542 1040/1539
f 1049/1549 1040/1539 1048/1548
f 1047/1547 1044/1543 1043/1544
f 1047/1547 1043/1544 1049/1550
f 1050/1551 1046/1552 1047/1553
f 1050/1551 1047/1553 1051/1554
f 1051/1554 1047/1553 1052/1555
f 1047/1553 1049/1556 1052/1555
f 1053/1557 1045/1558 1050/1551
f 1045/1558 1046/1552 1050/1551
f 1054/1559 1048/1560 1053/1557
f 1048/1560 1045/1558 1053/1557
f 1052/1561 1049/1562 1048/1560
f 1052/1561 1048/1560 1054/1559
f 1055/1563 1052/1561 1056/1564
f 1052/1561 1054/1559 1056/1564
f 1057/1565 1051/1554 1052/1555
f 1057/1565 1052/1555 1055/1566
f 1058/1567 1050/1551 1057/1565
f 1050/1551 1051/1554 1057/1565
f 1059/1568 1053/1557 1050/1551
f 1059/1568 1050/1551 1058/1567
f 1056/1564 1054/1559 1053/1557
f 1056/1564 1053/1557 1059/1568
f 1060/1569 1055/1563 1056/1564
f 1060/1569 1056/1564 1061/1570
f 1061/1570 1056/1564 1059/1568
f 1061/1570 1059/1568 1062/1571
f 1063/1572 1057/1565 1060/1573
f 1057/1565 1055/1566 1060/1573
f 1064/1574 1058/1567 1057/1565
f 1064/1574 1057/1565 1063/1572
f 1062/1571 1059/1568 1064/1574
f 1059/1568 1058/1567 1064/1574
f 1013/1575 1061/1570 1014/1576
f 1061/1570 1062/1571 1014/1576
f 1014/1576 1062/1571 1010/1577
f 1062/1571 1064/1574 1010/1577
f 1012/1578 1060/1569 1061/1570
f 1012/1578 1061/1570 1013/1575
f 1011/1579 1063/1572 1012/1580
f 1063/1572 1060/1573 1012/1580
f 1010/1577 1064/1574 1063/1572
f 1010/1577 1063/1572 1011/1579
f 1065/1581 1066/1582 1067/1583
f 1065/1581 1067/1583 1068/1584
f 1069/1585 1065/1581 1070/1586
f 1065/1581 1068/1584 1070/1586
f 1071/1587 1072/1588 1066/1589
f 1071/1587 1066/1589 1065/1590
f 1073/1591 1071/1587 1069/1592
f 1071/1587 1065/1590 1069/1592
f 1066/1582 1074/1593 1075/1594
f 1066/1582 1075/1594 1067/1583
f 1072/1588 1076/1595 1066/1589
f 1076/1595 1074/1596 1066/1589
f 1068/1584 1067/1583 1077/1597
f 1067/1583 1078/1598 1077/1597
f 1067/1583 1075/1594 1078/1598
f 1075/1594 1079/1599 1078/1598
f 1070/1586 1068/1584 1077/1597
f 1070/1586 1077/1597 1080/1600
f 1081/1601 1069/1602 1070/1603
f 1081/1601 1070/1603 1082/1604
f 1082/1604 1070/1603 1083/1605
f 1070/1603 1080/1606 1083/1605
f 1084/1607 1073/1608 1081/1609
f 1073/1608 1069/1610 1081/1609
f 1085/1611 1086/1612 1071/1587
f 1085/1611 1071/1587 1073/1591
f 1087/1613 1085/1614 1084/1607
f 1085/1614 1073/1608 1084/1607
f 1086/1612 1088/1615 1071/1587
f 1088/1615 1072/1588 1071/1587
f 1088/1615 1089/1616 1076/1595
f 1088/1615 1076/1595 1072/1588
f 1089/1616 1090/1617 1076/1595
f 1090/1617 1091/1618 1076/1595
f 1076/1595 1091/1618 1092/1619
f 1076/1595 1092/1619 1074/1596
f 1074/1593 1092/1620 1075/1594
f 1092/1620 1093/1621 1075/1594
f 1075/1594 1093/1621 1094/1622
f 1075/1594 1094/1622 1079/1599
f 1079/1599 1094/1622 1089/1616
f 1094/1622 1090/1617 1089/1616
f 1078/1598 1079/1599 1089/1616
f 1078/1598 1089/1616 1088/1615
f 1077/1597 1078/1598 1088/1615
f 1077/1597 1088/1615 1086/1612
f 1080/1600 1077/1597 1086/1612
f 1080/1600 1086/1612 1085/1611
f 1083/1605 1080/1606 1085/1614
f 1083/1605 1085/1614 1087/1613
f 1095/1623 1082/1604 1096/1624
f 1082/1604 1083/1605 1096/1624
f 1096/1624 1083/1605 1097/1625
f 1083/1605 1087/1613 1097/1625
f 1098/1626 1081/1601 1095/1623
f 1081/1601 1082/1604 1095/1623
f 1099/1627 1084/1607 1081/1609
f 1099/1627 1081/1609 1098/1628
f 1097/1625 1087/1613 1084/1607
f 1097/1625 1084/1607 1099/1627
f 1100/1629 1096/1624 1101/1630
f 1096/1624 1097/1625 1101/1630
f 1101/1630 1097/1625 1099/1627
f 1101/1630 1099/1627 1102/1631
f 1103/1632 1095/1623 1096/1624
f 1103/1632 1096/1624 1100/1629
f 1104/1633 1098/1626 1095/1623
f 1104/1633 1095/1623 1103/1632
f 1102/1631 1099/1627 1104/1634
f 1099/1627 1098/1628 1104/1634
f 1105/1635 1101/1630 1106/1636
f 1101/1630 1102/1631 1106/1636
f 1106/1636 1102/1631 1104/1634
f 1106/1636 1104/1634 1107/1637
f 1108/1638 1100/1629 1101/1630
f 1108/1638 1101/1630 1105/1635
f 1109/1639 1103/1632 1100/1629
f 1109/1639 1100/1629 1108/1638
f 1107/1640 1104/1633 1109/1639
f 1104/1633 1103/1632 1109/1639
f 1110/1641 1107/1642 1109/1643
f 1110/1641 1109/1643 1111/1644
f 1112/1645 1106/1646 1110/1647
f 1106/1646 1107/1648 1110/1647
f 1113/1649 1105/1650 1106/1646
f 1113/1649 1106/1646 1112/1645
f 1114/1651 1108/1652 1113/1649
f 1108/1652 1105/1650 1113/1649
f 1111/1644 1109/1643 1114/1651
f 1109/1643 1108/1652 1114/1651
f 1115/1653 1110/1641 1116/1654
f 1110/1641 1111/1644 1116/1654
f 1116/1654 1111/1644 1114/1651
f 1116/1654 1114/1651 1117/1655
f 1118/1656 1112/1645 1110/1647
f 1118/1656 1110/1647 1115/1657
f 1119/1658 1113/1649 1118/1656
f 1113/1649 1112/1645 1118/1656
f 1117/1655 1114/1651 1113/1649
f 1117/1655 1113/1649 1119/1658
f 1120/1659 1116/1654 1117/1655
f 1120/1659 1117/1655 1121/1660
f 1121/1660 1117/1655 1122/1661
f 1117/1655 1119/1658 1122/1661
f 1123/1662 1115/1653 1116/1654
f 1123/1662 1116/1654 1120/1659
f 1124/1663 1118/1656 1123/1664
f 1118/1656 1115/1657 1123/1664
f 1122/1661 1119/1658 1118/1656
f 1122/1661 1118/1656 1124/1663
f 1125/1665 1121/1660 1122/1661
f 1125/1665 1122/1661 1126/1666
f 1126/1666 1122/1661 1127/1667
f 1122/1661 1124/1663 1127/1667
f 1128/1668 1120/1659 1125/1665
f 1120/1659 1121/1660 1125/1665
f 1129/1669 1123/1662 1120/1659
f 1129/1669 1120/1659 1128/1668
f 1127/1667 1124/1663 1123/1664
f 1127/1667 1123/1664 1129/1670
f 1130/1671 1126/1672 1127/1673
f 1130/1671 1127/1673 1131/1674
f 1131/1674 1127/1673 1132/1675
f 1127/1673 1129/1676 1132/1675
f 1133/1677 1125/1678 1130/1671
f 1125/1678 1126/1672 1130/1671
f 1134/1679 1128/1680 1133/1677
f 1128/1680 1125/1678 1133/1677
f 1132/1681 1129/1682 1128/1680
f 1132/1681 1128/1680 1134/1679
f 1135/1683 1132/1681 1136/1684
f 1132/1681 1134/1679 1136/1684
f 1137/1685 1131/1674 1132/1675
f 1137/1685 1132/1675 1135/1686
f 1138/1687 1130/1671 1137/1685
f 1130/1671 1131/1674 1137/1685
f 1139/1688 1133/1677 1130/1671
f 1139/1688 1130/1671 1138/1687
f 1136/1684 1134/1679 1133/1677
f 1136/1684 1133/1677 1139/1688
f 1140/1689 1135/1683 1136/1684
f 1140/1689 1136/1684 1141/1690
f 1141/1690 1136/1684 1139/1688
f 1141/1690 1139/1688 1142/1691
f 1143/1692 1137/1685 1140/1693
f 1137/1685 1135/1686 1140/1693
f 1144/1694 1138/1687 1137/1685
f 1144/1694 1137/1685 1143/1692
f 1142/1691 1139/1688 1144/1694
f 1139/1688 1138/1687 1144/1694
f 1093/1695 1141/1690 1094/1696
f 1141/1690 1142/1691 1094/1696
f 1094/1696 1142/1691 1090/1697
f 1142/1691 1144/1694 1090/1697
f 1092/1698 1140/1689 1141/1690
f 1092/1698 1141/1690 1093/1695
f 1091/1699 1143/1692 1092/1700
f 1143/1692 1140/1693 1092/1700
f 1090/1697 1144/1694 1143/1692
f 1090/1697 1143/1692 1091/1699
s off
g pCube55_phong3SG
v -0.48251 0.744878 0.188277 1 1 1
v -0.483244 0.744435 0.187238 1 1 1
v -0.485367 0.743491 0.187587 1 1 1
v -0.472176 0.70587 0.204105 1 1 1
v -0.471442 0.706314 0.205145 1 1 1
v -0.48262 0.745064 0.190616 1 1 1
v -0.471552 0.706499 0.207483 1 1 1
v -0.48632 0.743418 0.191225 1 1 1
v -0.474299 0.704926 0.204455 1 1 1
v -0.475143 0.704668 0.205754 1 1 1
v -0.486211 0.743232 0.188886 1 1 1
v -0.483463 0.744806 0.191915 1 1 1
v -0.485587 0.743862 0.192264 1 1 1
v -0.475253 0.704853 0.208093 1 1 1
v -0.474519 0.705297 0.209132 1 1 1
v -0.472396 0.706241 0.208782 1 1 1
v -0.500573 0.798146 0.123594 1 1 1
v -0.50297 0.789974 0.116213 1 1 1
v -0.517958 0.778062 0.128151 1 1 1
v -0.51437 0.790292 0.139197 1 1 1
v -0.494241 0.805157 0.130238 1 1 1
v -0.504894 0.800785 0.14914 1 1 1
v -0.474139 0.797632 0.110691 1 1 1
v -0.501067 0.781886 0.109219 1 1 1
v -0.515109 0.765958 0.117684 1 1 1
v -0.519272 0.784267 0.148273 1 1 1
v -0.523258 0.770678 0.135999 1 1 1
v -0.520093 0.757227 0.124369 1 1 1
v -0.508742 0.795926 0.159321 1 1 1
v -0.484938 0.80994 0.135133 1 1 1
v -0.490971 0.807944 0.156466 1 1 1
v -0.493272 0.80388 0.167462 1 1 1
v -0.474081 0.811767 0.137535 1 1 1
v -0.474721 0.810678 0.16006 1 1 1
v -0.475216 0.806918 0.171455 1 1 1
v -0.476461 0.793684 0.192336 1 1 1
v -0.496005 0.790396 0.188013 1 1 1
v -0.512749 0.781787 0.179202 1 1 1
v -0.524147 0.769167 0.167244 1 1 1
v -0.528461 0.754459 0.153959 1 1 1
v -0.525036 0.7399 0.14137 1 1 1
v -0.505597 0.763848 0.100285 1 1 1
v -0.509597 0.753992 0.106049 1 1 1
v -0.514392 0.727708 0.131395 1 1 1
v -0.495154 0.775112 0.103677 1 1 1
v -0.486131 0.770685 0.10043 1 1 1
v -0.492093 0.757222 0.095426 1 1 1
v -0.494592 0.746629 0.100649 1 1 1
v -0.498151 0.719739 0.12555 1 1 1
v -0.512927 0.713675 0.151768 1 1 1
v -0.52276 0.724939 0.160985 1 1 1
v -0.497922 0.706313 0.146368 1 1 1
v -0.525924 0.738389 0.172615 1 1 1
v -0.521939 0.751978 0.184888 1 1 1
v -0.511409 0.763638 0.195936 1 1 1
v -0.495939 0.771591 0.204077 1 1 1
v -0.477883 0.774629 0.208071 1 1 1
v -0.457324 0.804577 0.170695 1 1 1
v -0.457095 0.791151 0.191513 1 1 1
v -0.459991 0.772289 0.20731 1 1 1
v -0.458619 0.808571 0.159376 1 1 1
v -0.463321 0.810359 0.137077 1 1 1
v -0.454298 0.805932 0.13383 1 1 1
v -0.445115 0.801945 0.154516 1 1 1
v -0.442319 0.797215 0.165295 1 1 1
v -0.440854 0.783182 0.185668 1 1 1
v -0.444986 0.764926 0.20191 1 1 1
v -0.465571 0.750863 0.215681 1 1 1
v -0.454087 0.745227 0.211548 1 1 1
v -0.479265 0.752654 0.216263 1 1 1
v -0.493084 0.750329 0.213207 1 1 1
v -0.504925 0.744241 0.206976 1 1 1
v -0.512984 0.735318 0.19852 1 1 1
v -0.516034 0.724917 0.189127 1 1 1
v -0.513613 0.714623 0.180225 1 1 1
v -0.506086 0.706002 0.173171 1 1 1
v -0.494602 0.700366 0.169038 1 1 1
v -0.478785 0.717206 0.124727 1 1 1
v -0.48003 0.703972 0.145607 1 1 1
v -0.480908 0.698575 0.168456 1 1 1
v -0.494913 0.705855 0.192345 1 1 1
v -0.488698 0.702805 0.190109 1 1 1
v -0.481286 0.701836 0.189794 1 1 1
v -0.498986 0.710521 0.196163 1 1 1
v -0.500297 0.716092 0.200981 1 1 1
v -0.498646 0.721721 0.206064 1 1 1
v -0.494284 0.72655 0.21064 1 1 1
v -0.487876 0.729845 0.214013 1 1 1
v -0.480397 0.731103 0.215667 1 1 1
v -0.472986 0.730134 0.215352 1 1 1
v -0.466771 0.727084 0.213115 1 1 1
v -0.435153 0.753663 0.192694 1 1 1
v -0.446561 0.736606 0.204494 1 1 1
v -0.462698 0.722418 0.209297 1 1 1
v -0.43021 0.77099 0.175692 1 1 1
v -0.432486 0.785951 0.156078 1 1 1
v -0.429322 0.772501 0.144448 1 1 1
v -0.426785 0.756432 0.163104 1 1 1
v -0.431988 0.740212 0.181063 1 1 1
v -0.444139 0.726312 0.195593 1 1 1
v -0.461387 0.716847 0.20448 1 1 1
v -0.471127 0.72513 0.199697 1 1 1
v -0.470459 0.722289 0.197241 1 1 1
v -0.473867 0.71948 0.210747 1 1 1
v -0.477035 0.721035 0.211887 1 1 1
v -0.48015 0.729557 0.202944 1 1 1
v -0.483963 0.728916 0.2021 1 1 1
v -0.48723 0.727236 0.200381 1 1 1
v -0.489453 0.724774 0.198048 1 1 1
v -0.490295 0.721904 0.195457 1 1 1
v -0.489627 0.719064 0.193001 1 1 1
v -0.488213 0.708658 0.200158 1 1 1
v -0.479231 0.735972 0.180614 1 1 1
v -0.463038 0.711218 0.199396 1 1 1
v -0.471301 0.71942 0.194649 1 1 1
v -0.44719 0.715911 0.186199 1 1 1
v -0.435974 0.726623 0.16879 1 1 1
v -0.431099 0.741723 0.149819 1 1 1
v -0.433307 0.758912 0.132175 1 1 1
v -0.437004 0.767473 0.124709 1 1 1
v -0.433417 0.779703 0.135754 1 1 1
v -0.436265 0.791808 0.146221 1 1 1
v -0.446482 0.79107 0.121294 1 1 1
v -0.448385 0.799158 0.128288 1 1 1
v -0.448879 0.782898 0.113913 1 1 1
v -0.455211 0.775887 0.10727 1 1 1
v -0.446481 0.75698 0.114766 1 1 1
v -0.443837 0.747252 0.121127 1 1 1
v -0.442497 0.729103 0.137861 1 1 1
v -0.446504 0.714964 0.157742 1 1 1
v -0.455249 0.706988 0.177743 1 1 1
v -0.4674 0.706389 0.19482 1 1 1
v -0.473524 0.716958 0.192316 1 1 1
v -0.485045 0.707103 0.199018 1 1 1
v -0.481267 0.706609 0.198858 1 1 1
v -0.476791 0.715278 0.190597 1 1 1
v -0.473807 0.703094 0.191448 1 1 1
v -0.467089 0.7009 0.171513 1 1 1
v -0.461974 0.70701 0.149601 1 1 1
v -0.459241 0.720494 0.129049 1 1 1
v -0.459307 0.739299 0.112986 1 1 1
v -0.460404 0.749822 0.107439 1 1 1
v -0.464514 0.771104 0.102374 1 1 1
v -0.475371 0.769277 0.099972 1 1 1
v -0.476653 0.747088 0.103845 1 1 1
v -0.477363 0.736261 0.108992 1 1 1
v -0.384213 0.736709 0.101171 1 1 1
v -0.383916 0.735036 0.101181 1 1 1
v -0.386585 0.734661 0.100126 1 1 1
v -0.386881 0.736335 0.100116 1 1 1
v -0.383316 0.736194 0.102251 1 1 1
v -0.384994 0.738749 0.102528 1 1 1
v -0.384097 0.738235 0.103608 1 1 1
v -0.387662 0.738375 0.101473 1 1 1
v -0.388045 0.706282 0.131427 1 1 1
v -0.387445 0.707441 0.132497 1 1 1
v -0.390714 0.705908 0.130372 1 1 1
v -0.392095 0.706789 0.130659 1 1 1
v -0.387966 0.735542 0.100412 1 1 1
v -0.388747 0.737581 0.101769 1 1 1
v -0.385478 0.739115 0.103894 1 1 1
v -0.388146 0.73874 0.102839 1 1 1
v -0.388225 0.709481 0.133854 1 1 1
v -0.389607 0.710362 0.13414 1 1 1
v -0.38853 0.706648 0.132793 1 1 1
v -0.38931 0.708688 0.13415 1 1 1
v -0.391198 0.706274 0.131738 1 1 1
v -0.391979 0.708314 0.133095 1 1 1
v -0.392876 0.708828 0.132015 1 1 1
v -0.392275 0.709988 0.133085 1 1 1
v -0.356682 0.739612 0.033939 1 1 1
v -0.358507 0.730031 0.031145 1 1 1
v -0.382539 0.729848 0.026963 1 1 1
v -0.379166 0.747551 0.032125 1 1 1
v -0.352 0.747534 0.038631 1 1 1
v -0.370515 0.762189 0.040794 1 1 1
v -0.335608 0.729169 0.043335 1 1 1
v -0.357197 0.720249 0.030676 1 1 1
v -0.380119 0.711773 0.026096 1 1 1
v -0.399639 0.751779 0.038169 1 1 1
v -0.404045 0.728648 0.031425 1 1 1
v -0.400884 0.705033 0.030292 1 1 1
v -0.388336 0.770904 0.049496 1 1 1
v -0.345174 0.75259 0.044507 1 1 1
v -0.357903 0.771532 0.051652 1 1 1
v -0.371857 0.783111 0.063683 1 1 1
v -0.337244 0.754012 0.050673 1 1 1
v -0.34325 0.774158 0.063046 1 1 1
v -0.352712 0.786542 0.078569 1 1 1
v -0.364189 0.789279 0.09488 1 1 1
v -0.384912 0.785565 0.078767 1 1 1
v -0.402749 0.772352 0.063412 1 1 1
v -0.414983 0.751651 0.051151 1 1 1
v -0.419752 0.726614 0.043852 1 1 1
v -0.41633 0.701053 0.042625 1 1 1
v -0.372276 0.69608 0.029655 1 1 1
v -0.384863 0.68567 0.027253 1 1 1
v -0.405239 0.678859 0.047659 1 1 1
v -0.352953 0.711756 0.032602 1 1 1
v -0.346419 0.705844 0.03663 1 1 1
v -0.360204 0.685156 0.037099 1 1 1
v -0.36909 0.671397 0.036978 1 1 1
v -0.388166 0.66341 0.058185 1 1 1
v -0.41386 0.679936 0.065868 1 1 1
v -0.424107 0.70044 0.061218 1 1 1
v -0.398087 0.665663 0.075593 1 1 1
v -0.427268 0.724056 0.062351 1 1 1
v -0.422862 0.747187 0.069095 1 1 1
v -0.411559 0.766312 0.080422 1 1 1
v -0.39508 0.778519 0.094609 1 1 1
v -0.375935 0.78195 0.109495 1 1 1
v -0.333814 0.780675 0.091889 1 1 1
v -0.343734 0.782928 0.109297 1 1 1
v -0.357037 0.776083 0.122815 1 1 1
v -0.328786 0.769668 0.07324 1 1 1
v -0.329416 0.751581 0.05619 1 1 1
v -0.322883 0.745669 0.060218 1 1 1
v -0.316714 0.758744 0.080684 1 1 1
v -0.318041 0.766403 0.101614 1 1 1
v -0.326662 0.767479 0.119824 1 1 1
v -0.341264 0.761811 0.13254 1 1 1
v -0.359624 0.750259 0.137827 1 1 1
v -0.371696 0.761182 0.130384 1 1 1
v -0.38616 0.765673 0.120189 1 1 1
v -0.400814 0.763047 0.108796 1 1 1
v -0.413426 0.753704 0.097938 1 1 1
v -0.422076 0.739066 0.089268 1 1 1
v -0.425449 0.721362 0.084107 1 1 1
v -0.42303 0.703288 0.08324 1 1 1
v -0.415187 0.687594 0.086799 1 1 1
v -0.403114 0.676671 0.094242 1 1 1
v -0.367711 0.65706 0.072602 1 1 1
v -0.379189 0.659796 0.088913 1 1 1
v -0.388651 0.67218 0.104436 1 1 1
v -0.402484 0.694757 0.111292 1 1 1
v -0.409018 0.700669 0.107264 1 1 1
v -0.394657 0.692327 0.116809 1 1 1
v -0.413262 0.709162 0.105338 1 1 1
v -0.414572 0.718944 0.105807 1 1 1
v -0.412747 0.728525 0.1086 1 1 1
v -0.408065 0.736447 0.113292 1 1 1
v -0.401239 0.741503 0.119168 1 1 1
v -0.393309 0.742925 0.125335 1 1 1
v -0.385481 0.740494 0.130852 1 1 1
v -0.378948 0.734583 0.13488 1 1 1
v -0.331017 0.741306 0.13719 1 1 1
v -0.351781 0.734565 0.141386 1 1 1
v -0.374703 0.726089 0.136806 1 1 1
v -0.31557 0.745285 0.124857 1 1 1
v -0.307794 0.745898 0.106264 1 1 1
v -0.304633 0.722282 0.105131 1 1 1
v -0.312149 0.719724 0.12363 1 1 1
v -0.327855 0.71769 0.136057 1 1 1
v -0.349362 0.71649 0.140519 1 1 1
v -0.373394 0.716307 0.136337 1 1 1
v -0.379439 0.717754 0.123464 1 1 1
v -0.380107 0.722741 0.123703 1 1 1
v -0.388045 0.725929 0.130411 1 1 1
v -0.391375 0.728943 0.128357 1 1 1
v -0.389592 0.731323 0.117855 1 1 1
v -0.393635 0.730599 0.114712 1 1 1
v -0.397114 0.728021 0.111716 1 1 1
v -0.399501 0.723983 0.109324 1 1 1
v -0.400432 0.719098 0.1079 1 1 1
v -0.399764 0.714112 0.107661 1 1 1
v -0.403374 0.70864 0.116332 1 1 1
v -0.379956 0.720399 0.102393 1 1 1
v -0.375219 0.706726 0.133544 1 1 1
v -0.38037 0.71287 0.12204 1 1 1
v -0.352734 0.698787 0.135358 1 1 1
v -0.332262 0.694559 0.129313 1 1 1
v -0.316918 0.694687 0.116331 1 1 1
v -0.309039 0.699151 0.098388 1 1 1
v -0.309824 0.707272 0.078214 1 1 1
v -0.306452 0.724976 0.083375 1 1 1
v -0.308871 0.74305 0.084243 1 1 1
v -0.317329 0.727394 0.061675 1 1 1
v -0.318638 0.737176 0.062145 1 1 1
v -0.319154 0.717813 0.058882 1 1 1
v -0.323836 0.709891 0.05419 1 1 1
v -0.318475 0.692635 0.069544 1 1 1
v -0.320341 0.680027 0.08706 1 1 1
v -0.329152 0.673987 0.104071 1 1 1
v -0.343564 0.675434 0.117986 1 1 1
v -0.361385 0.684149 0.126688 1 1 1
v -0.379901 0.698805 0.128852 1 1 1
v -0.382756 0.708831 0.119648 1 1 1
v -0.400043 0.705626 0.118385 1 1 1
v -0.396053 0.704387 0.121198 1 1 1
v -0.386236 0.706254 0.116652 1 1 1
v -0.386726 0.693748 0.122975 1 1 1
v -0.373997 0.674806 0.11583 1 1 1
v -0.360043 0.663227 0.103799 1 1 1
v -0.346988 0.660774 0.088715 1 1 1
v -0.33682 0.667819 0.072873 1 1 1
v -0.331087 0.683291 0.058686 1 1 1
v -0.330661 0.704835 0.048314 1 1 1
v -0.338591 0.703413 0.042148 1 1 1
v -0.34574 0.680665 0.047293 1 1 1
v -0.355966 0.664388 0.057987 1 1 1
v -0.5364 0.779836 0.06373 1 1 1
v -0.536572 0.779481 0.062284 1 1 1
v -0.535243 0.780278 0.060254 1 1 1
v -0.534084 0.781226 0.060191 1 1 1
v -0.561213 0.809351 0.057893 1 1 1
v -0.56104 0.809706 0.059339 1 1 1
v -0.535067 0.781138 0.065113 1 1 1
v -0.559708 0.811008 0.060722 1 1 1
v -0.532752 0.782528 0.061575 1 1 1
v -0.559884 0.810149 0.055863 1 1 1
v -0.558724 0.811096 0.0558 1 1 1
v -0.557392 0.812398 0.057184 1 1 1
v -0.533908 0.782085 0.065051 1 1 1
v -0.532579 0.782883 0.06302 1 1 1
v -0.55722 0.812753 0.058629 1 1 1
v -0.558548 0.811955 0.06066 1 1 1
v -0.528829 0.709307 0.0476 1 1 1
v -0.533387 0.709307 0.04 1 1 1
v -0.512357 0.720337 0.04 1 1 1
v -0.520781 0.720337 0.025956 1 1 1
v -0.527228 0.709307 0.056566 1 1 1
v -0.5094 0.720337 0.056566 1 1 1
v -0.548258 0.705433 0.056566 1 1 1
v -0.54021 0.709307 0.034921 1 1 1
v -0.533387 0.720337 0.016572 1 1 1
v -0.512357 0.736846 0.016572 1 1 1
v -0.501352 0.736846 0.034921 1 1 1
v -0.528829 0.736846 0.004311 1 1 1
v -0.497487 0.736846 0.056566 1 1 1
v -0.528829 0.709307 0.065531 1 1 1
v -0.512357 0.720337 0.073132 1 1 1
v -0.501352 0.736846 0.07821 1 1 1
v -0.533387 0.709307 0.073132 1 1 1
v -0.520781 0.720337 0.087176 1 1 1
v -0.512357 0.736846 0.09656 1 1 1
v -0.497487 0.756319 0.079994 1 1 1
v -0.5094 0.756319 0.099855 1 1 1
v -0.493304 0.756319 0.056566 1 1 1
v -0.497487 0.756319 0.033138 1 1 1
v -0.509399 0.756319 0.013277 1 1 1
v -0.527228 0.756319 6e-06 1 1 1
v -0.548258 0.720337 0.013277 1 1 1
v -0.548258 0.727162 6e-06 1 1 1
v -0.548258 0.756319 -0.004654 1 1 1
v -0.548258 0.709307 0.033138 1 1 1
v -0.556305 0.709307 0.034921 1 1 1
v -0.563128 0.720337 0.016572 1 1 1
v -0.567687 0.727162 0.004311 1 1 1
v -0.569287 0.756319 6e-06 1 1 1
v -0.528829 0.775792 0.004311 1 1 1
v -0.548258 0.775792 6e-06 1 1 1
v -0.567687 0.775792 0.004311 1 1 1
v -0.512357 0.775792 0.016572 1 1 1
v -0.501352 0.775792 0.034921 1 1 1
v -0.497487 0.775792 0.056566 1 1 1
v -0.501352 0.775792 0.07821 1 1 1
v -0.512357 0.775792 0.09656 1 1 1
v -0.528829 0.736846 0.10882 1 1 1
v -0.527228 0.756319 0.113126 1 1 1
v -0.528829 0.775792 0.10882 1 1 1
v -0.533387 0.720337 0.09656 1 1 1
v -0.54021 0.709307 0.07821 1 1 1
v -0.548258 0.709307 0.079994 1 1 1
v -0.548258 0.720337 0.099855 1 1 1
v -0.548258 0.736846 0.113126 1 1 1
v -0.548258 0.756319 0.117786 1 1 1
v -0.548258 0.775792 0.113126 1 1 1
v -0.533387 0.7923 0.09656 1 1 1
v -0.548258 0.7923 0.099855 1 1 1
v -0.520781 0.7923 0.087176 1 1 1
v -0.512357 0.7923 0.073132 1 1 1
v -0.5094 0.7923 0.056566 1 1 1
v -0.512357 0.7923 0.04 1 1 1
v -0.520781 0.7923 0.025956 1 1 1
v -0.533387 0.7923 0.016572 1 1 1
v -0.548258 0.7923 0.013277 1 1 1
v -0.563128 0.7923 0.016572 1 1 1
v -0.587116 0.756319 0.013277 1 1 1
v -0.584158 0.775792 0.016572 1 1 1
v -0.575734 0.7923 0.025956 1 1 1
v -0.556305 0.803331 0.034921 1 1 1
v -0.548258 0.803331 0.033138 1 1 1
v -0.563128 0.803331 0.04 1 1 1
v -0.54021 0.803331 0.034921 1 1 1
v -0.533387 0.803331 0.04 1 1 1
v -0.528829 0.803331 0.0476 1 1 1
v -0.527228 0.803331 0.056566 1 1 1
v -0.528829 0.803331 0.065531 1 1 1
v -0.533387 0.803331 0.073132 1 1 1
v -0.54021 0.803331 0.07821 1 1 1
v -0.548258 0.803331 0.079994 1 1 1
v -0.567687 0.775792 0.10882 1 1 1
v -0.563128 0.7923 0.09656 1 1 1
v -0.556305 0.803331 0.07821 1 1 1
v -0.569288 0.756319 0.113126 1 1 1
v -0.567687 0.736846 0.10882 1 1 1
v -0.584158 0.736846 0.09656 1 1 1
v -0.587116 0.756319 0.099855 1 1 1
v -0.584158 0.775792 0.09656 1 1 1
v -0.575734 0.7923 0.087176 1 1 1
v -0.563128 0.803331 0.073132 1 1 1
v -0.55236 0.796543 0.0676 1 1 1
v -0.555838 0.796543 0.065011 1 1 1
v -0.548258 0.806226 0.068509 1 1 1
v -0.544155 0.806226 0.0676 1 1 1
v -0.540677 0.796543 0.065011 1 1 1
v -0.538353 0.796543 0.061136 1 1 1
v -0.537537 0.796543 0.056566 1 1 1
v -0.538353 0.796543 0.051995 1 1 1
v -0.540677 0.796543 0.04812 1 1 1
v -0.544155 0.796543 0.045531 1 1 1
v -0.548258 0.806226 0.044622 1 1 1
v -0.548258 0.779807 0.056566 1 1 1
v -0.567687 0.803331 0.065531 1 1 1
v -0.558162 0.796543 0.061136 1 1 1
v -0.584158 0.7923 0.073132 1 1 1
v -0.595163 0.775792 0.07821 1 1 1
v -0.599028 0.756319 0.079994 1 1 1
v -0.595163 0.736846 0.07821 1 1 1
v -0.584158 0.720337 0.073132 1 1 1
v -0.575734 0.720337 0.087176 1 1 1
v -0.563128 0.720337 0.09656 1 1 1
v -0.563128 0.709307 0.073132 1 1 1
v -0.556305 0.709307 0.07821 1 1 1
v -0.567687 0.709307 0.065531 1 1 1
v -0.569287 0.709307 0.056566 1 1 1
v -0.587116 0.720337 0.056566 1 1 1
v -0.599028 0.736846 0.056566 1 1 1
v -0.603211 0.756319 0.056566 1 1 1
v -0.599028 0.775792 0.056566 1 1 1
v -0.587116 0.7923 0.056566 1 1 1
v -0.569287 0.803331 0.056566 1 1 1
v -0.558979 0.796543 0.056566 1 1 1
v -0.55236 0.806226 0.045531 1 1 1
v -0.555838 0.806226 0.04812 1 1 1
v -0.558162 0.796543 0.051995 1 1 1
v -0.567687 0.803331 0.0476 1 1 1
v -0.584158 0.7923 0.04 1 1 1
v -0.595163 0.775792 0.034921 1 1 1
v -0.599028 0.756319 0.033138 1 1 1
v -0.595163 0.736846 0.034921 1 1 1
v -0.584158 0.720337 0.04 1 1 1
v -0.567687 0.709307 0.0476 1 1 1
v -0.563128 0.709307 0.04 1 1 1
v -0.575734 0.720337 0.025956 1 1 1
v -0.584158 0.736846 0.016572 1 1 1
v -0.39439 0.769108 0.345327 1 1 1
v -0.395156 0.76984 0.346425 1 1 1
v -0.396514 0.770362 0.344387 1 1 1
v -0.395748 0.769629 0.343289 1 1 1
v -0.393841 0.769979 0.346264 1 1 1
v -0.39277 0.769774 0.34349 1 1 1
v -0.392221 0.770645 0.344427 1 1 1
v -0.394128 0.770295 0.341452 1 1 1
v -0.393205 0.816696 0.354355 1 1 1
v -0.391891 0.816835 0.354194 1 1 1
v -0.394563 0.817218 0.352317 1 1 1
v -0.394258 0.817744 0.350642 1 1 1
v -0.396208 0.770888 0.342712 1 1 1
v -0.394588 0.771554 0.340876 1 1 1
v -0.391916 0.771172 0.342752 1 1 1
v -0.393274 0.771694 0.340714 1 1 1
v -0.389965 0.818028 0.350682 1 1 1
v -0.390271 0.817501 0.352357 1 1 1
v -0.392351 0.818095 0.353617 1 1 1
v -0.390731 0.818761 0.351781 1 1 1
v -0.393709 0.818616 0.35158 1 1 1
v -0.392089 0.819282 0.349743 1 1 1
v -0.392637 0.81841 0.348805 1 1 1
v -0.391323 0.818549 0.348644 1 1 1
v -0.425214 0.687461 0.374362 1 1 1
v -0.43197 0.690654 0.377852 1 1 1
v -0.427107 0.693011 0.350934 1 1 1
v -0.439589 0.698911 0.357383 1 1 1
v -0.417596 0.685542 0.374014 1 1 1
v -0.41303 0.689466 0.350291 1 1 1
v -0.420568 0.69139 0.397086 1 1 1
v -0.436833 0.694635 0.383954 1 1 1
v -0.448576 0.706267 0.368658 1 1 1
v -0.426912 0.699131 0.340081 1 1 1
v -0.44159 0.706069 0.347666 1 1 1
v -0.452157 0.714719 0.360923 1 1 1
v -0.410359 0.694962 0.339326 1 1 1
v -0.410274 0.685189 0.376862 1 1 1
v -0.399501 0.688814 0.355553 1 1 1
v -0.394451 0.694196 0.345513 1 1 1
v -0.404364 0.686457 0.382472 1 1 1
v -0.38858 0.691156 0.365919 1 1 1
v -0.381609 0.69695 0.357702 1 1 1
v -0.367454 0.725233 0.336989 1 1 1
v -0.382899 0.721921 0.32233 1 1 1
v -0.402032 0.722842 0.314888 1 1 1
v -0.42194 0.727856 0.315797 1 1 1
v -0.439592 0.7362 0.324918 1 1 1
v -0.452301 0.746603 0.340863 1 1 1
v -0.452699 0.71396 0.383041 1 1 1
v -0.459564 0.712663 0.38304 1 1 1
v -0.458132 0.757482 0.361204 1 1 1
v -0.439065 0.698798 0.391738 1 1 1
v -0.438324 0.70251 0.40002 1 1 1
v -0.451331 0.720818 0.398343 1 1 1
v -0.457955 0.720727 0.401033 1 1 1
v -0.456198 0.767181 0.382844 1 1 1
v -0.443717 0.769166 0.332596 1 1 1
v -0.449104 0.779217 0.351389 1 1 1
v -0.447317 0.788177 0.371382 1 1 1
v -0.431976 0.759554 0.317865 1 1 1
v -0.415667 0.751845 0.309439 1 1 1
v -0.397274 0.747213 0.308599 1 1 1
v -0.379598 0.746362 0.315474 1 1 1
v -0.365329 0.749422 0.329017 1 1 1
v -0.373788 0.702805 0.374036 1 1 1
v -0.358048 0.732274 0.356634 1 1 1
v -0.356639 0.755928 0.347167 1 1 1
v -0.381929 0.696135 0.37981 1 1 1
v -0.400764 0.689152 0.38999 1 1 1
v -0.400024 0.692863 0.398271 1 1 1
v -0.380561 0.702993 0.395112 1 1 1
v -0.37218 0.710869 0.39203 1 1 1
v -0.356114 0.741973 0.378275 1 1 1
v -0.354851 0.764888 0.36716 1 1 1
v -0.362915 0.778637 0.341136 1 1 1
v -0.361547 0.785495 0.356438 1 1 1
v -0.369566 0.773658 0.327245 1 1 1
v -0.380487 0.771316 0.316879 1 1 1
v -0.394016 0.771967 0.311617 1 1 1
v -0.408093 0.775513 0.31226 1 1 1
v -0.420575 0.781413 0.318709 1 1 1
v -0.429562 0.788769 0.329984 1 1 1
v -0.433685 0.796462 0.344367 1 1 1
v -0.432317 0.803319 0.359669 1 1 1
v -0.446792 0.774222 0.402489 1 1 1
v -0.438627 0.794682 0.389531 1 1 1
v -0.425666 0.808298 0.37356 1 1 1
v -0.413482 0.810303 0.349489 1 1 1
v -0.414222 0.806592 0.341208 1 1 1
v -0.409882 0.812998 0.357008 1 1 1
v -0.411991 0.802429 0.333424 1 1 1
v -0.407127 0.798447 0.327322 1 1 1
v -0.400372 0.795254 0.323832 1 1 1
v -0.392753 0.793336 0.323484 1 1 1
v -0.385432 0.792983 0.326332 1 1 1
v -0.379521 0.794251 0.331941 1 1 1
v -0.375922 0.796945 0.339459 1 1 1
v -0.375181 0.800657 0.347741 1 1 1
v -0.360239 0.774939 0.385952 1 1 1
v -0.36567 0.793187 0.370821 1 1 1
v -0.377413 0.80482 0.355525 1 1 1
v -0.361945 0.752852 0.398616 1 1 1
v -0.377028 0.719915 0.408942 1 1 1
v -0.387595 0.728565 0.4222 1 1 1
v -0.374654 0.763255 0.41456 1 1 1
v -0.37198 0.78455 0.400683 1 1 1
v -0.374657 0.800544 0.382096 1 1 1
v -0.382276 0.808801 0.361627 1 1 1
v -0.387681 0.796452 0.353756 1 1 1
v -0.390161 0.798482 0.356866 1 1 1
v -0.383985 0.805431 0.344584 1 1 1
v -0.384363 0.803539 0.340362 1 1 1
v -0.388756 0.791064 0.341733 1 1 1
v -0.391769 0.790418 0.338873 1 1 1
v -0.395502 0.790597 0.337421 1 1 1
v -0.399386 0.791576 0.337599 1 1 1
v -0.40283 0.793203 0.339378 1 1 1
v -0.405309 0.795233 0.342489 1 1 1
v -0.403888 0.808457 0.341253 1 1 1
v -0.400917 0.776656 0.357116 1 1 1
v -0.389031 0.811994 0.365117 1 1 1
v -0.393604 0.80011 0.358646 1 1 1
v -0.387139 0.806444 0.388545 1 1 1
v -0.388289 0.792259 0.409111 1 1 1
v -0.392306 0.771599 0.423682 1 1 1
v -0.402272 0.735502 0.429784 1 1 1
v -0.406152 0.723942 0.427219 1 1 1
v -0.39367 0.718042 0.42077 1 1 1
v -0.384684 0.710686 0.409495 1 1 1
v -0.407119 0.701007 0.412157 1 1 1
v -0.402255 0.697026 0.406055 1 1 1
v -0.413874 0.704201 0.415647 1 1 1
v -0.421492 0.706119 0.415995 1 1 1
v -0.420229 0.727488 0.427862 1 1 1
v -0.418825 0.739671 0.43054 1 1 1
v -0.412214 0.776613 0.424591 1 1 1
v -0.406681 0.796891 0.40995 1 1 1
v -0.401216 0.809989 0.389188 1 1 1
v -0.39665 0.813913 0.365465 1 1 1
v -0.397488 0.801088 0.358823 1 1 1
v -0.403511 0.810349 0.345475 1 1 1
v -0.401676 0.811723 0.349308 1 1 1
v -0.401221 0.801267 0.357371 1 1 1
v -0.403972 0.814265 0.362617 1 1 1
v -0.414745 0.810641 0.383926 1 1 1
v -0.424358 0.797742 0.403075 1 1 1
v -0.431347 0.777534 0.417149 1 1 1
v -0.434734 0.740437 0.424352 1 1 1
v -0.433759 0.728139 0.4226 1 1 1
v -0.428814 0.706472 0.413147 1 1 1
v -0.434725 0.705204 0.407538 1 1 1
v -0.44468 0.725797 0.412235 1 1 1
v -0.447576 0.737683 0.412163 1 1 1
v -0.385835 0.791952 0.195046 1 1 1
v -0.387051 0.792549 0.194405 1 1 1
v -0.388896 0.791406 0.193058 1 1 1
v -0.389051 0.78996 0.192699 1 1 1
v -0.366828 0.798523 0.161632 1 1 1
v -0.365613 0.797925 0.162274 1 1 1
v -0.384775 0.789908 0.195328 1 1 1
v -0.364552 0.795881 0.162556 1 1 1
v -0.38799 0.787915 0.192981 1 1 1
v -0.368673 0.79738 0.160286 1 1 1
v -0.368828 0.795933 0.159926 1 1 1
v -0.367767 0.793889 0.160208 1 1 1
v -0.38493 0.788461 0.194969 1 1 1
v -0.386774 0.787318 0.193622 1 1 1
v -0.366551 0.793291 0.16085 1 1 1
v -0.364707 0.794435 0.162197 1 1 1
v -0.432137 0.825082 0.240327 1 1 1
v -0.436117 0.830309 0.234378 1 1 1
v -0.440667 0.807038 0.233087 1 1 1
v -0.44802 0.816698 0.222095 1 1 1
v -0.425777 0.822071 0.246108 1 1 1
v -0.428914 0.801475 0.243769 1 1 1
v -0.418157 0.841644 0.242096 1 1 1
v -0.437109 0.836958 0.229168 1 1 1
v -0.449853 0.828983 0.212467 1 1 1
v -0.442448 0.79026 0.221478 1 1 1
v -0.452054 0.802881 0.207117 1 1 1
v -0.45445 0.818932 0.194537 1 1 1
v -0.427092 0.782991 0.235434 1 1 1
v -0.418004 0.821735 0.250841 1 1 1
v -0.414551 0.800853 0.252515 1 1 1
v -0.408325 0.782179 0.246861 1 1 1
v -0.410001 0.824125 0.253806 1 1 1
v -0.399764 0.80527 0.257993 1 1 1
v -0.389005 0.78795 0.254019 1 1 1
v -0.379361 0.774801 0.24249 1 1 1
v -0.400274 0.768555 0.234743 1 1 1
v -0.420587 0.769433 0.222374 1 1 1
v -0.437208 0.777301 0.207268 1 1 1
v -0.447606 0.790962 0.191723 1 1 1
v -0.450199 0.808336 0.178107 1 1 1
v -0.445888 0.842023 0.205669 1 1 1
v -0.453422 0.840974 0.19283 1 1 1
v -0.444591 0.826777 0.168493 1 1 1
v -0.434963 0.844015 0.225488 1 1 1
v -0.430006 0.850407 0.2239 1 1 1
v -0.436728 0.853833 0.202735 1 1 1
v -0.441454 0.856404 0.188996 1 1 1
v -0.431637 0.843479 0.164343 1 1 1
v -0.432567 0.815845 0.156796 1 1 1
v -0.437747 0.798808 0.165679 1 1 1
v -0.420599 0.831275 0.152962 1 1 1
v -0.435352 0.782757 0.178258 1 1 1
v -0.425745 0.770135 0.192619 1 1 1
v -0.41039 0.762866 0.206576 1 1 1
v -0.391623 0.762055 0.218003 1 1 1
v -0.372302 0.767825 0.225161 1 1 1
v -0.372071 0.799424 0.255818 1 1 1
v -0.361033 0.78722 0.244437 1 1 1
v -0.355369 0.779299 0.22696 1 1 1
v -0.386803 0.814051 0.25937 1 1 1
v -0.402987 0.828877 0.254551 1 1 1
v -0.398029 0.835269 0.252963 1 1 1
v -0.377643 0.825861 0.256436 1 1 1
v -0.360103 0.814854 0.251985 1 1 1
v -0.348079 0.803921 0.240288 1 1 1
v -0.343401 0.794729 0.223126 1 1 1
v -0.346782 0.788676 0.203112 1 1 1
v -0.355942 0.776866 0.206046 1 1 1
v -0.368902 0.768084 0.204669 1 1 1
v -0.383689 0.763668 0.19919 1 1 1
v -0.398053 0.764289 0.190445 1 1 1
v -0.409805 0.769853 0.179763 1 1 1
v -0.417158 0.779512 0.168771 1 1 1
v -0.418992 0.791797 0.159143 1 1 1
v -0.415026 0.804837 0.152345 1 1 1
v -0.405867 0.816647 0.14941 1 1 1
v -0.413309 0.855898 0.16629 1 1 1
v -0.403665 0.842749 0.154761 1 1 1
v -0.392906 0.825429 0.150787 1 1 1
v -0.39464 0.79543 0.155817 1 1 1
v -0.389683 0.801821 0.154229 1 1 1
v -0.382669 0.806574 0.154974 1 1 1
v -0.396787 0.788373 0.159496 1 1 1
v -0.395794 0.781724 0.164707 1 1 1
v -0.391815 0.776496 0.170656 1 1 1
v -0.385454 0.773485 0.176437 1 1 1
v -0.377681 0.773149 0.18117 1 1 1
v -0.369678 0.775539 0.184135 1 1 1
v -0.362664 0.780292 0.18488 1 1 1
v -0.357707 0.786684 0.183292 1 1 1
v -0.33822 0.811767 0.214243 1 1 1
v -0.342817 0.801716 0.196313 1 1 1
v -0.355561 0.793741 0.179612 1 1 1
v -0.342471 0.822363 0.230673 1 1 1
v -0.354922 0.831891 0.243102 1 1 1
v -0.357318 0.847942 0.230522 1 1 1
v -0.345064 0.839736 0.217057 1 1 1
v -0.340616 0.827818 0.201664 1 1 1
v -0.34465 0.814001 0.186685 1 1 1
v -0.356553 0.800389 0.174402 1 1 1
v -0.368576 0.795932 0.179712 1 1 1
v -0.369082 0.799322 0.177055 1 1 1
v -0.365517 0.787331 0.174412 1 1 1
v -0.368045 0.784073 0.175222 1 1 1
v -0.375773 0.786654 0.182017 1 1 1
v -0.379853 0.785435 0.180505 1 1 1
v -0.383816 0.785606 0.178093 1 1 1
v -0.387058 0.787141 0.175145 1 1 1
v -0.389087 0.789807 0.172113 1 1 1
v -0.389593 0.793196 0.169456 1 1 1
v -0.384346 0.79179 0.160405 1 1 1
v -0.386262 0.803212 0.186985 1 1 1
v -0.360532 0.805617 0.168453 1 1 1
v -0.371111 0.801987 0.174023 1 1 1
v -0.352003 0.823661 0.175693 1 1 1
v -0.350222 0.840439 0.187302 1 1 1
v -0.355462 0.853398 0.201513 1 1 1
v -0.366925 0.860564 0.216161 1 1 1
v -0.382864 0.860846 0.229018 1 1 1
v -0.375512 0.851186 0.240009 1 1 1
v -0.373678 0.838902 0.249637 1 1 1
v -0.396876 0.848975 0.244073 1 1 1
v -0.395883 0.842326 0.249284 1 1 1
v -0.400855 0.854202 0.238125 1 1 1
v -0.407215 0.857213 0.232344 1 1 1
v -0.394617 0.86641 0.218336 1 1 1
v -0.38228 0.867833 0.202205 1 1 1
v -0.372083 0.861266 0.186406 1 1 1
v -0.365578 0.847708 0.173346 1 1 1
v -0.363756 0.829225 0.165012 1 1 1
v -0.366893 0.808628 0.162672 1 1 1
v -0.374353 0.803522 0.171076 1 1 1
v -0.381819 0.795048 0.159596 1 1 1
v -0.378243 0.797471 0.159976 1 1 1
v -0.378316 0.803693 0.168663 1 1 1
v -0.374666 0.808964 0.157939 1 1 1
v -0.378119 0.829845 0.156266 1 1 1
v -0.384345 0.84852 0.161919 1 1 1
v -0.392396 0.862144 0.174038 1 1 1
v -0.401047 0.868644 0.190778 1 1 1
v -0.40898 0.867031 0.20959 1 1 1
v -0.414989 0.857549 0.227611 1 1 1
v -0.422992 0.85516 0.224646 1 1 1
v -0.423768 0.862614 0.204112 1 1 1
v -0.420368 0.862874 0.18362 1 1 1
v -0.508335 0.676172 0.15502 1 1 1
v -0.508507 0.675817 0.153574 1 1 1
v -0.507179 0.676615 0.151544 1 1 1
v -0.506019 0.677562 0.151481 1 1 1
v -0.533148 0.705687 0.149183 1 1 1
v -0.532975 0.706042 0.150629 1 1 1
v -0.507003 0.677474 0.156403 1 1 1
v -0.531643 0.707344 0.152012 1 1 1
v -0.504687 0.678864 0.152864 1 1 1
v -0.531819 0.706485 0.147153 1 1 1
v -0.53066 0.707432 0.14709 1 1 1
v -0.529328 0.708735 0.148473 1 1 1
v -0.505843 0.678422 0.15634 1 1 1
v -0.504514 0.679219 0.15431 1 1 1
v -0.529155 0.709089 0.149919 1 1 1
v -0.530484 0.708292 0.151949 1 1 1
v -0.500764 0.605643 0.13889 1 1 1
v -0.505322 0.605643 0.131289 1 1 1
v -0.484293 0.616674 0.131289 1 1 1
v -0.492716 0.616674 0.117245 1 1 1
v -0.499163 0.605643 0.147855 1 1 1
v -0.481335 0.616674 0.147855 1 1 1
v -0.520193 0.60177 0.147855 1 1 1
v -0.512145 0.605643 0.126211 1 1 1
v -0.505322 0.616674 0.107861 1 1 1
v -0.473287 0.633182 0.126211 1 1 1
v -0.484293 0.633182 0.107861 1 1 1
v -0.500764 0.633182 0.095601 1 1 1
v -0.469422 0.633182 0.147855 1 1 1
v -0.500764 0.605643 0.156821 1 1 1
v -0.484293 0.616674 0.164421 1 1 1
v -0.473287 0.633182 0.1695 1 1 1
v -0.505322 0.605643 0.164421 1 1 1
v -0.492716 0.616674 0.178465 1 1 1
v -0.484293 0.633182 0.187849 1 1 1
v -0.469422 0.652655 0.171283 1 1 1
v -0.481335 0.652655 0.191144 1 1 1
v -0.465239 0.652655 0.147855 1 1 1
v -0.469422 0.652655 0.124427 1 1 1
v -0.481335 0.652655 0.104566 1 1 1
v -0.499163 0.652655 0.091295 1 1 1
v -0.520193 0.616674 0.104566 1 1 1
v -0.520193 0.623499 0.091295 1 1 1
v -0.520193 0.652655 0.086635 1 1 1
v -0.520193 0.605643 0.124427 1 1 1
v -0.528241 0.605643 0.126211 1 1 1
v -0.535063 0.616674 0.107861 1 1 1
v -0.539622 0.623499 0.095601 1 1 1
v -0.541223 0.652655 0.091295 1 1 1
v -0.520193 0.672128 0.091295 1 1 1
v -0.500764 0.672128 0.095601 1 1 1
v -0.539622 0.672128 0.095601 1 1 1
v -0.484293 0.672128 0.107861 1 1 1
v -0.473287 0.672128 0.126211 1 1 1
v -0.469422 0.672128 0.147855 1 1 1
v -0.473287 0.672128 0.1695 1 1 1
v -0.484293 0.672128 0.187849 1 1 1
v -0.500764 0.633182 0.20011 1 1 1
v -0.499163 0.652655 0.204415 1 1 1
v -0.500764 0.672128 0.20011 1 1 1
v -0.505322 0.616674 0.187849 1 1 1
v -0.512145 0.605643 0.1695 1 1 1
v -0.520193 0.605643 0.171283 1 1 1
v -0.520193 0.616674 0.191144 1 1 1
v -0.520193 0.633182 0.204415 1 1 1
v -0.520193 0.652655 0.209075 1 1 1
v -0.520193 0.672128 0.204415 1 1 1
v -0.505322 0.688637 0.187849 1 1 1
v -0.520193 0.688637 0.191144 1 1 1
v -0.492716 0.688637 0.178465 1 1 1
v -0.484293 0.688637 0.164421 1 1 1
v -0.481335 0.688637 0.147855 1 1 1
v -0.484293 0.688637 0.131289 1 1 1
v -0.492716 0.688637 0.117245 1 1 1
v -0.505322 0.688637 0.107861 1 1 1
v -0.520193 0.688637 0.104566 1 1 1
v -0.535063 0.688637 0.107861 1 1 1
v -0.559051 0.652655 0.104566 1 1 1
v -0.556093 0.672128 0.107861 1 1 1
v -0.54767 0.688637 0.117245 1 1 1
v -0.520193 0.699667 0.124427 1 1 1
v -0.528241 0.699667 0.126211 1 1 1
v -0.535063 0.699667 0.131289 1 1 1
v -0.512145 0.699667 0.126211 1 1 1
v -0.505322 0.699667 0.131289 1 1 1
v -0.500764 0.699667 0.13889 1 1 1
v -0.499163 0.699667 0.147855 1 1 1
v -0.500764 0.699667 0.156821 1 1 1
v -0.505322 0.699667 0.164421 1 1 1
v -0.512145 0.699667 0.1695 1 1 1
v -0.520193 0.699667 0.171283 1 1 1
v -0.539622 0.672128 0.20011 1 1 1
v -0.535063 0.688637 0.187849 1 1 1
v -0.528241 0.699667 0.1695 1 1 1
v -0.541223 0.652655 0.204415 1 1 1
v -0.539622 0.633182 0.20011 1 1 1
v -0.556093 0.633182 0.187849 1 1 1
v -0.559051 0.652655 0.191144 1 1 1
v -0.556093 0.672128 0.187849 1 1 1
v -0.54767 0.688637 0.178465 1 1 1
v -0.535063 0.699667 0.164421 1 1 1
v -0.527774 0.69288 0.156301 1 1 1
v -0.524296 0.69288 0.15889 1 1 1
v -0.520193 0.702563 0.159799 1 1 1
v -0.51609 0.702563 0.15889 1 1 1
v -0.512612 0.69288 0.156301 1 1 1
v -0.510288 0.69288 0.152426 1 1 1
v -0.509472 0.69288 0.147855 1 1 1
v -0.510288 0.69288 0.143285 1 1 1
v -0.512612 0.69288 0.13941 1 1 1
v -0.51609 0.69288 0.136821 1 1 1
v -0.520193 0.702563 0.135912 1 1 1
v -0.520193 0.676144 0.147855 1 1 1
v -0.539622 0.699667 0.156821 1 1 1
v -0.530098 0.69288 0.152426 1 1 1
v -0.556093 0.688637 0.164421 1 1 1
v -0.567099 0.672128 0.1695 1 1 1
v -0.570963 0.652655 0.171283 1 1 1
v -0.567099 0.633182 0.1695 1 1 1
v -0.556093 0.616674 0.164421 1 1 1
v -0.54767 0.616674 0.178465 1 1 1
v -0.535063 0.616674 0.187849 1 1 1
v -0.535063 0.605643 0.164421 1 1 1
v -0.528241 0.605643 0.1695 1 1 1
v -0.539622 0.605643 0.156821 1 1 1
v -0.541223 0.605643 0.147855 1 1 1
v -0.559051 0.616674 0.147855 1 1 1
v -0.570963 0.633182 0.147855 1 1 1
v -0.575146 0.652655 0.147855 1 1 1
v -0.570963 0.672128 0.147855 1 1 1
v -0.559051 0.688637 0.147855 1 1 1
v -0.541223 0.699667 0.147855 1 1 1
v -0.530914 0.69288 0.147855 1 1 1
v -0.524296 0.702563 0.136821 1 1 1
v -0.527774 0.702563 0.13941 1 1 1
v -0.530098 0.69288 0.143285 1 1 1
v -0.539622 0.699667 0.13889 1 1 1
v -0.556093 0.688637 0.131289 1 1 1
v -0.567099 0.672128 0.126211 1 1 1
v -0.570963 0.652655 0.124427 1 1 1
v -0.567099 0.633182 0.126211 1 1 1
v -0.556093 0.616674 0.131289 1 1 1
v -0.539622 0.605643 0.13889 1 1 1
v -0.535063 0.605643 0.131289 1 1 1
v -0.54767 0.616674 0.117245 1 1 1
v -0.556093 0.633182 0.107861 1 1 1
v -0.522141 0.659226 0.266132 1 1 1
v -0.521011 0.658989 0.26713 1 1 1
v -0.52304 0.658382 0.268465 1 1 1
v -0.52417 0.65862 0.267468 1 1 1
v -0.521122 0.660123 0.266441 1 1 1
v -0.52387 0.661044 0.265746 1 1 1
v -0.52285 0.661941 0.266055 1 1 1
v -0.525899 0.660437 0.267082 1 1 1
v -0.509307 0.688521 0.302528 1 1 1
v -0.509418 0.689655 0.301839 1 1 1
v -0.511336 0.687915 0.303864 1 1 1
v -0.512954 0.688598 0.304167 1 1 1
v -0.524658 0.659066 0.268769 1 1 1
v -0.526386 0.660884 0.268383 1 1 1
v -0.524468 0.662624 0.266358 1 1 1
v -0.526497 0.662018 0.267694 1 1 1
v -0.511147 0.691473 0.301454 1 1 1
v -0.512765 0.692156 0.301757 1 1 1
v -0.509905 0.690101 0.30314 1 1 1
v -0.511634 0.691919 0.302755 1 1 1
v -0.511935 0.689495 0.304476 1 1 1
v -0.514683 0.690416 0.303782 1 1 1
v -0.513663 0.691313 0.30409 1 1 1
v -0.514794 0.69155 0.303093 1 1 1
v -0.500652 0.583015 0.21934 1 1 1
v -0.497119 0.579377 0.225843 1 1 1
v -0.51708 0.579879 0.237949 1 1 1
v -0.523607 0.586602 0.225932 1 1 1
v -0.500926 0.587884 0.21317 1 1 1
v -0.524113 0.595598 0.214532 1 1 1
v -0.477558 0.587433 0.218567 1 1 1
v -0.490866 0.577523 0.231691 1 1 1
v -0.505525 0.576454 0.248754 1 1 1
v -0.52625 0.583368 0.245258 1 1 1
v -0.533925 0.591273 0.231127 1 1 1
v -0.512663 0.57934 0.257963 1 1 1
v -0.53452 0.601851 0.217722 1 1 1
v -0.497899 0.593243 0.208274 1 1 1
v -0.518521 0.605499 0.205485 1 1 1
v -0.527944 0.613494 0.207085 1 1 1
v -0.492033 0.598275 0.205397 1 1 1
v -0.507681 0.614797 0.200168 1 1 1
v -0.515198 0.624427 0.200833 1 1 1
v -0.533155 0.654343 0.215389 1 1 1
v -0.548484 0.641193 0.222907 1 1 1
v -0.556393 0.627191 0.235702 1 1 1
v -0.555677 0.614468 0.251823 1 1 1
v -0.546447 0.604961 0.268818 1 1 1
v -0.530106 0.600117 0.284098 1 1 1
v -0.490701 0.576848 0.256702 1 1 1
v -0.491011 0.570639 0.259889 1 1 1
v -0.509142 0.600674 0.295338 1 1 1
v -0.482843 0.577737 0.235992 1 1 1
v -0.474274 0.579984 0.238093 1 1 1
v -0.474867 0.581001 0.260582 1 1 1
v -0.472391 0.575522 0.264452 1 1 1
v -0.486748 0.606547 0.300827 1 1 1
v -0.536284 0.621247 0.297 1 1 1
v -0.516917 0.621762 0.307384 1 1 1
v -0.496228 0.627188 0.312454 1 1 1
v -0.551382 0.625722 0.282882 1 1 1
v -0.55991 0.634506 0.267181 1 1 1
v -0.560571 0.64626 0.252287 1 1 1
v -0.553264 0.659197 0.240467 1 1 1
v -0.539102 0.671345 0.23352 1 1 1
v -0.498224 0.632987 0.199919 1 1 1
v -0.51274 0.664637 0.21429 1 1 1
v -0.520241 0.680856 0.232505 1 1 1
v -0.493246 0.622077 0.199391 1 1 1
v -0.48422 0.602214 0.204976 1 1 1
v -0.47565 0.604462 0.207077 1 1 1
v -0.47741 0.62623 0.203272 1 1 1
v -0.479604 0.63787 0.204482 1 1 1
v -0.490346 0.67051 0.219778 1 1 1
v -0.499551 0.686282 0.237575 1 1 1
v -0.524621 0.690184 0.254534 1 1 1
v -0.508786 0.694337 0.258415 1 1 1
v -0.539057 0.682904 0.255311 1 1 1
v -0.549896 0.673606 0.260628 1 1 1
v -0.555489 0.663706 0.269674 1 1 1
v -0.554983 0.654709 0.281074 1 1 1
v -0.548455 0.647986 0.293091 1 1 1
v -0.536901 0.644561 0.303896 1 1 1
v -0.522077 0.644955 0.311844 1 1 1
v -0.506243 0.649108 0.315725 1 1 1
v -0.466333 0.616842 0.299728 1 1 1
v -0.477366 0.636699 0.311439 1 1 1
v -0.491807 0.656387 0.314948 1 1 1
v -0.515268 0.66897 0.31014 1 1 1
v -0.523838 0.666723 0.30804 1 1 1
v -0.507455 0.67291 0.309719 1 1 1
v -0.53186 0.66651 0.303738 1 1 1
v -0.538114 0.668363 0.297891 1 1 1
v -0.541646 0.672002 0.291387 1 1 1
v -0.54192 0.676871 0.285218 1 1 1
v -0.538893 0.682229 0.280322 1 1 1
v -0.533027 0.687261 0.277444 1 1 1
v -0.525214 0.691201 0.277024 1 1 1
v -0.516644 0.693448 0.279124 1 1 1
v -0.480184 0.686797 0.24796 1 1 1
v -0.493963 0.694731 0.266363 1 1 1
v -0.508622 0.693661 0.283425 1 1 1
v -0.469382 0.671067 0.231018 1 1 1
v -0.462173 0.638333 0.213828 1 1 1
v -0.448586 0.634305 0.226534 1 1 1
v -0.453042 0.666224 0.246298 1 1 1
v -0.465087 0.682321 0.262077 1 1 1
v -0.482408 0.691306 0.277168 1 1 1
v -0.502369 0.691808 0.289273 1 1 1
v -0.511358 0.680582 0.283203 1 1 1
v -0.508171 0.679637 0.286184 1 1 1
v -0.51967 0.689638 0.28843 1 1 1
v -0.524039 0.688492 0.287359 1 1 1
v -0.5238 0.67732 0.280154 1 1 1
v -0.526791 0.674754 0.281621 1 1 1
v -0.528334 0.672023 0.284117 1 1 1
v -0.528194 0.66954 0.287262 1 1 1
v -0.526393 0.667686 0.290577 1 1 1
v -0.523205 0.666741 0.293558 1 1 1
v -0.523337 0.676014 0.303171 1 1 1
v -0.509985 0.657823 0.275557 1 1 1
v -0.498836 0.688169 0.295776 1 1 1
v -0.50637 0.677783 0.289499 1 1 1
v -0.475881 0.684583 0.289185 1 1 1
v -0.456558 0.673538 0.277778 1 1 1
v -0.443811 0.656716 0.263293 1 1 1
v -0.440911 0.626401 0.240664 1 1 1
v -0.444505 0.616476 0.234042 1 1 1
v -0.451032 0.623198 0.222025 1 1 1
v -0.462587 0.626623 0.21122 1 1 1
v -0.461375 0.602821 0.217226 1 1 1
v -0.467628 0.604675 0.211378 1 1 1
v -0.457842 0.599183 0.223729 1 1 1
v -0.457568 0.594314 0.229899 1 1 1
v -0.443999 0.607479 0.245442 1 1 1
v -0.440316 0.615822 0.254069 1 1 1
v -0.443095 0.643993 0.279415 1 1 1
v -0.455897 0.661783 0.292673 1 1 1
v -0.475375 0.675586 0.300584 1 1 1
v -0.498563 0.6833 0.301946 1 1 1
v -0.50623 0.675301 0.292645 1 1 1
v -0.518968 0.67716 0.304242 1 1 1
v -0.514986 0.679168 0.304027 1 1 1
v -0.507773 0.672569 0.295141 1 1 1
v -0.501589 0.677942 0.306842 1 1 1
v -0.480968 0.665685 0.309631 1 1 1
v -0.463204 0.648847 0.304493 1 1 1
v -0.451004 0.629991 0.292209 1 1 1
v -0.446892 0.60418 0.264707 1 1 1
v -0.449592 0.597578 0.254489 1 1 1
v -0.460595 0.588956 0.234795 1 1 1
v -0.466461 0.583924 0.237672 1 1 1
v -0.460431 0.58828 0.259805 1 1 1
v -0.459637 0.593246 0.270958 1 1 1
v -0.435318 0.70979 0.227408 1 1 1
v -0.435517 0.710651 0.2263 1 1 1
v -0.433982 0.71265 0.225772 1 1 1
v -0.432642 0.713273 0.226487 1 1 1
v -0.463983 0.732103 0.247491 1 1 1
v -0.463783 0.731241 0.248599 1 1 1
v -0.433778 0.709551 0.229232 1 1 1
v -0.462245 0.731003 0.250423 1 1 1
v -0.431103 0.713035 0.228312 1 1 1
v -0.462448 0.734102 0.246963 1 1 1
v -0.461108 0.734725 0.247679 1 1 1
v -0.459569 0.734487 0.249503 1 1 1
v -0.432439 0.710175 0.229948 1 1 1
v -0.430904 0.712173 0.22942 1 1 1
v -0.45937 0.733625 0.250611 1 1 1
v -0.460905 0.731626 0.251139 1 1 1
v -0.426571 0.678889 0.162223 1 1 1
v -0.431837 0.684554 0.157878 1 1 1
v -0.407543 0.691267 0.166631 1 1 1
v -0.417274 0.701735 0.158602 1 1 1
v -0.424722 0.672206 0.167348 1 1 1
v -0.404126 0.678919 0.176101 1 1 1
v -0.449016 0.669849 0.164275 1 1 1
v -0.439719 0.688339 0.154975 1 1 1
v -0.431837 0.708729 0.153237 1 1 1
v -0.407543 0.718776 0.166337 1 1 1
v -0.394829 0.705099 0.176826 1 1 1
v -0.426571 0.727914 0.159327 1 1 1
v -0.390364 0.688966 0.1892 1 1 1
v -0.426571 0.665524 0.172474 1 1 1
v -0.407543 0.666572 0.185571 1 1 1
v -0.394829 0.672834 0.201574 1 1 1
v -0.431837 0.659859 0.176819 1 1 1
v -0.417274 0.656104 0.1936 1 1 1
v -0.407543 0.659157 0.212064 1 1 1
v -0.404126 0.668552 0.229399 1 1 1
v -0.390364 0.683355 0.218045 1 1 1
v -0.385531 0.700817 0.204652 1 1 1
v -0.390364 0.718279 0.191258 1 1 1
v -0.404126 0.733083 0.179904 1 1 1
v -0.424722 0.742974 0.172318 1 1 1
v -0.449016 0.711185 0.151354 1 1 1
v -0.449016 0.72523 0.149183 1 1 1
v -0.449016 0.746448 0.169654 1 1 1
v -0.449016 0.689668 0.153955 1 1 1
v -0.458313 0.688339 0.154975 1 1 1
v -0.466195 0.708729 0.153237 1 1 1
v -0.471462 0.722021 0.151644 1 1 1
v -0.473311 0.742975 0.172318 1 1 1
v -0.449016 0.754826 0.187769 1 1 1
v -0.426571 0.751617 0.19023 1 1 1
v -0.471462 0.751617 0.19023 1 1 1
v -0.407543 0.742478 0.19724 1 1 1
v -0.394829 0.728801 0.207729 1 1 1
v -0.390364 0.712669 0.220103 1 1 1
v -0.394829 0.696536 0.232477 1 1 1
v -0.407543 0.682859 0.242967 1 1 1
v -0.426571 0.650018 0.219073 1 1 1
v -0.424722 0.65866 0.236985 1 1 1
v -0.426571 0.673721 0.249976 1 1 1
v -0.431837 0.64911 0.198964 1 1 1
v -0.439719 0.656074 0.179722 1 1 1
v -0.449016 0.654744 0.180741 1 1 1
v -0.449016 0.646654 0.200848 1 1 1
v -0.449016 0.646809 0.221534 1 1 1
v -0.449016 0.655187 0.23965 1 1 1
v -0.449016 0.670512 0.252437 1 1 1
v -0.431837 0.692906 0.256066 1 1 1
v -0.449016 0.69045 0.25795 1 1 1
v -0.417274 0.6999 0.250701 1 1 1
v -0.407543 0.710368 0.242673 1 1 1
v -0.404126 0.722715 0.233202 1 1 1
v -0.407543 0.735063 0.223732 1 1 1
v -0.417274 0.745531 0.215703 1 1 1
v -0.431837 0.752525 0.210339 1 1 1
v -0.449016 0.754981 0.208455 1 1 1
v -0.466195 0.752525 0.210339 1 1 1
v -0.493907 0.733083 0.179904 1 1 1
v -0.49049 0.742478 0.19724 1 1 1
v -0.480759 0.745531 0.215703 1 1 1
v -0.458313 0.745561 0.229581 1 1 1
v -0.449016 0.746891 0.228562 1 1 1
v -0.466195 0.741776 0.232484 1 1 1
v -0.439719 0.745561 0.229581 1 1 1
v -0.431837 0.741776 0.232484 1 1 1
v -0.426571 0.736111 0.23683 1 1 1
v -0.424722 0.729429 0.241955 1 1 1
v -0.426571 0.722746 0.24708 1 1 1
v -0.431837 0.717081 0.251425 1 1 1
v -0.439719 0.713296 0.254329 1 1 1
v -0.449016 0.711967 0.255348 1 1 1
v -0.471462 0.673721 0.249976 1 1 1
v -0.466195 0.692906 0.256066 1 1 1
v -0.458313 0.713296 0.254329 1 1 1
v -0.473311 0.658661 0.236985 1 1 1
v -0.471462 0.650018 0.219073 1 1 1
v -0.49049 0.659157 0.212064 1 1 1
v -0.493907 0.668552 0.229399 1 1 1
v -0.49049 0.682859 0.242967 1 1 1
v -0.480759 0.6999 0.250701 1 1 1
v -0.466195 0.717081 0.251425 1 1 1
v -0.457774 0.719003 0.241397 1 1 1
v -0.453756 0.717073 0.242877 1 1 1
v -0.449016 0.722289 0.25108 1 1 1
v -0.444277 0.722967 0.250561 1 1 1
v -0.440259 0.719003 0.241397 1 1 1
v -0.437574 0.721891 0.239182 1 1 1
v -0.436631 0.725298 0.236569 1 1 1
v -0.437574 0.728704 0.233956 1 1 1
v -0.440259 0.731592 0.231741 1 1 1
v -0.444277 0.733522 0.230261 1 1 1
v -0.449016 0.740093 0.237425 1 1 1
v -0.449016 0.715113 0.223289 1 1 1
v -0.471462 0.722746 0.24708 1 1 1
v -0.460459 0.721891 0.239182 1 1 1
v -0.49049 0.710368 0.242673 1 1 1
v -0.503204 0.696536 0.232477 1 1 1
v -0.507669 0.683356 0.218045 1 1 1
v -0.503204 0.672834 0.201574 1 1 1
v -0.49049 0.666572 0.185571 1 1 1
v -0.480759 0.656104 0.1936 1 1 1
v -0.466195 0.64911 0.198964 1 1 1
v -0.466195 0.659859 0.176819 1 1 1
v -0.458313 0.656074 0.179722 1 1 1
v -0.471462 0.665524 0.172474 1 1 1
v -0.473311 0.672206 0.167348 1 1 1
v -0.493907 0.678919 0.176101 1 1 1
v -0.507669 0.688966 0.1892 1 1 1
v -0.512501 0.700817 0.204652 1 1 1
v -0.507669 0.712669 0.220103 1 1 1
v -0.493907 0.722715 0.233202 1 1 1
v -0.473311 0.729429 0.241955 1 1 1
v -0.461402 0.725298 0.236569 1 1 1
v -0.453756 0.739415 0.237945 1 1 1
v -0.457774 0.737486 0.239425 1 1 1
v -0.460459 0.728704 0.233956 1 1 1
v -0.471462 0.736111 0.23683 1 1 1
v -0.49049 0.735063 0.223732 1 1 1
v -0.503204 0.728801 0.207729 1 1 1
v -0.507669 0.718279 0.191258 1 1 1
v -0.503204 0.705099 0.176826 1 1 1
v -0.49049 0.691267 0.16663 1 1 1
v -0.471462 0.678889 0.162223 1 1 1
v -0.466195 0.684554 0.157878 1 1 1
v -0.480759 0.701735 0.158602 1 1 1
v -0.49049 0.718776 0.166337 1 1 1
v -0.45772 0.826034 0.286513 1 1 1
v -0.458125 0.824926 0.2873 1 1 1
v -0.460282 0.824907 0.288706 1 1 1
v -0.461479 0.826 0.288964 1 1 1
v -0.432332 0.83786 0.317093 1 1 1
v -0.432737 0.836752 0.31788 1 1 1
v -0.458512 0.828235 0.285984 1 1 1
v -0.433124 0.840061 0.316564 1 1 1
v -0.462272 0.828201 0.288435 1 1 1
v -0.434894 0.836733 0.319286 1 1 1
v -0.436092 0.837826 0.319544 1 1 1
v -0.436884 0.840027 0.319015 1 1 1
v -0.45971 0.829328 0.286242 1 1 1
v -0.461867 0.829309 0.287648 1 1 1
v -0.436479 0.841135 0.318228 1 1 1
v -0.434322 0.841154 0.316822 1 1 1
v -0.475109 0.76622 0.249092 1 1 1
v -0.473332 0.760546 0.255676 1 1 1
v -0.494872 0.776292 0.255629 1 1 1
v -0.491588 0.765807 0.267795 1 1 1
v -0.473251 0.771597 0.242613 1 1 1
v -0.491437 0.786226 0.243656 1 1 1
v -0.451396 0.761309 0.247279 1 1 1
v -0.468189 0.755437 0.261362 1 1 1
v -0.482085 0.756368 0.278301 1 1 1
v -0.507675 0.78999 0.265894 1 1 1
v -0.503384 0.776291 0.281789 1 1 1
v -0.490968 0.763958 0.295517 1 1 1
v -0.503188 0.80297 0.250251 1 1 1
v -0.468039 0.775856 0.237224 1 1 1
v -0.481808 0.794097 0.233699 1 1 1
v -0.490606 0.813254 0.237242 1 1 1
v -0.460268 0.778351 0.233747 1 1 1
v -0.467448 0.798707 0.227274 1 1 1
v -0.471844 0.819277 0.228847 1 1 1
v -0.493094 0.83041 0.247312 1 1 1
v -0.472787 0.836929 0.238225 1 1 1
v -0.506713 0.819279 0.261393 1 1 1
v -0.51157 0.80523 0.278325 1 1 1
v -0.506925 0.790402 0.29553 1 1 1
v -0.493486 0.777053 0.310389 1 1 1
v -0.46781 0.749411 0.28555 1 1 1
v -0.472743 0.747484 0.298738 1 1 1
v -0.473299 0.767215 0.320639 1 1 1
v -0.460464 0.751673 0.265285 1 1 1
v -0.451332 0.749824 0.266847 1 1 1
v -0.450937 0.745996 0.288436 1 1 1
v -0.450697 0.743022 0.302509 1 1 1
v -0.449437 0.762385 0.324721 1 1 1
v -0.489256 0.793658 0.320652 1 1 1
v -0.470605 0.784569 0.330122 1 1 1
v -0.44856 0.780107 0.333893 1 1 1
v -0.501672 0.805992 0.306924 1 1 1
v -0.505963 0.819691 0.291029 1 1 1
v -0.501476 0.83267 0.275386 1 1 1
v -0.488894 0.842954 0.262376 1 1 1
v -0.470132 0.848977 0.253982 1 1 1
v -0.44976 0.820121 0.226345 1 1 1
v -0.448882 0.837844 0.235517 1 1 1
v -0.448048 0.849822 0.251479 1 1 1
v -0.450545 0.799353 0.225359 1 1 1
v -0.45112 0.778701 0.23271 1 1 1
v -0.441989 0.776853 0.234272 1 1 1
v -0.433672 0.795938 0.228245 1 1 1
v -0.427714 0.81566 0.230116 1 1 1
v -0.42502 0.833014 0.239599 1 1 1
v -0.426002 0.84536 0.25525 1 1 1
v -0.430509 0.850817 0.274688 1 1 1
v -0.447382 0.854233 0.271802 1 1 1
v -0.464285 0.853586 0.273717 1 1 1
v -0.478644 0.848976 0.280142 1 1 1
v -0.488274 0.841105 0.290099 1 1 1
v -0.491708 0.831171 0.302072 1 1 1
v -0.488424 0.820686 0.314237 1 1 1
v -0.478921 0.811247 0.324744 1 1 1
v -0.464647 0.80429 0.331992 1 1 1
v -0.447774 0.800875 0.334879 1 1 1
v -0.425532 0.763299 0.322012 1 1 1
v -0.426475 0.780952 0.331391 1 1 1
v -0.430871 0.801522 0.332963 1 1 1
v -0.447199 0.821527 0.327528 1 1 1
v -0.456331 0.823376 0.325965 1 1 1
v -0.438051 0.821877 0.326491 1 1 1
v -0.464056 0.827141 0.322043 1 1 1
v -0.469199 0.832249 0.316357 1 1 1
v -0.470976 0.837924 0.309773 1 1 1
v -0.469118 0.8433 0.303293 1 1 1
v -0.463906 0.84756 0.297904 1 1 1
v -0.456135 0.850054 0.294427 1 1 1
v -0.446987 0.850404 0.293391 1 1 1
v -0.437856 0.848556 0.294953 1 1 1
v -0.407351 0.83627 0.264721 1 1 1
v -0.416234 0.843861 0.281936 1 1 1
v -0.43013 0.844791 0.298875 1 1 1
v -0.404833 0.823176 0.249849 1 1 1
v -0.409063 0.80657 0.239586 1 1 1
v -0.396647 0.794237 0.253314 1 1 1
v -0.391394 0.809826 0.264708 1 1 1
v -0.394935 0.823937 0.278448 1 1 1
v -0.406732 0.834421 0.292443 1 1 1
v -0.424987 0.839682 0.304562 1 1 1
v -0.438744 0.835289 0.300173 1 1 1
v -0.436122 0.832684 0.303072 1 1 1
v -0.442257 0.844593 0.304423 1 1 1
v -0.446912 0.845535 0.303626 1 1 1
v -0.452001 0.837972 0.297906 1 1 1
v -0.455963 0.8367 0.299678 1 1 1
v -0.458619 0.834528 0.302425 1 1 1
v -0.459567 0.831788 0.305728 1 1 1
v -0.458661 0.828895 0.309085 1 1 1
v -0.456039 0.826291 0.311984 1 1 1
v -0.451675 0.831756 0.320233 1 1 1
v -0.448127 0.818027 0.295278 1 1 1
v -0.42321 0.834008 0.311146 1 1 1
v -0.435216 0.829792 0.306429 1 1 1
v -0.403447 0.823937 0.304609 1 1 1
v -0.390644 0.810238 0.294344 1 1 1
v -0.38675 0.794999 0.281913 1 1 1
v -0.392357 0.780538 0.269209 1 1 1
v -0.406611 0.769057 0.258166 1 1 1
v -0.409895 0.779542 0.246 1 1 1
v -0.419397 0.788981 0.235494 1 1 1
v -0.42912 0.767979 0.243881 1 1 1
v -0.434263 0.773088 0.238195 1 1 1
v -0.427343 0.762305 0.250465 1 1 1
v -0.429201 0.756929 0.256945 1 1 1
v -0.410045 0.759123 0.270139 1 1 1
v -0.396843 0.767558 0.284852 1 1 1
v -0.391606 0.78095 0.298845 1 1 1
v -0.395131 0.797259 0.309987 1 1 1
v -0.406881 0.814003 0.316581 1 1 1
v -0.425068 0.828632 0.317625 1 1 1
v -0.436163 0.827051 0.309732 1 1 1
v -0.44702 0.830814 0.321029 1 1 1
v -0.442356 0.830992 0.320501 1 1 1
v -0.43882 0.824879 0.312479 1 1 1
v -0.43028 0.824372 0.323014 1 1 1
v -0.416511 0.806131 0.326538 1 1 1
v -0.407714 0.786975 0.322996 1 1 1
v -0.405225 0.769818 0.312926 1 1 1
v -0.409426 0.757274 0.297861 1 1 1
v -0.419675 0.751252 0.280096 1 1 1
v -0.434413 0.752669 0.262333 1 1 1
v -0.442184 0.750174 0.265811 1 1 1
v -0.434034 0.746642 0.286521 1 1 1
v -0.428187 0.751251 0.306256 1 1 1
v -0.382879 0.731619 0.272832 1 1 1
v -0.383212 0.729835 0.272491 1 1 1
v -0.385749 0.730989 0.272999 1 1 1
v -0.386393 0.732336 0.274077 1 1 1
v -0.381971 0.730324 0.273192 1 1 1
v -0.382281 0.733456 0.274612 1 1 1
v -0.381373 0.73216 0.274972 1 1 1
v -0.385795 0.734172 0.275857 1 1 1
v -0.383488 0.69222 0.297307 1 1 1
v -0.384729 0.69173 0.296607 1 1 1
v -0.387266 0.692885 0.297115 1 1 1
v -0.38791 0.694232 0.298193 1 1 1
v -0.387312 0.696068 0.299973 1 1 1
v -0.382017 0.733507 0.27605 1 1 1
v -0.384554 0.734661 0.276558 1 1 1
v -0.386071 0.696557 0.300673 1 1 1
v -0.383534 0.695403 0.300166 1 1 1
v -0.38289 0.694056 0.299087 1 1 1
v -0.387002 0.692936 0.298553 1 1 1
v -0.386404 0.694773 0.300332 1 1 1
v -0.386074 0.748214 0.202455 1 1 1
v -0.391707 0.74056 0.200016 1 1 1
v -0.401102 0.766249 0.213888 1 1 1
v -0.411509 0.752106 0.209382 1 1 1
v -0.37813 0.752304 0.204755 1 1 1
v -0.386424 0.773806 0.218139 1 1 1
v -0.370134 0.72544 0.197803 1 1 1
v -0.39417 0.730508 0.197811 1 1 1
v -0.416061 0.733532 0.205307 1 1 1
v -0.419781 0.75596 0.21634 1 1 1
v -0.407544 0.77259 0.221638 1 1 1
v -0.425134 0.734119 0.211548 1 1 1
v -0.390284 0.781476 0.226637 1 1 1
v -0.369084 0.752207 0.206568 1 1 1
v -0.369709 0.773627 0.221488 1 1 1
v -0.370629 0.781266 0.230575 1 1 1
v -0.360313 0.747938 0.207616 1 1 1
v -0.353502 0.765739 0.223425 1 1 1
v -0.351572 0.771991 0.232852 1 1 1
v -0.35244 0.777537 0.262858 1 1 1
v -0.375359 0.788692 0.260119 1 1 1
v -0.398998 0.788944 0.255383 1 1 1
v -0.419756 0.778258 0.249371 1 1 1
v -0.434474 0.758257 0.242999 1 1 1
v -0.440912 0.731989 0.237236 1 1 1
v -0.414064 0.713353 0.202284 1 1 1
v -0.420893 0.711981 0.198631 1 1 1
v -0.438088 0.703451 0.23296 1 1 1
v -0.393089 0.719587 0.196175 1 1 1
v -0.388629 0.70946 0.195356 1 1 1
v -0.405823 0.694641 0.200772 1 1 1
v -0.411202 0.689979 0.196853 1 1 1
v -0.426433 0.676989 0.230822 1 1 1
v -0.440087 0.727656 0.256807 1 1 1
v -0.437479 0.701291 0.252857 1 1 1
v -0.426711 0.676844 0.250882 1 1 1
v -0.43414 0.751925 0.262131 1 1 1
v -0.420542 0.770403 0.268018 1 1 1
v -0.401364 0.780277 0.273573 1 1 1
v -0.379525 0.780043 0.277948 1 1 1
v -0.35835 0.769738 0.280479 1 1 1
v -0.336014 0.755064 0.233123 1 1 1
v -0.333728 0.757179 0.263183 1 1 1
v -0.341063 0.750929 0.280779 1 1 1
v -0.340271 0.751344 0.223655 1 1 1
v -0.353153 0.740148 0.20774 1 1 1
v -0.348693 0.730021 0.206922 1 1 1
v -0.33203 0.732632 0.222143 1 1 1
v -0.326323 0.733062 0.231345 1 1 1
v -0.322073 0.730717 0.261045 1 1 1
v -0.330295 0.726482 0.278804 1 1 1
v -0.346096 0.720815 0.291721 1 1 1
v -0.354338 0.739527 0.293233 1 1 1
v -0.367569 0.753922 0.293003 1 1 1
v -0.383775 0.76181 0.291066 1 1 1
v -0.40049 0.761989 0.287718 1 1 1
v -0.415169 0.754432 0.283467 1 1 1
v -0.425576 0.740289 0.278961 1 1 1
v -0.430128 0.721715 0.274886 1 1 1
v -0.428131 0.701536 0.271862 1 1 1
v -0.41989 0.682824 0.27035 1 1 1
v -0.407721 0.656631 0.231147 1 1 1
v -0.409424 0.658035 0.251182 1 1 1
v -0.406659 0.668429 0.270581 1 1 1
v -0.411468 0.704147 0.287083 1 1 1
v -0.407008 0.69402 0.286265 1 1 1
v -0.399848 0.68623 0.286389 1 1 1
v -0.412549 0.715068 0.288719 1 1 1
v -0.410086 0.725121 0.290925 1 1 1
v -0.404453 0.732774 0.293363 1 1 1
v -0.396509 0.736864 0.295664 1 1 1
v -0.387463 0.736767 0.297476 1 1 1
v -0.378692 0.732499 0.298525 1 1 1
v -0.371532 0.724708 0.298649 1 1 1
v -0.367071 0.714581 0.297831 1 1 1
v -0.327686 0.700116 0.274854 1 1 1
v -0.3441 0.700636 0.288698 1 1 1
v -0.365991 0.70366 0.296195 1 1 1
v -0.319249 0.702179 0.256769 1 1 1
v -0.323975 0.709334 0.22779 1 1 1
v -0.329328 0.687492 0.222998 1 1 1
v -0.325687 0.675911 0.251007 1 1 1
v -0.333633 0.675848 0.26953 1 1 1
v -0.348651 0.682062 0.284623 1 1 1
v -0.368454 0.693608 0.293989 1 1 1
v -0.377331 0.702446 0.286675 1 1 1
v -0.376076 0.707571 0.2878 1 1 1
v -0.378519 0.711548 0.297996 1 1 1
v -0.380793 0.716711 0.298414 1 1 1
v -0.382551 0.722272 0.288988 1 1 1
v -0.387022 0.724449 0.288453 1 1 1
v -0.391634 0.724498 0.287529 1 1 1
v -0.395683 0.722413 0.286356 1 1 1
v -0.398555 0.718511 0.285113 1 1 1
v -0.399811 0.713387 0.283989 1 1 1
v -0.401152 0.706229 0.292517 1 1 1
v -0.384672 0.713227 0.269713 1 1 1
v -0.374087 0.685954 0.291551 1 1 1
v -0.380203 0.698545 0.285432 1 1 1
v -0.359059 0.66792 0.280117 1 1 1
v -0.347231 0.65737 0.263642 1 1 1
v -0.340405 0.655911 0.244634 1 1 1
v -0.341565 0.670863 0.2177 1 1 1
v -0.344992 0.679737 0.210539 1 1 1
v -0.334585 0.693879 0.215045 1 1 1
v -0.330033 0.712453 0.21912 1 1 1
v -0.350075 0.709048 0.203081 1 1 1
v -0.347612 0.7191 0.205286 1 1 1
v -0.355708 0.701394 0.200642 1 1 1
v -0.363652 0.697304 0.198341 1 1 1
v -0.359671 0.67218 0.206288 1 1 1
v -0.358825 0.661977 0.212701 1 1 1
v -0.361163 0.645224 0.238623 1 1 1
v -0.36641 0.647496 0.258088 1 1 1
v -0.373737 0.660363 0.275866 1 1 1
v -0.382031 0.681865 0.28925 1 1 1
v -0.384253 0.69646 0.284259 1 1 1
v -0.398879 0.701067 0.2921 1 1 1
v -0.395228 0.697095 0.292164 1 1 1
v -0.388864 0.696509 0.283335 1 1 1
v -0.391077 0.681961 0.287438 1 1 1
v -0.390452 0.660542 0.272517 1 1 1
v -0.388249 0.64773 0.253713 1 1 1
v -0.384802 0.645477 0.233887 1 1 1
v -0.37848 0.662187 0.208763 1 1 1
v -0.376386 0.672359 0.202939 1 1 1
v -0.372698 0.697401 0.196529 1 1 1
v -0.381469 0.701669 0.195481 1 1 1
v -0.392592 0.680246 0.201002 1 1 1
v -0.397537 0.671462 0.206486 1 1 1
v -0.555485 0.808865 0.240512 1 1 1
v -0.556335 0.807632 0.240484 1 1 1
v -0.558737 0.807305 0.241289 1 1 1
v -0.559671 0.808295 0.241915 1 1 1
v -0.543149 0.797753 0.2758 1 1 1
v -0.542299 0.798987 0.275828 1 1 1
v -0.555569 0.81109 0.241165 1 1 1
v -0.542383 0.801212 0.276481 1 1 1
v -0.559755 0.81052 0.242569 1 1 1
v -0.545551 0.797426 0.276605 1 1 1
v -0.546485 0.798417 0.277231 1 1 1
v -0.546569 0.800642 0.277885 1 1 1
v -0.556503 0.812081 0.241791 1 1 1
v -0.558905 0.811754 0.242596 1 1 1
v -0.545719 0.801876 0.277912 1 1 1
v -0.543317 0.802203 0.277107 1 1 1
v -0.568213 0.780989 0.174536 1 1 1
v -0.570141 0.772717 0.177068 1 1 1
v -0.585965 0.789615 0.18236 1 1 1
v -0.589527 0.774331 0.187038 1 1 1
v -0.563205 0.788313 0.172484 1 1 1
v -0.576711 0.803149 0.178567 1 1 1
v -0.547772 0.77359 0.174 1 1 1
v -0.568696 0.764758 0.179694 1 1 1
v -0.586857 0.759623 0.19189 1 1 1
v -0.602979 0.778186 0.202392 1 1 1
v -0.598324 0.798156 0.196279 1 1 1
v -0.59949 0.75897 0.20873 1 1 1
v -0.586234 0.815839 0.191323 1 1 1
v -0.555879 0.793576 0.171223 1 1 1
v -0.563176 0.812872 0.176237 1 1 1
v -0.568549 0.828543 0.188279 1 1 1
v -0.547352 0.795975 0.170945 1 1 1
v -0.547419 0.817305 0.175724 1 1 1
v -0.547962 0.834334 0.187609 1 1 1
v -0.548898 0.84447 0.204791 1 1 1
v -0.571182 0.838201 0.205515 1 1 1
v -0.590324 0.82445 0.208811 1 1 1
v -0.60341 0.80531 0.214175 1 1 1
v -0.608449 0.783695 0.220791 1 1 1
v -0.604672 0.762896 0.227652 1 1 1
v -0.57836 0.747732 0.196176 1 1 1
v -0.58786 0.74049 0.20512 1 1 1
v -0.592655 0.746078 0.233714 1 1 1
v -0.564097 0.758322 0.182014 1 1 1
v -0.557045 0.75439 0.183674 1 1 1
v -0.565329 0.740466 0.199244 1 1 1
v -0.570835 0.730997 0.209129 1 1 1
v -0.574228 0.735803 0.238053 1 1 1
v -0.590512 0.755266 0.251374 1 1 1
v -0.601614 0.770804 0.245774 1 1 1
v -0.573488 0.745773 0.255383 1 1 1
v -0.605103 0.79002 0.239435 1 1 1
v -0.600448 0.80999 0.233323 1 1 1
v -0.588358 0.827673 0.228367 1 1 1
v -0.570673 0.840377 0.225323 1 1 1
v -0.550086 0.846168 0.224653 1 1 1
v -0.527606 0.832331 0.189416 1 1 1
v -0.526866 0.842301 0.206747 1 1 1
v -0.529731 0.844165 0.22646 1 1 1
v -0.531839 0.815772 0.177107 1 1 1
v -0.538921 0.795145 0.171694 1 1 1
v -0.531869 0.791213 0.173354 1 1 1
v -0.518809 0.808506 0.180176 1 1 1
v -0.510582 0.822838 0.193425 1 1 1
v -0.508439 0.832026 0.211086 1 1 1
v -0.512706 0.834672 0.230469 1 1 1
v -0.535764 0.837638 0.245555 1 1 1
v -0.522734 0.830373 0.248624 1 1 1
v -0.551344 0.839171 0.244172 1 1 1
v -0.567101 0.834739 0.244685 1 1 1
v -0.580636 0.825015 0.247015 1 1 1
v -0.58989 0.811481 0.250808 1 1 1
v -0.593452 0.796197 0.255486 1 1 1
v -0.590782 0.78149 0.260338 1 1 1
v -0.582285 0.769598 0.264624 1 1 1
v -0.569254 0.762332 0.267692 1 1 1
v -0.552196 0.733635 0.240009 1 1 1
v -0.553132 0.74377 0.25719 1 1 1
v -0.553675 0.760799 0.269075 1 1 1
v -0.562173 0.782959 0.273106 1 1 1
v -0.569225 0.786892 0.271445 1 1 1
v -0.553742 0.78213 0.273854 1 1 1
v -0.573824 0.793327 0.269126 1 1 1
v -0.575269 0.801287 0.2665 1 1 1
v -0.573341 0.809559 0.263968 1 1 1
v -0.568333 0.816883 0.261915 1 1 1
v -0.561008 0.822146 0.260654 1 1 1
v -0.55248 0.824544 0.260377 1 1 1
v -0.544049 0.823715 0.261125 1 1 1
v -0.536997 0.819782 0.262786 1 1 1
v -0.501604 0.819135 0.236069 1 1 1
v -0.514237 0.818481 0.25291 1 1 1
v -0.532398 0.813347 0.265106 1 1 1
v -0.496422 0.815209 0.217148 1 1 1
v -0.49948 0.807301 0.199025 1 1 1
v -0.495991 0.788085 0.205364 1 1 1
v -0.492646 0.794409 0.224009 1 1 1
v -0.498115 0.799918 0.242408 1 1 1
v -0.511567 0.803773 0.257761 1 1 1
v -0.530953 0.805387 0.267731 1 1 1
v -0.541445 0.80232 0.260973 1 1 1
v -0.542182 0.806377 0.259635 1 1 1
v -0.545054 0.812601 0.267663 1 1 1
v -0.548649 0.814605 0.266816 1 1 1
v -0.552419 0.812086 0.257224 1 1 1
v -0.556767 0.810863 0.257366 1 1 1
v -0.560501 0.80818 0.258008 1 1 1
v -0.563054 0.804446 0.259055 1 1 1
v -0.564037 0.800229 0.260346 1 1 1
v -0.5633 0.796172 0.261684 1 1 1
v -0.561484 0.795833 0.272077 1 1 1
v -0.551828 0.796189 0.244741 1 1 1
v -0.532881 0.797115 0.270263 1 1 1
v -0.542428 0.798103 0.262264 1 1 1
v -0.51513 0.788489 0.26244 1 1 1
v -0.50277 0.779949 0.248521 1 1 1
v -0.497684 0.772794 0.230625 1 1 1
v -0.500646 0.768115 0.211477 1 1 1
v -0.511205 0.766623 0.193992 1 1 1
v -0.507642 0.781907 0.189313 1 1 1
v -0.510312 0.796614 0.184462 1 1 1
v -0.525825 0.776817 0.1783 1 1 1
v -0.52727 0.784777 0.175674 1 1 1
v -0.527753 0.768546 0.180832 1 1 1
v -0.532761 0.761221 0.182884 1 1 1
v -0.520458 0.753089 0.197785 1 1 1
v -0.512736 0.750432 0.216433 1 1 1
v -0.51077 0.753654 0.235989 1 1 1
v -0.51486 0.762266 0.253476 1 1 1
v -0.524383 0.774955 0.266233 1 1 1
v -0.537889 0.789791 0.272316 1 1 1
v -0.544981 0.794369 0.263311 1 1 1
v -0.557889 0.793828 0.272924 1 1 1
v -0.553591 0.793405 0.273305 1 1 1
v -0.548715 0.791686 0.263953 1 1 1
v -0.545215 0.784529 0.273577 1 1 1
v -0.537918 0.765232 0.268563 1 1 1
v -0.532545 0.749561 0.256521 1 1 1
v -0.529912 0.739903 0.239284 1 1 1
v -0.530421 0.737727 0.219477 1 1 1
v -0.533993 0.743365 0.200115 1 1 1
v -0.540086 0.755959 0.184145 1 1 1
v -0.548614 0.75356 0.184423 1 1 1
v -0.54975 0.738933 0.200627 1 1 1
v -0.551008 0.731936 0.220147 1 1 1
v -0.533102 0.77793 0.35211 1 1 1
v -0.532584 0.776922 0.350807 1 1 1
v -0.530748 0.779433 0.352556 1 1 1
v -0.53023 0.778424 0.351253 1 1 1
v -0.533953 0.777628 0.350846 1 1 1
v -0.534091 0.78046 0.35252 1 1 1
v -0.534942 0.780159 0.351256 1 1 1
v -0.531737 0.781963 0.352967 1 1 1
v -0.531556 0.788184 0.302512 1 1 1
v -0.532925 0.788891 0.302552 1 1 1
v -0.529202 0.789687 0.302959 1 1 1
v -0.528822 0.79151 0.30333 1 1 1
v -0.52985 0.780247 0.351624 1 1 1
v -0.530839 0.782777 0.352034 1 1 1
v -0.534562 0.781981 0.351627 1 1 1
v -0.532208 0.783484 0.352074 1 1 1
v -0.533535 0.793244 0.303333 1 1 1
v -0.533915 0.791421 0.302962 1 1 1
v -0.532027 0.789705 0.301619 1 1 1
v -0.533017 0.792235 0.302029 1 1 1
v -0.529673 0.791208 0.302066 1 1 1
v -0.529811 0.794039 0.30374 1 1 1
v -0.530662 0.793737 0.302476 1 1 1
v -0.53118 0.794746 0.303779 1 1 1
v -0.521183 0.709147 0.412671 1 1 1
v -0.514654 0.704593 0.407416 1 1 1
v -0.509311 0.731568 0.41916 1 1 1
v -0.497246 0.723152 0.40945 1 1 1
v -0.529709 0.71169 0.415184 1 1 1
v -0.525064 0.736267 0.423804 1 1 1
v -0.534559 0.691996 0.397742 1 1 1
v -0.511114 0.698721 0.400218 1 1 1
v -0.490706 0.712301 0.39615 1 1 1
v -0.490334 0.733809 0.407457 1 1 1
v -0.504521 0.743705 0.418876 1 1 1
v -0.482643 0.72105 0.391819 1 1 1
v -0.523045 0.74923 0.424336 1 1 1
v -0.538932 0.711835 0.414572 1 1 1
v -0.542107 0.736533 0.422673 1 1 1
v -0.543084 0.749543 0.423007 1 1 1
v -0.547449 0.709559 0.410929 1 1 1
v -0.557844 0.732327 0.415941 1 1 1
v -0.56159 0.744598 0.41509 1 1 1
v -0.543185 0.7853 0.409271 1 1 1
v -0.565441 0.779351 0.39975 1 1 1
v -0.519083 0.784922 0.41087 1 1 1
v -0.496805 0.778278 0.404303 1 1 1
v -0.479743 0.766376 0.39057 1 1 1
v -0.470493 0.751031 0.371762 1 1 1
v -0.490686 0.700667 0.381287 1 1 1
v -0.483285 0.69752 0.38205 1 1 1
v -0.470464 0.734577 0.350742 1 1 1
v -0.511103 0.692424 0.392174 1 1 1
v -0.514622 0.686662 0.384508 1 1 1
v -0.497189 0.69002 0.367123 1 1 1
v -0.490932 0.685001 0.365394 1 1 1
v -0.479661 0.71952 0.330711 1 1 1
v -0.473739 0.755081 0.335734 1 1 1
v -0.473765 0.770283 0.355154 1 1 1
v -0.482236 0.741171 0.317227 1 1 1
v -0.482311 0.78446 0.37253 1 1 1
v -0.498075 0.795455 0.385218 1 1 1
v -0.518657 0.801595 0.391285 1 1 1
v -0.540924 0.801943 0.389808 1 1 1
v -0.561486 0.796448 0.381012 1 1 1
v -0.575743 0.735145 0.401792 1 1 1
v -0.582463 0.767983 0.383756 1 1 1
v -0.577212 0.785945 0.366236 1 1 1
v -0.569881 0.724289 0.404632 1 1 1
v -0.553963 0.705208 0.404809 1 1 1
v -0.557482 0.699446 0.397143 1 1 1
v -0.576384 0.713642 0.390468 1 1 1
v -0.58339 0.722626 0.385136 1 1 1
v -0.59166 0.752926 0.363725 1 1 1
v -0.585709 0.772034 0.347729 1 1 1
v -0.571439 0.786836 0.33318 1 1 1
v -0.564936 0.797483 0.347344 1 1 1
v -0.552899 0.805521 0.358654 1 1 1
v -0.537162 0.809727 0.365386 1 1 1
v -0.520119 0.809461 0.366516 1 1 1
v -0.504366 0.804762 0.361873 1 1 1
v -0.492301 0.796347 0.352162 1 1 1
v -0.485761 0.785496 0.338863 1 1 1
v -0.485741 0.773861 0.324 1 1 1
v -0.492244 0.763214 0.309835 1 1 1
v -0.496684 0.708152 0.314717 1 1 1
v -0.497962 0.730668 0.302451 1 1 1
v -0.50428 0.755176 0.298526 1 1 1
v -0.508161 0.782295 0.309659 1 1 1
v -0.504642 0.788057 0.317324 1 1 1
v -0.514676 0.777945 0.303538 1 1 1
v -0.504653 0.794353 0.325369 1 1 1
v -0.508193 0.800226 0.332566 1 1 1
v -0.514722 0.80478 0.337821 1 1 1
v -0.523248 0.807323 0.340334 1 1 1
v -0.532471 0.807468 0.339722 1 1 1
v -0.540988 0.805192 0.336079 1 1 1
v -0.547502 0.800841 0.329959 1 1 1
v -0.551021 0.795079 0.322293 1 1 1
v -0.585683 0.756833 0.328309 1 1 1
v -0.571419 0.775202 0.318316 1 1 1
v -0.551011 0.788782 0.314249 1 1 1
v -0.591631 0.736473 0.342705 1 1 1
v -0.583366 0.708945 0.367659 1 1 1
v -0.575675 0.696186 0.352021 1 1 1
v -0.582382 0.721127 0.323897 1 1 1
v -0.577137 0.742656 0.310933 1 1 1
v -0.564878 0.764351 0.305017 1 1 1
v -0.547471 0.78291 0.307051 1 1 1
v -0.53831 0.780251 0.318708 1 1 1
v -0.540115 0.783244 0.322378 1 1 1
v -0.539455 0.796303 0.31877 1 1 1
v -0.537661 0.799241 0.322678 1 1 1
v -0.535005 0.791609 0.333507 1 1 1
v -0.530663 0.79277 0.335364 1 1 1
v -0.525961 0.792696 0.335676 1 1 1
v -0.521615 0.7914 0.334395 1 1 1
v -0.518286 0.789078 0.331716 1 1 1
v -0.516482 0.786084 0.328046 1 1 1
v -0.515811 0.792723 0.316237 1 1 1
v -0.529448 0.767642 0.338535 1 1 1
v -0.540941 0.778356 0.301796 1 1 1
v -0.534981 0.777929 0.316029 1 1 1
v -0.552813 0.755935 0.295307 1 1 1
v -0.561373 0.73166 0.298245 1 1 1
v -0.565319 0.709226 0.310164 1 1 1
v -0.561489 0.68629 0.340602 1 1 1
v -0.557758 0.682741 0.352594 1 1 1
v -0.569823 0.691157 0.362305 1 1 1
v -0.576364 0.702007 0.375604 1 1 1
v -0.553932 0.687277 0.381901 1 1 1
v -0.557472 0.69315 0.389099 1 1 1
v -0.547402 0.682723 0.376646 1 1 1
v -0.538877 0.68018 0.374133 1 1 1
v -0.542005 0.678043 0.347951 1 1 1
v -0.542965 0.680765 0.335142 1 1 1
v -0.543041 0.702581 0.303597 1 1 1
v -0.540791 0.725521 0.292178 1 1 1
v -0.53706 0.751237 0.290663 1 1 1
v -0.532416 0.775813 0.299283 1 1 1
v -0.530635 0.776632 0.314748 1 1 1
v -0.517605 0.789786 0.312329 1 1 1
v -0.520926 0.787568 0.309209 1 1 1
v -0.525933 0.776559 0.31506 1 1 1
v -0.523193 0.775668 0.299895 1 1 1
v -0.520018 0.75097 0.291793 1 1 1
v -0.518524 0.725173 0.293655 1 1 1
v -0.51894 0.702204 0.305196 1 1 1
v -0.522925 0.680452 0.336471 1 1 1
v -0.524963 0.677776 0.349081 1 1 1
v -0.529654 0.680036 0.374745 1 1 1
v -0.521137 0.682312 0.378388 1 1 1
v -0.509225 0.681982 0.355813 1 1 1
v -0.50442 0.685397 0.344387 1 1 1
v -0.370925 0.640019 0.097367 1 1 1
v -0.372362 0.639897 0.096468 1 1 1
v -0.369606 0.641488 0.095251 1 1 1
v -0.371043 0.641365 0.094352 1 1 1
v -0.372202 0.640012 0.098144 1 1 1
v -0.369624 0.641341 0.099148 1 1 1
v -0.370901 0.641334 0.099925 1 1 1
v -0.368305 0.64281 0.097032 1 1 1
v -0.406978 0.663567 0.096102 1 1 1
v -0.406817 0.663682 0.097779 1 1 1
v -0.405659 0.665035 0.093987 1 1 1
v -0.404519 0.666241 0.094091 1 1 1
v -0.369903 0.642572 0.094457 1 1 1
v -0.368602 0.643893 0.096238 1 1 1
v -0.36976 0.64254 0.10003 1 1 1
v -0.368442 0.644008 0.097914 1 1 1
v -0.404376 0.66621 0.099664 1 1 1
v -0.405516 0.665003 0.09956 1 1 1
v -0.407115 0.664766 0.096985 1 1 1
v -0.405814 0.666087 0.098766 1 1 1
v -0.405796 0.666234 0.094869 1 1 1
v -0.404495 0.667556 0.09665 1 1 1
v -0.403218 0.667563 0.095872 1 1 1
v -0.403057 0.667678 0.097548 1 1 1
v -0.349409 0.576798 0.068612 1 1 1
v -0.354842 0.577108 0.060049 1 1 1
v -0.332874 0.592841 0.062199 1 1 1
v -0.342914 0.593413 0.046377 1 1 1
v -0.347351 0.575519 0.078652 1 1 1
v -0.329071 0.590477 0.080751 1 1 1
v -0.370786 0.566692 0.077684 1 1 1
v -0.362824 0.576401 0.054269 1 1 1
v -0.357662 0.592106 0.035697 1 1 1
v -0.323698 0.612376 0.059421 1 1 1
v -0.336816 0.613123 0.038749 1 1 1
v -0.356085 0.611415 0.024794 1 1 1
v -0.318729 0.609287 0.083661 1 1 1
v -0.348981 0.573465 0.088643 1 1 1
v -0.332084 0.586681 0.099211 1 1 1
v -0.322666 0.604328 0.10778 1 1 1
v -0.354052 0.570949 0.097062 1 1 1
v -0.341454 0.582031 0.114768 1 1 1
v -0.334908 0.598253 0.128106 1 1 1
v -0.322162 0.623719 0.113045 1 1 1
v -0.335413 0.617143 0.135045 1 1 1
v -0.317901 0.629087 0.086938 1 1 1
v -0.323279 0.63243 0.060701 1 1 1
v -0.337477 0.633239 0.038326 1 1 1
v -0.358335 0.63139 0.023221 1 1 1
v -0.374873 0.589119 0.031782 1 1 1
v -0.376589 0.59817 0.018083 1 1 1
v -0.382675 0.627166 0.017685 1 1 1
v -0.372139 0.574784 0.05215 1 1 1
v -0.381368 0.572504 0.054016 1 1 1
v -0.391927 0.584906 0.03523 1 1 1
v -0.39887 0.592667 0.022588 1 1 1
v -0.406793 0.621209 0.022561 1 1 1
v -0.386555 0.645087 0.026103 1 1 1
v -0.364067 0.64899 0.031217 1 1 1
v -0.408837 0.639584 0.030608 1 1 1
v -0.344798 0.650697 0.045173 1 1 1
v -0.33168 0.64995 0.065844 1 1 1
v -0.326711 0.646862 0.090084 1 1 1
v -0.330648 0.641902 0.114203 1 1 1
v -0.34289 0.635827 0.134529 1 1 1
v -0.353593 0.591986 0.141544 1 1 1
v -0.355637 0.610361 0.149591 1 1 1
v -0.361575 0.629561 0.147968 1 1 1
v -0.355754 0.577235 0.125053 1 1 1
v -0.361792 0.568353 0.102628 1 1 1
v -0.371022 0.566073 0.104494 1 1 1
v -0.372808 0.573023 0.128501 1 1 1
v -0.375875 0.586483 0.146049 1 1 1
v -0.379755 0.604404 0.154467 1 1 1
v -0.383857 0.624057 0.152473 1 1 1
v -0.370503 0.646663 0.136922 1 1 1
v -0.387557 0.642451 0.14037 1 1 1
v -0.356202 0.65146 0.126637 1 1 1
v -0.346832 0.656109 0.11108 1 1 1
v -0.34382 0.659905 0.09262 1 1 1
v -0.347622 0.662269 0.074067 1 1 1
v -0.357662 0.662841 0.058246 1 1 1
v -0.37241 0.661534 0.047565 1 1 1
v -0.389621 0.658547 0.043651 1 1 1
v -0.406676 0.654335 0.047099 1 1 1
v -0.427017 0.614427 0.037107 1 1 1
v -0.427521 0.633317 0.044046 1 1 1
v -0.420976 0.649539 0.057384 1 1 1
v -0.400638 0.663217 0.069524 1 1 1
v -0.391409 0.665497 0.067658 1 1 1
v -0.408377 0.660621 0.07509 1 1 1
v -0.382094 0.667113 0.069776 1 1 1
v -0.374112 0.66782 0.075557 1 1 1
v -0.368679 0.667511 0.084119 1 1 1
v -0.366621 0.666232 0.09416 1 1 1
v -0.368251 0.664177 0.10415 1 1 1
v -0.373322 0.661661 0.112569 1 1 1
v -0.381061 0.659065 0.118136 1 1 1
v -0.390291 0.656786 0.120002 1 1 1
v -0.406344 0.620155 0.147358 1 1 1
v -0.404768 0.639464 0.136456 1 1 1
v -0.399606 0.655169 0.117883 1 1 1
v -0.404095 0.600179 0.148931 1 1 1
v -0.398362 0.58258 0.140935 1 1 1
v -0.417632 0.580873 0.12698 1 1 1
v -0.424952 0.598331 0.133826 1 1 1
v -0.425614 0.618447 0.133403 1 1 1
v -0.419516 0.638157 0.125775 1 1 1
v -0.407587 0.654462 0.112103 1 1 1
v -0.393922 0.651548 0.104973 1 1 1
v -0.397991 0.651187 0.102026 1 1 1
v -0.391159 0.661714 0.10765 1 1 1
v -0.386453 0.662877 0.106698 1 1 1
v -0.380523 0.654858 0.102264 1 1 1
v -0.377938 0.65614 0.097972 1 1 1
v -0.377107 0.657188 0.092878 1 1 1
v -0.378156 0.65784 0.08776 1 1 1
v -0.380926 0.657998 0.083395 1 1 1
v -0.384995 0.657637 0.080448 1 1 1
v -0.391728 0.666155 0.080965 1 1 1
v -0.386029 0.638446 0.08995 1 1 1
v -0.413021 0.654772 0.103541 1 1 1
v -0.400761 0.651345 0.097661 1 1 1
v -0.429556 0.638729 0.109954 1 1 1
v -0.438731 0.619194 0.112732 1 1 1
v -0.439151 0.59914 0.111452 1 1 1
v -0.430749 0.58162 0.106308 1 1 1
v -0.414807 0.569301 0.098085 1 1 1
v -0.404768 0.568729 0.113906 1 1 1
v -0.39002 0.570036 0.124587 1 1 1
v -0.388318 0.563749 0.096596 1 1 1
v -0.380336 0.564457 0.102376 1 1 1
v -0.393751 0.564059 0.088033 1 1 1
v -0.395809 0.565338 0.077993 1 1 1
v -0.41861 0.571665 0.079532 1 1 1
v -0.435718 0.584708 0.082068 1 1 1
v -0.444529 0.602483 0.085214 1 1 1
v -0.4437 0.622282 0.088491 1 1 1
v -0.433359 0.641093 0.091401 1 1 1
v -0.415079 0.656051 0.0935 1 1 1
v -0.401811 0.651997 0.092542 1 1 1
v -0.396433 0.664993 0.081916 1 1 1
v -0.400379 0.66367 0.084754 1 1 1
v -0.400979 0.653045 0.087449 1 1 1
v -0.413448 0.658105 0.083509 1 1 1
v -0.430346 0.644889 0.072941 1 1 1
v -0.439764 0.627242 0.064372 1 1 1
v -0.440268 0.607851 0.059108 1 1 1
v -0.431782 0.589667 0.057949 1 1 1
v -0.415597 0.57546 0.061072 1 1 1
v -0.394179 0.567392 0.068002 1 1 1
v -0.389108 0.569909 0.059583 1 1 1
v -0.406228 0.58011 0.045515 1 1 1
v -0.419539 0.595743 0.037623 1 1 1
v -0.467375 0.618925 0.111648 1 1 1
v -0.467527 0.61978 0.110618 1 1 1
v -0.466354 0.621815 0.110567 1 1 1
v -0.489287 0.642314 0.140833 1 1 1
v -0.489135 0.641459 0.141863 1 1 1
v -0.466198 0.618727 0.113671 1 1 1
v -0.487958 0.641261 0.143886 1 1 1
v -0.464154 0.622275 0.113583 1 1 1
v -0.488114 0.64435 0.140783 1 1 1
v -0.48709 0.645007 0.141775 1 1 1
v -0.46533 0.622472 0.11156 1 1 1
v -0.465175 0.619384 0.114663 1 1 1
v -0.464001 0.62142 0.114613 1 1 1
v -0.485913 0.644809 0.143798 1 1 1
v -0.485761 0.643954 0.144828 1 1 1
v -0.486934 0.641919 0.144879 1 1 1
v -0.452938 0.59164 0.031681 1 1 1
v -0.458782 0.59991 0.026736 1 1 1
v -0.440568 0.605529 0.043911 1 1 1
v -0.449315 0.617906 0.03651 1 1 1
v -0.450886 0.581886 0.037513 1 1 1
v -0.437496 0.59093 0.05264 1 1 1
v -0.477847 0.576361 0.028274 1 1 1
v -0.467529 0.605436 0.023432 1 1 1
v -0.462405 0.626175 0.031565 1 1 1
v -0.446144 0.626571 0.044196 1 1 1
v -0.436425 0.612819 0.052419 1 1 1
v -0.460689 0.63576 0.038702 1 1 1
v -0.433012 0.596598 0.062119 1 1 1
v -0.452938 0.572131 0.043346 1 1 1
v -0.440568 0.576331 0.061369 1 1 1
v -0.436425 0.580377 0.071818 1 1 1
v -0.458782 0.563861 0.048291 1 1 1
v -0.449315 0.563955 0.068769 1 1 1
v -0.446144 0.566625 0.080041 1 1 1
v -0.433012 0.591585 0.093598 1 1 1
v -0.443532 0.5767 0.102498 1 1 1
v -0.429318 0.609143 0.083099 1 1 1
v -0.433012 0.626701 0.072601 1 1 1
v -0.443532 0.641586 0.063701 1 1 1
v -0.459275 0.651532 0.057754 1 1 1
v -0.477847 0.622841 0.019396 1 1 1
v -0.477847 0.632748 0.026339 1 1 1
v -0.477847 0.655025 0.055665 1 1 1
v -0.477847 0.607376 0.022272 1 1 1
v -0.488164 0.605436 0.023432 1 1 1
v -0.493288 0.619937 0.021132 1 1 1
v -0.495004 0.629522 0.028269 1 1 1
v -0.496418 0.651532 0.057754 1 1 1
v -0.477847 0.664077 0.078734 1 1 1
v -0.460689 0.660851 0.080664 1 1 1
v -0.495004 0.660851 0.080664 1 1 1
v -0.446144 0.651662 0.086158 1 1 1
v -0.436425 0.63791 0.094381 1 1 1
v -0.433012 0.621689 0.10408 1 1 1
v -0.436425 0.605467 0.11378 1 1 1
v -0.446144 0.591715 0.122003 1 1 1
v -0.460689 0.557436 0.085535 1 1 1
v -0.459275 0.566755 0.108445 1 1 1
v -0.460689 0.582527 0.127497 1 1 1
v -0.462405 0.555685 0.073714 1 1 1
v -0.467529 0.558336 0.051595 1 1 1
v -0.477847 0.556395 0.052755 1 1 1
v -0.477847 0.552781 0.075451 1 1 1
v -0.477847 0.554209 0.087464 1 1 1
v -0.477847 0.563262 0.110534 1 1 1
v -0.477847 0.5793 0.129426 1 1 1
v -0.464715 0.602351 0.139789 1 1 1
v -0.477847 0.599881 0.141266 1 1 1
v -0.453582 0.609383 0.135584 1 1 1
v -0.446144 0.619909 0.129291 1 1 1
v -0.443532 0.632324 0.121867 1 1 1
v -0.446144 0.64474 0.114444 1 1 1
v -0.453582 0.655265 0.10815 1 1 1
v -0.464715 0.662297 0.103945 1 1 1
v -0.477847 0.664767 0.102468 1 1 1
v -0.490978 0.662297 0.103945 1 1 1
v -0.512161 0.641586 0.063701 1 1 1
v -0.509549 0.651662 0.086158 1 1 1
v -0.502111 0.655265 0.10815 1 1 1
v -0.484954 0.655652 0.124052 1 1 1
v -0.477847 0.656989 0.123253 1 1 1
v -0.490978 0.651846 0.126328 1 1 1
v -0.47074 0.655652 0.124052 1 1 1
v -0.464715 0.651846 0.126328 1 1 1
v -0.460689 0.64615 0.129734 1 1 1
v -0.459275 0.639431 0.133752 1 1 1
v -0.460689 0.632711 0.13777 1 1 1
v -0.464715 0.627015 0.141176 1 1 1
v -0.47074 0.623209 0.143451 1 1 1
v -0.477847 0.621872 0.144251 1 1 1
v -0.495004 0.582527 0.127497 1 1 1
v -0.490978 0.602351 0.139789 1 1 1
v -0.484954 0.623209 0.143451 1 1 1
v -0.496418 0.566755 0.108445 1 1 1
v -0.495004 0.557436 0.085535 1 1 1
v -0.509549 0.566625 0.080041 1 1 1
v -0.512161 0.5767 0.102498 1 1 1
v -0.509549 0.591715 0.122003 1 1 1
v -0.502111 0.609384 0.135584 1 1 1
v -0.490978 0.627015 0.141176 1 1 1
v -0.48147 0.626788 0.131383 1 1 1
v -0.484541 0.628728 0.130223 1 1 1
v -0.477847 0.632345 0.142224 1 1 1
v -0.474223 0.633026 0.141817 1 1 1
v -0.471152 0.628728 0.130223 1 1 1
v -0.4691 0.631632 0.128487 1 1 1
v -0.468379 0.635058 0.126439 1 1 1
v -0.4691 0.638483 0.12439 1 1 1
v -0.471152 0.641387 0.122654 1 1 1
v -0.474223 0.643327 0.121494 1 1 1
v -0.477847 0.650247 0.13152 1 1 1
v -0.477847 0.624276 0.108407 1 1 1
v -0.495004 0.632711 0.13777 1 1 1
v -0.486593 0.631632 0.128487 1 1 1
v -0.509549 0.619909 0.129291 1 1 1
v -0.519268 0.605467 0.11378 1 1 1
v -0.522681 0.591585 0.093598 1 1 1
v -0.519268 0.580377 0.071818 1 1 1
v -0.515125 0.576331 0.061369 1 1 1
v -0.506378 0.563955 0.068769 1 1 1
v -0.493288 0.555685 0.073714 1 1 1
v -0.496911 0.563861 0.048291 1 1 1
v -0.488164 0.558336 0.051595 1 1 1
v -0.502755 0.572131 0.043346 1 1 1
v -0.504808 0.581886 0.037513 1 1 1
v -0.518197 0.59093 0.05264 1 1 1
v -0.522681 0.596598 0.062119 1 1 1
v -0.526375 0.609143 0.083099 1 1 1
v -0.522681 0.621689 0.10408 1 1 1
v -0.512161 0.632324 0.121867 1 1 1
v -0.496418 0.639431 0.133752 1 1 1
v -0.487314 0.635058 0.126439 1 1 1
v -0.48147 0.649566 0.131927 1 1 1
v -0.484541 0.647625 0.133087 1 1 1
v -0.486593 0.638483 0.12439 1 1 1
v -0.495004 0.64615 0.129734 1 1 1
v -0.509549 0.64474 0.114444 1 1 1
v -0.519268 0.63791 0.094381 1 1 1
v -0.522681 0.626701 0.072601 1 1 1
v -0.519268 0.61282 0.052419 1 1 1
v -0.515125 0.605529 0.043911 1 1 1
v -0.502755 0.59164 0.031681 1 1 1
v -0.496911 0.59991 0.026736 1 1 1
v -0.506378 0.617906 0.03651 1 1 1
v -0.509549 0.626571 0.044196 1 1 1
v -0.40753 0.823204 0.093779 1 1 1
v -0.407702 0.822849 0.092333 1 1 1
v -0.405214 0.824594 0.09024 1 1 1
v -0.406374 0.823646 0.090302 1 1 1
v -0.43217 0.853074 0.089387 1 1 1
v -0.432343 0.852719 0.087942 1 1 1
v -0.406198 0.824506 0.095162 1 1 1
v -0.430838 0.854376 0.090771 1 1 1
v -0.403882 0.825896 0.091623 1 1 1
v -0.431014 0.853516 0.085911 1 1 1
v -0.429855 0.854464 0.085849 1 1 1
v -0.428523 0.855766 0.087232 1 1 1
v -0.405038 0.825453 0.095099 1 1 1
v -0.403709 0.826251 0.093069 1 1 1
v -0.42835 0.856121 0.088678 1 1 1
v -0.429679 0.855323 0.090708 1 1 1
v -0.399959 0.752675 0.077649 1 1 1
v -0.404517 0.752675 0.070048 1 1 1
v -0.383488 0.763705 0.070048 1 1 1
v -0.391911 0.763705 0.056004 1 1 1
v -0.398358 0.752675 0.086614 1 1 1
v -0.38053 0.763705 0.086614 1 1 1
v -0.419388 0.748801 0.086614 1 1 1
v -0.41134 0.752675 0.06497 1 1 1
v -0.404517 0.763705 0.04662 1 1 1
v -0.372482 0.780214 0.06497 1 1 1
v -0.383488 0.780214 0.04662 1 1 1
v -0.399959 0.780214 0.03436 1 1 1
v -0.368617 0.780214 0.086614 1 1 1
v -0.399959 0.752675 0.09558 1 1 1
v -0.383488 0.763705 0.10318 1 1 1
v -0.372482 0.780214 0.108259 1 1 1
v -0.404517 0.752675 0.10318 1 1 1
v -0.391911 0.763705 0.117224 1 1 1
v -0.383488 0.780214 0.126608 1 1 1
v -0.368617 0.799687 0.110042 1 1 1
v -0.38053 0.799687 0.129903 1 1 1
v -0.364434 0.799687 0.086614 1 1 1
v -0.368617 0.799687 0.063186 1 1 1
v -0.38053 0.799687 0.043325 1 1 1
v -0.398358 0.799687 0.030054 1 1 1
v -0.419388 0.763705 0.043325 1 1 1
v -0.419388 0.77053 0.030054 1 1 1
v -0.419388 0.799687 0.025394 1 1 1
v -0.419388 0.752675 0.063186 1 1 1
v -0.427436 0.752675 0.06497 1 1 1
v -0.434258 0.763705 0.04662 1 1 1
v -0.438817 0.77053 0.03436 1 1 1
v -0.440418 0.799687 0.030054 1 1 1
v -0.419388 0.81916 0.030054 1 1 1
v -0.399959 0.81916 0.03436 1 1 1
v -0.438817 0.81916 0.03436 1 1 1
v -0.383488 0.81916 0.04662 1 1 1
v -0.372482 0.81916 0.06497 1 1 1
v -0.368617 0.81916 0.086614 1 1 1
v -0.372482 0.81916 0.108259 1 1 1
v -0.383488 0.81916 0.126608 1 1 1
v -0.399959 0.780214 0.138869 1 1 1
v -0.398358 0.799687 0.143174 1 1 1
v -0.399959 0.81916 0.138869 1 1 1
v -0.404517 0.763705 0.126608 1 1 1
v -0.41134 0.752675 0.108259 1 1 1
v -0.419388 0.752675 0.110042 1 1 1
v -0.419388 0.763705 0.129903 1 1 1
v -0.419388 0.780214 0.143174 1 1 1
v -0.419388 0.799687 0.147834 1 1 1
v -0.419388 0.81916 0.143174 1 1 1
v -0.404517 0.835668 0.126608 1 1 1
v -0.419388 0.835668 0.129903 1 1 1
v -0.391911 0.835668 0.117224 1 1 1
v -0.383488 0.835668 0.10318 1 1 1
v -0.38053 0.835668 0.086614 1 1 1
v -0.383488 0.835668 0.070048 1 1 1
v -0.391911 0.835668 0.056004 1 1 1
v -0.404517 0.835668 0.04662 1 1 1
v -0.419388 0.835668 0.043325 1 1 1
v -0.434258 0.835668 0.04662 1 1 1
v -0.458246 0.799687 0.043325 1 1 1
v -0.455288 0.81916 0.04662 1 1 1
v -0.446865 0.835668 0.056004 1 1 1
v -0.419388 0.846699 0.063186 1 1 1
v -0.427436 0.846699 0.06497 1 1 1
v -0.434258 0.846699 0.070048 1 1 1
v -0.41134 0.846699 0.06497 1 1 1
v -0.404517 0.846699 0.070048 1 1 1
v -0.399959 0.846699 0.077649 1 1 1
v -0.398358 0.846699 0.086614 1 1 1
v -0.399959 0.846699 0.09558 1 1 1
v -0.404517 0.846699 0.10318 1 1 1
v -0.41134 0.846699 0.108259 1 1 1
v -0.419388 0.846699 0.110042 1 1 1
v -0.438817 0.81916 0.138869 1 1 1
v -0.434258 0.835668 0.126608 1 1 1
v -0.427436 0.846699 0.108259 1 1 1
v -0.440418 0.799687 0.143174 1 1 1
v -0.438817 0.780214 0.138869 1 1 1
v -0.455288 0.780214 0.126608 1 1 1
v -0.458246 0.799687 0.129903 1 1 1
v -0.455288 0.81916 0.126608 1 1 1
v -0.446865 0.835668 0.117224 1 1 1
v -0.434258 0.846699 0.10318 1 1 1
v -0.426969 0.839911 0.095059 1 1 1
v -0.423491 0.839911 0.097648 1 1 1
v -0.419388 0.849594 0.098558 1 1 1
v -0.415285 0.849594 0.097648 1 1 1
v -0.411807 0.839911 0.095059 1 1 1
v -0.409483 0.839911 0.091185 1 1 1
v -0.408667 0.839911 0.086614 1 1 1
v -0.409483 0.839911 0.082044 1 1 1
v -0.411807 0.839911 0.078169 1 1 1
v -0.415285 0.839911 0.07558 1 1 1
v -0.419388 0.849594 0.074671 1 1 1
v -0.419388 0.823175 0.086614 1 1 1
v -0.438817 0.846699 0.09558 1 1 1
v -0.429293 0.839911 0.091185 1 1 1
v -0.455288 0.835668 0.10318 1 1 1
v -0.466294 0.81916 0.108259 1 1 1
v -0.470158 0.799687 0.110042 1 1 1
v -0.466294 0.780214 0.108259 1 1 1
v -0.455288 0.763705 0.10318 1 1 1
v -0.446865 0.763705 0.117224 1 1 1
v -0.434258 0.763705 0.126608 1 1 1
v -0.434258 0.752675 0.10318 1 1 1
v -0.427436 0.752675 0.108259 1 1 1
v -0.438817 0.752675 0.09558 1 1 1
v -0.440418 0.752675 0.086614 1 1 1
v -0.458246 0.763705 0.086614 1 1 1
v -0.470158 0.780214 0.086614 1 1 1
v -0.474341 0.799687 0.086614 1 1 1
v -0.470158 0.81916 0.086614 1 1 1
v -0.458246 0.835668 0.086614 1 1 1
v -0.440418 0.846699 0.086614 1 1 1
v -0.430109 0.839911 0.086614 1 1 1
v -0.423491 0.849594 0.07558 1 1 1
v -0.426969 0.849594 0.078169 1 1 1
v -0.429293 0.839911 0.082044 1 1 1
v -0.438817 0.846699 0.077649 1 1 1
v -0.455288 0.835668 0.070048 1 1 1
v -0.466294 0.81916 0.06497 1 1 1
v -0.470158 0.799687 0.063186 1 1 1
v -0.466294 0.780214 0.06497 1 1 1
v -0.455288 0.763705 0.070048 1 1 1
v -0.438817 0.752675 0.077649 1 1 1
v -0.434258 0.752675 0.070048 1 1 1
v -0.446865 0.763705 0.056004 1 1 1
v -0.455288 0.780214 0.04662 1 1 1
v -0.398786 0.623536 0.187502 1 1 1
v -0.400064 0.623565 0.186169 1 1 1
v -0.397653 0.624362 0.184914 1 1 1
v -0.396156 0.625309 0.185416 1 1 1
v -0.400359 0.623919 0.187604 1 1 1
v -0.397583 0.624839 0.189439 1 1 1
v -0.399156 0.625222 0.189541 1 1 1
v -0.394953 0.626612 0.187353 1 1 1
v -0.43014 0.653789 0.171583 1 1 1
v -0.429846 0.653435 0.170148 1 1 1
v -0.427434 0.654232 0.168893 1 1 1
v -0.425937 0.65518 0.169395 1 1 1
v -0.424734 0.656482 0.171332 1 1 1
v -0.397659 0.626169 0.190044 1 1 1
v -0.395247 0.626966 0.188788 1 1 1
v -0.425028 0.656837 0.172767 1 1 1
v -0.428937 0.655092 0.17352 1 1 1
v -0.42744 0.656039 0.174022 1 1 1
v -0.42751 0.655563 0.169497 1 1 1
v -0.426307 0.656865 0.171434 1 1 1
v -0.384997 0.55339 0.176189 1 1 1
v -0.388094 0.55339 0.16688 1 1 1
v -0.361345 0.564421 0.17705 1 1 1
v -0.367068 0.564421 0.159849 1 1 1
v -0.386147 0.55339 0.185343 1 1 1
v -0.363471 0.564421 0.193965 1 1 1
v -0.412895 0.549517 0.175173 1 1 1
v -0.394967 0.55339 0.158833 1 1 1
v -0.379767 0.564421 0.144981 1 1 1
v -0.352278 0.572132 0.177381 1 1 1
v -0.359008 0.572132 0.157154 1 1 1
v -0.373941 0.572132 0.139671 1 1 1
v -0.354778 0.572132 0.19727 1 1 1
v -0.391369 0.55339 0.192949 1 1 1
v -0.37312 0.564421 0.208019 1 1 1
v -0.366125 0.572132 0.213796 1 1 1
v -0.399869 0.55339 0.197849 1 1 1
v -0.388825 0.564421 0.217073 1 1 1
v -0.384592 0.572132 0.224442 1 1 1
v -0.356645 0.600402 0.221625 1 1 1
v -0.378855 0.600402 0.234428 1 1 1
v -0.342998 0.600402 0.201749 1 1 1
v -0.339992 0.600402 0.177828 1 1 1
v -0.348085 0.600402 0.153502 1 1 1
v -0.366045 0.600402 0.132476 1 1 1
v -0.397511 0.564421 0.13471 1 1 1
v -0.394805 0.562449 0.127593 1 1 1
v -0.391138 0.600402 0.117949 1 1 1
v -0.404569 0.55339 0.153274 1 1 1
v -0.415439 0.55339 0.151049 1 1 1
v -0.417596 0.564421 0.130598 1 1 1
v -0.418422 0.562449 0.122759 1 1 1
v -0.419543 0.600402 0.112135 1 1 1
v -0.392794 0.619875 0.122305 1 1 1
v -0.369612 0.619875 0.135726 1 1 1
v -0.419037 0.619875 0.116933 1 1 1
v -0.353019 0.619875 0.155152 1 1 1
v -0.345542 0.619875 0.177626 1 1 1
v -0.348318 0.619875 0.199726 1 1 1
v -0.360927 0.619875 0.218089 1 1 1
v -0.381447 0.619875 0.229918 1 1 1
v -0.407368 0.572132 0.227587 1 1 1
v -0.406248 0.600402 0.23821 1 1 1
v -0.406754 0.619875 0.233412 1 1 1
v -0.408195 0.564421 0.219747 1 1 1
v -0.410352 0.55339 0.199296 1 1 1
v -0.421222 0.55339 0.197071 1 1 1
v -0.42828 0.564421 0.215636 1 1 1
v -0.430986 0.572132 0.222752 1 1 1
v -0.434653 0.600402 0.232396 1 1 1
v -0.432997 0.619875 0.22804 1 1 1
v -0.42828 0.636384 0.215636 1 1 1
v -0.408195 0.636384 0.219747 1 1 1
v -0.388825 0.636384 0.217073 1 1 1
v -0.37312 0.636384 0.208019 1 1 1
v -0.363471 0.636384 0.193965 1 1 1
v -0.361345 0.636384 0.17705 1 1 1
v -0.367068 0.636384 0.159849 1 1 1
v -0.379767 0.636384 0.144981 1 1 1
v -0.397511 0.636384 0.13471 1 1 1
v -0.417596 0.636384 0.130598 1 1 1
v -0.446936 0.600402 0.115917 1 1 1
v -0.444345 0.619875 0.120428 1 1 1
v -0.436965 0.636384 0.133273 1 1 1
v -0.404569 0.647415 0.153274 1 1 1
v -0.415439 0.647415 0.151049 1 1 1
v -0.425922 0.647415 0.152497 1 1 1
v -0.394967 0.647415 0.158833 1 1 1
v -0.388094 0.647415 0.16688 1 1 1
v -0.384997 0.647415 0.176189 1 1 1
v -0.386147 0.647415 0.185343 1 1 1
v -0.391369 0.647415 0.192949 1 1 1
v -0.399869 0.647415 0.197849 1 1 1
v -0.410352 0.647415 0.199296 1 1 1
v -0.421222 0.647415 0.197071 1 1 1
v -0.456179 0.619875 0.214619 1 1 1
v -0.446024 0.636384 0.205364 1 1 1
v -0.430824 0.647415 0.191512 1 1 1
v -0.459746 0.600402 0.217869 1 1 1
v -0.45185 0.572132 0.210674 1 1 1
v -0.466783 0.572132 0.193191 1 1 1
v -0.477705 0.600402 0.196843 1 1 1
v -0.472772 0.619875 0.195193 1 1 1
v -0.458723 0.636384 0.190496 1 1 1
v -0.437697 0.647415 0.183466 1 1 1
v -0.422035 0.640627 0.183502 1 1 1
v -0.425539 0.640627 0.1794 1 1 1
v -0.41714 0.65031 0.186336 1 1 1
v -0.411599 0.65031 0.187471 1 1 1
v -0.406255 0.640627 0.186733 1 1 1
v -0.401922 0.640627 0.184235 1 1 1
v -0.399259 0.640627 0.180358 1 1 1
v -0.398673 0.640627 0.175691 1 1 1
v -0.400252 0.640627 0.170945 1 1 1
v -0.403755 0.640627 0.166843 1 1 1
v -0.408651 0.65031 0.164009 1 1 1
v -0.412895 0.623891 0.175173 1 1 1
v -0.440794 0.647415 0.174156 1 1 1
v -0.427118 0.640627 0.174655 1 1 1
v -0.464446 0.636384 0.173295 1 1 1
v -0.480249 0.619875 0.172719 1 1 1
v -0.485799 0.600402 0.172517 1 1 1
v -0.473512 0.572132 0.172965 1 1 1
v -0.464446 0.564421 0.173295 1 1 1
v -0.458723 0.564421 0.190496 1 1 1
v -0.446024 0.564421 0.205364 1 1 1
v -0.437697 0.55339 0.183466 1 1 1
v -0.430824 0.55339 0.191512 1 1 1
v -0.440794 0.55339 0.174156 1 1 1
v -0.439644 0.55339 0.165002 1 1 1
v -0.462321 0.564421 0.15638 1 1 1
v -0.471013 0.572132 0.153075 1 1 1
v -0.482793 0.600402 0.148596 1 1 1
v -0.477473 0.619875 0.150619 1 1 1
v -0.462321 0.636384 0.15638 1 1 1
v -0.439644 0.647415 0.165002 1 1 1
v -0.426532 0.640627 0.169988 1 1 1
v -0.414192 0.65031 0.162875 1 1 1
v -0.419536 0.65031 0.163612 1 1 1
v -0.42387 0.640627 0.16611 1 1 1
v -0.434422 0.647415 0.157396 1 1 1
v -0.452671 0.636384 0.142326 1 1 1
v -0.464864 0.619875 0.132256 1 1 1
v -0.469146 0.600402 0.12872 1 1 1
v -0.459666 0.572132 0.136549 1 1 1
v -0.452671 0.564421 0.142326 1 1 1
v -0.434422 0.55339 0.157396 1 1 1
v -0.425922 0.55339 0.152497 1 1 1
v -0.436965 0.564421 0.133273 1 1 1
v -0.441199 0.572132 0.125903 1 1 1
v -0.394618 0.64798 0.107814 1 1 1
v -0.395441 0.648548 0.10893 1 1 1
v -0.393436 0.648886 0.11201 1 1 1
v -0.394763 0.649068 0.111337 1 1 1
v -0.404974 0.611966 0.118509 1 1 1
v -0.405797 0.612534 0.119625 1 1 1
v -0.392468 0.64723 0.10737 1 1 1
v -0.402824 0.611216 0.118065 1 1 1
v -0.391286 0.648136 0.111566 1 1 1
v -0.405119 0.613054 0.122032 1 1 1
v -0.403792 0.612872 0.122705 1 1 1
v -0.401642 0.612121 0.122261 1 1 1
v -0.391141 0.647048 0.108043 1 1 1
v -0.390463 0.647568 0.11045 1 1 1
v -0.400819 0.611553 0.121145 1 1 1
v -0.401497 0.611034 0.118738 1 1 1
v -0.422428 0.714114 0.095784 1 1 1
v -0.429072 0.713717 0.101637 1 1 1
v -0.407039 0.715214 0.110369 1 1 1
v -0.419315 0.71448 0.121183 1 1 1
v -0.417757 0.712677 0.088099 1 1 1
v -0.398408 0.712559 0.096169 1 1 1
v -0.436931 0.705266 0.08221 1 1 1
v -0.436677 0.711546 0.104766 1 1 1
v -0.433367 0.710469 0.126965 1 1 1
v -0.393107 0.708399 0.123744 1 1 1
v -0.409147 0.707439 0.137873 1 1 1
v -0.427506 0.702198 0.145428 1 1 1
v -0.38183 0.704929 0.105191 1 1 1
v -0.415769 0.709625 0.079752 1 1 1
v -0.394735 0.706919 0.080746 1 1 1
v -0.377031 0.69756 0.08504 1 1 1
v -0.416768 0.705422 0.072014 1 1 1
v -0.39658 0.699152 0.066446 1 1 1
v -0.379442 0.687412 0.066357 1 1 1
v -0.365353 0.682974 0.09198 1 1 1
v -0.367963 0.67199 0.071758 1 1 1
v -0.370547 0.69095 0.113792 1 1 1
v -0.382754 0.694705 0.133874 1 1 1
v -0.400115 0.693667 0.149167 1 1 1
v -0.419987 0.687994 0.157345 1 1 1
v -0.447055 0.70379 0.126835 1 1 1
v -0.449258 0.701474 0.141412 1 1 1
v -0.439345 0.67855 0.157161 1 1 1
v -0.444085 0.707932 0.104696 1 1 1
v -0.450168 0.703424 0.101436 1 1 1
v -0.458296 0.695462 0.120813 1 1 1
v -0.463945 0.690592 0.133544 1 1 1
v -0.455242 0.666772 0.148644 1 1 1
v -0.411953 0.670019 0.1609 1 1 1
v -0.429838 0.661293 0.16073 1 1 1
v -0.444525 0.650412 0.152862 1 1 1
v -0.393594 0.67526 0.153345 1 1 1
v -0.377554 0.676219 0.139215 1 1 1
v -0.366277 0.67275 0.120663 1 1 1
v -0.361478 0.66538 0.100511 1 1 1
v -0.363889 0.655233 0.081828 1 1 1
v -0.388695 0.676032 0.051988 1 1 1
v -0.377978 0.659671 0.056205 1 1 1
v -0.373142 0.643852 0.067459 1 1 1
v -0.403662 0.690442 0.055449 1 1 1
v -0.4206 0.700707 0.066062 1 1 1
v -0.426684 0.6962 0.062802 1 1 1
v -0.414903 0.682113 0.049427 1 1 1
v -0.403382 0.66515 0.044119 1 1 1
v -0.393875 0.647894 0.047688 1 1 1
v -0.387829 0.632971 0.059591 1 1 1
v -0.386165 0.622653 0.078014 1 1 1
v -0.374924 0.630981 0.084036 1 1 1
v -0.367842 0.639692 0.095034 1 1 1
v -0.365997 0.647458 0.109333 1 1 1
v -0.369669 0.653099 0.124757 1 1 1
v -0.378301 0.655754 0.138956 1 1 1
v -0.390577 0.65502 0.14977 1 1 1
v -0.404629 0.651008 0.155553 1 1 1
v -0.418317 0.64433 0.155423 1 1 1
v -0.429558 0.636002 0.149401 1 1 1
v -0.465257 0.654453 0.133091 1 1 1
v -0.453778 0.639031 0.138493 1 1 1
v -0.43664 0.627291 0.138403 1 1 1
v -0.406536 0.630243 0.142047 1 1 1
v -0.412619 0.625736 0.138788 1 1 1
v -0.416452 0.621022 0.132836 1 1 1
v -0.399128 0.633857 0.142117 1 1 1
v -0.391523 0.636028 0.138988 1 1 1
v -0.384879 0.636426 0.133135 1 1 1
v -0.380208 0.634988 0.125451 1 1 1
v -0.378221 0.631936 0.117104 1 1 1
v -0.379219 0.627733 0.109365 1 1 1
v -0.383052 0.623019 0.103413 1 1 1
v -0.389135 0.618511 0.100154 1 1 1
v -0.405714 0.624245 0.059421 1 1 1
v -0.399853 0.615975 0.077884 1 1 1
v -0.396543 0.614897 0.100084 1 1 1
v -0.413233 0.638449 0.047505 1 1 1
v -0.421267 0.656425 0.04395 1 1 1
v -0.439626 0.651183 0.051505 1 1 1
v -0.433105 0.632776 0.055682 1 1 1
v -0.424073 0.619004 0.066976 1 1 1
v -0.413905 0.611963 0.083667 1 1 1
v -0.404148 0.612726 0.103213 1 1 1
v -0.403764 0.624046 0.109285 1 1 1
v -0.399887 0.625153 0.10769 1 1 1
v -0.392244 0.618994 0.111572 1 1 1
v -0.389143 0.621292 0.113234 1 1 1
v -0.391056 0.631696 0.112421 1 1 1
v -0.390547 0.633839 0.116366 1 1 1
v -0.39156 0.635395 0.120622 1 1 1
v -0.393941 0.636128 0.124539 1 1 1
v -0.397328 0.635925 0.127523 1 1 1
v -0.401205 0.634819 0.129118 1 1 1
v -0.401115 0.624975 0.132929 1 1 1
v -0.40723 0.643814 0.111756 1 1 1
v -0.410792 0.612329 0.109066 1 1 1
v -0.407151 0.623843 0.112269 1 1 1
v -0.426181 0.611229 0.094481 1 1 1
v -0.440112 0.618045 0.081106 1 1 1
v -0.450466 0.631738 0.070976 1 1 1
v -0.455666 0.650224 0.065634 1 1 1
v -0.454919 0.670689 0.065893 1 1 1
v -0.442643 0.671423 0.055079 1 1 1
v -0.428591 0.675435 0.049297 1 1 1
v -0.441697 0.690415 0.065861 1 1 1
v -0.434092 0.692586 0.062732 1 1 1
v -0.448341 0.690018 0.071714 1 1 1
v -0.453012 0.691455 0.079399 1 1 1
v -0.463551 0.673345 0.080093 1 1 1
v -0.466943 0.653693 0.084187 1 1 1
v -0.462673 0.635493 0.091057 1 1 1
v -0.45139 0.621514 0.099658 1 1 1
v -0.434812 0.613884 0.108681 1 1 1
v -0.415463 0.613766 0.11675 1 1 1
v -0.409533 0.624576 0.116186 1 1 1
v -0.404216 0.622677 0.131268 1 1 1
v -0.40617 0.620274 0.128234 1 1 1
v -0.410546 0.626132 0.120442 1 1 1
v -0.417451 0.616819 0.125097 1 1 1
v -0.438485 0.619525 0.124104 1 1 1
v -0.456188 0.628883 0.11981 1 1 1
v -0.467867 0.643469 0.112869 1 1 1
v -0.471742 0.661063 0.104339 1 1 1
v -0.467223 0.678985 0.095516 1 1 1
v -0.454999 0.694507 0.087746 1 1 1
v -0.454001 0.69871 0.095485 1 1 1
v -0.465378 0.686751 0.109815 1 1 1
v -0.469331 0.67121 0.123021 1 1 1
vt 0.99209 0.558905
vt 0.993032 0.559718
vt 0.99484 0.559561
vt 0.326119 0.99402
vt 0.326439 0.996236
vt 0.36233 0.993461
vt 0.363071 0.994529
vt 0.32677 0.997478
vt 0.364582 0.99606
vt 0.995734 0.557013
vt 0.992408 0.557278
vt 0.326629 0.990327
vt 0.362735 0.991087
vt 0.363766 0.989695
vt 0.326985 0.988353
vt 0.995851 0.558654
vt 0.992659 0.556194
vt 0.995621 0.556099
vt 0.36678 0.987923
vt 0.365733 0.986179
vt 0.326706 0.98523
vt 0.327409 0.984545
vt 0.325991 0.99939
vt 0.365067 0.9987
vt 0.992118 0.524619
vt 0.992386 0.525671
vt 0.995862 0.524675
vt 0.995657 0.525595
vt 0.135931 0.67643
vt 0.147179 0.675246
vt 0.149013 0.655549
vt 0.133311 0.65831
vt 0.123163 0.679223
vt 0.117373 0.661432
vt 0.124685 0.702124
vt 0.156091 0.67621
vt 0.163302 0.651968
vt 0.132825 0.647315
vt 0.149297 0.643344
vt 0.163542 0.639767
vt 0.115299 0.651194
vt 0.110912 0.682127
vt 0.101059 0.665493
vt 0.0969336 0.655929
vt 0.0999153 0.687127
vt 0.0859632 0.669695
vt 0.0803166 0.659646
vt 0.0724941 0.636842
vt 0.089996 0.633919
vt 0.108196 0.630017
vt 0.126187 0.625525
vt 0.143273 0.620293
vt 0.158586 0.614229
vt 0.172498 0.662739
vt 0.176482 0.648963
vt 0.172604 0.609129
vt 0.162122 0.679403
vt 0.828467 0.680068
vt 0.836068 0.67524
vt 0.827232 0.660221
vt 0.814865 0.663202
vt 0.864365 0.697996
vt 0.824052 0.647909
vt 0.809566 0.648667
vt 0.811286 0.607115
vt 0.825905 0.611444
vt 0.160763 0.584326
vt 0.148302 0.591983
vt 0.832788 0.587897
vt 0.820841 0.581364
vt 0.134228 0.598679
vt 0.118475 0.603282
vt 0.101596 0.607977
vt 0.0845855 0.611664
vt 0.0683767 0.613062
vt 0.0648658 0.663593
vt 0.0564656 0.638895
vt 0.0536816 0.612915
vt 0.0717706 0.674055
vt 0.0894347 0.692079
vt 0.0828556 0.697655
vt 0.0603864 0.680206
vt 0.0514347 0.668965
vt 0.0422327 0.641543
vt 0.0403858 0.613133
vt 0.0564364 0.590985
vt 0.0468029 0.588086
vt 0.0684294 0.591774
vt 0.0818554 0.590914
vt 0.0958632 0.588437
vt 0.109667 0.584782
vt 0.12235 0.580102
vt 0.133446 0.573985
vt 0.142132 0.566384
vt 0.836501 0.56206
vt 0.844648 0.568729
vt 0.841963 0.616309
vt 0.847323 0.593089
vt 0.854958 0.574416
vt 0.857563 0.552377
vt 0.862078 0.55668
vt 0.868978 0.559752
vt 0.119511 0.556526
vt 0.114462 0.561069
vt 0.108561 0.565584
vt 0.100798 0.568914
vt 0.0921493 0.571497
vt 0.0834511 0.572923
vt 0.0753214 0.573203
vt 0.068332 0.572278
vt 0.062435 0.570726
vt 0.929412 0.60575
vt 0.943446 0.604068
vt 0.934646 0.579472
vt 0.923149 0.582836
vt 0.917087 0.561784
vt 0.91066 0.563653
vt 0.928955 0.631106
vt 0.942734 0.632388
vt 0.924316 0.656523
vt 0.936516 0.660483
vt 0.909821 0.653278
vt 0.91334 0.629311
vt 0.913876 0.605366
vt 0.911091 0.583188
vt 0.90329 0.565544
vt 0.902358 0.554184
vt 0.897977 0.555478
vt 0.913173 0.554657
vt 0.0694144 0.563419
vt 0.0664804 0.562895
vt 0.0810471 0.561766
vt 0.0854626 0.562292
vt 0.090488 0.561911
vt 0.0950891 0.560416
vt 0.0992584 0.557955
vt 0.102302 0.554954
vt 0.112989 0.551491
vt 0.0877639 0.544864
vt 0.914645 0.551964
vt 0.89407 0.538952
vt 0.89447 0.565735
vt 0.892891 0.55583
vt 0.896909 0.583295
vt 0.897215 0.604107
vt 0.895866 0.627035
vt 0.893328 0.650091
vt 0.890075 0.660369
vt 0.905394 0.66344
vt 0.918052 0.667099
vt 0.927432 0.672027
vt 0.89487 0.682003
vt 0.902946 0.686532
vt 0.907704 0.691207
vt 0.884217 0.678543
vt 0.871574 0.675792
vt 0.874107 0.657056
vt 0.875463 0.646816
vt 0.87733 0.624097
vt 0.880255 0.601507
vt 0.882337 0.581461
vt 0.885392 0.564529
vt 0.887678 0.554864
vt 0.86538 0.548009
vt 0.868294 0.550503
vt 0.871276 0.552794
vt 0.882756 0.553044
vt 0.876848 0.562434
vt 0.868356 0.578735
vt 0.863051 0.598173
vt 0.859241 0.620589
vt 0.857415 0.643565
vt 0.857193 0.654344
vt 0.859024 0.673544
vt 0.846543 0.673757
vt 0.841184 0.652365
vt 0.840562 0.640368
vt 0.0152041 0.243789
vt 0.0156758 0.24544
vt 0.0189033 0.244766
vt 0.0194398 0.243445
vt 0.013953 0.24536
vt 0.0134696 0.24138
vt 0.012271 0.24409
vt 0.0196599 0.24178
vt 0.0162862 0.282291
vt 0.0137421 0.282257
vt 0.0202527 0.282245
vt 0.022293 0.282121
vt 0.0205609 0.244455
vt 0.0223499 0.242206
vt 0.672326 0.983681
vt 0.672447 0.982182
vt 0.670003 0.982246
vt 0.669769 0.983663
vt 0.668918 0.982377
vt 0.011153 0.242195
vt 0.0104515 0.28201
vt 0.00802097 0.282716
vt 0.634282 0.985724
vt 0.633115 0.985558
vt 0.63421 0.988042
vt 0.632945 0.988162
vt 0.634177 0.984386
vt 0.636838 0.985622
vt 0.637233 0.984365
vt 0.63814 0.985754
vt 0.636714 0.987884
vt 0.637962 0.988344
vt 0.0243445 0.282062
vt 0.0254827 0.282251
vt 0.0243659 0.242438
vt 0.00854077 0.241794
vt 0.00664582 0.28186
vt 0.633858 0.989531
vt 0.636907 0.989484
vt 0.514067 0.339366
vt 0.50973 0.348345
vt 0.536412 0.352954
vt 0.547314 0.341092
vt 0.516165 0.331488
vt 0.551805 0.330425
vt 0.481964 0.343663
vt 0.504515 0.357248
vt 0.525237 0.366622
vt 0.575654 0.348514
vt 0.561537 0.363894
vt 0.544435 0.378762
vt 0.583462 0.33257
vt 0.513914 0.326124
vt 0.553328 0.320578
vt 0.585794 0.314802
vt 0.505879 0.321922
vt 0.5471 0.311993
vt 0.568632 0.303356
vt 0.74196 0.619262
vt 0.761768 0.627774
vt 0.757171 0.605016
vt 0.774338 0.616946
vt 0.611307 0.352344
vt 0.610333 0.330654
vt 0.596243 0.363022
vt 0.578943 0.376653
vt 0.561086 0.391786
vt 0.508597 0.37942
vt 0.522116 0.388023
vt 0.545903 0.408191
vt 0.497211 0.366636
vt 0.491206 0.374629
vt 0.496971 0.394065
vt 0.508063 0.405528
vt 0.529956 0.425674
vt 0.560869 0.421498
vt 0.575735 0.405945
vt 0.546529 0.43773
vt 0.592571 0.392594
vt 0.608621 0.382597
vt 0.622657 0.374075
vt 0.798082 0.620475
vt 0.804206 0.603291
vt 0.785992 0.598178
vt 0.769085 0.587441
vt 0.727594 0.604977
vt 0.740572 0.590455
vt 0.751996 0.574194
vt 0.711266 0.618483
vt 0.721832 0.628623
vt 0.691945 0.626181
vt 0.695996 0.631821
vt 0.667248 0.630873
vt 0.684669 0.619309
vt 0.698967 0.60546
vt 0.712138 0.590457
vt 0.724236 0.5759
vt 0.7361 0.560652
vt 0.747463 0.545166
vt 0.761192 0.556462
vt 0.776307 0.566096
vt 0.791581 0.573933
vt 0.805999 0.574846
vt 0.615886 0.40428
vt 0.626281 0.392238
vt 0.603108 0.409961
vt 0.589619 0.421265
vt 0.576218 0.433624
vt 0.565243 0.448148
vt 0.513361 0.441979
vt 0.533257 0.455104
vt 0.555237 0.462564
vt 0.585153 0.455207
vt 0.591069 0.445921
vt 0.579539 0.465882
vt 0.599143 0.440533
vt 0.606019 0.432863
vt 0.612684 0.427533
vt 0.819133 0.566527
vt 0.806506 0.541752
vt 0.798883 0.546398
vt 0.78987 0.54594
vt 0.780347 0.543429
vt 0.770682 0.537513
vt 0.762582 0.531997
vt 0.720819 0.545124
vt 0.734867 0.530957
vt 0.756987 0.524638
vt 0.708899 0.560162
vt 0.697071 0.576271
vt 0.681425 0.562461
vt 0.692251 0.544107
vt 0.705965 0.52948
vt 0.721705 0.521805
vt 0.55889 0.516487
vt 0.572811 0.523953
vt 0.588737 0.505292
vt 0.581537 0.500733
vt 0.591274 0.489718
vt 0.594136 0.492566
vt 0.768773 0.518753
vt 0.770663 0.525502
vt 0.774225 0.52895
vt 0.784159 0.531995
vt 0.789379 0.533334
vt 0.794527 0.532976
vt 0.798688 0.531292
vt 0.81275 0.535915
vt 0.802619 0.528964
vt 0.817218 0.529117
vt 0.805406 0.525879
vt 0.602966 0.454003
vt 0.596383 0.455223
vt 0.789325 0.516774
vt 0.604806 0.475091
vt 0.577041 0.494138
vt 0.5891 0.485903
vt 0.550615 0.505179
vt 0.519935 0.505825
vt 0.533541 0.523261
vt 0.674882 0.530006
vt 0.686224 0.520608
vt 0.664396 0.550886
vt 0.658611 0.577349
vt 0.672826 0.584821
vt 0.686307 0.594215
vt 0.666465 0.608359
vt 0.676275 0.612827
vt 0.657195 0.607064
vt 0.649848 0.608799
vt 0.644598 0.576467
vt 0.647043 0.544027
vt 0.651951 0.526173
vt 0.494332 0.476075
vt 0.497535 0.500122
vt 0.518031 0.488573
vt 0.546702 0.492006
vt 0.574633 0.485751
vt 0.588 0.480996
vt 0.593395 0.45924
vt 0.591372 0.464287
vt 0.588822 0.475385
vt 0.574969 0.476254
vt 0.548329 0.477884
vt 0.522784 0.471703
vt 0.501321 0.458001
vt 0.485923 0.440672
vt 0.479529 0.462291
vt 0.631988 0.581901
vt 0.629643 0.554254
vt 0.643902 0.612195
vt 0.485708 0.37896
vt 0.642346 0.62461
vt 0.62665 0.602973
vt 0.486054 0.40024
vt 0.478136 0.420915
vt 0.49799 0.426506
vt 0.986358 0.406179
vt 0.988234 0.406309
vt 0.989318 0.404442
vt 0.988766 0.403345
vt 0.988142 0.435772
vt 0.98608 0.435635
vt 0.570974 0.185148
vt 0.572356 0.185106
vt 0.572918 0.151588
vt 0.574668 0.151736
vt 0.987527 0.402067
vt 0.985458 0.404479
vt 0.585085 0.185194
vt 0.587089 0.185761
vt 0.585127 0.152461
vt 0.587661 0.152129
vt 0.583329 0.152638
vt 0.583567 0.184974
vt 0.580258 0.152057
vt 0.580933 0.184732
vt 0.985055 0.403365
vt 0.986448 0.401964
vt 0.578223 0.153479
vt 0.579071 0.184712
vt 0.574793 0.185097
vt 0.575962 0.153745
vt 0.984578 0.436861
vt 0.988121 0.43848
vt 0.986316 0.439401
vt 0.988805 0.437649
vt 0.584144 0.665349
vt 0.578453 0.672827
vt 0.599683 0.674402
vt 0.588602 0.689219
vt 0.587825 0.656191
vt 0.606 0.656426
vt 0.56789 0.652827
vt 0.570698 0.677153
vt 0.572201 0.699
vt 0.596029 0.703957
vt 0.612639 0.681948
vt 0.572329 0.717606
vt 0.622467 0.654189
vt 0.588849 0.646815
vt 0.604474 0.639181
vt 0.61939 0.631103
vt 0.585222 0.638588
vt 0.598634 0.624062
vt 0.607958 0.60797
vt 0.628216 0.621976
vt 0.614848 0.595559
vt 0.636487 0.649604
vt 0.62532 0.683749
vt 0.605144 0.714636
vt 0.575422 0.731965
vt 0.554911 0.698068
vt 0.548921 0.710651
vt 0.534938 0.734009
vt 0.56211 0.677084
vt 0.554801 0.673484
vt 0.541544 0.689362
vt 0.533169 0.698689
vt 0.518738 0.711651
vt 0.963435 0.359531
vt 0.982681 0.350054
vt 0.960289 0.343498
vt 0.97955 0.33336
vt 0.506749 0.710275
vt 0.514245 0.729816
vt 0.938811 0.363426
vt 0.939723 0.346364
vt 0.914041 0.358224
vt 0.91909 0.341604
vt 0.892195 0.344529
vt 0.900881 0.329538
vt 0.875275 0.325054
vt 0.887442 0.311898
vt 0.865751 0.302385
vt 0.87995 0.290949
vt 0.59115 0.592948
vt 0.591069 0.576014
vt 0.611592 0.573639
vt 0.587621 0.561396
vt 0.587252 0.612305
vt 0.579731 0.632132
vt 0.57264 0.629066
vt 0.574043 0.608564
vt 0.570017 0.588633
vt 0.564698 0.574134
vt 0.557111 0.562559
vt 0.889666 0.251537
vt 0.881289 0.269637
vt 0.90005 0.269875
vt 0.907805 0.255084
vt 0.896971 0.285104
vt 0.90172 0.300713
vt 0.910744 0.314482
vt 0.92405 0.324294
vt 0.939139 0.328603
vt 0.954459 0.326582
vt 0.967886 0.319729
vt 0.993368 0.31653
vt 0.977765 0.308127
vt 0.501185 0.686242
vt 0.488729 0.685661
vt 0.999711 0.29486
vt 0.982313 0.292928
vt 0.962179 0.299158
vt 0.955969 0.305694
vt 0.964751 0.289692
vt 0.947252 0.308871
vt 0.938474 0.309819
vt 0.929525 0.307323
vt 0.922096 0.301474
vt 0.917206 0.293168
vt 0.915504 0.284145
vt 0.916901 0.275079
vt 0.921475 0.266681
vt 0.528326 0.572785
vt 0.528081 0.556238
vt 0.542578 0.555147
vt 0.921368 0.246344
vt 0.930154 0.26252
vt 0.540327 0.582087
vt 0.549333 0.593654
vt 0.52999 0.604081
vt 0.516622 0.593484
vt 0.504516 0.585858
vt 0.93898 0.229507
vt 0.922515 0.228943
vt 0.938514 0.245555
vt 0.940194 0.261715
vt 0.937688 0.271604
vt 0.943186 0.271193
vt 0.928323 0.272299
vt 0.925624 0.275778
vt 0.925412 0.285446
vt 0.926556 0.290343
vt 0.928877 0.294828
vt 0.93279 0.297779
vt 0.937061 0.299417
vt 0.941856 0.298582
vt 0.951552 0.29852
vt 0.939761 0.284832
vt 0.950649 0.264731
vt 0.947637 0.273081
vt 0.955812 0.250351
vt 0.962545 0.236202
vt 0.501087 0.611054
vt 0.487195 0.606413
vt 0.516202 0.620314
vt 0.533699 0.629636
vt 0.544084 0.61756
vt 0.558799 0.609446
vt 0.556772 0.63353
vt 0.564357 0.628927
vt 0.55084 0.640217
vt 0.547266 0.648881
vt 0.527435 0.644278
vt 0.508389 0.639921
vt 0.492229 0.63634
vt 0.478532 0.632221
vt 0.982675 0.25133
vt 0.970625 0.261514
vt 0.958723 0.271482
vt 0.951063 0.276913
vt 0.954486 0.295138
vt 0.956405 0.29095
vt 0.953442 0.281503
vt 0.963345 0.280337
vt 0.979989 0.276551
vt 0.996175 0.271897
vt 0.491171 0.66208
vt 0.47797 0.659872
vt 0.507412 0.661987
vt 0.526549 0.660991
vt 0.546956 0.658216
vt 0.549633 0.666655
vt 0.531823 0.677641
vt 0.513574 0.682431
vt 0.674117 0.998779
vt 0.673381 0.999939
vt 0.676036 0.999872
vt 0.676149 0.998352
vt 0.672802 0.998773
vt 0.674226 0.996518
vt 0.672951 0.996336
vt 0.676596 0.996045
vt 0.412704 0.984271
vt 0.412888 0.983166
vt 0.373054 0.983566
vt 0.372691 0.982361
vt 0.412147 0.986596
vt 0.373207 0.986307
vt 0.373144 0.988463
vt 0.411591 0.988366
vt 0.412696 0.988547
vt 0.411251 0.991138
vt 0.412251 0.991828
vt 0.411435 0.995247
vt 0.412569 0.995404
vt 0.411081 0.992546
vt 0.411882 0.997017
vt 0.372496 0.996086
vt 0.372457 0.997736
vt 0.412536 0.999328
vt 0.372252 0.999567
vt 0.615319 0.990494
vt 0.615624 0.991771
vt 0.616992 0.989046
vt 0.617612 0.990155
vt 0.614259 0.991729
vt 0.614117 0.988692
vt 0.61272 0.989383
vt 0.613299 0.987783
vt 0.615821 0.987222
vt 0.615278 0.98614
vt 0.372803 0.9916
vt 0.372643 0.993285
vt 0.618204 0.988525
vt 0.616667 0.986171
vt 0.82536 0.00687742
vt 0.819681 0.0129303
vt 0.851016 0.0137147
vt 0.839479 0.0236133
vt 0.828731 0.000508248
vt 0.859967 0.00348997
vt 0.794348 0.00687778
vt 0.811559 0.0184056
vt 0.825377 0.0327256
vt 0.862803 0.0203076
vt 0.849001 0.0301256
vt 0.833808 0.0404107
vt 0.874136 0.0104791
vt 0.118178 0.516899
vt 0.113891 0.518635
vt 0.134004 0.539985
vt 0.127786 0.546953
vt 0.147516 0.548513
vt 0.139646 0.556217
vt 0.112649 0.487605
vt 0.122331 0.512893
vt 0.139439 0.52971
vt 0.150714 0.534849
vt 0.187564 0.543992
vt 0.184983 0.560886
vt 0.182866 0.575244
vt 0.902552 0.0418456
vt 0.888104 0.0495766
vt 0.872235 0.0582399
vt 0.855293 0.0680615
vt 0.808322 0.0388531
vt 0.81081 0.0436349
vt 0.837425 0.0800763
vt 0.801224 0.0231687
vt 0.791724 0.0298631
vt 0.792962 0.0496277
vt 0.795802 0.0551233
vt 0.819026 0.0923367
vt 0.867837 0.088241
vt 0.851307 0.0986288
vt 0.835476 0.109995
vt 0.883704 0.0791854
vt 0.898619 0.0724976
vt 0.912194 0.0685614
vt 0.211302 0.560596
vt 0.213337 0.575341
vt 0.212287 0.543183
vt 0.154472 0.518428
vt 0.18979 0.523924
vt 0.213729 0.524286
vt 0.143214 0.515192
vt 0.125748 0.504605
vt 0.128356 0.494614
vt 0.146447 0.498622
vt 0.157296 0.500538
vt 0.192076 0.502448
vt 0.215951 0.503841
vt 0.235242 0.521691
vt 0.23717 0.505358
vt 0.234775 0.537473
vt 0.235972 0.551653
vt 0.239873 0.562895
vt 0.91288 0.0957219
vt 0.902573 0.0968827
vt 0.891551 0.100466
vt 0.877811 0.106865
vt 0.86418 0.115129
vt 0.851407 0.124547
vt 0.802281 0.102647
vt 0.820065 0.120212
vt 0.839511 0.13391
vt 0.866793 0.136811
vt 0.87518 0.130895
vt 0.860088 0.143761
vt 0.883879 0.126027
vt 0.891749 0.122277
vt 0.899113 0.119952
vt 0.90546 0.120086
vt 0.256114 0.535091
vt 0.259472 0.541074
vt 0.254876 0.526596
vt 0.254732 0.517047
vt 0.255332 0.505781
vt 0.218974 0.483971
vt 0.239715 0.488717
vt 0.25811 0.495999
vt 0.195477 0.481018
vt 0.159281 0.480587
vt 0.161146 0.462504
vt 0.197558 0.460849
vt 0.222139 0.465399
vt 0.243583 0.473315
vt 0.260412 0.486869
vt 0.269431 0.49913
vt 0.270205 0.493312
vt 0.264037 0.506741
vt 0.262223 0.511446
vt 0.266956 0.52087
vt 0.266803 0.526701
vt 0.268327 0.531103
vt 0.901017 0.132722
vt 0.897657 0.132732
vt 0.893828 0.133849
vt 0.889786 0.135843
vt 0.880193 0.136536
vt 0.88854 0.156053
vt 0.282933 0.511924
vt 0.263361 0.479284
vt 0.271759 0.488459
vt 0.247832 0.460779
vt 0.226123 0.448778
vt 0.200931 0.442654
vt 0.164346 0.445763
vt 0.149959 0.450941
vt 0.149502 0.466595
vt 0.148443 0.482084
vt 0.129495 0.473723
vt 0.129512 0.484057
vt 0.128141 0.464919
vt 0.124627 0.45977
vt 0.146118 0.439593
vt 0.161521 0.43305
vt 0.20266 0.426159
vt 0.230985 0.435093
vt 0.253379 0.451537
vt 0.267419 0.47392
vt 0.273995 0.485231
vt 0.86689 0.157232
vt 0.868006 0.160134
vt 0.875259 0.139795
vt 0.870812 0.144287
vt 0.868567 0.153786
vt 0.855568 0.149779
vt 0.853582 0.156167
vt 0.830439 0.143709
vt 0.825492 0.153982
vt 0.807316 0.130903
vt 0.798802 0.142555
vt 0.787802 0.113168
vt 0.780153 0.128289
vt 0.153973 0.422854
vt 0.192983 0.412611
vt 0.140039 0.432224
vt 0.119613 0.458132
vt 0.783265 0.0354806
vt 0.777037 0.0369077
vt 0.780144 0.0595624
vt 0.767843 0.0649817
vt 0.770636 0.0778665
vt 0.784552 0.0700902
vt 0.987327 0.564383
vt 0.986155 0.564274
vt 0.984613 0.565686
vt 0.985142 0.566809
vt 0.536685 0.991227
vt 0.536634 0.989306
vt 0.505272 0.992531
vt 0.50337 0.990862
vt 0.536757 0.986499
vt 0.503343 0.988024
vt 0.986347 0.568521
vt 0.988687 0.565682
vt 0.536636 0.995776
vt 0.505752 0.99479
vt 0.503871 0.996121
vt 0.537723 0.998146
vt 0.503216 0.998081
vt 0.537611 0.999393
vt 0.989283 0.566789
vt 0.987831 0.568666
vt 0.985811 0.598235
vt 0.987942 0.598377
vt 0.536881 0.98477
vt 0.504003 0.98627
vt 0.502438 0.983818
vt 0.5035 0.98387
vt 0.654243 0.989188
vt 0.656239 0.988539
vt 0.652998 0.985357
vt 0.654995 0.984708
vt 0.537312 0.982535
vt 0.89025 0.896626
vt 0.893689 0.889026
vt 0.873963 0.891476
vt 0.879564 0.875606
vt 0.888711 0.904922
vt 0.871004 0.907647
vt 0.907324 0.905055
vt 0.900054 0.884691
vt 0.892207 0.86565
vt 0.854495 0.892572
vt 0.860911 0.872155
vt 0.464636 0.292956
vt 0.452014 0.283418
vt 0.440726 0.295244
vt 0.46349 0.309359
vt 0.854175 0.914825
vt 0.890171 0.913304
vt 0.874485 0.923581
vt 0.860696 0.936002
vt 0.894252 0.920489
vt 0.883052 0.936813
vt 0.873792 0.952521
vt 0.866106 0.967961
vt 0.84875 0.948454
vt 0.839079 0.922918
vt 0.837556 0.896017
vt 0.842853 0.872825
vt 0.460605 0.326353
vt 0.43749 0.309557
vt 0.906813 0.863586
vt 0.892413 0.849329
vt 0.907183 0.850904
vt 0.414093 0.283833
vt 0.412453 0.303011
vt 0.907476 0.883322
vt 0.914908 0.885006
vt 0.921471 0.866105
vt 0.926149 0.854328
vt 0.392344 0.281141
vt 0.384099 0.303513
vt 0.411367 0.318227
vt 0.432162 0.324365
vt 0.389636 0.318495
vt 0.449488 0.337447
vt 0.474218 0.350577
vt 0.460711 0.357462
vt 0.477589 0.378107
vt 0.462922 0.380558
vt 0.470904 0.405251
vt 0.456847 0.402844
vt 0.454246 0.428517
vt 0.441612 0.424298
vt 0.891706 0.96166
vt 0.889301 0.977423
vt 0.434137 0.451946
vt 0.424148 0.438407
vt 0.895358 0.94396
vt 0.900205 0.925344
vt 0.907415 0.927236
vt 0.908983 0.946117
vt 0.912789 0.962849
vt 0.914854 0.977511
vt 0.401378 0.453799
vt 0.399882 0.44028
vt 0.397357 0.424188
vt 0.415754 0.422335
vt 0.429964 0.413093
vt 0.440942 0.399645
vt 0.445904 0.382733
vt 0.444432 0.366216
vt 0.437518 0.350781
vt 0.425401 0.341751
vt 0.411288 0.336432
vt 0.394645 0.336286
vt 0.360417 0.31678
vt 0.37086 0.327231
vt 0.380212 0.34299
vt 0.408298 0.354949
vt 0.398599 0.35476
vt 0.389697 0.359274
vt 0.4172 0.359293
vt 0.424476 0.365327
vt 0.428989 0.373723
vt 0.429155 0.383556
vt 0.425759 0.393116
vt 0.41923 0.400735
vt 0.41082 0.406161
vt 0.399423 0.407233
vt 0.375396 0.433114
vt 0.381721 0.418659
vt 0.390472 0.402594
vt 0.370463 0.445665
vt 0.931846 0.957683
vt 0.939784 0.970164
vt 0.948328 0.945628
vt 0.961042 0.955942
vt 0.344197 0.428875
vt 0.356597 0.418967
vt 0.369716 0.407656
vt 0.383138 0.395738
vt 0.393951 0.391954
vt 0.390221 0.388396
vt 0.401199 0.398692
vt 0.406017 0.399081
vt 0.413716 0.392315
vt 0.417231 0.388206
vt 0.419683 0.383333
vt 0.419721 0.378797
vt 0.417045 0.373736
vt 0.413449 0.370429
vt 0.406265 0.363333
vt 0.404295 0.381555
vt 0.379013 0.386565
vt 0.388496 0.383669
vt 0.363583 0.39108
vt 0.348391 0.393099
vt 0.337075 0.394989
vt 0.959128 0.928174
vt 0.975145 0.93484
vt 0.94203 0.921494
vt 0.934799 0.935011
vt 0.922815 0.94339
vt 0.920865 0.92086
vt 0.914701 0.925628
vt 0.92481 0.913778
vt 0.926347 0.905469
vt 0.944947 0.906157
vt 0.96296 0.907017
vt 0.979713 0.9089
vt 0.335664 0.365604
vt 0.348263 0.368931
vt 0.363474 0.372529
vt 0.379373 0.37597
vt 0.389016 0.378335
vt 0.401132 0.363427
vt 0.396429 0.365007
vt 0.390846 0.373819
vt 0.383196 0.366353
vt 0.369148 0.355856
vt 0.355501 0.346139
vt 0.343373 0.338325
vt 0.95869 0.884618
vt 0.974702 0.881812
vt 0.942156 0.89041
vt 0.925128 0.897146
vt 0.921065 0.890002
vt 0.933806 0.876431
vt 0.947504 0.865877
vt 0.962366 0.85867
vt 0.948421 0.841766
vt 0.997366 0.564383
vt 0.996194 0.564274
vt 0.994653 0.565686
vt 0.995183 0.56681
vt 0.991222 0.518663
vt 0.993157 0.518612
vt 0.990153 0.487358
vt 0.991771 0.48539
vt 0.995983 0.518735
vt 0.994867 0.4851
vt 0.996388 0.568521
vt 0.998727 0.565682
vt 0.987403 0.51937
vt 0.987822 0.486844
vt 0.986502 0.485623
vt 0.985136 0.519839
vt 0.984321 0.48496
vt 0.983959 0.519373
vt 0.999323 0.566789
vt 0.997871 0.568666
vt 0.995851 0.598235
vt 0.997982 0.598376
vt 0.997726 0.51886
vt 0.996338 0.485634
vt 0.998684 0.484177
vt 0.998632 0.485246
vt 0.661601 0.99097
vt 0.663701 0.99097
vt 0.663701 0.986942
vt 0.661601 0.986942
vt 0.999977 0.519295
vt 0.730177 0.859986
vt 0.733738 0.867526
vt 0.74536 0.849239
vt 0.75275 0.86368
vt 0.724167 0.853818
vt 0.733526 0.838202
vt 0.712515 0.869818
vt 0.733494 0.875443
vt 0.752919 0.879005
vt 0.758124 0.83752
vt 0.769437 0.858532
vt 0.771586 0.879804
vt 0.741168 0.82255
vt 0.716355 0.849831
vt 0.718911 0.832087
vt 0.719916 0.814545
vt 0.707976 0.84899
vt 0.702628 0.831308
vt 0.698837 0.814469
vt 0.720592 0.799782
vt 0.692524 0.801259
vt 0.747593 0.80918
vt 0.769726 0.82754
vt 0.783471 0.852675
vt 0.78645 0.880769
vt 0.747836 0.892697
vt 0.759887 0.898289
vt 0.778546 0.907844
vt 0.730665 0.882862
vt 0.724938 0.888192
vt 0.737069 0.903704
vt 0.745514 0.912988
vt 0.759161 0.929678
vt 0.160104 0.180546
vt 0.134006 0.169183
vt 0.132357 0.183204
vt 0.152687 0.192832
vt 0.105672 0.169025
vt 0.10996 0.182558
vt 0.180162 0.20096
vt 0.168425 0.209455
vt 0.19005 0.228301
vt 0.176296 0.232068
vt 0.18986 0.257853
vt 0.175485 0.25608
vt 0.178397 0.285043
vt 0.165643 0.278639
vt 0.15812 0.306128
vt 0.148798 0.294886
vt 0.677305 0.823751
vt 0.66771 0.813356
vt 0.131466 0.316919
vt 0.127204 0.303179
vt 0.688434 0.836971
vt 0.700099 0.85189
vt 0.694241 0.856977
vt 0.677879 0.847373
vt 0.662241 0.840159
vt 0.649754 0.834132
vt 0.103013 0.316907
vt 0.104609 0.302633
vt 0.123563 0.286385
vt 0.107684 0.285641
vt 0.139228 0.280482
vt 0.151629 0.269161
vt 0.159479 0.252964
vt 0.160175 0.235743
vt 0.155497 0.220789
vt 0.144621 0.208248
vt 0.129748 0.200154
vt 0.113277 0.199446
vt 0.0792323 0.1799
vt 0.088626 0.191001
vt 0.0988334 0.203143
vt 0.126115 0.217439
vt 0.116512 0.216343
vt 0.106934 0.219619
vt 0.134166 0.223135
vt 0.140075 0.230858
vt 0.143369 0.239858
vt 0.142568 0.250191
vt 0.137522 0.259263
vt 0.130035 0.26585
vt 0.121193 0.269027
vt 0.110853 0.268427
vt 0.0840139 0.293619
vt 0.0932615 0.278918
vt 0.102335 0.262961
vt 0.0767262 0.305923
vt 0.655355 0.860586
vt 0.641261 0.860306
vt 0.656923 0.882328
vt 0.642919 0.887848
vt 0.0567695 0.285326
vt 0.0682349 0.276353
vt 0.0821799 0.266682
vt 0.0962806 0.255654
vt 0.10373 0.24801
vt 0.107219 0.252392
vt 0.112893 0.260225
vt 0.11755 0.261053
vt 0.126569 0.255674
vt 0.130323 0.252427
vt 0.133366 0.247801
vt 0.133399 0.24241
vt 0.132086 0.237509
vt 0.129009 0.233518
vt 0.123182 0.225363
vt 0.118465 0.24341
vt 0.0932878 0.245956
vt 0.103069 0.243354
vt 0.0770056 0.25044
vt 0.060813 0.25442
vt 0.0468978 0.257651
vt 0.666345 0.901225
vt 0.655448 0.912776
vt 0.68005 0.890696
vt 0.673151 0.875733
vt 0.672074 0.86092
vt 0.691854 0.872283
vt 0.691015 0.864073
vt 0.695101 0.879758
vt 0.701151 0.886312
vt 0.691906 0.902129
vt 0.683825 0.917615
vt 0.676993 0.93155
vt 0.0473174 0.228037
vt 0.0616359 0.230307
vt 0.0779813 0.232822
vt 0.0945395 0.235667
vt 0.104316 0.238194
vt 0.118182 0.224912
vt 0.113356 0.225786
vt 0.106856 0.233917
vt 0.0995165 0.226572
vt 0.0852316 0.216892
vt 0.0715969 0.207603
vt 0.0589683 0.20091
vt 0.705373 0.926
vt 0.704248 0.941182
vt 0.706993 0.908359
vt 0.708885 0.889983
vt 0.717189 0.890299
vt 0.722426 0.908528
vt 0.727559 0.926175
vt 0.732454 0.94072
vt 0.678073 0.990653
vt 0.677401 0.991906
vt 0.680052 0.991836
vt 0.680164 0.990318
vt 0.676822 0.990742
vt 0.678242 0.988489
vt 0.676967 0.988309
vt 0.680608 0.988014
vt 0.0197459 0.235998
vt 0.0208504 0.236182
vt 0.0204501 0.196346
vt 0.0216555 0.195983
vt 0.0174207 0.235442
vt 0.0177094 0.196499
vt 0.0155533 0.196436
vt 0.0156598 0.234868
vt 0.0154701 0.23599
vt 0.0121886 0.235546
vt 0.0129039 0.234502
vt 0.00874496 0.234731
vt 0.00861106 0.235864
vt 0.0114841 0.234364
vt 0.00699892 0.235176
vt 0.00627947 0.195749
vt 0.00792959 0.195789
vt 0.00468826 0.235831
vt 0.00444895 0.195545
vt 0.625338 0.994531
vt 0.625664 0.995786
vt 0.627652 0.99417
vt 0.62701 0.993068
vt 0.624299 0.995744
vt 0.624156 0.9927
vt 0.622761 0.993399
vt 0.623339 0.9918
vt 0.625317 0.990157
vt 0.625834 0.99124
vt 0.0124168 0.196095
vt 0.0107305 0.195935
vt 0.628243 0.992541
vt 0.626707 0.990188
vt 0.490608 0.037259
vt 0.482915 0.0336251
vt 0.478197 0.0559015
vt 0.490193 0.0635619
vt 0.497079 0.0383716
vt 0.502649 0.0686483
vt 0.478843 0.00410366
vt 0.47517 0.0270475
vt 0.465805 0.045603
vt 0.474294 0.0670687
vt 0.48695 0.0772951
vt 0.460702 0.0556958
vt 0.499251 0.0844429
vt 0.758917 0.181036
vt 0.756973 0.175888
vt 0.743415 0.204421
vt 0.737632 0.193944
vt 0.513342 0.0748001
vt 0.51044 0.0901926
vt 0.785141 0.164931
vt 0.765097 0.18308
vt 0.756428 0.204413
vt 0.756401 0.216932
vt 0.741935 0.217082
vt 0.763841 0.253399
vt 0.747119 0.257941
vt 0.479967 0.122399
vt 0.495801 0.125382
vt 0.468356 0.110907
vt 0.454719 0.0992313
vt 0.440283 0.0851854
vt 0.455201 0.0307732
vt 0.451438 0.0347602
vt 0.42362 0.0721529
vt 0.467754 0.0187978
vt 0.459237 0.0118771
vt 0.440842 0.0195858
vt 0.437047 0.0239391
vt 0.406295 0.0583695
vt 0.425183 0.103351
vt 0.409845 0.0909843
vt 0.394514 0.0786441
vt 0.438691 0.116433
vt 0.450061 0.128537
vt 0.458047 0.140767
vt 0.7356 0.269845
vt 0.749064 0.290046
vt 0.760859 0.28206
vt 0.775427 0.275298
vt 0.772942 0.213125
vt 0.782444 0.247317
vt 0.792514 0.269049
vt 0.771411 0.20254
vt 0.773872 0.182829
vt 0.783914 0.181531
vt 0.788017 0.198298
vt 0.791199 0.208202
vt 0.802694 0.241113
vt 0.81107 0.263102
vt 0.803814 0.28823
vt 0.8188 0.283259
vt 0.790562 0.294994
vt 0.778312 0.301141
vt 0.770272 0.309495
vt 0.428638 0.139893
vt 0.432692 0.149797
vt 0.420757 0.129437
vt 0.410106 0.118703
vt 0.397883 0.108206
vt 0.385452 0.0980029
vt 0.3917 0.04593
vt 0.379198 0.0674965
vt 0.372552 0.0893617
vt 0.379368 0.116749
vt 0.387483 0.123117
vt 0.370864 0.112182
vt 0.394976 0.130558
vt 0.400951 0.137054
vt 0.405394 0.143593
vt 0.407512 0.150036
vt 0.801323 0.314161
vt 0.796774 0.319241
vt 0.80752 0.308812
vt 0.815257 0.304529
vt 0.825503 0.299775
vt 0.829939 0.257484
vt 0.834207 0.27789
vt 0.836443 0.297116
vt 0.823477 0.23536
vt 0.810225 0.203381
vt 0.828099 0.197325
vt 0.842659 0.230092
vt 0.847957 0.253218
vt 0.848997 0.275372
vt 0.844686 0.29541
vt 0.838383 0.308876
vt 0.843496 0.307388
vt 0.826636 0.307225
vt 0.822786 0.309155
vt 0.815767 0.317311
vt 0.811503 0.319785
vt 0.404571 0.155928
vt 0.393687 0.149104
vt 0.392924 0.152014
vt 0.392664 0.145705
vt 0.390584 0.142227
vt 0.387493 0.138617
vt 0.38191 0.129003
vt 0.36929 0.142831
vt 0.834317 0.328351
vt 0.851815 0.29571
vt 0.848004 0.307064
vt 0.862188 0.273864
vt 0.864355 0.250008
vt 0.860619 0.225376
vt 0.843787 0.191467
vt 0.833375 0.182551
vt 0.819952 0.188876
vt 0.804905 0.194146
vt 0.804805 0.174365
vt 0.795021 0.178556
vt 0.812057 0.169462
vt 0.816558 0.164664
vt 0.844577 0.175379
vt 0.857953 0.184174
vt 0.876944 0.220846
vt 0.878858 0.249048
vt 0.872464 0.27533
vt 0.85823 0.297063
vt 0.851741 0.307428
vt 0.360935 0.122497
vt 0.358422 0.124462
vt 0.378077 0.125979
vt 0.373474 0.122485
vt 0.364484 0.122956
vt 0.363606 0.109203
vt 0.356794 0.108985
vt 0.359828 0.0836077
vt 0.348103 0.0818186
vt 0.364204 0.0586381
vt 0.349936 0.0532185
vt 0.377661 0.0357695
vt 0.364422 0.0280617
vt 0.407128 0.00782943
vt 0.395279 0.000839293
vt 0.848214 0.166386
vt 0.859284 0.170241
vt 0.816191 0.159601
vt 0.452142 0.00608861
vt 0.449634 0.000698626
vt 0.419552 0.00114775
vt 0.428204 0.0107447
vt 0.418404 0.0183472
vt 0.453012 0.99656
vt 0.452888 0.998387
vt 0.454753 0.999401
vt 0.455939 0.998778
vt 0.421921 0.998291
vt 0.422053 0.996318
vt 0.999921 0.444521
vt 0.997628 0.444631
vt 0.998877 0.479698
vt 0.997136 0.479764
vt 0.457328 0.997629
vt 0.454753 0.995725
vt 0.986578 0.444301
vt 0.984536 0.443931
vt 0.984015 0.479194
vt 0.986518 0.478681
vt 0.988461 0.478349
vt 0.988245 0.444377
vt 0.991567 0.478851
vt 0.990953 0.444441
vt 0.45596 0.995288
vt 0.457453 0.996564
vt 0.993173 0.47815
vt 0.992666 0.444448
vt 0.995765 0.444631
vt 0.995626 0.478163
vt 0.420801 0.994575
vt 0.418049 0.996423
vt 0.419094 0.998135
vt 0.420046 0.998939
vt 0.296689 0.122935
vt 0.287496 0.123989
vt 0.30671 0.142003
vt 0.291115 0.144907
vt 0.305321 0.120814
vt 0.320635 0.137326
vt 0.287587 0.0988483
vt 0.278035 0.124374
vt 0.275963 0.146076
vt 0.29683 0.164435
vt 0.315133 0.16095
vt 0.277478 0.167253
vt 0.333311 0.156669
vt 0.311624 0.117629
vt 0.331754 0.131719
vt 0.348152 0.149529
vt 0.313725 0.113406
vt 0.338575 0.124747
vt 0.35941 0.142363
vt 0.371444 0.163172
vt 0.357247 0.169369
vt 0.340662 0.175303
vt 0.321474 0.180548
vt 0.30122 0.183868
vt 0.280477 0.187318
vt 0.26041 0.143476
vt 0.25738 0.158401
vt 0.258315 0.190249
vt 0.269668 0.121876
vt 0.262724 0.117851
vt 0.247388 0.138148
vt 0.241333 0.154471
vt 0.237721 0.187962
vt 0.262783 0.208872
vt 0.28411 0.206123
vt 0.241096 0.211605
vt 0.304049 0.202218
vt 0.323954 0.198518
vt 0.343087 0.194573
vt 0.359536 0.191666
vt 0.372992 0.188081
vt 0.540285 0.207425
vt 0.551829 0.198262
vt 0.539948 0.174444
vt 0.52849 0.186202
vt 0.522207 0.158125
vt 0.512997 0.172476
vt 0.547837 0.231097
vt 0.557665 0.223438
vt 0.310067 0.106104
vt 0.33602 0.111964
vt 0.534287 0.261732
vt 0.54137 0.260352
vt 0.534531 0.237625
vt 0.523147 0.290728
vt 0.526082 0.218488
vt 0.515054 0.200678
vt 0.500687 0.18653
vt 0.494141 0.163429
vt 0.484355 0.175032
vt 0.499784 0.151138
vt 0.367746 0.213448
vt 0.355939 0.212468
vt 0.341338 0.213568
vt 0.325074 0.216258
vt 0.307953 0.219754
vt 0.290149 0.225784
vt 0.271375 0.227825
vt 0.253718 0.22986
vt 0.219377 0.182045
vt 0.221521 0.206083
vt 0.390884 0.219799
vt 0.404796 0.231338
vt 0.408802 0.206942
vt 0.399963 0.19743
vt 0.393279 0.186386
vt 0.413345 0.180517
vt 0.408593 0.174205
vt 0.41947 0.18442
vt 0.388118 0.170962
vt 0.406814 0.165912
vt 0.314783 0.236588
vt 0.304702 0.240791
vt 0.325132 0.234501
vt 0.335068 0.233359
vt 0.343797 0.233499
vt 0.349949 0.235677
vt 0.475027 0.151039
vt 0.470623 0.157708
vt 0.465853 0.165347
vt 0.48593 0.199807
vt 0.472961 0.18488
vt 0.458171 0.172031
vt 0.498967 0.214974
vt 0.510424 0.230935
vt 0.493597 0.241933
vt 0.481885 0.227004
vt 0.470216 0.211294
vt 0.460121 0.195278
vt 0.450408 0.178769
vt 0.444241 0.16972
vt 0.448035 0.166026
vt 0.457602 0.16151
vt 0.460094 0.156583
vt 0.352291 0.242501
vt 0.338466 0.245513
vt 0.345047 0.250921
vt 0.335051 0.244408
vt 0.330616 0.244044
vt 0.325379 0.244373
vt 0.319613 0.245713
vt 0.314569 0.247674
vt 0.418611 0.160669
vt 0.416435 0.168492
vt 0.327744 0.258581
vt 0.435344 0.156648
vt 0.453128 0.151095
vt 0.442005 0.183476
vt 0.439776 0.172257
vt 0.446322 0.203239
vt 0.454229 0.220824
vt 0.464321 0.23695
vt 0.477086 0.251414
vt 0.491303 0.265675
vt 0.504965 0.256552
vt 0.519956 0.247244
vt 0.515911 0.271235
vt 0.525425 0.265231
vt 0.50726 0.277191
vt 0.49958 0.283359
vt 0.478159 0.274062
vt 0.460604 0.261182
vt 0.446709 0.246082
vt 0.437548 0.22754
vt 0.432397 0.208637
vt 0.433716 0.186079
vt 0.435322 0.173584
vt 0.419135 0.17189
vt 0.422463 0.174383
vt 0.431123 0.173627
vt 0.426063 0.18654
vt 0.41965 0.210407
vt 0.421031 0.232775
vt 0.429032 0.25245
vt 0.443257 0.270631
vt 0.465841 0.281705
vt 0.493533 0.288986
vt 0.259365 0.111385
vt 0.259598 0.1035
vt 0.239257 0.128933
vt 0.237837 0.115259
vt 0.225 0.153461
vt 0.219595 0.134336
vt 0.422929 0.273064
vt 0.410083 0.254246
vt 0.316473 0.996161
vt 0.316342 0.998085
vt 0.318303 0.99915
vt 0.31955 0.998496
vt 0.283403 0.996333
vt 0.283782 0.997985
vt 0.462608 0.984019
vt 0.462718 0.98631
vt 0.497821 0.986724
vt 0.497771 0.985062
vt 0.321011 0.997289
vt 0.318304 0.995285
vt 0.462388 0.997355
vt 0.462018 0.999396
vt 0.496754 0.997415
vt 0.497266 0.999917
vt 0.496422 0.995474
vt 0.462466 0.995689
vt 0.49685 0.992783
vt 0.462529 0.992983
vt 0.319573 0.994826
vt 0.321143 0.996168
vt 0.496141 0.990813
vt 0.462535 0.991272
vt 0.462717 0.988173
vt 0.496339 0.988226
vt 0.281854 0.994991
vt 0.280809 0.99782
vt 0.279259 0.996477
vt 0.281811 0.998666
vt 0.43416 0.692723
vt 0.442157 0.695381
vt 0.431873 0.674047
vt 0.448561 0.678273
vt 0.426329 0.693155
vt 0.415551 0.677271
vt 0.434088 0.713527
vt 0.449059 0.700506
vt 0.463259 0.688045
vt 0.550631 0.261233
vt 0.559155 0.281826
vt 0.562254 0.244863
vt 0.570789 0.271158
vt 0.565233 0.298019
vt 0.582245 0.295022
vt 0.400847 0.664391
vt 0.420965 0.658776
vt 0.41918 0.69697
vt 0.401943 0.68552
vt 0.384138 0.676815
vt 0.414789 0.703526
vt 0.394891 0.697597
vt 0.375917 0.695645
vt 0.364218 0.675938
vt 0.356541 0.698924
vt 0.573763 0.19517
vt 0.564246 0.218372
vt 0.582803 0.213965
vt 0.593615 0.191028
vt 0.578642 0.237887
vt 0.584394 0.261756
vt 0.596214 0.283864
vt 0.471661 0.702324
vt 0.478631 0.680961
vt 0.483305 0.698303
vt 0.600182 0.314175
vt 0.616351 0.299469
vt 0.45361 0.707723
vt 0.455408 0.716053
vt 0.475279 0.718879
vt 0.48751 0.720156
vt 0.618841 0.326516
vt 0.639789 0.312921
vt 0.610032 0.272366
vt 0.627012 0.287174
vt 0.647397 0.298196
vt 0.599923 0.252775
vt 0.596998 0.233036
vt 0.600502 0.212954
vt 0.612539 0.195346
vt 0.612346 0.175492
vt 0.629684 0.182037
vt 0.375364 0.716746
vt 0.359717 0.72443
vt 0.346371 0.734931
vt 0.340428 0.708868
vt 0.393468 0.712602
vt 0.413278 0.711343
vt 0.414864 0.719604
vt 0.39726 0.727765
vt 0.382218 0.73749
vt 0.369519 0.748688
vt 0.358006 0.759482
vt 0.340263 0.763477
vt 0.335929 0.748537
vt 0.650729 0.177199
vt 0.644508 0.195926
vt 0.661316 0.192187
vt 0.629418 0.203006
vt 0.619519 0.215796
vt 0.61576 0.230886
vt 0.617888 0.246641
vt 0.625209 0.261014
vt 0.637203 0.272511
vt 0.652968 0.281035
vt 0.661542 0.316699
vt 0.670029 0.301825
vt 0.668611 0.282408
vt 0.656426 0.262014
vt 0.647467 0.257069
vt 0.666422 0.262303
vt 0.64087 0.249343
vt 0.636651 0.240675
vt 0.635381 0.231199
vt 0.637859 0.222121
vt 0.643741 0.215541
vt 0.652399 0.211196
vt 0.661949 0.210026
vt 0.678827 0.198921
vt 0.67279 0.213299
vt 0.705083 0.205446
vt 0.692962 0.190473
vt 0.692492 0.213022
vt 0.680393 0.222508
vt 0.384474 0.770702
vt 0.368674 0.77655
vt 0.394465 0.756241
vt 0.410958 0.768837
vt 0.404196 0.785499
vt 0.729793 0.227231
vt 0.721252 0.20341
vt 0.716231 0.229137
vt 0.701059 0.230626
vt 0.685099 0.232838
vt 0.673531 0.229679
vt 0.675736 0.235039
vt 0.66974 0.220285
vt 0.664924 0.218274
vt 0.655433 0.220951
vt 0.651064 0.223177
vt 0.648047 0.226928
vt 0.646582 0.231446
vt 0.64699 0.236467
vt 0.649029 0.241086
vt 0.652555 0.250472
vt 0.661531 0.234315
vt 0.685296 0.243826
vt 0.675784 0.240551
vt 0.701471 0.249433
vt 0.716441 0.254681
vt 0.730493 0.257538
vt 0.428625 0.774984
vt 0.425963 0.793032
vt 0.431943 0.755412
vt 0.417989 0.750953
vt 0.405641 0.741746
vt 0.425715 0.732291
vt 0.419113 0.727076
vt 0.433483 0.734696
vt 0.441432 0.733907
vt 0.445955 0.754184
vt 0.448399 0.77367
vt 0.448893 0.791834
vt 0.721682 0.284255
vt 0.707069 0.277495
vt 0.694825 0.265972
vt 0.68139 0.253042
vt 0.673464 0.245094
vt 0.657359 0.252827
vt 0.662229 0.25355
vt 0.670201 0.248085
vt 0.674704 0.259261
vt 0.683279 0.277795
vt 0.691307 0.294809
vt 0.707079 0.302592
vt 0.467172 0.764285
vt 0.472013 0.780676
vt 0.459327 0.747439
vt 0.448533 0.730301
vt 0.453497 0.723936
vt 0.469861 0.735008
vt 0.482606 0.747462
vt 0.491803 0.760323
vt 0.486322 0.789723
vt 0.501941 0.772314
vt 0.505437 0.737671
vt 0.9484 0.186459
vt 0.948031 0.187565
vt 0.951172 0.187793
vt 0.953329 0.187226
vt 0.602806 0.991819
vt 0.604231 0.991928
vt 0.604772 0.989603
vt 0.603503 0.989218
vt 0.607638 0.99185
vt 0.608038 0.989247
vt 0.946531 0.186833
vt 0.93622 0.221775
vt 0.937916 0.222363
vt 0.940967 0.223093
vt 0.942628 0.223553
vt 0.945112 0.224218
vt 0.956279 0.188314
vt 0.604717 0.988334
vt 0.607506 0.987992
vt 0.946172 0.224811
vt 0.957831 0.188417
vt 0.944017 0.185403
vt 0.942461 0.184355
vt 0.932124 0.219887
vt 0.933313 0.221239
vt 0.643424 0.988943
vt 0.644819 0.989487
vt 0.644543 0.986239
vt 0.643257 0.98602
vt 0.647432 0.989344
vt 0.646882 0.985789
vt 0.644544 0.98487
vt 0.647067 0.984408
vt 0.647907 0.98457
vt 0.929937 0.220548
vt 0.929719 0.219177
vt 0.940611 0.182819
vt 0.737854 0.0681908
vt 0.742281 0.0771818
vt 0.747826 0.0487007
vt 0.757312 0.0666702
vt 0.731109 0.061888
vt 0.733853 0.038875
vt 0.724297 0.0881669
vt 0.744171 0.0883085
vt 0.761284 0.0897131
vt 0.762327 0.0582042
vt 0.756711 0.0370155
vt 0.324418 0.365323
vt 0.332059 0.344922
vt 0.321984 0.342862
vt 0.313285 0.367407
vt 0.731292 0.0281085
vt 0.723386 0.0602937
vt 0.71802 0.0375545
vt 0.711801 0.0271325
vt 0.715622 0.0630214
vt 0.70257 0.0430675
vt 0.693684 0.035058
vt 0.232785 0.42965
vt 0.2597 0.412849
vt 0.203833 0.390813
vt 0.232613 0.39964
vt 0.282632 0.403749
vt 0.251157 0.388158
vt 0.300252 0.387866
vt 0.270791 0.375759
vt 0.285388 0.357881
vt 0.295764 0.334916
vt 0.340826 0.325045
vt 0.334183 0.319956
vt 0.301036 0.308017
vt 0.742594 0.0991896
vt 0.757965 0.111629
vt 0.738339 0.108635
vt 0.748707 0.128763
vt 0.762606 0.115068
vt 0.752759 0.134933
vt 0.335172 0.293303
vt 0.301007 0.279317
vt 0.27759 0.327947
vt 0.283021 0.303945
vt 0.282719 0.278805
vt 0.268142 0.348065
vt 0.254795 0.363827
vt 0.237645 0.374742
vt 0.218952 0.378153
vt 0.195863 0.371433
vt 0.681855 0.0517494
vt 0.662487 0.0261351
vt 0.653484 0.0488614
vt 0.639482 0.030424
vt 0.634184 0.0537244
vt 0.691632 0.055828
vt 0.709007 0.0689548
vt 0.705132 0.0784866
vt 0.68527 0.0732667
vt 0.67497 0.0725672
vt 0.646406 0.0746769
vt 0.628463 0.0795401
vt 0.609535 0.0857944
vt 0.611656 0.0633101
vt 0.616037 0.0441253
vt 0.210628 0.356773
vt 0.194567 0.349898
vt 0.225958 0.3551
vt 0.240002 0.348336
vt 0.251495 0.336369
vt 0.259143 0.32028
vt 0.263297 0.301901
vt 0.2634 0.282948
vt 0.296291 0.252865
vt 0.276312 0.256257
vt 0.257684 0.266086
vt 0.243259 0.301659
vt 0.243233 0.290223
vt 0.238993 0.28054
vt 0.239678 0.312549
vt 0.234942 0.322116
vt 0.228004 0.329533
vt 0.219612 0.333022
vt 0.210809 0.333159
vt 0.202853 0.328394
vt 0.183377 0.333271
vt 0.197267 0.319173
vt 0.181263 0.312206
vt 0.194536 0.306623
vt 0.628064 0.105577
vt 0.60888 0.109089
vt 0.184917 0.288928
vt 0.198281 0.294129
vt 0.6455 0.101486
vt 0.673362 0.0943975
vt 0.676707 0.114636
vt 0.650508 0.1255
vt 0.633802 0.129832
vt 0.614512 0.132016
vt 0.195852 0.269949
vt 0.204746 0.282447
vt 0.210703 0.289302
vt 0.207251 0.295228
vt 0.201436 0.304978
vt 0.202376 0.310784
vt 0.208951 0.316275
vt 0.212932 0.31948
vt 0.217412 0.319853
vt 0.221792 0.318502
vt 0.225764 0.314838
vt 0.228687 0.309556
vt 0.234639 0.300923
vt 0.217121 0.302557
vt 0.214293 0.275243
vt 0.215483 0.285791
vt 0.212149 0.25678
vt 0.644545 0.151396
vt 0.622237 0.151914
vt 0.662873 0.14623
vt 0.685638 0.131684
vt 0.693846 0.124865
vt 0.686337 0.110204
vt 0.683426 0.0921612
vt 0.705383 0.0996236
vt 0.703846 0.089171
vt 0.709952 0.108222
vt 0.716333 0.114444
vt 0.705164 0.135958
vt 0.69837 0.144888
vt 0.678684 0.162549
vt 0.657053 0.169552
vt 0.631592 0.165915
vt 0.229697 0.250797
vt 0.22423 0.272353
vt 0.220607 0.284488
vt 0.234344 0.294816
vt 0.232326 0.289893
vt 0.224067 0.286153
vt 0.232531 0.274772
vt 0.246444 0.254334
vt 0.261904 0.23926
vt 0.24116 0.233001
vt 0.698516 0.173939
vt 0.677722 0.190732
vt 0.715204 0.152337
vt 0.720494 0.141073
vt 0.723982 0.117144
vt 0.731864 0.115087
vt 0.735264 0.140176
vt 0.736013 0.15156
vt 0.720532 0.174624
vt 0.280227 0.233036
vt 0.324699 0.266582
vt 0.997327 0.435085
vt 0.995465 0.434956
vt 0.994388 0.43681
vt 0.994936 0.4379
vt 0.995555 0.405699
vt 0.997603 0.405835
vt 0.999761 0.641282
vt 0.997542 0.641551
vt 0.998783 0.67456
vt 0.997394 0.674554
vt 0.996166 0.439169
vt 0.998221 0.436773
vt 0.986727 0.641263
vt 0.984741 0.640701
vt 0.986685 0.673695
vt 0.984175 0.674024
vt 0.988466 0.67352
vt 0.988231 0.641481
vt 0.991519 0.674141
vt 0.990841 0.64172
vt 0.998621 0.43788
vt 0.997239 0.439271
vt 0.993152 0.673492
vt 0.992686 0.641741
vt 0.995788 0.64172
vt 0.995866 0.673597
vt 0.999588 0.404907
vt 0.997369 0.402094
vt 0.995576 0.403011
vt 0.994898 0.403835
vt 0.0408455 0.90864
vt 0.0392714 0.900788
vt 0.0255564 0.91856
vt 0.0202097 0.902443
vt 0.0452509 0.915537
vt 0.034823 0.930976
vt 0.0595493 0.902752
vt 0.0409617 0.893001
vt 0.0229707 0.885407
vt 0.00478538 0.913509
vt 0.0130239 0.933703
vt 0.246549 0.0570874
vt 0.24288 0.042734
vt 0.235115 0.0694167
vt 0.226429 0.0447633
vt 0.029342 0.948859
vt 0.0518422 0.920929
vt 0.0484842 0.940254
vt 0.048657 0.958613
vt 0.0595902 0.923203
vt 0.0630506 0.94276
vt 0.0693585 0.960716
vt 0.0768913 0.977117
vt 0.052432 0.976471
vt 0.0284049 0.96761
vt 0.007885 0.95205
vt 0.237078 0.0952996
vt 0.222804 0.107391
vt 0.221663 0.0813557
vt 0.214598 0.0564201
vt 0.0331871 0.873407
vt 0.0111247 0.873079
vt 0.0253979 0.864309
vt 0.212812 0.0198493
vt 0.200144 0.0380164
vt 0.0457916 0.886922
vt 0.0526461 0.88287
vt 0.0471164 0.865203
vt 0.0437368 0.853956
vt 0.190661 0.00380647
vt 0.180861 0.0228282
vt 0.189276 0.0507804
vt 0.200744 0.0668753
vt 0.173035 0.0379573
vt 0.206553 0.0871133
vt 0.205866 0.108723
vt 0.212539 0.133184
vt 0.196064 0.129295
vt 0.192586 0.152615
vt 0.177756 0.146205
vt 0.16588 0.170485
vt 0.157776 0.154248
vt 0.0878102 0.95591
vt 0.0988374 0.969886
vt 0.137932 0.162066
vt 0.128248 0.147843
vt 0.0772369 0.940053
vt 0.0674479 0.922651
vt 0.0738904 0.918605
vt 0.0881928 0.932262
vt 0.102371 0.944159
vt 0.115941 0.953762
vt 0.115808 0.977405
vt 0.13074 0.961229
vt 0.106423 0.133578
vt 0.130754 0.133396
vt 0.115398 0.123573
vt 0.148873 0.137777
vt 0.165235 0.133587
vt 0.179297 0.12321
vt 0.187038 0.108655
vt 0.188791 0.0929612
vt 0.185124 0.0771115
vt 0.176857 0.0649859
vt 0.164829 0.055516
vt 0.157038 0.0160503
vt 0.152966 0.032516
vt 0.150402 0.0506901
vt 0.155726 0.0728555
vt 0.163152 0.0788364
vt 0.146154 0.0705336
vt 0.167713 0.0871359
vt 0.169475 0.0962144
vt 0.168619 0.105882
vt 0.163596 0.113994
vt 0.1552 0.119425
vt 0.145212 0.120978
vt 0.134396 0.119344
vt 0.124079 0.112767
vt 0.0915881 0.112581
vt 0.105049 0.108838
vt 0.119652 0.10354
vt 0.127489 0.934702
vt 0.142032 0.93975
vt 0.112591 0.928035
vt 0.117614 0.908703
vt 0.133914 0.911539
vt 0.148846 0.915357
vt 0.0847767 0.0892184
vt 0.100623 0.0913932
vt 0.117689 0.0936595
vt 0.12801 0.0938554
vt 0.128572 0.0986352
vt 0.1301 0.108127
vt 0.133628 0.111454
vt 0.144547 0.111375
vt 0.150216 0.110805
vt 0.154675 0.108142
vt 0.157439 0.104132
vt 0.158383 0.0991811
vt 0.157733 0.0943781
vt 0.156301 0.084597
vt 0.142973 0.0977595
vt 0.120573 0.0838145
vt 0.129596 0.0889934
vt 0.105714 0.0748866
vt 0.0917052 0.0653197
vt 0.133715 0.887021
vt 0.149833 0.893043
vt 0.116174 0.888182
vt 0.0978702 0.892102
vt 0.099421 0.906855
vt 0.0957727 0.921204
vt 0.0799501 0.904584
vt 0.0781811 0.912244
vt 0.0787859 0.896548
vt 0.0745491 0.889483
vt 0.0909066 0.878695
vt 0.106896 0.868713
vt 0.124854 0.866758
vt 0.106363 0.0325539
vt 0.0872293 0.0492295
vt 0.110713 0.0460578
vt 0.118279 0.0619457
vt 0.127722 0.076408
vt 0.133107 0.0845312
vt 0.152374 0.0815179
vt 0.147812 0.0798073
vt 0.137858 0.0828661
vt 0.136783 0.0717257
vt 0.134221 0.0522
vt 0.129487 0.0364289
vt 0.131733 0.0182645
vt 0.132955 0.00319862
vt 0.110996 0.0157329
vt 0.0789386 0.868855
vt 0.0896619 0.855157
vt 0.0680784 0.884463
vt 0.0605209 0.88217
vt 0.063331 0.863986
vt 0.068217 0.847896
vt 0.161397 0.00220585
vt 0.00792609 0.330902
vt 0.00783967 0.32953
vt 0.00511711 0.330503
vt 0.0048001 0.329119
vt 0.00949068 0.330049
vt 0.0118808 0.332281
vt 0.0125114 0.330747
vt 0.671305 0.990874
vt 0.671123 0.988231
vt 0.668766 0.991789
vt 0.668725 0.989247
vt 0.0198551 0.290728
vt 0.021797 0.29137
vt 0.017025 0.2895
vt 0.0154409 0.288615
vt 0.00266011 0.328662
vt 0.672521 0.991895
vt 0.672641 0.990762
vt 0.672428 0.988024
vt 0.0141568 0.331447
vt 0.0147232 0.335165
vt 0.0159925 0.33238
vt 0.016629 0.334112
vt 0.0275427 0.293085
vt 0.025155 0.292447
vt 0.58622 0.987448
vt 0.587234 0.988347
vt 0.586884 0.985165
vt 0.588109 0.985703
vt 0.585903 0.989136
vt 0.583882 0.986612
vt 0.58301 0.987983
vt 0.582574 0.986195
vt 0.583434 0.983545
vt 0.58458 0.984288
vt 0.013743 0.287325
vt 8.5095e-05 0.328163
vt 0.0320434 0.294249
vt 0.030624 0.293933
vt 0.587659 0.983901
vt 0.584764 0.982752
vt 0.287375 0.637921
vt 0.290525 0.647199
vt 0.306412 0.623199
vt 0.312887 0.640056
vt 0.28068 0.631054
vt 0.292708 0.610961
vt 0.265772 0.652819
vt 0.289749 0.656837
vt 0.313241 0.659662
vt 0.32371 0.636167
vt 0.315447 0.615041
vt 0.324972 0.659309
vt 0.297274 0.600089
vt 0.271875 0.627389
vt 0.276617 0.602653
vt 0.276004 0.592366
vt 0.262363 0.62816
vt 0.257166 0.605395
vt 0.25311 0.594504
vt 0.275511 0.56693
vt 0.242473 0.57035
vt 0.307138 0.576552
vt 0.332491 0.597562
vt 0.347941 0.626943
vt 0.3507 0.66041
vt 0.304551 0.676784
vt 0.312869 0.679994
vt 0.342041 0.693499
vt 0.285074 0.666093
vt 0.278007 0.674113
vt 0.291697 0.692531
vt 0.297698 0.69726
vt 0.319252 0.722103
vt 0.467675 0.61644
vt 0.490167 0.58919
vt 0.4739 0.581663
vt 0.455129 0.603792
vt 0.501858 0.555924
vt 0.484061 0.554454
vt 0.437242 0.632903
vt 0.430229 0.616308
vt 0.403268 0.635975
vt 0.403171 0.618363
vt 0.370913 0.625913
vt 0.377625 0.610028
vt 0.344935 0.603998
vt 0.358028 0.593139
vt 0.329327 0.57329
vt 0.345371 0.566982
vt 0.232485 0.604444
vt 0.213011 0.586507
vt 0.327459 0.538598
vt 0.34461 0.53734
vt 0.240429 0.613326
vt 0.253299 0.632224
vt 0.245947 0.639343
vt 0.226594 0.627722
vt 0.215875 0.622797
vt 0.1915 0.613048
vt 0.338624 0.505382
vt 0.354433 0.511978
vt 0.371697 0.521085
vt 0.365147 0.539822
vt 0.364665 0.560426
vt 0.372718 0.578353
vt 0.386501 0.591011
vt 0.40487 0.597604
vt 0.423304 0.596458
vt 0.441444 0.587674
vt 0.455311 0.572846
vt 0.463156 0.553409
vt 0.499552 0.521152
vt 0.482684 0.526474
vt 0.462931 0.53353
vt 0.444226 0.552183
vt 0.438668 0.563729
vt 0.44317 0.539033
vt 0.42856 0.571283
vt 0.41718 0.57651
vt 0.407093 0.577078
vt 0.39589 0.572551
vt 0.388183 0.564357
vt 0.384579 0.55407
vt 0.383881 0.541971
vt 0.387827 0.529086
vt 0.37319 0.489609
vt 0.386492 0.504993
vt 0.398002 0.520823
vt 0.361169 0.47865
vt 0.207302 0.64596
vt 0.181428 0.645882
vt 0.207997 0.669903
vt 0.183544 0.679745
vt 0.391511 0.462044
vt 0.398302 0.477829
vt 0.406034 0.496653
vt 0.409546 0.515909
vt 0.41343 0.527254
vt 0.407501 0.529304
vt 0.395279 0.533346
vt 0.392689 0.538431
vt 0.396176 0.551442
vt 0.39788 0.557148
vt 0.402355 0.561504
vt 0.407475 0.564618
vt 0.413235 0.564548
vt 0.419022 0.562352
vt 0.431987 0.5582
vt 0.412671 0.546247
vt 0.421247 0.515667
vt 0.419065 0.527767
vt 0.426525 0.495138
vt 0.425237 0.47551
vt 0.425475 0.458402
vt 0.216808 0.691059
vt 0.197984 0.709561
vt 0.225931 0.683232
vt 0.218903 0.666149
vt 0.218783 0.64639
vt 0.241194 0.658793
vt 0.241867 0.648821
vt 0.244476 0.667575
vt 0.251028 0.674469
vt 0.23864 0.69583
vt 0.233171 0.706635
vt 0.22297 0.730748
vt 0.457713 0.468669
vt 0.450513 0.483977
vt 0.442369 0.502692
vt 0.431527 0.520503
vt 0.42388 0.531216
vt 0.434612 0.552483
vt 0.435614 0.546737
vt 0.428066 0.535666
vt 0.438514 0.529076
vt 0.455486 0.515737
vt 0.471063 0.501893
vt 0.483859 0.490508
vt 0.254716 0.714039
vt 0.2545 0.740299
vt 0.255567 0.702157
vt 0.259253 0.678603
vt 0.26893 0.678595
vt 0.274315 0.701169
vt 0.278057 0.712214
vt 0.286978 0.73747
vt 0.990486 0.23476
vt 0.989253 0.234238
vt 0.988386 0.238283
vt 0.987604 0.237086
vt 0.990585 0.233008
vt 0.992846 0.234724
vt 0.99172 0.232052
vt 0.988774 0.240219
vt 0.959494 0.213534
vt 0.960965 0.211567
vt 0.957282 0.216654
vt 0.956222 0.218316
vt 0.986957 0.238711
vt 0.986624 0.240848
vt 0.98419 0.682366
vt 0.985689 0.682487
vt 0.984208 0.679809
vt 0.985625 0.680042
vt 0.985494 0.678959
vt 0.993287 0.231886
vt 0.964647 0.207359
vt 0.963022 0.20914
vt 0.634002 0.99626
vt 0.632806 0.996417
vt 0.634574 0.998465
vt 0.633449 0.998947
vt 0.633455 0.994973
vt 0.636355 0.994009
vt 0.636413 0.995278
vt 0.637647 0.995049
vt 0.636969 0.997515
vt 0.638279 0.99757
vt 0.955105 0.219951
vt 0.954312 0.220732
vt 0.986014 0.242433
vt 0.995487 0.23045
vt 0.965769 0.205358
vt 0.634741 0.999967
vt 0.637627 0.99898
vt 0.798722 0.421045
vt 0.801343 0.431783
vt 0.804586 0.393798
vt 0.816889 0.408772
vt 0.79098 0.41469
vt 0.789652 0.388077
vt 0.77947 0.445416
vt 0.801751 0.443185
vt 0.818624 0.437234
vt 0.798614 0.367066
vt 0.818827 0.376527
vt 0.181395 0.880106
vt 0.166385 0.893458
vt 0.185714 0.90294
vt 0.203121 0.885912
vt 0.778118 0.361299
vt 0.781843 0.414519
vt 0.773694 0.387204
vt 0.759037 0.36396
vt 0.772089 0.416806
vt 0.756634 0.39352
vt 0.739722 0.375499
vt 0.743079 0.34796
vt 0.720738 0.362341
vt 0.758712 0.336924
vt 0.780367 0.334421
vt 0.80436 0.346669
vt 0.221903 0.893755
vt 0.203944 0.910448
vt 0.154726 0.906319
vt 0.164408 0.918081
vt 0.190634 0.928635
vt 0.797315 0.456475
vt 0.811055 0.462073
vt 0.789163 0.467526
vt 0.793069 0.483614
vt 0.794854 0.494668
vt 0.816896 0.472506
vt 0.155167 0.940572
vt 0.181479 0.949894
vt 0.207762 0.936503
vt 0.220716 0.919671
vt 0.199792 0.955396
vt 0.236505 0.906482
vt 0.245293 0.883922
vt 0.257446 0.898839
vt 0.756239 0.3074
vt 0.740601 0.326108
vt 0.718931 0.341517
vt 0.700948 0.354585
vt 0.721363 0.392206
vt 0.700715 0.381483
vt 0.680037 0.373215
vt 0.742502 0.406014
vt 0.763526 0.422492
vt 0.756203 0.432631
vt 0.73234 0.421547
vt 0.709169 0.41176
vt 0.688083 0.403823
vt 0.669497 0.396148
vt 0.665413 0.369519
vt 0.656352 0.388582
vt 0.681479 0.352168
vt 0.692817 0.337038
vt 0.709205 0.322722
vt 0.721846 0.311248
vt 0.266213 0.915546
vt 0.249758 0.921618
vt 0.236235 0.931682
vt 0.225492 0.945064
vt 0.21913 0.960895
vt 0.178949 0.973193
vt 0.198071 0.976835
vt 0.218129 0.977593
vt 0.239591 0.964957
vt 0.24354 0.955201
vt 0.239345 0.975505
vt 0.250413 0.947293
vt 0.258431 0.940856
vt 0.267779 0.939183
vt 0.675982 0.326931
vt 0.681961 0.317452
vt 0.670011 0.34023
vt 0.657148 0.348233
vt 0.647883 0.35986
vt 0.643484 0.379796
vt 0.658147 0.418691
vt 0.645779 0.40626
vt 0.633913 0.392648
vt 0.676167 0.426829
vt 0.69982 0.432338
vt 0.698134 0.455064
vt 0.673704 0.449928
vt 0.653655 0.437568
vt 0.639705 0.426231
vt 0.627743 0.406658
vt 0.266177 0.998788
vt 0.274222 0.99614
vt 0.269415 0.986017
vt 0.264863 0.987428
vt 0.630854 0.382782
vt 0.637597 0.376001
vt 0.638617 0.366744
vt 0.291057 0.964651
vt 0.289482 0.95451
vt 0.278966 0.960538
vt 0.281691 0.971373
vt 0.284913 0.945969
vt 0.276753 0.955629
vt 0.276615 0.941274
vt 0.273013 0.952728
vt 0.268756 0.951256
vt 0.263949 0.952302
vt 0.259725 0.954857
vt 0.251405 0.960351
vt 0.265644 0.969292
vt 0.277313 0.979194
vt 0.257109 0.996747
vt 0.260245 0.98681
vt 0.638201 0.443209
vt 0.628255 0.428899
vt 0.653597 0.456696
vt 0.676986 0.472177
vt 0.698297 0.478013
vt 0.726964 0.476069
vt 0.722404 0.457135
vt 0.725214 0.438373
vt 0.751249 0.455548
vt 0.752035 0.444327
vt 0.755293 0.464988
vt 0.761231 0.471985
vt 0.73612 0.489516
vt 0.711547 0.497808
vt 0.686119 0.493745
vt 0.656423 0.483337
vt 0.638945 0.460763
vt 0.62412 0.430402
vt 0.248892 0.991561
vt 0.255693 0.983952
vt 0.249086 0.965841
vt 0.248778 0.971663
vt 0.252891 0.980563
vt 0.241606 0.985398
vt 0.639834 0.478303
vt 0.62294 0.44035
vt 0.654237 0.499013
vt 0.698835 0.514092
vt 0.730074 0.517901
vt 0.75037 0.498677
vt 0.768979 0.4752
vt 0.778188 0.474109
vt 0.771833 0.494882
vt 0.767953 0.51197
vt 0.160742 0.968068
vt 0.163467 0.991654
vt 0.18137 0.997554
vt 0.200679 0.999412
vt 0.220571 0.994939
vt 0.984057 0.558904
vt 0.985 0.559718
vt 0.986807 0.559561
vt 0.989913 0.358035
vt 0.987843 0.35796
vt 0.991228 0.392855
vt 0.989934 0.394005
vt 0.986644 0.358496
vt 0.987974 0.396173
vt 0.987703 0.557013
vt 0.984376 0.557278
vt 0.993602 0.358328
vt 0.993325 0.393045
vt 0.994513 0.39456
vt 0.996415 0.358566
vt 0.98782 0.558654
vt 0.984627 0.556194
vt 0.987588 0.556099
vt 0.996234 0.397019
vt 0.998512 0.397323
vt 0.999307 0.359016
vt 0.998229 0.359103
vt 0.984629 0.357697
vt 0.985385 0.39636
vt 0.984086 0.524619
vt 0.984354 0.525671
vt 0.987625 0.525596
vt 0.98783 0.524675
vt 0.855553 0.839477
vt 0.865234 0.842554
vt 0.861925 0.820184
vt 0.877027 0.822517
vt 0.84355 0.837542
vt 0.84526 0.818608
vt 0.836172 0.860927
vt 0.873415 0.84612
vt 0.888964 0.82678
vt 0.881978 0.810516
vt 0.864485 0.809707
vt 0.895463 0.814633
vt 0.846238 0.80834
vt 0.831258 0.836199
vt 0.82886 0.817468
vt 0.828003 0.806825
vt 0.81943 0.837331
vt 0.812842 0.816793
vt 0.810692 0.80558
vt 0.827411 0.783497
vt 0.809435 0.781277
vt 0.845988 0.785163
vt 0.864793 0.78608
vt 0.882711 0.786982
vt 0.898695 0.785823
vt 0.891245 0.839317
vt 0.904761 0.832457
vt 0.913042 0.78674
vt 0.87617 0.851878
vt 0.908434 0.36445
vt 0.902081 0.371665
vt 0.927933 0.374834
vt 0.915618 0.381712
vt 0.867981 0.360059
vt 0.922633 0.390346
vt 0.938161 0.385967
vt 0.949596 0.423832
vt 0.933619 0.42487
vt 0.910804 0.758365
vt 0.896658 0.761457
vt 0.94935 0.450389
vt 0.935638 0.448654
vt 0.881037 0.763022
vt 0.864029 0.763243
vt 0.846675 0.762251
vt 0.828901 0.760539
vt 0.812077 0.757886
vt 0.794707 0.804469
vt 0.792764 0.778821
vt 0.796634 0.755041
vt 0.797997 0.816635
vt 0.80823 0.83905
vt 0.800441 0.842513
vt 0.785603 0.819392
vt 0.780807 0.805178
vt 0.777914 0.777025
vt 0.784292 0.74963
vt 0.806345 0.733631
vt 0.797347 0.727996
vt 0.818038 0.737695
vt 0.831781 0.740497
vt 0.846357 0.742271
vt 0.860937 0.742878
vt 0.874959 0.742079
vt 0.887667 0.73959
vt 0.898079 0.734961
vt 0.93187 0.470744
vt 0.941827 0.473678
vt 0.91643 0.426306
vt 0.920014 0.449425
vt 0.919898 0.470115
vt 0.921172 0.488644
vt 0.926959 0.490699
vt 0.913727 0.488692
vt 0.871621 0.721976
vt 0.87764 0.71921
vt 0.864555 0.724628
vt 0.856027 0.725579
vt 0.846906 0.725433
vt 0.837779 0.724309
vt 0.829599 0.722244
vt 0.822815 0.719353
vt 0.817151 0.71636
vt 0.841937 0.470427
vt 0.830326 0.477716
vt 0.856598 0.488647
vt 0.848489 0.496383
vt 0.871389 0.505623
vt 0.87576 0.500961
vt 0.830869 0.446356
vt 0.819481 0.456602
vt 0.769746 0.809799
vt 0.765673 0.785533
vt 0.840095 0.418259
vt 0.825279 0.420883
vt 0.845904 0.441631
vt 0.855473 0.463593
vt 0.866556 0.481846
vt 0.881134 0.496241
vt 0.88733 0.506194
vt 0.890519 0.503434
vt 0.877505 0.510382
vt 0.82599 0.712583
vt 0.823395 0.71002
vt 0.838117 0.713553
vt 0.842285 0.71513
vt 0.847358 0.716032
vt 0.852176 0.715976
vt 0.856958 0.714897
vt 0.860744 0.713012
vt 0.8723 0.712708
vt 0.849239 0.699314
vt 0.900472 0.517451
vt 0.888709 0.492905
vt 0.894635 0.501266
vt 0.879219 0.477227
vt 0.870712 0.458201
vt 0.862536 0.436455
vt 0.856371 0.414815
vt 0.855598 0.404515
vt 0.840564 0.406854
vt 0.827577 0.4079
vt 0.776539 0.824048
vt 0.843613 0.385688
vt 0.834872 0.384356
vt 0.796509 0.847765
vt 0.855484 0.385274
vt 0.867945 0.383421
vt 0.871887 0.401143
vt 0.87413 0.411248
vt 0.880655 0.432575
vt 0.886891 0.454199
vt 0.892595 0.473683
vt 0.897104 0.490371
vt 0.899325 0.500173
vt 0.921848 0.497738
vt 0.91863 0.496554
vt 0.914896 0.495759
vt 0.904021 0.49985
vt 0.905732 0.488861
vt 0.906538 0.471226
vt 0.903774 0.451166
vt 0.898776 0.429061
vt 0.892117 0.407566
vt 0.888553 0.397978
vt 0.880192 0.380956
vt 0.89159 0.376702
vt 0.904615 0.39374
vt 0.909373 0.40419
vt 0.582453 0.996609
vt 0.582344 0.997782
vt 0.584881 0.998793
vt 0.583756 0.999324
vt 0.543651 0.990613
vt 0.543702 0.99253
vt 0.575934 0.99053
vt 0.574102 0.988438
vt 0.54358 0.99533
vt 0.576902 0.99382
vt 0.586592 0.997588
vt 0.583752 0.995248
vt 0.5441 0.986324
vt 0.57413 0.986433
vt 0.5761 0.984702
vt 0.542663 0.984376
vt 0.577434 0.983116
vt 0.54279 0.982642
vt 0.584859 0.994652
vt 0.586736 0.996105
vt 0.616309 0.998124
vt 0.616451 0.995994
vt 0.543455 0.997056
vt 0.576279 0.995584
vt 0.577819 0.998005
vt 0.57676 0.997953
vt 0.667902 0.998369
vt 0.667254 0.996371
vt 0.664072 0.999613
vt 0.663423 0.997616
vt 0.543025 0.999286
vt 0.0860259 0.404511
vt 0.079589 0.410122
vt 0.100494 0.416195
vt 0.08886 0.4268
vt 0.0900544 0.396815
vt 0.10914 0.40177
vt 0.0709483 0.390651
vt 0.0719777 0.412584
vt 0.0745963 0.431942
vt 0.115813 0.423516
vt 0.0995767 0.440882
vt 0.079744 0.449937
vt 0.124728 0.403555
vt 0.0910745 0.388432
vt 0.108862 0.384546
vt 0.125753 0.380462
vt 0.0888703 0.380101
vt 0.104432 0.369189
vt 0.118402 0.359034
vt 0.140099 0.376681
vt 0.130013 0.350423
vt 0.139505 0.405285
vt 0.128875 0.432029
vt 0.109203 0.452886
vt 0.0833848 0.464409
vt 0.0601651 0.431441
vt 0.0584435 0.44453
vt 0.0551712 0.46526
vt 0.0643096 0.411712
vt 0.0573021 0.408187
vt 0.0465353 0.424949
vt 0.0400509 0.435398
vt 0.028394 0.453561
vt 0.496051 0.815435
vt 0.502199 0.843233
vt 0.514305 0.836358
vt 0.510167 0.813044
vt 0.518729 0.866253
vt 0.527265 0.854965
vt 0.500777 0.787203
vt 0.514672 0.791416
vt 0.517087 0.763129
vt 0.528039 0.772319
vt 0.541112 0.745909
vt 0.547717 0.75878
vt 0.569852 0.739199
vt 0.571353 0.753678
vt 0.598835 0.743211
vt 0.595039 0.757335
vt 0.105057 0.343077
vt 0.110825 0.330547
vt 0.623235 0.758435
vt 0.614728 0.769903
vt 0.0950207 0.357825
vt 0.0841588 0.373639
vt 0.077421 0.369661
vt 0.0828144 0.350885
vt 0.0836288 0.333631
vt 0.0854981 0.319881
vt 0.639954 0.781465
vt 0.627465 0.788507
vt 0.602449 0.782291
vt 0.611985 0.796027
vt 0.589866 0.773654
vt 0.573427 0.770151
vt 0.555587 0.773602
vt 0.540677 0.783058
vt 0.530756 0.797034
vt 0.527105 0.811588
vt 0.529438 0.828465
vt 0.538197 0.841888
vt 0.543073 0.881253
vt 0.546448 0.867159
vt 0.551162 0.851058
vt 0.545783 0.821252
vt 0.550633 0.829704
vt 0.559145 0.835546
vt 0.545742 0.811257
vt 0.547955 0.801835
vt 0.55368 0.79364
vt 0.5626 0.788612
vt 0.572417 0.787413
vt 0.581842 0.789847
vt 0.590174 0.79497
vt 0.596048 0.803611
vt 0.63229 0.810975
vt 0.615088 0.811887
vt 0.596916 0.814049
vt 0.64652 0.809193
vt 0.0629825 0.333343
vt 0.0579594 0.319893
vt 0.0422641 0.341454
vt 0.0322589 0.329988
vt 0.641586 0.83745
vt 0.627624 0.833377
vt 0.611179 0.828018
vt 0.594212 0.822887
vt 0.583928 0.821199
vt 0.585899 0.816845
vt 0.588331 0.807064
vt 0.586019 0.80233
vt 0.576484 0.798474
vt 0.571782 0.797372
vt 0.565944 0.797717
vt 0.561246 0.800002
vt 0.558428 0.80443
vt 0.557151 0.809457
vt 0.553981 0.819027
vt 0.5714 0.812151
vt 0.588154 0.831104
vt 0.5805 0.824701
vt 0.6013 0.84135
vt 0.613901 0.85219
vt 0.624995 0.861708
vt 0.0257809 0.356975
vt 0.012407 0.349623
vt 0.0403005 0.366273
vt 0.0523861 0.355429
vt 0.0667158 0.349602
vt 0.0621695 0.371236
vt 0.0696287 0.36886
vt 0.0559574 0.377123
vt 0.0520403 0.384638
vt 0.0338503 0.380987
vt 0.0167045 0.377572
vt 0.00120164 0.375935
vt 0.600786 0.878778
vt 0.594137 0.865866
vt 0.58614 0.851435
vt 0.579076 0.83625
vt 0.575466 0.826986
vt 0.556565 0.823299
vt 0.560125 0.826651
vt 0.570477 0.827052
vt 0.569074 0.837376
vt 0.567735 0.855024
vt 0.568449 0.871475
vt 0.571986 0.885299
vt 0.0138472 0.399343
vt 0.00046294 0.404854
vt 0.0320773 0.397175
vt 0.0505222 0.393334
vt 0.0529181 0.401458
vt 0.036467 0.412186
vt 0.0218615 0.421605
vt 0.00962538 0.431558
vt 0.996477 0.210242
vt 0.996324 0.208085
vt 0.993475 0.208454
vt 0.991468 0.208844
vt 0.592765 0.991819
vt 0.594191 0.991928
vt 0.5947 0.989614
vt 0.593463 0.989218
vt 0.597597 0.99185
vt 0.597998 0.989248
vt 0.997818 0.208495
vt 0.996022 0.171361
vt 0.994273 0.171591
vt 0.99114 0.172247
vt 0.988853 0.172609
vt 0.986037 0.173114
vt 0.988448 0.209384
vt 0.594676 0.988334
vt 0.597467 0.987992
vt 0.984482 0.172404
vt 0.986664 0.209646
vt 0.98215 0.20966
vt 0.983737 0.209625
vt 0.980218 0.172332
vt 0.982052 0.172932
vt 0.999702 0.209313
vt 0.998503 0.171358
vt 0.643424 0.998983
vt 0.644819 0.999528
vt 0.64453 0.996296
vt 0.643257 0.996061
vt 0.647432 0.999384
vt 0.646882 0.995829
vt 0.644544 0.994911
vt 0.647066 0.994448
vt 0.647907 0.99461
vt 0.983143 0.171284
vt 0.127381 0.732807
vt 0.136412 0.727971
vt 0.108198 0.721392
vt 0.125728 0.712987
vt 0.121103 0.739219
vt 0.09798 0.736438
vt 0.147537 0.746237
vt 0.14744 0.726117
vt 0.148954 0.708972
vt 0.0976386 0.713617
vt 0.117179 0.707918
vt 0.690143 0.63631
vt 0.670874 0.646721
vt 0.699996 0.64203
vt 0.677335 0.654925
vt 0.0868376 0.739234
vt 0.118505 0.74719
vt 0.0962516 0.753583
vt 0.0858771 0.758923
vt 0.121655 0.754932
vt 0.101944 0.768545
vt 0.0938613 0.777162
vt 0.798448 0.651828
vt 0.770535 0.642659
vt 0.781739 0.673154
vt 0.798547 0.695971
vt 0.74715 0.63455
vt 0.7599 0.666146
vt 0.723336 0.635048
vt 0.737422 0.663568
vt 0.714938 0.667592
vt 0.692078 0.678133
vt 0.651167 0.656117
vt 0.652965 0.664413
vt 0.670497 0.695032
vt 0.15846 0.727712
vt 0.171096 0.712322
vt 0.167965 0.732094
vt 0.188445 0.721621
vt 0.174538 0.707625
vt 0.194587 0.717581
vt 0.634712 0.68404
vt 0.651816 0.716072
vt 0.681568 0.709978
vt 0.701361 0.695378
vt 0.665195 0.72889
vt 0.721663 0.686388
vt 0.742067 0.68311
vt 0.762182 0.68624
vt 0.778338 0.699462
vt 0.79191 0.715926
vt 0.110707 0.789135
vt 0.0848566 0.808626
vt 0.108419 0.818473
vt 0.113348 0.838116
vt 0.0891897 0.831849
vt 0.114715 0.779598
vt 0.12766 0.761765
vt 0.137425 0.765526
vt 0.132357 0.785613
vt 0.131334 0.795853
vt 0.134131 0.824894
vt 0.138349 0.843131
vt 0.145063 0.861999
vt 0.122402 0.859929
vt 0.103022 0.855562
vt 0.778791 0.733152
vt 0.770431 0.718508
vt 0.758134 0.70832
vt 0.743654 0.704209
vt 0.72687 0.706334
vt 0.710381 0.713453
vt 0.695164 0.725154
vt 0.682544 0.739053
vt 0.637863 0.740308
vt 0.655352 0.751908
vt 0.675811 0.755559
vt 0.710227 0.738114
vt 0.702753 0.746749
vt 0.699562 0.756774
vt 0.72006 0.732133
vt 0.729859 0.727725
vt 0.739693 0.726984
vt 0.748617 0.72955
vt 0.755386 0.735459
vt 0.758514 0.744048
vt 0.776402 0.753156
vt 0.75726 0.754714
vt 0.764218 0.770606
vt 0.750485 0.765749
vt 0.164833 0.843369
vt 0.168592 0.862656
vt 0.746198 0.785973
vt 0.739326 0.773819
vt 0.161 0.825788
vt 0.152988 0.798126
vt 0.173718 0.793893
vt 0.184984 0.820865
vt 0.189095 0.837972
vt 0.191678 0.856988
vt 0.725388 0.793161
vt 0.72701 0.777812
vt 0.733074 0.766778
vt 0.726894 0.768637
vt 0.74199 0.763642
vt 0.74677 0.758088
vt 0.746711 0.74868
vt 0.745167 0.744123
vt 0.741943 0.740964
vt 0.737564 0.739266
vt 0.732238 0.739409
vt 0.72676 0.741448
vt 0.717016 0.744196
vt 0.730628 0.754463
vt 0.715263 0.777062
vt 0.720753 0.768153
vt 0.704342 0.792454
vt 0.210493 0.829067
vt 0.211772 0.849236
vt 0.205696 0.809776
vt 0.19114 0.785919
vt 0.184364 0.777299
vt 0.169388 0.784473
vt 0.151271 0.787698
vt 0.158854 0.765395
vt 0.148282 0.766961
vt 0.16776 0.760928
vt 0.174152 0.754395
vt 0.196083 0.76644
vt 0.204865 0.774677
vt 0.221975 0.795661
vt 0.228779 0.818783
vt 0.225877 0.839729
vt 0.687107 0.785505
vt 0.705732 0.772807
vt 0.716155 0.765948
vt 0.712796 0.748938
vt 0.710909 0.75401
vt 0.71425 0.762533
vt 0.700363 0.765502
vt 0.676902 0.771817
vt 0.655093 0.77319
vt 0.666726 0.791533
vt 0.233298 0.768188
vt 0.238437 0.794956
vt 0.21232 0.754974
vt 0.201813 0.751276
vt 0.176955 0.746682
vt 0.174613 0.738627
vt 0.200266 0.735357
vt 0.211359 0.734421
vt 0.234626 0.750015
vt 0.637052 0.765916
vt 0.625148 0.711227
vt 0.987327 0.602537
vt 0.986154 0.602428
vt 0.985142 0.604964
vt 0.984613 0.60384
vt 0.00872578 0.188866
vt 0.0105975 0.188817
vt 0.00899222 0.157561
vt 0.00741132 0.158841
vt 0.0133338 0.188936
vt 0.0119345 0.156352
vt 0.986347 0.606675
vt 0.988687 0.603836
vt 0.00477099 0.189052
vt 0.00510221 0.158698
vt 0.00311601 0.157188
vt 0.00266641 0.189896
vt 0.00131727 0.156745
vt 0.000873726 0.18963
vt 0.989283 0.604942
vt 0.987831 0.606819
vt 0.985811 0.636386
vt 0.987942 0.636528
vt 0.0150203 0.189057
vt 0.0135894 0.156967
vt 0.0158969 0.15652
vt 0.0159476 0.155486
vt 0.655958 0.999234
vt 0.657656 0.998001
vt 0.653589 0.995975
vt 0.655288 0.994741
vt 0.0171986 0.189478
vt 0.428888 0.897249
vt 0.432857 0.889764
vt 0.411335 0.891111
vt 0.41909 0.877382
vt 0.427687 0.90567
vt 0.40943 0.907199
vt 0.447216 0.905632
vt 0.43943 0.885423
vt 0.431929 0.867184
vt 0.394393 0.886935
vt 0.404801 0.86654
vt 0.420459 0.852324
vt 0.392735 0.910575
vt 0.429275 0.913932
vt 0.412937 0.922842
vt 0.398594 0.932053
vt 0.433498 0.920853
vt 0.422286 0.936061
vt 0.412039 0.950463
vt 0.385837 0.94023
vt 0.403521 0.962062
vt 0.377582 0.91288
vt 0.379419 0.884189
vt 0.391684 0.858322
vt 0.412643 0.839395
vt 0.445531 0.863597
vt 0.44329 0.8506
vt 0.439183 0.829892
vt 0.447102 0.883679
vt 0.454793 0.884984
vt 0.45992 0.865987
vt 0.463067 0.853717
vt 0.468224 0.83274
vt 0.263707 0.777461
vt 0.244836 0.79877
vt 0.272972 0.788263
vt 0.257629 0.804715
vt 0.23593 0.825668
vt 0.250066 0.82588
vt 0.28932 0.764694
vt 0.293678 0.778527
vt 0.318377 0.76374
vt 0.317525 0.778169
vt 0.346424 0.773052
vt 0.339921 0.785967
vt 0.36874 0.792355
vt 0.359318 0.803337
vt 0.382527 0.818157
vt 0.369656 0.825705
vt 0.431305 0.961424
vt 0.427877 0.975022
vt 0.384552 0.846839
vt 0.370337 0.846861
vt 0.435372 0.943927
vt 0.440098 0.925606
vt 0.447647 0.927421
vt 0.449322 0.946713
vt 0.452569 0.963723
vt 0.455224 0.977337
vt 0.37575 0.873896
vt 0.362708 0.867916
vt 0.347344 0.859946
vt 0.353001 0.845799
vt 0.352679 0.829055
vt 0.346015 0.813234
vt 0.332846 0.800628
vt 0.316994 0.793546
vt 0.2998 0.794731
vt 0.284724 0.800807
vt 0.273046 0.8122
vt 0.267033 0.826772
vt 0.238102 0.854174
vt 0.252071 0.849364
vt 0.267004 0.843128
vt 0.288258 0.821243
vt 0.284253 0.829921
vt 0.284664 0.840084
vt 0.296101 0.815346
vt 0.305151 0.811792
vt 0.314941 0.811449
vt 0.32448 0.815492
vt 0.331511 0.822827
vt 0.335064 0.831904
vt 0.33576 0.841838
vt 0.332094 0.851381
vt 0.347719 0.884081
vt 0.336633 0.871389
vt 0.324198 0.858028
vt 0.35718 0.8955
vt 0.473293 0.95728
vt 0.481383 0.968836
vt 0.490229 0.942449
vt 0.502671 0.951313
vt 0.331425 0.908115
vt 0.327009 0.894168
vt 0.321589 0.878217
vt 0.315282 0.861518
vt 0.310827 0.851582
vt 0.315656 0.850055
vt 0.325002 0.846971
vt 0.327103 0.842755
vt 0.324978 0.832799
vt 0.32278 0.828066
vt 0.319146 0.82357
vt 0.314372 0.821607
vt 0.309144 0.821815
vt 0.30448 0.823461
vt 0.294982 0.82645
vt 0.31064 0.836484
vt 0.305302 0.861211
vt 0.305752 0.85153
vt 0.304456 0.878057
vt 0.302768 0.894649
vt 0.302054 0.908951
vt 0.500582 0.923662
vt 0.515484 0.926539
vt 0.483358 0.919195
vt 0.475672 0.933124
vt 0.463757 0.943184
vt 0.461221 0.921123
vt 0.454948 0.92574
vt 0.465713 0.91401
vt 0.46694 0.905187
vt 0.485609 0.903341
vt 0.50279 0.900756
vt 0.518 0.898094
vt 0.27402 0.899401
vt 0.280503 0.88609
vt 0.288022 0.871469
vt 0.295892 0.85683
vt 0.301592 0.848667
vt 0.293044 0.83099
vt 0.292324 0.835845
vt 0.298046 0.844532
vt 0.288975 0.849299
vt 0.275062 0.85948
vt 0.262133 0.869977
vt 0.251822 0.879938
vt 0.497797 0.879086
vt 0.509787 0.870389
vt 0.481947 0.887466
vt 0.465414 0.89684
vt 0.46095 0.889736
vt 0.472975 0.874389
vt 0.484113 0.860748
vt 0.492843 0.847862
usemtl phong3SG
f 1145/1701 1146/1702 1147/1703
f 1146/1704 1145/1705 1148/1706
f 1145/1705 1149/1707 1148/1706
f 1145/1705 1150/1708 1149/1707
f 1150/1708 1151/1709 1149/1707
f 1147/1703 1152/1710 1145/1701
f 1152/1710 1150/1711 1145/1701
f 1147/1712 1146/1704 1153/1713
f 1146/1704 1148/1706 1153/1713
f 1153/1713 1154/1714 1155/1715
f 1153/1713 1155/1715 1147/1712
f 1147/1703 1155/1716 1152/1710
f 1156/1717 1150/1711 1157/1718
f 1150/1711 1152/1710 1157/1718
f 1158/1719 1159/1720 1152/1721
f 1159/1720 1157/1722 1152/1721
f 1154/1714 1158/1719 1152/1721
f 1154/1714 1152/1721 1155/1715
f 1150/1708 1156/1723 1151/1709
f 1156/1723 1160/1724 1151/1709
f 1151/1725 1160/1726 1158/1727
f 1160/1726 1159/1728 1158/1727
f 1149/1707 1151/1709 1154/1714
f 1151/1709 1158/1719 1154/1714
f 1148/1706 1149/1707 1153/1713
f 1149/1707 1154/1714 1153/1713
f 1156/1717 1157/1718 1160/1726
f 1157/1718 1159/1728 1160/1726
f 1161/1729 1162/1730 1163/1731
f 1161/1729 1163/1731 1164/1732
f 1165/1733 1161/1729 1164/1732
f 1165/1733 1164/1732 1166/1734
f 1162/1730 1161/1729 1167/1735
f 1161/1729 1165/1733 1167/1735
f 1162/1730 1168/1736 1163/1731
f 1168/1736 1169/1737 1163/1731
f 1168/1736 1162/1730 1167/1735
f 1164/1732 1163/1731 1170/1738
f 1163/1731 1171/1739 1170/1738
f 1163/1731 1169/1737 1172/1740
f 1163/1731 1172/1740 1171/1739
f 1166/1734 1164/1732 1170/1738
f 1166/1734 1170/1738 1173/1741
f 1174/1742 1165/1733 1166/1734
f 1174/1742 1166/1734 1175/1743
f 1175/1743 1166/1734 1176/1744
f 1166/1734 1173/1741 1176/1744
f 1165/1733 1174/1742 1167/1735
f 1177/1745 1174/1742 1175/1743
f 1177/1745 1175/1743 1178/1746
f 1174/1742 1177/1745 1167/1735
f 1178/1746 1175/1743 1176/1744
f 1178/1746 1176/1744 1179/1747
f 1179/1747 1176/1744 1180/1748
f 1176/1744 1181/1749 1180/1748
f 1176/1744 1173/1741 1182/1750
f 1176/1744 1182/1750 1181/1749
f 1173/1741 1170/1738 1183/1751
f 1173/1741 1183/1751 1182/1750
f 1170/1738 1171/1739 1183/1751
f 1171/1739 1184/1752 1183/1751
f 1171/1739 1172/1740 1184/1752
f 1172/1740 1185/1753 1184/1752
f 1169/1737 1186/1754 1187/1755
f 1169/1737 1187/1755 1172/1740
f 1172/1740 1187/1755 1188/1756
f 1172/1740 1188/1756 1185/1753
f 1168/1736 1189/1757 1169/1737
f 1189/1757 1186/1754 1169/1737
f 1189/1757 1168/1736 1167/1735
f 1189/1758 1190/1759 1191/1760
f 1189/1758 1191/1760 1186/1761
f 1190/1759 1189/1758 1167/1762
f 1186/1761 1191/1760 1192/1763
f 1186/1761 1192/1763 1187/1764
f 1187/1764 1192/1763 1188/1765
f 1192/1763 1193/1766 1188/1765
f 1185/1753 1188/1756 1194/1767
f 1185/1753 1194/1767 1195/1768
f 1188/1765 1193/1766 1196/1769
f 1188/1765 1196/1769 1194/1770
f 1184/1752 1185/1753 1197/1771
f 1185/1753 1195/1768 1197/1771
f 1183/1751 1184/1752 1198/1772
f 1184/1752 1197/1771 1198/1772
f 1182/1750 1183/1751 1199/1773
f 1183/1751 1198/1772 1199/1773
f 1181/1749 1182/1750 1199/1773
f 1181/1749 1199/1773 1200/1774
f 1180/1748 1181/1749 1201/1775
f 1181/1749 1200/1774 1201/1775
f 1202/1776 1179/1747 1180/1748
f 1202/1776 1180/1748 1203/1777
f 1203/1777 1180/1748 1204/1778
f 1180/1748 1201/1775 1204/1778
f 1205/1779 1178/1746 1179/1747
f 1205/1779 1179/1747 1202/1776
f 1206/1780 1177/1745 1205/1779
f 1177/1745 1178/1746 1205/1779
f 1177/1745 1206/1780 1167/1735
f 1207/1781 1206/1780 1205/1779
f 1207/1781 1205/1779 1208/1782
f 1206/1780 1207/1781 1167/1735
f 1208/1782 1205/1779 1209/1783
f 1205/1779 1202/1776 1209/1783
f 1209/1783 1202/1776 1210/1784
f 1202/1776 1203/1777 1210/1784
f 1210/1784 1203/1777 1204/1778
f 1210/1784 1204/1778 1211/1785
f 1211/1785 1204/1778 1212/1786
f 1211/1785 1212/1786 1213/1787
f 1204/1778 1201/1775 1214/1788
f 1204/1778 1214/1788 1212/1786
f 1201/1775 1200/1774 1214/1788
f 1200/1774 1215/1789 1214/1788
f 1200/1774 1199/1773 1215/1789
f 1199/1773 1216/1790 1215/1789
f 1199/1773 1198/1772 1217/1791
f 1199/1773 1217/1791 1216/1790
f 1198/1772 1197/1771 1217/1791
f 1197/1771 1218/1792 1217/1791
f 1197/1771 1195/1768 1219/1793
f 1197/1771 1219/1793 1218/1792
f 1195/1768 1194/1767 1219/1793
f 1194/1767 1220/1794 1219/1793
f 1194/1770 1196/1769 1220/1795
f 1196/1769 1221/1796 1220/1795
f 1193/1766 1222/1797 1223/1798
f 1193/1766 1223/1798 1196/1769
f 1196/1769 1223/1798 1221/1796
f 1223/1798 1224/1799 1221/1796
f 1220/1795 1221/1796 1225/1800
f 1221/1796 1226/1801 1225/1800
f 1221/1796 1224/1799 1226/1801
f 1224/1799 1227/1802 1226/1801
f 1219/1793 1220/1794 1225/1803
f 1219/1793 1225/1803 1228/1804
f 1218/1792 1219/1793 1229/1805
f 1219/1793 1228/1804 1229/1805
f 1217/1791 1218/1792 1229/1805
f 1217/1791 1229/1805 1230/1806
f 1216/1790 1217/1791 1230/1806
f 1216/1790 1230/1806 1231/1807
f 1215/1789 1216/1790 1232/1808
f 1216/1790 1231/1807 1232/1808
f 1214/1788 1215/1789 1232/1808
f 1214/1788 1232/1808 1233/1809
f 1212/1786 1214/1788 1234/1810
f 1214/1788 1233/1809 1234/1810
f 1213/1787 1212/1786 1235/1811
f 1212/1786 1234/1810 1235/1811
f 1236/1812 1211/1813 1213/1814
f 1236/1812 1213/1814 1237/1815
f 1237/1815 1213/1814 1235/1816
f 1237/1815 1235/1816 1238/1817
f 1239/1818 1210/1819 1236/1812
f 1210/1819 1211/1813 1236/1812
f 1240/1820 1209/1821 1239/1818
f 1209/1821 1210/1819 1239/1818
f 1241/1822 1240/1820 1242/1823
f 1240/1820 1239/1818 1242/1823
f 1242/1823 1239/1818 1243/1824
f 1239/1818 1236/1812 1243/1824
f 1243/1824 1236/1812 1237/1815
f 1243/1824 1237/1815 1244/1825
f 1244/1825 1237/1815 1245/1826
f 1237/1815 1238/1817 1245/1826
f 1245/1826 1238/1817 1246/1827
f 1245/1826 1246/1827 1247/1828
f 1238/1817 1235/1816 1246/1827
f 1235/1816 1248/1829 1246/1827
f 1235/1811 1234/1810 1249/1830
f 1235/1811 1249/1830 1248/1831
f 1234/1810 1233/1809 1249/1830
f 1233/1809 1250/1832 1249/1830
f 1233/1809 1232/1808 1250/1832
f 1232/1808 1251/1833 1250/1832
f 1232/1808 1231/1807 1252/1834
f 1232/1808 1252/1834 1251/1833
f 1231/1807 1230/1806 1252/1834
f 1230/1806 1253/1835 1252/1834
f 1230/1806 1229/1805 1254/1836
f 1230/1806 1254/1836 1253/1835
f 1229/1805 1228/1804 1255/1837
f 1229/1805 1255/1837 1254/1836
f 1228/1804 1225/1803 1255/1837
f 1225/1803 1256/1838 1255/1837
f 1254/1836 1255/1837 1257/1839
f 1255/1837 1256/1838 1257/1839
f 1253/1835 1254/1836 1257/1839
f 1252/1834 1253/1835 1257/1839
f 1251/1833 1252/1834 1257/1839
f 1250/1832 1251/1833 1257/1839
f 1249/1830 1250/1832 1257/1839
f 1248/1829 1249/1840 1257/1841
f 1246/1827 1248/1829 1257/1841
f 1247/1828 1246/1827 1257/1841
f 1258/1842 1245/1826 1247/1828
f 1258/1842 1247/1828 1259/1843
f 1259/1843 1247/1828 1257/1841
f 1260/1844 1244/1825 1258/1842
f 1244/1825 1245/1826 1258/1842
f 1261/1845 1243/1824 1260/1844
f 1243/1824 1244/1825 1260/1844
f 1262/1846 1242/1823 1243/1824
f 1262/1846 1243/1824 1261/1845
f 1263/1847 1241/1822 1242/1823
f 1263/1847 1242/1823 1262/1846
f 1264/1848 1265/1849 1241/1822
f 1264/1848 1241/1822 1263/1847
f 1265/1849 1266/1850 1240/1820
f 1265/1849 1240/1820 1241/1822
f 1266/1850 1208/1851 1209/1821
f 1266/1850 1209/1821 1240/1820
f 1267/1852 1268/1853 1265/1849
f 1268/1853 1266/1850 1265/1849
f 1268/1853 1207/1854 1208/1851
f 1268/1853 1208/1851 1266/1850
f 1269/1855 1267/1852 1264/1848
f 1267/1852 1265/1849 1264/1848
f 1270/1856 1269/1855 1264/1848
f 1270/1856 1264/1848 1271/1857
f 1271/1857 1264/1848 1272/1858
f 1264/1848 1263/1847 1272/1858
f 1272/1858 1263/1847 1262/1846
f 1272/1858 1262/1846 1273/1859
f 1273/1859 1262/1846 1274/1860
f 1262/1846 1261/1845 1274/1860
f 1274/1860 1261/1845 1275/1861
f 1261/1845 1260/1844 1275/1861
f 1275/1861 1260/1844 1258/1842
f 1275/1861 1258/1842 1276/1862
f 1276/1862 1258/1842 1277/1863
f 1258/1842 1259/1843 1277/1863
f 1277/1863 1259/1843 1257/1841
f 1256/1864 1278/1865 1257/1841
f 1278/1865 1279/1866 1257/1841
f 1279/1866 1280/1867 1257/1841
f 1280/1867 1277/1863 1257/1841
f 1225/1800 1226/1801 1278/1865
f 1225/1800 1278/1865 1256/1864
f 1226/1801 1227/1802 1278/1865
f 1227/1802 1279/1866 1278/1865
f 1227/1802 1281/1868 1279/1866
f 1281/1868 1280/1867 1279/1866
f 1281/1868 1276/1862 1277/1863
f 1281/1868 1277/1863 1280/1867
f 1282/1869 1275/1861 1281/1868
f 1275/1861 1276/1862 1281/1868
f 1283/1870 1274/1860 1275/1861
f 1283/1870 1275/1861 1282/1869
f 1284/1871 1273/1859 1274/1860
f 1284/1871 1274/1860 1283/1870
f 1285/1872 1272/1858 1284/1871
f 1272/1858 1273/1859 1284/1871
f 1286/1873 1271/1857 1272/1858
f 1286/1873 1272/1858 1285/1872
f 1287/1874 1270/1856 1271/1857
f 1287/1874 1271/1857 1286/1873
f 1270/1856 1287/1874 1167/1762
f 1269/1855 1270/1856 1167/1762
f 1267/1852 1269/1855 1167/1762
f 1268/1853 1267/1852 1167/1762
f 1207/1854 1268/1853 1167/1762
f 1288/1875 1190/1759 1167/1762
f 1287/1874 1288/1875 1167/1762
f 1288/1875 1287/1874 1286/1873
f 1288/1875 1286/1873 1289/1876
f 1289/1876 1286/1873 1285/1872
f 1289/1876 1285/1872 1290/1877
f 1290/1877 1285/1872 1222/1797
f 1285/1872 1284/1871 1222/1797
f 1222/1797 1284/1871 1223/1798
f 1284/1871 1283/1870 1223/1798
f 1223/1798 1283/1870 1224/1799
f 1283/1870 1282/1869 1224/1799
f 1224/1799 1282/1869 1281/1868
f 1224/1799 1281/1868 1227/1802
f 1192/1763 1290/1877 1193/1766
f 1290/1877 1222/1797 1193/1766
f 1191/1760 1289/1876 1192/1763
f 1289/1876 1290/1877 1192/1763
f 1190/1759 1288/1875 1289/1876
f 1190/1759 1289/1876 1191/1760
f 1291/1878 1292/1879 1293/1880
f 1291/1878 1293/1880 1294/1881
f 1295/1882 1291/1878 1296/1883
f 1295/1882 1296/1883 1297/1884
f 1294/1881 1298/1885 1296/1883
f 1294/1881 1296/1883 1291/1878
f 1291/1878 1295/1882 1292/1879
f 1292/1879 1295/1882 1299/1886
f 1295/1882 1300/1887 1299/1886
f 1293/1880 1292/1879 1301/1888
f 1292/1879 1299/1886 1301/1888
f 1301/1888 1302/1889 1293/1880
f 1302/1889 1303/1890 1293/1880
f 1293/1880 1303/1890 1294/1881
f 1294/1881 1303/1890 1298/1885
f 1303/1890 1304/1891 1298/1885
f 1305/1892 1296/1893 1298/1894
f 1305/1892 1298/1894 1306/1895
f 1298/1894 1304/1896 1306/1895
f 1305/1897 1297/1884 1296/1883
f 1297/1884 1305/1897 1307/1898
f 1305/1897 1308/1899 1307/1898
f 1295/1882 1297/1884 1300/1887
f 1297/1884 1307/1898 1300/1887
f 1309/1900 1300/1901 1310/1902
f 1300/1901 1307/1903 1310/1902
f 1299/1904 1300/1901 1309/1900
f 1299/1904 1309/1900 1311/1905
f 1299/1904 1311/1905 1301/1906
f 1301/1906 1311/1905 1302/1907
f 1302/1907 1311/1905 1312/1908
f 1302/1907 1312/1908 1313/1909
f 1302/1889 1313/1910 1303/1890
f 1313/1910 1304/1891 1303/1890
f 1313/1910 1314/1911 1306/1912
f 1313/1910 1306/1912 1304/1891
f 1305/1897 1306/1913 1314/1914
f 1305/1897 1314/1914 1308/1899
f 1310/1902 1308/1915 1314/1916
f 1310/1902 1314/1916 1312/1908
f 1310/1902 1307/1903 1308/1915
f 1309/1900 1310/1902 1312/1908
f 1309/1900 1312/1908 1311/1905
f 1313/1909 1312/1908 1314/1916
f 1315/1917 1316/1918 1317/1919
f 1315/1917 1317/1919 1318/1920
f 1319/1921 1315/1917 1320/1922
f 1315/1917 1318/1920 1320/1922
f 1316/1918 1315/1917 1321/1923
f 1315/1917 1319/1921 1321/1923
f 1316/1918 1322/1924 1323/1925
f 1316/1918 1323/1925 1317/1919
f 1322/1924 1316/1918 1321/1923
f 1318/1920 1317/1919 1324/1926
f 1317/1919 1325/1927 1324/1926
f 1317/1919 1323/1925 1326/1928
f 1317/1919 1326/1928 1325/1927
f 1320/1922 1318/1920 1327/1929
f 1318/1920 1324/1926 1327/1929
f 1328/1930 1319/1921 1329/1931
f 1319/1921 1320/1922 1329/1931
f 1329/1931 1320/1922 1327/1929
f 1329/1931 1327/1929 1330/1932
f 1319/1921 1328/1930 1321/1923
f 1331/1933 1328/1930 1329/1931
f 1331/1933 1329/1931 1332/1934
f 1328/1930 1331/1933 1321/1923
f 1332/1934 1329/1931 1330/1932
f 1332/1934 1330/1932 1333/1935
f 1333/1936 1330/1937 1334/1938
f 1330/1937 1335/1939 1334/1938
f 1330/1932 1327/1929 1336/1940
f 1330/1932 1336/1940 1335/1941
f 1327/1929 1324/1926 1336/1940
f 1324/1926 1337/1942 1336/1940
f 1324/1926 1325/1927 1338/1943
f 1324/1926 1338/1943 1337/1942
f 1325/1927 1326/1928 1338/1943
f 1326/1928 1339/1944 1338/1943
f 1323/1925 1340/1945 1326/1928
f 1340/1945 1341/1946 1326/1928
f 1326/1928 1341/1946 1342/1947
f 1326/1928 1342/1947 1339/1944
f 1322/1924 1343/1948 1323/1925
f 1343/1948 1340/1945 1323/1925
f 1343/1948 1322/1924 1321/1923
f 1343/1948 1344/1949 1345/1950
f 1343/1948 1345/1950 1340/1945
f 1344/1949 1343/1948 1321/1923
f 1340/1945 1345/1950 1346/1951
f 1340/1945 1346/1951 1341/1946
f 1341/1946 1346/1951 1342/1947
f 1346/1951 1347/1952 1342/1947
f 1339/1944 1342/1947 1348/1953
f 1339/1944 1348/1953 1349/1954
f 1342/1947 1347/1952 1348/1953
f 1347/1952 1350/1955 1348/1953
f 1338/1943 1339/1944 1351/1956
f 1339/1944 1349/1954 1351/1956
f 1337/1942 1338/1943 1351/1956
f 1337/1942 1351/1956 1352/1957
f 1336/1940 1337/1942 1353/1958
f 1337/1942 1352/1957 1353/1958
f 1335/1939 1336/1959 1353/1960
f 1335/1939 1353/1960 1354/1961
f 1334/1938 1335/1939 1354/1961
f 1334/1938 1354/1961 1355/1962
f 1356/1963 1333/1936 1334/1938
f 1356/1963 1334/1938 1357/1964
f 1357/1964 1334/1938 1355/1962
f 1357/1964 1355/1962 1358/1965
f 1359/1966 1332/1967 1356/1963
f 1332/1967 1333/1936 1356/1963
f 1360/1968 1331/1969 1359/1966
f 1331/1969 1332/1967 1359/1966
f 1331/1969 1360/1968 1321/1970
f 1361/1971 1360/1968 1362/1972
f 1360/1968 1359/1966 1362/1972
f 1360/1968 1361/1971 1321/1970
f 1362/1972 1359/1966 1356/1963
f 1362/1972 1356/1963 1363/1973
f 1363/1973 1356/1963 1364/1974
f 1356/1963 1357/1964 1364/1974
f 1364/1974 1357/1964 1365/1975
f 1357/1964 1358/1965 1365/1975
f 1365/1975 1358/1965 1366/1976
f 1358/1965 1367/1977 1366/1976
f 1358/1965 1355/1962 1368/1978
f 1358/1965 1368/1978 1367/1977
f 1355/1962 1354/1961 1368/1978
f 1354/1961 1369/1979 1368/1978
f 1354/1961 1353/1960 1369/1979
f 1353/1960 1370/1980 1369/1979
f 1353/1958 1352/1957 1371/1981
f 1353/1958 1371/1981 1370/1982
f 1352/1957 1351/1956 1371/1981
f 1351/1956 1372/1983 1371/1981
f 1351/1956 1349/1954 1372/1983
f 1349/1954 1373/1984 1372/1983
f 1349/1954 1348/1953 1374/1985
f 1349/1954 1374/1985 1373/1984
f 1348/1953 1350/1955 1374/1985
f 1350/1955 1375/1986 1374/1985
f 1347/1952 1376/1987 1350/1955
f 1376/1987 1377/1988 1350/1955
f 1350/1955 1377/1988 1378/1989
f 1350/1955 1378/1989 1375/1986
f 1374/1985 1375/1986 1379/1990
f 1374/1985 1379/1990 1380/1991
f 1375/1986 1378/1989 1379/1990
f 1378/1989 1381/1992 1379/1990
f 1373/1984 1374/1985 1380/1991
f 1373/1984 1380/1991 1382/1993
f 1372/1983 1373/1984 1383/1994
f 1373/1984 1382/1993 1383/1994
f 1371/1981 1372/1983 1384/1995
f 1372/1983 1383/1994 1384/1995
f 1370/1980 1371/1996 1384/1997
f 1370/1980 1384/1997 1385/1998
f 1369/1979 1370/1980 1385/1998
f 1369/1979 1385/1998 1386/1999
f 1368/1978 1369/1979 1387/2000
f 1369/1979 1386/1999 1387/2000
f 1367/1977 1368/1978 1387/2000
f 1367/1977 1387/2000 1388/2001
f 1366/1976 1367/1977 1389/2002
f 1367/1977 1388/2001 1389/2002
f 1390/2003 1365/1975 1391/2004
f 1365/1975 1366/1976 1391/2004
f 1391/2004 1366/1976 1392/2005
f 1366/1976 1389/2002 1392/2005
f 1393/2006 1364/1974 1365/1975
f 1393/2006 1365/1975 1390/2003
f 1394/2007 1363/1973 1364/1974
f 1394/2007 1364/1974 1393/2006
f 1395/2008 1394/2007 1393/2006
f 1395/2008 1393/2006 1396/2009
f 1396/2009 1393/2006 1397/2010
f 1393/2006 1390/2003 1397/2010
f 1397/2010 1390/2003 1391/2004
f 1397/2010 1391/2004 1398/2011
f 1398/2012 1391/2013 1392/2014
f 1398/2012 1392/2014 1399/2015
f 1399/2015 1392/2014 1400/2016
f 1392/2014 1401/2017 1400/2016
f 1392/2005 1389/2002 1401/2018
f 1389/2002 1402/2019 1401/2018
f 1389/2002 1388/2001 1403/2020
f 1389/2002 1403/2020 1402/2019
f 1388/2001 1387/2000 1404/2021
f 1388/2001 1404/2021 1403/2020
f 1387/2000 1386/1999 1405/2022
f 1387/2000 1405/2022 1404/2021
f 1386/1999 1385/1998 1405/2022
f 1385/1998 1406/2023 1405/2022
f 1385/1998 1384/1997 1407/2024
f 1385/1998 1407/2024 1406/2023
f 1384/1997 1383/2025 1408/2026
f 1384/1997 1408/2026 1407/2024
f 1383/2025 1382/2027 1408/2026
f 1382/2027 1409/2028 1408/2026
f 1382/1993 1380/1991 1409/2029
f 1380/1991 1410/2030 1409/2029
f 1408/2026 1409/2028 1411/2031
f 1409/2029 1410/2030 1411/2032
f 1407/2024 1408/2026 1411/2031
f 1406/2023 1407/2024 1411/2031
f 1405/2022 1406/2023 1411/2031
f 1404/2021 1405/2022 1411/2031
f 1403/2020 1404/2021 1411/2031
f 1402/2019 1403/2020 1411/2031
f 1401/2018 1402/2019 1411/2031
f 1400/2016 1401/2017 1411/2032
f 1412/2033 1399/2015 1400/2016
f 1412/2033 1400/2016 1413/2034
f 1413/2034 1400/2016 1411/2032
f 1414/2035 1398/2012 1399/2015
f 1414/2035 1399/2015 1412/2033
f 1415/2036 1397/2037 1414/2035
f 1397/2037 1398/2012 1414/2035
f 1416/2038 1396/2009 1397/2010
f 1416/2038 1397/2010 1415/2039
f 1417/2040 1395/2008 1396/2009
f 1417/2040 1396/2009 1416/2038
f 1418/2041 1419/2042 1417/2040
f 1419/2042 1395/2008 1417/2040
f 1419/2042 1420/2043 1395/2008
f 1420/2043 1394/2007 1395/2008
f 1420/2043 1362/1972 1363/1973
f 1420/2043 1363/1973 1394/2007
f 1421/2044 1422/2045 1419/2042
f 1422/2045 1420/2043 1419/2042
f 1422/2045 1361/1971 1362/1972
f 1422/2045 1362/1972 1420/2043
f 1423/2046 1421/2044 1418/2041
f 1421/2044 1419/2042 1418/2041
f 1424/2047 1423/2046 1418/2041
f 1424/2047 1418/2041 1425/2048
f 1425/2048 1418/2041 1417/2040
f 1425/2048 1417/2040 1426/2049
f 1426/2049 1417/2040 1427/2050
f 1417/2040 1416/2038 1427/2050
f 1427/2051 1416/2052 1428/2053
f 1416/2052 1415/2036 1428/2053
f 1428/2053 1415/2036 1414/2035
f 1428/2053 1414/2035 1429/2054
f 1429/2054 1414/2035 1412/2033
f 1429/2054 1412/2033 1430/2055
f 1430/2055 1412/2033 1431/2056
f 1412/2033 1413/2034 1431/2056
f 1431/2056 1413/2034 1411/2032
f 1410/2030 1432/2057 1411/2032
f 1432/2057 1433/2058 1411/2032
f 1433/2058 1434/2059 1411/2032
f 1434/2059 1431/2056 1411/2032
f 1380/1991 1379/1990 1432/2057
f 1380/1991 1432/2057 1410/2030
f 1379/1990 1381/1992 1433/2058
f 1379/1990 1433/2058 1432/2057
f 1381/1992 1435/2060 1434/2059
f 1381/1992 1434/2059 1433/2058
f 1435/2060 1430/2055 1431/2056
f 1435/2060 1431/2056 1434/2059
f 1436/2061 1429/2054 1435/2060
f 1429/2054 1430/2055 1435/2060
f 1437/2062 1428/2053 1436/2061
f 1428/2053 1429/2054 1436/2061
f 1438/2063 1427/2051 1428/2053
f 1438/2063 1428/2053 1437/2062
f 1439/2064 1426/2065 1427/2051
f 1439/2064 1427/2051 1438/2063
f 1440/2066 1425/2048 1426/2049
f 1440/2066 1426/2049 1439/2067
f 1441/2068 1424/2047 1440/2066
f 1424/2047 1425/2048 1440/2066
f 1424/2047 1441/2068 1321/1970
f 1423/2046 1424/2047 1321/1970
f 1421/2044 1423/2046 1321/1970
f 1422/2045 1421/2044 1321/1970
f 1361/1971 1422/2045 1321/1970
f 1442/2069 1344/1949 1321/1923
f 1441/2068 1442/2070 1321/1970
f 1442/2070 1441/2068 1440/2066
f 1442/2070 1440/2066 1443/2071
f 1443/2072 1440/2073 1444/2074
f 1440/2073 1439/2064 1444/2074
f 1444/2074 1439/2064 1438/2063
f 1444/2074 1438/2063 1376/1987
f 1376/1987 1438/2063 1437/2062
f 1376/1987 1437/2062 1377/1988
f 1377/1988 1437/2062 1378/1989
f 1437/2062 1436/2061 1378/1989
f 1378/1989 1436/2061 1435/2060
f 1378/1989 1435/2060 1381/1992
f 1346/1951 1444/2074 1347/1952
f 1444/2074 1376/1987 1347/1952
f 1345/1950 1443/2072 1444/2074
f 1345/1950 1444/2074 1346/1951
f 1344/1949 1442/2069 1345/1950
f 1442/2069 1443/2072 1345/1950
f 1445/2075 1446/2076 1447/2077
f 1445/2075 1447/2077 1448/2078
f 1446/2076 1445/2075 1449/2079
f 1445/2075 1450/2080 1449/2079
f 1445/2081 1451/2082 1450/2083
f 1451/2082 1452/2084 1450/2083
f 1448/2078 1453/2085 1451/2086
f 1448/2078 1451/2086 1445/2075
f 1447/2087 1446/2088 1454/2089
f 1446/2088 1449/2090 1454/2089
f 1454/2089 1455/2091 1448/2092
f 1454/2089 1448/2092 1447/2087
f 1455/2091 1456/2093 1453/2094
f 1455/2091 1453/2094 1448/2092
f 1457/2095 1451/2086 1453/2085
f 1457/2095 1453/2085 1458/2096
f 1456/2093 1459/2097 1458/2098
f 1456/2093 1458/2098 1453/2094
f 1451/2082 1457/2099 1452/2084
f 1457/2099 1460/2100 1452/2084
f 1452/2084 1460/2100 1459/2097
f 1452/2084 1459/2097 1456/2093
f 1450/2080 1452/2101 1455/2102
f 1452/2101 1456/2103 1455/2102
f 1449/2079 1450/2080 1454/2104
f 1450/2080 1455/2102 1454/2104
f 1457/2099 1458/2098 1460/2100
f 1458/2098 1459/2097 1460/2100
f 1461/2105 1462/2106 1463/2107
f 1462/2106 1464/2108 1463/2107
f 1465/2109 1461/2105 1463/2107
f 1465/2109 1463/2107 1466/2110
f 1462/2106 1461/2105 1467/2111
f 1461/2105 1465/2109 1467/2111
f 1462/2106 1468/2112 1469/2113
f 1462/2106 1469/2113 1464/2108
f 1468/2112 1462/2106 1467/2111
f 1463/2107 1464/2108 1470/2114
f 1463/2107 1470/2114 1471/2115
f 1464/2108 1469/2113 1470/2114
f 1469/2113 1472/2116 1470/2114
f 1466/2110 1463/2107 1473/2117
f 1463/2107 1471/2115 1473/2117
f 1474/2118 1465/2109 1475/2119
f 1465/2109 1466/2110 1475/2119
f 1475/2119 1466/2110 1473/2117
f 1475/2119 1473/2117 1476/2120
f 1465/2109 1474/2118 1467/2111
f 1477/2121 1474/2118 1475/2119
f 1477/2121 1475/2119 1478/2122
f 1474/2118 1477/2121 1467/2111
f 1478/2122 1475/2119 1479/2123
f 1475/2119 1476/2120 1479/2123
f 1479/2123 1476/2120 1480/2124
f 1479/2123 1480/2124 1481/2125
f 1476/2120 1473/2117 1480/2124
f 1473/2117 1482/2126 1480/2124
f 1473/2117 1471/2115 1483/2127
f 1473/2117 1483/2127 1482/2126
f 1471/2115 1470/2114 1483/2127
f 1470/2114 1484/2128 1483/2127
f 1470/2114 1472/2116 1484/2128
f 1472/2116 1485/2129 1484/2128
f 1469/2113 1486/2130 1472/2116
f 1486/2130 1487/2131 1472/2116
f 1472/2116 1487/2131 1488/2132
f 1472/2116 1488/2132 1485/2129
f 1468/2112 1489/2133 1486/2130
f 1468/2112 1486/2130 1469/2113
f 1489/2133 1468/2112 1467/2111
f 1489/2133 1490/2134 1486/2130
f 1490/2134 1491/2135 1486/2130
f 1490/2134 1489/2133 1467/2111
f 1486/2130 1491/2135 1492/2136
f 1486/2130 1492/2136 1487/2131
f 1487/2131 1492/2136 1488/2132
f 1492/2136 1493/2137 1488/2132
f 1485/2138 1488/2139 1494/2140
f 1488/2139 1495/2141 1494/2140
f 1488/2132 1493/2137 1496/2142
f 1488/2132 1496/2142 1495/2143
f 1484/2144 1485/2138 1494/2140
f 1484/2144 1494/2140 1497/2145
f 1483/2146 1484/2144 1497/2145
f 1483/2146 1497/2145 1498/2147
f 1482/2148 1483/2146 1499/2149
f 1483/2146 1498/2147 1499/2149
f 1480/2150 1482/2148 1499/2149
f 1480/2150 1499/2149 1500/2151
f 1481/2152 1480/2150 1501/2153
f 1480/2150 1500/2151 1501/2153
f 1502/2154 1479/2123 1503/2155
f 1479/2123 1481/2125 1503/2155
f 1503/2155 1481/2125 1501/2156
f 1503/2155 1501/2156 1504/2157
f 1505/2158 1478/2122 1479/2123
f 1505/2158 1479/2123 1502/2154
f 1506/2159 1477/2121 1505/2158
f 1477/2121 1478/2122 1505/2158
f 1477/2121 1506/2159 1467/2111
f 1507/2160 1506/2159 1505/2158
f 1507/2160 1505/2158 1508/2161
f 1506/2159 1507/2160 1467/2111
f 1508/2161 1505/2158 1509/2162
f 1505/2158 1502/2154 1509/2162
f 1509/2162 1502/2154 1503/2155
f 1509/2162 1503/2155 1510/2163
f 1510/2163 1503/2155 1511/2164
f 1503/2155 1504/2157 1511/2164
f 1511/2165 1504/2166 1512/2167
f 1511/2165 1512/2167 1513/2168
f 1504/2166 1501/2153 1512/2167
f 1501/2153 1514/2169 1512/2167
f 1501/2153 1500/2151 1515/2170
f 1501/2153 1515/2170 1514/2169
f 1500/2151 1499/2149 1515/2170
f 1499/2149 1516/2171 1515/2170
f 1499/2149 1498/2147 1517/2172
f 1499/2149 1517/2172 1516/2171
f 1498/2147 1497/2145 1517/2172
f 1497/2145 1518/2173 1517/2172
f 1497/2145 1494/2140 1519/2174
f 1497/2145 1519/2174 1518/2173
f 1494/2140 1495/2141 1519/2174
f 1495/2141 1520/2175 1519/2174
f 1495/2141 1496/2176 1520/2175
f 1496/2176 1521/2177 1520/2175
f 1493/2137 1522/2178 1496/2142
f 1522/2178 1523/2179 1496/2142
f 1496/2176 1523/2180 1521/2177
f 1523/2180 1524/2181 1521/2177
f 1520/2175 1521/2177 1525/2182
f 1520/2175 1525/2182 1526/2183
f 1521/2177 1524/2181 1527/2184
f 1521/2177 1527/2184 1525/2182
f 1519/2174 1520/2175 1528/2185
f 1520/2175 1526/2183 1528/2185
f 1518/2173 1519/2174 1529/2186
f 1519/2174 1528/2185 1529/2186
f 1517/2172 1518/2173 1529/2186
f 1517/2172 1529/2186 1530/2187
f 1516/2171 1517/2172 1531/2188
f 1517/2172 1530/2187 1531/2188
f 1515/2170 1516/2171 1531/2188
f 1515/2170 1531/2188 1532/2189
f 1514/2169 1515/2170 1533/2190
f 1515/2170 1532/2189 1533/2190
f 1512/2167 1514/2169 1533/2190
f 1512/2167 1533/2190 1534/2191
f 1513/2168 1512/2167 1535/2192
f 1512/2167 1534/2191 1535/2192
f 1536/2193 1511/2164 1537/2194
f 1511/2164 1513/2195 1537/2194
f 1537/2196 1513/2168 1535/2192
f 1537/2196 1535/2192 1538/2197
f 1539/2198 1510/2163 1511/2164
f 1539/2198 1511/2164 1536/2193
f 1540/2199 1509/2162 1539/2198
f 1509/2162 1510/2163 1539/2198
f 1541/2200 1540/2199 1539/2198
f 1541/2200 1539/2198 1542/2201
f 1542/2201 1539/2198 1543/2202
f 1539/2198 1536/2193 1543/2202
f 1543/2203 1536/2204 1537/2196
f 1543/2203 1537/2196 1544/2205
f 1544/2205 1537/2196 1545/2206
f 1537/2196 1538/2197 1545/2206
f 1545/2206 1538/2197 1546/2207
f 1545/2206 1546/2207 1547/2208
f 1538/2197 1535/2192 1546/2207
f 1535/2192 1548/2209 1546/2207
f 1535/2192 1534/2191 1549/2210
f 1535/2192 1549/2210 1548/2209
f 1534/2191 1533/2190 1550/2211
f 1534/2191 1550/2211 1549/2210
f 1533/2190 1532/2189 1551/2212
f 1533/2190 1551/2212 1550/2211
f 1532/2189 1531/2188 1551/2212
f 1531/2188 1552/2213 1551/2212
f 1531/2188 1530/2187 1553/2214
f 1531/2188 1553/2214 1552/2213
f 1530/2187 1529/2186 1554/2215
f 1530/2187 1554/2215 1553/2214
f 1529/2186 1528/2185 1555/2216
f 1529/2186 1555/2216 1554/2215
f 1528/2185 1526/2183 1555/2216
f 1526/2183 1556/2217 1555/2216
f 1554/2215 1555/2216 1557/2218
f 1555/2216 1556/2217 1557/2218
f 1553/2214 1554/2215 1557/2218
f 1552/2213 1553/2214 1557/2218
f 1551/2212 1552/2213 1557/2218
f 1550/2211 1551/2212 1557/2218
f 1549/2210 1550/2211 1557/2218
f 1548/2209 1549/2210 1557/2218
f 1546/2207 1548/2209 1557/2218
f 1547/2208 1546/2207 1557/2218
f 1558/2219 1545/2206 1547/2208
f 1558/2219 1547/2208 1559/2220
f 1559/2220 1547/2208 1557/2218
f 1560/2221 1544/2205 1545/2206
f 1560/2221 1545/2206 1558/2219
f 1561/2222 1543/2203 1560/2221
f 1543/2203 1544/2205 1560/2221
f 1562/2223 1542/2201 1543/2202
f 1562/2223 1543/2202 1561/2224
f 1563/2225 1541/2200 1562/2223
f 1541/2200 1542/2201 1562/2223
f 1564/2226 1565/2227 1541/2200
f 1564/2226 1541/2200 1563/2225
f 1565/2227 1566/2228 1541/2200
f 1566/2228 1540/2199 1541/2200
f 1566/2228 1508/2161 1509/2162
f 1566/2228 1509/2162 1540/2199
f 1567/2229 1568/2230 1566/2228
f 1567/2229 1566/2228 1565/2227
f 1568/2230 1507/2160 1566/2228
f 1507/2160 1508/2161 1566/2228
f 1569/2231 1567/2229 1564/2226
f 1567/2229 1565/2227 1564/2226
f 1570/2232 1569/2231 1571/2233
f 1569/2231 1564/2226 1571/2233
f 1571/2233 1564/2226 1572/2234
f 1564/2226 1563/2225 1572/2234
f 1572/2234 1563/2225 1562/2223
f 1572/2234 1562/2223 1573/2235
f 1573/2235 1562/2223 1574/2236
f 1562/2223 1561/2224 1574/2236
f 1574/2237 1561/2222 1560/2221
f 1574/2237 1560/2221 1575/2238
f 1575/2238 1560/2221 1558/2219
f 1575/2238 1558/2219 1576/2239
f 1576/2239 1558/2219 1577/2240
f 1558/2219 1559/2220 1577/2240
f 1577/2240 1559/2220 1557/2218
f 1556/2217 1578/2241 1557/2218
f 1578/2241 1579/2242 1557/2218
f 1579/2242 1580/2243 1557/2218
f 1580/2243 1577/2240 1557/2218
f 1526/2183 1525/2182 1556/2217
f 1525/2182 1578/2241 1556/2217
f 1525/2182 1527/2184 1578/2241
f 1527/2184 1579/2242 1578/2241
f 1527/2184 1581/2244 1580/2243
f 1527/2184 1580/2243 1579/2242
f 1581/2244 1576/2239 1577/2240
f 1581/2244 1577/2240 1580/2243
f 1582/2245 1575/2238 1581/2244
f 1575/2238 1576/2239 1581/2244
f 1583/2246 1574/2237 1582/2245
f 1574/2237 1575/2238 1582/2245
f 1584/2247 1573/2235 1574/2236
f 1584/2247 1574/2236 1583/2248
f 1585/2249 1572/2234 1584/2247
f 1572/2234 1573/2235 1584/2247
f 1586/2250 1571/2233 1572/2234
f 1586/2250 1572/2234 1585/2249
f 1587/2251 1570/2232 1571/2233
f 1587/2251 1571/2233 1586/2250
f 1570/2232 1587/2251 1467/2111
f 1569/2231 1570/2232 1467/2111
f 1567/2229 1569/2231 1467/2111
f 1568/2230 1567/2229 1467/2111
f 1507/2160 1568/2230 1467/2111
f 1588/2252 1490/2134 1467/2111
f 1587/2251 1588/2252 1467/2111
f 1588/2252 1587/2251 1589/2253
f 1587/2251 1586/2250 1589/2253
f 1589/2253 1586/2250 1590/2254
f 1586/2250 1585/2249 1590/2254
f 1590/2254 1585/2249 1584/2247
f 1590/2254 1584/2247 1522/2178
f 1522/2178 1584/2247 1523/2179
f 1584/2247 1583/2248 1523/2179
f 1523/2180 1583/2246 1582/2245
f 1523/2180 1582/2245 1524/2181
f 1524/2181 1582/2245 1581/2244
f 1524/2181 1581/2244 1527/2184
f 1492/2136 1590/2254 1493/2137
f 1590/2254 1522/2178 1493/2137
f 1491/2135 1589/2253 1590/2254
f 1491/2135 1590/2254 1492/2136
f 1490/2134 1588/2252 1491/2135
f 1588/2252 1589/2253 1491/2135
f 1591/2255 1592/2256 1593/2257
f 1591/2255 1593/2257 1594/2258
f 1595/2259 1591/2255 1596/2260
f 1595/2259 1596/2260 1597/2261
f 1594/2258 1598/2262 1596/2260
f 1594/2258 1596/2260 1591/2255
f 1591/2255 1595/2259 1592/2256
f 1592/2263 1595/2264 1599/2265
f 1595/2264 1600/2266 1599/2265
f 1593/2267 1592/2263 1601/2268
f 1592/2263 1599/2265 1601/2268
f 1601/2268 1602/2269 1603/2270
f 1601/2268 1603/2270 1593/2267
f 1593/2267 1603/2270 1594/2271
f 1594/2271 1603/2270 1604/2272
f 1594/2271 1604/2272 1598/2273
f 1605/2274 1596/2275 1606/2276
f 1596/2275 1598/2273 1606/2276
f 1598/2273 1604/2272 1606/2276
f 1605/2274 1597/2277 1596/2275
f 1597/2277 1605/2274 1607/2278
f 1597/2277 1607/2278 1608/2279
f 1595/2280 1597/2277 1600/2281
f 1597/2277 1608/2279 1600/2281
f 1609/2282 1600/2283 1610/2284
f 1600/2283 1608/2285 1610/2284
f 1599/2286 1600/2283 1609/2282
f 1599/2286 1609/2282 1611/2287
f 1599/2286 1611/2287 1601/2288
f 1601/2288 1611/2287 1602/2289
f 1602/2289 1611/2287 1612/2290
f 1602/2289 1612/2290 1613/2291
f 1602/2269 1613/2292 1604/2272
f 1602/2269 1604/2272 1603/2270
f 1613/2292 1614/2293 1604/2272
f 1614/2293 1606/2276 1604/2272
f 1605/2274 1606/2276 1614/2293
f 1605/2274 1614/2293 1607/2278
f 1610/2284 1607/2294 1612/2290
f 1607/2294 1614/2295 1612/2290
f 1610/2284 1608/2285 1607/2294
f 1609/2282 1610/2284 1612/2290
f 1609/2282 1612/2290 1611/2287
f 1613/2291 1612/2290 1614/2295
f 1615/2296 1616/2297 1617/2298
f 1616/2297 1618/2299 1617/2298
f 1619/2300 1615/2296 1620/2301
f 1615/2296 1617/2298 1620/2301
f 1616/2297 1615/2296 1621/2302
f 1615/2296 1619/2300 1621/2302
f 1616/2297 1622/2303 1623/2304
f 1616/2297 1623/2304 1618/2299
f 1622/2303 1616/2297 1621/2302
f 1617/2298 1618/2299 1624/2305
f 1618/2299 1625/2306 1624/2305
f 1618/2299 1623/2304 1626/2307
f 1618/2299 1626/2307 1625/2306
f 1620/2301 1617/2298 1624/2305
f 1620/2301 1624/2305 1627/2308
f 1628/2309 1619/2310 1629/2311
f 1619/2310 1620/2312 1629/2311
f 1629/2311 1620/2312 1630/2313
f 1620/2312 1627/2314 1630/2313
f 1619/2310 1628/2309 1621/2315
f 1631/2316 1628/2309 1632/2317
f 1628/2309 1629/2311 1632/2317
f 1628/2309 1631/2316 1621/2315
f 1632/2317 1629/2311 1633/2318
f 1629/2311 1630/2313 1633/2318
f 1633/2318 1630/2313 1634/2319
f 1630/2313 1635/2320 1634/2319
f 1630/2313 1627/2314 1636/2321
f 1630/2313 1636/2321 1635/2320
f 1627/2308 1624/2305 1636/2322
f 1624/2305 1637/2323 1636/2322
f 1624/2305 1625/2306 1638/2324
f 1624/2305 1638/2324 1637/2323
f 1625/2306 1626/2307 1638/2324
f 1626/2307 1639/2325 1638/2324
f 1623/2304 1640/2326 1626/2307
f 1640/2326 1641/2327 1626/2307
f 1626/2307 1641/2327 1642/2328
f 1626/2307 1642/2328 1639/2325
f 1622/2303 1643/2329 1623/2304
f 1643/2329 1640/2326 1623/2304
f 1643/2329 1622/2303 1621/2302
f 1643/2329 1644/2330 1645/2331
f 1643/2329 1645/2331 1640/2326
f 1644/2330 1643/2329 1621/2302
f 1640/2326 1645/2331 1641/2327
f 1645/2331 1646/2332 1641/2327
f 1641/2327 1646/2332 1647/2333
f 1641/2327 1647/2333 1642/2328
f 1639/2325 1642/2328 1648/2334
f 1642/2328 1649/2335 1648/2334
f 1642/2328 1647/2333 1650/2336
f 1642/2328 1650/2336 1649/2335
f 1638/2324 1639/2325 1651/2337
f 1639/2325 1648/2334 1651/2337
f 1637/2323 1638/2324 1652/2338
f 1638/2324 1651/2337 1652/2338
f 1636/2322 1637/2323 1652/2338
f 1636/2322 1652/2338 1653/2339
f 1635/2320 1636/2321 1654/2340
f 1636/2321 1653/2341 1654/2340
f 1634/2319 1635/2320 1654/2340
f 1634/2319 1654/2340 1655/2342
f 1656/2343 1633/2318 1634/2319
f 1656/2343 1634/2319 1657/2344
f 1657/2344 1634/2319 1655/2342
f 1657/2344 1655/2342 1658/2345
f 1659/2346 1632/2317 1656/2343
f 1632/2317 1633/2318 1656/2343
f 1660/2347 1631/2316 1632/2317
f 1660/2347 1632/2317 1659/2346
f 1631/2316 1660/2347 1621/2315
f 1661/2348 1660/2347 1662/2349
f 1660/2347 1659/2346 1662/2349
f 1660/2347 1661/2348 1621/2315
f 1662/2349 1659/2346 1656/2343
f 1662/2349 1656/2343 1663/2350
f 1663/2350 1656/2343 1664/2351
f 1656/2343 1657/2344 1664/2351
f 1664/2351 1657/2344 1665/2352
f 1657/2344 1658/2345 1665/2352
f 1665/2352 1658/2345 1666/2353
f 1665/2352 1666/2353 1667/2354
f 1658/2345 1655/2342 1666/2353
f 1655/2342 1668/2355 1666/2353
f 1655/2342 1654/2340 1668/2355
f 1654/2340 1669/2356 1668/2355
f 1654/2340 1653/2341 1670/2357
f 1654/2340 1670/2357 1669/2356
f 1653/2339 1652/2338 1670/2358
f 1652/2338 1671/2359 1670/2358
f 1652/2338 1651/2337 1672/2360
f 1652/2338 1672/2360 1671/2359
f 1651/2337 1648/2334 1673/2361
f 1651/2337 1673/2361 1672/2360
f 1648/2334 1649/2335 1673/2361
f 1649/2335 1674/2362 1673/2361
f 1649/2335 1650/2336 1675/2363
f 1649/2335 1675/2363 1674/2362
f 1647/2333 1676/2364 1650/2336
f 1676/2364 1677/2365 1650/2336
f 1650/2336 1677/2365 1678/2366
f 1650/2336 1678/2366 1675/2363
f 1674/2362 1675/2363 1679/2367
f 1674/2362 1679/2367 1680/2368
f 1675/2363 1678/2366 1681/2369
f 1675/2363 1681/2369 1679/2367
f 1673/2361 1674/2362 1682/2370
f 1674/2362 1680/2368 1682/2370
f 1672/2360 1673/2361 1683/2371
f 1673/2361 1682/2370 1683/2371
f 1671/2359 1672/2360 1684/2372
f 1672/2360 1683/2371 1684/2372
f 1670/2358 1671/2359 1684/2372
f 1670/2358 1684/2372 1685/2373
f 1669/2356 1670/2357 1686/2374
f 1670/2357 1685/2375 1686/2374
f 1668/2355 1669/2356 1686/2374
f 1668/2355 1686/2374 1687/2376
f 1666/2353 1668/2355 1688/2377
f 1668/2355 1687/2376 1688/2377
f 1667/2354 1666/2353 1689/2378
f 1666/2353 1688/2377 1689/2378
f 1690/2379 1665/2352 1691/2380
f 1665/2352 1667/2354 1691/2380
f 1691/2380 1667/2354 1689/2378
f 1691/2380 1689/2378 1692/2381
f 1693/2382 1664/2351 1665/2352
f 1693/2382 1665/2352 1690/2379
f 1694/2383 1663/2350 1664/2351
f 1694/2383 1664/2351 1693/2382
f 1695/2384 1694/2383 1696/2385
f 1694/2383 1693/2382 1696/2385
f 1696/2385 1693/2382 1697/2386
f 1693/2382 1690/2379 1697/2386
f 1697/2386 1690/2379 1691/2380
f 1697/2386 1691/2380 1698/2387
f 1698/2387 1691/2380 1699/2388
f 1691/2380 1692/2381 1699/2388
f 1699/2388 1692/2381 1700/2389
f 1699/2388 1700/2389 1701/2390
f 1692/2381 1689/2378 1700/2389
f 1689/2378 1702/2391 1700/2389
f 1689/2378 1688/2377 1702/2391
f 1688/2377 1703/2392 1702/2391
f 1688/2377 1687/2376 1704/2393
f 1688/2377 1704/2393 1703/2392
f 1687/2376 1686/2374 1705/2394
f 1687/2376 1705/2394 1704/2393
f 1686/2374 1685/2375 1705/2394
f 1685/2375 1706/2395 1705/2394
f 1685/2373 1684/2372 1706/2396
f 1684/2372 1707/2397 1706/2396
f 1684/2372 1683/2371 1707/2397
f 1683/2371 1708/2398 1707/2397
f 1683/2371 1682/2370 1708/2398
f 1682/2370 1709/2399 1708/2398
f 1682/2370 1680/2368 1709/2399
f 1680/2368 1710/2400 1709/2399
f 1708/2398 1709/2399 1711/2401
f 1709/2399 1710/2400 1711/2401
f 1707/2397 1708/2398 1711/2401
f 1706/2396 1707/2397 1711/2401
f 1705/2394 1706/2395 1711/2402
f 1704/2393 1705/2394 1711/2402
f 1703/2392 1704/2393 1711/2402
f 1702/2391 1703/2392 1711/2402
f 1700/2389 1702/2391 1711/2402
f 1701/2390 1700/2389 1711/2402
f 1712/2403 1699/2388 1713/2404
f 1699/2388 1701/2390 1713/2404
f 1713/2404 1701/2390 1711/2402
f 1714/2405 1698/2387 1699/2388
f 1714/2405 1699/2388 1712/2403
f 1715/2406 1697/2386 1698/2387
f 1715/2406 1698/2387 1714/2405
f 1716/2407 1696/2385 1715/2406
f 1696/2385 1697/2386 1715/2406
f 1717/2408 1695/2384 1716/2407
f 1695/2384 1696/2385 1716/2407
f 1718/2409 1719/2410 1695/2384
f 1718/2409 1695/2384 1717/2408
f 1719/2410 1720/2411 1694/2383
f 1719/2410 1694/2383 1695/2384
f 1720/2411 1662/2349 1694/2383
f 1662/2349 1663/2350 1694/2383
f 1721/2412 1722/2413 1719/2410
f 1722/2413 1720/2411 1719/2410
f 1722/2413 1661/2348 1662/2349
f 1722/2413 1662/2349 1720/2411
f 1723/2414 1721/2412 1719/2410
f 1723/2414 1719/2410 1718/2409
f 1724/2415 1723/2414 1725/2416
f 1723/2414 1718/2409 1725/2416
f 1725/2416 1718/2409 1717/2408
f 1725/2416 1717/2408 1726/2417
f 1726/2417 1717/2408 1727/2418
f 1717/2408 1716/2407 1727/2418
f 1727/2418 1716/2407 1715/2406
f 1727/2418 1715/2406 1728/2419
f 1728/2419 1715/2406 1729/2420
f 1715/2406 1714/2405 1729/2420
f 1729/2420 1714/2405 1712/2403
f 1729/2420 1712/2403 1730/2421
f 1730/2421 1712/2403 1713/2404
f 1730/2421 1713/2404 1731/2422
f 1731/2423 1713/2424 1711/2401
f 1710/2400 1732/2425 1711/2401
f 1732/2425 1733/2426 1711/2401
f 1733/2426 1734/2427 1711/2401
f 1734/2427 1731/2423 1711/2401
f 1680/2368 1679/2367 1732/2425
f 1680/2368 1732/2425 1710/2400
f 1679/2367 1681/2369 1733/2426
f 1679/2367 1733/2426 1732/2425
f 1681/2369 1735/2428 1734/2427
f 1681/2369 1734/2427 1733/2426
f 1735/2428 1730/2429 1731/2423
f 1735/2428 1731/2423 1734/2427
f 1736/2430 1729/2431 1730/2429
f 1736/2430 1730/2429 1735/2428
f 1737/2432 1728/2433 1729/2431
f 1737/2432 1729/2431 1736/2430
f 1738/2434 1727/2435 1737/2432
f 1727/2435 1728/2433 1737/2432
f 1739/2436 1726/2417 1727/2418
f 1739/2436 1727/2418 1738/2437
f 1740/2438 1725/2416 1739/2436
f 1725/2416 1726/2417 1739/2436
f 1741/2439 1724/2415 1725/2416
f 1741/2439 1725/2416 1740/2438
f 1724/2415 1741/2439 1621/2315
f 1723/2414 1724/2415 1621/2315
f 1721/2412 1723/2414 1621/2315
f 1722/2413 1721/2412 1621/2315
f 1661/2348 1722/2413 1621/2315
f 1742/2440 1644/2330 1621/2302
f 1741/2441 1742/2440 1621/2302
f 1742/2440 1741/2441 1743/2442
f 1741/2441 1740/2443 1743/2442
f 1743/2442 1740/2443 1739/2444
f 1743/2442 1739/2444 1744/2445
f 1744/2445 1739/2444 1676/2364
f 1739/2444 1738/2434 1676/2364
f 1676/2364 1738/2434 1677/2365
f 1738/2434 1737/2432 1677/2365
f 1677/2365 1737/2432 1678/2366
f 1737/2432 1736/2430 1678/2366
f 1678/2366 1736/2430 1681/2369
f 1736/2430 1735/2428 1681/2369
f 1646/2332 1744/2445 1647/2333
f 1744/2445 1676/2364 1647/2333
f 1645/2331 1743/2442 1744/2445
f 1645/2331 1744/2445 1646/2332
f 1644/2330 1742/2440 1743/2442
f 1644/2330 1743/2442 1645/2331
f 1745/2446 1746/2447 1747/2448
f 1745/2446 1747/2448 1748/2449
f 1746/2450 1745/2451 1749/2452
f 1745/2451 1750/2453 1749/2452
f 1745/2451 1751/2454 1752/2455
f 1745/2451 1752/2455 1750/2453
f 1748/2449 1753/2456 1751/2457
f 1748/2449 1751/2457 1745/2446
f 1747/2458 1746/2450 1754/2459
f 1746/2450 1749/2452 1754/2459
f 1754/2459 1755/2460 1747/2458
f 1755/2460 1748/2461 1747/2458
f 1755/2460 1756/2462 1753/2463
f 1755/2460 1753/2463 1748/2461
f 1757/2464 1751/2457 1758/2465
f 1751/2457 1753/2456 1758/2465
f 1756/2466 1759/2467 1758/2465
f 1756/2466 1758/2465 1753/2456
f 1751/2454 1757/2468 1752/2455
f 1757/2468 1760/2469 1752/2455
f 1752/2455 1760/2469 1756/2470
f 1760/2469 1759/2471 1756/2470
f 1750/2472 1752/2473 1755/2474
f 1752/2473 1756/2475 1755/2474
f 1749/2452 1750/2453 1754/2459
f 1750/2453 1755/2460 1754/2459
f 1757/2468 1758/2476 1760/2469
f 1758/2476 1759/2471 1760/2469
f 1761/2477 1762/2478 1763/2479
f 1762/2478 1764/2480 1763/2479
f 1765/2481 1761/2477 1763/2479
f 1765/2481 1763/2479 1766/2482
f 1762/2478 1761/2477 1767/2483
f 1761/2477 1765/2481 1767/2483
f 1762/2478 1768/2484 1769/2485
f 1762/2478 1769/2485 1764/2480
f 1768/2484 1762/2478 1767/2483
f 1763/2479 1764/2480 1770/2486
f 1764/2480 1771/2487 1770/2486
f 1764/2488 1769/2489 1772/2490
f 1764/2488 1772/2490 1771/2491
f 1766/2482 1763/2479 1773/2492
f 1763/2479 1770/2486 1773/2492
f 1774/2493 1765/2481 1775/2494
f 1765/2481 1766/2482 1775/2494
f 1775/2494 1766/2482 1773/2492
f 1775/2494 1773/2492 1776/2495
f 1765/2481 1774/2493 1767/2483
f 1777/2496 1774/2493 1775/2494
f 1777/2496 1775/2494 1778/2497
f 1774/2493 1777/2496 1767/2483
f 1778/2497 1775/2494 1776/2495
f 1778/2497 1776/2495 1779/2498
f 1779/2498 1776/2495 1780/2499
f 1776/2495 1781/2500 1780/2499
f 1776/2495 1773/2492 1782/2501
f 1776/2495 1782/2501 1781/2500
f 1773/2492 1770/2486 1783/2502
f 1773/2492 1783/2502 1782/2501
f 1770/2486 1771/2487 1784/2503
f 1770/2486 1784/2503 1783/2502
f 1771/2491 1772/2490 1784/2504
f 1772/2490 1785/2505 1784/2504
f 1769/2485 1786/2506 1772/2507
f 1786/2506 1787/2508 1772/2507
f 1772/2490 1787/2509 1788/2510
f 1772/2490 1788/2510 1785/2505
f 1768/2484 1789/2511 1769/2485
f 1789/2511 1786/2506 1769/2485
f 1789/2511 1768/2484 1767/2483
f 1789/2511 1790/2512 1786/2506
f 1790/2512 1791/2513 1786/2506
f 1790/2512 1789/2511 1767/2483
f 1786/2506 1791/2513 1792/2514
f 1786/2506 1792/2514 1787/2508
f 1787/2509 1792/2515 1788/2510
f 1792/2515 1793/2516 1788/2510
f 1785/2505 1788/2510 1794/2517
f 1785/2505 1794/2517 1795/2518
f 1788/2510 1793/2516 1794/2517
f 1793/2516 1796/2519 1794/2517
f 1784/2504 1785/2505 1797/2520
f 1785/2505 1795/2518 1797/2520
f 1783/2521 1784/2504 1797/2520
f 1783/2521 1797/2520 1798/2522
f 1782/2523 1783/2521 1799/2524
f 1783/2521 1798/2522 1799/2524
f 1781/2525 1782/2523 1799/2524
f 1781/2525 1799/2524 1800/2526
f 1780/2527 1781/2525 1801/2528
f 1781/2525 1800/2526 1801/2528
f 1802/2529 1779/2498 1780/2499
f 1802/2529 1780/2499 1803/2530
f 1803/2531 1780/2527 1804/2532
f 1780/2527 1801/2528 1804/2532
f 1805/2533 1778/2497 1779/2498
f 1805/2533 1779/2498 1802/2529
f 1806/2534 1777/2496 1805/2533
f 1777/2496 1778/2497 1805/2533
f 1777/2496 1806/2534 1767/2483
f 1807/2535 1806/2534 1805/2533
f 1807/2535 1805/2533 1808/2536
f 1806/2534 1807/2535 1767/2483
f 1808/2536 1805/2533 1809/2537
f 1805/2533 1802/2529 1809/2537
f 1809/2537 1802/2529 1810/2538
f 1802/2529 1803/2530 1810/2538
f 1810/2539 1803/2531 1804/2532
f 1810/2539 1804/2532 1811/2540
f 1811/2540 1804/2532 1812/2541
f 1804/2532 1813/2542 1812/2541
f 1804/2532 1801/2528 1813/2542
f 1801/2528 1814/2543 1813/2542
f 1801/2528 1800/2526 1814/2543
f 1800/2526 1815/2544 1814/2543
f 1800/2526 1799/2524 1816/2545
f 1800/2526 1816/2545 1815/2544
f 1799/2524 1798/2522 1817/2546
f 1799/2524 1817/2546 1816/2545
f 1798/2522 1797/2520 1817/2546
f 1797/2520 1818/2547 1817/2546
f 1797/2520 1795/2518 1819/2548
f 1797/2520 1819/2548 1818/2547
f 1795/2518 1794/2517 1819/2548
f 1794/2517 1820/2549 1819/2548
f 1794/2517 1796/2519 1821/2550
f 1794/2517 1821/2550 1820/2549
f 1793/2516 1822/2551 1796/2519
f 1822/2551 1823/2552 1796/2519
f 1796/2519 1823/2552 1824/2553
f 1796/2519 1824/2553 1821/2550
f 1820/2549 1821/2550 1825/2554
f 1821/2550 1826/2555 1825/2554
f 1821/2550 1824/2553 1827/2556
f 1821/2550 1827/2556 1826/2555
f 1819/2548 1820/2549 1828/2557
f 1820/2549 1825/2554 1828/2557
f 1818/2547 1819/2548 1828/2557
f 1818/2547 1828/2557 1829/2558
f 1817/2546 1818/2547 1830/2559
f 1818/2547 1829/2558 1830/2559
f 1816/2545 1817/2546 1830/2559
f 1816/2545 1830/2559 1831/2560
f 1815/2544 1816/2545 1832/2561
f 1816/2545 1831/2560 1832/2561
f 1814/2543 1815/2544 1832/2561
f 1814/2543 1832/2561 1833/2562
f 1813/2542 1814/2543 1833/2562
f 1813/2542 1833/2562 1834/2563
f 1812/2541 1813/2542 1834/2563
f 1812/2541 1834/2563 1835/2564
f 1836/2565 1811/2540 1812/2541
f 1836/2565 1812/2541 1837/2566
f 1837/2566 1812/2541 1835/2564
f 1837/2566 1835/2564 1838/2567
f 1839/2568 1810/2539 1811/2540
f 1839/2568 1811/2540 1836/2565
f 1840/2569 1809/2537 1810/2538
f 1840/2569 1810/2538 1839/2570
f 1841/2571 1840/2569 1842/2572
f 1840/2569 1839/2570 1842/2572
f 1842/2573 1839/2568 1843/2574
f 1839/2568 1836/2565 1843/2574
f 1843/2574 1836/2565 1837/2566
f 1843/2574 1837/2566 1844/2575
f 1844/2575 1837/2566 1845/2576
f 1837/2566 1838/2567 1845/2576
f 1845/2576 1838/2567 1846/2577
f 1845/2576 1846/2577 1847/2578
f 1838/2567 1835/2564 1846/2577
f 1835/2564 1848/2579 1846/2577
f 1835/2564 1834/2563 1848/2579
f 1834/2563 1849/2580 1848/2579
f 1834/2563 1833/2562 1850/2581
f 1834/2563 1850/2581 1849/2580
f 1833/2562 1832/2561 1851/2582
f 1833/2562 1851/2582 1850/2581
f 1832/2561 1831/2560 1852/2583
f 1832/2561 1852/2583 1851/2582
f 1831/2560 1830/2559 1852/2583
f 1830/2559 1853/2584 1852/2583
f 1830/2559 1829/2558 1853/2584
f 1829/2558 1854/2585 1853/2584
f 1829/2558 1828/2557 1855/2586
f 1829/2558 1855/2586 1854/2585
f 1828/2557 1825/2554 1855/2586
f 1825/2554 1856/2587 1855/2586
f 1854/2585 1855/2586 1857/2588
f 1855/2586 1856/2587 1857/2588
f 1853/2584 1854/2585 1857/2588
f 1852/2583 1853/2584 1857/2588
f 1851/2582 1852/2583 1857/2588
f 1850/2581 1851/2582 1857/2588
f 1849/2580 1850/2581 1857/2588
f 1848/2579 1849/2580 1857/2588
f 1846/2577 1848/2579 1857/2588
f 1847/2578 1846/2577 1857/2588
f 1858/2589 1845/2576 1847/2578
f 1858/2589 1847/2578 1859/2590
f 1859/2590 1847/2578 1857/2588
f 1860/2591 1844/2575 1858/2589
f 1844/2575 1845/2576 1858/2589
f 1861/2592 1843/2574 1860/2591
f 1843/2574 1844/2575 1860/2591
f 1862/2593 1842/2573 1843/2574
f 1862/2593 1843/2574 1861/2592
f 1863/2594 1841/2571 1862/2595
f 1841/2571 1842/2572 1862/2595
f 1864/2596 1865/2597 1841/2571
f 1864/2596 1841/2571 1863/2594
f 1865/2597 1866/2598 1841/2571
f 1866/2598 1840/2569 1841/2571
f 1866/2598 1808/2536 1840/2569
f 1808/2536 1809/2537 1840/2569
f 1867/2599 1868/2600 1865/2597
f 1868/2600 1866/2598 1865/2597
f 1868/2600 1807/2535 1808/2536
f 1868/2600 1808/2536 1866/2598
f 1869/2601 1867/2599 1864/2596
f 1867/2599 1865/2597 1864/2596
f 1870/2602 1869/2601 1864/2596
f 1870/2602 1864/2596 1871/2603
f 1871/2603 1864/2596 1872/2604
f 1864/2596 1863/2594 1872/2604
f 1872/2604 1863/2594 1873/2605
f 1863/2594 1862/2595 1873/2605
f 1873/2606 1862/2593 1874/2607
f 1862/2593 1861/2592 1874/2607
f 1874/2607 1861/2592 1875/2608
f 1861/2592 1860/2591 1875/2608
f 1875/2608 1860/2591 1858/2589
f 1875/2608 1858/2589 1876/2609
f 1876/2609 1858/2589 1877/2610
f 1858/2589 1859/2590 1877/2610
f 1877/2610 1859/2590 1857/2588
f 1856/2587 1878/2611 1857/2588
f 1878/2611 1879/2612 1857/2588
f 1879/2612 1880/2613 1857/2588
f 1880/2613 1877/2610 1857/2588
f 1825/2554 1826/2555 1856/2587
f 1826/2555 1878/2611 1856/2587
f 1826/2555 1827/2556 1878/2611
f 1827/2556 1879/2612 1878/2611
f 1827/2556 1881/2614 1880/2613
f 1827/2556 1880/2613 1879/2612
f 1881/2614 1876/2609 1877/2610
f 1881/2614 1877/2610 1880/2613
f 1882/2615 1875/2608 1881/2614
f 1875/2608 1876/2609 1881/2614
f 1883/2616 1874/2607 1875/2608
f 1883/2616 1875/2608 1882/2615
f 1884/2617 1873/2606 1883/2616
f 1873/2606 1874/2607 1883/2616
f 1885/2618 1872/2604 1873/2605
f 1885/2618 1873/2605 1884/2619
f 1886/2620 1871/2603 1872/2604
f 1886/2620 1872/2604 1885/2618
f 1887/2621 1870/2602 1886/2620
f 1870/2602 1871/2603 1886/2620
f 1870/2602 1887/2621 1767/2483
f 1869/2601 1870/2602 1767/2483
f 1867/2599 1869/2601 1767/2483
f 1868/2600 1867/2599 1767/2483
f 1807/2535 1868/2600 1767/2483
f 1888/2622 1790/2512 1767/2483
f 1887/2621 1888/2622 1767/2483
f 1888/2622 1887/2621 1886/2620
f 1888/2622 1886/2620 1889/2623
f 1889/2623 1886/2620 1890/2624
f 1886/2620 1885/2618 1890/2624
f 1890/2624 1885/2618 1822/2625
f 1885/2618 1884/2619 1822/2625
f 1822/2551 1884/2617 1883/2616
f 1822/2551 1883/2616 1823/2552
f 1823/2552 1883/2616 1824/2553
f 1883/2616 1882/2615 1824/2553
f 1824/2553 1882/2615 1881/2614
f 1824/2553 1881/2614 1827/2556
f 1792/2514 1890/2624 1793/2626
f 1890/2624 1822/2625 1793/2626
f 1791/2513 1889/2623 1890/2624
f 1791/2513 1890/2624 1792/2514
f 1790/2512 1888/2622 1889/2623
f 1790/2512 1889/2623 1791/2513
f 1891/2627 1892/2628 1893/2629
f 1891/2627 1893/2629 1894/2630
f 1892/2631 1891/2632 1895/2633
f 1891/2632 1896/2634 1895/2633
f 1891/2632 1897/2635 1896/2634
f 1897/2635 1898/2636 1896/2634
f 1894/2630 1899/2637 1897/2638
f 1894/2630 1897/2638 1891/2627
f 1893/2639 1892/2631 1895/2633
f 1893/2639 1895/2633 1900/2640
f 1900/2640 1901/2641 1894/2642
f 1900/2640 1894/2642 1893/2639
f 1901/2641 1902/2643 1894/2642
f 1902/2643 1899/2644 1894/2642
f 1903/2645 1897/2638 1899/2637
f 1903/2645 1899/2637 1904/2646
f 1902/2647 1905/2648 1899/2637
f 1905/2648 1904/2646 1899/2637
f 1897/2635 1903/2649 1898/2636
f 1903/2649 1906/2650 1898/2636
f 1898/2636 1906/2650 1902/2651
f 1906/2650 1905/2652 1902/2651
f 1896/2653 1898/2654 1902/2655
f 1896/2653 1902/2655 1901/2656
f 1895/2633 1896/2634 1900/2640
f 1896/2634 1901/2641 1900/2640
f 1903/2649 1904/2657 1905/2652
f 1903/2649 1905/2652 1906/2650
f 1907/2658 1908/2659 1909/2660
f 1908/2659 1910/2661 1909/2660
f 1911/2662 1907/2658 1909/2660
f 1911/2662 1909/2660 1912/2663
f 1908/2659 1907/2658 1913/2664
f 1907/2658 1911/2662 1913/2664
f 1908/2659 1914/2665 1915/2666
f 1908/2659 1915/2666 1910/2661
f 1914/2665 1908/2659 1913/2664
f 1909/2660 1910/2661 1916/2667
f 1910/2661 1917/2668 1916/2667
f 1910/2661 1915/2666 1917/2668
f 1915/2666 1918/2669 1917/2668
f 1912/2663 1909/2660 1919/2670
f 1909/2660 1916/2667 1919/2670
f 1920/2671 1911/2662 1921/2672
f 1911/2662 1912/2663 1921/2672
f 1921/2672 1912/2663 1919/2670
f 1921/2672 1919/2670 1922/2673
f 1911/2662 1920/2671 1913/2664
f 1923/2674 1920/2671 1921/2672
f 1923/2674 1921/2672 1924/2675
f 1920/2671 1923/2674 1913/2664
f 1924/2675 1921/2672 1922/2673
f 1924/2675 1922/2673 1925/2676
f 1925/2676 1922/2673 1926/2677
f 1925/2676 1926/2677 1927/2678
f 1922/2673 1919/2670 1926/2677
f 1919/2670 1928/2679 1926/2677
f 1919/2670 1916/2667 1929/2680
f 1919/2670 1929/2680 1928/2679
f 1916/2667 1917/2668 1929/2680
f 1917/2668 1930/2681 1929/2680
f 1917/2668 1918/2669 1931/2682
f 1917/2668 1931/2682 1930/2681
f 1915/2666 1932/2683 1918/2669
f 1932/2683 1933/2684 1918/2669
f 1918/2669 1933/2684 1934/2685
f 1918/2669 1934/2685 1931/2682
f 1914/2665 1935/2686 1915/2666
f 1935/2686 1932/2683 1915/2666
f 1935/2686 1914/2665 1913/2664
f 1935/2686 1936/2687 1937/2688
f 1935/2686 1937/2688 1932/2683
f 1936/2687 1935/2686 1913/2664
f 1932/2683 1937/2688 1933/2684
f 1937/2688 1938/2689 1933/2684
f 1933/2684 1938/2689 1939/2690
f 1933/2684 1939/2690 1934/2685
f 1931/2691 1934/2692 1940/2693
f 1931/2691 1940/2693 1941/2694
f 1934/2692 1939/2695 1940/2693
f 1939/2695 1942/2696 1940/2693
f 1930/2697 1931/2691 1943/2698
f 1931/2691 1941/2694 1943/2698
f 1929/2699 1930/2697 1943/2698
f 1929/2699 1943/2698 1944/2700
f 1928/2701 1929/2699 1945/2702
f 1929/2699 1944/2700 1945/2702
f 1926/2703 1928/2701 1945/2702
f 1926/2703 1945/2702 1946/2704
f 1927/2705 1926/2703 1947/2706
f 1926/2703 1946/2704 1947/2706
f 1948/2707 1925/2676 1927/2678
f 1948/2707 1927/2678 1949/2708
f 1949/2709 1927/2705 1950/2710
f 1927/2705 1947/2706 1950/2710
f 1951/2711 1924/2675 1925/2676
f 1951/2711 1925/2676 1948/2707
f 1952/2712 1923/2674 1951/2711
f 1923/2674 1924/2675 1951/2711
f 1923/2674 1952/2712 1913/2664
f 1953/2713 1952/2712 1954/2714
f 1952/2712 1951/2711 1954/2714
f 1952/2712 1953/2713 1913/2664
f 1954/2714 1951/2711 1955/2715
f 1951/2711 1948/2707 1955/2715
f 1955/2715 1948/2707 1956/2716
f 1948/2707 1949/2708 1956/2716
f 1956/2717 1949/2709 1950/2710
f 1956/2717 1950/2710 1957/2718
f 1957/2718 1950/2710 1958/2719
f 1957/2718 1958/2719 1959/2720
f 1950/2710 1947/2706 1958/2719
f 1947/2706 1960/2721 1958/2719
f 1947/2706 1946/2704 1960/2721
f 1946/2704 1961/2722 1960/2721
f 1946/2704 1945/2702 1961/2722
f 1945/2702 1962/2723 1961/2722
f 1945/2702 1944/2700 1963/2724
f 1945/2702 1963/2724 1962/2723
f 1944/2700 1943/2698 1964/2725
f 1944/2700 1964/2725 1963/2724
f 1943/2698 1941/2694 1965/2726
f 1943/2698 1965/2726 1964/2725
f 1941/2694 1940/2693 1965/2726
f 1940/2693 1966/2727 1965/2726
f 1940/2693 1942/2696 1967/2728
f 1940/2693 1967/2728 1966/2727
f 1939/2695 1968/2729 1969/2730
f 1939/2695 1969/2730 1942/2696
f 1942/2696 1969/2730 1967/2728
f 1969/2730 1970/2731 1967/2728
f 1966/2727 1967/2728 1971/2732
f 1967/2728 1972/2733 1971/2732
f 1967/2728 1970/2731 1972/2733
f 1970/2731 1973/2734 1972/2733
f 1965/2726 1966/2727 1971/2732
f 1965/2726 1971/2732 1974/2735
f 1964/2725 1965/2726 1975/2736
f 1965/2726 1974/2735 1975/2736
f 1963/2724 1964/2725 1975/2736
f 1963/2724 1975/2736 1976/2737
f 1962/2723 1963/2724 1977/2738
f 1963/2724 1976/2737 1977/2738
f 1961/2722 1962/2723 1977/2738
f 1961/2722 1977/2738 1978/2739
f 1960/2721 1961/2722 1979/2740
f 1961/2722 1978/2739 1979/2740
f 1958/2719 1960/2721 1979/2740
f 1958/2719 1979/2740 1980/2741
f 1959/2720 1958/2719 1980/2741
f 1959/2720 1980/2741 1981/2742
f 1982/2743 1957/2718 1959/2720
f 1982/2743 1959/2720 1983/2744
f 1983/2744 1959/2720 1984/2745
f 1959/2720 1981/2742 1984/2745
f 1985/2746 1956/2717 1982/2743
f 1956/2717 1957/2718 1982/2743
f 1986/2747 1955/2715 1956/2716
f 1986/2747 1956/2716 1985/2748
f 1987/2749 1986/2747 1988/2750
f 1986/2747 1985/2748 1988/2750
f 1988/2751 1985/2746 1982/2743
f 1988/2751 1982/2743 1989/2752
f 1989/2752 1982/2743 1990/2753
f 1982/2743 1983/2744 1990/2753
f 1990/2753 1983/2744 1984/2745
f 1990/2753 1984/2745 1991/2754
f 1991/2754 1984/2745 1992/2755
f 1984/2745 1993/2756 1992/2755
f 1984/2745 1981/2742 1993/2756
f 1981/2742 1994/2757 1993/2756
f 1981/2742 1980/2741 1995/2758
f 1981/2742 1995/2758 1994/2757
f 1980/2741 1979/2740 1996/2759
f 1980/2741 1996/2759 1995/2758
f 1979/2740 1978/2739 1997/2760
f 1979/2740 1997/2760 1996/2759
f 1978/2739 1977/2738 1997/2760
f 1977/2738 1998/2761 1997/2760
f 1977/2738 1976/2737 1999/2762
f 1977/2738 1999/2762 1998/2761
f 1976/2737 1975/2736 1999/2762
f 1975/2736 2000/2763 1999/2762
f 1975/2736 1974/2735 2001/2764
f 1975/2736 2001/2764 2000/2763
f 1974/2735 1971/2732 2001/2764
f 1971/2732 2002/2765 2001/2764
f 2000/2763 2001/2764 2003/2766
f 2001/2764 2002/2765 2003/2766
f 1999/2762 2000/2763 2003/2766
f 1998/2761 1999/2762 2003/2766
f 1997/2760 1998/2761 2003/2766
f 1996/2759 1997/2760 2003/2766
f 1995/2758 1996/2759 2003/2766
f 1994/2757 1995/2758 2003/2766
f 1993/2756 1994/2757 2003/2766
f 1992/2755 1993/2756 2003/2766
f 2004/2767 1991/2754 1992/2755
f 2004/2767 1992/2755 2005/2768
f 2005/2768 1992/2755 2003/2766
f 2006/2769 1990/2753 2004/2767
f 1990/2753 1991/2754 2004/2767
f 2007/2770 1989/2752 1990/2753
f 2007/2770 1990/2753 2006/2769
f 2008/2771 1988/2751 2007/2770
f 1988/2751 1989/2752 2007/2770
f 2009/2772 1987/2749 1988/2750
f 2009/2772 1988/2750 2008/2773
f 2010/2774 2011/2775 2009/2772
f 2011/2775 1987/2749 2009/2772
f 2011/2775 2012/2776 1986/2747
f 2011/2775 1986/2747 1987/2749
f 2012/2776 1954/2714 1986/2747
f 1954/2714 1955/2715 1986/2747
f 2013/2777 2014/2778 2011/2775
f 2014/2778 2012/2776 2011/2775
f 2014/2778 1953/2713 1954/2714
f 2014/2778 1954/2714 2012/2776
f 2015/2779 2013/2777 2011/2775
f 2015/2779 2011/2775 2010/2774
f 2016/2780 2015/2779 2010/2774
f 2016/2780 2010/2774 2017/2781
f 2017/2781 2010/2774 2009/2772
f 2017/2781 2009/2772 2018/2782
f 2018/2782 2009/2772 2019/2783
f 2009/2772 2008/2773 2019/2783
f 2019/2784 2008/2771 2007/2770
f 2019/2784 2007/2770 2020/2785
f 2020/2785 2007/2770 2021/2786
f 2007/2770 2006/2769 2021/2786
f 2021/2786 2006/2769 2022/2787
f 2006/2769 2004/2767 2022/2787
f 2022/2787 2004/2767 2005/2768
f 2022/2787 2005/2768 2023/2788
f 2023/2788 2005/2768 2003/2766
f 2002/2765 2024/2789 2003/2766
f 2024/2789 2025/2790 2003/2766
f 2025/2790 2026/2791 2003/2766
f 2026/2791 2023/2788 2003/2766
f 1971/2732 1972/2733 2024/2789
f 1971/2732 2024/2789 2002/2765
f 1972/2733 1973/2734 2024/2789
f 1973/2734 2025/2790 2024/2789
f 1973/2734 2027/2792 2026/2791
f 1973/2734 2026/2791 2025/2790
f 2027/2792 2022/2787 2026/2791
f 2022/2787 2023/2788 2026/2791
f 2028/2793 2021/2786 2022/2787
f 2028/2793 2022/2787 2027/2792
f 2029/2794 2020/2785 2021/2786
f 2029/2794 2021/2786 2028/2793
f 2030/2795 2019/2784 2029/2794
f 2019/2784 2020/2785 2029/2794
f 2031/2796 2018/2782 2019/2783
f 2031/2796 2019/2783 2030/2797
f 2032/2798 2017/2781 2031/2796
f 2017/2781 2018/2782 2031/2796
f 2033/2799 2016/2780 2032/2798
f 2016/2780 2017/2781 2032/2798
f 2016/2780 2033/2799 1913/2664
f 2015/2779 2016/2780 1913/2664
f 2013/2777 2015/2779 1913/2664
f 2014/2778 2013/2777 1913/2664
f 1953/2713 2014/2778 1913/2664
f 2034/2800 1936/2687 1913/2664
f 2033/2799 2034/2800 1913/2664
f 2034/2800 2033/2799 2035/2801
f 2033/2799 2032/2798 2035/2801
f 2035/2801 2032/2798 2031/2796
f 2035/2801 2031/2796 2036/2802
f 2036/2802 2031/2796 1968/2803
f 2031/2796 2030/2797 1968/2803
f 1968/2729 2030/2795 2029/2794
f 1968/2729 2029/2794 1969/2730
f 1969/2730 2029/2794 1970/2731
f 2029/2794 2028/2793 1970/2731
f 1970/2731 2028/2793 2027/2792
f 1970/2731 2027/2792 1973/2734
f 1938/2689 2036/2802 1939/2690
f 2036/2802 1968/2803 1939/2690
f 1937/2688 2035/2801 2036/2802
f 1937/2688 2036/2802 1938/2689
f 1936/2687 2034/2800 2035/2801
f 1936/2687 2035/2801 1937/2688
f 2037/2804 2038/2805 2039/2806
f 2037/2804 2039/2806 2040/2807
f 2041/2808 2037/2804 2042/2809
f 2041/2808 2042/2809 2043/2810
f 2040/2807 2044/2811 2042/2809
f 2040/2807 2042/2809 2037/2804
f 2037/2804 2041/2808 2038/2805
f 2038/2812 2041/2813 2045/2814
f 2041/2813 2046/2815 2045/2814
f 2039/2816 2038/2812 2047/2817
f 2038/2812 2045/2814 2047/2817
f 2047/2817 2048/2818 2039/2816
f 2048/2818 2049/2819 2039/2816
f 2039/2816 2049/2819 2040/2820
f 2040/2820 2049/2819 2044/2821
f 2049/2819 2050/2822 2044/2821
f 2051/2823 2042/2824 2044/2821
f 2051/2823 2044/2821 2052/2825
f 2044/2821 2050/2822 2052/2825
f 2051/2823 2043/2826 2042/2824
f 2043/2826 2051/2823 2053/2827
f 2051/2823 2054/2828 2053/2827
f 2041/2829 2043/2826 2053/2827
f 2041/2829 2053/2827 2046/2830
f 2055/2831 2046/2832 2053/2833
f 2055/2831 2053/2833 2056/2834
f 2045/2835 2046/2832 2055/2831
f 2045/2835 2055/2831 2057/2836
f 2045/2835 2057/2836 2047/2837
f 2047/2837 2057/2836 2048/2838
f 2048/2838 2057/2836 2058/2839
f 2057/2836 2059/2840 2058/2839
f 2048/2818 2058/2841 2049/2819
f 2058/2841 2050/2822 2049/2819
f 2058/2841 2060/2842 2050/2822
f 2060/2842 2052/2825 2050/2822
f 2051/2823 2052/2825 2060/2842
f 2051/2823 2060/2842 2054/2828
f 2056/2834 2054/2843 2059/2840
f 2054/2843 2060/2844 2059/2840
f 2056/2834 2053/2833 2054/2843
f 2055/2831 2056/2834 2059/2840
f 2055/2831 2059/2840 2057/2836
f 2058/2839 2059/2840 2060/2844
f 2061/2845 2062/2846 2063/2847
f 2061/2845 2063/2847 2064/2848
f 2065/2849 2061/2845 2064/2848
f 2065/2849 2064/2848 2066/2850
f 2062/2846 2061/2845 2067/2851
f 2061/2845 2065/2849 2067/2851
f 2062/2846 2068/2852 2063/2847
f 2068/2852 2069/2853 2063/2847
f 2068/2852 2062/2846 2067/2851
f 2064/2848 2063/2847 2070/2854
f 2064/2848 2070/2854 2071/2855
f 2063/2847 2069/2853 2070/2854
f 2069/2853 2072/2856 2070/2854
f 2066/2850 2064/2848 2071/2855
f 2066/2850 2071/2855 2073/2857
f 2074/2858 2065/2859 2075/2860
f 2065/2859 2066/2861 2075/2860
f 2075/2862 2066/2850 2076/2863
f 2066/2850 2073/2857 2076/2863
f 2065/2859 2074/2858 2067/2864
f 2077/2865 2074/2858 2075/2860
f 2077/2865 2075/2860 2078/2866
f 2074/2858 2077/2865 2067/2864
f 2078/2866 2075/2860 2079/2867
f 2075/2860 2076/2868 2079/2867
f 2079/2867 2076/2868 2080/2869
f 2076/2868 2081/2870 2080/2869
f 2076/2863 2073/2857 2082/2871
f 2076/2863 2082/2871 2081/2872
f 2073/2857 2071/2855 2082/2871
f 2071/2855 2083/2873 2082/2871
f 2071/2855 2070/2854 2084/2874
f 2071/2855 2084/2874 2083/2873
f 2070/2854 2072/2856 2085/2875
f 2070/2854 2085/2875 2084/2874
f 2069/2853 2086/2876 2072/2856
f 2086/2876 2087/2877 2072/2856
f 2072/2856 2087/2877 2088/2878
f 2072/2856 2088/2878 2085/2875
f 2068/2852 2089/2879 2086/2876
f 2068/2852 2086/2876 2069/2853
f 2089/2879 2068/2852 2067/2851
f 2089/2879 2090/2880 2086/2876
f 2090/2880 2091/2881 2086/2876
f 2090/2880 2089/2879 2067/2851
f 2086/2876 2091/2881 2092/2882
f 2086/2876 2092/2882 2087/2877
f 2087/2877 2092/2882 2093/2883
f 2087/2877 2093/2883 2088/2878
f 2085/2875 2088/2878 2094/2884
f 2088/2878 2095/2885 2094/2884
f 2088/2878 2093/2883 2096/2886
f 2088/2878 2096/2886 2095/2885
f 2084/2874 2085/2875 2097/2887
f 2085/2875 2094/2884 2097/2887
f 2083/2873 2084/2874 2097/2887
f 2083/2873 2097/2887 2098/2888
f 2082/2871 2083/2873 2099/2889
f 2083/2873 2098/2888 2099/2889
f 2081/2870 2082/2890 2099/2891
f 2081/2870 2099/2891 2100/2892
f 2080/2869 2081/2870 2101/2893
f 2081/2870 2100/2892 2101/2893
f 2102/2894 2079/2867 2080/2869
f 2102/2894 2080/2869 2103/2895
f 2103/2895 2080/2869 2101/2893
f 2103/2895 2101/2893 2104/2896
f 2105/2897 2078/2866 2079/2867
f 2105/2897 2079/2867 2102/2894
f 2106/2898 2077/2865 2105/2897
f 2077/2865 2078/2866 2105/2897
f 2077/2865 2106/2898 2067/2864
f 2107/2899 2106/2898 2105/2897
f 2107/2899 2105/2897 2108/2900
f 2106/2898 2107/2899 2067/2864
f 2108/2900 2105/2897 2102/2894
f 2108/2900 2102/2894 2109/2901
f 2109/2901 2102/2894 2110/2902
f 2102/2894 2103/2895 2110/2902
f 2110/2902 2103/2895 2111/2903
f 2103/2895 2104/2896 2111/2903
f 2111/2903 2104/2896 2112/2904
f 2111/2903 2112/2904 2113/2905
f 2104/2896 2101/2893 2114/2906
f 2104/2896 2114/2906 2112/2904
f 2101/2893 2100/2892 2115/2907
f 2101/2893 2115/2907 2114/2906
f 2100/2892 2099/2891 2115/2907
f 2099/2891 2116/2908 2115/2907
f 2099/2889 2098/2888 2117/2909
f 2099/2889 2117/2909 2116/2910
f 2098/2888 2097/2887 2117/2909
f 2097/2887 2118/2911 2117/2909
f 2097/2887 2094/2884 2119/2912
f 2097/2887 2119/2912 2118/2911
f 2094/2884 2095/2885 2120/2913
f 2094/2884 2120/2913 2119/2912
f 2095/2885 2096/2886 2120/2913
f 2096/2886 2121/2914 2120/2913
f 2093/2883 2122/2915 2123/2916
f 2093/2883 2123/2916 2096/2886
f 2096/2886 2123/2916 2124/2917
f 2096/2886 2124/2917 2121/2914
f 2120/2913 2121/2914 2125/2918
f 2120/2913 2125/2918 2126/2919
f 2121/2914 2124/2917 2125/2918
f 2124/2917 2127/2920 2125/2918
f 2119/2912 2120/2913 2126/2919
f 2119/2912 2126/2919 2128/2921
f 2118/2911 2119/2912 2129/2922
f 2119/2912 2128/2921 2129/2922
f 2117/2909 2118/2911 2129/2922
f 2117/2909 2129/2922 2130/2923
f 2116/2910 2117/2909 2130/2923
f 2116/2910 2130/2923 2131/2924
f 2115/2907 2116/2908 2132/2925
f 2116/2908 2131/2926 2132/2925
f 2114/2906 2115/2907 2133/2927
f 2115/2907 2132/2925 2133/2927
f 2112/2904 2114/2906 2133/2927
f 2112/2904 2133/2927 2134/2928
f 2113/2905 2112/2904 2135/2929
f 2112/2904 2134/2928 2135/2929
f 2136/2930 2111/2903 2137/2931
f 2111/2903 2113/2905 2137/2931
f 2137/2931 2113/2905 2138/2932
f 2113/2905 2135/2929 2138/2932
f 2139/2933 2110/2902 2111/2903
f 2139/2933 2111/2903 2136/2930
f 2140/2934 2109/2901 2139/2933
f 2109/2901 2110/2902 2139/2933
f 2141/2935 2140/2934 2142/2936
f 2140/2934 2139/2933 2142/2936
f 2142/2936 2139/2933 2143/2937
f 2139/2933 2136/2930 2143/2937
f 2143/2937 2136/2930 2137/2931
f 2143/2937 2137/2931 2144/2938
f 2144/2938 2137/2931 2138/2932
f 2144/2938 2138/2932 2145/2939
f 2145/2939 2138/2932 2146/2940
f 2145/2939 2146/2940 2147/2941
f 2138/2932 2135/2929 2146/2940
f 2135/2929 2148/2942 2146/2940
f 2135/2929 2134/2928 2149/2943
f 2135/2929 2149/2943 2148/2942
f 2134/2928 2133/2927 2150/2944
f 2134/2928 2150/2944 2149/2943
f 2133/2927 2132/2925 2150/2944
f 2132/2925 2151/2945 2150/2944
f 2132/2946 2131/2924 2152/2947
f 2132/2946 2152/2947 2151/2948
f 2131/2924 2130/2923 2152/2947
f 2130/2923 2153/2949 2152/2947
f 2130/2923 2129/2922 2153/2949
f 2129/2922 2154/2950 2153/2949
f 2129/2922 2128/2921 2155/2951
f 2129/2922 2155/2951 2154/2950
f 2128/2921 2126/2919 2155/2951
f 2126/2919 2156/2952 2155/2951
f 2154/2950 2155/2951 2157/2953
f 2155/2951 2156/2952 2157/2953
f 2153/2949 2154/2950 2157/2953
f 2152/2947 2153/2949 2157/2953
f 2151/2948 2152/2947 2157/2953
f 2150/2944 2151/2945 2157/2954
f 2149/2943 2150/2944 2157/2954
f 2148/2942 2149/2943 2157/2954
f 2146/2940 2148/2942 2157/2954
f 2147/2941 2146/2940 2157/2954
f 2158/2955 2145/2939 2159/2956
f 2145/2939 2147/2941 2159/2956
f 2159/2956 2147/2941 2157/2954
f 2160/2957 2144/2938 2158/2955
f 2144/2938 2145/2939 2158/2955
f 2161/2958 2143/2937 2144/2938
f 2161/2958 2144/2938 2160/2957
f 2162/2959 2142/2936 2143/2937
f 2162/2959 2143/2937 2161/2958
f 2163/2960 2141/2935 2142/2936
f 2163/2960 2142/2936 2162/2959
f 2164/2961 2165/2962 2163/2960
f 2165/2962 2141/2935 2163/2960
f 2165/2962 2166/2963 2140/2934
f 2165/2962 2140/2934 2141/2935
f 2166/2963 2108/2900 2140/2934
f 2108/2900 2109/2901 2140/2934
f 2167/2964 2168/2965 2165/2962
f 2168/2965 2166/2963 2165/2962
f 2168/2965 2107/2899 2108/2900
f 2168/2965 2108/2900 2166/2963
f 2169/2966 2167/2964 2165/2962
f 2169/2966 2165/2962 2164/2961
f 2170/2967 2169/2966 2164/2961
f 2170/2967 2164/2961 2171/2968
f 2171/2968 2164/2961 2172/2969
f 2164/2961 2163/2960 2172/2969
f 2172/2969 2163/2960 2173/2970
f 2163/2960 2162/2959 2173/2970
f 2173/2970 2162/2959 2174/2971
f 2162/2959 2161/2958 2174/2971
f 2174/2971 2161/2958 2175/2972
f 2161/2958 2160/2957 2175/2972
f 2175/2972 2160/2957 2158/2955
f 2175/2972 2158/2955 2176/2973
f 2176/2973 2158/2955 2177/2974
f 2158/2955 2159/2956 2177/2974
f 2177/2975 2159/2976 2157/2953
f 2156/2952 2178/2977 2157/2953
f 2178/2977 2179/2978 2157/2953
f 2179/2978 2180/2979 2157/2953
f 2180/2979 2177/2975 2157/2953
f 2126/2919 2125/2918 2156/2952
f 2125/2918 2178/2977 2156/2952
f 2125/2918 2127/2920 2178/2977
f 2127/2920 2179/2978 2178/2977
f 2127/2920 2181/2980 2180/2979
f 2127/2920 2180/2979 2179/2978
f 2181/2980 2176/2981 2177/2975
f 2181/2980 2177/2975 2180/2979
f 2182/2982 2175/2983 2181/2980
f 2175/2983 2176/2981 2181/2980
f 2183/2984 2174/2985 2175/2983
f 2183/2984 2175/2983 2182/2982
f 2184/2986 2173/2987 2174/2985
f 2184/2986 2174/2985 2183/2984
f 2185/2988 2172/2989 2173/2987
f 2185/2988 2173/2987 2184/2986
f 2186/2990 2171/2968 2185/2991
f 2171/2968 2172/2969 2185/2991
f 2187/2992 2170/2967 2186/2990
f 2170/2967 2171/2968 2186/2990
f 2170/2967 2187/2992 2067/2864
f 2169/2966 2170/2967 2067/2864
f 2167/2964 2169/2966 2067/2864
f 2168/2965 2167/2964 2067/2864
f 2107/2899 2168/2965 2067/2864
f 2188/2993 2090/2880 2067/2851
f 2187/2994 2188/2993 2067/2851
f 2188/2993 2187/2994 2186/2995
f 2188/2993 2186/2995 2189/2996
f 2189/2996 2186/2995 2185/2988
f 2189/2996 2185/2988 2190/2997
f 2190/2997 2185/2988 2122/2915
f 2185/2988 2184/2986 2122/2915
f 2122/2915 2184/2986 2123/2916
f 2184/2986 2183/2984 2123/2916
f 2123/2916 2183/2984 2124/2917
f 2183/2984 2182/2982 2124/2917
f 2124/2917 2182/2982 2181/2980
f 2124/2917 2181/2980 2127/2920
f 2092/2882 2190/2997 2093/2883
f 2190/2997 2122/2915 2093/2883
f 2091/2881 2189/2996 2190/2997
f 2091/2881 2190/2997 2092/2882
f 2090/2880 2188/2993 2189/2996
f 2090/2880 2189/2996 2091/2881
f 2191/2998 2192/2999 2193/3000
f 2191/2998 2193/3000 2194/3001
f 2192/2999 2191/2998 2195/3002
f 2191/2998 2196/3003 2195/3002
f 2191/3004 2197/3005 2196/3006
f 2197/3005 2198/3007 2196/3006
f 2194/3001 2199/3008 2197/3009
f 2194/3001 2197/3009 2191/2998
f 2193/3010 2192/3011 2195/3012
f 2193/3010 2195/3012 2200/3013
f 2200/3013 2201/3014 2193/3010
f 2201/3014 2194/3015 2193/3010
f 2201/3014 2202/3016 2194/3015
f 2202/3016 2199/3017 2194/3015
f 2203/3018 2197/3009 2199/3008
f 2203/3018 2199/3008 2204/3019
f 2202/3016 2205/3020 2204/3021
f 2202/3016 2204/3021 2199/3017
f 2197/3005 2203/3022 2198/3007
f 2203/3022 2206/3023 2198/3007
f 2198/3007 2206/3023 2205/3020
f 2198/3007 2205/3020 2202/3016
f 2196/3003 2198/3024 2202/3025
f 2196/3003 2202/3025 2201/3026
f 2195/3002 2196/3003 2201/3026
f 2195/3002 2201/3026 2200/3027
f 2203/3022 2204/3021 2205/3020
f 2203/3022 2205/3020 2206/3023
f 2207/3028 2208/3029 2209/3030
f 2208/3029 2210/3031 2209/3030
f 2211/3032 2207/3028 2212/3033
f 2207/3028 2209/3030 2212/3033
f 2208/3029 2207/3028 2213/3034
f 2207/3028 2211/3032 2213/3034
f 2208/3029 2214/3035 2215/3036
f 2208/3029 2215/3036 2210/3031
f 2214/3035 2208/3029 2213/3034
f 2209/3030 2210/3031 2216/3037
f 2209/3030 2216/3037 2217/3038
f 2210/3031 2215/3036 2216/3037
f 2215/3036 2218/3039 2216/3037
f 2212/3033 2209/3030 2219/3040
f 2209/3030 2217/3038 2219/3040
f 2220/3041 2211/3032 2212/3033
f 2220/3041 2212/3033 2221/3042
f 2221/3042 2212/3033 2222/3043
f 2212/3033 2219/3040 2222/3043
f 2211/3032 2220/3041 2213/3034
f 2223/3044 2220/3041 2221/3042
f 2223/3044 2221/3042 2224/3045
f 2220/3041 2223/3044 2213/3034
f 2224/3045 2221/3042 2222/3043
f 2224/3045 2222/3043 2225/3046
f 2225/3046 2222/3043 2226/3047
f 2222/3043 2227/3048 2226/3047
f 2222/3043 2219/3040 2228/3049
f 2222/3043 2228/3049 2227/3048
f 2219/3040 2217/3038 2228/3049
f 2217/3038 2229/3050 2228/3049
f 2217/3038 2216/3037 2229/3050
f 2216/3037 2230/3051 2229/3050
f 2216/3037 2218/3039 2231/3052
f 2216/3037 2231/3052 2230/3051
f 2215/3036 2232/3053 2218/3039
f 2232/3053 2233/3054 2218/3039
f 2218/3039 2233/3054 2234/3055
f 2218/3039 2234/3055 2231/3052
f 2214/3035 2235/3056 2232/3053
f 2214/3035 2232/3053 2215/3036
f 2235/3056 2214/3035 2213/3034
f 2235/3056 2236/3057 2232/3053
f 2236/3057 2237/3058 2232/3053
f 2236/3057 2235/3056 2213/3034
f 2232/3053 2237/3058 2233/3054
f 2237/3058 2238/3059 2233/3054
f 2233/3054 2238/3059 2239/3060
f 2233/3054 2239/3060 2234/3055
f 2231/3052 2234/3055 2240/3061
f 2231/3052 2240/3061 2241/3062
f 2234/3055 2239/3060 2242/3063
f 2234/3055 2242/3063 2240/3061
f 2230/3051 2231/3052 2241/3062
f 2230/3051 2241/3062 2243/3064
f 2229/3050 2230/3051 2244/3065
f 2230/3051 2243/3064 2244/3065
f 2228/3049 2229/3050 2244/3065
f 2228/3049 2244/3065 2245/3066
f 2227/3048 2228/3049 2245/3066
f 2227/3048 2245/3066 2246/3067
f 2226/3047 2227/3048 2247/3068
f 2227/3048 2246/3067 2247/3068
f 2248/3069 2225/3070 2226/3071
f 2248/3069 2226/3071 2249/3072
f 2249/3072 2226/3071 2247/3073
f 2249/3072 2247/3073 2250/3074
f 2251/3075 2224/3076 2248/3069
f 2224/3076 2225/3070 2248/3069
f 2252/3077 2223/3044 2251/3078
f 2223/3044 2224/3045 2251/3078
f 2223/3044 2252/3077 2213/3034
f 2253/3079 2252/3080 2254/3081
f 2252/3080 2251/3075 2254/3081
f 2252/3080 2253/3079 2213/3082
f 2254/3081 2251/3075 2248/3069
f 2254/3081 2248/3069 2255/3083
f 2255/3083 2248/3069 2256/3084
f 2248/3069 2249/3072 2256/3084
f 2256/3084 2249/3072 2257/3085
f 2249/3072 2250/3074 2257/3085
f 2257/3085 2250/3074 2258/3086
f 2257/3085 2258/3086 2259/3087
f 2250/3074 2247/3073 2260/3088
f 2250/3074 2260/3088 2258/3086
f 2247/3068 2246/3067 2260/3089
f 2246/3067 2261/3090 2260/3089
f 2246/3067 2245/3066 2262/3091
f 2246/3067 2262/3091 2261/3090
f 2245/3066 2244/3065 2262/3091
f 2244/3065 2263/3092 2262/3091
f 2244/3065 2243/3064 2264/3093
f 2244/3065 2264/3093 2263/3092
f 2243/3064 2241/3062 2264/3093
f 2241/3062 2265/3094 2264/3093
f 2241/3062 2240/3061 2266/3095
f 2241/3062 2266/3095 2265/3094
f 2240/3061 2242/3063 2266/3095
f 2242/3063 2267/3096 2266/3095
f 2239/3060 2268/3097 2242/3063
f 2268/3097 2269/3098 2242/3063
f 2242/3099 2269/3100 2270/3101
f 2242/3099 2270/3101 2267/3102
f 2266/3103 2267/3102 2271/3104
f 2266/3103 2271/3104 2272/3105
f 2267/3102 2270/3101 2273/3106
f 2267/3102 2273/3106 2271/3104
f 2265/3107 2266/3103 2274/3108
f 2266/3103 2272/3105 2274/3108
f 2264/3093 2265/3094 2275/3109
f 2265/3094 2274/3110 2275/3109
f 2263/3092 2264/3093 2275/3109
f 2263/3092 2275/3109 2276/3111
f 2262/3091 2263/3092 2276/3111
f 2262/3091 2276/3111 2277/3112
f 2261/3090 2262/3091 2278/3113
f 2262/3091 2277/3112 2278/3113
f 2260/3089 2261/3090 2279/3114
f 2261/3090 2278/3113 2279/3114
f 2258/3086 2260/3088 2279/3115
f 2258/3086 2279/3115 2280/3116
f 2259/3087 2258/3086 2280/3116
f 2259/3087 2280/3116 2281/3117
f 2282/3118 2257/3085 2283/3119
f 2257/3085 2259/3087 2283/3119
f 2283/3119 2259/3087 2284/3120
f 2259/3087 2281/3117 2284/3120
f 2285/3121 2256/3084 2257/3085
f 2285/3121 2257/3085 2282/3118
f 2286/3122 2255/3083 2256/3084
f 2286/3122 2256/3084 2285/3121
f 2287/3123 2286/3122 2288/3124
f 2286/3122 2285/3121 2288/3124
f 2288/3124 2285/3121 2289/3125
f 2285/3121 2282/3118 2289/3125
f 2289/3125 2282/3118 2290/3126
f 2282/3118 2283/3119 2290/3126
f 2290/3126 2283/3119 2291/3127
f 2283/3119 2284/3120 2291/3127
f 2291/3127 2284/3120 2292/3128
f 2284/3120 2293/3129 2292/3128
f 2284/3120 2281/3117 2293/3129
f 2281/3117 2294/3130 2293/3129
f 2281/3117 2280/3116 2294/3130
f 2280/3116 2295/3131 2294/3130
f 2280/3132 2279/3114 2296/3133
f 2280/3132 2296/3133 2295/3134
f 2279/3114 2278/3113 2297/3135
f 2279/3114 2297/3135 2296/3133
f 2278/3113 2277/3112 2298/3136
f 2278/3113 2298/3136 2297/3135
f 2277/3112 2276/3111 2298/3136
f 2276/3111 2299/3137 2298/3136
f 2276/3111 2275/3109 2299/3137
f 2275/3109 2300/3138 2299/3137
f 2275/3109 2274/3110 2301/3139
f 2275/3109 2301/3139 2300/3138
f 2274/3108 2272/3105 2301/3140
f 2272/3105 2302/3141 2301/3140
f 2300/3138 2301/3139 2303/3142
f 2301/3140 2302/3141 2303/3143
f 2299/3137 2300/3138 2303/3142
f 2298/3136 2299/3137 2303/3142
f 2297/3135 2298/3136 2303/3142
f 2296/3133 2297/3135 2303/3142
f 2295/3131 2296/3144 2303/3143
f 2294/3130 2295/3131 2303/3143
f 2293/3129 2294/3130 2303/3143
f 2292/3128 2293/3129 2303/3143
f 2304/3145 2291/3127 2292/3128
f 2304/3145 2292/3128 2305/3146
f 2305/3146 2292/3128 2303/3143
f 2306/3147 2290/3126 2304/3145
f 2290/3126 2291/3127 2304/3145
f 2307/3148 2289/3125 2290/3126
f 2307/3148 2290/3126 2306/3147
f 2308/3149 2288/3124 2307/3148
f 2288/3124 2289/3125 2307/3148
f 2309/3150 2287/3123 2308/3149
f 2287/3123 2288/3124 2308/3149
f 2310/3151 2311/3152 2309/3150
f 2311/3152 2287/3123 2309/3150
f 2311/3152 2312/3153 2286/3122
f 2311/3152 2286/3122 2287/3123
f 2312/3153 2254/3081 2286/3122
f 2254/3081 2255/3083 2286/3122
f 2313/3154 2314/3155 2312/3153
f 2313/3154 2312/3153 2311/3152
f 2314/3155 2253/3079 2254/3081
f 2314/3155 2254/3081 2312/3153
f 2315/3156 2313/3154 2311/3152
f 2315/3156 2311/3152 2310/3151
f 2316/3157 2315/3156 2317/3158
f 2315/3156 2310/3151 2317/3158
f 2317/3158 2310/3151 2309/3150
f 2317/3158 2309/3150 2318/3159
f 2318/3159 2309/3150 2319/3160
f 2309/3150 2308/3149 2319/3160
f 2319/3160 2308/3149 2307/3148
f 2319/3160 2307/3148 2320/3161
f 2320/3161 2307/3148 2321/3162
f 2307/3148 2306/3147 2321/3162
f 2321/3162 2306/3147 2304/3145
f 2321/3162 2304/3145 2322/3163
f 2322/3163 2304/3145 2323/3164
f 2304/3145 2305/3146 2323/3164
f 2323/3164 2305/3146 2303/3143
f 2302/3141 2324/3165 2303/3143
f 2324/3165 2325/3166 2303/3143
f 2325/3166 2326/3167 2303/3143
f 2326/3167 2323/3164 2303/3143
f 2272/3105 2271/3104 2302/3141
f 2271/3104 2324/3165 2302/3141
f 2271/3104 2273/3106 2325/3166
f 2271/3104 2325/3166 2324/3165
f 2273/3106 2327/3168 2326/3167
f 2273/3106 2326/3167 2325/3166
f 2327/3168 2322/3163 2323/3164
f 2327/3168 2323/3164 2326/3167
f 2328/3169 2321/3162 2327/3168
f 2321/3162 2322/3163 2327/3168
f 2329/3170 2320/3161 2321/3162
f 2329/3170 2321/3162 2328/3169
f 2330/3171 2319/3160 2320/3161
f 2330/3171 2320/3161 2329/3170
f 2331/3172 2318/3159 2319/3160
f 2331/3172 2319/3160 2330/3171
f 2332/3173 2317/3158 2318/3159
f 2332/3173 2318/3159 2331/3172
f 2333/3174 2316/3157 2317/3158
f 2333/3174 2317/3158 2332/3173
f 2316/3157 2333/3174 2213/3082
f 2315/3156 2316/3157 2213/3082
f 2313/3154 2315/3156 2213/3082
f 2314/3155 2313/3154 2213/3082
f 2253/3079 2314/3155 2213/3082
f 2334/3175 2236/3057 2213/3034
f 2333/3176 2334/3175 2213/3034
f 2334/3175 2333/3176 2335/3177
f 2333/3176 2332/3178 2335/3177
f 2335/3177 2332/3178 2336/3179
f 2332/3178 2331/3180 2336/3179
f 2336/3181 2331/3172 2330/3171
f 2336/3181 2330/3171 2268/3182
f 2268/3182 2330/3171 2329/3170
f 2268/3182 2329/3170 2269/3100
f 2269/3100 2329/3170 2270/3101
f 2329/3170 2328/3169 2270/3101
f 2270/3101 2328/3169 2273/3106
f 2328/3169 2327/3168 2273/3106
f 2238/3059 2336/3179 2239/3060
f 2336/3179 2268/3097 2239/3060
f 2237/3058 2335/3177 2336/3179
f 2237/3058 2336/3179 2238/3059
f 2236/3057 2334/3175 2237/3058
f 2334/3175 2335/3177 2237/3058
f 2337/3183 2338/3184 2339/3185
f 2337/3183 2339/3185 2340/3186
f 2338/3184 2337/3183 2341/3187
f 2338/3184 2341/3187 2342/3188
f 2337/3189 2343/3190 2344/3191
f 2337/3189 2344/3191 2341/3192
f 2340/3186 2345/3193 2337/3183
f 2345/3193 2343/3194 2337/3183
f 2339/3195 2338/3196 2346/3197
f 2338/3196 2342/3198 2346/3197
f 2346/3197 2347/3199 2340/3200
f 2346/3197 2340/3200 2339/3195
f 2347/3199 2348/3201 2345/3202
f 2347/3199 2345/3202 2340/3200
f 2349/3203 2343/3194 2345/3193
f 2349/3203 2345/3193 2350/3204
f 2348/3201 2351/3205 2345/3202
f 2351/3205 2350/3206 2345/3202
f 2343/3190 2349/3207 2352/3208
f 2343/3190 2352/3208 2344/3191
f 2344/3191 2352/3208 2348/3201
f 2352/3208 2351/3205 2348/3201
f 2341/3187 2344/3209 2347/3210
f 2344/3209 2348/3211 2347/3210
f 2342/3188 2341/3187 2346/3212
f 2341/3187 2347/3210 2346/3212
f 2349/3207 2350/3206 2351/3205
f 2349/3207 2351/3205 2352/3208
f 2353/3213 2354/3214 2355/3215
f 2354/3214 2356/3216 2355/3215
f 2357/3217 2353/3213 2355/3215
f 2357/3217 2355/3215 2358/3218
f 2354/3214 2353/3213 2359/3219
f 2353/3213 2357/3217 2359/3219
f 2354/3214 2360/3220 2356/3216
f 2360/3220 2361/3221 2356/3216
f 2360/3220 2354/3214 2359/3219
f 2355/3222 2356/3223 2362/3224
f 2356/3223 2363/3225 2362/3224
f 2356/3223 2361/3226 2364/3227
f 2356/3223 2364/3227 2363/3225
f 2358/3218 2355/3215 2365/3228
f 2355/3215 2362/3229 2365/3228
f 2366/3230 2357/3217 2367/3231
f 2357/3217 2358/3218 2367/3231
f 2367/3231 2358/3218 2365/3228
f 2367/3231 2365/3228 2368/3232
f 2357/3217 2366/3230 2359/3219
f 2369/3233 2366/3230 2367/3231
f 2369/3233 2367/3231 2370/3234
f 2366/3230 2369/3233 2359/3219
f 2370/3234 2367/3231 2368/3232
f 2370/3234 2368/3232 2371/3235
f 2371/3235 2368/3232 2372/3236
f 2371/3235 2372/3236 2373/3237
f 2368/3238 2365/3239 2374/3240
f 2368/3238 2374/3240 2372/3241
f 2365/3239 2362/3224 2375/3242
f 2365/3239 2375/3242 2374/3240
f 2362/3224 2363/3225 2375/3242
f 2363/3225 2376/3243 2375/3242
f 2363/3225 2364/3227 2377/3244
f 2363/3225 2377/3244 2376/3243
f 2361/3221 2378/3245 2364/3246
f 2378/3245 2379/3247 2364/3246
f 2364/3227 2379/3248 2380/3249
f 2364/3227 2380/3249 2377/3244
f 2360/3220 2381/3250 2361/3221
f 2381/3250 2378/3245 2361/3221
f 2381/3250 2360/3220 2359/3219
f 2381/3250 2382/3251 2378/3245
f 2382/3251 2383/3252 2378/3245
f 2382/3251 2381/3250 2359/3219
f 2378/3245 2383/3252 2384/3253
f 2378/3245 2384/3253 2379/3247
f 2379/3248 2384/3254 2380/3249
f 2384/3254 2385/3255 2380/3249
f 2377/3244 2380/3249 2386/3256
f 2380/3249 2387/3257 2386/3256
f 2380/3249 2385/3255 2387/3257
f 2385/3255 2388/3258 2387/3257
f 2376/3243 2377/3244 2386/3256
f 2376/3243 2386/3256 2389/3259
f 2375/3242 2376/3243 2389/3259
f 2375/3242 2389/3259 2390/3260
f 2374/3240 2375/3242 2391/3261
f 2375/3242 2390/3260 2391/3261
f 2372/3241 2374/3240 2392/3262
f 2374/3240 2391/3261 2392/3262
f 2373/3263 2372/3241 2392/3262
f 2373/3263 2392/3262 2393/3264
f 2394/3265 2371/3235 2395/3266
f 2371/3235 2373/3237 2395/3266
f 2395/3266 2373/3237 2396/3267
f 2373/3237 2393/3268 2396/3267
f 2397/3269 2370/3234 2371/3235
f 2397/3269 2371/3235 2394/3265
f 2398/3270 2369/3233 2370/3234
f 2398/3270 2370/3234 2397/3269
f 2369/3233 2398/3270 2359/3219
f 2399/3271 2398/3270 2397/3269
f 2399/3271 2397/3269 2400/3272
f 2398/3270 2399/3271 2359/3219
f 2400/3272 2397/3269 2401/3273
f 2397/3269 2394/3265 2401/3273
f 2401/3273 2394/3265 2395/3266
f 2401/3273 2395/3266 2402/3274
f 2402/3274 2395/3266 2403/3275
f 2395/3266 2396/3267 2403/3275
f 2403/3275 2396/3267 2404/3276
f 2396/3267 2405/3277 2404/3276
f 2396/3278 2393/3264 2406/3279
f 2396/3278 2406/3279 2405/3280
f 2393/3264 2392/3262 2406/3279
f 2392/3262 2407/3281 2406/3279
f 2392/3262 2391/3261 2408/3282
f 2392/3262 2408/3282 2407/3281
f 2391/3261 2390/3260 2408/3282
f 2390/3260 2409/3283 2408/3282
f 2390/3260 2389/3259 2410/3284
f 2390/3260 2410/3284 2409/3283
f 2389/3259 2386/3256 2410/3284
f 2386/3256 2411/3285 2410/3284
f 2386/3256 2387/3257 2412/3286
f 2386/3256 2412/3286 2411/3285
f 2387/3257 2388/3258 2412/3286
f 2388/3258 2413/3287 2412/3286
f 2385/3255 2414/3288 2388/3258
f 2414/3288 2415/3289 2388/3258
f 2388/3258 2415/3289 2413/3287
f 2415/3289 2416/3290 2413/3287
f 2412/3286 2413/3287 2417/3291
f 2412/3286 2417/3291 2418/3292
f 2413/3287 2416/3290 2419/3293
f 2413/3287 2419/3293 2417/3291
f 2411/3285 2412/3286 2420/3294
f 2412/3286 2418/3292 2420/3294
f 2410/3284 2411/3285 2421/3295
f 2411/3285 2420/3294 2421/3295
f 2409/3283 2410/3284 2421/3295
f 2409/3283 2421/3295 2422/3296
f 2408/3282 2409/3283 2423/3297
f 2409/3283 2422/3296 2423/3297
f 2407/3281 2408/3282 2423/3297
f 2407/3281 2423/3297 2424/3298
f 2406/3279 2407/3281 2424/3298
f 2406/3279 2424/3298 2425/3299
f 2405/3280 2406/3279 2425/3299
f 2405/3280 2425/3299 2426/3300
f 2404/3301 2405/3280 2426/3300
f 2404/3301 2426/3300 2427/3302
f 2428/3303 2403/3304 2429/3305
f 2403/3304 2404/3301 2429/3305
f 2429/3305 2404/3301 2430/3306
f 2404/3301 2427/3302 2430/3306
f 2431/3307 2402/3274 2403/3275
f 2431/3307 2403/3275 2428/3308
f 2432/3309 2401/3273 2431/3307
f 2401/3273 2402/3274 2431/3307
f 2433/3310 2432/3309 2431/3307
f 2433/3310 2431/3307 2434/3311
f 2434/3312 2431/3313 2435/3314
f 2431/3313 2428/3303 2435/3314
f 2435/3314 2428/3303 2429/3305
f 2435/3314 2429/3305 2436/3315
f 2436/3315 2429/3305 2430/3306
f 2436/3315 2430/3306 2437/3316
f 2437/3316 2430/3306 2438/3317
f 2437/3316 2438/3317 2439/3318
f 2430/3306 2427/3302 2438/3317
f 2427/3302 2440/3319 2438/3317
f 2427/3302 2426/3300 2441/3320
f 2427/3302 2441/3320 2440/3319
f 2426/3300 2425/3299 2442/3321
f 2426/3300 2442/3321 2441/3320
f 2425/3299 2424/3298 2442/3321
f 2424/3298 2443/3322 2442/3321
f 2424/3298 2423/3297 2443/3322
f 2423/3297 2444/3323 2443/3322
f 2423/3297 2422/3296 2445/3324
f 2423/3297 2445/3324 2444/3323
f 2422/3296 2421/3295 2446/3325
f 2422/3296 2446/3325 2445/3324
f 2421/3295 2420/3294 2447/3326
f 2421/3295 2447/3326 2446/3325
f 2420/3294 2418/3292 2447/3326
f 2418/3292 2448/3327 2447/3326
f 2446/3325 2447/3326 2449/3328
f 2447/3326 2448/3327 2449/3328
f 2445/3324 2446/3325 2449/3328
f 2444/3323 2445/3324 2449/3328
f 2443/3322 2444/3323 2449/3328
f 2442/3321 2443/3322 2449/3328
f 2441/3320 2442/3321 2449/3328
f 2440/3319 2441/3320 2449/3328
f 2438/3317 2440/3319 2449/3328
f 2439/3318 2438/3317 2449/3328
f 2450/3329 2437/3316 2451/3330
f 2437/3316 2439/3318 2451/3330
f 2451/3330 2439/3318 2449/3328
f 2452/3331 2436/3315 2437/3316
f 2452/3331 2437/3316 2450/3329
f 2453/3332 2435/3314 2452/3331
f 2435/3314 2436/3315 2452/3331
f 2454/3333 2434/3312 2453/3332
f 2434/3312 2435/3314 2453/3332
f 2455/3334 2433/3310 2454/3335
f 2433/3310 2434/3311 2454/3335
f 2456/3336 2457/3337 2433/3310
f 2456/3336 2433/3310 2455/3334
f 2457/3337 2458/3338 2433/3310
f 2458/3338 2432/3309 2433/3310
f 2458/3338 2400/3272 2401/3273
f 2458/3338 2401/3273 2432/3309
f 2459/3339 2460/3340 2457/3337
f 2460/3340 2458/3338 2457/3337
f 2460/3340 2399/3271 2400/3272
f 2460/3340 2400/3272 2458/3338
f 2461/3341 2459/3339 2456/3336
f 2459/3339 2457/3337 2456/3336
f 2462/3342 2461/3341 2456/3336
f 2462/3342 2456/3336 2463/3343
f 2463/3343 2456/3336 2455/3334
f 2463/3343 2455/3334 2464/3344
f 2464/3344 2455/3334 2465/3345
f 2455/3334 2454/3335 2465/3345
f 2465/3346 2454/3333 2453/3332
f 2465/3346 2453/3332 2466/3347
f 2466/3347 2453/3332 2467/3348
f 2453/3332 2452/3331 2467/3348
f 2467/3348 2452/3331 2468/3349
f 2452/3331 2450/3329 2468/3349
f 2468/3349 2450/3329 2469/3350
f 2450/3329 2451/3330 2469/3350
f 2469/3350 2451/3330 2449/3328
f 2448/3327 2470/3351 2449/3328
f 2470/3351 2471/3352 2449/3328
f 2471/3352 2472/3353 2449/3328
f 2472/3353 2469/3350 2449/3328
f 2418/3292 2417/3291 2448/3327
f 2417/3291 2470/3351 2448/3327
f 2417/3291 2419/3293 2471/3352
f 2417/3291 2471/3352 2470/3351
f 2419/3293 2473/3354 2472/3353
f 2419/3293 2472/3353 2471/3352
f 2473/3354 2468/3349 2469/3350
f 2473/3354 2469/3350 2472/3353
f 2474/3355 2467/3348 2468/3349
f 2474/3355 2468/3349 2473/3354
f 2475/3356 2466/3347 2474/3355
f 2466/3347 2467/3348 2474/3355
f 2476/3357 2465/3346 2466/3347
f 2476/3357 2466/3347 2475/3356
f 2477/3358 2464/3344 2465/3345
f 2477/3358 2465/3345 2476/3359
f 2478/3360 2463/3343 2464/3344
f 2478/3360 2464/3344 2477/3358
f 2479/3361 2462/3342 2478/3360
f 2462/3342 2463/3343 2478/3360
f 2462/3342 2479/3361 2359/3219
f 2461/3341 2462/3342 2359/3219
f 2459/3339 2461/3341 2359/3219
f 2460/3340 2459/3339 2359/3219
f 2399/3271 2460/3340 2359/3219
f 2480/3362 2382/3251 2359/3219
f 2479/3361 2480/3362 2359/3219
f 2480/3362 2479/3361 2478/3360
f 2480/3362 2478/3360 2481/3363
f 2481/3363 2478/3360 2482/3364
f 2478/3360 2477/3358 2482/3364
f 2482/3364 2477/3358 2476/3359
f 2482/3364 2476/3359 2414/3365
f 2414/3365 2476/3359 2475/3366
f 2414/3365 2475/3366 2415/3367
f 2415/3289 2475/3356 2474/3355
f 2415/3289 2474/3355 2416/3290
f 2416/3290 2474/3355 2419/3293
f 2474/3355 2473/3354 2419/3293
f 2384/3253 2482/3364 2385/3368
f 2482/3364 2414/3365 2385/3368
f 2383/3252 2481/3363 2482/3364
f 2383/3252 2482/3364 2384/3253
f 2382/3251 2480/3362 2383/3252
f 2480/3362 2481/3363 2383/3252
f 2483/3369 2484/3370 2485/3371
f 2483/3369 2485/3371 2486/3372
f 2487/3373 2483/3374 2488/3375
f 2487/3373 2488/3375 2489/3376
f 2486/3377 2490/3378 2483/3374
f 2490/3378 2488/3375 2483/3374
f 2483/3369 2487/3379 2484/3370
f 2484/3370 2487/3379 2491/3380
f 2484/3370 2491/3380 2492/3381
f 2485/3371 2484/3370 2492/3381
f 2485/3371 2492/3381 2493/3382
f 2493/3382 2494/3383 2486/3372
f 2493/3382 2486/3372 2485/3371
f 2494/3383 2495/3384 2490/3385
f 2494/3383 2490/3385 2486/3372
f 2496/3386 2488/3375 2497/3387
f 2488/3375 2490/3378 2497/3387
f 2495/3384 2498/3388 2490/3385
f 2498/3388 2497/3389 2490/3385
f 2496/3386 2489/3376 2488/3375
f 2489/3390 2496/3391 2499/3392
f 2489/3390 2499/3392 2500/3393
f 2487/3379 2489/3390 2500/3393
f 2487/3379 2500/3393 2491/3380
f 2492/3394 2491/3395 2501/3396
f 2492/3394 2501/3396 2493/3397
f 2491/3395 2500/3398 2501/3396
f 2500/3398 2502/3399 2501/3396
f 2493/3397 2501/3396 2494/3400
f 2494/3400 2501/3396 2502/3399
f 2494/3400 2502/3399 2495/3401
f 2495/3401 2502/3399 2498/3402
f 2500/3393 2499/3392 2502/3403
f 2499/3392 2498/3404 2502/3403
f 2496/3391 2497/3405 2498/3404
f 2496/3391 2498/3404 2499/3392
f 2503/3406 2504/3407 2505/3408
f 2504/3407 2506/3409 2505/3408
f 2507/3410 2503/3406 2508/3411
f 2503/3406 2505/3408 2508/3411
f 2504/3407 2503/3406 2509/3412
f 2503/3406 2507/3410 2509/3412
f 2504/3407 2510/3413 2511/3414
f 2504/3407 2511/3414 2506/3409
f 2510/3413 2504/3407 2509/3412
f 2505/3408 2506/3409 2512/3415
f 2505/3408 2512/3415 2513/3416
f 2506/3417 2511/3418 2514/3419
f 2506/3417 2514/3419 2512/3420
f 2508/3411 2505/3408 2515/3421
f 2505/3408 2513/3416 2515/3421
f 2516/3422 2507/3410 2508/3411
f 2516/3422 2508/3411 2517/3423
f 2517/3423 2508/3411 2518/3424
f 2508/3411 2515/3421 2518/3424
f 2507/3410 2516/3422 2509/3412
f 2519/3425 2516/3422 2520/3426
f 2516/3422 2517/3423 2520/3426
f 2516/3422 2519/3425 2509/3412
f 2520/3426 2517/3423 2518/3424
f 2520/3426 2518/3424 2521/3427
f 2521/3428 2518/3429 2522/3430
f 2518/3429 2523/3431 2522/3430
f 2518/3429 2515/3432 2524/3433
f 2518/3429 2524/3433 2523/3431
f 2515/3432 2513/3434 2525/3435
f 2515/3432 2525/3435 2524/3433
f 2513/3434 2512/3420 2526/3436
f 2513/3434 2526/3436 2525/3435
f 2512/3420 2514/3419 2527/3437
f 2512/3420 2527/3437 2526/3436
f 2511/3418 2528/3438 2514/3419
f 2528/3438 2529/3439 2514/3419
f 2514/3419 2529/3439 2530/3440
f 2514/3419 2530/3440 2527/3437
f 2510/3413 2531/3441 2528/3442
f 2510/3413 2528/3442 2511/3414
f 2531/3441 2510/3413 2509/3412
f 2531/3441 2532/3443 2533/3444
f 2531/3441 2533/3444 2528/3442
f 2532/3443 2531/3441 2509/3412
f 2528/3442 2533/3444 2529/3445
f 2533/3444 2534/3446 2529/3445
f 2529/3439 2534/3447 2535/3448
f 2529/3439 2535/3448 2530/3440
f 2527/3437 2530/3440 2536/3449
f 2530/3440 2537/3450 2536/3449
f 2530/3440 2535/3448 2537/3450
f 2535/3448 2538/3451 2537/3450
f 2526/3436 2527/3437 2539/3452
f 2527/3437 2536/3449 2539/3452
f 2525/3435 2526/3436 2539/3452
f 2525/3435 2539/3452 2540/3453
f 2524/3433 2525/3435 2540/3453
f 2524/3433 2540/3453 2541/3454
f 2523/3431 2524/3433 2541/3454
f 2523/3431 2541/3454 2542/3455
f 2522/3430 2523/3431 2543/3456
f 2523/3431 2542/3455 2543/3456
f 2544/3457 2521/3427 2522/3458
f 2544/3457 2522/3458 2545/3459
f 2545/3459 2522/3458 2543/3460
f 2545/3459 2543/3460 2546/3461
f 2547/3462 2520/3426 2544/3457
f 2520/3426 2521/3427 2544/3457
f 2548/3463 2519/3425 2547/3462
f 2519/3425 2520/3426 2547/3462
f 2519/3425 2548/3463 2509/3412
f 2549/3464 2548/3463 2547/3462
f 2549/3464 2547/3462 2550/3465
f 2548/3463 2549/3464 2509/3412
f 2550/3465 2547/3462 2551/3466
f 2547/3462 2544/3457 2551/3466
f 2551/3466 2544/3457 2552/3467
f 2544/3457 2545/3459 2552/3467
f 2552/3467 2545/3459 2553/3468
f 2545/3459 2546/3461 2553/3468
f 2553/3468 2546/3461 2554/3469
f 2546/3461 2555/3470 2554/3469
f 2546/3461 2543/3460 2555/3470
f 2543/3460 2556/3471 2555/3470
f 2543/3456 2542/3455 2557/3472
f 2543/3456 2557/3472 2556/3473
f 2542/3455 2541/3454 2557/3472
f 2541/3454 2558/3474 2557/3472
f 2541/3454 2540/3453 2558/3474
f 2540/3453 2559/3475 2558/3474
f 2540/3453 2539/3452 2559/3475
f 2539/3452 2560/3476 2559/3475
f 2539/3452 2536/3449 2561/3477
f 2539/3452 2561/3477 2560/3476
f 2536/3449 2537/3450 2562/3478
f 2536/3449 2562/3478 2561/3477
f 2537/3450 2538/3451 2563/3479
f 2537/3450 2563/3479 2562/3478
f 2535/3448 2564/3480 2565/3481
f 2535/3448 2565/3481 2538/3451
f 2538/3451 2565/3481 2563/3479
f 2565/3481 2566/3482 2563/3479
f 2562/3478 2563/3479 2567/3483
f 2563/3479 2568/3484 2567/3483
f 2563/3479 2566/3482 2569/3485
f 2563/3479 2569/3485 2568/3484
f 2561/3477 2562/3478 2570/3486
f 2562/3478 2567/3483 2570/3486
f 2560/3476 2561/3477 2571/3487
f 2561/3477 2570/3486 2571/3487
f 2559/3475 2560/3476 2571/3487
f 2559/3475 2571/3487 2572/3488
f 2558/3474 2559/3475 2573/3489
f 2559/3475 2572/3488 2573/3489
f 2557/3472 2558/3474 2573/3489
f 2557/3472 2573/3489 2574/3490
f 2556/3473 2557/3472 2575/3491
f 2557/3472 2574/3490 2575/3491
f 2555/3492 2556/3473 2575/3491
f 2555/3492 2575/3491 2576/3493
f 2554/3494 2555/3492 2577/3495
f 2555/3492 2576/3493 2577/3495
f 2578/3496 2553/3468 2554/3469
f 2578/3496 2554/3469 2579/3497
f 2579/3498 2554/3494 2577/3495
f 2579/3498 2577/3495 2580/3499
f 2581/3500 2552/3467 2553/3468
f 2581/3500 2553/3468 2578/3496
f 2582/3501 2551/3466 2552/3467
f 2582/3501 2552/3467 2581/3500
f 2583/3502 2582/3501 2584/3503
f 2582/3501 2581/3500 2584/3503
f 2584/3503 2581/3500 2585/3504
f 2581/3500 2578/3496 2585/3504
f 2585/3504 2578/3496 2586/3505
f 2578/3496 2579/3497 2586/3505
f 2586/3506 2579/3498 2587/3507
f 2579/3498 2580/3499 2587/3507
f 2587/3507 2580/3499 2588/3508
f 2580/3499 2589/3509 2588/3508
f 2580/3499 2577/3495 2589/3509
f 2577/3495 2590/3510 2589/3509
f 2577/3495 2576/3493 2591/3511
f 2577/3495 2591/3511 2590/3510
f 2576/3493 2575/3491 2592/3512
f 2576/3493 2592/3512 2591/3511
f 2575/3491 2574/3490 2593/3513
f 2575/3491 2593/3513 2592/3512
f 2574/3490 2573/3489 2593/3513
f 2573/3489 2594/3514 2593/3513
f 2573/3489 2572/3488 2594/3514
f 2572/3488 2595/3515 2594/3514
f 2572/3488 2571/3487 2595/3515
f 2571/3487 2596/3516 2595/3515
f 2571/3487 2570/3486 2597/3517
f 2571/3487 2597/3517 2596/3516
f 2570/3486 2567/3483 2597/3517
f 2567/3483 2598/3518 2597/3517
f 2596/3516 2597/3517 2599/3519
f 2597/3517 2598/3518 2599/3519
f 2595/3515 2596/3516 2599/3519
f 2594/3514 2595/3515 2599/3519
f 2593/3513 2594/3514 2599/3519
f 2592/3512 2593/3513 2599/3519
f 2591/3511 2592/3512 2599/3519
f 2590/3510 2591/3511 2599/3519
f 2589/3509 2590/3510 2599/3519
f 2588/3508 2589/3509 2599/3519
f 2600/3520 2587/3507 2588/3508
f 2600/3520 2588/3508 2601/3521
f 2601/3521 2588/3508 2599/3519
f 2602/3522 2586/3506 2587/3507
f 2602/3522 2587/3507 2600/3520
f 2603/3523 2585/3504 2586/3505
f 2603/3523 2586/3505 2602/3524
f 2604/3525 2584/3503 2585/3504
f 2604/3525 2585/3504 2603/3523
f 2605/3526 2583/3502 2584/3503
f 2605/3526 2584/3503 2604/3525
f 2606/3527 2607/3528 2605/3526
f 2607/3528 2583/3502 2605/3526
f 2607/3528 2608/3529 2582/3501
f 2607/3528 2582/3501 2583/3502
f 2608/3529 2550/3465 2551/3466
f 2608/3529 2551/3466 2582/3501
f 2609/3530 2610/3531 2608/3529
f 2609/3530 2608/3529 2607/3528
f 2610/3531 2549/3464 2550/3465
f 2610/3531 2550/3465 2608/3529
f 2611/3532 2609/3530 2606/3527
f 2609/3530 2607/3528 2606/3527
f 2612/3533 2611/3532 2606/3527
f 2612/3533 2606/3527 2613/3534
f 2613/3534 2606/3527 2605/3526
f 2613/3534 2605/3526 2614/3535
f 2614/3535 2605/3526 2615/3536
f 2605/3526 2604/3525 2615/3536
f 2615/3536 2604/3525 2616/3537
f 2604/3525 2603/3523 2616/3537
f 2616/3537 2603/3523 2617/3538
f 2603/3523 2602/3524 2617/3538
f 2617/3539 2602/3522 2600/3520
f 2617/3539 2600/3520 2618/3540
f 2618/3540 2600/3520 2619/3541
f 2600/3520 2601/3521 2619/3541
f 2619/3541 2601/3521 2599/3519
f 2598/3518 2620/3542 2599/3519
f 2620/3542 2621/3543 2599/3519
f 2621/3543 2622/3544 2599/3519
f 2622/3544 2619/3541 2599/3519
f 2567/3483 2568/3484 2620/3542
f 2567/3483 2620/3542 2598/3518
f 2568/3484 2569/3485 2620/3542
f 2569/3485 2621/3543 2620/3542
f 2569/3485 2623/3545 2622/3544
f 2569/3485 2622/3544 2621/3543
f 2623/3545 2618/3540 2619/3541
f 2623/3545 2619/3541 2622/3544
f 2624/3546 2617/3539 2623/3545
f 2617/3539 2618/3540 2623/3545
f 2625/3547 2616/3548 2624/3546
f 2616/3548 2617/3539 2624/3546
f 2626/3549 2615/3536 2616/3537
f 2626/3549 2616/3537 2625/3550
f 2627/3551 2614/3535 2615/3536
f 2627/3551 2615/3536 2626/3549
f 2628/3552 2613/3534 2627/3551
f 2613/3534 2614/3535 2627/3551
f 2629/3553 2612/3533 2613/3534
f 2629/3553 2613/3534 2628/3552
f 2612/3533 2629/3553 2509/3412
f 2611/3532 2612/3533 2509/3412
f 2609/3530 2611/3532 2509/3412
f 2610/3531 2609/3530 2509/3412
f 2549/3464 2610/3531 2509/3412
f 2630/3554 2532/3443 2509/3412
f 2629/3553 2630/3554 2509/3412
f 2630/3554 2629/3553 2628/3552
f 2630/3554 2628/3552 2631/3555
f 2631/3555 2628/3552 2627/3551
f 2631/3555 2627/3551 2632/3556
f 2632/3556 2627/3551 2626/3549
f 2632/3556 2626/3549 2564/3557
f 2564/3480 2626/3558 2625/3547
f 2564/3480 2625/3547 2565/3481
f 2565/3481 2625/3547 2624/3546
f 2565/3481 2624/3546 2566/3482
f 2566/3482 2624/3546 2569/3485
f 2624/3546 2623/3545 2569/3485
f 2534/3447 2632/3559 2535/3448
f 2632/3559 2564/3480 2535/3448
f 2533/3444 2631/3555 2632/3556
f 2533/3444 2632/3556 2534/3446
f 2532/3443 2630/3554 2533/3444
f 2630/3554 2631/3555 2533/3444
f 2633/3560 2634/3561 2635/3562
f 2633/3560 2635/3562 2636/3563
f 2634/3561 2633/3560 2637/3564
f 2633/3560 2638/3565 2637/3564
f 2633/3566 2639/3567 2638/3568
f 2639/3567 2640/3569 2638/3568
f 2636/3563 2641/3570 2633/3560
f 2641/3570 2639/3571 2633/3560
f 2635/3572 2634/3573 2642/3574
f 2634/3573 2637/3575 2642/3574
f 2642/3574 2643/3576 2636/3577
f 2642/3574 2636/3577 2635/3572
f 2643/3576 2644/3578 2641/3579
f 2643/3576 2641/3579 2636/3577
f 2645/3580 2639/3571 2646/3581
f 2639/3571 2641/3570 2646/3581
f 2644/3578 2647/3582 2641/3579
f 2647/3582 2646/3583 2641/3579
f 2639/3567 2645/3584 2648/3585
f 2639/3567 2648/3585 2640/3569
f 2640/3569 2648/3585 2647/3582
f 2640/3569 2647/3582 2644/3578
f 2638/3565 2640/3586 2644/3587
f 2638/3565 2644/3587 2643/3588
f 2637/3564 2638/3565 2642/3589
f 2638/3565 2643/3588 2642/3589
f 2645/3584 2646/3583 2647/3582
f 2645/3584 2647/3582 2648/3585
f 2649/3590 2650/3591 2651/3592
f 2650/3591 2652/3593 2651/3592
f 2653/3594 2649/3590 2651/3592
f 2653/3594 2651/3592 2654/3595
f 2650/3591 2649/3590 2655/3596
f 2649/3590 2653/3594 2655/3596
f 2650/3591 2656/3597 2652/3593
f 2656/3597 2657/3598 2652/3593
f 2656/3597 2650/3591 2655/3596
f 2651/3592 2652/3593 2658/3599
f 2651/3592 2658/3599 2659/3600
f 2652/3601 2657/3602 2658/3603
f 2657/3602 2660/3604 2658/3603
f 2654/3595 2651/3592 2661/3605
f 2651/3592 2659/3600 2661/3605
f 2662/3606 2653/3594 2654/3595
f 2662/3606 2654/3595 2663/3607
f 2663/3607 2654/3595 2664/3608
f 2654/3595 2661/3605 2664/3608
f 2653/3594 2662/3606 2655/3596
f 2665/3609 2662/3606 2666/3610
f 2662/3606 2663/3607 2666/3610
f 2662/3606 2665/3609 2655/3596
f 2666/3610 2663/3607 2664/3608
f 2666/3610 2664/3608 2667/3611
f 2667/3611 2664/3608 2668/3612
f 2664/3608 2669/3613 2668/3612
f 2664/3608 2661/3605 2670/3614
f 2664/3608 2670/3614 2669/3613
f 2661/3605 2659/3600 2670/3614
f 2659/3600 2671/3615 2670/3614
f 2659/3616 2658/3603 2671/3617
f 2658/3603 2672/3618 2671/3617
f 2658/3603 2660/3604 2673/3619
f 2658/3603 2673/3619 2672/3618
f 2657/3598 2674/3620 2660/3621
f 2674/3620 2675/3622 2660/3621
f 2660/3604 2675/3623 2676/3624
f 2660/3604 2676/3624 2673/3619
f 2656/3597 2677/3625 2657/3598
f 2677/3625 2674/3620 2657/3598
f 2677/3625 2656/3597 2655/3596
f 2677/3625 2678/3626 2679/3627
f 2677/3625 2679/3627 2674/3620
f 2678/3626 2677/3625 2655/3596
f 2674/3620 2679/3627 2680/3628
f 2674/3620 2680/3628 2675/3622
f 2675/3623 2680/3629 2676/3624
f 2680/3629 2681/3630 2676/3624
f 2673/3619 2676/3624 2682/3631
f 2673/3619 2682/3631 2683/3632
f 2676/3624 2681/3630 2682/3631
f 2681/3630 2684/3633 2682/3631
f 2672/3618 2673/3619 2685/3634
f 2673/3619 2683/3632 2685/3634
f 2671/3617 2672/3618 2685/3634
f 2671/3617 2685/3634 2686/3635
f 2670/3636 2671/3617 2687/3637
f 2671/3617 2686/3635 2687/3637
f 2669/3638 2670/3636 2687/3637
f 2669/3638 2687/3637 2688/3639
f 2668/3640 2669/3638 2689/3641
f 2669/3638 2688/3639 2689/3641
f 2690/3642 2667/3611 2668/3612
f 2690/3642 2668/3612 2691/3643
f 2691/3644 2668/3640 2692/3645
f 2668/3640 2689/3641 2692/3645
f 2693/3646 2666/3610 2667/3611
f 2693/3646 2667/3611 2690/3642
f 2694/3647 2665/3609 2693/3646
f 2665/3609 2666/3610 2693/3646
f 2665/3609 2694/3647 2655/3596
f 2695/3648 2694/3647 2693/3646
f 2695/3648 2693/3646 2696/3649
f 2694/3647 2695/3648 2655/3596
f 2696/3649 2693/3646 2690/3642
f 2696/3649 2690/3642 2697/3650
f 2697/3650 2690/3642 2691/3643
f 2697/3650 2691/3643 2698/3651
f 2698/3651 2691/3643 2692/3652
f 2698/3651 2692/3652 2699/3653
f 2699/3654 2692/3645 2700/3655
f 2699/3654 2700/3655 2701/3656
f 2692/3645 2689/3641 2700/3655
f 2689/3641 2702/3657 2700/3655
f 2689/3641 2688/3639 2702/3657
f 2688/3639 2703/3658 2702/3657
f 2688/3639 2687/3637 2703/3658
f 2687/3637 2704/3659 2703/3658
f 2687/3637 2686/3635 2705/3660
f 2687/3637 2705/3660 2704/3659
f 2686/3635 2685/3634 2705/3660
f 2685/3634 2706/3661 2705/3660
f 2685/3634 2683/3632 2706/3661
f 2683/3632 2707/3662 2706/3661
f 2683/3632 2682/3631 2707/3662
f 2682/3631 2708/3663 2707/3662
f 2682/3631 2684/3633 2709/3664
f 2682/3631 2709/3664 2708/3663
f 2681/3630 2710/3665 2711/3666
f 2681/3630 2711/3666 2684/3633
f 2684/3633 2711/3666 2712/3667
f 2684/3633 2712/3667 2709/3664
f 2708/3663 2709/3664 2713/3668
f 2708/3663 2713/3668 2714/3669
f 2709/3664 2712/3667 2713/3668
f 2712/3667 2715/3670 2713/3668
f 2707/3662 2708/3663 2716/3671
f 2708/3663 2714/3669 2716/3671
f 2706/3661 2707/3662 2716/3671
f 2706/3661 2716/3671 2717/3672
f 2705/3660 2706/3661 2717/3672
f 2705/3660 2717/3672 2718/3673
f 2704/3659 2705/3660 2719/3674
f 2705/3660 2718/3673 2719/3674
f 2703/3658 2704/3659 2720/3675
f 2704/3659 2719/3674 2720/3675
f 2702/3657 2703/3658 2720/3675
f 2702/3657 2720/3675 2721/3676
f 2700/3655 2702/3657 2722/3677
f 2702/3657 2721/3676 2722/3677
f 2701/3656 2700/3655 2722/3677
f 2701/3656 2722/3677 2723/3678
f 2724/3679 2699/3654 2701/3656
f 2724/3679 2701/3656 2725/3680
f 2725/3680 2701/3656 2726/3681
f 2701/3656 2723/3678 2726/3681
f 2727/3682 2698/3651 2724/3683
f 2698/3651 2699/3653 2724/3683
f 2728/3684 2697/3650 2727/3682
f 2697/3650 2698/3651 2727/3682
f 2729/3685 2728/3684 2727/3682
f 2729/3685 2727/3682 2730/3686
f 2730/3686 2727/3682 2724/3683
f 2730/3686 2724/3683 2731/3687
f 2731/3688 2724/3679 2732/3689
f 2724/3679 2725/3680 2732/3689
f 2732/3689 2725/3680 2733/3690
f 2725/3680 2726/3681 2733/3690
f 2733/3690 2726/3681 2734/3691
f 2726/3681 2735/3692 2734/3691
f 2726/3681 2723/3678 2735/3692
f 2723/3678 2736/3693 2735/3692
f 2723/3678 2722/3677 2736/3693
f 2722/3677 2737/3694 2736/3693
f 2722/3677 2721/3676 2738/3695
f 2722/3677 2738/3695 2737/3694
f 2721/3676 2720/3675 2738/3695
f 2720/3675 2739/3696 2738/3695
f 2720/3675 2719/3674 2739/3696
f 2719/3674 2740/3697 2739/3696
f 2719/3674 2718/3673 2740/3697
f 2718/3673 2741/3698 2740/3697
f 2718/3673 2717/3672 2742/3699
f 2718/3673 2742/3699 2741/3698
f 2717/3672 2716/3671 2742/3699
f 2716/3671 2743/3700 2742/3699
f 2716/3671 2714/3669 2743/3700
f 2714/3669 2744/3701 2743/3700
f 2742/3699 2743/3700 2745/3702
f 2743/3700 2744/3701 2745/3702
f 2741/3698 2742/3699 2745/3702
f 2740/3697 2741/3698 2745/3702
f 2739/3696 2740/3697 2745/3702
f 2738/3695 2739/3696 2745/3702
f 2737/3694 2738/3695 2745/3702
f 2736/3693 2737/3694 2745/3702
f 2735/3692 2736/3693 2745/3702
f 2734/3691 2735/3692 2745/3702
f 2746/3703 2733/3690 2747/3704
f 2733/3690 2734/3691 2747/3704
f 2747/3704 2734/3691 2745/3702
f 2748/3705 2732/3689 2746/3703
f 2732/3689 2733/3690 2746/3703
f 2749/3706 2731/3688 2732/3689
f 2749/3706 2732/3689 2748/3705
f 2750/3707 2730/3686 2731/3687
f 2750/3707 2731/3687 2749/3708
f 2751/3709 2729/3685 2730/3686
f 2751/3709 2730/3686 2750/3707
f 2752/3710 2753/3711 2729/3685
f 2752/3710 2729/3685 2751/3709
f 2753/3711 2754/3712 2729/3685
f 2754/3712 2728/3684 2729/3685
f 2754/3712 2696/3649 2728/3684
f 2696/3649 2697/3650 2728/3684
f 2755/3713 2756/3714 2754/3712
f 2755/3713 2754/3712 2753/3711
f 2756/3714 2695/3648 2696/3649
f 2756/3714 2696/3649 2754/3712
f 2757/3715 2755/3713 2753/3711
f 2757/3715 2753/3711 2752/3710
f 2758/3716 2757/3715 2759/3717
f 2757/3715 2752/3710 2759/3717
f 2759/3717 2752/3710 2751/3709
f 2759/3717 2751/3709 2760/3718
f 2760/3718 2751/3709 2750/3707
f 2760/3718 2750/3707 2761/3719
f 2761/3720 2750/3721 2762/3722
f 2750/3721 2749/3706 2762/3722
f 2762/3722 2749/3706 2748/3705
f 2762/3722 2748/3705 2763/3723
f 2763/3723 2748/3705 2746/3703
f 2763/3723 2746/3703 2764/3724
f 2764/3724 2746/3703 2765/3725
f 2746/3703 2747/3704 2765/3725
f 2765/3725 2747/3704 2745/3702
f 2744/3701 2766/3726 2745/3702
f 2766/3726 2767/3727 2745/3702
f 2767/3727 2768/3728 2745/3702
f 2768/3728 2765/3725 2745/3702
f 2714/3669 2713/3668 2744/3701
f 2713/3668 2766/3726 2744/3701
f 2713/3668 2715/3670 2767/3727
f 2713/3668 2767/3727 2766/3726
f 2715/3670 2769/3729 2768/3728
f 2715/3670 2768/3728 2767/3727
f 2769/3729 2764/3724 2765/3725
f 2769/3729 2765/3725 2768/3728
f 2770/3730 2763/3723 2764/3724
f 2770/3730 2764/3724 2769/3729
f 2771/3731 2762/3722 2763/3723
f 2771/3731 2763/3723 2770/3730
f 2772/3732 2761/3720 2762/3722
f 2772/3732 2762/3722 2771/3731
f 2773/3733 2760/3734 2772/3732
f 2760/3734 2761/3720 2772/3732
f 2774/3735 2759/3717 2760/3718
f 2774/3735 2760/3718 2773/3736
f 2775/3737 2758/3716 2774/3735
f 2758/3716 2759/3717 2774/3735
f 2758/3716 2775/3737 2655/3596
f 2757/3715 2758/3716 2655/3596
f 2755/3713 2757/3715 2655/3596
f 2756/3714 2755/3713 2655/3596
f 2695/3648 2756/3714 2655/3596
f 2776/3738 2678/3626 2655/3596
f 2775/3737 2776/3738 2655/3596
f 2776/3738 2775/3737 2774/3735
f 2776/3738 2774/3735 2777/3739
f 2777/3739 2774/3735 2778/3740
f 2774/3735 2773/3736 2778/3740
f 2778/3741 2773/3733 2772/3732
f 2778/3741 2772/3732 2710/3665
f 2710/3665 2772/3732 2711/3666
f 2772/3732 2771/3731 2711/3666
f 2711/3666 2771/3731 2712/3667
f 2771/3731 2770/3730 2712/3667
f 2712/3667 2770/3730 2715/3670
f 2770/3730 2769/3729 2715/3670
f 2680/3629 2778/3741 2681/3630
f 2778/3741 2710/3665 2681/3630
f 2679/3627 2777/3739 2778/3740
f 2679/3627 2778/3740 2680/3628
f 2678/3626 2776/3738 2679/3627
f 2776/3738 2777/3739 2679/3627
f 2779/3742 2780/3743 2781/3744
f 2780/3743 2782/3745 2781/3744
f 2783/3746 2779/3742 2784/3747
f 2783/3746 2784/3747 2785/3748
f 2781/3749 2786/3750 2779/3751
f 2786/3750 2784/3752 2779/3751
f 2779/3742 2783/3746 2780/3743
f 2780/3743 2783/3746 2787/3753
f 2783/3746 2788/3754 2787/3753
f 2782/3745 2780/3743 2787/3753
f 2782/3745 2787/3753 2789/3755
f 2789/3755 2790/3756 2782/3745
f 2790/3756 2791/3757 2782/3745
f 2782/3758 2791/3759 2781/3749
f 2781/3749 2791/3759 2786/3750
f 2791/3759 2792/3760 2786/3750
f 2793/3761 2784/3747 2786/3762
f 2793/3761 2786/3762 2794/3763
f 2786/3762 2792/3764 2794/3763
f 2793/3761 2785/3748 2784/3747
f 2785/3748 2793/3761 2795/3765
f 2785/3748 2795/3765 2796/3766
f 2783/3746 2785/3748 2796/3766
f 2783/3746 2796/3766 2788/3754
f 2797/3767 2788/3768 2798/3769
f 2788/3768 2796/3770 2798/3769
f 2787/3771 2788/3768 2797/3767
f 2787/3771 2797/3767 2799/3772
f 2787/3771 2799/3772 2789/3773
f 2789/3773 2799/3772 2790/3774
f 2790/3774 2799/3772 2800/3775
f 2799/3772 2801/3776 2800/3775
f 2790/3756 2800/3777 2791/3757
f 2800/3777 2792/3778 2791/3757
f 2800/3779 2802/3780 2794/3763
f 2800/3779 2794/3763 2792/3764
f 2793/3761 2794/3763 2802/3780
f 2793/3761 2802/3780 2795/3765
f 2798/3769 2795/3781 2802/3782
f 2798/3769 2802/3782 2801/3776
f 2798/3769 2796/3770 2795/3781
f 2797/3767 2798/3769 2799/3772
f 2798/3769 2801/3776 2799/3772
f 2800/3775 2801/3776 2802/3782
f 2803/3783 2804/3784 2805/3785
f 2804/3784 2806/3786 2805/3785
f 2807/3787 2803/3783 2808/3788
f 2803/3783 2805/3785 2808/3788
f 2804/3784 2803/3783 2809/3789
f 2803/3783 2807/3787 2809/3789
f 2804/3784 2810/3790 2806/3786
f 2810/3790 2811/3791 2806/3786
f 2810/3790 2804/3784 2809/3789
f 2805/3785 2806/3786 2812/3792
f 2805/3785 2812/3792 2813/3793
f 2806/3786 2811/3791 2814/3794
f 2806/3786 2814/3794 2812/3792
f 2808/3788 2805/3785 2813/3793
f 2808/3788 2813/3793 2815/3795
f 2816/3796 2807/3787 2808/3788
f 2816/3796 2808/3788 2817/3797
f 2817/3797 2808/3788 2818/3798
f 2808/3788 2815/3795 2818/3798
f 2807/3787 2816/3796 2809/3789
f 2819/3799 2816/3796 2817/3797
f 2819/3799 2817/3797 2820/3800
f 2816/3796 2819/3799 2809/3789
f 2820/3800 2817/3797 2821/3801
f 2817/3797 2818/3798 2821/3801
f 2821/3801 2818/3798 2822/3802
f 2821/3801 2822/3802 2823/3803
f 2818/3798 2815/3795 2822/3802
f 2815/3795 2824/3804 2822/3802
f 2815/3795 2813/3793 2825/3805
f 2815/3795 2825/3805 2824/3804
f 2813/3793 2812/3792 2825/3805
f 2812/3792 2826/3806 2825/3805
f 2812/3792 2814/3794 2827/3807
f 2812/3792 2827/3807 2826/3806
f 2811/3791 2828/3808 2814/3794
f 2828/3808 2829/3809 2814/3794
f 2814/3794 2829/3809 2830/3810
f 2814/3794 2830/3810 2827/3807
f 2810/3790 2831/3811 2828/3808
f 2810/3790 2828/3808 2811/3791
f 2831/3811 2810/3790 2809/3789
f 2831/3811 2832/3812 2828/3808
f 2832/3812 2833/3813 2828/3808
f 2832/3812 2831/3811 2809/3789
f 2828/3808 2833/3813 2829/3809
f 2833/3813 2834/3814 2829/3809
f 2829/3809 2834/3814 2830/3810
f 2834/3814 2835/3815 2830/3810
f 2827/3816 2830/3817 2836/3818
f 2827/3816 2836/3818 2837/3819
f 2830/3817 2835/3820 2836/3818
f 2835/3820 2838/3821 2836/3818
f 2826/3822 2827/3816 2837/3819
f 2826/3822 2837/3819 2839/3823
f 2825/3824 2826/3822 2840/3825
f 2826/3822 2839/3823 2840/3825
f 2824/3826 2825/3824 2840/3825
f 2824/3826 2840/3825 2841/3827
f 2822/3828 2824/3826 2842/3829
f 2824/3826 2841/3827 2842/3829
f 2823/3830 2822/3828 2842/3829
f 2823/3830 2842/3829 2843/3831
f 2844/3832 2821/3801 2845/3833
f 2821/3801 2823/3803 2845/3833
f 2845/3834 2823/3830 2846/3835
f 2823/3830 2843/3831 2846/3835
f 2847/3836 2820/3800 2821/3801
f 2847/3836 2821/3801 2844/3832
f 2848/3837 2819/3799 2847/3836
f 2819/3799 2820/3800 2847/3836
f 2819/3799 2848/3837 2809/3789
f 2849/3838 2848/3837 2850/3839
f 2848/3837 2847/3836 2850/3839
f 2848/3837 2849/3838 2809/3789
f 2850/3839 2847/3836 2851/3840
f 2847/3836 2844/3832 2851/3840
f 2851/3840 2844/3832 2845/3833
f 2851/3840 2845/3833 2852/3841
f 2852/3842 2845/3834 2846/3835
f 2852/3842 2846/3835 2853/3843
f 2853/3843 2846/3835 2854/3844
f 2846/3835 2855/3845 2854/3844
f 2846/3835 2843/3831 2856/3846
f 2846/3835 2856/3846 2855/3845
f 2843/3831 2842/3829 2856/3846
f 2842/3829 2857/3847 2856/3846
f 2842/3829 2841/3827 2857/3847
f 2841/3827 2858/3848 2857/3847
f 2841/3827 2840/3825 2859/3849
f 2841/3827 2859/3849 2858/3848
f 2840/3825 2839/3823 2859/3849
f 2839/3823 2860/3850 2859/3849
f 2839/3823 2837/3819 2860/3850
f 2837/3819 2861/3851 2860/3850
f 2837/3819 2836/3818 2862/3852
f 2837/3819 2862/3852 2861/3851
f 2836/3818 2838/3821 2863/3853
f 2836/3818 2863/3853 2862/3852
f 2835/3820 2864/3854 2865/3855
f 2835/3820 2865/3855 2838/3821
f 2838/3821 2865/3855 2863/3853
f 2865/3855 2866/3856 2863/3853
f 2862/3852 2863/3853 2867/3857
f 2862/3852 2867/3857 2868/3858
f 2863/3853 2866/3856 2867/3857
f 2866/3856 2869/3859 2867/3857
f 2861/3851 2862/3852 2870/3860
f 2862/3852 2868/3858 2870/3860
f 2860/3850 2861/3851 2870/3860
f 2860/3850 2870/3860 2871/3861
f 2859/3849 2860/3850 2871/3861
f 2859/3849 2871/3861 2872/3862
f 2858/3848 2859/3849 2873/3863
f 2859/3849 2872/3862 2873/3863
f 2857/3847 2858/3848 2873/3863
f 2857/3847 2873/3863 2874/3864
f 2856/3846 2857/3847 2875/3865
f 2857/3847 2874/3864 2875/3865
f 2855/3845 2856/3846 2876/3866
f 2856/3846 2875/3865 2876/3866
f 2854/3844 2855/3845 2876/3866
f 2854/3844 2876/3866 2877/3867
f 2878/3868 2853/3843 2854/3844
f 2878/3868 2854/3844 2879/3869
f 2879/3869 2854/3844 2880/3870
f 2854/3844 2877/3867 2880/3870
f 2881/3871 2852/3842 2878/3868
f 2852/3842 2853/3843 2878/3868
f 2882/3872 2851/3840 2881/3873
f 2851/3840 2852/3841 2881/3873
f 2883/3874 2882/3872 2881/3873
f 2883/3874 2881/3873 2884/3875
f 2884/3876 2881/3871 2878/3868
f 2884/3876 2878/3868 2885/3877
f 2885/3877 2878/3868 2886/3878
f 2878/3868 2879/3869 2886/3878
f 2886/3878 2879/3869 2880/3870
f 2886/3878 2880/3870 2887/3879
f 2887/3879 2880/3870 2888/3880
f 2880/3870 2889/3881 2888/3880
f 2880/3870 2877/3867 2889/3881
f 2877/3867 2890/3882 2889/3881
f 2877/3867 2876/3866 2890/3882
f 2876/3866 2891/3883 2890/3882
f 2876/3866 2875/3865 2892/3884
f 2876/3866 2892/3884 2891/3883
f 2875/3865 2874/3864 2893/3885
f 2875/3865 2893/3885 2892/3884
f 2874/3864 2873/3863 2893/3885
f 2873/3863 2894/3886 2893/3885
f 2873/3863 2872/3862 2895/3887
f 2873/3863 2895/3887 2894/3886
f 2872/3862 2871/3861 2896/3888
f 2872/3862 2896/3888 2895/3887
f 2871/3861 2870/3860 2896/3888
f 2870/3860 2897/3889 2896/3888
f 2870/3860 2868/3858 2897/3889
f 2868/3858 2898/3890 2897/3889
f 2896/3888 2897/3889 2899/3891
f 2897/3889 2898/3890 2899/3891
f 2895/3887 2896/3888 2899/3891
f 2894/3886 2895/3887 2899/3891
f 2893/3885 2894/3886 2899/3891
f 2892/3884 2893/3885 2899/3891
f 2891/3883 2892/3884 2899/3891
f 2890/3882 2891/3883 2899/3891
f 2889/3881 2890/3882 2899/3891
f 2888/3880 2889/3881 2899/3891
f 2900/3892 2887/3879 2888/3880
f 2900/3892 2888/3880 2901/3893
f 2901/3893 2888/3880 2899/3891
f 2902/3894 2886/3878 2887/3879
f 2902/3894 2887/3879 2900/3892
f 2903/3895 2885/3877 2902/3894
f 2885/3877 2886/3878 2902/3894
f 2904/3896 2884/3876 2903/3895
f 2884/3876 2885/3877 2903/3895
f 2905/3897 2883/3874 2884/3875
f 2905/3897 2884/3875 2904/3898
f 2906/3899 2907/3900 2905/3897
f 2907/3900 2883/3874 2905/3897
f 2907/3900 2908/3901 2882/3872
f 2907/3900 2882/3872 2883/3874
f 2908/3901 2850/3839 2851/3840
f 2908/3901 2851/3840 2882/3872
f 2909/3902 2910/3903 2908/3901
f 2909/3902 2908/3901 2907/3900
f 2910/3903 2849/3838 2850/3839
f 2910/3903 2850/3839 2908/3901
f 2911/3904 2909/3902 2906/3899
f 2909/3902 2907/3900 2906/3899
f 2912/3905 2911/3904 2906/3899
f 2912/3905 2906/3899 2913/3906
f 2913/3906 2906/3899 2914/3907
f 2906/3899 2905/3897 2914/3907
f 2914/3907 2905/3897 2915/3908
f 2905/3897 2904/3898 2915/3908
f 2915/3909 2904/3896 2903/3895
f 2915/3909 2903/3895 2916/3910
f 2916/3910 2903/3895 2902/3894
f 2916/3910 2902/3894 2917/3911
f 2917/3911 2902/3894 2918/3912
f 2902/3894 2900/3892 2918/3912
f 2918/3912 2900/3892 2901/3893
f 2918/3912 2901/3893 2919/3913
f 2919/3913 2901/3893 2899/3891
f 2898/3890 2920/3914 2899/3891
f 2920/3914 2921/3915 2899/3891
f 2921/3915 2922/3916 2899/3891
f 2922/3916 2919/3913 2899/3891
f 2868/3858 2867/3857 2898/3890
f 2867/3857 2920/3914 2898/3890
f 2867/3857 2869/3859 2921/3915
f 2867/3857 2921/3915 2920/3914
f 2869/3859 2923/3917 2922/3916
f 2869/3859 2922/3916 2921/3915
f 2923/3917 2918/3912 2919/3913
f 2923/3917 2919/3913 2922/3916
f 2924/3918 2917/3911 2923/3917
f 2917/3911 2918/3912 2923/3917
f 2925/3919 2916/3910 2924/3918
f 2916/3910 2917/3911 2924/3918
f 2926/3920 2915/3909 2916/3910
f 2926/3920 2916/3910 2925/3919
f 2927/3921 2914/3907 2915/3908
f 2927/3921 2915/3908 2926/3922
f 2928/3923 2913/3906 2927/3921
f 2913/3906 2914/3907 2927/3921
f 2929/3924 2912/3905 2928/3923
f 2912/3905 2913/3906 2928/3923
f 2912/3905 2929/3924 2809/3789
f 2911/3904 2912/3905 2809/3789
f 2909/3902 2911/3904 2809/3789
f 2910/3903 2909/3902 2809/3789
f 2849/3838 2910/3903 2809/3789
f 2930/3925 2832/3812 2809/3789
f 2929/3924 2930/3925 2809/3789
f 2930/3925 2929/3924 2928/3923
f 2930/3925 2928/3923 2931/3926
f 2931/3926 2928/3923 2927/3921
f 2931/3926 2927/3921 2932/3927
f 2932/3927 2927/3921 2864/3928
f 2927/3921 2926/3922 2864/3928
f 2864/3854 2926/3920 2865/3855
f 2926/3920 2925/3919 2865/3855
f 2865/3855 2925/3919 2924/3918
f 2865/3855 2924/3918 2866/3856
f 2866/3856 2924/3918 2923/3917
f 2866/3856 2923/3917 2869/3859
f 2834/3814 2932/3927 2835/3815
f 2932/3927 2864/3928 2835/3815
f 2833/3813 2931/3926 2932/3927
f 2833/3813 2932/3927 2834/3814
f 2832/3812 2930/3925 2931/3926
f 2832/3812 2931/3926 2833/3813
f 2933/3929 2934/3930 2935/3931
f 2934/3930 2936/3932 2935/3931
f 2937/3933 2933/3929 2938/3934
f 2937/3933 2938/3934 2939/3935
f 2935/3931 2940/3936 2933/3929
f 2940/3936 2938/3934 2933/3929
f 2933/3929 2937/3933 2934/3930
f 2934/3930 2937/3933 2941/3937
f 2937/3933 2942/3938 2941/3937
f 2936/3932 2934/3930 2943/3939
f 2934/3930 2941/3937 2943/3939
f 2943/3939 2944/3940 2936/3932
f 2944/3940 2945/3941 2936/3932
f 2936/3932 2945/3941 2935/3931
f 2935/3931 2945/3941 2946/3942
f 2935/3931 2946/3942 2940/3936
f 2947/3943 2938/3944 2948/3945
f 2938/3944 2940/3946 2948/3945
f 2940/3946 2946/3947 2948/3945
f 2947/3948 2939/3935 2938/3934
f 2939/3935 2947/3948 2949/3949
f 2939/3935 2949/3949 2950/3950
f 2937/3933 2939/3935 2950/3950
f 2937/3933 2950/3950 2942/3938
f 2951/3951 2942/3952 2952/3953
f 2942/3952 2950/3954 2952/3953
f 2941/3955 2942/3952 2951/3951
f 2941/3955 2951/3951 2943/3956
f 2951/3951 2953/3957 2943/3956
f 2943/3956 2953/3957 2944/3958
f 2944/3958 2953/3957 2954/3959
f 2944/3958 2954/3959 2955/3960
f 2944/3940 2955/3961 2945/3941
f 2955/3961 2946/3942 2945/3941
f 2955/3961 2956/3962 2948/3963
f 2955/3961 2948/3963 2946/3942
f 2947/3948 2948/3964 2949/3949
f 2948/3964 2956/3965 2949/3949
f 2952/3953 2949/3966 2956/3967
f 2952/3953 2956/3967 2954/3959
f 2952/3953 2950/3954 2949/3966
f 2951/3951 2952/3953 2954/3959
f 2951/3951 2954/3959 2953/3957
f 2955/3960 2954/3959 2956/3967
f 2957/3968 2958/3969 2959/3970
f 2958/3969 2960/3971 2959/3970
f 2961/3972 2957/3968 2959/3970
f 2961/3972 2959/3970 2962/3973
f 2958/3969 2957/3968 2963/3974
f 2957/3968 2961/3972 2963/3974
f 2958/3969 2964/3975 2960/3971
f 2964/3975 2965/3976 2960/3971
f 2964/3975 2958/3969 2963/3974
f 2959/3970 2960/3971 2966/3977
f 2960/3971 2967/3978 2966/3977
f 2960/3979 2965/3980 2968/3981
f 2960/3979 2968/3981 2967/3982
f 2962/3973 2959/3970 2966/3977
f 2962/3973 2966/3977 2969/3983
f 2970/3984 2961/3972 2962/3973
f 2970/3984 2962/3973 2971/3985
f 2971/3985 2962/3973 2972/3986
f 2962/3973 2969/3983 2972/3986
f 2961/3972 2970/3984 2963/3974
f 2973/3987 2970/3984 2971/3985
f 2973/3987 2971/3985 2974/3988
f 2970/3984 2973/3987 2963/3974
f 2974/3988 2971/3985 2975/3989
f 2971/3985 2972/3986 2975/3989
f 2975/3989 2972/3986 2976/3990
f 2975/3989 2976/3990 2977/3991
f 2972/3986 2969/3983 2978/3992
f 2972/3986 2978/3992 2976/3990
f 2969/3983 2966/3977 2978/3992
f 2966/3977 2979/3993 2978/3992
f 2966/3977 2967/3978 2980/3994
f 2966/3977 2980/3994 2979/3993
f 2967/3982 2968/3981 2980/3995
f 2968/3981 2981/3996 2980/3995
f 2965/3980 2982/3997 2968/3981
f 2982/3997 2983/3998 2968/3981
f 2968/3981 2983/3998 2984/3999
f 2968/3981 2984/3999 2981/3996
f 2964/3975 2985/4000 2982/4001
f 2964/3975 2982/4001 2965/3976
f 2985/4000 2964/3975 2963/3974
f 2985/4000 2986/4002 2987/4003
f 2985/4000 2987/4003 2982/4001
f 2986/4002 2985/4000 2963/3974
f 2982/4001 2987/4003 2988/4004
f 2982/4001 2988/4004 2983/4005
f 2983/3998 2988/4006 2984/3999
f 2988/4006 2989/4007 2984/3999
f 2981/3996 2984/3999 2990/4008
f 2981/3996 2990/4008 2991/4009
f 2984/3999 2989/4007 2990/4008
f 2989/4007 2992/4010 2990/4008
f 2980/3995 2981/3996 2993/4011
f 2981/3996 2991/4009 2993/4011
f 2979/4012 2980/3995 2994/4013
f 2980/3995 2993/4011 2994/4013
f 2978/3992 2979/3993 2994/4014
f 2978/3992 2994/4014 2995/4015
f 2976/3990 2978/3992 2996/4016
f 2978/3992 2995/4015 2996/4016
f 2977/3991 2976/3990 2996/4016
f 2977/3991 2996/4016 2997/4017
f 2998/4018 2975/3989 2999/4019
f 2975/3989 2977/3991 2999/4019
f 2999/4019 2977/3991 3000/4020
f 2977/3991 2997/4017 3000/4020
f 3001/4021 2974/3988 2975/3989
f 3001/4021 2975/3989 2998/4018
f 3002/4022 2973/3987 3001/4021
f 2973/3987 2974/3988 3001/4021
f 2973/3987 3002/4022 2963/3974
f 3003/4023 3002/4022 3004/4024
f 3002/4022 3001/4021 3004/4024
f 3002/4022 3003/4023 2963/3974
f 3004/4024 3001/4021 3005/4025
f 3001/4021 2998/4018 3005/4025
f 3005/4025 2998/4018 2999/4019
f 3005/4025 2999/4019 3006/4026
f 3006/4026 2999/4019 3007/4027
f 2999/4019 3000/4020 3007/4027
f 3007/4027 3000/4020 3008/4028
f 3007/4027 3008/4028 3009/4029
f 3000/4020 2997/4017 3008/4028
f 2997/4017 3010/4030 3008/4028
f 2997/4017 2996/4016 3011/4031
f 2997/4017 3011/4031 3010/4030
f 2996/4016 2995/4015 3011/4031
f 2995/4015 3012/4032 3011/4031
f 2995/4015 2994/4014 3013/4033
f 2995/4015 3013/4033 3012/4032
f 2994/4013 2993/4011 3013/4034
f 2993/4011 3014/4035 3013/4034
f 2993/4011 2991/4009 3014/4035
f 2991/4009 3015/4036 3014/4035
f 2991/4009 2990/4008 3015/4036
f 2990/4008 3016/4037 3015/4036
f 2990/4008 2992/4010 3017/4038
f 2990/4008 3017/4038 3016/4037
f 2989/4007 3018/4039 3019/4040
f 2989/4007 3019/4040 2992/4010
f 2992/4010 3019/4040 3017/4038
f 3019/4040 3020/4041 3017/4038
f 3016/4037 3017/4038 3021/4042
f 3016/4037 3021/4042 3022/4043
f 3017/4038 3020/4041 3023/4044
f 3017/4038 3023/4044 3021/4042
f 3015/4036 3016/4037 3024/4045
f 3016/4037 3022/4043 3024/4045
f 3014/4035 3015/4036 3024/4045
f 3014/4035 3024/4045 3025/4046
f 3013/4034 3014/4035 3025/4046
f 3013/4034 3025/4046 3026/4047
f 3012/4032 3013/4033 3027/4048
f 3013/4033 3026/4049 3027/4048
f 3011/4031 3012/4032 3028/4050
f 3012/4032 3027/4048 3028/4050
f 3010/4030 3011/4031 3028/4050
f 3010/4030 3028/4050 3029/4051
f 3008/4028 3010/4030 3030/4052
f 3010/4030 3029/4051 3030/4052
f 3009/4029 3008/4028 3030/4052
f 3009/4029 3030/4052 3031/4053
f 3032/4054 3007/4027 3033/4055
f 3007/4027 3009/4029 3033/4055
f 3033/4055 3009/4029 3031/4053
f 3033/4055 3031/4053 3034/4056
f 3035/4057 3006/4026 3007/4027
f 3035/4057 3007/4027 3032/4054
f 3036/4058 3005/4025 3006/4026
f 3036/4058 3006/4026 3035/4057
f 3037/4059 3036/4058 3035/4057
f 3037/4059 3035/4057 3038/4060
f 3038/4060 3035/4057 3039/4061
f 3035/4057 3032/4054 3039/4061
f 3039/4061 3032/4054 3033/4055
f 3039/4061 3033/4055 3040/4062
f 3040/4062 3033/4055 3034/4056
f 3040/4062 3034/4056 3041/4063
f 3041/4064 3034/4065 3042/4066
f 3041/4064 3042/4066 3043/4067
f 3034/4056 3031/4053 3042/4068
f 3031/4053 3044/4069 3042/4068
f 3031/4053 3030/4052 3044/4069
f 3030/4052 3045/4070 3044/4069
f 3030/4071 3029/4072 3046/4073
f 3030/4071 3046/4073 3045/4074
f 3029/4072 3028/4075 3046/4073
f 3028/4075 3047/4076 3046/4073
f 3028/4075 3027/4077 3047/4076
f 3027/4077 3048/4078 3047/4076
f 3027/4077 3026/4047 3049/4079
f 3027/4077 3049/4079 3048/4078
f 3026/4047 3025/4046 3050/4080
f 3026/4047 3050/4080 3049/4079
f 3025/4046 3024/4045 3050/4080
f 3024/4045 3051/4081 3050/4080
f 3024/4045 3022/4043 3051/4081
f 3022/4043 3052/4082 3051/4081
f 3050/4080 3051/4081 3053/4083
f 3051/4081 3052/4082 3053/4083
f 3049/4079 3050/4080 3053/4083
f 3048/4078 3049/4079 3053/4083
f 3047/4076 3048/4078 3053/4083
f 3046/4073 3047/4076 3053/4083
f 3045/4074 3046/4073 3053/4083
f 3044/4084 3045/4074 3053/4083
f 3042/4066 3044/4084 3053/4083
f 3043/4067 3042/4066 3053/4083
f 3054/4085 3041/4064 3043/4067
f 3054/4085 3043/4067 3055/4086
f 3055/4086 3043/4067 3053/4083
f 3056/4087 3040/4062 3054/4088
f 3040/4062 3041/4063 3054/4088
f 3057/4089 3039/4061 3040/4062
f 3057/4089 3040/4062 3056/4087
f 3058/4090 3038/4060 3057/4089
f 3038/4060 3039/4061 3057/4089
f 3059/4091 3037/4059 3058/4090
f 3037/4059 3038/4060 3058/4090
f 3060/4092 3061/4093 3037/4059
f 3060/4092 3037/4059 3059/4091
f 3061/4093 3062/4094 3037/4059
f 3062/4094 3036/4058 3037/4059
f 3062/4094 3004/4024 3005/4025
f 3062/4094 3005/4025 3036/4058
f 3063/4095 3064/4096 3062/4094
f 3063/4095 3062/4094 3061/4093
f 3064/4096 3003/4023 3004/4024
f 3064/4096 3004/4024 3062/4094
f 3065/4097 3063/4095 3060/4092
f 3063/4095 3061/4093 3060/4092
f 3066/4098 3065/4097 3067/4099
f 3065/4097 3060/4092 3067/4099
f 3067/4099 3060/4092 3059/4091
f 3067/4099 3059/4091 3068/4100
f 3068/4100 3059/4091 3069/4101
f 3059/4091 3058/4090 3069/4101
f 3069/4101 3058/4090 3070/4102
f 3058/4090 3057/4089 3070/4102
f 3070/4102 3057/4089 3056/4087
f 3070/4102 3056/4087 3071/4103
f 3071/4103 3056/4087 3072/4104
f 3056/4087 3054/4088 3072/4104
f 3072/4105 3054/4085 3073/4106
f 3054/4085 3055/4086 3073/4106
f 3073/4106 3055/4086 3053/4083
f 3052/4082 3074/4107 3053/4083
f 3074/4107 3075/4108 3053/4083
f 3075/4108 3076/4109 3053/4083
f 3076/4109 3073/4106 3053/4083
f 3022/4043 3021/4042 3074/4107
f 3022/4043 3074/4107 3052/4082
f 3021/4042 3023/4044 3074/4107
f 3023/4044 3075/4108 3074/4107
f 3023/4044 3077/4110 3076/4109
f 3023/4044 3076/4109 3075/4108
f 3077/4110 3072/4105 3073/4106
f 3077/4110 3073/4106 3076/4109
f 3078/4111 3071/4103 3077/4112
f 3071/4103 3072/4104 3077/4112
f 3079/4113 3070/4102 3078/4111
f 3070/4102 3071/4103 3078/4111
f 3080/4114 3069/4101 3070/4102
f 3080/4114 3070/4102 3079/4113
f 3081/4115 3068/4100 3080/4114
f 3068/4100 3069/4101 3080/4114
f 3082/4116 3067/4099 3081/4115
f 3067/4099 3068/4100 3081/4115
f 3083/4117 3066/4098 3067/4099
f 3083/4117 3067/4099 3082/4116
f 3066/4098 3083/4117 2963/3974
f 3065/4097 3066/4098 2963/3974
f 3063/4095 3065/4097 2963/3974
f 3064/4096 3063/4095 2963/3974
f 3003/4023 3064/4096 2963/3974
f 3084/4118 2986/4002 2963/3974
f 3083/4117 3084/4118 2963/3974
f 3084/4118 3083/4117 3085/4119
f 3083/4117 3082/4116 3085/4119
f 3085/4119 3082/4116 3081/4115
f 3085/4119 3081/4115 3086/4120
f 3086/4121 3081/4122 3080/4123
f 3086/4121 3080/4123 3018/4039
f 3018/4039 3080/4123 3019/4040
f 3080/4123 3079/4124 3019/4040
f 3019/4040 3079/4124 3078/4125
f 3019/4040 3078/4125 3020/4041
f 3020/4041 3078/4125 3023/4044
f 3078/4125 3077/4110 3023/4044
f 2988/4006 3086/4121 2989/4007
f 3086/4121 3018/4039 2989/4007
f 2987/4003 3085/4119 3086/4120
f 2987/4003 3086/4120 2988/4004
f 2986/4002 3084/4118 3085/4119
f 2986/4002 3085/4119 2987/4003
f 3087/4126 3088/4127 3089/4128
f 3088/4129 3087/4130 3090/4131
f 3087/4130 3091/4132 3090/4131
f 3087/4130 3092/4133 3093/4134
f 3087/4130 3093/4134 3091/4132
f 3089/4128 3094/4135 3087/4126
f 3094/4135 3092/4136 3087/4126
f 3089/4137 3088/4129 3095/4138
f 3088/4129 3090/4131 3095/4138
f 3095/4138 3096/4139 3089/4137
f 3096/4139 3097/4140 3089/4137
f 3089/4128 3097/4141 3094/4135
f 3098/4142 3092/4136 3094/4135
f 3098/4142 3094/4135 3099/4143
f 3100/4144 3101/4145 3099/4146
f 3100/4144 3099/4146 3094/4147
f 3096/4139 3100/4144 3094/4147
f 3096/4139 3094/4147 3097/4140
f 3092/4133 3098/4148 3102/4149
f 3092/4133 3102/4149 3093/4134
f 3093/4150 3102/4151 3101/4152
f 3093/4150 3101/4152 3100/4153
f 3091/4132 3093/4134 3100/4144
f 3091/4132 3100/4144 3096/4139
f 3090/4131 3091/4132 3095/4138
f 3091/4132 3096/4139 3095/4138
f 3098/4142 3099/4143 3101/4152
f 3098/4142 3101/4152 3102/4151
f 3103/4154 3104/4155 3105/4156
f 3104/4155 3106/4157 3105/4156
f 3107/4158 3103/4154 3108/4159
f 3103/4154 3105/4156 3108/4159
f 3104/4155 3103/4154 3109/4160
f 3103/4154 3107/4158 3109/4160
f 3104/4155 3110/4161 3106/4157
f 3110/4161 3111/4162 3106/4157
f 3110/4161 3104/4155 3109/4160
f 3105/4156 3106/4157 3112/4163
f 3105/4156 3112/4163 3113/4164
f 3106/4157 3111/4162 3114/4165
f 3106/4157 3114/4165 3112/4163
f 3108/4159 3105/4156 3115/4166
f 3105/4156 3113/4164 3115/4166
f 3116/4167 3107/4158 3108/4159
f 3116/4167 3108/4159 3117/4168
f 3117/4168 3108/4159 3118/4169
f 3108/4159 3115/4166 3118/4169
f 3107/4158 3116/4167 3109/4160
f 3119/4170 3116/4167 3117/4168
f 3119/4170 3117/4168 3120/4171
f 3116/4167 3119/4170 3109/4160
f 3120/4171 3117/4168 3121/4172
f 3117/4168 3118/4169 3121/4172
f 3121/4172 3118/4169 3122/4173
f 3121/4172 3122/4173 3123/4174
f 3118/4169 3115/4166 3122/4173
f 3115/4166 3124/4175 3122/4173
f 3115/4166 3113/4164 3125/4176
f 3115/4166 3125/4176 3124/4175
f 3113/4164 3112/4163 3126/4177
f 3113/4164 3126/4177 3125/4176
f 3112/4163 3114/4165 3126/4177
f 3114/4165 3127/4178 3126/4177
f 3111/4162 3128/4179 3129/4180
f 3111/4162 3129/4180 3114/4165
f 3114/4165 3129/4180 3130/4181
f 3114/4165 3130/4181 3127/4178
f 3110/4161 3131/4182 3111/4162
f 3131/4182 3128/4179 3111/4162
f 3131/4182 3110/4161 3109/4160
f 3131/4183 3132/4184 3128/4185
f 3132/4184 3133/4186 3128/4185
f 3132/4184 3131/4183 3109/4187
f 3128/4185 3133/4186 3134/4188
f 3128/4185 3134/4188 3129/4189
f 3129/4189 3134/4188 3130/4190
f 3134/4188 3135/4191 3130/4190
f 3127/4178 3130/4181 3136/4192
f 3127/4178 3136/4192 3137/4193
f 3130/4190 3135/4191 3136/4194
f 3135/4191 3138/4195 3136/4194
f 3126/4177 3127/4178 3139/4196
f 3127/4178 3137/4193 3139/4196
f 3125/4176 3126/4177 3139/4196
f 3125/4176 3139/4196 3140/4197
f 3124/4175 3125/4176 3140/4197
f 3124/4175 3140/4197 3141/4198
f 3122/4173 3124/4175 3142/4199
f 3124/4175 3141/4198 3142/4199
f 3123/4174 3122/4173 3142/4199
f 3123/4174 3142/4199 3143/4200
f 3144/4201 3121/4172 3145/4202
f 3121/4172 3123/4174 3145/4202
f 3145/4202 3123/4174 3146/4203
f 3123/4174 3143/4200 3146/4203
f 3147/4204 3120/4171 3121/4172
f 3147/4204 3121/4172 3144/4201
f 3148/4205 3119/4170 3147/4204
f 3119/4170 3120/4171 3147/4204
f 3119/4170 3148/4205 3109/4160
f 3149/4206 3148/4205 3150/4207
f 3148/4205 3147/4204 3150/4207
f 3148/4205 3149/4206 3109/4160
f 3150/4207 3147/4204 3144/4201
f 3150/4207 3144/4201 3151/4208
f 3151/4208 3144/4201 3152/4209
f 3144/4201 3145/4202 3152/4209
f 3152/4209 3145/4202 3153/4210
f 3145/4202 3146/4203 3153/4210
f 3153/4210 3146/4203 3154/4211
f 3153/4210 3154/4211 3155/4212
f 3146/4203 3143/4200 3156/4213
f 3146/4203 3156/4213 3154/4211
f 3143/4200 3142/4199 3156/4213
f 3142/4199 3157/4214 3156/4213
f 3142/4199 3141/4198 3158/4215
f 3142/4199 3158/4215 3157/4214
f 3141/4198 3140/4197 3158/4215
f 3140/4197 3159/4216 3158/4215
f 3140/4197 3139/4196 3160/4217
f 3140/4197 3160/4217 3159/4216
f 3139/4196 3137/4193 3160/4217
f 3137/4193 3161/4218 3160/4217
f 3137/4193 3136/4192 3161/4218
f 3136/4192 3162/4219 3161/4218
f 3136/4194 3138/4195 3163/4220
f 3136/4194 3163/4220 3162/4221
f 3135/4191 3164/4222 3165/4223
f 3135/4191 3165/4223 3138/4195
f 3138/4195 3165/4223 3166/4224
f 3138/4195 3166/4224 3163/4220
f 3162/4221 3163/4220 3167/4225
f 3162/4221 3167/4225 3168/4226
f 3163/4220 3166/4224 3167/4225
f 3166/4224 3169/4227 3167/4225
f 3161/4218 3162/4219 3170/4228
f 3162/4219 3168/4229 3170/4228
f 3160/4217 3161/4218 3170/4228
f 3160/4217 3170/4228 3171/4230
f 3159/4216 3160/4217 3172/4231
f 3160/4217 3171/4230 3172/4231
f 3158/4215 3159/4216 3172/4231
f 3158/4215 3172/4231 3173/4232
f 3157/4214 3158/4215 3174/4233
f 3158/4215 3173/4232 3174/4233
f 3156/4213 3157/4214 3174/4233
f 3156/4213 3174/4233 3175/4234
f 3154/4211 3156/4213 3176/4235
f 3156/4213 3175/4234 3176/4235
f 3155/4212 3154/4211 3177/4236
f 3154/4211 3176/4235 3177/4236
f 3178/4237 3153/4238 3179/4239
f 3153/4238 3155/4240 3179/4239
f 3179/4239 3155/4240 3177/4241
f 3179/4239 3177/4241 3180/4242
f 3181/4243 3152/4244 3153/4238
f 3181/4243 3153/4238 3178/4237
f 3182/4245 3151/4208 3152/4209
f 3182/4245 3152/4209 3181/4246
f 3183/4247 3182/4248 3181/4243
f 3183/4247 3181/4243 3184/4249
f 3184/4249 3181/4243 3178/4237
f 3184/4249 3178/4237 3185/4250
f 3185/4250 3178/4237 3179/4239
f 3185/4250 3179/4239 3186/4251
f 3186/4251 3179/4239 3180/4242
f 3186/4251 3180/4242 3187/4252
f 3187/4252 3180/4242 3188/4253
f 3187/4252 3188/4253 3189/4254
f 3180/4242 3177/4241 3188/4253
f 3177/4241 3190/4255 3188/4253
f 3177/4236 3176/4235 3191/4256
f 3177/4236 3191/4256 3190/4257
f 3176/4235 3175/4234 3191/4256
f 3175/4234 3192/4258 3191/4256
f 3175/4234 3174/4233 3193/4259
f 3175/4234 3193/4259 3192/4258
f 3174/4233 3173/4232 3194/4260
f 3174/4233 3194/4260 3193/4259
f 3173/4232 3172/4231 3194/4260
f 3172/4231 3195/4261 3194/4260
f 3172/4231 3171/4230 3196/4262
f 3172/4231 3196/4262 3195/4261
f 3171/4230 3170/4228 3197/4263
f 3171/4230 3197/4263 3196/4262
f 3170/4228 3168/4229 3197/4263
f 3168/4229 3198/4264 3197/4263
f 3196/4262 3197/4263 3199/4265
f 3197/4263 3198/4264 3199/4265
f 3195/4261 3196/4262 3199/4265
f 3194/4260 3195/4261 3199/4265
f 3193/4259 3194/4260 3199/4265
f 3192/4258 3193/4259 3199/4265
f 3191/4256 3192/4258 3199/4265
f 3190/4257 3191/4256 3199/4265
f 3188/4253 3190/4255 3199/4266
f 3189/4254 3188/4253 3199/4266
f 3200/4267 3187/4252 3201/4268
f 3187/4252 3189/4254 3201/4268
f 3201/4268 3189/4254 3199/4266
f 3202/4269 3186/4251 3200/4267
f 3186/4251 3187/4252 3200/4267
f 3203/4270 3185/4250 3186/4251
f 3203/4270 3186/4251 3202/4269
f 3204/4271 3184/4249 3203/4270
f 3184/4249 3185/4250 3203/4270
f 3205/4272 3183/4247 3204/4271
f 3183/4247 3184/4249 3204/4271
f 3206/4273 3207/4274 3183/4247
f 3206/4273 3183/4247 3205/4272
f 3207/4274 3208/4275 3183/4247
f 3208/4275 3182/4248 3183/4247
f 3208/4276 3150/4207 3182/4245
f 3150/4207 3151/4208 3182/4245
f 3209/4277 3210/4278 3208/4275
f 3209/4277 3208/4275 3207/4274
f 3210/4279 3149/4206 3150/4207
f 3210/4279 3150/4207 3208/4276
f 3211/4280 3209/4277 3206/4273
f 3209/4277 3207/4274 3206/4273
f 3212/4281 3211/4280 3213/4282
f 3211/4280 3206/4273 3213/4282
f 3213/4282 3206/4273 3205/4272
f 3213/4282 3205/4272 3214/4283
f 3214/4283 3205/4272 3204/4271
f 3214/4283 3204/4271 3215/4284
f 3215/4284 3204/4271 3203/4270
f 3215/4284 3203/4270 3216/4285
f 3216/4285 3203/4270 3217/4286
f 3203/4270 3202/4269 3217/4286
f 3217/4286 3202/4269 3200/4267
f 3217/4286 3200/4267 3218/4287
f 3218/4287 3200/4267 3219/4288
f 3200/4267 3201/4268 3219/4288
f 3219/4288 3201/4268 3199/4266
f 3198/4289 3220/4290 3199/4266
f 3220/4290 3221/4291 3199/4266
f 3221/4291 3222/4292 3199/4266
f 3222/4292 3219/4288 3199/4266
f 3168/4226 3167/4225 3220/4290
f 3168/4226 3220/4290 3198/4289
f 3167/4225 3169/4227 3220/4290
f 3169/4227 3221/4291 3220/4290
f 3169/4227 3223/4293 3221/4291
f 3223/4293 3222/4292 3221/4291
f 3223/4293 3218/4287 3219/4288
f 3223/4293 3219/4288 3222/4292
f 3224/4294 3217/4286 3223/4293
f 3217/4286 3218/4287 3223/4293
f 3225/4295 3216/4285 3217/4286
f 3225/4295 3217/4286 3224/4294
f 3226/4296 3215/4284 3225/4295
f 3215/4284 3216/4285 3225/4295
f 3227/4297 3214/4283 3226/4296
f 3214/4283 3215/4284 3226/4296
f 3228/4298 3213/4282 3214/4283
f 3228/4298 3214/4283 3227/4297
f 3229/4299 3212/4281 3228/4298
f 3212/4281 3213/4282 3228/4298
f 3212/4281 3229/4299 3109/4187
f 3211/4280 3212/4281 3109/4187
f 3209/4277 3211/4280 3109/4187
f 3210/4278 3209/4277 3109/4187
f 3149/4206 3210/4279 3109/4160
f 3230/4300 3132/4184 3109/4187
f 3229/4299 3230/4300 3109/4187
f 3230/4300 3229/4299 3228/4298
f 3230/4300 3228/4298 3231/4301
f 3231/4301 3228/4298 3227/4297
f 3231/4301 3227/4297 3232/4302
f 3232/4302 3227/4297 3164/4222
f 3227/4297 3226/4296 3164/4222
f 3164/4222 3226/4296 3165/4223
f 3226/4296 3225/4295 3165/4223
f 3165/4223 3225/4295 3166/4224
f 3225/4295 3224/4294 3166/4224
f 3166/4224 3224/4294 3223/4293
f 3166/4224 3223/4293 3169/4227
f 3134/4188 3232/4302 3135/4191
f 3232/4302 3164/4222 3135/4191
f 3133/4186 3231/4301 3134/4188
f 3231/4301 3232/4302 3134/4188
f 3132/4184 3230/4300 3231/4301
f 3132/4184 3231/4301 3133/4186
f 3233/4303 3234/4304 3235/4305
f 3234/4304 3236/4306 3235/4305
f 3234/4307 3233/4308 3237/4309
f 3234/4307 3237/4309 3238/4310
f 3233/4308 3239/4311 3237/4309
f 3239/4311 3240/4312 3237/4309
f 3235/4305 3241/4313 3239/4314
f 3235/4305 3239/4314 3233/4303
f 3236/4315 3234/4307 3238/4310
f 3236/4315 3238/4310 3242/4316
f 3242/4316 3243/4317 3235/4318
f 3242/4316 3235/4318 3236/4315
f 3243/4317 3244/4319 3241/4320
f 3243/4317 3241/4320 3235/4318
f 3245/4321 3239/4314 3241/4313
f 3245/4321 3241/4313 3246/4322
f 3244/4323 3247/4324 3241/4313
f 3247/4324 3246/4322 3241/4313
f 3239/4311 3245/4325 3240/4312
f 3245/4325 3248/4326 3240/4312
f 3240/4312 3248/4326 3244/4327
f 3248/4326 3247/4328 3244/4327
f 3237/4329 3240/4330 3243/4331
f 3240/4330 3244/4332 3243/4331
f 3238/4310 3237/4309 3243/4317
f 3238/4310 3243/4317 3242/4316
f 3245/4325 3246/4333 3247/4328
f 3245/4325 3247/4328 3248/4326
f 3249/4334 3250/4335 3251/4336
f 3250/4335 3252/4337 3251/4336
f 3253/4338 3249/4334 3251/4336
f 3253/4338 3251/4336 3254/4339
f 3250/4335 3249/4334 3255/4340
f 3249/4334 3253/4338 3255/4340
f 3250/4335 3256/4341 3257/4342
f 3250/4335 3257/4342 3252/4337
f 3256/4341 3250/4335 3255/4340
f 3251/4336 3252/4337 3258/4343
f 3252/4337 3259/4344 3258/4343
f 3252/4337 3257/4342 3259/4344
f 3257/4342 3260/4345 3259/4344
f 3254/4339 3251/4336 3261/4346
f 3251/4336 3258/4343 3261/4346
f 3262/4347 3253/4338 3263/4348
f 3253/4338 3254/4339 3263/4348
f 3263/4348 3254/4339 3261/4346
f 3263/4348 3261/4346 3264/4349
f 3253/4338 3262/4347 3255/4340
f 3265/4350 3262/4347 3263/4348
f 3265/4350 3263/4348 3266/4351
f 3262/4347 3265/4350 3255/4340
f 3266/4351 3263/4348 3264/4349
f 3266/4351 3264/4349 3267/4352
f 3267/4352 3264/4349 3268/4353
f 3267/4352 3268/4353 3269/4354
f 3264/4349 3261/4346 3268/4353
f 3261/4346 3270/4355 3268/4353
f 3261/4346 3258/4343 3271/4356
f 3261/4346 3271/4356 3270/4355
f 3258/4343 3259/4344 3271/4356
f 3259/4344 3272/4357 3271/4356
f 3259/4344 3260/4345 3273/4358
f 3259/4344 3273/4358 3272/4357
f 3257/4342 3274/4359 3260/4345
f 3274/4359 3275/4360 3260/4345
f 3260/4345 3275/4360 3276/4361
f 3260/4345 3276/4361 3273/4358
f 3256/4341 3277/4362 3257/4342
f 3277/4362 3274/4359 3257/4342
f 3277/4362 3256/4341 3255/4340
f 3277/4362 3278/4363 3279/4364
f 3277/4362 3279/4364 3274/4359
f 3278/4363 3277/4362 3255/4340
f 3274/4359 3279/4364 3275/4360
f 3279/4364 3280/4365 3275/4360
f 3275/4360 3280/4365 3281/4366
f 3275/4360 3281/4366 3276/4361
f 3273/4367 3276/4368 3282/4369
f 3273/4367 3282/4369 3283/4370
f 3276/4368 3281/4371 3282/4369
f 3281/4371 3284/4372 3282/4369
f 3272/4373 3273/4367 3285/4374
f 3273/4367 3283/4370 3285/4374
f 3271/4375 3272/4373 3285/4374
f 3271/4375 3285/4374 3286/4376
f 3270/4377 3271/4375 3287/4378
f 3271/4375 3286/4376 3287/4378
f 3268/4379 3270/4377 3287/4378
f 3268/4379 3287/4378 3288/4380
f 3269/4381 3268/4379 3289/4382
f 3268/4379 3288/4380 3289/4382
f 3290/4383 3267/4352 3269/4354
f 3290/4383 3269/4354 3291/4384
f 3291/4385 3269/4381 3292/4386
f 3269/4381 3289/4382 3292/4386
f 3293/4387 3266/4351 3267/4352
f 3293/4387 3267/4352 3290/4383
f 3294/4388 3265/4350 3293/4387
f 3265/4350 3266/4351 3293/4387
f 3265/4350 3294/4388 3255/4340
f 3295/4389 3294/4388 3296/4390
f 3294/4388 3293/4387 3296/4390
f 3294/4388 3295/4389 3255/4340
f 3296/4390 3293/4387 3297/4391
f 3293/4387 3290/4383 3297/4391
f 3297/4391 3290/4383 3298/4392
f 3290/4383 3291/4384 3298/4392
f 3298/4393 3291/4385 3292/4386
f 3298/4393 3292/4386 3299/4394
f 3299/4394 3292/4386 3300/4395
f 3299/4394 3300/4395 3301/4396
f 3292/4386 3289/4382 3300/4395
f 3289/4382 3302/4397 3300/4395
f 3289/4382 3288/4380 3302/4397
f 3288/4380 3303/4398 3302/4397
f 3288/4380 3287/4378 3303/4398
f 3287/4378 3304/4399 3303/4398
f 3287/4378 3286/4376 3305/4400
f 3287/4378 3305/4400 3304/4399
f 3286/4376 3285/4374 3306/4401
f 3286/4376 3306/4401 3305/4400
f 3285/4374 3283/4370 3307/4402
f 3285/4374 3307/4402 3306/4401
f 3283/4370 3282/4369 3307/4402
f 3282/4369 3308/4403 3307/4402
f 3282/4369 3284/4372 3309/4404
f 3282/4369 3309/4404 3308/4403
f 3281/4371 3310/4405 3311/4406
f 3281/4371 3311/4406 3284/4372
f 3284/4372 3311/4406 3309/4404
f 3311/4406 3312/4407 3309/4404
f 3308/4403 3309/4404 3313/4408
f 3309/4404 3314/4409 3313/4408
f 3309/4404 3312/4407 3314/4409
f 3312/4407 3315/4410 3314/4409
f 3307/4402 3308/4403 3313/4408
f 3307/4402 3313/4408 3316/4411
f 3306/4401 3307/4402 3317/4412
f 3307/4402 3316/4411 3317/4412
f 3305/4400 3306/4401 3317/4412
f 3305/4400 3317/4412 3318/4413
f 3304/4399 3305/4400 3319/4414
f 3305/4400 3318/4413 3319/4414
f 3303/4398 3304/4399 3319/4414
f 3303/4398 3319/4414 3320/4415
f 3302/4397 3303/4398 3321/4416
f 3303/4398 3320/4415 3321/4416
f 3300/4395 3302/4397 3321/4416
f 3300/4395 3321/4416 3322/4417
f 3301/4396 3300/4395 3322/4417
f 3301/4396 3322/4417 3323/4418
f 3324/4419 3299/4394 3301/4396
f 3324/4419 3301/4396 3325/4420
f 3325/4420 3301/4396 3326/4421
f 3301/4396 3323/4418 3326/4421
f 3327/4422 3298/4393 3324/4419
f 3298/4393 3299/4394 3324/4419
f 3328/4423 3297/4391 3298/4392
f 3328/4423 3298/4392 3327/4424
f 3329/4425 3328/4423 3330/4426
f 3328/4423 3327/4424 3330/4426
f 3330/4427 3327/4422 3324/4419
f 3330/4427 3324/4419 3331/4428
f 3331/4428 3324/4419 3332/4429
f 3324/4419 3325/4420 3332/4429
f 3332/4429 3325/4420 3326/4421
f 3332/4429 3326/4421 3333/4430
f 3333/4430 3326/4421 3334/4431
f 3326/4421 3335/4432 3334/4431
f 3326/4421 3323/4418 3335/4432
f 3323/4418 3336/4433 3335/4432
f 3323/4418 3322/4417 3336/4433
f 3322/4417 3337/4434 3336/4433
f 3322/4417 3321/4416 3338/4435
f 3322/4417 3338/4435 3337/4434
f 3321/4416 3320/4415 3339/4436
f 3321/4416 3339/4436 3338/4435
f 3320/4415 3319/4414 3339/4436
f 3319/4414 3340/4437 3339/4436
f 3319/4414 3318/4413 3341/4438
f 3319/4414 3341/4438 3340/4437
f 3318/4413 3317/4412 3341/4438
f 3317/4412 3342/4439 3341/4438
f 3317/4412 3316/4411 3343/4440
f 3317/4412 3343/4440 3342/4439
f 3316/4411 3313/4408 3343/4440
f 3313/4408 3344/4441 3343/4440
f 3342/4439 3343/4440 3345/4442
f 3343/4440 3344/4441 3345/4442
f 3341/4438 3342/4439 3345/4442
f 3340/4437 3341/4438 3345/4442
f 3339/4436 3340/4437 3345/4442
f 3338/4435 3339/4436 3345/4442
f 3337/4434 3338/4435 3345/4442
f 3336/4433 3337/4434 3345/4442
f 3335/4432 3336/4433 3345/4442
f 3334/4431 3335/4432 3345/4442
f 3346/4443 3333/4430 3347/4444
f 3333/4430 3334/4431 3347/4444
f 3347/4444 3334/4431 3345/4442
f 3348/4445 3332/4429 3346/4443
f 3332/4429 3333/4430 3346/4443
f 3349/4446 3331/4428 3332/4429
f 3349/4446 3332/4429 3348/4445
f 3350/4447 3330/4427 3349/4446
f 3330/4427 3331/4428 3349/4446
f 3351/4448 3329/4425 3330/4426
f 3351/4448 3330/4426 3350/4449
f 3352/4450 3353/4451 3351/4448
f 3353/4451 3329/4425 3351/4448
f 3353/4451 3354/4452 3328/4423
f 3353/4451 3328/4423 3329/4425
f 3354/4452 3296/4390 3328/4423
f 3296/4390 3297/4391 3328/4423
f 3355/4453 3356/4454 3353/4451
f 3356/4454 3354/4452 3353/4451
f 3356/4454 3295/4389 3296/4390
f 3356/4454 3296/4390 3354/4452
f 3357/4455 3355/4453 3353/4451
f 3357/4455 3353/4451 3352/4450
f 3358/4456 3357/4455 3352/4450
f 3358/4456 3352/4450 3359/4457
f 3359/4457 3352/4450 3351/4448
f 3359/4457 3351/4448 3360/4458
f 3360/4458 3351/4448 3361/4459
f 3351/4448 3350/4449 3361/4459
f 3361/4460 3350/4447 3349/4446
f 3361/4460 3349/4446 3362/4461
f 3362/4461 3349/4446 3363/4462
f 3349/4446 3348/4445 3363/4462
f 3363/4462 3348/4445 3364/4463
f 3348/4445 3346/4443 3364/4463
f 3364/4463 3346/4443 3347/4444
f 3364/4463 3347/4444 3365/4464
f 3365/4464 3347/4444 3345/4442
f 3344/4441 3366/4465 3345/4442
f 3366/4465 3367/4466 3345/4442
f 3367/4466 3368/4467 3345/4442
f 3368/4467 3365/4464 3345/4442
f 3313/4408 3314/4409 3366/4465
f 3313/4408 3366/4465 3344/4441
f 3314/4409 3315/4410 3366/4465
f 3315/4410 3367/4466 3366/4465
f 3315/4410 3369/4468 3368/4467
f 3315/4410 3368/4467 3367/4466
f 3369/4468 3364/4463 3368/4467
f 3364/4463 3365/4464 3368/4467
f 3370/4469 3363/4462 3364/4463
f 3370/4469 3364/4463 3369/4468
f 3371/4470 3362/4461 3363/4462
f 3371/4470 3363/4462 3370/4469
f 3372/4471 3361/4460 3371/4470
f 3361/4460 3362/4461 3371/4470
f 3373/4472 3360/4458 3361/4459
f 3373/4472 3361/4459 3372/4473
f 3374/4474 3359/4457 3373/4472
f 3359/4457 3360/4458 3373/4472
f 3375/4475 3358/4456 3374/4474
f 3358/4456 3359/4457 3374/4474
f 3358/4456 3375/4475 3255/4340
f 3357/4455 3358/4456 3255/4340
f 3355/4453 3357/4455 3255/4340
f 3356/4454 3355/4453 3255/4340
f 3295/4389 3356/4454 3255/4340
f 3376/4476 3278/4363 3255/4340
f 3375/4475 3376/4476 3255/4340
f 3376/4476 3375/4475 3377/4477
f 3375/4475 3374/4474 3377/4477
f 3377/4477 3374/4474 3373/4472
f 3377/4477 3373/4472 3378/4478
f 3378/4478 3373/4472 3310/4479
f 3373/4472 3372/4473 3310/4479
f 3310/4405 3372/4471 3371/4470
f 3310/4405 3371/4470 3311/4406
f 3311/4406 3371/4470 3312/4407
f 3371/4470 3370/4469 3312/4407
f 3312/4407 3370/4469 3369/4468
f 3312/4407 3369/4468 3315/4410
f 3280/4365 3378/4478 3281/4366
f 3378/4478 3310/4479 3281/4366
f 3279/4364 3377/4477 3378/4478
f 3279/4364 3378/4478 3280/4365
f 3278/4363 3376/4476 3377/4477
f 3278/4363 3377/4477 3279/4364
f 3379/4480 3380/4481 3381/4482
f 3379/4480 3381/4482 3382/4483
f 3383/4484 3379/4485 3384/4486
f 3383/4484 3384/4486 3385/4487
f 3382/4488 3386/4489 3384/4486
f 3382/4488 3384/4486 3379/4485
f 3379/4480 3383/4490 3380/4481
f 3380/4481 3383/4490 3387/4491
f 3380/4481 3387/4491 3388/4492
f 3381/4482 3380/4481 3388/4492
f 3381/4482 3388/4492 3389/4493
f 3389/4493 3390/4494 3381/4482
f 3390/4494 3382/4483 3381/4482
f 3390/4494 3391/4495 3382/4483
f 3391/4495 3386/4496 3382/4483
f 3392/4497 3384/4486 3393/4498
f 3384/4486 3386/4489 3393/4498
f 3391/4495 3394/4499 3386/4496
f 3394/4499 3393/4500 3386/4496
f 3392/4497 3385/4487 3384/4486
f 3385/4501 3392/4502 3395/4503
f 3392/4502 3396/4504 3395/4503
f 3383/4490 3385/4505 3395/4506
f 3383/4490 3395/4506 3387/4491
f 3388/4507 3387/4508 3397/4509
f 3388/4507 3397/4509 3389/4510
f 3387/4508 3395/4511 3398/4512
f 3387/4508 3398/4512 3397/4509
f 3389/4510 3397/4509 3390/4513
f 3390/4513 3397/4509 3398/4512
f 3390/4513 3398/4512 3391/4514
f 3391/4514 3398/4512 3394/4515
f 3395/4503 3396/4504 3398/4516
f 3396/4504 3394/4499 3398/4516
f 3392/4502 3393/4500 3396/4504
f 3393/4500 3394/4499 3396/4504
f 3399/4517 3400/4518 3401/4519
f 3400/4518 3402/4520 3401/4519
f 3403/4521 3399/4517 3401/4519
f 3403/4521 3401/4519 3404/4522
f 3400/4518 3399/4517 3405/4523
f 3399/4517 3403/4521 3405/4523
f 3400/4518 3406/4524 3402/4520
f 3406/4524 3407/4525 3402/4520
f 3406/4524 3400/4518 3405/4523
f 3401/4519 3402/4520 3408/4526
f 3402/4520 3409/4527 3408/4526
f 3402/4528 3407/4529 3409/4530
f 3407/4529 3410/4531 3409/4530
f 3404/4522 3401/4519 3408/4526
f 3404/4522 3408/4526 3411/4532
f 3412/4533 3403/4521 3404/4522
f 3412/4533 3404/4522 3413/4534
f 3413/4534 3404/4522 3411/4532
f 3413/4534 3411/4532 3414/4535
f 3403/4521 3412/4533 3405/4523
f 3415/4536 3412/4533 3416/4537
f 3412/4533 3413/4534 3416/4537
f 3412/4533 3415/4536 3405/4523
f 3416/4537 3413/4534 3414/4535
f 3416/4537 3414/4535 3417/4538
f 3417/4539 3414/4540 3418/4541
f 3417/4539 3418/4541 3419/4542
f 3414/4540 3411/4543 3418/4541
f 3411/4543 3420/4544 3418/4541
f 3411/4543 3408/4545 3420/4544
f 3408/4545 3421/4546 3420/4544
f 3408/4545 3409/4530 3422/4547
f 3408/4545 3422/4547 3421/4546
f 3409/4530 3410/4531 3422/4547
f 3410/4531 3423/4548 3422/4547
f 3407/4529 3424/4549 3410/4531
f 3424/4549 3425/4550 3410/4531
f 3410/4531 3425/4550 3426/4551
f 3410/4531 3426/4551 3423/4548
f 3406/4524 3427/4552 3407/4525
f 3427/4552 3424/4553 3407/4525
f 3427/4552 3406/4524 3405/4523
f 3427/4552 3428/4554 3429/4555
f 3427/4552 3429/4555 3424/4553
f 3428/4554 3427/4552 3405/4523
f 3424/4553 3429/4555 3425/4556
f 3429/4555 3430/4557 3425/4556
f 3425/4550 3430/4558 3426/4551
f 3430/4558 3431/4559 3426/4551
f 3423/4548 3426/4551 3432/4560
f 3423/4548 3432/4560 3433/4561
f 3426/4551 3431/4559 3434/4562
f 3426/4551 3434/4562 3432/4560
f 3422/4547 3423/4548 3433/4561
f 3422/4547 3433/4561 3435/4563
f 3421/4546 3422/4547 3436/4564
f 3422/4547 3435/4563 3436/4564
f 3420/4544 3421/4546 3437/4565
f 3421/4546 3436/4564 3437/4565
f 3418/4541 3420/4544 3437/4565
f 3418/4541 3437/4565 3438/4566
f 3419/4542 3418/4541 3439/4567
f 3418/4541 3438/4566 3439/4567
f 3440/4568 3417/4538 3419/4569
f 3440/4568 3419/4569 3441/4570
f 3441/4570 3419/4569 3442/4571
f 3419/4569 3439/4572 3442/4571
f 3443/4573 3416/4537 3440/4568
f 3416/4537 3417/4538 3440/4568
f 3444/4574 3415/4536 3443/4573
f 3415/4536 3416/4537 3443/4573
f 3415/4536 3444/4574 3405/4523
f 3445/4575 3444/4574 3446/4576
f 3444/4574 3443/4573 3446/4576
f 3444/4574 3445/4575 3405/4523
f 3446/4576 3443/4573 3440/4568
f 3446/4576 3440/4568 3447/4577
f 3447/4577 3440/4568 3448/4578
f 3440/4568 3441/4570 3448/4578
f 3448/4578 3441/4570 3442/4571
f 3448/4578 3442/4571 3449/4579
f 3449/4579 3442/4571 3450/4580
f 3442/4571 3451/4581 3450/4580
f 3442/4571 3439/4572 3452/4582
f 3442/4571 3452/4582 3451/4581
f 3439/4567 3438/4566 3452/4583
f 3438/4566 3453/4584 3452/4583
f 3438/4566 3437/4565 3453/4584
f 3437/4565 3454/4585 3453/4584
f 3437/4565 3436/4564 3455/4586
f 3437/4565 3455/4586 3454/4585
f 3436/4564 3435/4563 3455/4586
f 3435/4563 3456/4587 3455/4586
f 3435/4563 3433/4561 3457/4588
f 3435/4563 3457/4588 3456/4587
f 3433/4561 3432/4560 3457/4588
f 3432/4560 3458/4589 3457/4588
f 3432/4560 3434/4562 3459/4590
f 3432/4560 3459/4590 3458/4589
f 3431/4559 3460/4591 3434/4562
f 3460/4591 3461/4592 3434/4562
f 3434/4562 3461/4592 3459/4590
f 3461/4592 3462/4593 3459/4590
f 3458/4589 3459/4590 3463/4594
f 3459/4590 3464/4595 3463/4594
f 3459/4590 3462/4593 3464/4595
f 3462/4593 3465/4596 3464/4595
f 3457/4588 3458/4589 3463/4594
f 3457/4588 3463/4594 3466/4597
f 3456/4587 3457/4588 3466/4597
f 3456/4587 3466/4597 3467/4598
f 3455/4586 3456/4587 3467/4598
f 3455/4586 3467/4598 3468/4599
f 3454/4585 3455/4586 3469/4600
f 3455/4586 3468/4599 3469/4600
f 3453/4584 3454/4585 3470/4601
f 3454/4585 3469/4600 3470/4601
f 3452/4583 3453/4584 3470/4601
f 3452/4583 3470/4601 3471/4602
f 3451/4603 3452/4583 3471/4602
f 3451/4603 3471/4602 3472/4604
f 3450/4605 3451/4603 3472/4604
f 3450/4605 3472/4604 3473/4606
f 3474/4607 3449/4579 3475/4608
f 3449/4579 3450/4580 3475/4608
f 3475/4609 3450/4605 3473/4606
f 3475/4609 3473/4606 3476/4610
f 3477/4611 3448/4578 3449/4579
f 3477/4611 3449/4579 3474/4607
f 3478/4612 3447/4577 3448/4578
f 3478/4612 3448/4578 3477/4611
f 3479/4613 3478/4612 3477/4611
f 3479/4613 3477/4611 3480/4614
f 3480/4614 3477/4611 3481/4615
f 3477/4611 3474/4607 3481/4615
f 3481/4615 3474/4607 3475/4608
f 3481/4615 3475/4608 3482/4616
f 3482/4617 3475/4609 3483/4618
f 3475/4609 3476/4610 3483/4618
f 3483/4618 3476/4610 3484/4619
f 3483/4618 3484/4619 3485/4620
f 3476/4610 3473/4606 3484/4619
f 3473/4606 3486/4621 3484/4619
f 3473/4606 3472/4604 3487/4622
f 3473/4606 3487/4622 3486/4621
f 3472/4604 3471/4602 3488/4623
f 3472/4604 3488/4623 3487/4622
f 3471/4602 3470/4601 3488/4623
f 3470/4601 3489/4624 3488/4623
f 3470/4601 3469/4600 3490/4625
f 3470/4601 3490/4625 3489/4624
f 3469/4600 3468/4599 3490/4625
f 3468/4599 3491/4626 3490/4625
f 3468/4599 3467/4598 3491/4626
f 3467/4598 3492/4627 3491/4626
f 3467/4598 3466/4597 3493/4628
f 3467/4598 3493/4628 3492/4627
f 3466/4597 3463/4594 3493/4628
f 3463/4594 3494/4629 3493/4628
f 3492/4627 3493/4628 3495/4630
f 3493/4628 3494/4629 3495/4630
f 3491/4626 3492/4627 3495/4630
f 3490/4625 3491/4626 3495/4630
f 3489/4624 3490/4625 3495/4630
f 3488/4623 3489/4624 3495/4630
f 3487/4622 3488/4623 3495/4630
f 3486/4621 3487/4622 3495/4630
f 3484/4619 3486/4621 3495/4630
f 3485/4620 3484/4619 3495/4630
f 3496/4631 3483/4618 3497/4632
f 3483/4618 3485/4620 3497/4632
f 3497/4632 3485/4620 3495/4630
f 3498/4633 3482/4617 3483/4618
f 3498/4633 3483/4618 3496/4631
f 3499/4634 3481/4615 3498/4635
f 3481/4615 3482/4616 3498/4635
f 3500/4636 3480/4614 3481/4615
f 3500/4636 3481/4615 3499/4634
f 3501/4637 3479/4613 3500/4636
f 3479/4613 3480/4614 3500/4636
f 3502/4638 3503/4639 3479/4613
f 3502/4638 3479/4613 3501/4637
f 3503/4639 3504/4640 3479/4613
f 3504/4640 3478/4612 3479/4613
f 3504/4640 3446/4576 3478/4612
f 3446/4576 3447/4577 3478/4612
f 3505/4641 3506/4642 3504/4640
f 3505/4641 3504/4640 3503/4639
f 3506/4642 3445/4575 3504/4640
f 3445/4575 3446/4576 3504/4640
f 3507/4643 3505/4641 3502/4638
f 3505/4641 3503/4639 3502/4638
f 3508/4644 3507/4643 3502/4638
f 3508/4644 3502/4638 3509/4645
f 3509/4645 3502/4638 3501/4637
f 3509/4645 3501/4637 3510/4646
f 3510/4646 3501/4637 3500/4636
f 3510/4646 3500/4636 3511/4647
f 3511/4647 3500/4636 3512/4648
f 3500/4636 3499/4634 3512/4648
f 3512/4648 3499/4634 3498/4635
f 3512/4648 3498/4635 3513/4649
f 3513/4650 3498/4633 3514/4651
f 3498/4633 3496/4631 3514/4651
f 3514/4651 3496/4631 3515/4652
f 3496/4631 3497/4632 3515/4652
f 3515/4652 3497/4632 3495/4630
f 3494/4629 3516/4653 3495/4630
f 3516/4653 3517/4654 3495/4630
f 3517/4654 3518/4655 3495/4630
f 3518/4655 3515/4652 3495/4630
f 3463/4594 3464/4595 3494/4629
f 3464/4595 3516/4653 3494/4629
f 3464/4595 3465/4596 3517/4654
f 3464/4595 3517/4654 3516/4653
f 3465/4596 3519/4656 3518/4655
f 3465/4596 3518/4655 3517/4654
f 3519/4656 3514/4651 3518/4655
f 3514/4651 3515/4652 3518/4655
f 3520/4657 3513/4650 3519/4656
f 3513/4650 3514/4651 3519/4656
f 3521/4658 3512/4659 3520/4657
f 3512/4659 3513/4650 3520/4657
f 3522/4660 3511/4647 3512/4648
f 3522/4660 3512/4648 3521/4661
f 3523/4662 3510/4646 3522/4660
f 3510/4646 3511/4647 3522/4660
f 3524/4663 3509/4645 3523/4662
f 3509/4645 3510/4646 3523/4662
f 3525/4664 3508/4644 3509/4645
f 3525/4664 3509/4645 3524/4663
f 3508/4644 3525/4664 3405/4523
f 3507/4643 3508/4644 3405/4523
f 3505/4641 3507/4643 3405/4523
f 3506/4642 3505/4641 3405/4523
f 3445/4575 3506/4642 3405/4523
f 3526/4665 3428/4554 3405/4523
f 3525/4664 3526/4665 3405/4523
f 3526/4665 3525/4664 3527/4666
f 3525/4664 3524/4663 3527/4666
f 3527/4666 3524/4663 3528/4667
f 3524/4663 3523/4662 3528/4667
f 3528/4667 3523/4662 3522/4660
f 3528/4667 3522/4660 3460/4668
f 3460/4591 3522/4669 3521/4658
f 3460/4591 3521/4658 3461/4592
f 3461/4592 3521/4658 3520/4657
f 3461/4592 3520/4657 3462/4593
f 3462/4593 3520/4657 3519/4656
f 3462/4593 3519/4656 3465/4596
f 3430/4558 3528/4670 3431/4559
f 3528/4670 3460/4591 3431/4559
f 3429/4555 3527/4666 3528/4667
f 3429/4555 3528/4667 3430/4557
f 3428/4554 3526/4665 3527/4666
f 3428/4554 3527/4666 3429/4555
f 3529/4671 3530/4672 3531/4673
f 3530/4672 3532/4674 3531/4673
f 3530/4675 3529/4676 3533/4677
f 3530/4675 3533/4677 3534/4678
f 3529/4676 3535/4679 3536/4680
f 3529/4676 3536/4680 3533/4677
f 3531/4673 3537/4681 3535/4682
f 3531/4673 3535/4682 3529/4671
f 3532/4683 3530/4675 3534/4678
f 3532/4683 3534/4678 3538/4684
f 3538/4684 3539/4685 3531/4686
f 3538/4684 3531/4686 3532/4683
f 3539/4685 3540/4687 3531/4686
f 3540/4687 3537/4688 3531/4686
f 3541/4689 3535/4682 3542/4690
f 3535/4682 3537/4681 3542/4690
f 3540/4691 3543/4692 3537/4681
f 3543/4692 3542/4690 3537/4681
f 3535/4679 3541/4693 3544/4694
f 3535/4679 3544/4694 3536/4680
f 3536/4680 3544/4694 3543/4695
f 3536/4680 3543/4695 3540/4696
f 3533/4697 3536/4698 3539/4699
f 3536/4698 3540/4700 3539/4699
f 3534/4678 3533/4677 3539/4685
f 3534/4678 3539/4685 3538/4684
f 3541/4693 3542/4701 3544/4694
f 3542/4701 3543/4695 3544/4694
f 3545/4702 3546/4703 3547/4704
f 3546/4703 3548/4705 3547/4704
f 3549/4706 3545/4702 3550/4707
f 3545/4702 3547/4704 3550/4707
f 3546/4703 3545/4702 3551/4708
f 3545/4702 3549/4706 3551/4708
f 3546/4703 3552/4709 3553/4710
f 3546/4703 3553/4710 3548/4705
f 3552/4709 3546/4703 3551/4708
f 3547/4704 3548/4705 3554/4711
f 3548/4705 3555/4712 3554/4711
f 3548/4705 3553/4710 3556/4713
f 3548/4705 3556/4713 3555/4712
f 3550/4707 3547/4704 3557/4714
f 3547/4704 3554/4711 3557/4714
f 3558/4715 3549/4706 3550/4707
f 3558/4715 3550/4707 3559/4716
f 3559/4716 3550/4707 3560/4717
f 3550/4707 3557/4714 3560/4717
f 3549/4706 3558/4715 3551/4708
f 3561/4718 3558/4715 3562/4719
f 3558/4715 3559/4716 3562/4719
f 3558/4715 3561/4718 3551/4708
f 3562/4719 3559/4716 3560/4717
f 3562/4719 3560/4717 3563/4720
f 3563/4720 3560/4717 3564/4721
f 3563/4720 3564/4721 3565/4722
f 3560/4717 3557/4714 3566/4723
f 3560/4717 3566/4723 3564/4721
f 3557/4714 3554/4711 3567/4724
f 3557/4714 3567/4724 3566/4723
f 3554/4711 3555/4712 3567/4724
f 3555/4712 3568/4725 3567/4724
f 3555/4712 3556/4713 3569/4726
f 3555/4712 3569/4726 3568/4725
f 3553/4710 3570/4727 3556/4713
f 3570/4727 3571/4728 3556/4713
f 3556/4713 3571/4728 3572/4729
f 3556/4713 3572/4729 3569/4726
f 3552/4709 3573/4730 3553/4710
f 3573/4730 3570/4727 3553/4710
f 3573/4730 3552/4709 3551/4708
f 3573/4730 3574/4731 3575/4732
f 3573/4730 3575/4732 3570/4727
f 3574/4731 3573/4730 3551/4708
f 3570/4727 3575/4732 3576/4733
f 3570/4727 3576/4733 3571/4728
f 3571/4728 3576/4733 3572/4729
f 3576/4733 3577/4734 3572/4729
f 3569/4735 3572/4736 3578/4737
f 3572/4736 3579/4738 3578/4737
f 3572/4736 3577/4739 3580/4740
f 3572/4736 3580/4740 3579/4738
f 3568/4741 3569/4735 3578/4737
f 3568/4741 3578/4737 3581/4742
f 3567/4743 3568/4741 3582/4744
f 3568/4741 3581/4742 3582/4744
f 3566/4745 3567/4743 3582/4744
f 3566/4745 3582/4744 3583/4746
f 3564/4747 3566/4745 3583/4746
f 3564/4747 3583/4746 3584/4748
f 3565/4749 3564/4747 3585/4750
f 3564/4747 3584/4748 3585/4750
f 3586/4751 3563/4720 3587/4752
f 3563/4720 3565/4722 3587/4752
f 3587/4753 3565/4749 3588/4754
f 3565/4749 3585/4750 3588/4754
f 3589/4755 3562/4719 3586/4751
f 3562/4719 3563/4720 3586/4751
f 3590/4756 3561/4718 3562/4719
f 3590/4756 3562/4719 3589/4755
f 3561/4718 3590/4756 3551/4708
f 3591/4757 3590/4756 3592/4758
f 3590/4756 3589/4755 3592/4758
f 3590/4756 3591/4757 3551/4708
f 3592/4758 3589/4755 3586/4751
f 3592/4758 3586/4751 3593/4759
f 3593/4759 3586/4751 3587/4752
f 3593/4759 3587/4752 3594/4760
f 3594/4761 3587/4753 3588/4754
f 3594/4761 3588/4754 3595/4762
f 3595/4762 3588/4754 3596/4763
f 3588/4754 3597/4764 3596/4763
f 3588/4754 3585/4750 3597/4764
f 3585/4750 3598/4765 3597/4764
f 3585/4750 3584/4748 3598/4765
f 3584/4748 3599/4766 3598/4765
f 3584/4748 3583/4746 3600/4767
f 3584/4748 3600/4767 3599/4766
f 3583/4746 3582/4744 3600/4767
f 3582/4744 3601/4768 3600/4767
f 3582/4744 3581/4742 3601/4768
f 3581/4742 3602/4769 3601/4768
f 3581/4742 3578/4737 3602/4769
f 3578/4737 3603/4770 3602/4769
f 3578/4737 3579/4738 3604/4771
f 3578/4737 3604/4771 3603/4770
f 3579/4738 3580/4740 3604/4771
f 3580/4740 3605/4772 3604/4771
f 3577/4739 3606/4773 3607/4774
f 3577/4739 3607/4774 3580/4740
f 3580/4740 3607/4774 3605/4772
f 3607/4774 3608/4775 3605/4772
f 3604/4771 3605/4772 3609/4776
f 3605/4772 3610/4777 3609/4776
f 3605/4772 3608/4775 3611/4778
f 3605/4772 3611/4778 3610/4777
f 3603/4770 3604/4771 3609/4776
f 3603/4770 3609/4776 3612/4779
f 3602/4769 3603/4770 3613/4780
f 3603/4770 3612/4779 3613/4780
f 3601/4768 3602/4769 3614/4781
f 3602/4769 3613/4780 3614/4781
f 3600/4767 3601/4768 3614/4781
f 3600/4767 3614/4781 3615/4782
f 3599/4766 3600/4767 3616/4783
f 3600/4767 3615/4782 3616/4783
f 3598/4765 3599/4766 3617/4784
f 3599/4766 3616/4783 3617/4784
f 3597/4764 3598/4765 3617/4784
f 3597/4764 3617/4784 3618/4785
f 3596/4763 3597/4764 3618/4785
f 3596/4763 3618/4785 3619/4786
f 3620/4787 3595/4762 3621/4788
f 3595/4762 3596/4763 3621/4788
f 3621/4788 3596/4763 3619/4786
f 3621/4788 3619/4786 3622/4789
f 3623/4790 3594/4761 3620/4787
f 3594/4761 3595/4762 3620/4787
f 3624/4791 3593/4759 3623/4792
f 3593/4759 3594/4760 3623/4792
f 3625/4793 3624/4791 3623/4792
f 3625/4793 3623/4792 3626/4794
f 3626/4795 3623/4790 3620/4787
f 3626/4795 3620/4787 3627/4796
f 3627/4796 3620/4787 3621/4788
f 3627/4796 3621/4788 3628/4797
f 3628/4797 3621/4788 3629/4798
f 3621/4788 3622/4789 3629/4798
f 3629/4798 3622/4789 3630/4799
f 3622/4789 3631/4800 3630/4799
f 3622/4789 3619/4786 3631/4800
f 3619/4786 3632/4801 3631/4800
f 3619/4786 3618/4785 3632/4801
f 3618/4785 3633/4802 3632/4801
f 3618/4785 3617/4784 3634/4803
f 3618/4785 3634/4803 3633/4802
f 3617/4784 3616/4783 3635/4804
f 3617/4784 3635/4804 3634/4803
f 3616/4783 3615/4782 3636/4805
f 3616/4783 3636/4805 3635/4804
f 3615/4782 3614/4781 3637/4806
f 3615/4782 3637/4806 3636/4805
f 3614/4781 3613/4780 3638/4807
f 3614/4781 3638/4807 3637/4806
f 3613/4780 3612/4779 3638/4807
f 3612/4779 3639/4808 3638/4807
f 3612/4779 3609/4776 3639/4808
f 3609/4776 3640/4809 3639/4808
f 3638/4807 3639/4808 3641/4810
f 3639/4808 3640/4809 3641/4810
f 3637/4806 3638/4807 3641/4810
f 3636/4805 3637/4806 3641/4810
f 3635/4804 3636/4805 3641/4810
f 3634/4803 3635/4804 3641/4810
f 3633/4802 3634/4803 3641/4810
f 3632/4801 3633/4802 3641/4810
f 3631/4800 3632/4801 3641/4810
f 3630/4799 3631/4800 3641/4810
f 3642/4811 3629/4798 3643/4812
f 3629/4798 3630/4799 3643/4812
f 3643/4812 3630/4799 3641/4810
f 3644/4813 3628/4797 3629/4798
f 3644/4813 3629/4798 3642/4811
f 3645/4814 3627/4796 3644/4813
f 3627/4796 3628/4797 3644/4813
f 3646/4815 3626/4795 3627/4796
f 3646/4815 3627/4796 3645/4814
f 3647/4816 3625/4793 3646/4817
f 3625/4793 3626/4794 3646/4817
f 3648/4818 3649/4819 3625/4793
f 3648/4818 3625/4793 3647/4816
f 3649/4819 3650/4820 3625/4793
f 3650/4820 3624/4791 3625/4793
f 3650/4820 3592/4758 3593/4759
f 3650/4820 3593/4759 3624/4791
f 3651/4821 3652/4822 3649/4819
f 3652/4822 3650/4820 3649/4819
f 3652/4822 3591/4757 3650/4820
f 3591/4757 3592/4758 3650/4820
f 3653/4823 3651/4821 3648/4818
f 3651/4821 3649/4819 3648/4818
f 3654/4824 3653/4823 3648/4818
f 3654/4824 3648/4818 3655/4825
f 3655/4825 3648/4818 3656/4826
f 3648/4818 3647/4816 3656/4826
f 3656/4826 3647/4816 3646/4817
f 3656/4826 3646/4817 3657/4827
f 3657/4828 3646/4815 3658/4829
f 3646/4815 3645/4814 3658/4829
f 3658/4829 3645/4814 3644/4813
f 3658/4829 3644/4813 3659/4830
f 3659/4830 3644/4813 3660/4831
f 3644/4813 3642/4811 3660/4831
f 3660/4831 3642/4811 3643/4812
f 3660/4831 3643/4812 3661/4832
f 3661/4832 3643/4812 3641/4810
f 3640/4809 3662/4833 3641/4810
f 3662/4833 3663/4834 3641/4810
f 3663/4834 3664/4835 3641/4810
f 3664/4835 3661/4832 3641/4810
f 3609/4776 3610/4777 3662/4833
f 3609/4776 3662/4833 3640/4809
f 3610/4777 3611/4778 3663/4834
f 3610/4777 3663/4834 3662/4833
f 3611/4778 3665/4836 3664/4835
f 3611/4778 3664/4835 3663/4834
f 3665/4836 3660/4831 3664/4835
f 3660/4831 3661/4832 3664/4835
f 3666/4837 3659/4830 3665/4836
f 3659/4830 3660/4831 3665/4836
f 3667/4838 3658/4829 3666/4837
f 3658/4829 3659/4830 3666/4837
f 3668/4839 3657/4828 3658/4829
f 3668/4839 3658/4829 3667/4838
f 3669/4840 3656/4826 3668/4841
f 3656/4826 3657/4827 3668/4841
f 3670/4842 3655/4825 3656/4826
f 3670/4842 3656/4826 3669/4840
f 3671/4843 3654/4824 3655/4825
f 3671/4843 3655/4825 3670/4842
f 3654/4824 3671/4843 3551/4708
f 3653/4823 3654/4824 3551/4708
f 3651/4821 3653/4823 3551/4708
f 3652/4822 3651/4821 3551/4708
f 3591/4757 3652/4822 3551/4708
f 3672/4844 3574/4731 3551/4708
f 3671/4843 3672/4844 3551/4708
f 3672/4844 3671/4843 3670/4842
f 3672/4844 3670/4842 3673/4845
f 3673/4845 3670/4842 3669/4840
f 3673/4845 3669/4840 3674/4846
f 3674/4846 3669/4840 3668/4841
f 3674/4846 3668/4841 3606/4847
f 3606/4773 3668/4839 3607/4774
f 3668/4839 3667/4838 3607/4774
f 3607/4774 3667/4838 3666/4837
f 3607/4774 3666/4837 3608/4775
f 3608/4775 3666/4837 3665/4836
f 3608/4775 3665/4836 3611/4778
f 3576/4733 3674/4846 3577/4734
f 3674/4846 3606/4847 3577/4734
f 3575/4732 3673/4845 3674/4846
f 3575/4732 3674/4846 3576/4733
f 3574/4731 3672/4844 3575/4732
f 3672/4844 3673/4845 3575/4732
s off
g pCube1_phong5SG
v -0.685481 0.674365 0.578822 1 1 1
v -0.783407 0.674365 0.578822 1 1 1
v -0.783407 -0.026879 0.578822 1 1 1
v -0.587555 0.674365 0.578822 1 1 1
v -0.783407 0.674365 0.506469 1 1 1
v -0.685481 0.674365 0.506469 1 1 1
v -0.587555 0.674365 0.506469 1 1 1
v -0.783407 -0.026879 -0.578822 1 1 1
v -0.783407 0.674365 0.434116 1 1 1
v 0.783407 -0.026879 0.578822 1 1 1
v 0.783407 0.674365 0.578822 1 1 1
v 0.587555 0.674365 0.578822 1 1 1
v -0.391704 0.674365 0.578822 1 1 1
v 0.48963 0.674365 0.578822 1 1 1
v 0.783407 -0.026879 -0.578822 1 1 1
v -0.48963 0.674365 0.578822 1 1 1
v -0.48963 0.674365 0.506469 1 1 1
v -0.587555 0.562159 0.434116 1 1 1
v -0.685481 0.674365 0.434116 1 1 1
v -0.48963 0.562159 0.434116 1 1 1
v -0.783407 0.674365 0.361764 1 1 1
v -0.685481 0.674365 0.361764 1 1 1
v -0.783407 0.674365 -0.578822 1 1 1
v -0.783407 0.674365 -0.506469 1 1 1
v -0.783407 0.674365 -0.217058 1 1 1
v -0.783407 0.674365 0.072353 1 1 1
v -0.783407 0.674365 -0.144705 1 1 1
v 0.685481 0.674365 -0.578822 1 1 1
v 0.783407 0.674365 -0.578822 1 1 1
v -0.685481 0.674365 -0.578822 1 1 1
v 0.48963 0.674365 -0.578822 1 1 1
v -0.587555 0.674365 -0.578822 1 1 1
v 0.293778 0.674365 -0.578822 1 1 1
v -0.195852 0.674365 -0.578822 1 1 1
v -0.685481 0.674365 -0.506469 1 1 1
v -0.783407 0.674365 -0.361764 1 1 1
v -0.783407 0.674365 -0.434116 1 1 1
v -0.685481 0.674365 -0.434116 1 1 1
v -0.783407 0.674365 -0.289411 1 1 1
v -0.685481 0.674365 -0.289411 1 1 1
v -0.685481 0.674365 -0.217058 1 1 1
v -0.685481 0.674365 -0.144705 1 1 1
v -0.783407 0.674365 0 1 1 1
v -0.783407 0.674365 -0.072353 1 1 1
v -0.685481 0.674365 -0.072353 1 1 1
v -0.783407 0.674365 0.217058 1 1 1
v -0.783407 0.674365 0.144705 1 1 1
v -0.783407 0.674365 0.289411 1 1 1
v -0.685481 0.674365 0 1 1 1
v -0.685481 0.674365 0.072353 1 1 1
v -0.685481 0.674365 0.144705 1 1 1
v -0.587555 0.562159 0 1 1 1
v -0.587555 0.562159 -0.072353 1 1 1
v -0.587555 0.562159 -0.144705 1 1 1
v -0.587555 0.562159 -0.217058 1 1 1
v -0.587555 0.562159 -0.289411 1 1 1
v -0.685481 0.674365 -0.361764 1 1 1
v -0.587555 0.562159 -0.361764 1 1 1
v -0.587555 0.562159 -0.434116 1 1 1
v -0.587555 0.674365 -0.506469 1 1 1
v -0.48963 0.674365 -0.578822 1 1 1
v -0.48963 0.674365 -0.506469 1 1 1
v -0.48963 0.562159 -0.434116 1 1 1
v -0.48963 0.562159 -0.361764 1 1 1
v -0.48963 0.562159 -0.289411 1 1 1
v -0.48963 0.562159 -0.217058 1 1 1
v -0.48963 0.562159 -0.144705 1 1 1
v -0.48963 0.562159 -0.072353 1 1 1
v -0.48963 0.562159 0 1 1 1
v -0.587555 0.562159 0.072353 1 1 1
v -0.48963 0.562159 0.072353 1 1 1
v -0.587555 0.562159 0.144705 1 1 1
v -0.685481 0.674365 0.217058 1 1 1
v -0.587555 0.562159 0.217058 1 1 1
v -0.685481 0.674365 0.289411 1 1 1
v -0.587555 0.562159 0.361764 1 1 1
v -0.587555 0.562159 0.289411 1 1 1
v -0.48963 0.562159 0.289411 1 1 1
v -0.48963 0.562159 0.217058 1 1 1
v -0.48963 0.562159 0.144705 1 1 1
v -0.391704 0.562159 0.144705 1 1 1
v -0.391704 0.562159 0.072353 1 1 1
v -0.391704 0.562159 0 1 1 1
v -0.391704 0.562159 -0.072353 1 1 1
v -0.391704 0.562159 -0.144705 1 1 1
v -0.391704 0.562159 -0.217058 1 1 1
v -0.391704 0.562159 -0.289411 1 1 1
v -0.391704 0.562159 -0.361764 1 1 1
v -0.391704 0.562159 -0.434116 1 1 1
v -0.391704 0.674365 -0.506469 1 1 1
v -0.293778 0.562159 -0.434116 1 1 1
v -0.293778 0.562159 -0.361764 1 1 1
v -0.293778 0.674365 -0.506469 1 1 1
v -0.293778 0.562159 -0.289411 1 1 1
v -0.293778 0.562159 -0.217058 1 1 1
v -0.293778 0.562159 -0.144705 1 1 1
v -0.293778 0.562159 -0.072353 1 1 1
v -0.293778 0.562159 0 1 1 1
v -0.293778 0.562159 0.072353 1 1 1
v -0.293778 0.562159 0.144705 1 1 1
v -0.391704 0.562159 0.217058 1 1 1
v -0.293778 0.562159 0.217058 1 1 1
v -0.391704 0.562159 0.289411 1 1 1
v -0.391704 0.562159 0.361764 1 1 1
v -0.48963 0.562159 0.361764 1 1 1
v -0.293778 0.562159 0.289411 1 1 1
v -0.293778 0.562159 0.361764 1 1 1
v -0.195852 0.562159 0.289411 1 1 1
v -0.195852 0.562159 0.217058 1 1 1
v -0.195852 0.562159 0.144705 1 1 1
v -0.195852 0.562159 0.072353 1 1 1
v -0.195852 0.562159 0 1 1 1
v -0.195852 0.562159 -0.072353 1 1 1
v -0.195852 0.562159 -0.144705 1 1 1
v -0.195852 0.562159 -0.217058 1 1 1
v -0.195852 0.562159 -0.289411 1 1 1
v -0.195852 0.562159 -0.361764 1 1 1
v -0.195852 0.562159 -0.434116 1 1 1
v -0.195852 0.674365 -0.506469 1 1 1
v -0.293778 0.674365 -0.578822 1 1 1
v -0.391704 0.674365 -0.578822 1 1 1
v -0.097926 0.674365 -0.578822 1 1 1
v -0.097926 0.674365 -0.506469 1 1 1
v -0.097926 0.562159 -0.434116 1 1 1
v -0.097926 0.562159 -0.361764 1 1 1
v -0.097926 0.562159 -0.289411 1 1 1
v -0.097926 0.562159 -0.217058 1 1 1
v -0.097926 0.562159 -0.144705 1 1 1
v -0.097926 0.562159 -0.072353 1 1 1
v -0.097926 0.562159 0 1 1 1
v -0.097926 0.562159 0.072353 1 1 1
v -0.097926 0.562159 0.144705 1 1 1
v -0.097926 0.562159 0.217058 1 1 1
v -0.097926 0.562159 0.289411 1 1 1
v 0 0.562159 0.289411 1 1 1
v 0 0.562159 0.217058 1 1 1
v 0 0.562159 0.144705 1 1 1
v 0 0.562159 0.072353 1 1 1
v 0 0.562159 0 1 1 1
v 0 0.562159 -0.072353 1 1 1
v 0 0.562159 -0.144705 1 1 1
v 0 0.562159 -0.217058 1 1 1
v 0 0.562159 -0.289411 1 1 1
v 0 0.562159 -0.361764 1 1 1
v 0 0.562159 -0.434116 1 1 1
v 0 0.674365 -0.506469 1 1 1
v 0 0.674365 -0.578822 1 1 1
v 0.097926 0.674365 -0.578822 1 1 1
v 0.097926 0.674365 -0.506469 1 1 1
v 0.097926 0.562159 -0.434116 1 1 1
v 0.097926 0.562159 -0.361764 1 1 1
v 0.097926 0.562159 -0.289411 1 1 1
v 0.097926 0.562159 -0.217058 1 1 1
v 0.097926 0.562159 -0.144705 1 1 1
v 0.097926 0.562159 -0.072353 1 1 1
v 0.097926 0.562159 0 1 1 1
v 0.097926 0.562159 0.072353 1 1 1
v 0.097926 0.562159 0.144705 1 1 1
v 0.097926 0.562159 0.217058 1 1 1
v 0.097926 0.562159 0.289411 1 1 1
v 0 0.562159 0.361764 1 1 1
v 0.097926 0.562159 0.361764 1 1 1
v -0.097926 0.562159 0.361764 1 1 1
v 0.195852 0.562159 0.361764 1 1 1
v 0.195852 0.562159 0.289411 1 1 1
v 0.195852 0.562159 0.217058 1 1 1
v 0.195852 0.562159 0.144705 1 1 1
v 0.195852 0.562159 0.072353 1 1 1
v 0.195852 0.562159 0 1 1 1
v 0.195852 0.562159 -0.072353 1 1 1
v 0.195852 0.562159 -0.144705 1 1 1
v 0.195852 0.562159 -0.217058 1 1 1
v 0.195852 0.562159 -0.289411 1 1 1
v 0.195852 0.562159 -0.361764 1 1 1
v 0.195852 0.562159 -0.434116 1 1 1
v 0.195852 0.674365 -0.506469 1 1 1
v 0.195852 0.674365 -0.578822 1 1 1
v 0.293778 0.674365 -0.506469 1 1 1
v 0.293778 0.562159 -0.434116 1 1 1
v 0.293778 0.562159 -0.361764 1 1 1
v 0.293778 0.562159 -0.289411 1 1 1
v 0.293778 0.562159 -0.217058 1 1 1
v 0.293778 0.562159 -0.144705 1 1 1
v 0.293778 0.562159 -0.072353 1 1 1
v 0.293778 0.562159 0 1 1 1
v 0.293778 0.562159 0.072353 1 1 1
v 0.293778 0.562159 0.144705 1 1 1
v 0.293778 0.562159 0.217058 1 1 1
v 0.293778 0.562159 0.289411 1 1 1
v 0.293778 0.562159 0.361764 1 1 1
v 0.097926 0.562159 0.434116 1 1 1
v 0.195852 0.562159 0.434116 1 1 1
v 0.293778 0.562159 0.434116 1 1 1
v 0.391704 0.562159 0.434116 1 1 1
v 0.391704 0.562159 0.361764 1 1 1
v 0.391704 0.562159 0.289411 1 1 1
v 0.391704 0.562159 0.217058 1 1 1
v 0.391704 0.562159 0.144705 1 1 1
v 0.391704 0.562159 0.072353 1 1 1
v 0.391704 0.562159 0 1 1 1
v 0.391704 0.562159 -0.072353 1 1 1
v 0.391704 0.562159 -0.144705 1 1 1
v 0.391704 0.562159 -0.217058 1 1 1
v 0.391704 0.562159 -0.289411 1 1 1
v 0.391704 0.562159 -0.361764 1 1 1
v 0.391704 0.562159 -0.434116 1 1 1
v 0.391704 0.674365 -0.506469 1 1 1
v 0.391704 0.674365 -0.578822 1 1 1
v 0.48963 0.674365 -0.506469 1 1 1
v 0.48963 0.562159 -0.434116 1 1 1
v 0.48963 0.562159 -0.361764 1 1 1
v 0.48963 0.562159 -0.289411 1 1 1
v 0.48963 0.562159 -0.217058 1 1 1
v 0.48963 0.562159 -0.144705 1 1 1
v 0.48963 0.562159 -0.072353 1 1 1
v 0.48963 0.562159 0 1 1 1
v 0.48963 0.562159 0.072353 1 1 1
v 0.48963 0.562159 0.144705 1 1 1
v 0.48963 0.562159 0.217058 1 1 1
v 0.48963 0.562159 0.289411 1 1 1
v 0.48963 0.562159 0.361764 1 1 1
v 0.48963 0.562159 0.434116 1 1 1
v 0.587555 0.562159 0.361764 1 1 1
v 0.587555 0.562159 0.289411 1 1 1
v 0.587555 0.562159 0.434116 1 1 1
v 0.587555 0.562159 0.217058 1 1 1
v 0.587555 0.562159 0.144705 1 1 1
v 0.587555 0.562159 0.072353 1 1 1
v 0.587555 0.562159 0 1 1 1
v 0.587555 0.562159 -0.072353 1 1 1
v 0.587555 0.562159 -0.144705 1 1 1
v 0.587555 0.562159 -0.217058 1 1 1
v 0.587555 0.562159 -0.289411 1 1 1
v 0.587555 0.562159 -0.361764 1 1 1
v 0.587555 0.562159 -0.434116 1 1 1
v 0.587555 0.674365 -0.506469 1 1 1
v 0.587555 0.674365 -0.578822 1 1 1
v 0.685481 0.674365 -0.506469 1 1 1
v 0.685481 0.674365 -0.434116 1 1 1
v 0.685481 0.674365 -0.361764 1 1 1
v 0.685481 0.674365 -0.289411 1 1 1
v 0.685481 0.674365 -0.217058 1 1 1
v 0.685481 0.674365 -0.144705 1 1 1
v 0.685481 0.674365 -0.072353 1 1 1
v 0.685481 0.674365 0 1 1 1
v 0.685481 0.674365 0.072353 1 1 1
v 0.685481 0.674365 0.144705 1 1 1
v 0.685481 0.674365 0.217058 1 1 1
v 0.685481 0.674365 0.289411 1 1 1
v 0.685481 0.674365 0.361764 1 1 1
v 0.685481 0.674365 0.434116 1 1 1
v 0.587555 0.674365 0.506469 1 1 1
v 0.48963 0.674365 0.506469 1 1 1
v 0.685481 0.674365 0.506469 1 1 1
v 0.783407 0.674365 0.434116 1 1 1
v 0.783407 0.674365 0.361764 1 1 1
v 0.783407 0.674365 0.506469 1 1 1
v 0.783407 0.674365 0.289411 1 1 1
v 0.783407 0.674365 0.217058 1 1 1
v 0.783407 0.674365 0.144705 1 1 1
v 0.783407 0.674365 0.072353 1 1 1
v 0.783407 0.674365 0 1 1 1
v 0.783407 0.674365 -0.072353 1 1 1
v 0.783407 0.674365 -0.144705 1 1 1
v 0.783407 0.674365 -0.217058 1 1 1
v 0.783407 0.674365 -0.289411 1 1 1
v 0.783407 0.674365 -0.361764 1 1 1
v 0.783407 0.674365 -0.434116 1 1 1
v 0.783407 0.674365 -0.506469 1 1 1
v 0.685481 0.674365 0.578822 1 1 1
v 0.391704 0.674365 0.506469 1 1 1
v 0.391704 0.674365 0.578822 1 1 1
v 0.293778 0.674365 0.578822 1 1 1
v 0.097926 0.674365 0.578822 1 1 1
v 0 0.674365 0.578822 1 1 1
v 0.293778 0.674365 0.506469 1 1 1
v 0.195852 0.674365 0.506469 1 1 1
v 0.195852 0.674365 0.578822 1 1 1
v 0 0.674365 0.506469 1 1 1
v 0.097926 0.674365 0.506469 1 1 1
v -0.097926 0.674365 0.578822 1 1 1
v -0.195852 0.674365 0.578822 1 1 1
v -0.293778 0.674365 0.578822 1 1 1
v -0.097926 0.674365 0.506469 1 1 1
v -0.391704 0.674365 0.506469 1 1 1
v -0.293778 0.674365 0.506469 1 1 1
v -0.195852 0.674365 0.506469 1 1 1
v 0 0.562159 0.434116 1 1 1
v -0.097926 0.562159 0.434116 1 1 1
v -0.195852 0.562159 0.434116 1 1 1
v -0.195852 0.562159 0.361764 1 1 1
v -0.293778 0.562159 0.434116 1 1 1
v -0.391704 0.562159 0.434116 1 1 1
vt 0.0999993 0.698189
vt 0.0771166 0.690039
vt 0.00761508 0.831072
vt 0.123815 0.707459
vt 0.084066 0.673744
vt 0.107228 0.680643
vt 0.131811 0.691924
vt 0.845894 0.942691
vt 0.471302 0.771217
vt 0.463706 0.999148
vt 0.0876105 0.655123
vt 0.000583732 0.364043
vt 0.717749 0.535956
vt 0.629711 0.395434
vt 0.589631 0.41148
vt 0.177671 0.726675
vt 0.393451 0.825715
vt 0.374844 0.811922
vt 0.972332 0.59703
vt 0.151488 0.717219
vt 0.159003 0.701819
vt 0.149363 0.665727
vt 0.112129 0.661781
vt 0.173093 0.673749
vt 0.0925339 0.637207
vt 0.116641 0.642788
vt 0.992095 0.98948
vt 0.168157 0.43127
vt 0.17302 0.413094
vt 0.138529 0.500644
vt 0.113017 0.567249
vt 0.130927 0.517386
vt 0.971202 0.425399
vt 0.95633 0.42612
vt 0.529868 0.269468
vt 0.198486 0.418467
vt 0.999948 0.407778
vt 0.223533 0.423039
vt 0.417549 0.448562
vt 0.455418 0.442519
vt 0.308923 0.434798
vt 0.192693 0.436444
vt 0.152911 0.465829
vt 0.157137 0.445884
vt 0.184931 0.454919
vt 0.145406 0.484251
vt 0.168648 0.491559
vt 0.162419 0.508519
vt 0.156073 0.525479
vt 0.119735 0.549815
vt 0.125186 0.534367
vt 0.150145 0.541761
vt 0.102499 0.600435
vt 0.107403 0.584313
vt 0.09784 0.618659
vt 0.144092 0.5581
vt 0.138489 0.574262
vt 0.132777 0.590412
vt 0.182843 0.5686
vt 0.188128 0.552599
vt 0.193854 0.536447
vt 0.199234 0.520242
vt 0.205057 0.504043
vt 0.177404 0.473602
vt 0.210011 0.487766
vt 0.216706 0.471765
vt 0.218605 0.440008
vt 0.250066 0.429985
vt 0.245612 0.446193
vt 0.240592 0.477363
vt 0.235181 0.494115
vt 0.230275 0.511079
vt 0.224586 0.527233
vt 0.219032 0.543453
vt 0.213718 0.559428
vt 0.208409 0.575441
vt 0.177534 0.58461
vt 0.202851 0.591556
vt 0.171847 0.600645
vt 0.1274 0.607272
vt 0.16618 0.616685
vt 0.12161 0.624127
vt 0.153941 0.649171
vt 0.160221 0.633053
vt 0.185376 0.640369
vt 0.191279 0.624006
vt 0.197371 0.6077
vt 0.222126 0.614835
vt 0.228146 0.598418
vt 0.233675 0.582306
vt 0.239303 0.566217
vt 0.244602 0.550167
vt 0.249875 0.534116
vt 0.254979 0.517494
vt 0.259923 0.500835
vt 0.264614 0.483474
vt 0.271687 0.451233
vt 0.288738 0.489672
vt 0.284185 0.506795
vt 0.29456 0.457493
vt 0.279779 0.52396
vt 0.27498 0.540421
vt 0.270189 0.556846
vt 0.264497 0.573005
vt 0.258849 0.58917
vt 0.25279 0.605583
vt 0.246772 0.622009
vt 0.216228 0.631265
vt 0.240668 0.638577
vt 0.210037 0.647763
vt 0.203935 0.664232
vt 0.179018 0.656959
vt 0.234609 0.655185
vt 0.228438 0.671769
vt 0.258995 0.662495
vt 0.265065 0.645851
vt 0.2712 0.629291
vt 0.277394 0.612735
vt 0.283534 0.5963
vt 0.289611 0.57984
vt 0.294844 0.56336
vt 0.300053 0.546818
vt 0.304218 0.529801
vt 0.308363 0.512763
vt 0.31205 0.495169
vt 0.318803 0.461751
vt 0.295036 0.440152
vt 0.276521 0.425388
vt 0.350401 0.445274
vt 0.341411 0.468139
vt 0.33564 0.500706
vt 0.331473 0.518079
vt 0.328651 0.535739
vt 0.323982 0.552853
vt 0.319524 0.569936
vt 0.314026 0.586753
vt 0.308256 0.603464
vt 0.30186 0.620046
vt 0.29558 0.636601
vt 0.28936 0.653246
vt 0.283234 0.669896
vt 0.30696 0.677272
vt 0.313558 0.660715
vt 0.319319 0.644004
vt 0.326141 0.62754
vt 0.331785 0.610619
vt 0.338713 0.593771
vt 0.343153 0.576512
vt 0.347664 0.5593
vt 0.349859 0.540945
vt 0.353239 0.523107
vt 0.357625 0.506052
vt 0.364454 0.472322
vt 0.370413 0.454163
vt 0.387269 0.452934
vt 0.383756 0.474933
vt 0.377953 0.506641
vt 0.371589 0.525093
vt 0.369881 0.545633
vt 0.370956 0.56439
vt 0.36678 0.582901
vt 0.362873 0.601438
vt 0.354298 0.61823
vt 0.347737 0.635427
vt 0.342427 0.65169
vt 0.336164 0.668
vt 0.330092 0.684959
vt 0.301274 0.693929
vt 0.323606 0.701726
vt 0.277176 0.686573
vt 0.344467 0.712258
vt 0.349976 0.695876
vt 0.356275 0.679699
vt 0.361366 0.663601
vt 0.367343 0.647927
vt 0.372189 0.63301
vt 0.377535 0.618438
vt 0.88417 0.286421
vt 0.897358 0.292412
vt 0.904911 0.275138
vt 0.892041 0.268043
vt 0.910307 0.298903
vt 0.915881 0.278783
vt 0.392123 0.550862
vt 0.389064 0.537078
vt 0.389978 0.51975
vt 0.39539 0.502976
vt 0.403248 0.473455
vt 0.400557 0.454259
vt 0.416792 0.4698
vt 0.413232 0.498716
vt 0.406386 0.515923
vt 0.404275 0.532067
vt 0.40536 0.544714
vt 0.88641 0.309148
vt 0.90529 0.318947
vt 0.870247 0.300698
vt 0.389579 0.647446
vt 0.393538 0.633704
vt 0.384485 0.661818
vt 0.379531 0.676175
vt 0.374438 0.691954
vt 0.369293 0.707673
vt 0.363423 0.723815
vt 0.318095 0.718258
vt 0.338264 0.728657
vt 0.357821 0.739833
vt 0.375547 0.751668
vt 0.382111 0.735494
vt 0.387309 0.719858
vt 0.392652 0.704269
vt 0.397071 0.689976
vt 0.401485 0.675722
vt 0.405384 0.662719
vt 0.408893 0.649901
vt 0.856583 0.315009
vt 0.873685 0.32275
vt 0.891581 0.330073
vt 0.91358 0.338524
vt 0.925135 0.328502
vt 0.931642 0.346794
vt 0.940685 0.331347
vt 0.428454 0.508105
vt 0.432287 0.492266
vt 0.431763 0.467023
vt 0.435728 0.444233
vt 0.454721 0.457049
vt 0.997814 0.369283
vt 0.963004 0.35079
vt 0.958962 0.36713
vt 0.984232 0.385776
vt 0.927788 0.357945
vt 0.90336 0.348885
vt 0.880638 0.342722
vt 0.860351 0.336342
vt 0.843634 0.33046
vt 0.421577 0.677806
vt 0.424495 0.66562
vt 0.41802 0.690751
vt 0.414616 0.703738
vt 0.410306 0.718586
vt 0.405158 0.73232
vt 0.398768 0.748523
vt 0.392503 0.76484
vt 0.415362 0.761489
vt 0.421211 0.747762
vt 0.408109 0.777418
vt 0.428119 0.735
vt 0.430548 0.719556
vt 0.4344 0.705737
vt 0.43772 0.694259
vt 0.439942 0.681565
vt 0.831594 0.347045
vt 0.849751 0.35169
vt 0.867261 0.355588
vt 0.891308 0.361412
vt 0.918573 0.36761
vt 0.942072 0.376169
vt 0.971945 0.394066
vt 0.988779 0.42079
vt 0.958303 0.406128
vt 0.935431 0.396431
vt 0.911014 0.38806
vt 0.885336 0.382266
vt 0.860164 0.37784
vt 0.838844 0.376623
vt 0.815639 0.373319
vt 0.460823 0.716049
vt 0.463959 0.705875
vt 0.457395 0.73006
vt 0.452789 0.742645
vt 0.448626 0.758107
vt 0.443062 0.771992
vt 0.435554 0.788687
vt 0.427164 0.805324
vt 0.399738 0.808699
vt 0.381983 0.795851
vt 0.418717 0.821693
vt 0.44728 0.822382
vt 0.450868 0.804834
vt 0.436234 0.835139
vt 0.457371 0.788962
vt 0.463205 0.773775
vt 0.468245 0.76082
vt 0.470503 0.748601
vt 0.760471 0.37377
vt 0.80089 0.392117
vt 0.791578 0.369248
vt 0.772771 0.36055
vt 0.815856 0.388143
vt 0.847424 0.395032
vt 0.860584 0.393295
vt 0.886388 0.400693
vt 0.906287 0.40288
vt 0.921986 0.414464
vt 0.942926 0.413897
vt 0.729409 0.391486
vt 0.707943 0.391646
vt 0.686684 0.392064
vt 0.651631 0.394782
vt 0.411731 0.837608
vt 0.429623 0.850375
vt 0.365215 0.781855
vt 0.354109 0.802848
vt 0.339097 0.787865
vt 0.302554 0.764993
vt 0.275429 0.757751
vt 0.347089 0.769843
vt 0.328395 0.759304
vt 0.321898 0.77494
vt 0.284692 0.741184
vt 0.307222 0.748767
vt 0.254469 0.750054
vt 0.235046 0.748757
vt 0.205033 0.735069
vt 0.260275 0.733576
vt 0.184999 0.710967
vt 0.210335 0.718421
vt 0.235662 0.726144
vt 0.294945 0.710512
vt 0.271311 0.703343
vt 0.246876 0.695717
vt 0.25296 0.679157
vt 0.222326 0.688401
vt 0.197647 0.680829
usemtl phong5SG
f 3675/4848 3676/4849 3677/4850
f 3678/4851 3675/4848 3677/4850
f 3679/4852 3676/4849 3675/4848
f 3679/4852 3675/4848 3680/4853
f 3675/4848 3678/4851 3681/4854
f 3675/4848 3681/4854 3680/4853
f 3682/4855 3677/4856 3676/4857
f 3676/4849 3679/4852 3683/4858
f 3682/4859 3676/4849 3683/4858
f 3677/4856 3684/4860 3685/4861
f 3677/4856 3685/4861 3686/4862
f 3687/4863 3678/4851 3677/4850
f 3677/4850 3686/4864 3688/4865
f 3687/4863 3677/4850 3688/4865
f 3682/4855 3689/4866 3684/4860
f 3682/4855 3684/4860 3677/4856
f 3687/4863 3690/4867 3678/4851
f 3681/4854 3678/4851 3690/4867
f 3681/4854 3690/4867 3691/4868
f 3681/4854 3692/4869 3680/4853
f 3692/4869 3693/4870 3680/4853
f 3694/4871 3692/4869 3681/4854
f 3694/4871 3681/4854 3691/4868
f 3693/4870 3683/4858 3679/4852
f 3693/4870 3679/4852 3680/4853
f 3682/4859 3683/4858 3695/4872
f 3695/4872 3683/4858 3693/4870
f 3695/4872 3693/4870 3696/4873
f 3689/4866 3682/4855 3697/4874
f 3698/4875 3697/4876 3682/4859
f 3699/4877 3698/4875 3682/4859
f 3682/4859 3695/4872 3700/4878
f 3701/4879 3699/4877 3682/4859
f 3682/4859 3700/4878 3701/4879
f 3702/4880 3703/4881 3689/4866
f 3689/4882 3697/4876 3704/4883
f 3705/4884 3702/4880 3689/4866
f 3689/4882 3704/4883 3706/4885
f 3707/4886 3705/4887 3689/4882
f 3689/4882 3706/4885 3708/4888
f 3707/4886 3689/4882 3708/4888
f 3684/4860 3689/4866 3703/4881
f 3704/4883 3697/4876 3698/4875
f 3704/4883 3698/4875 3709/4889
f 3710/4890 3711/4891 3698/4875
f 3699/4877 3710/4890 3698/4875
f 3698/4875 3711/4891 3712/4892
f 3698/4875 3712/4892 3709/4889
f 3699/4877 3713/4893 3710/4890
f 3714/4894 3713/4893 3699/4877
f 3714/4894 3699/4877 3715/4895
f 3699/4877 3701/4879 3716/4896
f 3699/4877 3716/4896 3715/4895
f 3717/4897 3718/4898 3701/4879
f 3700/4878 3717/4897 3701/4879
f 3716/4896 3701/4879 3718/4898
f 3716/4896 3718/4898 3719/4899
f 3720/4900 3721/4901 3700/4878
f 3722/4902 3720/4900 3700/4878
f 3695/4872 3722/4902 3700/4878
f 3723/4903 3717/4897 3700/4878
f 3723/4903 3700/4878 3724/4904
f 3700/4878 3721/4901 3725/4905
f 3700/4878 3725/4905 3724/4904
f 3718/4898 3717/4897 3723/4903
f 3718/4898 3723/4903 3719/4899
f 3723/4903 3726/4906 3727/4907
f 3723/4903 3727/4907 3719/4899
f 3727/4907 3728/4908 3716/4896
f 3727/4907 3716/4896 3719/4899
f 3716/4896 3728/4908 3729/4909
f 3716/4896 3729/4909 3715/4895
f 3729/4909 3730/4910 3714/4894
f 3729/4909 3714/4894 3715/4895
f 3710/4890 3713/4893 3714/4894
f 3710/4890 3714/4894 3731/4911
f 3714/4894 3730/4910 3732/4912
f 3714/4894 3732/4912 3731/4911
f 3712/4892 3711/4891 3710/4890
f 3712/4892 3710/4890 3731/4911
f 3712/4892 3733/4913 3709/4889
f 3733/4913 3734/4914 3709/4889
f 3732/4912 3733/4913 3712/4892
f 3732/4912 3712/4892 3731/4911
f 3734/4914 3706/4885 3704/4883
f 3734/4914 3704/4883 3709/4889
f 3735/4915 3706/4885 3734/4914
f 3735/4915 3734/4914 3736/4916
f 3734/4914 3733/4913 3737/4917
f 3734/4914 3737/4917 3736/4916
f 3737/4917 3733/4913 3732/4912
f 3737/4917 3732/4912 3738/4918
f 3732/4912 3730/4910 3739/4919
f 3732/4912 3739/4919 3738/4918
f 3739/4919 3730/4910 3729/4909
f 3739/4919 3729/4909 3740/4920
f 3729/4909 3728/4908 3741/4921
f 3729/4909 3741/4921 3740/4920
f 3741/4921 3728/4908 3727/4907
f 3741/4921 3727/4907 3742/4922
f 3727/4907 3726/4906 3743/4923
f 3727/4907 3743/4923 3742/4922
f 3744/4924 3726/4906 3723/4903
f 3744/4924 3723/4903 3724/4904
f 3743/4923 3726/4906 3744/4924
f 3743/4923 3744/4924 3745/4925
f 3725/4905 3746/4926 3744/4924
f 3725/4905 3744/4924 3724/4904
f 3725/4905 3721/4901 3720/4900
f 3725/4905 3720/4900 3747/4927
f 3748/4928 3746/4926 3725/4905
f 3748/4928 3725/4905 3747/4927
f 3720/4900 3722/4902 3749/4929
f 3720/4900 3749/4929 3747/4927
f 3749/4929 3722/4902 3695/4872
f 3749/4929 3695/4872 3696/4873
f 3750/4930 3751/4931 3749/4929
f 3750/4930 3749/4929 3696/4873
f 3749/4929 3751/4931 3748/4928
f 3749/4929 3748/4928 3747/4927
f 3748/4928 3751/4931 3752/4932
f 3748/4928 3752/4932 3753/4933
f 3754/4934 3746/4926 3748/4928
f 3754/4934 3748/4928 3753/4933
f 3744/4924 3746/4926 3754/4934
f 3744/4924 3754/4934 3745/4925
f 3754/4934 3755/4935 3756/4936
f 3754/4934 3756/4936 3745/4925
f 3756/4936 3757/4937 3743/4923
f 3756/4936 3743/4923 3745/4925
f 3743/4923 3757/4937 3758/4938
f 3743/4923 3758/4938 3742/4922
f 3758/4938 3759/4939 3741/4921
f 3758/4938 3741/4921 3742/4922
f 3741/4921 3759/4939 3760/4940
f 3741/4921 3760/4940 3740/4920
f 3760/4940 3761/4941 3739/4919
f 3760/4940 3739/4919 3740/4920
f 3739/4919 3761/4941 3762/4942
f 3739/4919 3762/4942 3738/4918
f 3762/4942 3763/4943 3737/4917
f 3762/4942 3737/4917 3738/4918
f 3737/4917 3763/4943 3764/4944
f 3737/4917 3764/4944 3736/4916
f 3765/4945 3763/4943 3762/4942
f 3765/4945 3762/4942 3766/4946
f 3764/4944 3763/4943 3765/4945
f 3764/4944 3765/4945 3767/4947
f 3762/4942 3761/4941 3768/4948
f 3762/4942 3768/4948 3766/4946
f 3768/4948 3761/4941 3760/4940
f 3768/4948 3760/4940 3769/4949
f 3760/4940 3759/4939 3770/4950
f 3760/4940 3770/4950 3769/4949
f 3770/4950 3759/4939 3758/4938
f 3770/4950 3758/4938 3771/4951
f 3758/4938 3757/4937 3772/4952
f 3758/4938 3772/4952 3771/4951
f 3772/4952 3757/4937 3756/4936
f 3772/4952 3756/4936 3773/4953
f 3756/4936 3755/4935 3774/4954
f 3756/4936 3774/4954 3773/4953
f 3774/4954 3755/4935 3775/4955
f 3774/4954 3775/4955 3776/4956
f 3775/4955 3755/4935 3754/4934
f 3775/4955 3754/4934 3753/4933
f 3752/4932 3777/4957 3775/4955
f 3752/4932 3775/4955 3753/4933
f 3778/4958 3777/4957 3752/4932
f 3778/4958 3752/4932 3779/4959
f 3752/4932 3751/4931 3750/4930
f 3752/4932 3750/4930 3779/4959
f 3780/4960 3777/4957 3778/4958
f 3780/4960 3778/4958 3781/4961
f 3775/4955 3777/4957 3780/4960
f 3775/4955 3780/4960 3776/4956
f 3780/4960 3782/4962 3783/4963
f 3780/4960 3783/4963 3776/4956
f 3783/4963 3784/4964 3774/4954
f 3783/4963 3774/4954 3776/4956
f 3774/4954 3784/4964 3785/4965
f 3774/4954 3785/4965 3773/4953
f 3785/4965 3786/4966 3772/4952
f 3785/4965 3772/4952 3773/4953
f 3772/4952 3786/4966 3787/4967
f 3772/4952 3787/4967 3771/4951
f 3787/4967 3788/4968 3770/4950
f 3787/4967 3770/4950 3771/4951
f 3770/4950 3788/4968 3789/4969
f 3770/4950 3789/4969 3769/4949
f 3789/4969 3790/4970 3768/4948
f 3789/4969 3768/4948 3769/4949
f 3768/4948 3790/4970 3791/4971
f 3768/4948 3791/4971 3766/4946
f 3791/4971 3792/4972 3765/4945
f 3791/4971 3765/4945 3766/4946
f 3765/4945 3792/4972 3793/4973
f 3765/4945 3793/4973 3767/4947
f 3793/4973 3708/4888 3794/4974
f 3793/4973 3794/4974 3767/4947
f 3794/4974 3795/4975 3764/4944
f 3794/4974 3764/4944 3767/4947
f 3796/4976 3708/4888 3793/4973
f 3796/4976 3793/4973 3797/4977
f 3793/4973 3792/4972 3798/4978
f 3793/4973 3798/4978 3797/4977
f 3798/4978 3792/4972 3791/4971
f 3798/4978 3791/4971 3799/4979
f 3791/4971 3790/4970 3800/4980
f 3791/4971 3800/4980 3799/4979
f 3800/4980 3790/4970 3789/4969
f 3800/4980 3789/4969 3801/4981
f 3789/4969 3788/4968 3802/4982
f 3789/4969 3802/4982 3801/4981
f 3802/4982 3788/4968 3787/4967
f 3802/4982 3787/4967 3803/4983
f 3787/4967 3786/4966 3804/4984
f 3787/4967 3804/4984 3803/4983
f 3804/4984 3786/4966 3785/4965
f 3804/4984 3785/4965 3805/4985
f 3785/4965 3784/4964 3806/4986
f 3785/4965 3806/4986 3805/4985
f 3806/4986 3784/4964 3783/4963
f 3806/4986 3783/4963 3807/4987
f 3783/4963 3782/4962 3808/4988
f 3783/4963 3808/4988 3807/4987
f 3808/4988 3809/4989 3810/4990
f 3808/4988 3810/4990 3807/4987
f 3810/4990 3811/4991 3806/4986
f 3810/4990 3806/4986 3807/4987
f 3806/4986 3811/4991 3812/4992
f 3806/4986 3812/4992 3805/4985
f 3812/4992 3813/4993 3804/4984
f 3812/4992 3804/4984 3805/4985
f 3804/4984 3813/4993 3814/4994
f 3804/4984 3814/4994 3803/4983
f 3814/4994 3815/4995 3802/4982
f 3814/4994 3802/4982 3803/4983
f 3802/4982 3815/4995 3816/4996
f 3802/4982 3816/4996 3801/4981
f 3816/4996 3817/4997 3800/4980
f 3816/4996 3800/4980 3801/4981
f 3800/4980 3817/4997 3818/4998
f 3800/4980 3818/4998 3799/4979
f 3818/4998 3819/4999 3798/4978
f 3818/4998 3798/4978 3799/4979
f 3798/4978 3819/4999 3820/5000
f 3798/4978 3820/5000 3797/4977
f 3820/5000 3821/5001 3796/4976
f 3820/5000 3796/4976 3797/4977
f 3796/4976 3821/5001 3707/4886
f 3708/4888 3796/4976 3707/4886
f 3821/5001 3822/5002 3707/4886
f 3822/5002 3821/5001 3820/5000
f 3822/5002 3820/5000 3823/5003
f 3820/5000 3819/4999 3824/5004
f 3820/5000 3824/5004 3823/5003
f 3824/5004 3819/4999 3818/4998
f 3824/5004 3818/4998 3825/5005
f 3818/4998 3817/4997 3826/5006
f 3818/4998 3826/5006 3825/5005
f 3826/5006 3817/4997 3816/4996
f 3826/5006 3816/4996 3827/5007
f 3816/4996 3815/4995 3828/5008
f 3816/4996 3828/5008 3827/5007
f 3828/5008 3815/4995 3814/4994
f 3828/5008 3814/4994 3829/5009
f 3814/4994 3813/4993 3830/5010
f 3814/4994 3830/5010 3829/5009
f 3830/5010 3813/4993 3812/4992
f 3830/5010 3812/4992 3831/5011
f 3812/4992 3811/4991 3832/5012
f 3812/4992 3832/5012 3831/5011
f 3832/5012 3811/4991 3810/4990
f 3832/5012 3810/4990 3833/5013
f 3810/4990 3809/4989 3834/5014
f 3810/4990 3834/5014 3833/5013
f 3834/5014 3809/4989 3835/5015
f 3834/5014 3835/5015 3836/5016
f 3835/5015 3809/4989 3808/4988
f 3835/5015 3808/4988 3837/5017
f 3838/5018 3839/5019 3834/5014
f 3838/5018 3834/5014 3836/5016
f 3834/5014 3839/5019 3840/5020
f 3834/5014 3840/5020 3833/5013
f 3840/5020 3841/5021 3832/5012
f 3840/5020 3832/5012 3833/5013
f 3832/5012 3841/5021 3842/5022
f 3832/5012 3842/5022 3831/5011
f 3842/5022 3843/5023 3830/5010
f 3842/5022 3830/5010 3831/5011
f 3830/5010 3843/5023 3844/5024
f 3830/5010 3844/5024 3829/5009
f 3844/5025 3845/5026 3828/5027
f 3844/5025 3828/5027 3829/5028
f 3828/5027 3845/5026 3846/5029
f 3828/5027 3846/5029 3827/5030
f 3846/5031 3847/5032 3826/5006
f 3846/5031 3826/5006 3827/5007
f 3826/5006 3847/5032 3848/5033
f 3826/5006 3848/5033 3825/5005
f 3848/5033 3849/5034 3824/5004
f 3848/5033 3824/5004 3825/5005
f 3824/5004 3849/5034 3850/5035
f 3824/5004 3850/5035 3823/5003
f 3850/5035 3851/5036 3822/5002
f 3850/5035 3822/5002 3823/5003
f 3822/5002 3851/5036 3707/4886
f 3707/4886 3851/5036 3850/5035
f 3707/4886 3850/5035 3852/5037
f 3850/5035 3849/5034 3853/5038
f 3850/5035 3853/5038 3852/5037
f 3853/5038 3849/5034 3848/5033
f 3853/5038 3848/5033 3854/5039
f 3848/5033 3847/5032 3855/5040
f 3848/5033 3855/5040 3854/5039
f 3855/5040 3847/5032 3846/5031
f 3855/5040 3846/5031 3856/5041
f 3846/5029 3845/5026 3857/5042
f 3846/5029 3857/5042 3856/5043
f 3857/5042 3845/5026 3844/5025
f 3857/5042 3844/5025 3858/5044
f 3844/5024 3843/5023 3859/5045
f 3844/5024 3859/5045 3858/5046
f 3859/5045 3843/5023 3842/5022
f 3859/5045 3842/5022 3860/5047
f 3842/5022 3841/5021 3861/5048
f 3842/5022 3861/5048 3860/5047
f 3861/5048 3841/5021 3840/5020
f 3861/5048 3840/5020 3862/5049
f 3840/5020 3839/5019 3863/5050
f 3840/5020 3863/5050 3862/5049
f 3863/5050 3839/5019 3838/5018
f 3863/5050 3838/5018 3864/5051
f 3865/5052 3866/5053 3838/5018
f 3865/5052 3838/5018 3836/5016
f 3838/5018 3866/5053 3867/5054
f 3838/5018 3867/5054 3864/5051
f 3867/5054 3868/5055 3869/5056
f 3867/5054 3869/5056 3864/5051
f 3869/5056 3870/5057 3863/5050
f 3869/5056 3863/5050 3864/5051
f 3863/5050 3870/5057 3871/5058
f 3863/5050 3871/5058 3862/5049
f 3871/5058 3872/5059 3861/5048
f 3871/5058 3861/5048 3862/5049
f 3861/5048 3872/5059 3873/5060
f 3861/5048 3873/5060 3860/5047
f 3873/5060 3874/5061 3859/5045
f 3873/5060 3859/5045 3860/5047
f 3859/5045 3874/5061 3875/5062
f 3859/5045 3875/5062 3858/5046
f 3875/5063 3876/5064 3857/5042
f 3875/5063 3857/5042 3858/5044
f 3857/5042 3876/5064 3877/5065
f 3857/5042 3877/5065 3856/5043
f 3877/5065 3878/5066 3855/5067
f 3877/5065 3855/5067 3856/5043
f 3855/5067 3878/5066 3879/5068
f 3855/5067 3879/5068 3854/5069
f 3879/5070 3880/5071 3853/5038
f 3879/5070 3853/5038 3854/5039
f 3853/5038 3880/5071 3881/5072
f 3853/5038 3881/5072 3852/5037
f 3881/5072 3882/5073 3707/4886
f 3881/5072 3707/4886 3852/5037
f 3705/4887 3882/5073 3881/5072
f 3705/4887 3881/5072 3883/5074
f 3881/5075 3880/5076 3884/5077
f 3881/5075 3884/5077 3883/5078
f 3884/5077 3880/5076 3879/5068
f 3884/5077 3879/5068 3885/5079
f 3879/5068 3878/5066 3886/5080
f 3879/5068 3886/5080 3885/5079
f 3886/5080 3878/5066 3877/5065
f 3886/5080 3877/5065 3887/5081
f 3877/5065 3876/5064 3888/5082
f 3877/5065 3888/5082 3887/5081
f 3888/5082 3876/5064 3875/5063
f 3888/5082 3875/5063 3889/5083
f 3875/5062 3874/5061 3890/5084
f 3875/5062 3890/5084 3889/5085
f 3890/5084 3874/5061 3873/5060
f 3890/5084 3873/5060 3891/5086
f 3873/5060 3872/5059 3892/5087
f 3873/5060 3892/5087 3891/5086
f 3892/5087 3872/5059 3871/5058
f 3892/5087 3871/5058 3893/5088
f 3871/5058 3870/5057 3894/5089
f 3871/5058 3894/5089 3893/5088
f 3894/5089 3870/5057 3869/5056
f 3894/5089 3869/5056 3895/5090
f 3869/5056 3868/5055 3896/5091
f 3869/5056 3896/5091 3895/5090
f 3897/5092 3898/5093 3894/5089
f 3897/5092 3894/5089 3895/5090
f 3896/5091 3899/5094 3897/5092
f 3896/5091 3897/5092 3895/5090
f 3894/5089 3898/5093 3900/5095
f 3894/5089 3900/5095 3893/5088
f 3900/5095 3901/5096 3892/5087
f 3900/5095 3892/5087 3893/5088
f 3892/5087 3901/5096 3902/5097
f 3892/5087 3902/5097 3891/5086
f 3902/5097 3903/5098 3890/5084
f 3902/5097 3890/5084 3891/5086
f 3890/5084 3903/5098 3904/5099
f 3890/5084 3904/5099 3889/5085
f 3904/5100 3905/5101 3888/5082
f 3904/5100 3888/5082 3889/5083
f 3888/5082 3905/5101 3906/5102
f 3888/5082 3906/5102 3887/5081
f 3906/5102 3907/5103 3886/5080
f 3906/5102 3886/5080 3887/5081
f 3886/5080 3907/5103 3908/5104
f 3886/5080 3908/5104 3885/5079
f 3908/5104 3909/5105 3884/5077
f 3908/5104 3884/5077 3885/5079
f 3884/5077 3909/5105 3910/5106
f 3884/5077 3910/5106 3883/5078
f 3910/5106 3911/5107 3705/4884
f 3910/5106 3705/4884 3883/5078
f 3702/4880 3911/5107 3910/5106
f 3702/4880 3910/5106 3912/5108
f 3910/5106 3909/5105 3912/5108
f 3909/5105 3913/5109 3912/5108
f 3913/5109 3909/5105 3908/5104
f 3913/5109 3908/5104 3914/5110
f 3908/5104 3907/5103 3915/5111
f 3908/5104 3915/5111 3914/5110
f 3915/5111 3907/5103 3906/5102
f 3915/5111 3906/5102 3916/5112
f 3906/5102 3905/5101 3917/5113
f 3906/5102 3917/5113 3916/5112
f 3917/5113 3905/5101 3904/5100
f 3917/5113 3904/5100 3918/5114
f 3904/5099 3903/5098 3919/5115
f 3904/5099 3919/5115 3918/5116
f 3919/5115 3903/5098 3902/5097
f 3919/5115 3902/5097 3920/5117
f 3902/5097 3901/5096 3921/5118
f 3902/5097 3921/5118 3920/5117
f 3921/5118 3901/5096 3900/5095
f 3921/5118 3900/5095 3922/5119
f 3900/5095 3898/5093 3923/5120
f 3900/5095 3923/5120 3922/5119
f 3923/5120 3898/5093 3897/5092
f 3923/5120 3897/5092 3924/5121
f 3897/5092 3899/5094 3925/5122
f 3897/5092 3925/5122 3924/5121
f 3926/5123 3899/5094 3896/5091
f 3926/5123 3896/5091 3927/5124
f 3925/5122 3899/5094 3928/5125
f 3899/5094 3926/5123 3928/5125
f 3925/5122 3929/5126 3930/5127
f 3925/5122 3930/5127 3924/5121
f 3931/5128 3929/5126 3925/5122
f 3931/5128 3925/5122 3928/5125
f 3930/5127 3932/5129 3923/5120
f 3930/5127 3923/5120 3924/5121
f 3923/5120 3932/5129 3933/5130
f 3923/5120 3933/5130 3922/5119
f 3933/5130 3934/5131 3921/5118
f 3933/5130 3921/5118 3922/5119
f 3921/5118 3934/5131 3935/5132
f 3921/5118 3935/5132 3920/5117
f 3935/5133 3936/5134 3919/5135
f 3935/5133 3919/5135 3920/5136
f 3919/5135 3936/5134 3937/5137
f 3919/5135 3937/5137 3918/5114
f 3937/5137 3938/5138 3917/5113
f 3937/5137 3917/5113 3918/5114
f 3917/5113 3938/5138 3939/5139
f 3917/5113 3939/5139 3916/5112
f 3939/5139 3940/5140 3915/5111
f 3939/5139 3915/5111 3916/5112
f 3915/5111 3940/5140 3941/5141
f 3915/5111 3941/5141 3914/5110
f 3941/5141 3942/5142 3913/5109
f 3941/5141 3913/5109 3914/5110
f 3913/5109 3942/5142 3943/5143
f 3913/5109 3943/5143 3912/5108
f 3942/5142 3941/5141 3940/5140
f 3943/5143 3942/5142 3940/5140
f 3940/5140 3939/5139 3938/5138
f 3684/4860 3943/5143 3940/5140
f 3684/4860 3940/5140 3938/5138
f 3938/5138 3937/5137 3936/5134
f 3938/5138 3936/5134 3935/5133
f 3938/5138 3935/5133 3933/5144
f 3684/4860 3938/5138 3933/5144
f 3935/5132 3934/5131 3933/5130
f 3933/5144 3932/5145 3684/4860
f 3932/5145 3930/5146 3684/4860
f 3930/5127 3929/5126 3931/5128
f 3930/5146 3931/5147 3684/4860
f 3931/5147 3685/4861 3684/4860
f 3944/5148 3685/5149 3931/5128
f 3944/5148 3931/5128 3928/5125
f 3926/5123 3686/4864 3944/5148
f 3926/5123 3944/5148 3928/5125
f 3688/4865 3686/4864 3926/5123
f 3688/4865 3926/5123 3927/5124
f 3896/5091 3868/5055 3945/5150
f 3896/5091 3945/5150 3927/5124
f 3945/5150 3946/5151 3688/4865
f 3945/5150 3688/4865 3927/5124
f 3688/4865 3946/5151 3947/5152
f 3688/4865 3947/5152 3948/5153
f 3688/4865 3948/5153 3949/5154
f 3688/4865 3949/5154 3687/4863
f 3947/5152 3946/5151 3945/5150
f 3947/5152 3945/5150 3950/5155
f 3945/5150 3868/5055 3867/5054
f 3945/5150 3867/5054 3950/5155
f 3951/5156 3952/5157 3947/5152
f 3951/5156 3947/5152 3950/5155
f 3867/5054 3866/5053 3951/5156
f 3867/5054 3951/5156 3950/5155
f 3947/5152 3952/5157 3948/5153
f 3953/5158 3949/5154 3948/5153
f 3953/5158 3948/5153 3954/5159
f 3948/5153 3952/5157 3951/5156
f 3948/5153 3951/5156 3954/5159
f 3949/5154 3955/5160 3956/5161
f 3949/5154 3956/5161 3957/5162
f 3949/5154 3957/5162 3687/4863
f 3955/5160 3949/5154 3953/5158
f 3955/5160 3953/5158 3958/5163
f 3959/5164 3687/4863 3957/5162
f 3959/5164 3957/5162 3960/5165
f 3690/4867 3687/4863 3959/5164
f 3690/4867 3959/5164 3691/4868
f 3957/5162 3956/5161 3961/5166
f 3957/5162 3961/5166 3960/5165
f 3961/5166 3956/5161 3955/5160
f 3961/5166 3955/5160 3958/5163
f 3953/5158 3962/5167 3963/5168
f 3953/5158 3963/5168 3958/5163
f 3963/5168 3964/5169 3961/5166
f 3963/5168 3961/5166 3958/5163
f 3865/5052 3962/5167 3953/5158
f 3865/5052 3953/5158 3954/5159
f 3951/5156 3866/5053 3865/5052
f 3951/5156 3865/5052 3954/5159
f 3835/5015 3962/5167 3865/5052
f 3835/5015 3865/5052 3836/5016
f 3963/5168 3962/5167 3835/5015
f 3963/5168 3835/5015 3837/5017
f 3965/5170 3964/5169 3963/5168
f 3965/5170 3963/5168 3837/5017
f 3961/5166 3964/5169 3966/5171
f 3961/5166 3966/5171 3960/5165
f 3966/5171 3964/5169 3965/5170
f 3966/5171 3965/5170 3781/4961
f 3966/5171 3967/5172 3959/5164
f 3966/5171 3959/5164 3960/5165
f 3959/5164 3967/5172 3694/4871
f 3959/5164 3694/4871 3691/4868
f 3694/4871 3967/5172 3778/4958
f 3694/4871 3778/4958 3779/4959
f 3778/4958 3967/5172 3966/5171
f 3778/4958 3966/5171 3781/4961
f 3965/5170 3782/4962 3780/4960
f 3965/5170 3780/4960 3781/4961
f 3808/4988 3782/4962 3965/5170
f 3808/4988 3965/5170 3837/5017
f 3750/4930 3692/4869 3694/4871
f 3750/4930 3694/4871 3779/4959
f 3693/4870 3692/4869 3750/4930
f 3693/4870 3750/4930 3696/4873
f 3685/5149 3944/5148 3686/4864
f 3684/4860 3703/4881 3943/5143
f 3943/5143 3703/4881 3702/4880
f 3943/5143 3702/4880 3912/5108
f 3705/4884 3911/5107 3702/4880
f 3707/4886 3882/5073 3705/4887
f 3795/4975 3794/4974 3708/4888
f 3706/4885 3795/4975 3708/4888
f 3706/4885 3735/4915 3795/4975
f 3764/4944 3795/4975 3735/4915
f 3764/4944 3735/4915 3736/4916
s off
g pCube42_lambert2SG
v -0.359468 0.609589 0.282389 1 1 1
v -0.360569 0.608706 0.281809 1 1 1
v -0.35788 0.607906 0.283346 1 1 1
v -0.358982 0.607023 0.282767 1 1 1
v -0.359989 0.609672 0.2811 1 1 1
v -0.357128 0.610271 0.281681 1 1 1
v -0.357649 0.610354 0.280392 1 1 1
v -0.35554 0.608588 0.282638 1 1 1
v -0.356985 0.58582 0.240061 1 1 1
v -0.357566 0.584854 0.24077 1 1 1
v -0.355978 0.583171 0.241727 1 1 1
v -0.354218 0.582887 0.241729 1 1 1
v -0.357222 0.606739 0.282768 1 1 1
v -0.354882 0.607421 0.28206 1 1 1
v -0.35589 0.61007 0.280394 1 1 1
v -0.354302 0.608387 0.281351 1 1 1
v -0.354646 0.586502 0.239353 1 1 1
v -0.352886 0.586218 0.239355 1 1 1
v -0.356327 0.584652 0.239483 1 1 1
v -0.353987 0.585334 0.238775 1 1 1
v -0.35474 0.582969 0.24044 1 1 1
v -0.3524 0.583651 0.239733 1 1 1
v -0.351878 0.583569 0.241021 1 1 1
v -0.351298 0.584535 0.240312 1 1 1
v -0.422959 0.637683 0.347241 1 1 1
v -0.425324 0.634212 0.347047 1 1 1
v -0.412889 0.63486 0.352865 1 1 1
v -0.417528 0.628053 0.352483 1 1 1
v -0.421813 0.641366 0.346151 1 1 1
v -0.410641 0.642086 0.350725 1 1 1
v -0.431765 0.639581 0.339642 1 1 1
v -0.428548 0.631483 0.345597 1 1 1
v -0.423852 0.622699 0.349638 1 1 1
v -0.408678 0.621339 0.355741 1 1 1
v -0.401943 0.631222 0.356296 1 1 1
v -0.417858 0.613567 0.351611 1 1 1
v -0.398679 0.641713 0.35319 1 1 1
v -0.42206 0.644702 0.343941 1 1 1
v -0.411126 0.64863 0.346391 1 1 1
v -0.399383 0.651213 0.346897 1 1 1
v -0.423663 0.647183 0.340949 1 1 1
v -0.414269 0.653495 0.340521 1 1 1
v -0.403947 0.658276 0.338375 1 1 1
v -0.387282 0.652351 0.34544 1 1 1
v -0.393091 0.661341 0.334594 1 1 1
v -0.386387 0.64026 0.353449 1 1 1
v -0.390541 0.626909 0.357402 1 1 1
v -0.399113 0.614329 0.356697 1 1 1
v -0.410796 0.604437 0.35144 1 1 1
v -0.430897 0.619615 0.344764 1 1 1
v -0.428086 0.60909 0.344535 1 1 1
v -0.423814 0.598739 0.342433 1 1 1
v -0.432139 0.629911 0.343112 1 1 1
v -0.435552 0.629735 0.33997 1 1 1
v -0.437591 0.61927 0.338602 1 1 1
v -0.437804 0.608588 0.335589 1 1 1
v -0.436183 0.598101 0.331047 1 1 1
v -0.402939 0.595661 0.349131 1 1 1
v -0.426179 0.593898 0.346881 1 1 1
v -0.440723 0.593148 0.333492 1 1 1
v -0.3892 0.607293 0.355312 1 1 1
v -0.379121 0.622085 0.356142 1 1 1
v -0.374236 0.637785 0.351494 1 1 1
v -0.375289 0.652002 0.342076 1 1 1
v -0.38212 0.662573 0.329322 1 1 1
v -0.411676 0.661828 0.328921 1 1 1
v -0.402929 0.665862 0.322561 1 1 1
v -0.393688 0.667889 0.315173 1 1 1
v -0.419594 0.655942 0.334009 1 1 1
v -0.426377 0.64843 0.337629 1 1 1
v -0.42979 0.648254 0.334487 1 1 1
v -0.426288 0.655597 0.327847 1 1 1
v -0.421395 0.661327 0.319975 1 1 1
v -0.415298 0.665224 0.311175 1 1 1
v -0.408233 0.667139 0.301784 1 1 1
v -0.384308 0.667831 0.307041 1 1 1
v -0.40047 0.666997 0.292164 1 1 1
v -0.371455 0.661925 0.322762 1 1 1
v -0.363865 0.650179 0.336933 1 1 1
v -0.362695 0.634381 0.347398 1 1 1
v -0.368123 0.616936 0.352563 1 1 1
v -0.379322 0.6005 0.351641 1 1 1
v -0.394588 0.587576 0.344773 1 1 1
v -0.419528 0.585068 0.341346 1 1 1
v -0.435689 0.584235 0.326469 1 1 1
v -0.446021 0.602621 0.319015 1 1 1
v -0.444359 0.593526 0.311003 1 1 1
v -0.440611 0.585203 0.302408 1 1 1
v -0.421275 0.571703 0.310248 1 1 1
v -0.404119 0.572588 0.326041 1 1 1
v -0.434921 0.577973 0.293558 1 1 1
v -0.386063 0.580492 0.338534 1 1 1
v -0.369857 0.594213 0.345824 1 1 1
v -0.357968 0.611661 0.346803 1 1 1
v -0.352206 0.63018 0.34132 1 1 1
v -0.353448 0.646951 0.330211 1 1 1
v -0.361505 0.65942 0.315167 1 1 1
v -0.375151 0.66569 0.298478 1 1 1
v -0.392307 0.664805 0.282684 1 1 1
v -0.42354 0.660438 0.291193 1 1 1
v -0.417478 0.659552 0.280396 1 1 1
v -0.410363 0.656901 0.270191 1 1 1
v -0.428316 0.659525 0.302168 1 1 1
v -0.431623 0.656849 0.312899 1 1 1
v -0.440803 0.649077 0.308769 1 1 1
v -0.44 0.649633 0.296912 1 1 1
v -0.437279 0.648806 0.285013 1 1 1
v -0.432743 0.646627 0.273529 1 1 1
v -0.426569 0.643181 0.262901 1 1 1
v -0.418992 0.638599 0.253538 1 1 1
v -0.402469 0.652588 0.260971 1 1 1
v -0.384059 0.660647 0.273709 1 1 1
v -0.366567 0.661549 0.289811 1 1 1
v -0.352654 0.655156 0.306827 1 1 1
v -0.344439 0.642442 0.322167 1 1 1
v -0.343172 0.625343 0.333493 1 1 1
v -0.349047 0.606461 0.339084 1 1 1
v -0.361169 0.588671 0.338086 1 1 1
v -0.377693 0.574682 0.330653 1 1 1
v -0.396102 0.566623 0.317915 1 1 1
v -0.353592 0.584089 0.328723 1 1 1
v -0.369798 0.570368 0.321432 1 1 1
v -0.387854 0.562464 0.308939 1 1 1
v -0.341703 0.601537 0.329701 1 1 1
v -0.335941 0.620056 0.324219 1 1 1
v -0.337183 0.636827 0.313109 1 1 1
v -0.34524 0.649297 0.298065 1 1 1
v -0.358886 0.655566 0.281376 1 1 1
v -0.376043 0.654682 0.265583 1 1 1
v -0.394099 0.646778 0.25309 1 1 1
v -0.410305 0.633057 0.245799 1 1 1
v -0.438458 0.625733 0.261922 1 1 1
v -0.431114 0.620809 0.25254 1 1 1
v -0.422194 0.615609 0.244821 1 1 1
v -0.443943 0.630192 0.272607 1 1 1
v -0.447358 0.634014 0.284183 1 1 1
v -0.448571 0.637054 0.296206 1 1 1
v -0.452725 0.623703 0.300159 1 1 1
v -0.452242 0.618315 0.288831 1 1 1
v -0.449371 0.612747 0.277771 1 1 1
v -0.44422 0.607213 0.267405 1 1 1
v -0.436989 0.601927 0.25813 1 1 1
v -0.427956 0.59709 0.250303 1 1 1
v -0.417467 0.592889 0.244225 1 1 1
v -0.412039 0.610334 0.239061 1 1 1
v -0.40084 0.626769 0.239983 1 1 1
v -0.385574 0.639694 0.24685 1 1 1
v -0.368566 0.647139 0.258618 1 1 1
v -0.352405 0.647972 0.273495 1 1 1
v -0.339551 0.642066 0.289216 1 1 1
v -0.331961 0.63032 0.303387 1 1 1
v -0.330791 0.614523 0.313852 1 1 1
v -0.336219 0.597078 0.319017 1 1 1
v -0.347418 0.580642 0.318095 1 1 1
v -0.342883 0.578463 0.306611 1 1 1
v -0.332804 0.593255 0.30744 1 1 1
v -0.327919 0.608955 0.302792 1 1 1
v -0.328972 0.623173 0.293374 1 1 1
v -0.335802 0.633744 0.28062 1 1 1
v -0.347371 0.639059 0.266472 1 1 1
v -0.361915 0.638309 0.253083 1 1 1
v -0.377222 0.631608 0.242492 1 1 1
v -0.390961 0.619977 0.236311 1 1 1
v -0.40104 0.605185 0.235482 1 1 1
v -0.405925 0.589485 0.24013 1 1 1
v -0.426714 0.580319 0.261413 1 1 1
v -0.416297 0.577091 0.25469 1 1 1
v -0.404872 0.575267 0.249548 1 1 1
v -0.435723 0.584827 0.269457 1 1 1
v -0.442978 0.590442 0.278514 1 1 1
v -0.448201 0.596949 0.288236 1 1 1
v -0.427508 0.572113 0.284796 1 1 1
v -0.418657 0.567849 0.276457 1 1 1
v -0.408707 0.565345 0.268862 1 1 1
v -0.398042 0.564696 0.262302 1 1 1
v -0.392879 0.574918 0.246184 1 1 1
v -0.38707 0.565928 0.25703 1 1 1
v -0.393775 0.587009 0.238174 1 1 1
v -0.38962 0.600361 0.234222 1 1 1
v -0.381049 0.61294 0.234927 1 1 1
v -0.369365 0.622832 0.240183 1 1 1
v -0.356347 0.628531 0.24919 1 1 1
v -0.343978 0.629169 0.260576 1 1 1
v -0.33414 0.624648 0.272609 1 1 1
v -0.328331 0.615658 0.283455 1 1 1
v -0.327436 0.603567 0.291464 1 1 1
v -0.334628 0.61513 0.265488 1 1 1
v -0.330064 0.608066 0.27401 1 1 1
v -0.32936 0.598566 0.280303 1 1 1
v -0.342358 0.618681 0.256035 1 1 1
v -0.352076 0.61818 0.247089 1 1 1
v -0.362304 0.613703 0.240012 1 1 1
v -0.371484 0.605931 0.235882 1 1 1
v -0.378218 0.596047 0.235328 1 1 1
v -0.381482 0.585557 0.238434 1 1 1
v -0.380779 0.576057 0.244727 1 1 1
v -0.376215 0.568993 0.253249 1 1 1
v -0.386473 0.559381 0.27645 1 1 1
v -0.377232 0.561408 0.269062 1 1 1
v -0.368485 0.565442 0.262702 1 1 1
v -0.395853 0.559439 0.284582 1 1 1
v -0.405011 0.56158 0.293146 1 1 1
v -0.413595 0.565721 0.301812 1 1 1
v -0.379692 0.560272 0.299459 1 1 1
v -0.371929 0.560131 0.289839 1 1 1
v -0.364863 0.562046 0.280449 1 1 1
v -0.358767 0.565943 0.271648 1 1 1
v -0.353874 0.571673 0.263777 1 1 1
v -0.360568 0.571328 0.257614 1 1 1
v -0.365892 0.573774 0.251103 1 1 1
v -0.369036 0.57864 0.245233 1 1 1
v -0.36952 0.585183 0.240898 1 1 1
v -0.367272 0.592409 0.238759 1 1 1
v -0.362633 0.599217 0.23914 1 1 1
v -0.35631 0.60457 0.241985 1 1 1
v -0.349265 0.607655 0.24686 1 1 1
v -0.342571 0.608 0.253022 1 1 1
v -0.337246 0.605553 0.259534 1 1 1
v -0.34461 0.597535 0.251653 1 1 1
v -0.348022 0.597359 0.248512 1 1 1
v -0.349828 0.601225 0.263314 1 1 1
v -0.359546 0.600724 0.254368 1 1 1
v -0.36277 0.597995 0.252917 1 1 1
v -0.365135 0.594524 0.252723 1 1 1
v -0.366281 0.590841 0.253813 1 1 1
v -0.366034 0.587505 0.256023 1 1 1
v -0.356499 0.580087 0.250675 1 1 1
v -0.353785 0.57884 0.253995 1 1 1
v -0.350372 0.579016 0.257136 1 1 1
v -0.348539 0.57042 0.278725 1 1 1
v -0.346828 0.574757 0.268651 1 1 1
v -0.354713 0.585525 0.267962 1 1 1
v -0.351846 0.567744 0.289455 1 1 1
v -0.356622 0.566832 0.30043 1 1 1
v -0.362684 0.567718 0.311227 1 1 1
v -0.340162 0.577636 0.294712 1 1 1
v -0.339359 0.578192 0.282855 1 1 1
v -0.340505 0.580111 0.271496 1 1 1
v -0.351489 0.588255 0.269412 1 1 1
v -0.370839 0.601658 0.27558 1 1 1
v -0.334103 0.600688 0.265404 1 1 1
v -0.348225 0.598745 0.266306 1 1 1
v -0.333618 0.594144 0.269738 1 1 1
v -0.347978 0.595409 0.268516 1 1 1
v -0.349124 0.591725 0.269607 1 1 1
v -0.335866 0.586918 0.271878 1 1 1
v -0.332624 0.588076 0.283409 1 1 1
v -0.33159 0.590215 0.295417 1 1 1
v -0.45119 0.604097 0.298249 1 1 1
v -0.45183 0.611611 0.308169 1 1 1
v -0.445534 0.61214 0.326135 1 1 1
v -0.450098 0.619203 0.317613 1 1 1
v -0.450801 0.628703 0.31132 1 1 1
v -0.442915 0.621716 0.33209 1 1 1
v -0.446059 0.626582 0.32622 1 1 1
v -0.446543 0.633125 0.321885 1 1 1
v -0.444295 0.640351 0.319746 1 1 1
v -0.447537 0.639194 0.308215 1 1 1
v -0.439869 0.633462 0.333658 1 1 1
v -0.440116 0.636798 0.331448 1 1 1
v -0.43897 0.640482 0.330358 1 1 1
v -0.438266 0.630982 0.336651 1 1 1
v -0.436605 0.643952 0.330552 1 1 1
v -0.439656 0.647159 0.320128 1 1 1
v -0.433333 0.652512 0.322972 1 1 1
v -0.433381 0.646682 0.332002 1 1 1
vt 0.023664 0.800977
vt 0.0229238 0.796447
vt 0.0185454 0.806216
vt 0.015855 0.80187
vt 0.0267948 0.798467
vt 0.0273819 0.807394
vt 0.0312038 0.805369
vt 0.0218897 0.813357
vt 0.578841 0.453442
vt 0.576489 0.449663
vt 0.469613 0.527722
vt 0.473398 0.531066
vt 0.583044 0.46148
vt 0.479582 0.539087
vt 0.483713 0.545391
vt 0.586035 0.467555
vt 0.588457 0.465175
vt 0.591181 0.47577
vt 0.595095 0.474839
vt 0.599092 0.485444
vt 0.602125 0.482364
vt 0.59302 0.480119
vt 0.603672 0.487862
vt 0.497932 0.570151
vt 0.495476 0.566295
vt 0.57324 0.443575
vt 0.462995 0.522397
vt 0.00691784 0.782159
vt 0.00257511 0.781904
vt 0.00982328 0.789088
vt 0.00567867 0.789945
vt 0.00413042 0.777578
vt 0.0136758 0.779869
vt 0.013237 0.775092
vt 0.0177574 0.778611
vt 0.0168513 0.787245
vt 0.0209543 0.786651
vt 0.488548 0.554364
vt 0.491096 0.558989
vt 0.010279 0.793535
vt 0.0194112 0.791066
vt 0.364038 0.923961
vt 0.37242 0.912249
vt 0.316833 0.929068
vt 0.334499 0.907195
vt 0.362904 0.934141
vt 0.311565 0.949709
vt 0.417531 0.910121
vt 0.386608 0.90054
vt 0.360438 0.886726
vt 0.300982 0.894047
vt 0.274233 0.922371
vt 0.335601 0.868877
vt 0.260521 0.952244
vt 0.825081 0.98117
vt 0.829129 0.98864
vt 0.878997 0.967483
vt 0.865804 0.955333
vt 0.920982 0.935852
vt 0.898326 0.922379
vt 0.773403 0.998887
vt 0.81267 0.976185
vt 0.841437 0.947827
vt 0.864337 0.915972
vt 0.920017 0.884993
vt 0.879202 0.879451
vt 0.949032 0.896544
vt 0.21179 0.943891
vt 0.233786 0.908496
vt 0.26805 0.875837
vt 0.31083 0.844186
vt 0.394901 0.8687
vt 0.383798 0.846667
vt 0.366807 0.822501
vt 0.405276 0.889797
vt 0.422714 0.878336
vt 0.427781 0.846774
vt 0.427183 0.816687
vt 0.418961 0.783692
vt 0.282875 0.817428
vt 0.355762 0.807363
vt 0.407065 0.768548
vt 0.236393 0.853775
vt 0.195888 0.888667
vt 0.165427 0.925955
vt 0.978515 0.850504
vt 0.937061 0.843013
vt 0.890987 0.840402
vt 0.822753 0.912145
vt 0.829416 0.877684
vt 0.834819 0.839718
vt 0.810681 0.94462
vt 0.796768 0.972791
vt 0.775332 0.972545
vt 0.776133 0.945044
vt 0.774681 0.914267
vt 0.774395 0.879365
vt 0.773482 0.842027
vt 0.836423 0.800553
vt 0.769713 0.804035
vt 0.896682 0.798276
vt 0.947898 0.799453
vt 0.98891 0.801867
vt 0.123057 0.901302
vt 0.159646 0.863211
vt 0.203865 0.828298
vt 0.256682 0.789298
vt 0.335342 0.775686
vt 0.392001 0.736279
vt 0.460483 0.751496
vt 0.446071 0.713581
vt 0.427715 0.674657
vt 0.347276 0.67511
vt 0.287966 0.716322
vt 0.40459 0.637961
vt 0.230367 0.758717
vt 0.175582 0.797949
vt 0.127605 0.833185
vt 0.0852437 0.868635
vt 0.998898 0.749742
vt 0.95409 0.754155
vt 0.900318 0.755691
vt 0.836714 0.759091
vt 0.766082 0.762947
vt 0.708573 0.845743
vt 0.701718 0.807246
vt 0.693653 0.766135
vt 0.719059 0.882398
vt 0.72909 0.916643
vt 0.686097 0.922044
vt 0.666399 0.887347
vt 0.650305 0.851031
vt 0.636629 0.810943
vt 0.62765 0.769777
vt 0.620913 0.726717
vt 0.688852 0.72526
vt 0.761461 0.722608
vt 0.832438 0.716981
vt 0.897538 0.711264
vt 0.953033 0.705775
vt 0.999128 0.6974
vt 0.0537938 0.830573
vt 0.0988896 0.798358
vt 0.148763 0.765678
vt 0.204279 0.727046
vt 0.261882 0.685302
vt 0.124821 0.73065
vt 0.179382 0.69515
vt 0.236394 0.653488
vt 0.0745335 0.761892
vt 0.0305623 0.787552
vt 0.992134 0.644542
vt 0.946278 0.656832
vt 0.892081 0.66676
vt 0.826757 0.675401
vt 0.756422 0.681358
vt 0.685019 0.683603
vt 0.617827 0.684756
vt 0.567428 0.769985
vt 0.559953 0.726876
vt 0.558734 0.682281
vt 0.579091 0.814161
vt 0.59808 0.8555
vt 0.620045 0.894209
vt 0.586559 0.912253
vt 0.557749 0.873103
vt 0.528619 0.822324
vt 0.512342 0.774868
vt 0.504794 0.725324
vt 0.506781 0.674998
vt 0.508543 0.628711
vt 0.560564 0.638484
vt 0.618466 0.643456
vt 0.682609 0.642995
vt 0.751325 0.64114
vt 0.818972 0.634278
vt 0.881905 0.626276
vt 0.935441 0.614519
vt 0.981559 0.597156
vt 0.0553231 0.722682
vt 0.00791607 0.744848
vt 0.105867 0.695252
vt 0.0907522 0.658641
vt 0.046611 0.681871
vt 0.00746449 0.694648
vt 0.91978 0.573798
vt 0.961825 0.551595
vt 0.868527 0.587402
vt 0.811351 0.59692
vt 0.747754 0.603748
vt 0.683684 0.605089
vt 0.624455 0.604284
vt 0.571606 0.597999
vt 0.529168 0.584074
vt 0.390856 0.537902
vt 0.424485 0.499311
vt 0.386903 0.468185
vt 0.356696 0.508119
vt 0.34296 0.444944
vt 0.318449 0.483139
vt 0.423134 0.570565
vt 0.460995 0.536006
vt 0.449848 0.605684
vt 0.490103 0.576388
vt 0.476066 0.645476
vt 0.5095 0.609785
vt 0.375639 0.60585
vt 0.34621 0.573735
vt 0.314457 0.544983
vt 0.283495 0.51853
vt 0.280464 0.465003
vt 0.24947 0.498439
vt 0.298617 0.428486
vt 0.546563 0.54595
vt 0.587344 0.560434
vt 0.633805 0.568007
vt 0.68767 0.569936
vt 0.744972 0.568335
vt 0.801501 0.562092
vt 0.85283 0.552046
vt 0.898514 0.537949
vt 0.934919 0.514602
vt 0.832646 0.521453
vt 0.870706 0.507727
vt 0.898046 0.486331
vt 0.789155 0.531293
vt 0.738498 0.539038
vt 0.692679 0.540121
vt 0.64924 0.536453
vt 0.608921 0.529032
vt 0.582359 0.51492
vt 0.239291 0.453876
vt 0.252426 0.424227
vt 0.217632 0.482247
vt 0.238234 0.556619
vt 0.210952 0.532414
vt 0.185793 0.511519
vt 0.265691 0.583255
vt 0.293321 0.612778
vt 0.321144 0.643269
vt 0.210608 0.623157
vt 0.188001 0.593551
vt 0.167541 0.565362
vt 0.150165 0.538211
vt 0.133808 0.516688
vt 0.160564 0.495245
vt 0.181946 0.47141
vt 0.198815 0.446404
vt 0.20844 0.424891
vt 0.639453 0.501317
vt 0.61669 0.490592
vt 0.66688 0.507425
vt 0.699562 0.510241
vt 0.733516 0.512815
vt 0.776734 0.505408
vt 0.809104 0.495067
vt 0.752525 0.487726
vt 0.730188 0.488594
vt 0.781453 0.46534
vt 0.69674 0.474832
vt 0.680324 0.472924
vt 0.664824 0.468684
vt 0.655277 0.462851
vt 0.608678 0.469758
vt 0.650173 0.454558
vt 0.608006 0.448104
vt 0.628066 0.426764
vt 0.134288 0.482604
vt 0.146674 0.469592
vt 0.120519 0.49458
vt 0.112268 0.565847
vt 0.104436 0.536152
vt 0.0883596 0.501831
vt 0.122562 0.596607
vt 0.137838 0.628915
vt 0.157291 0.661693
vt 0.0796988 0.622495
vt 0.0748591 0.587295
vt 0.0764427 0.550333
vt 0.861459 0.424008
vt 0.854374 0.402292
vt 0.819621 0.417536
vt 0.82014 0.428986
vt 0.72839 0.428453
vt 0.0655737 0.444826
vt 0.130127 0.438092
vt 0.836821 0.482887
vt 0.800417 0.458339
vt 0.85761 0.466648
vt 0.811401 0.449699
vt 0.818652 0.439953
vt 0.861015 0.446458
vt 0.0428449 0.599274
vt 0.0512403 0.560955
vt 0.0380485 0.642291
vt 0.000303993 0.650457
vt 0.0152943 0.604484
vt 0.0290844 0.56577
vt 0.488972 0.690289
vt 0.533841 0.896176
vt 0.508485 0.870632
vt 0.499378 0.732488
vt 0.569099 0.936159
vt 0.461007 0.79367
vt 0.492132 0.780071
vt 0.612724 0.968278
vt 0.624863 0.94836
vt 0.455396 0.831624
vt 0.478944 0.825334
vt 0.662293 0.991089
vt 0.664662 0.973801
vt 0.681742 0.960742
vt 0.650599 0.931661
vt 0.717212 0.999669
vt 0.715693 0.99157
vt 0.722225 0.982995
vt 0.438892 0.8694
vt 0.44987 0.868782
vt 0.735721 0.977455
vt 0.708689 0.951541
vt 0.742132 0.946797
vt 0.755001 0.973995
usemtl lambert2SG
f 3968/5173 3969/5174 3970/5175
f 3969/5174 3971/5176 3970/5175
f 3972/5177 3968/5173 3973/5178
f 3972/5177 3973/5178 3974/5179
f 3970/5175 3975/5180 3968/5173
f 3975/5180 3973/5178 3968/5173
f 3968/5173 3972/5177 3969/5174
f 3969/5181 3972/5182 3976/5183
f 3969/5181 3976/5183 3977/5184
f 3971/5185 3969/5181 3978/5186
f 3969/5181 3977/5184 3978/5186
f 3978/5186 3979/5187 3980/5188
f 3978/5186 3980/5188 3971/5185
f 3971/5185 3980/5188 3970/5189
f 3970/5189 3980/5188 3981/5190
f 3970/5189 3981/5190 3975/5191
f 3982/5192 3973/5193 3983/5194
f 3973/5193 3975/5191 3983/5194
f 3975/5191 3981/5190 3983/5194
f 3982/5192 3974/5195 3973/5193
f 3974/5195 3982/5192 3984/5196
f 3982/5192 3985/5197 3984/5196
f 3972/5182 3974/5198 3976/5183
f 3974/5198 3984/5199 3976/5183
f 3986/5200 3976/5201 3987/5202
f 3976/5201 3984/5203 3987/5202
f 3977/5204 3976/5201 3986/5200
f 3977/5204 3986/5200 3988/5205
f 3977/5204 3988/5205 3978/5206
f 3978/5206 3988/5205 3979/5207
f 3979/5207 3988/5205 3989/5208
f 3979/5207 3989/5208 3990/5209
f 3979/5187 3990/5210 3981/5190
f 3979/5187 3981/5190 3980/5188
f 3990/5210 3991/5211 3983/5194
f 3990/5210 3983/5194 3981/5190
f 3982/5192 3983/5194 3985/5197
f 3983/5194 3991/5211 3985/5197
f 3987/5202 3985/5212 3991/5213
f 3987/5202 3991/5213 3989/5208
f 3987/5202 3984/5203 3985/5212
f 3986/5200 3987/5202 3988/5205
f 3987/5202 3989/5208 3988/5205
f 3990/5209 3989/5208 3991/5213
f 3992/5214 3993/5215 3994/5216
f 3993/5215 3995/5217 3994/5216
f 3996/5218 3992/5214 3994/5216
f 3996/5218 3994/5216 3997/5219
f 3993/5215 3992/5214 3998/5220
f 3992/5214 3996/5218 3998/5220
f 3993/5215 3999/5221 4000/5222
f 3993/5215 4000/5222 3995/5217
f 3999/5221 3993/5215 3998/5220
f 3994/5216 3995/5217 4001/5223
f 3994/5216 4001/5223 4002/5224
f 3995/5217 4000/5222 4003/5225
f 3995/5217 4003/5225 4001/5223
f 3997/5219 3994/5216 4004/5226
f 3994/5216 4002/5224 4004/5226
f 4005/5227 3996/5228 3997/5229
f 4005/5227 3997/5229 4006/5230
f 4006/5230 3997/5229 4004/5231
f 4006/5230 4004/5231 4007/5232
f 3996/5228 4005/5227 3998/5233
f 4008/5234 4005/5227 4009/5235
f 4005/5227 4006/5230 4009/5235
f 4005/5227 4008/5234 3998/5233
f 4009/5235 4006/5230 4007/5232
f 4009/5235 4007/5232 4010/5236
f 4010/5236 4007/5232 4011/5237
f 4010/5236 4011/5237 4012/5238
f 4007/5232 4004/5231 4011/5237
f 4004/5231 4013/5239 4011/5237
f 4004/5226 4002/5224 4013/5240
f 4002/5224 4014/5241 4013/5240
f 4002/5224 4001/5223 4015/5242
f 4002/5224 4015/5242 4014/5241
f 4001/5223 4003/5225 4016/5243
f 4001/5223 4016/5243 4015/5242
f 4000/5222 4017/5244 4003/5225
f 4017/5244 4018/5245 4003/5225
f 4003/5225 4018/5245 4016/5243
f 4018/5245 4019/5246 4016/5243
f 3999/5221 4020/5247 4017/5244
f 3999/5221 4017/5244 4000/5222
f 4020/5247 3999/5221 3998/5220
f 4020/5247 4021/5248 4017/5244
f 4021/5248 4022/5249 4017/5244
f 4021/5248 4020/5247 3998/5220
f 4017/5244 4022/5249 4023/5250
f 4017/5244 4023/5250 4018/5245
f 4018/5245 4023/5250 4019/5246
f 4023/5250 4024/5251 4019/5246
f 4016/5243 4019/5246 4025/5252
f 4019/5246 4026/5253 4025/5252
f 4019/5246 4024/5251 4026/5253
f 4024/5251 4027/5254 4026/5253
f 4015/5242 4016/5243 4028/5255
f 4016/5243 4025/5252 4028/5255
f 4014/5241 4015/5242 4028/5255
f 4014/5241 4028/5255 4029/5256
f 4013/5240 4014/5241 4030/5257
f 4014/5241 4029/5256 4030/5257
f 4011/5237 4013/5239 4030/5258
f 4011/5237 4030/5258 4031/5259
f 4012/5238 4011/5237 4031/5259
f 4012/5238 4031/5259 4032/5260
f 4033/5261 4010/5236 4012/5238
f 4033/5261 4012/5238 4034/5262
f 4034/5262 4012/5238 4035/5263
f 4012/5238 4032/5260 4035/5263
f 4036/5264 4009/5235 4033/5261
f 4009/5235 4010/5236 4033/5261
f 4037/5265 4008/5234 4009/5235
f 4037/5265 4009/5235 4036/5264
f 4008/5234 4037/5265 3998/5233
f 4038/5266 4037/5265 4036/5264
f 4038/5266 4036/5264 4039/5267
f 4037/5265 4038/5266 3998/5233
f 4039/5267 4036/5264 4033/5261
f 4039/5267 4033/5261 4040/5268
f 4040/5268 4033/5261 4041/5269
f 4033/5261 4034/5262 4041/5269
f 4041/5269 4034/5262 4035/5263
f 4041/5269 4035/5263 4042/5270
f 4042/5270 4035/5263 4043/5271
f 4042/5270 4043/5271 4044/5272
f 4035/5263 4032/5260 4043/5271
f 4032/5260 4045/5273 4043/5271
f 4032/5260 4031/5259 4046/5274
f 4032/5260 4046/5274 4045/5273
f 4031/5259 4030/5258 4047/5275
f 4031/5259 4047/5275 4046/5274
f 4030/5257 4029/5256 4047/5276
f 4029/5256 4048/5277 4047/5276
f 4029/5256 4028/5255 4049/5278
f 4029/5256 4049/5278 4048/5277
f 4028/5255 4025/5252 4049/5278
f 4025/5252 4050/5279 4049/5278
f 4025/5252 4026/5253 4051/5280
f 4025/5252 4051/5280 4050/5279
f 4026/5253 4027/5254 4051/5280
f 4027/5254 4052/5281 4051/5280
f 4024/5251 4053/5282 4054/5283
f 4024/5251 4054/5283 4027/5254
f 4027/5254 4054/5283 4052/5281
f 4054/5283 4055/5284 4052/5281
f 4051/5280 4052/5281 4056/5285
f 4051/5280 4056/5285 4057/5286
f 4052/5281 4055/5284 4056/5285
f 4055/5284 4058/5287 4056/5285
f 4050/5279 4051/5280 4057/5286
f 4050/5279 4057/5286 4059/5288
f 4049/5278 4050/5279 4059/5288
f 4049/5278 4059/5288 4060/5289
f 4048/5277 4049/5278 4061/5290
f 4049/5278 4060/5289 4061/5290
f 4047/5276 4048/5277 4061/5290
f 4047/5276 4061/5290 4062/5291
f 4046/5274 4047/5275 4062/5292
f 4046/5274 4062/5292 4063/5293
f 4045/5273 4046/5274 4064/5294
f 4046/5274 4063/5293 4064/5294
f 4043/5271 4045/5273 4064/5294
f 4043/5271 4064/5294 4065/5295
f 4044/5272 4043/5271 4066/5296
f 4043/5271 4065/5295 4066/5296
f 4067/5297 4042/5270 4068/5298
f 4042/5270 4044/5272 4068/5298
f 4068/5298 4044/5272 4066/5296
f 4068/5298 4066/5296 4069/5299
f 4070/5300 4041/5269 4067/5297
f 4041/5269 4042/5270 4067/5297
f 4071/5301 4040/5268 4070/5300
f 4040/5268 4041/5269 4070/5300
f 4072/5302 4071/5301 4070/5300
f 4072/5302 4070/5300 4073/5303
f 4073/5303 4070/5300 4067/5297
f 4073/5303 4067/5297 4074/5304
f 4074/5304 4067/5297 4075/5305
f 4067/5297 4068/5298 4075/5305
f 4075/5305 4068/5298 4069/5299
f 4075/5305 4069/5299 4076/5306
f 4076/5306 4069/5299 4077/5307
f 4069/5299 4078/5308 4077/5307
f 4069/5299 4066/5296 4078/5308
f 4066/5296 4079/5309 4078/5308
f 4066/5296 4065/5295 4080/5310
f 4066/5296 4080/5310 4079/5309
f 4065/5295 4064/5294 4080/5310
f 4064/5294 4081/5311 4080/5310
f 4064/5294 4063/5293 4081/5311
f 4063/5293 4082/5312 4081/5311
f 4063/5293 4062/5292 4083/5313
f 4063/5293 4083/5313 4082/5312
f 4062/5291 4061/5290 4083/5314
f 4061/5290 4084/5315 4083/5314
f 4061/5290 4060/5289 4084/5315
f 4060/5289 4085/5316 4084/5315
f 4060/5289 4059/5288 4085/5316
f 4059/5288 4086/5317 4085/5316
f 4059/5288 4057/5286 4087/5318
f 4059/5288 4087/5318 4086/5317
f 4085/5316 4086/5317 4088/5319
f 4086/5317 4089/5320 4088/5319
f 4086/5317 4087/5318 4090/5321
f 4086/5317 4090/5321 4089/5320
f 4084/5315 4085/5316 4088/5319
f 4084/5315 4088/5319 4091/5322
f 4083/5314 4084/5315 4092/5323
f 4084/5315 4091/5322 4092/5323
f 4082/5312 4083/5313 4092/5324
f 4082/5312 4092/5324 4093/5325
f 4081/5311 4082/5312 4094/5326
f 4082/5312 4093/5325 4094/5326
f 4080/5310 4081/5311 4094/5326
f 4080/5310 4094/5326 4095/5327
f 4079/5309 4080/5310 4096/5328
f 4080/5310 4095/5327 4096/5328
f 4078/5308 4079/5309 4097/5329
f 4079/5309 4096/5328 4097/5329
f 4077/5307 4078/5308 4097/5329
f 4077/5307 4097/5329 4098/5330
f 4099/5331 4076/5306 4077/5307
f 4099/5331 4077/5307 4100/5332
f 4100/5332 4077/5307 4101/5333
f 4077/5307 4098/5330 4101/5333
f 4102/5334 4075/5305 4099/5331
f 4075/5305 4076/5306 4099/5331
f 4103/5335 4074/5304 4075/5305
f 4103/5335 4075/5305 4102/5334
f 4104/5336 4073/5303 4074/5304
f 4104/5336 4074/5304 4103/5335
f 4105/5337 4104/5336 4106/5338
f 4104/5336 4103/5335 4106/5338
f 4106/5338 4103/5335 4107/5339
f 4103/5335 4102/5334 4107/5339
f 4107/5339 4102/5334 4099/5331
f 4107/5339 4099/5331 4108/5340
f 4108/5340 4099/5331 4100/5332
f 4108/5340 4100/5332 4109/5341
f 4109/5341 4100/5332 4101/5333
f 4109/5341 4101/5333 4110/5342
f 4110/5342 4101/5333 4111/5343
f 4101/5333 4112/5344 4111/5343
f 4101/5333 4098/5330 4113/5345
f 4101/5333 4113/5345 4112/5344
f 4098/5330 4097/5329 4113/5345
f 4097/5329 4114/5346 4113/5345
f 4097/5329 4096/5328 4114/5346
f 4096/5328 4115/5347 4114/5346
f 4096/5328 4095/5327 4116/5348
f 4096/5328 4116/5348 4115/5347
f 4095/5327 4094/5326 4116/5348
f 4094/5326 4117/5349 4116/5348
f 4094/5326 4093/5325 4117/5349
f 4093/5325 4118/5350 4117/5349
f 4093/5325 4092/5324 4119/5351
f 4093/5325 4119/5351 4118/5350
f 4092/5323 4091/5322 4120/5352
f 4092/5323 4120/5352 4119/5353
f 4091/5322 4088/5319 4120/5352
f 4088/5319 4121/5354 4120/5352
f 4120/5352 4121/5354 4122/5355
f 4120/5352 4122/5355 4123/5356
f 4119/5353 4120/5352 4124/5357
f 4120/5352 4123/5356 4124/5357
f 4118/5350 4119/5351 4125/5358
f 4119/5351 4124/5359 4125/5358
f 4117/5349 4118/5350 4125/5358
f 4117/5349 4125/5358 4126/5360
f 4116/5348 4117/5349 4127/5361
f 4117/5349 4126/5360 4127/5361
f 4115/5347 4116/5348 4127/5361
f 4115/5347 4127/5361 4128/5362
f 4114/5346 4115/5347 4128/5362
f 4114/5346 4128/5362 4129/5363
f 4113/5345 4114/5346 4130/5364
f 4114/5346 4129/5363 4130/5364
f 4112/5344 4113/5345 4130/5364
f 4112/5344 4130/5364 4131/5365
f 4111/5343 4112/5344 4132/5366
f 4112/5344 4131/5365 4132/5366
f 4133/5367 4110/5368 4111/5369
f 4133/5367 4111/5369 4134/5370
f 4134/5370 4111/5369 4132/5371
f 4134/5370 4132/5371 4135/5372
f 4136/5373 4109/5374 4133/5367
f 4109/5374 4110/5368 4133/5367
f 4137/5375 4108/5376 4109/5374
f 4137/5375 4109/5374 4136/5373
f 4138/5377 4107/5378 4137/5375
f 4107/5378 4108/5376 4137/5375
f 4055/5284 4138/5377 4058/5287
f 4138/5377 4137/5375 4058/5287
f 4058/5287 4137/5375 4139/5379
f 4137/5375 4136/5373 4139/5379
f 4139/5379 4136/5373 4133/5367
f 4139/5379 4133/5367 4140/5380
f 4140/5380 4133/5367 4141/5381
f 4133/5367 4134/5370 4141/5381
f 4141/5381 4134/5370 4142/5382
f 4134/5370 4135/5372 4142/5382
f 4142/5382 4135/5372 4143/5383
f 4142/5382 4143/5383 4144/5384
f 4135/5372 4132/5371 4145/5385
f 4135/5372 4145/5385 4143/5383
f 4132/5366 4131/5365 4145/5386
f 4131/5365 4146/5387 4145/5386
f 4131/5365 4130/5364 4147/5388
f 4131/5365 4147/5388 4146/5387
f 4130/5364 4129/5363 4148/5389
f 4130/5364 4148/5389 4147/5388
f 4129/5363 4128/5362 4148/5389
f 4128/5362 4149/5390 4148/5389
f 4128/5362 4127/5361 4149/5390
f 4127/5361 4150/5391 4149/5390
f 4127/5361 4126/5360 4150/5391
f 4126/5360 4151/5392 4150/5391
f 4126/5360 4125/5358 4151/5392
f 4125/5358 4152/5393 4151/5392
f 4125/5358 4124/5359 4152/5393
f 4124/5359 4153/5394 4152/5393
f 4151/5392 4152/5393 4154/5395
f 4152/5393 4155/5396 4154/5395
f 4152/5393 4153/5394 4156/5397
f 4152/5393 4156/5397 4155/5396
f 4150/5391 4151/5392 4154/5395
f 4150/5391 4154/5395 4157/5398
f 4149/5390 4150/5391 4158/5399
f 4150/5391 4157/5398 4158/5399
f 4148/5389 4149/5390 4159/5400
f 4149/5390 4158/5399 4159/5400
f 4147/5388 4148/5389 4160/5401
f 4148/5389 4159/5400 4160/5401
f 4146/5387 4147/5388 4160/5401
f 4146/5387 4160/5401 4161/5402
f 4145/5386 4146/5387 4161/5402
f 4145/5386 4161/5402 4162/5403
f 4143/5383 4145/5385 4163/5404
f 4145/5385 4162/5405 4163/5404
f 4144/5384 4143/5383 4164/5406
f 4143/5383 4163/5404 4164/5406
f 4165/5407 4142/5382 4166/5408
f 4142/5382 4144/5384 4166/5408
f 4166/5408 4144/5384 4164/5406
f 4166/5408 4164/5406 4167/5409
f 4168/5410 4141/5381 4142/5382
f 4168/5410 4142/5382 4165/5407
f 4169/5411 4140/5380 4141/5381
f 4169/5411 4141/5381 4168/5410
f 4170/5412 4139/5379 4140/5380
f 4170/5412 4140/5380 4169/5411
f 4087/5318 4170/5412 4169/5411
f 4087/5318 4169/5411 4090/5321
f 4090/5321 4169/5411 4171/5413
f 4169/5411 4168/5410 4171/5413
f 4171/5413 4168/5410 4172/5414
f 4168/5410 4165/5407 4172/5414
f 4172/5414 4165/5407 4173/5415
f 4165/5407 4166/5408 4173/5415
f 4173/5415 4166/5408 4167/5409
f 4173/5415 4167/5409 4174/5416
f 4174/5416 4167/5409 4175/5417
f 4167/5409 4176/5418 4175/5417
f 4167/5409 4164/5406 4176/5418
f 4164/5406 4177/5419 4176/5418
f 4164/5406 4163/5404 4178/5420
f 4164/5406 4178/5420 4177/5419
f 4163/5404 4162/5405 4178/5420
f 4162/5405 4179/5421 4178/5420
f 4162/5403 4161/5402 4180/5422
f 4162/5403 4180/5422 4179/5423
f 4161/5402 4160/5401 4180/5422
f 4160/5401 4181/5424 4180/5422
f 4160/5401 4159/5400 4181/5424
f 4159/5400 4182/5425 4181/5424
f 4159/5400 4158/5399 4183/5426
f 4159/5400 4183/5426 4182/5425
f 4158/5399 4157/5398 4183/5426
f 4157/5398 4184/5427 4183/5426
f 4157/5398 4154/5395 4184/5427
f 4154/5395 4185/5428 4184/5427
f 4183/5426 4184/5427 4186/5429
f 4183/5426 4186/5429 4187/5430
f 4184/5427 4185/5428 4188/5431
f 4184/5427 4188/5431 4186/5429
f 4182/5425 4183/5426 4189/5432
f 4183/5426 4187/5430 4189/5432
f 4181/5424 4182/5425 4190/5433
f 4182/5425 4189/5432 4190/5433
f 4180/5422 4181/5424 4190/5433
f 4180/5422 4190/5433 4191/5434
f 4179/5423 4180/5422 4192/5435
f 4180/5422 4191/5434 4192/5435
f 4178/5436 4179/5423 4193/5437
f 4179/5423 4192/5435 4193/5437
f 4177/5438 4178/5436 4193/5437
f 4177/5438 4193/5437 4194/5439
f 4176/5418 4177/5419 4195/5440
f 4177/5419 4194/5441 4195/5440
f 4175/5417 4176/5418 4195/5440
f 4175/5417 4195/5440 4196/5442
f 4197/5443 4174/5416 4175/5417
f 4197/5443 4175/5417 4198/5444
f 4198/5444 4175/5417 4199/5445
f 4175/5417 4196/5442 4199/5445
f 4200/5446 4173/5415 4197/5443
f 4173/5415 4174/5416 4197/5443
f 4201/5447 4172/5414 4173/5415
f 4201/5447 4173/5415 4200/5446
f 4202/5448 4171/5413 4172/5414
f 4202/5448 4172/5414 4201/5447
f 4121/5354 4202/5448 4201/5447
f 4121/5354 4201/5447 4122/5355
f 4122/5355 4201/5447 4203/5449
f 4201/5447 4200/5446 4203/5449
f 4203/5449 4200/5446 4197/5443
f 4203/5449 4197/5443 4204/5450
f 4204/5450 4197/5443 4198/5444
f 4204/5450 4198/5444 4205/5451
f 4205/5452 4198/5453 4199/5454
f 4205/5452 4199/5454 4206/5455
f 4206/5455 4199/5454 4207/5456
f 4199/5445 4196/5442 4207/5457
f 4196/5442 4195/5440 4207/5457
f 4195/5440 4194/5441 4207/5457
f 4194/5441 4193/5458 4207/5457
f 4193/5437 4192/5435 4207/5456
f 4192/5435 4191/5434 4207/5456
f 4191/5434 4190/5433 4207/5456
f 4190/5433 4189/5432 4207/5456
f 4189/5432 4187/5430 4207/5456
f 4187/5430 4186/5429 4207/5456
f 4186/5429 4188/5431 4207/5456
f 4185/5428 4208/5459 4209/5460
f 4185/5428 4209/5460 4188/5431
f 4188/5431 4209/5460 4207/5456
f 4154/5395 4155/5396 4208/5459
f 4154/5395 4208/5459 4185/5428
f 4155/5396 4156/5397 4208/5459
f 4156/5397 4210/5461 4208/5459
f 4208/5459 4210/5461 4209/5460
f 4210/5461 4211/5462 4209/5460
f 4209/5460 4211/5462 4207/5456
f 4212/5463 4206/5455 4207/5456
f 4211/5462 4212/5463 4207/5456
f 4213/5464 4205/5452 4212/5463
f 4205/5452 4206/5455 4212/5463
f 4214/5465 4204/5450 4213/5466
f 4204/5450 4205/5451 4213/5466
f 4215/5467 4203/5449 4214/5465
f 4203/5449 4204/5450 4214/5465
f 4123/5356 4122/5355 4203/5449
f 4123/5356 4203/5449 4215/5467
f 4124/5357 4123/5356 4215/5467
f 4124/5357 4215/5467 4153/5468
f 4153/5468 4215/5467 4214/5465
f 4153/5468 4214/5465 4156/5469
f 4156/5469 4214/5465 4213/5466
f 4156/5469 4213/5466 4210/5470
f 4210/5461 4213/5464 4212/5463
f 4210/5461 4212/5463 4211/5462
f 4088/5319 4089/5320 4202/5448
f 4088/5319 4202/5448 4121/5354
f 4089/5320 4090/5321 4202/5448
f 4090/5321 4171/5413 4202/5448
f 4057/5286 4056/5285 4087/5318
f 4056/5285 4170/5412 4087/5318
f 4056/5285 4058/5287 4170/5412
f 4058/5287 4139/5379 4170/5412
f 4054/5283 4216/5471 4138/5377
f 4054/5283 4138/5377 4055/5284
f 4216/5472 4106/5338 4107/5339
f 4216/5472 4107/5339 4138/5473
f 4053/5282 4217/5474 4216/5471
f 4053/5282 4216/5471 4054/5283
f 4217/5475 4105/5337 4216/5472
f 4105/5337 4106/5338 4216/5472
f 4218/5476 4219/5477 4053/5282
f 4219/5477 4217/5474 4053/5282
f 4219/5478 4220/5479 4105/5337
f 4219/5478 4105/5337 4217/5475
f 4023/5250 4218/5476 4053/5282
f 4023/5250 4053/5282 4024/5251
f 4022/5249 4221/5480 4023/5250
f 4221/5480 4218/5476 4023/5250
f 4221/5480 4222/5481 4219/5477
f 4221/5480 4219/5477 4218/5476
f 4222/5482 4223/5483 4219/5478
f 4223/5483 4220/5479 4219/5478
f 4223/5483 4224/5484 4220/5479
f 4224/5484 4225/5485 4220/5479
f 4220/5479 4225/5485 4104/5336
f 4220/5479 4104/5336 4105/5337
f 4226/5486 4227/5487 4223/5483
f 4226/5486 4223/5483 4222/5482
f 4227/5487 4228/5488 4224/5484
f 4227/5487 4224/5484 4223/5483
f 4229/5489 4226/5490 4221/5480
f 4226/5490 4222/5481 4221/5480
f 4021/5248 4229/5489 4221/5480
f 4021/5248 4221/5480 4022/5249
f 4229/5489 4021/5248 3998/5220
f 4226/5490 4229/5489 3998/5220
f 4227/5487 4226/5486 3998/5233
f 4228/5488 4227/5487 3998/5233
f 4228/5488 4230/5491 4224/5484
f 4230/5491 4231/5492 4224/5484
f 4230/5491 4228/5488 3998/5233
f 4224/5484 4231/5492 4072/5302
f 4224/5484 4072/5302 4225/5485
f 4225/5485 4072/5302 4104/5336
f 4072/5302 4073/5303 4104/5336
f 4231/5492 4232/5493 4072/5302
f 4232/5493 4071/5301 4072/5302
f 4230/5491 4233/5494 4231/5492
f 4233/5494 4232/5493 4231/5492
f 4233/5494 4230/5491 3998/5233
f 4038/5266 4233/5494 3998/5233
f 4233/5494 4038/5266 4039/5267
f 4233/5494 4039/5267 4232/5493
f 4232/5493 4039/5267 4040/5268
f 4232/5493 4040/5268 4071/5301
s off
g pPrism5_phong2SG
v 0.0497 0.736622 0.139003 1 1 1
v 0.034386 0.762706 0.126333 1 1 1
v 0.04972 0.791045 0.145901 1 1 1
v 0.068503 0.749108 0.155167 1 1 1
v 0.041107 0.695915 0.138932 1 1 1
v 0.059624 0.692616 0.164468 1 1 1
v 0.019341 0.717652 0.12033 1 1 1
v 0.005379 0.782927 0.12008 1 1 1
v 0.013927 0.813606 0.141559 1 1 1
v -0.007035 0.737072 0.112975 1 1 1
v 0.018314 0.828302 0.172015 1 1 1
v 0.058463 0.803968 0.174082 1 1 1
v 0.079511 0.759109 0.181437 1 1 1
v 0.069074 0.698508 0.193975 1 1 1
v 0.01888 0.648759 0.145388 1 1 1
v 0.031653 0.63745 0.174787 1 1 1
v 0.037434 0.638279 0.207859 1 1 1
v -0.000629 0.673406 0.124985 1 1 1
v -0.017381 0.698189 0.119489 1 1 1
v -0.029674 0.779905 0.12726 1 1 1
v -0.039381 0.733419 0.12118 1 1 1
v -0.044136 0.685087 0.125614 1 1 1
v -0.02822 0.811971 0.147029 1 1 1
v -0.028552 0.82733 0.175341 1 1 1
v -0.024203 0.823697 0.207051 1 1 1
v 0.018243 0.826206 0.20605 1 1 1
v 0.053737 0.802771 0.205923 1 1 1
v 0.072221 0.759961 0.210719 1 1 1
v 0.063641 0.704342 0.224489 1 1 1
v 0.035969 0.650049 0.239278 1 1 1
v -0.006839 0.599489 0.18711 1 1 1
v -0.005128 0.594538 0.219253 1 1 1
v -0.002822 0.611215 0.247131 1 1 1
v -0.01352 0.619372 0.157542 1 1 1
v -0.030734 0.647488 0.137389 1 1 1
v -0.059163 0.631627 0.158202 1 1 1
v -0.072806 0.673376 0.146715 1 1 1
v -0.068596 0.725369 0.14052 1 1 1
v -0.055643 0.764906 0.140528 1 1 1
v -0.065222 0.785012 0.157103 1 1 1
v -0.069028 0.79899 0.183587 1 1 1
v -0.061504 0.795865 0.212654 1 1 1
v -0.049375 0.783202 0.234178 1 1 1
v -0.022302 0.801424 0.237406 1 1 1
v 0.013296 0.806036 0.238366 1 1 1
v 0.041758 0.784224 0.236479 1 1 1
v 0.055968 0.754918 0.232654 1 1 1
v 0.048478 0.717433 0.249077 1 1 1
v 0.026796 0.671868 0.263674 1 1 1
v -0.006149 0.640891 0.267687 1 1 1
v -0.047156 0.581626 0.224588 1 1 1
v -0.041813 0.600178 0.249566 1 1 1
v -0.033864 0.629049 0.263256 1 1 1
v -0.045531 0.589326 0.194015 1 1 1
v -0.040131 0.610753 0.169606 1 1 1
v -0.088727 0.66977 0.176529 1 1 1
v -0.074102 0.617549 0.188083 1 1 1
v -0.085578 0.731602 0.166569 1 1 1
v -0.090008 0.74122 0.196277 1 1 1
v -0.081561 0.743328 0.226591 1 1 1
v -0.061224 0.746887 0.250665 1 1 1
v -0.02998 0.760862 0.261655 1 1 1
v 0.00305 0.766512 0.263667 1 1 1
v 0.028742 0.745096 0.260806 1 1 1
v 0.009456 0.702846 0.275677 1 1 1
v -0.021333 0.674932 0.277864 1 1 1
v -0.051792 0.653145 0.268347 1 1 1
v -0.070085 0.629275 0.248104 1 1 1
v -0.077195 0.613887 0.220296 1 1 1
v -0.09242 0.673144 0.209738 1 1 1
v -0.08441 0.68237 0.24102 1 1 1
v -0.06489 0.696485 0.265001 1 1 1
v -0.034051 0.714527 0.276306 1 1 1
v -0.007068 0.728294 0.273586 1 1 1
v -0.159658 0.715033 0.2316 1 1 1
v -0.152269 0.686483 0.218141 1 1 1
v -0.177162 0.683593 0.22395 1 1 1
v -0.181734 0.725275 0.238699 1 1 1
v -0.141361 0.728445 0.240671 1 1 1
v -0.161088 0.745432 0.257152 1 1 1
v -0.126279 0.696484 0.224549 1 1 1
v -0.134439 0.645366 0.210249 1 1 1
v -0.155344 0.63357 0.216861 1 1 1
v -0.109933 0.658828 0.216094 1 1 1
v -0.170796 0.624556 0.232716 1 1 1
v -0.194825 0.680639 0.238689 1 1 1
v -0.199781 0.726713 0.25284 1 1 1
v -0.177603 0.746895 0.274262 1 1 1
v -0.112528 0.729659 0.255506 1 1 1
v -0.126577 0.744243 0.276282 1 1 1
v -0.139764 0.74394 0.296814 1 1 1
v -0.099536 0.698828 0.23757 1 1 1
v -0.092533 0.668153 0.228938 1 1 1
v -0.108781 0.608233 0.216036 1 1 1
v -0.086415 0.624755 0.222618 1 1 1
v -0.070001 0.645683 0.23614 1 1 1
v -0.124252 0.588389 0.221388 1 1 1
v -0.135754 0.57435 0.235828 1 1 1
v -0.146212 0.575239 0.256511 1 1 1
v -0.17894 0.619441 0.254599 1 1 1
v -0.199122 0.670444 0.259073 1 1 1
v -0.202059 0.713105 0.271206 1 1 1
v -0.183048 0.732283 0.292275 1 1 1
v -0.150172 0.730114 0.31402 1 1 1
v -0.089552 0.721883 0.293062 1 1 1
v -0.097738 0.720604 0.314354 1 1 1
v -0.111513 0.708734 0.328185 1 1 1
v -0.082565 0.70909 0.270187 1 1 1
v -0.072382 0.678742 0.251604 1 1 1
v -0.05158 0.653336 0.268687 1 1 1
v -0.050287 0.617664 0.252493 1 1 1
v -0.066888 0.594442 0.237066 1 1 1
v -0.088145 0.586356 0.228137 1 1 1
v -0.090953 0.561928 0.234303 1 1 1
v -0.098944 0.545271 0.247957 1 1 1
v -0.111278 0.549758 0.266811 1 1 1
v -0.122409 0.565839 0.282939 1 1 1
v -0.14908 0.584102 0.28049 1 1 1
v -0.177717 0.619452 0.279467 1 1 1
v -0.192568 0.662352 0.282596 1 1 1
v -0.193923 0.694516 0.286401 1 1 1
v -0.181661 0.704314 0.305126 1 1 1
v -0.155806 0.703745 0.324725 1 1 1
v -0.122864 0.684959 0.334641 1 1 1
v -0.063447 0.681833 0.321278 1 1 1
v -0.079321 0.6727 0.33282 1 1 1
v -0.097235 0.662687 0.334938 1 1 1
v -0.058996 0.68487 0.300312 1 1 1
v -0.062971 0.683204 0.280136 1 1 1
v -0.044856 0.597198 0.272325 1 1 1
v -0.04389 0.639721 0.290851 1 1 1
v -0.062516 0.568066 0.252379 1 1 1
v -0.069608 0.552575 0.269033 1 1 1
v -0.084476 0.554916 0.287502 1 1 1
v -0.107188 0.570311 0.30152 1 1 1
v -0.137812 0.59398 0.304821 1 1 1
v -0.165067 0.625814 0.304275 1 1 1
v -0.177675 0.665709 0.306751 1 1 1
v -0.15467 0.665814 0.325751 1 1 1
v -0.123779 0.647966 0.333807 1 1 1
v -0.091879 0.629206 0.333141 1 1 1
v -0.065851 0.626571 0.325974 1 1 1
v -0.048814 0.632573 0.311985 1 1 1
v -0.051611 0.585321 0.292546 1 1 1
v -0.068452 0.583069 0.310064 1 1 1
v -0.093565 0.591749 0.321711 1 1 1
v -0.125135 0.612669 0.324321 1 1 1
v -0.148914 0.634393 0.319112 1 1 1
v -0.040838 0.763491 0.053094 1 1 1
v -0.072144 0.784366 0.045133 1 1 1
v -0.070114 0.811729 0.069802 1 1 1
v -0.026036 0.778854 0.072637 1 1 1
v -0.029525 0.721841 0.042508 1 1 1
v -0.007306 0.719588 0.065934 1 1 1
v -0.065852 0.737505 0.027531 1 1 1
v -0.117124 0.791453 0.037681 1 1 1
v -0.124569 0.817226 0.062716 1 1 1
v -0.107191 0.745418 0.019681 1 1 1
v -0.129098 0.823512 0.090373 1 1 1
v -0.068348 0.819107 0.096356 1 1 1
v -0.019891 0.785173 0.097637 1 1 1
v -0.001055 0.720385 0.092212 1 1 1
v -0.031512 0.665856 0.032408 1 1 1
v -0.012164 0.652323 0.055794 1 1 1
v -0.007845 0.645629 0.082905 1 1 1
v -0.066566 0.685819 0.017179 1 1 1
v -0.099367 0.702615 0.014155 1 1 1
v -0.157884 0.770087 0.034337 1 1 1
v -0.144447 0.724417 0.017634 1 1 1
v -0.124798 0.676121 0.009846 1 1 1
v -0.174431 0.794357 0.056666 1 1 1
v -0.184812 0.799712 0.081691 1 1 1
v -0.179751 0.788639 0.106479 1 1 1
v -0.130286 0.811083 0.116239 1 1 1
v -0.075434 0.806011 0.119615 1 1 1
v -0.03096 0.773562 0.11874 1 1 1
v -0.012627 0.71387 0.115747 1 1 1
v -0.01788 0.64618 0.109316 1 1 1
v -0.038847 0.595449 0.048316 1 1 1
v -0.036268 0.581792 0.072542 1 1 1
v -0.044167 0.589732 0.098129 1 1 1
v -0.055448 0.61981 0.028028 1 1 1
v -0.089615 0.643976 0.014257 1 1 1
v -0.116538 0.609636 0.020335 1 1 1
v -0.154227 0.64542 0.016956 1 1 1
v -0.176354 0.697389 0.024019 1 1 1
v -0.181833 0.740011 0.03534 1 1 1
v -0.205018 0.749047 0.050099 1 1 1
v -0.2187 0.752065 0.072602 1 1 1
v -0.209942 0.743755 0.096202 1 1 1
v -0.190134 0.731089 0.113062 1 1 1
v -0.167647 0.759594 0.125749 1 1 1
v -0.127609 0.780184 0.13585 1 1 1
v -0.081907 0.773873 0.136545 1 1 1
v -0.04914 0.75457 0.130816 1 1 1
v -0.039288 0.711349 0.133921 1 1 1
v -0.041997 0.654587 0.130577 1 1 1
v -0.065212 0.609317 0.11944 1 1 1
v -0.080001 0.548587 0.06406 1 1 1
v -0.085075 0.56057 0.088512 1 1 1
v -0.091769 0.586784 0.107004 1 1 1
v -0.080151 0.565862 0.042408 1 1 1
v -0.083468 0.595705 0.029281 1 1 1
v -0.128874 0.580457 0.036979 1 1 1
v -0.173284 0.625491 0.035505 1 1 1
v -0.20165 0.687223 0.041461 1 1 1
v -0.213976 0.684926 0.0654 1 1 1
v -0.206971 0.681506 0.091274 1 1 1
v -0.186118 0.686897 0.115431 1 1 1
v -0.156899 0.711035 0.134218 1 1 1
v -0.120549 0.731063 0.144743 1 1 1
v -0.078304 0.724123 0.144115 1 1 1
v -0.079924 0.671464 0.142241 1 1 1
v -0.102067 0.630594 0.130841 1 1 1
v -0.126301 0.599143 0.111747 1 1 1
v -0.134194 0.574739 0.086792 1 1 1
v -0.132725 0.565728 0.060396 1 1 1
v -0.181648 0.616685 0.06102 1 1 1
v -0.179 0.619348 0.089027 1 1 1
v -0.164712 0.634151 0.115125 1 1 1
v -0.138155 0.661766 0.134908 1 1 1
v -0.113027 0.687935 0.142044 1 1 1
v 0.025292 0.727848 0.340178 1 1 1
v 0.003017 0.751094 0.337477 1 1 1
v 0.015752 0.772754 0.349913 1 1 1
v 0.044765 0.736851 0.348771 1 1 1
v 0.022676 0.692942 0.336259 1 1 1
v 0.044723 0.687056 0.348119 1 1 1
v -0.006275 0.713109 0.330397 1 1 1
v -0.033807 0.767558 0.338583 1 1 1
v -0.029224 0.7905 0.352812 1 1 1
v -0.039961 0.729225 0.330627 1 1 1
v -0.026468 0.798227 0.370367 1 1 1
v 0.023779 0.779599 0.365728 1 1 1
v 0.055878 0.741666 0.36307 1 1 1
v 0.054819 0.687781 0.363805 1 1 1
v 0.005684 0.650745 0.336136 1 1 1
v 0.022625 0.637129 0.3496 1 1 1
v 0.029463 0.632783 0.366902 1 1 1
v -0.021221 0.673794 0.329466 1 1 1
v -0.04483 0.694692 0.330558 1 1 1
v -0.073275 0.761837 0.344727 1 1 1
v -0.07621 0.722957 0.337043 1 1 1
v -0.073036 0.68109 0.33439 1 1 1
v -0.07707 0.785824 0.358734 1 1 1
v -0.079852 0.794192 0.375575 1 1 1
v -0.073877 0.786212 0.391762 1 1 1
v -0.025793 0.790916 0.388299 1 1 1
v 0.018945 0.773142 0.382941 1 1 1
v 0.047721 0.73721 0.37934 1 1 1
v 0.047916 0.687444 0.381147 1 1 1
v 0.026056 0.637545 0.385087 1 1 1
v -0.014529 0.600827 0.354859 1 1 1
v -0.011332 0.591511 0.37133 1 1 1
v -0.011336 0.601215 0.387887 1 1 1
v -0.026025 0.622069 0.3418 1 1 1
v -0.050917 0.648142 0.335476 1 1 1
v -0.080383 0.629723 0.346965 1 1 1
v -0.103509 0.66612 0.346512 1 1 1
v -0.107975 0.71134 0.348674 1 1 1
v -0.100166 0.745514 0.3521 1 1 1
v -0.114495 0.759277 0.363905 1 1 1
v -0.121025 0.766576 0.37988 1 1 1
v -0.111539 0.759636 0.394474 1 1 1
v -0.095184 0.746119 0.403633 1 1 1
v -0.067416 0.762549 0.405337 1 1 1
v -0.027514 0.768322 0.403672 1 1 1
v 0.008876 0.751806 0.398087 1 1 1
v 0.030274 0.728453 0.391711 1 1 1
v 0.028535 0.693654 0.396869 1 1 1
v 0.011977 0.651509 0.401226 1 1 1
v -0.020165 0.62278 0.40241 1 1 1
v -0.057046 0.577328 0.375917 1 1 1
v -0.053941 0.589262 0.390905 1 1 1
v -0.049811 0.611905 0.400822 1 1 1
v -0.056897 0.588903 0.360337 1 1 1
v -0.054793 0.6113 0.349289 1 1 1
v -0.094636 0.612107 0.362472 1 1 1
v -0.12074 0.657316 0.363223 1 1 1
v -0.128206 0.711407 0.364551 1 1 1
v -0.13464 0.714459 0.381808 1 1 1
v -0.125012 0.711795 0.397579 1 1 1
v -0.102115 0.712051 0.409284 1 1 1
v -0.068737 0.723865 0.414343 1 1 1
v -0.031944 0.730199 0.413549 1 1 1
v 0.001198 0.714017 0.407697 1 1 1
v -0.013204 0.674768 0.412388 1 1 1
v -0.043444 0.64905 0.412776 1 1 1
v -0.074523 0.630435 0.407575 1 1 1
v -0.091442 0.612495 0.3955 1 1 1
v -0.097161 0.603597 0.379486 1 1 1
v -0.125188 0.65456 0.381598 1 1 1
v -0.117309 0.657733 0.398711 1 1 1
v -0.097216 0.666885 0.411602 1 1 1
v -0.06502 0.682064 0.417312 1 1 1
v -0.036632 0.695688 0.415353 1 1 1
vt 0.343785 0.62129
vt 0.344797 0.668826
vt 0.392734 0.656238
vt 0.376663 0.596891
vt 0.302605 0.601913
vt 0.330772 0.562803
vt 0.300787 0.661105
vt 0.35342 0.726435
vt 0.400394 0.712703
vt 0.308283 0.715645
vt 0.44153 0.701496
vt 0.43577 0.639971
vt 0.416703 0.573624
vt 0.395848 0.516462
vt 0.259092 0.597516
vt 0.283129 0.541967
vt 0.308831 0.503476
vt 0.260369 0.659229
vt 0.265176 0.709465
vt 0.352997 0.779685
vt 0.306281 0.766581
vt 0.266532 0.763453
vt 0.402848 0.773996
vt 0.444878 0.766193
vt 0.484752 0.752079
vt 0.484148 0.6924
vt 0.487747 0.625976
vt 0.474448 0.573453
vt 0.484103 0.52219
vt 0.0489758 0.206118
vt 0.000648315 0.264653
vt 0.0323552 0.281352
vt 0.0905626 0.242326
vt 0.0802906 0.136779
vt 0.028651 0.157727
vt 0.106383 0.170607
vt 0.13492 0.198473
vt 0.0628243 0.0974961
vt 0.020087 0.113204
vt 0.0759031 0.0437564
vt 0.0292481 0.0597421
vt 0.225965 0.710404
vt 0.122237 0.053282
vt 0.159003 0.0116739
vt 0.109377 0.000338316
vt 0.312249 0.819618
vt 0.278077 0.844075
vt 0.351076 0.811563
vt 0.393317 0.82728
vt 0.446237 0.822723
vt 0.499172 0.812524
vt 0.53024 0.785043
vt 0.530885 0.740275
vt 0.530383 0.682884
vt 0.525331 0.621452
vt 0.520828 0.582607
vt 0.551371 0.562571
vt 0.563808 0.491461
vt 0.589463 0.553184
vt 0.175361 0.220925
vt 0.14135 0.264562
vt 0.142681 0.139427
vt 0.168074 0.165944
vt 0.193103 0.188845
vt 0.119482 0.112115
vt 0.0998742 0.0872988
vt 0.206246 0.0341437
vt 0.157788 0.0803729
vt 0.302788 0.865885
vt 0.382285 0.867815
vt 0.461368 0.870712
vt 0.536353 0.863357
vt 0.560933 0.802041
vt 0.578116 0.733084
vt 0.568474 0.685013
vt 0.568888 0.633367
vt 0.599048 0.627035
vt 0.194224 0.276713
vt 0.223752 0.233668
vt 0.231778 0.179449
vt 0.207983 0.14476
vt 0.181139 0.11435
vt 0.238083 0.0747573
vt 0.271927 0.000658571
vt 0.3047 0.0427487
vt 0.321283 0.0800378
vt 0.263691 0.120306
vt 0.595788 0.837962
vt 0.602026 0.793272
vt 0.617848 0.719713
vt 0.601629 0.682599
vt 0.647274 0.678948
vt 0.270533 0.218129
vt 0.27548 0.16436
vt 0.747708 0.839711
vt 0.744503 0.876134
vt 0.777097 0.871124
vt 0.769693 0.82136
vt 0.72683 0.814436
vt 0.751383 0.785667
vt 0.709829 0.860082
vt 0.740892 0.925536
vt 0.776655 0.926604
vt 0.703212 0.907568
vt 0.812141 0.92213
vt 0.808832 0.854407
vt 0.792281 0.804712
vt 0.773894 0.767615
vt 0.694576 0.794256
vt 0.717377 0.756077
vt 0.742018 0.728677
vt 0.676188 0.843834
vt 0.672178 0.887995
vt 0.139666 0.383465
vt 0.180487 0.364414
vt 0.112507 0.342597
vt 0.0949989 0.387412
vt 0.059613 0.371615
vt 0.0492484 0.420638
vt 0.227118 0.397121
vt 0.186597 0.413283
vt 0.263898 0.443347
vt 0.212848 0.443587
vt 0.230679 0.477783
vt 0.27387 0.497967
vt 0.838272 0.844981
vt 0.847745 0.90836
vt 0.81939 0.793287
vt 0.799144 0.753559
vt 0.775442 0.71883
vt 0.668458 0.747597
vt 0.669957 0.721691
vt 0.0566249 0.67377
vt 0.099711 0.729838
vt 0.0936455 0.674165
vt 0.137157 0.718764
vt 0.655685 0.791375
vt 0.638154 0.855026
vt 0.637116 0.89767
vt 0.000960085 0.495045
vt 0.0554073 0.462002
vt 0.000712615 0.458526
vt 0.0914324 0.425819
vt 0.126106 0.412184
vt 0.14998 0.425336
vt 0.172807 0.449255
vt 0.193175 0.475109
vt 0.209319 0.511834
vt 0.239309 0.519145
vt 0.278966 0.525539
vt 0.864935 0.825724
vt 0.878924 0.881559
vt 0.838827 0.782649
vt 0.834077 0.747332
vt 0.831782 0.717259
vt 0.133971 0.661199
vt 0.17043 0.693087
vt 0.0414361 0.606471
vt 0.0765672 0.62013
vt 0.112332 0.624321
vt 0.618659 0.782507
vt 0.618245 0.754139
vt 0.622806 0.810037
vt 0.600478 0.846868
vt 0.0734698 0.484012
vt 0.0296572 0.515971
vt 0.00369812 0.551714
vt 0.02052 0.579627
vt 0.112219 0.448914
vt 0.137194 0.469289
vt 0.156076 0.494729
vt 0.189018 0.524628
vt 0.222205 0.555049
vt 0.258511 0.578425
vt 0.904552 0.834619
vt 0.87073 0.774529
vt 0.896093 0.737597
vt 0.202531 0.650617
vt 0.164838 0.624045
vt 0.128841 0.59058
vt 0.0938676 0.570178
vt 0.0586288 0.547537
vt 0.0974535 0.507038
vt 0.124884 0.528104
vt 0.158641 0.549992
vt 0.186468 0.584115
vt 0.215492 0.605792
vt 0.903397 0.793189
vt 0.607373 0.444333
vt 0.635771 0.387235
vt 0.589314 0.398901
vt 0.568304 0.473561
vt 0.860413 0.519895
vt 0.911481 0.534042
vt 0.856534 0.477312
vt 0.926186 0.499004
vt 0.868041 0.569663
vt 0.926631 0.578975
vt 0.598043 0.297004
vt 0.577496 0.337309
vt 0.865037 0.622142
vt 0.921356 0.636653
vt 0.545634 0.35966
vt 0.545479 0.430719
vt 0.520164 0.500045
vt 0.854143 0.440836
vt 0.929409 0.460513
vt 0.791488 0.516327
vt 0.776982 0.477306
vt 0.765181 0.443296
vt 0.80519 0.566151
vt 0.813847 0.607965
vt 0.880201 0.68447
vt 0.824 0.66346
vt 0.771473 0.633634
vt 0.553791 0.236527
vt 0.537453 0.27066
vt 0.514231 0.29495
vt 0.487083 0.317778
vt 0.507395 0.378569
vt 0.50662 0.441005
vt 0.469283 0.499034
vt 0.914146 0.419048
vt 0.839945 0.405525
vt 0.754735 0.410091
vt 0.708512 0.498677
vt 0.688876 0.47146
vt 0.677958 0.438651
vt 0.731553 0.532832
vt 0.747979 0.583634
vt 0.692097 0.599889
vt 0.718043 0.654425
vt 0.775647 0.69743
vt 0.829762 0.711675
vt 0.501295 0.206078
vt 0.479463 0.222851
vt 0.462864 0.246376
vt 0.442565 0.272094
vt 0.419903 0.29843
vt 0.446095 0.336332
vt 0.464503 0.389829
vt 0.457334 0.445301
vt 0.433366 0.483897
vt 0.88479 0.37861
vt 0.824438 0.367186
vt 0.740399 0.375165
vt 0.666012 0.404441
vt 0.640266 0.51162
vt 0.629584 0.48456
vt 0.62452 0.449227
vt 0.662675 0.536317
vt 0.694382 0.556138
vt 0.644808 0.59509
vt 0.675222 0.663179
vt 0.742955 0.715789
vt 0.453646 0.176011
vt 0.41034 0.182572
vt 0.392785 0.211727
vt 0.376567 0.244762
vt 0.369149 0.286995
vt 0.386737 0.340607
vt 0.404296 0.392768
vt 0.394032 0.441629
vt 0.377385 0.487673
vt 0.329607 0.428411
vt 0.319681 0.473737
vt 0.708206 0.340549
vt 0.650867 0.36055
vt 0.229205 0.360512
vt 0.236872 0.393177
vt 0.283186 0.384415
vt 0.252119 0.325507
vt 0.58935 0.523583
vt 0.579645 0.475176
vt 0.60249 0.575468
vt 0.642134 0.659321
vt 0.326832 0.18064
vt 0.3061 0.210019
vt 0.298472 0.248801
vt 0.306112 0.291447
vt 0.325588 0.348074
vt 0.351708 0.389822
vt 0.233436 0.279865
vt 0.225396 0.245926
vt 0.197743 0.802696
vt 0.223127 0.784629
vt 0.198294 0.748529
vt 0.176662 0.783521
vt 0.18662 0.842521
vt 0.155455 0.836433
vt 0.225473 0.842452
vt 0.919352 0.174137
vt 0.893887 0.160516
vt 0.928862 0.237195
vt 0.889509 0.223323
vt 0.259846 0.841859
vt 0.265181 0.794831
vt 0.881587 0.250562
vt 0.906992 0.276356
vt 0.17063 0.731327
vt 0.152543 0.775012
vt 0.133263 0.829087
vt 0.171632 0.900414
vt 0.137909 0.899335
vt 0.114019 0.894318
vt 0.215122 0.899111
vt 0.249972 0.890627
vt 0.847893 0.152963
vt 0.850785 0.0794698
vt 0.810572 0.114834
vt 0.788801 0.0816699
vt 0.74469 0.0941157
vt 0.85071 0.196288
vt 0.841649 0.229471
vt 0.832351 0.259128
vt 0.860364 0.288014
vt 0.885344 0.311633
vt 0.123765 0.773718
vt 0.135899 0.72764
vt 0.109676 0.826258
vt 0.0902345 0.889676
vt 0.13096 0.954132
vt 0.102645 0.955294
vt 0.0761627 0.945409
vt 0.170499 0.951531
vt 0.22043 0.949598
vt 0.261965 0.926263
vt 0.627517 0.100854
vt 0.692943 0.119474
vt 0.700458 0.07714
vt 0.758091 0.136051
vt 0.799033 0.155064
vt 0.801042 0.181772
vt 0.796506 0.208732
vt 0.790017 0.236463
vt 0.775483 0.261423
vt 0.80587 0.288135
vt 0.82403 0.317734
vt 0.86467 0.341371
vt 0.0962545 0.779075
vt 0.0877942 0.743615
vt 0.0794657 0.820841
vt 0.0616771 0.877216
vt 0.0417019 0.925237
vt 0.102382 0.999282
vt 0.0704666 0.983438
vt 0.0420655 0.961777
vt 0.13714 0.999128
vt 0.17662 0.98581
vt 0.215436 0.991046
vt 0.629882 0.133665
vt 0.677509 0.147187
vt 0.606845 0.102791
vt 0.591588 0.139121
vt 0.743815 0.165453
vt 0.741232 0.190031
vt 0.733979 0.215029
vt 0.732906 0.252842
vt 0.747523 0.2972
vt 0.763929 0.330802
vt 0.0521675 0.72104
vt 0.0272838 0.767906
vt 0.0515736 0.792678
vt 0.0290567 0.850414
vt 0.00998326 0.895773
vt 0.600524 0.25671
vt 0.605458 0.295576
vt 0.647735 0.297823
vt 0.629416 0.248744
vt 0.616907 0.198747
vt 0.579758 0.208173
vt 0.616165 0.167314
vt 0.578181 0.174624
vt 0.672377 0.173881
vt 0.669424 0.204266
vt 0.676941 0.239882
vt 0.69017 0.287933
vt 0.711543 0.32436
vt 0.00846058 0.819438
vt 0.677959 0.338558
usemtl phong2SG
f 4234/5495 4235/5496 4236/5497
f 4234/5495 4236/5497 4237/5498
f 4238/5499 4234/5495 4239/5500
f 4234/5495 4237/5498 4239/5500
f 4234/5495 4238/5499 4240/5501
f 4234/5495 4240/5501 4235/5496
f 4235/5496 4241/5502 4242/5503
f 4235/5496 4242/5503 4236/5497
f 4235/5496 4240/5501 4243/5504
f 4235/5496 4243/5504 4241/5502
f 4236/5497 4242/5503 4244/5505
f 4236/5497 4244/5505 4245/5506
f 4237/5498 4236/5497 4245/5506
f 4237/5498 4245/5506 4246/5507
f 4239/5500 4237/5498 4247/5508
f 4237/5498 4246/5507 4247/5508
f 4248/5509 4238/5499 4249/5510
f 4238/5499 4239/5500 4249/5510
f 4249/5510 4239/5500 4250/5511
f 4239/5500 4247/5508 4250/5511
f 4238/5499 4248/5509 4240/5501
f 4248/5509 4251/5512 4240/5501
f 4240/5501 4251/5512 4252/5513
f 4240/5501 4252/5513 4243/5504
f 4253/5514 4241/5502 4243/5504
f 4253/5514 4243/5504 4254/5515
f 4254/5515 4243/5504 4252/5513
f 4254/5515 4252/5513 4255/5516
f 4241/5502 4253/5514 4242/5503
f 4253/5514 4256/5517 4242/5503
f 4242/5503 4256/5517 4244/5505
f 4256/5517 4257/5518 4244/5505
f 4244/5505 4257/5518 4258/5519
f 4244/5505 4258/5519 4259/5520
f 4245/5506 4244/5505 4260/5521
f 4244/5505 4259/5520 4260/5521
f 4246/5507 4245/5506 4261/5522
f 4245/5506 4260/5521 4261/5522
f 4247/5508 4246/5507 4261/5522
f 4247/5508 4261/5522 4262/5523
f 4250/5524 4247/5525 4262/5526
f 4250/5524 4262/5526 4263/5527
f 4264/5528 4249/5529 4250/5524
f 4264/5528 4250/5524 4265/5530
f 4265/5530 4250/5524 4266/5531
f 4250/5524 4263/5527 4266/5531
f 4267/5532 4248/5533 4249/5529
f 4267/5532 4249/5529 4264/5528
f 4267/5532 4268/5534 4251/5535
f 4267/5532 4251/5535 4248/5533
f 4268/5536 4255/5516 4252/5513
f 4268/5536 4252/5513 4251/5512
f 4269/5537 4270/5538 4255/5539
f 4269/5537 4255/5539 4268/5534
f 4271/5540 4254/5515 4270/5541
f 4254/5515 4255/5516 4270/5541
f 4272/5542 4253/5514 4254/5515
f 4272/5542 4254/5515 4271/5540
f 4253/5514 4272/5542 4256/5517
f 4272/5542 4273/5543 4256/5517
f 4256/5517 4273/5543 4257/5518
f 4273/5543 4274/5544 4257/5518
f 4257/5518 4274/5544 4275/5545
f 4257/5518 4275/5545 4258/5519
f 4258/5519 4275/5545 4276/5546
f 4258/5519 4276/5546 4277/5547
f 4259/5520 4258/5519 4277/5547
f 4259/5520 4277/5547 4278/5548
f 4260/5521 4259/5520 4279/5549
f 4259/5520 4278/5548 4279/5549
f 4261/5522 4260/5521 4280/5550
f 4260/5521 4279/5549 4280/5550
f 4262/5523 4261/5522 4280/5550
f 4262/5523 4280/5550 4281/5551
f 4263/5552 4262/5523 4281/5551
f 4263/5552 4281/5551 4282/5553
f 4266/5531 4263/5527 4283/5554
f 4263/5527 4282/5555 4283/5554
f 4284/5556 4265/5530 4285/5557
f 4265/5530 4266/5531 4285/5557
f 4285/5557 4266/5531 4286/5558
f 4266/5531 4283/5554 4286/5558
f 4287/5559 4264/5528 4265/5530
f 4287/5559 4265/5530 4284/5556
f 4288/5560 4267/5532 4264/5528
f 4288/5560 4264/5528 4287/5559
f 4288/5560 4269/5537 4268/5534
f 4288/5560 4268/5534 4267/5532
f 4270/5538 4269/5537 4289/5561
f 4269/5537 4290/5562 4289/5561
f 4269/5537 4288/5560 4290/5562
f 4288/5560 4287/5559 4290/5562
f 4271/5540 4270/5541 4289/5563
f 4271/5540 4289/5563 4291/5564
f 4272/5542 4271/5540 4291/5564
f 4272/5542 4291/5564 4273/5543
f 4273/5543 4291/5564 4292/5565
f 4273/5543 4292/5565 4274/5544
f 4274/5544 4292/5565 4275/5545
f 4292/5565 4293/5566 4275/5545
f 4275/5545 4293/5566 4276/5546
f 4293/5566 4294/5567 4276/5546
f 4276/5546 4294/5567 4295/5568
f 4276/5546 4295/5568 4277/5547
f 4277/5547 4295/5568 4296/5569
f 4277/5547 4296/5569 4278/5548
f 4279/5549 4278/5548 4296/5569
f 4279/5549 4296/5569 4297/5570
f 4280/5550 4279/5549 4297/5570
f 4280/5550 4297/5570 4281/5551
f 4281/5551 4297/5570 4282/5553
f 4297/5570 4298/5571 4282/5553
f 4283/5554 4282/5555 4298/5572
f 4283/5554 4298/5572 4299/5573
f 4286/5558 4283/5554 4299/5573
f 4286/5558 4299/5573 4300/5574
f 4301/5575 4285/5557 4286/5558
f 4301/5575 4286/5558 4300/5574
f 4302/5576 4284/5556 4285/5557
f 4302/5576 4285/5557 4301/5575
f 4290/5562 4287/5559 4302/5576
f 4287/5559 4284/5556 4302/5576
f 4289/5561 4290/5562 4303/5577
f 4290/5562 4302/5576 4303/5577
f 4291/5578 4289/5561 4303/5577
f 4291/5578 4303/5577 4292/5579
f 4292/5579 4303/5577 4293/5580
f 4303/5577 4304/5581 4293/5580
f 4293/5566 4304/5582 4294/5567
f 4304/5582 4305/5583 4294/5567
f 4294/5567 4305/5583 4295/5568
f 4305/5583 4306/5584 4295/5568
f 4295/5568 4306/5584 4307/5585
f 4295/5568 4307/5585 4296/5569
f 4297/5570 4296/5569 4307/5585
f 4297/5570 4307/5585 4298/5571
f 4299/5586 4298/5571 4307/5585
f 4299/5586 4307/5585 4306/5584
f 4300/5574 4299/5573 4306/5587
f 4300/5574 4306/5587 4305/5588
f 4304/5581 4301/5575 4300/5574
f 4304/5581 4300/5574 4305/5588
f 4303/5577 4302/5576 4301/5575
f 4303/5577 4301/5575 4304/5581
f 4308/5589 4309/5590 4310/5591
f 4308/5589 4310/5591 4311/5592
f 4312/5593 4308/5589 4313/5594
f 4308/5589 4311/5592 4313/5594
f 4308/5589 4312/5593 4314/5595
f 4308/5589 4314/5595 4309/5590
f 4309/5590 4315/5596 4316/5597
f 4309/5590 4316/5597 4310/5591
f 4309/5590 4314/5595 4317/5598
f 4309/5590 4317/5598 4315/5596
f 4310/5591 4316/5597 4318/5599
f 4310/5591 4318/5599 4319/5600
f 4311/5592 4310/5591 4319/5600
f 4311/5592 4319/5600 4320/5601
f 4313/5594 4311/5592 4321/5602
f 4311/5592 4320/5601 4321/5602
f 4322/5603 4312/5593 4313/5594
f 4322/5603 4313/5594 4323/5604
f 4323/5604 4313/5594 4324/5605
f 4313/5594 4321/5602 4324/5605
f 4312/5593 4322/5603 4325/5606
f 4312/5593 4325/5606 4314/5595
f 4314/5595 4325/5606 4326/5607
f 4314/5595 4326/5607 4317/5598
f 4327/5608 4315/5609 4317/5610
f 4327/5608 4317/5610 4328/5611
f 4328/5611 4317/5610 4326/5612
f 4328/5611 4326/5612 4329/5613
f 4315/5609 4327/5608 4316/5614
f 4327/5608 4330/5615 4316/5614
f 4316/5614 4330/5615 4318/5616
f 4330/5615 4331/5617 4318/5616
f 4318/5616 4331/5617 4332/5618
f 4318/5616 4332/5618 4333/5619
f 4319/5600 4318/5599 4334/5620
f 4318/5599 4333/5621 4334/5620
f 4320/5601 4319/5600 4335/5622
f 4319/5600 4334/5620 4335/5622
f 4321/5602 4320/5601 4335/5622
f 4321/5602 4335/5622 4336/5623
f 4324/5605 4321/5602 4336/5623
f 4324/5605 4336/5623 4337/5624
f 4338/5625 4323/5604 4324/5605
f 4338/5625 4324/5605 4339/5626
f 4339/5627 4324/5628 4340/5629
f 4324/5628 4337/5630 4340/5629
f 4341/5631 4322/5603 4323/5604
f 4341/5631 4323/5604 4338/5625
f 4341/5631 4342/5632 4325/5606
f 4341/5631 4325/5606 4322/5603
f 4342/5632 4329/5633 4326/5607
f 4342/5632 4326/5607 4325/5606
f 4343/5634 4344/5635 4329/5613
f 4343/5634 4329/5613 4342/5636
f 4345/5637 4328/5611 4329/5613
f 4345/5637 4329/5613 4344/5635
f 4346/5638 4327/5608 4328/5611
f 4346/5638 4328/5611 4345/5637
f 4327/5608 4346/5638 4330/5615
f 4346/5638 4347/5639 4330/5615
f 4330/5615 4347/5639 4331/5617
f 4347/5639 4348/5640 4331/5617
f 4331/5617 4348/5640 4349/5641
f 4331/5617 4349/5641 4332/5618
f 4332/5618 4349/5641 4350/5642
f 4332/5618 4350/5642 4351/5643
f 4333/5619 4332/5618 4351/5643
f 4333/5619 4351/5643 4352/5644
f 4334/5620 4333/5621 4353/5645
f 4333/5621 4352/5646 4353/5645
f 4335/5622 4334/5620 4354/5647
f 4334/5620 4353/5645 4354/5647
f 4336/5623 4335/5622 4354/5647
f 4336/5623 4354/5647 4355/5648
f 4337/5624 4336/5623 4356/5649
f 4336/5623 4355/5648 4356/5649
f 4340/5629 4337/5630 4357/5650
f 4337/5630 4356/5651 4357/5650
f 4358/5652 4339/5627 4359/5653
f 4339/5627 4340/5629 4359/5653
f 4359/5653 4340/5629 4360/5654
f 4340/5629 4357/5650 4360/5654
f 4361/5655 4338/5625 4339/5626
f 4361/5655 4339/5626 4358/5656
f 4362/5657 4341/5631 4338/5625
f 4362/5657 4338/5625 4361/5655
f 4362/5657 4343/5658 4342/5632
f 4362/5657 4342/5632 4341/5631
f 4344/5635 4343/5634 4363/5659
f 4343/5634 4364/5660 4363/5659
f 4343/5634 4362/5661 4364/5660
f 4362/5661 4361/5662 4364/5660
f 4345/5637 4344/5635 4365/5663
f 4344/5635 4363/5659 4365/5663
f 4346/5638 4345/5637 4365/5663
f 4346/5638 4365/5663 4347/5639
f 4347/5639 4365/5663 4366/5664
f 4347/5639 4366/5664 4348/5640
f 4348/5640 4366/5664 4349/5641
f 4366/5664 4367/5665 4349/5641
f 4349/5641 4367/5665 4350/5642
f 4367/5665 4368/5666 4350/5642
f 4350/5642 4368/5666 4369/5667
f 4350/5642 4369/5667 4351/5643
f 4351/5643 4369/5667 4370/5668
f 4351/5643 4370/5668 4352/5644
f 4353/5645 4352/5646 4370/5669
f 4353/5645 4370/5669 4371/5670
f 4354/5647 4353/5645 4371/5670
f 4354/5647 4371/5670 4355/5648
f 4355/5648 4371/5670 4372/5671
f 4355/5648 4372/5671 4356/5649
f 4357/5650 4356/5651 4372/5672
f 4357/5650 4372/5672 4373/5673
f 4360/5654 4357/5650 4373/5673
f 4360/5654 4373/5673 4374/5674
f 4375/5675 4359/5653 4360/5654
f 4375/5675 4360/5654 4374/5674
f 4376/5676 4358/5652 4359/5653
f 4376/5676 4359/5653 4375/5675
f 4364/5660 4361/5662 4376/5676
f 4361/5662 4358/5652 4376/5676
f 4363/5659 4364/5660 4377/5677
f 4364/5660 4376/5676 4377/5677
f 4365/5663 4363/5659 4377/5677
f 4365/5663 4377/5677 4366/5664
f 4366/5664 4377/5677 4367/5665
f 4377/5677 4378/5678 4367/5665
f 4367/5665 4378/5678 4379/5679
f 4367/5665 4379/5679 4368/5666
f 4368/5666 4379/5679 4380/5680
f 4368/5666 4380/5680 4369/5667
f 4369/5667 4380/5680 4381/5681
f 4369/5667 4381/5681 4370/5668
f 4371/5670 4370/5669 4381/5682
f 4371/5670 4381/5682 4372/5671
f 4373/5673 4372/5672 4381/5681
f 4373/5673 4381/5681 4380/5680
f 4374/5674 4373/5673 4380/5680
f 4374/5674 4380/5680 4379/5679
f 4378/5678 4375/5675 4374/5674
f 4378/5678 4374/5674 4379/5679
f 4377/5677 4376/5676 4375/5675
f 4377/5677 4375/5675 4378/5678
f 4382/5683 4383/5684 4384/5685
f 4382/5683 4384/5685 4385/5686
f 4386/5687 4382/5688 4387/5689
f 4382/5688 4385/5690 4387/5689
f 4382/5688 4386/5687 4388/5691
f 4382/5688 4388/5691 4383/5692
f 4383/5684 4389/5693 4384/5685
f 4389/5693 4390/5694 4384/5685
f 4383/5692 4388/5691 4391/5695
f 4383/5692 4391/5695 4389/5696
f 4384/5685 4390/5694 4392/5697
f 4384/5685 4392/5697 4393/5698
f 4385/5686 4384/5685 4393/5698
f 4385/5686 4393/5698 4394/5699
f 4387/5689 4385/5690 4395/5700
f 4385/5690 4394/5701 4395/5700
f 4396/5702 4386/5687 4387/5689
f 4396/5702 4387/5689 4397/5703
f 4397/5703 4387/5689 4398/5704
f 4387/5689 4395/5700 4398/5704
f 4386/5687 4396/5702 4399/5705
f 4386/5687 4399/5705 4388/5691
f 4388/5691 4399/5705 4400/5706
f 4388/5691 4400/5706 4391/5695
f 4401/5707 4389/5696 4391/5695
f 4401/5707 4391/5695 4402/5708
f 4402/5708 4391/5695 4400/5706
f 4402/5708 4400/5706 4403/5709
f 4389/5693 4401/5710 4404/5711
f 4389/5693 4404/5711 4390/5694
f 4390/5694 4404/5711 4392/5697
f 4404/5711 4405/5712 4392/5697
f 4392/5697 4405/5712 4406/5713
f 4392/5697 4406/5713 4407/5714
f 4393/5698 4392/5697 4408/5715
f 4392/5697 4407/5714 4408/5715
f 4394/5699 4393/5698 4409/5716
f 4393/5698 4408/5715 4409/5716
f 4395/5700 4394/5701 4409/5717
f 4395/5700 4409/5717 4410/5718
f 4398/5704 4395/5700 4410/5718
f 4398/5704 4410/5718 4411/5719
f 4412/5720 4397/5703 4398/5704
f 4412/5720 4398/5704 4413/5721
f 4413/5721 4398/5704 4414/5722
f 4398/5704 4411/5719 4414/5722
f 4415/5723 4396/5702 4412/5720
f 4396/5702 4397/5703 4412/5720
f 4415/5723 4416/5724 4399/5705
f 4415/5723 4399/5705 4396/5702
f 4416/5724 4403/5709 4400/5706
f 4416/5724 4400/5706 4399/5705
f 4417/5725 4418/5726 4403/5709
f 4417/5725 4403/5709 4416/5724
f 4419/5727 4402/5708 4403/5709
f 4419/5727 4403/5709 4418/5726
f 4420/5728 4401/5707 4402/5708
f 4420/5728 4402/5708 4419/5727
f 4401/5710 4420/5729 4404/5711
f 4420/5729 4421/5730 4404/5711
f 4404/5711 4421/5730 4405/5712
f 4421/5730 4422/5731 4405/5712
f 4405/5712 4422/5731 4423/5732
f 4405/5712 4423/5732 4406/5713
f 4406/5713 4423/5732 4424/5733
f 4406/5713 4424/5733 4425/5734
f 4407/5714 4406/5713 4426/5735
f 4406/5713 4425/5734 4426/5735
f 4408/5715 4407/5714 4426/5735
f 4408/5715 4426/5735 4427/5736
f 4409/5716 4408/5715 4428/5737
f 4408/5715 4427/5736 4428/5737
f 4410/5718 4409/5717 4428/5738
f 4410/5718 4428/5738 4429/5739
f 4411/5719 4410/5718 4430/5740
f 4410/5718 4429/5739 4430/5740
f 4414/5722 4411/5719 4430/5740
f 4414/5722 4430/5740 4431/5741
f 4432/5742 4413/5721 4433/5743
f 4413/5721 4414/5722 4433/5743
f 4433/5743 4414/5722 4434/5744
f 4414/5722 4431/5741 4434/5744
f 4435/5745 4412/5720 4413/5721
f 4435/5745 4413/5721 4432/5742
f 4436/5746 4415/5723 4412/5720
f 4436/5746 4412/5720 4435/5745
f 4436/5746 4417/5725 4416/5724
f 4436/5746 4416/5724 4415/5723
f 4418/5726 4417/5725 4437/5747
f 4418/5726 4437/5747 4438/5748
f 4417/5725 4436/5746 4437/5747
f 4436/5746 4435/5745 4437/5747
f 4419/5727 4418/5726 4439/5749
f 4418/5726 4438/5748 4439/5749
f 4420/5729 4419/5750 4439/5751
f 4420/5729 4439/5751 4421/5730
f 4421/5730 4439/5751 4440/5752
f 4421/5730 4440/5752 4422/5731
f 4422/5731 4440/5752 4423/5732
f 4440/5752 4441/5753 4423/5732
f 4423/5732 4441/5753 4424/5733
f 4441/5753 4442/5754 4424/5733
f 4424/5733 4442/5754 4443/5755
f 4424/5733 4443/5755 4425/5734
f 4425/5734 4443/5755 4444/5756
f 4425/5734 4444/5756 4426/5735
f 4427/5736 4426/5735 4444/5756
f 4427/5736 4444/5756 4445/5757
f 4428/5737 4427/5736 4445/5757
f 4428/5737 4445/5757 4429/5758
f 4429/5758 4445/5757 4446/5759
f 4429/5758 4446/5759 4430/5760
f 4431/5741 4430/5740 4446/5761
f 4431/5741 4446/5761 4447/5762
f 4434/5763 4431/5764 4447/5765
f 4434/5763 4447/5765 4448/5766
f 4449/5767 4433/5743 4434/5744
f 4449/5767 4434/5744 4448/5768
f 4450/5769 4432/5742 4433/5743
f 4450/5769 4433/5743 4449/5767
f 4437/5747 4435/5745 4450/5769
f 4435/5745 4432/5742 4450/5769
f 4438/5748 4437/5747 4451/5770
f 4437/5747 4450/5769 4451/5770
f 4439/5751 4438/5771 4451/5772
f 4439/5751 4451/5772 4440/5752
f 4440/5752 4451/5772 4441/5753
f 4451/5772 4452/5773 4441/5753
f 4441/5753 4452/5773 4453/5774
f 4441/5753 4453/5774 4442/5754
f 4442/5754 4453/5774 4454/5775
f 4442/5754 4454/5775 4443/5755
f 4443/5755 4454/5775 4455/5776
f 4443/5755 4455/5776 4444/5756
f 4445/5757 4444/5756 4455/5776
f 4445/5757 4455/5776 4446/5759
f 4447/5765 4446/5759 4455/5776
f 4447/5765 4455/5776 4454/5775
f 4448/5766 4447/5765 4454/5775
f 4448/5766 4454/5775 4453/5774
f 4452/5773 4449/5777 4453/5774
f 4449/5777 4448/5766 4453/5774
f 4451/5772 4450/5778 4449/5777
f 4451/5772 4449/5777 4452/5773
f 4456/5779 4457/5780 4458/5781
f 4456/5779 4458/5781 4459/5782
f 4460/5783 4456/5779 4461/5784
f 4456/5779 4459/5782 4461/5784
f 4456/5779 4460/5783 4462/5785
f 4456/5779 4462/5785 4457/5780
f 4457/5786 4463/5787 4458/5788
f 4463/5787 4464/5789 4458/5788
f 4457/5780 4462/5785 4465/5790
f 4457/5780 4465/5790 4463/5791
f 4458/5788 4464/5789 4466/5792
f 4458/5788 4466/5792 4467/5793
f 4459/5782 4458/5781 4467/5794
f 4459/5782 4467/5794 4468/5795
f 4461/5784 4459/5782 4469/5796
f 4459/5782 4468/5795 4469/5796
f 4470/5797 4460/5783 4461/5784
f 4470/5797 4461/5784 4471/5798
f 4471/5798 4461/5784 4472/5799
f 4461/5784 4469/5796 4472/5799
f 4460/5783 4470/5797 4473/5800
f 4460/5783 4473/5800 4462/5785
f 4462/5785 4473/5800 4474/5801
f 4462/5785 4474/5801 4465/5790
f 4475/5802 4463/5787 4465/5803
f 4475/5802 4465/5803 4476/5804
f 4476/5804 4465/5803 4474/5805
f 4476/5804 4474/5805 4477/5806
f 4463/5787 4475/5802 4478/5807
f 4463/5787 4478/5807 4464/5789
f 4464/5789 4478/5807 4466/5792
f 4478/5807 4479/5808 4466/5792
f 4466/5792 4479/5808 4480/5809
f 4466/5792 4480/5809 4481/5810
f 4467/5793 4466/5792 4482/5811
f 4466/5792 4481/5810 4482/5811
f 4468/5795 4467/5794 4483/5812
f 4467/5794 4482/5813 4483/5812
f 4469/5796 4468/5795 4483/5812
f 4469/5796 4483/5812 4484/5814
f 4472/5799 4469/5796 4484/5814
f 4472/5799 4484/5814 4485/5815
f 4486/5816 4471/5798 4472/5799
f 4486/5816 4472/5799 4487/5817
f 4487/5817 4472/5799 4488/5818
f 4472/5799 4485/5815 4488/5818
f 4489/5819 4470/5797 4486/5816
f 4470/5797 4471/5798 4486/5816
f 4489/5819 4490/5820 4473/5800
f 4489/5819 4473/5800 4470/5797
f 4490/5820 4477/5821 4474/5801
f 4490/5820 4474/5801 4473/5800
f 4491/5822 4492/5823 4477/5806
f 4491/5822 4477/5806 4490/5824
f 4493/5825 4476/5804 4477/5806
f 4493/5825 4477/5806 4492/5823
f 4494/5826 4475/5802 4476/5804
f 4494/5826 4476/5804 4493/5825
f 4475/5802 4494/5826 4478/5807
f 4494/5826 4495/5827 4478/5807
f 4478/5807 4495/5827 4479/5808
f 4495/5827 4496/5828 4479/5808
f 4479/5808 4496/5828 4497/5829
f 4479/5808 4497/5829 4480/5809
f 4480/5809 4497/5829 4498/5830
f 4480/5809 4498/5830 4499/5831
f 4481/5810 4480/5809 4500/5832
f 4480/5809 4499/5831 4500/5832
f 4482/5811 4481/5810 4500/5832
f 4482/5811 4500/5832 4501/5833
f 4483/5812 4482/5813 4502/5834
f 4482/5813 4501/5835 4502/5834
f 4484/5814 4483/5812 4502/5834
f 4484/5814 4502/5834 4503/5836
f 4485/5815 4484/5814 4504/5837
f 4484/5814 4503/5836 4504/5837
f 4488/5818 4485/5815 4504/5837
f 4488/5818 4504/5837 4505/5838
f 4506/5839 4487/5817 4507/5840
f 4487/5817 4488/5818 4507/5840
f 4507/5840 4488/5818 4508/5841
f 4488/5818 4505/5838 4508/5841
f 4509/5842 4486/5816 4487/5817
f 4509/5842 4487/5817 4506/5839
f 4510/5843 4489/5819 4486/5816
f 4510/5843 4486/5816 4509/5842
f 4510/5843 4491/5844 4490/5820
f 4510/5843 4490/5820 4489/5819
f 4492/5823 4491/5822 4511/5845
f 4492/5823 4511/5845 4512/5846
f 4491/5822 4510/5847 4511/5845
f 4510/5847 4509/5848 4511/5845
f 4493/5825 4492/5823 4513/5849
f 4492/5823 4512/5846 4513/5849
f 4494/5826 4493/5825 4513/5849
f 4494/5826 4513/5849 4495/5827
f 4495/5827 4513/5849 4514/5850
f 4495/5827 4514/5850 4496/5828
f 4496/5828 4514/5850 4497/5829
f 4514/5850 4515/5851 4497/5829
f 4497/5829 4515/5851 4498/5830
f 4515/5851 4516/5852 4498/5830
f 4498/5830 4516/5852 4517/5853
f 4498/5830 4517/5853 4499/5831
f 4499/5831 4517/5853 4518/5854
f 4499/5831 4518/5854 4500/5832
f 4501/5835 4500/5855 4518/5856
f 4501/5835 4518/5856 4519/5857
f 4502/5834 4501/5835 4519/5857
f 4502/5834 4519/5857 4503/5836
f 4503/5836 4519/5857 4520/5858
f 4503/5836 4520/5858 4504/5837
f 4505/5838 4504/5837 4520/5858
f 4505/5838 4520/5858 4521/5859
f 4508/5860 4505/5861 4521/5862
f 4508/5860 4521/5862 4522/5863
f 4523/5864 4507/5865 4508/5860
f 4523/5864 4508/5860 4522/5863
f 4524/5866 4506/5867 4507/5865
f 4524/5866 4507/5865 4523/5864
f 4511/5845 4509/5848 4524/5866
f 4509/5848 4506/5867 4524/5866
f 4512/5846 4511/5845 4525/5868
f 4511/5845 4524/5866 4525/5868
f 4513/5849 4512/5846 4525/5868
f 4513/5849 4525/5868 4514/5850
f 4514/5850 4525/5868 4515/5851
f 4525/5868 4526/5869 4515/5851
f 4515/5851 4526/5869 4527/5870
f 4515/5851 4527/5870 4516/5852
f 4516/5852 4527/5870 4528/5871
f 4516/5852 4528/5871 4517/5853
f 4517/5853 4528/5871 4529/5872
f 4517/5853 4529/5872 4518/5854
f 4519/5857 4518/5856 4529/5873
f 4519/5857 4529/5873 4520/5858
f 4521/5862 4520/5874 4529/5872
f 4521/5862 4529/5872 4528/5871
f 4522/5863 4521/5862 4528/5871
f 4522/5863 4528/5871 4527/5870
f 4526/5869 4523/5864 4527/5870
f 4523/5864 4522/5863 4527/5870
f 4525/5868 4524/5866 4523/5864
f 4525/5868 4523/5864 4526/5869
s off
g pCube57_lambert3SG
v 0.134737 0.787035 0.464275 1 1 1
v 0.113438 0.787035 0.464275 1 1 1
v 0.113438 0.572407 0.464275 1 1 1
v 0.156036 0.787035 0.464275 1 1 1
v 0.113438 0.787035 0.433021 1 1 1
v 0.134737 0.787035 0.433021 1 1 1
v 0.156036 0.787035 0.433021 1 1 1
v 0.113438 0.572407 -0.035797 1 1 1
v 0.454224 0.572407 0.464275 1 1 1
v 0.454224 0.787035 0.464275 1 1 1
v 0.411626 0.787035 0.464275 1 1 1
v 0.347728 0.787035 0.464275 1 1 1
v 0.283831 0.787035 0.464275 1 1 1
v 0.454224 0.572407 -0.035797 1 1 1
v 0.219933 0.787035 0.464275 1 1 1
v 0.177335 0.787035 0.464275 1 1 1
v 0.177335 0.787035 0.433021 1 1 1
v 0.156036 0.575902 0.401766 1 1 1
v 0.134737 0.787035 0.401766 1 1 1
v 0.177335 0.575902 0.401766 1 1 1
v 0.113438 0.787035 0.401766 1 1 1
v 0.113438 0.787035 0.370512 1 1 1
v 0.113438 0.787035 -0.035797 1 1 1
v 0.113438 0.787035 -0.004543 1 1 1
v 0.113438 0.787035 0.057966 1 1 1
v 0.113438 0.787035 0.15173 1 1 1
v 0.113438 0.787035 0.339257 1 1 1
v 0.432925 0.787035 -0.035797 1 1 1
v 0.454224 0.787035 -0.035797 1 1 1
v 0.134737 0.787035 -0.035797 1 1 1
v 0.390326 0.787035 -0.035797 1 1 1
v 0.219933 0.787035 -0.035797 1 1 1
v 0.326429 0.787035 -0.035797 1 1 1
v 0.134737 0.787035 -0.004543 1 1 1
v 0.113438 0.787035 0.026712 1 1 1
v 0.134737 0.787035 0.026712 1 1 1
v 0.113438 0.787035 0.089221 1 1 1
v 0.134737 0.787035 0.057966 1 1 1
v 0.134737 0.787035 0.089221 1 1 1
v 0.113438 0.787035 0.120476 1 1 1
v 0.113438 0.787035 0.245494 1 1 1
v 0.113438 0.787035 0.182985 1 1 1
v 0.134737 0.787035 0.15173 1 1 1
v 0.134737 0.787035 0.182985 1 1 1
v 0.134737 0.787035 0.120476 1 1 1
v 0.113438 0.787035 0.308003 1 1 1
v 0.113438 0.787035 0.276748 1 1 1
v 0.134737 0.787035 0.339257 1 1 1
v 0.134737 0.787035 0.370512 1 1 1
v 0.134737 0.787035 0.308003 1 1 1
v 0.156036 0.575902 0.370512 1 1 1
v 0.156036 0.575902 0.339257 1 1 1
v 0.156036 0.575902 0.308003 1 1 1
v 0.134737 0.787035 0.276748 1 1 1
v 0.156036 0.575902 0.276748 1 1 1
v 0.134737 0.787035 0.245494 1 1 1
v 0.113438 0.787035 0.214239 1 1 1
v 0.134737 0.787035 0.214239 1 1 1
v 0.156036 0.575902 0.214239 1 1 1
v 0.156036 0.575902 0.182985 1 1 1
v 0.156036 0.575902 0.15173 1 1 1
v 0.156036 0.575902 0.120476 1 1 1
v 0.156036 0.575902 0.089221 1 1 1
v 0.156036 0.575902 0.057966 1 1 1
v 0.156036 0.575902 0.026712 1 1 1
v 0.177335 0.575902 0.089221 1 1 1
v 0.177335 0.575902 0.057966 1 1 1
v 0.177335 0.575902 0.026712 1 1 1
v 0.177335 0.575902 0.120476 1 1 1
v 0.177335 0.575902 0.15173 1 1 1
v 0.177335 0.575902 0.182985 1 1 1
v 0.177335 0.575902 0.214239 1 1 1
v 0.156036 0.575902 0.245494 1 1 1
v 0.177335 0.575902 0.245494 1 1 1
v 0.177335 0.575902 0.276748 1 1 1
v 0.177335 0.575902 0.308003 1 1 1
v 0.177335 0.575902 0.339257 1 1 1
v 0.177335 0.575902 0.370512 1 1 1
v 0.198634 0.575902 0.401766 1 1 1
v 0.198634 0.575902 0.370512 1 1 1
v 0.198634 0.575902 0.339257 1 1 1
v 0.198634 0.575902 0.308003 1 1 1
v 0.198634 0.575902 0.276748 1 1 1
v 0.198634 0.575902 0.245494 1 1 1
v 0.198634 0.575902 0.214239 1 1 1
v 0.198634 0.575902 0.182985 1 1 1
v 0.198634 0.575902 0.15173 1 1 1
v 0.198634 0.575902 0.120476 1 1 1
v 0.198634 0.575902 0.089221 1 1 1
v 0.198634 0.575902 0.057966 1 1 1
v 0.198634 0.575902 0.026712 1 1 1
v 0.198634 0.787035 -0.004543 1 1 1
v 0.177335 0.787035 -0.004543 1 1 1
v 0.156036 0.787035 -0.004543 1 1 1
v 0.219933 0.575902 0.026712 1 1 1
v 0.219933 0.575902 0.057966 1 1 1
v 0.219933 0.787035 -0.004543 1 1 1
v 0.219933 0.575902 0.089221 1 1 1
v 0.219933 0.575902 0.120476 1 1 1
v 0.219933 0.575902 0.15173 1 1 1
v 0.219933 0.575902 0.182985 1 1 1
v 0.219933 0.575902 0.214239 1 1 1
v 0.219933 0.575902 0.245494 1 1 1
v 0.219933 0.575902 0.276748 1 1 1
v 0.219933 0.575902 0.308003 1 1 1
v 0.219933 0.575902 0.339257 1 1 1
v 0.219933 0.575902 0.370512 1 1 1
v 0.219933 0.575902 0.401766 1 1 1
v 0.241233 0.575902 0.370512 1 1 1
v 0.241233 0.575902 0.339257 1 1 1
v 0.241233 0.575902 0.401766 1 1 1
v 0.241233 0.575902 0.308003 1 1 1
v 0.241233 0.575902 0.276748 1 1 1
v 0.241233 0.575902 0.245494 1 1 1
v 0.241233 0.575902 0.214239 1 1 1
v 0.241233 0.575902 0.182985 1 1 1
v 0.241233 0.575902 0.15173 1 1 1
v 0.241233 0.575902 0.120476 1 1 1
v 0.241233 0.575902 0.089221 1 1 1
v 0.241233 0.575902 0.057966 1 1 1
v 0.241233 0.575902 0.026712 1 1 1
v 0.241233 0.787035 -0.004543 1 1 1
v 0.241233 0.787035 -0.035797 1 1 1
v 0.198634 0.787035 -0.035797 1 1 1
v 0.262532 0.787035 -0.035797 1 1 1
v 0.262532 0.787035 -0.004543 1 1 1
v 0.262532 0.575902 0.026712 1 1 1
v 0.262532 0.575902 0.057966 1 1 1
v 0.262532 0.575902 0.089221 1 1 1
v 0.262532 0.575902 0.120476 1 1 1
v 0.262532 0.575902 0.15173 1 1 1
v 0.262532 0.575902 0.182985 1 1 1
v 0.262532 0.575902 0.214239 1 1 1
v 0.262532 0.575902 0.245494 1 1 1
v 0.262532 0.575902 0.276748 1 1 1
v 0.262532 0.575902 0.308003 1 1 1
v 0.262532 0.575902 0.339257 1 1 1
v 0.262532 0.575902 0.370512 1 1 1
v 0.283831 0.575902 0.339257 1 1 1
v 0.283831 0.575902 0.308003 1 1 1
v 0.283831 0.575902 0.370512 1 1 1
v 0.283831 0.575902 0.276748 1 1 1
v 0.283831 0.575902 0.245494 1 1 1
v 0.283831 0.575902 0.214239 1 1 1
v 0.283831 0.575902 0.182985 1 1 1
v 0.283831 0.575902 0.15173 1 1 1
v 0.283831 0.575902 0.120476 1 1 1
v 0.283831 0.575902 0.089221 1 1 1
v 0.283831 0.575902 0.057966 1 1 1
v 0.283831 0.575902 0.026712 1 1 1
v 0.283831 0.787035 -0.004543 1 1 1
v 0.283831 0.787035 -0.035797 1 1 1
v 0.30513 0.787035 -0.035797 1 1 1
v 0.30513 0.787035 -0.004543 1 1 1
v 0.30513 0.575902 0.026712 1 1 1
v 0.30513 0.575902 0.057966 1 1 1
v 0.30513 0.575902 0.089221 1 1 1
v 0.30513 0.575902 0.120476 1 1 1
v 0.30513 0.575902 0.15173 1 1 1
v 0.30513 0.575902 0.182985 1 1 1
v 0.30513 0.575902 0.214239 1 1 1
v 0.30513 0.575902 0.245494 1 1 1
v 0.30513 0.575902 0.276748 1 1 1
v 0.30513 0.575902 0.308003 1 1 1
v 0.30513 0.575902 0.339257 1 1 1
v 0.30513 0.575902 0.370512 1 1 1
v 0.262532 0.575902 0.401766 1 1 1
v 0.283831 0.575902 0.401766 1 1 1
v 0.30513 0.575902 0.401766 1 1 1
v 0.326429 0.575902 0.370512 1 1 1
v 0.326429 0.575902 0.339257 1 1 1
v 0.326429 0.575902 0.401766 1 1 1
v 0.326429 0.575902 0.308003 1 1 1
v 0.326429 0.575902 0.276748 1 1 1
v 0.326429 0.575902 0.245494 1 1 1
v 0.326429 0.575902 0.214239 1 1 1
v 0.326429 0.575902 0.182985 1 1 1
v 0.326429 0.575902 0.15173 1 1 1
v 0.326429 0.575902 0.120476 1 1 1
v 0.326429 0.575902 0.089221 1 1 1
v 0.326429 0.575902 0.057966 1 1 1
v 0.326429 0.575902 0.026712 1 1 1
v 0.326429 0.787035 -0.004543 1 1 1
v 0.347728 0.575902 0.026712 1 1 1
v 0.347728 0.787035 -0.004543 1 1 1
v 0.347728 0.575902 0.057966 1 1 1
v 0.347728 0.575902 0.089221 1 1 1
v 0.347728 0.575902 0.120476 1 1 1
v 0.347728 0.575902 0.15173 1 1 1
v 0.347728 0.575902 0.182985 1 1 1
v 0.347728 0.575902 0.214239 1 1 1
v 0.347728 0.575902 0.245494 1 1 1
v 0.347728 0.575902 0.276748 1 1 1
v 0.347728 0.575902 0.308003 1 1 1
v 0.347728 0.575902 0.339257 1 1 1
v 0.347728 0.575902 0.370512 1 1 1
v 0.347728 0.575902 0.401766 1 1 1
v 0.326429 0.787035 0.433021 1 1 1
v 0.30513 0.787035 0.433021 1 1 1
v 0.347728 0.787035 0.433021 1 1 1
v 0.369027 0.575902 0.401766 1 1 1
v 0.369027 0.575902 0.370512 1 1 1
v 0.369027 0.787035 0.433021 1 1 1
v 0.369027 0.575902 0.339257 1 1 1
v 0.369027 0.575902 0.308003 1 1 1
v 0.369027 0.575902 0.276748 1 1 1
v 0.369027 0.575902 0.245494 1 1 1
v 0.369027 0.575902 0.214239 1 1 1
v 0.369027 0.575902 0.182985 1 1 1
v 0.369027 0.575902 0.15173 1 1 1
v 0.369027 0.575902 0.120476 1 1 1
v 0.369027 0.575902 0.089221 1 1 1
v 0.369027 0.575902 0.057966 1 1 1
v 0.369027 0.575902 0.026712 1 1 1
v 0.390326 0.575902 0.026712 1 1 1
v 0.390326 0.575902 0.057966 1 1 1
v 0.390326 0.575902 0.089221 1 1 1
v 0.390326 0.575902 0.120476 1 1 1
v 0.390326 0.575902 0.15173 1 1 1
v 0.390326 0.575902 0.182985 1 1 1
v 0.390326 0.575902 0.214239 1 1 1
v 0.390326 0.575902 0.245494 1 1 1
v 0.390326 0.575902 0.276748 1 1 1
v 0.390326 0.575902 0.308003 1 1 1
v 0.390326 0.575902 0.339257 1 1 1
v 0.390326 0.575902 0.370512 1 1 1
v 0.390326 0.575902 0.401766 1 1 1
v 0.390326 0.787035 0.433021 1 1 1
v 0.369027 0.787035 0.464275 1 1 1
v 0.390326 0.787035 0.464275 1 1 1
v 0.411626 0.787035 0.433021 1 1 1
v 0.411626 0.575902 0.401766 1 1 1
v 0.411626 0.575902 0.370512 1 1 1
v 0.411626 0.575902 0.339257 1 1 1
v 0.411626 0.575902 0.308003 1 1 1
v 0.411626 0.575902 0.276748 1 1 1
v 0.411626 0.575902 0.245494 1 1 1
v 0.411626 0.575902 0.214239 1 1 1
v 0.411626 0.575902 0.182985 1 1 1
v 0.411626 0.575902 0.15173 1 1 1
v 0.411626 0.575902 0.120476 1 1 1
v 0.411626 0.575902 0.089221 1 1 1
v 0.411626 0.575902 0.057966 1 1 1
v 0.411626 0.575902 0.026712 1 1 1
v 0.432925 0.787035 0.089221 1 1 1
v 0.432925 0.787035 0.057966 1 1 1
v 0.432925 0.787035 0.026712 1 1 1
v 0.432925 0.787035 0.120476 1 1 1
v 0.432925 0.787035 0.15173 1 1 1
v 0.432925 0.787035 0.182985 1 1 1
v 0.432925 0.787035 0.214239 1 1 1
v 0.432925 0.787035 0.245494 1 1 1
v 0.432925 0.787035 0.276748 1 1 1
v 0.432925 0.787035 0.308003 1 1 1
v 0.432925 0.787035 0.339257 1 1 1
v 0.432925 0.787035 0.370512 1 1 1
v 0.432925 0.787035 0.401766 1 1 1
v 0.432925 0.787035 0.433021 1 1 1
v 0.432925 0.787035 0.464275 1 1 1
v 0.454224 0.787035 0.433021 1 1 1
v 0.454224 0.787035 0.401766 1 1 1
v 0.454224 0.787035 0.370512 1 1 1
v 0.454224 0.787035 0.339257 1 1 1
v 0.454224 0.787035 0.308003 1 1 1
v 0.454224 0.787035 0.276748 1 1 1
v 0.454224 0.787035 0.245494 1 1 1
v 0.454224 0.787035 0.214239 1 1 1
v 0.454224 0.787035 0.182985 1 1 1
v 0.454224 0.787035 0.15173 1 1 1
v 0.454224 0.787035 0.120476 1 1 1
v 0.454224 0.787035 0.089221 1 1 1
v 0.454224 0.787035 0.057966 1 1 1
v 0.454224 0.787035 0.026712 1 1 1
v 0.454224 0.787035 -0.004543 1 1 1
v 0.432925 0.787035 -0.004543 1 1 1
v 0.411626 0.787035 -0.004543 1 1 1
v 0.326429 0.787035 0.464275 1 1 1
v 0.30513 0.787035 0.464275 1 1 1
v 0.283831 0.787035 0.433021 1 1 1
v 0.262532 0.787035 0.464275 1 1 1
v 0.241233 0.787035 0.464275 1 1 1
v 0.262532 0.787035 0.433021 1 1 1
v 0.241233 0.787035 0.433021 1 1 1
v 0.219933 0.787035 0.433021 1 1 1
v 0.198634 0.787035 0.464275 1 1 1
v 0.198634 0.787035 0.433021 1 1 1
v 0.411626 0.787035 -0.035797 1 1 1
v 0.347728 0.787035 -0.035797 1 1 1
v 0.369027 0.787035 -0.035797 1 1 1
v 0.390326 0.787035 -0.004543 1 1 1
v 0.369027 0.787035 -0.004543 1 1 1
v 0.177335 0.787035 -0.035797 1 1 1
v 0.156036 0.787035 -0.035797 1 1 1
v -0.2336 0.787035 0.464275 1 1 1
v -0.254899 0.787035 0.464275 1 1 1
v -0.254899 0.572407 0.464275 1 1 1
v -0.191002 0.787035 0.464275 1 1 1
v -0.212301 0.787035 0.464275 1 1 1
v -0.148403 0.787035 0.464275 1 1 1
v -0.254899 0.787035 0.433021 1 1 1
v -0.2336 0.787035 0.433021 1 1 1
v -0.212301 0.787035 0.433021 1 1 1
v -0.254899 0.572407 -0.035797 1 1 1
v 0.085887 0.572407 0.464275 1 1 1
v 0.085887 0.787035 0.464275 1 1 1
v 0.064588 0.787035 0.464275 1 1 1
v 0.02199 0.787035 0.464275 1 1 1
v -0.105805 0.787035 0.464275 1 1 1
v 0.085887 0.572407 -0.035797 1 1 1
v -0.127104 0.787035 0.464275 1 1 1
v -0.169702 0.787035 0.464275 1 1 1
v -0.169702 0.787035 0.433021 1 1 1
v -0.148403 0.787035 0.433021 1 1 1
v -0.127104 0.787035 0.433021 1 1 1
v -0.191002 0.787035 0.433021 1 1 1
v -0.212301 0.575902 0.401766 1 1 1
v -0.2336 0.787035 0.401766 1 1 1
v -0.191002 0.575902 0.401766 1 1 1
v -0.254899 0.787035 0.401766 1 1 1
v -0.254899 0.787035 0.370512 1 1 1
v -0.254899 0.787035 -0.035797 1 1 1
v -0.254899 0.787035 -0.004543 1 1 1
v -0.254899 0.787035 0.057966 1 1 1
v -0.254899 0.787035 0.089221 1 1 1
v -0.254899 0.787035 0.339257 1 1 1
v 0.064588 0.787035 -0.035797 1 1 1
v 0.085887 0.787035 -0.035797 1 1 1
v -0.212301 0.787035 -0.035797 1 1 1
v 0.02199 0.787035 -0.035797 1 1 1
v -0.169702 0.787035 -0.035797 1 1 1
v -0.127104 0.787035 -0.035797 1 1 1
v -0.2336 0.787035 -0.035797 1 1 1
v -0.2336 0.787035 -0.004543 1 1 1
v -0.254899 0.787035 0.026712 1 1 1
v -0.2336 0.787035 0.026712 1 1 1
v -0.2336 0.787035 0.057966 1 1 1
v -0.2336 0.787035 0.089221 1 1 1
v -0.254899 0.787035 0.120476 1 1 1
v -0.2336 0.787035 0.120476 1 1 1
v -0.254899 0.787035 0.308003 1 1 1
v -0.254899 0.787035 0.276748 1 1 1
v -0.254899 0.787035 0.245494 1 1 1
v -0.2336 0.787035 0.339257 1 1 1
v -0.2336 0.787035 0.370512 1 1 1
v -0.2336 0.787035 0.308003 1 1 1
v -0.212301 0.575902 0.370512 1 1 1
v -0.212301 0.575902 0.339257 1 1 1
v -0.212301 0.575902 0.308003 1 1 1
v -0.2336 0.787035 0.276748 1 1 1
v -0.212301 0.575902 0.276748 1 1 1
v -0.2336 0.787035 0.245494 1 1 1
v -0.254899 0.787035 0.214239 1 1 1
v -0.254899 0.787035 0.182985 1 1 1
v -0.2336 0.787035 0.214239 1 1 1
v -0.254899 0.787035 0.15173 1 1 1
v -0.2336 0.787035 0.15173 1 1 1
v -0.212301 0.575902 0.120476 1 1 1
v -0.212301 0.575902 0.089221 1 1 1
v -0.212301 0.575902 0.15173 1 1 1
v -0.212301 0.575902 0.057966 1 1 1
v -0.212301 0.575902 0.026712 1 1 1
v -0.212301 0.787035 -0.004543 1 1 1
v -0.191002 0.787035 -0.035797 1 1 1
v -0.191002 0.787035 -0.004543 1 1 1
v -0.191002 0.575902 0.026712 1 1 1
v -0.191002 0.575902 0.057966 1 1 1
v -0.191002 0.575902 0.089221 1 1 1
v -0.191002 0.575902 0.120476 1 1 1
v -0.191002 0.575902 0.15173 1 1 1
v -0.212301 0.575902 0.182985 1 1 1
v -0.2336 0.787035 0.182985 1 1 1
v -0.191002 0.575902 0.182985 1 1 1
v -0.212301 0.575902 0.245494 1 1 1
v -0.212301 0.575902 0.214239 1 1 1
v -0.191002 0.575902 0.276748 1 1 1
v -0.191002 0.575902 0.245494 1 1 1
v -0.191002 0.575902 0.308003 1 1 1
v -0.191002 0.575902 0.214239 1 1 1
v -0.169702 0.575902 0.214239 1 1 1
v -0.169702 0.575902 0.182985 1 1 1
v -0.169702 0.575902 0.15173 1 1 1
v -0.169702 0.575902 0.120476 1 1 1
v -0.169702 0.575902 0.089221 1 1 1
v -0.169702 0.575902 0.057966 1 1 1
v -0.169702 0.575902 0.026712 1 1 1
v -0.169702 0.787035 -0.004543 1 1 1
v -0.148403 0.787035 -0.035797 1 1 1
v -0.148403 0.787035 -0.004543 1 1 1
v -0.148403 0.575902 0.026712 1 1 1
v -0.148403 0.575902 0.057966 1 1 1
v -0.148403 0.575902 0.089221 1 1 1
v -0.148403 0.575902 0.120476 1 1 1
v -0.148403 0.575902 0.15173 1 1 1
v -0.148403 0.575902 0.182985 1 1 1
v -0.148403 0.575902 0.214239 1 1 1
v -0.169702 0.575902 0.245494 1 1 1
v -0.148403 0.575902 0.245494 1 1 1
v -0.169702 0.575902 0.276748 1 1 1
v -0.169702 0.575902 0.308003 1 1 1
v -0.191002 0.575902 0.339257 1 1 1
v -0.169702 0.575902 0.339257 1 1 1
v -0.148403 0.575902 0.276748 1 1 1
v -0.148403 0.575902 0.308003 1 1 1
v -0.148403 0.575902 0.339257 1 1 1
v -0.127104 0.575902 0.245494 1 1 1
v -0.127104 0.575902 0.214239 1 1 1
v -0.127104 0.575902 0.276748 1 1 1
v -0.127104 0.575902 0.182985 1 1 1
v -0.127104 0.575902 0.15173 1 1 1
v -0.127104 0.575902 0.120476 1 1 1
v -0.127104 0.575902 0.089221 1 1 1
v -0.127104 0.575902 0.057966 1 1 1
v -0.127104 0.575902 0.026712 1 1 1
v -0.127104 0.787035 -0.004543 1 1 1
v -0.105805 0.787035 -0.035797 1 1 1
v -0.105805 0.787035 -0.004543 1 1 1
v -0.105805 0.575902 0.026712 1 1 1
v -0.105805 0.575902 0.057966 1 1 1
v -0.105805 0.575902 0.089221 1 1 1
v -0.105805 0.575902 0.120476 1 1 1
v -0.105805 0.575902 0.15173 1 1 1
v -0.105805 0.575902 0.182985 1 1 1
v -0.105805 0.575902 0.214239 1 1 1
v -0.105805 0.575902 0.245494 1 1 1
v -0.105805 0.575902 0.276748 1 1 1
v -0.127104 0.575902 0.308003 1 1 1
v -0.105805 0.575902 0.308003 1 1 1
v -0.127104 0.575902 0.339257 1 1 1
v -0.127104 0.575902 0.370512 1 1 1
v -0.148403 0.575902 0.370512 1 1 1
v -0.169702 0.575902 0.370512 1 1 1
v -0.105805 0.575902 0.339257 1 1 1
v -0.105805 0.575902 0.370512 1 1 1
v -0.084506 0.575902 0.339257 1 1 1
v -0.084506 0.575902 0.308003 1 1 1
v -0.084506 0.575902 0.276748 1 1 1
v -0.084506 0.575902 0.245494 1 1 1
v -0.084506 0.575902 0.214239 1 1 1
v -0.084506 0.575902 0.182985 1 1 1
v -0.084506 0.575902 0.15173 1 1 1
v -0.084506 0.575902 0.120476 1 1 1
v -0.084506 0.575902 0.089221 1 1 1
v -0.084506 0.575902 0.057966 1 1 1
v -0.084506 0.575902 0.026712 1 1 1
v -0.084506 0.787035 -0.004543 1 1 1
v -0.084506 0.787035 -0.035797 1 1 1
v -0.063207 0.787035 -0.035797 1 1 1
v -0.063207 0.787035 -0.004543 1 1 1
v -0.063207 0.575902 0.026712 1 1 1
v -0.063207 0.575902 0.057966 1 1 1
v -0.063207 0.575902 0.089221 1 1 1
v -0.063207 0.575902 0.120476 1 1 1
v -0.063207 0.575902 0.15173 1 1 1
v -0.063207 0.575902 0.182985 1 1 1
v -0.063207 0.575902 0.214239 1 1 1
v -0.063207 0.575902 0.245494 1 1 1
v -0.063207 0.575902 0.276748 1 1 1
v -0.063207 0.575902 0.308003 1 1 1
v -0.063207 0.575902 0.339257 1 1 1
v -0.084506 0.575902 0.370512 1 1 1
v -0.063207 0.575902 0.370512 1 1 1
v -0.041908 0.575902 0.370512 1 1 1
v -0.041908 0.575902 0.339257 1 1 1
v -0.041908 0.575902 0.308003 1 1 1
v -0.041908 0.575902 0.276748 1 1 1
v -0.041908 0.575902 0.245494 1 1 1
v -0.041908 0.575902 0.214239 1 1 1
v -0.041908 0.575902 0.182985 1 1 1
v -0.041908 0.575902 0.15173 1 1 1
v -0.041908 0.575902 0.120476 1 1 1
v -0.041908 0.575902 0.089221 1 1 1
v -0.041908 0.575902 0.057966 1 1 1
v -0.041908 0.575902 0.026712 1 1 1
v -0.041908 0.787035 -0.004543 1 1 1
v -0.041908 0.787035 -0.035797 1 1 1
v -0.020609 0.787035 -0.035797 1 1 1
v -0.020609 0.787035 -0.004543 1 1 1
v -0.020609 0.575902 0.026712 1 1 1
v -0.020609 0.575902 0.057966 1 1 1
v -0.020609 0.575902 0.089221 1 1 1
v -0.020609 0.575902 0.120476 1 1 1
v -0.020609 0.575902 0.15173 1 1 1
v -0.020609 0.575902 0.182985 1 1 1
v -0.020609 0.575902 0.214239 1 1 1
v -0.020609 0.575902 0.245494 1 1 1
v -0.020609 0.575902 0.276748 1 1 1
v -0.020609 0.575902 0.308003 1 1 1
v -0.020609 0.575902 0.339257 1 1 1
v -0.020609 0.575902 0.370512 1 1 1
v -0.063207 0.575902 0.401766 1 1 1
v -0.041908 0.575902 0.401766 1 1 1
v -0.020609 0.575902 0.401766 1 1 1
v 0.00069 0.575902 0.401766 1 1 1
v 0.00069 0.575902 0.370512 1 1 1
v 0.00069 0.575902 0.339257 1 1 1
v 0.00069 0.575902 0.308003 1 1 1
v 0.00069 0.575902 0.276748 1 1 1
v 0.00069 0.575902 0.245494 1 1 1
v 0.00069 0.575902 0.214239 1 1 1
v 0.00069 0.575902 0.182985 1 1 1
v 0.00069 0.575902 0.15173 1 1 1
v 0.00069 0.575902 0.120476 1 1 1
v 0.00069 0.575902 0.089221 1 1 1
v 0.00069 0.575902 0.057966 1 1 1
v 0.00069 0.575902 0.026712 1 1 1
v 0.00069 0.787035 -0.004543 1 1 1
v 0.00069 0.787035 -0.035797 1 1 1
v 0.02199 0.787035 -0.004543 1 1 1
v 0.02199 0.575902 0.026712 1 1 1
v 0.02199 0.575902 0.057966 1 1 1
v 0.02199 0.575902 0.089221 1 1 1
v 0.02199 0.575902 0.120476 1 1 1
v 0.02199 0.575902 0.15173 1 1 1
v 0.02199 0.575902 0.182985 1 1 1
v 0.02199 0.575902 0.214239 1 1 1
v 0.02199 0.575902 0.245494 1 1 1
v 0.02199 0.575902 0.276748 1 1 1
v 0.02199 0.575902 0.308003 1 1 1
v 0.02199 0.575902 0.339257 1 1 1
v 0.02199 0.575902 0.370512 1 1 1
v 0.02199 0.575902 0.401766 1 1 1
v 0.043289 0.575902 0.370512 1 1 1
v 0.043289 0.575902 0.339257 1 1 1
v 0.043289 0.575902 0.401766 1 1 1
v 0.043289 0.575902 0.308003 1 1 1
v 0.043289 0.575902 0.276748 1 1 1
v 0.043289 0.575902 0.245494 1 1 1
v 0.043289 0.575902 0.214239 1 1 1
v 0.043289 0.575902 0.182985 1 1 1
v 0.043289 0.575902 0.15173 1 1 1
v 0.043289 0.575902 0.120476 1 1 1
v 0.043289 0.575902 0.089221 1 1 1
v 0.043289 0.575902 0.057966 1 1 1
v 0.043289 0.575902 0.026712 1 1 1
v 0.043289 0.787035 -0.004543 1 1 1
v 0.043289 0.787035 -0.035797 1 1 1
v 0.064588 0.787035 -0.004543 1 1 1
v 0.064588 0.787035 0.026712 1 1 1
v 0.064588 0.787035 0.057966 1 1 1
v 0.064588 0.787035 0.089221 1 1 1
v 0.064588 0.787035 0.120476 1 1 1
v 0.064588 0.787035 0.15173 1 1 1
v 0.064588 0.787035 0.182985 1 1 1
v 0.064588 0.787035 0.214239 1 1 1
v 0.064588 0.787035 0.245494 1 1 1
v 0.064588 0.787035 0.276748 1 1 1
v 0.064588 0.787035 0.308003 1 1 1
v 0.064588 0.787035 0.339257 1 1 1
v 0.064588 0.787035 0.370512 1 1 1
v 0.064588 0.787035 0.401766 1 1 1
v 0.043289 0.787035 0.433021 1 1 1
v 0.02199 0.787035 0.433021 1 1 1
v 0.064588 0.787035 0.433021 1 1 1
v 0.085887 0.787035 0.401766 1 1 1
v 0.085887 0.787035 0.370512 1 1 1
v 0.085887 0.787035 0.433021 1 1 1
v 0.085887 0.787035 0.339257 1 1 1
v 0.085887 0.787035 0.308003 1 1 1
v 0.085887 0.787035 0.276748 1 1 1
v 0.085887 0.787035 0.245494 1 1 1
v 0.085887 0.787035 0.214239 1 1 1
v 0.085887 0.787035 0.182985 1 1 1
v 0.085887 0.787035 0.15173 1 1 1
v 0.085887 0.787035 0.120476 1 1 1
v 0.085887 0.787035 0.089221 1 1 1
v 0.085887 0.787035 0.057966 1 1 1
v 0.085887 0.787035 0.026712 1 1 1
v 0.085887 0.787035 -0.004543 1 1 1
v 0.043289 0.787035 0.464275 1 1 1
v 0.00069 0.787035 0.433021 1 1 1
v 0.00069 0.787035 0.464275 1 1 1
v -0.020609 0.787035 0.464275 1 1 1
v -0.063207 0.787035 0.464275 1 1 1
v -0.020609 0.787035 0.433021 1 1 1
v -0.041908 0.787035 0.433021 1 1 1
v -0.041908 0.787035 0.464275 1 1 1
v -0.084506 0.787035 0.464275 1 1 1
v -0.084506 0.787035 0.433021 1 1 1
v -0.063207 0.787035 0.433021 1 1 1
v -0.105805 0.787035 0.433021 1 1 1
v -0.084506 0.575902 0.401766 1 1 1
v -0.105805 0.575902 0.401766 1 1 1
v -0.127104 0.575902 0.401766 1 1 1
v -0.148403 0.575902 0.401766 1 1 1
v -0.169702 0.575902 0.401766 1 1 1
v -0.191002 0.575902 0.370512 1 1 1
v -0.606591 0.787035 0.464275 1 1 1
v -0.62789 0.787035 0.464275 1 1 1
v -0.62789 0.572407 0.464275 1 1 1
v -0.585292 0.787035 0.464275 1 1 1
v -0.62789 0.787035 0.433021 1 1 1
v -0.606591 0.787035 0.433021 1 1 1
v -0.585292 0.787035 0.433021 1 1 1
v -0.62789 0.572407 -0.035797 1 1 1
v -0.287104 0.572407 0.464275 1 1 1
v -0.287104 0.787035 0.464275 1 1 1
v -0.329702 0.787035 0.464275 1 1 1
v -0.542693 0.787035 0.464275 1 1 1
v -0.351001 0.787035 0.464275 1 1 1
v -0.521394 0.787035 0.464275 1 1 1
v -0.393599 0.787035 0.464275 1 1 1
v -0.287104 0.572407 -0.035797 1 1 1
v -0.563992 0.787035 0.464275 1 1 1
v -0.563992 0.787035 0.433021 1 1 1
v -0.585292 0.575902 0.401766 1 1 1
v -0.606591 0.787035 0.401766 1 1 1
v -0.563992 0.575902 0.401766 1 1 1
v -0.62789 0.787035 0.401766 1 1 1
v -0.62789 0.787035 -0.035797 1 1 1
v -0.62789 0.787035 -0.004543 1 1 1
v -0.62789 0.787035 0.057966 1 1 1
v -0.62789 0.787035 0.089221 1 1 1
v -0.62789 0.787035 0.182985 1 1 1
v -0.62789 0.787035 0.120476 1 1 1
v -0.308403 0.787035 -0.035797 1 1 1
v -0.287104 0.787035 -0.035797 1 1 1
v -0.606591 0.787035 -0.035797 1 1 1
v -0.351001 0.787035 -0.035797 1 1 1
v -0.563992 0.787035 -0.035797 1 1 1
v -0.3723 0.787035 -0.035797 1 1 1
v -0.436198 0.787035 -0.035797 1 1 1
v -0.606591 0.787035 -0.004543 1 1 1
v -0.62789 0.787035 0.026712 1 1 1
v -0.606591 0.787035 0.026712 1 1 1
v -0.606591 0.787035 0.057966 1 1 1
v -0.606591 0.787035 0.089221 1 1 1
v -0.606591 0.787035 0.120476 1 1 1
v -0.62789 0.787035 0.15173 1 1 1
v -0.606591 0.787035 0.15173 1 1 1
v -0.62789 0.787035 0.245494 1 1 1
v -0.62789 0.787035 0.214239 1 1 1
v -0.62789 0.787035 0.308003 1 1 1
v -0.606591 0.787035 0.182985 1 1 1
v -0.606591 0.787035 0.214239 1 1 1
v -0.585292 0.575902 0.15173 1 1 1
v -0.585292 0.575902 0.120476 1 1 1
v -0.585292 0.575902 0.182985 1 1 1
v -0.585292 0.575902 0.089221 1 1 1
v -0.585292 0.575902 0.057966 1 1 1
v -0.585292 0.575902 0.026712 1 1 1
v -0.585292 0.787035 -0.004543 1 1 1
v -0.585292 0.787035 -0.035797 1 1 1
v -0.542693 0.787035 -0.035797 1 1 1
v -0.500095 0.787035 -0.035797 1 1 1
v -0.542693 0.787035 -0.004543 1 1 1
v -0.563992 0.787035 -0.004543 1 1 1
v -0.563992 0.575902 0.026712 1 1 1
v -0.563992 0.575902 0.057966 1 1 1
v -0.563992 0.575902 0.089221 1 1 1
v -0.563992 0.575902 0.120476 1 1 1
v -0.563992 0.575902 0.15173 1 1 1
v -0.563992 0.575902 0.182985 1 1 1
v -0.585292 0.575902 0.214239 1 1 1
v -0.563992 0.575902 0.214239 1 1 1
v -0.585292 0.575902 0.245494 1 1 1
v -0.606591 0.787035 0.245494 1 1 1
v -0.62789 0.787035 0.276748 1 1 1
v -0.606591 0.787035 0.276748 1 1 1
v -0.585292 0.575902 0.276748 1 1 1
v -0.563992 0.575902 0.245494 1 1 1
v -0.563992 0.575902 0.276748 1 1 1
v -0.542693 0.575902 0.245494 1 1 1
v -0.542693 0.575902 0.214239 1 1 1
v -0.542693 0.575902 0.182985 1 1 1
v -0.542693 0.575902 0.15173 1 1 1
v -0.542693 0.575902 0.120476 1 1 1
v -0.542693 0.575902 0.089221 1 1 1
v -0.542693 0.575902 0.057966 1 1 1
v -0.542693 0.575902 0.026712 1 1 1
v -0.521394 0.787035 -0.035797 1 1 1
v -0.521394 0.787035 -0.004543 1 1 1
v -0.521394 0.575902 0.026712 1 1 1
v -0.500095 0.787035 -0.004543 1 1 1
v -0.500095 0.575902 0.026712 1 1 1
v -0.521394 0.575902 0.057966 1 1 1
v -0.500095 0.575902 0.057966 1 1 1
v -0.521394 0.575902 0.089221 1 1 1
v -0.521394 0.575902 0.120476 1 1 1
v -0.521394 0.575902 0.15173 1 1 1
v -0.521394 0.575902 0.182985 1 1 1
v -0.521394 0.575902 0.214239 1 1 1
v -0.521394 0.575902 0.245494 1 1 1
v -0.542693 0.575902 0.276748 1 1 1
v -0.521394 0.575902 0.276748 1 1 1
v -0.542693 0.575902 0.308003 1 1 1
v -0.563992 0.575902 0.308003 1 1 1
v -0.585292 0.575902 0.308003 1 1 1
v -0.606591 0.787035 0.308003 1 1 1
v -0.585292 0.575902 0.339257 1 1 1
v -0.563992 0.575902 0.339257 1 1 1
v -0.606591 0.787035 0.339257 1 1 1
v -0.542693 0.575902 0.339257 1 1 1
v -0.521394 0.575902 0.308003 1 1 1
v -0.521394 0.575902 0.339257 1 1 1
v -0.500095 0.575902 0.276748 1 1 1
v -0.500095 0.575902 0.245494 1 1 1
v -0.500095 0.575902 0.308003 1 1 1
v -0.500095 0.575902 0.214239 1 1 1
v -0.500095 0.575902 0.182985 1 1 1
v -0.500095 0.575902 0.15173 1 1 1
v -0.500095 0.575902 0.120476 1 1 1
v -0.500095 0.575902 0.089221 1 1 1
v -0.478796 0.575902 0.089221 1 1 1
v -0.478796 0.575902 0.057966 1 1 1
v -0.478796 0.575902 0.026712 1 1 1
v -0.478796 0.575902 0.120476 1 1 1
v -0.478796 0.575902 0.15173 1 1 1
v -0.478796 0.575902 0.182985 1 1 1
v -0.478796 0.575902 0.214239 1 1 1
v -0.478796 0.575902 0.245494 1 1 1
v -0.478796 0.575902 0.276748 1 1 1
v -0.478796 0.575902 0.308003 1 1 1
v -0.500095 0.575902 0.339257 1 1 1
v -0.478796 0.575902 0.339257 1 1 1
v -0.500095 0.575902 0.370512 1 1 1
v -0.521394 0.575902 0.370512 1 1 1
v -0.542693 0.575902 0.370512 1 1 1
v -0.563992 0.575902 0.370512 1 1 1
v -0.585292 0.575902 0.370512 1 1 1
v -0.542693 0.575902 0.401766 1 1 1
v -0.521394 0.575902 0.401766 1 1 1
v -0.500095 0.575902 0.401766 1 1 1
v -0.478796 0.575902 0.370512 1 1 1
v -0.478796 0.575902 0.401766 1 1 1
v -0.457497 0.575902 0.339257 1 1 1
v -0.457497 0.575902 0.308003 1 1 1
v -0.457497 0.575902 0.370512 1 1 1
v -0.457497 0.575902 0.276748 1 1 1
v -0.457497 0.575902 0.245494 1 1 1
v -0.457497 0.575902 0.214239 1 1 1
v -0.457497 0.575902 0.182985 1 1 1
v -0.457497 0.575902 0.15173 1 1 1
v -0.457497 0.575902 0.120476 1 1 1
v -0.457497 0.575902 0.089221 1 1 1
v -0.436198 0.575902 0.089221 1 1 1
v -0.436198 0.575902 0.120476 1 1 1
v -0.436198 0.575902 0.15173 1 1 1
v -0.436198 0.575902 0.182985 1 1 1
v -0.436198 0.575902 0.214239 1 1 1
v -0.436198 0.575902 0.245494 1 1 1
v -0.436198 0.575902 0.276748 1 1 1
v -0.436198 0.575902 0.308003 1 1 1
v -0.436198 0.575902 0.339257 1 1 1
v -0.436198 0.575902 0.370512 1 1 1
v -0.457497 0.575902 0.401766 1 1 1
v -0.436198 0.575902 0.401766 1 1 1
v -0.457497 0.787035 0.433021 1 1 1
v -0.478796 0.787035 0.433021 1 1 1
v -0.500095 0.787035 0.433021 1 1 1
v -0.521394 0.787035 0.433021 1 1 1
v -0.500095 0.787035 0.464275 1 1 1
v -0.478796 0.787035 0.464275 1 1 1
v -0.457497 0.787035 0.464275 1 1 1
v -0.436198 0.787035 0.433021 1 1 1
v -0.436198 0.787035 0.464275 1 1 1
v -0.414899 0.575902 0.401766 1 1 1
v -0.414899 0.575902 0.370512 1 1 1
v -0.414899 0.787035 0.433021 1 1 1
v -0.414899 0.575902 0.339257 1 1 1
v -0.414899 0.575902 0.308003 1 1 1
v -0.414899 0.575902 0.276748 1 1 1
v -0.414899 0.575902 0.245494 1 1 1
v -0.414899 0.575902 0.214239 1 1 1
v -0.414899 0.575902 0.182985 1 1 1
v -0.414899 0.575902 0.15173 1 1 1
v -0.414899 0.575902 0.120476 1 1 1
v -0.393599 0.575902 0.15173 1 1 1
v -0.393599 0.575902 0.182985 1 1 1
v -0.393599 0.575902 0.120476 1 1 1
v -0.393599 0.575902 0.214239 1 1 1
v -0.393599 0.575902 0.245494 1 1 1
v -0.393599 0.575902 0.276748 1 1 1
v -0.393599 0.575902 0.308003 1 1 1
v -0.393599 0.575902 0.339257 1 1 1
v -0.393599 0.575902 0.370512 1 1 1
v -0.393599 0.575902 0.401766 1 1 1
v -0.393599 0.787035 0.433021 1 1 1
v -0.414899 0.787035 0.464275 1 1 1
v -0.3723 0.787035 0.464275 1 1 1
v -0.3723 0.787035 0.433021 1 1 1
v -0.3723 0.575902 0.401766 1 1 1
v -0.3723 0.575902 0.370512 1 1 1
v -0.3723 0.575902 0.339257 1 1 1
v -0.3723 0.575902 0.308003 1 1 1
v -0.3723 0.575902 0.276748 1 1 1
v -0.3723 0.575902 0.245494 1 1 1
v -0.3723 0.575902 0.214239 1 1 1
v -0.3723 0.575902 0.182985 1 1 1
v -0.3723 0.575902 0.15173 1 1 1
v -0.3723 0.575902 0.120476 1 1 1
v -0.3723 0.575902 0.089221 1 1 1
v -0.393599 0.575902 0.089221 1 1 1
v -0.414899 0.575902 0.089221 1 1 1
v -0.414899 0.575902 0.057966 1 1 1
v -0.393599 0.575902 0.057966 1 1 1
v -0.436198 0.575902 0.057966 1 1 1
v -0.3723 0.575902 0.057966 1 1 1
v -0.351001 0.575902 0.089221 1 1 1
v -0.351001 0.575902 0.120476 1 1 1
v -0.351001 0.575902 0.057966 1 1 1
v -0.351001 0.575902 0.15173 1 1 1
v -0.351001 0.575902 0.182985 1 1 1
v -0.351001 0.575902 0.214239 1 1 1
v -0.351001 0.575902 0.245494 1 1 1
v -0.351001 0.575902 0.276748 1 1 1
v -0.351001 0.575902 0.308003 1 1 1
v -0.351001 0.575902 0.339257 1 1 1
v -0.351001 0.575902 0.370512 1 1 1
v -0.351001 0.575902 0.401766 1 1 1
v -0.329702 0.575902 0.370512 1 1 1
v -0.329702 0.575902 0.339257 1 1 1
v -0.329702 0.575902 0.401766 1 1 1
v -0.329702 0.575902 0.308003 1 1 1
v -0.329702 0.575902 0.276748 1 1 1
v -0.329702 0.575902 0.245494 1 1 1
v -0.329702 0.575902 0.214239 1 1 1
v -0.329702 0.575902 0.182985 1 1 1
v -0.329702 0.575902 0.15173 1 1 1
v -0.329702 0.575902 0.120476 1 1 1
v -0.329702 0.575902 0.089221 1 1 1
v -0.329702 0.575902 0.057966 1 1 1
v -0.351001 0.575902 0.026712 1 1 1
v -0.3723 0.575902 0.026712 1 1 1
v -0.329702 0.575902 0.026712 1 1 1
v -0.393599 0.575902 0.026712 1 1 1
v -0.3723 0.787035 -0.004543 1 1 1
v -0.393599 0.787035 -0.004543 1 1 1
v -0.351001 0.787035 -0.004543 1 1 1
v -0.329702 0.787035 -0.004543 1 1 1
v -0.308403 0.787035 0.026712 1 1 1
v -0.308403 0.787035 0.057966 1 1 1
v -0.308403 0.787035 -0.004543 1 1 1
v -0.308403 0.787035 0.089221 1 1 1
v -0.308403 0.787035 0.120476 1 1 1
v -0.308403 0.787035 0.15173 1 1 1
v -0.308403 0.787035 0.182985 1 1 1
v -0.308403 0.787035 0.214239 1 1 1
v -0.308403 0.787035 0.245494 1 1 1
v -0.308403 0.787035 0.276748 1 1 1
v -0.308403 0.787035 0.308003 1 1 1
v -0.308403 0.787035 0.339257 1 1 1
v -0.287104 0.787035 0.339257 1 1 1
v -0.287104 0.787035 0.308003 1 1 1
v -0.287104 0.787035 0.276748 1 1 1
v -0.287104 0.787035 0.245494 1 1 1
v -0.287104 0.787035 0.214239 1 1 1
v -0.287104 0.787035 0.182985 1 1 1
v -0.287104 0.787035 0.15173 1 1 1
v -0.287104 0.787035 0.120476 1 1 1
v -0.287104 0.787035 0.089221 1 1 1
v -0.287104 0.787035 0.057966 1 1 1
v -0.287104 0.787035 0.026712 1 1 1
v -0.287104 0.787035 -0.004543 1 1 1
v -0.329702 0.787035 -0.035797 1 1 1
v -0.393599 0.787035 -0.035797 1 1 1
v -0.414899 0.787035 -0.035797 1 1 1
v -0.414899 0.787035 -0.004543 1 1 1
v -0.414899 0.575902 0.026712 1 1 1
v -0.436198 0.787035 -0.004543 1 1 1
v -0.436198 0.575902 0.026712 1 1 1
v -0.478796 0.787035 -0.035797 1 1 1
v -0.457497 0.787035 -0.035797 1 1 1
v -0.457497 0.787035 -0.004543 1 1 1
v -0.457497 0.575902 0.026712 1 1 1
v -0.457497 0.575902 0.057966 1 1 1
v -0.478796 0.787035 -0.004543 1 1 1
v -0.287104 0.787035 0.433021 1 1 1
v -0.287104 0.787035 0.370512 1 1 1
v -0.287104 0.787035 0.401766 1 1 1
v -0.308403 0.787035 0.464275 1 1 1
v -0.308403 0.787035 0.433021 1 1 1
v -0.308403 0.787035 0.401766 1 1 1
v -0.329702 0.787035 0.433021 1 1 1
v -0.308403 0.787035 0.370512 1 1 1
v -0.351001 0.787035 0.433021 1 1 1
v -0.542693 0.787035 0.433021 1 1 1
v -0.606591 0.787035 0.370512 1 1 1
v -0.62789 0.787035 0.370512 1 1 1
v -0.62789 0.787035 0.339257 1 1 1
v -0.127262 0.787035 -0.08607 1 1 1
v -0.127262 0.787035 -0.064771 1 1 1
v -0.127262 0.572407 -0.064771 1 1 1
v -0.127262 0.787035 -0.107369 1 1 1
v -0.158516 0.787035 -0.064771 1 1 1
v -0.158516 0.787035 -0.08607 1 1 1
v -0.158516 0.787035 -0.107369 1 1 1
v -0.627334 0.572407 -0.064771 1 1 1
v -0.127262 0.572407 -0.405557 1 1 1
v -0.127262 0.787035 -0.405557 1 1 1
v -0.127262 0.787035 -0.362958 1 1 1
v -0.127262 0.787035 -0.149967 1 1 1
v -0.127262 0.787035 -0.32036 1 1 1
v -0.127262 0.787035 -0.213865 1 1 1
v -0.627334 0.572407 -0.405557 1 1 1
v -0.127262 0.787035 -0.128668 1 1 1
v -0.158516 0.787035 -0.128668 1 1 1
v -0.189771 0.575902 -0.107369 1 1 1
v -0.189771 0.787035 -0.08607 1 1 1
v -0.189771 0.575902 -0.128668 1 1 1
v -0.189771 0.787035 -0.064771 1 1 1
v -0.221026 0.787035 -0.064771 1 1 1
v -0.25228 0.787035 -0.064771 1 1 1
v -0.59608 0.787035 -0.064771 1 1 1
v -0.377298 0.787035 -0.064771 1 1 1
v -0.627334 0.787035 -0.064771 1 1 1
v -0.627334 0.787035 -0.107369 1 1 1
v -0.627334 0.787035 -0.362958 1 1 1
v -0.627334 0.787035 -0.405557 1 1 1
v -0.627334 0.787035 -0.149967 1 1 1
v -0.627334 0.787035 -0.32036 1 1 1
v -0.627334 0.787035 -0.213865 1 1 1
v -0.627334 0.787035 -0.08607 1 1 1
v -0.59608 0.787035 -0.08607 1 1 1
v -0.533571 0.787035 -0.064771 1 1 1
v -0.564825 0.787035 -0.064771 1 1 1
v -0.471062 0.787035 -0.064771 1 1 1
v -0.564825 0.787035 -0.08607 1 1 1
v -0.314789 0.787035 -0.064771 1 1 1
v -0.346044 0.787035 -0.064771 1 1 1
v -0.408553 0.787035 -0.064771 1 1 1
v -0.377298 0.787035 -0.08607 1 1 1
v -0.346044 0.787035 -0.08607 1 1 1
v -0.408553 0.787035 -0.08607 1 1 1
v -0.283535 0.787035 -0.064771 1 1 1
v -0.25228 0.787035 -0.08607 1 1 1
v -0.221026 0.787035 -0.08607 1 1 1
v -0.283535 0.787035 -0.08607 1 1 1
v -0.221026 0.575902 -0.107369 1 1 1
v -0.25228 0.575902 -0.107369 1 1 1
v -0.283535 0.575902 -0.107369 1 1 1
v -0.314789 0.787035 -0.08607 1 1 1
v -0.314789 0.575902 -0.107369 1 1 1
v -0.346044 0.575902 -0.107369 1 1 1
v -0.377298 0.575902 -0.107369 1 1 1
v -0.408553 0.575902 -0.107369 1 1 1
v -0.439807 0.787035 -0.08607 1 1 1
v -0.439807 0.787035 -0.064771 1 1 1
v -0.439807 0.575902 -0.107369 1 1 1
v -0.502316 0.787035 -0.064771 1 1 1
v -0.502316 0.787035 -0.08607 1 1 1
v -0.471062 0.787035 -0.08607 1 1 1
v -0.533571 0.787035 -0.08607 1 1 1
v -0.564825 0.575902 -0.107369 1 1 1
v -0.59608 0.787035 -0.107369 1 1 1
v -0.533571 0.575902 -0.107369 1 1 1
v -0.502316 0.575902 -0.107369 1 1 1
v -0.471062 0.575902 -0.107369 1 1 1
v -0.439807 0.575902 -0.128668 1 1 1
v -0.408553 0.575902 -0.128668 1 1 1
v -0.471062 0.575902 -0.128668 1 1 1
v -0.377298 0.575902 -0.128668 1 1 1
v -0.346044 0.575902 -0.128668 1 1 1
v -0.314789 0.575902 -0.128668 1 1 1
v -0.283535 0.575902 -0.128668 1 1 1
v -0.25228 0.575902 -0.128668 1 1 1
v -0.221026 0.575902 -0.128668 1 1 1
v -0.189771 0.575902 -0.149967 1 1 1
v -0.221026 0.575902 -0.149967 1 1 1
v -0.25228 0.575902 -0.149967 1 1 1
v -0.283535 0.575902 -0.149967 1 1 1
v -0.314789 0.575902 -0.149967 1 1 1
v -0.346044 0.575902 -0.149967 1 1 1
v -0.377298 0.575902 -0.149967 1 1 1
v -0.408553 0.575902 -0.149967 1 1 1
v -0.439807 0.575902 -0.149967 1 1 1
v -0.471062 0.575902 -0.149967 1 1 1
v -0.502316 0.575902 -0.149967 1 1 1
v -0.502316 0.575902 -0.128668 1 1 1
v -0.533571 0.575902 -0.128668 1 1 1
v -0.564825 0.575902 -0.128668 1 1 1
v -0.59608 0.787035 -0.128668 1 1 1
v -0.564825 0.575902 -0.149967 1 1 1
v -0.59608 0.787035 -0.149967 1 1 1
v -0.533571 0.575902 -0.149967 1 1 1
v -0.502316 0.575902 -0.171266 1 1 1
v -0.533571 0.575902 -0.171266 1 1 1
v -0.471062 0.575902 -0.171266 1 1 1
v -0.439807 0.575902 -0.171266 1 1 1
v -0.408553 0.575902 -0.171266 1 1 1
v -0.377298 0.575902 -0.171266 1 1 1
v -0.346044 0.575902 -0.171266 1 1 1
v -0.314789 0.575902 -0.171266 1 1 1
v -0.283535 0.575902 -0.171266 1 1 1
v -0.25228 0.575902 -0.171266 1 1 1
v -0.221026 0.575902 -0.171266 1 1 1
v -0.189771 0.575902 -0.171266 1 1 1
v -0.221026 0.575902 -0.192565 1 1 1
v -0.25228 0.575902 -0.192565 1 1 1
v -0.189771 0.575902 -0.192565 1 1 1
v -0.283535 0.575902 -0.192565 1 1 1
v -0.314789 0.575902 -0.192565 1 1 1
v -0.346044 0.575902 -0.192565 1 1 1
v -0.377298 0.575902 -0.192565 1 1 1
v -0.408553 0.575902 -0.192565 1 1 1
v -0.439807 0.575902 -0.192565 1 1 1
v -0.471062 0.575902 -0.192565 1 1 1
v -0.502316 0.575902 -0.192565 1 1 1
v -0.533571 0.575902 -0.192565 1 1 1
v -0.564825 0.575902 -0.171266 1 1 1
v -0.564825 0.575902 -0.192565 1 1 1
v -0.59608 0.787035 -0.171266 1 1 1
v -0.59608 0.787035 -0.192565 1 1 1
v -0.564825 0.575902 -0.213865 1 1 1
v -0.533571 0.575902 -0.213865 1 1 1
v -0.59608 0.787035 -0.213865 1 1 1
v -0.502316 0.575902 -0.213865 1 1 1
v -0.471062 0.575902 -0.213865 1 1 1
v -0.439807 0.575902 -0.213865 1 1 1
v -0.408553 0.575902 -0.213865 1 1 1
v -0.377298 0.575902 -0.213865 1 1 1
v -0.346044 0.575902 -0.213865 1 1 1
v -0.314789 0.575902 -0.213865 1 1 1
v -0.283535 0.575902 -0.213865 1 1 1
v -0.25228 0.575902 -0.213865 1 1 1
v -0.221026 0.575902 -0.213865 1 1 1
v -0.189771 0.575902 -0.213865 1 1 1
v -0.158516 0.787035 -0.192565 1 1 1
v -0.158516 0.787035 -0.171266 1 1 1
v -0.158516 0.787035 -0.213865 1 1 1
v -0.189771 0.575902 -0.235164 1 1 1
v -0.221026 0.575902 -0.235164 1 1 1
v -0.158516 0.787035 -0.235164 1 1 1
v -0.25228 0.575902 -0.235164 1 1 1
v -0.283535 0.575902 -0.235164 1 1 1
v -0.314789 0.575902 -0.235164 1 1 1
v -0.346044 0.575902 -0.235164 1 1 1
v -0.377298 0.575902 -0.235164 1 1 1
v -0.408553 0.575902 -0.235164 1 1 1
v -0.439807 0.575902 -0.235164 1 1 1
v -0.471062 0.575902 -0.235164 1 1 1
v -0.502316 0.575902 -0.235164 1 1 1
v -0.533571 0.575902 -0.235164 1 1 1
v -0.564825 0.575902 -0.235164 1 1 1
v -0.564825 0.575902 -0.256463 1 1 1
v -0.533571 0.575902 -0.256463 1 1 1
v -0.502316 0.575902 -0.256463 1 1 1
v -0.471062 0.575902 -0.256463 1 1 1
v -0.439807 0.575902 -0.256463 1 1 1
v -0.408553 0.575902 -0.256463 1 1 1
v -0.377298 0.575902 -0.256463 1 1 1
v -0.346044 0.575902 -0.256463 1 1 1
v -0.314789 0.575902 -0.256463 1 1 1
v -0.283535 0.575902 -0.256463 1 1 1
v -0.25228 0.575902 -0.256463 1 1 1
v -0.221026 0.575902 -0.256463 1 1 1
v -0.189771 0.575902 -0.256463 1 1 1
v -0.158516 0.787035 -0.256463 1 1 1
v -0.127262 0.787035 -0.235164 1 1 1
v -0.127262 0.787035 -0.256463 1 1 1
v -0.127262 0.787035 -0.277762 1 1 1
v -0.158516 0.787035 -0.277762 1 1 1
v -0.189771 0.575902 -0.277762 1 1 1
v -0.221026 0.575902 -0.277762 1 1 1
v -0.25228 0.575902 -0.277762 1 1 1
v -0.283535 0.575902 -0.277762 1 1 1
v -0.314789 0.575902 -0.277762 1 1 1
v -0.346044 0.575902 -0.277762 1 1 1
v -0.377298 0.575902 -0.277762 1 1 1
v -0.408553 0.575902 -0.277762 1 1 1
v -0.439807 0.575902 -0.277762 1 1 1
v -0.471062 0.575902 -0.277762 1 1 1
v -0.502316 0.575902 -0.277762 1 1 1
v -0.533571 0.575902 -0.277762 1 1 1
v -0.564825 0.575902 -0.277762 1 1 1
v -0.502316 0.575902 -0.299061 1 1 1
v -0.533571 0.575902 -0.299061 1 1 1
v -0.564825 0.575902 -0.299061 1 1 1
v -0.471062 0.575902 -0.299061 1 1 1
v -0.439807 0.575902 -0.299061 1 1 1
v -0.408553 0.575902 -0.299061 1 1 1
v -0.377298 0.575902 -0.299061 1 1 1
v -0.346044 0.575902 -0.299061 1 1 1
v -0.314789 0.575902 -0.299061 1 1 1
v -0.283535 0.575902 -0.299061 1 1 1
v -0.25228 0.575902 -0.299061 1 1 1
v -0.221026 0.575902 -0.299061 1 1 1
v -0.189771 0.575902 -0.299061 1 1 1
v -0.158516 0.787035 -0.299061 1 1 1
v -0.127262 0.787035 -0.299061 1 1 1
v -0.158516 0.787035 -0.32036 1 1 1
v -0.189771 0.575902 -0.32036 1 1 1
v -0.221026 0.575902 -0.32036 1 1 1
v -0.25228 0.575902 -0.32036 1 1 1
v -0.283535 0.575902 -0.32036 1 1 1
v -0.314789 0.575902 -0.32036 1 1 1
v -0.346044 0.575902 -0.32036 1 1 1
v -0.377298 0.575902 -0.32036 1 1 1
v -0.408553 0.575902 -0.32036 1 1 1
v -0.439807 0.575902 -0.32036 1 1 1
v -0.471062 0.575902 -0.32036 1 1 1
v -0.502316 0.575902 -0.32036 1 1 1
v -0.533571 0.575902 -0.32036 1 1 1
v -0.564825 0.575902 -0.32036 1 1 1
v -0.59608 0.787035 -0.32036 1 1 1
v -0.59608 0.787035 -0.299061 1 1 1
v -0.59608 0.787035 -0.277762 1 1 1
v -0.564825 0.575902 -0.341659 1 1 1
v -0.533571 0.575902 -0.341659 1 1 1
v -0.59608 0.787035 -0.341659 1 1 1
v -0.502316 0.575902 -0.341659 1 1 1
v -0.471062 0.575902 -0.341659 1 1 1
v -0.439807 0.575902 -0.341659 1 1 1
v -0.408553 0.575902 -0.341659 1 1 1
v -0.377298 0.575902 -0.341659 1 1 1
v -0.346044 0.575902 -0.341659 1 1 1
v -0.314789 0.575902 -0.341659 1 1 1
v -0.283535 0.575902 -0.341659 1 1 1
v -0.25228 0.575902 -0.341659 1 1 1
v -0.221026 0.575902 -0.341659 1 1 1
v -0.189771 0.575902 -0.341659 1 1 1
v -0.221026 0.575902 -0.362958 1 1 1
v -0.25228 0.575902 -0.362958 1 1 1
v -0.189771 0.575902 -0.362958 1 1 1
v -0.283535 0.575902 -0.362958 1 1 1
v -0.314789 0.575902 -0.362958 1 1 1
v -0.346044 0.575902 -0.362958 1 1 1
v -0.377298 0.575902 -0.362958 1 1 1
v -0.408553 0.575902 -0.362958 1 1 1
v -0.439807 0.575902 -0.362958 1 1 1
v -0.471062 0.575902 -0.362958 1 1 1
v -0.502316 0.575902 -0.362958 1 1 1
v -0.533571 0.575902 -0.362958 1 1 1
v -0.564825 0.575902 -0.362958 1 1 1
v -0.59608 0.787035 -0.362958 1 1 1
v -0.627334 0.787035 -0.341659 1 1 1
v -0.627334 0.787035 -0.384257 1 1 1
v -0.59608 0.787035 -0.384257 1 1 1
v -0.564825 0.787035 -0.384257 1 1 1
v -0.533571 0.787035 -0.384257 1 1 1
v -0.502316 0.787035 -0.384257 1 1 1
v -0.471062 0.787035 -0.384257 1 1 1
v -0.439807 0.787035 -0.384257 1 1 1
v -0.408553 0.787035 -0.384257 1 1 1
v -0.377298 0.787035 -0.384257 1 1 1
v -0.346044 0.787035 -0.384257 1 1 1
v -0.314789 0.787035 -0.384257 1 1 1
v -0.283535 0.787035 -0.384257 1 1 1
v -0.25228 0.787035 -0.384257 1 1 1
v -0.221026 0.787035 -0.384257 1 1 1
v -0.25228 0.787035 -0.405557 1 1 1
v -0.283535 0.787035 -0.405557 1 1 1
v -0.221026 0.787035 -0.405557 1 1 1
v -0.314789 0.787035 -0.405557 1 1 1
v -0.346044 0.787035 -0.405557 1 1 1
v -0.377298 0.787035 -0.405557 1 1 1
v -0.408553 0.787035 -0.405557 1 1 1
v -0.439807 0.787035 -0.405557 1 1 1
v -0.471062 0.787035 -0.405557 1 1 1
v -0.502316 0.787035 -0.405557 1 1 1
v -0.533571 0.787035 -0.405557 1 1 1
v -0.564825 0.787035 -0.405557 1 1 1
v -0.59608 0.787035 -0.405557 1 1 1
v -0.189771 0.787035 -0.405557 1 1 1
v -0.189771 0.787035 -0.384257 1 1 1
v -0.158516 0.787035 -0.405557 1 1 1
v -0.158516 0.787035 -0.384257 1 1 1
v -0.158516 0.787035 -0.362958 1 1 1
v -0.127262 0.787035 -0.384257 1 1 1
v -0.127262 0.787035 -0.341659 1 1 1
v -0.158516 0.787035 -0.341659 1 1 1
v -0.127262 0.787035 -0.192565 1 1 1
v -0.127262 0.787035 -0.171266 1 1 1
v -0.158516 0.787035 -0.149967 1 1 1
v -0.627334 0.787035 -0.256463 1 1 1
v -0.627334 0.787035 -0.299061 1 1 1
v -0.627334 0.787035 -0.235164 1 1 1
v -0.627334 0.787035 -0.277762 1 1 1
v -0.59608 0.787035 -0.256463 1 1 1
v -0.59608 0.787035 -0.235164 1 1 1
v -0.627334 0.787035 -0.192565 1 1 1
v -0.627334 0.787035 -0.128668 1 1 1
v -0.627334 0.787035 -0.171266 1 1 1
vt 0.177213 0.316798
vt 0.175609 0.325983
vt 0.217386 0.39176
vt 0.183754 0.30917
vt 0.693783 0.643247
vt 0.681814 0.638556
vt 0.677518 0.645057
vt 0.689757 0.650476
vt 0.175613 0.302217
vt 0.166648 0.310766
vt 0.81572 0.58093
vt 0.653046 0.544159
vt 0.340682 0.287253
vt 0.273011 0.250119
vt 0.260501 0.254058
vt 0.242706 0.263189
vt 0.223851 0.275183
vt 0.953986 0.502524
vt 0.699081 0.383106
vt 0.200204 0.289007
vt 0.189515 0.299416
vt 0.178669 0.287909
vt 0.689465 0.657903
vt 0.700282 0.731954
vt 0.704447 0.655966
vt 0.128244 0.231141
vt 0.116466 0.230637
vt 0.706325 0.644062
vt 0.717281 0.648663
vt 0.877943 0.635666
vt 0.868337 0.643702
vt 0.849663 0.660576
vt 0.797961 0.657232
vt 0.7273 0.649498
vt 0.9624 0.569741
vt 0.968522 0.563623
vt 0.883117 0.638046
vt 0.950767 0.582601
vt 0.903343 0.637529
vt 0.933308 0.602432
vt 0.495298 0.200114
vt 0.426725 0.151299
vt 0.872903 0.651213
vt 0.857031 0.652065
vt 0.861473 0.661264
vt 0.837462 0.651308
vt 0.850319 0.666817
vt 0.836563 0.664915
vt 0.818357 0.654251
vt 0.773653 0.657751
vt 0.795376 0.662992
vt 0.811752 0.663235
vt 0.801046 0.667465
vt 0.824023 0.665347
vt 0.74435 0.655486
vt 0.753034 0.65193
vt 0.730892 0.661077
vt 0.717835 0.658456
vt 0.745045 0.663747
vt 0.713806 0.732341
vt 0.728209 0.732877
vt 0.742364 0.733087
vt 0.759243 0.666057
vt 0.757734 0.73405
vt 0.773743 0.668485
vt 0.786439 0.658939
vt 0.788375 0.669305
vt 0.788344 0.736178
vt 0.803399 0.736827
vt 0.815988 0.734528
vt 0.833072 0.736923
vt 0.846838 0.733749
vt 0.859929 0.733747
vt 0.871396 0.730371
vt 0.849334 0.741201
vt 0.866222 0.74
vt 0.879071 0.735045
vt 0.834269 0.743399
vt 0.819426 0.745392
vt 0.804568 0.745671
vt 0.789334 0.742924
vt 0.772992 0.735749
vt 0.773314 0.742029
vt 0.758022 0.740663
vt 0.743688 0.740063
vt 0.930558 0.778933
vt 0.929003 0.767999
vt 0.922516 0.771226
vt 0.926807 0.783562
vt 0.927653 0.758511
vt 0.920281 0.761257
vt 0.925146 0.749631
vt 0.916638 0.752306
vt 0.911646 0.753895
vt 0.912909 0.762885
vt 0.914797 0.773573
vt 0.918619 0.784896
vt 0.922733 0.797198
vt 0.931038 0.795985
vt 0.927352 0.809589
vt 0.935463 0.808486
vt 0.932967 0.823221
vt 0.941605 0.823271
vt 0.939076 0.836218
vt 0.944644 0.831925
vt 0.807515 0.752705
vt 0.818943 0.753088
vt 0.9492 0.847965
vt 0.944372 0.848059
vt 0.949571 0.859538
vt 0.954002 0.857739
vt 0.840184 0.748508
vt 0.854648 0.746585
vt 0.870466 0.745939
vt 0.884102 0.738951
vt 0.896801 0.658314
vt 0.886661 0.660445
vt 0.877851 0.65858
vt 0.889217 0.743311
vt 0.87605 0.750329
vt 0.904093 0.656935
vt 0.860227 0.751856
vt 0.846914 0.753307
vt 0.936826 0.850246
vt 0.943616 0.863283
vt 0.930633 0.837214
vt 0.924595 0.823846
vt 0.91898 0.810917
vt 0.914279 0.798232
vt 0.910221 0.786264
vt 0.906346 0.77444
vt 0.90354 0.763067
vt 0.907157 0.754654
vt 0.89514 0.764656
vt 0.897907 0.776054
vt 0.138697 0.214457
vt 0.145893 0.210065
vt 0.132174 0.203379
vt 0.124196 0.208812
vt 0.901643 0.78749
vt 0.905711 0.799565
vt 0.910345 0.811879
vt 0.916052 0.824957
vt 0.922206 0.838353
vt 0.928759 0.85171
vt 0.935881 0.865379
vt 0.943684 0.878908
vt 0.949833 0.875368
vt 0.866598 0.757132
vt 0.880224 0.755395
vt 0.893948 0.747356
vt 0.914549 0.659184
vt 0.890036 0.979839
vt 0.882839 0.988839
vt 0.888155 0.993507
vt 0.896214 0.987518
vt 0.895375 0.644
vt 0.88066 0.981889
vt 0.887558 0.972404
vt 0.899308 0.754901
vt 0.918946 0.659409
vt 0.886404 0.760032
vt 0.950701 0.892025
vt 0.93547 0.880239
vt 0.944392 0.895188
vt 0.927474 0.866393
vt 0.920485 0.852866
vt 0.913472 0.839214
vt 0.907313 0.825751
vt 0.901587 0.813004
vt 0.896955 0.800566
vt 0.892891 0.788903
vt 0.889439 0.777434
vt 0.887032 0.766218
vt 0.880892 0.778667
vt 0.883844 0.78978
vt 0.878357 0.767412
vt 0.887821 0.801576
vt 0.892472 0.813682
vt 0.898264 0.826484
vt 0.904378 0.839589
vt 0.911348 0.853251
vt 0.918826 0.867137
vt 0.926699 0.880924
vt 0.935071 0.895214
vt 0.942146 0.909638
vt 0.951776 0.909849
vt 0.879171 0.970847
vt 0.869587 0.985238
vt 0.863692 0.979691
vt 0.854479 0.978882
vt 0.869726 0.969986
vt 0.932909 0.909574
vt 0.925594 0.895263
vt 0.917428 0.881104
vt 0.909413 0.867238
vt 0.902021 0.853436
vt 0.894959 0.840009
vt 0.888893 0.826913
vt 0.883203 0.814522
vt 0.8785 0.802228
vt 0.874866 0.790923
vt 0.871929 0.780043
vt 0.871657 0.768784
vt 0.152519 0.204621
vt 0.159978 0.199088
vt 0.149146 0.190317
vt 0.140635 0.196784
vt 0.16765 0.193589
vt 0.157941 0.184088
vt 0.864645 0.770125
vt 0.862285 0.78044
vt 0.175007 0.187955
vt 0.166684 0.177664
vt 0.865193 0.791641
vt 0.86931 0.803307
vt 0.873648 0.815178
vt 0.879476 0.827694
vt 0.885454 0.840372
vt 0.892523 0.853743
vt 0.899802 0.867183
vt 0.907865 0.881034
vt 0.916018 0.895001
vt 0.92287 0.909224
vt 0.860031 0.969193
vt 0.913638 0.908715
vt 0.85045 0.968408
vt 0.906271 0.894735
vt 0.898213 0.880846
vt 0.890264 0.867378
vt 0.882954 0.853971
vt 0.876004 0.841105
vt 0.869908 0.828313
vt 0.864428 0.816204
vt 0.859937 0.804161
vt 0.856431 0.792992
vt 0.853402 0.781906
vt 0.165672 0.164343
vt 0.160022 0.168624
vt 0.175548 0.170971
vt 0.182395 0.182244
vt 0.229331 0.255424
vt 0.222375 0.260178
vt 0.234938 0.250589
vt 0.18959 0.177125
vt 0.184318 0.1643
vt 0.240544 0.245966
vt 0.845963 0.775243
vt 0.846097 0.783364
vt 0.850911 0.774938
vt 0.847193 0.794263
vt 0.850746 0.805608
vt 0.854971 0.817074
vt 0.860642 0.829457
vt 0.866473 0.84185
vt 0.873376 0.854704
vt 0.880549 0.867456
vt 0.888405 0.880867
vt 0.896416 0.894199
vt 0.903656 0.90798
vt 0.894193 0.907386
vt 0.886649 0.894305
vt 0.878647 0.881001
vt 0.870949 0.868364
vt 0.863845 0.855582
vt 0.857101 0.843219
vt 0.851336 0.830572
vt 0.84586 0.818791
vt 0.841304 0.806783
vt 0.837653 0.794997
vt 0.838489 0.784762
vt 0.196375 0.146233
vt 0.18858 0.150711
vt 0.195953 0.15975
vt 0.196801 0.17222
vt 0.247757 0.241615
vt 0.249062 0.257543
vt 0.253863 0.252086
vt 0.257327 0.238636
vt 0.204542 0.16925
vt 0.206316 0.156249
vt 0.207839 0.143332
vt 0.209734 0.129808
vt 0.201601 0.132766
vt 0.828491 0.796455
vt 0.832434 0.808661
vt 0.836456 0.820653
vt 0.842358 0.832616
vt 0.847726 0.84487
vt 0.854601 0.857397
vt 0.861425 0.869563
vt 0.869 0.882156
vt 0.876905 0.894458
vt 0.884163 0.906468
vt 0.804693 0.927003
vt 0.80968 0.938126
vt 0.814967 0.949297
vt 0.799916 0.915614
vt 0.795228 0.904473
vt 0.79029 0.893357
vt 0.785668 0.882165
vt 0.780584 0.870913
vt 0.775731 0.85983
vt 0.769754 0.849799
vt 0.286501 0.211486
vt 0.295292 0.20408
vt 0.278829 0.220317
vt 0.271432 0.229633
vt 0.267442 0.23934
vt 0.266839 0.248989
vt 0.276097 0.241209
vt 0.283468 0.234215
vt 0.287108 0.225194
vt 0.295445 0.218768
vt 0.301298 0.210217
vt 0.311413 0.201109
vt 0.305274 0.199118
vt 0.769527 0.863741
vt 0.77423 0.874953
vt 0.778079 0.887414
vt 0.783896 0.897326
vt 0.787472 0.90917
vt 0.792853 0.919014
vt 0.797687 0.930856
vt 0.80224 0.942067
vt 0.805936 0.952286
vt 0.809393 0.962463
vt 0.816725 0.961643
vt 0.824407 0.961403
vt 0.809933 0.974014
vt 0.4033 0.161383
vt 0.391581 0.166366
vt 0.379863 0.171355
vt 0.234212 0.265957
vt 0.228134 0.268787
vt 0.216105 0.265463
vt 0.212849 0.277287
vt 0.20758 0.282641
vt 0.2085 0.268869
vt 0.202021 0.273366
vt 0.194095 0.27767
vt 0.195641 0.29473
vt 0.186095 0.281783
vt 0.130441 0.222086
vt 0.815981 0.973656
vt 0.826699 0.976505
vt 0.821229 0.974565
vt 0.845029 0.978208
vt 0.835109 0.979396
vt 0.832914 0.964562
vt 0.840673 0.967644
vt 0.890324 0.649292
vt 0.886599 0.644192
vt 0.332201 0.860415
vt 0.325655 0.850983
vt 0.265491 0.890827
vt 0.333924 0.875073
vt 0.331437 0.86792
vt 0.33585 0.897176
vt 0.460311 0.0136517
vt 0.469954 0.0066455
vt 0.465179 7.385e-05
vt 0.455536 0.00708008
vt 0.349922 0.866508
vt 0.335578 0.856825
vt 0.123194 0.76145
vt 0.322695 0.844226
vt 0.207347 0.999335
vt 0.301977 0.998658
vt 0.309249 0.995134
vt 0.32084 0.985963
vt 0.335599 0.914634
vt 0.0240297 0.925331
vt 0.333977 0.905427
vt 0.332519 0.884575
vt 0.345815 0.883174
vt 0.342801 0.894292
vt 0.344306 0.904875
vt 0.349052 0.873832
vt 0.415377 0.85718
vt 0.348381 0.856282
vt 0.41606 0.863435
vt 0.309489 0.8276
vt 0.306851 0.835549
vt 0.323846 0.835118
vt 0.294021 0.824979
vt 0.760698 0.135938
vt 0.667738 0.00340795
vt 0.63335 0.0638324
vt 0.623342 0.061405
vt 0.6065 0.0519971
vt 0.592309 0.047474
vt 0.494085 0.000926137
vt 0.505484 0.00611866
vt 0.679974 0.17507
vt 0.687272 0.177803
vt 0.638665 0.0764351
vt 0.674571 0.159324
vt 0.645801 0.0902927
vt 0.653745 0.104943
vt 0.908914 0.234954
vt 0.712524 0.171165
vt 0.725748 0.246186
vt 0.634438 0.0696226
vt 0.623882 0.0695308
vt 0.616915 0.0561628
vt 0.61264 0.0675582
vt 0.60181 0.060536
vt 0.590033 0.0542895
vt 0.583231 0.0401524
vt 0.57937 0.0483576
vt 0.514998 0.0140547
vt 0.524253 0.0173022
vt 0.538984 0.0201877
vt 0.500823 0.01401
vt 0.490272 0.00832248
vt 0.510563 0.0207925
vt 0.307535 0.818807
vt 0.478932 0.00444555
vt 0.427247 0.0941979
vt 0.438818 0.0912709
vt 0.447986 0.0957716
vt 0.457253 0.0998293
vt 0.522137 0.0249579
vt 0.470354 0.102124
vt 0.53349 0.0294488
vt 0.549525 0.0242209
vt 0.56041 0.0300255
vt 0.545487 0.0332108
vt 0.572421 0.0336016
vt 0.568813 0.0425259
vt 0.526909 0.121013
vt 0.538692 0.125455
vt 0.515854 0.116867
vt 0.549634 0.130022
vt 0.560586 0.134428
vt 0.625229 0.078173
vt 0.639608 0.0822989
vt 0.629885 0.086309
vt 0.562845 0.142714
vt 0.550874 0.139111
vt 0.538815 0.134869
vt 0.527232 0.130276
vt 0.515599 0.126247
vt 0.503937 0.112873
vt 0.556768 0.038253
vt 0.503815 0.122004
vt 0.484254 0.102826
vt 0.494333 0.107906
vt 0.469056 0.111718
vt 0.481163 0.113816
vt 0.457162 0.109087
vt 0.49174 0.118092
vt 0.492874 0.127748
vt 0.504708 0.131644
vt 0.516508 0.135504
vt 0.52816 0.139737
vt 0.54009 0.143972
vt 0.552049 0.148275
vt 0.565521 0.149095
vt 0.635348 0.0935451
vt 0.649531 0.0967468
vt 0.639021 0.101697
vt 0.567974 0.155928
vt 0.554556 0.156181
vt 0.541335 0.153008
vt 0.529582 0.148918
vt 0.517812 0.14488
vt 0.50602 0.140939
vt 0.494228 0.137334
vt 0.48107 0.124678
vt 0.482333 0.133847
vt 0.469357 0.121195
vt 0.457338 0.118719
vt 0.445003 0.106081
vt 0.446108 0.11602
vt 0.470473 0.130739
vt 0.45856 0.127698
vt 0.446695 0.125226
vt 0.483675 0.14298
vt 0.495503 0.14652
vt 0.471778 0.139733
vt 0.507359 0.150124
vt 0.519182 0.154034
vt 0.531028 0.158096
vt 0.543346 0.161551
vt 0.556157 0.164278
vt 0.569275 0.164893
vt 0.643073 0.109402
vt 0.656351 0.113103
vt 0.645707 0.118126
vt 0.570538 0.174653
vt 0.557763 0.172554
vt 0.544866 0.170129
vt 0.53268 0.16685
vt 0.520511 0.163153
vt 0.508645 0.159307
vt 0.49673 0.155672
vt 0.484814 0.152037
vt 0.473045 0.148624
vt 0.459918 0.136589
vt 0.4611 0.145411
vt 0.447973 0.133879
vt 0.436034 0.130563
vt 0.434951 0.122419
vt 0.435396 0.114056
vt 0.449334 0.142087
vt 0.853516 0.440261
vt 0.858868 0.446166
vt 0.872575 0.445605
vt 0.868911 0.439463
vt 0.850357 0.434156
vt 0.835944 0.433139
vt 0.840653 0.439793
vt 0.462516 0.153971
vt 0.474165 0.157376
vt 0.4859 0.161019
vt 0.497845 0.164594
vt 0.509788 0.16828
vt 0.521912 0.172034
vt 0.53412 0.175587
vt 0.546708 0.178441
vt 0.559416 0.180878
vt 0.572428 0.182484
vt 0.648956 0.126255
vt 0.661698 0.120884
vt 0.662352 0.129375
vt 0.651005 0.13557
vt 0.574077 0.190842
vt 0.561111 0.189067
vt 0.548241 0.186717
vt 0.535589 0.183954
vt 0.523091 0.180862
vt 0.51098 0.177075
vt 0.498957 0.173489
vt 0.486915 0.169901
vt 0.47521 0.16606
vt 0.463678 0.162378
vt 0.846809 0.428025
vt 0.831176 0.426116
vt 0.864901 0.434211
vt 0.862132 0.42793
vt 0.858276 0.422402
vt 0.843072 0.421669
vt 0.827825 0.419879
vt 0.812974 0.418362
vt 0.816395 0.424828
vt 0.798625 0.417216
vt 0.802634 0.424025
vt 0.488455 0.178663
vt 0.500215 0.182194
vt 0.512115 0.185811
vt 0.524438 0.189226
vt 0.536813 0.19228
vt 0.549586 0.194864
vt 0.562476 0.197264
vt 0.575799 0.198064
vt 0.653326 0.144452
vt 0.668158 0.137086
vt 0.668901 0.146805
vt 0.653287 0.155933
vt 0.577377 0.205637
vt 0.564067 0.205063
vt 0.55072 0.202989
vt 0.538136 0.200485
vt 0.525605 0.197578
vt 0.513171 0.194431
vt 0.501331 0.190815
vt 0.489937 0.187163
vt 0.809519 0.411922
vt 0.794774 0.410013
vt 0.824546 0.4136
vt 0.840013 0.41556
vt 0.855429 0.416366
vt 0.875621 0.42024
vt 0.872355 0.414535
vt 0.868482 0.410731
vt 0.864893 0.405822
vt 0.851738 0.41091
vt 0.836757 0.408967
vt 0.821096 0.407286
vt 0.806635 0.404679
vt 0.791767 0.403228
vt 0.778087 0.401241
vt 0.780113 0.408403
vt 0.763498 0.400165
vt 0.766285 0.407177
vt 0.515084 0.202967
vt 0.527098 0.205741
vt 0.539189 0.208638
vt 0.552692 0.210804
vt 0.56551 0.213028
vt 0.579766 0.211853
vt 0.652511 0.168301
vt 0.670094 0.154624
vt 0.656217 0.17382
vt 0.579167 0.220471
vt 0.565765 0.222124
vt 0.555351 0.218562
vt 0.540559 0.216422
vt 0.528455 0.213835
vt 0.517022 0.211242
vt 0.776914 0.394103
vt 0.761048 0.392824
vt 0.791073 0.395504
vt 0.804621 0.397492
vt 0.819361 0.399517
vt 0.834179 0.402112
vt 0.848004 0.402125
vt 0.861407 0.401078
vt 0.844694 0.394399
vt 0.832059 0.392961
vt 0.856407 0.394209
vt 0.818343 0.391842
vt 0.804837 0.389256
vt 0.791016 0.387814
vt 0.77773 0.38586
vt 0.763909 0.384643
vt 0.749931 0.381573
vt 0.746864 0.390987
vt 0.732982 0.382101
vt 0.73332 0.389523
vt 0.543891 0.221536
vt 0.554365 0.226582
vt 0.562083 0.232407
vt 0.577697 0.229618
vt 0.660367 0.178966
vt 0.676488 0.16851
vt 0.669954 0.182947
vt 0.727608 0.262684
vt 0.698878 0.376405
vt 0.731363 0.258229
vt 0.740914 0.267154
vt 0.707094 0.378185
vt 0.751771 0.272034
vt 0.720083 0.380405
vt 0.762952 0.276272
vt 0.773519 0.283037
vt 0.785266 0.285884
vt 0.796814 0.290367
vt 0.809198 0.29298
vt 0.821292 0.296801
vt 0.833853 0.299583
vt 0.845937 0.302914
vt 0.858052 0.304858
vt 0.869724 0.308074
vt 0.881369 0.311852
vt 0.89535 0.317834
vt 0.901728 0.324623
vt 0.893629 0.310379
vt 0.88412 0.298743
vt 0.871412 0.298311
vt 0.892625 0.302791
vt 0.857455 0.29605
vt 0.846887 0.293854
vt 0.836519 0.290616
vt 0.823819 0.288426
vt 0.812731 0.284123
vt 0.800621 0.281542
vt 0.788728 0.276542
vt 0.776817 0.274339
vt 0.76629 0.266703
vt 0.755648 0.261991
vt 0.745112 0.257444
vt 0.734435 0.254289
vt 0.903792 0.302405
vt 0.905319 0.308459
vt 0.908385 0.313094
vt 0.909973 0.317222
vt 0.90821 0.330643
vt 0.91743 0.321528
vt 0.923354 0.326859
vt 0.935303 0.336456
vt 0.94818 0.347972
vt 0.913376 0.33992
vt 0.919244 0.348192
vt 0.929603 0.33104
vt 0.941577 0.341079
vt 0.934091 0.352517
vt 0.926383 0.350855
vt 0.346851 0.912709
vt 0.939986 0.35523
vt 0.878906 0.425781
vt 0.881612 0.43208
vt 0.883834 0.438055
vt 0.946177 0.360786
vt 0.886136 0.444021
vt 0.952102 0.365418
vt 0.877366 0.452364
vt 0.419107 0.876575
vt 0.416529 0.867748
vt 0.425747 0.111123
vt 0.425576 0.118145
vt 0.42667 0.103453
vt 0.436206 0.103373
vt 0.721816 0.25063
vt 0.491083 0.875622
vt 0.4816 0.880261
vt 0.453116 0.957793
vt 0.496179 0.880186
vt 0.791524 0.162516
vt 0.787896 0.173845
vt 0.79392 0.174347
vt 0.797086 0.164976
vt 0.500883 0.869849
vt 0.491793 0.867418
vt 0.646627 0.518671
vt 0.606583 0.695484
vt 0.656723 0.715262
vt 0.704169 0.00326902
vt 0.601205 0.999739
vt 0.590098 0.926995
vt 0.581282 0.919282
vt 0.509266 0.885543
vt 0.575148 0.915584
vt 0.518281 0.887826
vt 0.561999 0.908696
vt 0.50298 0.45238
vt 0.432334 0.648672
vt 0.504536 0.880339
vt 0.508624 0.870985
vt 0.802529 0.167701
vt 0.893329 0.146123
vt 0.802781 0.154116
vt 0.541111 0.781301
vt 0.536767 0.777807
vt 0.793756 0.15295
vt 0.640479 0.437919
vt 0.648159 0.436875
vt 0.663252 0.433446
vt 0.670266 0.433594
vt 0.790293 0.0678872
vt 0.678036 0.431776
vt 0.786402 0.0397066
vt 0.529926 0.382561
vt 0.523732 0.381164
vt 0.639448 0.429498
vt 0.545337 0.386625
vt 0.631902 0.416072
vt 0.554658 0.388002
vt 0.581137 0.395217
vt 0.799825 0.995305
vt 0.774059 0.917651
vt 0.647209 0.423873
vt 0.656151 0.436354
vt 0.654612 0.417362
vt 0.661688 0.421053
vt 0.668733 0.422923
vt 0.675496 0.422874
vt 0.787638 0.0502622
vt 0.79595 0.0514222
vt 0.793324 0.0392117
vt 0.792191 0.0913466
vt 0.790204 0.0789409
vt 0.793233 0.116952
vt 0.798237 0.0644675
vt 0.799606 0.0771011
vt 0.88277 0.0464551
vt 0.883415 0.034221
vt 0.883129 0.0586301
vt 0.884885 0.0234849
vt 0.79459 0.0284621
vt 0.887714 0.0126995
vt 0.794239 0.0192501
vt 0.685313 0.346062
vt 0.675356 0.344728
vt 0.646617 0.411756
vt 0.636021 0.42043
vt 0.623482 0.408672
vt 0.607178 0.408087
vt 0.636183 0.401935
vt 0.641278 0.407021
vt 0.667641 0.341618
vt 0.899187 0.00533056
vt 0.894392 0.00413632
vt 0.895006 0.0134583
vt 0.892717 0.023118
vt 0.89083 0.034351
vt 0.890302 0.0459259
vt 0.89036 0.0583723
vt 0.883088 0.0712566
vt 0.890615 0.0709919
vt 0.884193 0.0838251
vt 0.80144 0.090549
vt 0.793355 0.105083
vt 0.802231 0.103724
vt 0.884633 0.0967855
vt 0.891393 0.0838032
vt 0.892174 0.0966253
vt 0.898589 0.0837703
vt 0.897825 0.0708991
vt 0.897525 0.0581595
vt 0.897638 0.0459821
vt 0.898144 0.0339233
vt 0.900091 0.0229889
vt 0.902807 0.0122933
vt 0.905658 0.00313151
vt 0.659785 0.337326
vt 0.620917 0.402578
vt 0.625396 0.395427
vt 0.649134 0.334123
vt 0.61419 0.391073
vt 0.6386 0.330129
vt 0.661366 0.327454
vt 0.655089 0.325057
vt 0.915509 0.0115685
vt 0.922691 0.00358987
vt 0.916636 0.002123
vt 0.910492 0.00749326
vt 0.90745 0.0224411
vt 0.905296 0.0339493
vt 0.90486 0.0456686
vt 0.904609 0.0581144
vt 0.904974 0.0707121
vt 0.905596 0.0835295
vt 0.899413 0.0964822
vt 0.906586 0.0963213
vt 0.900838 0.109212
vt 0.893734 0.109383
vt 0.886634 0.109583
vt 0.804013 0.116782
vt 0.88787 0.122127
vt 0.895261 0.122119
vt 0.803864 0.129991
vt 0.902494 0.121638
vt 0.907841 0.10909
vt 0.909524 0.121552
vt 0.9135 0.0959854
vt 0.912563 0.0832896
vt 0.914647 0.108652
vt 0.911979 0.070576
vt 0.911627 0.0579256
vt 0.911908 0.0456287
vt 0.912302 0.0335658
vt 0.914253 0.0225412
vt 0.921147 0.0225868
vt 0.921839 0.0127953
vt 0.926243 0.0066303
vt 0.919397 0.033774
vt 0.918925 0.045405
vt 0.918659 0.0577955
vt 0.918957 0.0703793
vt 0.919503 0.0830451
vt 0.920398 0.0956665
vt 0.921566 0.108359
vt 0.916333 0.121041
vt 0.923138 0.120604
vt 0.918138 0.133319
vt 0.911363 0.133965
vt 0.904352 0.133671
vt 0.897202 0.134049
vt 0.890073 0.134513
vt 0.899379 0.145625
vt 0.905761 0.145193
vt 0.911553 0.144367
vt 0.557891 0.788856
vt 0.56336 0.79396
vt 0.570565 0.783033
vt 0.563188 0.778746
vt 0.925019 0.132772
vt 0.568843 0.798298
vt 0.578323 0.787369
vt 0.590844 0.781743
vt 0.597233 0.785678
vt 0.611743 0.781118
vt 0.604554 0.777725
vt 0.583611 0.79137
vt 0.928405 0.107276
vt 0.927361 0.0952319
vt 0.926389 0.0827696
vt 0.925803 0.0700968
vt 0.925635 0.0576784
vt 0.925959 0.0454974
vt 0.926344 0.033497
vt 0.928275 0.0223974
vt 0.935406 0.0222087
vt 0.933329 0.0331882
vt 0.932931 0.045409
vt 0.932712 0.0575959
vt 0.9326 0.0695575
vt 0.933293 0.0823222
vt 0.934249 0.0939191
vt 0.629078 0.786436
vt 0.624543 0.778499
vt 0.616259 0.787255
vt 0.603666 0.789434
vt 0.588438 0.795376
vt 0.573044 0.80395
vt 0.577071 0.808726
vt 0.544605 0.88072
vt 0.537656 0.877673
vt 0.529996 0.877536
vt 0.522979 0.875747
vt 0.525786 0.890419
vt 0.533279 0.893432
vt 0.540473 0.896676
vt 0.55369 0.88506
vt 0.547949 0.900129
vt 0.582738 0.810917
vt 0.594541 0.798133
vt 0.561452 0.891497
vt 0.609156 0.794773
vt 0.622122 0.793152
vt 0.634878 0.79128
vt 0.648145 0.789745
vt 0.641225 0.78372
vt 0.938593 0.0805503
vt 0.939704 0.0694968
vt 0.939683 0.0577387
vt 0.939841 0.0454747
vt 0.940261 0.0335745
vt 0.946662 0.0459815
vt 0.94622 0.0558147
vt 0.707877 0.77762
vt 0.699578 0.779626
vt 0.699348 0.785308
vt 0.709343 0.782577
vt 0.679932 0.783206
vt 0.671082 0.784798
vt 0.66834 0.790839
vt 0.682132 0.78824
vt 0.946301 0.0697814
vt 0.946811 0.0799174
vt 0.640671 0.796087
vt 0.655635 0.793914
vt 0.628053 0.797951
vt 0.615257 0.799562
vt 0.60176 0.803395
vt 0.58955 0.810419
vt 0.568151 0.897296
vt 0.553795 0.906575
vt 0.568097 0.912847
vt 0.57501 0.902823
vt 0.595744 0.815074
vt 0.607287 0.807122
vt 0.620936 0.804975
vt 0.633844 0.802793
vt 0.647024 0.801042
vt 0.660264 0.798234
vt 0.673614 0.796069
vt 0.686795 0.792719
vt 0.701638 0.790845
vt 0.713697 0.787537
vt 0.726731 0.7851
vt 0.722537 0.779504
vt 0.597206 0.292425
vt 0.604445 0.295567
vt 0.606779 0.285812
vt 0.599807 0.282777
vt 0.612026 0.298265
vt 0.612756 0.287629
vt 0.601829 0.305668
vt 0.593105 0.301739
vt 0.612268 0.309039
vt 0.73979 0.7816
vt 0.73551 0.776347
vt 0.730746 0.790953
vt 0.717622 0.793597
vt 0.74274 0.788403
vt 0.704895 0.796328
vt 0.69132 0.798881
vt 0.677979 0.801545
vt 0.665129 0.804566
vt 0.653315 0.807053
vt 0.639763 0.809024
vt 0.627354 0.810422
vt 0.613564 0.813871
vt 0.602197 0.818555
vt 0.619932 0.820131
vt 0.631604 0.817911
vt 0.608756 0.823876
vt 0.643811 0.81542
vt 0.655844 0.814711
vt 0.668959 0.811431
vt 0.68209 0.809115
vt 0.695612 0.804933
vt 0.707973 0.803498
vt 0.721102 0.799713
vt 0.733107 0.800174
vt 0.74436 0.795794
vt 0.755495 0.784094
vt 0.752076 0.778483
vt 0.754573 0.793621
vt 0.747758 0.77281
vt 0.588781 0.311159
vt 0.580305 0.307447
vt 0.557003 0.377224
vt 0.566597 0.379683
vt 0.571645 0.303814
vt 0.549448 0.375676
vt 0.564477 0.300668
vt 0.541977 0.373963
vt 0.753225 0.904302
vt 0.741282 0.904178
vt 0.767523 0.902888
vt 0.76524 0.908547
vt 0.729349 0.904718
vt 0.71736 0.903044
vt 0.705059 0.903983
vt 0.692661 0.903916
vt 0.680434 0.906027
vt 0.667335 0.906834
vt 0.655337 0.907998
vt 0.643259 0.909486
vt 0.631028 0.911464
vt 0.633226 0.919884
vt 0.644928 0.918276
vt 0.656329 0.918831
vt 0.667611 0.915827
vt 0.680101 0.914223
vt 0.692196 0.913697
vt 0.704808 0.913798
vt 0.716954 0.911587
vt 0.72901 0.913914
vt 0.740698 0.914288
vt 0.752351 0.914388
vt 0.763337 0.913755
vt 0.776604 0.912521
vt 0.537131 0.386736
vt 0.533892 0.372424
vt 0.562575 0.386985
vt 0.568036 0.393749
vt 0.575785 0.384956
vt 0.59868 0.314793
vt 0.585322 0.383552
vt 0.608694 0.317798
vt 0.597908 0.398712
vt 0.589877 0.396595
vt 0.594941 0.383139
vt 0.618327 0.322023
vt 0.622407 0.313297
vt 0.930624 0.0113989
vt 0.937625 0.0113038
vt 0.627962 0.326202
vt 0.629136 0.315501
vt 0.604549 0.386135
vt 0.599953 0.923297
vt 0.620274 0.921357
vt 0.608791 0.919205
vt 0.586657 0.921767
vt 0.596148 0.916099
vt 0.606878 0.91118
vt 0.591543 0.909061
vt 0.619023 0.911489
vt 0.583214 0.905643
vt 0.515886 0.87412
vt 0.547351 0.781568
vt 0.80441 0.142001
vt 0.797332 0.142731
vt 0.79539 0.131183
vt 0.419866 0.640817
vt 0.426397 0.640879
vt 0.434241 0.557235
vt 0.411966 0.6392
vt 0.42615 0.651895
vt 0.419468 0.653872
vt 0.410486 0.655244
vt 0.0590895 0.652099
vt 0.000144418 0.862535
vt 0.0697251 0.835273
vt 0.073853 0.82127
vt 0.30507 0.514163
vt 0.297175 0.604441
vt 0.30965 0.613426
vt 0.394426 0.638277
vt 0.323601 0.620685
vt 0.368 0.633766
vt 0.49049 0.355148
vt 0.315408 0.317709
vt 0.405035 0.642093
vt 0.401582 0.652374
vt 0.369626 0.721113
vt 0.422512 0.66558
vt 0.361982 0.719485
vt 0.429902 0.662023
vt 0.436339 0.671807
vt 0.448023 0.686603
vt 0.124992 0.630146
vt 0.472035 0.727626
vt 0.507701 0.806852
vt 0.0460953 0.495033
vt 0.128165 0.616856
vt 0.13344 0.597697
vt 0.114451 0.485701
vt 0.108266 0.472015
vt 0.132718 0.578318
vt 0.119327 0.502711
vt 0.129695 0.549121
vt 0.017613 0.270224
vt 0.512929 0.818389
vt 0.508105 0.819518
vt 0.506254 0.826696
vt 0.501438 0.810363
vt 0.494488 0.788243
vt 0.501889 0.797244
vt 0.485532 0.765795
vt 0.484344 0.80445
vt 0.459627 0.706144
vt 0.462491 0.719415
vt 0.474204 0.742028
vt 0.462495 0.734252
vt 0.455735 0.72355
vt 0.466559 0.746116
vt 0.449424 0.696549
vt 0.437722 0.688312
vt 0.429715 0.677517
vt 0.442944 0.700786
vt 0.374865 0.73132
vt 0.377079 0.742888
vt 0.379443 0.754436
vt 0.450434 0.71114
vt 0.383172 0.76364
vt 0.387402 0.772521
vt 0.385737 0.787527
vt 0.38612 0.801089
vt 0.471999 0.756803
vt 0.481392 0.754265
vt 0.387363 0.812996
vt 0.49216 0.777697
vt 0.481822 0.781342
vt 0.476428 0.769377
vt 0.480782 0.794434
vt 0.410969 0.852879
vt 0.496891 0.814023
vt 0.399711 0.842346
vt 0.396788 0.833168
vt 0.393485 0.824272
vt 0.376197 0.814466
vt 0.375168 0.802228
vt 0.292228 0.529828
vt 0.299856 0.518864
vt 0.294415 0.512088
vt 0.287112 0.522822
vt 0.374378 0.790507
vt 0.373603 0.778373
vt 0.370428 0.767925
vt 0.368617 0.755902
vt 0.366627 0.744326
vt 0.36516 0.731782
vt 0.354398 0.718205
vt 0.355576 0.731687
vt 0.356857 0.743869
vt 0.357639 0.756267
vt 0.359552 0.767892
vt 0.361064 0.779549
vt 0.363203 0.790921
vt 0.364326 0.802516
vt 0.365274 0.8138
vt 0.289355 0.504491
vt 0.282306 0.515245
vt 0.275211 0.526747
vt 0.27974 0.534372
vt 0.284995 0.54113
vt 0.277861 0.552562
vt 0.27188 0.545825
vt 0.260193 0.553435
vt 0.265873 0.560135
vt 0.145802 0.590998
vt 0.145908 0.581934
vt 0.256308 0.545464
vt 0.143875 0.57329
vt 0.267761 0.538275
vt 0.270966 0.51869
vt 0.263368 0.529908
vt 0.277737 0.507253
vt 0.284593 0.496518
vt 0.354367 0.813017
vt 0.353446 0.801758
vt 0.352188 0.790661
vt 0.350445 0.779205
vt 0.348768 0.767739
vt 0.347917 0.755298
vt 0.347088 0.742877
vt 0.346795 0.72983
vt 0.346682 0.716678
vt 0.338013 0.728233
vt 0.338086 0.741206
vt 0.338404 0.71511
vt 0.338175 0.754247
vt 0.338971 0.766589
vt 0.339759 0.778871
vt 0.341358 0.789882
vt 0.342904 0.800837
vt 0.343442 0.811426
vt 0.280006 0.488084
vt 0.273333 0.498772
vt 0.266886 0.509944
vt 0.260229 0.521364
vt 0.25335 0.537388
vt 0.249344 0.528948
vt 0.143778 0.563616
vt 0.141368 0.554574
vt 0.247409 0.519967
vt 0.256179 0.512181
vt 0.141606 0.544585
vt 0.263078 0.500669
vt 0.269289 0.489829
vt 0.275594 0.47952
vt 0.332527 0.809749
vt 0.331704 0.79954
vt 0.330592 0.789259
vt 0.329875 0.77741
vt 0.329181 0.765498
vt 0.329037 0.752463
vt 0.329071 0.739433
vt 0.329074 0.726509
vt 0.329394 0.71363
vt 0.374107 0.645089
vt 0.383244 0.647583
vt 0.364625 0.643645
vt 0.321823 0.711138
vt 0.320078 0.724856
vt 0.355513 0.641703
vt 0.320021 0.737782
vt 0.319867 0.750755
vt 0.31992 0.763387
vt 0.319967 0.776013
vt 0.320426 0.787153
vt 0.320793 0.798315
vt 0.321461 0.808229
vt 0.271293 0.470509
vt 0.265113 0.480853
vt 0.259149 0.492079
vt 0.252873 0.50335
vt 0.243415 0.51175
vt 0.241867 0.501641
vt 0.249427 0.49405
vt 0.255591 0.482556
vt 0.261333 0.471602
vt 0.267098 0.461523
vt 0.31039 0.806626
vt 0.310609 0.795854
vt 0.310354 0.785026
vt 0.310439 0.773204
vt 0.310662 0.761261
vt 0.310805 0.748699
vt 0.310983 0.736027
vt 0.311665 0.722542
vt 0.314181 0.708724
vt 0.345322 0.640311
vt 0.359454 0.63012
vt 0.349875 0.630386
vt 0.337786 0.625887
vt 0.336077 0.637602
vt 0.305523 0.707965
vt 0.302925 0.7211
vt 0.302125 0.73397
vt 0.301708 0.746752
vt 0.301344 0.758739
vt 0.300909 0.770744
vt 0.300767 0.782004
vt 0.300531 0.793237
vt 0.30026 0.804048
vt 0.262966 0.451915
vt 0.257812 0.46132
vt 0.252428 0.472889
vt 0.246715 0.484227
vt 0.237665 0.493178
vt 0.249592 0.463452
vt 0.242953 0.475482
vt 0.234989 0.484599
vt 0.253887 0.452217
vt 0.258797 0.442435
vt 0.290189 0.801252
vt 0.291341 0.790236
vt 0.291276 0.779009
vt 0.291748 0.767597
vt 0.292096 0.7562
vt 0.292393 0.744252
vt 0.2932 0.732179
vt 0.294114 0.718744
vt 0.297097 0.706571
vt 0.327213 0.635547
vt 0.329863 0.627153
vt 0.318933 0.63178
vt 0.291301 0.700015
vt 0.285021 0.715473
vt 0.28388 0.728307
vt 0.282916 0.74165
vt 0.282761 0.752919
vt 0.282585 0.764339
vt 0.282506 0.775501
vt 0.282473 0.786956
vt 0.280492 0.798126
vt 0.254381 0.432457
vt 0.249818 0.442738
vt 0.245005 0.454084
vt 0.239887 0.466328
vt 0.23118 0.476674
vt 0.129409 0.495918
vt 0.133612 0.505896
vt 0.134843 0.516382
vt 0.22812 0.468957
vt 0.234219 0.456923
vt 0.129548 0.484834
vt 0.240723 0.443817
vt 0.243824 0.434258
vt 0.249933 0.422596
vt 0.273909 0.792516
vt 0.274331 0.781999
vt 0.273593 0.771165
vt 0.274024 0.76013
vt 0.273377 0.749205
vt 0.274362 0.735998
vt 0.274382 0.723927
vt 0.279405 0.707202
vt 0.285778 0.69538
vt 0.274207 0.694729
vt 0.269627 0.713065
vt 0.281265 0.689221
vt 0.265649 0.72548
vt 0.264981 0.737611
vt 0.263279 0.747214
vt 0.265182 0.762367
vt 0.265801 0.775115
vt 0.264879 0.790008
vt 0.240152 0.418053
vt 0.234821 0.42788
vt 0.231532 0.438475
vt 0.228146 0.448589
vt 0.223439 0.460872
vt 0.127006 0.474343
vt 0.117653 0.491917
vt 0.11335 0.475683
vt 0.11986 0.467647
vt 0.124927 0.456965
vt 0.125289 0.444298
vt 0.124 0.431164
vt 0.12574 0.417549
vt 0.127269 0.40384
vt 0.249237 0.398766
vt 0.128408 0.390405
vt 0.220222 0.673396
vt 0.214523 0.682714
vt 0.230361 0.665663
vt 0.23477 0.659763
vt 0.249793 0.654665
vt 0.257917 0.650653
vt 0.269028 0.642039
vt 0.256756 0.645758
vt 0.246707 0.648677
vt 0.266889 0.635432
vt 0.23825 0.650855
vt 0.231182 0.653107
vt 0.113124 0.363676
vt 0.113183 0.375982
vt 0.124529 0.376405
vt 0.121513 0.36307
vt 0.116452 0.390622
vt 0.114885 0.401292
vt 0.115723 0.416516
vt 0.11391 0.427213
vt 0.114665 0.444344
vt 0.111231 0.453174
vt 0.112679 0.462099
vt 0.107818 0.349814
vt 0.0975458 0.322669
vt 0.27588 0.620483
vt 0.0939317 0.290562
vt 0.281979 0.632102
vt 0.292627 0.610687
vt 0.295466 0.621071
vt 0.303066 0.626868
vt 0.0889159 0.276839
vt 0.0820996 0.260995
vt 0.301826 0.609206
vt 0.314757 0.620296
vt 0.310906 0.629485
vt 0.380133 0.633874
vt 0.387352 0.638441
vt 0.393032 0.649108
vt 0.126029 0.528444
vt 0.122292 0.509235
vt 0.125538 0.539239
vt 0.124414 0.520332
vt 0.138327 0.525665
vt 0.139217 0.535468
vt 0.130104 0.561334
vt 0.133336 0.588032
vt 0.132442 0.568571
usemtl lambert3SG
f 4530/5875 4531/5876 4532/5877
f 4533/5878 4530/5875 4532/5877
f 4534/5879 4531/5880 4530/5881
f 4534/5879 4530/5881 4535/5882
f 4530/5875 4533/5878 4536/5883
f 4530/5875 4536/5883 4535/5884
f 4537/5885 4532/5886 4531/5880
f 4537/5885 4531/5880 4534/5879
f 4532/5877 4538/5887 4539/5888
f 4532/5877 4539/5888 4540/5889
f 4532/5877 4540/5889 4541/5890
f 4532/5877 4541/5890 4542/5891
f 4542/5891 4533/5878 4532/5877
f 4537/5885 4543/5892 4538/5893
f 4537/5885 4538/5893 4532/5886
f 4544/5894 4545/5895 4533/5878
f 4542/5891 4544/5894 4533/5878
f 4536/5883 4533/5878 4545/5895
f 4536/5883 4545/5895 4546/5896
f 4536/5897 4547/5898 4535/5882
f 4547/5898 4548/5899 4535/5882
f 4549/5900 4547/5901 4536/5883
f 4549/5900 4536/5883 4546/5896
f 4548/5899 4550/5902 4534/5879
f 4548/5899 4534/5879 4535/5882
f 4534/5879 4550/5902 4551/5903
f 4537/5885 4534/5879 4551/5903
f 4543/5892 4537/5885 4552/5904
f 4553/5905 4552/5904 4537/5885
f 4554/5906 4553/5905 4537/5885
f 4555/5907 4554/5906 4537/5885
f 4537/5885 4551/5903 4556/5908
f 4556/5908 4555/5907 4537/5885
f 4557/5909 4558/5910 4543/5892
f 4543/5892 4552/5904 4559/5911
f 4560/5912 4557/5909 4543/5892
f 4543/5892 4559/5911 4561/5913
f 4562/5914 4560/5912 4543/5892
f 4543/5892 4561/5913 4562/5914
f 4538/5887 4543/5915 4558/5916
f 4559/5911 4552/5904 4553/5905
f 4559/5911 4553/5905 4563/5917
f 4554/5906 4564/5918 4553/5905
f 4553/5905 4564/5918 4565/5919
f 4553/5905 4565/5919 4563/5917
f 4555/5907 4566/5920 4554/5906
f 4565/5919 4564/5918 4554/5906
f 4565/5919 4554/5906 4567/5921
f 4554/5906 4566/5920 4568/5922
f 4554/5906 4568/5922 4567/5921
f 4555/5907 4569/5923 4566/5920
f 4570/5924 4571/5925 4555/5907
f 4556/5908 4570/5924 4555/5907
f 4572/5926 4555/5907 4571/5925
f 4572/5926 4571/5925 4573/5927
f 4569/5923 4555/5907 4572/5926
f 4569/5923 4572/5926 4574/5928
f 4556/5908 4575/5929 4576/5930
f 4556/5908 4576/5930 4570/5924
f 4577/5931 4556/5908 4551/5903
f 4577/5931 4551/5903 4578/5932
f 4575/5929 4556/5908 4577/5931
f 4575/5929 4577/5931 4579/5933
f 4551/5903 4550/5902 4548/5899
f 4551/5903 4548/5899 4578/5932
f 4580/5934 4581/5935 4577/5931
f 4580/5934 4577/5931 4578/5932
f 4548/5899 4547/5898 4580/5934
f 4548/5899 4580/5934 4578/5932
f 4577/5931 4581/5935 4582/5936
f 4577/5931 4582/5936 4579/5933
f 4583/5937 4576/5930 4575/5929
f 4583/5937 4575/5929 4579/5933
f 4582/5936 4584/5938 4583/5937
f 4582/5936 4583/5937 4579/5933
f 4570/5924 4576/5930 4583/5937
f 4570/5924 4583/5937 4585/5939
f 4570/5924 4586/5940 4571/5925
f 4587/5941 4586/5940 4570/5924
f 4587/5941 4570/5924 4585/5939
f 4571/5925 4586/5940 4587/5941
f 4571/5925 4587/5941 4573/5927
f 4587/5941 4588/5942 4589/5943
f 4587/5941 4589/5943 4573/5927
f 4589/5943 4590/5944 4572/5926
f 4589/5943 4572/5926 4573/5927
f 4572/5926 4590/5944 4591/5945
f 4572/5926 4591/5945 4574/5928
f 4591/5945 4592/5946 4568/5922
f 4591/5945 4568/5922 4574/5928
f 4568/5922 4566/5920 4569/5923
f 4568/5922 4569/5923 4574/5928
f 4568/5922 4592/5946 4593/5947
f 4568/5922 4593/5947 4567/5921
f 4593/5947 4594/5948 4565/5919
f 4593/5947 4565/5919 4567/5921
f 4593/5947 4592/5946 4595/5949
f 4593/5947 4595/5949 4596/5950
f 4597/5951 4594/5948 4593/5947
f 4597/5951 4593/5947 4596/5950
f 4595/5949 4592/5946 4591/5945
f 4595/5949 4591/5945 4598/5952
f 4591/5945 4590/5944 4599/5953
f 4591/5945 4599/5953 4598/5952
f 4599/5953 4590/5944 4589/5943
f 4599/5953 4589/5943 4600/5954
f 4589/5943 4588/5942 4601/5955
f 4589/5943 4601/5955 4600/5954
f 4602/5956 4588/5942 4587/5941
f 4602/5956 4587/5941 4585/5939
f 4601/5955 4588/5942 4602/5956
f 4601/5955 4602/5956 4603/5957
f 4583/5937 4584/5938 4602/5956
f 4583/5937 4602/5956 4585/5939
f 4602/5956 4584/5938 4604/5958
f 4602/5956 4604/5958 4603/5957
f 4604/5958 4584/5938 4582/5936
f 4604/5958 4582/5936 4605/5959
f 4582/5960 4581/5961 4606/5962
f 4582/5960 4606/5962 4605/5963
f 4606/5962 4581/5961 4580/5964
f 4606/5962 4580/5964 4607/5965
f 4580/5964 4547/5966 4549/5967
f 4580/5964 4549/5967 4607/5965
f 4549/5967 4608/5968 4609/5969
f 4549/5967 4609/5969 4607/5965
f 4609/5969 4610/5970 4606/5962
f 4609/5969 4606/5962 4607/5965
f 4606/5962 4610/5970 4611/5971
f 4606/5962 4611/5971 4605/5963
f 4611/5971 4612/5972 4604/5973
f 4611/5971 4604/5973 4605/5963
f 4604/5973 4612/5972 4613/5974
f 4604/5973 4613/5974 4603/5975
f 4613/5974 4614/5976 4601/5977
f 4613/5974 4601/5977 4603/5975
f 4601/5977 4614/5976 4615/5978
f 4601/5977 4615/5978 4600/5979
f 4615/5980 4616/5981 4599/5953
f 4615/5980 4599/5953 4600/5954
f 4599/5982 4616/5983 4617/5984
f 4599/5982 4617/5984 4598/5985
f 4617/5986 4618/5987 4595/5949
f 4617/5986 4595/5949 4598/5952
f 4595/5949 4618/5987 4619/5988
f 4595/5949 4619/5988 4596/5950
f 4619/5988 4620/5989 4597/5951
f 4619/5988 4597/5951 4596/5950
f 4597/5951 4620/5989 4621/5990
f 4597/5951 4621/5990 4622/5991
f 4623/5992 4594/5948 4597/5951
f 4623/5992 4597/5951 4622/5991
f 4624/5993 4620/5989 4619/5988
f 4624/5993 4619/5988 4625/5994
f 4621/5990 4620/5989 4624/5993
f 4621/5990 4624/5993 4626/5995
f 4619/5988 4618/5987 4627/5996
f 4619/5988 4627/5996 4625/5994
f 4627/5996 4618/5987 4617/5986
f 4627/5996 4617/5986 4628/5997
f 4617/5984 4616/5983 4629/5998
f 4617/5984 4629/5998 4628/5999
f 4629/5998 4616/5983 4615/5978
f 4629/5998 4615/5978 4630/6000
f 4615/5978 4614/5976 4631/6001
f 4615/5978 4631/6001 4630/6000
f 4631/6001 4614/5976 4613/5974
f 4631/6001 4613/5974 4632/6002
f 4613/5974 4612/5972 4633/6003
f 4613/5974 4633/6003 4632/6002
f 4633/6003 4612/5972 4611/5971
f 4633/6003 4611/5971 4634/6004
f 4611/5971 4610/5970 4635/6005
f 4611/5971 4635/6005 4634/6004
f 4635/6005 4610/5970 4609/5969
f 4635/6005 4609/5969 4636/6006
f 4609/5969 4608/5968 4637/6007
f 4609/5969 4637/6007 4636/6006
f 4638/6008 4639/6009 4635/6005
f 4638/6008 4635/6005 4636/6006
f 4637/6010 4640/6011 4638/6012
f 4637/6010 4638/6012 4636/6013
f 4635/6005 4639/6009 4641/6014
f 4635/6005 4641/6014 4634/6004
f 4641/6014 4642/6015 4633/6003
f 4641/6014 4633/6003 4634/6004
f 4633/6003 4642/6015 4643/6016
f 4633/6003 4643/6016 4632/6002
f 4643/6016 4644/6017 4631/6001
f 4643/6016 4631/6001 4632/6002
f 4631/6001 4644/6017 4645/6018
f 4631/6001 4645/6018 4630/6000
f 4645/6018 4646/6019 4629/5998
f 4645/6018 4629/5998 4630/6000
f 4629/5998 4646/6019 4647/6020
f 4629/5998 4647/6020 4628/5999
f 4647/6020 4648/6021 4627/6022
f 4647/6020 4627/6022 4628/5999
f 4627/5996 4648/6023 4649/6024
f 4627/5996 4649/6024 4625/5994
f 4649/6024 4650/6025 4624/5993
f 4649/6024 4624/5993 4625/5994
f 4624/5993 4650/6025 4651/6026
f 4624/5993 4651/6026 4626/5995
f 4651/6027 4652/6028 4561/6029
f 4651/6027 4561/6029 4626/6030
f 4561/5913 4653/6031 4621/5990
f 4561/5913 4621/5990 4626/5995
f 4654/6032 4652/6028 4651/6027
f 4654/6032 4651/6027 4655/6033
f 4651/6026 4650/6025 4656/6034
f 4651/6026 4656/6034 4655/6035
f 4656/6034 4650/6025 4649/6024
f 4656/6034 4649/6024 4657/6036
f 4649/6037 4648/6021 4658/6038
f 4649/6037 4658/6038 4657/6039
f 4658/6038 4648/6021 4647/6020
f 4658/6038 4647/6020 4659/6040
f 4647/6020 4646/6019 4660/6041
f 4647/6020 4660/6041 4659/6040
f 4660/6041 4646/6019 4645/6018
f 4660/6041 4645/6018 4661/6042
f 4645/6018 4644/6017 4662/6043
f 4645/6018 4662/6043 4661/6042
f 4662/6043 4644/6017 4643/6016
f 4662/6043 4643/6016 4663/6044
f 4643/6016 4642/6015 4664/6045
f 4643/6016 4664/6045 4663/6044
f 4664/6045 4642/6015 4641/6014
f 4664/6045 4641/6014 4665/6046
f 4641/6014 4639/6009 4666/6047
f 4641/6014 4666/6047 4665/6046
f 4666/6047 4639/6009 4638/6008
f 4666/6047 4638/6008 4667/6048
f 4666/6047 4668/6049 4669/6050
f 4666/6047 4669/6050 4665/6046
f 4670/6051 4668/6049 4666/6047
f 4670/6051 4666/6047 4667/6048
f 4669/6050 4671/6052 4664/6045
f 4669/6050 4664/6045 4665/6046
f 4664/6045 4671/6052 4672/6053
f 4664/6045 4672/6053 4663/6044
f 4672/6053 4673/6054 4662/6043
f 4672/6053 4662/6043 4663/6044
f 4662/6043 4673/6054 4674/6055
f 4662/6043 4674/6055 4661/6042
f 4674/6055 4675/6056 4660/6041
f 4674/6055 4660/6041 4661/6042
f 4660/6041 4675/6056 4676/6057
f 4660/6041 4676/6057 4659/6040
f 4676/6057 4677/6058 4658/6038
f 4676/6057 4658/6038 4659/6040
f 4658/6038 4677/6058 4678/6059
f 4658/6038 4678/6059 4657/6039
f 4678/6059 4679/6060 4656/6061
f 4678/6059 4656/6061 4657/6039
f 4656/6061 4679/6060 4680/6062
f 4656/6061 4680/6062 4655/6033
f 4680/6062 4681/6063 4654/6032
f 4680/6062 4654/6032 4655/6033
f 4561/6029 4652/6028 4654/6032
f 4561/6029 4654/6032 4681/6063
f 4681/6063 4682/6064 4562/6065
f 4561/6029 4681/6063 4562/6065
f 4682/6064 4681/6063 4680/6062
f 4682/6064 4680/6062 4683/6066
f 4680/6062 4679/6060 4684/6067
f 4680/6062 4684/6067 4683/6066
f 4684/6067 4679/6060 4678/6059
f 4684/6067 4678/6059 4685/6068
f 4678/6059 4677/6058 4686/6069
f 4678/6059 4686/6069 4685/6068
f 4686/6069 4677/6058 4676/6057
f 4686/6069 4676/6057 4687/6070
f 4676/6057 4675/6056 4688/6071
f 4676/6057 4688/6071 4687/6070
f 4688/6071 4675/6056 4674/6055
f 4688/6071 4674/6055 4689/6072
f 4674/6055 4673/6054 4690/6073
f 4674/6055 4690/6073 4689/6072
f 4690/6073 4673/6054 4672/6053
f 4690/6073 4672/6053 4691/6074
f 4672/6053 4671/6052 4692/6075
f 4672/6053 4692/6075 4691/6074
f 4692/6075 4671/6052 4669/6050
f 4692/6075 4669/6050 4693/6076
f 4669/6050 4668/6049 4694/6077
f 4669/6050 4694/6077 4693/6076
f 4694/6077 4668/6049 4670/6051
f 4694/6077 4670/6051 4695/6078
f 4696/6079 4697/6080 4670/6081
f 4696/6079 4670/6081 4667/6082
f 4670/6081 4697/6080 4698/6083
f 4670/6081 4698/6083 4695/6084
f 4699/6085 4700/6086 4694/6077
f 4699/6085 4694/6077 4695/6078
f 4698/6083 4701/6087 4699/6088
f 4698/6083 4699/6088 4695/6084
f 4694/6077 4700/6086 4702/6089
f 4694/6077 4702/6089 4693/6076
f 4702/6089 4703/6090 4692/6075
f 4702/6089 4692/6075 4693/6076
f 4692/6075 4703/6090 4704/6091
f 4692/6075 4704/6091 4691/6074
f 4704/6091 4705/6092 4690/6073
f 4704/6091 4690/6073 4691/6074
f 4690/6073 4705/6092 4706/6093
f 4690/6073 4706/6093 4689/6072
f 4706/6093 4707/6094 4688/6071
f 4706/6093 4688/6071 4689/6072
f 4688/6071 4707/6094 4708/6095
f 4688/6071 4708/6095 4687/6070
f 4708/6095 4709/6096 4686/6069
f 4708/6095 4686/6069 4687/6070
f 4686/6069 4709/6096 4710/6097
f 4686/6069 4710/6097 4685/6068
f 4710/6097 4711/6098 4684/6067
f 4710/6097 4684/6067 4685/6068
f 4684/6067 4711/6098 4712/6099
f 4684/6067 4712/6099 4683/6066
f 4712/6099 4711/6098 4713/6100
f 4712/6099 4713/6100 4714/6101
f 4713/6100 4711/6098 4710/6097
f 4713/6100 4710/6097 4715/6102
f 4710/6097 4709/6096 4716/6103
f 4710/6097 4716/6103 4715/6102
f 4716/6103 4709/6096 4708/6095
f 4716/6103 4708/6095 4717/6104
f 4708/6095 4707/6094 4718/6105
f 4708/6095 4718/6105 4717/6104
f 4718/6105 4707/6094 4706/6093
f 4718/6105 4706/6093 4719/6106
f 4706/6093 4705/6092 4720/6107
f 4706/6093 4720/6107 4719/6106
f 4720/6107 4705/6092 4704/6091
f 4720/6107 4704/6091 4721/6108
f 4704/6091 4703/6090 4722/6109
f 4704/6091 4722/6109 4721/6108
f 4722/6109 4703/6090 4702/6089
f 4722/6109 4702/6089 4723/6110
f 4702/6089 4700/6086 4724/6111
f 4702/6089 4724/6111 4723/6110
f 4724/6112 4700/6113 4699/6088
f 4724/6112 4699/6088 4725/6114
f 4699/6088 4701/6087 4726/6115
f 4699/6088 4726/6115 4725/6114
f 4727/6116 4701/6087 4698/6083
f 4727/6116 4698/6083 4728/6117
f 4726/6115 4701/6087 4727/6116
f 4726/6115 4727/6116 4729/6118
f 4726/6115 4730/6119 4731/6120
f 4726/6115 4731/6120 4725/6114
f 4732/6121 4730/6119 4726/6115
f 4732/6121 4726/6115 4729/6118
f 4731/6122 4733/6123 4724/6111
f 4731/6122 4724/6111 4725/6124
f 4724/6111 4733/6123 4734/6125
f 4724/6111 4734/6125 4723/6110
f 4734/6125 4735/6126 4722/6109
f 4734/6125 4722/6109 4723/6110
f 4722/6109 4735/6126 4736/6127
f 4722/6109 4736/6127 4721/6108
f 4736/6127 4737/6128 4720/6107
f 4736/6127 4720/6107 4721/6108
f 4720/6107 4737/6128 4738/6129
f 4720/6107 4738/6129 4719/6106
f 4738/6129 4739/6130 4718/6105
f 4738/6129 4718/6105 4719/6106
f 4718/6105 4739/6130 4740/6131
f 4718/6105 4740/6131 4717/6104
f 4740/6131 4741/6132 4716/6103
f 4740/6131 4716/6103 4717/6104
f 4716/6103 4741/6132 4742/6133
f 4716/6103 4742/6133 4715/6102
f 4742/6133 4743/6134 4713/6100
f 4742/6133 4713/6100 4715/6102
f 4744/6135 4743/6134 4742/6133
f 4744/6135 4742/6133 4745/6136
f 4742/6133 4741/6132 4746/6137
f 4742/6133 4746/6137 4745/6136
f 4746/6137 4741/6132 4740/6131
f 4746/6137 4740/6131 4747/6138
f 4740/6131 4739/6130 4748/6139
f 4740/6131 4748/6139 4747/6138
f 4748/6139 4739/6130 4738/6129
f 4748/6139 4738/6129 4749/6140
f 4738/6129 4737/6128 4750/6141
f 4738/6129 4750/6141 4749/6140
f 4750/6141 4737/6128 4736/6127
f 4750/6141 4736/6127 4751/6142
f 4736/6127 4735/6126 4752/6143
f 4736/6127 4752/6143 4751/6142
f 4752/6143 4735/6126 4734/6125
f 4752/6143 4734/6125 4753/6144
f 4734/6125 4733/6123 4754/6145
f 4734/6125 4754/6145 4753/6144
f 4754/6146 4733/6147 4731/6120
f 4754/6146 4731/6120 4755/6148
f 4731/6120 4730/6119 4756/6149
f 4731/6120 4756/6149 4755/6148
f 4756/6149 4730/6119 4732/6121
f 4756/6149 4732/6121 4757/6150
f 4732/6121 4758/6151 4759/6152
f 4732/6121 4759/6152 4757/6150
f 4541/5890 4758/6151 4732/6121
f 4541/5890 4732/6121 4729/6118
f 4759/6152 4540/5889 4760/6153
f 4759/6152 4760/6153 4757/6150
f 4760/6153 4761/6154 4756/6149
f 4760/6153 4756/6149 4757/6150
f 4756/6149 4761/6154 4762/6155
f 4756/6149 4762/6155 4755/6148
f 4762/6155 4763/6156 4754/6146
f 4762/6155 4754/6146 4755/6148
f 4754/6146 4763/6156 4764/6157
f 4754/6146 4764/6157 4753/6158
f 4764/6159 4765/6160 4752/6143
f 4764/6159 4752/6143 4753/6144
f 4752/6143 4765/6160 4766/6161
f 4752/6143 4766/6161 4751/6142
f 4766/6161 4767/6162 4750/6141
f 4766/6161 4750/6141 4751/6142
f 4750/6141 4767/6162 4768/6163
f 4750/6141 4768/6163 4749/6140
f 4768/6163 4769/6164 4748/6139
f 4768/6163 4748/6139 4749/6140
f 4748/6139 4769/6164 4770/6165
f 4748/6139 4770/6165 4747/6138
f 4770/6165 4771/6166 4746/6137
f 4770/6165 4746/6137 4747/6138
f 4746/6137 4771/6166 4772/6167
f 4746/6137 4772/6167 4745/6136
f 4772/6167 4773/6168 4744/6135
f 4772/6167 4744/6135 4745/6136
f 4772/6167 4771/6166 4774/6169
f 4772/6167 4774/6169 4775/6170
f 4776/6171 4773/6168 4772/6167
f 4776/6171 4772/6167 4775/6170
f 4774/6169 4771/6166 4770/6165
f 4774/6169 4770/6165 4777/6172
f 4770/6165 4769/6164 4778/6173
f 4770/6165 4778/6173 4777/6172
f 4778/6173 4769/6164 4768/6163
f 4778/6173 4768/6163 4779/6174
f 4768/6163 4767/6162 4780/6175
f 4768/6163 4780/6175 4779/6174
f 4780/6175 4767/6162 4766/6161
f 4780/6175 4766/6161 4781/6176
f 4766/6161 4765/6160 4782/6177
f 4766/6161 4782/6177 4781/6176
f 4782/6177 4765/6160 4764/6159
f 4782/6177 4764/6159 4783/6178
f 4764/6157 4763/6156 4784/6179
f 4764/6157 4784/6179 4783/6180
f 4784/6179 4763/6156 4762/6155
f 4784/6179 4762/6155 4785/6181
f 4762/6155 4761/6154 4786/6182
f 4762/6155 4786/6182 4785/6181
f 4786/6182 4761/6154 4787/6183
f 4761/6154 4760/6153 4787/6183
f 4760/6153 4540/5889 4788/6184
f 4760/6153 4788/6184 4787/6183
f 4788/6184 4539/5888 4789/6185
f 4788/6184 4789/6185 4787/6183
f 4789/6185 4790/6186 4786/6182
f 4789/6185 4786/6182 4787/6183
f 4786/6182 4790/6186 4791/6187
f 4786/6182 4791/6187 4785/6181
f 4791/6187 4792/6188 4784/6179
f 4791/6187 4784/6179 4785/6181
f 4784/6179 4792/6188 4793/6189
f 4784/6179 4793/6189 4783/6180
f 4793/6189 4794/6190 4782/6191
f 4793/6189 4782/6191 4783/6180
f 4782/6177 4794/6192 4795/6193
f 4782/6177 4795/6193 4781/6176
f 4795/6193 4796/6194 4780/6175
f 4795/6193 4780/6175 4781/6176
f 4780/6175 4796/6194 4797/6195
f 4780/6175 4797/6195 4779/6174
f 4797/6195 4798/6196 4778/6173
f 4797/6195 4778/6173 4779/6174
f 4778/6173 4798/6196 4799/6197
f 4778/6173 4799/6197 4777/6172
f 4799/6197 4800/6198 4774/6169
f 4799/6197 4774/6169 4777/6172
f 4774/6169 4800/6198 4801/6199
f 4774/6169 4801/6199 4775/6170
f 4801/6199 4802/6200 4776/6171
f 4801/6199 4776/6171 4775/6170
f 4776/6171 4802/6200 4803/6201
f 4776/6171 4803/6201 4804/6202
f 4805/6203 4773/6168 4804/6202
f 4773/6168 4776/6171 4804/6202
f 4558/6204 4803/6201 4802/6200
f 4538/5887 4558/5916 4802/6205
f 4538/5887 4802/6205 4801/6206
f 4538/5887 4801/6206 4800/6207
f 4800/6198 4799/6197 4794/6192
f 4538/5887 4800/6207 4794/6190
f 4799/6197 4795/6193 4794/6192
f 4794/6190 4793/6189 4538/5887
f 4793/6189 4792/6188 4791/6187
f 4793/6189 4791/6187 4538/5887
f 4791/6187 4790/6186 4789/6185
f 4791/6187 4789/6185 4538/5887
f 4789/6185 4539/5888 4538/5887
f 4539/5888 4788/6184 4540/5889
f 4540/5889 4759/6152 4758/6151
f 4540/5889 4758/6151 4541/5890
f 4541/5890 4806/6208 4807/6209
f 4541/5890 4807/6209 4542/5891
f 4727/6116 4806/6208 4541/5890
f 4727/6116 4541/5890 4729/6118
f 4807/6209 4806/6208 4727/6116
f 4807/6209 4727/6116 4728/6117
f 4808/6210 4542/5891 4807/6209
f 4808/6210 4807/6209 4728/6117
f 4542/5891 4809/6211 4810/6212
f 4542/5891 4810/6212 4544/5894
f 4809/6211 4542/5891 4808/6210
f 4809/6211 4808/6210 4811/6213
f 4698/6083 4697/6080 4808/6210
f 4698/6083 4808/6210 4728/6117
f 4808/6210 4697/6080 4696/6079
f 4808/6210 4696/6079 4811/6213
f 4812/6214 4810/6212 4809/6211
f 4812/6214 4809/6211 4811/6213
f 4696/6079 4640/6011 4812/6214
f 4696/6079 4812/6214 4811/6213
f 4544/5894 4810/6212 4812/6214
f 4544/5894 4812/6214 4813/6215
f 4544/5894 4814/6216 4545/5895
f 4815/6217 4814/6216 4544/5894
f 4815/6217 4544/5894 4813/6215
f 4637/6010 4608/6218 4815/6217
f 4637/6010 4815/6217 4813/6215
f 4812/6214 4640/6011 4637/6010
f 4812/6214 4637/6010 4813/6215
f 4638/6012 4640/6011 4696/6079
f 4638/6012 4696/6079 4667/6082
f 4545/5895 4814/6216 4815/6217
f 4545/5895 4815/6217 4546/5896
f 4815/6217 4608/6218 4549/5900
f 4815/6217 4549/5900 4546/5896
f 4797/6195 4796/6194 4795/6193
f 4799/6197 4797/6195 4795/6193
f 4799/6197 4798/6196 4797/6195
f 4803/6201 4558/6204 4557/6219
f 4803/6201 4557/6219 4804/6202
f 4560/6220 4816/6221 4557/6219
f 4557/6219 4816/6221 4805/6203
f 4557/6219 4805/6203 4804/6202
f 4817/6222 4818/6223 4560/6220
f 4562/6065 4817/6222 4560/6220
f 4805/6203 4816/6221 4560/6220
f 4805/6203 4560/6220 4819/6224
f 4560/6220 4818/6223 4820/6225
f 4560/6220 4820/6225 4819/6224
f 4744/6135 4773/6168 4805/6203
f 4744/6135 4805/6203 4819/6224
f 4820/6225 4743/6134 4744/6135
f 4820/6225 4744/6135 4819/6224
f 4713/6100 4743/6134 4820/6225
f 4713/6100 4820/6225 4714/6101
f 4820/6225 4818/6223 4817/6222
f 4820/6225 4817/6222 4714/6101
f 4817/6222 4562/6065 4712/6099
f 4817/6222 4712/6099 4714/6101
f 4712/6099 4562/6065 4682/6064
f 4712/6099 4682/6064 4683/6066
f 4821/6226 4653/6031 4561/5913
f 4559/5911 4821/6226 4561/5913
f 4559/5911 4822/6227 4821/6226
f 4621/5990 4653/6031 4821/6226
f 4621/5990 4821/6226 4622/5991
f 4821/6226 4822/6227 4623/5992
f 4821/6226 4623/5992 4622/5991
f 4623/5992 4822/6227 4559/5911
f 4623/5992 4559/5911 4563/5917
f 4565/5919 4594/5948 4563/5917
f 4594/5948 4623/5992 4563/5917
f 4823/6228 4824/6229 4825/6230
f 4826/6231 4827/6232 4823/6228
f 4828/6233 4826/6231 4823/6228
f 4828/6233 4823/6228 4825/6230
f 4829/6234 4824/6235 4823/6236
f 4829/6234 4823/6236 4830/6237
f 4823/6228 4827/6232 4831/6238
f 4823/6228 4831/6238 4830/6239
f 4832/6240 4825/6230 4824/6229
f 4832/6240 4824/6229 4829/6241
f 4825/6230 4833/6242 4834/6243
f 4825/6230 4834/6243 4835/6244
f 4825/6230 4835/6244 4836/6245
f 4825/6230 4836/6245 4837/6246
f 4837/6246 4828/6233 4825/6230
f 4832/6240 4838/6247 4833/6242
f 4832/6240 4833/6242 4825/6230
f 4837/6246 4839/6248 4828/6233
f 4828/6233 4840/6249 4826/6231
f 4841/6250 4840/6249 4828/6233
f 4841/6250 4828/6233 4842/6251
f 4828/6233 4839/6248 4843/6252
f 4828/6233 4843/6252 4842/6251
f 4831/6238 4827/6232 4826/6231
f 4831/6238 4826/6231 4844/6253
f 4826/6231 4840/6249 4841/6250
f 4826/6231 4841/6250 4844/6253
f 4831/6238 4845/6254 4830/6239
f 4845/6254 4846/6255 4830/6239
f 4847/6256 4845/6254 4831/6238
f 4847/6256 4831/6238 4844/6253
f 4846/6257 4848/6258 4829/6241
f 4846/6257 4829/6241 4830/6259
f 4829/6241 4848/6258 4849/6260
f 4832/6240 4829/6241 4849/6260
f 4838/6261 4832/6262 4850/6263
f 4851/6264 4850/6263 4832/6262
f 4852/6265 4851/6264 4832/6262
f 4853/6266 4852/6265 4832/6262
f 4832/6262 4849/6267 4854/6268
f 4853/6266 4832/6262 4854/6268
f 4855/6269 4856/6270 4838/6261
f 4838/6261 4850/6263 4857/6271
f 4858/6272 4855/6269 4838/6261
f 4838/6261 4857/6271 4859/6273
f 4838/6261 4859/6273 4860/6274
f 4860/6274 4858/6272 4838/6261
f 4833/6275 4838/6276 4856/6277
f 4850/6263 4861/6278 4857/6271
f 4861/6278 4850/6263 4851/6264
f 4861/6278 4851/6264 4862/6279
f 4852/6265 4863/6280 4851/6264
f 4851/6264 4863/6280 4864/6281
f 4851/6264 4864/6281 4862/6279
f 4864/6281 4863/6280 4852/6265
f 4864/6281 4852/6265 4865/6282
f 4852/6265 4853/6266 4866/6283
f 4852/6265 4866/6283 4865/6282
f 4854/6268 4867/6284 4853/6266
f 4866/6283 4853/6266 4867/6284
f 4866/6283 4867/6284 4868/6285
f 4854/6268 4869/6286 4870/6287
f 4854/6268 4870/6287 4871/6288
f 4854/6268 4871/6288 4867/6284
f 4872/6289 4854/6268 4849/6267
f 4872/6289 4849/6267 4873/6290
f 4869/6286 4854/6268 4872/6289
f 4869/6286 4872/6289 4874/6291
f 4849/6260 4848/6258 4846/6257
f 4849/6260 4846/6257 4873/6292
f 4846/6293 4845/6294 4875/6295
f 4846/6293 4875/6295 4873/6290
f 4875/6295 4876/6296 4872/6289
f 4875/6295 4872/6289 4873/6290
f 4872/6289 4876/6296 4877/6297
f 4872/6289 4877/6297 4874/6291
f 4878/6298 4870/6287 4869/6286
f 4878/6298 4869/6286 4874/6291
f 4877/6297 4879/6299 4878/6298
f 4877/6297 4878/6298 4874/6291
f 4871/6288 4870/6287 4878/6298
f 4871/6288 4878/6298 4880/6300
f 4871/6288 4881/6301 4882/6302
f 4871/6288 4882/6302 4867/6284
f 4883/6303 4881/6301 4871/6288
f 4883/6303 4871/6288 4880/6300
f 4882/6302 4884/6304 4867/6284
f 4867/6284 4884/6304 4885/6305
f 4867/6284 4885/6305 4868/6285
f 4886/6306 4887/6307 4866/6283
f 4886/6306 4866/6283 4868/6285
f 4885/6305 4888/6308 4886/6306
f 4885/6305 4886/6306 4868/6285
f 4866/6283 4887/6307 4889/6309
f 4866/6283 4889/6309 4865/6282
f 4889/6309 4890/6310 4864/6281
f 4889/6309 4864/6281 4865/6282
f 4864/6281 4890/6310 4862/6279
f 4890/6310 4891/6311 4862/6279
f 4891/6311 4857/6271 4861/6278
f 4891/6311 4861/6278 4862/6279
f 4892/6312 4857/6271 4891/6311
f 4892/6312 4891/6311 4893/6313
f 4891/6311 4890/6310 4894/6314
f 4891/6311 4894/6314 4893/6313
f 4894/6314 4890/6310 4889/6309
f 4894/6314 4889/6309 4895/6315
f 4889/6309 4887/6307 4896/6316
f 4889/6309 4896/6316 4895/6315
f 4896/6316 4887/6307 4886/6306
f 4896/6316 4886/6306 4897/6317
f 4886/6306 4888/6308 4898/6318
f 4886/6306 4898/6318 4897/6317
f 4899/6319 4888/6308 4885/6305
f 4899/6319 4885/6305 4900/6320
f 4898/6318 4888/6308 4899/6319
f 4898/6318 4899/6319 4901/6321
f 4885/6305 4884/6304 4882/6302
f 4885/6305 4882/6302 4900/6320
f 4882/6302 4881/6301 4883/6303
f 4882/6302 4883/6303 4900/6320
f 4902/6322 4903/6323 4883/6303
f 4902/6322 4883/6303 4880/6300
f 4883/6303 4903/6323 4899/6319
f 4883/6303 4899/6319 4900/6320
f 4878/6298 4879/6299 4902/6322
f 4878/6298 4902/6322 4880/6300
f 4902/6322 4879/6299 4904/6324
f 4902/6322 4904/6324 4905/6325
f 4904/6324 4879/6299 4877/6297
f 4904/6324 4877/6297 4906/6326
f 4907/6327 4903/6323 4902/6322
f 4907/6327 4902/6322 4905/6325
f 4899/6319 4903/6323 4907/6327
f 4899/6319 4907/6327 4901/6321
f 4907/6327 4908/6328 4909/6329
f 4907/6327 4909/6329 4901/6321
f 4909/6329 4910/6330 4898/6318
f 4909/6329 4898/6318 4901/6321
f 4898/6318 4910/6330 4911/6331
f 4898/6318 4911/6331 4897/6317
f 4911/6331 4912/6332 4896/6316
f 4911/6331 4896/6316 4897/6317
f 4896/6316 4912/6332 4913/6333
f 4896/6316 4913/6333 4895/6315
f 4913/6333 4914/6334 4894/6314
f 4913/6333 4894/6314 4895/6315
f 4894/6314 4914/6334 4915/6335
f 4894/6314 4915/6335 4893/6313
f 4915/6335 4859/6273 4892/6312
f 4915/6335 4892/6312 4893/6313
f 4857/6271 4892/6312 4859/6273
f 4859/6273 4916/6336 4860/6274
f 4916/6336 4859/6273 4915/6335
f 4916/6336 4915/6335 4917/6337
f 4915/6335 4914/6334 4918/6338
f 4915/6335 4918/6338 4917/6337
f 4918/6338 4914/6334 4913/6333
f 4918/6338 4913/6333 4919/6339
f 4913/6333 4912/6332 4920/6340
f 4913/6333 4920/6340 4919/6339
f 4920/6340 4912/6332 4911/6331
f 4920/6340 4911/6331 4921/6341
f 4911/6331 4910/6330 4922/6342
f 4911/6331 4922/6342 4921/6341
f 4922/6342 4910/6330 4909/6329
f 4922/6342 4909/6329 4923/6343
f 4909/6329 4908/6328 4924/6344
f 4909/6329 4924/6344 4923/6343
f 4925/6345 4908/6328 4907/6327
f 4925/6345 4907/6327 4905/6325
f 4924/6344 4908/6328 4925/6345
f 4924/6344 4925/6345 4926/6346
f 4904/6324 4927/6347 4925/6345
f 4904/6324 4925/6345 4905/6325
f 4928/6348 4927/6347 4904/6324
f 4928/6348 4904/6324 4906/6326
f 4877/6297 4876/6296 4929/6349
f 4877/6297 4929/6349 4906/6326
f 4929/6349 4930/6350 4928/6348
f 4929/6349 4928/6348 4906/6326
f 4931/6351 4927/6347 4928/6348
f 4931/6351 4928/6348 4932/6352
f 4928/6348 4930/6350 4933/6353
f 4928/6348 4933/6353 4932/6352
f 4925/6345 4927/6347 4931/6351
f 4925/6345 4931/6351 4926/6346
f 4934/6354 4935/6355 4924/6344
f 4934/6354 4924/6344 4926/6346
f 4931/6351 4936/6356 4934/6354
f 4931/6351 4934/6354 4926/6346
f 4924/6344 4935/6355 4937/6357
f 4924/6344 4937/6357 4923/6343
f 4937/6357 4938/6358 4922/6342
f 4937/6357 4922/6342 4923/6343
f 4922/6342 4938/6358 4939/6359
f 4922/6342 4939/6359 4921/6341
f 4939/6359 4940/6360 4920/6340
f 4939/6359 4920/6340 4921/6341
f 4920/6340 4940/6360 4941/6361
f 4920/6340 4941/6361 4919/6339
f 4941/6361 4942/6362 4918/6338
f 4941/6361 4918/6338 4919/6339
f 4918/6338 4942/6362 4943/6363
f 4918/6338 4943/6363 4917/6337
f 4943/6363 4860/6274 4916/6336
f 4943/6363 4916/6336 4917/6337
f 4944/6364 4860/6274 4943/6363
f 4944/6364 4943/6363 4945/6365
f 4943/6363 4942/6362 4946/6366
f 4943/6363 4946/6366 4945/6365
f 4946/6366 4942/6362 4941/6361
f 4946/6366 4941/6361 4947/6367
f 4941/6361 4940/6360 4948/6368
f 4941/6361 4948/6368 4947/6367
f 4948/6368 4940/6360 4939/6359
f 4948/6368 4939/6359 4949/6369
f 4939/6359 4938/6358 4950/6370
f 4939/6359 4950/6370 4949/6369
f 4950/6370 4938/6358 4937/6357
f 4950/6370 4937/6357 4951/6371
f 4937/6357 4935/6355 4952/6372
f 4937/6357 4952/6372 4951/6371
f 4952/6372 4935/6355 4934/6354
f 4952/6372 4934/6354 4953/6373
f 4934/6354 4936/6356 4954/6374
f 4934/6354 4954/6374 4953/6373
f 4954/6374 4936/6356 4955/6375
f 4954/6374 4955/6375 4956/6376
f 4955/6375 4936/6356 4931/6351
f 4955/6375 4931/6351 4932/6352
f 4933/6353 4957/6377 4955/6375
f 4933/6353 4955/6375 4932/6352
f 4958/6378 4957/6377 4933/6353
f 4958/6378 4933/6353 4959/6379
f 4933/6353 4930/6350 4960/6380
f 4933/6353 4960/6380 4959/6379
f 4955/6375 4957/6377 4961/6381
f 4955/6375 4961/6381 4956/6376
f 4961/6382 4957/6383 4958/6384
f 4961/6382 4958/6384 4962/6385
f 4961/6382 4963/6386 4964/6387
f 4961/6382 4964/6387 4956/6388
f 4964/6389 4965/6390 4954/6374
f 4964/6389 4954/6374 4956/6376
f 4954/6374 4965/6390 4966/6391
f 4954/6374 4966/6391 4953/6373
f 4966/6391 4967/6392 4952/6372
f 4966/6391 4952/6372 4953/6373
f 4952/6372 4967/6392 4968/6393
f 4952/6372 4968/6393 4951/6371
f 4968/6393 4969/6394 4950/6370
f 4968/6393 4950/6370 4951/6371
f 4950/6370 4969/6394 4970/6395
f 4950/6370 4970/6395 4949/6369
f 4970/6395 4971/6396 4948/6368
f 4970/6395 4948/6368 4949/6369
f 4948/6368 4971/6396 4972/6397
f 4948/6368 4972/6397 4947/6367
f 4972/6397 4973/6398 4946/6366
f 4972/6397 4946/6366 4947/6367
f 4946/6366 4973/6398 4974/6399
f 4946/6366 4974/6399 4945/6365
f 4974/6399 4975/6400 4944/6364
f 4974/6399 4944/6364 4945/6365
f 4976/6401 4975/6400 4974/6399
f 4976/6401 4974/6399 4977/6402
f 4974/6399 4973/6398 4978/6403
f 4974/6399 4978/6403 4977/6402
f 4978/6403 4973/6398 4972/6397
f 4978/6403 4972/6397 4979/6404
f 4972/6397 4971/6396 4980/6405
f 4972/6397 4980/6405 4979/6404
f 4980/6405 4971/6396 4970/6395
f 4980/6405 4970/6395 4981/6406
f 4970/6395 4969/6394 4982/6407
f 4970/6395 4982/6407 4981/6406
f 4982/6407 4969/6394 4968/6393
f 4982/6407 4968/6393 4983/6408
f 4968/6393 4967/6392 4984/6409
f 4968/6393 4984/6409 4983/6408
f 4984/6409 4967/6392 4966/6391
f 4984/6409 4966/6391 4985/6410
f 4966/6391 4965/6390 4986/6411
f 4966/6391 4986/6411 4985/6410
f 4986/6411 4965/6390 4964/6389
f 4986/6411 4964/6389 4987/6412
f 4964/6387 4963/6386 4988/6413
f 4964/6387 4988/6413 4987/6414
f 4988/6413 4963/6386 4989/6415
f 4988/6413 4989/6415 4990/6416
f 4989/6415 4963/6386 4961/6382
f 4989/6415 4961/6382 4962/6385
f 4991/6417 4992/6418 4988/6413
f 4991/6417 4988/6413 4990/6416
f 4988/6413 4992/6418 4993/6419
f 4988/6413 4993/6419 4987/6414
f 4993/6419 4994/6420 4986/6421
f 4993/6419 4986/6421 4987/6414
f 4986/6421 4994/6420 4995/6422
f 4986/6421 4995/6422 4985/6423
f 4995/6424 4996/6425 4984/6409
f 4995/6424 4984/6409 4985/6410
f 4984/6409 4996/6425 4997/6426
f 4984/6409 4997/6426 4983/6408
f 4997/6426 4998/6427 4982/6407
f 4997/6426 4982/6407 4983/6408
f 4982/6407 4998/6427 4999/6428
f 4982/6407 4999/6428 4981/6406
f 4999/6428 5000/6429 4980/6405
f 4999/6428 4980/6405 4981/6406
f 4980/6405 5000/6429 5001/6430
f 4980/6405 5001/6430 4979/6404
f 5001/6430 5002/6431 4978/6403
f 5001/6430 4978/6403 4979/6404
f 4978/6403 5002/6431 5003/6432
f 4978/6403 5003/6432 4977/6402
f 5003/6432 5004/6433 4976/6401
f 5003/6432 4976/6401 4977/6402
f 5005/6434 5004/6433 5003/6432
f 5005/6434 5003/6432 5006/6435
f 5003/6432 5002/6431 5007/6436
f 5003/6432 5007/6436 5006/6435
f 5007/6436 5002/6431 5001/6430
f 5007/6436 5001/6430 5008/6437
f 5001/6430 5000/6429 5009/6438
f 5001/6430 5009/6438 5008/6437
f 5009/6438 5000/6429 4999/6428
f 5009/6438 4999/6428 5010/6439
f 4999/6428 4998/6427 5011/6440
f 4999/6428 5011/6440 5010/6439
f 5011/6440 4998/6427 4997/6426
f 5011/6440 4997/6426 5012/6441
f 4997/6426 4996/6425 5013/6442
f 4997/6426 5013/6442 5012/6441
f 5013/6442 4996/6425 4995/6424
f 5013/6442 4995/6424 5014/6443
f 4995/6422 4994/6420 5015/6444
f 4995/6422 5015/6444 5014/6445
f 5015/6444 4994/6420 4993/6419
f 5015/6444 4993/6419 5016/6446
f 4993/6419 4992/6418 5017/6447
f 4993/6419 5017/6447 5016/6446
f 5017/6447 4992/6418 4991/6417
f 5017/6447 4991/6417 5018/6448
f 5019/6449 5020/6450 4991/6417
f 5019/6449 4991/6417 4990/6416
f 4991/6417 5020/6450 5021/6451
f 4991/6417 5021/6451 5018/6448
f 5021/6451 5022/6452 5023/6453
f 5021/6451 5023/6453 5018/6448
f 5023/6453 5024/6454 5017/6447
f 5023/6453 5017/6447 5018/6448
f 5017/6447 5024/6454 5025/6455
f 5017/6447 5025/6455 5016/6446
f 5025/6455 5026/6456 5015/6444
f 5025/6455 5015/6444 5016/6446
f 5015/6444 5026/6456 5027/6457
f 5015/6444 5027/6457 5014/6445
f 5027/6457 5028/6458 5013/6459
f 5027/6457 5013/6459 5014/6445
f 5013/6459 5028/6458 5029/6460
f 5013/6459 5029/6460 5012/6461
f 5029/6462 5030/6463 5011/6440
f 5029/6462 5011/6440 5012/6441
f 5011/6440 5030/6463 5031/6464
f 5011/6440 5031/6464 5010/6439
f 5031/6464 5032/6465 5009/6438
f 5031/6464 5009/6438 5010/6439
f 5009/6438 5032/6465 5033/6466
f 5009/6438 5033/6466 5008/6437
f 5033/6466 5034/6467 5007/6436
f 5033/6466 5007/6436 5008/6437
f 5007/6436 5034/6467 5035/6468
f 5007/6436 5035/6468 5006/6435
f 5035/6468 5036/6469 5005/6434
f 5035/6468 5005/6434 5006/6435
f 4858/6272 5036/6469 5035/6468
f 4858/6272 5035/6468 5037/6470
f 5035/6468 5034/6467 5038/6471
f 5035/6468 5038/6471 5037/6470
f 5038/6471 5034/6467 5033/6466
f 5038/6471 5033/6466 5039/6472
f 5033/6466 5032/6465 5040/6473
f 5033/6466 5040/6473 5039/6472
f 5040/6473 5032/6465 5031/6464
f 5040/6473 5031/6464 5041/6474
f 5031/6464 5030/6463 5042/6475
f 5031/6464 5042/6475 5041/6474
f 5042/6475 5030/6463 5029/6462
f 5042/6475 5029/6462 5043/6476
f 5029/6460 5028/6458 5044/6477
f 5029/6460 5044/6477 5043/6478
f 5044/6477 5028/6458 5027/6457
f 5044/6477 5027/6457 5045/6479
f 5027/6457 5026/6456 5046/6480
f 5027/6457 5046/6480 5045/6479
f 5046/6480 5026/6456 5025/6455
f 5046/6480 5025/6455 5047/6481
f 5025/6455 5024/6454 5048/6482
f 5025/6455 5048/6482 5047/6481
f 5048/6482 5024/6454 5023/6453
f 5048/6482 5023/6453 5049/6483
f 5023/6453 5022/6452 5050/6484
f 5023/6453 5050/6484 5049/6483
f 5051/6485 5052/6486 5048/6482
f 5051/6485 5048/6482 5049/6483
f 5050/6484 5053/6487 5051/6485
f 5050/6484 5051/6485 5049/6483
f 5048/6482 5052/6486 5054/6488
f 5048/6482 5054/6488 5047/6481
f 5054/6488 5055/6489 5046/6480
f 5054/6488 5046/6480 5047/6481
f 5046/6480 5055/6489 5056/6490
f 5046/6480 5056/6490 5045/6479
f 5056/6490 5057/6491 5044/6477
f 5056/6490 5044/6477 5045/6479
f 5044/6477 5057/6491 5058/6492
f 5044/6477 5058/6492 5043/6478
f 5058/6492 5059/6493 5042/6494
f 5058/6492 5042/6494 5043/6478
f 5042/6494 5059/6493 5060/6495
f 5042/6494 5060/6495 5041/6496
f 5060/6497 5061/6498 5040/6473
f 5060/6497 5040/6473 5041/6474
f 5040/6473 5061/6498 5062/6499
f 5040/6473 5062/6499 5039/6472
f 5062/6499 5063/6500 5038/6471
f 5062/6499 5038/6471 5039/6472
f 5038/6471 5063/6500 5064/6501
f 5038/6471 5064/6501 5037/6470
f 5064/6501 5065/6502 4858/6272
f 5064/6501 4858/6272 5037/6470
f 4855/6269 5065/6502 5064/6501
f 4855/6269 5064/6501 5066/6503
f 5064/6504 5063/6505 5066/6506
f 5063/6505 5067/6507 5066/6506
f 5067/6507 5063/6505 5062/6508
f 5067/6507 5062/6508 5068/6509
f 5062/6508 5061/6510 5069/6511
f 5062/6508 5069/6511 5068/6509
f 5069/6511 5061/6510 5060/6495
f 5069/6511 5060/6495 5070/6512
f 5060/6495 5059/6493 5071/6513
f 5060/6495 5071/6513 5070/6512
f 5071/6513 5059/6493 5058/6492
f 5071/6513 5058/6492 5072/6514
f 5058/6492 5057/6491 5073/6515
f 5058/6492 5073/6515 5072/6514
f 5073/6515 5057/6491 5056/6490
f 5073/6515 5056/6490 5074/6516
f 5056/6490 5055/6489 5075/6517
f 5056/6490 5075/6517 5074/6516
f 5075/6517 5055/6489 5054/6488
f 5075/6517 5054/6488 5076/6518
f 5054/6488 5052/6486 5077/6519
f 5054/6488 5077/6519 5076/6518
f 5077/6519 5052/6486 5051/6485
f 5077/6519 5051/6485 5078/6520
f 5051/6485 5053/6487 5079/6521
f 5051/6485 5079/6521 5078/6520
f 5080/6522 5053/6487 5050/6484
f 5080/6522 5050/6484 5081/6523
f 5079/6521 5053/6487 5082/6524
f 5053/6487 5080/6522 5082/6524
f 5079/6521 5083/6525 5084/6526
f 5079/6521 5084/6526 5078/6520
f 5085/6527 5083/6525 5079/6521
f 5085/6527 5079/6521 5082/6524
f 5084/6526 5086/6528 5077/6519
f 5084/6526 5077/6519 5078/6520
f 5077/6519 5086/6528 5087/6529
f 5077/6519 5087/6529 5076/6518
f 5087/6529 5088/6530 5075/6517
f 5087/6529 5075/6517 5076/6518
f 5075/6517 5088/6530 5089/6531
f 5075/6517 5089/6531 5074/6516
f 5089/6531 5090/6532 5073/6515
f 5089/6531 5073/6515 5074/6516
f 5073/6515 5090/6532 5091/6533
f 5073/6515 5091/6533 5072/6514
f 5091/6533 5092/6534 5071/6513
f 5091/6533 5071/6513 5072/6514
f 5071/6513 5092/6534 5093/6535
f 5071/6513 5093/6535 5070/6512
f 5093/6535 5094/6536 5069/6511
f 5093/6535 5069/6511 5070/6512
f 5069/6511 5094/6536 5095/6537
f 5069/6511 5095/6537 5068/6509
f 5095/6537 5096/6538 5067/6507
f 5095/6537 5067/6507 5068/6509
f 5067/6507 5096/6538 5097/6539
f 5067/6507 5097/6539 5066/6506
f 4856/6277 5097/6539 5096/6538
f 4833/6275 4856/6277 5096/6538
f 4833/6275 5096/6538 5095/6537
f 4833/6275 5095/6537 5094/6536
f 5086/6528 4833/6275 5094/6536
f 5094/6536 5093/6535 5086/6528
f 5086/6528 5084/6526 4833/6275
f 5093/6535 5087/6529 5086/6528
f 5084/6526 5083/6525 5085/6527
f 5084/6526 5085/6527 4833/6275
f 5085/6527 4834/6540 4833/6275
f 4835/6541 4834/6540 5085/6527
f 4835/6541 5085/6527 5082/6524
f 5080/6522 5098/6542 4835/6541
f 5080/6522 4835/6541 5082/6524
f 4836/6543 5098/6542 5080/6522
f 4836/6543 5080/6522 5081/6523
f 5050/6484 5022/6452 5099/6544
f 5050/6484 5099/6544 5081/6523
f 5099/6544 5100/6545 4836/6543
f 5099/6544 4836/6543 5081/6523
f 4835/6541 5098/6542 4836/6543
f 4836/6543 5100/6545 5101/6546
f 4836/6543 5101/6546 5102/6547
f 4836/6543 5102/6547 4837/6548
f 5101/6546 5100/6545 5099/6544
f 5101/6546 5099/6544 5103/6549
f 5099/6544 5022/6452 5021/6451
f 5099/6544 5021/6451 5103/6549
f 5104/6550 5105/6551 5101/6546
f 5104/6550 5101/6546 5103/6549
f 5021/6451 5020/6450 5104/6550
f 5021/6451 5104/6550 5103/6549
f 5101/6546 5105/6551 5102/6547
f 5102/6547 5106/6552 4837/6548
f 5107/6553 5106/6552 5102/6547
f 5107/6553 5102/6547 5108/6554
f 5102/6547 5105/6551 5104/6550
f 5102/6547 5104/6550 5108/6554
f 4843/6252 4839/6248 4837/6246
f 4843/6252 4837/6246 5109/6555
f 4837/6548 5106/6552 5107/6553
f 4837/6548 5107/6553 5109/6556
f 5019/6449 5110/6557 5107/6553
f 5019/6449 5107/6553 5108/6554
f 5107/6553 5110/6557 5111/6558
f 5107/6553 5111/6558 5109/6556
f 5104/6550 5020/6450 5019/6449
f 5104/6550 5019/6449 5108/6554
f 4989/6415 5110/6557 5019/6449
f 4989/6415 5019/6449 4990/6416
f 5111/6558 5110/6557 4989/6415
f 5111/6558 4989/6415 4962/6385
f 5111/6558 5112/6559 4843/6560
f 5111/6558 4843/6560 5109/6556
f 4958/6384 5112/6559 5111/6558
f 4958/6384 5111/6558 4962/6385
f 4843/6560 5112/6559 5113/6561
f 4843/6560 5113/6561 4842/6562
f 5113/6561 5112/6559 4958/6384
f 5113/6561 4958/6384 4959/6563
f 5113/6564 5114/6565 4841/6250
f 5113/6564 4841/6250 4842/6251
f 4960/6380 5114/6566 5113/6567
f 4960/6380 5113/6567 4959/6379
f 4847/6568 5114/6566 4960/6380
f 4847/6568 4960/6380 5115/6569
f 4841/6250 5114/6565 4847/6256
f 4841/6250 4847/6256 4844/6253
f 4960/6380 4930/6350 4929/6349
f 4960/6380 4929/6349 5115/6569
f 4929/6349 4876/6296 4875/6295
f 4929/6349 4875/6295 5115/6569
f 4875/6295 4845/6294 4847/6568
f 4875/6295 4847/6568 5115/6569
f 5089/6531 5088/6530 5087/6529
f 5091/6533 5089/6531 5087/6529
f 5093/6535 5091/6533 5087/6529
f 5091/6533 5090/6532 5089/6531
f 5093/6535 5092/6534 5091/6533
f 5097/6539 4856/6277 4855/6570
f 5097/6539 4855/6570 5066/6506
f 4858/6272 5065/6502 4855/6269
f 5005/6434 5036/6469 4858/6272
f 4976/6401 5005/6434 4858/6272
f 4860/6274 4976/6401 4858/6272
f 4976/6401 5004/6433 5005/6434
f 4944/6364 4975/6400 4976/6401
f 4860/6274 4944/6364 4976/6401
f 5116/6571 5117/6572 5118/6573
f 5119/6574 5116/6571 5118/6573
f 5120/6575 5117/6576 5116/6577
f 5120/6575 5116/6577 5121/6578
f 5116/6571 5119/6574 5122/6579
f 5116/6571 5122/6579 5121/6580
f 5123/6581 5118/6582 5117/6583
f 5123/6584 5117/6576 5120/6575
f 5118/6573 5124/6585 5125/6586
f 5118/6573 5125/6586 5126/6587
f 5127/6588 5119/6574 5118/6573
f 5118/6573 5126/6587 5128/6589
f 5129/6590 5127/6588 5118/6573
f 5118/6573 5128/6589 5130/6591
f 5129/6590 5118/6573 5130/6591
f 5123/6581 5131/6592 5124/6593
f 5123/6581 5124/6593 5118/6582
f 5127/6588 5132/6594 5119/6574
f 5122/6579 5119/6574 5132/6594
f 5122/6579 5132/6594 5133/6595
f 5122/6596 5134/6597 5121/6578
f 5134/6597 5135/6598 5121/6578
f 5136/6599 5134/6600 5122/6579
f 5136/6599 5122/6579 5133/6595
f 5135/6598 5137/6601 5120/6575
f 5135/6598 5120/6575 5121/6578
f 5123/6584 5120/6575 5137/6601
f 5131/6592 5123/6581 5138/6602
f 5139/6603 5138/6602 5123/6581
f 5140/6604 5139/6603 5123/6581
f 5141/6605 5140/6604 5123/6581
f 5123/6584 5137/6601 5142/6606
f 5143/6607 5141/6605 5123/6581
f 5123/6584 5142/6606 5143/6608
f 5144/6609 5145/6610 5131/6592
f 5131/6592 5138/6602 5146/6611
f 5147/6612 5144/6609 5131/6592
f 5131/6592 5146/6611 5148/6613
f 5149/6614 5147/6612 5131/6592
f 5131/6592 5148/6613 5150/6615
f 5150/6615 5149/6614 5131/6592
f 5124/6585 5131/6616 5145/6617
f 5146/6611 5138/6602 5139/6603
f 5146/6611 5139/6603 5151/6618
f 5140/6604 5152/6619 5139/6603
f 5139/6603 5152/6619 5153/6620
f 5139/6603 5153/6620 5151/6618
f 5153/6620 5152/6619 5140/6604
f 5153/6620 5140/6604 5154/6621
f 5140/6604 5141/6605 5155/6622
f 5140/6604 5155/6622 5154/6621
f 5155/6622 5141/6605 5143/6607
f 5155/6622 5143/6607 5156/6623
f 5142/6606 5157/6624 5143/6608
f 5143/6608 5157/6624 5158/6625
f 5143/6608 5158/6625 5156/6626
f 5159/6627 5160/6628 5142/6606
f 5161/6629 5159/6627 5142/6606
f 5137/6601 5161/6629 5142/6606
f 5158/6625 5157/6624 5142/6606
f 5158/6625 5142/6606 5162/6630
f 5142/6606 5160/6628 5163/6631
f 5142/6606 5163/6631 5162/6630
f 5158/6625 5164/6632 5165/6633
f 5158/6625 5165/6633 5156/6626
f 5166/6634 5164/6632 5158/6625
f 5166/6634 5158/6625 5162/6630
f 5165/6633 5167/6635 5155/6636
f 5165/6633 5155/6636 5156/6626
f 5155/6636 5167/6635 5168/6637
f 5155/6636 5168/6637 5154/6638
f 5168/6639 5169/6640 5153/6620
f 5168/6639 5153/6620 5154/6621
f 5153/6620 5169/6640 5151/6618
f 5169/6640 5170/6641 5151/6618
f 5170/6641 5171/6642 5146/6611
f 5170/6641 5146/6611 5151/6618
f 5146/6611 5171/6642 5148/6613
f 5148/6613 5172/6643 5173/6644
f 5148/6613 5173/6644 5150/6615
f 5174/6645 5172/6643 5148/6613
f 5174/6645 5148/6613 5175/6646
f 5148/6613 5171/6642 5170/6641
f 5148/6613 5170/6641 5175/6646
f 5170/6641 5169/6640 5176/6647
f 5170/6641 5176/6647 5175/6646
f 5176/6648 5169/6649 5168/6637
f 5176/6648 5168/6637 5177/6650
f 5168/6637 5167/6635 5178/6651
f 5168/6637 5178/6651 5177/6650
f 5178/6651 5167/6635 5165/6633
f 5178/6651 5165/6633 5179/6652
f 5165/6633 5164/6632 5180/6653
f 5165/6633 5180/6653 5179/6652
f 5180/6653 5164/6632 5166/6634
f 5180/6653 5166/6634 5181/6654
f 5166/6634 5182/6655 5183/6656
f 5166/6634 5183/6656 5181/6654
f 5163/6631 5182/6655 5166/6634
f 5163/6631 5166/6634 5162/6630
f 5184/6657 5182/6655 5163/6631
f 5184/6657 5163/6631 5185/6658
f 5163/6631 5160/6628 5159/6627
f 5163/6631 5159/6627 5185/6658
f 5161/6629 5186/6659 5159/6627
f 5159/6627 5186/6659 5187/6660
f 5159/6627 5187/6660 5185/6658
f 5187/6660 5188/6661 5184/6657
f 5187/6660 5184/6657 5185/6658
f 5183/6656 5182/6655 5184/6657
f 5183/6656 5184/6657 5189/6662
f 5184/6657 5188/6661 5190/6663
f 5184/6657 5190/6663 5189/6662
f 5191/6664 5192/6665 5183/6656
f 5191/6664 5183/6656 5189/6662
f 5183/6656 5192/6665 5193/6666
f 5183/6656 5193/6666 5181/6654
f 5193/6666 5194/6667 5180/6653
f 5193/6666 5180/6653 5181/6654
f 5180/6653 5194/6667 5195/6668
f 5180/6653 5195/6668 5179/6652
f 5195/6668 5196/6669 5178/6651
f 5195/6668 5178/6651 5179/6652
f 5178/6651 5196/6669 5197/6670
f 5178/6651 5197/6670 5177/6650
f 5197/6670 5198/6671 5176/6648
f 5197/6670 5176/6648 5177/6650
f 5176/6647 5198/6672 5174/6645
f 5176/6647 5174/6645 5175/6646
f 5199/6673 5172/6643 5174/6645
f 5199/6673 5174/6645 5200/6674
f 5174/6645 5198/6672 5201/6675
f 5174/6645 5201/6675 5200/6674
f 5172/6643 5199/6673 5173/6644
f 5202/6676 5173/6644 5199/6673
f 5202/6676 5199/6673 5200/6674
f 5201/6675 5203/6677 5202/6676
f 5201/6675 5202/6676 5200/6674
f 5201/6675 5198/6672 5197/6678
f 5201/6675 5197/6678 5204/6679
f 5205/6680 5203/6681 5201/6682
f 5205/6680 5201/6682 5204/6683
f 5197/6670 5196/6669 5206/6684
f 5197/6670 5206/6684 5204/6683
f 5206/6684 5196/6669 5195/6668
f 5206/6684 5195/6668 5207/6685
f 5195/6668 5194/6667 5208/6686
f 5195/6668 5208/6686 5207/6685
f 5208/6686 5194/6667 5193/6666
f 5208/6686 5193/6666 5209/6687
f 5193/6666 5192/6665 5210/6688
f 5193/6666 5210/6688 5209/6687
f 5210/6688 5192/6665 5191/6664
f 5210/6688 5191/6664 5211/6689
f 5190/6663 5212/6690 5191/6664
f 5190/6663 5191/6664 5189/6662
f 5191/6664 5212/6690 5213/6691
f 5191/6664 5213/6691 5211/6689
f 5214/6692 5212/6690 5190/6663
f 5214/6692 5190/6663 5215/6693
f 5190/6663 5188/6661 5216/6694
f 5190/6663 5216/6694 5215/6693
f 5216/6694 5188/6661 5187/6660
f 5216/6694 5187/6660 5217/6695
f 5216/6694 5218/6696 5219/6697
f 5216/6694 5219/6697 5215/6693
f 5220/6698 5218/6696 5216/6694
f 5220/6698 5216/6694 5217/6695
f 5219/6697 5221/6699 5214/6692
f 5219/6697 5214/6692 5215/6693
f 5213/6691 5212/6690 5214/6692
f 5213/6691 5214/6692 5222/6700
f 5214/6692 5221/6699 5223/6701
f 5214/6692 5223/6701 5222/6700
f 5213/6691 5224/6702 5225/6703
f 5213/6691 5225/6703 5211/6689
f 5226/6704 5224/6702 5213/6691
f 5226/6704 5213/6691 5222/6700
f 5225/6703 5227/6705 5210/6688
f 5225/6703 5210/6688 5211/6689
f 5210/6688 5227/6705 5228/6706
f 5210/6688 5228/6706 5209/6687
f 5228/6706 5229/6707 5208/6686
f 5228/6706 5208/6686 5209/6687
f 5208/6686 5229/6707 5230/6708
f 5208/6686 5230/6708 5207/6685
f 5230/6708 5231/6709 5206/6684
f 5230/6708 5206/6684 5207/6685
f 5206/6684 5231/6709 5205/6680
f 5206/6684 5205/6680 5204/6683
f 5205/6680 5231/6709 5232/6710
f 5205/6680 5232/6710 5233/6711
f 5234/6712 5203/6681 5205/6680
f 5234/6712 5205/6680 5233/6711
f 5232/6710 5231/6709 5230/6708
f 5232/6710 5230/6708 5235/6713
f 5230/6708 5229/6707 5236/6714
f 5230/6708 5236/6714 5235/6713
f 5236/6714 5229/6707 5228/6706
f 5236/6714 5228/6706 5237/6715
f 5228/6706 5227/6705 5238/6716
f 5228/6706 5238/6716 5237/6715
f 5238/6716 5227/6705 5225/6703
f 5238/6716 5225/6703 5239/6717
f 5225/6703 5224/6702 5240/6718
f 5225/6703 5240/6718 5239/6717
f 5240/6718 5224/6702 5226/6704
f 5240/6718 5226/6704 5241/6719
f 5226/6704 5242/6720 5243/6721
f 5226/6704 5243/6721 5241/6719
f 5223/6701 5242/6720 5226/6704
f 5223/6701 5226/6704 5222/6700
f 5244/6722 5242/6720 5223/6701
f 5244/6722 5223/6701 5245/6723
f 5223/6701 5221/6699 5246/6724
f 5223/6701 5246/6724 5245/6723
f 5246/6724 5221/6699 5219/6697
f 5246/6724 5219/6697 5247/6725
f 5219/6697 5218/6696 5248/6726
f 5219/6697 5248/6726 5247/6725
f 5136/6727 5249/6728 5246/6724
f 5136/6727 5246/6724 5247/6725
f 5248/6726 5134/6597 5136/6727
f 5248/6726 5136/6727 5247/6725
f 5246/6724 5249/6728 5250/6729
f 5246/6724 5250/6729 5245/6723
f 5250/6730 5251/6731 5244/6732
f 5250/6730 5244/6732 5245/6733
f 5243/6721 5242/6720 5244/6722
f 5243/6721 5244/6722 5252/6734
f 5244/6732 5251/6731 5253/6735
f 5244/6732 5253/6735 5252/6736
f 5243/6737 5254/6738 5255/6739
f 5243/6737 5255/6739 5241/6740
f 5256/6741 5254/6738 5243/6737
f 5256/6741 5243/6737 5252/6736
f 5255/6742 5257/6743 5240/6718
f 5255/6742 5240/6718 5241/6719
f 5240/6718 5257/6743 5258/6744
f 5240/6718 5258/6744 5239/6717
f 5258/6744 5259/6745 5238/6716
f 5258/6744 5238/6716 5239/6717
f 5238/6716 5259/6745 5260/6746
f 5238/6716 5260/6746 5237/6715
f 5260/6746 5261/6747 5236/6714
f 5260/6746 5236/6714 5237/6715
f 5236/6714 5261/6747 5262/6748
f 5236/6714 5262/6748 5235/6713
f 5262/6748 5263/6749 5232/6710
f 5262/6748 5232/6710 5235/6713
f 5264/6750 5263/6749 5262/6748
f 5264/6750 5262/6748 5265/6751
f 5262/6748 5261/6747 5266/6752
f 5262/6748 5266/6752 5265/6751
f 5266/6752 5261/6747 5260/6746
f 5266/6752 5260/6746 5267/6753
f 5260/6746 5259/6745 5268/6754
f 5260/6746 5268/6754 5267/6753
f 5268/6754 5259/6745 5258/6744
f 5268/6754 5258/6744 5269/6755
f 5258/6744 5257/6743 5270/6756
f 5258/6744 5270/6756 5269/6755
f 5270/6757 5257/6758 5255/6739
f 5270/6757 5255/6739 5271/6759
f 5255/6739 5254/6738 5272/6760
f 5255/6739 5272/6760 5271/6759
f 5272/6760 5254/6738 5256/6741
f 5272/6760 5256/6741 5273/6761
f 5253/6735 5274/6762 5256/6741
f 5253/6735 5256/6741 5252/6736
f 5256/6741 5274/6762 5275/6763
f 5256/6741 5275/6763 5273/6761
f 5276/6764 5274/6762 5253/6735
f 5276/6764 5253/6735 5277/6765
f 5253/6735 5251/6731 5278/6766
f 5253/6735 5278/6766 5277/6765
f 5278/6766 5251/6731 5250/6730
f 5278/6766 5250/6730 5279/6767
f 5278/6766 5280/6768 5281/6769
f 5278/6766 5281/6769 5277/6765
f 5129/6590 5280/6768 5278/6766
f 5129/6590 5278/6766 5279/6767
f 5281/6769 5282/6770 5276/6764
f 5281/6769 5276/6764 5277/6765
f 5275/6763 5274/6762 5276/6764
f 5275/6763 5276/6764 5283/6771
f 5276/6764 5282/6770 5284/6772
f 5276/6764 5284/6772 5283/6771
f 5275/6763 5285/6773 5286/6774
f 5275/6763 5286/6774 5273/6761
f 5287/6775 5285/6773 5275/6763
f 5287/6775 5275/6763 5283/6771
f 5286/6774 5288/6776 5272/6760
f 5286/6774 5272/6760 5273/6761
f 5272/6760 5288/6776 5289/6777
f 5272/6760 5289/6777 5271/6759
f 5289/6777 5290/6778 5270/6757
f 5289/6777 5270/6757 5271/6759
f 5270/6757 5290/6778 5291/6779
f 5270/6757 5291/6779 5269/6780
f 5291/6781 5292/6782 5268/6754
f 5291/6781 5268/6754 5269/6755
f 5268/6754 5292/6782 5293/6783
f 5268/6754 5293/6783 5267/6753
f 5293/6783 5294/6784 5266/6752
f 5293/6783 5266/6752 5267/6753
f 5266/6752 5294/6784 5295/6785
f 5266/6752 5295/6785 5265/6751
f 5296/6786 5294/6784 5293/6783
f 5296/6786 5293/6783 5297/6787
f 5295/6788 5294/6789 5296/6790
f 5295/6788 5296/6790 5298/6791
f 5293/6792 5292/6793 5299/6794
f 5293/6792 5299/6794 5297/6795
f 5299/6796 5292/6782 5291/6781
f 5299/6796 5291/6781 5300/6797
f 5291/6779 5290/6778 5301/6798
f 5291/6779 5301/6798 5300/6799
f 5301/6798 5290/6778 5289/6777
f 5301/6798 5289/6777 5302/6800
f 5289/6777 5288/6776 5303/6801
f 5289/6777 5303/6801 5302/6800
f 5303/6801 5288/6776 5286/6774
f 5303/6801 5286/6774 5304/6802
f 5286/6774 5285/6773 5305/6803
f 5286/6774 5305/6803 5304/6802
f 5305/6803 5285/6773 5287/6775
f 5305/6803 5287/6775 5306/6804
f 5287/6775 5307/6805 5130/6591
f 5287/6775 5130/6591 5306/6804
f 5284/6772 5307/6805 5287/6775
f 5284/6772 5287/6775 5283/6771
f 5130/6591 5308/6806 5309/6807
f 5130/6591 5309/6807 5306/6804
f 5309/6807 5310/6808 5305/6803
f 5309/6807 5305/6803 5306/6804
f 5305/6803 5310/6808 5311/6809
f 5305/6803 5311/6809 5304/6802
f 5311/6809 5312/6810 5303/6801
f 5311/6809 5303/6801 5304/6802
f 5303/6801 5312/6810 5313/6811
f 5303/6801 5313/6811 5302/6800
f 5313/6811 5314/6812 5301/6798
f 5313/6811 5301/6798 5302/6800
f 5301/6798 5314/6812 5315/6813
f 5301/6798 5315/6813 5300/6799
f 5315/6813 5316/6814 5299/6794
f 5315/6813 5299/6794 5300/6799
f 5299/6794 5316/6814 5317/6815
f 5299/6794 5317/6815 5297/6795
f 5317/6815 5318/6816 5296/6790
f 5317/6815 5296/6790 5297/6795
f 5296/6790 5318/6816 5319/6817
f 5296/6790 5319/6817 5298/6791
f 5319/6817 5320/6818 5321/6819
f 5319/6817 5321/6819 5298/6791
f 5321/6820 5322/6821 5295/6822
f 5321/6820 5295/6822 5298/6823
f 5295/6822 5322/6821 5264/6824
f 5295/6822 5264/6824 5265/6825
f 5323/6826 5322/6821 5321/6820
f 5323/6826 5321/6820 5324/6827
f 5264/6824 5322/6821 5323/6826
f 5264/6824 5323/6826 5325/6828
f 5321/6819 5320/6818 5326/6829
f 5321/6819 5326/6829 5324/6830
f 5327/6831 5320/6818 5319/6817
f 5327/6831 5319/6817 5328/6832
f 5326/6829 5320/6818 5327/6831
f 5326/6829 5327/6831 5329/6833
f 5319/6817 5318/6816 5330/6834
f 5319/6817 5330/6834 5328/6832
f 5330/6834 5318/6816 5317/6815
f 5330/6834 5317/6815 5331/6835
f 5317/6815 5316/6814 5332/6836
f 5317/6815 5332/6836 5331/6835
f 5332/6836 5316/6814 5315/6813
f 5332/6836 5315/6813 5333/6837
f 5315/6813 5314/6812 5334/6838
f 5315/6813 5334/6838 5333/6837
f 5334/6838 5314/6812 5313/6811
f 5334/6838 5313/6811 5335/6839
f 5313/6811 5312/6810 5336/6840
f 5313/6811 5336/6840 5335/6839
f 5336/6840 5312/6810 5311/6809
f 5336/6840 5311/6809 5337/6841
f 5311/6809 5310/6808 5338/6842
f 5311/6809 5338/6842 5337/6841
f 5339/6843 5340/6844 5336/6840
f 5339/6843 5336/6840 5337/6841
f 5338/6842 5341/6845 5339/6843
f 5338/6842 5339/6843 5337/6841
f 5336/6840 5340/6844 5342/6846
f 5336/6840 5342/6846 5335/6839
f 5342/6846 5343/6847 5334/6838
f 5342/6846 5334/6838 5335/6839
f 5334/6838 5343/6847 5344/6848
f 5334/6838 5344/6848 5333/6837
f 5344/6848 5345/6849 5332/6836
f 5344/6848 5332/6836 5333/6837
f 5332/6836 5345/6849 5346/6850
f 5332/6836 5346/6850 5331/6835
f 5346/6850 5347/6851 5330/6834
f 5346/6850 5330/6834 5331/6835
f 5330/6834 5347/6851 5348/6852
f 5330/6834 5348/6852 5328/6832
f 5348/6852 5349/6853 5327/6831
f 5348/6852 5327/6831 5328/6832
f 5327/6831 5349/6853 5350/6854
f 5327/6831 5350/6854 5329/6833
f 5351/6855 5352/6856 5326/6829
f 5351/6855 5326/6829 5329/6833
f 5350/6854 5353/6857 5351/6855
f 5350/6854 5351/6855 5329/6833
f 5326/6829 5352/6856 5354/6858
f 5326/6829 5354/6858 5324/6830
f 5354/6859 5352/6860 5355/6861
f 5354/6859 5355/6861 5356/6862
f 5355/6861 5352/6860 5351/6863
f 5355/6861 5351/6863 5357/6864
f 5351/6863 5353/6865 5358/6866
f 5351/6863 5358/6866 5357/6864
f 5359/6867 5353/6857 5350/6854
f 5359/6867 5350/6854 5360/6868
f 5358/6869 5353/6857 5361/6870
f 5353/6857 5359/6867 5361/6870
f 5350/6854 5349/6853 5362/6871
f 5350/6854 5362/6871 5360/6868
f 5362/6871 5349/6853 5348/6852
f 5362/6871 5348/6852 5363/6872
f 5348/6852 5347/6851 5364/6873
f 5348/6852 5364/6873 5363/6872
f 5364/6873 5347/6851 5346/6850
f 5364/6873 5346/6850 5365/6874
f 5346/6850 5345/6849 5366/6875
f 5346/6850 5366/6875 5365/6874
f 5366/6875 5345/6849 5344/6848
f 5366/6875 5344/6848 5367/6876
f 5344/6848 5343/6847 5368/6877
f 5344/6848 5368/6877 5367/6876
f 5368/6877 5343/6847 5342/6846
f 5368/6877 5342/6846 5369/6878
f 5342/6846 5340/6844 5370/6879
f 5342/6846 5370/6879 5369/6878
f 5370/6879 5371/6880 5372/6881
f 5370/6879 5372/6881 5369/6878
f 5372/6881 5373/6882 5368/6877
f 5372/6881 5368/6877 5369/6878
f 5368/6877 5373/6882 5374/6883
f 5368/6877 5374/6883 5367/6876
f 5374/6883 5375/6884 5366/6875
f 5374/6883 5366/6875 5367/6876
f 5366/6875 5375/6884 5376/6885
f 5366/6875 5376/6885 5365/6874
f 5376/6885 5377/6886 5364/6873
f 5376/6885 5364/6873 5365/6874
f 5364/6873 5377/6886 5378/6887
f 5364/6873 5378/6887 5363/6872
f 5378/6887 5379/6888 5362/6871
f 5378/6887 5362/6871 5363/6872
f 5362/6871 5379/6888 5380/6889
f 5362/6871 5380/6889 5360/6868
f 5380/6889 5381/6890 5359/6867
f 5380/6889 5359/6867 5360/6868
f 5359/6867 5381/6890 5382/6891
f 5359/6867 5382/6891 5361/6870
f 5382/6891 5145/6617 5144/6892
f 5382/6891 5144/6892 5361/6870
f 5144/6609 5383/6893 5358/6866
f 5144/6609 5358/6866 5361/6894
f 5358/6866 5383/6893 5147/6612
f 5358/6866 5147/6612 5357/6864
f 5147/6612 5149/6614 5355/6861
f 5147/6612 5355/6861 5357/6864
f 5147/6612 5383/6893 5144/6609
f 5355/6861 5149/6614 5384/6895
f 5355/6861 5384/6895 5356/6862
f 5385/6896 5384/6895 5149/6614
f 5150/6615 5385/6896 5149/6614
f 5384/6895 5385/6896 5386/6897
f 5384/6895 5386/6897 5356/6862
f 5386/6897 5387/6898 5354/6859
f 5386/6897 5354/6859 5356/6862
f 5386/6897 5385/6896 5150/6615
f 5386/6897 5150/6615 5388/6899
f 5389/6900 5387/6898 5386/6897
f 5389/6900 5386/6897 5388/6899
f 5390/6901 5391/6902 5150/6615
f 5173/6644 5390/6901 5150/6615
f 5150/6615 5391/6902 5392/6903
f 5150/6615 5392/6903 5388/6899
f 5392/6903 5393/6904 5389/6900
f 5392/6903 5389/6900 5388/6899
f 5389/6900 5393/6904 5394/6905
f 5389/6900 5394/6905 5325/6828
f 5323/6826 5387/6898 5389/6900
f 5323/6826 5389/6900 5325/6828
f 5354/6859 5387/6898 5323/6826
f 5354/6859 5323/6826 5324/6827
f 5394/6906 5263/6749 5264/6750
f 5394/6906 5264/6750 5325/6907
f 5232/6710 5263/6749 5394/6906
f 5232/6710 5394/6906 5233/6711
f 5394/6905 5393/6904 5234/6908
f 5394/6905 5234/6908 5233/6909
f 5234/6908 5393/6904 5392/6903
f 5234/6908 5392/6903 5395/6910
f 5392/6903 5391/6902 5390/6901
f 5392/6903 5390/6901 5395/6910
f 5390/6901 5173/6644 5202/6676
f 5390/6901 5202/6676 5395/6910
f 5202/6676 5203/6677 5234/6908
f 5202/6676 5234/6908 5395/6910
f 5145/6617 5382/6891 5381/6890
f 5124/6585 5145/6617 5381/6890
f 5124/6585 5381/6890 5380/6889
f 5396/6911 5125/6586 5124/6585
f 5397/6912 5396/6911 5124/6585
f 5371/6880 5397/6912 5124/6585
f 5124/6585 5380/6889 5379/6888
f 5371/6880 5124/6585 5379/6888
f 5397/6912 5398/6913 5396/6911
f 5399/6914 5125/6586 5396/6911
f 5399/6914 5396/6911 5400/6915
f 5396/6911 5398/6913 5401/6916
f 5396/6911 5401/6916 5400/6915
f 5125/6586 5399/6914 5126/6587
f 5402/6917 5126/6587 5399/6914
f 5402/6917 5399/6914 5400/6915
f 5401/6916 5341/6845 5400/6915
f 5341/6845 5402/6917 5400/6915
f 5401/6916 5398/6913 5397/6912
f 5401/6916 5397/6912 5403/6918
f 5339/6843 5341/6845 5401/6916
f 5339/6843 5401/6916 5403/6918
f 5397/6912 5371/6880 5370/6879
f 5397/6912 5370/6879 5403/6918
f 5378/6887 5372/6881 5371/6880
f 5379/6888 5378/6887 5371/6880
f 5378/6887 5377/6886 5376/6885
f 5378/6887 5376/6885 5372/6881
f 5374/6883 5373/6882 5372/6881
f 5376/6885 5374/6883 5372/6881
f 5376/6885 5375/6884 5374/6883
f 5370/6879 5340/6844 5339/6843
f 5370/6879 5339/6843 5403/6918
f 5402/6917 5341/6845 5338/6842
f 5402/6917 5338/6842 5404/6919
f 5128/6589 5126/6587 5402/6917
f 5128/6589 5402/6917 5404/6919
f 5338/6842 5310/6808 5309/6807
f 5338/6842 5309/6807 5404/6919
f 5309/6807 5308/6806 5128/6589
f 5309/6807 5128/6589 5404/6919
f 5128/6589 5308/6806 5130/6591
f 5130/6591 5307/6805 5284/6772
f 5130/6591 5284/6772 5129/6590
f 5284/6772 5282/6770 5281/6769
f 5284/6772 5281/6769 5280/6768
f 5284/6772 5280/6768 5129/6590
f 5405/6920 5127/6588 5129/6590
f 5405/6920 5129/6590 5279/6767
f 5250/6730 5249/6921 5405/6920
f 5250/6730 5405/6920 5279/6767
f 5132/6594 5127/6588 5405/6920
f 5132/6594 5405/6920 5133/6595
f 5405/6920 5249/6921 5136/6599
f 5405/6920 5136/6599 5133/6595
f 5135/6598 5134/6597 5248/6726
f 5135/6598 5248/6726 5406/6922
f 5407/6923 5137/6601 5135/6598
f 5407/6923 5135/6598 5406/6922
f 5248/6726 5218/6696 5220/6698
f 5248/6726 5220/6698 5406/6922
f 5220/6698 5408/6924 5407/6923
f 5220/6698 5407/6923 5406/6922
f 5137/6601 5407/6923 5408/6924
f 5137/6601 5408/6924 5161/6629
f 5161/6629 5408/6924 5220/6698
f 5161/6629 5220/6698 5217/6695
f 5187/6660 5186/6659 5161/6629
f 5187/6660 5161/6629 5217/6695
f 5409/6925 5410/6926 5411/6927
f 5412/6928 5409/6925 5411/6927
f 5413/6929 5410/6926 5409/6925
f 5413/6929 5409/6925 5414/6930
f 5409/6925 5412/6928 5415/6931
f 5409/6925 5415/6931 5414/6930
f 5416/6932 5411/6933 5410/6934
f 5416/6932 5410/6934 5413/6935
f 5411/6927 5417/6936 5418/6937
f 5411/6927 5418/6937 5419/6938
f 5420/6939 5412/6928 5411/6927
f 5411/6927 5419/6938 5421/6940
f 5422/6941 5420/6939 5411/6927
f 5411/6927 5421/6940 5422/6941
f 5416/6942 5423/6943 5417/6936
f 5416/6942 5417/6936 5411/6927
f 5420/6939 5424/6944 5412/6928
f 5415/6931 5412/6928 5424/6944
f 5415/6931 5424/6944 5425/6945
f 5415/6931 5426/6946 5414/6930
f 5426/6946 5427/6947 5414/6930
f 5428/6948 5426/6946 5415/6931
f 5428/6948 5415/6931 5425/6945
f 5427/6947 5429/6949 5413/6929
f 5427/6947 5413/6929 5414/6930
f 5413/6929 5429/6949 5430/6950
f 5413/6929 5430/6950 5431/6951
f 5432/6952 5416/6932 5413/6935
f 5413/6929 5431/6951 5433/6953
f 5432/6954 5413/6929 5433/6953
f 5423/6955 5416/6932 5434/6956
f 5432/6952 5434/6956 5416/6932
f 5423/6955 5434/6956 5435/6957
f 5436/6958 5437/6959 5423/6955
f 5423/6955 5435/6957 5438/6960
f 5439/6961 5436/6958 5423/6955
f 5423/6955 5438/6960 5440/6962
f 5440/6962 5439/6961 5423/6955
f 5417/6963 5423/6955 5437/6959
f 5434/6964 5441/6965 5435/6966
f 5441/6965 5434/6964 5432/6954
f 5441/6965 5432/6954 5442/6967
f 5443/6968 5444/6969 5432/6954
f 5445/6970 5443/6968 5432/6954
f 5433/6953 5445/6970 5432/6954
f 5432/6954 5444/6969 5446/6971
f 5432/6954 5446/6971 5442/6967
f 5447/6972 5448/6973 5433/6953
f 5431/6951 5447/6972 5433/6953
f 5433/6953 5449/6974 5445/6970
f 5450/6975 5433/6953 5448/6973
f 5450/6975 5448/6973 5451/6976
f 5449/6974 5433/6953 5450/6975
f 5449/6974 5450/6975 5452/6977
f 5431/6951 5453/6978 5447/6972
f 5454/6979 5431/6951 5430/6950
f 5454/6979 5430/6950 5455/6980
f 5453/6978 5431/6951 5454/6979
f 5453/6978 5454/6979 5456/6981
f 5430/6950 5429/6949 5427/6947
f 5430/6950 5427/6947 5455/6980
f 5427/6947 5426/6946 5457/6982
f 5427/6947 5457/6982 5455/6980
f 5457/6982 5458/6983 5454/6979
f 5457/6982 5454/6979 5455/6980
f 5454/6979 5458/6983 5459/6984
f 5454/6979 5459/6984 5456/6981
f 5460/6985 5447/6972 5453/6978
f 5460/6985 5453/6978 5456/6981
f 5459/6984 5461/6986 5460/6985
f 5459/6984 5460/6985 5456/6981
f 5448/6973 5447/6972 5460/6985
f 5448/6973 5460/6985 5451/6976
f 5462/6987 5463/6988 5450/6975
f 5462/6987 5450/6975 5451/6976
f 5460/6985 5461/6986 5462/6987
f 5460/6985 5462/6987 5451/6976
f 5450/6975 5463/6988 5464/6989
f 5450/6975 5464/6989 5452/6977
f 5465/6990 5466/6991 5449/6974
f 5465/6990 5449/6974 5452/6977
f 5464/6989 5467/6992 5465/6990
f 5464/6989 5465/6990 5452/6977
f 5449/6974 5466/6991 5445/6970
f 5445/6970 5468/6993 5443/6968
f 5469/6994 5468/6993 5445/6970
f 5469/6994 5445/6970 5470/6995
f 5445/6970 5466/6991 5465/6990
f 5445/6970 5465/6990 5470/6995
f 5446/6971 5444/6969 5443/6968
f 5446/6971 5443/6968 5471/6996
f 5443/6968 5468/6993 5469/6994
f 5443/6968 5469/6994 5471/6996
f 5446/6971 5472/6997 5442/6967
f 5472/6997 5473/6998 5442/6967
f 5474/6999 5472/6997 5446/6971
f 5474/6999 5446/6971 5471/6996
f 5469/6994 5475/7000 5474/6999
f 5469/6994 5474/6999 5471/6996
f 5476/7001 5475/7000 5469/6994
f 5476/7001 5469/6994 5470/6995
f 5465/6990 5467/6992 5476/7001
f 5465/6990 5476/7001 5470/6995
f 5477/7002 5467/6992 5464/6989
f 5477/7002 5464/6989 5478/7003
f 5476/7004 5467/7005 5477/7006
f 5476/7004 5477/7006 5479/7007
f 5464/6989 5463/6988 5480/7008
f 5464/6989 5480/7008 5478/7003
f 5480/7008 5463/6988 5462/6987
f 5480/7008 5462/6987 5481/7009
f 5462/6987 5461/6986 5482/7010
f 5462/6987 5482/7010 5481/7009
f 5482/7010 5461/6986 5459/6984
f 5482/7010 5459/6984 5483/7011
f 5459/6984 5458/6983 5484/7012
f 5459/6984 5484/7012 5483/7011
f 5484/7012 5458/6983 5457/6982
f 5484/7012 5457/6982 5485/7013
f 5457/6982 5426/6946 5428/6948
f 5457/6982 5428/6948 5485/7013
f 5428/6948 5486/7014 5487/7015
f 5428/6948 5487/7015 5485/7013
f 5487/7015 5488/7016 5484/7012
f 5487/7015 5484/7012 5485/7013
f 5484/7012 5488/7016 5489/7017
f 5484/7012 5489/7017 5483/7011
f 5489/7017 5490/7018 5482/7010
f 5489/7017 5482/7010 5483/7011
f 5482/7010 5490/7018 5491/7019
f 5482/7010 5491/7019 5481/7009
f 5491/7019 5492/7020 5480/7008
f 5491/7019 5480/7008 5481/7009
f 5480/7008 5492/7020 5493/7021
f 5480/7008 5493/7021 5478/7003
f 5493/7021 5494/7022 5477/7002
f 5493/7021 5477/7002 5478/7003
f 5477/7006 5494/7023 5495/7024
f 5477/7006 5495/7024 5479/7007
f 5495/7024 5496/7025 5497/7026
f 5495/7024 5497/7026 5479/7007
f 5497/7026 5475/7027 5476/7004
f 5497/7026 5476/7004 5479/7007
f 5474/7028 5475/7027 5497/7026
f 5474/7028 5497/7026 5498/7029
f 5499/7030 5472/7031 5474/7028
f 5499/7030 5474/7028 5498/7029
f 5473/7032 5472/7031 5499/7030
f 5473/7032 5499/7030 5500/7033
f 5499/7030 5501/7034 5502/7035
f 5499/7030 5502/7035 5500/7033
f 5503/7036 5501/7034 5499/7030
f 5503/7036 5499/7030 5498/7029
f 5497/7026 5496/7025 5503/7036
f 5497/7026 5503/7036 5498/7029
f 5503/7036 5496/7025 5504/7037
f 5503/7036 5504/7037 5505/7038
f 5504/7037 5496/7025 5495/7024
f 5504/7037 5495/7024 5506/7039
f 5495/7024 5494/7023 5507/7040
f 5495/7024 5507/7040 5506/7039
f 5507/7041 5494/7022 5493/7021
f 5507/7041 5493/7021 5508/7042
f 5493/7021 5492/7020 5509/7043
f 5493/7021 5509/7043 5508/7042
f 5509/7043 5492/7020 5491/7019
f 5509/7043 5491/7019 5510/7044
f 5491/7019 5490/7018 5511/7045
f 5491/7019 5511/7045 5510/7044
f 5511/7045 5490/7018 5489/7017
f 5511/7045 5489/7017 5512/7046
f 5489/7017 5488/7016 5513/7047
f 5489/7017 5513/7047 5512/7046
f 5513/7047 5488/7016 5487/7015
f 5513/7047 5487/7015 5514/7048
f 5487/7015 5486/7014 5515/7049
f 5487/7015 5515/7049 5514/7048
f 5516/7050 5517/7051 5513/7047
f 5516/7050 5513/7047 5514/7048
f 5515/7049 5518/7052 5516/7050
f 5515/7049 5516/7050 5514/7048
f 5513/7047 5517/7051 5519/7053
f 5513/7047 5519/7053 5512/7046
f 5519/7053 5520/7054 5511/7045
f 5519/7053 5511/7045 5512/7046
f 5511/7045 5520/7054 5521/7055
f 5511/7045 5521/7055 5510/7044
f 5521/7055 5522/7056 5509/7043
f 5521/7055 5509/7043 5510/7044
f 5509/7043 5522/7056 5523/7057
f 5509/7043 5523/7057 5508/7042
f 5523/7057 5524/7058 5507/7041
f 5523/7057 5507/7041 5508/7042
f 5507/7040 5524/7059 5525/7060
f 5507/7040 5525/7060 5506/7039
f 5525/7060 5526/7061 5504/7037
f 5525/7060 5504/7037 5506/7039
f 5504/7037 5526/7061 5527/7062
f 5504/7037 5527/7062 5505/7038
f 5528/7063 5501/7034 5503/7036
f 5528/7063 5503/7036 5505/7038
f 5527/7062 5529/7064 5528/7063
f 5527/7062 5528/7063 5505/7038
f 5502/7035 5501/7034 5528/7063
f 5502/7035 5528/7063 5530/7065
f 5528/7063 5529/7064 5531/7066
f 5528/7063 5531/7066 5530/7065
f 5532/7067 5529/7064 5527/7062
f 5532/7067 5527/7062 5533/7068
f 5531/7066 5529/7064 5532/7067
f 5531/7066 5532/7067 5534/7069
f 5527/7062 5526/7061 5535/7070
f 5527/7062 5535/7070 5533/7068
f 5535/7070 5526/7061 5525/7060
f 5535/7070 5525/7060 5536/7071
f 5525/7060 5524/7059 5537/7072
f 5525/7060 5537/7072 5536/7071
f 5537/7073 5524/7058 5523/7057
f 5537/7073 5523/7057 5538/7074
f 5523/7057 5522/7056 5539/7075
f 5523/7057 5539/7075 5538/7074
f 5539/7075 5522/7056 5521/7055
f 5539/7075 5521/7055 5540/7076
f 5521/7055 5520/7054 5541/7077
f 5521/7055 5541/7077 5540/7076
f 5541/7077 5520/7054 5519/7053
f 5541/7077 5519/7053 5542/7078
f 5519/7053 5517/7051 5543/7079
f 5519/7053 5543/7079 5542/7078
f 5543/7079 5517/7051 5516/7050
f 5543/7079 5516/7050 5544/7080
f 5516/7050 5518/7052 5545/7081
f 5516/7050 5545/7081 5544/7080
f 5546/7082 5518/7052 5515/7049
f 5546/7082 5515/7049 5547/7083
f 5545/7081 5518/7052 5546/7082
f 5545/7081 5546/7082 5548/7084
f 5545/7081 5549/7085 5550/7086
f 5545/7081 5550/7086 5544/7080
f 5551/7087 5549/7085 5545/7081
f 5551/7087 5545/7081 5548/7084
f 5550/7086 5552/7088 5543/7079
f 5550/7086 5543/7079 5544/7080
f 5543/7079 5552/7088 5553/7089
f 5543/7079 5553/7089 5542/7078
f 5553/7089 5554/7090 5541/7077
f 5553/7089 5541/7077 5542/7078
f 5541/7077 5554/7090 5555/7091
f 5541/7077 5555/7091 5540/7076
f 5555/7091 5556/7092 5539/7075
f 5555/7091 5539/7075 5540/7076
f 5539/7075 5556/7092 5557/7093
f 5539/7075 5557/7093 5538/7074
f 5557/7093 5558/7094 5537/7073
f 5557/7093 5537/7073 5538/7074
f 5537/7072 5558/7095 5559/7096
f 5537/7072 5559/7096 5536/7071
f 5559/7096 5560/7097 5535/7070
f 5559/7096 5535/7070 5536/7071
f 5535/7070 5560/7097 5561/7098
f 5535/7070 5561/7098 5533/7068
f 5561/7098 5562/7099 5532/7067
f 5561/7098 5532/7067 5533/7068
f 5563/7100 5562/7099 5561/7098
f 5563/7100 5561/7098 5564/7101
f 5561/7098 5560/7097 5565/7102
f 5561/7098 5565/7102 5564/7101
f 5565/7102 5560/7097 5559/7096
f 5565/7102 5559/7096 5566/7103
f 5559/7096 5558/7095 5567/7104
f 5559/7096 5567/7104 5566/7103
f 5567/7105 5558/7094 5557/7093
f 5567/7105 5557/7093 5568/7106
f 5557/7093 5556/7092 5569/7107
f 5557/7093 5569/7107 5568/7106
f 5569/7107 5556/7092 5555/7091
f 5569/7107 5555/7091 5570/7108
f 5555/7091 5554/7090 5571/7109
f 5555/7091 5571/7109 5570/7108
f 5571/7109 5554/7090 5553/7089
f 5571/7109 5553/7089 5572/7110
f 5553/7089 5552/7088 5573/7111
f 5553/7089 5573/7111 5572/7110
f 5573/7111 5552/7088 5550/7086
f 5573/7111 5550/7086 5574/7112
f 5550/7086 5549/7085 5575/7113
f 5550/7086 5575/7113 5574/7112
f 5575/7113 5549/7085 5551/7087
f 5575/7113 5551/7087 5576/7114
f 5551/7087 5577/7115 5578/7116
f 5551/7087 5578/7116 5576/7114
f 5422/6941 5577/7115 5551/7087
f 5422/6941 5551/7087 5548/7084
f 5578/7116 5579/7117 5580/7118
f 5578/7116 5580/7118 5576/7114
f 5580/7118 5581/7119 5575/7113
f 5580/7118 5575/7113 5576/7114
f 5575/7113 5581/7119 5582/7120
f 5575/7113 5582/7120 5574/7112
f 5582/7120 5583/7121 5573/7111
f 5582/7120 5573/7111 5574/7112
f 5573/7111 5583/7121 5584/7122
f 5573/7111 5584/7122 5572/7110
f 5584/7122 5585/7123 5571/7109
f 5584/7122 5571/7109 5572/7110
f 5571/7109 5585/7123 5586/7124
f 5571/7109 5586/7124 5570/7108
f 5586/7124 5587/7125 5569/7107
f 5586/7124 5569/7107 5570/7108
f 5569/7107 5587/7125 5588/7126
f 5569/7107 5588/7126 5568/7106
f 5588/7126 5589/7127 5567/7105
f 5588/7126 5567/7105 5568/7106
f 5567/7104 5589/7128 5590/7129
f 5567/7104 5590/7129 5566/7103
f 5590/7129 5591/7130 5565/7102
f 5590/7129 5565/7102 5566/7103
f 5565/7102 5591/7130 5592/7131
f 5565/7102 5592/7131 5564/7101
f 5592/7131 5593/7132 5563/7100
f 5592/7131 5563/7100 5564/7101
f 5592/7131 5591/7130 5594/7133
f 5592/7131 5594/7133 5595/7134
f 5596/7135 5593/7132 5592/7131
f 5596/7135 5592/7131 5595/7134
f 5594/7133 5591/7130 5590/7129
f 5594/7133 5590/7129 5597/7136
f 5590/7129 5589/7128 5598/7137
f 5590/7129 5598/7137 5597/7136
f 5598/7138 5589/7127 5588/7126
f 5598/7138 5588/7126 5599/7139
f 5588/7126 5587/7125 5600/7140
f 5588/7126 5600/7140 5599/7139
f 5600/7140 5587/7125 5586/7124
f 5600/7140 5586/7124 5601/7141
f 5586/7124 5585/7123 5602/7142
f 5586/7124 5602/7142 5601/7141
f 5602/7142 5585/7123 5584/7122
f 5602/7142 5584/7122 5603/7143
f 5584/7122 5583/7121 5604/7144
f 5584/7122 5604/7144 5603/7143
f 5604/7144 5583/7121 5582/7120
f 5604/7144 5582/7120 5605/7145
f 5582/7120 5581/7119 5606/7146
f 5582/7120 5606/7146 5605/7145
f 5606/7146 5581/7119 5580/7118
f 5606/7146 5580/7118 5607/7147
f 5580/7118 5579/7117 5608/7148
f 5580/7118 5608/7148 5607/7147
f 5608/7148 5421/6940 5609/7149
f 5608/7148 5609/7149 5607/7147
f 5609/7149 5610/7150 5606/7146
f 5609/7149 5606/7146 5607/7147
f 5606/7146 5610/7150 5611/7151
f 5606/7146 5611/7151 5605/7145
f 5611/7151 5612/7152 5604/7144
f 5611/7151 5604/7144 5605/7145
f 5604/7144 5612/7152 5613/7153
f 5604/7144 5613/7153 5603/7143
f 5613/7153 5614/7154 5602/7142
f 5613/7153 5602/7142 5603/7143
f 5602/7142 5614/7154 5615/7155
f 5602/7142 5615/7155 5601/7141
f 5615/7155 5616/7156 5600/7140
f 5615/7155 5600/7140 5601/7141
f 5600/7140 5616/7156 5617/7157
f 5600/7140 5617/7157 5599/7139
f 5617/7157 5618/7158 5598/7138
f 5617/7157 5598/7138 5599/7139
f 5598/7137 5618/7159 5619/7160
f 5598/7137 5619/7160 5597/7136
f 5619/7160 5620/7161 5594/7133
f 5619/7160 5594/7133 5597/7136
f 5594/7133 5620/7161 5621/7162
f 5594/7133 5621/7162 5595/7134
f 5621/7162 5622/7163 5596/7135
f 5621/7162 5596/7135 5595/7134
f 5596/7135 5622/7163 5623/7164
f 5596/7135 5623/7164 5624/7165
f 5625/7166 5593/7132 5596/7135
f 5625/7166 5596/7135 5624/7165
f 5626/7167 5622/7163 5621/7162
f 5626/7167 5621/7162 5627/7168
f 5623/7164 5622/7163 5626/7167
f 5623/7164 5626/7167 5628/7169
f 5621/7162 5620/7161 5629/7170
f 5621/7162 5629/7170 5627/7168
f 5629/7170 5620/7161 5619/7160
f 5629/7170 5619/7160 5630/7171
f 5619/7160 5618/7159 5631/7172
f 5619/7160 5631/7172 5630/7171
f 5631/7173 5618/7158 5617/7157
f 5631/7173 5617/7157 5632/7174
f 5617/7157 5616/7156 5633/7175
f 5617/7157 5633/7175 5632/7174
f 5633/7175 5616/7156 5615/7155
f 5633/7175 5615/7155 5634/7176
f 5615/7155 5614/7154 5635/7177
f 5615/7155 5635/7177 5634/7176
f 5635/7177 5614/7154 5613/7153
f 5635/7177 5613/7153 5636/7178
f 5613/7153 5612/7152 5637/7179
f 5613/7153 5637/7179 5636/7178
f 5637/7179 5612/7152 5611/7151
f 5637/7179 5611/7151 5638/7180
f 5611/7151 5610/7150 5639/7181
f 5611/7151 5639/7181 5638/7180
f 5640/7182 5641/7183 5637/7179
f 5640/7182 5637/7179 5638/7180
f 5639/7181 5642/7184 5640/7182
f 5639/7181 5640/7182 5638/7180
f 5637/7179 5641/7183 5643/7185
f 5637/7179 5643/7185 5636/7178
f 5643/7185 5644/7186 5635/7177
f 5643/7185 5635/7177 5636/7178
f 5635/7177 5644/7186 5645/7187
f 5635/7177 5645/7187 5634/7176
f 5645/7187 5646/7188 5633/7175
f 5645/7187 5633/7175 5634/7176
f 5633/7175 5646/7188 5647/7189
f 5633/7175 5647/7189 5632/7174
f 5647/7189 5648/7190 5631/7173
f 5647/7189 5631/7173 5632/7174
f 5631/7172 5648/7191 5649/7192
f 5631/7172 5649/7192 5630/7171
f 5649/7192 5650/7193 5629/7170
f 5649/7192 5629/7170 5630/7171
f 5629/7170 5650/7193 5651/7194
f 5629/7170 5651/7194 5627/7168
f 5651/7194 5652/7195 5626/7167
f 5651/7194 5626/7167 5627/7168
f 5626/7167 5652/7195 5653/7196
f 5626/7167 5653/7196 5628/7169
f 5653/7196 5436/6958 5654/7197
f 5653/7196 5654/7197 5628/7169
f 5654/7197 5439/6961 5623/7164
f 5654/7197 5623/7164 5628/7169
f 5655/7198 5436/6958 5653/7196
f 5655/7198 5653/7196 5656/7199
f 5653/7196 5652/7195 5656/7199
f 5652/7195 5657/7200 5656/7199
f 5657/7200 5652/7195 5651/7194
f 5657/7200 5651/7194 5658/7201
f 5651/7194 5650/7193 5659/7202
f 5651/7194 5659/7202 5658/7201
f 5659/7202 5650/7193 5649/7192
f 5659/7202 5649/7192 5660/7203
f 5649/7192 5648/7191 5661/7204
f 5649/7192 5661/7204 5660/7203
f 5661/7204 5648/7191 5647/7205
f 5661/7204 5647/7205 5662/7206
f 5647/7189 5646/7188 5663/7207
f 5647/7189 5663/7207 5662/7208
f 5663/7207 5646/7188 5645/7187
f 5663/7207 5645/7187 5664/7209
f 5645/7187 5644/7186 5665/7210
f 5645/7187 5665/7210 5664/7209
f 5665/7210 5644/7186 5643/7185
f 5665/7210 5643/7185 5666/7211
f 5643/7185 5641/7183 5667/7212
f 5643/7185 5667/7212 5666/7211
f 5667/7212 5641/7183 5640/7182
f 5667/7212 5640/7182 5668/7213
f 5667/7212 5669/7214 5670/7215
f 5667/7212 5670/7215 5666/7211
f 5671/7216 5669/7214 5667/7212
f 5671/7216 5667/7212 5668/7213
f 5670/7215 5672/7217 5665/7210
f 5670/7215 5665/7210 5666/7211
f 5665/7210 5672/7217 5673/7218
f 5665/7210 5673/7218 5664/7209
f 5673/7219 5674/7220 5663/7221
f 5673/7219 5663/7221 5664/7222
f 5663/7221 5674/7220 5675/7223
f 5663/7221 5675/7223 5662/7206
f 5675/7223 5676/7224 5661/7204
f 5675/7223 5661/7204 5662/7206
f 5661/7204 5676/7224 5677/7225
f 5661/7204 5677/7225 5660/7203
f 5677/7225 5678/7226 5659/7202
f 5677/7225 5659/7202 5660/7203
f 5659/7202 5678/7226 5679/7227
f 5659/7202 5679/7227 5658/7201
f 5679/7227 5680/7228 5657/7200
f 5679/7227 5657/7200 5658/7201
f 5657/7200 5680/7228 5681/7229
f 5657/7200 5681/7229 5656/7199
f 5681/7229 5437/6959 5655/7198
f 5681/7229 5655/7198 5656/7199
f 5436/6958 5655/7198 5437/6959
f 5417/6963 5437/6959 5681/7229
f 5681/7229 5680/7228 5679/7227
f 5681/7229 5679/7227 5678/7226
f 5417/6963 5681/7229 5678/7226
f 5678/7226 5677/7225 5676/7224
f 5417/6963 5678/7226 5676/7224
f 5676/7224 5675/7223 5674/7220
f 5417/6963 5676/7224 5674/7220
f 5674/7220 5673/7219 5672/7230
f 5674/7220 5672/7230 5417/6963
f 5672/7217 5670/7215 5669/7214
f 5672/7230 5669/7231 5417/6963
f 5669/7214 5671/7216 5682/7232
f 5669/7231 5682/7233 5417/6963
f 5683/7234 5682/7232 5671/7216
f 5683/7234 5671/7216 5668/7213
f 5640/7182 5642/7184 5683/7234
f 5640/7182 5683/7234 5668/7213
f 5684/7235 5682/7232 5683/7234
f 5684/7235 5683/7234 5685/7236
f 5683/7234 5642/7184 5685/7236
f 5642/7184 5686/7237 5685/7236
f 5682/7233 5684/7238 5417/6963
f 5684/7238 5418/7239 5417/6963
f 5687/7240 5418/6937 5684/7235
f 5687/7240 5684/7235 5685/7236
f 5686/7237 5419/6938 5687/7240
f 5686/7237 5687/7240 5685/7236
f 5688/7241 5419/6938 5686/7237
f 5688/7241 5686/7237 5689/7242
f 5686/7237 5642/7184 5639/7181
f 5686/7237 5639/7181 5689/7242
f 5418/6937 5687/7240 5419/6938
f 5419/6938 5688/7241 5421/6940
f 5609/7149 5421/6940 5688/7241
f 5609/7149 5688/7241 5689/7242
f 5639/7181 5610/7150 5609/7149
f 5639/7181 5609/7149 5689/7242
f 5421/6940 5608/7148 5579/7117
f 5421/6940 5579/7117 5578/7116
f 5421/6940 5578/7116 5422/6941
f 5578/7116 5577/7115 5422/6941
f 5422/6941 5690/7243 5420/6939
f 5546/7082 5690/7243 5422/6941
f 5546/7082 5422/6941 5548/7084
f 5690/7243 5691/7244 5420/6939
f 5691/7244 5690/7243 5546/7082
f 5691/7244 5546/7082 5547/7083
f 5692/7245 5420/6939 5691/7244
f 5692/7245 5691/7244 5547/7083
f 5424/6944 5420/6939 5692/7245
f 5424/6944 5692/7245 5425/6945
f 5515/7049 5486/7014 5692/7245
f 5515/7049 5692/7245 5547/7083
f 5692/7245 5486/7014 5428/6948
f 5692/7245 5428/6948 5425/6945
f 5439/6961 5654/7197 5436/6958
f 5693/7246 5694/7247 5439/6961
f 5440/6962 5693/7246 5439/6961
f 5623/7164 5439/6961 5694/7247
f 5623/7164 5694/7247 5624/7165
f 5440/6962 5695/7248 5693/7246
f 5693/7246 5696/7249 5694/7247
f 5625/7166 5696/7249 5693/7246
f 5625/7166 5693/7246 5697/7250
f 5693/7246 5695/7248 5698/7251
f 5693/7246 5698/7251 5697/7250
f 5694/7247 5696/7249 5625/7166
f 5694/7247 5625/7166 5624/7165
f 5563/7100 5593/7132 5625/7166
f 5563/7100 5625/7166 5697/7250
f 5698/7251 5562/7099 5563/7100
f 5698/7251 5563/7100 5697/7250
f 5532/7067 5562/7099 5698/7251
f 5532/7067 5698/7251 5534/7069
f 5698/7251 5695/7248 5440/6962
f 5698/7251 5440/6962 5534/7069
f 5438/6960 5699/7252 5440/6962
f 5440/6962 5699/7252 5531/7066
f 5440/6962 5531/7066 5534/7069
f 5435/6957 5700/7253 5438/6960
f 5438/6960 5701/7254 5699/7252
f 5502/7035 5438/6960 5700/7253
f 5502/7035 5700/7253 5500/7033
f 5701/7254 5438/6960 5502/7035
f 5701/7254 5502/7035 5530/7065
f 5531/7066 5699/7252 5701/7254
f 5531/7066 5701/7254 5530/7065
f 5700/7253 5435/6957 5473/7032
f 5700/7253 5473/7032 5500/7033
f 5473/6998 5435/6966 5441/6965
f 5473/6998 5441/6965 5442/6967
s off
g pPipe5_phong4SG
v -0.352542 0.551166 -0.214229 1 1 1
v -0.355482 0.550232 -0.195073 1 1 1
v -0.345208 0.561714 -0.212114 1 1 1
v -0.348002 0.560827 -0.19391 1 1 1
v -0.352396 0.552454 -0.220592 1 1 1
v -0.345069 0.562939 -0.218161 1 1 1
v -0.354636 0.542184 -0.21578 1 1 1
v -0.357819 0.541173 -0.195039 1 1 1
v -0.354478 0.543579 -0.22267 1 1 1
v -0.357257 0.5509 -0.188873 1 1 1
v -0.349689 0.561462 -0.188017 1 1 1
v -0.359741 0.541896 -0.188325 1 1 1
v -0.315471 0.586373 -0.180731 1 1 1
v -0.313696 0.585705 -0.186932 1 1 1
v -0.310757 0.586639 -0.206087 1 1 1
v -0.31061 0.587927 -0.21245 1 1 1
v -0.353358 0.556418 -0.232925 1 1 1
v -0.345983 0.566706 -0.229881 1 1 1
v -0.311572 0.591891 -0.224782 1 1 1
v -0.35552 0.547871 -0.236023 1 1 1
v -0.352038 0.537122 -0.224201 1 1 1
v -0.352211 0.535599 -0.216679 1 1 1
v -0.353175 0.541807 -0.238779 1 1 1
v -0.355686 0.534495 -0.194035 1 1 1
v -0.357784 0.535285 -0.186706 1 1 1
v -0.36033 0.536654 -0.179607 1 1 1
v -0.362073 0.543151 -0.181823 1 1 1
v -0.359411 0.552058 -0.182868 1 1 1
v -0.351735 0.562563 -0.18231 1 1 1
v -0.317625 0.587532 -0.174726 1 1 1
v -0.304637 0.586321 -0.184677 1 1 1
v -0.306559 0.587044 -0.177963 1 1 1
v -0.308891 0.588298 -0.171461 1 1 1
v -0.301455 0.587332 -0.205417 1 1 1
v -0.301296 0.588727 -0.212307 1 1 1
v -0.302338 0.593019 -0.225661 1 1 1
v -0.348458 0.572109 -0.240722 1 1 1
v -0.314176 0.597576 -0.236189 1 1 1
v -0.305157 0.599175 -0.238011 1 1 1
v -0.355962 0.562103 -0.244331 1 1 1
v -0.358339 0.554027 -0.248374 1 1 1
v -0.356253 0.548528 -0.252263 1 1 1
v -0.347032 0.538968 -0.240794 1 1 1
v -0.345799 0.533889 -0.224992 1 1 1
v -0.350368 0.546253 -0.255411 1 1 1
v -0.345987 0.532238 -0.216838 1 1 1
v -0.349754 0.531042 -0.192292 1 1 1
v -0.352028 0.531898 -0.184346 1 1 1
v -0.354788 0.533382 -0.176651 1 1 1
v -0.365645 0.541377 -0.155763 1 1 1
v -0.370345 0.544029 -0.160338 1 1 1
v -0.371247 0.549906 -0.164173 1 1 1
v -0.367884 0.558297 -0.166567 1 1 1
v -0.359787 0.568492 -0.166819 1 1 1
v -0.326098 0.593771 -0.158425 1 1 1
v -0.318065 0.595054 -0.153811 1 1 1
v -0.303349 0.585027 -0.168505 1 1 1
v -0.300804 0.583657 -0.175604 1 1 1
v -0.313365 0.592402 -0.149236 1 1 1
v -0.298705 0.582868 -0.182933 1 1 1
v -0.29523 0.583972 -0.205576 1 1 1
v -0.295057 0.585494 -0.213098 1 1 1
v -0.296195 0.59018 -0.227676 1 1 1
v -0.299273 0.5969 -0.24116 1 1 1
v -0.318323 0.604767 -0.246237 1 1 1
v -0.309647 0.60696 -0.248891 1 1 1
v -0.304174 0.6054 -0.253037 1 1 1
v -0.352398 0.578942 -0.25027 1 1 1
v -0.357652 0.586941 -0.258157 1 1 1
v -0.323851 0.613183 -0.254536 1 1 1
v -0.315632 0.616073 -0.257876 1 1 1
v -0.310709 0.615349 -0.262846 1 1 1
v -0.3025 0.600615 -0.257924 1 1 1
v -0.297187 0.591401 -0.245049 1 1 1
v -0.309584 0.6114 -0.268557 1 1 1
v -0.29385 0.584116 -0.230432 1 1 1
v -0.292617 0.579037 -0.21463 1 1 1
v -0.292805 0.577386 -0.206475 1 1 1
v -0.296572 0.576189 -0.18193 1 1 1
v -0.298846 0.577045 -0.173984 1 1 1
v -0.301606 0.57853 -0.166289 1 1 1
v -0.312463 0.586524 -0.145401 1 1 1
v -0.321756 0.598238 -0.148742 1 1 1
v -0.317394 0.595878 -0.143702 1 1 1
v -0.316831 0.590293 -0.139403 1 1 1
v -0.329506 0.596711 -0.153744 1 1 1
v -0.337003 0.603713 -0.145775 1 1 1
v -0.329873 0.605819 -0.140114 1 1 1
v -0.326256 0.604154 -0.134282 1 1 1
v -0.326437 0.599264 -0.129191 1 1 1
v -0.320477 0.582145 -0.136622 1 1 1
v -0.330703 0.591696 -0.125751 1 1 1
v -0.315827 0.578133 -0.143007 1 1 1
v -0.304269 0.569622 -0.165244 1 1 1
v -0.301331 0.568042 -0.173436 1 1 1
v -0.298909 0.567131 -0.181895 1 1 1
v -0.294899 0.568405 -0.208026 1 1 1
v -0.294699 0.570162 -0.216707 1 1 1
v -0.296012 0.575569 -0.23353 1 1 1
v -0.299564 0.583325 -0.249091 1 1 1
v -0.30522 0.593134 -0.262798 1 1 1
v -0.312761 0.604615 -0.274118 1 1 1
v -0.318628 0.626369 -0.270214 1 1 1
v -0.318169 0.623345 -0.276544 1 1 1
v -0.321901 0.617332 -0.282621 1 1 1
v -0.320746 0.595385 -0.278639 1 1 1
v -0.330218 0.608565 -0.287451 1 1 1
v -0.31293 0.583485 -0.266906 1 1 1
v -0.307068 0.573319 -0.252701 1 1 1
v -0.303387 0.565281 -0.236573 1 1 1
v -0.302026 0.559677 -0.219138 1 1 1
v -0.302233 0.557856 -0.210141 1 1 1
v -0.306389 0.556536 -0.183059 1 1 1
v -0.308899 0.55748 -0.174292 1 1 1
v -0.311944 0.559118 -0.165802 1 1 1
v -0.323923 0.567939 -0.142755 1 1 1
v -0.328742 0.572096 -0.136137 1 1 1
v -0.339341 0.581995 -0.124871 1 1 1
v -0.336893 0.609859 -0.121689 1 1 1
v -0.341834 0.602975 -0.117764 1 1 1
v -0.350877 0.593685 -0.116594 1 1 1
v -0.362133 0.562646 -0.129312 1 1 1
v -0.373669 0.574336 -0.121035 1 1 1
v -0.351534 0.552748 -0.140579 1 1 1
v -0.346715 0.54859 -0.147196 1 1 1
v -0.334736 0.539769 -0.170243 1 1 1
v -0.331691 0.538131 -0.178733 1 1 1
v -0.329182 0.537187 -0.1875 1 1 1
v -0.325026 0.538507 -0.214582 1 1 1
v -0.324819 0.540328 -0.223579 1 1 1
v -0.326179 0.545932 -0.241014 1 1 1
v -0.32986 0.55397 -0.257142 1 1 1
v -0.335722 0.564136 -0.271347 1 1 1
v -0.343538 0.576036 -0.28308 1 1 1
v -0.35301 0.589216 -0.291892 1 1 1
v -0.347006 0.557661 -0.270939 1 1 1
v -0.354547 0.569142 -0.28226 1 1 1
v -0.363686 0.581859 -0.290762 1 1 1
v -0.34135 0.547852 -0.257233 1 1 1
v -0.337798 0.540096 -0.241672 1 1 1
v -0.336485 0.534689 -0.224849 1 1 1
v -0.336685 0.532932 -0.216168 1 1 1
v -0.340695 0.531658 -0.190037 1 1 1
v -0.343116 0.532569 -0.181578 1 1 1
v -0.346054 0.534149 -0.173386 1 1 1
v -0.357612 0.54266 -0.151149 1 1 1
v -0.362262 0.546672 -0.144764 1 1 1
v -0.372489 0.556223 -0.133893 1 1 1
v -0.38362 0.567502 -0.125906 1 1 1
v -0.362912 0.60672 -0.11162 1 1 1
v -0.385705 0.587371 -0.116062 1 1 1
v -0.395232 0.58008 -0.121108 1 1 1
v -0.379618 0.554117 -0.139554 1 1 1
v -0.390074 0.564711 -0.132052 1 1 1
v -0.400982 0.576526 -0.127544 1 1 1
v -0.370013 0.545145 -0.149765 1 1 1
v -0.355682 0.555467 -0.268286 1 1 1
v -0.362765 0.566252 -0.278919 1 1 1
v -0.37135 0.578198 -0.286906 1 1 1
v -0.367689 0.566976 -0.273949 1 1 1
v -0.375609 0.577996 -0.281317 1 1 1
v -0.361154 0.557027 -0.26414 1 1 1
v -0.362828 0.561813 -0.259253 1 1 1
v -0.368814 0.570926 -0.268238 1 1 1
v -0.376068 0.58102 -0.274987 1 1 1
v -0.381103 0.590841 -0.291937 1 1 1
v -0.384606 0.589659 -0.285958 1 1 1
v -0.384309 0.591703 -0.279238 1 1 1
v -0.374069 0.595319 -0.296118 1 1 1
v -0.3853 0.609009 -0.298123 1 1 1
v -0.391653 0.6037 -0.29382 1 1 1
v -0.394337 0.601522 -0.287695 1 1 1
v -0.393223 0.602568 -0.280829 1 1 1
v -0.379947 0.596899 -0.272836 1 1 1
v -0.372336 0.587033 -0.26891 1 1 1
v -0.38818 0.606934 -0.274306 1 1 1
v -0.365636 0.57771 -0.262677 1 1 1
v -0.360108 0.569294 -0.254379 1 1 1
v -0.364019 0.5958 -0.26408 1 1 1
v -0.371252 0.605177 -0.267811 1 1 1
v -0.379076 0.614713 -0.269208 1 1 1
v -0.396715 0.616749 -0.273262 1 1 1
v -0.387187 0.62404 -0.268216 1 1 1
v -0.402465 0.613195 -0.279699 1 1 1
v -0.404426 0.613123 -0.286462 1 1 1
v -0.402589 0.616276 -0.292483 1 1 1
v -0.396943 0.622397 -0.296699 1 1 1
v -0.375411 0.617353 -0.29952 1 1 1
v -0.363771 0.603166 -0.297443 1 1 1
v -0.387478 0.631229 -0.298045 1 1 1
v -0.340979 0.622514 -0.293002 1 1 1
v -0.352618 0.636702 -0.29508 1 1 1
v -0.364686 0.650578 -0.293604 1 1 1
v -0.376721 0.663614 -0.288631 1 1 1
v -0.399513 0.644265 -0.293072 1 1 1
v -0.408556 0.634975 -0.291901 1 1 1
v -0.413497 0.628091 -0.287976 1 1 1
v -0.414489 0.624022 -0.282304 1 1 1
v -0.411682 0.623178 -0.275891 1 1 1
v -0.405227 0.625969 -0.269745 1 1 1
v -0.395277 0.632803 -0.264873 1 1 1
v -0.354929 0.652222 -0.265121 1 1 1
v -0.346394 0.642407 -0.266164 1 1 1
v -0.363442 0.661442 -0.261603 1 1 1
v -0.338161 0.632372 -0.264695 1 1 1
v -0.33055 0.622506 -0.260769 1 1 1
v -0.331127 0.63685 -0.268876 1 1 1
v -0.322887 0.626167 -0.264625 1 1 1
v -0.340042 0.647716 -0.270467 1 1 1
v -0.349283 0.658343 -0.269337 1 1 1
v -0.3585 0.668326 -0.265528 1 1 1
v -0.403032 0.64066 -0.259309 1 1 1
v -0.371602 0.66971 -0.255749 1 1 1
v -0.367335 0.677278 -0.259189 1 1 1
v -0.413387 0.634237 -0.26389 1 1 1
v -0.420517 0.632131 -0.269552 1 1 1
v -0.424134 0.633796 -0.275383 1 1 1
v -0.423953 0.638685 -0.280474 1 1 1
v -0.419687 0.646254 -0.283914 1 1 1
v -0.411049 0.655954 -0.284795 1 1 1
v -0.388257 0.675303 -0.280353 1 1 1
v -0.398856 0.685202 -0.269087 1 1 1
v -0.421648 0.665853 -0.273528 1 1 1
v -0.429914 0.655805 -0.273043 1 1 1
v -0.433559 0.647657 -0.270262 1 1 1
v -0.432996 0.642072 -0.265963 1 1 1
v -0.428634 0.639712 -0.260923 1 1 1
v -0.420884 0.641238 -0.255921 1 1 1
v -0.410156 0.647314 -0.251736 1 1 1
v -0.379098 0.676711 -0.247779 1 1 1
v -0.375452 0.684859 -0.250561 1 1 1
v -0.357509 0.672395 -0.271201 1 1 1
v -0.367154 0.682168 -0.26428 1 1 1
v -0.376016 0.690444 -0.25486 1 1 1
v -0.347446 0.661496 -0.275359 1 1 1
v -0.337357 0.649894 -0.276592 1 1 1
v -0.327625 0.638032 -0.274855 1 1 1
v -0.327921 0.635988 -0.281575 1 1 1
v -0.338471 0.648848 -0.283458 1 1 1
v -0.349408 0.661424 -0.282121 1 1 1
v -0.360316 0.673238 -0.277614 1 1 1
v -0.370772 0.683833 -0.270111 1 1 1
v -0.380378 0.692805 -0.2599 1 1 1
v -0.379143 0.688043 -0.245492 1 1 1
v -0.380045 0.693921 -0.249327 1 1 1
v -0.384745 0.696573 -0.253902 1 1 1
v -0.382507 0.679652 -0.243099 1 1 1
v -0.413395 0.650109 -0.247288 1 1 1
v -0.424292 0.644179 -0.25124 1 1 1
v -0.432325 0.642896 -0.255855 1 1 1
v -0.437025 0.645548 -0.26043 1 1 1
v -0.437927 0.651425 -0.264264 1 1 1
v -0.434563 0.659817 -0.266658 1 1 1
v -0.426467 0.670011 -0.26691 1 1 1
v -0.438446 0.678832 -0.243863 1 1 1
v -0.446122 0.668328 -0.244421 1 1 1
v -0.448784 0.65942 -0.243376 1 1 1
v -0.447041 0.652923 -0.241161 1 1 1
v -0.441499 0.649651 -0.238205 1 1 1
v -0.432765 0.650418 -0.23494 1 1 1
v -0.421447 0.656038 -0.231796 1 1 1
v -0.390979 0.685891 -0.226798 1 1 1
v -0.388317 0.694799 -0.227842 1 1 1
v -0.39006 0.701296 -0.230058 1 1 1
v -0.395602 0.704568 -0.233014 1 1 1
v -0.392778 0.69529 -0.258516 1 1 1
v -0.388128 0.691278 -0.264901 1 1 1
v -0.404336 0.703801 -0.236279 1 1 1
v -0.377901 0.681727 -0.275773 1 1 1
v -0.36677 0.670448 -0.283759 1 1 1
v -0.355158 0.65787 -0.288557 1 1 1
v -0.403675 0.68936 -0.262469 1 1 1
v -0.415654 0.698181 -0.239422 1 1 1
v -0.400637 0.706908 -0.217373 1 1 1
v -0.409695 0.706292 -0.219628 1 1 1
v -0.421208 0.700763 -0.222165 1 1 1
v -0.394704 0.703455 -0.21563 1 1 1
v -0.392571 0.696776 -0.214626 1 1 1
v -0.394908 0.687718 -0.214592 1 1 1
v -0.425181 0.657774 -0.220196 1 1 1
v -0.436694 0.652245 -0.222733 1 1 1
v -0.445753 0.651629 -0.224988 1 1 1
v -0.451685 0.655082 -0.226732 1 1 1
v -0.453818 0.66176 -0.227736 1 1 1
v -0.457585 0.660564 -0.20319 1 1 1
v -0.45516 0.653978 -0.204089 1 1 1
v -0.448936 0.650618 -0.204248 1 1 1
v -0.439633 0.651311 -0.203579 1 1 1
v -0.427974 0.656886 -0.201993 1 1 1
v -0.397848 0.686784 -0.195437 1 1 1
v -0.395754 0.695765 -0.193886 1 1 1
v -0.398179 0.702351 -0.192986 1 1 1
v -0.404403 0.705711 -0.192828 1 1 1
v -0.413705 0.705018 -0.193498 1 1 1
v -0.425365 0.699443 -0.195083 1 1 1
v -0.444001 0.681414 -0.226606 1 1 1
v -0.448157 0.680094 -0.199524 1 1 1
v -0.451481 0.670819 -0.22777 1 1 1
v -0.455491 0.669545 -0.201639 1 1 1
v -0.425571 0.697621 -0.186086 1 1 1
v -0.448364 0.678272 -0.190527 1 1 1
v -0.455691 0.667788 -0.192958 1 1 1
v -0.413905 0.703261 -0.184816 1 1 1
v -0.404591 0.704061 -0.184673 1 1 1
v -0.398352 0.700828 -0.185464 1 1 1
v -0.395912 0.694371 -0.186995 1 1 1
v -0.397994 0.685496 -0.189073 1 1 1
v -0.428113 0.655662 -0.195945 1 1 1
v -0.43978 0.650023 -0.197215 1 1 1
v -0.449094 0.649223 -0.197358 1 1 1
v -0.455333 0.652455 -0.196567 1 1 1
v -0.457773 0.658913 -0.195036 1 1 1
v -0.455132 0.650455 -0.171738 1 1 1
v -0.452896 0.644653 -0.175075 1 1 1
v -0.446862 0.642076 -0.177672 1 1 1
v -0.437719 0.643422 -0.179034 1 1 1
v -0.426155 0.649389 -0.178667 1 1 1
v -0.395933 0.678895 -0.170892 1 1 1
v -0.393681 0.687223 -0.167309 1 1 1
v -0.395916 0.693025 -0.163972 1 1 1
v -0.40195 0.695602 -0.161376 1 1 1
v -0.411093 0.694256 -0.160014 1 1 1
v -0.422657 0.688289 -0.160382 1 1 1
v -0.44545 0.66894 -0.164823 1 1 1
v -0.452879 0.658783 -0.168156 1 1 1
v -0.450826 0.654625 -0.160574 1 1 1
v -0.453203 0.646549 -0.164616 1 1 1
v -0.451118 0.64105 -0.168505 1 1 1
v -0.445233 0.638775 -0.171654 1 1 1
v -0.436214 0.640373 -0.173476 1 1 1
v -0.424725 0.646492 -0.173385 1 1 1
v -0.394428 0.675846 -0.165334 1 1 1
v -0.392051 0.683923 -0.161291 1 1 1
v -0.394137 0.689422 -0.157402 1 1 1
v -0.400022 0.691696 -0.154254 1 1 1
v -0.409041 0.690098 -0.152432 1 1 1
v -0.42053 0.683979 -0.152524 1 1 1
v -0.443322 0.66463 -0.156965 1 1 1
v -0.43746 0.654464 -0.142759 1 1 1
v -0.44517 0.644816 -0.146868 1 1 1
v -0.44789 0.637335 -0.151741 1 1 1
v -0.446216 0.63255 -0.156628 1 1 1
v -0.440743 0.63099 -0.160774 1 1 1
v -0.432068 0.633183 -0.163428 1 1 1
v -0.420784 0.639659 -0.163836 1 1 1
v -0.390282 0.668656 -0.155286 1 1 1
v -0.387562 0.676137 -0.150412 1 1 1
v -0.389236 0.680922 -0.145526 1 1 1
v -0.394708 0.682482 -0.141379 1 1 1
v -0.403384 0.680289 -0.138726 1 1 1
v -0.414668 0.673813 -0.138318 1 1 1
v -0.406852 0.661914 -0.126586 1 1 1
v -0.429644 0.642565 -0.131027 1 1 1
v -0.437629 0.633334 -0.135548 1 1 1
v -0.440806 0.62655 -0.141108 1 1 1
v -0.439681 0.622601 -0.146819 1 1 1
v -0.434758 0.621876 -0.151789 1 1 1
v -0.426539 0.624767 -0.15513 1 1 1
v -0.415531 0.63166 -0.155949 1 1 1
v -0.384754 0.66024 -0.146988 1 1 1
v -0.381576 0.667024 -0.141427 1 1 1
v -0.382701 0.670973 -0.135716 1 1 1
v -0.387625 0.671697 -0.130746 1 1 1
v -0.395843 0.668808 -0.127406 1 1 1
v -0.386704 0.65609 -0.118903 1 1 1
v -0.39738 0.648734 -0.117773 1 1 1
v -0.420172 0.629385 -0.122214 1 1 1
v -0.428489 0.620617 -0.127045 1 1 1
v -0.432222 0.614604 -0.133121 1 1 1
v -0.431762 0.611581 -0.139451 1 1 1
v -0.427504 0.611783 -0.145041 1 1 1
v -0.41984 0.615444 -0.148897 1 1 1
v -0.409164 0.622801 -0.150026 1 1 1
v -0.378054 0.650917 -0.140755 1 1 1
v -0.374322 0.65693 -0.134678 1 1 1
v -0.374781 0.659953 -0.128349 1 1 1
v -0.37904 0.659752 -0.122759 1 1 1
v -0.369287 0.647109 -0.117728 1 1 1
v -0.376321 0.642631 -0.113547 1 1 1
v -0.386619 0.634784 -0.112223 1 1 1
v -0.409411 0.615435 -0.116664 1 1 1
v -0.418107 0.607158 -0.121689 1 1 1
v -0.422469 0.601961 -0.128091 1 1 1
v -0.422765 0.599918 -0.13481 1 1 1
v -0.419263 0.601099 -0.14079 1 1 1
v -0.412229 0.605578 -0.14497 1 1 1
v -0.401931 0.613424 -0.146295 1 1 1
v -0.370443 0.641051 -0.136829 1 1 1
v -0.366081 0.646247 -0.130427 1 1 1
v -0.365785 0.64829 -0.123708 1 1 1
v -0.356053 0.636428 -0.12197 1 1 1
v -0.358738 0.63425 -0.115845 1 1 1
v -0.36509 0.628941 -0.111542 1 1 1
v -0.374979 0.620596 -0.110145 1 1 1
v -0.397772 0.601247 -0.114586 1 1 1
v -0.406876 0.593468 -0.119684 1 1 1
v -0.411919 0.589102 -0.126207 1 1 1
v -0.413033 0.588055 -0.133073 1 1 1
v -0.410349 0.590234 -0.139198 1 1 1
v -0.403996 0.595542 -0.143501 1 1 1
v -0.394107 0.603887 -0.144898 1 1 1
v -0.36221 0.631015 -0.135359 1 1 1
v -0.357167 0.635381 -0.128836 1 1 1
v -0.347925 0.624755 -0.129966 1 1 1
v -0.345964 0.624827 -0.123204 1 1 1
v -0.347801 0.621674 -0.117182 1 1 1
v -0.353447 0.615553 -0.112966 1 1 1
v -0.402944 0.576454 -0.134306 1 1 1
v -0.401107 0.579607 -0.140328 1 1 1
v -0.395461 0.585728 -0.144545 1 1 1
v -0.385995 0.59456 -0.14589 1 1 1
v -0.353675 0.621201 -0.136403 1 1 1
v -0.345163 0.611981 -0.13992 1 1 1
v -0.338708 0.614771 -0.133775 1 1 1
v -0.335901 0.613928 -0.127362 1 1 1
v -0.377905 0.585798 -0.149233 1 1 1
v -0.370151 0.57794 -0.154797 1 1 1
v -0.386948 0.576508 -0.148062 1 1 1
v -0.39189 0.569624 -0.144137 1 1 1
v -0.392882 0.565555 -0.138464 1 1 1
v -0.383236 0.555782 -0.145385 1 1 1
v -0.383055 0.560671 -0.150476 1 1 1
v -0.378788 0.56824 -0.153917 1 1 1
v -0.371292 0.561238 -0.161886 1 1 1
v -0.363027 0.571287 -0.16237 1 1 1
v -0.374938 0.553091 -0.159105 1 1 1
v -0.374375 0.547505 -0.154805 1 1 1
v -0.343514 0.644482 -0.289981 1 1 1
v -0.332283 0.630792 -0.287976 1 1 1
v -0.488347 0.599418 -0.298964 1 1 1
v -0.48941 0.597778 -0.286305 1 1 1
v -0.468063 0.619238 -0.282185 1 1 1
v -0.467071 0.620768 -0.293993 1 1 1
v -0.488838 0.60305 -0.311255 1 1 1
v -0.467528 0.624155 -0.305456 1 1 1
v -0.488251 0.583086 -0.30233 1 1 1
v -0.489529 0.581115 -0.287113 1 1 1
v -0.488841 0.587451 -0.317103 1 1 1
v -0.491957 0.598155 -0.273764 1 1 1
v -0.470438 0.61959 -0.270489 1 1 1
v -0.49259 0.581567 -0.272039 1 1 1
v -0.441467 0.633566 -0.277643 1 1 1
v -0.444014 0.633942 -0.265103 1 1 1
v -0.440404 0.635206 -0.290302 1 1 1
v -0.440894 0.638838 -0.302593 1 1 1
v -0.490833 0.608497 -0.322716 1 1 1
v -0.469389 0.629235 -0.316145 1 1 1
v -0.44289 0.644284 -0.314054 1 1 1
v -0.491239 0.593998 -0.330878 1 1 1
v -0.475665 0.591428 -0.336153 1 1 1
v -0.472863 0.583781 -0.320063 1 1 1
v -0.472175 0.578683 -0.302807 1 1 1
v -0.473667 0.57638 -0.285033 1 1 1
v -0.477243 0.576909 -0.267428 1 1 1
v -0.482802 0.580302 -0.250676 1 1 1
v -0.49735 0.584472 -0.257698 1 1 1
v -0.495917 0.600571 -0.261833 1 1 1
v -0.474131 0.621843 -0.259362 1 1 1
v -0.447973 0.636359 -0.253171 1 1 1
v -0.428666 0.629284 -0.260491 1 1 1
v -0.425605 0.628832 -0.275563 1 1 1
v -0.433425 0.632189 -0.246149 1 1 1
v -0.424327 0.630803 -0.29078 1 1 1
v -0.424916 0.635168 -0.305553 1 1 1
v -0.427315 0.641715 -0.319329 1 1 1
v -0.472609 0.635844 -0.325631 1 1 1
v -0.446342 0.651371 -0.324224 1 1 1
v -0.431464 0.650232 -0.331554 1 1 1
v -0.494285 0.615583 -0.332886 1 1 1
v -0.495388 0.602515 -0.343103 1 1 1
v -0.480511 0.601377 -0.350432 1 1 1
v -0.449165 0.606478 -0.334062 1 1 1
v -0.446229 0.598464 -0.3172 1 1 1
v -0.454244 0.616903 -0.349025 1 1 1
v -0.445508 0.593121 -0.299116 1 1 1
v -0.447072 0.590708 -0.280491 1 1 1
v -0.450819 0.591262 -0.26204 1 1 1
v -0.456644 0.594818 -0.244486 1 1 1
v -0.464288 0.601183 -0.228478 1 1 1
v -0.490096 0.586376 -0.235401 1 1 1
v -0.503594 0.589672 -0.244621 1 1 1
v -0.501112 0.604898 -0.250953 1 1 1
v -0.478976 0.625879 -0.249214 1 1 1
v -0.453169 0.640686 -0.242291 1 1 1
v -0.43967 0.63739 -0.233071 1 1 1
v -0.442153 0.622164 -0.226739 1 1 1
v -0.434859 0.61609 -0.242014 1 1 1
v -0.429299 0.612697 -0.258766 1 1 1
v -0.425724 0.612168 -0.276371 1 1 1
v -0.424232 0.614471 -0.294145 1 1 1
v -0.42492 0.619569 -0.311401 1 1 1
v -0.427721 0.627216 -0.327491 1 1 1
v -0.432568 0.637165 -0.34177 1 1 1
v -0.451092 0.659795 -0.332742 1 1 1
v -0.437173 0.660359 -0.341791 1 1 1
v -0.439236 0.648993 -0.353728 1 1 1
v -0.477039 0.643702 -0.333575 1 1 1
v -0.482531 0.652527 -0.339639 1 1 1
v -0.45698 0.669258 -0.339243 1 1 1
v -0.444252 0.671732 -0.349605 1 1 1
v -0.447504 0.662278 -0.362855 1 1 1
v -0.461232 0.629299 -0.361556 1 1 1
v -0.469896 0.64322 -0.371122 1 1 1
v -0.48718 0.613205 -0.362389 1 1 1
v -0.495447 0.62649 -0.371517 1 1 1
v -0.457025 0.676485 -0.36886 1 1 1
v -0.479873 0.658109 -0.377414 1 1 1
v -0.504968 0.640697 -0.377522 1 1 1
v -0.452403 0.683896 -0.354746 1 1 1
v -0.463762 0.679377 -0.34352 1 1 1
v -0.488856 0.661966 -0.343627 1 1 1
v -0.511705 0.64359 -0.352182 1 1 1
v -0.504923 0.63347 -0.347905 1 1 1
v -0.499035 0.624007 -0.341404 1 1 1
v -0.501098 0.612641 -0.35334 1 1 1
v -0.508176 0.624015 -0.361155 1 1 1
v -0.516327 0.636179 -0.366295 1 1 1
v -0.519133 0.653987 -0.354025 1 1 1
v -0.495784 0.671663 -0.345346 1 1 1
v -0.525256 0.648677 -0.36851 1 1 1
v -0.47119 0.689775 -0.345363 1 1 1
v -0.461332 0.696394 -0.356961 1 1 1
v -0.467454 0.691083 -0.371447 1 1 1
v -0.490803 0.673407 -0.380126 1 1 1
v -0.515397 0.655295 -0.380109 1 1 1
v -0.526321 0.66972 -0.379246 1 1 1
v -0.534608 0.661026 -0.367772 1 1 1
v -0.526914 0.664261 -0.35341 1 1 1
v -0.503041 0.681246 -0.344773 1 1 1
v -0.478971 0.70005 -0.344748 1 1 1
v -0.470684 0.708743 -0.356223 1 1 1
v -0.478377 0.705508 -0.370584 1 1 1
v -0.50225 0.688524 -0.379221 1 1 1
v -0.513782 0.702869 -0.374665 1 1 1
v -0.537324 0.683409 -0.374899 1 1 1
v -0.544028 0.672746 -0.364051 1 1 1
v -0.534751 0.674012 -0.350314 1 1 1
v -0.510351 0.69034 -0.341885 1 1 1
v -0.486808 0.7098 -0.341652 1 1 1
v -0.480104 0.720463 -0.352501 1 1 1
v -0.489381 0.719197 -0.366237 1 1 1
v -0.500044 0.731642 -0.358638 1 1 1
v -0.524956 0.715912 -0.366702 1 1 1
v -0.547988 0.695855 -0.367299 1 1 1
v -0.553158 0.683401 -0.357544 1 1 1
v -0.542347 0.682876 -0.344901 1 1 1
v -0.517435 0.698608 -0.336837 1 1 1
v -0.494404 0.718664 -0.336239 1 1 1
v -0.489233 0.731118 -0.345995 1 1 1
v -0.497711 0.740275 -0.336903 1 1 1
v -0.509947 0.742338 -0.348019 1 1 1
v -0.535334 0.72712 -0.355574 1 1 1
v -0.55789 0.70655 -0.356681 1 1 1
v -0.561636 0.692558 -0.348453 1 1 1
v -0.5494 0.690495 -0.337337 1 1 1
v -0.524014 0.705713 -0.329782 1 1 1
v -0.501457 0.726283 -0.328675 1 1 1
v -0.50771 0.732388 -0.319289 1 1 1
v -0.505228 0.747614 -0.325621 1 1 1
v -0.518727 0.75091 -0.33484 1 1 1
v -0.544534 0.736103 -0.341764 1 1 1
v -0.56667 0.715122 -0.343502 1 1 1
v -0.569152 0.699897 -0.33717 1 1 1
v -0.555654 0.6966 -0.32795 1 1 1
v -0.529846 0.711407 -0.321028 1 1 1
v -0.534691 0.715443 -0.31088 1 1 1
v -0.512906 0.736715 -0.308409 1 1 1
v -0.511473 0.752814 -0.312543 1 1 1
v -0.526021 0.756984 -0.319565 1 1 1
v -0.552178 0.742469 -0.325756 1 1 1
v -0.573964 0.721197 -0.328227 1 1 1
v -0.575397 0.705097 -0.324093 1 1 1
v -0.560849 0.700927 -0.31707 1 1 1
v -0.564809 0.703344 -0.305139 1 1 1
v -0.538385 0.717697 -0.299752 1 1 1
v -0.516865 0.739132 -0.296477 1 1 1
v -0.516232 0.755719 -0.298202 1 1 1
v -0.53158 0.760377 -0.302814 1 1 1
v -0.558004 0.746025 -0.308201 1 1 1
v -0.579523 0.724589 -0.311476 1 1 1
v -0.580156 0.708002 -0.309751 1 1 1
v -0.567355 0.70372 -0.292599 1 1 1
v -0.54076 0.718047 -0.288056 1 1 1
v -0.583217 0.708454 -0.294678 1 1 1
v -0.519412 0.739508 -0.283937 1 1 1
v -0.519293 0.756172 -0.283129 1 1 1
v -0.535155 0.760906 -0.285208 1 1 1
v -0.56175 0.746578 -0.289751 1 1 1
v -0.583098 0.725118 -0.29387 1 1 1
v -0.584591 0.722815 -0.276096 1 1 1
v -0.584495 0.706483 -0.279461 1 1 1
v -0.568418 0.70208 -0.279939 1 1 1
v -0.541751 0.716518 -0.276249 1 1 1
v -0.520475 0.737868 -0.271277 1 1 1
v -0.520571 0.7542 -0.267912 1 1 1
v -0.536648 0.758603 -0.267435 1 1 1
v -0.563314 0.744165 -0.271125 1 1 1
v -0.562593 0.738822 -0.253042 1 1 1
v -0.583903 0.717717 -0.258841 1 1 1
v -0.583906 0.702118 -0.264688 1 1 1
v -0.567928 0.698449 -0.267648 1 1 1
v -0.541294 0.713131 -0.264785 1 1 1
v -0.519985 0.734237 -0.258986 1 1 1
v -0.519982 0.749835 -0.253139 1 1 1
v -0.535959 0.753505 -0.250179 1 1 1
v -0.533158 0.745858 -0.234089 1 1 1
v -0.559658 0.730808 -0.23618 1 1 1
v -0.581101 0.71007 -0.242751 1 1 1
v -0.581508 0.695571 -0.250912 1 1 1
v -0.565933 0.693002 -0.256188 1 1 1
v -0.539433 0.708051 -0.254096 1 1 1
v -0.51799 0.72879 -0.247526 1 1 1
v -0.517583 0.743288 -0.239363 1 1 1
v -0.513434 0.734771 -0.227139 1 1 1
v -0.528311 0.735909 -0.21981 1 1 1
v -0.554578 0.720383 -0.221217 1 1 1
v -0.576254 0.700121 -0.228472 1 1 1
v -0.577358 0.687054 -0.238688 1 1 1
v -0.562481 0.685915 -0.246018 1 1 1
v -0.536213 0.701442 -0.244611 1 1 1
v -0.514537 0.721703 -0.237356 1 1 1
v -0.509788 0.713279 -0.228838 1 1 1
v -0.507724 0.724645 -0.216902 1 1 1
v -0.521643 0.724081 -0.207852 1 1 1
v -0.54759 0.707988 -0.208685 1 1 1
v -0.569586 0.688293 -0.216514 1 1 1
v -0.571649 0.676927 -0.22845 1 1 1
v -0.557731 0.677491 -0.2375 1 1 1
v -0.531783 0.693584 -0.236667 1 1 1
v -0.526291 0.684759 -0.230603 1 1 1
v -0.503899 0.703817 -0.222337 1 1 1
v -0.500646 0.713271 -0.209087 1 1 1
v -0.513375 0.710797 -0.198724 1 1 1
v -0.538926 0.694066 -0.19912 1 1 1
v -0.561319 0.675009 -0.207386 1 1 1
v -0.564571 0.665554 -0.220636 1 1 1
v -0.551842 0.668029 -0.230998 1 1 1
v -0.545061 0.657909 -0.226722 1 1 1
v -0.519966 0.675321 -0.226614 1 1 1
v -0.497117 0.693697 -0.21806 1 1 1
v -0.492495 0.701108 -0.203946 1 1 1
v -0.503854 0.696589 -0.19272 1 1 1
v -0.528949 0.679177 -0.192827 1 1 1
v -0.551798 0.660801 -0.201382 1 1 1
v -0.55642 0.65339 -0.215496 1 1 1
v -0.537632 0.647511 -0.224878 1 1 1
v -0.513038 0.665623 -0.224895 1 1 1
v -0.547491 0.640892 -0.213281 1 1 1
v -0.489689 0.683299 -0.216217 1 1 1
v -0.483566 0.68861 -0.201731 1 1 1
v -0.493425 0.681991 -0.190133 1 1 1
v -0.518019 0.663879 -0.190116 1 1 1
v -0.541368 0.646203 -0.198795 1 1 1
v -0.530445 0.631778 -0.199658 1 1 1
v -0.538139 0.628543 -0.214019 1 1 1
v -0.529851 0.637237 -0.225494 1 1 1
v -0.505781 0.65604 -0.225468 1 1 1
v -0.481908 0.673025 -0.216832 1 1 1
v -0.474214 0.67626 -0.20247 1 1 1
v -0.482501 0.667566 -0.190996 1 1 1
v -0.506572 0.648762 -0.19102 1 1 1
v -0.495041 0.634417 -0.195576 1 1 1
v -0.519441 0.618089 -0.204004 1 1 1
v -0.528718 0.616823 -0.217741 1 1 1
v -0.522014 0.627487 -0.22859 1 1 1
v -0.498471 0.646947 -0.228357 1 1 1
v -0.474071 0.663274 -0.219928 1 1 1
v -0.464794 0.664541 -0.206191 1 1 1
v -0.471498 0.653877 -0.195343 1 1 1
v -0.460835 0.641432 -0.202942 1 1 1
v -0.483866 0.621374 -0.203539 1 1 1
v -0.508778 0.605644 -0.211604 1 1 1
v -0.519589 0.606168 -0.224246 1 1 1
v -0.514419 0.618622 -0.234002 1 1 1
v -0.491387 0.638679 -0.233404 1 1 1
v -0.466475 0.65441 -0.225341 1 1 1
v -0.455665 0.653885 -0.212697 1 1 1
v -0.447187 0.644728 -0.221789 1 1 1
v -0.450932 0.630736 -0.213561 1 1 1
v -0.473489 0.610166 -0.214668 1 1 1
v -0.498875 0.594948 -0.222223 1 1 1
v -0.511111 0.597011 -0.233338 1 1 1
v -0.507365 0.611003 -0.241566 1 1 1
v -0.484809 0.631573 -0.240459 1 1 1
v -0.459422 0.646791 -0.232905 1 1 1
vt 0.827992 0.147169
vt 0.865536 0.151606
vt 0.82927 0.128211
vt 0.86614 0.132333
vt 0.815867 0.144851
vt 0.818672 0.125925
vt 0.82492 0.161172
vt 0.864212 0.166152
vt 0.812314 0.158558
vt 0.878696 0.152313
vt 0.878574 0.132928
vt 0.878682 0.166319
vt 0.874627 0.421746
vt 0.887859 0.420908
vt 0.887773 0.356473
vt 0.87482 0.356913
vt 0.836277 0.425715
vt 0.837317 0.361049
vt 0.824926 0.427619
vt 0.825368 0.363608
vt 0.794116 0.138398
vt 0.797963 0.120301
vt 0.802854 0.431659
vt 0.802867 0.368973
vt 0.789186 0.152448
vt 0.809981 0.170443
vt 0.822839 0.172685
vt 0.786986 0.164636
vt 0.863527 0.177141
vt 0.878338 0.17762
vt 0.893288 0.177922
vt 0.892898 0.166736
vt 0.892294 0.152515
vt 0.89073 0.133249
vt 0.90207 0.419614
vt 0.900782 0.356133
vt 0.873809 0.341836
vt 0.887409 0.341871
vt 0.901278 0.341547
vt 0.834206 0.345869
vt 0.821356 0.348298
vt 0.797552 0.354039
vt 0.765468 0.993584
vt 0.784427 0.999129
vt 0.769015 0.937054
vt 0.789439 0.943774
vt 0.775578 0.924315
vt 0.796916 0.931902
vt 0.760071 0.684195
vt 0.781152 0.674621
vt 0.753684 0.665385
vt 0.773076 0.657734
vt 0.769402 0.697476
vt 0.789986 0.688604
vt 0.774665 0.711032
vt 0.796476 0.702488
vt 0.782125 0.17632
vt 0.807677 0.181976
vt 0.780064 0.725346
vt 0.803065 0.716632
vt 0.820496 0.184509
vt 0.863309 0.188648
vt 0.87832 0.188954
vt 0.893255 0.18927
vt 0.939317 0.188097
vt 0.937129 0.176486
vt 0.93488 0.165111
vt 0.93209 0.150486
vt 0.930002 0.130444
vt 0.940312 0.421041
vt 0.938914 0.357414
vt 0.941721 0.342846
vt 0.901394 0.330178
vt 0.887056 0.330274
vt 0.94349 0.331439
vt 0.872653 0.330373
vt 0.831378 0.334043
vt 0.818258 0.336101
vt 0.793119 0.3415
vt 0.779985 0.912981
vt 0.802492 0.921214
vt 0.746509 0.931436
vt 0.751745 0.918268
vt 0.755691 0.907207
vt 0.744757 0.989099
vt 0.723206 0.984639
vt 0.724151 0.926535
vt 0.727978 0.913239
vt 0.731199 0.901999
vt 0.758742 0.895475
vt 0.784496 0.901282
vt 0.734339 0.890083
vt 0.807761 0.90805
vt 0.789108 0.327993
vt 0.815125 0.323659
vt 0.828395 0.321849
vt 0.871564 0.318635
vt 0.88624 0.318756
vt 0.900829 0.318631
vt 0.945342 0.319824
vt 0.954002 0.344838
vt 0.956479 0.333659
vt 0.959245 0.320844
vt 0.950845 0.360007
vt 0.971422 0.36648
vt 0.975546 0.349447
vt 0.980678 0.337233
vt 0.986104 0.324972
vt 0.960416 0.304714
vt 0.98797 0.307981
vt 0.946294 0.303658
vt 0.900323 0.302697
vt 0.885179 0.302833
vt 0.869871 0.303282
vt 0.825411 0.304849
vt 0.81134 0.306176
vt 0.784931 0.309379
vt 0.81105 0.886359
vt 0.787875 0.880972
vt 0.763267 0.876907
vt 0.736963 0.87225
vt 0.705618 0.897419
vt 0.707603 0.886038
vt 0.709481 0.869118
vt 0.738626 0.845991
vt 0.710729 0.843199
vt 0.765133 0.848241
vt 0.790326 0.850292
vt 0.813385 0.853383
vt 0.807924 0.281296
vt 0.7812 0.282791
vt 0.822449 0.280689
vt 0.867687 0.280652
vt 0.883275 0.280343
vt 0.898916 0.279948
vt 0.946411 0.280628
vt 0.961417 0.281375
vt 0.99053 0.283729
vt 0.794452 0.430711
vt 0.768969 0.438323
vt 0.775194 0.456207
vt 0.801179 0.449795
vt 0.805867 0.479648
vt 0.780194 0.483381
vt 0.809598 0.551866
vt 0.784559 0.550681
vt 0.990213 0.225679
vt 0.959499 0.227004
vt 0.943683 0.227392
vt 0.895497 0.227413
vt 0.879673 0.227486
vt 0.863962 0.227197
vt 0.819348 0.22414
vt 0.805577 0.223291
vt 0.778821 0.220174
vt 0.812302 0.77346
vt 0.788621 0.777645
vt 0.763383 0.779687
vt 0.736384 0.781005
vt 0.707739 0.78291
vt 0.759829 0.750896
vt 0.73321 0.754226
vt 0.705025 0.756891
vt 0.78495 0.746393
vt 0.80853 0.739443
vt 0.806141 0.198855
vt 0.779846 0.194104
vt 0.819683 0.200522
vt 0.863196 0.204191
vt 0.878541 0.204834
vt 0.893922 0.205003
vt 0.941456 0.204434
vt 0.956714 0.203594
vt 0.987022 0.201178
vt 0.807681 0.582635
vt 0.782821 0.578899
vt 0.752977 0.487201
vt 0.757713 0.550085
vt 0.756875 0.576782
vt 0.804144 0.603152
vt 0.780052 0.596969
vt 0.755181 0.594486
vt 0.983539 0.183966
vt 0.954291 0.186969
vt 0.755483 0.73098
vt 0.72949 0.735361
vt 0.702131 0.738807
vt 0.725978 0.72288
vt 0.699347 0.726684
vt 0.751006 0.71779
vt 0.74623 0.705252
vt 0.722096 0.710483
vt 0.696383 0.714699
vt 0.674079 0.741492
vt 0.671994 0.729575
vt 0.670254 0.717942
vt 0.675955 0.758771
vt 0.646447 0.759578
vt 0.64529 0.742823
vt 0.644074 0.731157
vt 0.643378 0.719468
vt 0.667316 0.703652
vt 0.692126 0.700513
vt 0.641967 0.70556
vt 0.716514 0.696248
vt 0.739304 0.690734
vt 0.732865 0.67232
vt 0.710969 0.677626
vt 0.687822 0.681706
vt 0.664456 0.68503
vt 0.640556 0.686884
vt 0.61659 0.70643
vt 0.616374 0.688155
vt 0.616159 0.720357
vt 0.616194 0.731717
vt 0.616228 0.743256
vt 0.616357 0.75989
vt 0.647999 0.783582
vt 0.678042 0.783626
vt 0.617032 0.783615
vt 0.681029 0.84184
vt 0.650478 0.840324
vt 0.619301 0.839447
vt 0.587894 0.839127
vt 0.586076 0.782904
vt 0.586388 0.758948
vt 0.587467 0.742413
vt 0.588435 0.73092
vt 0.58927 0.719481
vt 0.59103 0.705904
vt 0.593 0.687427
vt 0.626989 0.973648
vt 0.65178 0.975241
vt 0.624238 0.915305
vt 0.649946 0.9164
vt 0.602161 0.973641
vt 0.598195 0.915505
vt 0.676291 0.977672
vt 0.675279 0.918789
vt 0.700026 0.980732
vt 0.699842 0.921794
vt 0.677869 0.905483
vt 0.703211 0.908529
vt 0.65038 0.902963
vt 0.623125 0.901608
vt 0.595689 0.901699
vt 0.577371 0.97415
vt 0.572636 0.916215
vt 0.568808 0.902761
vt 0.566569 0.703947
vt 0.569426 0.685687
vt 0.563878 0.717812
vt 0.561124 0.729198
vt 0.559023 0.740708
vt 0.556293 0.757476
vt 0.555402 0.781471
vt 0.556797 0.838827
vt 0.52641 0.839063
vt 0.525319 0.779804
vt 0.527995 0.754632
vt 0.531326 0.737373
vt 0.534486 0.725787
vt 0.53771 0.714857
vt 0.542341 0.701744
vt 0.54637 0.68357
vt 0.55325 0.976248
vt 0.547165 0.919103
vt 0.541808 0.905207
vt 0.593629 0.89034
vt 0.565177 0.891219
vt 0.537493 0.893708
vt 0.622508 0.89036
vt 0.650925 0.891799
vt 0.678858 0.894373
vt 0.68 0.883018
vt 0.651511 0.88044
vt 0.621438 0.879081
vt 0.5916 0.878978
vt 0.561905 0.879739
vt 0.533949 0.881867
vt 0.528379 0.906817
vt 0.523194 0.89532
vt 0.519541 0.883393
vt 0.534952 0.920514
vt 0.541381 0.977737
vt 0.530305 0.700011
vt 0.535038 0.682148
vt 0.524641 0.712921
vt 0.519345 0.724485
vt 0.517367 0.736104
vt 0.513742 0.75384
vt 0.510312 0.779162
vt 0.469588 0.776514
vt 0.474352 0.747982
vt 0.478748 0.730802
vt 0.484186 0.717962
vt 0.488678 0.706628
vt 0.496529 0.694218
vt 0.505412 0.676926
vt 0.507108 0.982637
vt 0.499929 0.927163
vt 0.491223 0.913369
vt 0.484688 0.901525
vt 0.478938 0.889215
vt 0.514474 0.865508
vt 0.529144 0.864562
vt 0.473005 0.870491
vt 0.558891 0.863056
vt 0.589598 0.862649
vt 0.620416 0.862767
vt 0.511618 0.839938
vt 0.469233 0.842698
vt 0.452481 0.896733
vt 0.446028 0.876126
vt 0.441517 0.845854
vt 0.460365 0.909688
vt 0.46873 0.920721
vt 0.479855 0.932687
vt 0.48593 0.988011
vt 0.47472 0.687411
vt 0.481929 0.670765
vt 0.466643 0.699991
vt 0.464768 0.711973
vt 0.453682 0.723247
vt 0.513939 0.607961
vt 0.4751 0.618668
vt 0.483143 0.631421
vt 0.519283 0.619899
vt 0.525598 0.63119
vt 0.491284 0.642949
vt 0.501483 0.655685
vt 0.533689 0.64412
vt 0.541769 0.661916
vt 0.510567 0.672028
vt 0.515874 0.35528
vt 0.485979 0.348801
vt 0.489464 0.406341
vt 0.518007 0.413052
vt 0.512594 0.426598
vt 0.479464 0.418661
vt 0.477733 0.430331
vt 0.508232 0.439004
vt 0.468672 0.443612
vt 0.504903 0.451259
vt 0.501772 0.470136
vt 0.463955 0.463875
vt 0.499712 0.497677
vt 0.460991 0.494653
vt 0.443042 0.773801
vt 0.503399 0.562764
vt 0.462892 0.567885
vt 0.450265 0.743576
vt 0.467879 0.59827
vt 0.507433 0.590281
vt 0.513822 0.49811
vt 0.517067 0.56101
vt 0.521363 0.586906
vt 0.515352 0.471179
vt 0.518046 0.453009
vt 0.521511 0.440584
vt 0.525206 0.42924
vt 0.529128 0.41551
vt 0.526698 0.356956
vt 0.545186 0.641267
vt 0.552816 0.659071
vt 0.537753 0.627871
vt 0.532975 0.617175
vt 0.526739 0.60476
vt 0.56854 0.597206
vt 0.571619 0.608744
vt 0.576168 0.620193
vt 0.580676 0.63351
vt 0.586802 0.650924
vt 0.559403 0.361175
vt 0.563775 0.420256
vt 0.562119 0.433761
vt 0.559575 0.445186
vt 0.558125 0.456847
vt 0.556442 0.473672
vt 0.5561 0.498597
vt 0.561155 0.556283
vt 0.564723 0.580122
vt 0.579697 0.57888
vt 0.583127 0.595538
vt 0.586766 0.607702
vt 0.59004 0.618142
vt 0.593798 0.631611
vt 0.598455 0.649715
vt 0.571642 0.361446
vt 0.576385 0.420346
vt 0.574592 0.434373
vt 0.573448 0.445004
vt 0.571888 0.457372
vt 0.570974 0.474288
vt 0.57118 0.498466
vt 0.576434 0.555171
vt 0.607152 0.553651
vt 0.609948 0.576994
vt 0.612443 0.592885
vt 0.614531 0.604316
vt 0.616896 0.615463
vt 0.619414 0.629161
vt 0.62267 0.647396
vt 0.595642 0.362187
vt 0.601169 0.421595
vt 0.600604 0.435494
vt 0.600301 0.446734
vt 0.600235 0.458118
vt 0.600482 0.474369
vt 0.601584 0.498084
vt 0.632511 0.497073
vt 0.638404 0.552011
vt 0.640536 0.575201
vt 0.642129 0.591336
vt 0.643412 0.60271
vt 0.643949 0.613867
vt 0.645211 0.627472
vt 0.646926 0.645798
vt 0.620062 0.361914
vt 0.626092 0.421385
vt 0.62747 0.435314
vt 0.627973 0.446422
vt 0.629312 0.457882
vt 0.630534 0.473889
vt 0.660776 0.47217
vt 0.663461 0.495294
vt 0.669607 0.55071
vt 0.670813 0.574183
vt 0.671276 0.590461
vt 0.671407 0.602003
vt 0.671359 0.613321
vt 0.671036 0.626906
vt 0.671116 0.6453
vt 0.644618 0.36044
vt 0.651901 0.41942
vt 0.654386 0.433346
vt 0.65635 0.44463
vt 0.658546 0.455989
vt 0.687684 0.453293
vt 0.690975 0.469577
vt 0.694125 0.493061
vt 0.700222 0.549423
vt 0.700913 0.574617
vt 0.699682 0.591045
vt 0.6989 0.602608
vt 0.697574 0.613889
vt 0.696408 0.62782
vt 0.694905 0.646183
vt 0.668948 0.358371
vt 0.677103 0.417085
vt 0.680934 0.430726
vt 0.684958 0.441762
vt 0.711603 0.438201
vt 0.715621 0.449453
vt 0.720123 0.466116
vt 0.724142 0.49048
vt 0.729591 0.549571
vt 0.729222 0.574798
vt 0.727752 0.592237
vt 0.726514 0.603837
vt 0.723921 0.615305
vt 0.720613 0.62912
vt 0.718441 0.647837
vt 0.692875 0.355273
vt 0.701674 0.413328
vt 0.707616 0.426961
vt 0.731876 0.421191
vt 0.737414 0.432681
vt 0.743088 0.444
vt 0.748391 0.461476
vt 0.752795 0.60628
vt 0.748624 0.61772
vt 0.744532 0.632192
vt 0.738722 0.649933
vt 0.715551 0.351015
vt 0.725184 0.407724
vt 0.746905 0.401199
vt 0.754174 0.414944
vt 0.763412 0.424106
vt 0.787045 0.419541
vt 0.992691 0.361483
vt 0.999611 0.354249
vt 0.990328 0.373374
vt 0.737082 0.345619
vt 0.973657 0.425923
vt 0.989949 0.43297
vt 0.766927 0.637219
vt 0.762261 0.654751
vt 0.769183 0.622604
vt 0.777125 0.611805
vt 0.801501 0.614595
vt 0.975896 0.171142
vt 0.995675 0.15259
vt 0.97186 0.157905
vt 0.990549 0.14789
vt 0.988072 0.135428
vt 0.968915 0.14511
vt 0.965068 0.125572
vt 0.983066 0.11801
vt 0.944829 0.148972
vt 0.941767 0.129122
vt 0.951879 0.422338
vt 0.947688 0.16337
vt 0.951257 0.174935
vt 0.651159 0.864124
vt 0.681465 0.866692
vt 0.726666 0.18098
vt 0.724938 0.204604
vt 0.771689 0.205109
vt 0.773106 0.182717
vt 0.730614 0.158774
vt 0.776886 0.163479
vt 0.700222 0.175391
vt 0.698158 0.202104
vt 0.704343 0.150012
vt 0.723729 0.229412
vt 0.770754 0.227721
vt 0.697265 0.230407
vt 0.46667 0.217447
vt 0.467331 0.240912
vt 0.514035 0.21356
vt 0.514306 0.239217
vt 0.465108 0.1938
vt 0.512572 0.188224
vt 0.461698 0.172747
vt 0.509201 0.164389
vt 0.736155 0.13875
vt 0.781573 0.144437
vt 0.457759 0.151705
vt 0.503848 0.142327
vt 0.710362 0.125193
vt 0.681078 0.117399
vt 0.676557 0.143194
vt 0.672749 0.171243
vt 0.671582 0.201005
vt 0.670399 0.231503
vt 0.669777 0.261828
vt 0.696894 0.258463
vt 0.72371 0.254701
vt 0.77073 0.250903
vt 0.466327 0.264084
vt 0.513108 0.264727
vt 0.540876 0.237924
vt 0.540841 0.208971
vt 0.539743 0.266681
vt 0.539595 0.180721
vt 0.536765 0.153274
vt 0.531568 0.126714
vt 0.271263 0.46853
vt 0.252621 0.463026
vt 0.264796 0.514585
vt 0.24503 0.508618
vt 0.255403 0.541156
vt 0.231648 0.534621
vt 0.262098 0.739941
vt 0.239731 0.745208
vt 0.26915 0.788003
vt 0.248064 0.79173
vt 0.252692 0.712365
vt 0.226195 0.71734
vt 0.245755 0.683173
vt 0.217525 0.685376
vt 0.621695 0.112384
vt 0.620818 0.140763
vt 0.24391 0.626369
vt 0.216314 0.624923
vt 0.620622 0.170946
vt 0.619766 0.201984
vt 0.61901 0.233584
vt 0.618171 0.26519
vt 0.617487 0.296733
vt 0.669864 0.29229
vt 0.697545 0.286274
vt 0.724336 0.279465
vt 0.771724 0.274222
vt 0.464675 0.286951
vt 0.511445 0.289233
vt 0.537642 0.294426
vt 0.565972 0.297946
vt 0.566798 0.267244
vt 0.567724 0.236071
vt 0.567949 0.205441
vt 0.567253 0.174806
vt 0.565485 0.144734
vt 0.56269 0.115822
vt 0.22323 0.564344
vt 0.247965 0.569854
vt 0.28665 0.52006
vt 0.280266 0.54646
vt 0.275701 0.574207
vt 0.290275 0.473278
vt 0.312634 0.476237
vt 0.310077 0.52323
vt 0.306911 0.549708
vt 0.304908 0.576788
vt 0.273291 0.627639
vt 0.304115 0.629358
vt 0.275273 0.681665
vt 0.305717 0.681994
vt 0.335191 0.579241
vt 0.335614 0.631054
vt 0.336319 0.682879
vt 0.334979 0.552298
vt 0.334976 0.525771
vt 0.335383 0.478765
vt 0.337409 0.736573
vt 0.311329 0.736295
vt 0.314146 0.783958
vt 0.337917 0.784014
vt 0.285849 0.737255
vt 0.290259 0.784905
vt 0.279948 0.709844
vt 0.30811 0.709623
vt 0.337036 0.710034
vt 0.363153 0.737467
vt 0.361392 0.784607
vt 0.365791 0.711075
vt 0.35868 0.480407
vt 0.360195 0.527486
vt 0.363121 0.554097
vt 0.365709 0.581115
vt 0.367286 0.632735
vt 0.36756 0.684164
vt 0.398173 0.685996
vt 0.394201 0.712973
vt 0.387977 0.738971
vt 0.384626 0.785618
vt 0.382279 0.48116
vt 0.385756 0.528221
vt 0.391366 0.554977
vt 0.39614 0.582416
vt 0.399013 0.63402
vt 0.430322 0.635764
vt 0.427686 0.6892
vt 0.421079 0.716344
vt 0.411638 0.742181
vt 0.405459 0.788375
vt 0.403947 0.479708
vt 0.409917 0.526449
vt 0.418879 0.554283
vt 0.426737 0.582058
vt 0.456914 0.580868
vt 0.460157 0.637023
vt 0.4556 0.693277
vt 0.447424 0.721455
vt 0.433573 0.746832
vt 0.426152 0.791876
vt 0.425614 0.47761
vt 0.432357 0.523864
vt 0.445271 0.551517
vt 0.186335 0.545145
vt 0.207485 0.55534
vt 0.200201 0.519264
vt 0.224632 0.530814
vt 0.214884 0.468299
vt 0.243081 0.47684
vt 0.224757 0.41515
vt 0.254388 0.421226
vt 0.225507 0.386298
vt 0.253029 0.389961
vt 0.246991 0.360264
vt 0.223457 0.357788
vt 0.229254 0.310083
vt 0.251298 0.313287
vt 0.154149 0.61233
vt 0.17279 0.621159
vt 0.171802 0.568889
vt 0.191321 0.578658
vt 0.150316 0.559939
vt 0.16226 0.535684
vt 0.172559 0.510176
vt 0.185373 0.459789
vt 0.195721 0.40846
vt 0.198096 0.380655
vt 0.199115 0.353071
vt 0.207282 0.306239
vt 0.135194 0.604139
vt 0.113412 0.597126
vt 0.127252 0.551891
vt 0.136034 0.526834
vt 0.144017 0.501008
vt 0.155724 0.450827
vt 0.166339 0.400518
vt 0.170498 0.373556
vt 0.174381 0.347044
vt 0.18405 0.300694
vt 0.149435 0.339872
vt 0.161208 0.294447
vt 0.09132 0.590539
vt 0.103114 0.544621
vt 0.109076 0.518719
vt 0.114927 0.492201
vt 0.12593 0.441996
vt 0.136985 0.391814
vt 0.143069 0.365477
vt 0.125249 0.33185
vt 0.139487 0.286828
vt 0.116216 0.356772
vt 0.0686451 0.58513
vt 0.0784359 0.538333
vt 0.0820829 0.511375
vt 0.0861748 0.484217
vt 0.0961405 0.432822
vt 0.107939 0.382863
vt 0.0799903 0.373197
vt 0.0904492 0.347447
vt 0.102398 0.323582
vt 0.118144 0.278749
vt 0.0456457 0.580462
vt 0.0541429 0.533146
vt 0.054945 0.50509
vt 0.0572115 0.47667
vt 0.0667464 0.424226
vt 0.0382922 0.415835
vt 0.0536077 0.36285
vt 0.0661451 0.337367
vt 0.0810455 0.314116
vt 0.0995704 0.270245
vt 0.0244402 0.577444
vt 0.0304312 0.530011
vt 0.0283427 0.500304
vt 0.0284226 0.470509
vt 0.000514454 0.465555
vt 0.0111122 0.407904
vt 0.0289713 0.352302
vt 0.0430339 0.325868
vt 0.0617362 0.303746
vt 0.0813418 0.261194
vt 0.0031103 0.575046
vt 0.00753118 0.528088
vt 0.00163838 0.498057
vt 0.209422 0.911082
vt 0.235469 0.915687
vt 0.242901 0.887041
vt 0.215582 0.883278
vt 0.244583 0.83018
vt 0.215346 0.829938
vt 0.238398 0.773399
vt 0.209378 0.776081
vt 0.200688 0.748743
vt 0.226849 0.7438
vt 0.190119 0.721125
vt 0.212082 0.71708
vt 0.205495 0.671331
vt 0.184437 0.67409
vt 0.194045 0.983547
vt 0.214587 0.986798
vt 0.221975 0.94165
vt 0.200325 0.937309
vt 0.176452 0.934452
vt 0.182351 0.908202
vt 0.186157 0.880915
vt 0.184629 0.829617
vt 0.179731 0.778122
vt 0.173595 0.750404
vt 0.166641 0.723279
vt 0.163198 0.676272
vt 0.173288 0.981082
vt 0.149816 0.980562
vt 0.151422 0.933461
vt 0.153976 0.907169
vt 0.155355 0.880347
vt 0.153163 0.828642
vt 0.149076 0.777047
vt 0.145614 0.750019
vt 0.141767 0.723315
vt 0.13976 0.676445
vt 0.11642 0.722712
vt 0.116491 0.675725
vt 0.126143 0.980467
vt 0.125441 0.933163
vt 0.124896 0.906568
vt 0.12404 0.87966
vt 0.121321 0.827835
vt 0.118794 0.776138
vt 0.1173 0.749194
vt 0.0914681 0.721202
vt 0.0936647 0.674059
vt 0.0890803 0.747686
vt 0.102156 0.980924
vt 0.0992034 0.933395
vt 0.0960062 0.906626
vt 0.0931681 0.879347
vt 0.0899226 0.827215
vt 0.0884597 0.774811
vt 0.0588452 0.773255
vt 0.062614 0.745761
vt 0.0676874 0.719161
vt 0.071205 0.671911
vt 0.0780552 0.982371
vt 0.0735836 0.934711
vt 0.0672904 0.907703
vt 0.0623861 0.879367
vt 0.0589946 0.826407
vt 0.0290034 0.825944
vt 0.030879 0.769901
vt 0.0379246 0.741851
vt 0.045462 0.714806
vt 0.0516628 0.66792
vt 0.0562319 0.985754
vt 0.0493142 0.938621
vt 0.0397934 0.910453
vt 0.0323729 0.88165
vt 0.00378684 0.884497
vt 0.00051535 0.825188
vt 0.00484764 0.76566
vt 0.0152198 0.736559
vt 0.0249763 0.70952
vt 0.0323775 0.663184
vt 0.0346105 0.989757
vt 0.0263482 0.94317
vt 0.0128702 0.915792
vt 0.534062 0.320617
vt 0.529397 0.346458
vt 0.562243 0.326469
vt 0.559148 0.353531
vt 0.617416 0.327181
vt 0.617734 0.356243
vt 0.671691 0.322428
vt 0.675988 0.351117
vt 0.705438 0.338442
vt 0.700105 0.31303
vt 0.727439 0.302719
vt 0.732811 0.324684
vt 0.77523 0.295242
vt 0.779368 0.316248
vt 0.461542 0.307249
vt 0.457642 0.327485
vt 0.50801 0.312646
vt 0.502902 0.333477
usemtl phong4SG
f 5702/7255 5703/7256 5704/7257
f 5703/7256 5705/7258 5704/7257
f 5706/7259 5702/7255 5704/7257
f 5706/7259 5704/7257 5707/7260
f 5708/7261 5709/7262 5703/7256
f 5708/7261 5703/7256 5702/7255
f 5710/7263 5708/7261 5706/7259
f 5708/7261 5702/7255 5706/7259
f 5703/7256 5711/7264 5705/7258
f 5711/7264 5712/7265 5705/7258
f 5709/7262 5713/7266 5703/7256
f 5713/7266 5711/7264 5703/7256
f 5705/7267 5712/7268 5714/7269
f 5705/7267 5714/7269 5715/7270
f 5704/7271 5705/7267 5715/7270
f 5704/7271 5715/7270 5716/7272
f 5707/7273 5704/7271 5717/7274
f 5704/7271 5716/7272 5717/7274
f 5718/7275 5706/7259 5707/7260
f 5718/7275 5707/7260 5719/7276
f 5719/7277 5707/7273 5717/7274
f 5719/7277 5717/7274 5720/7278
f 5721/7279 5710/7263 5718/7275
f 5710/7263 5706/7259 5718/7275
f 5722/7280 5723/7281 5708/7261
f 5722/7280 5708/7261 5710/7263
f 5724/7282 5722/7280 5710/7263
f 5724/7282 5710/7263 5721/7279
f 5723/7281 5725/7283 5708/7261
f 5725/7283 5709/7262 5708/7261
f 5725/7283 5726/7284 5713/7266
f 5725/7283 5713/7266 5709/7262
f 5726/7284 5727/7285 5713/7266
f 5727/7285 5728/7286 5713/7266
f 5713/7266 5728/7286 5729/7287
f 5713/7266 5729/7287 5711/7264
f 5711/7264 5729/7287 5712/7265
f 5729/7287 5730/7288 5712/7265
f 5712/7268 5730/7289 5714/7269
f 5730/7289 5731/7290 5714/7269
f 5715/7270 5714/7269 5732/7291
f 5714/7269 5733/7292 5732/7291
f 5714/7269 5731/7290 5734/7293
f 5714/7269 5734/7293 5733/7292
f 5716/7272 5715/7270 5732/7291
f 5716/7272 5732/7291 5735/7294
f 5717/7274 5716/7272 5735/7294
f 5717/7274 5735/7294 5736/7295
f 5720/7278 5717/7274 5736/7295
f 5720/7278 5736/7295 5737/7296
f 5738/7297 5719/7298 5739/7299
f 5719/7298 5720/7300 5739/7299
f 5739/7299 5720/7300 5740/7301
f 5720/7300 5737/7302 5740/7301
f 5741/7303 5718/7304 5738/7305
f 5718/7304 5719/7306 5738/7305
f 5742/7307 5721/7308 5741/7303
f 5721/7308 5718/7304 5741/7303
f 5743/7309 5724/7310 5742/7307
f 5724/7310 5721/7308 5742/7307
f 5744/7311 5745/7312 5724/7282
f 5745/7312 5722/7280 5724/7282
f 5746/7313 5744/7314 5724/7310
f 5746/7313 5724/7310 5743/7309
f 5745/7312 5747/7315 5723/7281
f 5745/7312 5723/7281 5722/7280
f 5747/7315 5748/7316 5725/7283
f 5747/7315 5725/7283 5723/7281
f 5748/7316 5749/7317 5725/7283
f 5749/7317 5726/7284 5725/7283
f 5749/7317 5750/7318 5727/7285
f 5749/7317 5727/7285 5726/7284
f 5750/7318 5751/7319 5752/7320
f 5750/7318 5752/7320 5727/7285
f 5727/7285 5752/7320 5753/7321
f 5727/7285 5753/7321 5728/7286
f 5728/7286 5753/7321 5729/7287
f 5753/7321 5754/7322 5729/7287
f 5729/7287 5754/7322 5730/7288
f 5754/7322 5755/7323 5730/7288
f 5730/7289 5755/7324 5731/7290
f 5755/7324 5756/7325 5731/7290
f 5731/7290 5756/7325 5757/7326
f 5731/7290 5757/7326 5734/7293
f 5733/7292 5734/7293 5758/7327
f 5733/7292 5758/7327 5759/7328
f 5734/7293 5757/7326 5758/7327
f 5757/7326 5760/7329 5758/7327
f 5732/7291 5733/7292 5761/7330
f 5733/7292 5759/7328 5761/7330
f 5735/7294 5732/7291 5762/7331
f 5732/7291 5761/7330 5762/7331
f 5736/7295 5735/7294 5762/7331
f 5736/7295 5762/7331 5763/7332
f 5737/7296 5736/7295 5763/7332
f 5737/7296 5763/7332 5764/7333
f 5740/7301 5737/7302 5765/7334
f 5737/7302 5764/7335 5765/7334
f 5766/7336 5739/7299 5767/7337
f 5739/7299 5740/7301 5767/7337
f 5767/7337 5740/7301 5765/7334
f 5767/7337 5765/7334 5768/7338
f 5769/7339 5738/7297 5739/7299
f 5769/7339 5739/7299 5766/7336
f 5770/7340 5769/7339 5766/7336
f 5770/7340 5766/7336 5771/7341
f 5771/7341 5766/7336 5772/7342
f 5766/7336 5767/7337 5772/7342
f 5772/7342 5767/7337 5768/7338
f 5772/7342 5768/7338 5773/7343
f 5768/7338 5765/7334 5774/7344
f 5765/7334 5775/7345 5774/7344
f 5773/7343 5768/7338 5774/7344
f 5773/7343 5774/7344 5776/7346
f 5765/7334 5764/7335 5777/7347
f 5765/7334 5777/7347 5775/7345
f 5764/7333 5763/7332 5777/7348
f 5763/7332 5778/7349 5777/7348
f 5763/7332 5762/7331 5779/7350
f 5763/7332 5779/7350 5778/7349
f 5762/7331 5761/7330 5780/7351
f 5762/7331 5780/7351 5779/7350
f 5761/7330 5759/7328 5780/7351
f 5759/7328 5781/7352 5780/7351
f 5759/7328 5758/7327 5781/7352
f 5758/7327 5782/7353 5781/7352
f 5758/7327 5760/7329 5783/7354
f 5758/7327 5783/7354 5782/7353
f 5757/7326 5784/7355 5785/7356
f 5757/7326 5785/7356 5760/7329
f 5760/7329 5785/7356 5783/7354
f 5785/7356 5786/7357 5783/7354
f 5756/7325 5787/7358 5757/7326
f 5787/7358 5784/7355 5757/7326
f 5787/7358 5788/7359 5784/7355
f 5788/7359 5789/7360 5784/7355
f 5784/7355 5789/7360 5790/7361
f 5784/7355 5790/7361 5785/7356
f 5785/7356 5790/7361 5791/7362
f 5785/7356 5791/7362 5786/7357
f 5786/7357 5791/7362 5792/7363
f 5791/7362 5793/7364 5792/7363
f 5783/7354 5786/7357 5792/7363
f 5783/7354 5792/7363 5794/7365
f 5782/7353 5783/7354 5795/7366
f 5783/7354 5794/7365 5795/7366
f 5781/7352 5782/7353 5795/7366
f 5781/7352 5795/7366 5796/7367
f 5780/7351 5781/7352 5796/7367
f 5780/7351 5796/7367 5797/7368
f 5779/7350 5780/7351 5798/7369
f 5780/7351 5797/7368 5798/7369
f 5778/7349 5779/7350 5799/7370
f 5779/7350 5798/7369 5799/7370
f 5777/7348 5778/7349 5800/7371
f 5778/7349 5799/7370 5800/7371
f 5775/7345 5777/7347 5800/7372
f 5775/7345 5800/7372 5801/7373
f 5774/7344 5775/7345 5802/7374
f 5775/7345 5801/7373 5802/7374
f 5776/7346 5774/7344 5803/7375
f 5774/7344 5802/7374 5803/7375
f 5804/7376 5773/7343 5805/7377
f 5773/7343 5776/7346 5805/7377
f 5805/7377 5776/7346 5803/7375
f 5805/7377 5803/7375 5806/7378
f 5806/7378 5803/7375 5807/7379
f 5806/7378 5807/7379 5808/7380
f 5803/7375 5802/7374 5809/7381
f 5803/7375 5809/7381 5807/7379
f 5802/7374 5801/7373 5810/7382
f 5802/7374 5810/7382 5809/7381
f 5801/7373 5800/7372 5810/7382
f 5800/7372 5811/7383 5810/7382
f 5800/7371 5799/7370 5812/7384
f 5800/7371 5812/7384 5811/7385
f 5799/7370 5798/7369 5812/7384
f 5798/7369 5813/7386 5812/7384
f 5798/7369 5797/7368 5813/7386
f 5797/7368 5814/7387 5813/7386
f 5797/7368 5796/7367 5815/7388
f 5797/7368 5815/7388 5814/7387
f 5796/7367 5795/7366 5815/7388
f 5795/7366 5816/7389 5815/7388
f 5795/7366 5794/7365 5816/7389
f 5794/7365 5817/7390 5816/7389
f 5794/7365 5792/7363 5818/7391
f 5794/7365 5818/7391 5817/7390
f 5792/7363 5793/7364 5819/7392
f 5792/7363 5819/7392 5818/7391
f 5791/7393 5820/7394 5821/7395
f 5791/7393 5821/7395 5793/7396
f 5793/7396 5821/7395 5819/7397
f 5821/7395 5822/7398 5819/7397
f 5819/7397 5822/7398 5823/7399
f 5822/7398 5824/7400 5823/7399
f 5818/7391 5819/7392 5823/7401
f 5818/7391 5823/7401 5825/7402
f 5817/7390 5818/7391 5825/7402
f 5817/7390 5825/7402 5826/7403
f 5816/7389 5817/7390 5826/7403
f 5816/7389 5826/7403 5827/7404
f 5815/7388 5816/7389 5828/7405
f 5816/7389 5827/7404 5828/7405
f 5814/7387 5815/7388 5828/7405
f 5814/7387 5828/7405 5829/7406
f 5813/7386 5814/7387 5829/7406
f 5813/7386 5829/7406 5830/7407
f 5812/7384 5813/7386 5830/7407
f 5812/7384 5830/7407 5831/7408
f 5811/7385 5812/7384 5832/7409
f 5812/7384 5831/7408 5832/7409
f 5810/7382 5811/7383 5832/7410
f 5810/7382 5832/7410 5833/7411
f 5809/7381 5810/7382 5833/7411
f 5809/7381 5833/7411 5834/7412
f 5807/7379 5809/7381 5834/7412
f 5807/7379 5834/7412 5835/7413
f 5808/7380 5807/7379 5835/7413
f 5808/7380 5835/7413 5836/7414
f 5835/7413 5834/7412 5837/7415
f 5835/7413 5837/7415 5838/7416
f 5836/7414 5835/7413 5839/7417
f 5835/7413 5838/7416 5839/7417
f 5834/7412 5833/7411 5837/7415
f 5833/7411 5840/7418 5837/7415
f 5833/7411 5832/7410 5841/7419
f 5833/7411 5841/7419 5840/7418
f 5832/7409 5831/7408 5842/7420
f 5832/7409 5842/7420 5841/7421
f 5831/7408 5830/7407 5842/7420
f 5830/7407 5843/7422 5842/7420
f 5830/7407 5829/7406 5843/7422
f 5829/7406 5844/7423 5843/7422
f 5829/7406 5828/7405 5844/7423
f 5828/7405 5845/7424 5844/7423
f 5828/7405 5827/7404 5845/7424
f 5827/7404 5846/7425 5845/7424
f 5827/7404 5826/7403 5846/7425
f 5826/7403 5847/7426 5846/7425
f 5826/7403 5825/7402 5847/7426
f 5825/7402 5848/7427 5847/7426
f 5825/7402 5823/7401 5849/7428
f 5825/7402 5849/7428 5848/7427
f 5823/7399 5824/7400 5849/7429
f 5824/7400 5850/7430 5849/7429
f 5822/7398 5851/7431 5852/7432
f 5822/7398 5852/7432 5824/7400
f 5824/7400 5852/7432 5853/7433
f 5824/7400 5853/7433 5850/7430
f 5849/7429 5850/7430 5854/7434
f 5850/7430 5855/7435 5854/7434
f 5850/7430 5853/7433 5856/7436
f 5850/7430 5856/7436 5855/7435
f 5848/7427 5849/7428 5854/7437
f 5848/7427 5854/7437 5857/7438
f 5847/7426 5848/7427 5751/7319
f 5848/7427 5857/7438 5751/7319
f 5846/7425 5847/7426 5750/7318
f 5847/7426 5751/7319 5750/7318
f 5845/7424 5846/7425 5749/7317
f 5846/7425 5750/7318 5749/7317
f 5844/7423 5845/7424 5749/7317
f 5844/7423 5749/7317 5748/7316
f 5843/7422 5844/7423 5747/7315
f 5844/7423 5748/7316 5747/7315
f 5842/7420 5843/7422 5745/7312
f 5843/7422 5747/7315 5745/7312
f 5841/7421 5842/7420 5744/7311
f 5842/7420 5745/7312 5744/7311
f 5840/7418 5841/7419 5746/7313
f 5841/7419 5744/7314 5746/7313
f 5837/7415 5840/7418 5746/7313
f 5837/7415 5746/7313 5858/7439
f 5838/7416 5837/7415 5859/7440
f 5837/7415 5858/7439 5859/7440
f 5839/7417 5838/7416 5860/7441
f 5838/7416 5859/7440 5860/7441
f 5860/7441 5859/7440 5861/7442
f 5860/7441 5861/7442 5862/7443
f 5859/7440 5858/7439 5863/7444
f 5859/7440 5863/7444 5861/7442
f 5858/7439 5746/7313 5863/7444
f 5746/7313 5743/7309 5863/7444
f 5863/7444 5743/7309 5742/7307
f 5863/7444 5742/7307 5864/7445
f 5861/7442 5863/7444 5865/7446
f 5863/7444 5864/7445 5865/7446
f 5862/7443 5861/7442 5866/7447
f 5861/7442 5865/7446 5866/7447
f 5867/7448 5860/7441 5862/7443
f 5867/7448 5862/7443 5868/7449
f 5868/7449 5862/7443 5866/7447
f 5868/7449 5866/7447 5869/7450
f 5870/7451 5839/7417 5860/7441
f 5870/7451 5860/7441 5867/7448
f 5871/7452 5870/7451 5867/7448
f 5871/7452 5867/7448 5872/7453
f 5872/7453 5867/7448 5873/7454
f 5867/7448 5868/7449 5873/7454
f 5873/7454 5868/7449 5874/7455
f 5868/7449 5869/7450 5874/7455
f 5869/7450 5866/7447 5875/7456
f 5866/7447 5876/7457 5875/7456
f 5874/7455 5869/7450 5877/7458
f 5869/7450 5875/7456 5877/7458
f 5866/7447 5865/7446 5878/7459
f 5866/7447 5878/7459 5876/7457
f 5865/7446 5864/7445 5878/7459
f 5864/7445 5879/7460 5878/7459
f 5864/7445 5742/7307 5879/7460
f 5742/7307 5741/7303 5879/7460
f 5879/7460 5741/7303 5769/7461
f 5741/7303 5738/7305 5769/7461
f 5878/7459 5879/7460 5769/7461
f 5878/7459 5769/7461 5770/7462
f 5876/7457 5878/7459 5880/7463
f 5878/7459 5770/7462 5880/7463
f 5875/7456 5876/7457 5880/7463
f 5875/7456 5880/7463 5881/7464
f 5877/7458 5875/7456 5882/7465
f 5875/7456 5881/7464 5882/7465
f 5883/7466 5877/7458 5884/7467
f 5877/7458 5882/7465 5884/7467
f 5885/7468 5874/7455 5877/7458
f 5885/7468 5877/7458 5883/7466
f 5886/7469 5873/7454 5874/7455
f 5886/7469 5874/7455 5885/7468
f 5887/7470 5872/7453 5873/7454
f 5887/7470 5873/7454 5886/7469
f 5888/7471 5871/7452 5887/7470
f 5871/7452 5872/7453 5887/7470
f 5889/7472 5890/7473 5871/7452
f 5890/7473 5870/7451 5871/7452
f 5891/7474 5889/7472 5871/7452
f 5891/7474 5871/7452 5888/7471
f 5890/7473 5836/7414 5839/7417
f 5890/7473 5839/7417 5870/7451
f 5892/7475 5808/7380 5836/7414
f 5892/7475 5836/7414 5890/7473
f 5893/7476 5892/7475 5890/7473
f 5893/7476 5890/7473 5889/7472
f 5894/7477 5893/7476 5891/7474
f 5893/7476 5889/7472 5891/7474
f 5895/7478 5894/7477 5891/7474
f 5895/7478 5891/7474 5896/7479
f 5896/7479 5891/7474 5888/7471
f 5896/7479 5888/7471 5897/7480
f 5897/7480 5888/7471 5898/7481
f 5888/7471 5887/7470 5898/7481
f 5898/7481 5887/7470 5886/7469
f 5898/7481 5886/7469 5899/7482
f 5899/7482 5886/7469 5900/7483
f 5886/7469 5885/7468 5900/7483
f 5900/7483 5885/7468 5883/7466
f 5900/7483 5883/7466 5901/7484
f 5901/7484 5883/7466 5884/7467
f 5901/7484 5884/7467 5902/7485
f 5884/7486 5882/7487 5903/7488
f 5882/7487 5904/7489 5903/7488
f 5902/7490 5884/7486 5903/7488
f 5902/7490 5903/7488 5905/7491
f 5882/7487 5881/7492 5904/7489
f 5881/7492 5906/7493 5904/7489
f 5881/7492 5880/7494 5907/7495
f 5881/7492 5907/7495 5906/7493
f 5880/7494 5770/7340 5907/7495
f 5770/7340 5771/7341 5907/7495
f 5906/7493 5907/7495 5908/7496
f 5907/7495 5909/7497 5908/7496
f 5907/7495 5771/7341 5772/7342
f 5907/7495 5772/7342 5909/7497
f 5904/7489 5906/7493 5910/7498
f 5906/7493 5908/7496 5910/7498
f 5903/7488 5904/7489 5910/7498
f 5903/7488 5910/7498 5911/7499
f 5905/7491 5903/7488 5912/7500
f 5903/7488 5911/7499 5912/7500
f 5913/7501 5902/7490 5914/7502
f 5902/7490 5905/7491 5914/7502
f 5914/7502 5905/7491 5912/7500
f 5914/7502 5912/7500 5915/7503
f 5916/7504 5901/7484 5913/7505
f 5901/7484 5902/7485 5913/7505
f 5917/7506 5900/7483 5916/7504
f 5900/7483 5901/7484 5916/7504
f 5918/7507 5899/7482 5917/7506
f 5899/7482 5900/7483 5917/7506
f 5919/7508 5898/7481 5918/7507
f 5898/7481 5899/7482 5918/7507
f 5920/7509 5897/7480 5898/7481
f 5920/7509 5898/7481 5919/7508
f 5921/7510 5896/7479 5920/7509
f 5896/7479 5897/7480 5920/7509
f 5922/7511 5895/7478 5896/7479
f 5922/7511 5896/7479 5921/7510
f 5923/7512 5922/7511 5921/7510
f 5923/7512 5921/7510 5924/7513
f 5924/7513 5921/7510 5920/7509
f 5924/7513 5920/7509 5925/7514
f 5925/7514 5920/7509 5926/7515
f 5920/7509 5919/7508 5926/7515
f 5926/7515 5919/7508 5918/7507
f 5926/7515 5918/7507 5927/7516
f 5927/7516 5918/7507 5917/7506
f 5927/7516 5917/7506 5928/7517
f 5928/7517 5917/7506 5929/7518
f 5917/7506 5916/7504 5929/7518
f 5929/7518 5916/7504 5913/7505
f 5929/7518 5913/7505 5930/7519
f 5930/7520 5913/7501 5914/7502
f 5930/7520 5914/7502 5931/7521
f 5931/7521 5914/7502 5932/7522
f 5914/7502 5915/7503 5932/7522
f 5915/7503 5912/7500 5933/7523
f 5915/7503 5933/7523 5934/7524
f 5932/7522 5915/7503 5934/7524
f 5932/7522 5934/7524 5935/7525
f 5912/7500 5911/7499 5933/7523
f 5911/7499 5936/7526 5933/7523
f 5911/7499 5910/7498 5936/7526
f 5910/7498 5937/7527 5936/7526
f 5910/7498 5908/7496 5937/7527
f 5908/7496 5938/7528 5937/7527
f 5937/7527 5938/7528 5939/7529
f 5937/7527 5939/7529 5940/7530
f 5936/7526 5937/7527 5940/7530
f 5936/7526 5940/7530 5941/7531
f 5933/7523 5936/7526 5942/7532
f 5936/7526 5941/7531 5942/7532
f 5934/7524 5933/7523 5943/7533
f 5933/7523 5942/7532 5943/7533
f 5935/7525 5934/7524 5944/7534
f 5934/7524 5943/7533 5944/7534
f 5945/7535 5932/7522 5946/7536
f 5932/7522 5935/7525 5946/7536
f 5946/7536 5935/7525 5944/7534
f 5946/7536 5944/7534 5947/7537
f 5948/7538 5931/7521 5932/7522
f 5948/7538 5932/7522 5945/7535
f 5949/7539 5930/7520 5931/7521
f 5949/7539 5931/7521 5948/7538
f 5950/7540 5929/7518 5949/7541
f 5929/7518 5930/7519 5949/7541
f 5951/7542 5928/7517 5929/7518
f 5951/7542 5929/7518 5950/7540
f 5952/7543 5927/7516 5951/7542
f 5927/7516 5928/7517 5951/7542
f 5953/7544 5926/7515 5952/7543
f 5926/7515 5927/7516 5952/7543
f 5954/7545 5925/7514 5926/7515
f 5954/7545 5926/7515 5953/7544
f 5955/7546 5924/7513 5954/7545
f 5924/7513 5925/7514 5954/7545
f 5956/7547 5955/7546 5954/7545
f 5956/7547 5954/7545 5957/7548
f 5957/7548 5954/7545 5958/7549
f 5954/7545 5953/7544 5958/7549
f 5958/7549 5953/7544 5952/7543
f 5958/7549 5952/7543 5959/7550
f 5959/7550 5952/7543 5951/7542
f 5959/7550 5951/7542 5960/7551
f 5960/7551 5951/7542 5961/7552
f 5951/7542 5950/7540 5961/7552
f 5961/7552 5950/7540 5949/7541
f 5961/7552 5949/7541 5962/7553
f 5962/7554 5949/7539 5963/7555
f 5949/7539 5948/7538 5963/7555
f 5963/7555 5948/7538 5964/7556
f 5948/7538 5945/7535 5964/7556
f 5964/7556 5945/7535 5946/7536
f 5964/7556 5946/7536 5965/7557
f 5965/7557 5946/7536 5966/7558
f 5946/7536 5947/7537 5966/7558
f 5947/7537 5944/7534 5967/7559
f 5944/7534 5968/7560 5967/7559
f 5966/7558 5947/7537 5967/7559
f 5966/7558 5967/7559 5969/7561
f 5944/7534 5943/7533 5970/7562
f 5944/7534 5970/7562 5968/7560
f 5943/7533 5942/7532 5970/7562
f 5942/7532 5971/7563 5970/7562
f 5942/7532 5941/7531 5972/7564
f 5942/7532 5972/7564 5971/7563
f 5970/7562 5971/7563 5895/7478
f 5970/7562 5895/7478 5922/7511
f 5971/7563 5972/7564 5895/7478
f 5972/7564 5894/7477 5895/7478
f 5968/7560 5970/7562 5923/7512
f 5970/7562 5922/7511 5923/7512
f 5967/7559 5968/7560 5923/7512
f 5967/7559 5923/7512 5973/7565
f 5969/7561 5967/7559 5974/7566
f 5967/7559 5973/7565 5974/7566
f 5975/7567 5966/7558 5969/7561
f 5975/7567 5969/7561 5976/7568
f 5976/7568 5969/7561 5974/7566
f 5976/7568 5974/7566 5977/7569
f 5978/7570 5965/7557 5975/7567
f 5965/7557 5966/7558 5975/7567
f 5979/7571 5964/7556 5978/7570
f 5964/7556 5965/7557 5978/7570
f 5980/7572 5963/7555 5964/7556
f 5980/7572 5964/7556 5979/7571
f 5981/7573 5962/7554 5980/7572
f 5962/7554 5963/7555 5980/7572
f 5982/7574 5961/7552 5981/7575
f 5961/7552 5962/7553 5981/7575
f 5983/7576 5960/7551 5982/7574
f 5960/7551 5961/7552 5982/7574
f 5984/7577 5959/7550 5983/7576
f 5959/7550 5960/7551 5983/7576
f 5985/7578 5958/7549 5984/7577
f 5958/7549 5959/7550 5984/7577
f 5986/7579 5985/7580 5984/7581
f 5986/7579 5984/7581 5987/7582
f 5987/7582 5984/7581 5988/7583
f 5984/7581 5983/7584 5988/7583
f 5988/7583 5983/7584 5982/7585
f 5988/7583 5982/7585 5989/7586
f 5989/7586 5982/7585 5990/7587
f 5982/7585 5981/7588 5990/7587
f 5990/7589 5981/7590 5980/7591
f 5990/7589 5980/7591 5991/7592
f 5991/7592 5980/7591 5992/7593
f 5980/7591 5979/7594 5992/7593
f 5992/7593 5979/7594 5978/7595
f 5992/7593 5978/7595 5993/7596
f 5993/7596 5978/7595 5975/7597
f 5993/7596 5975/7597 5994/7598
f 5994/7598 5975/7597 5995/7599
f 5975/7597 5976/7600 5995/7599
f 5995/7599 5976/7600 5996/7601
f 5976/7600 5977/7602 5996/7601
f 5977/7569 5974/7566 5997/7603
f 5974/7566 5956/7547 5997/7603
f 5996/7601 5977/7602 5998/7604
f 5977/7602 5997/7605 5998/7604
f 5974/7566 5973/7565 5956/7547
f 5973/7565 5955/7546 5956/7547
f 5973/7565 5923/7512 5955/7546
f 5923/7512 5924/7513 5955/7546
f 5997/7603 5956/7547 5999/7606
f 5956/7547 5957/7548 5999/7606
f 5998/7604 5997/7605 5999/7607
f 5998/7604 5999/7607 6000/7608
f 6001/7609 5996/7601 6002/7610
f 5996/7601 5998/7604 6002/7610
f 6002/7610 5998/7604 6003/7611
f 5998/7604 6000/7608 6003/7611
f 6004/7612 5995/7599 5996/7601
f 6004/7612 5996/7601 6001/7609
f 6005/7613 5994/7598 5995/7599
f 6005/7613 5995/7599 6004/7612
f 6006/7614 5993/7596 6005/7613
f 5993/7596 5994/7598 6005/7613
f 6007/7615 5992/7593 5993/7596
f 6007/7615 5993/7596 6006/7614
f 6008/7616 5991/7592 6007/7615
f 5991/7592 5992/7593 6007/7615
f 6009/7617 5990/7589 6008/7616
f 5990/7589 5991/7592 6008/7616
f 6010/7618 5989/7586 5990/7587
f 6010/7618 5990/7587 6009/7619
f 6011/7620 5988/7583 6010/7618
f 5988/7583 5989/7586 6010/7618
f 6012/7621 5987/7582 5988/7583
f 6012/7621 5988/7583 6011/7620
f 6013/7622 5986/7579 5987/7582
f 6013/7622 5987/7582 6012/7621
f 6014/7623 6013/7622 6015/7624
f 6013/7622 6012/7621 6015/7624
f 6015/7624 6012/7621 6011/7620
f 6015/7624 6011/7620 6016/7625
f 6016/7625 6011/7620 6017/7626
f 6011/7620 6010/7618 6017/7626
f 6017/7626 6010/7618 6018/7627
f 6010/7618 6009/7619 6018/7627
f 6018/7628 6009/7617 6019/7629
f 6009/7617 6008/7616 6019/7629
f 6019/7629 6008/7616 6007/7615
f 6019/7629 6007/7615 6020/7630
f 6020/7630 6007/7615 6021/7631
f 6007/7615 6006/7614 6021/7631
f 6021/7631 6006/7614 6005/7613
f 6021/7631 6005/7613 6022/7632
f 6022/7632 6005/7613 6004/7612
f 6022/7632 6004/7612 6023/7633
f 6023/7633 6004/7612 6024/7634
f 6004/7612 6001/7609 6024/7634
f 6024/7634 6001/7609 6002/7610
f 6024/7634 6002/7610 6025/7635
f 6025/7635 6002/7610 6003/7611
f 6025/7635 6003/7611 6026/7636
f 6026/7636 6003/7611 6014/7623
f 6003/7611 6013/7622 6014/7623
f 6003/7611 6000/7608 5986/7579
f 6003/7611 5986/7579 6013/7622
f 6000/7608 5999/7607 5986/7579
f 5999/7607 5985/7580 5986/7579
f 5999/7606 5957/7548 5985/7578
f 5957/7548 5958/7549 5985/7578
f 6027/7637 6026/7636 6014/7623
f 6027/7637 6014/7623 6028/7638
f 6028/7638 6014/7623 6029/7639
f 6014/7623 6015/7624 6029/7639
f 6029/7639 6015/7624 6016/7625
f 6029/7639 6016/7625 6030/7640
f 6030/7640 6016/7625 6017/7626
f 6030/7640 6017/7626 6031/7641
f 6031/7641 6017/7626 6018/7627
f 6031/7641 6018/7627 6032/7642
f 6032/7643 6018/7628 6019/7629
f 6032/7643 6019/7629 6033/7644
f 6033/7644 6019/7629 6034/7645
f 6019/7629 6020/7630 6034/7645
f 6034/7645 6020/7630 6021/7631
f 6034/7645 6021/7631 6035/7646
f 6035/7646 6021/7631 6036/7647
f 6021/7631 6022/7632 6036/7647
f 6036/7647 6022/7632 6037/7648
f 6022/7632 6023/7633 6037/7648
f 6037/7648 6023/7633 6038/7649
f 6023/7633 6024/7634 6038/7649
f 6038/7649 6024/7634 6025/7635
f 6038/7649 6025/7635 6039/7650
f 6039/7650 6025/7635 6027/7637
f 6025/7635 6026/7636 6027/7637
f 6040/7651 6039/7650 6027/7637
f 6040/7651 6027/7637 6041/7652
f 6041/7652 6027/7637 6042/7653
f 6027/7637 6028/7638 6042/7653
f 6042/7653 6028/7638 6029/7639
f 6042/7653 6029/7639 6043/7654
f 6043/7654 6029/7639 6044/7655
f 6029/7639 6030/7640 6044/7655
f 6044/7655 6030/7640 6045/7656
f 6030/7640 6031/7641 6045/7656
f 6045/7656 6031/7641 6032/7642
f 6045/7656 6032/7642 6046/7657
f 6046/7658 6032/7643 6033/7644
f 6046/7658 6033/7644 6047/7659
f 6047/7659 6033/7644 6034/7645
f 6047/7659 6034/7645 6048/7660
f 6048/7660 6034/7645 6035/7646
f 6048/7660 6035/7646 6049/7661
f 6049/7661 6035/7646 6036/7647
f 6049/7661 6036/7647 6050/7662
f 6050/7662 6036/7647 6051/7663
f 6036/7647 6037/7648 6051/7663
f 6051/7663 6037/7648 6052/7664
f 6037/7648 6038/7649 6052/7664
f 6052/7664 6038/7649 6039/7650
f 6052/7664 6039/7650 6040/7651
f 6053/7665 6052/7664 6040/7651
f 6053/7665 6040/7651 6054/7666
f 6054/7666 6040/7651 6041/7652
f 6054/7666 6041/7652 6055/7667
f 6055/7667 6041/7652 6056/7668
f 6041/7652 6042/7653 6056/7668
f 6056/7668 6042/7653 6057/7669
f 6042/7653 6043/7654 6057/7669
f 6057/7669 6043/7654 6058/7670
f 6043/7654 6044/7655 6058/7670
f 6058/7670 6044/7655 6045/7656
f 6058/7670 6045/7656 6059/7671
f 6059/7671 6045/7656 6060/7672
f 6045/7656 6046/7657 6060/7672
f 6060/7673 6046/7658 6061/7674
f 6046/7658 6047/7659 6061/7674
f 6061/7674 6047/7659 6048/7660
f 6061/7674 6048/7660 6062/7675
f 6062/7675 6048/7660 6063/7676
f 6048/7660 6049/7661 6063/7676
f 6063/7676 6049/7661 6050/7662
f 6063/7676 6050/7662 6064/7677
f 6064/7677 6050/7662 6051/7663
f 6064/7677 6051/7663 6065/7678
f 6065/7678 6051/7663 6052/7664
f 6065/7678 6052/7664 6053/7665
f 6066/7679 6065/7678 6053/7665
f 6066/7679 6053/7665 6067/7680
f 6067/7680 6053/7665 6054/7666
f 6067/7680 6054/7666 6068/7681
f 6068/7681 6054/7666 6069/7682
f 6054/7666 6055/7667 6069/7682
f 6069/7682 6055/7667 6056/7668
f 6069/7682 6056/7668 6070/7683
f 6070/7683 6056/7668 6071/7684
f 6056/7668 6057/7669 6071/7684
f 6071/7684 6057/7669 6058/7670
f 6071/7684 6058/7670 6072/7685
f 6072/7685 6058/7670 6073/7686
f 6058/7670 6059/7671 6073/7686
f 6073/7686 6059/7671 6060/7672
f 6073/7686 6060/7672 6074/7687
f 6074/7688 6060/7673 6061/7674
f 6074/7688 6061/7674 6075/7689
f 6075/7689 6061/7674 6076/7690
f 6061/7674 6062/7675 6076/7690
f 6076/7690 6062/7675 6063/7676
f 6076/7690 6063/7676 6077/7691
f 6077/7691 6063/7676 6078/7692
f 6063/7676 6064/7677 6078/7692
f 6078/7692 6064/7677 6066/7679
f 6064/7677 6065/7678 6066/7679
f 6079/7693 6078/7692 6066/7679
f 6079/7693 6066/7679 6080/7694
f 6080/7694 6066/7679 6081/7695
f 6066/7679 6067/7680 6081/7695
f 6081/7695 6067/7680 6068/7681
f 6081/7695 6068/7681 6082/7696
f 6082/7696 6068/7681 6083/7697
f 6068/7681 6069/7682 6083/7697
f 6083/7697 6069/7682 6070/7683
f 6083/7697 6070/7683 6084/7698
f 6084/7698 6070/7683 6085/7699
f 6070/7683 6071/7684 6085/7699
f 6085/7699 6071/7684 6086/7700
f 6071/7684 6072/7685 6086/7700
f 6086/7700 6072/7685 6073/7686
f 6086/7700 6073/7686 6087/7701
f 6087/7701 6073/7686 6088/7702
f 6073/7686 6074/7687 6088/7702
f 6088/7703 6074/7688 6089/7704
f 6074/7688 6075/7689 6089/7704
f 6089/7704 6075/7689 6076/7690
f 6089/7704 6076/7690 6090/7705
f 6090/7705 6076/7690 6091/7706
f 6076/7690 6077/7691 6091/7706
f 6091/7706 6077/7691 6078/7692
f 6091/7706 6078/7692 6079/7693
f 6092/7707 6091/7706 6079/7693
f 6092/7707 6079/7693 6093/7708
f 6093/7708 6079/7693 6080/7694
f 6093/7708 6080/7694 6094/7709
f 6094/7709 6080/7694 6081/7695
f 6094/7709 6081/7695 6095/7710
f 6095/7710 6081/7695 6082/7696
f 6095/7710 6082/7696 6096/7711
f 6096/7711 6082/7696 6097/7712
f 6082/7696 6083/7697 6097/7712
f 6097/7712 6083/7697 6098/7713
f 6083/7697 6084/7698 6098/7713
f 6098/7713 6084/7698 6085/7699
f 6098/7713 6085/7699 6099/7714
f 6099/7714 6085/7699 6100/7715
f 6085/7699 6086/7700 6100/7715
f 6100/7715 6086/7700 6087/7701
f 6100/7715 6087/7701 6101/7716
f 6101/7716 6087/7701 6088/7702
f 6101/7716 6088/7702 6102/7717
f 6102/7718 6088/7703 6089/7704
f 6102/7718 6089/7704 6103/7719
f 6103/7719 6089/7704 6090/7705
f 6103/7719 6090/7705 6104/7720
f 6104/7720 6090/7705 6092/7707
f 6090/7705 6091/7706 6092/7707
f 6105/7721 6104/7720 6092/7707
f 6105/7721 6092/7707 6106/7722
f 6106/7722 6092/7707 6107/7723
f 6092/7707 6093/7708 6107/7723
f 6107/7723 6093/7708 6094/7709
f 6107/7723 6094/7709 6108/7724
f 6108/7724 6094/7709 5851/7431
f 6094/7709 6095/7710 5851/7431
f 5851/7431 6095/7710 5852/7432
f 6095/7710 6096/7711 5852/7432
f 5852/7432 6096/7711 5853/7433
f 6096/7711 6097/7712 5853/7433
f 5853/7433 6097/7712 6098/7713
f 5853/7433 6098/7713 5856/7436
f 5856/7436 6098/7713 6109/7725
f 6098/7713 6099/7714 6109/7725
f 6109/7725 6099/7714 6100/7715
f 6109/7725 6100/7715 6110/7726
f 6110/7726 6100/7715 6101/7716
f 6110/7726 6101/7716 6111/7727
f 6111/7727 6101/7716 6102/7717
f 6111/7727 6102/7717 6112/7728
f 6112/7729 6102/7718 6103/7719
f 6112/7729 6103/7719 6113/7730
f 6113/7730 6103/7719 6105/7721
f 6103/7719 6104/7720 6105/7721
f 6114/7731 6113/7730 6105/7721
f 6114/7731 6105/7721 6115/7732
f 6115/7732 6105/7721 6116/7733
f 6105/7721 6106/7722 6116/7733
f 6116/7733 6106/7722 5820/7394
f 6106/7722 6107/7723 5820/7394
f 5820/7394 6107/7723 6108/7724
f 5820/7394 6108/7724 5821/7395
f 5821/7395 6108/7724 5851/7431
f 5821/7395 5851/7431 5822/7398
f 5790/7734 6116/7733 5820/7394
f 5790/7734 5820/7394 5791/7393
f 5789/7360 6115/7735 5790/7361
f 6115/7735 6116/7736 5790/7361
f 5788/7359 6114/7737 5789/7360
f 6114/7737 6115/7735 5789/7360
f 6117/7738 6112/7729 6113/7730
f 6117/7738 6113/7730 6114/7731
f 6118/7739 6117/7740 5788/7359
f 6117/7740 6114/7737 5788/7359
f 6119/7741 6111/7727 6117/7742
f 6111/7727 6112/7728 6117/7742
f 6120/7743 6110/7726 6119/7741
f 6110/7726 6111/7727 6119/7741
f 6121/7744 6109/7725 6110/7726
f 6121/7744 6110/7726 6120/7743
f 5855/7435 5856/7436 6121/7744
f 5856/7436 6109/7725 6121/7744
f 5854/7434 5855/7435 6121/7744
f 5854/7434 6121/7744 6122/7745
f 6122/7746 6121/7747 6123/7748
f 6121/7747 6120/7749 6123/7748
f 6123/7748 6120/7749 6119/7750
f 6123/7748 6119/7750 6124/7751
f 6124/7751 6119/7750 6118/7752
f 6119/7750 6117/7753 6118/7752
f 6125/7754 6124/7751 6118/7752
f 6125/7754 6118/7752 6126/7755
f 6126/7756 6118/7739 5788/7359
f 6126/7756 5788/7359 5787/7358
f 6127/7757 6123/7748 6125/7754
f 6123/7748 6124/7751 6125/7754
f 6128/7758 6122/7746 6123/7748
f 6128/7758 6123/7748 6127/7757
f 5857/7438 5854/7437 6128/7758
f 5854/7437 6122/7746 6128/7758
f 5751/7319 5857/7438 5752/7320
f 5857/7438 6128/7758 5752/7320
f 5752/7320 6128/7758 5753/7321
f 6128/7758 6127/7757 5753/7321
f 5753/7321 6127/7757 6125/7754
f 5753/7321 6125/7754 5754/7322
f 5754/7322 6125/7754 6126/7755
f 5754/7322 6126/7755 5755/7323
f 5755/7324 6126/7756 5787/7358
f 5755/7324 5787/7358 5756/7325
f 5972/7564 6129/7759 5893/7476
f 5972/7564 5893/7476 5894/7477
f 5941/7531 5940/7530 6129/7759
f 5941/7531 6129/7759 5972/7564
f 5940/7530 5939/7529 6129/7759
f 5939/7529 6130/7760 6129/7759
f 6129/7759 6130/7760 5892/7475
f 6129/7759 5892/7475 5893/7476
f 5938/7528 5804/7376 5939/7529
f 5804/7376 5805/7377 5939/7529
f 5939/7529 5805/7377 5806/7378
f 5939/7529 5806/7378 6130/7760
f 6130/7760 5806/7378 5892/7475
f 5806/7378 5808/7380 5892/7475
f 5909/7497 5772/7342 5804/7376
f 5772/7342 5773/7343 5804/7376
f 5908/7496 5909/7497 5804/7376
f 5908/7496 5804/7376 5938/7528
f 6131/7761 6132/7762 6133/7763
f 6131/7761 6133/7763 6134/7764
f 6135/7765 6131/7761 6134/7764
f 6135/7765 6134/7764 6136/7766
f 6137/7767 6138/7768 6132/7762
f 6137/7767 6132/7762 6131/7761
f 6139/7769 6137/7767 6131/7761
f 6139/7769 6131/7761 6135/7765
f 6132/7762 6140/7770 6133/7763
f 6140/7770 6141/7771 6133/7763
f 6138/7768 6142/7772 6132/7762
f 6142/7772 6140/7770 6132/7762
f 6133/7773 6141/7774 6143/7775
f 6141/7774 6144/7776 6143/7775
f 6134/7777 6133/7773 6143/7775
f 6134/7777 6143/7775 6145/7778
f 6136/7779 6134/7777 6146/7780
f 6134/7777 6145/7778 6146/7780
f 6147/7781 6135/7765 6148/7782
f 6135/7765 6136/7766 6148/7782
f 6148/7783 6136/7779 6146/7780
f 6148/7783 6146/7780 6149/7784
f 6150/7785 6139/7769 6147/7781
f 6139/7769 6135/7765 6147/7781
f 6151/7786 6152/7787 6150/7785
f 6152/7787 6139/7769 6150/7785
f 6152/7787 6153/7788 6137/7767
f 6152/7787 6137/7767 6139/7769
f 6153/7788 6154/7789 6137/7767
f 6154/7789 6138/7768 6137/7767
f 6154/7789 6155/7790 6142/7772
f 6154/7789 6142/7772 6138/7768
f 6155/7790 6156/7791 6142/7772
f 6156/7791 6157/7792 6142/7772
f 6142/7772 6157/7792 6158/7793
f 6142/7772 6158/7793 6140/7770
f 6140/7770 6158/7793 6159/7794
f 6140/7770 6159/7794 6141/7771
f 6141/7774 6159/7795 6160/7796
f 6141/7774 6160/7796 6144/7776
f 6143/7775 6144/7776 6161/7797
f 6143/7775 6161/7797 6162/7798
f 6144/7776 6160/7796 6161/7797
f 6160/7796 6163/7799 6161/7797
f 6145/7778 6143/7775 6164/7800
f 6143/7775 6162/7798 6164/7800
f 6146/7780 6145/7778 6165/7801
f 6145/7778 6164/7800 6165/7801
f 6149/7784 6146/7780 6165/7801
f 6149/7784 6165/7801 6166/7802
f 6167/7803 6148/7804 6168/7805
f 6148/7804 6149/7806 6168/7805
f 6168/7805 6149/7806 6169/7807
f 6149/7806 6166/7808 6169/7807
f 6170/7809 6147/7810 6167/7811
f 6147/7810 6148/7812 6167/7811
f 6171/7813 6150/7814 6147/7810
f 6171/7813 6147/7810 6170/7809
f 6172/7815 6151/7816 6171/7813
f 6151/7816 6150/7814 6171/7813
f 6173/7817 6174/7818 6152/7787
f 6173/7817 6152/7787 6151/7786
f 6175/7819 6173/7820 6172/7815
f 6173/7820 6151/7816 6172/7815
f 6174/7818 6176/7821 6153/7788
f 6174/7818 6153/7788 6152/7787
f 6176/7821 6177/7822 6154/7789
f 6176/7821 6154/7789 6153/7788
f 6177/7822 6178/7823 6154/7789
f 6178/7823 6155/7790 6154/7789
f 6178/7823 6179/7824 6155/7790
f 6179/7824 6156/7791 6155/7790
f 6179/7824 6180/7825 6181/7826
f 6179/7824 6181/7826 6156/7791
f 6156/7791 6181/7826 6182/7827
f 6156/7791 6182/7827 6157/7792
f 6157/7792 6182/7827 6158/7793
f 6182/7827 6183/7828 6158/7793
f 6158/7793 6183/7828 6159/7794
f 6183/7828 6184/7829 6159/7794
f 6159/7795 6184/7830 6160/7796
f 6184/7830 6185/7831 6160/7796
f 6160/7796 6185/7831 6186/7832
f 6160/7796 6186/7832 6163/7799
f 6163/7799 6186/7832 6187/7833
f 6163/7799 6187/7833 6188/7834
f 6161/7797 6163/7799 6188/7834
f 6161/7797 6188/7834 6189/7835
f 6162/7798 6161/7797 6190/7836
f 6161/7797 6189/7835 6190/7836
f 6164/7800 6162/7798 6190/7836
f 6164/7800 6190/7836 6191/7837
f 6165/7801 6164/7800 6192/7838
f 6164/7800 6191/7837 6192/7838
f 6166/7802 6165/7801 6192/7838
f 6166/7802 6192/7838 6193/7839
f 6169/7807 6166/7808 6193/7840
f 6169/7807 6193/7840 6194/7841
f 6195/7842 6168/7805 6169/7807
f 6195/7842 6169/7807 6196/7843
f 6196/7843 6169/7807 6197/7844
f 6169/7807 6194/7841 6197/7844
f 6198/7845 6167/7803 6168/7805
f 6198/7845 6168/7805 6195/7842
f 6199/7846 6198/7845 6200/7847
f 6198/7845 6195/7842 6200/7847
f 6200/7847 6195/7842 6196/7843
f 6200/7847 6196/7843 6201/7848
f 6201/7848 6196/7843 6197/7844
f 6201/7848 6197/7844 6202/7849
f 6197/7844 6194/7841 6175/7819
f 6197/7844 6175/7819 6203/7850
f 6202/7849 6197/7844 6204/7851
f 6197/7844 6203/7850 6204/7851
f 6194/7841 6193/7840 6175/7819
f 6193/7840 6173/7820 6175/7819
f 6203/7850 6175/7819 6172/7815
f 6203/7850 6172/7815 6205/7852
f 6204/7851 6203/7850 6206/7853
f 6203/7850 6205/7852 6206/7853
f 6207/7854 6202/7849 6204/7851
f 6207/7854 6204/7851 6208/7855
f 6208/7855 6204/7851 6206/7853
f 6208/7855 6206/7853 6209/7856
f 6210/7857 6201/7848 6207/7854
f 6201/7848 6202/7849 6207/7854
f 6211/7858 6200/7847 6210/7857
f 6200/7847 6201/7848 6210/7857
f 6212/7859 6199/7846 6200/7847
f 6212/7859 6200/7847 6211/7858
f 6213/7860 6214/7861 6199/7862
f 6213/7860 6199/7862 6212/7863
f 6214/7861 6215/7864 6199/7862
f 6215/7864 6198/7865 6199/7862
f 6215/7864 6170/7809 6167/7811
f 6215/7864 6167/7811 6198/7865
f 6216/7866 6171/7813 6215/7864
f 6171/7813 6170/7809 6215/7864
f 6217/7867 6216/7866 6215/7864
f 6217/7867 6215/7864 6214/7861
f 6218/7868 6217/7867 6213/7860
f 6217/7867 6214/7861 6213/7860
f 6219/7869 6213/7860 6220/7870
f 6213/7860 6212/7863 6220/7870
f 6221/7871 6218/7868 6219/7869
f 6218/7868 6213/7860 6219/7869
f 6220/7872 6212/7859 6222/7873
f 6212/7859 6211/7858 6222/7873
f 6222/7873 6211/7858 6210/7857
f 6222/7873 6210/7857 6223/7874
f 6223/7874 6210/7857 6207/7854
f 6223/7874 6207/7854 6224/7875
f 6224/7875 6207/7854 6225/7876
f 6207/7854 6208/7855 6225/7876
f 6225/7876 6208/7855 6226/7877
f 6208/7855 6209/7856 6226/7877
f 6209/7856 6206/7853 6217/7867
f 6209/7856 6217/7867 6218/7868
f 6226/7877 6209/7856 6218/7868
f 6226/7877 6218/7868 6221/7871
f 6206/7853 6205/7852 6216/7866
f 6206/7853 6216/7866 6217/7867
f 6205/7852 6172/7815 6171/7813
f 6205/7852 6171/7813 6216/7866
f 6227/7878 6226/7877 6228/7879
f 6226/7877 6221/7871 6228/7879
f 6228/7879 6221/7871 6219/7869
f 6228/7879 6219/7869 6229/7880
f 6229/7880 6219/7869 6220/7870
f 6229/7880 6220/7870 6230/7881
f 6230/7882 6220/7872 6231/7883
f 6220/7872 6222/7873 6231/7883
f 6231/7883 6222/7873 6232/7884
f 6222/7873 6223/7874 6232/7884
f 6232/7884 6223/7874 6224/7875
f 6232/7884 6224/7875 6233/7885
f 6233/7885 6224/7875 6225/7876
f 6233/7885 6225/7876 6234/7886
f 6234/7886 6225/7876 6226/7877
f 6234/7886 6226/7877 6227/7878
f 6235/7887 6234/7886 6236/7888
f 6234/7886 6227/7878 6236/7888
f 6236/7888 6227/7878 6237/7889
f 6227/7878 6228/7879 6237/7889
f 6237/7889 6228/7879 6229/7880
f 6237/7889 6229/7880 6238/7890
f 6238/7890 6229/7880 6239/7891
f 6229/7880 6230/7881 6239/7891
f 6239/7892 6230/7882 6240/7893
f 6230/7882 6231/7883 6240/7893
f 6240/7893 6231/7883 6232/7884
f 6240/7893 6232/7884 6241/7894
f 6241/7894 6232/7884 6242/7895
f 6232/7884 6233/7885 6242/7895
f 6242/7895 6233/7885 6235/7887
f 6233/7885 6234/7886 6235/7887
f 6243/7896 6242/7895 6235/7887
f 6243/7896 6235/7887 6244/7897
f 6244/7897 6235/7887 6236/7888
f 6244/7897 6236/7888 6245/7898
f 6245/7898 6236/7888 6237/7889
f 6245/7898 6237/7889 6246/7899
f 6246/7899 6237/7889 6247/7900
f 6237/7889 6238/7890 6247/7900
f 6247/7900 6238/7890 6239/7891
f 6247/7900 6239/7891 6248/7901
f 6248/7902 6239/7892 6240/7893
f 6248/7902 6240/7893 6249/7903
f 6249/7903 6240/7893 6250/7904
f 6240/7893 6241/7894 6250/7904
f 6250/7904 6241/7894 6243/7896
f 6241/7894 6242/7895 6243/7896
f 6251/7905 6250/7906 6252/7907
f 6250/7906 6243/7908 6252/7907
f 6252/7907 6243/7908 6253/7909
f 6243/7908 6244/7910 6253/7909
f 6253/7909 6244/7910 6254/7911
f 6244/7910 6245/7912 6254/7911
f 6254/7911 6245/7912 6255/7913
f 6245/7912 6246/7914 6255/7913
f 6255/7913 6246/7914 6247/7915
f 6255/7913 6247/7915 6256/7916
f 6256/7916 6247/7915 6257/7917
f 6247/7915 6248/7918 6257/7917
f 6257/7919 6248/7920 6258/7921
f 6248/7920 6249/7922 6258/7921
f 6258/7921 6249/7922 6250/7906
f 6258/7921 6250/7906 6251/7905
f 6259/7923 6258/7921 6260/7924
f 6258/7921 6251/7905 6260/7924
f 6260/7924 6251/7905 6252/7907
f 6260/7924 6252/7907 6261/7925
f 6261/7925 6252/7907 6253/7909
f 6261/7925 6253/7909 6262/7926
f 6262/7926 6253/7909 6254/7911
f 6262/7926 6254/7911 6263/7927
f 6263/7927 6254/7911 6264/7928
f 6254/7911 6255/7913 6264/7928
f 6264/7928 6255/7913 6265/7929
f 6255/7913 6256/7916 6265/7929
f 6265/7929 6256/7916 6257/7917
f 6265/7929 6257/7917 6266/7930
f 6266/7931 6257/7919 6258/7921
f 6266/7931 6258/7921 6259/7923
f 6267/7932 6266/7931 6259/7923
f 6267/7932 6259/7923 6268/7933
f 6268/7933 6259/7923 6260/7924
f 6268/7933 6260/7924 6269/7934
f 6269/7934 6260/7924 6270/7935
f 6260/7924 6261/7925 6270/7935
f 6270/7935 6261/7925 6262/7926
f 6270/7935 6262/7926 6271/7936
f 6271/7936 6262/7926 6272/7937
f 6262/7926 6263/7927 6272/7937
f 6272/7937 6263/7927 6264/7928
f 6272/7937 6264/7928 6273/7938
f 6273/7938 6264/7928 6265/7929
f 6273/7938 6265/7929 6274/7939
f 6274/7939 6265/7929 6266/7930
f 6274/7939 6266/7930 6267/7940
f 6275/7941 6274/7939 6276/7942
f 6274/7939 6267/7940 6276/7942
f 6276/7943 6267/7932 6277/7944
f 6267/7932 6268/7933 6277/7944
f 6277/7944 6268/7933 6278/7945
f 6268/7933 6269/7934 6278/7945
f 6278/7945 6269/7934 6279/7946
f 6269/7934 6270/7935 6279/7946
f 6279/7946 6270/7935 6280/7947
f 6270/7935 6271/7936 6280/7947
f 6280/7947 6271/7936 6272/7937
f 6280/7947 6272/7937 6281/7948
f 6281/7948 6272/7937 6282/7949
f 6272/7937 6273/7938 6282/7949
f 6282/7949 6273/7938 6275/7941
f 6273/7938 6274/7939 6275/7941
f 6283/7950 6275/7941 6284/7951
f 6275/7941 6276/7942 6284/7951
f 6285/7952 6282/7949 6275/7941
f 6285/7952 6275/7941 6283/7950
f 6284/7953 6276/7943 6286/7954
f 6276/7943 6277/7944 6286/7954
f 6286/7954 6277/7944 6287/7955
f 6277/7944 6278/7945 6287/7955
f 6287/7955 6278/7945 6279/7946
f 6287/7955 6279/7946 6288/7956
f 6288/7956 6279/7946 6289/7957
f 6279/7946 6280/7947 6289/7957
f 6289/7957 6280/7947 6290/7958
f 6280/7947 6281/7948 6290/7958
f 6290/7958 6281/7948 6282/7949
f 6290/7958 6282/7949 6285/7952
f 6291/7959 6290/7958 6292/7960
f 6290/7958 6285/7952 6292/7960
f 6292/7960 6285/7952 6283/7950
f 6292/7960 6283/7950 6293/7961
f 6293/7961 6283/7950 6284/7951
f 6293/7961 6284/7951 6294/7962
f 6294/7963 6284/7953 6286/7954
f 6294/7963 6286/7954 6295/7964
f 6295/7964 6286/7954 6287/7955
f 6295/7964 6287/7955 6296/7965
f 6296/7965 6287/7955 6297/7966
f 6287/7955 6288/7956 6297/7966
f 6297/7966 6288/7956 6289/7957
f 6297/7966 6289/7957 6298/7967
f 6298/7967 6289/7957 6290/7958
f 6298/7967 6290/7958 6291/7959
f 6299/7968 6298/7967 6300/7969
f 6298/7967 6291/7959 6300/7969
f 6300/7969 6291/7959 6292/7960
f 6300/7969 6292/7960 6301/7970
f 6301/7970 6292/7960 6302/7971
f 6292/7960 6293/7961 6302/7971
f 6302/7971 6293/7961 6303/7972
f 6293/7961 6294/7962 6303/7972
f 6303/7973 6294/7963 6304/7974
f 6294/7963 6295/7964 6304/7974
f 6304/7974 6295/7964 6296/7965
f 6304/7974 6296/7965 6305/7975
f 6305/7975 6296/7965 6297/7966
f 6305/7975 6297/7966 6306/7976
f 6306/7976 6297/7966 6299/7968
f 6297/7966 6298/7967 6299/7968
f 6307/7977 6306/7976 6308/7978
f 6306/7976 6299/7968 6308/7978
f 6308/7978 6299/7968 6309/7979
f 6299/7968 6300/7969 6309/7979
f 6309/7979 6300/7969 6310/7980
f 6300/7969 6301/7970 6310/7980
f 6310/7980 6301/7970 6302/7971
f 6310/7980 6302/7971 6311/7981
f 6311/7981 6302/7971 6303/7972
f 6311/7981 6303/7972 6312/7982
f 6312/7983 6303/7973 6304/7974
f 6312/7983 6304/7974 6313/7984
f 6313/7984 6304/7974 6314/7985
f 6304/7974 6305/7975 6314/7985
f 6314/7985 6305/7975 6307/7977
f 6305/7975 6306/7976 6307/7977
f 6315/7986 6314/7987 6307/7988
f 6315/7986 6307/7988 6316/7989
f 6316/7989 6307/7988 6308/7990
f 6316/7989 6308/7990 6317/7991
f 6317/7991 6308/7990 6309/7992
f 6317/7991 6309/7992 6318/7993
f 6318/7993 6309/7992 6319/7994
f 6309/7992 6310/7995 6319/7994
f 6319/7994 6310/7995 6320/7996
f 6310/7995 6311/7997 6320/7996
f 6320/7996 6311/7997 6312/7998
f 6320/7996 6312/7998 6321/7999
f 6321/8000 6312/8001 6313/8002
f 6321/8000 6313/8002 6322/8003
f 6322/8003 6313/8002 6315/7986
f 6313/8002 6314/7987 6315/7986
f 6323/8004 6322/8003 6315/7986
f 6323/8004 6315/7986 6324/8005
f 6324/8005 6315/7986 6325/8006
f 6315/7986 6316/7989 6325/8006
f 6325/8006 6316/7989 6317/7991
f 6325/8006 6317/7991 6326/8007
f 6326/8007 6317/7991 6318/7993
f 6326/8007 6318/7993 6327/8008
f 6327/8008 6318/7993 6319/7994
f 6327/8008 6319/7994 6328/8009
f 6328/8009 6319/7994 6320/7996
f 6328/8009 6320/7996 6329/8010
f 6329/8010 6320/7996 6330/8011
f 6320/7996 6321/7999 6330/8011
f 6330/8012 6321/8000 6323/8004
f 6321/8000 6322/8003 6323/8004
f 6331/8013 6330/8012 6332/8014
f 6330/8012 6323/8004 6332/8014
f 6332/8014 6323/8004 6333/8015
f 6323/8004 6324/8005 6333/8015
f 6333/8015 6324/8005 6325/8006
f 6333/8015 6325/8006 6334/8016
f 6334/8016 6325/8006 6335/8017
f 6325/8006 6326/8007 6335/8017
f 6335/8017 6326/8007 6336/8018
f 6326/8007 6327/8008 6336/8018
f 6336/8018 6327/8008 6328/8009
f 6336/8018 6328/8009 6337/8019
f 6337/8019 6328/8009 6338/8020
f 6328/8009 6329/8010 6338/8020
f 6338/8020 6329/8010 6331/8021
f 6329/8010 6330/8011 6331/8021
f 6339/8022 6338/8020 6331/8021
f 6339/8022 6331/8021 6340/8023
f 6340/8024 6331/8013 6332/8014
f 6340/8024 6332/8014 6341/8025
f 6341/8025 6332/8014 6342/8026
f 6332/8014 6333/8015 6342/8026
f 6342/8026 6333/8015 6334/8016
f 6342/8026 6334/8016 6343/8027
f 6343/8027 6334/8016 6344/8028
f 6334/8016 6335/8017 6344/8028
f 6344/8028 6335/8017 6336/8018
f 6344/8028 6336/8018 6345/8029
f 6345/8029 6336/8018 6337/8019
f 6345/8029 6337/8019 6346/8030
f 6346/8030 6337/8019 6339/8022
f 6337/8019 6338/8020 6339/8022
f 6347/8031 6339/8022 6348/8032
f 6339/8022 6340/8023 6348/8032
f 6349/8033 6346/8030 6347/8031
f 6346/8030 6339/8022 6347/8031
f 6348/8034 6340/8024 6341/8025
f 6348/8034 6341/8025 6350/8035
f 6350/8035 6341/8025 6351/8036
f 6341/8025 6342/8026 6351/8036
f 6351/8036 6342/8026 6352/8037
f 6342/8026 6343/8027 6352/8037
f 6352/8037 6343/8027 6344/8028
f 6352/8037 6344/8028 6353/8038
f 6353/8038 6344/8028 6354/8039
f 6344/8028 6345/8029 6354/8039
f 6354/8039 6345/8029 6346/8030
f 6354/8039 6346/8030 6349/8033
f 6355/8040 6354/8039 6356/8041
f 6354/8039 6349/8033 6356/8041
f 6356/8041 6349/8033 6347/8031
f 6356/8041 6347/8031 6357/8042
f 6357/8042 6347/8031 6358/8043
f 6347/8031 6348/8032 6358/8043
f 6358/8044 6348/8034 6359/8045
f 6348/8034 6350/8035 6359/8045
f 6359/8045 6350/8035 6351/8036
f 6359/8045 6351/8036 6360/8046
f 6360/8046 6351/8036 6352/8037
f 6360/8046 6352/8037 6361/8047
f 6361/8047 6352/8037 6362/8048
f 6352/8037 6353/8038 6362/8048
f 6362/8048 6353/8038 6354/8039
f 6362/8048 6354/8039 6355/8040
f 6363/8049 6362/8048 6364/8050
f 6362/8048 6355/8040 6364/8050
f 6364/8050 6355/8040 6356/8041
f 6364/8050 6356/8041 6365/8051
f 6365/8051 6356/8041 6366/8052
f 6356/8041 6357/8042 6366/8052
f 6366/8052 6357/8042 6358/8043
f 6366/8052 6358/8043 6367/8053
f 6367/8054 6358/8044 6359/8045
f 6367/8054 6359/8045 6368/8055
f 6368/8055 6359/8045 6369/8056
f 6359/8045 6360/8046 6369/8056
f 6369/8056 6360/8046 6361/8047
f 6369/8056 6361/8047 6370/8057
f 6370/8057 6361/8047 6362/8048
f 6370/8057 6362/8048 6363/8049
f 6371/8058 6370/8057 6372/8059
f 6370/8057 6363/8049 6372/8059
f 6372/8059 6363/8049 6364/8050
f 6372/8059 6364/8050 6373/8060
f 6373/8060 6364/8050 6374/8061
f 6364/8050 6365/8051 6374/8061
f 6374/8061 6365/8051 6375/8062
f 6365/8051 6366/8052 6375/8062
f 6375/8062 6366/8052 6367/8053
f 6375/8062 6367/8053 6376/8063
f 6376/8064 6367/8054 6377/8065
f 6367/8054 6368/8055 6377/8065
f 6377/8065 6368/8055 6369/8056
f 6377/8065 6369/8056 6378/8066
f 6378/8066 6369/8056 6370/8057
f 6378/8066 6370/8057 6371/8058
f 6379/8067 6378/8068 6380/8069
f 6378/8068 6371/8070 6380/8069
f 6380/8069 6371/8070 6381/8071
f 6371/8070 6372/8072 6381/8071
f 6381/8071 6372/8072 6382/8073
f 6372/8072 6373/8074 6382/8073
f 6382/8073 6373/8074 6374/8075
f 6382/8073 6374/8075 6383/8076
f 6383/8076 6374/8075 6384/8077
f 6374/8075 6375/8078 6384/8077
f 6384/8077 6375/8078 6385/8079
f 6375/8078 6376/8080 6385/8079
f 6385/8081 6376/8082 6386/8083
f 6376/8082 6377/8084 6386/8083
f 6386/8083 6377/8084 6379/8067
f 6377/8084 6378/8068 6379/8067
f 6185/7831 6386/8083 6186/7832
f 6386/8083 6379/8067 6186/7832
f 6186/7832 6379/8067 6187/7833
f 6379/8067 6380/8069 6187/7833
f 6187/7833 6380/8069 6381/8071
f 6187/7833 6381/8071 6180/7825
f 6180/7825 6381/8071 6382/8073
f 6180/7825 6382/8073 6181/7826
f 6181/7826 6382/8073 6182/7827
f 6382/8073 6383/8076 6182/7827
f 6182/7827 6383/8076 6384/8077
f 6182/7827 6384/8077 6183/7828
f 6183/7828 6384/8077 6385/8079
f 6183/7828 6385/8079 6184/7829
f 6184/7830 6385/8081 6386/8083
f 6184/7830 6386/8083 6185/7831
f 6188/7834 6187/7833 6180/7825
f 6188/7834 6180/7825 6179/7824
f 6189/7835 6188/7834 6178/7823
f 6188/7834 6179/7824 6178/7823
f 6190/7836 6189/7835 6178/7823
f 6190/7836 6178/7823 6177/7822
f 6191/7837 6190/7836 6177/7822
f 6191/7837 6177/7822 6176/7821
f 6192/7838 6191/7837 6176/7821
f 6192/7838 6176/7821 6174/7818
f 6193/7839 6192/7838 6173/7817
f 6192/7838 6174/7818 6173/7817
s off
