# Apple ModelIO OBJ File: NPC2_B_Texture
mtllib NPC2_B_Texture.mtl
g ears_standardSurface9SG
v 2.2228 8.48453 -0.106388
v 2.0426 7.91295 0.067495
v 2.14022 7.96557 0.34162
v 2.32041 8.53715 0.167737
v 2.2574 7.42415 0.012771
v 2.35502 7.47677 0.286896
v 2.88659 7.41718 -0.167089
v 2.93479 7.4698 0.107036
v 3.10493 8.097 -0.35413
v 3.19745 8.14962 -0.080005
v 2.82015 8.5673 -0.334993
v 2.91777 8.61992 -0.060869
v -2.2228 8.48453 -0.106388
v -2.32041 8.53714 0.167737
v -2.0426 7.91295 0.067495
v -2.14022 7.96557 0.34162
v -2.35502 7.47677 0.286896
v -2.2574 7.42415 0.012771
v -2.93479 7.4698 0.107035
v -2.88659 7.41718 -0.167089
v -3.19745 8.14962 -0.080005
v -3.10493 8.097 -0.354131
v -2.82015 8.5673 -0.334994
v -2.91777 8.61992 -0.060869
vn -0.898688 0.359676 0.250983
vn -0.832595 -0.407837 0.374772
vn 0.041541 -0.983211 0.177679
vn 0.914917 -0.368809 -0.164035
vn 0.790555 0.489408 -0.368106
vn -0.182049 0.975636 -0.122446
vn -0.329256 -0.136774 -0.934282
vn 0.33582 0.129807 0.932939
vn 0.898688 0.359677 0.250982
vn 0.832596 -0.407836 0.374771
vn -0.041542 -0.983211 0.17768
vn -0.914917 -0.368809 -0.164035
vn -0.914916 -0.368809 -0.164035
vn -0.790554 0.489408 -0.368108
vn 0.18205 0.975636 -0.122444
vn 0.329257 -0.136774 -0.934282
vn -0.33582 0.129807 0.932939
vt 0.212098 0.140539
vt 0.212272 0.119471
vt 0.222889 0.119154
vt 0.222948 0.140564
vt 0.208255 0.099662
vt 0.219515 0.09933
vt 0.209476 0.074262
vt 0.22033 0.076304
vt 0.214866 0.045464
vt 0.226341 0.047346
vt 0.211232 0.189967
vt 0.211517 0.166359
vt 0.223606 0.189709
vt 0.223646 0.166308
vt 0.193383 0.150617
vt 0.199703 0.106925
vt 0.179373 0.114516
vt 0.179317 0.13906
vt 0.241787 0.151292
vt 0.256255 0.139842
vt 0.255513 0.114337
vt 0.236329 0.106568
vt 0.316479 0.143767
vt 0.305492 0.143751
vt 0.315853 0.122629
vt 0.306072 0.122637
vt 0.307549 0.104608
vt 0.318416 0.10442
vt 0.305629 0.080971
vt 0.317111 0.078722
vt 0.299249 0.049113
vt 0.311859 0.047166
vt 0.316071 0.191198
vt 0.304422 0.190532
vt 0.31682 0.169085
vt 0.305222 0.168818
vt 0.336119 0.153312
vt 0.350106 0.141024
vt 0.349021 0.116329
vt 0.328256 0.109561
vt 0.285722 0.153346
vt 0.293671 0.109547
vt 0.274382 0.115801
vt 0.271875 0.140959
usemtl standardSurface9SG
f 1/1/1 2/2/1 3/3/1
f 1/1/1 3/3/1 4/4/1
f 2/2/2 5/5/2 6/6/2
f 2/2/2 6/6/2 3/3/2
f 5/5/3 7/7/3 8/8/3
f 5/5/3 8/8/3 6/6/3
f 7/7/4 9/9/4 10/10/4
f 7/7/4 10/10/4 8/8/4
f 9/11/5 11/12/5 10/13/5
f 11/12/5 12/14/5 10/13/5
f 11/12/6 1/1/6 4/4/6
f 11/12/6 4/4/6 12/14/6
f 2/2/7 1/1/7 11/15/7
f 5/16/7 2/2/7 11/15/7
f 7/17/7 5/16/7 11/15/7
f 9/18/7 7/17/7 11/15/7
f 12/19/8 4/4/8 3/3/8
f 10/20/8 12/19/8 3/3/8
f 8/21/8 10/20/8 3/3/8
f 6/22/8 8/21/8 3/3/8
f 13/23/9 14/24/9 15/25/9
f 14/24/9 16/26/9 15/25/9
f 15/25/10 16/26/10 17/27/10
f 15/25/10 17/27/10 18/28/10
f 18/28/11 17/27/11 19/29/11
f 18/28/11 19/29/11 20/30/11
f 20/30/12 19/29/13 21/31/12
f 20/30/12 21/31/12 22/32/12
f 22/33/14 21/34/14 23/35/14
f 21/34/14 24/36/14 23/35/14
f 23/35/15 24/36/15 13/23/15
f 24/36/15 14/24/15 13/23/15
f 23/37/16 13/23/16 15/25/16
f 22/38/16 23/37/16 15/25/16
f 20/39/16 22/38/16 15/25/16
f 18/40/16 20/39/16 15/25/16
f 16/26/17 14/24/17 24/41/17
f 17/42/17 16/26/17 24/41/17
f 19/43/17 17/42/17 24/41/17
f 21/44/17 19/43/17 24/41/17
s off
g Head_uv_standardSurface9SG
v -1.49909 6.86566 1.70769
v -0.932178 6.58586 1.90204
v -0.94273 7.0904 2.26195
v -1.63769 7.14496 1.81887
v 0 7.59548 2.71365
v -0.167244 7.56355 2.59586
v -0.093999 7.52707 2.55722
v 0 7.49096 2.54543
v 0.093999 7.52707 2.55722
v 0.167244 7.56355 2.59586
v 0.932178 6.58586 1.90204
v 1.49909 6.86566 1.70769
v 0.94273 7.0904 2.26195
v 1.63769 7.14496 1.81887
v -1.74026 7.5639 1.90127
v -0.958559 7.56495 2.45609
v -1.7884 7.80827 1.85458
v -0.969355 7.80302 2.46079
v 0 7.71294 2.65202
v 0.958559 7.56495 2.45609
v 1.74026 7.5639 1.90127
v 1.7884 7.80827 1.85458
v 0.969355 7.80302 2.46079
v -1.90073 8.37845 1.74563
v -0.994544 8.3585 2.32788
v -1.81386 9.3416 1.88175
v -0.94317 9.36367 2.45735
v 0 8.37568 2.53691
v 0 9.42661 2.59694
v 0.994544 8.3585 2.32788
v 0.94317 9.36367 2.45735
v 1.90073 8.37845 1.74563
v 1.81386 9.3416 1.88175
v -1.61553 10.1371 1.72347
v -0.880555 10.3836 2.13084
v 0 10.5342 2.29417
v 0.880555 10.3836 2.13084
v 1.61553 10.1371 1.72347
v -0.966513 11.0784 1.12155
v -1.87108 10.5524 1.05489
v 0 11.2445 1.15543
v 0.966513 11.0784 1.12155
v 1.87108 10.5524 1.05489
v -1.11856 11.3146 0.045172
v -2.06698 10.7348 0.045447
v 0 11.5274 0.059209
v 1.11856 11.3146 0.045172
v 2.06698 10.7348 0.045447
v -1.86657 10.5073 -0.917276
v -1.08163 11.0813 -1.02421
v 0 11.2884 -1.07715
v 1.08163 11.0813 -1.02421
v 1.86657 10.5073 -0.917276
v -1.59048 10.271 -1.51308
v -0.983943 10.523 -1.77952
v 0 10.6935 -1.95894
v 0.983943 10.523 -1.77952
v 1.59048 10.271 -1.51308
v -1.02893 9.74749 -2.26963
v -1.82164 9.66387 -1.73093
v 0 9.77469 -2.41974
v 1.02893 9.74749 -2.26963
v 1.82164 9.66387 -1.73093
v -1.02561 8.7057 -2.39305
v -1.95511 8.69887 -1.87953
v 0 8.71468 -2.60195
v 1.02561 8.7057 -2.39305
v 1.95511 8.69887 -1.87953
v -1.84646 8.05952 -1.78044
v -1.00707 8.05899 -2.26937
v -1.79989 7.78551 -1.73797
v -0.999131 7.78183 -2.21637
v 0 8.00562 -2.44926
v 0 7.70173 -2.38382
v 1.00707 8.05899 -2.26937
v 0.999131 7.78183 -2.21637
v 1.84646 8.05952 -1.78044
v 1.79989 7.78551 -1.73797
v -1.65021 7.47616 -1.59703
v -0.95819 7.39474 -1.92021
v -1.55042 7.26992 -1.50307
v -0.930897 7.13668 -1.72277
v 0 7.21506 -2.07803
v 0 6.89061 -1.87417
v 0.95819 7.39474 -1.92021
v 0.930897 7.13668 -1.72277
v 1.65021 7.47616 -1.59703
v 1.55042 7.26992 -1.50307
v -0.961065 6.61434 -0.928243
v -1.81125 7.09085 -0.925469
v 0 6.37666 -0.949484
v 0.961065 6.61434 -0.928243
v 1.81125 7.09085 -0.925469
v -1.93438 6.8076 0.050215
v -0.985586 6.36333 0.046816
v 0 6.17808 0.051105
v 0.985586 6.36325 0.046816
v 1.93438 6.80753 0.050215
v -0.963641 6.35853 1.05823
v -1.79364 6.77996 1.07037
v 0 6.12322 1.0495
v 0.963641 6.35853 1.05823
v 1.79364 6.77996 1.07037
v 0 6.40054 1.93023
v 2.01522 7.34021 -0.96288
v 2.1785 7.14198 0.04711
v 2.09799 7.10502 0.983983
v 2.32117 7.71425 -1.019
v 2.37526 7.97635 -1.02059
v 2.54469 7.64367 0.042452
v 2.58675 7.90334 0.037388
v 2.37173 7.5926 0.976414
v 2.40915 7.84791 0.963871
v 2.50146 8.58793 -1.02432
v 2.34715 9.62337 -1.00312
v 2.68489 8.50925 0.025571
v 2.58533 9.48523 0.029167
v 2.49647 8.44363 0.934606
v 2.39778 9.38588 0.924507
v -2.01522 7.34021 -0.96288
v -2.1785 7.14203 0.04711
v -2.09799 7.10502 0.983983
v -2.32117 7.71425 -1.019
v -2.37526 7.97635 -1.02059
v -2.54469 7.64367 0.042452
v -2.58675 7.90334 0.037388
v -2.37173 7.5926 0.976414
v -2.40915 7.84791 0.963871
v -2.50146 8.58793 -1.02432
v -2.34715 9.62337 -1.00312
v -2.68489 8.50925 0.025571
v -2.58533 9.48523 0.029167
v -2.49647 8.44363 0.934606
v -2.39778 9.38588 0.924507
v -0.98015 8.04108 2.4171
v -0.111496 8.04791 2.47782
v 0 6.98279 2.31374
v 0.111496 8.04791 2.47782
v 0.98015 8.04108 2.4171
v 0 8.06879 2.55664
v 0 7.83863 2.60977
v 0.195118 7.80209 2.46953
v -0.195118 7.80209 2.46953
v 0 7.45262 2.43751
v -0.13937 7.49084 2.47339
v 0.13937 7.49084 2.47339
v 0.27874 7.57442 2.47296
v -0.27874 7.57442 2.47296
v -1.83654 8.05263 1.80789
v -2.44657 8.10322 0.951329
v -2.62881 8.16302 0.032324
v -2.42935 8.23846 -1.02219
v -1.89302 8.33353 -1.82291
v -1.01502 8.33615 -2.32237
v 0 8.3095 -2.5147
v 1.01502 8.33615 -2.32237
v 1.89302 8.33353 -1.82291
v 2.42935 8.23846 -1.02219
v 2.62881 8.16302 0.032324
v 2.44657 8.10322 0.951329
v 1.83654 8.05263 1.80789
vn -0.491255 -0.515458 0.70212
vn -0.23723 -0.556342 0.79637
vn -0.270217 -0.445939 0.8533
vn -0.524151 -0.392772 0.755642
vn 0 -0.312009 0.950079
vn -0.641716 -0.055203 0.764953
vn -0.259912 -0.853667 0.451329
vn 0 -0.889208 0.457503
vn 0.259912 -0.853667 0.451329
vn 0.641716 -0.055203 0.764953
vn 0.23723 -0.556342 0.79637
vn 0.491255 -0.515458 0.70212
vn 0.270217 -0.445939 0.8533
vn 0.524151 -0.392772 0.755642
vn -0.566013 -0.187266 0.802846
vn -0.311181 -0.231777 0.921654
vn -0.586205 0.047207 0.808787
vn -0.357395 0.042446 0.932988
vn 0 0.369124 0.92938
vn 0.311181 -0.231777 0.921654
vn 0.566013 -0.187266 0.802845
vn 0.586205 0.047208 0.808787
vn 0.357395 0.042446 0.932988
vn -0.548512 -0.028969 0.835641
vn -0.383507 -0.036054 0.922834
vn -0.549275 0.078306 0.831965
vn -0.360185 0.094746 0.928057
vn 0 -0.058354 0.998296
vn -0 0.109744 0.99396
vn 0.383507 -0.036054 0.922834
vn 0.360185 0.094746 0.928057
vn 0.548512 -0.028969 0.835641
vn 0.549275 0.078306 0.831965
vn -0.53453 0.288925 0.794229
vn -0.337496 0.290806 0.895281
vn -0 0.288859 0.957372
vn 0.337496 0.290806 0.895281
vn 0.53453 0.288925 0.794229
vn -0.480755 0.683087 0.549789
vn -0.306934 0.775776 0.551329
vn -0.331116 0.857209 0.394404
vn -0.500372 0.777659 0.380624
vn -0 0.83314 0.553061
vn -0 0.915486 0.40235
vn 0.306934 0.775776 0.551329
vn 0.331116 0.857209 0.394404
vn 0.480754 0.683087 0.549789
vn 0.500372 0.777659 0.380624
vn -0.363476 0.931567 0.008206
vn -0.541721 0.840514 0.008645
vn -0 0.999947 0.010329
vn 0.363476 0.931567 0.008206
vn 0.541721 0.840514 0.008645
vn -0.549176 0.761972 -0.343228
vn -0.353214 0.858014 -0.372897
vn 0 0.92245 -0.386117
vn 0.353214 0.858014 -0.372897
vn 0.549176 0.761972 -0.343228
vn -0.532989 0.656654 -0.533599
vn -0.322937 0.758037 -0.566649
vn 0 0.811477 -0.584385
vn 0.322937 0.758037 -0.566649
vn 0.532989 0.656654 -0.533599
vn -0.522301 0.468984 -0.712219
vn -0.312071 0.486427 -0.816089
vn -0.337126 0.296078 -0.893691
vn -0.528808 0.2615 -0.807453
vn 0 0.493265 -0.869879
vn 0 0.311973 -0.950091
vn 0.312071 0.486427 -0.816089
vn 0.337126 0.296078 -0.893691
vn 0.522301 0.468984 -0.712219
vn 0.528808 0.2615 -0.807453
vn -0.343102 0.053168 -0.937792
vn -0.515821 0.054669 -0.85495
vn -0 0.051947 -0.99865
vn 0.343102 0.053168 -0.937792
vn 0.515821 0.054669 -0.85495
vn -0.49349 -0.195602 -0.847471
vn -0.334457 -0.200033 -0.920937
vn -0.463434 -0.40015 -0.790638
vn -0.31254 -0.420421 -0.851801
vn -0 -0.202173 -0.97935
vn -0 -0.448345 -0.89386
vn 0.334457 -0.200033 -0.920937
vn 0.31254 -0.420421 -0.851801
vn 0.49349 -0.195602 -0.847471
vn 0.463434 -0.40015 -0.790638
vn -0.409555 -0.562745 -0.718041
vn -0.297496 -0.563755 -0.770504
vn -0.392994 -0.563579 -0.726591
vn -0.302167 -0.56044 -0.771105
vn -0 -0.574711 -0.818357
vn 0 -0.575664 -0.817686
vn 0.297496 -0.563755 -0.770504
vn 0.302167 -0.56044 -0.771105
vn 0.409554 -0.562745 -0.718041
vn 0.392994 -0.563579 -0.726591
vn -0.396913 -0.780423 -0.483115
vn -0.307354 -0.811684 -0.496691
vn -0.323251 -0.876154 -0.357579
vn -0.427382 -0.835556 -0.345241
vn -0 -0.854375 -0.519657
vn -1e-05 -0.929817 -0.368021
vn 0.307354 -0.811684 -0.496691
vn 0.323239 -0.876147 -0.357606
vn 0.396913 -0.780423 -0.483115
vn 0.427375 -0.835543 -0.345281
vn -0.443314 -0.886452 -0.132946
vn -0.328548 -0.936237 -0.124566
vn -1.9e-05 -0.992145 -0.125095
vn 0.328529 -0.936243 -0.124566
vn 0.443314 -0.886452 -0.132949
vn -0.322209 -0.939413 0.116976
vn -0.447556 -0.888571 0.100676
vn -1.1e-05 -0.993325 0.115346
vn 0.322199 -0.939413 0.117007
vn 0.447554 -0.888566 0.100725
vn -0.459633 -0.843034 0.27934
vn -0.305548 -0.909808 0.280873
vn 0 -0.958686 0.284468
vn 0.305548 -0.909808 0.280873
vn 0.459633 -0.843034 0.27934
vn 0.732289 -0.597161 -0.327339
vn 0.654627 -0.577211 -0.48815
vn 0.728955 -0.598637 -0.332052
vn 0.645382 -0.575215 -0.502603
vn 0.775922 -0.626591 -0.073002
vn 0.798014 -0.597691 -0.077065
vn 0.759257 -0.597837 0.257138
vn 0.811454 -0.52502 0.256702
vn 0.724376 -0.548085 0.418188
vn 0.770403 -0.432198 0.468705
vn 0.815968 -0.454412 -0.357359
vn 0.724941 -0.41 -0.553498
vn 0.794952 -0.196428 -0.573993
vn 0.902188 -0.191641 -0.386433
vn 0.889767 -0.452349 -0.060792
vn 0.985606 -0.16653 -0.02911
vn 0.878439 -0.360674 0.313463
vn 0.913654 -0.10933 0.391513
vn 0.80725 -0.280498 0.519296
vn 0.820231 -0.073201 0.56733
vn 0.931918 0.055123 -0.358456
vn 0.830519 0.07601 -0.551779
vn 0.795818 0.283157 -0.535253
vn 0.892362 0.290639 -0.345281
vn 0.999123 0.041605 -0.004718
vn 0.961202 0.275648 0.010437
vn 0.915959 0.024364 0.400532
vn 0.901643 0.22225 0.371006
vn 0.8257 0.012738 0.563966
vn 0.826361 0.176365 0.534811
vn 0.731333 0.452949 -0.509892
vn 0.84601 0.436926 -0.305552
vn 0.912975 0.407229 0.025318
vn 0.870911 0.350568 0.344407
vn 0.808009 0.305743 0.50363
vn -0.654627 -0.577211 -0.48815
vn -0.732284 -0.597179 -0.32732
vn -0.728947 -0.598651 -0.332043
vn -0.645382 -0.575215 -0.502603
vn -0.775905 -0.626611 -0.073012
vn -0.798 -0.59771 -0.077067
vn -0.759252 -0.597849 0.257126
vn -0.811449 -0.525033 0.256691
vn -0.724376 -0.548086 0.418188
vn -0.770403 -0.432198 0.468705
vn -0.724941 -0.41 -0.553498
vn -0.815965 -0.454419 -0.357356
vn -0.794952 -0.196427 -0.573993
vn -0.902188 -0.191641 -0.386433
vn -0.889762 -0.452359 -0.060792
vn -0.985607 -0.16653 -0.02911
vn -0.878437 -0.36068 0.313461
vn -0.913655 -0.10933 0.391513
vn -0.80725 -0.280498 0.519296
vn -0.820231 -0.073201 0.56733
vn -0.830519 0.07601 -0.551779
vn -0.931918 0.055123 -0.358456
vn -0.795818 0.283158 -0.535253
vn -0.892362 0.290639 -0.345281
vn -0.999123 0.041605 -0.004719
vn -0.961202 0.275648 0.010437
vn -0.915959 0.024364 0.400532
vn -0.901643 0.222251 0.371006
vn -0.8257 0.012738 0.563966
vn -0.826361 0.176365 0.534811
vn -0.731332 0.452949 -0.509892
vn -0.84601 0.436926 -0.305552
vn -0.912975 0.407229 0.025318
vn -0.870911 0.350568 0.344407
vn -0.808009 0.305743 0.50363
vn -0.362668 0.091946 0.927371
vn -0.173594 0.082293 0.981373
vn 0 -0.565403 0.824815
vn 0 -0.476216 0.879328
vn 0.173594 0.082293 0.981373
vn 0.362668 0.091946 0.927371
vn 0 0.168557 0.985692
vn 0 0.292914 0.956139
vn 0.163156 0.099145 0.981606
vn -0.163156 0.099145 0.981606
vn 0 -0.914357 0.404909
vn -0.317457 -0.859274 0.401085
vn 0.317457 -0.859274 0.401085
vn 0.128403 0.017408 0.991569
vn -0.128403 0.017408 0.991569
vn -0.564624 0.110495 0.817919
vn -0.910379 -0.108104 0.399403
vn -0.814179 -0.071109 0.576243
vn -0.985898 -0.166298 -0.018723
vn -0.905731 -0.192229 -0.377755
vn -0.805381 -0.197154 -0.55901
vn -0.482776 -0.195607 -0.853619
vn -0.334839 -0.199638 -0.920884
vn 0 -0.202252 -0.979333
vn 0.334839 -0.199638 -0.920884
vn 0.482776 -0.195607 -0.853619
vn 0.905731 -0.192229 -0.377756
vn 0.805381 -0.197154 -0.55901
vn 0.985898 -0.166298 -0.018723
vn 0.910379 -0.108104 0.399403
vn 0.814179 -0.071109 0.576243
vn 0.564624 0.110495 0.817919
vn 0.054935 -0.339249 0.939091
vn -0.054935 -0.339249 0.939091
vn 0 -0.342498 0.939519
vt 0.597364 0.109709
vt 0.615277 0.096462
vt 0.621552 0.110274
vt 0.59783 0.120269
vt 0.669573 0.131856
vt 0.661714 0.130508
vt 0.663631 0.128381
vt 0.665548 0.126253
vt 0.68971 0.125089
vt 0.69184 0.127003
vt 0.684197 0.129511
vt 0.687581 0.123175
vt 0.739722 0.093918
vt 0.756534 0.109052
vt 0.732695 0.106735
vt 0.755482 0.119413
vt 0.598529 0.13611
vt 0.630966 0.130992
vt 0.596861 0.144328
vt 0.631194 0.139721
vt 0.669287 0.135979
vt 0.684461 0.133779
vt 0.721271 0.127112
vt 0.753905 0.134956
vt 0.755249 0.14357
vt 0.721185 0.136504
vt 0.592971 0.163503
vt 0.631728 0.160089
vt 0.600481 0.195241
vt 0.636887 0.19544
vt 0.667664 0.159339
vt 0.670161 0.199447
vt 0.685954 0.157963
vt 0.720984 0.158418
vt 0.716485 0.196151
vt 0.68402 0.200467
vt 0.758385 0.163671
vt 0.750948 0.196695
vt 0.603486 0.22347
vt 0.632778 0.232436
vt 0.662611 0.243563
vt 0.720009 0.234516
vt 0.690212 0.24559
vt 0.74813 0.22545
vt 0.607804 0.267816
vt 0.581346 0.24167
vt 0.636439 0.28831
vt 0.715889 0.292606
vt 0.743448 0.270584
vt 0.768479 0.244047
vt 0.577255 0.293394
vt 0.54991 0.2601
vt 0.609627 0.3206
vt 0.745939 0.323252
vt 0.774273 0.294645
vt 0.798939 0.262201
vt 0.393606 0.097083
vt 0.420992 0.06402
vt 0.424575 0.115962
vt 0.448641 0.091619
vt 0.452562 0.035949
vt 0.480601 0.068615
vt 0.907637 0.039885
vt 0.937215 0.070063
vt 0.907735 0.095708
vt 0.877422 0.070562
vt 0.962271 0.104926
vt 0.930074 0.12164
vt 0.445856 0.127807
vt 0.468461 0.117925
vt 0.501921 0.103793
vt 0.886164 0.120594
vt 0.853741 0.104201
vt 0.908037 0.132002
vt 0.476811 0.148256
vt 0.444273 0.150597
vt 0.51334 0.142849
vt 0.839682 0.142389
vt 0.875759 0.150285
vt 0.908053 0.154844
vt 0.478555 0.183598
vt 0.442989 0.181739
vt 0.515911 0.185656
vt 0.834191 0.18492
vt 0.871602 0.185424
vt 0.907203 0.186005
vt 0.442292 0.202394
vt 0.47496 0.205642
vt 0.441993 0.211246
vt 0.473419 0.215089
vt 0.510306 0.214056
vt 0.507903 0.226227
vt 0.837837 0.213636
vt 0.873679 0.20766
vt 0.874569 0.21719
vt 0.8394 0.225943
vt 0.906485 0.206658
vt 0.906177 0.215509
vt 0.441785 0.22355
vt 0.467159 0.230989
vt 0.441647 0.231753
vt 0.462986 0.241589
vt 0.498582 0.246996
vt 0.492368 0.260842
vt 0.847276 0.247302
vt 0.879724 0.233479
vt 0.883161 0.244339
vt 0.852527 0.261541
vt 0.905541 0.227796
vt 0.905117 0.235988
vt 0.441089 0.267688
vt 0.420194 0.240152
vt 0.466799 0.292644
vt 0.875857 0.295016
vt 0.903214 0.271877
vt 0.925939 0.245835
vt 0.389235 0.259752
vt 0.413853 0.291943
vt 0.439534 0.318819
vt 0.901264 0.322997
vt 0.928723 0.297943
vt 0.955484 0.267518
vt 0.538324 0.095506
vt 0.55834 0.058526
vt 0.58982 0.07651
vt 0.572889 0.105102
vt 0.580435 0.027676
vt 0.610878 0.047861
vt 0.781598 0.029467
vt 0.800593 0.061064
vt 0.749366 0.04627
vt 0.767224 0.076755
vt 0.817836 0.098393
vt 0.781367 0.106215
vt 0.635541 0.07122
vt 0.722254 0.066751
vt 0.929938 0.235436
vt 0.962467 0.252614
vt 0.821319 0.11482
vt 0.78589 0.119239
vt 0.935936 0.219836
vt 0.937446 0.21104
vt 0.97294 0.23026
vt 0.97463 0.219865
vt 0.792674 0.138774
vt 0.826543 0.139461
vt 0.792942 0.14793
vt 0.826365 0.150184
vt 0.940969 0.190516
vt 0.938793 0.155558
vt 0.978572 0.19561
vt 0.977024 0.156244
vt 0.793568 0.169293
vt 0.82595 0.175206
vt 0.78796 0.202964
vt 0.817865 0.214
vt 0.416916 0.229501
vt 0.383288 0.244405
vt 0.533574 0.111765
vt 0.567545 0.118021
vt 0.411998 0.213526
vt 0.411094 0.204646
vt 0.374369 0.221385
vt 0.373395 0.210899
vt 0.526448 0.136154
vt 0.559529 0.1374
vt 0.558758 0.146496
vt 0.525854 0.14671
vt 0.408984 0.183928
vt 0.413551 0.149201
vt 0.371123 0.186432
vt 0.375368 0.147269
vt 0.524468 0.17134
vt 0.55696 0.16772
vt 0.561357 0.201013
vt 0.530151 0.210032
vt 0.631423 0.14845
vt 0.662141 0.147268
vt 0.709738 0.086786
vt 0.691366 0.144576
vt 0.721099 0.145896
vt 0.645934 0.090992
vt 0.685251 0.146582
vt 0.668428 0.148346
vt 0.684788 0.138167
vt 0.695424 0.134536
vt 0.668801 0.140253
vt 0.657998 0.138214
vt 0.661523 0.12065
vt 0.657689 0.124905
vt 0.690965 0.116839
vt 0.695224 0.120667
vt 0.699483 0.124495
vt 0.653855 0.12916
vt 0.595194 0.152545
vt 0.557988 0.155592
vt 0.52526 0.157265
vt 0.41019 0.195767
vt 0.372421 0.200413
vt 0.44259 0.193542
vt 0.476501 0.196194
vt 0.512708 0.201884
vt 0.872789 0.19813
vt 0.836275 0.201329
vt 0.906793 0.197807
vt 0.938956 0.202244
vt 0.976319 0.20947
vt 0.79321 0.157085
vt 0.826187 0.160908
vt 0.756593 0.152185
usemtl standardSurface9SG
f 25/45/18 26/46/19 27/47/20
f 25/45/18 27/47/20 28/48/21
f 29/49/22 30/50/23 31/51/24
f 29/49/22 31/51/24 32/52/25
f 33/53/26 34/54/27 29/55/22
f 33/53/26 29/55/22 32/56/25
f 35/57/28 36/58/29 37/59/30
f 36/58/29 38/60/31 37/59/30
f 39/61/32 40/62/33 41/63/34
f 40/62/33 42/64/35 41/63/34
f 43/65/36 30/50/23 29/49/22
f 29/55/22 34/54/27 43/66/36
f 44/67/37 45/68/38 46/69/39
f 44/67/37 46/69/39 47/70/40
f 48/71/41 49/72/42 50/73/43
f 49/72/42 51/74/44 50/73/43
f 49/72/42 52/75/45 51/74/44
f 52/75/45 53/76/46 51/74/44
f 52/77/45 54/78/47 55/79/48
f 52/77/45 55/79/48 53/80/46
f 54/78/47 56/81/49 57/82/50
f 54/78/47 57/82/50 55/79/48
f 50/73/43 51/74/44 58/83/51
f 51/74/44 59/84/52 58/83/51
f 51/74/44 53/76/46 59/84/52
f 53/76/46 60/85/53 59/84/52
f 53/80/46 55/79/48 61/86/54
f 53/80/46 61/86/54 60/87/53
f 55/79/48 57/82/50 62/88/55
f 55/79/48 62/88/55 61/86/54
f 58/83/56 59/84/57 63/89/58
f 58/83/56 63/89/58 64/90/59
f 59/84/57 60/85/60 65/91/61
f 59/84/57 65/91/61 63/89/58
f 60/87/60 61/86/62 65/92/61
f 61/86/62 66/93/63 65/92/61
f 61/86/62 62/88/64 66/93/63
f 62/88/64 67/94/65 66/93/63
f 64/90/59 63/89/58 68/95/66
f 64/90/59 68/95/66 69/96/67
f 63/89/58 65/91/61 70/97/68
f 63/89/58 70/97/68 68/95/66
f 65/92/61 66/93/63 70/98/68
f 66/93/63 71/99/69 70/98/68
f 66/93/63 67/94/65 71/99/69
f 67/94/65 72/100/70 71/99/69
f 69/101/67 68/102/66 73/103/71
f 68/102/66 74/104/72 73/103/71
f 68/102/66 70/105/68 74/104/72
f 70/105/68 75/106/73 74/104/72
f 70/107/68 71/108/69 76/109/74
f 70/107/68 76/109/74 75/110/73
f 71/108/69 72/111/70 77/112/75
f 71/108/69 77/112/75 76/109/74
f 73/103/71 74/104/72 78/113/76
f 74/104/72 79/114/77 78/113/76
f 74/104/72 75/106/73 79/114/77
f 75/106/73 80/115/78 79/114/77
f 75/110/73 76/109/74 81/116/79
f 75/110/73 81/116/79 80/117/78
f 76/109/74 77/112/75 82/118/80
f 76/109/74 82/118/80 81/116/79
f 78/113/81 79/114/82 83/119/83
f 78/113/81 83/119/83 84/120/84
f 79/114/82 80/115/85 85/121/86
f 79/114/82 85/121/86 83/119/83
f 80/117/85 81/116/87 85/122/86
f 81/116/87 86/123/88 85/122/86
f 81/116/87 82/118/89 86/123/88
f 82/118/89 87/124/90 86/123/88
f 84/120/84 83/119/83 88/125/91
f 84/120/84 88/125/91 89/126/92
f 83/119/83 85/121/86 90/127/93
f 83/119/83 90/127/93 88/125/91
f 85/122/86 86/123/88 90/128/93
f 86/123/88 91/129/94 90/128/93
f 86/123/88 87/124/90 91/129/94
f 87/124/90 92/130/95 91/129/94
f 93/131/96 94/132/97 95/133/98
f 94/132/97 96/134/99 95/133/98
f 94/132/97 97/135/100 96/134/99
f 97/135/100 98/136/101 96/134/99
f 97/137/100 99/138/102 100/139/103
f 97/137/100 100/139/103 98/140/101
f 99/138/102 101/141/104 102/142/105
f 99/138/102 102/142/105 100/139/103
f 103/143/106 104/144/107 105/145/108
f 104/144/107 106/146/109 105/145/108
f 104/144/107 107/147/110 106/146/109
f 107/147/110 108/148/111 106/146/109
f 107/149/110 109/150/112 110/151/113
f 107/149/110 110/151/113 108/152/111
f 109/150/112 111/153/114 112/154/115
f 109/150/112 112/154/115 110/151/113
f 105/145/116 106/146/117 113/155/118
f 105/145/116 113/155/118 114/156/119
f 106/146/117 108/148/120 115/157/121
f 106/146/117 115/157/121 113/155/118
f 108/152/120 110/151/122 115/158/121
f 110/151/122 116/159/123 115/158/121
f 110/151/122 112/154/124 116/159/123
f 112/154/124 117/160/125 116/159/123
f 114/156/119 113/155/118 118/161/126
f 113/155/118 119/162/127 118/161/126
f 113/155/118 115/157/121 120/163/128
f 113/155/118 120/163/128 119/162/127
f 115/158/121 116/159/123 120/164/128
f 116/159/123 121/165/129 120/164/128
f 116/159/123 117/160/125 122/166/130
f 116/159/123 122/166/130 121/165/129
f 118/167/126 119/168/127 123/169/131
f 118/167/126 123/169/131 124/170/132
f 119/168/127 120/171/128 125/172/133
f 119/168/127 125/172/133 123/169/131
f 120/173/128 121/174/129 125/175/133
f 121/174/129 126/176/134 125/175/133
f 121/174/129 122/177/130 126/176/134
f 122/177/130 127/178/135 126/176/134
f 124/170/132 123/169/131 25/45/136
f 123/169/131 26/46/137 25/45/136
f 123/169/131 125/172/133 26/46/137
f 125/172/133 128/179/138 26/46/137
f 125/175/133 126/176/134 35/57/139
f 125/175/133 35/57/139 128/180/138
f 126/176/134 127/178/135 36/58/140
f 126/176/134 36/58/140 35/57/139
f 117/160/141 112/154/142 129/181/143
f 112/154/142 111/153/144 129/181/143
f 122/166/145 117/160/141 130/182/146
f 117/160/141 129/181/143 130/182/146
f 127/178/147 122/177/145 130/183/146
f 127/178/147 130/183/146 131/184/148
f 36/58/149 127/178/147 131/184/148
f 36/58/149 131/184/148 38/60/150
f 132/185/151 102/142/152 101/141/153
f 132/185/151 101/141/153 133/186/154
f 134/187/155 132/185/151 135/188/156
f 132/185/151 133/186/154 135/188/156
f 136/189/157 134/190/155 137/191/158
f 134/190/155 135/192/156 137/191/158
f 45/68/159 136/189/157 46/69/160
f 136/189/157 137/191/158 46/69/160
f 138/193/161 92/130/162 87/124/163
f 138/193/161 87/124/163 139/194/164
f 140/195/165 138/193/161 141/196/166
f 138/193/161 139/194/164 141/196/166
f 142/197/167 140/198/165 143/199/168
f 140/198/165 141/200/166 143/199/168
f 56/81/169 142/197/167 57/82/170
f 142/197/167 143/199/168 57/82/170
f 139/194/164 87/124/163 82/118/171
f 139/194/164 82/118/171 77/112/172
f 141/196/166 139/194/164 77/112/172
f 141/196/166 77/112/172 72/111/173
f 143/199/168 141/200/166 72/100/173
f 143/199/168 72/100/173 67/94/174
f 57/82/170 143/199/168 62/88/175
f 143/199/168 67/94/174 62/88/175
f 105/145/176 114/156/177 144/201/178
f 105/145/176 144/201/178 103/143/179
f 114/156/177 118/161/180 145/202/181
f 114/156/177 145/202/181 144/201/178
f 118/167/180 124/170/182 145/203/181
f 124/170/182 146/204/183 145/203/181
f 124/170/182 25/45/184 146/204/183
f 25/45/184 28/48/185 146/204/183
f 95/133/186 147/205/187 93/131/188
f 147/205/187 148/206/189 93/131/188
f 147/205/187 149/207/190 150/208/191
f 147/205/187 150/208/191 148/206/189
f 149/209/190 151/210/192 152/211/193
f 149/209/190 152/211/193 150/212/191
f 151/210/192 39/61/194 41/63/195
f 151/210/192 41/63/195 152/211/193
f 89/126/196 153/213/197 84/120/198
f 153/213/197 154/214/199 84/120/198
f 153/213/197 155/215/200 156/216/201
f 153/213/197 156/216/201 154/214/199
f 155/217/200 157/218/202 158/219/203
f 155/217/200 158/219/203 156/220/201
f 157/218/202 48/71/204 50/73/205
f 157/218/202 50/73/205 158/219/203
f 84/120/198 154/214/199 78/113/206
f 154/214/199 73/103/207 78/113/206
f 154/214/199 156/216/201 73/103/207
f 156/216/201 69/101/208 73/103/207
f 156/220/201 158/219/203 69/96/208
f 158/219/203 64/90/209 69/96/208
f 158/219/203 50/73/205 58/83/210
f 158/219/203 58/83/210 64/90/209
f 159/221/211 160/222/212 49/72/42
f 160/222/212 52/75/45 49/72/42
f 128/180/213 35/57/28 161/223/214
f 35/57/28 37/59/30 161/223/214
f 162/224/215 163/225/216 54/78/47
f 162/224/215 54/78/47 52/77/45
f 26/46/19 128/179/213 161/226/214
f 26/46/19 161/226/214 27/47/20
f 164/227/217 162/224/215 52/77/45
f 52/75/45 160/222/212 164/228/217
f 165/229/218 166/230/219 162/224/215
f 165/229/218 162/224/215 164/227/217
f 164/228/217 160/222/212 165/231/218
f 160/222/212 167/232/220 165/231/218
f 32/52/25 31/51/24 168/233/221
f 31/51/24 169/234/222 168/233/221
f 168/235/221 170/236/223 33/53/26
f 168/235/221 33/53/26 32/56/25
f 34/54/27 33/53/26 171/237/224
f 33/53/26 170/236/223 171/237/224
f 43/66/36 34/54/27 165/229/218
f 165/231/218 30/50/23 43/65/36
f 172/238/225 169/234/222 31/51/24
f 172/238/225 31/51/24 30/50/23
f 166/230/219 165/229/218 171/237/224
f 165/229/218 34/54/27 171/237/224
f 30/50/23 165/231/218 172/238/225
f 165/231/218 167/232/220 172/238/225
f 173/239/226 159/221/211 48/71/41
f 159/221/211 49/72/42 48/71/41
f 174/240/227 173/239/228 48/71/204
f 174/240/227 48/71/204 157/218/202
f 175/241/229 174/240/227 157/218/202
f 175/241/229 157/218/202 155/217/200
f 176/242/230 175/243/229 155/215/200
f 176/242/230 155/215/200 153/213/197
f 177/244/231 176/242/230 89/126/196
f 176/242/230 153/213/197 89/126/196
f 89/126/92 88/125/91 177/244/232
f 88/125/91 178/245/233 177/244/232
f 88/125/91 90/127/93 178/245/233
f 90/127/93 179/246/234 178/245/233
f 90/128/93 91/129/94 180/247/235
f 90/128/93 180/247/235 179/248/234
f 91/129/94 92/130/95 181/249/236
f 91/129/94 181/249/236 180/247/235
f 182/250/237 181/249/238 92/130/162
f 182/250/237 92/130/162 138/193/161
f 183/251/239 182/250/237 140/195/165
f 182/250/237 138/193/161 140/195/165
f 184/252/240 183/253/239 142/197/167
f 183/253/239 140/198/165 142/197/167
f 185/254/241 184/252/240 56/81/169
f 184/252/240 142/197/167 56/81/169
f 163/225/216 185/254/242 56/81/49
f 163/225/216 56/81/49 54/78/47
f 41/63/34 42/64/35 173/239/226
f 42/64/35 159/221/211 173/239/226
f 152/211/193 41/63/195 173/239/228
f 152/211/193 173/239/228 174/240/227
f 150/212/191 152/211/193 174/240/227
f 150/212/191 174/240/227 175/241/229
f 148/206/189 150/208/191 175/243/229
f 148/206/189 175/243/229 176/242/230
f 93/131/188 148/206/189 177/244/231
f 148/206/189 176/242/230 177/244/231
f 177/244/232 178/245/233 93/131/96
f 178/245/233 94/132/97 93/131/96
f 178/245/233 179/246/234 94/132/97
f 179/246/234 97/135/100 94/132/97
f 179/248/234 180/247/235 99/138/102
f 179/248/234 99/138/102 97/137/100
f 180/247/235 181/249/236 101/141/104
f 180/247/235 101/141/104 99/138/102
f 133/186/154 101/141/153 181/249/238
f 133/186/154 181/249/238 182/250/237
f 135/188/156 133/186/154 183/251/239
f 133/186/154 182/250/237 183/251/239
f 137/191/158 135/192/156 184/252/240
f 135/192/156 183/253/239 184/252/240
f 46/69/160 137/191/158 185/254/241
f 137/191/158 184/252/240 185/254/241
f 47/70/40 46/69/39 185/254/242
f 47/70/40 185/254/242 163/225/216
f 172/238/225 167/232/220 42/64/35
f 172/238/225 42/64/35 40/62/33
f 42/64/35 167/232/220 160/222/212
f 42/64/35 160/222/212 159/221/211
f 166/230/219 47/70/40 162/224/215
f 47/70/40 163/225/216 162/224/215
f 171/237/224 44/67/37 47/70/40
f 171/237/224 47/70/40 166/230/219
f 28/48/21 27/47/20 40/62/33
f 28/48/21 40/62/33 39/61/32
f 146/204/183 28/48/185 151/210/192
f 28/48/185 39/61/194 151/210/192
f 145/203/181 146/204/183 149/209/190
f 146/204/183 151/210/192 149/209/190
f 144/201/178 145/202/181 149/207/190
f 144/201/178 149/207/190 147/205/187
f 103/143/179 144/201/178 147/205/187
f 103/143/179 147/205/187 95/133/186
f 95/133/98 96/134/99 103/143/106
f 96/134/99 104/144/107 103/143/106
f 96/134/99 98/136/101 104/144/107
f 98/136/101 107/147/110 104/144/107
f 98/140/101 100/139/103 109/150/112
f 98/140/101 109/150/112 107/149/110
f 100/139/103 102/142/105 111/153/114
f 100/139/103 111/153/114 109/150/112
f 129/181/143 111/153/144 132/185/151
f 111/153/144 102/142/152 132/185/151
f 130/182/146 129/181/143 134/187/155
f 129/181/143 132/185/151 134/187/155
f 131/184/148 130/183/146 134/190/155
f 131/184/148 134/190/155 136/189/157
f 38/60/150 131/184/148 136/189/157
f 38/60/150 136/189/157 45/68/159
f 37/59/30 38/60/31 44/67/37
f 38/60/31 45/68/38 44/67/37
f 170/236/243 44/67/37 171/237/224
f 40/62/33 27/47/20 161/226/214
f 169/234/244 40/62/33 161/226/214
f 168/233/245 169/234/244 161/226/214
f 40/62/33 169/234/244 172/238/225
f 168/235/245 161/223/214 37/59/30
f 170/236/243 168/235/245 37/59/30
f 44/67/37 170/236/243 37/59/30
s off
g Head_uv_standardSurface9SG_1
v -1.93961 9.24166 2.00689
v -1.00699 9.25523 2.61796
v -1.72368 10.2223 1.83617
v -0.944383 10.4848 2.26852
v 0 9.45811 2.76908
v 0 10.6463 2.4442
v 1.00699 9.25523 2.61796
v 0.944383 10.4848 2.26852
v 1.93961 9.24166 2.00689
v 1.72368 10.2223 1.83617
v -1.02859 11.2281 1.19368
v -1.99683 10.6617 1.12642
v 0 11.4063 1.22839
v 1.02859 11.2281 1.19368
v 1.99683 10.6617 1.12642
v -1.1877 11.4813 0.047393
v -2.20446 10.8582 0.047058
v 0 11.7069 0.06219
v 1.1877 11.4813 0.047393
v 2.20446 10.8582 0.047058
v -1.98898 10.6172 -0.982265
v -1.15044 11.2304 -1.09367
v 0 11.4517 -1.1497
v 1.15044 11.2304 -1.09367
v 1.98898 10.6172 -0.982264
v -1.69456 10.3661 -1.61401
v -1.04917 10.6349 -1.89869
v 0 10.8166 -2.08885
v 1.04917 10.6349 -1.89869
v 1.69456 10.3661 -1.61401
v -1.09426 9.8077 -2.42137
v -1.93982 9.72137 -1.84684
v 0 9.83662 -2.58269
v 1.09426 9.8077 -2.42137
v 1.93982 9.72137 -1.84684
v -1.0895 8.70176 -2.5541
v -2.0795 8.69577 -2.00591
v 0 8.71072 -2.77541
v 1.0895 8.70176 -2.5541
v 2.0795 8.69577 -2.00591
v -1.96346 8.02011 -1.90259
v -1.06904 8.0201 -2.42371
v -1.91151 7.71884 -1.85629
v -1.06072 7.71536 -2.36455
v 0 7.965 -2.61499
v 0 7.63093 -2.5432
v 1.06904 8.0201 -2.42371
v 1.06072 7.71536 -2.36455
v 1.96346 8.02011 -1.90259
v 1.91151 7.71884 -1.85629
v 2.19601 7.68283 -1.4655
v 2.39762 7.95422 -1.27953
v 2.65952 8.62033 -1.08961
v 2.50059 9.67817 -1.06883
v 2.82717 8.73024 -0.107444
v 2.73993 9.54091 -0.034964
v 2.55523 9.42387 0.987769
v -2.19601 7.68283 -1.4655
v -2.39762 7.95422 -1.27953
v -2.65952 8.62033 -1.08961
v -2.50059 9.67817 -1.06883
v -2.82717 8.73024 -0.107444
v -2.73993 9.54091 -0.034964
v -2.55523 9.42387 0.98777
v -2.01195 8.30202 -1.94623
v -2.584 8.17572 -1.08335
v -1.07686 8.3048 -2.47813
v 0 8.27706 -2.6823
v 1.07686 8.3048 -2.47813
v 2.01195 8.30202 -1.94623
v 2.584 8.17571 -1.08334
v -1.74917 7.38478 -1.70353
v -1.01563 7.30127 -2.04881
v 0 7.11498 -2.21784
v 1.01563 7.30127 -2.04881
v 1.74917 7.38478 -1.70353
v -0.830213 8.7972 2.62239
v 0 8.5217 2.76833
v 0.830213 8.7972 2.62239
v -1.21546 8.72119 2.51521
v -1.9682 8.38467 2.0279
v 1.21546 8.72119 2.51521
v 1.9682 8.38467 2.0279
v 2.51025 8.63485 1.15399
v -2.51025 8.63485 1.15399
v 2.62815 8.67091 0.932619
v -2.62815 8.67091 0.932619
v -1.85456 9.30296 1.90802
v -1.32235 10.4815 1.53645
v -0.682986 10.5136 2.07435
v -0.992421 9.32918 2.47578
v 0 10.5359 2.25689
v 0 9.46342 2.6597
v 0.992421 9.32918 2.47578
v 0.682986 10.5136 2.07435
v 1.85456 9.30296 1.90802
v 1.32235 10.4815 1.53645
v 2.12154 7.72218 -1.40827
v 2.31824 7.97456 -1.22221
v 1.73716 7.79948 -1.86197
v 1.8963 8.04092 -1.8285
v 2.72489 8.72837 -0.102159
v 2.30908 10.0837 -0.337969
v 2.38624 9.55549 -0.880709
v 2.28416 9.06825 -1.28409
v 2.41378 9.49063 0.953876
v 1.784 10.5216 0.880854
v 2.16954 10.5219 0.225088
v -1.73716 7.79948 -1.86197
v -1.8963 8.04092 -1.8285
v -2.31824 7.97456 -1.22221
v -2.12154 7.72218 -1.40827
v -2.28416 9.06825 -1.28409
v -2.38624 9.55549 -0.880709
v -2.72489 8.72837 -0.102159
v -2.30908 10.0837 -0.337969
v -2.16954 10.5219 0.225088
v -2.41378 9.49063 0.953876
v -1.784 10.5216 0.880854
v -2.00054 8.26789 -1.82389
v -2.11206 8.64908 -1.68147
v -2.49493 8.22469 -1.04978
v 2.49493 8.22469 -1.04978
v 2.11206 8.64908 -1.68147
v 2.00054 8.26789 -1.82389
v -1.69476 7.44181 -1.64014
v -0.893276 7.74657 -2.17805
v -0.984057 7.35819 -1.97205
v 0 7.17366 -2.13413
v 0 7.71027 -2.33318
v 0.893276 7.74657 -2.17805
v 0.984057 7.35819 -1.97205
v 1.69476 7.44181 -1.64014
v 0 8.52355 2.66705
v -0.814267 8.79901 2.52368
v 0.814267 8.79901 2.52368
v -1.16028 8.71666 2.43194
v -1.895 8.3796 1.95659
v 1.895 8.3796 1.95659
v 1.16028 8.71666 2.43194
v 2.42558 8.62969 1.10104
v -2.42558 8.62969 1.10104
v 2.53033 8.66241 0.913669
v -2.53033 8.66241 0.913669
vn -0.532856 0.256895 0.806269
vn -0.375094 0.266531 0.887843
vn -0.351013 0.267235 0.897427
vn -0 0.273734 0.961806
vn 0.375094 0.266531 0.887844
vn 0.351012 0.267234 0.897427
vn 0.532856 0.256894 0.806269
vn -0.481131 0.683332 0.549154
vn -0.307647 0.775352 0.551528
vn -0.332003 0.856798 0.394551
vn -0.501201 0.777356 0.380152
vn -1e-06 0.832625 0.553838
vn -0 0.915061 0.403316
vn 0.307647 0.775353 0.551527
vn 0.332003 0.856798 0.394551
vn 0.481132 0.683332 0.549154
vn 0.501201 0.777356 0.380151
vn -0.364578 0.931137 0.008201
vn -0.542326 0.840117 0.009251
vn 0 0.999952 0.009834
vn 0.364579 0.931136 0.008201
vn 0.542326 0.840117 0.009252
vn -0.549177 0.762244 -0.342621
vn -0.353826 0.85773 -0.372968
vn 0 0.922197 -0.386721
vn 0.353827 0.857731 -0.372968
vn 0.549177 0.762244 -0.342621
vn -0.532781 0.656764 -0.533672
vn -0.323085 0.757794 -0.56689
vn 0 0.811205 -0.584761
vn 0.323085 0.757794 -0.56689
vn 0.532781 0.656764 -0.533672
vn -0.522219 0.46869 -0.712473
vn -0.312346 0.486671 -0.815838
vn -0.337435 0.296718 -0.893362
vn -0.528878 0.262187 -0.807184
vn -0 0.493874 -0.869534
vn -0 0.312973 -0.949762
vn 0.312345 0.486671 -0.815838
vn 0.337435 0.296718 -0.893362
vn 0.522219 0.468689 -0.712473
vn 0.528878 0.262187 -0.807184
vn -0.343613 0.052704 -0.937631
vn -0.51605 0.054473 -0.854824
vn 0 0.051547 -0.998671
vn 0.343613 0.052704 -0.937631
vn 0.516051 0.054473 -0.854824
vn -0.493563 -0.196102 -0.847313
vn -0.334672 -0.20053 -0.920751
vn -0.463905 -0.398254 -0.791319
vn -0.313444 -0.418327 -0.852499
vn -0 -0.202685 -0.979244
vn 0 -0.446056 -0.895005
vn 0.334672 -0.20053 -0.920751
vn 0.313444 -0.418327 -0.852499
vn 0.493563 -0.196102 -0.847313
vn 0.463906 -0.398254 -0.791319
vn 0.788083 -0.207613 -0.579501
vn 0.794564 -0.203622 -0.57202
vn 0.796454 -0.202443 -0.569806
vn 0.902919 0.090025 -0.420277
vn 0.831482 0.068315 -0.551335
vn 0.795158 0.284085 -0.535741
vn 0.884059 0.301351 -0.35725
vn 0.971254 0.137656 -0.194206
vn 0.942369 0.332863 -0.033805
vn 0.731341 0.452417 -0.510352
vn 0.843692 0.438154 -0.310168
vn 0.915012 0.402265 0.030599
vn 0.87439 0.339733 0.346446
vn 0.874637 0.339943 0.345614
vn 0.80537 0.288593 0.517776
vn -0.788083 -0.207614 -0.579501
vn -0.794564 -0.203622 -0.57202
vn -0.796454 -0.202443 -0.569806
vn -0.831482 0.068316 -0.551335
vn -0.902919 0.090026 -0.420276
vn -0.795158 0.284085 -0.535742
vn -0.884059 0.301351 -0.35725
vn -0.971254 0.137656 -0.194206
vn -0.942369 0.332863 -0.033805
vn -0.731341 0.452417 -0.510352
vn -0.843692 0.438154 -0.310167
vn -0.915012 0.402265 0.030599
vn -0.87439 0.339733 0.346446
vn -0.874637 0.339943 0.345614
vn -0.80537 0.288593 0.517777
vn -0.80537 0.288593 0.517776
vn -0.810648 -0.1881 -0.554499
vn -0.812035 -0.186556 -0.552988
vn -0.482972 -0.195521 -0.853528
vn -0.335262 -0.199607 -0.920737
vn -0 -0.20227 -0.97933
vn 0.335262 -0.199607 -0.920737
vn 0.482972 -0.195521 -0.853528
vn 0.812035 -0.186556 -0.552988
vn 0.810648 -0.1881 -0.554498
vn -0.41581 -0.562698 -0.714474
vn -0.29275 -0.565754 -0.770856
vn 0 -0.574496 -0.818508
vn 0.29275 -0.565754 -0.770856
vn 0.41581 -0.562698 -0.714474
vn -0.160275 -0.017717 0.986914
vn -0.160275 -0.017717 0.986913
vn 0.160275 -0.017716 0.986913
vn -0.552014 0.045149 0.832612
vn 0.552013 0.04515 0.832612
vn 0.846661 0.05181 0.529605
vn -0.846661 0.051809 0.529605
vn 0.978269 0.08476 0.189223
vn -0.978269 0.08476 0.189223
vn 0.974732 -0.167644 -0.147623
vn -0.974732 -0.167646 -0.147623
vn 0.647969 -0.553938 -0.522771
vn -0.647969 -0.553937 -0.522771
vn 0.546177 -0.429763 -0.719024
vn 0.399321 -0.400059 -0.824921
vn 0.428103 -0.406706 -0.807043
vn 0 -0.364441 -0.931227
vn -0.428103 -0.406706 -0.807043
vn -0.399321 -0.400059 -0.824921
vn -0.546177 -0.429763 -0.719024
vn -0.748375 0.26994 0.605861
vn -0.782841 0.26568 0.562649
vn -0.769683 0.267439 0.57971
vn -0.957697 -0.183238 0.221902
vn -0.782982 -0.450944 -0.428472
vn -0.784626 -0.450218 -0.426223
vn -0.890027 -0.38423 -0.245396
vn -0.70986 -0.477516 -0.517762
vn 0.748375 0.26994 0.605861
vn 0.769684 0.267439 0.57971
vn 0.782842 0.26568 0.562649
vn 0.957697 -0.183238 0.221902
vn 0.890027 -0.38423 -0.245396
vn 0.782982 -0.450944 -0.428472
vn 0.784625 -0.450218 -0.426223
vn 0.70986 -0.477516 -0.517762
vn 0.84379 0.096317 0.527959
vn 0.864225 -0.032372 0.502063
vn 0.853215 0.048189 0.519329
vn -0.853215 0.048189 0.519329
vn -0.864225 -0.032372 0.502063
vn -0.84379 0.096317 0.527959
vn 0.377908 0.442012 0.813518
vn 0.260019 0.401109 0.878352
vn 0.286471 0.410816 0.865543
vn -0 0.38449 0.923129
vn -0.260019 0.401109 0.878352
vn -0.286471 0.410816 0.865543
vn -0.377908 0.442012 0.813518
vn -0.377908 0.442013 0.813518
vn 0.177053 -0.015533 -0.984079
vn -0.177053 -0.015533 -0.984079
vn 0.557617 -0.078176 -0.826409
vn -0.557617 -0.078176 -0.826409
vn -0.844753 -0.08273 -0.528723
vn 0.844753 -0.08273 -0.528723
vn -0.963671 -0.244561 -0.107369
vn 0.963671 -0.24456 -0.107369
vn -0.939756 -0.149408 0.307466
vn 0.939756 -0.149408 0.307466
vn -0.637682 0.459178 0.618479
vn 0.637682 0.459178 0.618479
vn 0.187373 -0.675391 0.713259
vn 0.163874 -0.704902 0.690114
vn 0.162648 -0.705218 0.690082
vn 0.188673 -0.675512 0.712802
vn -0.163874 -0.704903 0.690114
vn -0.1874 -0.675393 0.71325
vn -0.162648 -0.705218 0.690082
vn -0.1887 -0.675514 0.712793
vn 0.063852 -0.83019 0.553812
vn 0.044252 -0.816484 0.57567
vn -0.063923 -0.830178 0.553822
vn -0.044314 -0.816467 0.575689
vn 0.045291 -0.813619 0.579632
vn 0.054871 -0.783314 0.6192
vn 0.044015 -0.813562 0.57981
vn 0.052257 -0.782474 0.620487
vn 0 -0.806529 0.591195
vn -0.04529 -0.813619 0.579631
vn -0.044015 -0.813562 0.57981
vn -0.054871 -0.783314 0.6192
vn -0.052257 -0.782474 0.620487
vn -0.913694 -0.339968 -0.222677
vn -0.310722 -0.949566 -0.042151
vn 0.310722 -0.949566 -0.042151
vn 0.913694 -0.339968 -0.222677
vn 0.249906 -0.931185 0.265408
vn 0.926329 -0.32778 0.185676
vn -0.926329 -0.32778 0.185675
vn -0.249906 -0.931185 0.265407
vn 0.190305 -0.968259 -0.162048
vn 0.308507 -0.183479 -0.933359
vn -0.308507 -0.18348 -0.933359
vn -0.190304 -0.968259 -0.162048
vn -0.234889 -0.086533 0.968163
vn 0.055124 -0.997216 -0.05022
vn -0.055124 -0.997216 -0.05022
vn 0.234889 -0.086533 0.968163
vn -0.110077 -0.859156 0.499735
vn 0.110009 -0.859172 0.499721
vt 0.402421 0.798716
vt 0.428791 0.767996
vt 0.431681 0.817709
vt 0.456917 0.794147
vt 0.229586 0.463429
vt 0.265079 0.474266
vt 0.26361 0.514642
vt 0.228888 0.511702
vt 0.301267 0.466038
vt 0.298454 0.514234
vt 0.077012 0.772797
vt 0.106174 0.799723
vt 0.078172 0.821178
vt 0.051403 0.799351
vt 0.479626 0.829839
vt 0.441342 0.847063
vt 0.261815 0.563945
vt 0.224454 0.558645
vt 0.299463 0.561375
vt 0.030927 0.835803
vt 0.069925 0.850898
vt 0.201145 0.481509
vt 0.204041 0.522541
vt 0.162589 0.52244
vt 0.162332 0.48238
vt 0.207075 0.55954
vt 0.164326 0.564316
vt 0.324812 0.557929
vt 0.328026 0.520945
vt 0.367536 0.562913
vt 0.369478 0.521046
vt 0.331122 0.479928
vt 0.36993 0.480988
vt 0.124224 0.481553
vt 0.121867 0.520017
vt 0.119723 0.56224
vt 0.410211 0.518822
vt 0.412148 0.561055
vt 0.408042 0.480347
vt 0.354265 0.729355
vt 0.316661 0.752268
vt 0.335242 0.712702
vt 0.307921 0.719076
vt 0.267745 0.760967
vt 0.268912 0.721082
vt 0.219403 0.749525
vt 0.230082 0.716912
vt 0.18318 0.724532
vt 0.203162 0.709027
vt 0.307068 0.685828
vt 0.341862 0.686672
vt 0.269941 0.685532
vt 0.232837 0.683793
vt 0.198035 0.682709
vt 0.307837 0.648333
vt 0.345458 0.649706
vt 0.270979 0.647438
vt 0.234172 0.646351
vt 0.196493 0.645677
vt 0.34385 0.625352
vt 0.308603 0.624586
vt 0.34235 0.614504
vt 0.308812 0.613781
vt 0.271641 0.62189
vt 0.271941 0.610307
vt 0.234595 0.622539
vt 0.234939 0.611731
vt 0.199448 0.621507
vt 0.201446 0.610739
vt 0.185598 0.606885
vt 0.174016 0.615422
vt 0.159928 0.640463
vt 0.163504 0.684248
vt 0.376615 0.404348
vt 0.411769 0.401776
vt 0.411142 0.440865
vt 0.374464 0.433498
vt 0.336342 0.430012
vt 0.131772 0.83786
vt 0.358355 0.611438
vt 0.369572 0.620599
vt 0.382271 0.646527
vt 0.37623 0.690161
vt 0.12088 0.402964
vt 0.156021 0.405709
vt 0.121317 0.442056
vt 0.15803 0.434869
vt 0.196169 0.431568
vt 0.378704 0.838418
vt 0.344925 0.635459
vt 0.379828 0.628668
vt 0.308306 0.634576
vt 0.271363 0.632601
vt 0.234363 0.632535
vt 0.197873 0.631552
vt 0.163362 0.622862
vt 0.34011 0.600562
vt 0.310815 0.595238
vt 0.272481 0.589757
vt 0.233884 0.593095
vt 0.204294 0.596954
vt 0.23876 0.449026
vt 0.266259 0.44185
vt 0.293164 0.451006
vt 0.411814 0.762115
vt 0.383999 0.774724
vt 0.092397 0.764455
vt 0.121683 0.773548
vt 0.141217 0.806493
vt 0.368093 0.808297
vt 0.342145 0.40597
vt 0.190482 0.407499
vt 0.412134 0.385808
vt 0.120594 0.386995
vt 0.330505 0.82077
vt 0.308901 0.858924
vt 0.281501 0.85287
vt 0.292893 0.805884
vt 0.254612 0.853305
vt 0.255219 0.814199
vt 0.218131 0.803921
vt 0.227794 0.851494
vt 0.179497 0.81777
vt 0.201001 0.854906
vt 0.336464 0.902292
vt 0.3485 0.907163
vt 0.317875 0.912142
vt 0.325371 0.919078
vt 0.398052 0.916281
vt 0.405079 0.966209
vt 0.381179 0.954287
vt 0.361341 0.943719
vt 0.138634 0.840995
vt 0.181048 0.86716
vt 0.171312 0.88204
vt 0.157675 0.891727
vt 0.191081 0.912189
vt 0.183591 0.91913
vt 0.160452 0.907233
vt 0.172485 0.902353
vt 0.147639 0.943798
vt 0.127808 0.954381
vt 0.110907 0.916388
vt 0.103918 0.96632
vt 0.35889 0.894026
vt 0.34344 0.885803
vt 0.371781 0.841677
vt 0.331134 0.870921
vt 0.178308 0.926123
vt 0.167299 0.936017
vt 0.149187 0.912244
vt 0.359769 0.912166
vt 0.341675 0.935953
vt 0.330659 0.926067
vt 0.191515 0.897355
vt 0.222654 0.914637
vt 0.219121 0.899289
vt 0.254472 0.895245
vt 0.254479 0.915323
vt 0.286304 0.914613
vt 0.289826 0.899263
vt 0.31743 0.897308
vt 0.256658 0.779782
vt 0.283316 0.788539
vt 0.229079 0.786757
vt 0.308075 0.789807
vt 0.33781 0.788219
vt 0.172418 0.785302
vt 0.203418 0.787165
vt 0.14377 0.805147
vt 0.36553 0.806983
vt 0.122132 0.889523
vt 0.108687 0.863632
vt 0.404506 0.859664
vt 0.394672 0.88722
vt 0.172273 0.61233
vt 0.184096 0.603762
vt 0.360045 0.60831
vt 0.371476 0.617602
vt 0.382006 0.62546
vt 0.161363 0.61954
vt 0.311255 0.591745
vt 0.341 0.597271
vt 0.272571 0.586353
vt 0.233622 0.589586
vt 0.20353 0.59357
vt 0.224308 0.461759
vt 0.237161 0.445993
vt 0.266383 0.43844
vt 0.294979 0.448097
vt 0.306652 0.464756
vt 0.382022 0.771916
vt 0.411654 0.75857
vt 0.432177 0.763248
vt 0.072545 0.768968
vt 0.091321 0.761102
vt 0.123291 0.770497
vt 0.330993 0.430636
vt 0.340125 0.403302
vt 0.375295 0.400904
vt 0.157358 0.402271
vt 0.192515 0.404841
vt 0.201514 0.432217
vt 0.409375 0.383182
vt 0.123366 0.384383
usemtl standardSurface9SG
f 186/255/246 187/256/247 188/257/246
f 187/256/247 189/258/248 188/257/246
f 187/259/247 190/260/249 191/261/249
f 187/259/247 191/261/249 189/262/248
f 190/260/249 192/263/250 191/261/249
f 192/263/250 193/264/251 191/261/249
f 192/265/250 194/266/252 195/267/252
f 192/265/250 195/267/252 193/268/251
f 188/257/253 189/258/254 196/269/255
f 188/257/253 196/269/255 197/270/256
f 189/262/254 191/261/257 198/271/258
f 189/262/254 198/271/258 196/272/255
f 191/261/257 193/264/259 198/271/258
f 193/264/259 199/273/260 198/271/258
f 193/268/259 195/267/261 199/274/260
f 195/267/261 200/275/262 199/274/260
f 197/276/256 196/277/255 201/278/263
f 197/276/256 201/278/263 202/279/264
f 196/277/255 198/280/258 203/281/265
f 196/277/255 203/281/265 201/278/263
f 198/282/258 199/283/260 203/284/265
f 199/283/260 204/285/266 203/284/265
f 199/283/260 200/286/262 204/285/266
f 200/286/262 205/287/267 204/285/266
f 202/279/264 201/278/263 206/288/268
f 201/278/263 207/289/269 206/288/268
f 201/278/263 203/281/265 207/289/269
f 203/281/265 208/290/270 207/289/269
f 203/284/265 204/285/266 209/291/271
f 203/284/265 209/291/271 208/292/270
f 204/285/266 205/287/267 210/293/272
f 204/285/266 210/293/272 209/291/271
f 206/294/268 207/295/269 211/296/273
f 207/295/269 212/297/274 211/296/273
f 207/295/269 208/298/270 212/297/274
f 208/298/270 213/299/275 212/297/274
f 208/298/270 209/300/271 214/301/276
f 208/298/270 214/301/276 213/299/275
f 209/300/271 210/302/272 215/303/277
f 209/300/271 215/303/277 214/301/276
f 211/296/278 212/297/279 216/304/280
f 211/296/278 216/304/280 217/305/281
f 212/297/279 213/299/282 218/306/283
f 212/297/279 218/306/283 216/304/280
f 213/299/282 214/301/284 218/306/283
f 214/301/284 219/307/285 218/306/283
f 214/301/284 215/303/286 219/307/285
f 215/303/286 220/308/287 219/307/285
f 217/305/281 216/304/280 221/309/288
f 217/305/281 221/309/288 222/310/289
f 216/304/280 218/306/283 223/311/290
f 216/304/280 223/311/290 221/309/288
f 218/306/283 219/307/285 223/311/290
f 219/307/285 224/312/291 223/311/290
f 219/307/285 220/308/287 224/312/291
f 220/308/287 225/313/292 224/312/291
f 226/314/293 227/315/294 228/316/295
f 227/315/294 229/317/296 228/316/295
f 227/315/294 230/318/297 229/317/296
f 230/318/297 231/319/298 229/317/296
f 230/318/297 232/320/299 233/321/300
f 230/318/297 233/321/300 231/319/298
f 232/320/299 234/322/301 235/323/302
f 232/320/299 235/323/302 233/321/300
f 236/324/303 235/323/303 234/322/304
f 236/324/303 234/322/304 237/325/305
f 238/326/306 225/313/307 220/308/308
f 238/326/306 220/308/308 239/327/309
f 240/328/310 238/329/306 239/330/309
f 240/328/310 239/330/309 241/331/311
f 239/327/309 220/308/308 215/303/312
f 239/327/309 215/303/312 210/302/313
f 241/331/311 239/330/309 205/287/314
f 239/330/309 210/293/313 205/287/314
f 242/332/315 241/331/311 205/287/314
f 242/332/315 205/287/314 200/286/316
f 194/266/317 242/333/315 195/267/317
f 242/333/315 200/275/316 195/267/317
f 228/316/318 243/334/318 226/314/319
f 243/334/318 244/335/320 226/314/319
f 222/310/321 245/336/322 217/305/323
f 245/336/322 246/337/324 217/305/323
f 245/338/322 247/339/325 246/340/324
f 247/339/325 248/341/326 246/340/324
f 217/305/323 246/337/324 211/296/327
f 246/337/324 206/294/328 211/296/327
f 246/340/324 248/341/326 202/279/329
f 246/340/324 202/279/329 206/288/328
f 248/341/326 249/342/330 202/279/329
f 249/342/330 197/276/331 202/279/329
f 249/343/330 186/255/332 188/257/333
f 249/343/330 188/257/333 197/270/331
f 250/344/334 251/345/335 245/336/322
f 250/344/334 245/336/322 222/310/321
f 222/310/289 221/309/288 250/344/336
f 221/309/288 252/346/337 250/344/336
f 221/309/288 223/311/290 252/346/337
f 223/311/290 253/347/338 252/346/337
f 223/311/290 224/312/291 254/348/339
f 223/311/290 254/348/339 253/347/338
f 224/312/291 225/313/292 255/349/340
f 224/312/291 255/349/340 254/348/339
f 256/350/341 255/349/342 238/326/306
f 255/349/342 225/313/307 238/326/306
f 226/314/319 244/335/320 250/344/334
f 244/335/320 251/345/335 250/344/334
f 250/344/336 252/346/337 226/314/293
f 252/346/337 227/315/294 226/314/293
f 252/346/337 253/347/338 227/315/294
f 253/347/338 230/318/297 227/315/294
f 253/347/338 254/348/339 232/320/299
f 253/347/338 232/320/299 230/318/297
f 254/348/339 255/349/340 234/322/301
f 254/348/339 234/322/301 232/320/299
f 237/325/305 234/322/304 255/349/342
f 237/325/305 255/349/342 256/350/341
f 228/316/295 229/317/296 257/351/343
f 229/317/296 258/352/344 257/351/343
f 229/317/296 231/319/298 258/352/344
f 231/319/298 259/353/345 258/352/344
f 231/319/298 233/321/300 260/354/346
f 231/319/298 260/354/346 259/353/345
f 233/321/300 235/323/302 261/355/347
f 233/321/300 261/355/347 260/354/346
f 190/260/348 187/259/349 262/356/349
f 190/260/348 262/356/349 263/357/348
f 192/263/350 190/260/350 264/358/350
f 190/260/350 263/357/350 264/358/350
f 187/256/351 186/255/351 265/359/351
f 186/255/351 266/360/351 265/359/351
f 194/266/352 192/265/352 267/361/352
f 194/266/352 267/361/352 268/362/352
f 242/333/353 194/266/353 269/363/353
f 194/266/353 268/362/353 269/363/353
f 186/255/354 249/343/354 270/364/354
f 186/255/354 270/364/354 266/360/354
f 241/331/355 242/332/355 240/328/355
f 242/332/355 271/365/355 240/328/355
f 249/342/356 248/341/356 247/339/356
f 249/342/356 247/339/356 272/366/356
f 238/329/357 240/328/357 256/367/357
f 247/339/358 245/338/358 251/368/358
f 235/323/359 236/324/359 261/355/359
f 243/334/360 228/316/360 257/351/360
f 273/369/361 274/370/361 275/371/362
f 273/369/361 275/371/362 276/372/363
f 276/372/363 275/371/362 277/373/364
f 276/372/363 277/373/364 278/374/364
f 278/374/364 277/373/364 279/375/365
f 277/373/364 280/376/366 279/375/365
f 279/375/365 280/376/366 281/377/367
f 280/376/366 282/378/367 281/377/367
f 283/379/368 284/380/369 285/381/368
f 284/380/369 286/382/370 285/381/368
f 287/383/371 288/384/371 289/385/371
f 287/383/371 289/385/371 290/386/371
f 291/387/372 292/388/373 293/389/374
f 291/387/372 293/389/374 288/390/374
f 281/377/375 282/378/375 292/388/373
f 281/377/375 292/388/373 291/387/372
f 294/391/376 295/392/377 296/393/378
f 294/391/376 296/393/378 297/394/376
f 298/395/379 299/396/379 300/397/379
f 299/396/379 301/398/379 300/397/379
f 301/399/380 302/400/380 303/401/381
f 302/400/380 304/402/382 303/401/381
f 303/401/381 304/402/382 273/369/383
f 304/402/382 274/370/383 273/369/383
f 305/403/384 306/404/385 307/405/386
f 306/404/385 298/395/385 307/405/386
f 308/406/387 290/386/388 309/407/388
f 308/406/387 309/407/388 310/408/389
f 295/392/377 305/403/384 307/405/386
f 295/392/377 307/405/386 296/393/378
f 284/380/369 308/406/387 286/382/370
f 308/406/387 310/408/389 286/382/370
f 294/391/390 311/409/390 312/410/391
f 311/409/390 313/411/392 312/410/391
f 312/410/391 313/411/392 314/412/393
f 312/410/391 314/412/393 315/413/393
f 315/413/393 314/412/393 316/414/394
f 314/412/393 317/415/395 316/414/394
f 316/414/394 317/415/395 318/416/396
f 316/414/394 318/416/396 285/381/397
f 278/374/398 319/417/398 320/418/398
f 278/374/398 320/418/398 276/372/398
f 279/375/399 321/419/399 278/374/399
f 321/419/399 319/417/399 278/374/399
f 276/372/400 322/420/400 273/369/400
f 322/420/400 323/421/400 273/369/400
f 281/377/401 324/422/401 325/423/401
f 281/377/401 325/423/401 279/375/401
f 291/387/402 326/424/402 281/377/402
f 326/424/402 324/422/402 281/377/402
f 273/369/403 323/421/403 327/425/403
f 273/369/403 327/425/403 303/401/403
f 288/390/404 287/426/404 328/427/404
f 288/390/404 328/427/404 291/387/404
f 303/401/405 329/428/405 301/399/405
f 329/428/405 300/429/405 301/399/405
f 290/386/406 308/406/406 287/383/406
f 300/397/407 307/405/407 298/395/407
f 285/381/408 318/416/408 283/379/408
f 297/394/409 311/409/409 294/391/409
f 284/430/410 283/431/411 236/324/412
f 284/430/410 236/324/412 237/325/413
f 297/432/414 296/433/415 243/334/416
f 296/433/415 244/335/417 243/334/416
f 296/433/415 307/434/418 244/335/417
f 307/434/418 251/345/419 244/335/417
f 308/435/420 284/430/410 237/325/413
f 308/435/420 237/325/413 256/350/421
f 313/436/422 311/437/423 258/352/424
f 311/437/423 257/351/425 258/352/424
f 314/438/426 313/436/422 258/352/424
f 314/438/426 258/352/424 259/353/426
f 317/439/427 314/438/426 260/354/428
f 314/438/426 259/353/426 260/354/428
f 318/440/429 317/439/427 260/354/428
f 318/440/429 260/354/428 261/355/430
f 276/441/431 320/442/431 262/356/431
f 276/441/431 262/356/431 187/259/431
f 320/442/432 319/443/432 262/356/432
f 319/443/432 263/357/432 262/356/432
f 319/443/433 321/444/433 264/358/433
f 319/443/433 264/358/433 263/357/433
f 321/444/434 279/445/434 264/358/434
f 279/445/434 192/263/434 264/358/434
f 323/446/435 322/447/435 266/360/435
f 322/447/435 265/359/435 266/360/435
f 322/447/436 276/448/436 265/359/436
f 276/448/436 187/256/436 265/359/436
f 279/449/437 325/450/437 267/361/437
f 279/449/437 267/361/437 192/265/437
f 325/450/438 324/451/438 268/362/438
f 325/450/438 268/362/438 267/361/438
f 324/451/439 326/424/439 268/362/439
f 326/424/439 269/363/439 268/362/439
f 326/424/440 291/387/440 269/363/440
f 291/387/440 242/333/440 269/363/440
f 303/401/441 327/425/441 270/364/441
f 303/401/441 270/364/441 249/343/441
f 327/425/442 323/446/442 266/360/442
f 327/425/442 266/360/442 270/364/442
f 291/452/443 328/453/443 271/365/443
f 291/452/443 271/365/443 242/332/443
f 328/453/444 287/454/444 271/365/444
f 287/454/444 240/328/444 271/365/444
f 300/455/445 329/456/445 272/366/445
f 300/455/445 272/366/445 247/339/445
f 329/456/446 303/457/446 272/366/446
f 303/457/446 249/342/446 272/366/446
f 287/454/447 308/458/420 256/367/421
f 287/454/447 256/367/421 240/328/447
f 307/459/418 300/455/448 251/368/419
f 300/455/448 247/339/448 251/368/419
f 283/431/411 318/440/429 236/324/412
f 318/440/429 261/355/430 236/324/412
f 311/437/423 297/432/414 243/334/416
f 311/437/423 243/334/416 257/351/425
s off
g Body_standardSurface10SG
v 1.39844 -4.93715 -0.607834
v 0.807095 -4.94429 -0.615003
v 1.38448 -4.47448 -0.526989
v 0.786803 -4.49027 -0.527147
v 1.66879 -4.93809 -0.077539
v 1.65233 -4.47686 -0.050493
v 1.35868 -4.93918 0.412886
v 1.36969 -4.47929 0.436286
v 0.812279 -4.94577 0.405628
v 0.791245 -4.49388 0.436237
v 0.546925 -4.94584 -0.054762
v 0.525047 -4.49413 -0.054019
v 0.777635 -4.25799 -0.527988
v 0.772803 -4.02866 -0.547243
v 1.38347 -4.01042 -0.547243
v 1.38296 -4.24864 -0.527961
v 1.6656 -4.01042 -0.053557
v 1.65027 -4.24899 -0.050093
v 1.39231 -4.01042 0.45548
v 1.38093 -4.24997 0.442362
v 0.778506 -4.25851 0.442362
v 0.772803 -4.02866 0.45548
v 0.494301 -4.02866 -0.053557
v 0.511819 -4.25926 -0.050177
v -0.823716 -5.83154 -0.686967
v -0.845306 -7.69598 -0.583976
v -1.33034 -7.69595 -0.579397
v -1.40987 -5.84196 -0.674054
v -1.56553 -7.69445 -0.114577
v -1.68228 -5.83036 -0.099692
v -1.30899 -7.70481 0.29208
v -1.34965 -5.8278 0.393719
v -0.847359 -7.69935 0.287412
v -0.829508 -5.81689 0.380555
v -0.614918 -7.69441 -0.098863
v -0.564846 -5.81502 -0.05537
v -1.39844 -4.93715 -0.607834
v -0.807095 -4.94429 -0.615003
v -1.66879 -4.93809 -0.077539
v -1.35868 -4.93918 0.412886
v -0.812279 -4.94577 0.405628
v -0.546925 -4.94584 -0.054762
v -0.777635 -4.25799 -0.527988
v -1.38296 -4.24864 -0.527961
v -1.38347 -4.01042 -0.547243
v -0.772803 -4.02866 -0.547243
v -1.65027 -4.24899 -0.050093
v -1.6656 -4.01042 -0.053557
v -1.38093 -4.24997 0.442362
v -1.39231 -4.01042 0.45548
v -0.778506 -4.25851 0.442362
v -0.772803 -4.02866 0.45548
v -0.511819 -4.25926 -0.050177
v -0.494301 -4.02866 -0.053557
v -0.525047 -4.49413 -0.054019
v -0.786803 -4.49027 -0.527147
v -0.791245 -4.49388 0.436237
v -1.36969 -4.47929 0.436286
v -1.65233 -4.47686 -0.050493
v -1.38448 -4.47448 -0.526989
v -0.751339 -3.15297 -0.648922
v -0.429254 -3.17325 -0.080443
v -0.751339 -3.15297 0.498512
v -1.41699 -3.10385 0.498512
v -1.73147 -3.08357 -0.080443
v -1.41064 -3.10385 -0.648922
v 1.33034 -7.69595 -0.579397
v 1.56553 -7.69445 -0.114577
v 1.6571 -7.68729 -0.109421
v 1.3748 -7.68926 -0.663287
v 1.30899 -7.70481 0.29208
v 1.35318 -7.70108 0.376167
v 0.847359 -7.69935 0.287412
v 0.797433 -7.69381 0.371443
v 0.614918 -7.69441 -0.098863
v 0.517911 -7.68724 -0.093514
v 0.845306 -7.69598 -0.583976
v 0.795354 -7.68928 -0.667921
v 1.40987 -5.84196 -0.674054
v 1.68228 -5.83036 -0.099692
v 1.34965 -5.8278 0.393719
v 0.829508 -5.81689 0.380555
v 0.564846 -5.81502 -0.05537
v 0.823716 -5.83154 -0.686967
v -1.3748 -7.68926 -0.663287
v -1.6571 -7.68729 -0.109421
v -1.35318 -7.70108 0.376167
v -0.797433 -7.69381 0.371443
v -0.517911 -7.68724 -0.093514
v -0.795354 -7.68928 -0.667921
v 0.429254 -3.17325 -0.080443
v 0.751339 -3.15297 -0.648922
v 0.751339 -3.15297 0.498512
v 1.41699 -3.10385 0.498512
v 1.73147 -3.08357 -0.080443
v 1.41064 -3.10385 -0.648922
v 0.787331 -9.41425 -0.615484
v 0.794554 -9.23612 -0.611976
v 1.30364 -9.23612 -0.611976
v 1.29504 -9.41425 -0.615484
v 1.57113 -9.23612 -0.096961
v 1.56551 -9.41425 -0.105918
v 1.58089 -9.23612 1.09241
v 1.29894 -9.23612 1.34147
v 1.57823 -9.41425 1.09631
v 1.29624 -9.41425 1.3351
v 0.778122 -9.23612 1.34147
v 0.779893 -9.41425 1.3351
v 0.496345 -9.23612 1.09262
v 0.500086 -9.41425 1.09658
v 0.524402 -9.23612 -0.096961
v 0.519559 -9.41425 -0.105917
v 1.31442 -8.39241 -0.558453
v 1.55228 -8.51624 -0.106866
v 1.63056 -8.50609 -0.09015
v 1.35189 -8.38282 -0.615259
v 1.31108 -8.22859 0.286876
v 1.35189 -8.22262 0.36972
v 0.836748 -8.21981 0.286145
v 0.794548 -8.21163 0.36972
v 0.599327 -8.5162 -0.104403
v 0.515879 -8.50605 -0.09015
v 0.836425 -8.39241 -0.559171
v 0.794548 -8.38282 -0.615259
v -1.30364 -9.23612 -0.611976
v -1.57113 -9.23612 -0.096961
v -1.35189 -8.38282 -0.615259
v -1.63056 -8.50609 -0.09015
v -1.58089 -9.23612 1.09241
v -1.29894 -9.23612 1.34147
v -1.30825 -8.8566 1.3194
v -1.59008 -8.82101 1.09701
v -0.778122 -9.23612 1.34147
v -0.772025 -8.85656 1.3194
v -0.496345 -9.23612 1.09262
v -0.483468 -8.82463 1.09701
v -0.524402 -9.23612 -0.096961
v -0.794554 -9.23612 -0.611976
v -0.794548 -8.38282 -0.615259
v -0.515879 -8.50605 -0.09015
v 1.59008 -8.82101 1.09701
v 1.30709 -8.69177 1.09701
v 1.30825 -8.8566 1.3194
v 1.61049 -9.23612 0.377714
v 1.60638 -9.41425 0.377582
v 0.790644 -8.69157 1.09701
v 0.772025 -8.85656 1.3194
v 0.483468 -8.82463 1.09701
v 0.475181 -9.23612 0.377715
v 0.478007 -9.41425 0.377583
v -1.30628 -8.75472 0.849671
v -1.65313 -8.92975 0.849669
v -1.30709 -8.69177 1.09701
v -1.64697 -9.23612 0.849669
v -0.80363 -8.75279 0.849671
v -0.790644 -8.69157 1.09701
v -0.462172 -9.23612 0.849669
v -0.450869 -8.93132 0.849669
v 1.30547 -8.62168 0.574203
v 1.62461 -8.77297 0.378167
v 0.816617 -8.61803 0.574203
v 0.465453 -8.77249 0.378167
v 0.462172 -9.23612 0.849669
v 0.465455 -9.41425 0.849669
v 0.80363 -8.75279 0.849671
v 0.450869 -8.93132 0.849669
v 1.30628 -8.75472 0.849671
v 1.65313 -8.92975 0.849669
v 1.64697 -9.23612 0.849669
v 1.64518 -9.41425 0.849669
v -0.475181 -9.23612 0.377715
v -0.465453 -8.77249 0.378167
v -0.794548 -8.21163 0.36972
v -0.816617 -8.61803 0.574203
v -1.35189 -8.22262 0.36972
v -1.30547 -8.62168 0.574203
v -1.62461 -8.77297 0.378167
v -1.61049 -9.23612 0.377714
v 1.34552 -7.87577 -0.613624
v 1.60194 -7.87385 -0.113608
v 1.32891 -7.88739 0.325548
v 0.822878 -7.88025 0.321918
v 0.568596 -7.87381 -0.101387
v 0.821281 -7.87578 -0.617185
v -1.31442 -8.39241 -0.558453
v -1.55228 -8.51624 -0.106866
v -1.31108 -8.22859 0.286876
v -0.836748 -8.21981 0.286145
v -0.599327 -8.5162 -0.104403
v -0.836425 -8.39241 -0.559171
v 1.33034 -7.69595 -0.579397
v 1.30899 -7.70481 0.292079
v -1.34552 -7.87577 -0.613624
v -1.60194 -7.87385 -0.113608
v -1.32891 -7.88739 0.325548
v -0.822878 -7.88025 0.321918
v -0.568596 -7.87381 -0.101387
v -0.821281 -7.87578 -0.617185
v -1.33034 -7.69742 -0.579397
v -1.56553 -7.69592 -0.114577
v -1.30899 -7.70627 0.292079
v -0.847359 -7.70082 0.287412
v -0.614918 -7.69588 -0.098863
v -0.845306 -7.69744 -0.583976
v -1.29504 -9.41425 -0.615484
v -1.56551 -9.41425 -0.105918
v -1.60638 -9.41425 0.377582
v -1.64518 -9.41425 0.849669
v -1.57823 -9.41425 1.09631
v -1.29624 -9.41425 1.3351
v -0.779893 -9.41425 1.3351
v -0.500086 -9.41425 1.09658
v -0.465455 -9.41425 0.849669
v -0.478007 -9.41425 0.377583
v -0.519559 -9.41425 -0.105917
v -0.787331 -9.41425 -0.615484
v 1.62873 -1.18025 -1.07101
v 0.649686 -1.48116 -1.09536
v 0.617438 -1.08161 -1.14643
v 1.56727 -0.578126 -1.06442
v 2.18259 -1.00939 -0.025289
v 2.01983 -0.34874 -0.010849
v 1.57789 -1.21359 0.761231
v 1.45143 -0.628889 0.769422
v 0.681131 -1.48972 0.852939
v 0.675627 -0.97409 0.877874
v 0.103208 -1.62393 -0.018161
v 0.078314 -1.21596 -0.022159
v 0.426932 -0.70865 -1.16477
v 1.3184 0.462943 -0.890453
v 1.75949 0.462946 0.049751
v 1.31332 0.447048 0.814888
v 0.586476 -0.819001 0.880551
v 0 -1.07081 -0.031456
v 0 -0.521536 -1.16937
v 0 -0.611637 1.01303
v 0 0.531085 1.20359
v 0 0.612096 -1.01311
v -0.679964 -1.84181 -1.04361
v -1.67358 -1.68632 -1.04056
v -0.649686 -1.48116 -1.09536
v -1.59895 -1.1782 -1.06695
v -2.25108 -1.64741 -0.018956
v -2.18259 -1.00939 -0.025289
v -1.6306 -1.75389 0.743469
v -1.57789 -1.21359 0.761231
v -0.706859 -1.89752 0.81813
v -0.681131 -1.48972 0.852939
v -0.124092 -1.89752 -0.018956
v -0.103208 -1.62393 -0.018161
v -0.617349 -1.08154 -1.13627
v -1.49767 -0.571953 -1.06222
v -1.32393 0.462943 -0.916906
v -0.534228 -0.720941 -1.19244
v -2.01983 -0.34874 -0.010849
v -1.75949 0.462946 0.049751
v -1.45143 -0.628889 0.769422
v -1.31332 0.447048 0.814888
v -0.675627 -0.97409 0.877874
v -0.586476 -0.819001 0.880551
v -0.078235 -1.21594 -0.022152
v 1.19174 1.18207 -0.605449
v 1.45018 1.17794 0.048856
v 1.18419 1.18634 0.820189
v 0 1.17706 1.18594
v 0 1.17706 -0.7808
v -1.19174 1.18207 -0.605449
v -1.45018 1.17794 0.048856
v -1.18419 1.18634 0.820189
v 0.124092 -1.89752 -0.018956
v 0.679964 -1.84181 -1.04361
v 0.706859 -1.89752 0.81813
v 1.6306 -1.75389 0.74347
v 2.25108 -1.64741 -0.018956
v 1.67335 -1.68496 -1.04276
v 1.67335 -3.06771 -1.04276
v 0.679964 -3.22457 -1.04361
v 2.26948 -3.03016 -0.018956
v 1.6306 -3.13665 0.74347
v 0.706859 -3.28028 0.81813
v 0.124092 -3.28028 -0.018956
v -0.679964 -3.22457 -1.04361
v -1.67358 -3.06907 -1.04056
v -2.26948 -3.03016 -0.018956
v -1.6306 -3.13665 0.743469
v -0.706859 -3.28028 0.81813
v -0.124092 -3.28028 -0.018956
v 7.71532 4.78244 0.002401
v 7.71532 5.02882 0.002401
v 7.68732 5.00474 0.174179
v 7.68732 4.77689 0.174179
v 7.55614 4.75207 0.242723
v 7.55614 5.01407 0.242723
v 7.49816 4.96994 0.440242
v 7.49816 4.73757 0.440242
v 7.41987 4.79593 -0.332477
v 7.36947 4.78258 -0.503713
v 7.36947 4.984 -0.503713
v 7.41987 5.02305 -0.332477
v 7.62173 4.78116 -0.24723
v 7.62173 4.99955 -0.24723
v 7.64904 5.0234 -0.082575
v 7.64904 4.78723 -0.082575
v 7.22241 4.77093 -0.011768
v 7.22241 5.05797 -0.011768
v 7.2717 5.05505 -0.010351
v 7.2717 4.77208 -0.010351
v 7.18979 5.02991 0.188348
v 7.23955 5.0274 0.186931
v 7.18979 4.76447 0.188348
v 7.23955 4.76571 0.186931
v 7.12049 4.7561 0.232016
v 7.12049 5.0465 0.232016
v 7.16405 5.04326 0.233087
v 7.16405 4.75569 0.233087
v 7.05622 4.99759 0.450949
v 7.10042 4.99483 0.449878
v 7.05622 4.74003 0.450949
v 7.10042 4.73979 0.449878
v 7.03757 4.7753 -0.319595
v 6.9796 4.75994 -0.516595
v 7.01859 4.7622 -0.515306
v 7.0758 4.77736 -0.320883
v 6.9796 4.99167 -0.516595
v 7.01859 4.9909 -0.515306
v 7.03757 5.0366 -0.319595
v 7.0758 5.03524 -0.320883
v 7.12386 4.77724 -0.263192
v 7.12386 5.03798 -0.263192
v 7.17365 5.03413 -0.261596
v 7.17365 4.77763 -0.261596
v 7.15647 5.06644 -0.066613
v 7.20573 5.06214 -0.068209
v 7.15647 4.78448 -0.066613
v 7.20573 4.78476 -0.068209
v 7.08103 4.75394 0.231683
v 7.08103 5.04523 0.231683
v 7.01657 4.73782 0.451282
v 7.01657 4.99616 0.451282
v 7.14278 4.76178 0.189613
v 7.17581 4.76832 -0.013033
v 7.14278 5.03058 0.189613
v 7.17581 5.05899 -0.013033
v 7.08339 4.77301 -0.264735
v 7.08339 5.03784 -0.264735
v 7.11652 4.78037 -0.06507
v 7.11652 5.06676 -0.06507
v 7.00642 4.77106 -0.318141
v 6.94759 4.75548 -0.518048
v 7.00642 5.03622 -0.318141
v 6.94759 4.99063 -0.518048
v 0 1.37227 -0.789776
v 1.20372 1.37227 -0.559925
v -1.20372 1.37227 -0.559925
v -1.44857 1.37227 0.055129
v -1.19976 1.37227 0.822121
v 0 1.37227 1.25451
v 1.19976 1.37227 0.822121
v 1.44857 1.37227 0.055129
v 1.7498 5.44267 -0.003798
v 1.72115 5.36053 -0.722388
v 0.79182 5.74911 -0.026169
v 0.791818 5.75667 -0.480496
v 1.58608 5.34503 0.695785
v 0.641391 5.64795 0.532154
v 0 4.73951 1.41122
v 0 5.23656 1.08154
v -1.58608 5.34503 0.695785
v -0.641391 5.64795 0.532153
v -1.7498 5.44267 -0.003798
v -0.79182 5.74911 -0.026169
v -1.72115 5.36053 -0.722388
v -0.791818 5.75667 -0.480496
v 0 5.46199 -1.0983
v 0 5.79076 -0.634015
v 0 3.92019 1.548
v 1.49133 4.04015 0.756274
v -1.49133 4.04015 0.756274
v 0 3.92019 -1.02368
v -1.70377 4.06927 -0.668801
v 1.70377 4.06927 -0.668801
v 1.54134 2.07486 0.120152
v 1.3596 2.07486 -0.537247
v 1.7498 3.7066 0.063186
v 1.29289 2.07486 0.801657
v 0 2.07486 1.43493
v -1.29289 2.07486 0.801657
v -1.54134 2.07486 0.120152
v -1.7498 3.7066 0.063186
v -1.3596 2.07486 -0.537247
v 0 2.07486 -0.845282
v 1.89172 3.81125 0.042485
v 1.9415 4.12491 -0.601794
v 1.9501 5.22265 -0.593977
v 1.9259 5.43647 -0.008947
v 1.74946 4.12734 0.656068
v 1.82481 5.24476 0.6183
v -1.89172 3.81125 0.042485
v -1.74946 4.12734 0.656069
v -1.82481 5.24476 0.6183
v -1.9259 5.43647 -0.008947
v -1.9415 4.12491 -0.601794
v -1.9501 5.22265 -0.593977
v 3.2031 4.12491 -0.601794
v 3.2031 3.81125 0.042485
v 3.2031 5.10534 -0.593977
v 3.2031 5.37016 -0.008947
v 3.2031 4.12734 0.656068
v 3.2031 5.16342 0.6183
v -3.2031 4.12734 0.656069
v -3.2031 3.81125 0.042485
v -3.2031 5.16342 0.6183
v -3.2031 5.37016 -0.008947
v -3.2031 4.12491 -0.601794
v -3.2031 5.10534 -0.593977
v -5.50882 4.45786 0.002387
v -5.50882 4.61185 0.343931
v -5.61724 4.61719 0.338336
v -5.61724 4.46589 0.002152
v -5.50882 5.00449 0.342982
v -5.61724 5.00301 0.338336
v -5.50881 5.15778 0.002046
v -5.61724 5.15277 0.002152
v -5.50882 4.61187 -0.337897
v -5.61724 4.61719 -0.334032
v -5.50882 5.003 -0.338856
v -5.61724 5.00147 -0.334032
v 0 5.15846 1.07192
v 0 5.5269 0.57146
v -0.600913 5.60848 0.537472
v 0.600913 5.60848 0.537472
v 0.782126 5.70042 -0.45785
v 0 5.71478 -0.621951
v 0 5.84977 -0.407095
v 0.29877 5.84087 -0.332044
v -0.782125 5.70042 -0.45785
v -0.29877 5.84087 -0.332044
v -0.763612 5.69915 -0.01409
v -0.373183 5.81351 -0.15251
v -0.29877 5.78097 0.023137
v 0 5.78097 0.093962
v 0.29877 5.78097 0.023137
v 0.763612 5.69915 -0.01409
v 0.373183 5.81351 -0.15251
v 0 6.66714 -0.306853
v 0.29877 6.66714 -0.238633
v -0.29877 6.66714 -0.238633
v -0.373183 6.66714 -0.073936
v -0.29877 6.66714 0.090761
v 0 6.66714 0.15898
v 0.29877 6.66714 0.090761
v 0.373183 6.66714 -0.073936
v 3.20379 4.28731 0.007374
v 3.20379 4.49888 -0.420057
v 3.38601 4.50781 -0.413562
v 3.38601 4.3008 0.00698
v 3.20379 4.49847 0.462874
v 3.38601 4.50743 0.453471
v 3.20379 5.03587 0.441761
v 3.38601 5.03339 0.433952
v 3.20354 5.26439 -0.000203
v 3.38578 5.25596 -2.5e-05
v 3.20379 5.03543 -0.441407
v 3.38601 5.03287 -0.4333
v 5.61724 4.46589 0.002152
v 5.61724 4.61719 -0.334032
v 5.83605 4.45774 -0.038306
v 5.80536 4.61626 -0.544691
v 5.61724 5.00147 -0.334032
v 5.80536 5.01046 -0.544691
v 5.61724 5.15277 0.002152
v 5.83605 5.16897 -0.038306
v 5.61724 4.61719 0.338336
v 5.79932 4.64601 0.471
v 5.61724 5.00301 0.338336
v 5.80536 5.02653 0.468079
v -5.83605 4.45774 -0.038306
v -5.79932 4.64601 0.471
v -5.80536 5.02653 0.468079
v -5.83605 5.16897 -0.038306
v -5.80536 4.61626 -0.544691
v -5.80536 5.01046 -0.544691
v 6.18092 4.66601 -0.544691
v 6.24229 4.64573 -0.038306
v 6.18092 5.01046 -0.544691
v 6.24229 5.1437 -0.038306
v 6.16907 4.64973 0.470959
v 6.17533 5.03159 0.467567
v 6.3623 4.63051 1.06605
v 6.34598 4.4203 1.03171
v 6.52626 4.67249 0.929694
v 6.4942 4.46208 0.894292
v -6.16907 4.64973 0.470959
v -6.24229 4.64573 -0.038306
v -6.34598 4.4203 1.03171
v -6.3623 4.63051 1.06605
v -6.52626 4.67249 0.929694
v -6.4942 4.46208 0.894292
v -6.17533 5.03159 0.467567
v -6.24229 5.1437 -0.038306
v -6.18092 4.66601 -0.544691
v -6.18092 5.01046 -0.544691
v 6.72176 4.71603 -0.291498
v 6.75437 4.72536 -0.038306
v 6.66378 4.99412 -0.544691
v 6.66378 4.69629 -0.544691
v 6.72176 5.05186 -0.291499
v 6.66378 4.6986 0.468079
v 6.72176 4.71718 0.214886
v 6.72176 5.05303 0.214886
v 6.75437 5.08853 -0.038306
v 6.66378 4.99647 0.468079
v -6.72176 4.71718 0.214886
v -6.75437 4.72536 -0.038306
v -6.66378 4.99647 0.468079
v -6.66378 4.6986 0.468079
v -6.72176 5.05303 0.214886
v -6.66378 4.69629 -0.544691
v -6.72176 4.71603 -0.291498
v -6.72176 5.05186 -0.291499
v -6.75437 5.08853 -0.038306
v -6.66378 4.99412 -0.544691
v 5.93716 4.5985 0.692161
v 5.98347 4.93717 0.717825
v 6.25625 4.59615 0.636339
v 6.26671 4.96202 0.638325
v -6.11981 4.51285 0.856433
v -6.14324 4.81908 0.8997
v -6.41903 4.81034 0.812706
v -6.38182 4.5202 0.791711
v 6.11981 4.51285 0.856433
v 6.14324 4.81908 0.8997
v 6.41903 4.81034 0.812706
v 6.38182 4.5202 0.791711
v -5.93716 4.5985 0.692161
v -5.98347 4.93717 0.717825
v -6.26671 4.96202 0.638325
v -6.25625 4.59615 0.636339
v -7.55614 4.75207 0.242723
v -7.49816 4.73757 0.440242
v -7.55614 5.01407 0.242723
v -7.49816 4.96994 0.440242
v -7.64904 4.78723 -0.082575
v -7.64904 5.0234 -0.082575
v -7.62173 4.99955 -0.24723
v -7.62173 4.78116 -0.24723
v -7.41987 4.79593 -0.332477
v -7.41987 5.02305 -0.332477
v -7.36947 4.984 -0.503713
v -7.36947 4.78258 -0.503713
v -6.72588 4.73447 0.228684
v -6.65966 4.71792 0.454281
v -6.65966 4.98332 0.454281
v -6.72588 5.03372 0.228684
v 6.72588 5.03372 0.228684
v 6.72588 4.73447 0.228684
v 6.65966 4.98332 0.454281
v 6.65966 4.71792 0.454281
v 6.75643 5.06815 -0.024416
v 6.75643 4.74484 -0.024416
v 6.7197 5.03656 0.200996
v 6.7197 4.73756 0.200996
v -6.7197 5.03656 0.200996
v -6.7197 4.73756 0.200996
v -6.75643 5.06815 -0.024416
v -6.75643 4.74484 -0.024416
v -6.75693 5.06958 -0.051184
v -6.75693 4.74336 -0.051184
v -6.7192 5.03664 -0.278621
v -6.7192 4.73497 -0.278621
v 6.7192 4.73497 -0.278621
v 6.7192 5.03664 -0.278621
v 6.75693 5.06958 -0.051184
v 6.75693 4.74336 -0.051184
v 6.72604 4.73295 -0.305057
v 6.6595 4.71533 -0.531133
v 6.6595 4.98127 -0.531133
v 6.72604 5.03282 -0.305057
v -6.72604 5.03282 -0.305057
v -6.72604 4.73295 -0.305057
v -6.6595 4.98127 -0.531133
v -6.6595 4.71533 -0.531133
v -7.08103 4.75394 0.231683
v -7.01657 4.73782 0.451282
v -7.12049 4.7561 0.232016
v -7.05622 4.74003 0.450949
v -7.01657 4.99616 0.451282
v -7.05622 4.99759 0.450949
v -7.08103 5.04523 0.231683
v -7.12049 5.0465 0.232016
v -7.11652 4.78037 -0.06507
v -7.11652 5.06676 -0.06507
v -7.15647 5.06644 -0.066613
v -7.15647 4.78448 -0.066613
v -7.08339 5.03784 -0.264735
v -7.12386 5.03798 -0.263192
v -7.08339 4.77301 -0.264735
v -7.12386 4.77724 -0.263192
v -7.14278 4.76178 0.189613
v -7.14278 5.03058 0.189613
v -7.18979 5.02991 0.188348
v -7.18979 4.76447 0.188348
v -7.17581 5.05899 -0.013033
v -7.22241 5.05797 -0.011768
v -7.17581 4.76832 -0.013033
v -7.22241 4.77093 -0.011768
v -7.00642 4.77106 -0.318141
v -7.00642 5.03622 -0.318141
v -7.03757 5.0366 -0.319595
v -7.03757 4.7753 -0.319595
v -6.94759 4.99063 -0.518048
v -6.9796 4.99167 -0.516595
v -6.94759 4.75548 -0.518048
v -6.9796 4.75994 -0.516595
v -7.16405 4.7557 0.233087
v -7.10042 4.73979 0.449878
v -7.10042 4.99483 0.449878
v -7.16405 5.04326 0.233087
v -7.20573 4.78476 -0.068209
v -7.20573 5.06214 -0.068209
v -7.17365 5.03413 -0.261596
v -7.17365 4.77763 -0.261596
v -7.23955 4.76571 0.186931
v -7.23955 5.0274 0.186931
v -7.68732 5.00474 0.174179
v -7.68732 4.77689 0.174179
v -7.2717 5.05505 -0.010351
v -7.71532 5.02882 0.002401
v -7.2717 4.77208 -0.010351
v -7.71532 4.78244 0.002401
v -7.0758 4.77736 -0.320883
v -7.0758 5.03524 -0.320883
v -7.01859 4.9909 -0.515306
v -7.01859 4.7622 -0.515306
v 5.50882 4.45786 0.002387
v 5.50882 4.61187 -0.337897
v 5.50882 4.61185 0.343931
v 5.50882 5.00449 0.342982
v 5.50881 5.15778 0.002046
v 5.50882 5.003 -0.338856
v -3.77198 4.52673 -0.399804
v -3.77198 4.32935 0.006145
v -3.77198 4.52642 0.433555
v -3.77198 5.02814 0.417412
v -3.77178 5.23811 0.000351
v -3.77198 5.02744 -0.416128
v 3.57899 4.31507 0.006563
v 3.57899 4.51727 -0.406683
v 3.77198 4.52673 -0.399804
v 3.77198 4.32935 0.006145
v 3.57899 4.51692 0.443513
v 3.77198 4.52642 0.433555
v 3.57899 5.03077 0.425682
v 3.77198 5.02814 0.417412
v 3.57878 5.24704 0.000163
v 3.77178 5.23811 0.000351
v 3.57899 5.03015 -0.424714
v 3.77198 5.02744 -0.416128
v -3.38601 4.50781 -0.413562
v -3.38601 4.3008 0.00698
v -3.57899 4.51727 -0.406683
v -3.57899 4.31508 0.006563
v -3.38601 4.50743 0.453471
v -3.57899 4.51692 0.443513
v -3.38601 5.03339 0.433952
v -3.57899 5.03077 0.425682
v -3.38578 5.25596 -2.5e-05
v -3.57878 5.24704 0.000163
v -3.38601 5.03287 -0.4333
v -3.57899 5.03015 -0.424714
v -3.20379 5.03543 -0.441407
v -3.20379 4.49888 -0.420057
v -3.20354 5.26439 -0.000203
v -3.20379 5.03587 0.441761
v -3.20379 4.49847 0.462874
v -3.20379 4.28731 0.007374
vn 0.012228 0.112789 -0.993544
vn 0.012122 0.113548 -0.993459
vn 0.001795 0.119683 -0.992811
vn 0.00179 0.119288 -0.992858
vn 0.891288 0.050547 -0.450611
vn 0.891881 0.048848 -0.449624
vn 0.877374 0.058835 -0.476186
vn 0.87748 0.06029 -0.475809
vn 0.843262 -0.01493 0.537295
vn 0.842925 -0.014689 0.537831
vn 0.860237 -0.023705 0.509344
vn 0.86004 -0.023691 0.509676
vn -0.014255 -0.03744 0.999197
vn -0.014218 -0.037532 0.999194
vn -0.003232 -0.047136 0.998883
vn -0.003294 -0.047486 0.998866
vn -0.86455 -0.036816 0.501197
vn -0.864579 -0.036905 0.501139
vn -0.873548 -0.058379 0.483225
vn -0.873546 -0.058379 0.483229
vn -0.910401 -0.000401 -0.413727
vn -0.909443 -0.000236 -0.415829
vn -0.886616 -0.011252 -0.462369
vn -0.887206 -0.009928 -0.461267
vn 0.001886 -0.082129 -0.99662
vn 0.005182 -0.107085 -0.994236
vn 0.005225 -0.107414 -0.994201
vn 0.869247 -0.052319 -0.491603
vn 0.867942 -0.073832 -0.491147
vn 0.867963 -0.073531 -0.491155
vn 0.877747 -0.058633 0.475523
vn 0.878935 -0.049626 0.474352
vn 0.878929 -0.049676 0.474359
vn 0.001223 -0.055819 0.99844
vn 0.002285 -0.049655 0.998764
vn 0.002266 -0.049763 0.998759
vn -0.876996 -0.054325 0.477416
vn -0.874632 -0.049351 0.48227
vn -0.874619 -0.049326 0.482295
vn -0.876996 -0.054325 0.477417
vn -0.870442 -0.066306 -0.487784
vn -0.867713 -0.077258 -0.491026
vn -0.867674 -0.077409 -0.49107
vn -0.873695 -0.038772 -0.484926
vn -0.877557 -0.058546 0.475884
vn 0.000472 -0.026247 0.999655
vn 0.870914 -0.024445 0.490827
vn 0.872221 0.00626 -0.489072
vn 0.000236 -0.003953 -0.999992
vn -0.015786 -0.053317 -0.998453
vn -0.01584 0.006554 -0.999853
vn -0.015839 0.003517 -0.999868
vn -0.89878 0.000278 -0.4384
vn -0.898779 -0.002597 -0.438394
vn -0.897371 -0.056765 -0.437611
vn -0.836168 0.002317 0.548469
vn -0.836142 0.003971 0.548499
vn -0.835754 -0.052193 0.546617
vn 0.018293 0.008831 0.999794
vn 0.018286 0.009391 0.999789
vn 0.018995 -0.051617 0.998486
vn 0.855196 0.026885 0.517608
vn 0.855175 0.027568 0.517605
vn 0.855376 -0.034218 0.516877
vn 0.915634 0.031402 -0.400786
vn 0.915567 0.033619 -0.400757
vn 0.915828 -0.023901 -0.400859
vn -0.017217 0.077138 -0.996872
vn -0.012228 0.112789 -0.993544
vn -0.012122 0.113547 -0.993459
vn -0.896862 0.034124 -0.440993
vn -0.891288 0.050547 -0.450611
vn -0.891881 0.048848 -0.449624
vn -0.837122 -0.010591 0.546913
vn -0.843262 -0.01493 0.537295
vn -0.842925 -0.014689 0.537831
vn 0.019241 -0.025217 0.999497
vn 0.014218 -0.037532 0.999194
vn 0.014255 -0.03744 0.999197
vn 0.860524 -0.024889 0.508801
vn 0.864579 -0.036905 0.501139
vn 0.86455 -0.036816 0.501197
vn 0.916837 -0.001534 -0.399258
vn 0.909443 -0.000236 -0.415829
vn 0.910401 -0.000401 -0.413727
vn -0.001886 -0.082129 -0.99662
vn -0.005225 -0.107414 -0.994201
vn -0.005182 -0.107085 -0.994236
vn -0.869247 -0.05232 -0.491603
vn -0.867963 -0.073531 -0.491155
vn -0.867942 -0.073832 -0.491147
vn -0.877747 -0.058633 0.475523
vn -0.878929 -0.049676 0.474359
vn -0.878935 -0.049626 0.474352
vn -0.001223 -0.055819 0.99844
vn -0.002285 -0.049655 0.998764
vn -0.002266 -0.049763 0.998758
vn 0.876996 -0.054325 0.477417
vn 0.874619 -0.049326 0.482295
vn 0.874632 -0.049351 0.48227
vn 0.870443 -0.066306 -0.487784
vn 0.867713 -0.077258 -0.491026
vn 0.867674 -0.077409 -0.49107
vn 0.886616 -0.011252 -0.462369
vn 0.887206 -0.009928 -0.461267
vn 0.873695 -0.038772 -0.484926
vn 0.873548 -0.058379 0.483225
vn 0.873546 -0.058379 0.483229
vn 0.877557 -0.058546 0.475884
vn 0.003232 -0.047136 0.998883
vn 0.003294 -0.047486 0.998866
vn -0.000472 -0.026247 0.999655
vn -0.86004 -0.023691 0.509676
vn -0.860237 -0.023705 0.509344
vn -0.870914 -0.024445 0.490827
vn -0.87748 0.06029 -0.475809
vn -0.877374 0.058835 -0.476186
vn -0.872221 0.00626 -0.489072
vn -0.00179 0.119288 -0.992858
vn -0.001795 0.119683 -0.992811
vn -0.000236 -0.003953 -0.999992
vn 0.867048 -0.079853 -0.491784
vn 0.874073 -0.048189 0.483399
vn -0.002529 -0.048237 0.998833
vn -0.879193 -0.047596 0.474083
vn -0.867608 -0.078462 -0.491019
vn -0.006014 -0.113382 -0.993533
vn 0.89878 0.000278 -0.4384
vn 0.898779 -0.002597 -0.438394
vn -0.079934 0.996105 0.037208
vn 0.836168 0.002317 0.548469
vn 0.836142 0.003972 0.548499
vn -0.069215 0.997466 -0.016479
vn -0.018293 0.008831 0.999794
vn -0.018286 0.009391 0.999789
vn 0.012991 0.998422 -0.054634
vn -0.855196 0.026885 0.517608
vn -0.855176 0.027568 0.517605
vn 0.069174 0.997208 -0.028127
vn -0.915634 0.031402 -0.400785
vn -0.915567 0.033619 -0.400757
vn 0.07627 0.996535 0.033167
vn -0.000729 0.996833 0.079524
vn 0.01584 0.006554 -0.999853
vn 0.015839 0.003517 -0.999868
vn 0.897371 -0.056765 -0.437611
vn 0.835755 -0.052193 0.546617
vn -0.018995 -0.051617 0.998486
vn -0.855376 -0.034218 0.516877
vn -0.915828 -0.023901 -0.400859
vn 0.015786 -0.053317 -0.998453
vn 0.079934 0.996106 0.037208
vn 0.069215 0.997466 -0.016479
vn -0.012991 0.998422 -0.054634
vn -0.069174 0.997208 -0.028127
vn -0.07627 0.996536 0.033165
vn 0.000729 0.996833 0.079524
vn -0.916837 -0.001534 -0.399258
vn -0.860524 -0.024889 0.508801
vn -0.01924 -0.025217 0.999497
vn 0.837122 -0.010591 0.546913
vn 0.837122 -0.010591 0.546914
vn 0.896862 0.034124 -0.440993
vn 0.017217 0.077138 -0.996872
vn -0.867048 -0.079853 -0.491784
vn -0.874073 -0.048189 0.483399
vn 0.002529 -0.048237 0.998833
vn 0.879193 -0.047596 0.474083
vn 0.867608 -0.078462 -0.49102
vn 0.006014 -0.113382 -0.993533
vn 0 0.019689 -0.999806
vn 0 0.000145 -1
vn 0 -0.000151 -1
vn 0.881849 -0.051443 -0.468717
vn 0.881775 -0.052064 -0.468787
vn 0.885219 -0.019078 -0.464784
vn 0.645393 -0.00332 0.763843
vn 0.645535 -0.003509 0.763723
vn 0.654166 -0.015119 0.7562
vn 1e-06 0.029019 0.999579
vn 1e-06 0.028845 0.999584
vn -0 -0.035761 0.99936
vn -0.642809 -0.0035 0.766019
vn -0.642601 -0.003307 0.766194
vn -0.655362 -0.015259 0.755161
vn -0.655362 -0.015259 0.75516
vn -0.88444 0.005118 -0.466625
vn -0.884444 0.005309 -0.466616
vn -0.884446 0.046202 -0.464351
vn 0.894896 0.034485 -0.444941
vn 0.897353 0.090397 -0.431956
vn 0.88632 -0.020623 -0.462614
vn 0.888166 -0.004608 -0.459501
vn 0.896181 0.187699 0.402031
vn 0.880777 0.075289 0.467509
vn 0.243912 0.868129 -0.432272
vn 2.6e-05 0.216602 0.97626
vn -4.3e-05 0.213096 0.977031
vn 0.019155 0.996239 -0.084504
vn -0.888624 0.099564 0.4477
vn -0.901959 0.235587 0.361895
vn -0.230458 0.859099 -0.456987
vn -0.900883 0.128794 -0.414514
vn -0.900409 0.068208 -0.429665
vn -0.887985 0.039002 -0.458215
vn -0.889209 0.060154 -0.453528
vn -5e-06 0.038566 -0.999256
vn -5e-06 0.03464 -0.9994
vn 0.004363 0.047246 -0.998874
vn 0.00436 0.039915 -0.999194
vn -0.88185 -0.051443 -0.468716
vn -0.881776 -0.052064 -0.468787
vn -0.888166 -0.004608 -0.459501
vn -0.88632 -0.020623 -0.462614
vn -0.645393 -0.00332 0.763843
vn -0.645535 -0.003509 0.763723
vn -0.641428 0.001937 0.767181
vn -1e-06 0.029019 0.999579
vn -1e-06 0.028845 0.999584
vn -2e-06 0.058038 0.998314
vn 0.642809 -0.0035 0.766019
vn 0.642601 -0.003307 0.766194
vn 0.6369 0.001951 0.770944
vn 0.88444 0.005118 -0.466625
vn 0.884444 0.005309 -0.466616
vn 0.889209 0.060154 -0.453528
vn 0.887985 0.039002 -0.458215
vn 5e-06 0.038566 -0.999256
vn 5e-06 0.03464 -0.9994
vn 0.428985 0.895221 -0.120626
vn 0.429822 0.902825 -0.01267
vn 0.344805 0.754991 0.557762
vn 0.996199 -0.025065 -0.083418
vn 0.996816 -0.052467 -0.060036
vn 0.99699 -0.040356 -0.066204
vn 0.996459 -0.020804 -0.081467
vn 0.00116 0.974947 0.222433
vn 0.001124 0.971162 0.238417
vn 0.000182 0.803256 0.595634
vn -0.418934 0.90663 -0.050171
vn -0.418029 0.896878 -0.14444
vn -0.333654 0.77025 0.543498
vn -0.997076 -0.015495 -0.074825
vn -0.994366 -0.009146 -0.105604
vn -0.99551 0.008043 -0.09431
vn -0.998123 -0.004414 -0.061078
vn -0.482478 0.869279 0.107565
vn -0.483509 0.867041 0.120246
vn -0.429822 0.902825 -0.012669
vn -0.428985 0.895221 -0.120625
vn -0.998817 -0.025172 0.041613
vn -0.998998 -0.021652 0.039179
vn -0.965535 -0.022193 0.259326
vn -0.965356 -0.017863 0.260323
vn -0.003851 0.99268 0.120711
vn -0.003894 0.991439 0.130513
vn -0.00116 0.974947 0.222434
vn -0.001124 0.971162 0.238419
vn 0.989569 -0.028813 0.141146
vn 0.999328 -0.025775 0.026045
vn 0.989247 -0.034264 0.142183
vn 0.99923 -0.029764 0.02556
vn 0.471727 0.875217 0.107096
vn 0.471857 0.874909 0.109019
vn 0.418934 0.90663 -0.05017
vn 0.418029 0.896878 -0.14444
vn 0.793683 0.400344 0.458031
vn 0.686441 0.604973 0.403493
vn 0.720147 0.551538 0.420944
vn 0.006337 0.452569 0.891707
vn 0.006158 0.653392 0.756995
vn 0.006147 0.658864 0.752237
vn -0.776166 0.461893 0.42921
vn -0.668836 0.633613 0.388836
vn -0.694431 0.598828 0.398961
vn -0.344804 0.754991 0.557763
vn -0.000182 0.803255 0.595635
vn 0.333654 0.770249 0.543499
vn -0.999328 -0.025775 0.026045
vn -0.999391 -0.017474 0.030189
vn -0.471857 0.874909 0.10902
vn -0.471727 0.875217 0.107096
vn 0.003851 0.99268 0.12071
vn 0.003894 0.991439 0.130512
vn 0.482478 0.869279 0.107565
vn 0.483509 0.867041 0.120245
vn 0.998998 -0.021652 0.039178
vn 0.999086 -0.01412 0.040343
vn 0.997076 -0.015495 -0.074825
vn 0.994366 -0.009146 -0.105604
vn 0.995928 -0.018087 -0.088316
vn 0.993921 -0.014532 -0.109135
vn 0.776166 0.461893 0.42921
vn 0.668836 0.633613 0.388835
vn 0.694432 0.598828 0.39896
vn -0.006337 0.452569 0.891707
vn -0.006158 0.653393 0.756994
vn -0.006147 0.658865 0.752236
vn -0.793683 0.400344 0.458032
vn -0.68644 0.604973 0.403494
vn -0.720147 0.551538 0.420944
vn -0.996742 -0.061123 -0.052622
vn -0.996816 -0.052468 -0.060036
vn -0.996973 -0.051407 -0.058327
vn -0.99699 -0.040356 -0.066204
vn -0.989569 -0.028813 0.141146
vn -0.990119 -0.017974 0.139072
vn 0.965356 -0.017863 0.260323
vn 0.964943 -0.009207 0.2623
vn 0.87711 -0.134712 -0.461011
vn 0.877169 -0.133888 -0.461138
vn 0.836069 -0.13402 0.532004
vn 0.836136 -0.132542 0.532269
vn -0.008191 -0.169704 0.985461
vn -0.008224 -0.170706 0.985288
vn -0.844178 -0.120717 0.522294
vn -0.844224 -0.119487 0.522502
vn -0.887566 -0.107389 -0.447989
vn -0.887497 -0.109066 -0.447721
vn 0.005173 -0.156434 -0.987675
vn 0.005191 -0.157326 -0.987533
vn -0.894896 0.034485 -0.444941
vn -0.897353 0.090397 -0.431956
vn -0.243913 0.86813 -0.432269
vn -0.896181 0.187699 0.402032
vn -0.880776 0.075289 0.467509
vn -0.019155 0.996239 -0.084509
vn -2.6e-05 0.216602 0.97626
vn 4.3e-05 0.213095 0.977031
vn 0.230458 0.859099 -0.456987
vn 0.888624 0.099564 0.447699
vn 0.90196 0.235587 0.361895
vn 0.900409 0.068208 -0.429665
vn 0.900883 0.128794 -0.414514
vn -0.00436 0.039915 -0.999194
vn -0.004363 0.047246 -0.998874
vn -0.079934 0.996106 0.037204
vn 0.889526 0.042988 -0.454857
vn 0.89022 0.019236 -0.455124
vn -0.069215 0.997466 -0.016478
vn 0.84719 0.048134 0.529105
vn 0.84648 0.060349 0.528989
vn 0.012991 0.998422 -0.05464
vn -0.007529 0.047657 0.998835
vn -0.007465 0.052617 0.998587
vn 0.069174 0.997208 -0.028128
vn -0.853989 0.08071 0.513994
vn -0.854325 0.076123 0.514134
vn 0.07627 0.996535 0.033169
vn -0.895248 0.093011 -0.435752
vn -0.896783 0.072923 -0.43642
vn 0.007371 0.065707 -0.997812
vn 0.007384 0.042328 -0.999077
vn -0.000729 0.996832 0.079532
vn -0.877109 -0.134712 -0.461012
vn -0.877169 -0.133887 -0.461139
vn -0.890207 0.019604 -0.455135
vn -0.889501 0.043453 -0.454863
vn -0.836069 -0.13402 0.532003
vn -0.836136 -0.132542 0.532269
vn -0.847173 0.04866 0.529084
vn -0.846463 0.0608 0.528965
vn 0.008191 -0.169704 0.985461
vn 0.008224 -0.170705 0.985288
vn 0.007452 0.053105 0.998561
vn 0.007518 0.048028 0.998818
vn 0.844178 -0.120717 0.522294
vn 0.844225 -0.119487 0.522501
vn 0.853938 0.081408 0.513968
vn 0.854286 0.076696 0.514113
vn 0.887566 -0.107389 -0.44799
vn 0.887497 -0.109066 -0.447721
vn 0.896724 0.073584 -0.43643
vn 0.895169 0.093751 -0.435756
vn -0.007363 0.066297 -0.997773
vn -0.007377 0.042778 -0.999057
vn -0.005191 -0.157326 -0.987533
vn -0.005173 -0.156434 -0.987675
vn 0.096344 0.994305 0.045547
vn 0.084337 0.996098 -0.026015
vn -0.013137 0.997321 -0.071961
vn -0.083619 0.995817 -0.036833
vn -0.09194 0.994933 0.040683
vn 0.000878 0.995304 0.096792
vn 0.996973 -0.051407 -0.058327
vn 0.996742 -0.061123 -0.052622
vn 0.998817 -0.025172 0.041613
vn 0.965535 -0.022193 0.259326
vn 0.641428 0.001937 0.767181
vn 2e-06 0.058038 0.998314
vn -0.6369 0.001951 0.770944
vn -0.99923 -0.029764 0.025561
vn -0.989247 -0.034264 0.142183
vn -0.995928 -0.018087 -0.088316
vn -0.993921 -0.014532 -0.109135
vn -0.885219 -0.019079 -0.464784
vn -0.996199 -0.025065 -0.083418
vn -0.996459 -0.020804 -0.081466
vn -0.999086 -0.01412 0.040343
vn -0.964942 -0.009207 0.262301
vn -0.654166 -0.015119 0.7562
vn 0.655362 -0.015259 0.75516
vn 0.655362 -0.015259 0.755161
vn 0.999391 -0.017474 0.03019
vn 0.990119 -0.017974 0.139072
vn 0.998123 -0.004414 -0.061078
vn 0.99551 0.008043 -0.09431
vn 0.884446 0.046202 -0.464351
vn 0 -1 0
vn 0 -1 -1e-06
vn 0.055748 -0.058322 -0.99674
vn 0.050856 -0.065083 -0.996583
vn 0.070664 -0.037651 -0.996789
vn 0.875878 0.121869 -0.466889
vn 0.875652 0.117612 -0.468402
vn 0.877138 0.163265 -0.451633
vn 0.770403 0.11938 0.62628
vn 0.769767 0.124709 0.626025
vn 0.764044 0.166111 0.623413
vn 0.111595 -0.032738 0.993214
vn 0.114517 -0.028654 0.993008
vn 0.12429 -0.014963 0.992133
vn -0.825444 -0.060307 0.561253
vn -0.826023 -0.056801 0.560768
vn -0.828656 -0.039929 0.558333
vn -0.883821 -0.099051 -0.457219
vn -0.882739 -0.100388 -0.459014
vn -0.888228 -0.093525 -0.449782
vn 0.071991 0.13119 -0.98874
vn 0.860559 0.289566 -0.419035
vn 0.815102 0.140472 0.562029
vn 0.130589 -0.014662 0.991328
vn -0.719357 -0.388549 0.575808
vn -0.790264 -0.433151 -0.433431
vn -0.363357 -0.839016 -0.404999
vn -0.226709 -0.891608 0.391968
vn 0 -0.915443 0.402447
vn 0.24483 -0.123739 0.961638
vn 0.24483 -0.123739 0.961637
vn 0.099763 0.145276 -0.984349
vn -0.036224 -0.085183 -0.995707
vn -0.050693 -0.058533 -0.996998
vn -0.054459 -0.051574 -0.997183
vn -0.863584 0.093689 -0.495425
vn -0.859293 0.144151 -0.490751
vn -0.859615 0.141112 -0.49107
vn -0.774943 0.073622 0.627729
vn -0.769767 0.124709 0.626025
vn -0.770403 0.119381 0.62628
vn -0.10158 -0.046697 0.993731
vn -0.111595 -0.032738 0.993214
vn -0.114517 -0.028654 0.993008
vn 0.820942 -0.085658 0.56455
vn 0.826004 -0.056848 0.56079
vn 0.825428 -0.060347 0.561272
vn 0.876126 -0.108409 -0.469735
vn 0.883715 -0.095715 -0.458134
vn 0.88268 -0.09748 -0.459754
vn -0.120477 0.085359 -0.98904
vn -0.863255 0.251712 -0.437529
vn -0.815102 0.140472 0.562029
vn -0.130589 -0.014662 0.991328
vn 0.719416 -0.388399 0.575835
vn 0.827376 -0.323425 -0.459179
vn 0.33448 -0.8487 -0.409673
vn 0.22671 -0.891607 0.391968
vn -0.24483 -0.123739 0.961637
vn -0.24483 -0.123739 0.961638
vn -0.068775 0.160032 -0.984713
vn 0.862505 0.336995 -0.377518
vn 0.874962 0.262556 0.406823
vn 0.288239 0.032121 0.95702
vn 0.291613 0.038839 0.955747
vn 0.294491 0.044593 0.954613
vn 0.130552 0.381535 -0.915089
vn -0.862994 0.345505 -0.368601
vn -0.862995 0.345505 -0.368601
vn -0.874962 0.262556 0.406824
vn -0.874962 0.262556 0.406823
vn -0.291613 0.038839 0.955747
vn -0.288239 0.032122 0.95702
vn -0.294491 0.044593 0.954613
vn -0.120965 0.397614 -0.909544
vn 0.888105 -0.088105 -0.451117
vn 0.828627 -0.040004 0.558369
vn -0.12429 -0.014963 0.992133
vn -0.764044 0.166111 0.623413
vn -0.854099 0.185365 -0.485957
vn -0.067784 -0.026873 -0.997338
vn -0.876126 -0.108409 -0.469735
vn -0.820942 -0.085658 0.56455
vn 0.10158 -0.046697 0.993731
vn 0.774943 0.073621 0.627729
vn 0.872093 0.071675 -0.484063
vn 0.033403 -0.089127 -0.99546
vn -0.285241 0.02618 0.958098
vn 0.285241 0.02618 0.958098
vn 0.000856 0 -1
vn 0.867445 0.005772 -0.497499
vn 0.770674 0.005128 0.637209
vn 0.080561 0 0.99675
vn -0.8207 0 0.57136
vn -0.878987 0 -0.476846
vn -0.003075 0 -0.999995
vn -0.867063 0.005769 -0.498166
vn -0.770674 0.005128 0.637209
vn -0.080561 0 0.99675
vn 0.8207 0 0.57136
vn 0.878987 0 -0.476846
vn 0.123293 -0.989576 0.074413
vn 0.101868 -0.994542 -0.022546
vn 0.050983 -0.997015 -0.057983
vn 0.101003 -0.948792 -0.29932
vn 0.365559 -0.904258 -0.220645
vn 0.325062 -0.936081 0.134489
vn -0.122358 -0.989561 0.07614
vn -0.100822 -0.994681 -0.021104
vn -0.050983 -0.997015 -0.057983
vn -0.101003 -0.948792 -0.29932
vn -0.365559 -0.904258 -0.220645
vn -0.325062 -0.936081 0.134488
vn 0.986979 0 0.160848
vn 0.959519 0 0.281646
vn 0.959319 2e-06 -0.282326
vn 0.986516 0 -0.163668
vn 0.028734 0 -0.999587
vn 0.054167 0.987612 0.147273
vn 0.05416 0.987612 0.147272
vn 0.028467 0 0.999595
vn 0.024137 -0.999307 -0.02835
vn 0.024135 -0.999307 -0.028352
vn 0.024569 0 -0.999698
vn 0.02457 0 -0.999698
vn 0.066387 0.969464 0.236079
vn 0.066385 0.969463 0.236081
vn 0.066384 0.969463 0.236081
vn 0.024221 -0 0.999707
vn -0.007385 -0.99713 -0.075348
vn -0.00738 -0.99713 -0.075347
vn 0.055836 -0.996559 0.061254
vn 0.055836 -0.99656 0.061249
vn 0.033022 0 -0.999455
vn 0.026723 0.97289 -0.229719
vn 0.026729 0.972889 -0.229723
vn 0.033677 0 0.999433
vn 0.033677 1e-06 0.999433
vn 0.032044 -1e-06 -0.999487
vn 0.080971 0.984433 -0.155997
vn 0.080973 0.984433 -0.155995
vn 0.032389 0 0.999475
vn 0.032388 0 0.999475
vn 0.006717 -0.999339 0.03573
vn 0.006726 -0.999339 0.035729
vn 0.006725 -0.999339 0.035729
vn 0.008446 0 -0.999964
vn 0.055112 -0.996853 -0.056976
vn 0.008403 -0 0.999965
vn -0.033438 0.977438 0.208558
vn 0.056525 -0.998135 -0.023038
vn 0.026896 0 0.999638
vn 0.017793 0.989757 0.141649
vn 0.027134 0 -0.999632
vn 0.024134 -0.999307 -0.028352
vn 0.054159 0.987612 0.147272
vn 0.038099 -1e-06 -0.999274
vn 0.103113 -0.994477 0.019558
vn 0.038587 0 0.999255
vn 0.002224 0.989622 -0.143682
vn 0.002224 0.989621 -0.143682
vn 0.006727 -0.999339 0.035729
vn 0.080974 0.984433 -0.155995
vn 0.136288 -0.989976 0.037066
vn 0.046613 0 0.998913
vn -0.021915 0.976114 -0.21615
vn 0.045372 0 -0.99897
vn 0.055836 -0.99656 0.061248
vn 0.02673 0.972889 -0.229724
vn 0.16596 0.087981 -0.9822
vn 0.197589 -0.018797 -0.980105
vn 0.198655 -0.022543 -0.97981
vn -0.16596 0.08798 -0.9822
vn -0.197589 -0.018797 -0.980105
vn -0.198655 -0.022543 -0.97981
vn -0.929343 0.02455 -0.368399
vn -0.938613 -0.103137 -0.329195
vn -0.93863 -0.112492 -0.326066
vn -0.947419 -0.041643 0.317276
vn -0.940333 -0.112917 0.320972
vn -0.940326 -0.11297 0.320974
vn -0.312636 -0.185111 0.931661
vn -0.375953 -0.13986 0.916023
vn -0.375998 -0.139827 0.91601
vn 0.312636 -0.185111 0.931661
vn 0.375953 -0.13986 0.916023
vn 0.375998 -0.139827 0.91601
vn 0.947419 -0.041643 0.317276
vn 0.940333 -0.112917 0.320972
vn 0.940326 -0.11297 0.320974
vn 0.929343 0.02455 -0.368399
vn 0.938613 -0.103137 -0.329195
vn 0.93863 -0.112491 -0.326066
vn 0.341124 0.93756 -0.067943
vn 0.278379 0.935551 0.21737
vn 0.379547 0.193497 0.904712
vn 0.363885 0.231815 0.902136
vn 0.141264 0.635108 0.759396
vn 0.141264 0.635108 0.759397
vn -0.363885 0.231816 0.902136
vn -0.379547 0.193497 0.904712
vn -0.141264 0.635108 0.759396
vn -0.141264 0.635108 0.759397
vn -0.278379 0.935551 0.21737
vn -0.341125 0.93756 -0.067943
vn -0.341124 0.93756 -0.067943
vn -0.2161 0.145419 -0.965481
vn -0.212854 0.031881 -0.976564
vn -0.16702 0.789474 -0.590623
vn 0.212854 0.031881 -0.976564
vn 0.2161 0.145419 -0.965481
vn 0.16702 0.789474 -0.590623
vn 0.446783 -0.003378 0.894636
vn 0.444448 0.004898 0.895792
vn -0.444448 0.004898 0.895791
vn -0.446783 -0.003378 0.894636
vn -0.212543 -0.075304 -0.974246
vn -0.212084 -0.071274 -0.974649
vn 0.212084 -0.071274 -0.974649
vn 0.212543 -0.075304 -0.974246
vn 0.960936 -0.155064 -0.229254
vn 0.960297 -0.154796 -0.232094
vn 0.967068 -0.157764 -0.199722
vn 0.967069 -0.157764 -0.199722
vn 0.930048 -0.106582 0.351639
vn 0.929802 -0.105733 0.352545
vn 0.926386 -0.094421 0.364546
vn 0.44189 -0.060147 0.895051
vn 0.442565 -0.059213 0.89478
vn -0.442565 -0.059212 0.89478
vn -0.44189 -0.060147 0.895051
vn -0.929802 -0.105733 0.352545
vn -0.930048 -0.106582 0.351639
vn -0.926386 -0.094421 0.364546
vn -0.960297 -0.154796 -0.232093
vn -0.960936 -0.155064 -0.229254
vn -0.967069 -0.157764 -0.199722
vn -0.212817 -0.085762 -0.973321
vn -0.21317 -0.087655 -0.973075
vn 0.21317 -0.087655 -0.973075
vn 0.212817 -0.085762 -0.973321
vn 0.397186 -0.824086 -0.403889
vn 0.382869 -0.021858 -0.923544
vn 0.382919 0.900574 -0.205767
vn 0.492555 -0.709595 0.503849
vn 0.28813 0.922019 0.258578
vn 0.337042 0.014518 0.941378
vn -0.508331 -0.848815 0.145299
vn -0.492554 -0.709596 0.503849
vn -0.495363 -0.868648 0.008149
vn -0.337042 0.014518 0.941378
vn -0.288132 0.922019 0.258577
vn -0.342351 0.93864 0.041843
vn -0.349796 0.936812 0.005127
vn -0.397184 -0.824086 -0.403889
vn -0.382921 0.900573 -0.205766
vn -0.382869 -0.021858 -0.923544
vn 0 -0.89911 -0.437723
vn 0.000351 0.007521 -0.999972
vn 0.067056 0.923953 -0.376582
vn 0 -0.88897 0.457966
vn 0.05285 0.950512 0.306159
vn 0.001006 0.035019 0.999386
vn 0 -0.888969 0.457967
vn -0.001006 0.03502 0.999386
vn -0.05285 0.950513 0.306158
vn -0.067056 0.923954 -0.376581
vn -0.000351 0.007521 -0.999972
vn -0.067041 -0.907744 0.414133
vn -0.067042 -0.909715 0.409785
vn -0.046844 0.018218 0.998736
vn -0.046845 0.01818 0.998737
vn -0.047153 0.001217 0.998887
vn -0.03601 0.90177 0.430714
vn -0.03601 0.901779 0.430694
vn -0.035854 0.912164 0.408254
vn -0.062663 -0.903301 -0.424406
vn -0.062662 -0.903292 -0.424425
vn -0.06282 -0.909669 -0.410555
vn -0.037007 0.900574 -0.433125
vn -0.037007 0.900563 -0.433147
vn -0.036824 0.910599 -0.411648
vn -0.04035 -0.018443 -0.999015
vn -0.04035 -0.018481 -0.999015
vn -0.040056 -0.001236 -0.999197
vn 0.075581 0.802998 0.591169
vn -0.075582 0.802999 0.591169
vn 0.130136 0.85315 -0.505173
vn -0.130136 0.853151 -0.505171
vn -0.279656 0.959912 0.019013
vn -0.186271 0.956887 0.222866
vn -0.186271 0.956888 0.222866
vn 0.035818 0.914051 0.404015
vn -0.035818 0.914051 0.404015
vn 0.186271 0.956888 0.222866
vn 0.186271 0.956887 0.222866
vn 0.279656 0.959912 0.019013
vn 0.233248 0.113783 -0.965738
vn -0.233248 0.113783 -0.965738
vn -0.918303 0.040318 -0.393819
vn -0.916888 -0.033423 0.397743
vn -0.22604 -0.0727 0.971401
vn 0.22604 -0.0727 0.971402
vn 0.22604 -0.0727 0.971401
vn 0.916888 -0.033423 0.397743
vn 0.918304 0.040318 -0.393818
vn 0.06244 -0.894956 -0.441763
vn 0.062454 -0.895466 -0.440727
vn 0.062454 -0.895458 -0.440743
vn 0.067033 -0.905349 0.419343
vn 0.067033 -0.90535 0.419343
vn 0.067034 -0.905489 0.419042
vn 0.067034 -0.905489 0.419043
vn 0.046464 0.038141 0.998192
vn 0.046486 0.036988 0.998234
vn 0.046486 0.037017 0.998233
vn 0.036174 0.888467 0.457513
vn 0.036164 0.88926 0.455971
vn 0.036164 0.889264 0.455962
vn 0.037206 0.887722 -0.458874
vn 0.037194 0.888487 -0.457391
vn 0.037194 0.888493 -0.45738
vn 0.040679 -0.038643 -0.998425
vn 0.040661 -0.037503 -0.998469
vn 0.04066 -0.03748 -0.99847
vn -0.223597 -0.917407 -0.329193
vn -0.745876 1e-06 -0.666085
vn -0.745876 1e-06 -0.666084
vn -0.257058 0.910017 -0.325255
vn -0.037485 -0.927869 0.371018
vn -0.161022 0.93427 0.318139
vn -0.578986 0.007675 0.815302
vn 0.037485 -0.927868 0.371019
vn 0.578986 0.007675 0.815302
vn 0.578986 0.007675 0.815301
vn 0.161022 0.93427 0.318139
vn 0.223598 -0.917407 -0.329194
vn 0.257058 0.910016 -0.325257
vn 0.745876 1e-06 -0.666085
vn 0.285539 -0.938993 -0.19173
vn -0 0 -1
vn 0.031025 0.959704 -0.279296
vn 0.190594 -0.974072 0.12189
vn 0.234775 -0.950248 0.204716
vn 0.165934 -0.983159 0.076581
vn 0.025402 0.968909 0.246109
vn 0.02035 0.96315 0.268195
vn 0.017519 0.959698 0.280487
vn 0.675746 -0.195557 0.710721
vn -0.234776 -0.950249 0.204715
vn -0.190594 -0.974072 0.121889
vn -0.165935 -0.983159 0.076581
vn -0.234776 -0.950248 0.204715
vn -0.675746 -0.195557 0.710721
vn -0.02035 0.96315 0.268194
vn -0.025402 0.968909 0.246108
vn -0.017519 0.959698 0.280486
vn -0.025402 0.96891 0.246108
vn -0.285539 -0.938993 -0.19173
vn -0.031025 0.959703 -0.279298
vn 0.106214 -0.994266 -0.012394
vn 0.109818 -0.993899 -0.010197
vn 0.153648 -0.987986 0.016631
vn 0.042969 0.967301 -0.249964
vn 0.050632 0.969771 -0.238708
vn 0.054183 0.970853 -0.233471
vn 0.122072 -0.992519 0.002029
vn 0.12575 -0.992062 0.000385
vn 0.127894 -0.991788 -0.000574
vn 0.071501 0.973336 0.217957
vn 0.073765 0.974124 0.213638
vn 0.105891 0.982783 0.151412
vn 0.002339 0.00497 0.999985
vn -0.12575 -0.992062 0.000385
vn -0.127894 -0.991788 -0.000575
vn -0.153658 -0.98805 -0.012126
vn -0.002339 0.00497 0.999985
vn -0.066793 0.971623 0.22691
vn -0.071501 0.973336 0.217957
vn -0.073765 0.974124 0.213638
vn -0.099677 -0.994885 -0.016375
vn -0.106214 -0.994266 -0.012394
vn -0.109818 -0.9939 -0.010197
vn -0.050631 0.96977 -0.238709
vn -0.054182 0.970853 -0.233472
vn -0.105817 0.982096 -0.155854
vn -0.823966 0.042111 0.565073
vn -0.772659 0.022737 0.634414
vn -0.784784 0.027131 0.619175
vn -0.050114 -0.942473 -0.330504
vn -0.034106 -0.957164 -0.287532
vn 0.879806 -0.02056 -0.474888
vn 0.808663 -0.027432 -0.587632
vn 0.839663 -0.024666 -0.542548
vn 0.074308 0.889305 0.451236
vn 0.050318 0.906085 0.420093
vn 0.670252 -0.035533 0.741283
vn 0.684102 -0.023058 0.729022
vn 0.633693 -0.067036 0.770675
vn -0.168232 0.819466 0.547881
vn -0.198018 0.799251 0.567439
vn -0.245534 0.76368 0.597082
vn -0.741685 -0.028279 -0.670152
vn -0.730331 -0.024982 -0.682637
vn -0.699636 -0.01633 -0.714313
vn 0.079971 -0.915972 -0.393193
vn 0.076449 -0.916416 -0.392857
vn 0.084341 -0.915403 -0.393603
vn -0.670251 -0.035532 0.741283
vn -0.684102 -0.023057 0.729022
vn 0.168232 0.819466 0.547881
vn 0.198017 0.799251 0.567439
vn 0.730331 -0.024982 -0.682637
vn 0.741685 -0.028279 -0.670152
vn -0.079971 -0.915971 -0.393194
vn -0.076449 -0.916416 -0.392858
vn 0.823966 0.042111 0.565073
vn 0.77266 0.022736 0.634413
vn 0.784784 0.027131 0.619175
vn -0.074308 0.889305 0.451236
vn -0.050318 0.906085 0.420092
vn -0.879806 -0.02056 -0.474888
vn -0.808663 -0.027433 -0.587632
vn -0.839663 -0.024666 -0.542548
vn 0.050114 -0.942474 -0.330502
vn 0.034106 -0.957164 -0.28753
vn -0.633693 -0.067036 0.770675
vn 0.245534 0.763679 0.597083
vn 0.699636 -0.01633 -0.714313
vn -0.084341 -0.915404 -0.393602
vn 0.066793 0.971623 0.22691
vn -0.105891 0.982782 0.151413
vn 0.105817 0.982096 -0.155855
vn -0.042968 0.967301 -0.249965
vn 0.153659 -0.98805 -0.012124
vn -0.122072 -0.992519 0.002029
vn 0.099678 -0.994885 -0.016375
vn -0.153648 -0.987986 0.016636
vn -0.959518 0 0.281646
vn -0.986516 0 -0.163668
vn -0.959319 3e-06 -0.282326
vn -0.967966 -3e-05 0.25108
vn -0.958169 0 -0.286202
vn -0.967965 -3.2e-05 0.251087
vn -0.967964 -3.2e-05 0.251087
vn 0.958169 0 -0.286202
vn 0.967964 -2.6e-05 0.251089
vn 0.967965 2e-05 0.251087
vn 0.989166 0 -0.146799
vn 0.989665 1.7e-05 0.143398
vn 0.989665 -3.4e-05 0.143398
vn -0.989166 0 -0.1468
vn -0.989666 2.3e-05 0.143396
vn -0.989665 2.3e-05 0.143396
vn -0.989665 1.7e-05 0.143399
vn -0.980813 -2e-06 0.194949
vn -0.989458 0 -0.144818
vn -0.980813 2e-06 0.19495
vn -0.989459 1.2e-05 -0.144814
vn 0.980813 2e-06 0.19495
vn 0.989458 -1.6e-05 -0.144818
vn 0.980813 0 0.19495
vn 0.989459 5e-05 -0.144814
vn 0.967871 3e-06 -0.251448
vn 0.953632 0 0.300977
vn 0.96787 -1.5e-05 -0.251449
vn 0.953642 0 0.300944
vn -0.953642 2e-06 0.300944
vn -0.967873 -2.3e-05 -0.25144
vn -0.953632 0 0.300976
vn -0.967871 -3.2e-05 -0.251446
vn 0.017795 0.989757 0.14165
vn 0.056524 -0.998135 -0.023036
vn 0.056524 -0.998136 -0.023036
vn -0.055113 -0.996853 -0.056982
vn -0.055118 -0.996853 -0.056983
vn -0.008403 -0 0.999965
vn 0.03343 0.977438 0.20856
vn 0.033431 0.977438 0.20856
vn 0.033438 0.977438 0.20856
vn -0.008444 0 -0.999964
vn -0.008445 0 -0.999964
vn 0.008444 0 -0.999964
vn -0.033429 0.977438 0.20856
vn -0.033431 0.977438 0.208559
vn 0.008402 -0 0.999965
vn 0.055112 -0.996853 -0.056981
vn -0.038587 -0 0.999255
vn -0.002222 0.989621 -0.143683
vn -0.002221 0.989621 -0.143683
vn -0.002224 0.989621 -0.143683
vn -0.0381 -1e-06 -0.999274
vn -0.103113 -0.994477 0.01956
vn -0.103113 -0.994477 0.019556
vn 0.136281 -0.989977 0.037064
vn 0.136282 -0.989977 0.037064
vn -0.021915 0.976116 -0.216144
vn -0.021915 0.976115 -0.216145
vn 0.046615 0 0.998913
vn 0.0381 -1e-06 -0.999274
vn 0.002221 0.989621 -0.143684
vn 0.002222 0.989621 -0.143684
vn 0.103112 -0.994477 0.01956
vn -0.026896 0 0.999638
vn -0.017795 0.989757 0.14165
vn -0.017793 0.989757 0.14165
vn -0.027134 -0 -0.999632
vn -0.056524 -0.998136 -0.023033
vn -0.05652 -0.998136 -0.023036
vn -0.046615 0 0.998913
vn -0.046613 0 0.998913
vn 0.021916 0.976116 -0.216144
vn 0.021916 0.976113 -0.216154
vn -0.045372 0 -0.99897
vn -0.045371 0 -0.99897
vn -0.136281 -0.989977 0.037064
vn -0.136281 -0.989977 0.037063
vn -0.136286 -0.989976 0.037063
vn 0.00738 -0.99713 -0.075351
vn 0.007379 -0.99713 -0.075351
vn -0.024221 -0 0.999707
vn -0.066385 0.969463 0.236081
vn -0.02457 0 -0.999698
vn -0.032388 -0 0.999475
vn -0.080973 0.984433 -0.155995
vn -0.080974 0.984433 -0.155996
vn -0.032044 -1e-06 -0.999487
vn -0.006725 -0.999339 0.035729
vn -0.006727 -0.999339 0.035729
vn -0.028467 0 0.999595
vn -0.05416 0.987612 0.147272
vn -0.028734 -0 -0.999587
vn -0.024135 -0.999307 -0.028352
vn -0.033677 1e-06 0.999433
vn -0.026729 0.972889 -0.229725
vn -0.02673 0.972888 -0.229725
vn -0.033022 0 -0.999455
vn -0.055836 -0.99656 0.06125
vn -0.055836 -0.99656 0.061249
vn -0.055836 -0.99656 0.061248
vn -0.055112 -0.996853 -0.056981
vn -0.008402 -0 0.999965
vn -0.024569 0 -0.999698
vn 0.007385 -0.99713 -0.075348
vn -0.066387 0.969463 0.23608
vn -0.024137 -0.999307 -0.02835
vn -0.054167 0.987612 0.147272
vn -0.103112 -0.994477 0.01956
vn -0.032045 -1e-06 -0.999486
vn -0.006716 -0.999339 0.035731
vn -0.080968 0.984435 -0.15599
vn 0.021916 0.976116 -0.216142
vn -0.055836 -0.996559 0.061256
vn -0.033677 0 0.999433
vn -0.026723 0.97289 -0.229719
vn -0.033021 0 -0.999455
vn 0.062662 -0.903292 -0.424425
vn 0.062663 -0.903301 -0.424407
vn 0.062821 -0.90967 -0.410554
vn 0.067041 -0.907744 0.414134
vn 0.067044 -0.909714 0.409788
vn 0.046845 0.01818 0.998737
vn 0.046844 0.018218 0.998736
vn 0.047153 0.001217 0.998887
vn 0.03601 0.901779 0.430694
vn 0.03601 0.90177 0.430714
vn 0.035854 0.912164 0.408254
vn 0.037007 0.900563 -0.433147
vn 0.037007 0.900574 -0.433125
vn 0.036824 0.910599 -0.411648
vn 0.04035 -0.018481 -0.999015
vn 0.04035 -0.018443 -0.999015
vn 0.040056 -0.001236 -0.999197
vn -0.062636 -0.902297 -0.426542
vn -0.062636 -0.902279 -0.426579
vn -0.06704 -0.907443 0.414792
vn -0.06704 -0.907444 0.414791
vn -0.046796 0.020784 0.998688
vn -0.046797 0.020712 0.99869
vn -0.036033 0.900138 0.434111
vn -0.036033 0.90015 0.434087
vn -0.037033 0.899002 -0.436375
vn -0.037034 0.898988 -0.436405
vn -0.040393 -0.021014 -0.998963
vn -0.040394 -0.021075 -0.998962
vn 0.062481 -0.896479 -0.438658
vn 0.062481 -0.896487 -0.438642
vn 0.062636 -0.902297 -0.426542
vn 0.062636 -0.902279 -0.426579
vn 0.067035 -0.905773 0.418426
vn 0.067035 -0.905773 0.418427
vn 0.06704 -0.907443 0.414792
vn 0.06704 -0.907443 0.414793
vn 0.046532 0.034652 0.998316
vn 0.046531 0.034682 0.998315
vn 0.046797 0.020712 0.99869
vn 0.046796 0.020784 0.998688
vn 0.036146 0.890878 0.452802
vn 0.036146 0.890873 0.452811
vn 0.036033 0.900138 0.434111
vn 0.036033 0.90015 0.434087
vn 0.037171 0.890045 -0.454354
vn 0.037171 0.890051 -0.454342
vn 0.037034 0.898988 -0.436405
vn 0.037033 0.899002 -0.436375
vn 0.040623 -0.035143 -0.998556
vn 0.040623 -0.035118 -0.998557
vn 0.040394 -0.021075 -0.998962
vn 0.040393 -0.021014 -0.998963
vn -0.062455 -0.895466 -0.440727
vn -0.062455 -0.895458 -0.440743
vn -0.062482 -0.896487 -0.438642
vn -0.062481 -0.896479 -0.438658
vn -0.067035 -0.905489 0.419042
vn -0.067035 -0.905774 0.418426
vn -0.067035 -0.905773 0.418427
vn -0.046486 0.037017 0.998233
vn -0.046486 0.036988 0.998234
vn -0.046532 0.034652 0.998316
vn -0.046531 0.034682 0.998315
vn -0.036164 0.88926 0.455971
vn -0.036164 0.889264 0.455962
vn -0.036146 0.890873 0.452811
vn -0.036146 0.890878 0.452801
vn -0.037194 0.888493 -0.45738
vn -0.037194 0.888487 -0.457391
vn -0.037171 0.890045 -0.454355
vn -0.037171 0.890051 -0.454342
vn -0.04066 -0.03748 -0.99847
vn -0.040661 -0.037503 -0.998469
vn -0.040623 -0.035143 -0.998556
vn -0.040623 -0.035118 -0.998557
vn 0 1 0
vn -0.040679 -0.038643 -0.998425
vn -0.037206 0.887722 -0.458874
vn -0.036174 0.888467 0.457513
vn -0.046464 0.038141 0.998192
vn -0.067033 -0.905349 0.419344
vn -0.06244 -0.894956 -0.441763
vn -0.733269 0.275208 -0.621754
vn 0.733268 0.275209 -0.621753
vn 0.733269 0.275209 -0.621753
vn -0.798488 0.589219 -0.12344
vn 0.798487 0.589221 -0.123441
vn -0.943377 0.331327 -0.016185
vn 0.943376 0.33133 -0.016185
vn -0.183134 0.262126 0.947498
vn 0.183135 0.262127 0.947497
vn 0.999992 0.003869 0.001342
vn 0.999993 0.000143 0.003827
vn -0.999993 0.000143 0.003827
vn -0.999992 0.003869 0.001342
vn 0.999999 -0.001435 0.000709
vn 0.999999 -0.001493 -0.00073
vn 0.999992 -3.6e-05 -0.004081
vn 0.999988 0.004597 -0.001968
vn 0.999987 0.004597 -0.001968
vn -0.999987 0.004598 -0.001968
vn -0.999988 0.004598 -0.001968
vn -0.999992 -3.6e-05 -0.004081
vn -0.999999 -0.001493 -0.00073
vn -0.999999 -0.001436 0.000709
vn -0.986979 3e-06 0.160848
vt 0.740596 0.525112
vt 0.760648 0.524364
vt 0.741136 0.542219
vt 0.762973 0.540655
vt 0.720589 0.52666
vt 0.7214 0.543293
vt 0.700762 0.527906
vt 0.701525 0.544379
vt 0.681675 0.52839
vt 0.681261 0.54428
vt 0.663058 0.528352
vt 0.661738 0.543673
vt 0.782073 0.524768
vt 0.782533 0.539811
vt 0.763765 0.548987
vt 0.764376 0.557216
vt 0.742646 0.559134
vt 0.741764 0.550431
vt 0.722506 0.560155
vt 0.721982 0.551526
vt 0.702166 0.561019
vt 0.701954 0.552524
vt 0.680746 0.552513
vt 0.680451 0.560555
vt 0.660017 0.5596
vt 0.661025 0.551697
vt 0.783492 0.547569
vt 0.784507 0.555214
vt 0.520844 0.4971
vt 0.521599 0.432592
vt 0.541059 0.430663
vt 0.539813 0.496916
vt 0.562416 0.43052
vt 0.560269 0.49866
vt 0.581854 0.432539
vt 0.579656 0.49978
vt 0.599576 0.435302
vt 0.597074 0.501652
vt 0.61546 0.441422
vt 0.614355 0.502761
vt 0.503137 0.437606
vt 0.497012 0.498851
vt 0.538287 0.529183
vt 0.518235 0.528436
vt 0.558294 0.530729
vt 0.578121 0.531971
vt 0.597208 0.532452
vt 0.615826 0.532411
vt 0.49681 0.528835
vt 0.515118 0.553064
vt 0.53712 0.554504
vt 0.536241 0.563208
vt 0.51451 0.561295
vt 0.556905 0.555593
vt 0.556383 0.564221
vt 0.576935 0.556587
vt 0.576725 0.565081
vt 0.598143 0.556569
vt 0.598441 0.56461
vt 0.617863 0.555747
vt 0.618874 0.563647
vt 0.495391 0.551646
vt 0.494378 0.559296
vt 0.496349 0.543884
vt 0.51591 0.54473
vt 0.597626 0.548338
vt 0.617148 0.547726
vt 0.577361 0.548442
vt 0.557485 0.54736
vt 0.537747 0.546291
vt 0.511373 0.592438
vt 0.489139 0.588741
vt 0.599987 0.595412
vt 0.623092 0.593499
vt 0.577289 0.597215
vt 0.555167 0.597433
vt 0.533402 0.595902
vt 0.73784 0.426597
vt 0.716481 0.426452
vt 0.716278 0.423798
vt 0.738364 0.423799
vt 0.697042 0.428469
vt 0.696524 0.425617
vt 0.679319 0.43123
vt 0.677987 0.428348
vt 0.663434 0.437348
vt 0.660476 0.435517
vt 0.775762 0.433548
vt 0.7573 0.42853
vt 0.778621 0.431496
vt 0.758209 0.42568
vt 0.739073 0.492847
vt 0.718616 0.494591
vt 0.699229 0.495712
vt 0.68181 0.497585
vt 0.66453 0.498693
vt 0.781875 0.494791
vt 0.758043 0.493034
vt 0.540535 0.427865
vt 0.562619 0.427866
vt 0.582373 0.429688
vt 0.600908 0.43242
vt 0.618418 0.439592
vt 0.500278 0.435553
vt 0.520691 0.429742
vt 0.78976 0.584651
vt 0.767529 0.588354
vt 0.67892 0.59136
vt 0.655814 0.589458
vt 0.70162 0.593156
vt 0.723742 0.593367
vt 0.745505 0.591826
vt 0.944039 0.02542
vt 0.944039 0.03171
vt 0.926067 0.032197
vt 0.926239 0.025923
vt 0.905564 0.032228
vt 0.905997 0.025976
vt 0.863354 0.030919
vt 0.850199 0.030351
vt 0.863424 0.024642
vt 0.850408 0.024099
vt 0.832029 0.029711
vt 0.832217 0.023479
vt 0.818874 0.029416
vt 0.819261 0.023148
vt 0.964568 0.031359
vt 0.964282 0.025104
vt 0.67566 0.153127
vt 0.696741 0.157145
vt 0.698444 0.159215
vt 0.676345 0.15545
vt 0.715191 0.146708
vt 0.716445 0.149004
vt 0.734246 0.140528
vt 0.734398 0.143191
vt 0.75528 0.14274
vt 0.755685 0.145891
vt 0.636713 0.144015
vt 0.65589 0.147312
vt 0.636891 0.146363
vt 0.656288 0.149486
vt 0.603444 0.029308
vt 0.623917 0.029656
vt 0.603769 0.059397
vt 0.624645 0.055392
vt 0.666208 0.029317
vt 0.679385 0.029057
vt 0.679077 0.042379
vt 0.666464 0.043929
vt 0.697581 0.028841
vt 0.698064 0.042202
vt 0.710751 0.028854
vt 0.710896 0.043356
vt 0.564993 0.027846
vt 0.585493 0.028531
vt 0.584276 0.058534
vt 0.563654 0.053396
vt 0.849998 0.064283
vt 0.840018 0.066188
vt 0.84057 0.056429
vt 0.88881 0.031729
vt 0.889013 0.025474
vt 0.823246 0.065807
vt 0.822392 0.056159
vt 0.812494 0.06367
vt 0.793687 0.028343
vt 0.776942 0.027573
vt 0.776932 0.021307
vt 0.793958 0.022092
vt 0.692612 0.075557
vt 0.679238 0.072473
vt 0.693556 0.066717
vt 0.683576 0.064811
vt 0.657445 0.040196
vt 0.657361 0.029425
vt 0.711027 0.075539
vt 0.710328 0.066337
vt 0.71938 0.028718
vt 0.719602 0.039442
vt 0.724626 0.072185
vt 0.72108 0.064201
vt 0.861877 0.105476
vt 0.841123 0.102394
vt 0.841114 0.086104
vt 0.855662 0.087759
vt 0.823039 0.102132
vt 0.822732 0.086211
vt 0.802159 0.105474
vt 0.807159 0.087434
vt 0.693005 0.056958
vt 0.711183 0.056689
vt 0.810258 0.02908
vt 0.810523 0.022827
vt 0.822546 0.075009
vt 0.808948 0.071653
vt 0.840961 0.075028
vt 0.854335 0.071946
vt 0.872187 0.031232
vt 0.872387 0.024977
vt 0.735979 0.028369
vt 0.752752 0.02799
vt 0.736299 0.044669
vt 0.753066 0.053657
vt 0.731412 0.106006
vt 0.710532 0.102662
vt 0.710841 0.086741
vt 0.726413 0.087965
vt 0.692448 0.102923
vt 0.692459 0.086633
vt 0.671694 0.106003
vt 0.67791 0.088286
vt 0.640899 0.045807
vt 0.640709 0.029542
vt 0.677525 0.133795
vt 0.696245 0.135923
vt 0.713722 0.134174
vt 0.730644 0.128566
vt 0.74626 0.120571
vt 0.641775 0.120836
vt 0.660356 0.129095
vt 0.847992 0.152701
vt 0.827216 0.157145
vt 0.847342 0.150768
vt 0.827089 0.155096
vt 0.810165 0.149286
vt 0.809302 0.145968
vt 0.789904 0.142578
vt 0.789103 0.139457
vt 0.76822 0.143566
vt 0.768175 0.140653
vt 0.88908 0.143956
vt 0.867262 0.146987
vt 0.866607 0.144918
vt 0.886892 0.141603
vt 0.679432 0.124749
vt 0.696201 0.127193
vt 0.696227 0.129028
vt 0.678877 0.126757
vt 0.712078 0.12593
vt 0.712447 0.127686
vt 0.727062 0.120723
vt 0.727744 0.122149
vt 0.740094 0.112324
vt 0.743553 0.113686
vt 0.647297 0.112489
vt 0.663574 0.12109
vt 0.643923 0.113804
vt 0.66298 0.122861
vt 0.844485 0.131898
vt 0.825958 0.134009
vt 0.843145 0.124933
vt 0.825974 0.127184
vt 0.808658 0.132282
vt 0.809919 0.125861
vt 0.791909 0.126735
vt 0.794778 0.120384
vt 0.776451 0.118825
vt 0.779129 0.11201
vt 0.879866 0.119063
vt 0.861477 0.127243
vt 0.858879 0.121073
vt 0.877738 0.112104
vt 0.84266 0.123211
vt 0.826054 0.125587
vt 0.810452 0.123625
vt 0.795818 0.118342
vt 0.782587 0.110619
vt 0.858112 0.119112
vt 0.874272 0.110508
vt 0.925217 0.062302
vt 0.904377 0.05793
vt 0.888271 0.047995
vt 0.871856 0.041992
vt 0.862759 0.045509
vt 0.850196 0.043665
vt 0.831235 0.043046
vt 0.818391 0.043898
vt 0.809786 0.039785
vt 0.792987 0.044617
vt 0.77603 0.053203
vt 0.965486 0.056958
vt 0.944755 0.061763
vt 0.603364 0.023039
vt 0.623612 0.02339
vt 0.640658 0.023284
vt 0.657308 0.023163
vt 0.666285 0.023035
vt 0.679322 0.022796
vt 0.697538 0.022601
vt 0.71051 0.022572
vt 0.719261 0.022456
vt 0.735854 0.022108
vt 0.752909 0.02172
vt 0.56538 0.021603
vt 0.585594 0.022249
vt 0.583869 0.145178
vt 0.574452 0.127265
vt 0.601718 0.145175
vt 0.611223 0.127259
vt 0.572988 0.110267
vt 0.612658 0.11026
vt 0.572544 0.09367
vt 0.614019 0.093663
vt 0.57376 0.084989
vt 0.611664 0.084993
vt 0.583596 0.076603
vt 0.601749 0.0766
vt 0.933674 0.148609
vt 0.924169 0.130693
vt 0.960941 0.130699
vt 0.951523 0.148613
vt 0.922735 0.113695
vt 0.962405 0.113701
vt 0.921374 0.097098
vt 0.962849 0.097105
vt 0.923729 0.088427
vt 0.961633 0.088424
vt 0.933644 0.080034
vt 0.951797 0.080037
vt 0.380671 0.290705
vt 0.4123 0.285715
vt 0.412153 0.300186
vt 0.378906 0.310361
vt 0.344338 0.290877
vt 0.341401 0.312742
vt 0.314857 0.28227
vt 0.310358 0.302099
vt 0.288277 0.270709
vt 0.285201 0.288863
vt 0.461898 0.21868
vt 0.496243 0.217867
vt 0.500654 0.233391
vt 0.461996 0.233004
vt 0.422231 0.218726
vt 0.418884 0.231046
vt 0.417035 0.316889
vt 0.373358 0.349504
vt 0.337085 0.343873
vt 0.305688 0.343696
vt 0.281205 0.294819
vt 0.500997 0.239758
vt 0.461682 0.241379
vt 0.416808 0.246881
vt 0.420995 0.265161
vt 0.49738 0.265034
vt 0.257538 0.347565
vt 0.257561 0.305054
vt 0.42996 0.330355
vt 0.415072 0.371052
vt 0.10315 0.272556
vt 0.133933 0.274688
vt 0.103065 0.285182
vt 0.133945 0.290529
vt 0.168624 0.271313
vt 0.170679 0.290739
vt 0.197507 0.267509
vt 0.200275 0.282204
vt 0.223896 0.257112
vt 0.22692 0.270743
vt 0.014511 0.220094
vt 0.047284 0.223451
vt 0.012967 0.232387
vt 0.04731 0.23282
vt 0.084883 0.221345
vt 0.086966 0.232388
vt 0.103229 0.299517
vt 0.134662 0.310827
vt 0.141434 0.34913
vt 0.101569 0.314931
vt 0.173564 0.312527
vt 0.178089 0.343694
vt 0.204721 0.302006
vt 0.20941 0.343579
vt 0.229932 0.288854
vt 0.233918 0.294798
vt 0.008728 0.247951
vt 0.047375 0.247146
vt 0.008453 0.254318
vt 0.047775 0.255519
vt 0.090152 0.244671
vt 0.094925 0.258144
vt 0.088303 0.279547
vt 0.012339 0.279547
vt 0.085375 0.330446
vt 0.100045 0.371114
vt 0.361832 0.378037
vt 0.336259 0.373782
vt 0.304808 0.373141
vt 0.257521 0.373619
vt 0.402827 0.392296
vt 0.153321 0.37793
vt 0.17961 0.373577
vt 0.21059 0.37299
vt 0.110393 0.39397
vt 0.461817 0.209312
vt 0.424187 0.20765
vt 0.49456 0.205587
vt 0.317696 0.267567
vt 0.291365 0.257059
vt 0.346552 0.271462
vt 0.381347 0.275153
vt 0.412178 0.273068
vt 0.382149 0.24234
vt 0.410093 0.242237
vt 0.350345 0.239637
vt 0.324897 0.239973
vt 0.301872 0.230728
vt 0.460786 0.174125
vt 0.490836 0.172844
vt 0.42585 0.170019
vt 0.105281 0.241773
vt 0.133312 0.24195
vt 0.165035 0.239527
vt 0.190406 0.239873
vt 0.213499 0.230723
vt 0.017868 0.18732
vt 0.04791 0.188265
vt 0.082777 0.183747
vt 0.318597 0.153396
vt 0.338578 0.124152
vt 0.344815 0.139603
vt 0.331836 0.158862
vt 0.380148 0.12691
vt 0.367761 0.141454
vt 0.389892 0.16074
vt 0.378481 0.162009
vt 0.373777 0.189814
vt 0.365171 0.181115
vt 0.337537 0.190035
vt 0.342144 0.179326
vt 0.137693 0.193236
vt 0.117436 0.16419
vt 0.143759 0.177786
vt 0.130631 0.158623
vt 0.179183 0.190271
vt 0.166697 0.175801
vt 0.188667 0.156359
vt 0.17725 0.155169
vt 0.172336 0.127404
vt 0.16379 0.136157
vt 0.136091 0.127399
vt 0.140777 0.138077
vt 0.967466 0.399881
vt 0.958794 0.399985
vt 0.959569 0.393875
vt 0.967577 0.393765
vt 0.968179 0.323514
vt 0.958966 0.323417
vt 0.960595 0.316279
vt 0.96872 0.316289
vt 0.968952 0.541797
vt 0.969208 0.548227
vt 0.962368 0.548309
vt 0.960575 0.541929
vt 0.968324 0.47729
vt 0.960675 0.477373
vt 0.95977 0.471537
vt 0.968061 0.471452
vt 0.968055 0.417241
vt 0.957984 0.417372
vt 0.958054 0.415634
vt 0.968002 0.415511
vt 0.860397 0.357845
vt 0.867566 0.357222
vt 0.867401 0.358966
vt 0.860333 0.359581
vt 0.95842 0.376411
vt 0.967764 0.376286
vt 0.967738 0.378028
vt 0.958542 0.378156
vt 0.874109 0.265562
vt 0.881193 0.266391
vt 0.874239 0.267307
vt 0.881222 0.268125
vt 0.967826 0.33881
vt 0.957624 0.338748
vt 0.957741 0.337199
vt 0.967868 0.337289
vt 0.868902 0.354355
vt 0.876976 0.352902
vt 0.876805 0.35445
vt 0.868809 0.355888
vt 0.959503 0.300774
vt 0.968633 0.300703
vt 0.968632 0.302285
vt 0.95963 0.30234
vt 0.864889 0.260966
vt 0.872741 0.262702
vt 0.86503 0.262514
vt 0.872805 0.264233
vt 0.890971 0.259572
vt 0.897993 0.257807
vt 0.897888 0.259176
vt 0.890958 0.260919
vt 0.969595 0.560836
vt 0.962724 0.560901
vt 0.962608 0.559711
vt 0.969644 0.559643
vt 0.843509 0.349289
vt 0.850707 0.350966
vt 0.843616 0.350657
vt 0.85072 0.352312
vt 0.959765 0.527407
vt 0.969525 0.527251
vt 0.969497 0.528708
vt 0.959816 0.528867
vt 0.968734 0.494753
vt 0.959456 0.494886
vt 0.959593 0.493118
vt 0.968669 0.492999
vt 0.85257 0.354459
vt 0.85958 0.355433
vt 0.859545 0.357172
vt 0.852649 0.356213
vt 0.958088 0.454214
vt 0.967997 0.45412
vt 0.968 0.455841
vt 0.958254 0.455934
vt 0.882262 0.264036
vt 0.889196 0.263
vt 0.882291 0.265769
vt 0.889111 0.264749
vt 0.967907 0.340185
vt 0.95765 0.340149
vt 0.864778 0.259574
vt 0.872655 0.261315
vt 0.959532 0.299366
vt 0.968716 0.299282
vt 0.86904 0.352974
vt 0.877139 0.351517
vt 0.873385 0.278009
vt 0.866301 0.276443
vt 0.867976 0.36969
vt 0.875261 0.36838
vt 0.873988 0.26391
vt 0.881161 0.26475
vt 0.958365 0.374756
vt 0.967842 0.374635
vt 0.860467 0.356208
vt 0.867727 0.355576
vt 0.968163 0.418867
vt 0.957979 0.419005
vt 0.881486 0.283728
vt 0.875406 0.283017
vt 0.859764 0.375199
vt 0.865918 0.374665
vt 0.968944 0.496183
vt 0.959449 0.496327
vt 0.882235 0.262623
vt 0.889277 0.261571
vt 0.958074 0.452816
vt 0.968122 0.452721
vt 0.852481 0.353038
vt 0.859601 0.354027
vt 0.888352 0.280492
vt 0.882545 0.28136
vt 0.853356 0.372006
vt 0.859227 0.372822
vt 0.890971 0.258466
vt 0.898098 0.256674
vt 0.959764 0.526236
vt 0.969664 0.526075
vt 0.843394 0.348168
vt 0.850699 0.34987
vt 0.969627 0.561783
vt 0.962872 0.561847
vt 0.890846 0.273039
vt 0.896949 0.271504
vt 0.844582 0.362964
vt 0.850838 0.364422
vt 0.108898 0.441779
vt 0.149604 0.442928
vt 0.149576 0.450023
vt 0.107246 0.44842
vt 0.190207 0.441763
vt 0.191906 0.448409
vt 0.214204 0.438598
vt 0.214769 0.445377
vt 0.08086 0.645506
vt 0.108927 0.650251
vt 0.107711 0.656772
vt 0.080065 0.652316
vt 0.15119 0.652346
vt 0.151189 0.659603
vt 0.193324 0.650264
vt 0.194668 0.656781
vt 0.221435 0.645524
vt 0.222315 0.652331
vt 0.084883 0.438566
vt 0.084382 0.445395
vt 0.083069 0.61477
vt 0.090855 0.592275
vt 0.113259 0.62734
vt 0.121067 0.612656
vt 0.211064 0.79892
vt 0.221375 0.821853
vt 0.188802 0.833675
vt 0.179133 0.815826
vt 0.151177 0.776574
vt 0.151175 0.797236
vt 0.091286 0.798907
vt 0.123213 0.81582
vt 0.08097 0.821837
vt 0.113539 0.833667
vt 0.208336 0.592258
vt 0.216129 0.614751
vt 0.185942 0.62733
vt 0.178131 0.612647
vt 0.149596 0.591538
vt 0.149599 0.610392
vt 0.15118 0.748641
vt 0.212413 0.751716
vt 0.089947 0.751703
vt 0.149588 0.539958
vt 0.2147 0.545071
vt 0.084478 0.545089
vt 0.07764 0.468224
vt 0.101232 0.473542
vt 0.065415 0.521748
vt 0.199846 0.681615
vt 0.224668 0.677188
vt 0.234533 0.732134
vt 0.151187 0.684645
vt 0.102528 0.681605
vt 0.077708 0.677173
vt 0.067831 0.732116
vt 0.197927 0.473529
vt 0.221517 0.468204
vt 0.233757 0.521725
vt 0.149579 0.474818
vt 0.062824 0.526142
vt 0.075221 0.549217
vt 0.08103 0.590454
vt 0.078136 0.613403
vt 0.238081 0.735033
vt 0.222943 0.755956
vt 0.226697 0.821104
vt 0.220416 0.797609
vt 0.064282 0.735015
vt 0.079416 0.755941
vt 0.081934 0.797594
vt 0.075647 0.821087
vt 0.236349 0.526117
vt 0.223959 0.549196
vt 0.221061 0.613382
vt 0.218161 0.590435
vt 0.030295 0.562406
vt 0.022012 0.540575
vt 0.037497 0.592673
vt 0.037416 0.613734
vt 0.280587 0.74347
vt 0.273802 0.766169
vt 0.270189 0.799614
vt 0.270483 0.822426
vt 0.028554 0.766143
vt 0.021774 0.743442
vt 0.03216 0.799588
vt 0.031861 0.8224
vt 0.277165 0.54054
vt 0.268888 0.562373
vt 0.261781 0.613703
vt 0.261694 0.592641
vt 0.605696 0.39656
vt 0.603852 0.383519
vt 0.607649 0.383086
vt 0.609463 0.395918
vt 0.602964 0.369745
vt 0.606775 0.369552
vt 0.602738 0.356606
vt 0.606554 0.356616
vt 0.603976 0.329732
vt 0.605694 0.316714
vt 0.607768 0.330185
vt 0.609465 0.317336
vt 0.603014 0.343448
vt 0.606824 0.34366
vt 0.149939 0.841297
vt 0.14999 0.8631
vt 0.128772 0.865575
vt 0.171219 0.865476
vt 0.122259 0.898782
vt 0.149978 0.894178
vt 0.149979 0.903098
vt 0.139344 0.905167
vt 0.177697 0.898776
vt 0.160614 0.905165
vt 0.178848 0.914347
vt 0.164088 0.911125
vt 0.122961 0.885146
vt 0.136964 0.890723
vt 0.139555 0.88444
vt 0.150035 0.88218
vt 0.160524 0.884392
vt 0.177121 0.885019
vt 0.163145 0.890662
vt 0.121112 0.914354
vt 0.135871 0.911128
vt 0.174224 0.920569
vt 0.185051 0.920948
vt 0.184011 0.949879
vt 0.173238 0.949785
vt 0.114507 0.920972
vt 0.125334 0.920586
vt 0.115567 0.949902
vt 0.12634 0.949801
vt 0.132217 0.920102
vt 0.132678 0.950235
vt 0.138986 0.919424
vt 0.139017 0.950668
vt 0.149778 0.919603
vt 0.149789 0.95084
vt 0.160571 0.919417
vt 0.160561 0.950661
vt 0.167341 0.92009
vt 0.166899 0.950223
vt 0.726514 0.297668
vt 0.728673 0.314294
vt 0.722301 0.315056
vt 0.720176 0.298715
vt 0.728897 0.386943
vt 0.726435 0.40442
vt 0.722517 0.386213
vt 0.720103 0.403339
vt 0.730085 0.368075
vt 0.723681 0.367747
vt 0.730431 0.350589
vt 0.724018 0.350606
vt 0.730022 0.333121
vt 0.723619 0.333479
vt 0.879226 0.207989
vt 0.892267 0.207866
vt 0.880766 0.215512
vt 0.899105 0.215141
vt 0.973373 0.602194
vt 0.963476 0.602234
vt 0.963188 0.594978
vt 0.973396 0.594927
vt 0.849962 0.300044
vt 0.862937 0.300703
vt 0.861404 0.308354
vt 0.842839 0.307001
vt 0.866284 0.208787
vt 0.861997 0.215598
vt 0.875885 0.300856
vt 0.879851 0.307921
vt 0.974555 0.207125
vt 0.984008 0.211019
vt 0.981034 0.216231
vt 0.971665 0.212457
vt 0.798107 0.208832
vt 0.811061 0.209367
vt 0.796719 0.216385
vt 0.815486 0.21609
vt 0.910434 0.212373
vt 0.921467 0.204738
vt 0.916094 0.217894
vt 0.927107 0.210364
vt 0.794023 0.302578
vt 0.806965 0.30212
vt 0.808677 0.309733
vt 0.790225 0.309733
vt 0.785066 0.208972
vt 0.778376 0.216385
vt 0.819921 0.301156
vt 0.827206 0.307944
vt 0.935922 0.603175
vt 0.922086 0.602032
vt 0.922903 0.592732
vt 0.937033 0.593646
vt 0.898919 0.228591
vt 0.881055 0.230994
vt 0.96301 0.585224
vt 0.972161 0.585159
vt 0.842666 0.320247
vt 0.861038 0.32258
vt 0.863029 0.228643
vt 0.879318 0.320946
vt 0.972764 0.237251
vt 0.978811 0.238703
vt 0.969973 0.243316
vt 0.976779 0.244545
vt 0.814717 0.229153
vt 0.796743 0.231868
vt 0.918305 0.24429
vt 0.925633 0.242995
vt 0.92739 0.250207
vt 0.920054 0.251421
vt 0.791063 0.322742
vt 0.809378 0.323947
vt 0.778834 0.229827
vt 0.82769 0.321182
vt 0.92559 0.580893
vt 0.937535 0.580857
vt 0.890225 0.2478
vt 0.881336 0.249123
vt 0.963122 0.572206
vt 0.971459 0.57213
vt 0.842453 0.337251
vt 0.85157 0.339365
vt 0.863472 0.246101
vt 0.872411 0.248079
vt 0.869616 0.339828
vt 0.86057 0.340614
vt 0.957503 0.2648
vt 0.971901 0.264169
vt 0.959204 0.283361
vt 0.970597 0.283142
vt 0.805731 0.248775
vt 0.796829 0.249999
vt 0.926826 0.269307
vt 0.94008 0.26986
vt 0.936317 0.285587
vt 0.925936 0.284994
vt 0.791967 0.339961
vt 0.801207 0.341391
vt 0.77899 0.246805
vt 0.787915 0.248856
vt 0.819238 0.340505
vt 0.810269 0.341965
vt 0.925719 0.564749
vt 0.93598 0.564679
vt 0.97966 0.223156
vt 0.970736 0.220894
vt 0.857167 0.23212
vt 0.85448 0.221058
vt 0.973381 0.257078
vt 0.95993 0.257468
vt 0.885681 0.32437
vt 0.888942 0.314521
vt 0.918967 0.234055
vt 0.929955 0.231627
vt 0.774063 0.322652
vt 0.777149 0.332336
vt 0.771303 0.336846
vt 0.766108 0.331251
vt 0.932359 0.255377
vt 0.921902 0.256921
vt 0.826426 0.237279
vt 0.829172 0.228219
vt 0.830284 0.241486
vt 0.835597 0.236576
vt 0.979321 0.230243
vt 0.971063 0.228161
vt 0.896311 0.320456
vt 0.893455 0.330209
vt 0.975437 0.249751
vt 0.965224 0.248872
vt 0.851488 0.237004
vt 0.848559 0.228001
vt 0.918733 0.225893
vt 0.930567 0.22198
vt 0.784783 0.326316
vt 0.781292 0.316545
vt 0.924933 0.263386
vt 0.93796 0.263028
vt 0.820649 0.232511
vt 0.823112 0.221397
vt 0.899405 0.334581
vt 0.904466 0.328865
vt 0.847715 0.241289
vt 0.842304 0.236487
vt 0.878819 0.338181
vt 0.828303 0.338177
vt 0.814628 0.246617
vt 0.899107 0.245568
vt 0.928105 0.321965
vt 0.927791 0.314685
vt 0.937115 0.32235
vt 0.935867 0.31486
vt 0.968657 0.323487
vt 0.95877 0.323382
vt 0.960518 0.315723
vt 0.969238 0.315734
vt 0.929103 0.470736
vt 0.937021 0.470259
vt 0.936649 0.476707
vt 0.929172 0.47697
vt 0.969331 0.541487
vt 0.969609 0.548491
vt 0.96216 0.548581
vt 0.960206 0.541632
vt 0.968675 0.477562
vt 0.960475 0.477651
vt 0.959505 0.471395
vt 0.968394 0.471304
vt 0.928783 0.534963
vt 0.936987 0.535199
vt 0.935364 0.540965
vt 0.928047 0.540857
vt 0.806266 0.249356
vt 0.814314 0.247404
vt 0.935891 0.286062
vt 0.926584 0.285541
vt 0.792189 0.340611
vt 0.800543 0.341917
vt 0.93636 0.353584
vt 0.925 0.352845
vt 0.925623 0.352345
vt 0.935767 0.353017
vt 0.969775 0.355332
vt 0.957099 0.355424
vt 0.95782 0.354864
vt 0.969125 0.354793
vt 0.878613 0.338835
vt 0.870292 0.340337
vt 0.969871 0.283712
vt 0.959714 0.283898
vt 0.871888 0.248671
vt 0.863802 0.246881
vt 0.970388 0.43717
vt 0.956738 0.437332
vt 0.957499 0.436798
vt 0.969649 0.436652
vt 0.869285 0.340514
vt 0.861198 0.341219
vt 0.969006 0.355867
vt 0.957733 0.355953
vt 0.880804 0.249778
vt 0.872827 0.248844
vt 0.935784 0.354058
vt 0.925635 0.353408
vt 0.801555 0.34207
vt 0.809656 0.342584
vt 0.93713 0.435232
vt 0.924552 0.435925
vt 0.925211 0.435395
vt 0.936356 0.434774
vt 0.797374 0.250644
vt 0.805331 0.249548
vt 0.936494 0.435722
vt 0.925207 0.436363
vt 0.818986 0.341166
vt 0.810892 0.342486
vt 0.938128 0.511218
vt 0.926633 0.511017
vt 0.927284 0.510557
vt 0.9376 0.510738
vt 0.796335 0.250608
vt 0.788291 0.249574
vt 0.971969 0.51242
vt 0.958693 0.512631
vt 0.971201 0.51192
vt 0.959298 0.51211
vt 0.851837 0.34002
vt 0.85996 0.341149
vt 0.969715 0.437672
vt 0.957459 0.437818
vt 0.881842 0.249721
vt 0.889863 0.248525
vt 0.890752 0.24837
vt 0.898805 0.246347
vt 0.963449 0.571799
vt 0.970947 0.571737
vt 0.842618 0.337905
vt 0.850879 0.339834
vt 0.959442 0.513183
vt 0.971321 0.512995
vt 0.937491 0.511748
vt 0.927185 0.511531
vt 0.828153 0.338835
vt 0.819939 0.340958
vt 0.926357 0.564237
vt 0.935559 0.564164
vt 0.7874 0.249438
vt 0.779308 0.247577
vt 0.95759 0.421007
vt 0.968563 0.420859
vt 0.860565 0.355943
vt 0.867819 0.355312
vt 0.968261 0.371745
vt 0.958177 0.371873
vt 0.881082 0.264502
vt 0.87393 0.263665
vt 0.805746 0.26181
vt 0.813562 0.259916
vt 0.805688 0.263194
vt 0.81348 0.261306
vt 0.927262 0.297801
vt 0.936422 0.297689
vt 0.936494 0.299084
vt 0.92747 0.299167
vt 0.793951 0.353037
vt 0.802075 0.354302
vt 0.802245 0.355678
vt 0.794146 0.354417
vt 0.937121 0.339746
vt 0.927051 0.339138
vt 0.927179 0.337745
vt 0.937292 0.338377
vt 0.957358 0.341337
vt 0.968365 0.341376
vt 0.869052 0.352755
vt 0.877144 0.351299
vt 0.969233 0.297483
vt 0.959378 0.297573
vt 0.87266 0.261112
vt 0.864807 0.259376
vt 0.927415 0.450316
vt 0.937216 0.449681
vt 0.937342 0.451101
vt 0.927582 0.451742
vt 0.811381 0.355116
vt 0.81847 0.35396
vt 0.818413 0.355382
vt 0.811434 0.356519
vt 0.937957 0.497268
vt 0.92885 0.497229
vt 0.928986 0.495804
vt 0.937995 0.495844
vt 0.789294 0.262379
vt 0.796336 0.263287
vt 0.789404 0.263802
vt 0.796336 0.264696
vt 0.897854 0.256512
vt 0.89075 0.258298
vt 0.962709 0.563327
vt 0.970066 0.563257
vt 0.843655 0.347992
vt 0.850953 0.349692
vt 0.970107 0.524363
vt 0.959323 0.524538
vt 0.959161 0.497972
vt 0.96934 0.497818
vt 0.852654 0.352798
vt 0.859768 0.353787
vt 0.968459 0.451222
vt 0.957687 0.451324
vt 0.88912 0.261348
vt 0.882098 0.262398
vt 0.925358 0.369662
vt 0.934491 0.370337
vt 0.93441 0.372016
vt 0.925261 0.371387
vt 0.803367 0.35683
vt 0.810634 0.35729
vt 0.810744 0.358924
vt 0.803568 0.35847
vt 0.934987 0.418368
vt 0.925034 0.418957
vt 0.92495 0.417224
vt 0.93491 0.416671
vt 0.797394 0.26537
vt 0.804528 0.264388
vt 0.797395 0.267007
vt 0.80444 0.266037
vt 0.928218 0.521357
vt 0.937478 0.521553
vt 0.937453 0.522651
vt 0.928372 0.522449
vt 0.820097 0.350815
vt 0.827353 0.348943
vt 0.820115 0.35191
vt 0.827265 0.350066
vt 0.935767 0.554416
vt 0.927432 0.554486
vt 0.927636 0.55337
vt 0.935755 0.553295
vt 0.780464 0.257721
vt 0.787603 0.259363
vt 0.787626 0.260466
vt 0.780591 0.258847
vt 0.968447 0.419106
vt 0.957595 0.419248
vt 0.957671 0.417375
vt 0.968389 0.417242
vt 0.860494 0.357579
vt 0.867657 0.356957
vt 0.867492 0.358699
vt 0.860431 0.359313
vt 0.958235 0.373634
vt 0.968178 0.373501
vt 0.96815 0.375355
vt 0.958365 0.375491
vt 0.874051 0.265311
vt 0.881114 0.266138
vt 0.874181 0.267052
vt 0.881143 0.267867
vt 0.805655 0.264721
vt 0.81337 0.262851
vt 0.805355 0.278465
vt 0.812384 0.276761
vt 0.927565 0.300698
vt 0.936441 0.300641
vt 0.794354 0.355959
vt 0.802374 0.357208
vt 0.80353 0.370973
vt 0.796223 0.369836
vt 0.937275 0.336836
vt 0.927313 0.33621
vt 0.968278 0.339901
vt 0.95733 0.339834
vt 0.957456 0.338173
vt 0.968323 0.338269
vt 0.868914 0.354134
vt 0.876981 0.352683
vt 0.87681 0.35423
vt 0.868821 0.355666
vt 0.959347 0.299084
vt 0.969144 0.299008
vt 0.969142 0.300706
vt 0.959483 0.300765
vt 0.864917 0.260764
vt 0.872746 0.262495
vt 0.865058 0.262307
vt 0.87281 0.264021
vt 0.927785 0.453494
vt 0.937264 0.452866
vt 0.811511 0.358255
vt 0.818376 0.357136
vt 0.81804 0.372926
vt 0.812195 0.373879
vt 0.937839 0.494075
vt 0.929065 0.494042
vt 0.789524 0.265544
vt 0.796343 0.266423
vt 0.790599 0.281221
vt 0.796404 0.281969
vt 0.890749 0.259401
vt 0.89775 0.257641
vt 0.897646 0.259006
vt 0.890737 0.260743
vt 0.970031 0.562225
vt 0.962548 0.562296
vt 0.962421 0.561
vt 0.970084 0.560926
vt 0.84377 0.349112
vt 0.850961 0.350787
vt 0.843877 0.350478
vt 0.850974 0.352132
vt 0.959325 0.525814
vt 0.969955 0.525644
vt 0.969925 0.527231
vt 0.95938 0.527404
vt 0.969115 0.496285
vt 0.959168 0.496428
vt 0.959315 0.494531
vt 0.969046 0.494404
vt 0.852744 0.354218
vt 0.859747 0.355191
vt 0.859712 0.356928
vt 0.852823 0.355971
vt 0.957701 0.452822
vt 0.968325 0.452722
vt 0.968328 0.454567
vt 0.957879 0.454666
vt 0.882126 0.263806
vt 0.889039 0.262773
vt 0.882154 0.265534
vt 0.888954 0.264517
vt 0.925223 0.373218
vt 0.934156 0.373788
vt 0.932387 0.391138
vt 0.924772 0.390978
vt 0.803773 0.360208
vt 0.810847 0.360656
vt 0.811783 0.376244
vt 0.805624 0.375854
vt 0.934648 0.414907
vt 0.924961 0.415389
vt 0.924827 0.397611
vt 0.933019 0.397717
vt 0.797401 0.268735
vt 0.804345 0.267779
vt 0.797453 0.284294
vt 0.803499 0.283462
vt 0.928313 0.523787
vt 0.937457 0.523966
vt 0.820133 0.353254
vt 0.82719 0.351434
vt 0.826515 0.36375
vt 0.8203 0.365353
vt 0.935771 0.551938
vt 0.927627 0.551989
vt 0.780723 0.260211
vt 0.787665 0.261808
vt 0.788022 0.273886
vt 0.781907 0.27248
vt 0.873387 0.277756
vt 0.866325 0.276194
vt 0.867989 0.369456
vt 0.875267 0.368147
vt 0.881406 0.283424
vt 0.875344 0.282714
vt 0.967978 0.392099
vt 0.959458 0.392216
vt 0.859862 0.374918
vt 0.866011 0.374384
vt 0.958468 0.400514
vt 0.967812 0.400403
vt 0.888197 0.280213
vt 0.882408 0.281078
vt 0.853529 0.371749
vt 0.859395 0.372564
vt 0.890625 0.272826
vt 0.89671 0.271297
vt 0.844841 0.362774
vt 0.851092 0.364231
vt 0.646349 0.31091
vt 0.648066 0.323928
vt 0.644275 0.32438
vt 0.642578 0.311532
vt 0.648186 0.377715
vt 0.646341 0.390756
vt 0.644389 0.377282
vt 0.642573 0.390114
vt 0.649075 0.363941
vt 0.645264 0.363748
vt 0.649302 0.350802
vt 0.645486 0.350812
vt 0.649027 0.337644
vt 0.645217 0.337856
vt 0.54324 0.322469
vt 0.545291 0.306733
vt 0.545344 0.406849
vt 0.543035 0.390465
vt 0.541923 0.372853
vt 0.541607 0.35644
vt 0.541985 0.340036
vt 0.713465 0.299825
vt 0.715552 0.315863
vt 0.708804 0.31667
vt 0.706754 0.300934
vt 0.715759 0.38544
vt 0.713398 0.402195
vt 0.709002 0.384666
vt 0.706692 0.40105
vt 0.716898 0.367401
vt 0.710116 0.367054
vt 0.717225 0.350624
vt 0.710433 0.350642
vt 0.716838 0.333858
vt 0.710057 0.334237
vt 0.529743 0.320853
vt 0.531868 0.304513
vt 0.536491 0.321661
vt 0.53858 0.305623
vt 0.531933 0.409137
vt 0.529521 0.392011
vt 0.536278 0.391238
vt 0.538638 0.407993
vt 0.528358 0.373545
vt 0.535141 0.373199
vt 0.528023 0.356404
vt 0.534815 0.356422
vt 0.528423 0.339277
vt 0.535204 0.339657
vt 0.138775 0.961634
vt 0.149298 0.95932
vt 0.159782 0.961803
vt 0.136113 0.967403
vt 0.138682 0.973214
vt 0.149166 0.975696
vt 0.159688 0.973383
vt 0.162351 0.967614
vt 0.52202 0.338918
vt 0.523371 0.320091
vt 0.521609 0.356386
vt 0.521954 0.373872
vt 0.52314 0.39274
vt 0.525601 0.410218
vt 0.525531 0.303465
vt 0.177273 0.815876
vt 0.151174 0.799283
vt 0.125072 0.81587
vt 0.186735 0.833719
vt 0.115606 0.833711
vt 0.12191 0.614757
vt 0.114705 0.628856
vt 0.177289 0.614748
vt 0.184497 0.628845
vt 0.149599 0.613068
vt 0.267787 0.684577
vt 0.245687 0.677456
vt 0.267455 0.680861
vt 0.251864 0.672931
vt 0.244116 0.641041
vt 0.250995 0.654043
vt 0.294318 0.458236
vt 0.29276 0.494651
vt 0.287444 0.47124
vt 0.286582 0.490128
vt 0.270663 0.501779
vt 0.270994 0.498063
vt 0.265613 0.629785
vt 0.266959 0.646513
vt 0.288336 0.64066
vt 0.282035 0.65385
vt 0.288292 0.67513
vt 0.282912 0.672708
vt 0.250155 0.492339
vt 0.255534 0.489916
vt 0.250098 0.45787
vt 0.256404 0.471058
vt 0.272818 0.446987
vt 0.271478 0.463715
usemtl standardSurface10SG
f 330/460/449 331/461/450 332/462/451
f 331/461/450 333/463/452 332/462/451
f 334/464/453 330/460/454 335/465/455
f 330/460/454 332/462/456 335/465/455
f 336/466/457 334/464/458 337/467/459
f 334/464/458 335/465/460 337/467/459
f 338/468/461 336/466/462 337/467/463
f 338/468/461 337/467/463 339/469/464
f 340/470/465 338/468/466 339/469/467
f 340/470/465 339/469/467 341/471/468
f 331/461/469 340/472/470 341/473/471
f 331/461/469 341/473/471 333/463/472
f 342/474/473 343/475/474 344/476/475
f 342/474/473 344/476/475 345/477/473
f 345/477/476 344/476/477 346/478/478
f 345/477/476 346/478/478 347/479/476
f 347/479/479 346/478/480 348/480/481
f 347/479/479 348/480/481 349/481/479
f 349/481/482 348/480/483 350/482/482
f 348/480/483 351/483/484 350/482/482
f 350/482/485 351/483/486 352/484/487
f 350/482/485 352/484/487 353/485/488
f 353/486/489 352/487/490 342/474/489
f 352/487/490 343/475/491 342/474/489
f 341/473/471 353/486/492 333/463/472
f 353/486/492 342/474/492 333/463/472
f 339/469/467 350/482/493 341/471/468
f 350/482/493 353/485/493 341/471/468
f 337/467/463 349/481/494 350/482/494
f 337/467/463 350/482/494 339/469/464
f 335/465/460 347/479/495 337/467/459
f 347/479/495 349/481/495 337/467/459
f 332/462/456 345/477/496 347/479/496
f 332/462/456 347/479/496 335/465/455
f 333/463/452 342/474/497 332/462/451
f 342/474/497 345/477/497 332/462/451
f 354/488/498 355/489/499 356/490/500
f 354/488/498 356/490/500 357/491/498
f 356/490/501 358/492/502 359/493/503
f 356/490/501 359/493/503 357/491/503
f 358/492/504 360/494/505 361/495/506
f 358/492/504 361/495/506 359/493/506
f 360/494/507 362/496/508 363/497/509
f 360/494/507 363/497/509 361/495/509
f 362/496/510 364/498/511 363/497/512
f 364/498/511 365/499/512 363/497/512
f 364/500/513 355/489/514 365/501/515
f 355/489/514 354/488/515 365/501/515
f 354/488/516 357/491/516 366/502/517
f 354/488/516 366/502/517 367/503/518
f 357/491/519 359/493/519 368/504/520
f 357/491/519 368/504/520 366/502/521
f 359/493/522 361/495/522 369/505/523
f 359/493/522 369/505/523 368/504/524
f 361/495/525 363/497/525 369/505/526
f 363/497/525 370/506/527 369/505/526
f 363/497/528 365/499/528 370/506/529
f 365/499/528 371/507/530 370/506/529
f 365/501/531 354/488/531 371/508/532
f 354/488/531 367/503/533 371/508/532
f 372/509/534 373/510/534 374/511/535
f 372/509/534 374/511/535 375/512/536
f 373/510/537 376/513/537 377/514/538
f 373/510/537 377/514/538 374/511/539
f 376/513/540 378/515/540 379/516/541
f 376/513/540 379/516/541 377/514/542
f 378/515/543 380/517/543 379/516/544
f 380/517/543 381/518/545 379/516/544
f 380/517/546 382/519/546 383/520/547
f 380/517/546 383/520/547 381/518/548
f 382/521/549 372/509/549 383/522/550
f 372/509/549 375/512/551 383/522/550
f 384/523/552 385/524/553 382/521/554
f 385/524/553 372/509/554 382/521/554
f 386/525/555 384/526/556 380/517/557
f 384/526/556 382/519/557 380/517/557
f 387/527/558 386/525/559 380/517/560
f 387/527/558 380/517/560 378/515/560
f 388/528/561 387/527/562 376/513/563
f 387/527/562 378/515/563 376/513/563
f 389/529/564 388/528/565 376/513/566
f 389/529/564 376/513/566 373/510/566
f 385/524/567 389/529/568 372/509/569
f 389/529/568 373/510/569 372/509/569
f 383/522/550 375/512/551 390/530/570
f 383/522/550 390/530/570 391/531/570
f 381/518/548 383/520/547 392/532/571
f 383/520/547 391/533/571 392/532/571
f 379/516/544 381/518/545 393/534/572
f 381/518/545 392/532/572 393/534/572
f 377/514/542 379/516/541 394/535/573
f 379/516/541 393/534/573 394/535/573
f 374/511/539 377/514/538 394/535/574
f 374/511/539 394/535/574 395/536/574
f 375/512/536 374/511/535 395/536/575
f 375/512/536 395/536/575 390/530/575
f 396/537/576 397/538/577 398/539/578
f 396/537/576 398/539/578 399/540/578
f 397/538/579 400/541/580 401/542/581
f 397/538/579 401/542/581 398/539/581
f 400/541/582 402/543/583 403/544/584
f 400/541/582 403/544/584 401/542/584
f 402/543/585 404/545/586 403/544/587
f 404/545/586 405/546/587 403/544/587
f 404/547/588 406/548/589 405/549/590
f 406/548/589 407/550/590 405/549/590
f 399/540/591 407/550/591 406/548/592
f 399/540/591 406/548/592 396/537/593
f 408/551/594 409/552/594 396/537/576
f 409/552/594 397/538/577 396/537/576
f 409/552/595 410/553/595 397/538/579
f 410/553/595 400/541/580 397/538/579
f 410/553/596 411/554/596 400/541/582
f 411/554/596 402/543/583 400/541/582
f 411/554/597 412/555/597 404/545/586
f 411/554/597 404/545/586 402/543/585
f 412/556/598 413/557/598 406/548/589
f 412/556/598 406/548/589 404/547/588
f 396/537/593 406/548/592 413/557/599
f 396/537/593 413/557/599 408/551/599
f 414/558/600 415/559/600 356/490/501
f 415/559/600 358/492/502 356/490/501
f 415/559/601 416/560/601 358/492/504
f 416/560/601 360/494/505 358/492/504
f 416/560/602 417/561/602 360/494/507
f 417/561/602 362/496/508 360/494/507
f 417/561/603 418/562/603 364/498/511
f 417/561/603 364/498/511 362/496/510
f 418/563/604 419/564/604 355/489/514
f 418/563/604 355/489/514 364/500/513
f 356/490/500 355/489/499 414/558/605
f 355/489/499 419/564/605 414/558/605
f 371/508/532 367/503/533 384/523/552
f 367/503/533 385/524/553 384/523/552
f 370/506/529 371/507/530 386/525/555
f 371/507/530 384/526/556 386/525/555
f 369/505/526 370/506/527 387/527/558
f 370/506/527 386/525/559 387/527/558
f 368/504/524 369/505/523 387/527/562
f 368/504/524 387/527/562 388/528/561
f 366/502/521 368/504/520 388/528/565
f 366/502/521 388/528/565 389/529/564
f 367/503/518 366/502/517 389/529/568
f 367/503/518 389/529/568 385/524/567
f 412/556/606 340/472/470 413/557/606
f 340/472/470 331/461/469 413/557/606
f 411/554/607 338/468/466 412/555/607
f 338/468/466 340/470/465 412/555/607
f 410/553/608 336/466/462 411/554/608
f 336/466/462 338/468/461 411/554/608
f 409/552/609 334/464/458 336/466/457
f 409/552/609 336/466/457 410/553/610
f 408/551/611 330/460/454 334/464/453
f 408/551/611 334/464/453 409/552/611
f 413/557/612 331/461/450 330/460/449
f 413/557/612 330/460/449 408/551/612
f 352/487/490 420/565/613 421/566/613
f 352/487/490 421/566/613 343/475/491
f 351/483/486 422/567/614 352/484/487
f 422/567/614 420/568/614 352/484/487
f 348/480/483 423/569/615 351/483/484
f 423/569/615 422/567/615 351/483/484
f 346/478/480 424/570/616 348/480/481
f 424/570/616 423/569/616 348/480/481
f 344/476/477 425/571/617 424/570/617
f 344/476/477 424/570/617 346/478/478
f 343/475/474 421/566/618 425/571/618
f 343/475/474 425/571/618 344/476/475
f 426/572/619 427/573/620 428/574/621
f 426/572/619 428/574/621 429/575/619
f 428/574/622 430/576/623 431/577/624
f 428/574/622 431/577/624 429/575/624
f 432/578/625 433/579/626 434/580/627
f 433/579/626 435/581/627 434/580/627
f 433/579/628 436/582/629 437/583/630
f 433/579/628 437/583/630 435/581/630
f 436/582/631 438/584/632 439/585/633
f 436/582/631 439/585/633 437/583/634
f 440/586/635 427/573/636 426/572/637
f 440/586/635 426/572/637 441/587/637
f 442/588/638 443/589/639 444/590/640
f 442/588/638 444/590/640 445/591/641
f 443/589/642 446/592/643 447/593/644
f 443/589/642 447/593/644 444/590/644
f 446/592/645 448/594/646 449/595/647
f 446/592/645 449/595/647 447/593/647
f 448/594/648 450/596/649 451/597/650
f 448/594/648 451/597/650 449/595/650
f 450/598/651 452/599/652 451/600/653
f 452/599/652 453/601/654 451/600/653
f 445/591/655 453/601/656 452/599/657
f 445/591/655 452/599/657 442/588/658
f 454/602/659 455/603/660 456/604/661
f 455/603/660 457/605/662 456/604/661
f 458/606/663 459/607/664 460/608/665
f 458/606/663 460/608/665 461/609/665
f 459/607/666 462/610/667 463/611/668
f 459/607/666 463/611/668 460/608/668
f 462/610/669 464/612/670 463/611/671
f 464/612/670 465/613/671 463/611/671
f 466/614/672 467/615/673 468/616/674
f 466/614/672 468/616/674 469/617/675
f 456/604/676 468/616/677 467/615/620
f 456/604/676 467/615/620 454/602/621
f 470/618/678 471/619/679 472/620/680
f 431/577/681 430/576/682 473/621/683
f 431/577/681 473/621/683 474/622/684
f 471/619/685 475/623/686 476/624/687
f 471/619/685 476/624/687 472/620/687
f 475/623/688 477/625/689 476/624/690
f 478/626/691 440/627/692 441/628/693
f 478/626/691 441/628/693 479/629/694
f 480/630/695 481/631/696 482/632/697
f 481/631/696 461/633/698 482/632/697
f 481/634/699 483/635/700 461/609/701
f 483/635/700 458/606/702 461/609/701
f 484/636/703 480/630/704 482/632/705
f 484/636/703 482/632/705 485/637/706
f 464/612/707 486/638/708 465/613/709
f 486/638/708 487/639/710 465/613/709
f 487/640/711 484/636/712 485/637/713
f 487/640/711 485/637/713 465/641/714
f 444/642/715 447/643/715 488/644/716
f 444/642/715 488/644/716 489/645/717
f 447/643/718 449/646/718 488/644/719
f 449/646/718 490/647/720 488/644/719
f 449/646/721 451/648/721 490/647/722
f 451/648/721 491/649/723 490/647/722
f 482/632/697 461/633/698 460/650/724
f 485/637/706 482/632/705 463/651/725
f 482/632/705 460/650/725 463/651/725
f 465/641/714 485/637/713 463/651/726
f 492/652/727 478/626/691 493/653/728
f 478/626/691 479/629/694 493/653/728
f 490/647/722 491/649/723 494/654/729
f 491/649/723 495/655/730 494/654/729
f 488/644/719 490/647/720 494/654/731
f 488/644/719 494/654/731 496/656/732
f 489/645/717 488/644/716 496/656/733
f 489/645/717 496/656/733 497/657/734
f 474/622/684 473/621/683 498/658/735
f 474/622/684 498/658/735 499/659/736
f 500/660/737 466/661/738 501/662/739
f 466/661/738 469/663/740 501/662/739
f 469/664/741 502/665/741 503/666/742
f 469/664/741 503/666/742 501/667/743
f 502/665/744 504/668/744 505/669/745
f 502/665/744 505/669/745 503/666/746
f 504/668/747 457/670/747 505/669/748
f 457/670/747 506/671/749 505/669/748
f 457/605/750 455/603/751 506/672/752
f 455/603/751 507/673/753 506/672/752
f 438/584/754 492/652/727 493/653/728
f 438/584/754 493/653/728 439/585/755
f 494/654/729 495/655/730 475/623/688
f 495/655/730 477/625/689 475/623/688
f 496/656/732 494/654/731 471/619/685
f 494/654/731 475/623/686 471/619/685
f 497/657/734 496/656/733 471/619/679
f 497/657/734 471/619/679 470/618/678
f 499/659/736 498/658/735 432/578/756
f 499/659/736 432/578/756 434/580/757
f 486/638/708 500/660/737 487/639/710
f 500/660/737 501/662/739 487/639/710
f 501/667/743 503/666/742 484/636/712
f 501/667/743 484/636/712 487/640/711
f 503/666/746 505/669/745 484/636/703
f 505/669/745 480/630/704 484/636/703
f 505/669/748 506/671/749 480/630/695
f 506/671/749 481/631/696 480/630/695
f 506/672/752 507/673/753 481/634/699
f 507/673/753 483/635/700 481/634/699
f 508/674/758 509/675/759 442/588/638
f 509/675/759 443/589/639 442/588/638
f 509/675/760 510/676/761 446/592/643
f 509/675/760 446/592/643 443/589/642
f 510/676/762 511/677/763 448/594/646
f 510/676/762 448/594/646 446/592/645
f 511/677/764 512/678/765 448/594/648
f 512/678/765 450/596/649 448/594/648
f 512/679/766 513/680/767 452/599/652
f 512/679/766 452/599/652 450/598/651
f 442/588/658 452/599/657 513/680/768
f 442/588/658 513/680/768 508/674/769
f 456/681/661 457/682/662 514/683/770
f 457/682/662 515/684/771 514/683/770
f 457/682/772 504/685/772 515/684/773
f 504/685/772 516/686/774 515/684/773
f 504/685/775 502/687/775 516/686/776
f 502/687/775 517/688/777 516/686/776
f 502/687/778 469/689/778 517/688/779
f 469/689/778 518/690/780 517/688/779
f 469/691/675 468/692/674 519/693/781
f 469/691/675 519/693/781 518/694/782
f 514/683/783 519/693/784 456/681/676
f 519/693/784 468/692/677 456/681/676
f 520/695/785 397/696/785 398/697/786
f 520/695/785 398/697/786 399/698/787
f 397/696/788 521/699/788 401/700/789
f 397/696/788 401/700/789 398/697/790
f 521/699/791 402/701/791 403/702/792
f 521/699/791 403/702/792 401/700/793
f 402/701/794 404/703/794 403/702/795
f 404/703/794 405/704/796 403/702/795
f 404/705/797 406/706/797 405/707/798
f 406/706/797 407/708/799 405/707/798
f 399/698/800 407/708/801 406/706/802
f 399/698/800 406/706/802 520/695/802
f 522/709/803 523/710/804 414/711/805
f 523/710/804 415/712/806 414/711/805
f 523/710/807 524/713/808 416/714/809
f 523/710/807 416/714/809 415/712/810
f 524/713/811 525/715/812 416/714/813
f 525/715/812 417/716/814 416/714/813
f 525/715/815 526/717/816 417/716/817
f 526/717/816 418/718/818 417/716/817
f 526/719/819 527/720/820 419/721/821
f 526/719/819 419/721/821 418/722/822
f 414/711/823 419/721/824 522/709/825
f 419/721/824 527/720/826 522/709/825
f 399/698/787 398/697/786 509/675/759
f 399/698/787 509/675/759 508/674/758
f 398/697/790 401/700/789 509/675/760
f 401/700/789 510/676/761 509/675/760
f 401/700/793 403/702/792 511/677/763
f 401/700/793 511/677/763 510/676/762
f 403/702/795 405/704/796 512/678/765
f 403/702/795 512/678/765 511/677/764
f 405/707/798 407/708/799 512/679/766
f 407/708/799 513/680/767 512/679/766
f 508/674/769 513/680/768 407/708/801
f 508/674/769 407/708/801 399/698/800
f 514/683/770 515/684/771 523/710/804
f 514/683/770 523/710/804 522/709/803
f 515/684/773 516/686/774 523/710/807
f 516/686/774 524/713/808 523/710/807
f 516/686/776 517/688/777 524/713/811
f 517/688/777 525/715/812 524/713/811
f 517/688/779 518/690/780 526/717/816
f 517/688/779 526/717/816 525/715/815
f 518/694/782 519/693/781 526/719/819
f 519/693/781 527/720/820 526/719/819
f 522/709/825 527/720/826 514/683/783
f 527/720/826 519/693/784 514/683/783
f 414/711/805 415/712/806 528/723/827
f 415/712/806 529/724/827 528/723/827
f 415/712/810 416/714/809 529/724/828
f 416/714/809 530/725/828 529/724/828
f 416/714/813 417/716/814 530/725/829
f 417/716/814 531/726/829 530/725/829
f 417/716/817 418/718/818 532/727/830
f 417/716/817 532/727/830 531/726/830
f 418/722/822 419/721/821 533/728/831
f 418/722/822 533/728/831 532/729/831
f 528/723/832 533/728/832 414/711/823
f 533/728/832 419/721/824 414/711/823
f 445/730/641 444/731/640 430/576/623
f 445/730/641 430/576/623 428/574/622
f 473/621/683 430/576/682 489/732/833
f 430/576/682 444/731/834 489/732/833
f 498/658/735 473/621/683 497/733/835
f 473/621/683 489/732/833 497/733/835
f 432/578/756 498/658/735 470/734/836
f 498/658/735 497/733/835 470/734/836
f 470/734/837 472/735/837 432/578/625
f 472/735/837 433/579/626 432/578/625
f 472/735/838 476/736/838 433/579/628
f 476/736/838 436/582/629 433/579/628
f 476/736/839 477/737/839 438/584/632
f 476/736/839 438/584/632 436/582/631
f 495/738/840 492/652/727 477/737/841
f 492/652/727 438/584/754 477/737/841
f 491/739/842 478/626/691 495/738/840
f 478/626/691 492/652/727 495/738/840
f 451/740/843 440/627/692 491/739/842
f 440/627/692 478/626/691 491/739/842
f 451/741/653 453/742/654 440/586/635
f 453/742/654 427/573/636 440/586/635
f 428/574/621 427/573/620 453/742/656
f 428/574/621 453/742/656 445/730/655
f 534/743/844 535/744/844 454/602/659
f 535/744/844 455/603/660 454/602/659
f 507/673/753 455/603/751 535/744/845
f 507/673/753 535/744/845 536/745/846
f 483/635/700 507/673/753 536/745/846
f 483/635/700 536/745/846 537/746/847
f 458/606/702 483/635/700 537/746/847
f 458/606/702 537/746/847 538/747/848
f 538/747/849 539/748/849 459/607/664
f 538/747/849 459/607/664 458/606/663
f 539/748/630 540/749/630 459/607/666
f 540/749/630 462/610/667 459/607/666
f 540/749/850 541/750/851 462/610/669
f 541/750/851 464/612/670 462/610/669
f 542/751/852 486/638/708 464/612/707
f 542/751/852 464/612/707 541/750/853
f 543/752/854 500/660/737 542/751/852
f 500/660/737 486/638/708 542/751/852
f 544/753/855 466/661/738 500/660/737
f 544/753/855 500/660/737 543/752/854
f 544/754/856 545/755/856 466/614/672
f 545/755/856 467/615/673 466/614/672
f 454/602/621 467/615/620 545/755/619
f 454/602/621 545/755/619 534/743/619
f 545/756/857 544/757/857 534/758/857
f 544/757/857 535/759/857 534/758/857
f 544/757/857 543/760/857 536/761/857
f 544/757/857 536/761/857 535/759/857
f 543/760/857 542/762/857 537/763/857
f 543/760/857 537/763/857 536/761/857
f 542/762/857 541/764/857 538/765/857
f 542/762/857 538/765/857 537/763/857
f 541/764/857 540/766/857 538/765/857
f 540/766/857 539/767/857 538/765/857
f 429/768/858 431/769/858 441/770/858
f 429/768/858 441/770/858 426/771/858
f 431/769/857 474/772/857 441/770/857
f 474/772/857 479/773/857 441/770/857
f 474/772/857 499/774/857 479/773/857
f 499/774/857 493/775/857 479/773/857
f 499/774/857 434/776/857 493/775/857
f 434/776/857 439/777/857 493/775/857
f 434/776/857 435/778/857 437/779/857
f 434/776/857 437/779/857 439/777/857
f 546/780/859 547/781/860 548/782/861
f 546/780/859 548/782/861 549/783/861
f 550/784/862 546/780/863 549/783/864
f 550/784/862 549/783/864 551/785/864
f 552/786/865 550/784/866 553/787/867
f 550/784/866 551/785/867 553/787/867
f 554/788/868 552/786/869 555/789/870
f 552/786/869 553/787/870 555/789/870
f 556/790/871 554/791/872 555/792/873
f 556/790/871 555/792/873 557/793/873
f 547/794/874 556/790/875 557/793/876
f 547/794/874 557/793/876 548/795/876
f 548/782/877 558/796/877 559/797/877
f 548/782/877 559/797/877 549/783/877
f 549/783/878 559/797/878 560/798/878
f 549/783/878 560/798/878 551/785/878
f 551/785/879 560/798/879 553/787/879
f 560/798/879 561/799/879 553/787/879
f 553/787/880 561/799/880 555/789/880
f 561/799/880 562/800/880 555/789/880
f 555/792/881 562/801/881 557/793/881
f 562/801/881 563/802/881 557/793/881
f 557/793/882 563/802/882 548/795/882
f 563/802/882 558/803/882 548/795/882
f 563/802/883 564/804/883 558/803/883
f 562/801/884 565/805/885 563/802/885
f 561/799/886 566/806/887 565/807/886
f 561/799/886 565/807/886 562/800/887
f 558/796/888 564/808/888 559/797/888
f 564/808/888 567/809/888 559/797/888
f 568/810/889 569/811/889 570/812/890
f 569/811/889 571/813/891 570/812/890
f 569/811/892 572/814/892 573/815/893
f 569/811/892 573/815/893 571/813/894
f 572/814/895 574/816/895 573/815/896
f 574/816/895 575/817/897 573/815/896
f 574/816/898 576/818/898 577/819/899
f 574/816/898 577/819/899 575/817/900
f 576/820/901 578/821/901 577/822/902
f 578/821/901 579/823/903 577/822/902
f 578/821/904 568/824/904 570/825/905
f 578/821/904 570/825/905 579/823/906
f 580/826/907 581/827/907 582/828/907
f 580/826/907 582/828/907 583/829/907
f 581/827/908 584/830/908 585/831/908
f 581/827/908 585/831/908 582/828/908
f 584/830/909 586/832/909 585/831/909
f 586/832/909 587/833/909 585/831/909
f 586/832/910 588/834/910 587/833/910
f 588/834/910 589/835/910 587/833/910
f 588/836/911 590/837/911 589/838/911
f 590/837/911 563/839/911 589/838/911
f 590/837/912 580/840/912 583/841/912
f 590/837/912 583/841/912 563/839/912
f 563/839/913 583/841/913 564/842/913
f 589/838/914 563/839/885 565/843/885
f 587/833/915 589/835/916 565/807/916
f 587/833/915 565/807/916 566/806/915
f 583/829/917 582/828/917 564/844/917
f 582/828/917 567/845/917 564/844/917
f 560/798/918 559/797/918 591/846/918
f 560/798/918 591/846/918 592/847/918
f 561/799/919 560/798/919 593/848/919
f 560/798/919 592/847/919 593/848/919
f 594/849/920 561/799/921 593/848/922
f 559/797/923 567/809/923 595/850/923
f 559/797/923 595/850/923 591/846/923
f 582/828/924 585/831/925 596/851/924
f 585/831/925 597/852/924 596/851/924
f 585/831/926 587/833/927 598/853/926
f 585/831/926 598/853/926 597/852/926
f 587/833/928 594/849/929 598/853/930
f 567/845/931 582/828/931 595/854/931
f 582/828/931 596/851/931 595/854/931
f 579/823/906 570/825/905 590/837/932
f 570/825/905 580/840/932 590/837/932
f 577/822/902 579/823/903 588/836/933
f 579/823/903 590/837/933 588/836/933
f 575/817/900 577/819/899 588/834/934
f 575/817/900 588/834/934 586/832/934
f 573/815/896 575/817/897 586/832/935
f 573/815/896 586/832/935 584/830/935
f 571/813/894 573/815/893 581/827/936
f 573/815/893 584/830/936 581/827/936
f 570/812/890 571/813/891 580/826/937
f 571/813/891 581/827/937 580/826/937
f 599/855/938 556/790/875 547/794/874
f 599/855/938 547/794/874 600/856/938
f 601/857/939 554/791/872 599/855/939
f 554/791/872 556/790/871 599/855/939
f 602/858/940 552/786/869 554/788/868
f 602/858/940 554/788/868 601/859/940
f 603/860/941 550/784/866 602/858/941
f 550/784/866 552/786/865 602/858/941
f 604/861/942 546/780/863 550/784/862
f 604/861/942 550/784/862 603/860/942
f 600/862/943 547/781/860 604/861/943
f 547/781/860 546/780/859 604/861/943
f 587/833/928 566/806/944 594/849/929
f 566/806/945 561/799/921 594/849/920
f 600/862/946 604/861/946 605/863/946
f 600/862/946 605/863/946 606/864/946
f 604/861/947 603/860/947 607/865/947
f 604/861/947 607/865/947 605/863/947
f 603/860/948 602/858/948 607/865/948
f 602/858/948 608/866/948 607/865/948
f 602/858/949 601/859/949 608/866/949
f 601/859/949 609/867/949 608/866/949
f 601/857/950 599/855/950 610/868/950
f 601/857/950 610/868/950 609/869/950
f 599/855/951 600/856/951 606/870/951
f 599/855/951 606/870/951 610/868/951
f 569/811/952 568/810/952 611/871/952
f 569/811/952 611/871/952 612/872/952
f 572/814/953 569/811/953 613/873/953
f 569/811/953 612/872/953 613/873/953
f 574/816/954 572/814/954 613/873/954
f 574/816/954 613/873/954 614/874/954
f 576/818/955 574/816/955 614/874/955
f 576/818/955 614/874/955 615/875/955
f 578/821/956 576/820/956 615/876/956
f 578/821/956 615/876/956 616/877/956
f 568/824/957 578/821/957 616/877/957
f 568/824/957 616/877/957 611/878/957
f 606/879/958 605/880/958 425/881/958
f 606/879/958 425/881/958 421/882/958
f 605/880/959 607/883/959 425/881/959
f 607/883/959 424/884/959 425/881/959
f 607/883/960 608/885/960 423/886/960
f 607/883/960 423/886/960 424/884/960
f 608/885/961 609/887/961 423/886/961
f 609/887/961 422/888/961 423/886/961
f 609/887/962 610/889/962 422/888/962
f 610/889/962 420/890/962 422/888/962
f 610/889/963 606/879/963 420/890/963
f 606/879/963 421/882/963 420/890/963
f 612/891/964 611/892/964 395/893/964
f 611/892/964 390/894/964 395/893/964
f 613/895/965 612/891/965 395/893/965
f 613/895/965 395/893/965 394/896/965
f 614/897/966 613/895/966 393/898/966
f 613/895/966 394/896/966 393/898/966
f 615/899/967 614/897/967 393/898/967
f 615/899/967 393/898/967 392/900/967
f 616/901/968 615/899/968 392/900/968
f 616/901/968 392/900/968 391/902/968
f 611/892/969 616/901/969 391/902/969
f 611/892/969 391/902/969 390/894/969
f 617/903/970 618/904/970 619/905/970
f 617/903/970 619/905/970 620/906/970
f 621/907/971 622/908/971 623/909/971
f 621/907/971 623/909/971 624/910/971
f 625/911/972 626/912/972 627/913/972
f 625/911/972 627/913/972 628/914/972
f 629/915/973 630/916/973 631/917/973
f 629/915/973 631/917/973 632/918/973
f 633/919/974 634/920/974 635/921/974
f 633/919/974 635/921/974 636/922/974
f 634/923/975 637/924/975 638/925/976
f 634/923/975 638/925/976 635/926/976
f 637/927/977 639/928/977 640/929/977
f 637/927/977 640/929/977 638/930/977
f 639/931/978 633/932/978 640/933/979
f 633/932/978 636/934/979 640/933/979
f 641/935/980 642/936/980 643/937/981
f 641/935/980 643/937/981 644/938/981
f 642/939/982 645/940/982 646/941/983
f 642/939/982 646/941/983 643/942/984
f 645/943/985 647/944/985 648/945/985
f 645/943/985 648/945/985 646/946/985
f 647/947/986 641/948/986 648/949/987
f 641/948/986 644/950/987 648/949/987
f 649/951/988 650/952/988 651/953/989
f 649/951/988 651/953/989 652/954/989
f 650/955/990 653/956/990 654/957/990
f 650/955/990 654/957/990 651/958/990
f 653/959/991 655/960/991 654/961/992
f 655/960/991 656/962/992 654/961/992
f 655/963/993 649/964/993 652/965/994
f 655/963/993 652/965/994 656/966/994
f 657/967/995 658/968/995 659/969/995
f 657/967/995 659/969/995 660/970/995
f 658/971/996 661/972/996 662/973/997
f 658/971/996 662/973/997 659/974/997
f 661/975/998 663/976/998 664/977/999
f 661/975/998 664/977/999 662/978/999
f 663/979/1000 657/980/1000 664/981/1001
f 657/980/1000 660/982/1002 664/981/1001
f 665/983/1003 666/984/1003 642/936/1003
f 665/983/1003 642/936/1003 641/935/1003
f 667/985/1004 665/986/1004 641/948/1004
f 667/985/1004 641/948/1004 647/947/1004
f 668/987/1005 667/988/1005 647/944/1005
f 668/987/1005 647/944/1005 645/943/1005
f 666/989/1006 668/990/1006 642/939/1006
f 668/990/1006 645/940/1006 642/939/1006
f 644/938/981 643/937/981 622/908/981
f 644/938/981 622/908/981 621/907/981
f 648/949/987 644/950/987 621/991/987
f 648/949/987 621/991/987 624/992/987
f 646/946/985 648/945/985 624/910/985
f 646/946/985 624/910/985 623/909/985
f 643/942/984 646/941/983 622/993/984
f 646/941/983 623/994/984 622/993/984
f 669/995/1007 670/996/1007 633/932/1007
f 669/995/1007 633/932/1007 639/931/1007
f 671/997/1008 669/998/1008 639/928/1008
f 671/997/1008 639/928/1008 637/927/1008
f 672/999/1009 671/1000/1009 634/923/1009
f 671/1000/1009 637/924/1009 634/923/1009
f 670/1001/1010 672/1002/1010 634/920/1010
f 670/1001/1010 634/920/1010 633/919/1010
f 640/933/979 636/934/979 617/1003/1011
f 640/933/979 617/1003/1011 620/1004/1011
f 638/930/977 640/929/977 620/906/977
f 638/930/977 620/906/977 619/905/977
f 635/926/976 638/925/976 618/1005/1012
f 638/925/976 619/1006/1012 618/1005/1012
f 636/922/974 635/921/974 618/904/974
f 636/922/974 618/904/974 617/903/974
f 673/1007/1013 674/1008/1013 658/968/1013
f 673/1007/1013 658/968/1013 657/967/1013
f 675/1009/1014 673/1010/1014 657/980/1014
f 675/1009/1014 657/980/1014 663/979/1014
f 676/1011/1015 675/1012/1015 663/976/1015
f 676/1011/1015 663/976/1015 661/975/1015
f 674/1013/1016 676/1014/1017 658/971/1016
f 676/1014/1017 661/972/1016 658/971/1016
f 660/970/995 659/969/995 630/916/995
f 660/970/995 630/916/995 629/915/995
f 664/981/1001 660/982/1002 629/1015/1018
f 664/981/1001 629/1015/1018 632/1016/1018
f 662/978/999 664/977/999 632/918/999
f 662/978/999 632/918/999 631/917/999
f 659/974/997 662/973/997 630/1017/1019
f 662/973/997 631/1018/1019 630/1017/1019
f 677/1019/1020 678/1020/1020 649/951/1020
f 678/1020/1020 650/952/1020 649/951/1020
f 679/1021/1021 677/1022/1021 649/964/1021
f 679/1021/1021 649/964/1021 655/963/1021
f 680/1023/1022 679/1024/1022 655/960/1022
f 680/1023/1022 655/960/1022 653/959/1022
f 678/1025/1023 680/1026/1023 653/956/1023
f 678/1025/1023 653/956/1023 650/955/1023
f 652/954/989 651/953/989 625/1027/1024
f 651/953/989 626/1028/1024 625/1027/1024
f 656/966/994 652/965/994 625/911/994
f 656/966/994 625/911/994 628/914/994
f 654/961/992 656/962/992 627/1029/1025
f 656/962/992 628/1030/1025 627/1029/1025
f 651/958/990 654/957/990 627/913/990
f 651/958/990 627/913/990 626/912/990
f 591/1031/1026 595/1032/1026 681/1033/1027
f 591/1031/1026 681/1033/1027 682/1034/1028
f 595/1032/1029 596/1035/1029 681/1033/1030
f 596/1035/1029 683/1036/1031 681/1033/1030
f 596/1035/1032 597/1037/1032 683/1036/1033
f 597/1037/1032 684/1038/1034 683/1036/1033
f 597/1039/1035 598/1040/1035 685/1041/1036
f 597/1039/1035 685/1041/1036 684/1042/1037
f 598/1040/1038 594/1043/1038 686/1044/1039
f 598/1040/1038 686/1044/1039 685/1041/1040
f 594/1043/1041 593/1045/1041 686/1044/1042
f 593/1045/1041 687/1046/1043 686/1044/1042
f 593/1045/1044 592/1047/1044 687/1046/1045
f 592/1047/1044 688/1048/1046 687/1046/1045
f 592/1049/1047 591/1031/1047 682/1034/1048
f 592/1049/1047 682/1034/1048 688/1050/1049
f 689/1051/1050 690/1052/1050 691/1053/1050
f 690/1052/1050 692/1054/1050 691/1053/1050
f 693/1055/1051 689/1056/1051 691/1057/1051
f 693/1055/1051 691/1057/1051 694/1058/1051
f 695/1059/1052 693/1055/1053 696/1060/1054
f 693/1055/1053 694/1058/1055 696/1060/1054
f 697/1061/1056 695/1059/1057 696/1060/1058
f 697/1061/1056 696/1060/1058 698/1062/1059
f 699/1063/1060 697/1061/1060 700/1064/1060
f 697/1061/1060 698/1062/1060 700/1064/1060
f 701/1065/1061 699/1066/1062 700/1067/1062
f 701/1065/1061 700/1067/1062 702/1068/1062
f 703/1069/1063 701/1065/1064 702/1068/1065
f 703/1069/1063 702/1068/1065 704/1070/1065
f 690/1052/1066 703/1069/1067 692/1054/1068
f 703/1069/1067 704/1070/1068 692/1054/1068
f 705/1071/1069 706/1072/1070 693/1055/1053
f 705/1071/1069 693/1055/1053 695/1059/1052
f 707/1073/1071 705/1071/1072 697/1061/1056
f 705/1071/1072 695/1059/1057 697/1061/1056
f 708/1074/1073 709/1075/1074 703/1069/1063
f 709/1075/1074 701/1065/1064 703/1069/1063
f 710/1076/1075 708/1074/1076 703/1069/1067
f 710/1076/1075 703/1069/1067 690/1052/1066
f 711/1077/1077 712/1078/1078 710/1076/1079
f 711/1077/1077 710/1076/1079 713/1079/1080
f 714/1080/1081 711/1081/1082 706/1072/1083
f 711/1081/1082 713/1082/1083 706/1072/1083
f 715/1083/1084 714/1080/1085 706/1072/1070
f 715/1083/1084 706/1072/1070 705/1071/1069
f 716/1084/1086 715/1083/1087 707/1073/1071
f 715/1083/1087 705/1071/1072 707/1073/1071
f 717/1085/1088 716/1084/1089 707/1073/1090
f 717/1085/1088 707/1073/1090 718/1086/1090
f 719/1087/1091 717/1088/1092 709/1075/1093
f 717/1088/1092 718/1089/1093 709/1075/1093
f 720/1090/1094 719/1087/1095 709/1075/1074
f 720/1090/1094 709/1075/1074 708/1074/1073
f 712/1078/1096 720/1090/1097 710/1076/1075
f 720/1090/1097 708/1074/1076 710/1076/1075
f 688/1050/1049 682/1034/1048 712/1078/1078
f 688/1050/1049 712/1078/1078 711/1077/1077
f 687/1046/1045 688/1048/1046 714/1080/1081
f 688/1048/1046 711/1081/1082 714/1080/1081
f 686/1044/1042 687/1046/1043 715/1083/1084
f 687/1046/1043 714/1080/1085 715/1083/1084
f 685/1041/1040 686/1044/1039 715/1083/1087
f 685/1041/1040 715/1083/1087 716/1084/1086
f 684/1042/1037 685/1041/1036 716/1084/1089
f 684/1042/1037 716/1084/1089 717/1085/1088
f 683/1036/1033 684/1038/1034 719/1087/1091
f 684/1038/1034 717/1088/1092 719/1087/1091
f 681/1033/1030 683/1036/1031 720/1090/1094
f 683/1036/1031 719/1087/1095 720/1090/1094
f 682/1034/1028 681/1033/1027 720/1090/1097
f 682/1034/1028 720/1090/1097 712/1078/1096
f 713/1079/1098 710/1076/1098 721/1091/1098
f 710/1076/1098 722/1092/1098 721/1091/1098
f 710/1076/1099 690/1052/1099 722/1092/1099
f 690/1052/1099 723/1093/1099 722/1092/1099
f 690/1052/1100 689/1051/1100 724/1094/1100
f 690/1052/1100 724/1094/1100 723/1093/1100
f 706/1072/1101 713/1082/1101 721/1095/1101
f 706/1072/1101 721/1095/1101 725/1096/1101
f 689/1056/1102 693/1055/1102 724/1097/1102
f 693/1055/1102 726/1098/1102 724/1097/1102
f 693/1055/1103 706/1072/1103 726/1098/1103
f 706/1072/1103 725/1096/1103 726/1098/1103
f 718/1086/1104 707/1073/1105 727/1099/1106
f 707/1073/1105 728/1100/1105 727/1099/1106
f 707/1073/1107 697/1061/1107 729/1101/1107
f 707/1073/1107 729/1101/1107 728/1100/1107
f 697/1061/1108 699/1063/1109 730/1102/1110
f 697/1061/1108 730/1102/1110 729/1101/1108
f 709/1075/1111 718/1089/1104 727/1103/1106
f 709/1075/1111 727/1103/1106 731/1104/1111
f 699/1066/1109 701/1065/1112 730/1105/1110
f 701/1065/1112 732/1106/1112 730/1105/1110
f 701/1065/1113 709/1075/1113 731/1104/1113
f 701/1065/1113 731/1104/1113 732/1106/1113
f 721/1091/1114 722/1092/1114 733/1107/1114
f 721/1091/1114 733/1107/1114 734/1108/1114
f 722/1092/1115 723/1093/1115 735/1109/1115
f 722/1092/1115 735/1109/1115 733/1107/1115
f 723/1093/1116 724/1094/1116 736/1110/1116
f 723/1093/1116 736/1110/1116 735/1109/1116
f 725/1096/1117 721/1095/1117 734/1111/1117
f 725/1096/1117 734/1111/1117 737/1112/1117
f 724/1097/1118 726/1098/1118 738/1113/1118
f 724/1097/1118 738/1113/1118 736/1114/1118
f 726/1098/1119 725/1096/1119 738/1113/1119
f 725/1096/1119 737/1112/1119 738/1113/1119
f 727/1099/1120 728/1100/1120 739/1115/1120
f 727/1099/1120 739/1115/1120 740/1116/1120
f 728/1100/1121 729/1101/1121 741/1117/1121
f 728/1100/1121 741/1117/1121 739/1115/1121
f 729/1101/1122 730/1102/1122 741/1117/1122
f 730/1102/1122 742/1118/1122 741/1117/1122
f 731/1104/1114 727/1103/1114 740/1119/1114
f 731/1104/1114 740/1119/1114 743/1120/1114
f 730/1105/1123 732/1106/1123 742/1121/1123
f 732/1106/1123 744/1122/1123 742/1121/1123
f 732/1106/1124 731/1104/1124 744/1122/1124
f 731/1104/1124 743/1120/1124 744/1122/1124
f 745/1123/1125 746/1124/1125 747/1125/1126
f 745/1123/1125 747/1125/1126 748/1126/1126
f 746/1124/1127 749/1127/1128 750/1128/1129
f 746/1124/1127 750/1128/1129 747/1125/1129
f 749/1127/1130 751/1129/1131 750/1128/1132
f 751/1129/1131 752/1130/1132 750/1128/1132
f 753/1131/1133 745/1132/1134 754/1133/1135
f 745/1132/1134 748/1134/1135 754/1133/1135
f 751/1129/1136 755/1135/1137 756/1136/1138
f 751/1129/1136 756/1136/1138 752/1130/1138
f 755/1135/1139 753/1131/1140 754/1133/1141
f 755/1135/1139 754/1133/1141 756/1136/1141
f 757/1137/1142 758/1138/1142 759/1139/1142
f 757/1137/1143 760/1140/1143 758/1138/1143
f 761/1141/1144 762/1142/1144 763/1143/1144
f 761/1141/1144 763/1143/1144 764/1144/1144
f 762/1142/1145 765/1145/1145 763/1143/1145
f 765/1145/1145 766/1146/1145 763/1143/1145
f 765/1145/1146 767/1147/1146 768/1148/1146
f 765/1145/1146 768/1148/1146 766/1146/1146
f 767/1149/1147 759/1139/1148 768/1150/1147
f 759/1139/1148 769/1151/1147 768/1150/1147
f 759/1139/1149 758/1138/1149 770/1152/1149
f 759/1139/1149 770/1152/1149 769/1151/1149
f 758/1138/1150 760/1140/1150 770/1152/1150
f 760/1140/1150 771/1153/1150 770/1152/1150
f 760/1140/1151 772/1154/1152 773/1155/1152
f 760/1140/1151 773/1155/1152 771/1153/1152
f 772/1156/1153 761/1141/1153 773/1157/1153
f 761/1141/1153 764/1144/1153 773/1157/1153
f 764/1158/1154 763/1159/1154 774/1160/1154
f 764/1158/1154 774/1160/1154 775/1161/1154
f 763/1162/1155 766/1163/1155 774/1164/1155
f 766/1163/1155 776/1165/1155 774/1164/1155
f 766/1163/1156 768/1166/1156 776/1165/1156
f 768/1166/1156 777/1167/1156 776/1165/1156
f 768/1166/1157 769/1168/1157 777/1167/1157
f 769/1168/1157 778/1169/1157 777/1167/1157
f 769/1168/1158 770/1170/1158 779/1171/1158
f 769/1168/1158 779/1171/1158 778/1169/1158
f 770/1170/1159 771/1172/1160 779/1171/1159
f 771/1172/1160 780/1173/1160 779/1171/1159
f 771/1172/1161 773/1174/1161 781/1175/1161
f 771/1172/1161 781/1175/1161 780/1173/1161
f 773/1174/1162 764/1158/1162 775/1161/1162
f 773/1174/1162 775/1161/1162 781/1175/1162
f 782/1176/1163 783/1177/1163 784/1178/1164
f 782/1176/1163 784/1178/1164 785/1179/1165
f 786/1180/1166 782/1181/1167 787/1182/1168
f 782/1181/1167 785/1183/1169 787/1182/1168
f 788/1184/1170 786/1180/1170 789/1185/1171
f 786/1180/1170 787/1182/1172 789/1185/1171
f 790/1186/1173 788/1184/1173 789/1185/1174
f 790/1186/1173 789/1185/1174 791/1187/1175
f 792/1188/1176 790/1186/1176 793/1189/1177
f 790/1186/1176 791/1187/1178 793/1189/1177
f 783/1177/1179 792/1188/1179 784/1178/1180
f 792/1188/1179 793/1189/1181 784/1178/1180
f 794/1190/1182 795/1191/1182 796/1192/1182
f 795/1191/1182 797/1193/1182 796/1192/1182
f 795/1194/1183 798/1195/1183 799/1196/1184
f 795/1194/1183 799/1196/1184 797/1197/1184
f 798/1198/1185 800/1199/1185 801/1200/1185
f 798/1198/1185 801/1200/1185 799/1201/1185
f 802/1202/1186 794/1190/1186 796/1192/1186
f 802/1202/1186 796/1192/1186 803/1203/1186
f 800/1199/1187 804/1204/1187 801/1200/1187
f 804/1204/1187 805/1205/1187 801/1200/1187
f 804/1206/1188 802/1207/1188 803/1208/1188
f 804/1206/1188 803/1208/1188 805/1209/1188
f 748/1210/1189 747/1211/1189 806/1212/1189
f 747/1211/1189 807/1213/1189 806/1212/1189
f 747/1214/1190 750/1215/1190 807/1216/1191
f 750/1215/1190 808/1217/1190 807/1216/1191
f 750/1218/1192 752/1219/1192 809/1220/1192
f 750/1218/1192 809/1220/1192 808/1221/1192
f 754/1222/1193 748/1210/1193 806/1212/1193
f 754/1222/1193 806/1212/1193 810/1223/1193
f 752/1219/1194 756/1224/1194 809/1220/1194
f 756/1224/1194 811/1225/1194 809/1220/1194
f 756/1226/1195 754/1227/1195 810/1228/1195
f 756/1226/1195 810/1228/1195 811/1229/1195
f 796/1192/1196 797/1193/1196 812/1230/1196
f 796/1192/1196 812/1230/1196 813/1231/1196
f 797/1197/1197 799/1196/1197 814/1232/1197
f 797/1197/1197 814/1232/1197 812/1233/1197
f 799/1201/1198 801/1200/1198 814/1234/1198
f 801/1200/1198 815/1235/1198 814/1234/1198
f 803/1203/1199 796/1192/1200 816/1236/1201
f 796/1192/1200 813/1231/1200 816/1236/1201
f 801/1200/1202 805/1205/1203 817/1237/1204
f 801/1200/1202 817/1237/1204 815/1235/1202
f 818/1238/1205 819/1239/1205 820/1240/1205
f 819/1239/1205 821/1241/1205 820/1240/1205
f 806/1212/1206 807/1213/1207 822/1242/1208
f 806/1212/1206 822/1242/1208 823/1243/1209
f 824/1244/1210 825/1245/1210 826/1246/1210
f 824/1244/1210 826/1246/1210 827/1247/1210
f 808/1221/1211 809/1220/1212 828/1248/1213
f 809/1220/1212 829/1249/1214 828/1248/1213
f 810/1223/1215 806/1212/1215 830/1250/1215
f 806/1212/1215 823/1243/1215 830/1250/1215
f 809/1220/1216 811/1225/1216 831/1251/1216
f 809/1220/1216 831/1251/1216 829/1249/1216
f 811/1229/1197 810/1228/1197 830/1252/1197
f 811/1229/1197 830/1252/1197 831/1253/1197
f 813/1231/1217 832/1254/1218 833/1255/1219
f 812/1233/1197 814/1232/1197 834/1256/1197
f 812/1233/1197 834/1256/1197 835/1257/1197
f 814/1234/1220 815/1235/1221 834/1258/1220
f 815/1235/1221 836/1259/1222 834/1258/1220
f 816/1236/1223 813/1231/1224 837/1260/1223
f 813/1231/1224 838/1261/1225 837/1260/1223
f 815/1235/1226 839/1262/1227 840/1263/1228
f 817/1264/1229 816/1265/1229 841/1266/1229
f 816/1265/1229 837/1267/1229 841/1266/1229
f 823/1243/1230 842/1268/1231 843/1269/1232
f 822/1270/1233 828/1271/1233 844/1272/1233
f 822/1270/1233 844/1272/1233 845/1273/1233
f 828/1248/1234 829/1249/1235 844/1274/1234
f 829/1249/1235 846/1275/1236 844/1274/1234
f 830/1250/1237 823/1243/1238 847/1276/1237
f 823/1243/1238 848/1277/1239 847/1276/1237
f 829/1249/1240 849/1278/1241 850/1279/1242
f 831/1253/1197 830/1252/1197 847/1280/1197
f 831/1253/1197 847/1280/1197 851/1281/1197
f 805/1209/1243 803/1208/1243 852/1282/1244
f 805/1209/1243 852/1282/1244 853/1283/1245
f 803/1203/1199 816/1236/1201 854/1284/1246
f 803/1203/1199 854/1284/1246 852/1285/1247
f 816/1265/1248 817/1264/1248 854/1286/1249
f 817/1264/1248 855/1287/1250 854/1286/1249
f 817/1237/1204 805/1205/1203 855/1288/1251
f 805/1205/1203 853/1289/1252 855/1288/1251
f 856/1290/1253 857/1291/1254 824/1244/1255
f 857/1291/1254 825/1245/1255 824/1244/1255
f 857/1292/1256 858/1293/1257 826/1294/1258
f 857/1292/1256 826/1294/1258 825/1295/1258
f 858/1296/1259 859/1297/1260 827/1247/1261
f 858/1296/1259 827/1247/1261 826/1246/1261
f 859/1298/1262 856/1299/1263 827/1300/1264
f 856/1299/1263 824/1301/1264 827/1300/1264
f 853/1283/1245 852/1282/1244 860/1302/1265
f 853/1283/1245 860/1302/1265 861/1303/1266
f 855/1288/1251 853/1289/1252 861/1304/1267
f 855/1288/1251 861/1304/1267 862/1305/1268
f 854/1286/1249 855/1287/1250 863/1306/1269
f 855/1287/1250 862/1307/1270 863/1306/1269
f 852/1285/1247 854/1284/1246 863/1308/1271
f 852/1285/1247 863/1308/1271 860/1309/1272
f 807/1216/1273 808/1217/1273 864/1310/1274
f 808/1217/1273 865/1311/1275 864/1310/1274
f 808/1221/1211 828/1248/1213 866/1312/1276
f 808/1221/1211 866/1312/1276 865/1313/1277
f 828/1271/1278 822/1270/1278 867/1314/1279
f 828/1271/1278 867/1314/1279 866/1315/1280
f 822/1242/1208 807/1213/1207 867/1316/1281
f 807/1213/1207 864/1317/1282 867/1316/1281
f 861/1303/1266 860/1302/1265 819/1239/1283
f 861/1303/1266 819/1239/1283 818/1238/1283
f 862/1305/1268 861/1304/1267 820/1318/1284
f 861/1304/1267 818/1319/1284 820/1318/1284
f 863/1306/1269 862/1307/1270 821/1241/1285
f 862/1307/1270 820/1240/1285 821/1241/1285
f 860/1309/1272 863/1308/1271 821/1320/1286
f 860/1309/1272 821/1320/1286 819/1321/1286
f 864/1310/1274 865/1311/1275 856/1290/1253
f 865/1311/1275 857/1291/1254 856/1290/1253
f 865/1313/1277 866/1312/1276 857/1292/1256
f 866/1312/1276 858/1293/1257 857/1292/1256
f 866/1315/1280 867/1314/1279 859/1297/1260
f 866/1315/1280 859/1297/1260 858/1296/1259
f 867/1316/1281 864/1317/1282 859/1298/1262
f 864/1317/1282 856/1299/1263 859/1298/1262
f 815/1235/1226 817/1237/1287 841/1322/1287
f 815/1235/1226 841/1322/1287 839/1262/1227
f 846/1275/1236 829/1249/1235 850/1279/1288
f 836/1259/1222 815/1235/1221 840/1263/1289
f 829/1249/1240 831/1251/1290 851/1323/1290
f 829/1249/1240 851/1323/1290 849/1278/1241
f 838/1261/1225 813/1231/1224 833/1255/1291
f 823/1243/1230 822/1242/1292 845/1324/1292
f 823/1243/1230 845/1324/1292 842/1268/1231
f 813/1231/1217 812/1230/1293 835/1325/1293
f 813/1231/1217 835/1325/1293 832/1254/1218
f 848/1277/1239 823/1243/1238 843/1269/1294
f 868/1326/1295 869/1327/1295 870/1328/1295
f 869/1327/1295 871/1329/1295 870/1328/1295
f 621/1330/971 622/1331/971 623/1332/971
f 621/1330/971 623/1332/971 624/1333/971
f 872/1334/1296 873/1335/1296 874/1336/1296
f 872/1334/1296 874/1336/1296 875/1337/1296
f 625/1338/972 626/1339/972 627/1340/972
f 625/1338/972 627/1340/972 628/1341/972
f 629/1342/973 630/1343/973 631/1344/973
f 629/1342/973 631/1344/973 632/1345/973
f 876/1346/1297 877/1347/1297 878/1348/1297
f 876/1346/1297 878/1348/1297 879/1349/1297
f 842/1268/1298 845/1324/1298 880/1350/1298
f 845/1324/1298 881/1351/1298 880/1350/1298
f 845/1273/1299 844/1272/1299 882/1352/1299
f 845/1273/1299 882/1352/1299 881/1353/1299
f 844/1274/1300 846/1275/1301 882/1354/1301
f 846/1275/1301 883/1355/1301 882/1354/1301
f 846/1356/1299 842/1357/1299 880/1358/1299
f 846/1356/1299 880/1358/1299 883/1359/1299
f 838/1360/1302 839/1361/1302 884/1362/1302
f 838/1360/1302 884/1362/1302 885/1363/1302
f 839/1262/1303 841/1322/1303 886/1364/1303
f 839/1262/1303 886/1364/1303 884/1365/1303
f 841/1266/1302 837/1267/1302 887/1366/1302
f 841/1266/1302 887/1366/1302 886/1367/1302
f 837/1260/1304 838/1261/1304 885/1368/1304
f 837/1260/1304 885/1368/1304 887/1369/1304
f 833/1370/1305 840/1371/1305 888/1372/1305
f 833/1370/1305 888/1372/1305 889/1373/1305
f 840/1263/1306 839/1262/1306 890/1374/1306
f 840/1263/1306 890/1374/1306 888/1375/1306
f 839/1361/1305 838/1360/1305 891/1376/1305
f 839/1361/1305 891/1376/1305 890/1377/1305
f 838/1261/1307 833/1255/1307 889/1378/1307
f 838/1261/1307 889/1378/1307 891/1379/1307
f 842/1357/1308 846/1356/1308 892/1380/1308
f 842/1357/1308 892/1380/1308 893/1381/1308
f 846/1275/1309 850/1279/1309 892/1382/1310
f 850/1279/1309 894/1383/1309 892/1382/1310
f 850/1384/1308 843/1385/1308 895/1386/1308
f 850/1384/1308 895/1386/1308 894/1387/1308
f 843/1269/1311 842/1268/1311 895/1388/1311
f 842/1268/1311 893/1389/1311 895/1388/1311
f 843/1385/1312 850/1384/1312 896/1390/1312
f 843/1385/1312 896/1390/1312 897/1391/1312
f 850/1279/1313 849/1278/1313 898/1392/1313
f 850/1279/1313 898/1392/1313 896/1393/1313
f 849/1394/1314 848/1395/1314 899/1396/1314
f 849/1394/1314 899/1396/1314 898/1397/1314
f 848/1277/1315 843/1269/1315 897/1398/1315
f 848/1277/1315 897/1398/1315 899/1399/1315
f 832/1400/1316 836/1401/1316 900/1402/1316
f 836/1401/1316 901/1403/1316 900/1402/1316
f 836/1259/1317 840/1263/1317 901/1404/1317
f 840/1263/1317 902/1405/1317 901/1404/1317
f 840/1371/1318 833/1370/1318 903/1406/1318
f 840/1371/1318 903/1406/1318 902/1407/1318
f 833/1255/1319 832/1254/1319 903/1408/1319
f 832/1254/1319 900/1409/1319 903/1408/1319
f 832/1254/1320 835/1325/1320 904/1410/1320
f 835/1325/1320 905/1411/1320 904/1410/1320
f 835/1257/1321 834/1256/1321 906/1412/1321
f 835/1257/1321 906/1412/1321 905/1413/1321
f 834/1258/1322 836/1259/1322 906/1414/1322
f 836/1259/1322 907/1415/1322 906/1414/1322
f 836/1401/1323 832/1400/1323 907/1416/1323
f 832/1400/1323 904/1417/1323 907/1416/1323
f 848/1395/1324 849/1394/1324 908/1418/1324
f 848/1395/1324 908/1418/1324 909/1419/1324
f 849/1278/1325 851/1323/1325 910/1420/1325
f 849/1278/1325 910/1420/1325 908/1421/1325
f 851/1281/1326 847/1280/1326 911/1422/1326
f 851/1281/1326 911/1422/1326 910/1423/1326
f 847/1276/1327 848/1277/1327 909/1424/1327
f 847/1276/1327 909/1424/1327 911/1425/1327
f 889/1373/1010 888/1372/1010 672/1426/1010
f 889/1373/1010 672/1426/1010 670/1427/1010
f 888/1375/1328 890/1374/1328 672/1428/1328
f 890/1374/1328 671/1429/1328 672/1428/1328
f 890/1377/1008 891/1376/1008 669/1430/1008
f 890/1377/1008 669/1430/1008 671/1431/1008
f 891/1379/1329 889/1378/1329 670/1432/1330
f 891/1379/1329 670/1432/1330 669/1433/1329
f 912/1434/1331 913/1435/1331 914/1436/1332
f 913/1435/1331 915/1437/1332 914/1436/1332
f 913/1438/1333 916/1439/1333 917/1440/1333
f 913/1438/1333 917/1440/1333 915/1441/1333
f 916/1442/1334 918/1443/1335 919/1444/1336
f 916/1442/1334 919/1444/1336 917/1445/1336
f 918/1446/1337 912/1447/1337 914/1448/1338
f 918/1446/1337 914/1448/1338 919/1449/1338
f 885/1363/1339 884/1362/1339 666/1450/1339
f 885/1363/1339 666/1450/1339 665/1451/1339
f 884/1365/1340 886/1364/1340 666/1452/1341
f 886/1364/1340 668/1453/1340 666/1452/1341
f 886/1367/1342 887/1366/1342 667/1454/1342
f 886/1367/1342 667/1454/1342 668/1455/1342
f 887/1369/1343 885/1368/1343 665/1456/1343
f 887/1369/1343 665/1456/1343 667/1457/1343
f 920/1458/1344 921/1459/1344 922/1460/1344
f 920/1458/1344 922/1460/1344 923/1461/1344
f 921/1462/1345 924/1463/1346 925/1464/1347
f 921/1462/1345 925/1464/1347 922/1465/1347
f 924/1466/1348 926/1467/1348 927/1468/1348
f 924/1466/1348 927/1468/1348 925/1469/1348
f 926/1470/1349 920/1471/1349 927/1472/1350
f 920/1471/1349 923/1473/1350 927/1472/1350
f 904/1410/1351 905/1411/1351 678/1474/1351
f 904/1410/1351 678/1474/1351 677/1475/1352
f 905/1413/1023 906/1412/1023 680/1476/1023
f 905/1413/1023 680/1476/1023 678/1477/1023
f 906/1414/1353 907/1415/1353 680/1478/1354
f 907/1415/1353 679/1479/1354 680/1478/1354
f 907/1416/1355 904/1417/1355 677/1480/1355
f 907/1416/1355 677/1480/1355 679/1481/1355
f 900/1402/1356 901/1403/1356 674/1482/1356
f 900/1402/1356 674/1482/1356 673/1483/1356
f 901/1404/1357 902/1405/1357 674/1484/1357
f 902/1405/1357 676/1485/1358 674/1484/1357
f 902/1407/1015 903/1406/1015 675/1486/1015
f 902/1407/1015 675/1486/1015 676/1487/1015
f 903/1408/1359 900/1409/1359 673/1488/1359
f 903/1408/1359 673/1488/1359 675/1489/1359
f 928/1490/1360 929/1491/1360 930/1492/1360
f 928/1490/1360 930/1492/1360 931/1493/1360
f 929/1494/1361 932/1495/1361 933/1496/1362
f 929/1494/1361 933/1496/1362 930/1497/1362
f 932/1498/1363 934/1499/1363 935/1500/1363
f 932/1498/1363 935/1500/1363 933/1501/1363
f 934/1502/1364 928/1503/1364 935/1504/1365
f 928/1503/1364 931/1505/1365 935/1504/1365
f 936/1506/1366 937/1507/1366 938/1508/1367
f 936/1506/1366 938/1508/1367 939/1509/1367
f 937/1510/1368 940/1511/1368 938/1512/1369
f 940/1511/1368 941/1513/1369 938/1512/1369
f 940/1514/1370 942/1515/1370 943/1516/1371
f 940/1514/1370 943/1516/1371 941/1517/1371
f 942/1518/1372 936/1519/1373 939/1520/1374
f 942/1518/1372 939/1520/1374 943/1521/1374
f 633/1522/974 634/1523/974 635/1524/974
f 633/1522/974 635/1524/974 636/1525/974
f 634/1526/975 637/1527/975 638/1528/976
f 634/1526/975 638/1528/976 635/1529/976
f 637/1530/977 639/1531/977 640/1532/977
f 637/1530/977 640/1532/977 638/1533/977
f 639/1534/978 633/1535/978 640/1536/979
f 633/1535/978 636/1537/979 640/1536/979
f 944/1538/1375 945/1539/1375 868/1540/1376
f 945/1539/1375 869/1541/1376 868/1540/1376
f 945/1542/1377 946/1543/1377 871/1329/1377
f 945/1542/1377 871/1329/1377 869/1327/1377
f 946/1544/1378 947/1545/1378 870/1546/1378
f 946/1544/1378 870/1546/1378 871/1547/1378
f 947/1548/1379 944/1549/1379 868/1326/1379
f 947/1548/1379 868/1326/1379 870/1328/1379
f 641/1550/980 642/1551/980 643/1552/981
f 641/1550/980 643/1552/981 644/1553/981
f 642/1554/982 645/1555/982 646/1556/983
f 642/1554/982 646/1556/983 643/1557/984
f 645/1558/985 647/1559/985 648/1560/985
f 645/1558/985 648/1560/985 646/1561/985
f 647/1562/986 641/1563/986 648/1564/987
f 641/1563/986 644/1565/987 648/1564/987
f 948/1566/1380 949/1567/1380 873/1335/1380
f 948/1566/1380 873/1335/1380 872/1334/1380
f 949/1568/1381 950/1569/1381 874/1570/1382
f 949/1568/1381 874/1570/1382 873/1571/1382
f 950/1572/1383 951/1573/1383 875/1337/1383
f 950/1572/1383 875/1337/1383 874/1336/1383
f 951/1574/1384 948/1575/1384 875/1576/1385
f 948/1575/1384 872/1577/1385 875/1576/1385
f 649/1578/988 650/1579/988 651/1580/989
f 649/1578/988 651/1580/989 652/1581/989
f 650/1582/990 653/1583/990 654/1584/990
f 650/1582/990 654/1584/990 651/1585/990
f 653/1586/991 655/1587/991 654/1588/992
f 655/1587/991 656/1589/992 654/1588/992
f 655/1590/993 649/1591/993 652/1592/994
f 655/1590/993 652/1592/994 656/1593/994
f 657/1594/995 658/1595/995 659/1596/995
f 657/1594/995 659/1596/995 660/1597/995
f 658/1598/996 661/1599/996 662/1600/997
f 658/1598/996 662/1600/997 659/1601/997
f 661/1602/998 663/1603/998 664/1604/999
f 661/1602/998 664/1604/999 662/1605/999
f 663/1606/1000 657/1607/1000 664/1608/1001
f 657/1607/1000 660/1609/1002 664/1608/1001
f 952/1610/1386 953/1611/1386 954/1612/1386
f 952/1610/1386 954/1612/1386 955/1613/1386
f 953/1614/1387 956/1615/1387 957/1616/1387
f 953/1614/1387 957/1616/1387 954/1617/1387
f 956/1618/1388 958/1619/1388 959/1620/1388
f 956/1618/1388 959/1620/1388 957/1621/1388
f 958/1622/1389 952/1623/1389 959/1624/1389
f 952/1623/1389 955/1625/1389 959/1624/1389
f 960/1626/1390 961/1627/1390 877/1347/1390
f 960/1626/1390 877/1347/1390 876/1346/1390
f 961/1628/1391 962/1629/1391 878/1630/1392
f 961/1628/1391 878/1630/1392 877/1631/1392
f 962/1632/1393 963/1633/1393 879/1349/1393
f 962/1632/1393 879/1349/1393 878/1348/1393
f 963/1634/1394 960/1635/1395 876/1636/1396
f 963/1634/1394 876/1636/1396 879/1637/1396
f 665/1451/1339 666/1450/1339 642/1551/1003
f 665/1451/1339 642/1551/1003 641/1550/1003
f 667/1457/1343 665/1456/1343 641/1563/1004
f 667/1457/1343 641/1563/1004 647/1562/1004
f 668/1455/1342 667/1454/1342 647/1559/1005
f 668/1455/1342 647/1559/1005 645/1558/1005
f 666/1452/1341 668/1453/1340 642/1554/1006
f 668/1453/1340 645/1555/1006 642/1554/1006
f 883/1359/1337 880/1358/1337 912/1447/1337
f 883/1359/1337 912/1447/1337 918/1446/1337
f 880/1350/1397 881/1351/1397 912/1434/1331
f 881/1351/1397 913/1435/1331 912/1434/1331
f 881/1353/1398 882/1352/1398 916/1439/1333
f 881/1353/1398 916/1439/1333 913/1438/1333
f 882/1354/1334 883/1355/1334 918/1443/1335
f 882/1354/1334 918/1443/1335 916/1442/1334
f 644/1553/981 643/1552/981 622/1331/981
f 644/1553/981 622/1331/981 621/1330/981
f 648/1564/987 644/1565/987 621/1638/987
f 648/1564/987 621/1638/987 624/1639/987
f 646/1561/985 648/1560/985 624/1333/985
f 646/1561/985 624/1333/985 623/1332/985
f 643/1557/984 646/1556/983 622/1640/984
f 646/1556/983 623/1641/984 622/1640/984
f 919/1449/1399 914/1448/1399 944/1549/1379
f 919/1449/1399 944/1549/1379 947/1548/1379
f 914/1436/1400 915/1437/1400 945/1539/1375
f 914/1436/1400 945/1539/1375 944/1538/1375
f 915/1441/1377 917/1440/1377 946/1543/1377
f 915/1441/1377 946/1543/1377 945/1542/1377
f 917/1445/1401 919/1444/1401 946/1544/1378
f 919/1444/1401 947/1545/1378 946/1544/1378
f 669/1433/1329 670/1432/1330 633/1535/1007
f 669/1433/1329 633/1535/1007 639/1534/1007
f 671/1431/1008 669/1430/1008 639/1531/1008
f 671/1431/1008 639/1531/1008 637/1530/1008
f 672/1428/1328 671/1429/1328 634/1526/1009
f 671/1429/1328 637/1527/1009 634/1526/1009
f 670/1427/1010 672/1426/1010 634/1523/1010
f 670/1427/1010 634/1523/1010 633/1522/1010
f 895/1388/1364 893/1389/1364 934/1502/1364
f 893/1389/1364 928/1503/1364 934/1502/1364
f 893/1381/1360 892/1380/1360 929/1491/1360
f 893/1381/1360 929/1491/1360 928/1490/1360
f 892/1382/1361 894/1383/1361 932/1495/1361
f 892/1382/1361 932/1495/1361 929/1494/1361
f 894/1387/1363 895/1386/1363 934/1499/1363
f 894/1387/1363 934/1499/1363 932/1498/1363
f 640/1536/979 636/1537/979 617/1642/1011
f 640/1536/979 617/1642/1011 620/1643/1011
f 638/1533/977 640/1532/977 620/1644/977
f 638/1533/977 620/1644/977 619/1645/977
f 635/1529/976 638/1528/976 618/1646/1012
f 638/1528/976 619/1647/1012 618/1646/1012
f 636/1525/974 635/1524/974 618/1648/974
f 636/1525/974 618/1648/974 617/1649/974
f 935/1504/1402 931/1505/1402 952/1623/1389
f 935/1504/1402 952/1623/1389 958/1622/1389
f 931/1493/1386 930/1492/1386 953/1611/1386
f 931/1493/1386 953/1611/1386 952/1610/1386
f 930/1497/1403 933/1496/1403 953/1614/1387
f 933/1496/1403 956/1615/1387 953/1614/1387
f 933/1501/1388 935/1500/1388 958/1619/1388
f 933/1501/1388 958/1619/1388 956/1618/1388
f 673/1483/1356 674/1482/1356 658/1595/1013
f 673/1483/1356 658/1595/1013 657/1594/1013
f 675/1489/1359 673/1488/1359 657/1607/1014
f 675/1489/1359 657/1607/1014 663/1606/1014
f 676/1487/1015 675/1486/1015 663/1603/1015
f 676/1487/1015 663/1603/1015 661/1602/1015
f 674/1484/1357 676/1485/1358 658/1598/1016
f 676/1485/1358 661/1599/1016 658/1598/1016
f 898/1397/1348 899/1396/1348 926/1467/1348
f 898/1397/1348 926/1467/1348 924/1466/1348
f 899/1399/1404 897/1398/1404 926/1470/1349
f 897/1398/1404 920/1471/1349 926/1470/1349
f 897/1391/1344 896/1390/1344 921/1459/1344
f 897/1391/1344 921/1459/1344 920/1458/1344
f 896/1393/1346 898/1392/1346 924/1463/1346
f 896/1393/1346 924/1463/1346 921/1462/1345
f 660/1597/995 659/1596/995 630/1343/995
f 660/1597/995 630/1343/995 629/1342/995
f 664/1608/1001 660/1609/1002 629/1650/1018
f 664/1608/1001 629/1650/1018 632/1651/1018
f 662/1605/999 664/1604/999 632/1345/999
f 662/1605/999 632/1345/999 631/1344/999
f 659/1601/997 662/1600/997 630/1652/1019
f 662/1600/997 631/1653/1019 630/1652/1019
f 925/1469/1405 927/1468/1405 951/1573/1383
f 925/1469/1405 951/1573/1383 950/1572/1383
f 927/1472/1406 923/1473/1406 948/1575/1384
f 927/1472/1406 948/1575/1384 951/1574/1384
f 923/1461/1380 922/1460/1380 949/1567/1380
f 923/1461/1380 949/1567/1380 948/1566/1380
f 922/1465/1407 925/1464/1407 949/1568/1381
f 925/1464/1407 950/1569/1381 949/1568/1381
f 677/1475/1352 678/1474/1351 649/1578/1020
f 678/1474/1351 650/1579/1020 649/1578/1020
f 679/1481/1355 677/1480/1355 649/1591/1021
f 679/1481/1355 649/1591/1021 655/1590/1021
f 680/1478/1354 679/1479/1354 655/1587/1022
f 680/1478/1354 655/1587/1022 653/1586/1022
f 678/1477/1023 680/1476/1023 653/1583/1023
f 678/1477/1023 653/1583/1023 650/1582/1023
f 911/1425/1372 909/1424/1372 942/1518/1372
f 909/1424/1372 936/1519/1373 942/1518/1372
f 909/1419/1366 908/1418/1366 937/1507/1366
f 909/1419/1366 937/1507/1366 936/1506/1366
f 908/1421/1408 910/1420/1408 940/1511/1368
f 908/1421/1408 940/1511/1368 937/1510/1368
f 910/1423/1370 911/1422/1370 942/1515/1370
f 910/1423/1370 942/1515/1370 940/1514/1370
f 652/1581/989 651/1580/989 625/1654/1024
f 651/1580/989 626/1655/1024 625/1654/1024
f 656/1593/994 652/1592/994 625/1338/994
f 656/1593/994 625/1338/994 628/1341/994
f 654/1588/992 656/1589/992 627/1656/1025
f 656/1589/992 628/1657/1025 627/1656/1025
f 651/1585/990 654/1584/990 627/1340/990
f 651/1585/990 627/1340/990 626/1339/990
f 943/1521/1409 939/1520/1409 963/1634/1394
f 939/1520/1409 960/1635/1395 963/1634/1394
f 939/1509/1410 938/1508/1410 961/1627/1390
f 939/1509/1410 961/1627/1390 960/1626/1390
f 938/1512/1411 941/1513/1411 962/1629/1391
f 938/1512/1411 962/1629/1391 961/1628/1391
f 941/1517/1412 943/1516/1412 963/1633/1393
f 941/1517/1412 963/1633/1393 962/1632/1393
f 964/1658/1413 965/1659/1414 795/1660/1415
f 964/1658/1413 795/1660/1415 794/1661/1415
f 966/1662/1416 964/1663/1416 802/1664/1417
f 964/1663/1416 794/1665/1417 802/1664/1417
f 967/1666/1418 966/1662/1419 804/1667/1420
f 966/1662/1419 802/1664/1420 804/1667/1420
f 968/1668/1421 967/1666/1422 804/1667/1423
f 968/1668/1421 804/1667/1423 800/1669/1423
f 969/1670/1424 968/1668/1425 798/1671/1426
f 968/1668/1425 800/1669/1426 798/1671/1426
f 965/1659/1427 969/1670/1428 795/1660/1429
f 969/1670/1428 798/1671/1429 795/1660/1429
f 970/1672/1430 971/1673/1431 753/1131/1133
f 971/1673/1431 745/1132/1134 753/1131/1133
f 971/1674/1432 972/1675/1433 746/1124/1125
f 971/1674/1432 746/1124/1125 745/1123/1125
f 972/1675/1434 973/1676/1435 749/1127/1128
f 972/1675/1434 749/1127/1128 746/1124/1127
f 973/1676/1436 974/1677/1437 749/1127/1130
f 974/1677/1437 751/1129/1131 749/1127/1130
f 974/1677/1438 975/1678/1439 755/1135/1137
f 974/1677/1438 755/1135/1137 751/1129/1136
f 975/1678/1440 970/1672/1441 753/1131/1140
f 975/1678/1440 753/1131/1140 755/1135/1139
f 976/1679/1442 977/1680/1443 978/1681/1444
f 976/1679/1442 978/1681/1444 979/1682/1445
f 980/1683/1446 976/1684/1447 981/1685/1448
f 976/1684/1447 979/1686/1449 981/1685/1448
f 982/1687/1450 980/1683/1451 983/1688/1452
f 980/1683/1451 981/1685/1453 983/1688/1452
f 984/1689/1454 982/1687/1455 983/1688/1456
f 984/1689/1454 983/1688/1456 985/1690/1457
f 986/1691/1458 984/1689/1459 987/1692/1460
f 984/1689/1459 985/1690/1461 987/1692/1460
f 977/1680/1462 986/1691/1463 978/1681/1464
f 986/1691/1463 987/1692/1465 978/1681/1464
f 988/1693/1466 989/1694/1467 990/1695/1468
f 989/1694/1467 991/1696/1469 990/1695/1468
f 989/1697/1470 992/1698/1470 993/1699/1471
f 989/1697/1470 993/1699/1471 991/1700/1472
f 992/1698/1473 994/1701/1474 995/1702/1475
f 992/1698/1473 995/1702/1475 993/1699/1476
f 994/1701/1477 996/1703/1478 995/1702/1479
f 996/1703/1478 997/1704/1480 995/1702/1479
f 996/1703/1481 998/1705/1482 999/1706/1483
f 996/1703/1481 999/1706/1483 997/1704/1484
f 998/1705/1485 988/1693/1486 990/1695/1487
f 998/1705/1485 990/1695/1487 999/1706/1488
f 785/1179/1165 784/1178/1164 977/1680/1443
f 785/1179/1165 977/1680/1443 976/1679/1442
f 787/1182/1168 785/1183/1169 980/1683/1446
f 785/1183/1169 976/1684/1447 980/1683/1446
f 789/1185/1171 787/1182/1172 982/1687/1450
f 787/1182/1172 980/1683/1451 982/1687/1450
f 791/1187/1175 789/1185/1174 982/1687/1455
f 791/1187/1175 982/1687/1455 984/1689/1454
f 793/1189/1177 791/1187/1178 986/1691/1458
f 791/1187/1178 984/1689/1459 986/1691/1458
f 784/1178/1180 793/1189/1181 977/1680/1462
f 793/1189/1181 986/1691/1463 977/1680/1462
f 979/1682/1445 978/1681/1444 965/1659/1414
f 979/1682/1445 965/1659/1414 964/1658/1413
f 981/1685/1448 979/1686/1449 966/1662/1416
f 979/1686/1449 964/1663/1416 966/1662/1416
f 983/1688/1452 981/1685/1453 967/1666/1418
f 981/1685/1453 966/1662/1419 967/1666/1418
f 985/1690/1457 983/1688/1456 967/1666/1422
f 985/1690/1457 967/1666/1422 968/1668/1421
f 987/1692/1460 985/1690/1461 969/1670/1424
f 985/1690/1461 968/1668/1425 969/1670/1424
f 978/1681/1464 987/1692/1465 965/1659/1427
f 987/1692/1465 969/1670/1428 965/1659/1427
f 990/1695/1468 991/1696/1469 970/1672/1430
f 991/1696/1469 971/1673/1431 970/1672/1430
f 991/1700/1472 993/1699/1471 972/1675/1433
f 991/1700/1472 972/1675/1433 971/1674/1432
f 993/1699/1476 995/1702/1475 973/1676/1435
f 993/1699/1476 973/1676/1435 972/1675/1434
f 995/1702/1479 997/1704/1480 973/1676/1436
f 997/1704/1480 974/1677/1437 973/1676/1436
f 997/1704/1484 999/1706/1483 975/1678/1439
f 997/1704/1484 975/1678/1439 974/1677/1438
f 999/1706/1488 990/1695/1487 970/1672/1441
f 999/1706/1488 970/1672/1441 975/1678/1440
f 775/1707/1489 774/1708/1489 776/1709/1489
f 781/1710/1489 775/1707/1489 776/1709/1489
f 780/1711/1489 781/1710/1489 776/1709/1489
f 779/1712/1489 780/1711/1489 776/1709/1489
f 778/1713/1489 779/1712/1489 776/1709/1489
f 777/1714/1489 778/1713/1489 776/1709/1489
f 1000/1715/1490 1001/1716/1490 988/1693/1486
f 1000/1715/1490 988/1693/1486 998/1705/1485
f 1002/1717/1491 1000/1715/1491 998/1705/1482
f 1002/1717/1491 998/1705/1482 996/1703/1481
f 1003/1718/1492 1002/1717/1492 994/1701/1477
f 1002/1717/1492 996/1703/1478 994/1701/1477
f 1004/1719/1493 1003/1718/1493 994/1701/1474
f 1004/1719/1493 994/1701/1474 992/1698/1473
f 1005/1720/1494 1004/1719/1494 992/1698/1470
f 1005/1720/1494 992/1698/1470 989/1697/1470
f 1001/1716/1495 1005/1721/1495 988/1693/1466
f 1005/1721/1495 989/1694/1467 988/1693/1466
f 696/1060/1496 694/1058/1496 760/1722/1496
f 696/1060/1496 760/1722/1496 757/1723/1496
f 698/1062/1497 696/1060/1498 759/1724/1497
f 696/1060/1498 757/1723/1497 759/1724/1497
f 694/1058/1499 691/1057/1499 772/1725/1499
f 694/1058/1499 772/1725/1499 760/1722/1499
f 700/1064/1500 698/1062/1500 767/1726/1500
f 698/1062/1500 759/1724/1500 767/1726/1500
f 691/1053/1501 692/1054/1501 761/1727/1501
f 691/1053/1501 761/1727/1501 772/1728/1501
f 702/1068/1502 700/1067/1502 765/1729/1502
f 700/1067/1502 767/1730/1502 765/1729/1502
f 692/1054/1503 704/1070/1503 761/1727/1503
f 704/1070/1503 762/1731/1503 761/1727/1503
f 704/1070/1504 702/1068/1504 765/1729/1504
f 704/1070/1504 765/1729/1504 762/1731/1504
f 736/1732/1505 738/1733/1505 790/1734/1505
f 738/1733/1505 788/1735/1505 790/1734/1505
f 738/1733/1506 737/1736/1506 786/1737/1506
f 738/1733/1506 786/1737/1506 788/1735/1506
f 739/1738/1507 741/1739/1507 1004/1740/1507
f 741/1739/1507 1003/1741/1507 1004/1740/1507
f 741/1739/1508 742/1742/1508 1002/1743/1508
f 741/1739/1508 1002/1743/1508 1003/1741/1508
f 737/1736/1509 734/1744/1509 786/1737/1509
f 734/1744/1509 782/1745/1509 786/1737/1509
f 734/1744/1510 733/1746/1510 782/1745/1510
f 733/1746/1510 783/1747/1510 782/1745/1510
f 733/1746/1511 735/1748/1511 792/1749/1511
f 733/1746/1511 792/1749/1511 783/1747/1511
f 735/1748/1512 736/1732/1513 790/1734/1512
f 735/1748/1512 790/1734/1512 792/1749/1513
f 742/1742/1514 744/1750/1515 1002/1743/1514
f 744/1750/1515 1000/1751/1514 1002/1743/1514
f 744/1750/1516 743/1752/1516 1000/1751/1516
f 743/1752/1516 1001/1753/1516 1000/1751/1516
f 743/1752/1517 740/1754/1517 1005/1755/1517
f 743/1752/1517 1005/1755/1517 1001/1753/1517
f 740/1754/1518 739/1738/1518 1004/1740/1518
f 740/1754/1518 1004/1740/1518 1005/1755/1518
f 955/1613/1519 954/1612/1519 957/1621/1519
f 955/1613/1519 957/1621/1519 959/1620/1519
s off
